{"songs": [{"title": "You Can Do It", "album": "War & Peace Vol. 2 (The Peace Disc)", "year": "1999-11-16", "lyrics": "[Ice Cube]\nYeah, yeah\nGet your ass and hurra\nUh, Ice Cube baby\nNinety-nine, baby\nI'm on the grind baby\nAll the time baby\nShow me something\n\n[Ms. Toi]\nYou can do it put your back into it\n[Ice Cube]\nI can do it put your ass into it\n[Ms. Toi]\nYou can do it put your back into it\n[Ice Cube]\nI can do it put your ass into it\n[Ms. Toi]\nPut your back into it\n[Ice Cube]\nPut your ass into it\n\n[Ice Cube]\nTic-tic-boom\nHear me banging down these back streets\nBumpin' BlackSTREET, treated like a athlete\nLife ain't a track meet (no) it's a marathon\nFuck the cemetery that a nigga get buried on\n\"We be clubbing\" till the day we die\nNigga ask the bartender if you think we lie\nBut if you think we high, nigga think again\nCause when it's sink or swim\nYou got to think to win\nAnd if I drink this Hen'\nEverybody will know it\nCause I ain't going for it\nSo pray to the Lord that I don't pull out\nCuss out and bust out\nGo the nigga route\nMake the trigger shout, uh\nYou can try to smoke an ounce to this\nWhile I pronounce this shit\nBaby bounce them tits\nMama move them hips\nBaby shake them cheeks\nI got dick for days\nYou got ass for weeks, yeah, yeah\n\n[Ms. Toi] (Ice Cube)\nDon't stop get it, get it\n(That's real)\nDon't stop nigga hit it\n(I will)\n[Ice Cube]\nI'm gon' do it, gon' do it\nGon' do it, do it, do it\n\n[Ms. Toi]\nYou can do it put your back into it\n[Ice Cube]\nI can do it put your ass into it\n[Ms. Toi]\nYou can do it put your back into it\n[Ice Cube]\nI can do it put your ass into it\n[Ms. Toi]\nPut your back into it\n[Ice Cube]\nPut your ass into it\n\n[Ice Cube]\nNow all I wanna do is have fun with my loved ones\nThe thug ones, relatives and my cousins\nAnd I got 'em by the dozen\nWhen they buzzin', quick to say fuck your husband\nThis is for my niggas locked away\nExtra love for the ones who ain't got no date\nBut when we hit checkmate with Ice Cube the great\nAs soon as I get a word we can rush the safe\nFuck them license plates because life is great\nIt don't matter if you're rich and your folks ain't straight\nI'm still coming with that underground gangsta shit\nNo matter how many niggas say we ain't the shit, bitch\n\n[Ms. Toi] (Ice Cube)\nDon't stop get it, get it\n(That's real)\nDon't stop nigga hit it\n(I will)\n[Ice Cube]\nI'm gon' do it, gon' do it\nGon' do it, do it, do it\n\n[Ms. Toi]\nYou can do it put your back into it\n[Ice Cube]\nI can do it put your ass into it\n[Ms. Toi]\nYou can do it put your back into it\n[Ice Cube]\nI can do it put your ass into it\n[Ms. Toi]\nPut your back into it\n[Ice Cube]\nPut your ass into it\n\n[Mack 10]\nI do hard core rhyming, hard time grinding\nWith will I pimp hoes\nOther niggas wine and dine them\nGotta love this pup shit\nPassing the mud shit\nPockets on flood shit\nOG lyrical blood shit\nI don't rent I buy shit\nNiggas jealous of my shit\nYou unaware of this young nigga getting all the fly shit\nWhile you're rooting and recruiting\nNigga 6-8 whooping\nI was in the hood shooting cause I had the wife whooping\nI come from padres gold in oversized jars\nI past up strife and got star awards\nNo time for playa hating, Mack paper chasing\nCame out the substation to the hip hop nation\nThe mo' hits the mo' bigga with illegal weight figga\nDone develop the status of a platinum plus nigga\nBust the first asshole to show I can hit it\nI keep pushing, don't quit it\nDon't stop till I get it\n\n[Ms. Toi] (Ice Cube)\nDon't stop get it, get it\n(That's real)\nDon't stop nigga hit it\n(I will)\n[Ice Cube]\nI'm gon' do it, gon' do it\nGon' do it, do it, do it\n[Ms. Toi]\nYou can do it put your back into it\n[Ice Cube]\nI can do it put your ass into it\n[Ms. Toi]\nYou can do it put your back into it\n[Ice Cube]\nI can do it put your ass into it\n[Ms. Toi]\nYou can do it put your back into it\n[Ice Cube]\nI can do it put your ass into it\n[Ms. Toi]\nYou can do it put your back into it\n[Ice Cube]\nI can do it put your ass into it\n[Ms. Toi] (Ice Cube)\nDon't stop get it, get it\n(That's real)\nDon't stop nigga hit it\n(I will)\n[Ice Cube]\nI'm gon' do it, gon' do it\nGon' do it, do it, do it\n[Ms. Toi]\nYou can do it put your back into it\n[Ice Cube]\nI can do it put your ass into it\n[Ms. Toi]\nYou can do it put your back into it\n[Ice Cube]\nI can do it put your ass into it\nPut your ass into it\nWe be clubbing\nFreaky gyration is close to fornication\nWe be clubbing\nFreaky gyration is close to fornication...\nYeah uh-huh, Ice Cube, Westside Connection\nKnow how we do?\nWe puttin' it down, constantly\nGet your ass up and hurra", "image": "https://images.genius.com/8b798ef3d045b521ce774d6d399d9861.500x500x1.jpg"}], "artist": "Ice Cube"}