{"songs": [{"title": "I Rep That West", "album": "I Am the West", "year": "2010-04-25", "lyrics": "[Ice Cube]\n{*laughing*}\nYou know what West Coast niggas is gon' tell me?\nThis is too West Coast\n\n[Hook 2X: JIGG]\nDoin my own, thang, and if you got a problem with that\nThen the nina go bang, bang, and I'll be everywhere on the map - but\nI rep that West {*8X*}\n\n[Ice Cube]\nDon't you know that I rep that? Why you got let that boy in the buildin?\nDon't you know that, he about to kill 'em?\nDon't you know that, he about to hurt y'all feelings?\nCan't find Ren, might as well play the villain\nI'mma get 'em (get 'em) why cause I cain't babysit 'em\nI'mma whip 'em (whip 'em) treat 'em like badass children\nIs it evil? Y'all better call them people\nHow I get down, just ain't legal\nMoney long, sort of like Louis Vuitton\nI run this shit, right here, call me marathon (boom)\nI blow like a cherry bomb\nYou a small donation; bitch, I'm a telethon\nWest Coast million, what is he really on?\nIs it that shit, that niggas go silly on?\nHell no, the pyroclastic flow is evident\n(WESTSIDE~!) And y'all know what I represent\n\n[Hook: JIGG]\nDoin my own, thang, and if you got a problem with that\nThen the nina go bang, bang, and I'll be everywhere on the map - but\nI rep that West {*8X*}\n\n[Ice Cube]\nI rep that West, I rep that dub\nI pack that S (I'm a monster)\nWestside Loch Ness, I'm a problem\nMatter fact, I'm a mess, Los Angeles, so scan'lous\nSouth Central, home of so much potential\nBut if you go there the warfare is mental\nBring your wheelchair, you probably gon' need it\nLeave this motherfucker, a paraplegic\nNiggas 'round the world that think they wanna bang\nDon't get your ass caught up like Lil Wayne\nI'm too West Coast for the West Coast\nTo Fresno to Sarito's, to soul food and burritos\nI'm down with Angelinos\nGo downtown, and give a bum a C-note\nThis my town; I run it, you walk it\nYou just now learnin the game - I taught it\n\n[Hook: JIGG]\nDoin my own, thang, and if you got a problem with that\nThen the nina go bang, bang, and I'll be everywhere on the map - but\nI rep that West {*8X*}\n\n[Ice Cube]\nBrrrrr! And if you got a problem with this\nLet me know so I can add your fuckin name on my list\nAll you West Coast deejays, check your wrist\nIf you scared to add the big fish to your playlist now\nEnemies of this industry, I'mma\nHall of Famer, treated like a stranger\nFuck that, another West Coast banger\nWho gives a fuck if they play it in Virginia?\nI'mma play it on Denker, play it on Western\nAll up Van Ness, we'll make your head turn\nMotherfuckers wanna take our style\nAnd run that shit, three thousand miles then\nRub the shit all in our face\nDiss, award show all at our place\nDamn, can a nigga get a lit-tle taste\nOf some of that shine? It look like mine\nDamn!\n\n[Hook 2X: JIGG w/ Cube ad libs]\nDoin my own, thang, and if you got a problem with that\nThen the nina go bang, bang, and I'll be everywhere on the map - but\nI rep that West {*8X*}\n\n[Outro]\nY'all know what it is\nIs this too West Coast for you motherfuckers?\nSo what!\nSanctioned by the O.G.'s of America\nThe grand wizard is a, certified G\nThat mean genius bitch", "image": "https://images.genius.com/f1c6e4522c58b032c43433a2345b1bb1.1000x1000x1.jpg"}], "artist": "Ice Cube"}