{"songs": [{"title": "Gangsta Rap Made Me Do It (Remix)", "album": "Raw Footage", "year": null, "lyrics": "[Intro: Ice Cube]\n\nBlame me... (*echo*)\n\n[Interlude: Ice Cube]\nYou niggas know my pyroclastic flow\nYou niggas know my pyroclastic flow (*echo*)\nYou niggas know my pyroclastic flow\nIt's R A W - R A W\n\n[Ice Cube]\nYou're looking at the Grand Wizard\nWar lord, vocal chord so vicious\nAnd I don't have to show riches\nTo pull up pull off with some bad bitches\nAnd it ain't about chivalry\nIt's about dope lyrics and delivery\nIt's about my persona\nAin't nothing like a man that can do what he wanna\nAin't nothing like man that you knew on the corner\nSeen 'em come up and fuck up the owner\nSeen 'em throw up Westside California\nNigga I'm hot as Phoenix Arizona\nI'm Utah, I got multiple bitches\nIt's a new law, keep a hold of your riches\nDumb nigga don't spend it as soon as you get it\nAnd recognize I'mma Captain, you're a Lieutenant\n\n[Hook: Ice Cube]\nI can say what I want to say, ain't nuttin to it\nGangsta rap made me do it\nIf I call you a nigga, ain't nuttin to it\nGangsta rap made me do it\nI can act like an animal, ain't nuttin to it\nGangsta rap made me do it\nIf I eat you like a cannibal, ain't nuttin to it\nGangsta rap made me do it\n\n[Scarface]\nNah nigga blame me, for severing cocaine to the geeks\nGangbanging the streets, shooting guns where you sleep\nPutting niggas in sheets, the noose hung from the tree\nThe corrupted police, I ain't denying it was me\nI'm the reason for the setback in blacks\nIt's a natural fact, that gangsta rap did that\nI hope that Barack could pull the troops for Iraq\nCause the truth is Iran, got them nuclear plants\nI can shoot me a cat in the head with a gat\nFor a man that considers me a nigga when I'm back in the slums\nWaiting for a check like a bum\nLook how I did them niggas off in 'Nam\nHard, I got the strolls full of hoes\nLiquor stores off the road\nBig church on the corner with a spot for my rose\nA Glock for my foes, wiping snot from my nose\nI'm guilty of it all, but I am not finna fold\n\n[Hook: Ice Cube]\n\n[Nas]\nUh, if they call you a nigga, ain't nuttin to it\nTell 'em Nas made you do it\nFelonious, Thelonious Monk melodic; Monster Cody OG\nHard as Rampart's police, warring like the ends was in Sunni\nI never pull my pants up, sagging my Gucci's, and what?\nI give a fuck who you bidded with, or where you cop coke\nThe bitch you with or the reason you're not broke\nI don't count your money, don't want none of your smoke\nI don't feel your pain, I ain't none of your folk\nIt's easy to put a gun in your throat\nBut I ain't on that, trying to sip Colada's where it's warm at\nCognac, crushed ice, y'all know how it is\nElijah said - A women half your age plus seven years\nIt's a plush way to live, this is for the blunted\nFor the niggas who keep it one hundred\nWho're hunted by DA's and Judges\n\n[Hook + Interlude: Ice Cube]\n\n[Outro: Ice Cube]\nOh yeah and another thing\nFor all ya niggas that don't do gangsta rap\nDon't get on TV talking about gangsta rap\nCause nine times at a ten you don't know the fuck you're talk about\nTalk about that bullshit rap you do\nStay the fuck out of mines", "image": "https://images.genius.com/284f4145950de6c7f91a598379e2bb40.1000x1000x1.jpg"}], "artist": "Ice Cube"}