{"songs": [{"title": "Bop Gun (One Nation)", "album": "Lethal Injection", "year": "1993-07-12", "lyrics": "[Intro]\nAt these up late times, hardcore funkateers before the bop gun\nWe unleash you a positive light. The bop gun can do you no harm\nIt frees yo mind, so yo' behind can follow. (Yeahhh.)\n\nSo wide you can't get around it\nSo low you can't get under it\nSo high you can't get over it\nIIIIIIII, can't get over it\nAh yaaaaaa, di-dit-dit-dit-dit\nAh yaaaaaa, di-dit-dit-dit-dit\nAh yaaaaaa, di-dit-dit-dit-dit\nAh yaaaaaa, di-dit-dit-dit-dit\nWell all right!\nAh yaaaaaa, di-dit-dit-dit-dit\nAttention all radio station jocks\nAh yaaaaaa, di-dit-dit-dit-dit\nHaw haw, got to be groovin' jammin' on yo box\nAh yaaaaaa, di-dit-dit-dit-dit\nThe Mothership Connection is upon you again\nAh yaaaaaa, di-dit-dit-dit-dit\nYeah, workin' up a sweat, is it wet yet?\nReady or not, here we come\nGetting down for the one which we believe in\n\n[Verse 1: Ice Cube]\n1993, much more ba-e-ya-e-younce\nIce Cube comin' with the half ounce\nNot Just Knee Deep, Jeep fulla smog\nA, To, mic, Dog\nLike ya behind, heard it through the grapevine\nHow much longer will you be mine?\nAnd I'mma tell ya, I don't like drama\nSo do I have to put my handcuffs on your mama\nCause Bertha Butt did her fuckin' boogie with her crew\nBut I'd rather fuck you, boo\nAnd make you say humdrum, tweedee dum\nHumdrum don't succumb when I'm done, buckin' shit\nOne nation under a groove gettin down for the fuck of it\nTear the roof of this motherfucker like we did last night, son\nAnd hit you with the bop gun\n\n[George Clinton]\nHere's my chance to dance my way\nOut of my constriction\nGonna be freakin' up and down\nHang up really late\nThe groove I only got\nWe shall all be moved\nReady or not, here we come\nGettin down for the one which we believe in\nOne nation under a groove\nGettin down just for the funk of it\nOne nation and we're on the move\nNothin can stop us now\n\n{Yeah.}\nDance, sucka, dance!\n\n{Yeah, heh heh. And it don't stop. Sheeeit.}\n\nGivin' you more of what you're funkin' for\nAw, feet don't fail me now! Ha ha!\nGivin' you more of what you're funkin' for\nDo you promise the funk {yep}, the whole funk\nNothin but the funk?\n{Hit you with the bop gun, heh\nBuss a cap with my bop gun\nGotta hit you with the bop gun\nBuss a cap with the bop gun, hit you with the bop gun\nBuss a cap with the bop gun, heh, cause I'm the top gun...}\nReady. {yep} Ready. {yep} Ready. {yep, come on}\nReady or not, here we come\nGettin down on the one which we believe in\n\n[Verse 2: Ice Cube]\nIf you hear any noise, it's just me and the boys\nPlayin with our toys\nM-1, cuz everybody's gotta have fun\nUnder the sun, under the sun\nSo rough, so tough when I get down\nThe disco fiend with the monster sound\nI wants to get fucked up when I'm chillin', whoa\nThe bigger the headache, the bigger the pill-in\nYou let her funk me cause my funk is the best\nComin from the West\nKickin that shit be occupied, dedicated to the preservation motion of hips\nHittin them dips, cd skips but I'm straight\nAs I bounce, rock, skate, now I'll toast to that\nIf it's rough, make the girls say\n\"Do that stuff! Aw, do that stuff!\"\nBut ya got to be, you got to be a freak of the week\nFor the top gun, hit you with the bop gun\n\nOne nation under a groove\nGettin down just for the funk of it\nOne nation and we're on the move\nNothin can stop us now\n{Trick! Yeeah!} Jus hit 'em with the bop gun!\nOne nation under a groove {heh}\nGettin down just for the funk of it\nOne nation and we're on the move\nNothin can stop us now\n{Get up with the bop gun...}\nOne nation under a groove ('bout time we got down, one time)\nGettin down just for {the fuck of it, yeahh}\nOne nation and we're on the move\nNothin can stop us now\nOne nation under a groove (now everybody say)\nGettin down just for the funk of it\nOne nation and we're on the move\nNothin can stop us now\nHere's my chance to dance my way\nOut of my constriction\nFeet don't fail me now! Ha ha!\n{Get 'em with the bop gun\nI'm a' blast with the bop gun ... heh heh\nOn yo ass with the with the bop gun\nI'm talkin' trash with the bop gun ... yeah\nAnd it don't stop\nAnd it won't stop}\nHere's my chance to dance my wayyy\nOut of my constriction\n(Yeahhh, feel the shit now!)\n{Oh shit}\n\n... hear ya say Party over here fuck you over there!\n\nLemme hear ya say Party over here fuck you over there!\n{Oh yeah}\nLemme hear ya say Party over here fuck you over there!\n\nLemme hear ya say Party over here fuck you over there!\n\nLemme hear ya say Party over here fuck you over there!\n\nLemme hear ya say Party over here fuck you over there!\n\nGivin' you more of what you're funkin' for\nFeet don't fail me now\n(That's right!)\nDo you promise the funk\nGivin' you more of what you're funkin' for\nOoo, feet don't fail me now\nCan I get it on my good foot, good gawd\n'Bout time I got down one time\n(Can I get down one time)\n\n[Ice Cube]\nDo not attempt to adjust your radio\nThere ain't nothin' wrong, so hit the bong\nWaitin' on the double dutch bus for a ride\nAs the buffalo bitch go round the outside\nPut a glide in your stride and a dip in your hip\nGot Daytons on the mothership\nAnd you can ring my bell if you need me to pass\nThe dutchie on the left hand side for the sale\nCuz nobody knows where the nose goes when the doors close\nDog chow got the hoes\nLookin' for the theme from the Black Hole\nNow I'll big bang you with my black pole\nFlashlight, red light, we don't like cops on the bike\nJust made bail, tonight\nSo whatcha gonna do when you get outta jail?\nI'm gonna have some funwith the bop gun\n\n[Outro]\n(Ready or not, here we come\nGetting down on the one which we believe in)\nOne nation under a groove\n(Here is my chance to dance my wayyy)\nGettin down just for the funk of it (One Nationnnn)\nOne nation and we're on the move\n(Get it on my good foot, good gawd)\nNothin can stop us now\n(Ha ha ha ha ha haeeee)\nOne nation under a groove\nGettin down just for the funk of it\nOne nation and we're on the move\nNothin can stop us now\n(Now I want everybody to put together this time ... hit me!)\nOne nation under a groove\n(Can I get it on my good foot)\nGettin down just for the funk of it\n(Bout time I got down one time)\nOne nation and we're on the move\nNothin can stop us now\n(Uh huh, uh huh, one nation)\nOne nation under a groove\n(Can I get it on my good foot)\nGettin down just for the funk of it\n(Bout time I got down one time)\nOne nation and we're on the move\nNothin can stop us now\nOne nation under a groove (Ooh yeah)\nGettin down just for the funk of it (Ooh yeah)\nOne nation and we're on the move\nNothin can stop us now\n(Ha ha ha ha ha haeeee)\nOne nation under a groove\nGettin down just for the funk of it\n(Bout time I got down one time)\nOne nation and we're on the move\nNothin can stop us nowwwwww", "image": "https://images.genius.com/7130347bb47a4a618915a6de2818699a.1000x1000x1.jpg"}], "artist": "Ice Cube"}