{"songs": [{"title": "Check Yo Self (Remix)", "album": "Bootlegs & B-Sides", "year": "1994-11-22", "lyrics": "[Produced by DJ Muggs]\n\n[Intro: Das EFX]\nYeah\nSo come on and chickity check yo self before you wreck yo self\nCheck\n\n[Verse 1: Ice Cube]\nYou better check yo self before you wreck yo self\n'Cause I'm bad for your health\nI come real stealth\nDropping bombs on your moms\nFuck car alarms\nDoing foul crime\nI'm that nigga wit'cha Alpine\nSold it for a six-o, always let tricks know\nAnd friends know we got the indo\nNo I'm not a sucker sitting in a House of Pain\nAnd no I'm not the butler, I'll cut ya\nHead-butt ya, you say you can't touch this\nAnd I wouldn't touch ya, punk mothafucka\nHere to let you know boy - oh boy\nI make dough but don't call me Dough Boy\nThis ain't no fucking motion picture\nA guy or bitch-a, my nigga get wit-cha\nAnd hit you taking that yak to the neck\nSo you better run a check\n\n[Hook:  Das EFX & Ice Cube]\nSo come on and chickity-check yo self before you wreck yo self\nChickity-check yo self before you wreck yo self\nYeah, come on and check yo self before you wreck yo self\n'Cause shotgun bullets are bad for your health\n\n[Verse 2: Ice Cube]\nTricks wanna step to Cube and then they get played\n'Cause they bitchmade pulling out a switchblade\nThat's kinda trifle 'cause that's a knife, ho\nAK-47, assault rifle\nHold the fifty, I'm nifty, pow\nI gotta new style (Watch out now)\nI hate motherfuckers claiming that they folding bank\nBut steady talking shit in the holding tank\nFirst you wanna step to me?\nNow your ass screaming for the deputy\nThey send you to Charlie-Baker-Denver row\nNow they runnin' up in you slow\nYou're gone, used to be the Don Juan\nCheck that shit out\nNow your name is just Twan\nSwitch it, snap it, rolling your eyes and neck\nYou better run a check\n\n[Hook:  Das EFX & Ice Cube]\nSo chickity-check yo self before you wreck yo self\nCome on and check yo self before you wrickity-wreck yo self\nSo chickity-check yo self before you wreck yo self\n'Cause big dicks in yo ass is bad for ya health\n\nChickity-check, yeah, chickity-check, yeah...\n\n[Verse 3: Ice Cube]\nIf you're foul, you better run a make on that license plate\nYou coulda had a V8\nInstead of a tre-eight slug to your cranium\nI got six and I'm aimin' em\nWill I buss or keep you guessing\n'Cause fuck you and that shit you're stressing\nBitch get off the wood, you're no good\nThere goes the neighbourhood hooker\nGo ahead and keep your drawers\nGiving up the claps and who needs applause\nAt a time like this, pop the coochie and you dead\nThe bitch is a Miami Hurricane head\nSprung, niggas call her 'Lips & Lungs'\nNappy dugout, get the fuck out\nCause women like you gets no respect\nBitch, you better run a check\n\n[Hook:  Das EFX & Ice Cube]\nSo chickity-check yo self before you wreck yo self\nSo chickity-check yo self before you wreck yo self\nCome on and check yo self before you wrickity-wreck yo self\n'Cause bitches like you is bad for my health\n\nChickity-check, yeah, chickity-check, yeah...\n\nSo chickity-check yo self before you wreck yo self\nSo chickity-check yo self before you wreck yo self\nCome on and check yo self before you wrickity-wreck yo self\nSo chickity-check yo self before you wreck yo self\nSo chickity-check yo self before you wreck yo self\nCome on and check yo self before you wrickity-wreck yo self\n'Cause the Lench Mob is bad for your health\n\n[Spoken outro]\nNine-trey, remix\nOld school tip, yeah\nIt's like a jungle sometimes\nIt makes me wonder\nHow i keep from going under", "image": "https://images.genius.com/bd986178756b67188db2d06a77696b78.1000x1000x1.jpg"}], "artist": "Ice Cube"}