{"songs": [{"title": "Child Support", "album": "Laugh Now, Cry Later", "year": "2006-06-06", "lyrics": "[Intro]\nBuucker, I'll beat yo' bad-ass\n\n[Hook 1] 2x\nAin't no other kings in this rap thing\nThey siblings\nNuthin but my chil'ren\nOne shot they disappearin'\n\n[Verse 1]\nBitch niggas\nStill wanna check my urine\nStill can't believe\nWhat you see and what you're hearin'\nYou motherfuckers\nThought you knew the whole story\nUntil your mama\nTook a nigga on maury\nRead your test results\nAre you the father\nI looked at his bitch ass told him don't bother\nI'm the father of this gangsta shit\nNever thought that I have a bunch of bastard kids\nLil' bad-ass kids\nI whoop they ass every night\nSend the paramedics bitch\nAnd the black and white\nI brought you in this world\nI'll take you out\nDo you ugly\nSo mamma can't make you out\nYou know my style a colt\nFile a report\nI'm a dead-beat daddy\nNo child support\nYou get fooled like the last trick\nGet it out your ass bitch\nYou niggas know my pyroclastic flow\nC'mon!\n\n[Hook 1]\n\n[Hook 2] 4x\nYou want child support\nGet it out your ass bitch\n\n[Verse 2]\nYa'll niggas know\nYa'll bitches know\nWhere you get it from\nWho's the original\nYou got your daddy's mouth\nTalk like a criminal\nKeep it gangsta son\nNever get pigeon holed\nRap bastards tryin' to make a classic\nKeep your dumb-ass out of the casket\nCause intercope'll spend your money\nThey don't give a fuck\nAbout a dead rapper\nNigga they'll chop it up\nKeep it movin' y'all\nThey'll come mop it up\nCorrupt LAPD cover up\nEveryday nigga we know drama\nThey ain't lookin' for Osama\nAsk Biggie's mamma\nThank God that the gangsta's back\nWe ain't got to put up with this brainless rap\nMay your lungs collapse n' m.c's are funny\nAll you can rap about is pussy and money\nC'mon!\n\n[Hook 1]\n\n[Hook 2]\n\n[Verse 3]\nAll y'all rappers should kiss and make up\nTake your bullshit jewlry back to Jacob\nGet your mind right nigga\nAnd start to wake up\nCause the whole rap industry needs to shake up\nYou got million dollar niggas killin' million dollar niggas\nBustin' outta Bentleys\nWearin' chinchillasss\nThere you go again rollin' in your limo\nComin' from the Grammy's shootin' out the window\nI know the scripture\nBut there's something wrong with this picture\nWhat you mad about\nDiamonds all in your mouth\nNo car, no niggas house paid off\nI never heard of a rapper gettin' laid off\nBoy, you a fool\nOr you just act crazy\nOr you a grown crack baby born in the 80's\nTo all you motherfuckers say I went Hollywood\nI'm gangsta!\nI know when I got it good\n\n[Hook 1]\n\n[Hook 2]\n\n[Hook 3] 2x\nYoung rappers lookin' for pocket change\nWith boo-boo lyrics\nGo get your diaper changed\n\n[Outro]\nSmell like shit\nHeyy baby change this motherfucker\nYou smell like shit", "image": "https://images.genius.com/c4141aa982e145b56c3c52c3fbd1c258.1000x1000x1.jpg"}], "artist": "Ice Cube"}