{"songs": [{"title": "The Nigga of the Century", "album": "War & Peace Vol. 2 (The Peace Disc)", "year": "2000-03-21", "lyrics": "[Ice Cube]\nSay you little son of a bitch, what choo tryin' to be?\n\n--when I'm big I wanna be a thug--\n\n--you wanna be a thug, huh?! (yeah yeah)\nWhat choo know (about) a thug, huh?! (yeah yeah)\nYou wanna see the bad guy?!\nLook at Ice Cube (yeah yeah), that's the bad guy!\nYou need people like him, can point cha fingas!\nHuh?! (yeah yeah) the fuck you know about this shit?!\nYou ready to die?! O - K A Y\nWhere is that, you ready?\nCuz they ain't touch the bad guy!!! oKay?--\n\nI'm the nigga of the century\n\n--oh, so zhuu a bad guy, c'mon prove it\nC'mon, you think you bad?\nHow bad you are?!--\n\nI'm the nigga of the century\n\n-c'mon lets see how bad you are\nC'mon bad guy! C'MOAWNL!!!--\n\n[Verse 1: Ice Cube]\nWe the worsest, all purpose\nYou want murderers?\nWell you Serve us, hattin' motherfuckers with curb dust\nYou heard us, don't shit make us nervous\nNot even when these fuckin' feds try to serve us\nMention me, when you write it in your history\nAs a nigga with the key to the mystery\nGrand motta ain word don't mean shit to me\nWho gives a fuck what they think, and what they see\nLive how I got to live\nGive what I got to give\nTeach my kids positive, as well as the negative\nHope to raise better kids\nThe world needs a seditive, pray to god that we let him live\n\n--Cuz you bad guy!-- I'm the nigga of the century\n--The diamond scruff!-- All you niggas better mention me\n--Me that's who!-- It ain't no mystery\nGoin' down in history, niggas better mention me\n\n--You better mention me!-- I'm the nigga of the century\n--O - K A Y !!!-- All you niggas better mention me\n--Me that's who!-- It ain't no mystery\nGoin' down in history, niggas better mention me\n\n[Verse 2: Ice Cube]\nA nigga told me to keep hope alive\nSurvive, a 9-to-5'll get you paradise\nSo I tried, nigga had to swallow his pride\nBut look into my eyes, I'm too wise to cook fries\nTwelveth grade graduation, summer vacation\nMama said get the facin' on them applications\nDidn't know back then, I was too young\nPublic school made me dumb as a motherfucker\nWhat should I do in my life\nReverend Price, do you got some advice\nBefore I roll the dice\nA nigga don't wanna shoot craps, cuz it ain't all fun and games\nWhen you tryin' to get that money mang\nGangbang, maintain or slang cane\nT.V. got a nigga where he can't use his brain\nWhat the fuck you talkin' bout, choose or loose\nBitch I don't know the motherfuckin' rules! (for real)\n\n--Cuz you bad guy!-- I'm the nigga of the century\n--The diamond scruff!-- All you niggas better mention me\n--Me that's who!-- It ain't no mystery\nGoin' down in history, niggas better mention me\n\n--You better mention me!-- I'm the nigga of the century\n--O - K A Y !!!-- All you niggas better mention me\n--Me that's who!-- It ain't no mystery\nGoin' down in history, niggas better mention me\n\n[Verse 3: Ice Cube]\nWho am I when it's do or die\nYou can see a man's sould thru the human eye\nCan't spend all your lifetime gettin' high\nCuz you and I got to do, for you and I\nAcktin' wild as a jevenile\nNow my whole life depends on the outcome of a trial\nWait-pow! these people ain't playin' now\nGot to bring 85 percent of the time now\nFuck that, rather roll with the ruff pack\nIn the jet black, listenin' to ruff rap\nSee it's quite simple, you bitches ass niggas don't know\nWhat i've been thru, the weather's presedential\nThe warfare's mental, I sell my soul to the lord\nFor the perfect instrumental\nAnd the number two pencil\nAnd all the hussle found in chromasones of my kinfolk\n\n--Cuz you bad guy!-- I'm the nigga of the century\n--The diamond scruff!-- All you niggas better mention me\n--Me that's who!-- It ain't no mystery\nGoin' down in history, niggas better mention me\n\n--You better mention me!-- I'm the nigga of the century\n--O - K A Y !!!-- All you niggas better mention me\n--Me that's who!-- It ain't no mystery\nGoin' down in history, niggas better mention me\n\n--yeah, ok ok ok ok, call loko take it easy mang, choo got it!\nChoo leave it the fuckin' illest nigga to fuckin' shit you!\nDess no problem withs that! gawn'na fuck dat!\nJune have a fuckin' heart attack\nIt's over! EVERYBODY KNOWS NOW!\nIt's no fuckin' secret\nJoo know dis motherfucker, O - K A Y ?!!\nIt's over! that's it, die !!!\nBANG !!! BANG !!! BANG !!! BANG !!! BANG !!!--\n\n(Ice Cube - 'Pushsin Weight' sample) {4:03}\n~I got that bomb...bomb...tit-tit...\nTity-tit...tity-tity...tity bomb...bomb...bomb\nW-when I hit you uhh uhh uhh...~", "image": "https://images.genius.com/b41b30150e61b258f8624ead118328fe.1000x1000x1.jpg"}], "artist": "Ice Cube"}