{"songs": [{"title": "Lil Ass Gee", "album": "Lethal Injection", "year": "1993-12-07", "lyrics": "[Verse 1]\nLook at that lil' ass Westside doped out\nInsane-in-the-brain little nigga servin caine\nUse to have to axe could he cross the street\nNow he's rollin' in a Gee, the Gee is on E\nHe's quick to hit you up with the two fingers spreaded (Wassup?)\nHe\u2019ll roll that shit (Wassup?) and hold that shit (Wassup?)\nNow you know what fuckin set he's claimin\nA wild little nigga and it ain't no tamin\nAnd just when you think everything is calm\nThat motherfucker is the first to bomb\nLike bang, ping, catch you with the sleeper\nHe'll draw down and then check his beeper\nHe's clockin them chicks and bucks\nGettin, his little dick sucked by the, clucks\nAnd will he do dirt? Fool oh please\nLittle locs are harder then the OGz\nYou fall to the ground and beg please\nJust got served by little niggas on the 10-speed\n12 years old, got bumps they can't keep\nA straight killer, a fool, a lil' ass gee.....\n\n[Verse 2]\nGod damn, it's a trick\nUse to have the G.I.Joe with the kung-fu grip\nNow he's straight Crip, or Blood\nNow ya sag, you use the flood\nNow ya known as the Baby Droopy\nGoin' to camp and it ain't Camp Snoopy (Wassup?)\nBut I ain't surprised\nIt's 12 months later, year, I see you got a little size\nYou motherfuckin crook\nYou want respect cos you didn't get'cha manhood took\nDrinkin that 'yac like it's no tomorr-y\nWestside hustler fuck Atari\nIn the jail and it ain't no thang\nCan't wait til you get 22's on the hang (Uhh)\nA underage boy that's lookin tossed\nAnd that's ya idea of junior high\nAll you want for Christmas is guns and triggers\nLittle nigga nuttier than a Snicker\nYou don't wanna be like Mike, you wanna be like me\nA fool, a killer, a lil' ass gee......\n\nInterlude: (*two sampled guys talking*)\n\n[Verse 3]\nSee, I knew it wouldn't be long\nThey got your ass stretched like Stretch Armstrong\nIn the one-man cell, it got'cha thinkin'\nSendin' more kites than Benjamin Franklin\n20 years old but ya still a veteran\nWon't touch down til we're livin' like the Jetsons\nProud of ya self, because ya done done it\nGotcha 22's and your name on your stomach\nNever even think about a woman to fuck\nRather stand in line or bust the ass of a young buck\nGot stuck, now you're bleedin'\nHospital ward has got you reading\nLearn about the knowledge of self ya see\nGot ya mad enough to go and stick the deputy\nSee, it ain't about bein hard\nBut that's whatcha tell the little homies in the yard\nYa already done did 10\nAnd wish you could start all over again\nBrand new inmates and who do ya see\nYour baby brother in shackles, a fool, a lil' ass gee.....\n\nA fool, a lil' ass gee\nYo this go out to the little hardhead homies\nWho probably gon' see more, ahh, assholes than pussyholes\nWhen they get you in that system", "image": "https://images.genius.com/7130347bb47a4a618915a6de2818699a.1000x1000x1.jpg"}], "artist": "Ice Cube"}