{"songs": [{"title": "You Know How We Do It", "album": "Lethal Injection", "year": "1994-02-02", "lyrics": "[Produced by QDIII]\n\n[Intro]\nYeah, yeah\nFool, you know how we do it\nWestside\nComin' from the Westside\nNothin' but the Westside\n\n[Verse 1: Ice Cube]\nAin't nothin' goin' on but the bomb-ass rap song\nHittin' all night long\nJust like me on the black and white ivory\nGettin' six on the tee-ta-lee, you don't want to see a G\nBreak yo' ass like dishes\nBuster-ass tricks, sleep with the fishes\nRunnin' from Lennox, up at Venice\nThey wanna have me in stripes, like Dennis the Menace\nBut that ain't poppin', ain't no stoppin'\nFo'-hoppin', ass droppin', Coupe DeVille\nMy troupe can, ill\u2014fool, I got skills\nSo, back on up 'fore I check that chin\nDown as fuck and I'm full off Henn'\nYou gets no love and I thought you knew it\nFool, you know how we do it\n\n[Refrain]\nComin' from the Westside\nComin' from the Westside\nWestside, comin' from the Westside\n\n[Verse 2: Ice Cube]\nChillin' with the homies, smellin' the bud\nDouble parked and I'm talkin' to Dub\nAbout who got a plan, who got a plot\nWho got got and who got shot\n'Cause everybody knows that he got the info\nCrazy Toones hangin' out the window\nFool, I got them bomb-ass tapes\nDa Lench Mob, \"Planet of the Apes\"\nI'm down with Eiht and Watts Up\nKam and Solo, they got nuts\nWhen Ice Cube write a sentence\nI want \"The Bomb,\" just like George Clinton\nS-K-D is down to catch a body\nPut on \"Knee Deep\", we'll turn out your party\nYou gets no love and I thought you knew it\nFool, you know how we do it\n\n[Refrain]\nYou know how we do it\n\n[Verse 3: Ice Cube]\nJack be nimble, and Jack be quick\nIf you wanna jack me on a lick\n'Cause I'm that fool from South Central\nYou'll think you stuck yourself with a number two pencil\nThat's how I poke hot lead in yo' ass\nWith \"Mo' Bounce to the Ounce\" in the dash\nMash up, Van Ness, headed for the West\nEverything is great, slow down for the dip\nOn 100 and 8th and keep mashin'\nDon't drink and drive, to keep the fo' from crashin'\nStashin' a Glock and I thought you knew it\nYou know how we do it\n\n[Refrain]\nComin' from the Westside, Westside\nNothin' but the Westside\nIt's hittin' on the Westside\nFool, you know how we do it", "image": "https://images.genius.com/77a3ba707d9775291cc197e44726eb5a.640x640x1.jpg"}], "artist": "Ice Cube"}