{"songs": [{"title": "Who Are You Lovin", "album": "The Players Club (Music From and Inspired By the Motion Picture) ", "year": null, "lyrics": "Mr Short KHOP:\n\nNasty girl, nasty girl, in ya own little nasty world (4x)\n\nChorus:\n\nWe just smokin, drinkin and fuckin\nAnd we ain't dumpin nothin baby who are you lovin\n(who loves you baby)\n\nVerse 1:\n\nWe got a room full a clownin\nAnd baby here got tha mean stark got me frownin\nAnd we bout it like them niggas from Orleans\nAnd puts it down like we court grime from green to green\nMake ya scrilify any means, fuckin up any sceams\nOr any plots that you got, you best had get rocks\nWe gets knots, 40 ain't tha lots fuck a mule\nMy lil nigga hit tha fuel, and traffic bitches bust you\nTo get used by the cliq with tha bomb dick like tha fuse\nLike Noah, take em in two's for 40 dayz and 40 nights\nIn tha double tree up 40 flights\n\nChorus: (x2)\n\nVerse 2:\n\nWe can see that you fuck wit too many stars\nWe can tell em how u fuckin up that miny bar\nAlready know u problably worked at tha tity bar\nWe see yo tittys and yo ass got u pretty far\nFly bitches ain't impressed by a lil gold\nBut soakin wet off the power that a nigga hold\nAll ???????? That a nigga fold\nBust a load, just as soon as we get u blowed\nGet ya purse and ya pager dont forget ya coat\nBefore ya leave slip ya other girlfriend a note\nTellin her to shake u and bring back a quote\nYou get my vote for tha one with tha deepest throat\n\nChorus: (x2)\n\nI know this is a gang a bitches by tha silhouette\nNiggas ran through a few and ain't finished yet\nCuz when it come to tha hoes and time to get it wet\nWe only keep tha startin 5 like tha pinatech\nThey hit us off wit tha tongue fo tha nut licks\nAnd follow through to duck6 and butt licks\nNigga fuck tricks, they in tha back wit they legs up\nAnd im gon tell u how i want it whether head or guts\nIm spread nuts, set it up, i show you how to wet it up\n2 and 3 to 4 how this nigga kept it up\nUp to bat the 3rd time, nigga struck out\nBlamed it on tha bitch and told her \"get the fuck out\"\n\n(People say its dirtyyy, people say its wrong\nThey look at out music like its a nasty song, its nasty!!)\n\nNasty girl Nasty girl in ya own lil nasty world (x2)\n\n(People say its dirtyyy, people say its wrong\nThey look at out music like its a nasty song, its nasty!!)\n\nNasty girl Nasty girl in ya own lil nasty world (x4)", "image": "https://images.genius.com/7340b4a18007e61809e51a065eac70a8.400x399x1.jpg"}], "artist": "Ice Cube"}