{"songs": [{"title": "We Be Clubbin' (Clark World Remix)", "album": "The Players Club (Music From and Inspired By the Motion Picture) ", "year": null, "lyrics": "[Intro: DJ Clark Kent]\nWhat you think gon' happen if I get Ice Cube\nTo do a joint with the wildest dog on the East Coast? Man\nThey don't know. Heavyweight Def Jam\nClark World\n\n[Verse 1: Ice Cube]\nOnce again it's on the motherfuckin' psycho\nIce Cube the Don Mega with my nigga DMX\nHuh A diamond in the rough\nPunk, he gon' stay in the rough\nEast meets West it's goin' down\nYeah we be clubbin'\nWe be clubbin'\nWe be clubbin' we be clubbin' we be clubbin'\nI'm in the city bitch we clubbin' (nigga what?)\nI'm treated like the Presidential motorcade\nTakin' out the residential global persperation\nFreaky gyrations close to fornication\nNumbers get passed when asked information\nIntoxication faded inebriated\nDesignated driver liver than MacGyver\nBlockin' freaks in all of 'em tens\nStallions get them to pile in\nSittin' on 'Lacs bitch we write raps\nBackdo' access you gettin' jealous\nStandin' all in line with designer umbrellas\nBad fellas runnin' with the Eastside Connection\nAny kind of club with a star check they weapons\nWho wanna sex DMX get naked\nFuckin' to security show us the exit\n\n[Chorus]\nHeavy hitters countin' figures\nWe be Clubbin'\nMixin' blunts and heavy liquors\nWe be Clubbin'\nFor all my live ass niggas\nWe be clubbin'\nFuckin' all them gold diggers\nWe be clubbin'\n[We be clubbin' we be clubbin' we be clubbin']\n\n[Interlude: DJ Clark Kent]\nDMX Ruff Riders\n\n[Verse 2: DMX]\nGrrr grrr\nAll I do is import to export transport to West port\nA nigga still breathin' today 'cause the vest\nCaught them slugs you sprayed at me now\nGet at me if you want more\nPut a fuckin' hole up in yo' back\nSo what's the front for?\nCome on baby we some noisemakers\nCatchin' niggas with bricks at am I ??\nComin' through Las Vegas\nMade us wanted dead or alive\nOn mad niggas hit lists\nBut ain't a muthafucka come & get this\nWitness what's unheard of cold blooded murder\nThis hot shit'll have you smellin' like a fuckin' burger\nAnd the shell from the twelve is all it takes\nTo make a nigga spin like twice & then fall\nYou call for help\nBut ain't none comin'\nThe avmen slaughtered the robbery & gun runnin'\nAnd when I'm done gunnin' we all gon' meet up at the club\nFuckin' with Cube it's nothin' but love\nNigga What!!\n\nChorus\n\nBridge: [Kent scratching]\nNew York get ya club on\nL.A. get ya club on\nChicago get ya club on\nAtlanta get ya club on\n\nDMX:\nFuck that shit\nIf the dog's off the leash then the dog's gonna bite (rooof)\nIf the dog's in the ring then the dog's gonna fight (rooof)\nIf the dog's on the West Coast then I'm fuckin' with Cube\nWhere them hoes at nigga keep 'em comin' in twos\nCube:\nLike Noah I make it wetter the doubleheader\nHit that ass like I got a vendetta you know it's better\nWith the Don Mega shake it off shake it off\nTake it off take it off and make it soft biotch\nDMX:\nUhh, It's all good it's all right\nFuck all day fuck all night\nCall all my niggas cause wherever I go\nY'all my niggas East to the West Coast all my niggas\nCube [DMX]:\nNow the East to the West\nPiece of the best sick of this shit [Grrrrr]\nAdded DMX to add grit in this shit [Grrrr]\nAtlantic to Pacific spittin' this shit [Grrrr]\nGot love for my niggas that's gettin' a grip [Grrr]\nWe be clubbin'\n\nChorus\n\n[Cube & Kent ad lib while DMX growls & barks 'til end]", "image": "https://images.genius.com/7340b4a18007e61809e51a065eac70a8.400x399x1.jpg"}], "artist": "Ice Cube"}