{"songs": [{"title": "Do Ya Thang", "album": "Raw Footage", "year": "2008-07-01", "lyrics": "[Hook]\nDo ya thang, mayne\nFuck what they lookin' at!\nDo ya thang, mayne\nFuck what they lookin' at!\nDo ya thang, mayne\nFuck what they lookin' at!\nDo ya thang, mayne\nFuck what they lookin' at!\n\n[Verse 1]\nI'm in that Hot Thang, gutter lane\nDippin' with that wood grain\nSo fuckin' hood, mayne\nThey call me The Boogeyman\nIn that slow lane, what is your whole name?\nI forgot this ho's name, I'll call her Louise Lane\nUp on that boulevard, 24's rotate\nIce Cube comin' through, gotta make the hoes wait\nRoll at my own pace \ufffd nigga, don't hate!\nFuck all you fat-fuckers leanin' up against my paint!\nIce Cube, I steal a little paint (Movie star!)\nFuck you! Pour a nigga a lil' drink!\nThat's how it's goin' down out here in California\nListen to my people, when a nigga hit the corner!\n\n[Hook]\nDo ya thang, mayne\nFuck what they lookin' at!\nDo ya thang, mayne\nFuck what they lookin' at!\nDo ya thang, mayne\nFuck what they lookin' at!\nDo ya thang, mayne\nFuck what they lookin' at!\nDo ya thang, mayne\nFuck what they lookin' at!\nDo ya thang, mayne\nFuck what they lookin' at!\nMirror, mirror, on the wall\nWho is the flyest one of all?\n\n[Verse 2]\nNow pull in the parking lot\nNigga, find a parking spot\nFired up, everyone want to spark a lot\nPuff-puff-pass, we out on Ave\nLookin' for a big fat ass to harass!\nIs it you? Uh-huh, I see you lookin'\nWhen we roll by, pussy still cookin'\nFreaks get tooken when they lookin' for stars\nIf you don't like my face \ufffd bitch, look at my car!\nKeep it simple, I told you once befo'\nIt really don't matter how I get you to the mo'\nIt really don't matter how I get you in my low\nJust hop in, let's go\nAnd let your friends know!\n\n[Hook]\nDo ya thang, mayne\nFuck what they lookin' at!\nDo ya thang, mayne\nFuck what they lookin' at!\nDo ya thang, mayne\nFuck what they lookin' at!\nDo ya thang, mayne\nFuck what they lookin' at!\nDo ya thang, mayne\nFuck what they lookin' at!\nDo ya thang, mayne\nFuck what they lookin' at!\nMirror, mirror, on the wall\nWho is the flyest one of all?\n\n[Verse 3]\nDo ya thang, girl!\nFuck what they lookin' at!\nWe the dogs gettin' chased by the pussycat\nWest Coast, baby - with so much gravy\nYou should call The Navy, ever since the 80's\nI've been doin' good, they been doin' bad\nWhen I see you walk by, I'm pursuin' that\nBut never chase it, my game is so basic\nAs soon as I lace it \ufffd baby, wanna taste it?\nJust face it, put me to the test\nIce Cube would ace it, I'm built for success\nFuck a Rockstar! We wanna party like a Rap Star\nIn the club, in the house, or the backyard (Yay-yay!)\nYou make it rain with ones, I make it rain with hun's\nAnd we get lap-dance from nuns\nThey put away they crucifix\nAnd they say, \"Ice Cube \ufffd boy, you the shit!\"\n\n[Hook]\nDo ya thang, mayne\nFuck what they lookin' at!\nDo ya thang, mayne\nFuck what they lookin' at!\nDo ya thang, mayne\nFuck what they lookin' at!\nDo ya thang, mayne\nFuck what they lookin' at!\nDo ya thang, mayne\nFuck what they lookin' at!\nDo ya thang, mayne\nFuck what they lookin' at!\nMirror, mirror, on the wall\nWho is the flyest one of all?\nMirror, mirror, on the wall\nWho is the flyest one of all?\n\n[Bridge]\nI see you lookin' at me\nWe don't give a fuck!\nWhat you lookin' at?\nWe gonna give it up!\n\n[Hook]\nDo ya thang, mayne\nFuck what they lookin' at!\nDo ya thang, mayne\nFuck what they lookin' at!\nDo ya thang, mayne\nFuck what they lookin' at!\nMirror, mirror, on the wall\nWho is the flyest one of all?\nDo ya thang, mayne\nFuck what they lookin' at!\nDo ya thang, mayne\nFuck what they lookin' at!\nDo ya thang, mayne\nFuck what they lookin' at!", "image": "https://images.genius.com/284f4145950de6c7f91a598379e2bb40.1000x1000x1.jpg"}], "artist": "Ice Cube"}