{"songs": [{"title": "Ask About Me", "album": "War & Peace Vol. 1 (The War Disc)", "year": "1998-11-17", "lyrics": "[Intro]\n[Mr. Short Khop, (Ice Cube)]\nI check it in on the West Coast (Ask about me)\nI check it in in the Dirty South (a-yeay)\nI check it in in the Mid-West (hustle, man)\nI check it in on the East Coast (The Hustle Gang)\n(Look at me)\n(Don Dada)\n(Poppa Doc)\n\n[Verse 1]\nCheck my blood pressure\nThey think they fresher than the Don\nPrescription pills to keep me calm\nNigga, I'm da bomb!\nIn the black Testerosa\nSippin' on Mimosa\nI plead No sir\nI'm in the west wing at the Nikko\nGive me cinco kilos from Puerto Rico\nWhen I okay it\nSo much cheese, you got to weigh it\nNever thought these niggas was the feds\n\"Freeze\" was the sound\nI started lettin' off rounds\nLay the whole fuckin' room down\nI don't wanna see Your Honor\nRatha eat piranha from Benihana\nSmokin' marijuana in my sauna\nI done had it with these addicts and faggots\nThey done ratted causin' static\nBring me my A-U-T-O-matic\nOh niggas wanna se how we ride\nBitch, you know the muthafuckin' side\nWorld muthafuckin' wide\n\n[Chorus]\nMake yo' hustle official\nAnd them niggas that's wit' you\nGotta push tha issue\nOn the fools that dis you\nWhether pump or pistol\nWhen it's up in yo' gristle\nHand yo' mama a tissue\nIf I decide to kiss you\n\n[Verse 2]\nCan you dig her?\nIt's the bigger, seven-figure, super nigga\nWit' the triggas at yo' dome\nWe like to roam\nThrough yo' muthafuckin' home like a comb\nAnd find the money that's gone\nAnd we'll take you, shake you\nBreak you, make you take two\nTo your own with the chrome\nNigga shoot!\nExecute, they try to electrocute\nI got too much loot\nYa say I'm on yo' hit list\nYou niggas miss\nTryin' to turn my muthafuckin' cheese into Swiss\nRappers make bucks and I can hear it\nHard to fear it\n'Cuz I know you grew up on my lyrics\nIt's the boss player\nNever lost hair over assholes\nBlast holes in you muthafuckin' tadpoles\nLike a bullfrog\nNigga I'm a bullhog\nGuppies get worked like puppies by the bulldog\nWhere millions never gave a fuck about Sicilians\nOr killas on T.V. can see\nWe got the real ones\nSo check yo' muthafuckin CD-Rom\nAnd your World Wide Web, dot com\nIt's the Don Mega!\n\n[Chorus]\nMake yo' hustle official\nAnd them niggas that's wit' you\nGotta push tha issue\nOn the fools that dis you\nWhether pump or pistol\nWhen it's up in yo' gristle\nHand yo' mama a tissue\nIf I decide to kiss you\n\n[Interlude: Mr. Short Khop & (Ice Cube)]\nWhat cha call it? (The Hustle Gang)\nWhat cha call it? (The Hustle Gang)\nWhat cha call it? (The Hustle Gang)\nWhat cha call it? (Hustle, man)\n\n[Outro]\nAsk About me\nAsk About me", "image": "https://images.genius.com/9a92bffe36c691d91a9dd7116941cd17.1000x1000x1.jpg"}], "artist": "Ice Cube"}