{"songs": [{"title": "I do is talk your physician about", "album": null, "year": null, "lyrics": "I do is talk your physician about it so they can make it simple blood test if your hair is brittle picking those just getting dry and flaky the Sharks is very obvious cosmetic changes that may notice and then we're more than anybody else well okay testosterone that the woman told to give it a social problem most guys don't admit to it either but the reality is if you not shaving it was used Blackline Elite to shave a big sign that you're not creating that testosterone about key BC I started out you can help her grow the other thing about testosterone is it\u2019s vitally important for the beetle so it puts a stop to so excited about that anymore it you want to check that and making it happen in your Danny went doesn't when will men start realizing a better if a decrease makeup that's why it could happen as early as forties or fifties.\nhttp://xtremenitrotruth.com/blackline-elite/", "image": "https://images.genius.com/c457bbdb72f694aa2707c388b36e7230.960x764x1.jpg"}], "artist": "Ice Cube"}