{"songs": [{"title": "The Birth", "album": "Death Certificate", "year": "1991-10-29", "lyrics": "[Heart monitor beeps in the background]\n\n[Interlude:]\n[Operator:] Dr. Bruce, telephone please, Dr. Bruce, telephone, please. [footsteps]\n[Mother:] [screaming] [crying]\n[Nurse:] C'mon. C'mon, honey,  push a little harder. It's not all that bad\n[Doctor:] I see the head...\n[Mother:] [screaming] [crying]\n[Doctor:] Push! Push!\n[Nurse:] C'mon!\n[Doctor:] C'mon...push!\n[Nurse:] C'mon, honey!\n[Doctor:] PUSH!\n[Newborn:] [crying]\n[Doctor:] It's a boy. [beat starts]\n\n[Dr. Khalid Muhammad:]\nThe black man and black woman have no FURTHER!\nNo beginning and no ending...BEFORE Alpha, and AFTER Omega!\nHistory and historians'll record...\nThe black father and mother of morality, medicine, music and mathematics\nThe father and mother of all the nation of religion, philosophy, art, science and civilization!\nNO FURTHER!\nAll they can say about the black man...\nIs he WAS, he IS, and he SHALL BE!\nBefore HIM there were none\nAnd after HIM, there will be NO MORE!\nBefore we can make a way for the peace maker...\nWe must KILL, and get rid, of the peace breaker. [beat fades-out]", "image": "https://images.rapgenius.com/89a02ab603eae95e0d380fcd08eda589.1000x1000x1.jpg"}], "artist": "Ice Cube"}