{"songs": [{"title": "Waitin' Ta Hate", "album": "War & Peace Vol. 2 (The Peace Disc)", "year": "2000-03-21", "lyrics": "(Ain't no 'California Love') (Love) (Love)...\n\nI see them niggas\nYou see them niggas?\nI see them niggas\n\nLook at them niggas just waitin to hate (wait)\nWaitin to hate, waitin to hate (look at them niggas)\nLook at them bitches just waitin to hate (wait)\nWaitin to hate (wait) waitin to hate\n\n[ VERSE 1 ]\nGet your ride on, ride on\nThis ain't the day for you to die on, die on\nI'm a nigga that they lie on, lie on\nSee these shoes you wanna try on, try on\nYo, we can go to war with the enemy\nAll we need is A.K.s and Hennessy\nThis ain't back in the days of Tennessee\nPull the trigger and release the energy ( *shots* )\nSee muthafuckas run till they catch one\nIn the back, and it might cause a cardiac\nBitch act like he died and we brought him back\nHim screamin for his mama and his sister pack\nFlatline -\nThese niggas wanna act like\nThey ain't never had a full can of act-right\nMake me pull out my gat, right\nAnd smoke his muthafuckin ass like a crackpipe\n\nSo what you sayin, muthafucka?\nWe ain't playin, muthafucka\nA.K.'in muthafuckas\nSo what you sayin, muthafucka?\nWe ain't playin, muthafucka\nA.K.'in muthafuckas\n\nLook at them niggas just waitin to hate (wait)\nWaitin to hate, waitin to hate (look at them niggas)\nLook at them bitches just waitin to hate (hate)\nWaitin to hate (hate) waitin to hate\n\n[ VERSE 2 ]\nGet your smoke on, smoke on\nHere's another verse to choke on, choke on\nTo all my niggas in the pen, get your yoke on\nTo all my thugs in the house, get your loc on\nWe can really give a fuck about a broke home\nAll we care about is bitches we can poke on\nNigga, what's that bullshit that you spoke on?\nBetter roll on 'fore we split your whole dome\nCause you're fuckin with Ice Cube the Terrible\nFuck around, I make your life unbearable\nMake you live all scary and careful\nCome through my neighborhood, you better tip-toe\nCause if you loud, then you might get chased down\nWestside Connection catch a case now\nPo-po's find your monkey ass face down\nTell your mama that you in a better place now\n\nSo what you sayin, muthafucka?\nWe ain't playin, muthafucka\nA.K.'in muthafuckas\nSo what you sayin, muthafucka?\nWe ain't playin, muthafucka\nA.K.'in muthafuckas\n\nLook at them niggas just waitin to hate (wait)\nWaitin to hate (hate) waitin to hate (look at them niggas)\nLook at them bitches just waitin to hate (wait)\nWaitin to hate (hate) waitin to hate (look at them bitches)\n\n(Ain't no 'California Love') (Love) (Love)\n\n'You can hate me now'\n\n(Ain't no 'California Love') Ah-ah (Love) (Love)\n\n[ VERSE 3 ]\nTo all my niggas with the lleyo\nThey rock it up like Play-Doh\nThey cook it up like Waco\nBetter do what I say so\nBetter lay low, cause you fuckin with a halo\nDeath to the niggas with the big mouth\nAnd death to you devils from the Old South\nAnd death to you hoes turnin tricks out\nAnd death everyone that go the bitch route\nCheck it\nIf you infected by this record\nBow down butt-naked\nAnd pray to God\nIce Cube won't spare the rod\nWestside Connection here to mob, nigga, rob\nWe can take it to the streets\nWe can take it to the concrete\nYou niggas know where the Don be\nYou bitches ain't tryin to find me\nAll you haters need to shut the fuck up and get behind me\n\nLook at them niggas just waitin to hate (look at em)\nWaitin to hate (look) waitin to hate (look at them niggas)\nLook at them bitches just waitin to hate (ugh)\nWaitin to hate (ugh) waitin to hate\n\nSo what you sayin, muthafucka?\nWe ain't playin, muthafucka\nA.K.'in muthafuckas\nSo what you sayin, muthafucka?\nWe ain't playin, muthafucka\nA.K.'in muthafuckas\n\nThis is dedicated\nTo them haters\nWho ain't gon' kill nothin\nAnd who ain't gon' let nothin die\nYou know em\nYou know em\nWhen you see Ice Cube you better holla\nAnd pop a collar\nWhen you see Ice Cube you better holla\nAnd pop a collar", "image": "https://images.genius.com/b41b30150e61b258f8624ead118328fe.1000x1000x1.jpg"}], "artist": "Ice Cube"}