{"songs": [{"title": "It's a Man's World", "album": "AmeriKKKa's Most Wanted", "year": "1990-05-16", "lyrics": "[Intro]\n[Ice Cube]\nWomen, they're good for -\n\nWait wait wait wait, Cube, trip this\nWe gonna dedicate this to the pretty young ladies\nYou know, them pretty young ladies that wouldn't give us the play before the album, this is for you\n\n[Mashup]\n\n[Verse 1]\n[IC]\nWomen, they're good for nothing, no maybe one thing\nTo serve needs to my ding-a-ling\nI'm a man who loves the one-night stand\nCause after I do ya, huh, I never knew ya\nCause to kick it man it gives me the fits\nThey wanna lay with they nose under your armpits\nIce Cube won't wait so give it up cow\nAfter we do it you can go home now (see ya!)\nI'm a brother with a big long...\n(Come on, wait, what the hell you think you talkin' about?)\n\n[YY]\nFirst of all let me tell you my name, it's Yo-Yo\nAnd downing a girl, first offense, and that's a no-no\nYo-Yo thinks the kitchen sink should be thrown in\nNiggas be scheming and fiending to stick the bone in (yep)\nNo, Yo-Yo's not a ho or a whore\nAnd if that's what you're here for, exit through the door, there's more\nTo see of me but you're blind so\nWomen like me are fading brothers in the 9-0\n(Wait, first of all  how you gon' come on my record and talk?)\nI'm tryna say all women are superior over men\n(Yeah yeah)\nBut wait how you gon rule the world when you broke as a joke?\n(With yo county check baby)\n\n[IC]\nAy what up, buttercupper Miss Yo-Yo (that's me)\nI know you like to rap and like to flow so\nBut when it comes to hip-hop this is a man's world\nStay down and play the playground you little girl\n\n[YY]\nWhat you're saying I don't consider it as rapping\nCause you're a rerun and I'm the new what's-happening\nIt never fails, I'll always get respect\nAnd you lose, so take a rain check\n\n[IC]\nHell no cause you know that I'm first and you're second\nIf it wasn't for me, you'd probably be pregnant\nAnd barefoot, complaining that your back is aching\nShaking and faking while I'm bringing home the bacon\n\n[YY]\nWell you're mistaken, it's not going that far\nI make brothers like you play the backyard\nYou used to flow with the title but I took it\nBring home the bacon but find another ho to cook it\n\n[IC]\nDamn it lookit, cause you're talking a lot of bull\n\n[YY]\nWell I'm not your puppet so don't even try to pull\n\n[IC]\nThis is a man's world thank you very much\n\n[YY]\nBut it wouldn't be a damn thing without a woman's touch\n\n[Hook]\nThis, this is, this is a man's world\nThis, this is, this is a man's world\nThis, this is, this is a man's world\nThis is a man's world\n\n[Verse 2]\n[IC]\nAh Miss Yo-Yo, so what gives?\nI hear females always talking about Women's Lib\nWell get your own crib, and stay there\nInstead of having more babies for the welfare\nCause if you don't I'll label you a gold digger\nThe name is Ice Cube you know that I ain't the nigga\nFor you to look at when your hair get nappy\nSo take a piece of the pole and be happy\n\n[YY]\nHell no, because to me you're not a thriller\nYou come in the room with your three-inch killer\nThinking you can do damage to my backbone\nLeave your child in the yard until it's full-grown\nI'm a put it like this my man\nWithout us your hand would be your best friend\nSo give us credit like you know you should\nIf I don't look good, you don't look good\n\n[IC]\nI doubt it baby cause we're still most dominant\n\n[YY]\nBut you don't know how funky that I can get\n\n[IC]\nThis is a man's world thank you very much\n\n[YY]\nBut it wouldn't be a damn thing without a woman's touch\n\n[Hook]\nThis, this is, this is a man's world\nThis, this is, this is a man's world\nThis, this is, this is a man's world\nThis is a man's world\nThis, this is, this is a man's world\nThis, this is, this is a man's world\n\n[Verse 3]\n[IC]\nMan, women, I put a lot of fear in em\n(Why is that?)\nCause I had it up to here with em\nDrink a beer with em? No way\nCause I can only deal with em about an hour every day\nYeah if you know what I mean baby\n\n[YY]\nWell I guess, now that I think about it I think maybe\nIf you was more of a man instead of faking it\nWomen deserve the credit when they're making it\n\n[IC]\nYeah so what's the problem?\n\n[YY]\nWell I think we solved it\nI know they know the best male from who's doggin it\n\n[IC]\nYeah I admit you can flow\n\n[YY]\nWell that's true\n\n[IC]\nBut you see I'm a pro with the bank too\n\n[YY]\nYeah I can see you got it good\n\n[IC]\nOh that I know\n\n[YY]\nBut you see you're not better than Yo-Yo\nThe brand-new intelligent black lady\n\n[IC]\nYou're kinda dope but you still can't fade me\n\n[YY]\nSo what up then?\n\n[IC]\nGirl, what you tryna do?\n\n[YY]\nTo prove a black woman like me can bring the funk through\n\n[IC]\nThis is a man's world thank you very much\n\n[YY]\nBut it wouldn't be a damn thing without a woman's touch\n\n[IC]\nOr a big butt...\n\n[Hook]\nThis, this is, this is a man's world\nThis, this is, this is a man's world\nThis, this is, this is a man's world\nThis is a man's world\nThis, this is, this is a man's world\nThis, this is, this is a man's world\nThis, this is, this is a man's world\nThis is a man's world\nThis, this is, this is a man's world\nThis, this is, this is a man's world\nThis, this is, this is a man's world\nThis is a man's world\nThis, this is, this is a man's world\nThis, this is, this is a man's world\nThis, this is, this is a man's world\nThis is a man's world", "image": "https://images.genius.com/daba771488301f2341dbce49714b74d7.635x635x1.jpg"}], "artist": "Ice Cube"}