{"songs": [{"title": "Friday", "album": "Friday (Original Motion Picture Soundtrack)", "year": "1995-04-11", "lyrics": "[Verse 1]\nYou know it ain't no stoppin' all the dogs I'm droppin'\nIt's Friday night so everything is poppin'\nI gots ten to spend on the Hen\nSo let the games begin\nYakety yak don't talk back or it's on\nCallin' up Earl on the car phone\nMack 10 just got out of court\nRollin' through the hood in his super sport bumping Too $hort\nEighteens got the rear view mirrors vibratin'\nAnd deep-dish Daytons\nYou know how we do it\nAin't nothing to it but the floss\nOvercrowding Harrison-Ross\n'Cause if you fuck with ours\nWe leave scars\nOut of G-ride cars\nLivin' like stars\nMight hit the highway\nOn the Vegas run fool 'cause it's Friday\n\n[Hook]\nOh yeah\nThrow your neighborhood in the air\nIf you don't care\nOh yeah\nThrow your neighborhood in the air\nIf you don't care\n\n[Verse 2]\nStanding outside on a Friday living on the edge\n'Cause we all got them hard heads\nIt's seems like we all are waitin'\nFor a drive-by playing tag with Satan\nBut we chillin', yeah, we ready and willin'\nYa hear about the latest westside killing?\nForty sippin', set trippin', fo' dippin'\nPistol grippin', neva slippin'\nBGs trying to hang out\nBut OGs sayin' \"Take your little ass in the house\"\nMy big homie just got out\nUsed to be down, now he's just cracked out\nHe's bout hard as Darth Vader\nIn his sweatshirt, khakis and Chuck Taylor's\nJust seen him in the driveway\nGetting beat like a smoker a fool, 'cause it's Friday\n\n[Hook]\nOh yeah\nThrow your neighborhood in the air\nIf you don't care\nOh yeah\nThrow your neighborhood in the air\nIf you don't care\nFool\n\n[Verse 3]\nWhy must I be like that and chase the cat?\nOr settle for a hoodrat\nDookie braids no dreadlocks\nFlyin' in and out of town with half a chicken in her cock\nAnd I love her, 'cause she down\nTo fuck around with the underground pussy hound\nAnd her ass is big round and wide\nJacked up, make a nigga down to ride\nSmoking indo, playing that Super Nintendo\nHear a rat-a-Tat-Tat on my window\nGave her ass that pelvic thrust\nDon't trust the rubber 'cause its bound to bust\nIn the oven, in the nappy\nI had on two so I was happy\n'Cause that HIV'll make your dick hang sideways\nAnd that ain't cool, fool, 'cause it's Friday\n\n[Hook]\nOh yeah\nThrow your neighborhood in the air\nIf you don't care\nOh yeah\nThrow your neighborhood in the air\nIf you don't care\n\n[Outro]\nThrow the West side in the air\nThrow the East side in the air\nThrow the South side in the air\nThrow the North side in the air\nOh yeah!", "image": "https://images.genius.com/90beb3f2ae85ee389e560ae6fbf6fe68.1000x1000x1.jpg"}], "artist": "Ice Cube"}