{"songs": [{"title": "Still In The Kitchen", "album": "Everythang's Corrupt", "year": "2018-12-07", "lyrics": "[Intro]\nThe almighty E-A-Ski track\nCook it up\nYeah\n\n[Verse 1]\nRaised a man, bake a man, roll that dough\nSmokin' on a Swisha, bloody as a butcher\nCut you in two with mister Ginsu\nJohn Wu nigga from the LA Zoo\nGrade A ass, I filet that ass\nI make that cash, I birthday bash\nI wedding crash, it's the iron chef\nThe big piece of chicken, that's all that's left\nCake Boss get you full as Rick Ross\nAll this sugar, don't forget to floss\nGet lost if you already ate\nUp out the kitchen, nigga, don't violate\nDon't 'cha get shot, 'cha fuckin' bloodclot\nNo you're not, up in granddaddy pot\nShit is hot, baby, if your ass can't take it\nGet the fuck out or get butt naked\n\n[Chorus]\nW-W-West coast dime, you niggas don't want it\nI'm still in the kitchen\nGenghis Khan with Chuck Taylors on\nThere's no competition, I'm still in the kitchen\nYou niggas don't want it\nNigga, she know you rollin' in some dough\nI'm still in the kitchen\nWith all that ambition\nYeah, I'm still in the kitchen\nI'm still in the kitchen\n\n[Verse 2]\nHave you ever went over a friend's house to eat and his woman can't cook?\nNigga, I shook\nJust my luck, fuck a potluck\nB-B-Bitch better know how to fuck a duck up\nBaby, wake up and hook my steak up\nI don't give a fuck about your make-up\nDon't come in here with no Wolfgang Puck\nHockey puck tastin' ass shit that suck\nPeople know that my herbs and spices give niggas the itis with no gingivitis\nBite us\nThey think they gettin' they Wendy's but they gettin' is sugar diabetes\nThese Twinkies, got 'em wrapped around my pinkies\nCream fillin' comes out when I kill 'em\nThe cookie monster is up in the buildin'\nWilly Wonka, I treat 'em like my children\nMy favorite\n\n[Chorus]\nW-W-West coast dime, you niggas don't want it\nI'm still in the kitchen\nGenghis Khan with Chuck Taylors on\nThere's no competition, I'm still in the kitchen\nYou niggas don't want it\nNigga, she know you rollin' in some dough\nI'm still in the kitchen\nWith all that ambition\nYeah, I'm still in the kitchen\nI'm still in the kitchen\n\n[Verse 3]\nMy gumbo is like straight up Columbo\nYa know? That shit that they grow out in Humbolt\nYa know? They wanna call me the colonel\nThat nigga dead, this shit eternal\nYa know? Take a look in my cookbook\nEverything I do is a good look\nDon't mistake my notepad for the Good Book\nThe nerve of 'em, turn on my oven\nMotherfucker so full, think I drug 'em\nHand on they stomach, can't stop rubbin'\nFatten ya up and if ya herky jerky\nCarve your ass up in that turkey jerkey\nServe you on a platter with side of clam chowder\nMy hot sauce ain't just hot, it's gunpowder\nAunt Jemima but my fuckin' syrup\nI make a chef take his ass back to Europe\n\n[Chorus]\nW-W-West coast dime, you niggas don't want it\nI'm still in the kitchen\nGenghis Khan with Chuck Taylors on\nThere's no competition, I'm still in the kitchen\nYou niggas don't want it\nNigga, she know you rollin' in some dough\nI'm still in the kitchen\nWith all that ambition\nYeah, I'm still in the kitchen\nI'm still in the kitchen\n\n[Outro]\nGive me half a cup of hustle\nA teaspoon of game\nAnd a pinch of bullshit", "image": "https://images.genius.com/90eb800a406018bdc1a360ae9db5d64d.1000x1000x1.jpg"}], "artist": "Ice Cube"}