{"songs": [{"title": "Get Used To It", "album": "Raw Footage", "year": null, "lyrics": "If you try to get with me, pull a four and a fifty\nF*ck your monkey xxx up, like bobby did whitney\nTrigger fingers get itchy, when niggas get bitchy\nAnd they need they story told on jerry or ricki\nPull your green in your iffy, I'm clean and I'm spiffy\nIf they lock me up today I'll be back in a jiffy\nAll my niggas that's with me, all my xxxxxxx are picky\nTo ride around us right on time, xxxxx you know it's tricky\nTake a hit of the sticky, everybody get tipsy\nWhen we hittin' that whiskey, all my niggas get pissy\nDon't xxxx with no sissy, all we bumpin' is missy\nIf you know where I am, xxxxxxxxxxxx come get me\nI'm a man not a mickey, all my niggas love hickies\nThat don't go away 'til you're well in your sixties\nAll I'm wearin' is dickies, don't try to evict me\nWhen we come to atlanta we gon' re-open nikki'sand y'all better get use to it\nAnd y'all better get use to it\nAnd y'all better get use to it\nAnd y'all better get use to itbarracuda with it, call security\nF*ck the dress code, I'm in a white t with jewelry\nHand to my side with my nine, sat lyin' back\nIn the club with your baby mama in my lap\nLookin' fly like I got a pocket full of stones\nPro fitted on, wearin' chronic cologne\nBig watch, big rocks, grip Glocks, dick guap\nWhat you niggas thought, xxxxxxxxxxxx this is lench mob\nDub make the trigger knock, talk shit\nI'll put additional air condition holes in your bentley top\nAnd shorty got 'em gettin' low, I rich rolls\nSwervin' on them mvp's, I call 'em kobe's cause they 24's\nStill spittin' out sunflowers, dub and don dadda\nBustin' more gun powder than gun towers\nDown south, y'all can screw it, it's the west, too truest\nKeep the party jumpin' like do it fluid and never lose itand y'all better get use to it\nAnd y'all better get use to it\nAnd y'all better get use to it\nAnd y'all better get use to itwho my gangsta rap teacher? (ice cube) nigga you better know it\nIt's the don dadda jr. slash motherf*ckin' poet\nSit back and take notes while I spin like hundred spokes\nMy flow is razor sharp, I'm comin' straight for your throat\nWith that west coast, gangbang, watch him when his chain hang\nEast coast, down south, niggas do the same thang\nThrow up your dubs like wu-tang, who bang\nHarder than that nigga bailin' through your hood with two chains\nSwangin' like his nuts, 'cause he don't give a f*ck\nBout no nigga that ain't bangin' in no khakis or some chuck's\nIt's that westside, connect'd with that nigga who flow so wreckless\nHe spent a hundred thousand on his necklace, I'll bet this\nMotherf*ckin' coast ain't got xxxx after me\nAin't have xxxx before cube except a w.c\nThe maad circle is back, with mad purple in fact\nI'm bout to join the lench mob, that's me squirtin' the mac, motherf*ckersand y'all better get use to it\nAnd y'all better get use to it\nAnd y'all better get use to it\nAnd y'all better get use to it", "image": "https://images.genius.com/284f4145950de6c7f91a598379e2bb40.1000x1000x1.jpg"}], "artist": "Ice Cube"}