{"songs": [{"title": "Record Company Pimpin'", "album": "War & Peace Vol. 2 (The Peace Disc)", "year": "2000-03-21", "lyrics": "[Intro]\nPlease listen to my demo\nPlease listen to my demo\nPlease listen to my demo\nPlease listen to my demo\nPlease listen to my demo\nPlease listen to my demo\nPlease listen to my demo\nPlease listen to my demo\nA nigga told me, the record company's the pimp\nThe artist is the ho, The stage is the corner\nAnd the audience is the trick, god damn\n\n[Verse 1]\nIncredible young nigga, you can't belive I'm just one nigga\nGod damn i've gotten bigger\nIntellect superior\nWalk in a room and make the whole interior, inferior\nIf you look me in my eyes\nYou might fuck around and lose control\nOf your mind body and your soul, grab ahold\nUndisputed on the microphone, what choo think\nIf you wink, i'll make you ich think\nDid you blink, did you ever drink your own brain matter\nShotgun enema, this ain't no cinema\nAll praises due to the creator\n--for this man here, that can't no nigga stand near--\nTrue, inventor of the W\nWhat choo wanna do, i got the red and the blue\nShow me one nigga dedicated to raps\nI'll show you ten niggas dedicated to snaps\nRecord company death traps settin' decoys\nJust to pimp young b-boys\nWith a cup full of yak, studio contact\nManiac with a contract\nWell turn up the bass and the motherfuckin' treble\nAbout to do a deal with the devil for my vocal level\nBullshit points, plus he want to rub it in\nAnd take all my publishin', god damn\nDo i take it up the rectum\nJust to rock the spectrum\nGive up a right arm, just to do a form\nHell no, all you motherfukers goan leave this bitch limpin'\nNo more, record company pimpin'\n\n[Chorus]\nNo more (No more), record company pimpin'\nNo more (No more), record company pimpin'\nNo more (No more), record company pimpin'\nNo more No more No more No more\nYou ain't pimpin' me (uhn uhh, uhn uhh)\nI ain't pimpin' you (uhn uhh, uhn uhh)\nI just wanna be free (i just wanna be free)\nSo what we gonna do (can i holla at you, holla at you)\nYou ain't pimpin' me (please listen to my demo)\nI ain't pimpin' you (please listen to my demo)\nI just wanna be free (i just wanna be free)\nSo what we gonna do (can i holla at you, holla at you)\n\n[Verse 2]\nI'mma keep it simple, it went from \"please listen to my demo\"\nTo \"get your ass out my limo\"\nStretch presidential\nIt's essential cuz the record company will have your ass in a rental\nIf you let 'em, You have to behead 'em\nContracts you never read 'em\nCEO's you never met 'em\nSent to an atourney, Burnstein and Burney\nNigga that's his lawyer, ain't got nothin' for ya\nTreat ya like they emloy ya, I'm a warrior\nBite you in the ass like a Georgetown Hoya\nWhen they ignore ya cause, you got to hold your balls\nCatch a motherfucker slippin' in bathroom stalls\nAnd then you show 'em that you ain't a rookie\nLet 'em know that you'd rather have, more points than more pussy\nPimp turned bookie\nNow how the fuck i get in so much debt\nGod damn, we just met\nWelcome to the rap game\nMotherfucker be confused and broke before he know whats happenin'\nYou can be the star and fuck women\nI'mma just play the back and keep pimpin'\n\n[Chorus]\nNo more (No more), record company pimpin'\nNo more (No more), record company pimpin'\nNo more (No more), record company pimpin'\nNo more No more No more No more\nYou ain't pimpin' me (uhn uhh, uhn uhh)\nI ain't pimpin' you (uhn uhh, uhn uhh)\nI just wanna be free (i just wanna be free)\nSo what we gonna do (can i holla at you, holla at you)\nYou ain't pimpin' me (please listen to my demo)\nI ain't pimpin' you (please listen to my demo)\nI just wanna be free (i just wanna be free)\nSo what we gonna do (can i holla at you, holla at you)\n\n[Bridge]\nIt went from please listen to my demo\nTo get your ass out my limo\nIt went from please listen to my demo\nTo get your ass out my limo\nIt went from please listen to my demo\nTo get your ass out my limo\nIt went from please listen to my demo\nTo get your ass out my limo\n\n[Outro]\nMama's, don't let your kids grow up to be rappers\nUnless you tell them if they gonna get in this business\nThey better learn this business\nOr they gon' get fucked\nSimple as that\nSimple as that", "image": "https://images.genius.com/b41b30150e61b258f8624ead118328fe.1000x1000x1.jpg"}], "artist": "Ice Cube"}