{"songs": [{"title": "Once Upon a Time in the Projects", "album": "AmeriKKKa's Most Wanted", "year": "1990-05-16", "lyrics": "[Produced by Sir Jinx]\n\n[Verse 1: Ice Cube]\nOnce upon a time in the projects, yo\nI damn near had to wreck a ho\nI knocked on the door, \"Who is it?\"\nIt's Ice Cube, come to pay a little visit to ya\nAnd what's up with the niggas in the parking lot\nShe said \"Fuck em, cause they get sparked a lot\"\nI sat on the couch but it wasn't stable\nAnd then I put my Nike's on the coffee table\nHer brother came in, he's into gang-bangin'\nCause he walked up and said \"What set you claimin'?\"\nI don't bang, I write the good rhymes\nThe whole scenery reminded me of Good Times\nI don't like to feel that I'm put in a rut\nBy a young nigga that needs to pull his pants up\nHe threw up a set and then he was gone\nI'm thinkin' to myself, won't this bitch bring her ass on?\nHer mother came in with a joint in her mouth\nAnd fired up the sess, it was sess no doubt\nShe said, \"Please excuse my house,\" and all that\nI said, \"Yeah,\" 'cause I was buzzed from the contact\nLookin' at a fucked up black and white\nHer mom's bitchin' cause the county check wasn't right\nShe had another brother that was three years old\nAnd had a bad case of the runny nose\nHe asked me who I was then I had to pause\nIt smelled like he took a shit in his little drawers\nI saw her sister who really needs her ass kicked\nOnly thirteen and already pregnant\nI grabbed my forty out the bag and took a swig\nCause I was getting overwhelmed by BeBe Kids\nThey was runnin' and yellin' and playin' and cussin' and tellin'\nAnd look at this young punk bailin'\nI heard a knock on the door without the password\nAnd her mom's got the twelve gauge Mossberg\nThe nigga said \"Yo, what's for sale\" (Yo, what's for sale, man?)\nAnd the bitch came out with a bag of yayo\nShe made the drop and got the twenty dollars\nFrom a smoked-out fool with ring around the collar\nThe girl I was waiting for came out\nI said, \"Bitch, I didn't know this was a crack house\"\nI got my coat, and suddenly\n(Stop, the police, don't move! Freeze, I'll kill ya!)\nThe cop busted in and had a Mac-10 pointed at my dome\nAnd I said to myself, \"once again it's on\"\nHe threw me on the carpet and wasn't cuttin' no slack\nJumped on my head and put his knee in my back\nFirst he tried to slap me up, wrap me up, rough me up\nThey couldn't do it so they cuffed me up\nI said, \"fuck, how much abuse can a nigga take\"\nHey yo officer you're making a big mistake\nSince I had on a shirt that said I was dope\nHe thought I was selling base and couldn't hear my case\nHe said, \"get out my face\" and musta had a grudge\nHis reply, \"Tell that bullshit to the judge\"\nThe girl I was with wasn't sayin nothin'\nI said \"Aiyyo bitch you better tell em somethin'\"\nShe started draggin' and all of a sudden\nWe all got tossed in the paddy wagon\nNow I beat the rap but that ain't the point\nI had a warrant so I spent two weeks in the joint\nNow the story you heard has one little object\nDon't fuck with a bitch from the projects", "image": "https://images.genius.com/f06b79102935bc9ab2c8c140b5cfc05a.500x500x1.jpg"}], "artist": "Ice Cube"}