{"songs": [{"title": "Arrest The President", "album": "Everythang's Corrupt", "year": "2018-11-09", "lyrics": "[Intro]\nYeah\nWhen I drop the mic it hit the floor like Thor (That's right)\nYou can't pick it up no more (Don't even try)\nY'all know what it is, y'all know what it was (Yeah)\nY'all know what it shall be\n\n[Verse 1]\nGet smart 'fore the shit start\n'Fore it get dark, 'fore they hit you with the pitchfork\nBetter crip walk (Crip walk), this is real talk\nSmoke kush and bush, then we peel off (Eugh)\nNiggas still rollin' with the wheels off (Eugh)\nAlways lookin' out for the crisscross\nI'm a bigger boss than Rick Ross\nAlways winnin', nigga, get lost\nIt's the warlord, bring the voodoo\nWhen I bail through, it's crazy like Bellevue\nWhat they tell you? (Leave that boy alone) Leave that boy alone\nLike Home Alone (Yeah), fuck a skull and bone\nArrest the president, you got the evidence\nThat nigga is Russian intelligence (Okay)\nWhen it rains it pours\nDid you know the new white was orange?\nBoy, you're showing your horns\nThey're tryin' to replace my halo with thorns\nYou so basic with your vape stick\nLet's go apeshit in the matrix\n\n[Chorus]\nArrest the president, arrest the president\nArrest the president, you got the evidence (Nigga)\nArrest the president, arrest the president (Crazy)\nArrest the president, you got the evidence\n\n[Verse 2]\nI took back my ice, in all black tonight\nThat's right, some niggas gotta sacrifice\nNot a criminal (No), I'm a seminal (Yeah)\nI was free once, now I'm clinical (Crazy)\nYou so technical, this was Mexico\nNow everywhere I go is owned by Texaco (Fuck them)\nFuck them and the rest of you (Hell yeah)\nI turn a fruit into a vegetable (Pop you motherfuckers out)\nI'ma roll with the aliens\nMan, fuck these homo sapiens\nThey don't really wanna make friends (Hell no)\nAll they want is a Mercedes Benz (Hell yeah)\nAll they want is they dividends\nAnd decibels, fuck these citizens\nThey'll treat us like hooligans\nThrow 'em in, they don't care what school he in\nThese people don't play fair\nIt ain't even fair at the state fair\nGive a young nigga grey hair\nThat's why I'm here, make your ass lay there\nPunk, you better stay there\nClose your fucking eyes like it's day care\nMake myself clearer than Shakespeare\nI'm here to take money even fake hair\nSo desperate is what I'm left with\nFor the record you affected\nWho you elected is so septic\nSo full of shit, I can't accept it\n\n[Chorus]\nArrest the president (Woo), arrest the president (Woo)\nArrest the president, you got the evidence (Nigga)\nArrest the president (Nigga), arrest the president (Nigga)\nArrest the president, you got the evidence (Nigga)\nArrest the president (Nigga), arrest the president (Nigga)\nArrest the president, you got the evidence (Nigga)\nArrest the president (Nigga), arrest the president (Nigga)\nArrest the president, you got the evidence\n\n[Verse 3]\nI reside on the Westside (Westside)\nI murder with my third eye (Third eye)\nNiggas so fly, get a bird's eye (Ahh, ahh)\nI make 'em scream bloody murder\nLet's meet at the White House (Come on)\nRun in and turn the lights out\nMan, they treat it like a trap house (Yeah)\nThese motherfuckers never take the trash out (Damn)\nThey just cash out and mash out\nNigga take your drugs and pass out (Shut the fuck up)\nNiggas love to go that fast route (Yeah)\nI see you and your black ass, get out\nHomie, you play too much (Yeah)\nWhile these devils, they doin' way too much (Much)\nMost of 'em won't say too much\nWhy they're steady plannin'? God knows what (God knows what)\nThat's why I roll with the real ones\nReal ones tryin' to reach millions\nReal ones tryin' to make billions\nReal ones dressed like civilians\n\n[Chorus]\nArrest the president, arrest the president\nArrest the president, you got the evidence (Woo)\nArrest the president (Woo), arrest the president (Woo)\nArrest the president, you got the evidence", "image": "https://images.genius.com/82f8724d8c9f41832ade724669b5689c.1000x1000x1.jpg"}], "artist": "Ice Cube"}