{"songs": [{"title": "Ain't Got No Haters", "album": "Everythang's Corrupt", "year": "2018-12-07", "lyrics": "[Chorus: Ice Cube]\nSorry, y'all, I ain't got no haters\nAll I got is motherfuckin' players\nWe get money in motherfuckin' layers\nSorry, y'all, I ain't got no haters\nSorry, y'all, I ain't got no haters\nAll I got is maids and waiters\nAll I got is suits and gators\nY'all niggas lost and I'm Las Vegas\n\n[Verse 1: Ice Cube]\nSorry, y'all, I ain't got no haters\nEverybody love black ass Darth Vader\nYou and your woman love to see me comin'\nCome through bumpin', little kids runnin'\nChasin' me down like the ice cream truck\nThese police, they never light me up\nI'm that nigga, baby, hype me up\nFuckin' up at work, they never write me up\nThey always hold me down and raise me up\nAnd all these women wanna glaze me up\nNever turnt down, I'm turnt up\nYou heard me, bitch, I said, \"I'm turnt up\"\nAlways on ten, always too loud\nAlways too hard for this boujee ass crowd\nEven these haters, they love my style\nSo, I don't know what you talkin' about\n\n[Chorus: Ice Cube]\nSorry, y'all, I ain't got no haters\nAll I got is motherfuckin' players\nWe get money in motherfuckin' layers\nSorry, y'all, I ain't got no haters\nSorry, y'all, I ain't got no haters\nAll I got is maids and waiters\nAll I got is suits and gators\nY'all niggas lost and I'm Las Vegas\n\n[Verse 2: Too $hort]\nYour situation is ugly, not mine, nothin' but love for me\nYou on the grind tryna turn a dub to a G\nAnd I'm flyin' 'round the world doin' shows overseas\nI'm chillin' with some females\nI don't shop for bargains, fuck a pre-sale\nToo much game tryna sell some\nYou know you can't hate on a real one\nToo $hort, I ain't no nice dude\nI'm like Ice Cube, run up in your wife fool\nO.G., enjoyin' my life\nStill gettin' money when I'm on the mic\nThirty years later still spittin' flows\nGettin' paid to call these bitches hoes\nI get love wherever I go\nAnd I'm always tryna get some more\nBeeeotch\n\n[Chorus: Ice Cube]\nSorry, y'all, I ain't got no haters\nAll I got is motherfuckin' players\nWe get money in motherfuckin' layers\nSorry, y'all, I ain't got no haters\nSorry, y'all, I ain't got no haters\nAll I got is maids and waiters\nAll I got is suits and gators\nY'all niggas lost and I'm Las Vegas\n\n[Verse 3: Ice Cube]\nJackpot, think I'm in the crack spot? You a crackpot\nI'm a slip knot and I'ma get hot\nAnd I'ma stay hot so take a backseat, nigga, Maybach\nBoy, do what I say, nigga, robot\nYou kinda hit and miss, I'm the sure shot\nNever sold out, niggas bought out\nYou won't survive the fallout when I go all out\nMichael ball out but never touch no balls\nI ain't a athlete, I can't take no loss\nAll I know is champagne in my eyes\nAll this hate is what I don't recognize\nAll I know is that L-O-V-E\nThey beg me to drink a forty of O-E\nLow key, bump like a oldie\nNiggas treat me better than Kobe\n\n[Chorus: Ice Cube]\nSorry, y'all, I ain't got no haters\nAll I got is motherfuckin' players\nWe get money in motherfuckin' layers\nSorry, y'all, I ain't got no haters\nSorry, y'all, I ain't got no haters\nAll I got is maids and waiters\nAll I got is suits and gators\nY'all niggas lost and I'm Las Vegas", "image": "https://images.genius.com/90eb800a406018bdc1a360ae9db5d64d.1000x1000x1.jpg"}], "artist": "Ice Cube"}