{"songs": [{"title": "It Is What It Is", "album": "I Am the West", "year": "2010-09-28", "lyrics": "[Intro]\nWill I ever get it right? Get it right? {*2X*}\nMy momma think I'm outta sight, outta sight {*2X*}\nIt is what it is, it is, it is {*2X*}\nI do this for my kids, my kids, my kids {*2X*}\n(Understand me~!)\nNow homey do you dig, do you dig, do you dig?\nIt is what it is, it is, is is\nI do this for my kids, my kids, my kids {*2X*}\n\n[Ice Cube]\nNow will I ever get it right? Get it right?\nEven though I'm out at night, livin life\nGirl I'm tryin to make this money, I ain't even playin\nCourse the game I'm in, it ain't even payin\nWhen I'm on the go, on the go\nEverybody wanna know, wanna know\nCube where the fuck you goin, each and every day?\nI just turn around, and I say\n\n[Hook]\nIt is what it is, it is, it is {*2X*}\nI do this for my kids, my kids, my kids {*2X*}\nNow homey do you dig, do you dig, do you dig?\nIt is what it is, it is, is is\nI do this for my kids, my kids, my kids {*2X*}\n\n[Ice Cube]\nEven though I'm messin up, messin up (you fuckin up)\nFeel the devil catchin up, catchin up\nI put it in the Lord's hands, he is the man\nPlease his demands 'fore he turn me into sand (don't do it)\nBut got to pay the rent, pay the rent\nWithout the government, government\nI do it for the fuck of it, fuck of it {*2X*}\n\n[Hook]\n\n[Interlude]\nGot to get my swagger up {*2X*}\nPlease get yo' swagger up\nGot to get my swagger up\nBetter get my swagger up\n\n[Outro]\nCheck this out homey\nThis business right here, is personal\nI would go around you, over you, under you or THROUGH you\nTo make sure none of my family suffer\nDo you understand me?!\n\n[Hook]", "image": "https://images.genius.com/f1c6e4522c58b032c43433a2345b1bb1.1000x1000x1.jpg"}], "artist": "Ice Cube"}