{"songs": [{"title": "Jackin For Malt Liquor", "album": null, "year": null, "lyrics": "* Another rehearsal of Jackin' For Beats\n\n[Intro: K-Dee]\nCome here, come here\n\n\"I've been fuckin' help the crew\"\n\nGet that boy!!\n\n[Ice Cube]\nGive me that brew, fool\nIt's a full time jack move\nSt. Ides Malt Liquor make the back move\nAnd I'll tell any Tom, Dick and Hank\nWho bought Eight Ball, you got ganked\nWith the black mack the copper\nCause the St Crooked I is so proper\nWith the L-E-N-C-H-M-O-B toss a dope can and a forty\nAnd that's how we'll greet you\nPass you a brew the first time we meet you\nYou feel dumb cause you didn't know\nIce Cube don't drink that other Bear no more\nDrink some and you won't change back\nYou'll say - \"I ain't never drunk a Bear like that\"\nOff the end of the bottle you'll choke\nShort Dog is in the house - \"Yo, pass the Coke\"\nAnd if you wanna come up\nPull to the store and get out and then run up\nGo to the counter with your five\nAnd buy a fourty of the St. Ides\n\n[Outro]\nAwww yeah\nAwww yeah", "image": "https://images.genius.com/c457bbdb72f694aa2707c388b36e7230.960x764x1.jpg"}], "artist": "Ice Cube"}