{"songs": [{"title": "Damn Homie", "album": null, "year": "2014-02-12", "lyrics": "[Chorus: 50 Cent]\n\nDamn, homie\nIn high school you was the man, homie\nThe fuck happened to you?\n(x2)\n\n[Verse 1: Ice Cube]\nI remember you all shucky ducky\nYou remember me: nigga don't try'na dub me\nWe had forth period together\nI was rockin' sway but you was rockin' leather\nYou had a pocket full of cheddar\nYou waved it in my face\nI wish my life was better\nYou was the shit back in highschool\nNever went to class, but all the bitches liked you\nYou used to ditch and say \"Bye fool\"\nHit the fence, I wanted to be like you\nBut damn I like learning\nThe money that I get is the money that I'm earning\nRemember I was workin' around 2 in the morn'\nYou and your homies clowned a nigga uniform\nI laughed it off, like a classy motherfucker\nIt was good to see you, ashy motherfucker\n\n[Chorus]\n\n[Bridge: Ice Cube]\nWas ditchin' them classes\nWas chasin' them asses\nYou quiting them jobs\nYou move like molasses\nYou don't give a shit\nUnless it is free\nSo easy, I come naturally", "image": "https://images.genius.com/d6ee3433ab3c9625a9a76d5a415238dc.500x500x1.jpg"}], "artist": "Ice Cube"}