{"songs": [{"title": "My Name", "album": null, "year": null, "lyrics": "[Verse 1: ? ;(Ice Cube)]\n\nBitch, what's my name\nO M to the (yeah) AKA badass nigga\nYoung California (California)\nDon't just hit switches (no)\nSLR, I fly pass niggas\nNo [?] on the\nOMG, I'm hot and I'm cold\nI ain't gotta put you in a box with the chrome\n\nI gotta go\nI told [?] that I meet him at the top of the throat\nCatch me in this bitch and I'm [?]\nWith a bad bitch you couldn't make it on a [?]\nI'm so cold\nAnd I'm sorry mama but I can't [?] change\n[?]\nRapping the niggas\n[?] east L.A\nLench Mob [?]\nWest side 'till I'm in my grave\nNo drinkin' no smoke for [?]\nPass the cigars and champagne\n[?]\nThrowin' stacks [?]\nFuck bitches and fuck [?] lifes\nSo much I should say it twice\nDon't need a nigga [?]\nI'm too busy living my life\nCause this' my life, it's the life\nWith two chicks I'm [?]\nAnd you know if they came through\n[?] staying overnight\nBut not tonight, I got a flight\nFrom [?] to the fight\nBetter be WIFI on my flight\nCause my hoes be lovin' skype\nOMG I'm in this bitch\nKickin' it here with my big bruh\nAll these hoes be shinin' brown\nJumpin' all over my nigga\nFuck with us\nNigga might fuck around and end up layed all out and drunk\nParalysed niggas can't do that walk\nAll you niggas do is talk\nAnd if I offend you [?] thugs\nExcuse my Kanye-West-Michael-Jordan-shrug, uhh\nAnd that's where the Percy Miller\nYoung Ice like water to these thirsty ass bitches\nNo hands\nNo hands\nNo hands\nTell that bitch to suck my dick with no hands\nNo hands\nNo hands (hahaha)", "image": "https://images.genius.com/c457bbdb72f694aa2707c388b36e7230.960x764x1.jpg"}], "artist": "Ice Cube"}