{"songs": [{"title": "A Boy Was Conceived (Intro)", "album": "I Am the West", "year": "2010-09-28", "lyrics": "[Keith David]\nOnly three short years after the 1965 Watts Riots\nAnd the death of Malcolm X\nAnd of the assassination of Martin Luther King Jr\nA boy was conceived\nWhose lyrics would change the world\n\n[Mike Epps]\nCube, please stop rapping so we can come out and get some, some more of this action man. You know when we ain't doin' no movies I'm back out here selling half ounces and quarters of that good weed in the neighborhood", "image": "https://images.genius.com/f1c6e4522c58b032c43433a2345b1bb1.1000x1000x1.jpg"}], "artist": "Ice Cube"}