{"songs": [{"title": "Better Off Dead", "album": "AmeriKKKa's Most Wanted", "year": "1990-05-16", "lyrics": "[Intro]\n\n[Footsteps]\n\n[Prison Guard:]\nHeheh.. Heheh. Yeah!\nGot him now. [keys clinking]\nHey, Cube! Cube, boy!\n\n[Ice Cube:]\nWhat, what? Whattup?\n\n[cell door closing]\n\n[Prison Guard:]\nGet your ass UP!\n\n[Ice Cube:]\nAiii... Ohh, shit!\n\n[Prison Guard:]\nTime to go!\n\n[Ice Cube:]\nWhassup? Ooh, man, shit!\n\n[Prison Guard:]\nWe goin' for a 'little walk\nClose 7! [footsteps]\n\n[Ice Cube:]\n'Ey, man. 'Ey, man!\n\n[Prison Guard:]\nWhat?\n\n[Ice Cube:]\nI never did like you. [footsteps]\n\n[Prison Guard:]\nOpen it up!\n[cell door opening]\n[cameras clicking]\n\n[Prison Guard:]\nStrap him in! All right... Calm down!\nYou got any last words?\n\n[talking]\n\n[Ice Cube:]\nYeah. Yeah, I got some last words... FUCK ALL Y'ALL!\n\n[Prison Guard:]\nSwitch\n[electric shock]\n\n[Unknown news anchor speaks:]\n\"Was America willing to maintain order...\nNo matter what the cost?\"", "image": "https://images.genius.com/1cb382d2d9fb4a9bfa94e3074c1aa220.1000x1000x1.jpg"}], "artist": "Ice Cube"}