{"songs": [{"title": "Chrome & Paint", "album": "Laugh Now, Cry Later", "year": "2006-06-06", "lyrics": "[Ice Cube]\nYay-YAY! Cali-forn-yi-aye\nSunday afternoon baby, pull it out\nWhip it out, pull it out, drive it out, drop it out\nYou know! Let 'em know\n\n[Hook: Ice Cube]\nI got chrome and paint\nNigga what you thank, I got chrome and paint\nBitch what you drank, I got chrome and paint\nSmokin that dank in my chrome and paint\nStreet lights - dance on paint\nStreet lights - dance on chrome\nStreet lights - get a nigga home\nYou can die in these streets all alone\n\n[Ice Cube]\nI am the wrong nigga, too fuckin grown nigga\nTo go for that nigga, I ain't 'cha ho nigga\nI got, a hair trigger, I am the dome splitter\nThe deep-sea sniper, you got the wrong niggas\nRetire like Jigga, here comes the Attila the Hun\nKillin niggas for fun, these rappers is done\nThe bigger they come, the harder they fall\nI burn like the sun, continue to ball\nHe's got nuts and plus the Don touch\nAnd split the fine dutch, Starsky call Hutch\nHe's laid, with some sluts, up in some guts\nJust back, in the cut, he thinks he's King Tut\nCain't fuck, this nigga up, cause just, the nigga luck\nThat niggas, really love him and tear the city up\nUhh, even though I'm fuckin with the po'-po'\nThem nigga know how I act in the low-low\n\n[Hook]\n\n[W.C.]\nI'm ghetto like grits, die befo' I snitch\nOff my ass khakis sag like cellulite tits bitch\nUnder the suede, headliner and I ain't yo momma\nPlay with my dollars on yo' ass they'll be layin flowers\nI put a hole in your brain with these hollow hot rocks\nHittin the switch, makin the fo' hopscotch\nRollin up imperial in dickie material\nAll in your periphreal, throwin shells at your vehicle\nClipped up, pimped up, big chipped up\nStacy Adams tips spiffed up, golf hat flipped up\nI blow yo' ass off the map, fuck with Dub\nI'll have yo' ass rollin home with windshield glass on your lap\nFuck rap, I'm wearin a creased tee, eatin ribs\nLaughin at you niggas on MTV Cribs\nI got the chrome thang thang to make the dome stank\nHood life forever bitch, chrome and paint, c'mon\n\n[Hook]\n\n[Ice Cube]\nStreet lights (woop woop) {*2X*}\nEven though I'm fuckin with the po'-po'\nThem nigga know how I act in the low-low\nSlow mo', nigga check out my promo\nYou mo'fo's can't fuck with my mojo\n\n[Hook]\n\n[Ice Cube]\nStreet lights {*echoes*}", "image": "https://images.genius.com/c4141aa982e145b56c3c52c3fbd1c258.1000x1000x1.jpg"}], "artist": "Ice Cube"}