{"songs": [{"title": "Doin What it Pose 2Do", "album": "Laugh Now, Cry Later", "year": "2006-06-06", "lyrics": "[Bridge]\n\"Thinkin' about what he gon' do now\"\n\"Ri-ride through the hood\"\n\"Keep it low to the ground\" \"Gangster\"\n\"Ride through the hood\"\n\"Keep it low to the ground\"\n\"Ri-ride through the hood\"\n\"Keep it low to the ground\" \"Gangster\"\n\"Ride through the hood, ride through the hood\"\n\"Ri-ride through the hood\"\n\"Keep it low to the ground\"\n\"Ri-ride through the hood\"\n\"Keep it low to the ground\"\n\"Ri-ri-ri-ride through the hood\"\n\"Keep it low to the ground\" \"Gangster\"\n\"Low, low to the, l-l-low to the ground\"\n\n[Hook]\nYou see my lo' lo' (doin' what it 'pose to do)\nAnd that fo' do' (doin' what it 'pose to do)\nYou know my big watch (doin' what it 'pose to do)\nI make the bitches watch (doin' what it 'pose to do)\nI see that big ass (doin' what it 'pose to do)\nWhen you walk pass (doin' what it 'pose to do)\nYou know my shit shine (doin' what it 'pose to do)\nI make the bitch mine (doin' what it 'pose to do)\n\n[Verse 1]\nHad to come through, shine on you niggas\nStop lyin' on a nigga, got my nine on your liver {\u200b\u200b*click clack*}\u200b\u200b\nFuck around and go blind on a nigga\nDo time for a nigga, put your mind on your mirror (POO POW!)\nAll you niggas that's materialistic\nDon't fuck wit'cha boy or become a statistic\nIce Cube is very artistic\nBut I'm still from the hood, will take your existence\nSo muhfuckers tryna scratch my paint\nIt's West coast in the house, what the fuck you thank? (what the fuck you thank?)\nBig bank got, spent on my outfit\nCause I'm fly and your ass ain't about shit\nI let that bullshit do what it 'pose to do\nGo to the club, grab me a ho or two\nUnderstand, God has a chosen few\nFuck around, and I'll put some holes in you\n\n[Hook]\nYou see my lo' lo' (doin' what it 'pose to do)\nAnd that fo' do' (doin' what it 'pose to do)\nYou know my big watch (doin' what it 'pose to do)\nI make the bitches watch (doin' what it 'pose to do)\nI see that big ass (doin' what it 'pose to do)\nWhen you walk pass (doin' what it 'pose to do)\nYou know my shit shine (doin' what it 'pose to do) {\u200b\u200bbling}\u200b\u200b\nI make the bitch mine (doin' what it 'pose to do)\n\n[Verse 2]\nNow e'ry muhfucker in here can picture me rollin'\nIn that big body wide thang, a nigga controllin'\nY'all jealous of the ass that a nigga be holdin'\nAin't scared of the po' po' and what they patrollin'?\nGotta job muhfucker, I work for myself\nI got benefits bitch, dental and health\nI do it 24/7, I rob 7-11\nIf I had to, I take it straight back to heaven\n'Witta Attitude', I got the Range blowed out\nSo if you jack me homey, I never jump out (No!)\nI just tickle these switches and pickle these bitches\nThat's lickin' all on my paint job like liquorish\nI know a lotta dances, they call me Jolly Ranchers\nCause I shine like Rudolph, nigga fuck Prancer!\nIce Cube, reflect like chrome (bling!)\nWhen I'm in the hood, I run it like Rome (Yi-YAY!)\n\n[Hook]\n\n[Verse 3]\nCall her ass right there, she got that kush\nAnd I'mma run all through it like Reggie Bush\nAnd I'mma hit that bush like George Bush\nIn the middle of the night like a crook\nDon't fuck with her, her ass is average\nOnly fuck with the ones with the whole package\nWho gives a fuck if yo' ass look good\nIf yo' ass can't cook good, that's on the hood (that's on the hood)\nFine bitches, you shit out of luck\nCause I'm prolly gon' eat more than I fuck (more than I fuck)\nYou got do it all, not just in the mall\nCook and cleaning, love a nigga's shitty drawers\nNaw, I'll keep you flossin' up at Ready Tellers\nThe kinda shit that make them other bitches jealous\nPull up, jump out, I'm like new money\nAnd watch the bees in the house come and get the honey\n\n[Hook]\n\n[Bridge]\n\"Ri-ride through the hood\"\n\"Keep it low to the ground\" (Cube: Yeah)\n\"Ride through the hood\"\n\"Keep it low to the ground\" (Cube: Show out)\n\"Ri-ride through the hood\"\n\"Keep it low to the ground\" (Cube: Show out)\n\"Ride through the hood, ride through the hood\" (Cube: Nigga, I'mma show out)\n\"Ri-ride through the hood\"\n\"Keep it low to the ground\" (Cube: Show out)\n\"Ri-ride through the hood\"\n\"Keep it low to the ground\" (Cube: Show out)\n\"Ri-ri-ri-ride through the hood\"\n\"Keep it low to the ground\" (Cube: Show out nigga, show out)\"Low, low\nTo the, l-l-low to the ground\" (Cube: Show out)", "image": "https://images.genius.com/c4141aa982e145b56c3c52c3fbd1c258.1000x1000x1.jpg"}], "artist": "Ice Cube"}