{"songs": [{"title": "Y'all Know How I Am", "album": "I Am the West", "year": "2010-09-28", "lyrics": "[Intro: Ice Cube]\nDon't trip, y'all know how I am (I'm a fool)\nI'm a fool, y'all know how I am...\nDrop it {*2X*} uhh, yeah\n\n[Hook: Ice Cube]\nDon't trip, y'all know how I am (don't trip)\nI'm a fool, y'all know how I am\n\n[Ice Cube]\nMister, Ice Cube nigga treat me like the man\nIf not I come through, slap rock, bam bam\nUncle Sam cain't fuck wit'cha nephew\nF-U, y'all better let a vet through\n\n[Hook]\n\n[OMG]\nOh my goodness! OMG make 'em say oh my goodness\nIn L.A. with two fives like L. Goodrich\nBlack Lambo' keep me on my bullshit\nDisrespect the team, I wish you would bitch\n\n[Hook]\n\n[Doughboy]\nThey call me Doughboy bitch, you know how I do\nI spit it straight from the top like a frisbee on a roof\nYou can call a nigga dope baller krispy in a Coupe\nEvery +Friday After Next+ I'm pullin in something new...\n\n[W.C.]\nHa ha, yeah, uhhh..\nThe dirty rubber, play the gutter, fallin from my lady lover\nThree-eighty clutcher, Dub shady than a motherfucker\nTurnin a Bacardi up, shoot the whole party up\nCatch you at the stop light, what Da Lench Mob like?\n\n[Hook]\n\n[Maylay]\nMaylay, ugly, get stupid, McNoopid\nCame in with Dub C on this Ice Cube shit\nL.A. hat, khak's and Air Max\nBlast the C-A tat yeah we stay strapped\n\n[Hook]\n\n[Ice Cube]\nI'm a fool, I'm a trip, I'm a Blood, I'm a Crip\nI'mma slide, I'mma dip, I'mma take you on a trip\nWhere the girls wanna strip if you stick to the script\nAct up if you think I'm on some Hollywood shit {*echoes*}\n\n[Outro 2X: Ice Cube]\nI'm a fool, I'm a fool, y'all know how I am\nDon't trip, don't trip, y'all know how I am", "image": "https://images.genius.com/f1c6e4522c58b032c43433a2345b1bb1.1000x1000x1.jpg"}], "artist": "Ice Cube"}