{"songs": [{"title": "Go to Church", "album": "Laugh Now, Cry Later", "year": "2006-06-06", "lyrics": "[Intro 1: Snoop Dogg]\nNigga you need to stop snitchin'!\nAll that yip-yappin and jaw-jackin\nNigga if you scared, go to church\nYou knew the job was dangerous when you took it\nWhattup it's the big boss Dogg\nSnoop D-O-double-G, Eastside L.B.C\nAnd I'm bobbin to the beat of my O.G. homeboy Ice Cube\nAnd I'm C-walkin' on the motherfuckin' concrete\n\n[Intro 2: Ice Cube]\nYo if you're fucked up, put your cups up\nIce Cube and Snoop Dogg, nigga what's up\nSee he's a gangster, I'm a hustler\nYo it's either thank ya, or it's fuck ya\n\n[Verse 1: Ice Cube & Lil Jon; Both]\nI'm down with Lil Jon ain't got to pretend (yeah!)\nCrunk Juice nigga run the club that you in (hey!)\nYou scary motherfuckers don't wanna bring the ruckus (nah!)\nYou just spend all your time in the club tryin' to duck us (what?)\nAnd if you walk by nigga, I'mma knock fire nigga\nFrom yo' ass, you can come try nigga (hey!)\nIn the hood, all the way down South (yeah!)\nI ain't Mike Jones, keep my name out'cha mouth bitch (Mike Jones)\nWe can get it crackin' if it get to clickin' - clackin'\nLook at Mr. Jackson, nigga with no reaction\nIf you scared, go to church, we gon' hit you where it hurts\nThat don't work, we'll put you in the dirt (hey!)\nCause a whole lot of rappers make a whole lot of noise (hey!)\nLyrics full of steroids, niggas paranoid (hey)\nAnd when you get that blowup, it make you throw up\nWhen you realize your favorite rapper ain't got no nuts\n\n[Chorus: Ice Cube & Lil Jon]\nIf you a scared motherfucker go to church (go to church)\nIf you a gutter motherfucker do your dirt (a do your dirt)\nIf you a down motherfucker put in work (a put in work)\nIf you a crazy motherfucker go berzerk (a go berzerk!)\nIf you a scared motherfucker go to church (go to church)\nIf you a gutter motherfucker do your dirt (a do your dirt)\nIf you a down motherfucker put in work (a put in work)\nIf you a crazy motherfucker go berzerk (a go berzerk!)\n\n[Verse 2: Snoop Dogg]\nClick-clackin', pistol-packin', Crip raggin' folio\nWho the only nigga in the club with the toolio\nYou ain't know? Yeah you did; there it was, there it is\n\"Is that Coolio?\" Naw bitch, let me in\nJibba-jabba snatcher get at ya, spit at actors & rappers\nHang out with kidnappers and jackers\nMake money off crackers; can you imagine how I keep shit crackin'?\nIt's the big boss Dogg I'm back in action and smashin'\nI flash with the bling I sur-pass the supreme\nYou don't really wanna have a clash with my team\nI mix hash with the green I'm the, last of the kings\nIf I got a bitch with me she got ass in them jeans\nRollin' through yo' neighborhood, my Cadillac so clean\nServin' all you suckers cause you all dopefiends\nJust like that dopeman, nigga what's up?\nYou run up with that bullshit I'll fuck yo' ass up\n\n[Chorus: Ice Cube & Lil Jon]\nIf you a scared motherfucker go to church (go to church)\nIf you a gutter motherfucker do your dirt (a do your dirt)\nIf you a down motherfucker put in work (a put in work)\nIf you a crazy motherfucker go berzerk (a go berzerk!)\nIf you a scared motherfucker go to church (go to church)\nIf you a gutter motherfucker do your dirt (a do your dirt)\nIf you a down motherfucker put in work (a put in work)\nIf you a crazy motherfucker go berzerk (a go berzerk!)\n\n[Bridge: Lil Jon]\nYou scared, you scared\nYou scared motherfucker, you scared\nYou scared (you scared), you scared (you scared)\nYou scared motherfucker, you scared (you scared)\nYou scared, you scared\nYou scared motherfucker, you scared\nYou scared (you scared), you scared (you scared)\nYou scared motherfucker, you scared (you scared)\n\n[Chorus: Ice Cube & Lil Jon]\nIf you a scared motherfucker go to church (go to church)\nIf you a gutter motherfucker do your dirt (a do your dirt)\nIf you a down motherfucker put in work (a put in work)\nIf you a crazy motherfucker go berzerk (a go berzerk!)\nIf you a scared motherfucker go to church (go to church)\nIf you a gutter motherfucker do your dirt (a do your dirt)\nIf you a down motherfucker put in work (a put in work)\nIf you a crazy motherfucker go berzerk (a go berzerk!)\n\n[Outro Verse: Ice Cube & Lil Jon]\nIt goes one for the money (hey) two for the show (yeah)\nThree for the pussy, fo' for the glow (hey)\nFive for the rookies, six for the pros (nah)\nSeven for the numbers of them fuckin zeroes (what?)\nEight for haters, nine for the cause\nTen for my niggas, behind big bars (hey)\nFuck these devils, and they laws (yeah!)\nNever question the size of Ice Cube's balls", "image": "https://images.genius.com/c4141aa982e145b56c3c52c3fbd1c258.1000x1000x1.jpg"}], "artist": "Ice Cube"}