{"songs": [{"title": "Thank God", "album": "Raw Footage", "year": "2008-08-19", "lyrics": "[Intro]\nI do gangsta rap\nThey wanna blame the world problems on gangsta rap\nIt's our fault 'cause motherfuckers is dying in Iraq\nIt's our fault 'cause motherfuckers is starving in Africa\nIt's gangsta rap fault that people are poor, can't get enough to fucking eat or live their life\nThat's rap music fault\nIt's rap music fault that we got all these goddamn laws and restrictions and shit we can't do\nThey blame it all on us\nI'm blamin' them motherfuckers for gangsta rap\nBecause if they didn't create these kind of conditions, I wouldn't have shit to rap about. You know what I mean?\n\nA'right, a'right, everybody back up, star status comin' through\nThe man is in the building\nDon't touch him, don't look at him, and don't ask to take a picture\n\n{Verse 1}\nI walks in, with that California swagger\nWith the attitude that it ain't nothin' badder\nNow, you can call me rapper, or you can call me mister\nBig money trapper, fuckin' with your sister\nI'mma do it my way, from here to Zimbabwe\nIt's too hot today\nFuck what you got to say\nFuck if you mad at me, better go change your battery\nAin't gon' take my sunshine, like I hit the lottery\nAh, he's a show off, a hot head go off (Yeah)\nDon't make him mad, he might tear the fucking door off\nTake all his calls, and don't try to blow off\n'Cause one of his people, might cut your fucking toe off\nIce Cube, baby, make you take him serious\nEverything I say, ends with a period\nEverything I do, ends with you curious\nStop lookin' for the best rapper\u2014goddamn, here he is\n\n{Chorus}\n(Thank God) Thank God The Gangsta's back\n(Thank God) Thank God The Gangsta's back\n(Thank God) Thank God The Gangsta's back\nAnd we ain't gotta put up with this brainless rap\n(So thank God) Thank God The Gangsta's back\n(You better) (Thank God) Thank God The Gangsta's back\n(You better) (Thank God) Thank God The Gangsta's back\nAnd we ain't gotta put up with this brainless rap\n\n[Post-Chorus]\nComin' live from Los Angeles\nI know you hate to see me comin'\n(I know, I know)\nI know you sayin' a little something\n(I know, I know)\nI know your mouth is still runnin'\n(I know, I know)\nAll smiles when I come in\n\n{Verse 2}\nWhen I step up in the spot, \"Is he a thug or not?\"\n\"Is he a juggernaut?\" No, I'm an astronaut\nNose all in the clouds, y'all think I'm too proud\nGot to stay above the crowd\u2014How you fuckers like me now?\nSome of y'all start to smile, some of y'all start to frown\nSome of y'all back up, 'fore a nigga start to clown\nNow I gotta act up, kinda like Bobby Brown\nBetter call for back up, when I shut this lobby down\nWhen will you realize the cycle will continue\nDo commercials for Haterade\u2014Boy, is it in you?\nHate to see me comin', rich as Phillip Drummond\nMe and my lady, Superman and Wonder Woman\nHe think he the shit, the shit think he me\nSo come smell mine, I bet it don't stink\nI am the link, the food and the drink\nThe color in the Kool-Aid, the nigga in the mink\n(Don't trip)\n\n{Chorus}\n(Thank God) Thank God The Gangsta's back\n(Thank God) Thank God The Gangsta's back\n(You better) (Thank God) Thank God The Gangsta's back\nAnd we ain't gotta put up with this brainless rap\n(So thank God) Thank God The Gangsta's back\n(You better) (Thank God) Thank God The Gangsta's back\n(Thank God) Thank God The Gangsta's back\nAnd we ain't gotta put up with this brainless rap\n\n[Post-Chorus]\n(I know, I know)\nI know you hate to see me comin'\n(I know, I know)\nI know you sayin' a little something\n(I know, I know)\nI know your mouth is still runnin'\n(I know, I know)\nAll smiles when I come in\n\nThank God that The Gangsta's back (Scratched)\n\n{Verse 3}\nNow when will they realize, they'll never stop me\nThey call me arrogant, they call me cocky\nJust because, I won't let 'em jock me\nThey wanna whoop my ass, but this ain't Rocky\nI'm hot as a hibachi, Star Child cometh\nAnd I promise y'all I'mma keep it one hun'ed\nY'all promise me you won't T-R-I-P (Don't trip)\nOr I'mma have to hit your ass with a 2 piece\nHit you with some fries and two more sides\nDon't you know my niggas turn haters in the mash potatoes\nI'm the macaroni with the cheese, nigga please\nWhen you see me on the red carpet, down on your knees\n\n{Chorus}\n(Thank God) Thank God The Gangsta's back\n(Thank God) Thank God The Gangsta's back\n(You better) (Thank God) Thank God The Gangsta's back\nAnd we ain't gotta put up with this brainless rap\n(So thank God) Thank God The Gangsta's back\n(Thank God) (Thank God) Thank God The Gangsta's back\n(You better) (Thank God) Thank God The Gangsta's back\nAnd we ain't gotta put up with this brainless rap\n\n[Post-Chorus]\n(I know, I know)\nI know you hate to see me comin'\n(I know, I know)\nI know you sayin' a little something\n(I know, I know)\nI know your mouth is still runnin'\n(I know, I know)\nAll smiles when I come in", "image": "https://images.genius.com/284f4145950de6c7f91a598379e2bb40.1000x1000x1.jpg"}], "artist": "Ice Cube"}