{"songs": [{"title": "The Funeral", "album": "Death Certificate", "year": "1991-10-29", "lyrics": "Niggas are in the state of emergency\nThe Death Side, a mirrored image of where we are today\nThe Life Side, a vision of where we need to go\nSo sign your death certificate...\n\nFuck all y'all!\nLisa got him\n\nAlright, on three, one, two, three\nGet all folks together, walk this way\nCan't believe it though\nThe homeboy, hey, open that door\nOpen it, alright 'right\n\nWe've come together by God's demand\nWhether it be for life or death\nWell, this morning, it's over the mourning\nOf one of our little brothers\n\nThis brother was a good brother\nHe didn't get into an excessive amount of trouble\nBut it's one thing, it's one thing, it's one thing...\nHe was the wrong nigga to fuck with!", "image": "https://images.rapgenius.com/89a02ab603eae95e0d380fcd08eda589.1000x1000x1.jpg"}], "artist": "Ice Cube"}