{"songs": [{"title": "When Will They Shoot?", "album": "The Predator", "year": "1992-11-17", "lyrics": "[Sample]\n\"Stalking, walking in my big black boots\" (Repeat 2X)\n\n[Verse 1]\nGod damn, another fuckin' payback with a twist\nThem motherfuckers shot but the punks missed\nIce Cube is out-gunned, what is the outcome?\nWill they do me like Malcolm?\n'Cause I bust styles, new styles, standin' - strong!\nWhile, others +Run+ a +Hundred Miles+\nBut I never run, never will\nDeal with the devil with my motherfuckin' steel - BOOM!\nMedia tried to do me\nBut I was a Boy-N-the-Hood before the movie, yeah\nCall me nigga, bigot and a spook\nBut you the one that voted for Duke, motherfucker\nWhite man, is somethin' I tried to study\nBut I got my hands bloody, yeah\nThey said I could sing like a jaybird\nBut nigga, don't say the J-word\nI thought they was buggin'\n'Cause to us Uncle Sam, is Hitler without an oven\nBurnin' our black skin\nBuy my neighborhood - then push the crack in\nDoin' us wrong from the first day\nAnd don't understand why a nigga got an AK\nCallin' me an African-American\nLike everything is fair again, shit\nDevil, you got to get the shit right, I'm black\nBlacker than a trillion midnights\n+Don't Believe the Hype+ was said in '88\nBy the great Chuck D, now they're tryin' to fuck me\n\"...with +No Vaseline+\nJust a match and a little bit of gasoline\"\u2014HUH!\nIt's a great day for genocide (What's that?)\nThat's the day all the niggas died\nThey killed JFK in '63\nSo what the fuck you think they'll do to me?\nBut I'm the O.G. and I bust back (boom boom)\nBust back (Boom boom!) peel a cap (BOOM BOOM!)\nGimme room in the fire of the sun\nHere the mack come, here the black come, watch Jack run!\nMotherfuckers can't gank me\nFuck a devil, fuck a rebel, and a yankee\nOverrun, and put the Presidency\nAfter needin that, I'm down wit O.P.P., yeah\nI met Farrakhan and had dinner\nNow you ask if I'm a Five Percenter\u2014well...\nNo, but I go where the brothers go\nDown with Compton Mosque, Number 54\nMade a little dough, still got a sister on my elbow\nDid Ice Cube sell out? You say, \"Hell no!\"\nA black woman is my manager, not in the kitchen\nSo could you please stop bitchin'?\n\n[Hook]\n\"Stalkin', walkin' in my big black boots\" \u2014 Brother J\n[Cube] Yeah, yeah...\n\"But when will they shoot?\"\n\"Stalkin', walkin' in my big black boots\" \u2014 Brother J\n[Cube] Yeah, yeah...\n\"But when will they shoot?\"\n(*automatic gunfire*)\n\n[Verse 2]\nYou missed, and didn't hit Da Lench Mob either\n(Guerillas in the Mist) without Jungle Fever\nBut I got the fever for the flavor of a cracker\nNot a Pringle, bust the single, here's my new jingle\n(\"Stalkin', walkin' in my big black boots\")\nThe KKK has got three-piece suits\nUsing niggas like turkey shoots\nMy motto is +Treat 'Em Like a Prostitute+\nNow if I say no violence, devil, you won't respect mine\nFuck the dumb shit,  and get my Tec-9\nAnd if they approach us\nI... I... I bury those cockroaches\nAnd if you can't deal with my +Kill at Will+\nHere's a new gift to get, try my +Death Certificate+\n+Amerikkka's Most+, Amerikkka's burnt, it's like toast\nLike Jordan, I'm goin' coast to coast\nDribblin' the funk\nHere comes the nigga with the motherfuckin' monster dunk\nGet off me, punk!\n\"Jordan...\" \"Watch Jordan\nAyo, Cube, watch Jordan...\" \"YES!\"\n\"You better eat your Wheaties\" \u2014 Michael Jordan\n\n[Hook]\n\"Stalkin', walkin' in my big black boots\" \u2014 Brother J\n[Cube] Yeah, yeah...\n\"But when will they shoot?\"\n\"Stalkin', walkin' in my big black boots\" \u2014 Brother J\n[Cube] Yeah, yeah...\n\"But when will they shoot?\"\n\n[Verse 3]\nDaryl Gates got the studio surrounded\n'Cause he don't like the niggas that I'm down with\nMotherfucker wanna do us\n'Cause I like Nat, Huey, Malcolm, and Louis\nMost got done by a black man's bullet\nGive a trigger to a nigga and watch him pull it\nNegro assassin\nI'mma dig a ditch, bitch, and throw yo' ass in\nWhen they shoot, no, it won't be a cracker\nThey use somebody much blacker\nWhat I do? I called up the Geto Boy(s) crew\n'Cause +My Mind's Playing Tricks On Me+ too\nNever died, surround my crib\nAnd F.O.I. makin' sure nobody creep when I sleep\nKeep a 9 millimeter in my Jeep - PEEP!\nWhen I roll, I gots to roll deep\nAin't goin out cheap\nMet the MADD Circle on Cypress Hill 'cause it's so steep\nThey'll never get me, they'll never hit me\nMotherfuck that shit, J-Dee\nNow I'm relaxed\nGrab the St. Ide's brew so I can max\nSittin' by the window 'cause it's so fuckin' hot\nAnd then I heard a shot - boom", "image": "https://images.genius.com/aa204256470ef9ed3c3a3fbcc1ee43da.1000x1000x1.jpg"}], "artist": "Ice Cube"}