{"songs": [{"title": "Ghetto Vet", "album": "War & Peace Vol. 1 (The War Disc)", "year": "1998-11-17", "lyrics": "[Intro]\n(Hey)\nHey Chop\n(Hey)\nThese haters tried to blow me up, man\n(Who is this)\nThe Don Mega, nigga, who you think\n(Ey, homie, what happened)\nMy whole life flashed before my eyes, man\n\n[Verse 1]\nLife...\nNiggas used to come and get me\nWhen it was time to disagree with an enemy\nPass the Hennessy it gives me energy\nPacked the gat in the small of my back\nWhere these niggas at, I'll clear the whole pack\nTalking shit cause I'm down for my set\nI'm a vet, smoking on a wet cigarette\nWho these niggas think they are\nWishing on a ghetto star, I represent my tar\nI start busting and they scatter like water bugs\nCause these Westside niggas is harder thugs\nEnslave us but nothing can save us from sporting Ben Davis\nShootin' at your neighbors\nCause sometimes I feel like a nut\nDon\u2019t give a fuck when I open you up\nHot rocks\nFly from the back seat\nAnd busta-ass niggas run like a track meet\nAnd if you caught in the middle\nBleed more than a little (what)\nKiller King is the hospital\nFeeling numb from the bullets I hum\nAnd when they hit\nBlack mothers have fits\nI don\u2019t give a shit\n\n[Chorus]\nFool I'm a vet you can bet\nThat I could dance underwater and not get wet\nCheck it\nIt's raining bullets and I'm still there\nI'm still there\n\n[Verse 2]\nMy house shoes get wet from the dew on the grass\nUp early in the morning taking out the trash\nFeeling like a loser, alcohol abuser\nTwo youngsters roll up on a beach cruiser\nOne on the peddles, the other on the handle bars\nTryna be ghetto stars\nThey said, \"are you from the Westside is it so?\"\nI said, \"hell yeah and who want to know?\"\nMe\nIn slow mo\u2019, .44 slugs, face down in the mud\nPuddle full of blood\nLeft for dead, the pain starts to spread\nNow I can\u2019t feel my legs\nI meet Doctor Who at King Drew medical center\nAs I enter I.C.U\nHe said the bullet hit a nerve that was vital\nI said I can\u2019t move my legs, he said don\u2019t try to\nNow this ain\u2019t the end my friend but you'll probably never walk again\nI sit there motionless holding this pain inside contemplating suicide\nAt night I jerk and jerk\nBut my dick don\u2019t work it don\u2019t even hurt\nNow who'd ever thought a nigga rude as Ice Cube\nA'be pissing through a tube\nFool I'm a vet\n\n[Chorus]\nFool, I'm a vet you can bet\nI can dance underwater and not get wet (check it)\nIt\u2019s raining bullets and I'm still there\nYoung ghetto nigga in a wheelchair\n\n[Verse 3]\nFuck a V-A they need G-A\nGang Hospital for a cripple\nNow I'm drinking Ripple\nSame corner, same hood I'm still there\nWith bandanas tied to my wheel chair\nTo all the hood rat hoes I'm fired\nThey mad cause my tongue get tired\nNow everybody want to put they dope on me\nSayin I won't get searched by the LAPD\nI'm sittin' in a doorway deuce-five\nDepending on that to keep my ass alive\nI don\u2019t got bows but my arm's about a one-six\nWith fucking legs looking like tooth picks\nSome times I can\u2019t deal\nGot to beg the BG's to roll me up the hill\nPut me on the porch\nNow I'm on the torch\nSmoking cocaine\nJust to maintain\nNothing to gain nothing to lose\nAnd last night I couldn\u2019t make it to the bathroom\nFeeling like a 2-year-old\nYou can\u2019t get a sip from the brew I hold\nIt\u2019s the only friend to a stranger\nAKA: handicapped gangbanger\nThere's a lot in my life I regret becoming a ghetto vet\nFool I'm a Vet\n\n[Chorus]\nFool I'm a vet you can bet\nThat I could dance underwater and not get wet\nCheck it\nIt's raining bullets and I'm still there\nI'm still there\n\nDedicated to all the ghetto vets\nFor every nigga that done took one for the hood", "image": "https://images.genius.com/9a92bffe36c691d91a9dd7116941cd17.1000x1000x1.jpg"}], "artist": "Ice Cube"}