{"songs": [{"title": "Steal the Show", "album": "Laugh Now, Cry Later", "year": "2006-06-06", "lyrics": "[Ice Cube]\nYeah, Steal The Show baby\n\n[Verse 1: Ice Cube]\nI'mma have to ride the ride the ride\nTil' I find a girl to slip inside\nIce Cube ain't never been shot\nAin't never got got, up in the parking lot\nNigga, Scott Storch will bang the instrumental\nSouth Central here comes the presidential\nPull up jump out the low-rider\nA real lyricist nigga fuck a ghostwriter\nDance baby I'm your provider\nYous a fly girl bitch I'm a spider\nI'm on that ass like please leave me alone\nA few drinks you like please follow me home\nI just hope you ain't 5150\nThat's a crazy ho even though she pretty\nIce Cube only one El Loco\nWith the vocals, put your ass in a choke-hold\nStone cold oh yeah fuck the Broncos\nRaider down, everybody better lay it down\nThink I'm P.G. you must got a squeegee\nAre you crazy, down since Eazy\n\n[Hook]\nHere, shoulders, knees and toes\nWork that pussy across the flo'\nShake that body, Steal The Show\nIce Cube bitch I'm about to blow (Lets go)\n\n[Bridge]\nI'm about to do it like this here\nWalk over spit game in this bitch ear\nLet her know my name and I got it right here\nGirl you know the game can I get a volunteer\nI'm about to do it like this here\nWalk over spit game in this bitch ear\nLet her know my name and I got it right here\nPlus a pound of weed do I got a volunteer\n\n[Verse 2: Ice Cube]\nGoin' once goin' twice\nA nigga nice when I turn off the lights\nTell your friends yo fuck they advice\nCause some time them hoes act like dykes\nCock blockers, pull out your mouth piece\nGame over, we up in the range rover\nWake up in the morning with a hangover\nRoll over do the whole damn thang over\nI'm a roller, took her ass back where I drove her\nAnd we still ain't sober, motherfucker it still ain't ova\nIts the super nova, niggas been doin' over\nIce Cube been rappin' since 84'\nAbout the cocaine streets and the po'-po'\nIntroduce you to my 6-4 low-low\nYeah the one the just pulled out the mo-mo\n\n[Hook]\nHere, shoulders, knees and toes\nWork that pussy across the flo'\nShake that body, Steal The Show\nIce Cube bitch I'm about to blow (Lets go)\n\n[Bridge]\nI'm about to do it like this here\nWalk over spit game in this bitch ear\nLet her know my name and I got it right here\nGirl you know the game can I get a volunteer\n\n[Verse 3: Ice Cube]\nPunks show up to get beat down\nDaddy home motherfucker put your feet down\nBetter jump up y'all better clean up\nCause I might done pull out this Nina\nPut your cups up boy if you fucked up\nAnd you got the baddest bitch up in the club\nPut your cups up even if she ugly\nAnd it look like the bitch play rugby\nWe could take me anywhere where the thugs be\nWhen they see me motherfuckers wanna hug me\nIt's all love Cuz, it's all love Blood\nIt's all love when them niggas throwin' up the dub\nIts all love with the brown and they yellow man\nCause a nigga got money like the jello man\nMo money, yo money, ho money\nMama didn't raise no dummy learn from me\nCause I could flip shit fast as Bisquick\nMr. Butterworth take it for what its worth\nI got them low lows flat like pancakes\nSippin' on syzzurp Fuck what ya hizzerd\n\n[Hook]\nHere, shoulders, knees and toes\nWork that pussy across the flo'\nShake that body, Steal The Show\nIce Cube bitch I'm about to blow (come on)\n\n[Bridge]\nI'm about to do it like this here\nWalk over spit game in this bitch ear\nLet her know my name and I got it right here\nGirl you know the game can I get a volunteer\n\n[Ice Cube]\nSteal the show baby\nSteal the show baby\n\n[Outro: Mike Epps]\nYou know a lot of these bitches need an antibiotic\nMoxacillin, Penicillin, something with a slin' in it\nThey want a sugar daddy, they want a man on a fixed income\nThey want man where they can come over to the old mans house\nAnd go in the back porch and get $30 or $40 every here and there\nAnd get in they Hyundai and ride on off", "image": "https://images.genius.com/c4141aa982e145b56c3c52c3fbd1c258.1000x1000x1.jpg"}], "artist": "Ice Cube"}