{"songs": [{"title": "Everythang's Corrupt", "album": "Everythang's Corrupt", "year": "2013-01-04", "lyrics": "[Intro]\nEverythang's corrupt, everythang's fucked up\nEverythang's 'bout a buck, we shit out of luck\nEverythang's corrupt, everythang's fucked up\nEverythang's 'bout a buck, we shit out of luck\n\n[Verse 1]\nGo to school, the teacher wanna fuck the students\nGo to church, my preacher turned to prostitution\nThe prosecution never read my files\nThat evil ass judge fell asleep at my trial\nThis shit is wild, chickens get as sick as the cows\nBirds fallin out the sky, fish dyin' in piles\nIts fishy, politicians smell like my bowels\nTalkin' that shit, really crampin' my styles\nI got many, now I'm pinchin' pennies no doubt\nI squeezed Lincoln so hard, a fuckin' booger came out\nIts a shame, I used to be on top of my game\nThey took the shirt off my back and replaced it with chains\nI met Mr. Lee Harvey, from the tea party\nHe used to hate Obama til' he felt hurricane Charley\nLooking for his FEMA check, it's gone with the wind\nWhen em' dicks is in, you know the fix is in\n\n[Chorus]\nFor my birthday, buy me a politician\nIt's a shame that you got to teach yo' children\nEverythang's corrupt, everythang's fucked up\nEverythang's 'bout a buck, we shit out of luck\nFor my birthday, buy me a politician\nIt's a shame that you got to teach yo' children\nEverythang's corrupt, everythang's fucked up\nEverythang's 'bout a buck, we shit out of luck\n\n[Verse 2]\nEverythang's a scam, beat the next man\nThat's capitalism, they'll just build a new prison\nFor you slick ass niggas' that's tryin' to beat the system\nPut you on the front line if you ain't re-enlisting\nIt's hot in hell's kitchen, get ready for the lynching\nBrain-wash media, and puppet politician\nKeep you out of position, out of commission\nBy medicine or food, that's not a decision\nThe 99 percent, is man tryin' to vent\nPolice grab my fuckin' arm, then they got bent\nNow it's in a splint, I can't pay my rent\nThe interest on my credit card I ain't made a dent\nThe U.S mint, I heard they bout' to print\nBut it's fucked up cause' I won't see a cent\nI'm sick of gettin' ignored, this world I can't afford\nI'm going to the pen, free room, free board, bitch\n\n[Chorus]\nFor my birthday, buy me a politician\nIt's a shame that you got to teach yo' children\nEverythang's corrupt, everythang's fucked up\nEverythang's 'bout a buck, we shit out of luck\nFor my birthday, buy me a politician\nIt's a shame that you got to teach yo' children\nEverythang's corrupt, everythang's fucked up\nEverythang's 'bout a buck, we shit out of luck\n\n[Outro]\nIt's ball of confusion, my niggas they losin'\nI know what ya doin', they drug abusin'\nMy bitches be choosin', my Uzi be oozin'\nThe thugs be cruisin', they know what you're doin'\nIt's ball of confusion, my niggas they losin'\nI know what ya doin', they drug abusin'\nMy bitches be choosin', my Uzi be oozin'\nThe thugs be cruisin', they know what you're doin'", "image": "https://images.genius.com/b629ac91de81502749dbca37ccc91359.600x600x1.jpg"}], "artist": "Ice Cube"}