{"songs": [{"title": "No Vaseline", "album": "Death Certificate", "year": "1991-10-29", "lyrics": "[Produced by Sir Jinx]\n\n[Intro]\nDamn!\n(Forgot to do somethin', let me see...uh)\nOh, yeah\u2014it ain\u2019t over, motherfuckers\n\"The motherfuckin' saga continues\"\n\"Y'all motherfuckers ready for N.W.A? Well get the fuck up!\"\n\"A bitch is a bitch. So if you're poor\u2014\"\n\u201cIt was once said by a man who couldn\u2019t quit, dope\u2014\u201d\n\u201cIce Cube writes the rhymes that I say\u201d\nBut now, since he stepped the fuck off\n\"Here's what they think about you\"\n\"That punk Ice Cube\u2014\"\n\"Here's what they think about you\"\n\"Cube was suckin' so much New York dick\"\n\"Here's what they think about you\"\n\"Real Niggas? Them niggas Dre and Yella used to wear lipstick and lace\"\n\"Here's what they think about you\"\n\"Why y'all let his punk ass in the group\"\n\"Here's what they think about you\"\n\"When they was in London, they wasn't no good without fuckin' Ice Cube\"\n\"Here's what they think about you\"\n\"When I bought the tape, all I know is I wanted my motherfuckin' money back\"\n\"I smell...\"\n\"Here's what they think about you\"\n\"N.W.A. ain't shit without Ice Cube!\"\n\"Here's what they think about you\"\n\"Cube was suckin' so much New York dick\"\n\"Here's what they think about you\"\n\"Real Niggas? Them niggas Dre and Yella used to wear lipstick and lace\"\n\"Here's what they think about you\"\n\"That punk Ice Cube\u2014\"\n\"Here's what they think about you\"\n\"Why y'all let his punk ass in the group\"\n\"Here's what they think about you\"\n\"All I know is I wanted my motherfuckin' money back\"\n\"Here's what they think about you\"\n\"N.W.A. ain't shit without Ice Cube!\"\nFuck all y'all!\n\n[Verse 1]\nGoddamn, I'm glad y'all set it off\nUsed to be hard, now you're just wet and soft\nFirst you was down with the AK\nAnd now I see you on a video with Michel'le\nLooking like straight Bozos\nI saw it coming, that's why I went solo\nAnd kept on stompin'\nWhile y'all mothafuckers moved straight outta Compton\nLiving with the whites\nOne big house and not another nigga in sight\nI started off with too much cargo\nDropped four niggas now I'm making all the dough\nWhite man just ruling\nThe Niggas With Attitudes? Who ya foolin'?\nY'all niggas just phony\nI put that on my Mama and my dead homies\nYella Boy's on your team, so you're losing\nAy yo Dre, stick to producing\nCalling me Arnold, but you been-a-dick\nEazy-E saw your ass and went in it quick\nYou got jealous when I got my own company\nBut I'm a man, and ain't nobody humping me\nTrying to sound like Amerikkka's Most?\nYou could yell all day, but you don't come close\n'Cause you know I'm the one that flowed\nYa done run 100 miles, but you still got one to go\nWith the L-E-N-C-H M-O-B\nAnd y'all disgrace the C-P-T\n'Cause you're getting fucked out your green\nBy a white boy, with no vaseline\n\n[Hook]\nNow you're getting done without vaseline\nNow you're getting done without vaseline\nNow you're getting done without vaseline\nDamn, it feels good to see people, on it\n\n[Verse 2]\nThe bigger the cap, the bigger the peeling\nWho gives a fuck about a punk-ass villain?\nYou're getting fucked real quick\nAnd Eazy's dick is smelling like MC Ren's shit\nTried to tell you a year ago\nBut Willie D told me to let a ho be a ho, so\nI couldn't stop you from getting ganked\nNow let's play big-bank-take-little-bank\nTried to diss Ice Cube, it wasn't worth it\n'Cause the broomstick fit your ass so perfect\nCut my hair? Naw, cut them balls\n'Cause I heard you like giving up the drawers\nGang-banged by your manager, fella\nGetting money out your ass like a mothafucking Ready Teller\nGiving up the dollar bills\nNow they got The Villain with a purse and high-heels\nSo don't believe what Ren say\n'Cause he's going out like Kunta Kinte\nBut I got a whip for ya, Toby\nUsed to be my homie, now you act like you don't know me\nIt's a case of divide-and-conquer\n'Cause you let a Jew break up my crew\nHouse nigga gotta run and hide\nYelling Compton, but you moved to Riverside\nSo don't front, MC Ren\n'Cause I remember when you drove a B-210\nBroke as a mothafucking joke\nLet you on the scene to back up the First Team\nIt ain't my fault, one nigga got smart\nAnd they ripping your asshole apart\nBy taking your green\nOh yeah, The Villain does get fucked with no vaseline\n\n[Hook]\nNow you're getting done, get-getting done\nNow you're getting done, get-getting done\nNow you're getting done without va-va-va-va-vaseline\n\n[Verse 3]\nI never have dinner with the President\nI never have dinner with the President\nI never have dinner with the President\nAnd when I see your ass again, I'll be hesitant\nNow I think you a snitch\nThrow a house nigga in a ditch\nHalf-pint bitch, fucking your homeboys, you little maggot\nEazy-E turned faggot\nWith your manager, fella\nFucking MC Ren, Dr. Dre, and Yella\nBut if they were smart as me\nEazy-E a'be hanging from a tree\nWith no vaseline\nJust a match and a little bit of gasoline\nLight 'em up, burn 'em up, flame on\nTill that Jheri curl is gone\nOn a permanent vacation\nOff the massa plantation\nHeard you both got the same bank account\nDumb nigga, what you thinking bout?!\nGet rid of that Devil real simple\nPut a bullet in his temple\n'Cause you can't be the Nigga 4 Life crew\nWith a white jew telling you what to do\nPulling wools with your scams\nNow I gotta play the Silence of the Lambs\nWith a midget who's a punk, too\nTryin' to fuck me, but I'd rather fuck you\nEric Wright, punk, always into something\nGettin' fucked at night\nBy Mista Shitpacker\nBend over for the goddamn cracker\nNo vaseline\nMothafuckin' nosejob having ass\nMothafucking Jheri Curl lite\nAmbi wearing mothafuckin' bitch", "image": "https://images.rapgenius.com/89a02ab603eae95e0d380fcd08eda589.1000x1000x1.jpg"}], "artist": "Ice Cube"}