{"songs": [{"title": "Rollin' Wit the Lench Mob", "album": "AmeriKKKa's Most Wanted", "year": "1990-05-16", "lyrics": "[Intro]\nYo, T-Bone\n(What up, D?)\nYo man these motherfuckers stepping to me man talking about The Lench Mob ain't in the physa\n(Motherfuckers pc yo boy tyrna fit everybody panic)\nWord to mother, matter of fact had a couple like a brand new pair of Levine\n(Like a brought motherfuckers up like a fat ass joint)\nWord to mother\n\n[Verse 1]\nYou can't fuck with the criminal rapping over gangsta shit\nFirst I load the clip and then I make the hit\nI know some y'all can't fade this\nLench Mob niggas are the craziest\nSo you and your boys are ass-out\nWhen I'm rollin in a seven-deuce glass house\nThe Mob ain't nothing but a menace\nWhen we get the motherfucking dog in us\nPlaying them old beats\nI'm pouring out some of my beer for my homies\nReady to peel your cap\nYou can't believe \"Faces of Death\" on wax\nSome say the Mob ain't positive\nMan fuck that shit cause I gots to live\nHow I live and you could either give a fuck punk\nYo or get your ass bucked\nSome rappers are heaven-sent\nBut Self-Destruction don't pay the fucking rent\nSo you can either sell dope or get your ass a job\nI'd rather roll it wit the Lench Mob\n\n[Hook]\nLench Mob! Lench Mob! Lench Mob!\nFor lynching any sucker (x4)\n(The Lench Mob is taking the 9 to ya mind all the motherfucking time!)\n(Yeah, motherfucker!)\n(Do it!)\n\n[Verse 2]\nTo be down with the Mob is simple\nMind your own you want a spot find your own\nAnd take mine if you're badder than the strong man\nI do the right thing I do the wrong thing\nDo anything cause I ain't faking the scene\nIt's all about how much bacon you bring\nAnd if you see something from the gat I will stuff it\nYo you ain't seen nothing\nCause if you testify you're living blind\nCause in the city you live and let die\nRolling with the fools One Time can't beat\nOn my knees in the street interlock my hands and feet\nHe said \"I know you\" I said \"you might\nMy name is Ice Cube I did a song you didn't like\"\nSo he soaked me up like Bounty\nHad to do a week in the county\nA piece of cake it was just like a party\nCause in the county you know everybody\nNo I didn't kill or steal or rob\nLocked up for what cause I'm rollin' wit the Lench Mob\n\n[Hook]\n\n[Verse 3]\nIf you know a female that's rollin' with the Lench Mob\nWatch your step cause the gat is kept\nIn the purse like my homegirl Yo-Yo\nYou gotta be down and you can't be a ho no\nCause if you are I'll be the first one to bust you out\nAfter my crew I'll be the first one to rush you out\nGet the picture or bitch\nYou'll get the eighty-six\nIf she wanna try and mix\nBusiness and pleasure make up your own mind\nYou gotta be a ho on your own time\nDon't sleep cause even on a solo creep\nYo the Mob is still deep\nAnd we'll play ya just like a nit-wit\nYou thought you got with the crew you can't get with\nSo get the noose ready for the lynching\nNow 235 is what I'm benching\nBut nowadays it's still not enough\nI got something guaranteed to stop the bum rush\nGive me the gat, step back, and watch me do the job\nRolling with the motherfucking Lench Mob\n\n[Hook]\n\n[Outro]\nAyo, fuck that man\nI'm not going back to jail\nFuck that, Ice Cube\nMan, I'm rollin' wit the Lench Mob", "image": "https://images.genius.com/1cb382d2d9fb4a9bfa94e3074c1aa220.1000x1000x1.jpg"}], "artist": "Ice Cube"}