{"songs": [{"title": "Roll All Day", "album": "War & Peace Vol. 2 (The Peace Disc)", "year": "2000-03-21", "lyrics": "[Intro]\nI got a full tank of unleaded\nI got a full tank of unleaded\nI got a full tank of unleaded\nI got a full tank of unleaded\n\n[Chorus]\nNow we could roll all day, if I could ride all night\n(I got a full tank of unleaded)\nNow we could roll all day, if I could ride all night\n(I got a full tank of unleaded)\n\n[Verse 1]\nI see you walkin' and I'm damn near stalkin'\nYou a chicken head and I'm chicken hawkin', now we talkin'\n'Bout your unlucky background\nAnd how your ex-boyfriend is smoking crack now (why)\nI'm very very sympathetic\nBut baby where you headed?\n(I got a full tank of unleaded)\nShe got in and had ass for days like\n(Boom! Bam! god, damn!)\nShe asks me would I harm her; no, I'm a charmer\nA fucking knight in shining armor\nWe went out and had a blast, every time she walked past\nNigga got a quick fast glimpse of that ass\n(\"what choo wanna do after this?\")\nI wanna get your titties in my fist\nBut you wanna kiss\nYour mouth might taste like dick (ewww)\nAnd I grew up on bad WIC, trick\n\n[Chorus]\nNow we could roll all day, if I could ride all night\n(I got a full tank of unleaded)\nNow we could roll all day, if I could ride all night\n(I got a full tank of unleaded)\n\n[Verse 2]\nNiggas that I know don't kiss no hoes\nNiggas that I know don't buy no clothes\nNiggas that I know don't fuck no pros\nNiggas that I know roll coupes and fours (yeah)\nPull them panties off your hips\nPussy deep as crips\nAnd 'bout as wide as my grip\nNever ever get me with that whip appeal\nThey got a pants full of black steel\nAm I too real?\nYou like dick I know you do\nWanna bring out the ho in you\nI know what you're goin' thru\nYou already think you're cree-al\nYou should learn to suck this like Vanessa Del Rio\nAww, you thought I was a nice guy\nBut shit, I was around eight, with bitches getting laid\nIf I wrap my dick in plastic\nNow, how wide can that ass get?\nIt's gettin' drastic\n\n[Chorus]\nNow we could roll all day, if I could ride all night\n(I got a full tank of unleaded)\nNow we could roll all day, if I could ride all night\n(I got a full tank of unleaded)\n\n[Verse 3]\nShould have picked up an old girl that I know\nThat's what I get for fucking with you young hoes\nAbout to get an attitude, what's happenin?\nBaby how you actin'?\nLet's get it crackin' (c'mon)\nNo? Well then bitch you got to go\nI put her ass out, on imperial\nHo slammed my door, next to Texaco\nKick my lex-o, broke my window\nPut out my indo\nJumped out and said \"bitch are you crazy?\"\nFucked around and got lazy\nShe jumped in my car, took off, now I'm stuck\nAnd all I want to do was fuck\n(damn....)\n\n[Chorus]\nI had to stroll all day, I had to walk all night\n(I had a full tank of unleaded)\nI had to stroll all day, I had to walk all night\n(I had a full tank of unleaded)\n\n[Outro]\nDamn, that's what I get for trying to be nice\n?\nNigga got to walk\n(Excuse me sir, we understand that you have the hot shit?)", "image": "https://images.genius.com/b41b30150e61b258f8624ead118328fe.1000x1000x1.jpg"}], "artist": "Ice Cube"}