{"songs": [{"title": "Crowded", "album": null, "year": "2013-01-04", "lyrics": "[Verse 1]\nThis shit is crowded\nWhen the whole place crowded, I\u2019m about it\nAnd when a nigga is about it, don\u2019t doubt it\nI\u2019ve got a pocket full of evil, gettin\u2019 love from my people\nYou don\u2019t wanna see the sequel, if you see it\u2026\nEverything you wanna be, I\u2019mma be it\nEverything you wanna do, I\u2019mma do it\nThe best you ever smoked, I probably grew it\nI\u2019m the fluid and I flow like the ocean\nThis chickens need lotion\nEven you moisturized bitches need coachin\u2019\nI\u2019m so West Coastin\u2019, I\u2019m so slow motion\nBaby wanna put it in my face and crank it open\nBut baby, just put it in my pocket \u2019cause it\u2019s open\nAnd please stop hopin\u2019 that a nigga is elopin\u2019\n\u2018Cause I ain\u2019t\u2026\nI\u2019m goin\u2019 straight to the bank\nAnd if I have another drink it might be the whole tank\n\n[Hook]\nThis shit is crowded \u2013 I\u2019m buffaloing hoes\nI\u2019m throwin\u2019 \u2018bows in bones, I might break your nose\nThis shit is crowded \u2013 I\u2019m buffaloing hoes\nI\u2019m throwin\u2019 \u2018bows in bones, I might break your nose\nThis shit is crowded \u2013 I\u2019m buffaloing hoes\nI\u2019m throwin\u2019 \u2018bows in bones, I might break your nose\nThis shit is crowded \u2013 I\u2019m buffaloing hoes\nI\u2019m throwin\u2019 \u2018bows in bones, I might break your nose\nThis shit is crowded\n\n[Verse 2]\nWhen the whole place crowded, I\u2019m about it\nAnd when a nigga is about it, don\u2019t doubt it\nI like it wet and sweaty, hot as the Serengeti\nBusting nuts, busting cherries and it\u2019s on\nIt ain\u2019t never, ever off\nUnless you\u2019re talkin\u2019 \u2019bout the fuckin\u2019 lights in my loft\nUnless you\u2019re talking about the fucking Porsche pulling off\nAnd niggas passin\u2019 out when they smell that exhaust\nAnd it\u2019s on\u2026\nI keep it turnt up and burnt up\nWhen you gon\u2019 learn? I\u2019m a head turner\nRich as Ted Turner, fuckin\u2019 Tina Turner\nHope that concern ya, get the fuck out the way\nWarriors, warriors, please come out and play\nYou can\u2019t keep up, we in the fuckin\u2019 Milky Way\nAnd when I come back, these niggas all better pray\nIt ain\u2019t a good day, I might have my AK\n\n[Hook]\n\n[Bridge]\nFor me, MC means \u201cmove the crowd\u201d\nFor me, MC means \u201cmove the crowd\u201d\nFor me, MC means \u201cmove the crowd\u201d\nFor me, MC means \u201cmove the crowd\u201d\n\n[Verse 3]\nWe packed \u2013 all together\nLike sweaty ass cracks (sweaty ass cracks)\nWe packed \u2013 all together\nLike sweaty ass cracks (sweaty ass cracks)\nThis shit is crowded\nI see some of y\u2019all love it\nYou hope the chick in front of you might try to rub it\nBut slow the fuck down, \u2019cause your jeans are too hard\nI don\u2019t go stupid, I\u2019m a retard\nI\u2019m the one pushin\u2019 when the crowd get to mushin\u2019\nAnd if I stage dive \u2013 you my cushion\nAnd when I\u2019m all about it, you can read all about it\nFive in the shotty when I\u2019m in the building, and\u2026\n\n[Hook]", "image": "https://images.genius.com/c457bbdb72f694aa2707c388b36e7230.960x764x1.jpg"}], "artist": "Ice Cube"}