{"songs": [{"title": "Bad Dope", "album": "Everythang's Corrupt", "year": "2018-12-07", "lyrics": "[Chorus]\nBad dope (Bad dope, bad dope)\nI'm like a bad drug\nI'm a bad drug about to fuck you up\nBad dope (Bad dope, bad dope)\n(There's no prescription to this addiction)\nI'm like a bad drug\n(Just a dope face decision, sleep with the pigeons)\nI'm a bad drug about to fuck you up\nBad dope (Bad dope, bad dope)\n(There's no intervention to this prevention)\nI'm like a bad drug\n(My incision will separate you from your pension)\nI'm a bad drug about to fuck you up\nBad dope (Bad dope, bad dope)\n(Takin' you to the E.M.S.)\nI'm like a bad drug\nI'm a bad drug about to fuck you up\nBad dope (Bad dope, bad dope)\n\n[Verse 1]\nIf you fuck with me, I'm like some headache weed\nI'm like your favorite dope mixed with antifreeze\nI'll attack your brains, I'll collapse your veins\nHave you actin' strange like a dog with the mange\nWorse than cocaine, it's that Kurt Cobain\nMake you go insane, make your world go bang\nThere's no prescription for my encryption\nThere's only addiction to this non-fiction\n\n[Chorus]\nBad dope (Bad dope, bad dope)\nI'm like a bad drug\nI'm a bad drug about to fuck you up\nBad dope (Bad dope, bad dope)\nI'm like a bad drug\nI'm a bad drug about to fuck you up\nBad dope (Bad dope, bad dope)\nI'm like a bad drug\nI'm a bad drug about to fuck you up\nBad dope (Bad dope, bad dope)\nI'm like a bad drug\nBad dope\nI'm a bad drug about to fuck you up\nBad dope\n\n[Verse 2]\nDon't even start, boy, I'll get you sparked\nMake you lose all your shit, now you livin' at the park\nCrackheads are blackheads\nMeth heads are left dead\nBitches on that bad dope, heard they give the best head\nOh, shit, bad trip, battery acid\nNow you lookin' old as fuck, face made of plastic\nI serve you, way towards you, pay for it with face sores\nNow you walkin' around skin like alligator\n\n[Chorus]\nBad dope (Bad dope, bad dope)\nI'm like a bad drug\nI'm a bad drug about to fuck you up\nBad dope (Bad dope, bad dope)\nI'm like a bad drug\nI'm a bad drug about to fuck you up\nBad dope (Bad dope, bad dope)\nI'm like a bad drug\nI'm a bad drug about to fuck you up\nBad dope (Bad dope, bad dope)\nI'm like a bad drug\nBad dope\nI'm a bad drug about to fuck you up\nBad dope\n\n[Verse 3]\nGrip it, hit it\nVomit, shit it\nSmoke it, choke it, bitch, poke it\nDirty needle, mosquito, I can fly like a beetle\nI'm the Beatles, I am Tito\nI am Michael, think I'm psycho\nOn them pills, in them hills ridin' on that motorcycle\nCrazy nigga, let me hit it, gotta have it 'fore I stab it\nSilly rabbit, snatch and grab it\nI got a fuckin' habit\nSteal from momma, pills from momma\nIf I die, send the bill to momma\nI ain't shit, never be Obama\nDope head, nigga, never be Obama\n\n[Chorus]\nBad dope (Bad dope, bad dope)\nI'm like a bad drug\nI'm a bad drug about to fuck you up\nBad dope (Bad dope, bad dope)\nI'm like a bad drug\nI'm a bad drug about to fuck you up\nBad dope (Bad dope, bad dope)\nI'm like a bad drug\nI'm a bad drug about to fuck you up\nBad dope (Bad dope, bad dope)\nI'm like a bad drug\nBad dope\nI'm a bad drug about to fuck you up\nBad dope\n\n[Outro]\nThere's no intervention, just prevention\nMy incision will separate you from your pension\nI'm takin' you to the abyss\nDrag you under, drown you", "image": "https://images.genius.com/90eb800a406018bdc1a360ae9db5d64d.1000x1000x1.jpg"}], "artist": "Ice Cube"}