{"songs": [{"title": "Check Yo Self ['The Message' Remix]", "album": "Harold & Kumar Escape from Guantanamo Bay: Original Motion Picture Soundtrack", "year": "1992-11-17", "lyrics": "[Intro: Das EFX]\nYeah\nSo come on and chickity check yo self before you wreck yo self\nCheck\n\n[Verse 1: Ice Cube]\nYou better check yo self before you wreck yo self\n'Cause I'm bad for your health I come real stealth\nDroppin' bombs on ya moms kill car alarms\nDoin' foul crime, I'm that brother wit' the Alpine\nSold it for a six-o, always let tricks know\nAnd friends know, we got the indo\nNo I'm not a sucka, sittin' in a house of pain\nAnd no I'm not the butler, I'll cut ya\nHead butt ya, you say you can't touch this\nAnd I wouldn't touch ya, punk you a sucka\nHere to let you know boy, oh boy\nI make dough but don't call me Dough Boy\nThis ain't no kinda motion picture\nA guy or trick- a, my homie get wit'cha\nAnd hit ya, takin' that yack to the neck\nSo you better run a check\n\n[Hook: Das EFX]\nSo come on and chickity check yo self before you wreck yo self\nChickity check yo self before you wreck yo self\nYeah, come on and check yo self before you wreck yo self\n'Cause shotgun bullets are bad for your health\nChickey-check\nChickey-check\n\n[Verse 2: Ice Cube]\nTricks wanna step to Cube and then they get played\n'Cause they trick-made pullin' out a switchblade\nThat's kinda trifle, 'cause that's a knife-o\nAK-47, Assault Rifle\nHold the fifty, I'm nifty, pow\nGotta new style (watch out now)\nI hate real tricks, claimin' that they foldin' bank\nBut steady talkin' always in the holding tank\nFirst you wanna step to me\nNow your ass screamin' for the deputy\nThey send you to Charlie-Baker-Denver row\nNow they runnin' up in ya slow\nYou're gone, used to be the Don Juan\nNow your name is just Twan\nSwitch it, snap it, rollin' your eyes and neck\nYou better run a check\n\n[Hook: Das EFX]\nSo chickity check yo self before you wreck yo self\nCome on and check yo self before you wrickity wreck yo self\nSo chickity check yo self before you wreck yo self\n'Cause big bees in yo mouth is bad for yo health\nChickey-check (punk)\nChickey-check\n\n[Verse 3: Ice Cube]\nIf you're foul, you better run a make on that license plate\nYou coulda had a V8\nInstead of a tre-eight slug to ya cranium\nI got six and I'm aimin' 'em\nWill I buss or keep you guessin'\nAnd kill you when that noise ya stressin'\nTrick, get off the wood, you're no good\nThere goes the neighborhood rat\nGo ahead and keep your drawers\nGivin' up the claps and who needs applause\nAt a time like this, pop the coochie and ya dead\nThe trick is a Miami Hurricane hit\nSprung, people call her 'Lips and Lungs'\nNappy dugout, and you stuck out\n'Cause women like you gets no respect\nTrick, you better run a check\n\n[Hook: Das EFX (Ice Cube)]\nSo chickity check yo self before you wreck yo self\nSo chickity check yo self before you wreck yo self\nCome on and check yo self before you wrickity wreck yo self\n'Cause tricks like you is bad for my health\nChickey check\n(pump yo brakes)\nChickey check\nSo chickity check yo self before you wreck yo self\nSo chickity check yo self before you wreck yo self\nCome on and check yo self before you wrickity wreck yo self\nSo chickity check yo self before you wreck yo self\nSo chickity check yo self before you wreck yo self\nCome on and check yo self before you wrickity wreck yo self\n\nNine tre remix on the old school tip\nThat's how we coming...", "image": "https://images.genius.com/d3164a04fc0626c991573231e7e409cf.500x500x1.jpg"}], "artist": "Ice Cube"}