{"songs": [{"title": "Sic Them Youngins On 'Em", "album": null, "year": "2014-02-11", "lyrics": "[Produced by Jimmy Anthony]\n\n[Intro]\nLench Mob incorporated\nFuck with the godfather\nSee what ya get\nPunishment\nConsequences and repercussions\nUnderstand me\nY'all know what I do\n\n[Hook]\nSic them youngins on 'em\nSic them youngins on 'em\nSic them youngins on 'em\nSic them youngins on 'em\n\nSic them youngins on 'em\nSic them youngins on 'em\nSic them youngins on 'em\nSic them youngins on 'em\n\n[Verse 1]\nTry to go H.A.M. on Porky Pig\nFucked up boy, that's what you did\nBarbed wire, come through, split your wig\nY'all can't wrestle with the giant squid\nTry to get that to the iron fist\nAct Al Green, I'm hot as grits\nYarn in my hand, no pinky ring\nGodfather, nigga, I pull the strings\nDo what I tell'em, buy what I sell'em\nPuppet master, I'm Jim Henson\nSee my muppets, they like ducats\nY'all better run when you see that bucket\nHit that corner, do what I wanna\nGet another jar for the organ donor\nIce Cube, nigga, I know better\nBut you ain't gotta fight\nWhen you got that cheddar\n\n[Hook]\nSic them youngins on 'em\nSic them youngins on 'em\nSic them youngins on 'em\nSic them youngins on 'em\n\nSic them youngins on 'em\nSic them youngins on 'em\nSic them youngins on 'em\nSic them youngins on 'em\n\n[Verse 2]\nTry to have beef with a fucking bull\nWith no teeth I'm about to pull\nI'm that dentist this the finish\nAll the spoils go to the winners\nDon't go mad cause my hands are clean\nI'm the king, never flee on the scene\nWizard of Oz, if you need a brain\nNeed a heart? Here's a start!\nDon't you worry if you need the courage\nY'all motherfuckers know where you heard it\nGangsta, gangsta, thank me now\nRap god nigga, please take a bow\nCan't take bullshit from a cow\nDon't ask who, I'mma fuck it out\nThurston Howell, will get you murdered\nCome to the boss if you need some work\nCome to the boss if you need some hurt\nWhite collar boy, if you check my shirt\nHere come my sons just like Levert\nGotta get my boys up out the dirt\nPutting the rap game on alert\nFuck with them and I will revert\nBack to the old days, back to the old ways\nBack to the AK's fucking up doorways\n\n[Hook]\nSic them youngins on 'em\nSic them youngins on 'em\nSic them youngins on 'em\nSic them youngins on 'em\n\nSic them youngins on 'em\nSic them youngins on 'em\nSic them youngins on 'em\nSic them youngins on 'em\n\n[Verse 3]\nTry to play chicken with a fucking rooster\nDon't you worry, I'm not the shooter\nI am a fucking computer, with a whole army of boosters\nNigga got out one piece, five piece, dime piece\nCause my crimies move like zombies\nWha? Being heads since the 90's\nDon't act like you don't know where to find me\nNow, if you wanna get slimey\nLook at all the grimey\nNiggas all behind me\nYou don't wanna go to war so you start to singin why can't we be friends?\nWe can be friends, pussy ass niggas buy extenze\nPray to the God, repent your sins\nIce Cube ain't like the rest of them\n\n[Hook]\nSic them youngins on 'em\nSic them youngins on 'em\nSic them youngins on 'em\nSic them youngins on 'em\n\nSic them youngins on 'em\nSic them youngins on 'em\nSic them youngins on 'em\nSic them youngins on 'em\n\n[Outro]\nTry to go H.A.M. on porky pig\nFucked up boy, that's what you did\nTry to go H.A.M. on porky pig\nFucked up boy, that's what you did\nTry to go H.A.M. on porky pig\nFucked up boy, that's what you did\nTry to go H.A.M. on porky pig\nFucked up boy, that's what you did", "image": "https://images.genius.com/1c54f18e0079a284f093ff03228f1f62.514x515x1.jpg"}], "artist": "Ice Cube"}