{"songs": [{"title": "Down For Whatever", "album": "Lethal Injection", "year": "1993-12-07", "lyrics": "Damn, I'm broke\nMy feet hurt\n(\"Inside the mind of a car jacker\")\nAnd that bitch is slipping\nIt makes me wanna creep\nIt makes me wanna creep\n\n[Verse 1]\nDamn, I'm such a G it's pathetic\nHere comes the big-headed\nNigga that's dipping\nSipping on Courvoisier\nGoddamn I must have to floss today\nNow pimping ain't easy but it's necessary\nSo I'm chasing bitches like Tom chased Jerry\nI'll put the pedal to the floor\nIn my two-tone Ford Explorer\nYou know how it's done\nSounds bumping\nAin't that something\nJumped on the 110\nShe's flying in the Blazer\nLike go Speed Racer\nBut I ain't gonna chase her\nLike Racer X\nBut I won't flex\nTil it's time to have sex\nSo when you wanna get together\nCause you know a nigga like me\nIs down for whatever\nAnd I'm down for whatever\n\n[Verse 2]\nWhen I was little I didn't wanna be like Mike\nI wanted to be like Ike, cause\nPapa Was A Rolling Stone in the sixties\nAnd he liked green like Bill Bixby\nTold me that my best friend was a ten and a twenty\nPockets never skinny\nPlayed Let's Get It On in the living room\nAnd when he got drunk, you'd better give him room\nCause he'll turn the party out saying\n\"This is MY muthafuckin house!\"\nAnd y'all gots to go through the door\nAnd if you can't find the door\nHe'll help you with the .44\nTalking much shit on the grass\nAnd straight down to blast\nI'm still in my PJs;\nHe's in a turtleneck sweater\nAnd we down for whatever\nAnd I'm down\nSolid Pro is down for whatever\nThe Don Jagwarr is down for whatever\nAnd it don't seem to stop\n\n[Verse 3]\nI don't talk a lot of shit\nBut when it's time to get busy with these hoes, let's go\nCause I'd rather see a skinhead dead\nThen my niggas wearing blue or red\nCause I got the gift\nTo hit these hoes swift\nAnd I'm smelling like a fifth of something\nYeah, that's right\nI'm standing in the store\nKoreans act so nice\nCause I got potentials to blow up a Winchells\nDonut\nAnd you know what\nI'm Cool Like Dat like Digable Planets\nBut don't take a nigga for granted\nCause whether it's a verdict or the L.A. four\nYou just don't know\nThat this rapping-ass nigga will change with the weather\nAnd be down for whatever\n\n[Outro]\nAnd I'm down\nCreep\nAnd I'm down for whatever\nIce Cube - D'voidofpop\nAnd I will never dance for you trick-ass niggas\nIt makes me wanna creep\nIt makes me wanna creep", "image": "https://images.genius.com/7130347bb47a4a618915a6de2818699a.1000x1000x1.jpg"}], "artist": "Ice Cube"}