{"songs": [{"title": "MP", "album": "War & Peace Vol. 1 (The War Disc)", "year": "1998-11-17", "lyrics": "[Master P:]\nYo, niggas, what's happenin' out there?\nThis muthafuckin' MP, nigga to kizzon. You heard me?\nHookin' out with my nigga, Ice Cube & all\nWe servin' y'all salted niggas, hot wings, nigga\nY'all better realize that this muthafuckin' War & Peace shit, so muthafuckin' Trill\nI mean so muthafuckin' real\nWhen niggas from the sizzouth & niggas from the west & the east & the muthafuckin' north hook up\nAnd show y'all muthafuckers that don't matter\nWhere ya from is how ya come 'cause we all 'about that cheddar nigga the green muthafuckin' Benjamin's. You heard me?\nWe gon' stay 'About It, 'About It, rowdy, rowdy\nAnd my real niggas, this shit for y'all", "image": "https://images.genius.com/9a92bffe36c691d91a9dd7116941cd17.1000x1000x1.jpg"}], "artist": "Ice Cube"}