{"songs": [{"title": "Look Who's Burnin'", "album": "Death Certificate", "year": "1991-10-29", "lyrics": "* intro: conversation between [1] and [2] + a [Nurse]\n\n[1] Ay but, what you doin up here anyway nigga?\n[2] Man I came up to get some rubbers man, what you doin up here?\n[1] No shit? Man, I came up here to get a physical\n[1] You know for my job, you gotta get a physical and shit, but..\n[2] Really?\n[Nurse] Philip Brown to the front desk - Philip Brown\n[1] Aw that's me right there, hey man you stay up man!\n[Nurse] Philip Brown!\n[1] Be careful and shit you know...\n[2] Awright then homey!\n[Nurse] Philip Brown?\n[1] Yeah?\n[Nurse] Can I help you?\n[1] Ahh, ah-uh-yeah, I'd like to get\n[1] I'd like to get a physical\n[Nurse] We don't give physicals here\n[1] Oh you don't?\n[Nurse] No, all we test for is VD, herpes, syphillis and gonorrhea\n[1] I'd like to see a doctor\n[Nurse] What's the matter, you BURNING?\n[1] Huh??\n\n\"Stepped out my house, stopped short, oh no..\" -] Slick Rick\n\"Why is my thing-thing burnin like this?\"\n[Nurse] You BURNING?\n\"Stepped out my house, stopped short, oh no..\" -] Slick Rick\n\"What have I, done stuck my dick in?\" -] Kool Moe Dee\n\n[Ice Cube]\nI went to the free clinic, it was filled to capacity\nNow how bad can a piece of ass be?\nVery bad, so I had to make the trip\nAnd thank God, I didn't have the drips\nI was there so a ho couldn't gimme that\nJust to get - twenty free jimmy hats\nNow look who I see\nAin't that... yeah, that's the bitch from up the street!\nWith the big fat tail\nWho always told Cube to go to hell\nShe thought she was wiser\nNow she's sittin in the waitin room, burnin like Heat Miser\nYeah I see ya\nFirst Miss Thang, now Miss Gonorrhea\nMan it's a trip how the world keeps turnin\nIt's 1991, and look who's burnin\n\nChorus One: various samples (repeat 2X)\n\n\"Does it get you hot?\" \"It's got me hot!\"\n\"This is a girl playin hard to get..\" -] Slick Rick\n\"Burnin up, burnin!\"\n\"What have I, done stuck my dick in?\" -] Kool Moe Dee\n\n[Ice Cube]\nNow everybody is a victim, you can go see 'em\nAnd you'll hear more claps than the Coliseum\nSittin there all quiet and embarrassed\nWhup - there go that bitch who was careless\nI remember - she wouldn't give the cock\nTo anybody who lived on the block\nNow ho, look what you got\nBEND THAT BIG ASS OVER for the shot\nCause somebody is pipin hot\nDrippin like a faucet, I'm glad I didn't toss it\nGot you a college boy, who was worse than me\nAnd he probably fucked the whole university\nStill wanted him to dick you down, kick you down\nWith some bucks, now who got fucked?\nWith a nigga for the money he's earnin\nBut ask for some water bitch, and look who's burnin\n\nChorus Two: various samples (repeat 2X)\n\n\"Does it get you hot?\" \"Can you get that?\"\n\"This is a girl playin hard to get..\" -] Slick Rick\n\"Burnin up, burnin!\"\n\"Why is my thing-thing burnin like this?\"\n\nInterlude: more samples\n\n\"It burns..\" {*man moaning in pain, urinating sound*}\n\"Fitfully, sputteringly to it's end..\" {*aww shit!!*}\n\".. at which there is, a little surprise\"\n{*That stupid ass..*} \"BITCH!!!!\"\n\n[Ice Cube]\nYo, it ain't my fault you got the heebie-jibbies\nBut you still try to act like you didn't see me\nSo I walk over, and say \"Hi\nBitch, don't try to act surprised!\"\nYou shoulda put a sock on the pickle\nAnd your pussy wouldn't be blowin smoke signals\nMan, this is gonna kill 'em\nGuess who got a big fat dose of penicillin?\nThey'll ask, \"Who?\", and I tell 'em you\nThe new leader of the big booty crew\nAnd after the day, I'm sorry to say\nYou come through the neighborhood, you couldn't give it away\nTo a nigga, who's out to get major paid\nBut you'll have him, pissin out razorblades\nBut a bitch like you..ll be returnin with the H-I-V, R.I.P\n\nChorus Three: various samples (repeat 2X)\n\n\"You can't trust a big butt and a smile..\" -] KRS-One\n\"I'm burning up!\"\n\"You can't trust a big butt and a smile..\" -] KRS-One\n\"You can't trust a big butt and a smile..\" -] KRS-One\n\"I'm burning up!\"\n\"What have I, done stuck my dick in?\" -] Kool Moe Dee\n\n[Outro]\n\".. done stuck my dick in?\"\n\"I'm burning up!\"\n\"It's hot.. I'm burning up!\"", "image": "https://images.rapgenius.com/89a02ab603eae95e0d380fcd08eda589.1000x1000x1.jpg"}], "artist": "Ice Cube"}