{"songs": [{"title": "Horny Lil' Devil", "album": "Death Certificate", "year": "1991-10-29", "lyrics": "[Intro]\nYou are the prince of darkness\nArch enemy, father of evil\nHell born, demonic, savage, fierce, vicious, wild\nTameless, barbaric, uncontrollabe, obstinate beast\n\n[Verse 1]\nHorny little devil, you gotta back up\nHorny little devil, you can't bust a nut\nLookin' at my girlfriend's black skin\nYou wanna jump in, but she don't like white men\nSo don't flirt at work, you fuckin' jerk\nOr get your punk devil ass hurt motherfucker\nShe ain't with the pale face\nCause y'all fuck at a snail's pace\nAnd you might get sprayed with mace, from the ebony\nSo when she's doing her job you better let her be\nDon't try to pinch the gluterus\nThinkin' that you about to knock out the uterus\nCause she'll tell you to kiss her ass quick\nAnd where I'm from, devils get they ass kicked\nMr. Sexual Harrasment\nAsking for a blow and when the answer is \"fuck no\"\nLooks like you wanna terminate\nBut that's when I go Psycho like Norman Bates\nI wanna kill the devil for talkin' shit\nCause he can't get a taste of the chocolate\nAfrican breasts; cause white bitches have no butt and no chest\nBlack women have bodies like goddesses\nSorta like Venus, but put away your penis\nCause the devil is a savage motherfucker\nThat's why I'm lighter than the average brother\nCause you raped our women, and we felt it\nBut it'll never happen again if I can help it (me neither)\nCause nobody in my neighborhood has caught jungle fever yet\nSo horny little devil, you better listen\nBefore yo' ass come up missin'\nAnd it's like that\n\n[Verse 2]\nNow you wanna get me\nHorny little devil must be, a F-A-G\nTryin to fuck me out my land and my manhood\nHave me broke eatin' Spam, and canned goods\nLocking down on my neighborhoods\nTreat me less than a man cause right now you got the upper hand\nBut my ass is a virgin\nYou might have fucked the Indians\nBut you can't surgeon me\nAnd when I'm on top I won't be fuckin ya\nI'd rather put a buck in ya\nCause I hate the devil with a passion\nAnd when I see the whites of his eyes I start blastin'\nDig a hole and throw his ass in\nAnd I won't be happy till I'm down to my last ten\nGet his fuckin' pitchfork\nTie him up, and then feed the bitch pork\nLittle devil can't fuck me out my pay\nCause horny little devil true niggas ain't gay\nAnd you can't play with my Yo-Yo\nAnd definitely can't play with me you fuckin' homo\nCause we'll blow your head off\nAnd turn that white sheet, 'to a red cloth\nPlus when they're all dead\nI can cut that Jheri juice and get a bald head\nThen let it nap up\nGo down to the corner store and beat the Jap up\nClean all the crap up\nOut my city, now the whole block look shitty\nPut his dick on a wood block\nSwing swing swing, and chop chop chop\nNow who's the next to nut\nColor Me Badd, but you can't sex me up\nSo don't even try it, put your dick on a diet\nCause this is Watts Riot 1991 and I'ma get my gun\nPut an end to the devil, so get a fucking shovel\n\n(repeat chorus)", "image": "https://images.rapgenius.com/89a02ab603eae95e0d380fcd08eda589.1000x1000x1.jpg"}], "artist": "Ice Cube"}