{"songs": [{"title": "JD\u2019s Gaffilin', Part 2", "album": "Kill at Will EP", "year": "1990-12-18", "lyrics": "[J. Dee]\nPolice eat the dick straight up, you know why? I got jacked just the other night. This motherfucker gonna tell me, What I'm doing walkin' in the streets? Man, what the fuck you mean what I'm doing walkin' in the streets? You gonna buy me a motherfuckering car? Everytime I try to steal one, you take me to jail. So what the fuck you talk about... a nigga like me struggling to stride? Nigga walking in the streets at night is like committing suicide. So what the fuck is next? I'm tired of this motherfucking shit. Niggas popping off the Mob, talking about I'm the Nigga You Love to Hate. Bitch! back up off my tip. For the simple fact; you're only like a gnat on a dog's dick...", "image": "https://images.genius.com/6c223fafae72a06b4952ce4b3f7e6b7a.992x991x1.jpg"}], "artist": "Ice Cube"}