{"songs": [{"title": "Pushin' Weight", "album": "War & Peace Vol. 1 (The War Disc)", "year": "1998-10-28", "lyrics": "[Ice Cube]\nYeah, yeah\nBlaze one for the nation\nBrrrrr\nBrrrrr\nBrrrrr\n\nVerse 1: Ice Cube\nI got lyrics that wake up spirits\nThey told me how to make big hits and spend digits\nCan you dig it?\nYou fed, you dead, see red\nMy lead, yo head, I fed\nLike you shit\nI got rhymes push that shit like weight\nMy nigga Lincoln help me navigate\nThrough this hate retaliate, it's official\nI got that bomb, bomb, diddy, diddy, diddy, bomb, bomb\nWhen I hit you\nPush the issue\nMy ghetto dope is amazin\nThe bitch that's with you already know that I'm blazin\nSlide the number, we can slumber, on the under\nGirl no wonder, you got a ass full of thunder\nThe frozen tundra ain't cold enough\nAnd baby ain't old enough\nFor this game I'm rollin up\nDe-zamn it feels good to be the Don\nStraight legit, while niggas like Gotti just sit\n\n[Chorus: Ice Cube]\nA yeah yeah\nI push rhymes like weight\nI push rhymes like weight\nA yeah yeah\nI push rhymes like weight\nI push rhymes like weight\nA yeah yeah\nI push rhymes like weight\nI push rhymes like weight\nA yeah yeah\nI push rhymes like weight\nI push rhymes like weight\n\n[Verse 2: Ice Cube]\nI hold zone like a Corleone\nNo more fuckin with that homegrown\nHit the shit we on\nThe Rolleo's and the baguettes\nYou still fuckin with them faggots\nWe turn haters into maggots\nOak on the dash, but no coke on the hash\nYou broke ass niggas learn to mash, like me\nConstantly, put the hustle down\nWith four or five niggas that's musclebound\nSend your head to the taxidermist\nWon't be satisfied, till I get my face on a thermos\nYou got to earn this, you can't take it\nCan't fake it, got to live it, or we gots to visit\nWho is it, the exquisite, Don Mega\nWalkin with my entourage, I think I'm betta, makin chedda\nYou see me sag in my Jag, with the rag recognize the flag\nYou betta get back!\n\n[Bridge: Ice Cube]\nEverybody wanna do it like me\nI got it made, been makin rap money since the tenth grade\n(Ch-ching)\nSince the tenth grade\n(Ch-ching)\n(What you need)\n\n[Chorus: Ice Cube]\nA yeah yeah\nI push rhymes like weight\nI push rhymes like weight\nA yeah yeah\nI push rhymes like weight\nI push rhymes like weight\nA yeah yeah\nI push rhymes like weight\nI push rhymes like weight\nA yeah yeah\nI push rhymes like weight\nI push rhymes like weight\n\n[Verse 3: Mr. Short Khop]\nI keeps a firm grip on my shit when in transit\nUncandid, it's the young bandit\nFresh out the trenches, the woodworks\nCity of the champion, where the hood work\nIn search of the rich blocks, to lick spots, and kick rocks\nFrom shattered glass, down to pick locks\nWant chips by the Glocks\nYou niggas scramblin for bullion\nAnd settle for crumbs and croutons\nI'm out for armored bucks and armored trucks, with armed killas\nBitch niggas get swallowed by the armadillos\nAin't no harmin me, the army full of ornery niggas you can't see\nSo while you pace bitches and Saturns livin janky\nI hangs with niggas who got patterns on they hankies\nAfter Ben Frankeys, with the big skull and eyes\nYou niggas bound and nullified\nSit back and mine stack it multiply\n\n[Chorus: Ice Cube and Mr. Short Khop]\n[IC]A yeah yeah\n[MSK]I push rhymes like weight\n[MSK]I push rhymes like weight\n(2X)\n[IC]A yeah yeah\n[IC]I push rhymes like weight\n[IC]I push rhymes like weight\n(2X)\n\n[Ice Cube] (starts during chorus)\nAsk about me\nWorldwide baby\nWorldwide baby (A yeah yeah)\nIce Cube makin more money in the rap game\nThan some of you can (A yeah yeah) with a bird in your hand\nPuttin it down\nWe wanted in fifty states for this weight\n(A yeah yeah)\nPushin rhymes like weight\nPushin rhymes like weight\n(A yeah yeah)\nYeah, blaze one for the nation\n(A yeah yeah)\nYou know my name\nYou know my name\n(A yeah yeah)\nYou know my name\n\nYeah, some of you fools just got in it\nAnd think you gonna change the game\nYou ain't changin nothin\n\nI been doin this, I been doin this\nAsk about me\nAsk about me", "image": "https://images.genius.com/1e5477acee49e8df477549f8f6fd77f7.700x700x1.jpg"}], "artist": "Ice Cube"}