{"songs": [{"title": "First Day of School (Intro)", "album": "The Predator", "year": "1992-11-17", "lyrics": "[School bell ringing]\n\n[COP 1]: Ain't nobody talkin' when I'm talkin' fellas so shut the fuck up. The following items you place in the envelope as I call em off. An empty wallet, legal paperwork. First 3, out of the tank\n\n[COP2]: Line up, single file on the bench, let's go. Open your mouths, stick out your tongue. Alright, do your ears, one at a time. Okay, bend your heads over, shake 'em out with your fingers. Hands above your head, hands out in front of you. Over. Move those fingers. Reach down and lift your nutsacks. Drop your nutsacks and skin back your dick. Turn back around. One foot at a time, pick it up and wiggle the toes. Other foot. Bend over, grab your ass, spread your cheeks and give me two good coughs", "image": "https://images.genius.com/aa204256470ef9ed3c3a3fbcc1ee43da.1000x1000x1.jpg"}], "artist": "Ice Cube"}