{"songs": [{"title": "What They Hittin' Foe?", "album": "AmeriKKKa's Most Wanted", "year": "1990-05-16", "lyrics": "[Verse 1: Ice Cube]\nFucking around in a crap game\nNiggas think I'm soft cause now I'm in the rap game\nAnd I don't hang out as much, bang out dope cuts\nStanding on stage and I'm grabbing my nuts\nBut when it comes to getting in a circle\nI'm hitting sevens turning broke niggas purple\nLooking for Little Joe and the dumb nigga scream and choke\nWhen deuce-deuce hit the floor yo\nNow which of ya wanna fade the twenty?\nI'm turnin your fat pockets skinny\nAh yeah I'm shaking the ivory\nAnd boom it's like they die for me\nFool you can get loud, get mad, hit the joint\nBut don't forget my point\nThere it is yo\nI put my Nike on the bet so it won't slide\nMoney gone cause I'm never hitting deuce-five\nI'm never hitting four-trey no way\nYou wanna leave but come on ho stay\nNigga fever that\u2019ll work\nPoppa needs brand-new shoes and a sweatshirt\nFool you can't even fuck with that\nAnd now that I'm winning I gots to get my gat\nCause I see your homies starting to look\nAnd broke motherfuckers they make the best crooks\nAnd I'm feeling like a baller\nBucking fools now the circles getting smaller\nNow you wanna go and scheme\nPunk niggas like you just love to triple-team\nSo I pick up my money and start walking\nCause now I let the gat start talking\nNow since ya'll lost you wanna go out like a sucker\nTake that motherfuckers", "image": "https://images.genius.com/1cb382d2d9fb4a9bfa94e3074c1aa220.1000x1000x1.jpg"}], "artist": "Ice Cube"}