{"songs": [{"title": "Get Off My Dick and Tell Yo Bitch to Come Here", "album": "AmeriKKKa's Most Wanted", "year": "1990-05-16", "lyrics": "[Flava Flav]\nStay off his dick\n\n[Ice Cube]\nSome don't think I can flow\nSo here we go\nTo a new track\nTo show the wack\nThat I can throw styles that show up\nI blow up and blast here\nNiggas still tripping off the shit I said last year\nAbout a bitch is bitch is a bitch is a bitch\nThen I got rich but I'll never switch\nSo I dedicate this one to the groupie\nAnd the Charlie all on my Snoopy\nBrothers keep asking Ice Cube yo when will you bust\nThey surround me and make a big fuss\nNow I was taught back on my block\nThat you don't ride on nobody's jock\nFor anything they do\nFuck him and his crew\nUnless you were gettin paid too\nI'm not saying this to dis each and every fan\nWomen you can ride but man be a man\nShake my hand and make it a firm shake\nSay \"What's up Ice Cube?\" and then break\nCause if you're hangin there I'm a tell you loud and clear:\nGet off my my dick nigga\u2014and tell your bitch to come here", "image": "https://images.genius.com/1cb382d2d9fb4a9bfa94e3074c1aa220.1000x1000x1.jpg"}], "artist": "Ice Cube"}