{"songs": [{"title": "My Loved One", "album": "The Players Club (Music From and Inspired By the Motion Picture) ", "year": null, "lyrics": "[Cube]\nNigga ain't tryin' to do too much\n\nAll I wanna do is have fun with my loved ones (yaaeyae)\nSpend a hun' on my loved ones (yaeeyae)\nMake a run with my loved ones\nMy relatives & my cousins\n(repeat w/)\n\nI like to get down with my peoples & my folks\nMy dogs & my locs the room filled with smoke (brr)\nI got these Crip niggas talkin' to the Bloods\n& niggas ain't spreadin' slugs but spreadin' love (yeah)\nIt's the thang we do since ' 92\nWhat's the use of you killing me & me killing you?\nWe at the picnic off the liquid\nWe the illest in town & nobody gets sick\nHeard these freaks don't get along\nCause one hair is short & one's is long\nThe dick don't care 'bout no hair\nWhat you talkin' 'bout? We can work it out\nWhen you with me nigga all the drinks on the house\n\nAll I wanna do is have fun with my loved ones\nSpend a hun' on my loved ones\nMake a run with my loved ones\nMy relatives & my cousins\n[S.K.] What you wanna do?\nAll I wanna do is have fun with my loved ones\nSpend a hun' on my loved ones\nMake a run with my loved ones\nMy relatives & my cousins (yaeeyae)\n\n[S.K.] What they hittin' fo Cube?\n\n[Cube]\nOh you wanna pay the price\nI'm like Poltergeist when I get ya dice\nI make 'em do thangs\nMan I got the Method like Wu-Tang\nHave you niggas changin' like mood rings\nSo we should kick back on this six pack\nWhere them bitches at with the fifth of yak (cognac)\n(Oh they went to get some food too)\nI know the people that you came with\n& hang with but who's you?\n[S.K.]\nThey call me Short Khop\nI'm the nigga in the bathroom with\n2 bitches & the do' locked (You??)\nI know you famous & I must be buzzin'\nBut can't nobody give head like yo' cousin (ah fuck you)\n\nAll I wanna do is have fun with yo' loved ones\nSpend a hun' with yo' loved ones\nMake a run with yo' loved ones\nYo' relatives & yo' cousins (ha haa)\n(What you wanna do?)\nAll I wanna do is have fun with yo' loved ones\nSpend a hun' with yo' loved ones\nMake a run with yo' loved ones\nYo' relatives & yo' cousins\n\n[Cube]\nNow be careful on yo' way home\nYou know it's on with the police\nThey can't see a nigga get no peace\nThey pull you over never carin' if you drunk or sober\nThey wanna fuck with yo' nuts\nCall yo' baby momma sluts put you in cuffs\nIn the Afterworld yo' ass gon' get touched\nWe see you later workin' for them haters\nFuckin' space invaders comin' up the elevators\nTo 304 damn that's my suite\nWhy you bammin' on the fuckin' do' & holdin' heat\nBring yo' ass in come on have a seat\nWe can meet over somethin' to eat\nMuthafucka\n\nCause\nAll I wanna do is have fun with my loved ones\nSpend a hun' with my loved ones\nMake a run with my loved ones\nMy relatives & my cousins\n(What you wanna do?)\nAll I wanna do is have fun with my loved ones\nSpend a hun' with my loved ones\nMake a run with my loved ones\nMy relatives & my cousins\n(It's on me& you)\n\nC: I ain't fuckin' with no niggas that don't love me bitch\nFuckin' with y'all muthafuckas\nWe through with the bullshit\nKick rocks nigga if you with that bullshit kick rocks\nAll I wanna do is have fun with my loved ones\nMy relatives & my cousins\nConnect Gang he hah Connect Gang\nPut it down like this...\nPut it down like this & never ever miss", "image": "https://images.genius.com/7340b4a18007e61809e51a065eac70a8.400x399x1.jpg"}], "artist": "Ice Cube"}