{"songs": [{"title": "All Day Everyday", "album": "I Am the West", "year": "2010-09-28", "lyrics": "[Intro]\nGangster\nSlow that shit down\nYeah\nWho wanna ride with this?\n\n[Hook 1]\nWe can ride all day everyday\nIt's do or die all day everyday\nIt's suicide all day everyday\nYou'll be high all day everyday\n\n[Ice Cube]\nI'm rollin down the avenue, doin what I gotta do\nSick as the swine flu, ain't nuttin fine as you\nMust I remind you, what is behind you\nDrop it down, to the ground, like you was designed to\nYou can do it lil' momma, you can do it (you can do it) {*4X*}\n\n[Hook 2]\nWe can do it all day everyday\nGet into it all day everyday\nDrinkin fluid all day everyday\nI pursuit it all day everyday, c'mon\n\n[Interlude]\nYou can have it, just reach out and grab it\nYou can have it, just reach out and grab it\nJust be careful don't be a silly rabbit\nRecreation use turn into a habit (drop that shit)\n\nTo the ground girl take to the ground (drop that shit) {*4X*}\n\n[Hook 3]\nFuck the feds all day everyday\nAnd chickenheads all day everyday\nGet your bread all day everyday\nUse your head all day everyday, c'mon\n\nYou can do it lil' momma, you can do it (you can do it) {*4X*}\n\n[Outro]\nDrop that shit\nAll day everyday, certified\nAll day everyday, qualified\nAll day everyday, West coast warlord\nAll day everyday, yay yay\nThe road that I blazed at, nigga from way back\nI do's that, I does that, homey what was that {*fades out*}", "image": "https://images.genius.com/f1c6e4522c58b032c43433a2345b1bb1.1000x1000x1.jpg"}], "artist": "Ice Cube"}