{"songs": [{"title": "In the Late Night Hour", "album": "Greatest Hits", "year": "2001-12-04", "lyrics": "[Intro: Ice Cube + Pharrell]\nWhen you see me on ya block, call the police\nLet them motherfuckers know here come the beast\n\nOh, in the late night hour\n\n[Verse 1: Ice Cube]\nStraight out of Compton, a crazy motherfucker named Ice Cube\nAnd I'm rollin' with the motherfuckin' Neptunes\nWhen I'm caught off, I got a sawed-off\nA midget bitch that'll suck a niggas balls off\nYou too girl if ya fuck with me\nI'm gettin' head, gutter lane, doin' sixty\nAbout to crash like Teddy Pendergrass\nMama said a hard head make a tender ass\nTo all the dogs that bark a lot\nWho don't give a fuck if it's dark or not\nWe'll be pimpin' in the parking lot\nMotherfuckers don't know if I can park or not\n'Cause I circle like vultures, La Costa Nostra\nBumpin' all the baddest bitches like I'm 'posed ta\nWhat's yo' name, what's yo' number and yo' culture?\nYou need nuts in yo' face like a poster\n\n[Hook: Pusha T]\nIf you in a club, nigga, this shit bang\nIf you in the streets, nigga, this shit bang\nIf you on the block, nigga, this shit bang\nAnd if it's what ya need, boy, do ya thang\nIf you in a Range Rov, this shit bang\nIf you in that 600, this shit bang\nIf you on that steel horse, this shit bang\nBut if it's what ya need, boy, let it bang\n\n[Verse 2: Ice Cube]\nFuck the police comin' straight from the underground\nFuckin' pig wanna act like he like me now\nIn '86, same bitch tried to lock me down\nAnd motherfuckers wanna ask why I'm cocky now\nTo all the bitches that think they bootylicious\nI think they nutritious, I think they do dishes\nI'm makin' three wishes, or takin' they pictures\nAnd spendin' they riches, and fuckin' they bitches\nEgomaniac, lil' homies call me brainiac\nIce Cube's an asshole and it ain't an act\nSo take a hit of that, and remember that\nWhere my motherfuckin' niggas and my bitches at?\nIn the late night hour hit the front to back\nCheck the motherfuckin' rims on the Cadillac\nOn the ass attack, can you keep it tight?\nAnd if the head right, nigga there every night\n\n[Hook: Pusha T]\nIf you in a club, nigga, this shit bang\nIf you in the streets, nigga, this shit bang\nIf you on the block, nigga, this shit bang\nAnd if it's what ya need, boy, do ya thang\nIf you in a Range Rov, this shit bang\nIf you in that 600, this shit bang\nIf you on that steel horse, this shit bang\nBut if it's what ya need, boy, let it bang\n\n[Bridge: Ice Cube + (Pharrell)]\nThis is for my niggas that's schemin' for cash\nAnd lookin' for ass (In the late night hour)\nThis is for my people that's countin' they riches\nAnd pickin' up bitches (In the late night hour)\nThis is for my niggas that's countin' they cash\nAnd lookin' for ass (In the late night hour)\nThis is for my people that's schemin' for riches\nAnd pickin' up bitches (In the late night hour)\n\n[Verse 3: Ice Cube + (Pharrell)]\nSo check it, and everybody get naked\nThis might be a nigga last record\nBut respect it, 'cause I could do it all night, playa\nI'm all fight, playa; you all spite, playa\nIt's all right, playa; a nigga might care\nBut to catch me you gotta do a light year\nIce Cube insane in the membrane\nBaby, go ahead; nigga please do the damn thang\nWe gonna get you high, nigga\nOur rhymes will get you by, nigga\nTell me if I qualify, nigga\nTo bail in like SuperFly\nI wanna get that, cop that, buy that, drop that\nYou want it too but don't know where to start at\nFuckin' with me, nigga better bring his hard hat\nNigga where ya heart at? Leave you on the tarmac\nWith my top back, and my nigga Mack\nRidin' shotgun, with the top gun\nDon't catch a hot one soon as he spot one\nWestside Connection is the doctrine\nThis ain't another club song\nOr love song that y'all can fuck on\nSo get the fuck on\nA nigga rich, can't believe the bullshit that I'm stuck on\n\n[Hook: Pusha T]\nIf you in a club, nigga, this shit bang\nIf you in the streets, nigga, this shit bang\nIf you on the block, nigga, this shit bang\nAnd if it's what ya need, boy, do ya thang\nIf you in a Range Rov, this shit bang\nIf you in that 600, this shit bang\nIf you on that steel horse, this shit bang\nBut if it's what ya need, boy, let it bang", "image": "https://images.genius.com/e1c4a45d4aabc32906c796e50750e662.1000x1000x1.jpg"}], "artist": "Ice Cube"}