{"songs": [{"title": "What Is a Pyroclastic Flow?", "album": "Raw Footage", "year": "2008-08-19", "lyrics": "[Keith David]\nWhat's the definition of a pyroclastic flow?\nThat's what happens when a volcano blow\nThat's what happens when Ice Cube starts to flow\nRed hot lava mixed with salava\nPulvarising everything in it's wake\nNothing can survive a pyroclastic flow\nAnd no one will survive this one", "image": "https://images.genius.com/284f4145950de6c7f91a598379e2bb40.1000x1000x1.jpg"}], "artist": "Ice Cube"}