{"songs": [{"title": "Pros vs. Joes (Bonus Track)", "album": "I Am the West", "year": "2010-09-28", "lyrics": "[Intro]\nIce Cube, bomaye! Yeah, bomaye\nIce Cube, bomaye (kill 'em) bomaye\nIce Cube, bomaye.. bomaye\nIce Cube, bomaye (kill 'em) bomaye\n\n[Ice Cube]\nWhassup baller? I'm a owner now, you niggas ball for me\nAnd I'll be kickin it, up in my suite\nLookin down, ain't none of y'all fuckin with me\nI'm like a bully that you motherfuckers hatin to see\nBetter whisper my name, like the Wizard of Oz\nIf you say it three times, a lyrical barrage\nThis is not a mirage, there's no way to dodge\nThis career endin, metaphoric collage\nI'm swearin to God, it's worse than Jihad\nFuckin with Cube is like \"The Book of Eli\"\nI'm pullin my blade, I'm slicin you bastards\nYou local motherfuckers, I rap to the masses\nYou internet bitches, my pen is so vicious\nThe genie's out the bottle, and grant no wishes\nBefo' you attack, you shoulda asked Mack\nHe would have told you I'm the architect of gangster rap\n\n[Hook: repeat 2X]\nIce Cube, bomaye.. bomaye\nIce Cube, bomaye (kill 'em) bomaye\n\n[Ice Cube]\nYou motherfuckers in the D-league, I'm in the G league\nI got the most money, I smoke the best weed\nI got the best kids, and the best life\nWith a fine wife, nigga I'm in paradise\nAmateurs think it's easy, but you and that\nBitch ain't about to be the next George and Weezy\nJust pay to see me, I'm a pro with a show\nThat's incredible, you better let it go\nBetter learn how to do the Dougie\n'Fore I wrap you in a Snuggie, and push you in the buggy\nThis is, Ice Cube, know the people love me\nOn some spiritual shit, like the man above me\nC'mon\n\n[Hook] - 2X\n\n[Outro]\nBomaye...\n(kill 'em!)", "image": "https://images.genius.com/f1c6e4522c58b032c43433a2345b1bb1.1000x1000x1.jpg"}], "artist": "Ice Cube"}