{"songs": [{"title": "Cash Over Ass", "album": "War & Peace Vol. 1 (The War Disc)", "year": "1998-11-17", "lyrics": "[Intro: Mack 10]\nWhassup Cube dog?\nI got this bitch-ass nigga right here\nY'know, fuckin with this tramp-ass bitch\nPuttin her before the scrill' all the time, yaknowhatI'msayin?\nMan I got this nigga transcripts and every-mother-fuckin thang\nTellin this bitch all my mother-fuckin business\nPuttin ass over cash everyday\nNigga fuck that, this Westside\n\n[Verse 1: Ice Cube]\nBe gone you, fuckin' peon, got the Don furious\nTalkin on the phone got the Federal curious\nI'm serious! I don't give a fuck where he is\nSnatch him out the factory, bring his ass back to me\nHow the fuck you think I got the NAME Bossalini? Punk\nMack God Rap Genie, you can't see me\nUp in this game ever since you was a lame\nY'all train at my school, nigga I rule\nYou never make me holla, smokin' on a fifteen dollar\nFrom across the water, watch your daughter\nShe might catch the Holy Ghost from this rap sermon\nWhile you vermin smokin' Sherman, I'm rollin' somethin' German, bitch\nMoney earnin' makin' mo' money (ching ching)\nEnemies look so funny, with they clothes bummy\nDon't need no honey, that's right\nCause I'm thinkin' with my big head, FUCK what my dick said!\n\n[Chorus: Ice Cube]\nWe puttin' cash over ass, each and every day\nGo on let the players play... (the hustlers)\n(We some money makin' motherfuckers.. I know that you love us!)\nWe puttin' cash over ass, each and every day\nGo on let the players play... (the hustlers)\n(We some money makin' motherfuckers.. I know that you love us!)\n\n[Verse 2: Ice Cube]\nNow, who's that nigga got these bitches lookin' silly? Me!\nI'm the Big Willie for really, the real dilly\nYou can ask Phillie cause I got a year's supply (Yup!)\nYou must want to die, don't get the lye\nAfter dark up at Griffith Park, shallow grave\nFor the mark check his heart, the game about to start\nBig thangs automatic pu-tang (automatic)\nKeep your mind off them bitches, eyes on your riches\nIf it twitches give it stitches\nIf it jiggles or switches, fuck and take pictures, now\nI'm livin' in a two-point zone, and I'm still bumpin'\nCall me in the clutch, ain't lost my touch\nNigga what? on the microphone\nIf I drove it in the video, bitch, I can drive it home\nTight as a Corleone\nYou got to get your own, baby get on, now\n\n[Chorus: Ice Cube]\nWe puttin cash over ass, each and every day\nGo on let the players play.. (the hustlers)\n(We some money makin motherfuckers.. I know that you love us!)\nWe puttin cash over ass, each and every day\nGo on let the players play.. (the hustlers)\n(We some money makin motherfuckers.. I know that you love us!)\n\n[Verse 3: Ice Cube]\nGet your ass up and go to work, cause you know\nOn payday, nigga that shit gon' hurt\nFuckin with a skirt instead of handlin' your business\nRich dude, now you got to make three wishes\nI'm suspicious, of any motherfucker puttin' fuck over finance\n'Specially fuckin up my plans\nI'm the boss, I can be late\nBut you'll never see her and me, over currency\nGivin you the third degree, cause you got\nToo many broke bitches and you like bankin' for a penny\nStop fuckin on them dum-dums\nFind one with some ass and some income\nWho wanna win? Who wanna spin?\nWho wanna make, twenty-five eight? Me\nIce Cube the great.. pushin' rhymes like weight\n\n[Chorus: Ice Cube]\nWe puttin' cash over ass, each and every day\nGo on let the players play... (the hustlers)\n(We some money makin' motherfuckers... I know that you love us!)\nWe puttin' cash over ass, each and every day\nGo on let the players play... (the hustlers)\n(We some money makin' motherfuckers... I know that you love us!)\nWe puttin' cash over ass, each and every day\nGo on let the players play... (the hustlers)\n(We some money makin' motherfuckers... I know that you love us!)\nWe puttin' cash over ass, each and every day\nGo on let the players play... (the hustlers)\n(We some money makin' motherfuckers... I know that you love us!)\n\n[Outro]\nNever put that ho, in front of that dough nigga\nFor what? (Never... fuck a bitch nigga)\nFor what? She ain't gon' love you if you ain't got no dough fool\n(Bitch fuckin with me got to be workin', gettin' paid yaknahmsayin?)\nGotta come up, scrilla scrilla y'all (Never ass over cash nigga)\nScrilla scrilla y'all (We greedy)\nCha-ching! (She can get some CD's, push some keys)\nCha-ching! (Ha ha ha, make the bitches shake they tit-ties)\nCha-ching, cha-ching! (Over my knee)\nCha-ching, cha-ching! (Never ass over cash)\nNever ass over cash", "image": "https://images.genius.com/9a92bffe36c691d91a9dd7116941cd17.1000x1000x1.jpg"}], "artist": "Ice Cube"}