{"songs": [{"title": "Super OG (Intro)", "album": "Everythang's Corrupt", "year": "2018-12-07", "lyrics": "Everything's corrupt\nEverything's fucked up\nEverything's 'bout a buck, we shit outta luck, yeah\nBlood used to be thicker than water\nNow it depends on what kinda water you talkin' about\nNiggas'll kill they momma over that almighty dollar\nYeah, you know me, Super O-G\nAlways down to take a knee", "image": "https://images.genius.com/90eb800a406018bdc1a360ae9db5d64d.1000x1000x1.jpg"}], "artist": "Ice Cube"}