{"songs": [{"title": "The Shot", "album": "Lethal Injection", "year": "1993-12-07", "lyrics": "[Phones ringing, babies crying]\n\n[Mr. White]\nHi, how ya doing?\n\n[Nurse]\nDoctor's office, could you hold please?\nYes sir, can I help you?\n\n[Mr. White]\nYes, I have a four o'clock appointment, I'm here to get my shot\n\n[Nurse]\nOkay, come right with me\n\n[Mr. White]\nThis isn't gonna take too long, is it?\n\n[Nurse]\nHere we are, here have a seat right here\n\n[Mr. White]\nOh great, thanks, thanks\n\n[Nurse]\nThe doctor will be right with you, and can I get you anything?\n\n[Mr. White]\nUh, maybe a glass of water would be great\n\n[Nurse]\nOkay, great\n\n[Door shuts]\n\n[Mr. White]\nDamn, what is taking so long?\n\n[Door creaks open, funky music in the background]\n\nDoctor Ice Cube: Yo, wassup?\n\n[Mr. White]\nHi, how ya doing?\n\n[Ice Cube]\nAlright, let's see what we got here\nUh, Mr. White huh?\n\n[Mr. White]\nYes, sir, that's me\n\n[Ice Cube]\nHeh, I heard you don't like shots do ya?\n\n[Mr. White]\nNo, I sure don't\n\n[Ice Cube]\nAww, you're a big boy uhh, this won't hurt a bit. Jus' uhh turn your head...\n\n[Mr. White]\nLet's get this over with\n\n[Ice Cube]\nYeah, uh, rub a little alcohol on here, right here for you, and uh... brace yourself!\n\n[Click]\n[BANG!]", "image": "https://images.genius.com/7130347bb47a4a618915a6de2818699a.1000x1000x1.jpg"}], "artist": "Ice Cube"}