{"songs": [{"title": "Don't Make Me Hurt Ya Feelings", "album": "Raw Footage", "year": "2008-08-19", "lyrics": "[Ice Cube]\nFrom hood to hood, sea to shinin sea\nLet this be the anthem, when you niggas see me\nFuck 'em, uh-huh\n\n[Hook]\nWhen I'm on the block, and you see me chillin\nWith that drop-top, don't let me hurt ya feelings\nWhen I'm in the club, lookin like a million\nWith that bitch you love, don't let me hurt ya feelings\n\n[Ice Cube]\nTick tock, niggas see me on the block\nAnd they stomachs drop, cause I'm so fuckin hot\nNow, you know my M.O. pull up and blow the horn\nShe runs out at night and comes back in the morn'\nLeave these niggas lookin like Children of the Corn\nAin't nuttin in the world like a bitch nigga scorned\nForewarned if you thinkin 'bout this porn\nIt may result in yo' drawers gettin torn nigga\nI'm Hosea Jackson's last born\nI'm a rooster, Foghorn Leghorn\nYouse a loser, get your feelings hurt when I seduce her\nShe turn my dick to stone just like Medusa\nMad cause I got my dick sucked, and my balls licked\nFaggot niggas come out the closet\nYou know that bitch you like that's throwin the P\nYou know that bitch you like is goin with me\n\n[Hook]\n\n[Ice Cube]\nWith the full chrome blow ya dome, nigga I'm the king of Rome\nJim Jones these hoes into my living room\nNiggas get jealous, at the Goodfellas\n\"He's a hot dog~!\" Nigga add relish\nPapered out, lay you out, fuckin with my paper route\nTake you out so momma cain't make you out\nWhen I creep niggas read 'em and weep\nWhen they peep I'm a fuckin wolf dressed like a sheep\nSo fresh, so clean, so nice, so mean\nShe's a motherfuckin fiend fo' this negro supreme (yeay-yay)\nHoes scream they wanna be on my team, but uhh\nIt's a dream like Martin the King\nHeartbreaker, money taker, nigga, it's my nature\nTo shake her, soon as a nigga break her\nAnd I'm done, you can have her back\nSucker niggas askin where yo' ass was at\n\n[Hook]\n\n[Ice Cube]\nMy hood, yo' hood, niggas up to no good\nGet your shine on, please make it understood\nGet your grind on nigga 'til it's all good\nRun up on these 24's - wish you would\n\nI wish y'all bitch niggas would\nSwizz Beatz wanna give you crybaby niggas a pacifier\nWhen you see us comin get to runnin {*fades out*}", "image": "https://images.genius.com/284f4145950de6c7f91a598379e2bb40.1000x1000x1.jpg"}], "artist": "Ice Cube"}