{"songs": [{"title": "I Got My Locs On", "album": "Raw Footage", "year": "2008-08-19", "lyrics": "[Hook]\nI got my locs on (2x)\nAnd you can't see my eyes (2x)\nI got my locs on (2x)\nAnd you can't tell I'm high (2x)\nI got my locs on (2x)\nAnd you can't see my eyes (2x)\nI got my locs on (2x)\nAnd you can't tell I'm high (2x)\n\n[Ice Cube - Verse 1]\nI got my locs on, welcome to the terrordome\nI got them carrots on givin off them pheromones\nWomen love it when they see me on that motorcycle\nNiggas hate it cuz they know I'm makin more than Michael\nBeen ballin since the word ballin played out\nThey brought it back to describe me in that maybach\nMe and Jeezy Jeezy rollin with our locs on\nSmokin somethin good fuckin up the ozone\n\n[Hook]\n\n[Young Jeezy - Verse 2]\nBrand new Versaces ran me a buck 50\n(they must have set you back) naw baby not really\nSwitchin lanes yes yea the chopper's just silly\nWhen it's bustin at your ass we just laughin at ya really\nI got my locs on dickies on keep the workin niggas on\nKeep the cashmere vickis on yea she keep them vickis on\nKeep my locs on see you hatin motherfuckers\nKeep my locs on you know they match my bag suckas\n\n[Hook]\n\n[Verse 3]\nI got my locs on cuz my eyes are burgundy\nAnd when I get home I don't want the third degree\nThe verdict be urgently these niggas wanna murder me\nThey scared of the consequences comin from my defenses\nIt ain't that expensive have your ass hoppin fences\nLucky motherfucker missed your ass by some inches\nNext time understand what you fuckin' with, it's legendary status\nSittin behind these glasses nigga\n\n[Hook]", "image": "https://images.genius.com/284f4145950de6c7f91a598379e2bb40.1000x1000x1.jpg"}], "artist": "Ice Cube"}