{"songs": [{"title": "Mafia 3- Nobody Wants To Die", "album": null, "year": "2016-10-06", "lyrics": "[Intro]\nEverybody wants to go to heaven\nY\u2019all thought I was soft as cotton\nEverybody wants to go to Heaven\nMessed around and forgot I was rotten\nEverybody wants to go to Heaven\nYou know my resume\nYou tell \u2019em I\u2019m on my way\nBut nobody (You tell \u2019em, I\u2019m on my way)\nAh nobody wants to die\n[Verse 1]\nI keep my mind on my money, I keep my hand on my gunny\nDon\u2019t get to playin\u2019 with sonny, unless you Playboy Bunny\nI\u2019ll put four in your tummy, tap two in your brain\nSee the man ain\u2019t playing, if you think it\u2019s a game\nHaters whisper my name, suckers want what I slang\nArrogant and I\u2019m vain, DA want me to hang\nBut let me explain, like Abel and Cain\nThat the black Grim Reaper is not my brother\u2019s keeper\nRevenge, revenge a killer\u2019s on a binge of revenge\nIt depends if I can live with my sins\nLose family and friends (lost em all)\nNow you got to lose life and limb, spit phlegm on them\nGot the code of Rakim, homey, jokes ain\u2019t allowed\nAnd you boy ain\u2019t scared to move the crowd with something loud\nIf you doubt what I\u2019m about, go ahead an run your mouth\nI\u2019m the last thing you see when your time is running out, trick\n\n[Hook]\nEverybody wants to go to Heaven\nI\u2019ll send you fast boy, with a blast boy (first class, boy)\nEverybody wants to go to Heaven\nMessin\u2019 with the wrong one, send you on that long run\nEverybody wants to go to Heaven (I ain\u2019t the one, son)\nPop you like a pro, now you good to go (yeah)\nBut nobody (Nobody, nobody, nobody, nobody)\nAh nobody wants to die\n\n[Verse 2]\nYou forgot where I come from, you forgot what I do\nYou forgot what you was sayin\u2019, cuz I\u2019m blockin\u2019 your view\nNow I got you on cue, you about to turn blue\nGet around me now you actin\u2019 like my little nephew\nBoy what you wan\u2019 do? You ain\u2019t gon\u2019 do ish\nBut go take a ish, is \u2019bout as funky as it get\nNow I\u2019ma have to admit, that I was prolly too nice\nBut take my advice or I\u2019ll take your life\nNow if you still wanna slice, let\u2019s start with the fingers\nLet\u2019s move to the toes, and end with the penis\nSee men are from Mars, now you from Venus\nHow dumb you got to be tryin\u2019 to think with the genius\nIt\u2019s the big payback, you can\u2019t clown James Brown\nSee a brother been down ever since Jamestown\nYou either swim or you\u2019re drowned, you either gagged or you\u2019re bound\nNow you can\u2019t make a sound, boy look at you now\n\n[Hook]\nEverybody wants to go to Heaven\nI\u2019ll send you fast boy, with a blast boy (first class, boy)\nEverybody wants to go to Heaven\nMessin\u2019 with the wrong one, send you on that long run\nEverybody wants to go to Heaven (I ain\u2019t the one, Crip)\nPop you like a pro, now you good to go (Go on)\nBut nobody (Nobody, na)\nAh nobody wants to die", "image": "https://images.genius.com/c457bbdb72f694aa2707c388b36e7230.960x764x1.jpg"}], "artist": "Ice Cube"}