{"songs": [{"title": "Why We Thugs (Remix)", "album": null, "year": null, "lyrics": "[Verse 1: Eazy-E]\nYeah, let's take a trip\nJust sit back and light a spliff with this and don't slip\nOn a funky-dope track jump back\nStrapped with a fat buddah sack and a 7-8 'Lac\nGo clean, gangsta lean, I got green\nBut I serve dubs like it ain't no thing\nIt's so sweet, when you got money to spend\nI got a proper big tilt and a fabec Benz\nI make ends, spend my dough on no ho\nThat's how it is, and that's how it goes\nAct like ya know when I creep real slow\nGivin love to them playaz that I know is real G's\n\n[Verse 2: 2Pac]\nMobbin' like a motherfucker stuck\nCan you put your middle finger out the window gettin' fucked off - liquor\nGet loaded can't control it\nNigga pass me the blunt and let me roll it\nYou get the bones act to the whole stack\nKeep your dough fat\n\n[Verse 3: Eazy-E]\nOr you might get what we call the rat pack\nI gives a damn bout a skanless trick\nLet me hit it one time and trick that sick\nI don't trip, gives my dough to no ho\nThat's how it is, I got no love for ya\n\n[Verse 4: 2Pac]\nAnd jealous muthafuckas can't see\nThat it's the fame that caught these stupid bitches, pass the pussy free\nSo tell me why u sweatin' a muthafucka like me?\nA young nigga tryin' to a hustle up some G's\nYou pussy ass playa hatin' hoes speakin' down on niggas\nJumpin' around at the shows\nAnd your the first muthafucka to jump\nTo the trunk when it's time for fun\nLittle trick ass punk\n\n[Verse 5: Eazy-E]\nDump dump on fools with a quickness\nAnd they got no cure for this sickness\nI get paid for the way that I kick this\nLike a g-ster, an OG-ster (who's that?)\nA real playa named Eazy\nAnd I live my life straight crazy\nDon't need no punk fools payin' me\nAnd broke groupies and hootchies don't faze me\nI take two steps back and release myself\nTo put platinum and gold on the record shelf\nI don't brag, but I do it like a straight up iz\nBefore you do a record, partner, handle your business\n\n[Verse 6: 2Pac]\nAnd tell me what does it take to be a G?\nI started with a quarter ounce and bounced to a key\nYou gotta watch your back stay strapped, be alert\nStarted as a young muthafucka doin' dirt\nAnd now I'm in the rap game like the crack game\nI got enemies\nCan't pretend to see my friends are not my enemies\nAnd even thug muthafuckas wanna have fun\nStuck it, buckin' my muthafuckin' magnum\nWhat does it take to be a G?\nSilence is a must, violence is a plus\nPlus, shots at my adversaries\nDem niggas scary best it's time to be buried\nCause ill be buckin' in a fuckin' hurry\n\n[Verse 7: Ice Cube]\nThey give us guns and drugs\nThen wonder why you don't fuck with thugs\nYou wanna count the slugs\nThen come around here and fuck wit us (you know)\nThey give us guns and drugs\nThen wonder why you don't fuck with thugs\nYou wanna count the slugs\nThen come around here and fuck with us\nI'm from the land of the gang bang\nSince I was little, ain't a god damn thang changed\nIt's the same ol' same\nBush run shit like Saddam Hussein\nI cock and aim, clinically insane\nTo deal with this bullshit day to day\nIf I sell some yay or smoke some hay\nYou bitches wanna throw me up in pelican's bay\nCall me an animal up in the system\nBut who's the animal that built this prison\nWho's the animal that invented lower living\nThe projects, thank god for Russell Simmons\nThank god for Sugarhill\nI'm putting a different kind of steel up to my grill\nY'all know what it is, scared for your own kids\nHow these ghetto niggas taken over showbiz\n\n[Outro: Ice Cube]\nEvery hood's the same, every hood's the same\nEvery hood's the same, every hood's the same\nEvery hood's the same, every hood's the same\nStop trippin' on me\nEvery hood's the same, every hood's the same\nEvery hood's the same, every hood's the same\nEvery hood's the same, every hood's the same", "image": "https://images.genius.com/c457bbdb72f694aa2707c388b36e7230.960x764x1.jpg"}], "artist": "Ice Cube"}