{"songs": [{"title": "Robin Lench", "album": "Death Certificate", "year": "1991-10-29", "lyrics": "[6 seconds fades-in]\n\n[Robin Lench:]\nGood evening Ladies and Gentlemen, I'm Robin Lench! [applausin']\nAnd welcome to the \"Lifestyles Of The Poor And Unfortunate\"!\nWhere you and your broad... can win EIGHT days and nine dangerous nights at...\n'The Come On In Hotel', overviewing... the Watts Tower. (owwwwwwww!)\nAnd for your transportation pleasures, you get to ride on what?...\nThe \"R.T.D.\": the \"Rough, Tough and Dangerous\"\nWhere, we provide you and your bitch... round trip transfer...\nSTRAIGHT DOWN RAAANGE... [5 shots] (AYO, NIGGA! GET OUTTA THE CAR, NIGGA!)\nWhere you can meet, who? O.G. MudBone! (who the fuck are?)\nHello, O.G. MudBone! Say: \"Hi!\" (NIGGA, FUCK YOU MUTHAFUCKA! [GET OUTTA HERE] - WIN THESE NUTS, PUNK!) [7 shots]\nAnd for your gambling cravings...\nYou can lose that trick-bitch that's with ya... almost...\nWell... basically... ANYWHERE! (I give you $20 for your biiiiitch! Hahahahah!)\nAnd for your nightlife entertainment, you get to visit...\nOur very own... strawberry showgirls! Located where? On Figueroa!\n'Ey, 'ey, bitch! 'Ey, how much for \"head\"?\nHahahahahah! Oww... ahahh!\nOw! Until next time!\n40 ounce dreams and watermelon wishes!\nI'm Robin Lench, peace!\n5000 G!", "image": "https://images.rapgenius.com/89a02ab603eae95e0d380fcd08eda589.1000x1000x1.jpg"}], "artist": "Ice Cube"}