{"songs": [{"title": "$100 Dollar Bill Y'all", "album": "Greatest Hits", "year": "2001-12-04", "lyrics": "[Bridge]\nGet numbers, get names\nThick dames\nHeadhunters get brains\nBig thangs\nGive niggas shit-stains\nThe shit, man\nAnd don't you forget, man\n\n[Verse 1]\nWe be\nThe best of CG\nGreedy\nAbduct the PD\nSee me?\nNigga, not in 3D\nBe me?\nHah, it's not that easy\nI'm breezy\nAnd off the heezy\nMe and my woman's like George & Wheezy\nMovin' on up, niggas use to tease me\nSee me on top\nIt makes you queasy\nSick with it\nBitch, I'm Bruce Lee\nSeduce me\nYou're nice and juicy\nIn the parking lot, I gots to get mine\nWhy the fuck we goin' in when there's bitches in line?\nI spend my time watchin' bitches' behinds\nThinkin' bad shit in the back of my mind\nI bump and grind with nothing less than a dime\nMaking movie money, you still investin' in rhymes\n\n[Hook]\nAnd I'm in this bitch\nWith a hundred dollar bill, y'all\nAbout to spend this bitch\nI'm in this bitch\nI got a hundred dollar bill, y'all\nAbout to spend this bitch\nI'm in this bitch\nWho got a hundred dollar bill, y'all?\nAbout to spend this bitch\nI'm in this bitch\nI got a hundred dollar bill, y'all\nAbout to spend this bitch\n\n[Verse 2]\nI'm in here\nGot all you freaks lookin'\nWhen we walk by, pussy start cookin'\nRookies start tookin'\nGet your ass up, V.I.P. section's gettin' tooken\nMight dance, might not\nMight spend enough\nCool as hell, but still pipin' hot\nSoon as I find a spot\nAll my people gather 'round\nThe nigga with the shiny watch--me\nIce Cube, motherfucker\nNext to me, you a test tube motherfucker\nWe kinda rude, motherfucker\nGet too close and bucka! Bucka! Bucka!\nDon't want no problems, y'all\nFuck around, I'll pull out the problem-solv'\nAnd watch egos dissolve\nNine times out of ten, you hoes involved\n\n[Hook]\nAnd I'm in this bitch\nWith a hundred dollar bill, y'all\nAbout to spend this bitch\nI'm in this bitch\nI got a hundred dollar bill, y'all\nAbout to spend this bitch\nI'm in this bitch\nWho got a hundred dollar bill, y'all?\nAbout to spend this bitch\nI'm in this bitch\nI got a hundred dollar bill, y'all\nAbout to spend this bitch\n\n[Bridge]\nGet numbers, get names\nThick dames\nHeadhunters get brain\nBig thangs\nGive niggas shit-stains\nThe shit, man\nAnd don't you forget, man\n\n[Verse 3]\nSecurity pat downs\nI'm a star, motherfucker\nI been put' the gat down\nI been put' the mack down\nBut check the people that I'm with\nCause they'll lay you flat down\nAnd they'll do it right now\nYeah, you scared of the phone numbers that a nigga might dial\nClub-hop, car shows, picnics\nBig cars, big jewels, big dicks\nRush doors\nOr gotta hop the fence\nClose this door\nGotta blow my rent\nGotta show my ass, then go repent\nGotta call in sick\nAnd tell 'em where I went\n\n[Hook]\nAnd I'm in this bitch\nWith a hundred dollar bill, y'all\nAbout to spend this bitch\nI'm in this bitch\nI got a hundred dollar bill, y'all\nAbout to spend this bitch\nI'm in this bitch\nWho got a hundred dollar bill, y'all?\nAbout to spend this bitch\nI'm in this bitch\nI got a hundred dollar bill, y'all\nAbout to spend this bitch\n(You know, You know)\n(You know, You know)", "image": "https://images.genius.com/e1c4a45d4aabc32906c796e50750e662.1000x1000x1.jpg"}], "artist": "Ice Cube"}