{"songs": [{"title": "Dominate The Weak", "album": "Death Certificate 25th Anniversary ", "year": "2017-06-09", "lyrics": "[Intro]\nWake up homie\nHey\nThe people, they coming\nListen\nWake up\nAy homie\nYou got get up\nThem folks is at the door man\nGet up\nGet up\n\n[Chorus]\nThey put the sheep to sleep\nAnd dominate the weak\nThey put the sheep to sleep\nAnd dominate the weak\nThey put the sheep to sleep\nAnd dominate the weak\nThey put the sheep to sleep\nAnd dominate the weak\n\n[Verse 1]\nThis ain't paranoia, this is California\nBest believe mothafucka that they coming for ya\nGot the place surrounded, don't know how they found it\nMan fuck that money, ain't no time to count it\nGotta get to movin', only God can save us\nThis is the day they try to re-enslave us\nGrow my hair long, Angela Davis\nSo I can get recognized by the space invaders\nStorm troopers, have you heard the latest?\nThey'll treat your living room like the Oakland Raiders\nTake all your books, you ain't patriotic\nYou psychotic, your neighbors call you neurotic\nPut you on the news and tweet bout ya\nThese bitches won't say nothin' sweet about ya\nCan I get a witness? (Now) Can't get a witness (now)\nJust brainwashing mothafuckas is a dirty business\n\n[Chorus]\nThey put the sheep to sleep\nAnd dominate the weak\nThey put the sheep to sleep\nAnd dominate the weak\nThey put the sheep to sleep\nAnd dominate the weak\nThey put the sheep to sleep\nAnd dominate the weak\n\n[Post-Chorus]\nWake up, wake up, wake up, wake up, wake up\nGet up, get up, get up, get up, get up\nWake up, wake up, wake up, wake up, wake up\nGet up, get up, get up, get up, get up\n\n[Verse 2]\nWhy you on that Xbox? They closing in\nYou'll believe me when that front door is blowing in\nThey going in and they'll tackle everybody\nGrandmama, grandbaby, shackle everybody\nInterrupt your party, put down your drinks\nAnd they'll blow your nose off like the fucking Sphinx\nCatch you by surprise, around sunrise\nWhen I go to sleep, I sleep with one eye\nI sleep with one nine, I sleep with booby traps\nAnd my dogs don't fuck with no Scooby snacks\nI'm die hard, I brought the movie back\nSome of y'all try hards, some of y'all don't do that\nSome of y'all dumb as rocks, some of y\u2019all sharp as a tack\nSome of y'all clowns, some serious as a heart attack\nI'ma fuck the police, nigga yea I started that\nSome of y'all scary niggas, come and be apart of that\n\n[Chorus]\nThey put the sheep to sleep\nAnd dominate the weak\nThey put the sheep to sleep\nAnd dominate the weak\nThey put the sheep to sleep\nAnd dominate the weak\nThey put the sheep to sleep\nAnd dominate the weak\n\n[Post-Chorus]\nWake up, wake up, wake up, wake up, wake up\nGet up, get up, get up, get up, get up\nWake up, wake up, wake up, wake up, wake up\nGet up, get up, get up, get up, get up\n\n[Verse 3]\nUnderwater flow, shit is getting deep\nThem fuckas tried to down the aqua boogie freak\nBut I'm an octopus, especially when I got to push\nWhen shit is fishy, my trigger finger get itchy\nAll you sissies, I'm a general like Ulysses\nFuck with me, I'm incredible like Bill Bixby\nI never sleep, cut off my eyelids\nInsomniac, maniac, I'm a hybrid\nBitch I'm a pirate, they call me Blackbeard\nI sail the seven seas, ho, I'm off the grid\nIt's the ultimate, baby I'm the bulk of it\nThe whole package, a nigga with no baggage\nIt's kinda tragic when you driving through Irvine\nIs this Germany 1939?\nI'm a gangsta boy, not the nerdy kind\nThey gotta dirty mind, all about the dolla sign\n\n[Chorus]\nThey put the sheep to sleep\nAnd dominate the weak\nThey put the sheep to sleep\nAnd dominate the weak\nThey put the sheep to sleep\nAnd dominate the weak\nThey put the sheep to sleep\nAnd dominate the weak\n\n[Post-Chorus]\nWake up, wake up, wake up, wake up, wake up\nGet up, get up, get up, get up, get up\nWake up, wake up, wake up, wake up, wake up\nGet up, get up, get up, get up, get up", "image": "https://images.genius.com/ac592aa139518217716de8e938f45e72.500x500x1.jpg"}], "artist": "Ice Cube"}