{"songs": [{"title": "Anybody seen the Popo's", "album": "XXX: State of the Union Soundtrack", "year": null, "lyrics": "Anybody seen the popo's?\nAnybody seen the popo's? Let 'em know\nWhen I'm rollin' in the low low\nYou can't fuck with the smoke bowl\n\nAnybody seen the popo's?\nAnybody seen the popo's? Let 'em know\nWhen I'm rollin' in the low low\nI serve it to 'em slow mo'\n\nComin' from the west side, motherfuckin' alright\nDo this shit all night, leave your ass hog-tied\nNigga, this is raw hide, mixed with the dark side\nNever will I walk by, punk, I'm the fall guy\n\nNigga, you a small fry, looking at the hawk I\nMake you buck, I don't give a fuck, I\nMake you have to duck my motherfuckin' buckshot\nBloody ass, BB's pulled out your buttocks\n\nThese niggas want to know my name\nThey want to know my game, I got plenty of aim\nThey said, don't fuck with me\n'Cuz if he pull them thangs, there goes your brains, now\n\nHis girlfriend's Lois Lane and if you fuck with her\nYou must smoke Cocaine, brother\nWhy would you fuck with his?\nBlow up your kids and smoke your own mother\n\nAnybody seen the popo's?\nAnybody seen the popo's? Let me know\nAnybody seen the popo's?\nAnybody seen the popo's? Where they go?\n\nAnybody seen the popo's?\nAnybody seen the popo's? Let me know\nWhen I'm rollin' in my low low\nI serve it to you slow mo'\n\nI'ma keep it real, man, fuck how they feel, man\nIf your feelin' ill, man, go, take a pill\nI'ma keep this steel, man, straight at your grill, man\nYou can tell opra, nigga, you can tell Bill\n\nBut Mr. Cosby, this ain't a hobby\nNigga, this the ghetto, just like sowheto\nWhere niggas want to hurt you, there's no rehearsal\nThere's no commercial when you're turning purple\n\nThese niggas want to know my name\nThey want to know my game, I got plenty of aim\nThey said, don't fuck with me\n'Cuz if he pull them thangs, there goes your brains, now\n\nHis girlfriend's Lois Lane and if you fuck with her\nYou must smoke Cocaine, brother\nWhy would you fuck with his?\nBlow up your kids and smoke your own mother\n\nAnybody seen the popo's?\nAnybody seen the popo's? Let me know\nAnybody seen the popo's?\nAnybody seen the popo's? Where they go?\n\nAnybody seen the popo's?\nAnybody seen the popo's? Let me know\nWhen I'm rollin' in my low low\nI serve it to you slow mo', here they come\n\nThat's the sound of the police, police\nThat's the sound of the police, police\nAin't nuthin' more important to me then payback\nI'm holding court in the streets\nAin't nuthin' more important to me then payback\nI'm holding court in the streets\n\nAnybody seen the popo's?\nAnybody seen the popo's? Let me know\nAnybody seen the popo's?\nAnybody seen the popo's? Where they go?\n\nAnybody seen the popo's?\nAnybody seen the popo's? Let me know\nWhen I'm rollin' in my low low\nI serve it to you slow mo'\n\nThese niggas want to know my name\nThey want to know my game, I got plenty of aim\nThey said, don't fuck with me\n'Cuz if he pull them thangs, there goes your brains, now\n\nHis girlfriend's Lois Lane and if you fuck with her\nYou must smoke Cocaine, brother\nWhy would you fuck with his?\nBlow up your kids and smoke your own mother\n\nI gotta keep it gangsta, gangsta\nKeep it gangsta, gangsta\nKeep it gangsta, gangsta\n\nI gotta keep it gangsta, gangsta\nKeep it gangsta, gangsta\nKeep it gangsta, gangsta\n\nI gotta keep it gangsta, gangsta\nKeep it gangsta, gangsta\nKeep it gangsta, gangsta\n\nI gotta keep it gangsta, gangsta\nKeep it gangsta, gangsta\nKeep it gangsta, gangsta", "image": "https://images.genius.com/b50ea008dd45685e35f6f5f41cc57ab8.300x300x1.jpg"}], "artist": "Ice Cube"}