{"songs": [{"title": "How I Act (Remix)", "album": null, "year": "2009-04-20", "lyrics": "[Intro]\n\n[Hook: Ice Cube] x2\nEven though I'm fuckin with the po'-po'\nThem nigga know how I act in a low-low\nSlow mo', nigga check out my promo\nYou mo'fo's can't fuck with my mojo\n\n[Verse 1: Ice Cube]\nI am the wrong nigga, too fuckin grown nigga\nTo go for that nigga, I ain't 'cha ho nigga\nI got, a hair trigger, I am the dome splitter\nThe deep-sea sniper, you got the wrong niggas\nRetire like Jigga, here comes the Attila the Hun\nKillin niggas for fun, these rappers is done\nThe bigger they come, the harder they fall\nI burn like the sun, continue to ball\nHe's got nuts and plus the Don touch\nAnd split the fine dutch, Starsky call Hutch\nHe's laid, with some sluts, up in some guts\nJust back, in the cut, he thinks he's King Tut\nCain't fuck, this nigga up, cause just, the nigga luck\nThat niggas, really love him and tear the city up\nUhh, even though I'm fuckin with the po'-po'\nThem nigga know how I act in the low-low\n\n[Hook] x2\n\n[Verse 2: 2Pac]\nWho me? A nigga livin' life like a G\nIn that artillery keepin' niggas off of me\nI can't sleep living in these wicked times\nPeep, niggas after me cause they see I'm stacking G's and heat\nYou can holler if you want to please\nI ain't runnin' with no punk crew be\nEnemies and my range is on\nYou're in the danger zone\nMy fuckin' game is strong, hotline\nYou suckas better find ya mind I got mine\nFrom hustling and busting them rhymes\nTo my niggas up in Quentin\nDown on Rikers Isle stay rile\nBut a nigga gotta use his styles\nThese niggas don't know my style\nQuick to smile, juvenile, was a problem child\nTry to put me in the cross, but my force was wild\nBitch-made ass niggas don't know my style\nThese niggas don't know my style\nQuick to smile, juvenile, was a problem child\nTry to put me in the cross, but my force was wild\nBitch-made ass niggas don't know my style\n\n[Hook] x2\n\n[Verse 3: The Notorious B.I.G.]\nI'm hard, Jehovah said I'm barred from the pearly gates\nFuck Him, I didn't wanna go to heaven anyway\nBut my momma got me on my knees with my hands gripped\nTalkin' bout some \"praise the Lord\" shit\nHail Mary, fuck her, I never knew her\nI'd probably screw her and dump her body in the sewer\nOur father, my pops stuck up dope spots big, black, and mean\nWith the fifth by the Gabardine\nWhat you expected from his next of kin\nI'm loco bro, but ain't no Mexican\nI got nines in the bedroom, Glocks in the kitchen\nA shotty by the shower if you wanna shoot me while I'm shittin'\nThe lesson from the Smith & Wesson is depressin'\nNiggas keep stressin', the same motherfuckin' question\nHow many shots does it take, to make my heart stop\nAnd my body start to shake\n\n[Hook] x4", "image": "https://images.genius.com/c457bbdb72f694aa2707c388b36e7230.960x764x1.jpg"}], "artist": "Ice Cube"}