{"songs": [{"title": "Urbanian", "album": "I Am the West", "year": "2010-09-28", "lyrics": "[Intro]\nGoogle me bitch\nI told her, won'tcha Google me bitch\nHa ha, ah won'tcha\nAh won'tcha Google me bitch, yeah\nI told her, won'tcha Google me bitch\nTry to Google me bitch, listen\n\n[Hook 1]\nI ain't ghetto, don't you know, I'm urbanian\nFuck with the kid, and I'll turn, into Damien\nGoogle me bitch, wanna know, what my name is\nDon't even ask, stupid ass, am I famous\n\n[Ice Cube]\n(Are you famous?) My resume is heaven's way\nOf tellin y'all that God will make a way\nI rock a motherfuckin mic 'til the break of day\nDarrell Dawkins flow, y'all need to make a breakaway\nMicrophone fiend with that guillotine killer team\nYou motherfuckers won't amount to a hill of beans\nWhen I ride by, well over 35\nY'all still run and hide, scared of a driveby\n\n[Hook 2]\nI ain't ghetto, don't you know, I'm urbanian\nGoogle me bitch, wanna know, what my name is\nI ain't ghetto, don't you know, I'm urbanian\nGoogle me bitch, wanna know, if I'm famous\nGoogle me bitch, ah won'tcha\nAh won'tcha Google me bitch, ah won'tcha\nAh won'tcha Google me bitch, I told her\nWon'tcha Google me bitch, try to Google me this\n\n[Ice Cube]\nI'm urban, and ordained\nYour little ass is kind of churban, and propane\nYour little flame is like a flicker\nAnd my bang, is off the motherfuckin Richter\nI'm hard liquor\nCirrohsis of the liver\nBlack lung is what I deliver\nThat's what you get, if you ever try to smoke the nigga\nDon't provoke a nigga, I'm from that urban community\nLookin for some unity, fuckin you and me\nI only bang shit true to me\nWith iced out jewelry, what can they do to me?\nNothin, I only bang shit true to me\nWith iced out jewelry, what can they do to me?\n\n[Hook 2]", "image": "https://images.genius.com/f1c6e4522c58b032c43433a2345b1bb1.1000x1000x1.jpg"}], "artist": "Ice Cube"}