{"songs": [{"title": "Architect Of Gangsta Rap", "album": null, "year": "2015-01-10", "lyrics": "[Hook]\nIce Cube bomaye! (yeah), bomaye!\nIce Cube bomaye! (kill 'em!), bomaye!\nIce Cube bomaye! bomaye!\nIce Cube bomaye! (kill 'em!), bomaye!\n\n[Verse 1]\nWhat's up baller, I'm an owner now\nYou niggas ball for me\nAnd I be kickin' it up in my suite\nLookin' down, ain't none of y'all fuckin' with me\nI'm like a bully that you mother fuckers hatin' to see\nBetter whisper my name, like the Wizard of Oz\nIf you say it 3 times, I'll lyrical [?]\nThis is not a mirage, there's no way to dodge\nThis career ending, metaphor collage\nI'm swearing to God, this worse than Jihad\nFuckin' with Cube is like the book of Eli\nI'm pullin' my blade, I'm slicing you bastards\nYou local motherfuckas, I rap to the masses\nYou internet bitches, my pen is so vicious\nThe genie's out the bottle, ain't grant no wishes\nBefore you attack, you shoulda asked Mac\nHe woulda told you I'm the architect of gangsta rap\n(Kill 'em)\n\n[Hook]\n\n[Verse 2]\nYou mother fuckers in the D league, I'm in the G league\nI got the most money, I smoke the best weed\nI got the best kids and the best life\nWith a fine wife, nigga I'm in paradise\nAmateurs think it's easy\nBut you and that bitch ain't about to be the next [?] and Weezy\nJust, haters see me\nI'm a pro with a show, that's incredible\nYou better let it go\nBetter learn how to do the dougie\n'Fore I wrap you in a sunggie\nAnd push you in a buggy\nThis is Ice Cube, know the people love me\nOn some spiritual shit, like the man above me\nCome on\n\n[Hook] (x2)", "image": "https://images.genius.com/c457bbdb72f694aa2707c388b36e7230.960x764x1.jpg"}], "artist": "Ice Cube"}