{"songs": [{"title": "Black Korea", "album": "Death Certificate", "year": "1991-10-29", "lyrics": "[Blends into intro with dialogue from Spike Lee's Do the Right Thing]\n\n\"Twenty D Energizers.\"\n\"Twenty C Energizer?\"\n\"D, not C, D.\"\n\"C Energizer?\"\n\"D, motherfucker, D! Learn to speak English first, alright? D!\"\n\"How many you say?\"\n\"Twenty, motherfucker, twenty.\"\n\"Honey...\"\n\"Mother fuck you!\"\n\n[Ice Cube]\nEvery time I wanna go get a fuckin' brew\nI gotta go down to the store with the two\nOriental one penny countin' motherfuckers\nThat make a nigga mad enough to cause a little ruckus\nThinkin' every brother in the world's out to take\nSo they watch every damn move that I make\nThey hope I don't pull out a gat and try to rob\nThey funky little store, but, bitch, I got a job\n\"Look, you little Chinese motherfucker\nI ain't tryin' to steal none of yo' shit, leave me alone!\"\n\"Mother fuck you!\"\nYo, yo, check it out\nSo don't follow me up and down your market\nOr your little chop suey ass'll be a target\nOf the nationwide boycott\nJuice with the people, that's what the boy got\nSo pay respect to the black fist\nOr we'll burn your store right down to a crisp\nAnd then we'll see ya\nCause you can't turn the ghetto into black Korea\n\n\"Mother fuck you!\"", "image": "https://images.rapgenius.com/89a02ab603eae95e0d380fcd08eda589.1000x1000x1.jpg"}], "artist": "Ice Cube"}