{"songs": [{"title": "On Them Pills", "album": "Everythang's Corrupt", "year": "2018-12-07", "lyrics": "[Intro]\nNow who is the public enemy?\nHe should be too embarrassed to even walk back through this motherfucker again\nWhen he-when he comes down, somebody's gonna say some shit\nHe gone pay\nIt can\u2019t be that fuckin' crazy to come outside and do some shit like this\nHe's on some out-there shit\nSomebody done gave him something\n\n[Chorus]\nThem niggas on them pills\nThem bitches on them pills\nPoppin\u2019 shit is why they can't pay they bills\nThey be sweatin' (Sweatin'), they need gills\nFuck that chronic smoke, they want them chemicals\nThem niggas on them pills\nThem bitches on them pills\nPoppin' shit is why they can't pay they bills\nThey be sweatin' (Sweatin'), they need gills\nFuck that chronic smoke, they want them chemicals\n\n[Verse 1]\nUh, you\u2019s a drugstore cowboy\nEverything you put in your mouth look like a Altoid\nCrazy ass niggas love a bitch named Molly (Bitch named Molly)\nPassed out on the floor, go and get a dolly\nI saw your boy-boy in the street butt naked (Butt naked)\nWormin\u2019 up and down 122nd\nHis momma tried to stop him and them youngsters had to mob 'em\nSo cops tried to pop \u2019em but them bullets couldn't drop 'em\nDamn\n\n[Chorus]\nThem niggas on them pills\nThem bitches on them pills\nPoppin' shit is why they can\u2019t pay they bills\nThey be sweatin' (Sweatin'), they need gills\nFuck that chronic smoke, they want them chemicals\nThem niggas on them pills\nThem bitches on them pills\nPoppin' shit is why they can't pay they bills\nThey be sweatin' (Sweatin'), they need gills\nFuck that chronic smoke, they want them chemicals\n\n[Verse 2]\nBaby, if you feelin' horny, take two of these and wake up in the mornin'\nWith a nigga snorin', you don't even know\nAnd his half cousin and his little bro\nDamn, are you a ho from Idaho? (Idaho)\nHell yeah, especially off that chemical (Chemical)\nThem fuckin' drugs'll take you to that pinnacle (Pinnacle)\nDrop you in the snow (Ho) with it ten below\n\n[Chorus]\nThem niggas on them pills\nThem bitches on them pills\nPoppin' shit is why they can't pay they bills\nThey be sweatin' (Sweatin'), they need gills\nFuck that chronic smoke, they want them chemicals\nThem niggas on them pills\nThem bitches on them pills\nPoppin' shit is why they can't pay they bills\nThey be sweatin' (Sweatin'), they need gills\nFuck that chronic smoke, they want them chemicals\n\n[Verse 3]\nHe thizz and got them Oxycontin (Oxycontin)\nGot them front teeth all rotten (All rotten)\nViagra mixed with ecstasy is the reason for your latest pregnancy (Pregnancy)\nYou the Joker off that Heath Ledger (Heath Ledger)\nI'ma smoker her (Why?) 'cause weed's better\nYou niggas start to panic when you off that Xanax\nDrownin' in the gutter, you think it's the Atlantic\n\n[Chorus]\nThem niggas on them pills\nThem bitches on them pills\nPoppin' shit is why they can't pay they bills\nThey be sweatin' (Sweatin'), they need gills\nFuck that chronic smoke, they want them chemicals\n\n[Outro]\nMy name is Jesus Christ, I just discovered that today\nMy name is Jesus Christ and I did not-yes, I asked for this\nI was a thirsty bitch and I made a deal with the devil, sir\nBut I'm gonna hit a lick, okay?\nDo you believe in Jesus Christ?\nYou do?\nDo you believe in me?\nYeah? I won't let you in then, bitch\n'Cause I joined the other side\nI joined the other side!\nDame m\u00e1s gasolina\nDame m\u00e1s gasolina\nDo you believe me now?\nNo\nOkay, fuck you, bitch", "image": "https://images.genius.com/90eb800a406018bdc1a360ae9db5d64d.1000x1000x1.jpg"}], "artist": "Ice Cube"}