{"songs": [{"title": "We Had to Tear This Muthafucka Up", "album": "The Predator", "year": "1992-11-17", "lyrics": "(\"Peace, quiet and good order will be maintained in our city\nTo the best of our ability. Riots, melees and disturbances\nOf the peace are against the interests of all our people; and\nTherefore cannot be permitted.\")\n(\"The jury found that they were all not guilty, not guilty...\")\n(\"We've been told that all along Crenshaw Boulevard, that there's a series of fires. A lot of looting is going on. A disaster area, obviously.\")\n(\"The jury found that they were all not guilty, not guilty...\")\n[Cube] Make it rough\n(\"A lot of activity continues here at this command post.\")\n[Cube] Make it rough!!\n(\"We have sporadic fires, throughout the city of Los Angeles.\")\n\n[Verse 1]\nNot guilty, the filthy, devils tried to kill me\nWhen the news get to the hood the niggas will be\nHotter than cayenne pepper, cuss, bust\nKickin up dust is a must\nI can't trust, a cracker in a blue uniform\nStick a nigga like a unicorn\nBorn, wicked, Laurence, Powell, foul\nCut his fuckin throat and I smile\nGo to Simi Valley and surely\nSomebody knows the address of the jury\nPay a little visit, \"Who is it?\" (Ohh it's Ice Cube)\n\"Can I talk to the grand wizard,\" then boom!!\nMake him eat the barrel, modern day feral\nNow he's zipped up like Leather Tuscadero\nPretty soon we'll catch Sergeant Koon\nShoot him in the face, run up in him with a broom-\n-stick, prick, devils ain't shit\nIntroduce his ass to the AK-40 dick\nTwo days niggas layed in the cut\nTo get some respect we had to tear this muthafucka up\n\n{\"Wroooooooooong nigga to FUCK WITH!\"}\n[Cube] Make it rough\n{\"Wroooooooooong nigga to FUCK WITH!\"}\n\n[Verse 2]\nI gotta mac-10 for Officer Wind\nDamn his devil ass need to be shipped back to Kansas\nIn a casket, crew cut faggot\nNow he ain't nothin but food for the maggots\nLunch, punch, Hawaiin, lyin\nNiggas ain't buyin, ya story, bore me\nTearin up shit with fire, shooters, looters\nNow I got a laptop computer\nI told you it would happened and you heard it, read it\nBut all you can call me was anti-semitic\nRegret it? Nope, said it? Yep\nListen to my big black boots as I step\nNiggas had to break you off somethin, give Bush a push\nBut your National Guard ain't hard\nYou had to get Rodney to stop me, cause you know what?\nWe woulda to' this muthafucka up\n\n{\"Wroooooooooong nigga to FUCK WITH!\"}\n[Cube] Make it rough\n{\"Wroooooooooong nigga to FUCK WITH!\"}\n[Cube] Ay Muggs, make it rough!\n{\"Wroooooooooong nigga to FUCK WITH!\"}\n{\"Wroooooooooong nigga to FUCK WITH!\"}\n\n[Verse 3]\nIt's on, \"Gone With the Wind\"\nAnd I know white men can't dunk, now I'm stealin blunts\nAnd a cake from Betty Crocker, Orville Reddenbacher\nDon't fuck with the black-owned stores but hit the Foot Lockers\nSteal, motherfuck Fire Marshall Bill\nOh what the hell, throw the cocktail, I smell smoke\nGot the fuck out, Ice Cube lucked out\nMy nigga had his truck out, didn't get stuck out\nIn front of that store with the Nikes and Adidas\nOh Jesus, Western Surplus got the heaters\nMeet us, so we can get the 9's and the what-nots\nGot the Mossberg with the double-eyed buckshot\nReady for Darryl, and like Baretta would say\nKeep your eye on the barrel, a sparrow\n\"Don't do the crime if you can't do the time\"\nBut I'm rollin, so that's a fucked-up slogan\nThe Hogan's, Heroes, spotted the guerilla\nBy the Sizzler, hittin up police killer\nThe super-duper nigga that'll buck\nWe had to tear this muthafucka up, so what the fuck!?!\n\n{\"Wroooooooooong nigga to FUCK WITH!\"}\n[Cube] Huh, make it rough!\n{\"Wroooooooooong nigga to FUCK WITH!\"}\n[Cube] Yo Muggs, make it rough\n{\"Wroooooooooong nigga to FUCK WITH!\"}\n[Cube] Huh, make it rough\n{\"Wroooooooooong nigga to FUCK WITH!\"}\n[Cube] Enough!\n{\"Wroooooooooong nigga to FUCK WITH!\"}\n{\"Wroooooooooong nigga to FUCK WITH!\"}\n{\"Wroooooooooong nigga to FUCK WITH!\"}\n{\"Wroooooooooong nigga to FUCK WITH!\"}\n{\"Wroooooooooong nigga to FUCK WITH!\"}\n{\"Wroooooooooong nigga to FUCK WITH!\"}\n{\"Wroooooooooong nigga to FUCK WITH!\"}\n\n(\"Not guilty verdicts for Stacey Koon, Laurence Powell, Timothy\nWind, and Theodore Briseno. The four officers accused of beating\nMotorist Rodney King.\")", "image": "https://images.genius.com/aa204256470ef9ed3c3a3fbcc1ee43da.1000x1000x1.jpg"}], "artist": "Ice Cube"}