{"songs": [{"title": "Drop Girl", "album": null, "year": "2014-01-01", "lyrics": "[Chorus: Redfoo & Ice Cube]\nDrop girl\nDrop to the drop, drop to the drop, drop, drop girl, drop\nDrop to the drop, drop to the drop, drop, drop girl, drop\nDrop to the drop, drop to the drop, drop, drop girl, drop\n(If I hit the switch, I could make that ass drop)\nDrop girl\nDrop to the drop, drop to the drop, drop, drop girl, drop\nDrop to the drop, drop to the drop, drop, drop girl, drop\nDrop to the drop, drop to the drop, drop, drop girl, drop\n(If I hit the switch, I could make that ass drop)\n\n[Verse 1: Redfoo]\nStop, drop, and roll it\nI like bad bitches in that club that control it\nIf you tote it, uh huh, you get voted\nAnd to my haters, I'm back moded\nAnd we exploded on you motherfuckers\nWe took shots and reloaded on your motherfuckers\nAyy, I can't hear you talking to me\nDon't interupt me when I'm talking to the booty\n\n[Chorus: Redfoo & Ice Cube]\nDrop girl\nDrop to the drop, drop to the drop, drop, drop girl, drop\nDrop to the drop, drop to the drop, drop, drop girl, drop\nDrop to the drop, drop to the drop, drop, drop girl, drop\n(If I hit the switch, I could make that ass drop)\nDrop girl\nDrop to the drop, drop to the drop, drop, drop girl, drop\nDrop to the drop, drop to the drop, drop, drop girl, drop\nDrop to the drop, drop to the drop, drop, drop girl, drop\n(If I hit the switch, I could make that ass drop)\n\n[Verse 2: Ice Cube]\nStop, drop and pop it\nAnd after you pop it, please put it in my pocket\nLook here, I need a sponsor, we can turn the city out\nYou remind me of my drop top, titties out\nOoh yeah, and can spend about 50 thou\nAll you do is make 50 thou\nWe can run and go spend it now, haters\nRealize it just don't stop, see you at them pearly gates\nHit the button that make you, make you...\n\n[Hook]\nDrop girl drop\nDrop to the drop, drop to the drop, drop, drop girl, drop\nDrop to the drop, drop to the drop, drop, drop girl, drop\nDrop to the drop, drop to the drop, drop, drop girl, drop\n(If I hit the switch, I could make that ass drop)\n\n[Verse 3: 2 Chainz]\nDrop drop it, lemme see you squat it\nType a nigga gettin' private dances in the public\nHit her from the back, grabbing on her shoulders\nHair weave killa, girl don't you get nervous\nCleaning some detergent, all my cars got curtains\nI left her like Ginobili\nMy Rollie cost a car, and I don't have a car note\nI took her from the bar to the car to the condo\n\n[Hook]\nDrop girl drop\nDrop to the drop, drop to the drop, drop, drop girl, drop\nDrop to the drop, drop to the drop, drop, drop girl, drop\nDrop to the drop, drop to the drop, drop, drop girl, drop\n(If I hit the switch, I could make that ass) Drop\n\n[Outro]\nBrought to you by Drop it like its hot and pick it up like\u2019s not production\nDealers in funky music and round jiggly shit you can play with\n(If I hit the switch, I could make that ass) Drop", "image": "https://images.genius.com/c457bbdb72f694aa2707c388b36e7230.960x764x1.jpg"}], "artist": "Ice Cube"}