{"songs": [{"title": "Greed", "album": "War & Peace Vol. 1 (The War Disc)", "year": "1997-11-17", "lyrics": "[Intro]\nNow, if the greenbags don't stack large on my side of the yard\nI ain't fucking with it\nThis cake has got to be all icing baby\nNow I know I'm taking the biggest piece\nBut god damn I'm the biggest fish with the biggest mouth bitch\nYou wanna be rich right? (Hell yeah)\nWell stick with me, do as I does, and be as I be\n\n[Verse 1]\nWe be stackin chips, packin clips, mackin chicks\nLaugh at tits, slappin dick, in yo' bitch (bitch!)\nMakin hoes, take these clothes, from these sto's\nWalkin slow, there go the po', now here we go\nParking lot to the spot, Marriott\nCause what I got to make a knot, is very hot\nWho's at the do', go and check, I got the Tec\nTell him that you soakin wet, until he jet\nNow lift up your fuckin dress, where's the rest\nBitch can hide a treasure chest, in her breasts\nUh-huh strip search, whip skirts\nUh-huh shit hurts, but it works bitch\nYou can jerk niggas but you can't jerk me\nHo I only tell you once that this dick ain't free\nI'm talkin greed\n\n[Chorus]\nGreed, give me everything that I need\nHow you gonna deal with the niggas that I feed\nGreed, give me everything that I need\nHow you gonna deal with the niggas that I feed\nWe smoking weed, you and me\nLooking for that currency\nWe smoking weed, you and me\nLooking for that currency\n\n[Verse 2]\nNow bitch niggas don't mean shit, from where I sit\nMagnificent blow your back out, if you act out\nEighteen deep when the plane soar\nThe bitch threw her tits, asked my clique who we play fo'\nPenetrate the clouds, loud, and obnoxious\nSurround the airport with feds and helicopters\nEscorted, detained and deported\nScared of the ly-rics, and when they bitches hear us\nWe the clear-est, you can fear us\nSmile on the day of your dissapear-ance, smoke in mirr-ors\nBreak em all, pull over and jump out\nCause I can take em all, all bustas shake em all\nI'm at the mall, buyin shit, like hot dog on a stick\nThese bitches all on the dick\nIce Cube ain't a lick (nope) make me bleed\nAnd now you got to deal with the niggas that I feed, greed\nUhh uhh uhh (pigs squeal)\n(Give me more, give me more) Greed, Greed\n\nWhen you get your hands on it, wanna flaunt it\nWanna dance on it, everybody want it\nWhen you get your hands on it, wanna flaunt it\nWanna dance on it, everybody want it\n\n[Verse 3]\nYou punks is petty, still we steady, counting 'fetti\nI'm the one closin escrow, with the best flow\n(Do you wear a vest?) No\nNiggas hit me I'mma turn into The Crow *caw caw* and take a shit\nOn everything counterfeit, the Don Mega\nBlade Runner, in a beige Hummer all summer\nIt'd take about twelve honkeys, to convict\nThe nigga makin you sick, as the 12 Monkeys\nUp in Detroit holdin weed court, all through the South\nPicked up a ounce in Shreveport\nMy lead give head tunnels (boom!)\nTo any motherfucker disgruntled exit wound, look like a funnel\nWorldwide, international jet set\nMy niggas love fuckin bitches that they just met\nGet it wet, and you can do anything\nWhen I'm in Paris niggas french-kiss the pinky ring\n\n[Chorus]\nGreed, give me everything that I need\nHow you gonna deal with the niggas that I feed\nGreed, give me everything that I need\nHow you gonna deal with the niggas that I feed\nWe smoking weed, you and me\nLooking for that currency\nWe smoking weed, you and me\nLooking for that currency\n\n[Outro]\nYeah, Ice Cube, trillionaire\nI own a mansion and a yacht, haha\nWe do it like it should be does\nYeah, Westside niggas is very greedy, uhh\nDeath Row is very greedy\nSic-Wid-It records is very greedy\nDangerous Music greedy greedy greedy\nRuthless Records greedy, Suave House, greedy\nSo So Def, greedy\nRap-A-Lot greedy as fuck\nNo Limit, hah, hella greedy, uhh\nDef Jam greedy, we all know Priority greedy as a motherfucker, hahaha\nHey got twenties on my BM, you still fuckin with a GM\nWhat can you tell me, nigga?\n\n*pigs squeal*", "image": "https://images.genius.com/9a92bffe36c691d91a9dd7116941cd17.1000x1000x1.jpg"}], "artist": "Ice Cube"}