{"songs": [{"title": "Why We Thugs", "album": "Laugh Now, Cry Later", "year": "2006-04-13", "lyrics": "[Intro]\nYeah, every hood's the same\nEvery hood's the same, come on\n\n[Hook]\nThey give us guns and drugs\nThen wonder why in the fuck we thugs\nThey wanna count the slugs\nThen come around here and fuck with us\nThey give us guns and drugs\nThen wonder why in the fuck we thugs\nThey wanna count the slugs\nThen come around here and fuck with us\n\n[Verse 1]\nI'm from the land of the gang bang\nSince I was little, ain't a goddamn thang changed\nIt\u2019s the same old saying\nBush run shit like Saddam Hussein\nI cock and aim, clinically insane\nTo deal with this bullshit day-to-day\nIf I sell some yay or smoke some hay\nYou bitches wanna throw me up in Pelican's Bay\nCall me an animal up in the system\nBut who's the animal that built this prison?\nWho's the animal that invented lower-livin'?\nThe projects, thank God for Russell Simmons\nThank God for Sugarhill\nI'm putting a different kind of steel up to my grill\nY'all know what it is, scared for your own kids\nHow these ghetto niggas taken over showbiz\n\n[Hook]\nThey give us guns and drugs\nThen wonder why in the fuck we thugs\nThey wanna count the slugs\nThen come around here and fuck with us\nThey give us guns and drugs\nThen wonder why in the fuck we thugs\nThey wanna count the slugs\nThen come around here and fuck with us\n\n[Verse 2]\nIt's boys in the hood, it's toys in the hood\nY'all wanna know why there's noise in the hood\n\u2018Cause there's drugs in the hood, thugs in the hood\nNigga killed a Crip and a Blood in the hood\n\u2018Cause when niggas get tribal\nIt's all about survival, nobody liable\nI got caught by Five-O\nGrandmama came to court with her Bible\nBut when the judge hit the gavel\nNow I'm too far from my family to travel\nI just came unraveled\nSocked the D.A. before I got gaffled\nOwned by C.A, State Property\nJust like the year fifteen fifty three\nLooking for me, a one-way ticket out\nDon't understand, what's so hard to figure out?\n\n[Hook]\nThey give us guns and drugs\nThen wonder why in the fuck we thugs\nThey wanna count the slugs\nThen come around here and fuck with us\nThey give us guns and drugs\nThen wonder why in the fuck we thugs\nThey wanna count the slugs\nThen come around here and fuck with us\n\n[Verse 3]\nDamn, I can't take the pressure\nPulled the 4-4 up out the dresser\nGrabbed the weight up out the closet\nPo-po coming, but I'm scared to toss it\nY'all know what happened last time I lost it\nCan't tell you niggas what the fuckin' boss did\nD game got a nigga exhausted\nGotta go for the plea bargain they offered\nTwenty years for what?\nBreaking these laws that's so corrupt\nTaking these halls and fillin' them up\nSome powder keg shit that's about to erupt\nAye, y'all, I'm about to be stuck\nUntil the year two thousand, what the fuck?\nIn the hood, don't press your luck\n\u2018Cause these motherfuckers will set you up, word up\n\n[Hook]\nThey give us guns and drugs\nThen wonder why in the fuck we thugs\nThey wanna count the slugs\nThen come around here and fuck with us\nThey give us guns and drugs\nThen wonder why in the fuck we thugs\nThey wanna count the slugs\nThen come around here and fuck with us\n\n[Outro]\nEvery hood's the same, every hood's the same\nEvery hood's the same, every hood's the same\nEvery hood's the same, stop trippin on it\nEvery hood's the same, every hood's the same\nEvery hood's the same, every hood's the same\nEvery hood's the same", "image": "https://images.genius.com/284f4145950de6c7f91a598379e2bb40.1000x1000x1.jpg"}], "artist": "Ice Cube"}