{"songs": [{"title": "Fat Cat", "album": "I Am the West", "year": "2010-09-28", "lyrics": "[Hook One]\nCountin money, eatin rats, gettin pussy all day\nAll I do is lean back, still makin greenbacks\n\n[Repeat Hook One 4X for the first 30 seconds]\n\n[Hook Two: repeat \"That's all I do!\" 4X over]\nAll I do is lean back, still makin greenbacks\nStill makin green, still still makin greenbacks\nAll I do is lean back, still makin greenbacks\nHaters get mad cause I'm still makin greenbacks\n\n[Ice Cube]\nI'm a fat cat, look at me, stomach like a Volkswagen\nStill I can handle my, business got these hoes braggin\nIce Cube put it down (bitch I am the dragon)\nI am a fuckin clown (yo look how I'm actin)\nThey wanna throw me out - but they bet' not touch me\nIs this nigga fuckin crazy, or is he just lucky?\nActin like he own the place, y'all niggas best to rendezvous\nThis nigga ain't no pussy y'all, this kind of cat all he came to do is\n\n[Hook One] - 2X + [Hook Two]\n\n[Ice Cube]\nPeople wanna know how I make that money\nMomma Ice Cube didn't raise no dummy\nThis fat cat don't chase no mice\nHoodrats think they can live off Ice\nEnemies think I'm finicky, nigga be\nWalkin 'round here like a Kennedy\nTend to be, movin like a centipede\nY'all muh'fuckers still just Little League\nNow I know when the haters get mad, I'm doin my job\nSome niggas can't dunk 'til you throw them a lob\nBetter go find, another one to rob\nYou just a role player this my squad\nYou get Lenched, this my Mob\nAin't that I, you a facade\nAll in the alley, lookin through the trash\nI'm a fat cat, lookin through the glass\n\n[Hook One] - 2X + [Hook Two]", "image": "https://images.genius.com/f1c6e4522c58b032c43433a2345b1bb1.1000x1000x1.jpg"}], "artist": "Ice Cube"}