{"songs": [{"title": "Keep It Gangster", "album": null, "year": null, "lyrics": "[Ice Cube]\nI been servin' niggas since 1985\nNiggas want the gutter\nIce Cube, Jay-O Felony\nMy nigga Gangsta, Squeek Rule\nKeep it gangsta y'all, keep it gangsta\n\n[Ice Cube Hook X2]\nNiggas want that gutter shit\nFuck that other shit, that play it for your mother shit\nAin't the rugged shit\n\n[Verse 1 Ice Cube]\nKeep it gangsta y'all, I want to thank you all\nNiggas comin' with that bullshit, it's gankin' y'all\nWe can ride to this kinda shit and bank them all\nNigga ball 'till you fall motherfucker thats all\nCan't none of y'all hang with me putin' in work\nTurn this motherfucker up unless you goin' to church\nNowadays, crazy ass bitches want they bills paid\nBut can't even make a good thang of kool-aid (ha ha)\nBut chicken heads get chicken feed (bahk bakh)\n(a) Lil' dick and weed (bahk bakh)\nEverything that a chicken need (bahk bakh)\nTryin' to pot I get real as Chris Rock\nMake a bitch hot, turn into Fort Knox (bitch know)\nIt's Ice Cube comin' straight from the gutter\nWestcoast Don, you fags undastata\n\n[Verse 2 Jay-O-Felony]\nThere is sa-lethal in the gas chamber\nI'm full of anger, nigga the west is in the house\nBut you still in for some danger\nAnd when I'm thru, I take your bitch and finger bang her\nBut if she looks tossed up, i'll slang her\nBeat you like mama dearest with a clothes hanger\nCuz the gang a niggas be tryin' to spit\nBut you can't spit it like this\nI come equiped to rip, any battle\nAnd leave him strung in his crew\nBut they put me in the twist like Trump\nI can collapse or puncture, the lungs of anyone\nGive him a chance to spit his last word, unerve\nThen he done\n20/20 ain't good enough\nRappers they ain't seein' me, this Jay-O Felony\nAnd nobody can stand three of me\nCaution keep MC's out of my reach, I'm on a mission\nAnd be gettin' to your fuckin' hide to be called a physician\nImmediately, I puts it down at a show (Jay-O)\nBut loked to choke the shit out a fool, nigga dat's on doo low\n\n[Bridge Ice Cube]\nKeep it gansta y'all, keep it gangsta (keep it gangsta)\nKeep it gansta y'all, keep it gangsta (keep it gangsta)\nKeep it gansta y'all, keep it gangsta (all my life)\nKeep it gansta y'all, keep it gangsta (all my life)\n\n[Verse 3 Ice Cube]\nI'm sick of these rap niggas lyin' 'bout they rich (what?)\nLyin' 'bout they bitch (what?)\nLyin' 'bout they dick (what?)\nI'm sick of these rap niggas lyin' 'bout they hits (huh?)\nLyin' 'bout they whips (huh?)\nLyin' 'bout they six (yeah)\nI'm sick of these rap niggas lyin' 'bout they clothes (brrrmmph!)\nLyin' 'bout they hoes (uhh)\nLyin' 'bout they rows (uhh)\nI'm sick of these rap niggas lyin' 'bout they house (punk!)\nLyin' about they clout (yeah)\nLyin' up in they mouth (yeah yeah)\nIt's the Mah-hurage-ny, my niggas; kamekaze\nIlluminaughty, bitch hoes in they body\nWe the riders, we push like mahz-er-aties\nDo karatees, on hatters, and you hotties\nFuck the party, come on, my niggas focus\nWe the richest, pretend that we the brokest\nNiggas notice, as soon as you're checking quotas\nWe the coldest, so go and tell the rollers (biotch!)\n\n[Verse 4 Gangsta]\nWho dat? next out the game, in blue kahks\nGangsta's the name, niggas wonderin' how I do that\nBy the thug way, package and transportin' the drug way\nOnly means of makin' a livin', the Crip and Blood way\nI'm on grates when I'm grindin'\nI'm on stakes when I'm dinnin'\nAnd on sunday's on the wine\nIs you can't calm the savage beast (never)\nAnd I can make your birds rise like geese, K-Mac tell 'em\nYou sell 'em, I swell 'em, loke (sell 'em loke)\nHard or soft determines how much a nigga sell 'em for\nWe got the fish scale texture (fish scale)\nNow if you cook it yourself you get extras\nDub that shit to death with this dub thang\nOnly a few niggas left with this love mang\nSo we cop together (yeah), put it in the beeker\nRock together (uhh), claim blocks together\nAnd fuck cock together, nigga (brrrph!)\n\n[Ice Cube Hook X2]\nNiggas want that gutter shit\nFuck that other shit, that play it for your mother shit\nAin't the rugged shit\n\n[Squeek Rule]\n\n[Verse 5 Squeek Rule]\nLook in my eyes\nI see the dollar sign dogg, and my dick start to rise\nGot to handle money, got to stack the money (tell 'em)\nBuzzin' like a bee cuz I crave for the honey\nMillion dollar tickets make bitches look wicked\nSo you innocent hoes, ain't got to like ta kick it\nI know you knows (uhh), cuz now my decimals (yep)\nDone fiend for the green, keep you itchin' in your panty hose\nYour eyes full of gleem (brrrmmph!)\nYou wanna get on my team, and live my dream\nCaptain of the ship is what I'm boastin'\nHit the three wheel motion, I'm the shit when I'm coastin' (uh huh)\nDown the boulevard, flossin' hard\nLights hit the chrome, don't go lick 'em like a movie star\nMoney makes me a savage (what it do?)\nShit, I brake down the world for the cabbage (Squeek Rule)\n\n[Bridge Ice Cube]\nKeep it gansta y'all, keep it gangsta\nKeep it gansta y'all, keep it gangsta\nKeep it gansta y'all, keep it gangsta (all my life)\nKeep it gansta y'all, keep it gangsta (all my life)\n\n[Ice Cube Chrous X2]\nNiggas want that gutter shit\nFuck that other shit, that play it for your mother shit\nAin't the rugged shit", "image": "https://images.genius.com/c457bbdb72f694aa2707c388b36e7230.960x764x1.jpg"}], "artist": "Ice Cube"}