{"songs": [{"title": "It Was a Good Day (Remix)", "album": "Bootlegs & B-Sides", "year": null, "lyrics": "Smooth.. heh.. yep..\nHeheheh.. remix..\n\nJust waking up in the mornin gotta thank God\nI don't know but today seems kinda odd\nNo barkin from the dogs, no smog\nAnd momma cooked a breakfast with no hog\nI got my grub on, but didn't pig out\nFinally got a call from a girl I wanna dig out\nHooked it up for later as I hit the do'\nThinkin will I live, another twenty-fo'\nI gotta go cause I got me a drop top\nAnd if I hit the switch, I can make the ass drop\nHad to stop, at a red light\nLookin in my mirror and not a jacker in sight\nAnd everything is alright\nI got a beep from Kim, and she can do it all night\nCalled up the homies and I'm askin y'all\nWhich park, are y'all playin basketball?\nGet me on the court and I'm trouble\nLast week messed around and got a triple double\nFreakin brothers everyway like M.J\nI can't believe, today was a good day\n\nThat's right..\n\nCreep to the pad and hit the showers\nDidn't even get no static from the cowards\nCause just yesterday them fools tried to blast me\nSaw the police and they rolled right past me\nNo flexin, didn't even look in a brother's direction\nAs I ran the intersection\nWent to $hort Dog's house, they was watchin Yo! MTV Raps\nWhat's the haps on the craps?\nShake 'em up, shake 'em up, shake 'em up, shake 'em\nRoll 'em in a circle of homies and watch me break 'em\nWith the seven, seven-eleven, seven-eleven\nSeven even back do' Lil' Joe\nPicked up the cash flow\nThen we played bones, and I'm yellin domino\nPlus nobody I know got killed in South Central L.A\nToday was a good day\n\nHehe..\n\nLeft my homie's house paid\nPicked up a girl been tryin to do since the twelve grade\nIt's ironic, I had the brew she had the chronic\nThe Lakers beat the Supersonics\nFelt on the big fat fanny\nPulled out the jammy, and killed the punanny\nAnd my jimmy runs deep, so deep\nSo deep put her butt to sleep\nWoke her up around one\nShe didn't hesitate, to call Ice Cube the top gun\nDrove her to the pad and I'm coastin\nTook another sip of the potion hit the three-wheel motion\nI was glad everything had worked out\nDropped her butt off and then chirped out\nToday was like one of those fly dreams\nDidn't even see a berry flashin those high beams\nNo helicopter lookin for the murder\nTwo in the mornin got the Fatburger\nEven saw the lights of the Goodyear Blimp\nAnd it read, \"Ice Cube's a pimp\"\nDrunk as hell but no throwin up\nHalf way home and my pager still blowin up\nToday I didn't even have to use my A.K\nI gotta say it was a good day", "image": "https://images.genius.com/bd986178756b67188db2d06a77696b78.1000x1000x1.jpg"}], "artist": "Ice Cube"}