{"songs": [{"title": "Right Here, Right Now", "album": "Blade II: The Soundtrack ", "year": "2002-03-19", "lyrics": "[Bridge]\nThis right here, is payback, from way back, I don't play that\nThis right here, is payback, from way back, I don't play that\nThis right here, is payback, from way back, I don't play that\nThis right here, is payback, from way back, I don't play that\n\n[Verse 1]\nRecognize a real Don\nWhen you see one\nAnd don't try to be one\nYou fuckin' peon\nI been like Deion for eons\nYou ain't nuttin but a biotch\nMessed around and let me re-up\nI come back through and tear the street up\nIce Cube nigga you better D up\nAnd when I come by bitch you better be up\nAssss up face in the pillow\nI don't give a fizzle got to do my thizzle\nThe only nizzle that I never ever fizzle\nThe original\nYou niggas know\n\n[Hook]\nWe gotta get 'em up (who wants some?)\nYou, better get 'em up (come get some!)\nWe gotta get 'em up (who wants some?)\nYou, better get 'em up (come get some!)\nWe gotta get 'em up (who wants some?)\nYou, better get 'em up (come get some!)\nWe gotta get 'em up (who wants some?)\nYou better get 'em up!\n\n[Verse 2]\nGotta get whichya\nHit you with these things that I'm holdin'\nWho want to squab with the frozen\nNow who want to battle with the chosen\nYou niggas lotion, I'm no emotion\nI'm shrapnel from the explosion\nHit you in the face while you posin'\nHi it's Jimi Hendrix\nI lined up ten dicks\nAnd took out appendix\nSo go get forensics\nLet 'em know I'm Geronimo\n'Till it's my time to go\nYou better find your ho\nGet ya babies and ya mama\nAnd move to Guantanamo\nDoubt my skills\nI'm payin' my bills\nI'm up in the hills\nYa niggas are kills\nEven though I'm on a fucked up label\nYou bitches know what I can bring to the table\n\n[Hook]\nWe gotta get 'em up (who wants some?)\nYou, better get 'em up (come get some!)\nWe gotta get 'em up (who wants some?)\nYou, better get 'em up (come get some!)\nWe gotta get 'em up (who wants some?)\nYou, better get 'em up (come get some!)\nWe gotta get 'em up (who wants some?)\nYou better get 'em up!\n\n[Bridge]\nThis right here, is payback, from way back, I don't play that\nThis right here, is payback, from way back, I don't play that\nThis right here, is payback, from way back, I don't play that\nThis right here, is payback, from way back, I don't play that\n\n[Verse 3]\nI like bitches like you\n5'2\" wearin' light blue\nThe freak get high too\nWith a fly doo\nNotta erikah badu\nThat's lookin' for a \"I do\"\nNow what can I buy you\nJust to try you\nNeed another bitch to lie to\nNeed another bitch in my coup\nOh please can I trouble you\nFor a double scoop\nA nigga need some T&A\nNow you can get dick but you can't get no DNA\nI heard you wuz a big freak (can I hang?)\nBitch looked down, I got some big feet\nI like mike & ike's\nI like watchin' dykes\nI like goin' to fights\nI like earnin' my stripes\nIn the book of life\nIt's only two women\nBig ol' good ones\nAnd good ol' big ones\n\n[Hook]\nWe gotta get 'em up (who wants some?)\nYou, better get 'em up (come get some!)\nWe gotta get 'em up (who wants some?)\nYou, better get 'em up (come get some!)\nWe gotta get 'em up (who wants some?)\nYou, better get 'em up (come get some!)\nWe gotta get 'em up (who wants some?)\nYou better get 'em up! (come get some)\nWe gotta get 'em up (who wants some?)\nYou, better get 'em up! (come get some)\nWe gotta get 'em up (who wants some?)\nYou, better get 'em up! (come get some)\nWe gotta get 'em up (who wants some?)\nYou, better get 'em up! (come get some)\nWe gotta get 'em up (who wants some?)\nYou better get 'em up!\n\n*scratch* That's how it's goin' down *scratch*", "image": "https://images.genius.com/6d4465ebd179964cfed828e4889772d0.400x400x1.jpg"}], "artist": "Ice Cube"}