{"songs": [{"title": "The Game Lord", "album": "Laugh Now, Cry Later", "year": "2006-06-06", "lyrics": "[Ice Cube]\nI love chrome and paint, lookin for some motherfuckin corners to bank\nWest coast what the fuck you thank?\nEverybody here off weed and drank (everybody)\nBefore you check my rims\nWhen you leave the parking lot, check ya limbs\nYou better check your friends\nAnd see if your baby momma left with them\nBlacks and Mexicans, stop all that bullshit in the pen\nUnderstand that it's us verses them\nThey can give a fuck if we sink or swim\nThey give us guns and drugs\nThen wonder why in the fuck we thugs\nI got to show my ass\nTo thank these motherfuckas for my past\nIn South Central, Los Angeles Grandmama smoke cannabis\nGranddaughter wanna dance and shit\nHer own momma can't stand the bitch\n\n[Hook: Ice Cube] - repeat 2X\nIf you fuckin' up, pray to the game lord\nWanna bust a nut, Pray to the game lord\nNigga get ya cup, pray to the game lord\nYou can throw it up, pray to the game lord\n\n[Ice Cube]\nI love where I from, hungry ass niggas better get you some\nSmart ass niggas play dumb\nY'all can't fuck with the city I run\nIf I snap my fingers, better curl up just like a fetus\nI hope you know Jesus\nBecause if you don't, boy you will see us\n(Where?) Up in your house, two double barrels up in your mouth\nYou got some 'splainin to do\nAnd don't get to lyin' cause we aiming at you\n(Ooohh!) It's a doggy dog world baby, you a nut and I'mma squirrel baby\nCan I get ya in my world baby?\nCan ya grease my Jheri curl baby\nDid you flip yo' wig\nTo let Michael Jackson baby sit yo' kids\nThat nigga old as hell\nThey need to throw the motherfuckin' momma in jail, let 'em know\n\n[Hook] - repeat 2X\n\n[Break] - repeat 2X\nFuck wit this if you want to, the game lord will punish you\nPunish us if we ain't true, to the game like we 'pose to\n\n[Ice Cube]\nI'm the game lord, y'all come now\nCasanova niggas, got the sun down\nRun down every ho that wanna go shoppin'\nGet they kids, take them to the mall buy 'em somethin'\nAre you a gentleman, big bear with a nigga named Gentle Ben\nLadies, he'll be your friend\nWait for the cable guy - even let him in\nNot me, I won't flex or bend just cause a ho promise me some trim\nYou better get with the rest of them\nCause can't none of y'all even fuck with Kim\nSome niggas was born with ho in 'em\nI was put on this Earth to spit ism\nAnd I shall return like it's written\nAnd slay all the suckers who be sippin\n\n[Hook] - repeat 2X", "image": "https://images.genius.com/c4141aa982e145b56c3c52c3fbd1c258.1000x1000x1.jpg"}], "artist": "Ice Cube"}