{"songs": [{"title": "Jack N the Box", "album": "Raw Footage", "year": "2008-08-19", "lyrics": "{voice}\nThe West Coast Warlord\nThe Grand Wizard\nIce Cube\nMotherfucking head so big they\nCall him jack n the box\n\n{1st verse}\nI'm a superhero, like Lou Ferrigno\nMade Bob De Niro, look like a zero\nShine the spotlight, this is my night\nGet your camera's ready, let it rain confetti\nI'm a champion, I do what can't be done\nIn the real league nerd not the fantasy one\nThrow your hands up, you can cheer for your boy\nWhen I hit the stage get a ear full of noise\nWhen I bring the noise from here to Illinois\nMotherfuckers love when I do what it does\nI'm all-star, superstar entertainer\nWorld-class, first ballot hall of famer\nSome rappers claim that they got a heart full of anger\nHow when your lyrics were written by a stranger\nFool I'm the greatest, you just the latest\nI'm loved by your grandmama, and your babies\n\n{Chorus-A}\nSee my head is so big they call me jack n the box\nYou can't impress me, so fuck what you got\nI say my head is so big they call me jack n the box\nDon't talk about money cause I'm stacking a lot\n\n{Chorus-B}\nShine that light on me, put that light on me\nCause I was sent to the world, by G-O-D\nShine that light on me, put that light on me\nCause I was sent to the world, by G-O-D\n\n{2nd verse}\nI was a born loser, I was a born sinner\nNow I am a winner, in the convention center\nI got to take a bow, cause I still wonder how\nThe system didn't get me when I was a juvenile (just think)\nJust think if I had got locked up\nNo \"Boyz N Tha Hood\" thanks to America\nNo Eazy, N.W.A. no \"Friday\"\nDon't let ya motherfucking talent go to waste\nDon't catch a case cause these people got a place\nTo throw your life away and take you right out the waste\nThrow your hands up, you got to man up\nI had to show the world, what I was made of\nWhat you say blood, I was a slave cuz\nNow I'm VIP, up in Vegas\nI'm up in Nike town, so how you like me now\nSee the whole industry had to bite my style\n\n{Chorus-C}\nSee my head is so big they call me jack n the box\nI knew we would win, so I'm bragging a lot\nI say my head is so big they call me jack n the box\nMy shit is so dope, it's like crack in the pot\n\n{Chorus-B}\n\n{Bridge 2x}\nNow mama don't be mad, I got to show my ass\nAnd thank these motherfuckers for my past\nI got to let them know I never brake like glass (never)\nWhat you looking at is top notch world-class\n\n{Chorus-A}\n{Chorus-B}", "image": "https://images.genius.com/284f4145950de6c7f91a598379e2bb40.1000x1000x1.jpg"}], "artist": "Ice Cube"}