{"songs": [{"title": "Three Strikes You In", "album": "War & Peace Vol. 1 (The War Disc)", "year": "1998-11-17", "lyrics": "One mo' strike and I'm through, nigga\nBottom of the ninth swingin, for my life\nI'm up at the plate, going for the gate\nThey got my moms seated in section eight\nBeen on deck since my last felony\nI'm that 0 for 2 mothafucka\nWith the Louisville Slugger\nShay Whitie, that left hand punk\nIs on the mound and he coming wit dat off-speed junk\nIt's the Westside Hustlaz, vs these LA Pigs\nYou can say the damned vs the nigs\nMy little homies in the dugout\nThey looking sad, cuz fourteen niggas done struck-out\nMy first offense was possession of weed\nNow I'm in the major leagues and\nThat mothafucka Bill Clinton-is a son of a bitch\nHad the nerve to throw out the first pitch\nI'm just trying to get rich like Trump\nThe home run king is now in a slump, pass me a hunk\nHow the fuck can I stay out the pen\nWhen its one-two-three strikes you in\n\nHook:\n\nOne-two-three strikes you in\nNow how the fuck a nigga supposed to stay out the pen?\nI'm on a blend of gin and Hen\nEveryday of my life\nWith two strikes it ain't right\n\nHe's in the wind-up\nHere come the pitch\nI swing, aw shit (foul tip)\nThey felt the chill cuz if I get on first\nYou know the deal - a niggas gots to steal\nLike to steal home and I betcha\nThat I can run over, the LA pig catcher\nJust because I'm black, wit a bat\nThey wanna send a nigga back to the warning track\nFulla count they say I won't amount to shit\nBut fool I can hit like Kenny Griff\nWith a spliff in my mouth on the cellular phone\n(It's going, going, gone!)\nAnd watch a pitcher get served\nYou from the LA pigs\nI know you coming with a curve\nAy batter, batter is the chitter-chatter\nI'm the designated hitter, a nigga\nMuch badder than Babe Ruth\nWill I tell the truth and nothing but the truth?\nHell yea, I'd rather be shooting hoops\nCuz a niggas guaranteed to win\nAgainst a bullshit loss and three strikes you in\n\n[Hook #2]\nTake me out to the ballgame\nTake me out to the crowd (wha what, wha what)\nAnother nigga on trial\nKeep ya peanuts Jeezuh\nAnd fuck you Cracker Jack\nI hope I never come back\nI gots to root for my homeboys\nIf they don't win its a shame\nCuz its one-two-three strikes you in\nTwenty-five years of pain you know my name\n\nThey want a nigga to run and get hung\nHigh strung, so this pig can win the Cy Young\nI'mma hit this mothafucka a mile\nIn the batter's box, high as Steve Howe\nYou can't salary cap my gat\nNo strike, cuz gangsta-rap is on the map\nI'm like Satchel Paige wit a gauge\nOr Jackie Robinson, when I'm robbing one\nOf you Cracker Jacks fool I'm a mothafucking vet\nAnd fuck yo seventh-inning stretch, so\nTake me out to the ballgame\nAnd see my neighborhood name\nIn your Ghetto Hall of Fame\n\nChorus x 3\n\nYea (It ain't right)\nPlaying people like a game (It ain't right)\nHuman beings, putting em in a jar (It ain't right)\nFor double life, triple life (It ain't right)\n\n[Hook #2]\nYou know my name (wha what, wha what) x 4\n\nIf I die tonight, you know who did it (you know)\nIf I ride tonight, you know who did it (you know)\nIf they sheck me up, you know who did it (don't guess)\nIf they check my nuts, you know who did it (get 'em)\nIf they break my bank, you know who did it (yea)\nIf they pull my rank, you know who did it (get 'em)\nIf they sock me up, you know who did it (yea)\nIf they lock me up, you know who did it (get 'em)\nIf they smear my name, you know who did it\nIf they kill my game, you know who did it\nRemember me (you know who did it)\nWha what, wha what (you know who did it)", "image": "https://images.genius.com/9a92bffe36c691d91a9dd7116941cd17.1000x1000x1.jpg"}], "artist": "Ice Cube"}