{"songs": [{"title": "Nobody Wants to Die", "album": null, "year": "2016-10-06", "lyrics": "[Intro]\nEverybody wants to go to Heaven\nY'all thought I was soft as cotton\nEverybody wants to go to Heaven\nMessed around and forgot I was rotten\nEverybody wants to go to Heaven\nYou know my resume\nYou tell 'em I'm on my way\nBut nobody (You tell 'em, I'm on my way)\nAh nobody wants to die\n\n[Verse 1]\nI keep my mind on my money, I keep my hand on my gunny\nDon't get to playin' with sonny, unless you Playboy Bunny\nI'll put four in your tummy, tap two in your brain\nSee the man ain't playing, if you think it's a game\nHaters whisper my name, suckers want what I slang\nArrogant and I'm vain, DA want me to hang\nBut let me explain, like Abel and Cain\nThat the black Grim Reaper is not my brother's keeper\nRevenge, revenge a killer's on a binge of revenge\nIt depends if I can live with my sins\nLose family and friends (lost em all)\nNow you got to lose life and limb, spit phlegm on them\nGot the code of Rakim, homey, jokes ain't allowed\nAnd you boy ain't scared to move the crowd with something loud\nIf you doubt what I'm about, go ahead an run your mouth\nI'm the last thing you see when your time is running out, trick\n\n[Hook]\nEverybody wants to go to Heaven\nI'll send you fast boy, with a blast boy (first class, boy)\nEverybody wants to go to Heaven\nMessin' with the wrong one, send you on that long run\nEverybody wants to go to Heaven (I ain't the one, son)\nPop you like a pro, now you good to go (yeah)\nBut nobody (Nobody, nobody, nobody, nobody)\nAh nobody wants to die\n\n[Verse 2]\nYou forgot where I come from, you forgot what I do\nYou forgot what you was sayin', cuz I'm blockin' your view\nNow I got you on cue, you about to turn blue\nGet around me now you actin' like my little nephew\nBoy what you wan' do? You ain't gon' do ish\nBut go take a ish, is 'bout as funky as it get\nNow I'ma have to admit, that I was prolly too nice\nBut take my advice or I'll take your life\nNow if you still wanna slice, let's start with the fingers\nLet's move to the toes, and end with the penis\nSee men are from Mars, now you from Venus\nHow dumb you got to be tryin' to think with the genius\nIt's the big payback, you can't clown James Brown\nSee a brother been down ever since Jamestown\nYou either swim or you're drowned, you either gagged or you're bound\nNow you can't make a sound, boy look at you now\n\n[Hook]\nEverybody wants to go to Heaven\nI'll send you fast boy, with a blast boy (first class, boy)\nEverybody wants to go to Heaven\nMessin' with the wrong one, send you on that long run\nEverybody wants to go to Heaven (I ain't the one, Crip)\nPop you like a pro, now you good to go (Go on)\nBut nobody (Nobody, na)\nAh nobody wants to die", "image": "https://images.genius.com/32b4872b1aa04f4984259532f65f5c09.750x750x1.png"}], "artist": "Ice Cube"}