{"songs": [{"title": "Here He Come", "album": "Raw Footage", "year": "2008-08-19", "lyrics": "[Ice Cube]\nI am the one, that you heard about, read about\nI am the one, that had to take the ghetto route\nI am the one, don't make me pull this metal out\nI'm comin' straight from the cage who let him out\nCrazy nigga thought he was gone, but he ain't gone\nEven King Kong took his black monkey ass home\nWhen I hit the block, watch them scatter like roaches\nSo don't be fake, cause I know what a ho is\nHandle my business, no playin' cause I'm focused\nYou the definition of what a fuckin' joke is\nWhen they see you comin', they play with your emotions\nFuck with my emotions and they find you in the oceans\nYeah I said oceans, yeah I mean plural\nMy boy got a knife to turn a boy into a girl\nWe'll fuck up your world, no boos to my drama\nWe'll include yo mama, if you fuck with my commas\nI ain't tryin' to scare you\nI ain't tryin' to hear you\nI ain't tryin' to control that nigga in the mirror\nI'll I'm tryin' to is bark before I bite\nBefore I take you down, might as well be polite\n\n[Hook]\n\nHear 'em say, oh my God, here he come, here he come\nHear 'em say, oh my God, here he come, here he come\nHear 'em say, oh my God, here he come, here he come\nHear 'em say, oh my God, here he come, here he come\nDon't tryin' to be no hero, you nothin' but a zero\nDon't tryin' to be no hero, you nothin' but a zero\nDon't tryin' to be a hero, you nothin' but a zero\nA nigga for the people, where ever they go we go\n\n[Ice Cube]\nNow when I roll through the hood, lil' kids watch my every move\nTryin' to be a good example, don't make me bury you\nIf you sick on my swagger, bitch take some Theraflu\nDon't underestimate the damage caused by a '22\nPop yo' ass right behind the ear within' hear\nNothin' like a firecracker, hits you like a linebacker\nDon't forget the grind factor, I am a grinder\nAnd here's a reminder, ain't no tellin' where they find ya\nNow what this got to do with the price of tea in China?\nNothin' mothafucka just don't act like a vagina\nYou won't catch the wrath of this hardcore rhymer\nNow you got 55 niggas right behind ya\nNow you wanna talk it out, but we don't negotiate\nNow you gotta do all kind of shit that we know you hate\nStraight from the west and we got to be respected\nHere it's going down, hear 'em runnin' for the exit\n\n[Hook]\n\nHear 'em say, oh my God, here he come, here he come\nHear 'em say, oh my God, here he come, here he come\nHear 'em say, oh my God, here he come, here he come\nHear 'em say, oh my God, here he come, here he come\nDon't tryin' to be no hero, you nothin' but a zero\nDon't tryin' to be no hero, you nothin' but a zero\nDon't tryin' to be a hero, you nothin' but a zero\nA nigga for the people, where ever they go we go\n\n[Doughboy]\nSee this boy in this bitch gonna ape shit\nGlitch Mob niggas takin' off like a spaceship\nPesos to Euros, eatin' those green and great chips\nGet 'em by the bag, you can say we Feedo Lay chips\nI'm so hungry that I can eat these niggas faces\nMeet the plastic surgeons givin' Hollywood a face lift\nOff the grape shit, and I'm feelin' like I'm faceless\nThe Mob you ain't in, nigga don't say shit\nYou ain't nothin' to play with, nigga I beat the basics\nCock and spray shit, quick to leave a nigga faceless\nPlayin' Superman, will get a brave nigga sprayed quick\nNiggas can't fade this, music for the ages\nBecause we get it in like Young Crush\nShe be payin' big fishin'\nIn the water bitch you in the deep end\nBoy I pull you deep in, underneath the deep end\nNigga have you sinkin', when I hear you creepin', hear em' sayin'\n\n[Hook]", "image": "https://images.genius.com/284f4145950de6c7f91a598379e2bb40.1000x1000x1.jpg"}], "artist": "Ice Cube"}