{"songs": [{"title": "Drink The Kool-Aid", "album": "I Am the West", "year": "2010-07-27", "lyrics": "[Verse 1]\nThis ain't Sinatra!\nThis ain't the Carter!\nI am the chaperone nigga...Who brought ya!\nI am the author! This is Holy water!\nFrom the Holy Father...The Rock of Gibraltar!\nStep up to the altar! Step up to the slaughter!\nGet circumsize son and turned into a daughter!\nNiggas know they oughta drink the fucking Kool-Aid!\nIndustry laid out authorities are too late!\nMC's passed the due date! Niggas? They do hate!\nYou are Bobby Boucher, I'm the Mane like Gucci!\nI rock the Louis! But not like Kanye!\nNigga see me kinda like...Harry Belafonte!\nStep into the room they be like: \"Ah, Day-O!\"\nYeah, cause they know a nigga ain't play-doe!\nShots all fatal! Is this Laredo?\nBoarder town knock them down just like Lego's!\n\n[Bridge]\nDrink the Kool-Aid!\nI make a motherfucker drink the kool aid!\n\n[Hook]\n(Let them know!) Do you (Let them know!) Do you\n(Let them know!) Know who you fucking with? Know who you fucking with?\nDo you (Let them know!) Do you\n(Let them know!) Know who you fucking with? Know who you fucking with?\nAlways (Always!) Always (Always!)\nKnow who you fucking with! Know who you fucking with!\nAlways (Always!) Always (Always!)\nKnow who you fucking with! Know who you fucking with!\n\n[Verse 2]\nI ain't the Doctor! This ain't the patient!\nThis ain't that nigga always on vacation!\nThis ain't no white boy's rehabilitation!\nThis is crazier than a boat full of Haitians!\nThis is inflation mixed with degradation!\nThis ain't no dead rappers reincarnation!\nI heard it was a New West Coast, I ain't worried!\nI murder more stars than Conrad Murray!\nI got more bars than the penitentiary!\nI wrote this shit without a rhyme dictionary!\nYoung bucks try to step up to the harim!\nLooking for some pussy I'm an old buck, I dare them!\n\n[Hook]\n(Let them know!) Do you (Let them know!) Do you\n(Let them know!) Know who you fucking with? Know who you fucking with?\nDo you (Let them know!) Do you\n(Let them know!) Know who you fucking with? Know who you fucking with?\nAlways (Always!) Always (Always!)\nKnow who you fucking with! Know who you fucking with!\nAlways (Always!) Always (Always!)\nKnow who you fucking with! Know who you fucking with!\n\n[Bridge]\nDrink the Kool-Aid!\nI make a motherfucker drink the kool aid!\n\n[Outro]\nI-I-I-Ice Cube! (Yeah its the cube)\nThe Don...(Let 'em know!) Ain't no stopping the G!\nThey call me (The Don, nigga!)\n\n[Hook]\n(Let them know!) Do you (Let them know!) Do you\n(Let them know!) Know who you fucking with? Know who you fucking with?\nDo you (Let them know!) Do you\n(Let them know!) Know who you fucking with? Know who you fucking with?\nAlways (Always!) Always (Always!)\nKnow who you fucking with! Know who you fucking with!\nAlways (Always!) Always (Always!)\nKnow who you fucking with! Know who you fucking with!", "image": "https://images.genius.com/f1c6e4522c58b032c43433a2345b1bb1.1000x1000x1.jpg"}], "artist": "Ice Cube"}