{"songs": [{"title": "Supreme Hustle", "album": "War & Peace Vol. 2 (The Peace Disc)", "year": "2000-01-15", "lyrics": "[Intro]\nDon Dadaa, uhh, uhh, yeah\nYou can't see me, but you can feel me\nYou can feel me, you can feel me\nIt's the world, famous, supreme team show, supreme team show...\nIt's the world, famous, supreme team show, supreme team show...\nUhh, look at me\n\n[Verse 1]\nI be the one that you love to hate\nI be the one that's from out of state\nI be the one with the nickle plate\nI be the one with the mean face\nI be the one with the bad taste\nI be the one that you worry 'bout\nI be the one that make ya hurry out\nI be the one that make your mama shout\nI be the one that's the cleanest (fo' sho')\nI be the one with the niggas and guns that's the meanest (let 'em know)\n\n[Chorus]\nSupreme hustle (uh huh), I got supreme muscle (yep)\nI call em team tustle (whatcha call it?)\nSupreme hustle (uh huh), I got supreme muscle (yep)\nI call em team tustle (yeah yeah)\n\n[Verse 2]\nYou be the one that we laugh at (ha ha)\nYou be the one that can't have that (uh uhn)\nYou be the one to get your ass cracked (crack!)\nYou be the one that's takin' live rounds\nYou be the one thats got to run from them bloodhounds\nYou be the one with the eight babies\nMy seven ladies, still dressin' like the eighties\nYou be the one that just checked in emergency\nYou be the one that's in dire need of surgery\n\n[Chorus]\nSupreme hustle (uh huh), I got supreme muscle (yep)\nI call em team tustle (whatcha call it?)\nSupreme hustle (uh huh), I got supreme muscle (yep)\nI call em team tustle (yeah yeah)\nIt's the world, famous, supreme team show, supreme team show...\nIt's the world, famous, supreme team show, supreme team show...\n\n[Verse 3]\nWe be the ones that your woman love\nWe be the ones that your fellas hug\nWe be the ones that you jellous of\nWe be the ones with the big guns\nWe be the ones with the six-uns\nYou should get one\nWe be the ones with the dirty spirits\nWe be the ones with them bomb ass dirty lyrics\nWe be the ones that your kids like\nWe be the ones that make you beat your wife\nAnd hate your life (tell 'em)\n\n[Chorus]\nSupreme hustle (uh huh), I got supreme muscle (yep)\nI call em team tustle (whatcha call it?)\nSupreme hustle (uh huh), I got supreme muscle (yep)\nI call em team tustle (yeah yeah)\nAutomatic\nUh huh, yep, uh huh, yep\nIt's the world, famous, supreme team show, supreme team show...\nIt's the world, famous, supreme team show, supreme team show...\n\n[Outro]\nYou got to Hustle or die, no lie to all my people that's down to survive\nGone and ride\nHustle or die, no lie, to all my people that's down to survive\nGone and ride\nHustle or die, no lie, to all my people that's down to survive\nGone and ride\nHustle or die, no lie, to all my people that's down to survive\nGone and ride\nGet ya ride on (gone and ride)\nHustle mang hustle mang (gone and ride)\nIt's automatic\nIce Cube; incredible, yeah\nI'm on the grind all the time\nHustle mang, hustle mang, hustle mang", "image": "https://images.genius.com/b41b30150e61b258f8624ead118328fe.1000x1000x1.jpg"}], "artist": "Ice Cube"}