{"songs": [{"title": "D'Voidofpopniggafiedmegamix", "album": "Bootlegs & B-Sides", "year": null, "lyrics": "[Intro: Male Interviewer]\nAiyyo, Ice Cube man\nSince you went solo, what's up with the rest of the crew?\n\n[Hook: George Clinton]\nSo High you can't get around it\nSo low you can't get under it\nSo High you can't get over it\nI can't get over it\nNothin' can stop us now\n\n[Hook: Sir Jinx Scratching quotes below]\nDirty mother, dirty mother  -----] Ice Cube\nMake it rough               -----] Ice Cube\nDirty mother, dirty mother  -----] Ice Cube\nDirty mother, dirty mother  -----] Ice Cube\nCause I'm steady mobbin'    -----] Ice Cube\nHave you never sense the recite in my rhymes?\nStandin' on stage and I'm grabbin' my nuts -----] Ice Cube\nSteady mobbin'  --------] Darryl Gates\nHave you never sense the recite in my rhymes?\nStandin' on stage and I'm grabbin' my nuts -----] Ice Cube\nThere goes the Neighborhood ----------] George Clinton\nThere goes the Neighborhood ----------] George Clinton\nThere goes the Neighborhood ----------] George Clinton\n\n[Hook]\nI got a big old ding-a-ling, and if that bitch can hang\nSee, I'm gonna do my thing, with your dauuuughter\nGivin' up the nappy dug out!\nSaid, I got a big old ding-a-ling, and if that bitch can hang\nSaid, I'm gonna do my thing, with your dauuuughter\nGivin' up the nappy dug out!\n\n[Girl] Daddy, where did he go?\n[Pop] I'll tell you where he went, goddamn it\n\n[Ice Cube]\nGive me that beat fool, it's a full time jack move\nChilly Chill, yo, homie make the track move\nAnd I'll jack any Tom, Dick and Hank\nThat's the name of the suckers I done ganked\nI get away from a copper\nDrop a dime, I'll break you off somethin' proper\nWith the L-E-N-C-H-M-O-B, T-Bone and that's J.D\nAnd here's how we'll greet you\nStop!!!\nHere we go, wait a minute, wait a minute, wait a minute\nDrop an Old School beat\n\n[Ice Cube]\nGoddamn, I'm glad, goddamn, I'm glad\nGoddamn, Goddamn, Goddamn, Goddamn, Goddamn\nGoddamn, I'm glad y'all set it off\nUsed to be hard, now, you're just wet and soft\nFirst you was down with the A.K\nAnd now I see you on a video with Michel'le\nLookin' like straight bozos\nI saw it comin, that's why I went solo\nAnd kept on stompin'\nWhen y'all motherfuckers moved straight outta Compton\nDamn, you're wicked, man!!\n\n[Hook: Sir Jinx Scratching quotes below]\nNow, you're gettin' done without vaseline\nNow, you're gettin' done without vaseline\nNow, you're gettin' done without vaseline\nDamn, it feels good to see people... on it\nNo vaseline\n\n[Ice Cube]\nLittle boys and girls, they all love me\nCome sit on the lap of I-C-E\nAnd let me tell you a story or two\nAbout a punk-Ass-Nigga I knew\nHickory dickory dock, it was twelve o'clock\nCinderella ain't home must be givin' up the cock\nI don't doubt it, she is kind of freaky of course\nHad a fight with Snow White, she was fuckin' her dwarfs\nSaw a fight over colors, too\nRed Ridin' Hood, and Little Boy Blue\nA bad influence? - y'all I don't know\nBut Ice Cube'll tell the kids how the story should go\n\n[Interlude: Little Russ]\nYeah money, that's it, yeah money, that's it\nThis is Little Russ in the house\nRock that shit homey, rock that shit\n\n[Hook: Sir Jinx Scratching quotes below]\nCops ain't shit to me ------] Ice Cube\nFuck all y'all        ------] Ice Cube\nCops ain't shit to me ------] Ice Cube\nYeah, good that all them girls remember him, Ice fuck that\n\n[Ice Cube]\nOnce upon a time in the projects y'all\nYo, I damn near had to wreck a whore\nI knocked on the door (*Knock knock*) who is it?\nIt's Ice cube came to pay a little visit to you\nToday I didn't even have to use my A.K\nYo, I gotta say it was a good day (*Gun shots*)\nToday I didn't even have to use my A.K\nI gotta say it was a good day (*Gun shots*)\nToday I didn't even have to use my A.K\nI gotta say it was a good day (*Gun shots*)\nToday I didn't even have to use my A.K\nI gotta say it was a good day (*Gun shots*)\nFucked up my night\n\n[Hook: Sir Jinx Scratching quotes below]\nNow, ask yourself, now, ask yourself\nWhat did you say?\nNow, ask yourself, now, ask yourself\nWhat did you say?\nWho's the mack?\nStraight gangsta mack\nYou know how we do it, yeah\nStraight gangsta mack\nYou know how we do it\nStraight gangsta mack\nYou know how we do it\nStraight gangsta mack\nYou know how we do it\n\n[Ice cube]\nWhy, oh why must you swoop through the hood\nLike everybody from the hood, is up to no good?\nWhy, oh why must you swoop through the hood\nLike everybody from the hood, is up to no good?\n(*Helicopter Propeller Turning*)\nRun from the ghetto bird\nRun, run, run, from the ghetto bird\nRun, run, run, from the ghetto bird\nMotherfuck you and your punk-ass ghetto bird\n\n(*Helicopter Propeller Turning*)\n\n[Outro: Flavor Flav]\nStay off his dick..\n(*Flavor Flav sprays Shots all around the place*)", "image": "https://images.genius.com/bd986178756b67188db2d06a77696b78.1000x1000x1.jpg"}], "artist": "Ice Cube"}