{"songs": [{"title": "Gangsta Rap Made Me Do It", "album": "Raw Footage", "year": "2008-01-03", "lyrics": "[Intro]\n- Prior to gangsta rap music, the world was a peaceful place. And then all of that changed: violence, rape, murder, arson, theft, war. These are all things that came about as a result of gangsta rap music\n- But wasn't Compton dangerous before gangsta rap ?\n- Wrong! Compton was a nature preserve for bunny rabbits. When gangsta rap came along, they tore down the country clubs and put up housing projects!\n\n(Maestro!!!) Blame me!\nYou niggas know my pyroclastic flow\nYou niggas know my pyroclastic flow flow\nYou niggas know my pyroclastic flow\nIt's R-A-W, R-A-W\n\n[Verse 1]\nYou lookin' at the grand wizard\nWarlord, vocal chord so vicious\nAnd I don't have to show riches\nTo pull up, pull off with some bad bitches\nAnd it ain't about chivalry\nIt's about dope lyrics and delivery\nIt's about my persona\nAin't nothin' like a man that can do what he wanna\nAin't nothin' like a man that you knew on the corner\nSee 'em come up and fuck up the owner\nSee 'em throw up Westside California\nNigga, I'm hot as Phoenix, Arizona\nI'm Utah: I got multiple bitches\nIt's a new law, keep a hold of your riches\nDumb nigga, don't spend it as soon as you get it\nAnd recognize I'm a captain and you a lieutenant\n\n[Hook 1]\nI can say what I want to say\nAin't nothin' to it, gangsta rap made me do it\nIf I call you a nigga\nAin't nothin' to it, gangsta rap made me do it\nI can act like an animal\nAin't nothin' to it, gangsta rap made me do it\nIf I eat you like a cannibal\nAin't nothin' to it, gangsta rap made me do it\n\n[Verse 2]\nI'm raw as a dirty needle\nChoke an eagle, just to feed all my people\nLyrically I'm so lethal\nPlant thoughts in they mind just to defeat you\nIce Cube is a saga\nY'all spit saliva, and I spit lava\nI got the fearless flow\nDon't get near this, ho, if you scared to go\nI keep it gangsta, and why should I change that?\nFuck you old mothafuckas tryin' to change rap\nBut ain't you the same cat\nThat sat back when they brought cocaine back?\nI'm tryin' to get me a Maybach\nHow you mothafuckas gonna tell me \"don't say that\"?\nYou the ones that we learned it from\nI heard nigga back in 1971\n\n[Hook 2]\nSo if I act like a pimp\nAin't nothin' to it, gangsta rap made me do it\nIf I call you a nappy-headed ho\nAin't nothin' to it, gangsta rap made me do it\nIf I shoot up your college\nAin't nothin' to it, gangsta rap made me do it\nIf I rob you of knowledge\nAin't nothin' to it, gangsta rap made me do it\n\n[Verse 3]\nThank God when I bless the mic\nYou finally get to hear the shit that you like\nA nigga talkin' about real life\nSo you can try to get this shit right\nUse your brain, not your back\nUse your brain, not a gat; it's a party, not a jack\nDon't be scared of them people\nWalk up in there and show them that you equal\nAnd don't be material\nA nigga grew up on milk and cereal\nI never forgot Van Ness and imperial\nLook at my life, Ice Cube is a miracle\nIt could be you if you was this lyrical\nIt could be her if she was this spiritual\n\u2018Cause me and Allah go back like cronies\nI ain't gotta be fake, \u2018cause he is my homie\n\n[Hook 3]\nIf I sell a little crack\nAin't nothin' to it, gangsta rap made me do it\nIf I die in Iraq\nAin't nothin' to it, gangsta rap made me do it\nIf I take you for granted\nAin't nothin' to it, gangsta rap made me do it\nIf I fuck up the planet\nAin't nothin' to it, gangsta rap made me do it\n\n[Bridge]\nYou niggas know my pyroclastic flow\nYou niggas know my pyroclastic flow-flow\nYou niggas know my pyroclastic flow\nIt's R-A-W, R-A-W\n\n[Outro]\nOh yeah, and another thing\nFor all y'all niggas that don't do gangsta rap\nDon't get on TV talkin' about gangsta rap\n\u2018Cause 9 times out of 10\nYou don't know the fuck you talkin' about\nTalk about that bullshit rap you do\nStay the fuck out of mine", "image": "https://images.rapgenius.com/ee55c229ad693ce02e9662e42c953c70.325x325x1.jpg"}], "artist": "Ice Cube"}