{"songs": [{"title": "Only One Me", "album": "Death Certificate 25th Anniversary ", "year": "2017-06-01", "lyrics": "[Intro]\nThat's that gangsta shit\nCheck the original, y'all niggas digital\nThe pyroclastic flow, this insane\n\n[Verse 1]\nMotherfuckas love me\nYoung ass niggas they wanna thug for me\nWish I was the Godfather, sell drugs for me\nBut all they can do is tap cuz for me\nLook homie, you can be my cronie\nIf you figure how to get a check out of Sony\nOh Lord, thought I was preaching to the choir\nWhen I'm in this pulpit I might catch some fire\nGlass full of gas, do you got a lighter?\nHand full of ass, why should I retire\nThe shit I spit might inspire the messiah\nTo throw these lives in a lake full of fire\nAin't nothing flier than my fuckin' rims and my tires\nAnd a word to the wise, you better fuckin' recognize\nThat I been on the block since bitches did the wop\nSince Floyd and Damien kept rocks in they socks, nigga\nTaught 2Pac how to keep it gangsta\nI showed Biggie Smalls how to release his anger\nWho came before me? Melle Mel, Ice T\nKing T, KRS and the homie Chuck D\nP.E, DMC, nigga know your history\nIf Cube ain't top 3, then you's a bitch to me\nIce Cube, the name will live in infamy\nAsk the young nigga that invented Eazy-E\n\n[Verse 2]\nWest Coast bitch, yeah that's all me\nWith Too Short and the D-R-E\nWe made it too hard, check our family tree\nSee you try to make a Snapple out of all them bad apples\nNigga no\nLeave you baffled and gaffled\nAnd running through your house like it's a motherfuckin' raffle\nI'm a asshole with Tabasco, you the last ho I would ask for\nIf I had to leave Morehouse and walk into a ho house\nThe drink that I pour out, the weed that I blow out\nIt's all for my nigga Big Hurt, when I show out\nPicture this in a frame, get torn out\nWhen I wanna go out, red carpets get rolled out\n\n[Chorus]\nThere's a lot of you's, there's only one of me\nThey are not confused by a wannabe\nThere's a lot of you's, there's only one of me\nThey are not confused by a wannabe\nOriginal, original, I'm the prototype\nOriginal, original, he the copyright\nOriginal, original, I'm the prototype\nOriginal, original, he the copyright\n\n[Verse 2]\nSo what you from the gutter\nWe all had to struggle if you got a black mother\nWe all had to scrap with our uncles and our brothers\nBedroom window, no curtains, used covers\nMotherfucker always claim to be the hardest\nBut these motherfuckers never claim to be the smartest\nI'm a artist that'll paint your rigor mortis\nYou silly rabbit nigga, here come the tortoise\nFast is smooth and smooth is slow\nAnd that's how you get it, 20 years in a row\nAdvance how you get 20 years in a hole\nBet 10 that you ass ain't got no soul\nGrab that cold ass white man steel\nCap pills, run like an oil spill\nBig drills, found him in the landfill\nYou got 30 years but you my man still\nFuck them tears, Tony Montana\nCaught you in Montana, extradited to Atlanta\nThis ain't the banana nigga, this is Alabama\nNail in your coffin when the judge rock the hammer, nigga\n\n[Chorus]\nThere's a lot of you's, there's only one of me\nThey are not confused by a wannabe\nThere's a lot of you's, there's only one of me\nThey are not confused by a wannabe\nOriginal, original, I'm the prototype\nOriginal, original, he the copy right\nOriginal, original, I'm the prototype\nOriginal, original, he the copy right\n\n[Outro]\nGangsta Shit!", "image": "https://images.genius.com/8ea085c79a89a55d4e24cb565ed07253.640x640x1.jpg"}], "artist": "Ice Cube"}