{"songs": [{"title": "Appetite for Destruction", "album": "Efil4zaggin", "year": "1991-05-28", "lyrics": "[Verse 1: Dr. Dre]\nI got a taste for waste and a taste and a blood\nMurder I heard her when she screamed the \"Drop!\"\n'Cause her son caught the slug\nRelate this to no choice\nAnd listen to this straight-up man before they ban the voice\nWhile I rhyme to the rhythm of a pop\nRemember the first nigga that runs is the first to get shot\nWhoever said that what I say and portray is negativity\nNeed to come kick it in the city with me\nAnd find the black and crack de fact\nAnd take that shit back\n'Cause they don't wanna fuck with that\nThere's too many niggas they're tryin' to calm\nIf mothafuckaz could get it, nobody would've fuck with it\nAppetite for destruction\nFor him to get a bit more shit he gotta commit\nMurder in the first degree and manslaughter\nTakin' the life of his wife and young daughter\nA whole city of bitches that look sucked up\nAnd the niggas is killin', it's straight fucked up\nWhoever sayin' what I'm sayin is for greed\nThen I ain't even what they're tryin' to feed\nMy appetite for destruction\n\n\"You guys know who I'm talkin' to\"\n\n[Verse 2: MC Ren]\nThe appetite is tremendous, so I'm gonna spin this\nDrop up some violence because they ask me to end this\nSome trouble that I cought 'cause I was noisy\nA nigga tried to take advantage because of the kamikaze\nHe took a swing for my head, thought I was faded\nStart runnin' for the door but the fucker never made it\nThe sound of the 9 went bang\nAnd all over the wall was his mothafuckin' brain\n'Cause I'm a nigga you can't sleep on\nSo set the alarm, 'cause I hit like a mothafuckin' bomb\nI do damage with the 9 in my hand\nBut the average nigga that don\u2019t know me don\u2019t understand\nI'm from the streets, so therefore\nYou know I don't care for a sucker that ain't down\nWith the real niggas, the niggas, the niggas\nYo, and after when the shit gotta go ain't even sober\nAny time that the 9 wanna leave\nI got a .38 hidden up the sleeve\nAnd it's ready to go to war 'cause that's what it's here for\nI shoot down a million niggas and shoot one more\nAnd that's the million and one, they couldn't hang with the appetite, 'cause they wasn't rappin' right\nSo I had to destroy whoever was standin' in my presence\nFor fuckin' up the essence \u2013 appetite for destruction\n\n[Interlude]\n\"Cops put a hurtin' on yo' ass, man\nYou know, they really degrade you\nWhite folks don't believe that shit\nThey don't believe that cops degrade you\n[Imitating white person] Oh come on, those people, those people are resisting arrest.\"\n\n[Verse 3: Eazy-E]\nCheck it out, y'all, in the house, y'all\nSo I can show and flow and let the people know\nSo won't you ease on down to the yellow brick road\nTo Compton, but first let me tell you somethin'\nI possess the 10 commandments of the hip-hop thugsta\nKnown as the thief and murderer\nFirst one \u2013 honor thy nigga with an attitude\nGotta get respect or break your mothafuckin' neck\nSecond one \u2013 always gotta fuck out of wedlock\nI like it when the pussy goes snap, crackle and pop\nNumber three \u2013 I'm a gangsta fanatic\nI smoke any fools tryna 'cause some static\nNumber four \u2013 here's what's in store\nA crazy-ass nigga that remains hardcore\nFifth one \u2013 my kill has just begun\nI pull out my gun, that'll keep me on the run\nStep six \u2013 hmmm, it's kinda tricky\nCan't forget that I'm mothafuckin' chicken-shit\nTo the ones who tries to play the E\nBy the time you get to seven, you'll be six feet deep\nNumber eight \u2013 make no mistake\nMove real sneaky and you're bound to catch your prey\nNinth one \u2013 I gotta be raw\nFuck any brainwashin' man-made law!\nLast but not least, I must be real\nNumber ten \u2013 is my appetite to ki\u2013", "image": "https://images.genius.com/a29eee7e768bb91fa1dfa52a238f3f77.300x300x1.jpg"}], "artist": "N.W.A"}