{"songs": [{"title": "Straight Outta Compton 2015", "album": null, "year": null, "lyrics": "Verse 1: (Backy Boo Boo)\nOh no here we go again. I am the man who is always there for you. Boy you know I am the one who makes the best lyrics because I can do so. My rap still is so ill and my gf is on the pill. Oh no wait who said that? I wanted to make a chocolate cake but you know that it is hard to make. YEAH HAHA YOU KNOW WHO IT IS\n\nChorus:\nRap to the left. But im on the right. I want to go for a ride in my car\nBut I have no money for gas. So here we go again. HAHA YEAH BOY!\n\nVerse 2: (Timmy Bear)\nOh yeah you know who I am. Timmy Bear on the track and Im eating a donut and cheese pie. Rapping because I am the man who made this song. Oh no Timmy Bear you didn't just say that because I might have to hit you for that because I am the gods true brother. I am the one who made this song and you we gon sing this all night till the morning and then maybe tomorrow. So. YEAH HAHA YOU KNOW WHO IT IS\n\nChorus:\nRap to the left. But im on the right. I want to go for a ride in my car\nBut I have no money for gas. So here we go again. HAHA YEAH BOY!\n\nBridge:\nOh no my boy is here for the true dogs on this track im gonna make it baby. I love how I am so dope when I want to top the rest. Woo woo woo woo like a bird in the sky. So here we go again\n\nChorus: x4\nRap to the left. But im on the right. I want to go for a ride in my car\nBut I have no money for gas. So here we go again. HAHA YEAH BOY!\n\nAnd you know how we bake the car", "image": "https://images.genius.com/627acab300f5f3fd378a3b1adf4a69f8.630x630x1.jpg"}], "artist": "N.W.A"}