{"songs": [{"title": "Message to B.A.", "album": "Efil4zaggin", "year": "1991-05-28", "lyrics": "[Intro: Dr. Dre]\nA message to Benedict Arnold\nNo matter how hard you try to be...\nHere's what they think about you!\n\n[Answering Machine Messages]\n\n[Female caller 1]\nHello? I was at The Celebrity... and I was wonderin' how that punk Ice Cube got his ass beat by ATL!\n[Beep]\n\n[Male caller 1]\nYo! Dat nigga was sayin' he from Compton, he ain't from Compton\nHe from a planet called: \"Punk!\" It is full of pussy protein and pearl tongue\n[Beep]\n\n[Female caller 2]\nAll I wanna know is why y'all let his punk-ass in the group in the first place, when you knew what kinda bitch he was?\n[Beep]\n\n[Male caller 2]\nYeah, I was in the New Music Seminar in New York!\nAnd I watched that punk muthafucka run... while the rest of his homeboys got they ass beat!\n[Beep]\n\n[Female caller 3]\nHello? I'm callin' to say since Ice Cube was suckin' so much New York dick...can he come and eat sum of this Chicago pussy?\n[Beep]\n\n[Men]\nI smell... [3 sniffs] PUSSY!\n[Beep]\n\n[MC Ren]\nYeah, nigga; when we see yo' ass, we gon' cut your hair off and fuck you with' a broomstick!\n[Beep]\n\n[Outro: Dr. Dre]\nThink about it, punk muthafucka!", "image": "https://images.genius.com/378262f83025b434fc5375a332bd1a1f.800x800x1.png"}], "artist": "N.W.A"}