{"songs": [{"title": "Live Intro (1989)", "album": "N.W.A. Greatest Hits", "year": null, "lyrics": "* Originally Part of N.W.A's concert at Arsenal Hall, California 1989\n\n[Intro: MC Ren]\nAiyyo, this is what we want you to do right now\nWe want y'all to listen up, as we're goin' on somethin' of our Greatest Hits\nFrom Straight Outta Compton, 100 Miles and Running\nAnd our new shit, the greatest shit, Niggas 4 Life..\nJust check this shit out..\n\n(*Plane on final approach over Los Angles Airport*)\n\n(*Plane Landing sound and the L.A. Police Sirens Samples started*)\n\n(*Sample of Press Printing Machines*)\n\nGIVE ME MY PASSPORT!!\nGIVE ME BACK MY PASSPORT!!\n\n[Eazy-E]\nAwww shit, man\nBlack bitches, black gangsters are at it again\n\n[Dr. Dre]\nYou are now about to witness, the strength of street knowledge..\n\n[Laylaw as a Narrator]\nStraight off the streets of Compton, dedicated and by most suckers hated\nWould you put your hands together for.. Eazy-E and N.W.A.? (*Echoes*)\n\n(*Explosion*)\n\n[DJ Yella]\nN.W.A's Straight Outta Compton Video banned by M.T.V\nN.W.A's music banned by most black Radio Stations\nN.W.A. is criticized and for what? - Tellin' it like it is..\n\n[Dr. Dre]\nYo, we ain't sellin' out\nFuck crossing over to them, let them cross over to us\n\n[Ice Cube]\nFuck them!!\nLong as motherfuckers still buyin' it, the Media ain't shit (*Echoes*)\n\n[Eazy-E]\nFuck everybody, let's do it\nYO DRE, KICK IN THE BASS!!\n\n[DJ Yella adapted quotes below over the Dr. Dre's beats]\nNiggas With Attitudes --] Dr. Dre\nNiggas With Attitudes --] Dr. Dre\nNiggas With Attitudes --] Dr. Dre\nNiggas With Attitudes --] Dr. Dre\n\nDJ Yella --] Dr. Dre\nDJ Yella --] Dr. Dre\nDJ Yella --] Dr. Dre\nEVERYBODY FREEZE --] Dr. Dre\nDJ Yella --] Dr. Dre\n\nMake some noise\nMake some noise\nSOMEBODY SCREAM!!\nAWWWWWWWWWOOOOOOOOOOWWWWWWWWWWWWWWWWW\n\nMC Ren, the Ruthless Villain --] MC Ren\nDre, the motherfuckin' Doctor --] Dr. Dre\nMC Ren, the Ruthless Villain --] MC Ren\nDre, the motherfuckin' Doctor --] Dr. Dre\nMC Ren, the Ruthless Villain --] MC Ren\nDre, the motherfuckin' Doctor --] Dr. Dre\nMC Ren, the Ruthless Villain --] MC Ren\nDre, the motherfuckin' Doctor --] Dr. Dre\n\n[Dr. Dre]\nEverybody, put your motherfuckin' hands in the air\nEverybody, put your motherfuckin' hands in the air\nPut your hands in the air\nCome on, get with it..", "image": "https://images.genius.com/9d0ba3a690d9816750a7d66f86166147.500x500x1.jpg"}], "artist": "N.W.A"}