{"songs": [{"title": "Straight outta compton - extended version", "album": null, "year": null, "lyrics": "[Ice Cube]\nI'm comin' straight outta Compton\nWhen something happens in south of central Los Angeles\nNothing happens, it's just another n**** dead\n\nVerse One: Ice Cube\nStraight outta Compton, crazy motherf***er named Ice Cube\nFrom the gang called n****z With Attitudes\nWhen I'm called off, I got a sawed off\nSqueeze the trigger, and bodies are hauled off\nYou too, boy, if ya f*** with me\nThe police are gonna hafta come and get me\nOff yo a**, that's how I'm goin out\nFor the punk motherf***ers that's showin out\nN****z start to mumble, they wanna rumble\nMix em and cook em in a pot like gumbo\nGoin off on a motherf***er like that\nWith a gat that's pointed at yo a**\nSo give it up smooth\nAin't no tellin when I'm down for a jack move\nHere's a murder rap to keep yo dancin\nWith a crime record like Charles Manson\nAK-47 is the tool\nDon't make me act the motherf***in fool\nMe you can go toe to toe, no maybe\nI'm knockin n****z out tha box, daily\nYo weekly, monthly and yearly\nUntil them dumb motherf***ers see clearly\nThat I'm down with the capital C-P-T\nBoy you can't f*** with me\nSo when I'm in your neighborhood, you better duck\nCoz Ice Cube is crazy as f***\nAs I leave, believe I'm stompin\nBut when I come back, boy, I'm comin straight outta Compton\n\nChorus:\n[City of Compton, City of Compton]\n[Eazy E] Yo Ren\n[MC Ren] Whassup?\n[Eazy E] Tell em where you from!\n\nVerse Two: MC Ren\nStraight outta Compton, another crazy a** n****\nMore punks I smoke, yo, my rep gets bigger\nI'm a bad motherf***er and you know this\nBut the p**** a** n****z won't show this\nBut I don't give a f***, I'ma make my snaps\nIf not from the records, from jackin the crops\nJust like burglary, the definition is 'jackin'\nAnd when illegally armed it's called 'packin'\nShoot a motherf***er in a minute\nI find a good piece o' p****, And go up in it\nSo if you're at a show in the front row\nI'm a call you a b**** or dirty-ass ho\nYou'll probably get mad like a b**** is supposed to\nBut that shows me, slut, you're composed to\nA crazy muthaf***er from tha street\nAttitude legit cause I'm tearin up s***\nMC Ren controls the automatic\nFor any dumb muthaf***er that starts static\nNot the right hand cause I'm the hand itself\nEvery time I pull a AK off the shelf\nThe security is maximum and that's a law\nR-E-N spells Ren but I'm raw\nSee, coz I'm the motherf***in villain\nThe definition is clear, you're the witness of a killin\nThat's takin place without a clue\nAnd once you're on the scope, your a** is through\nLook, you might take it as a trip\nBut a n**** like Ren is on a gangsta tip\nStraight outta Compton...\n\nChorus:\n[City of Compton, City of Compton]\n[Dr. Dre] Eazy is his name and the boy is comin...\n\nVerse Three: Eazy-E\n...straight outta Compton\nIs a brotha that'll smother yo' mother\nAnd make ya sister think I love her\nDangerous motherf***er raises hell\nAnd if I ever get caught I make bail\nSee, I don't give a f***, that's the problem\nI see a motherf***in cop I don't dodge him\nBut I'm smart, lay low, creep a while\nAnd when I see a punk pass, I smile\nTo me it's kinda funny, the attitude showin a n**** drivin\nBut don't know where the f*** he's going, just rollin\nLookin for the one they call Eazy\nBut here's a flash, they never seize me\nRuthless! Never seen like a shadow in the dark\nExcept when I unload, see I'll get over the hesitation\nAnd hear the scream of the one who got the last penetration\nGive a little gust of wind and I'm jettin\nBut leave a memory no one'll be forgettin\nSo what about the b**** who got shot? f*** her!\nYou think I give a damn about a b****? I ain't a sucka!\nThis is the autobiography of the E, and if you ever f*** with me\nYou'll get taken by a stupid dope brotha who will smother\nWord to the motherf***er, straight outta Compton\n\nChorus:\n[City of Compton, City of Compton]\n[And that kind of s*** you can't sweep up under no rug you know]", "image": "https://images.genius.com/627acab300f5f3fd378a3b1adf4a69f8.630x630x1.jpg"}], "artist": "N.W.A"}