{"songs": [{"title": "8 Ball (Remix)", "album": "Straight Outta Compton", "year": "2008-07-25", "lyrics": "\"Kick that shit!\"\n{*scratched*} \"City of Compton!\"\n{*scratched*} \"City of Compton!\" {*echoes*}\n\n\"Cold kickin ass\" {*scratch*} \"cold kickin ass\" {*scratch*}\n\"Cold kickin ass\" {*scratch*} \"Kick that shit!\"\n\n\"Pull up a chair...\" {*echoes*}\n\n[Verse One: Eazy-E]\nI don't drink brass monkey, like the beat funky\nNickname Eazy-E, yo' 8 ball junkie\nBass drum kickin', to show my shit\nRappin' holdin' my dick, boy, I don't quit\nCrowd rockin' motherfucker from around the way\nI got a six-shooter, yo' mean hombre'\nRollin' through the hood, to find the boys\nTo kick dust and cuss, crank up some noise\nPolice on my drawers, I have to pause\n40 ounce in my lap and it's freezin' my balls\nI hook a right turn and let the boys go past\nThen I say to myself, \"They can kiss my ass!\"\nHip to get drunk, got the 8 in my lips\nPut in the old tape Marvin Gaye's greatest hits\nTurn the shit up, had the bass cold whompin'\nCruisin' through the Eastside, south of Compton\nSee a big ass, and I say word\nI took a look at the face, and the bitch was to the curb\nHoes on my tip for the title I'm holdin'\nEazy-E's fucked up and got the 8 ball rollin'\n\nI, was.. \"Cold kickin ass\"\nI, was.. \"Raised in L.A.\"\nI, was.. \"Cruisin' down the street in my six-fo'\"\n\"Too, much, posse!\"\n\n[Verse Two: Eazy-E]\nRidin' on Slauson lookin' for Crenshaw\nTurned down the sound, to ditch the law\nStopped at a light and had a fit\n'Cause a Mexican almost wrecked my shit\nFlipped his ass off, put it to the floor\nBottle was empty so I went to the store\nNigga on tilt 'cause I was drunk\nSee a sissy-ass punk, had to go in my trunk\nReached inside 'cause it's like that\nCame back out with a silver gat\nFired at the punk and it was all because\nI had to show the nigga what time it was\nPulled out the jammy and like a mirage\nA sissy like that got out of Dodge\nSucka on me 'cause the title I'm holdin'\nEazy-E's fucked up and got the 8 ball rollin'\n\n\"Fuck it up y'all! Fuck it up y'all! Fuck it up y'all!\"\n\"And we puttin' it on wax\"\n\"Fuck it up y'all! Fuck it up y'all! Fuck it up y'all!\"\n\"YEAH!!!\" *guitar riff*\n\n[Verse Three: Eazy-E]\nOlde English 800 'cause that's my brand\nTake it in a bottle, 40, quart, or can\nDrink it like a madman, yes I do\nFuck the police and a 5-O, too\nStepped in the party, I was drunk as hell\nThree bitches already said, \"Eric yo' breath smells!\"\n40 ounce in hand, that's what I got\n\"Yo man you see Eazy hurling in the parkin lot?\"\nStepped on your foot, cold dissed yo' ho\nAsked her to dance and she said (\"Hell no!\")\nCalled her a bitch 'cause that's the rule\n(\"Bitch, who you callin a bitch?!\")\nBoys in the hood tryin' to keep me cool\nYou tell my homeboy you wanna kick my butt\nI walked in your face and we get 'em up\nI start droppin' the dogs, and watch you fold\nJust dumb, full of cum, got knocked out cold\n\"Made you look sick you snotty-nosed prick!\nNow your fly bitch is all over his dick!\"\nPunk got dropped 'cause the title I'm holdin'\nEazy-E's fucked up and got the 8 ball rollin'\n\n\"Stomp a mudhole in your ass!\"\n\"Stomp a mudhole in your ass, BITCH!\"\n\n[Verse Four: Eazy-E]\nPass the brew motherfucker while I tear shit up\nAnd y'all listen up close to roll call\nEazy-E's in the place, I got money and juice\nRon-De-Vu with me and we make the deuce\nDre makes the beats so goddamn funky\nDo the Olde 8, fuck the brass monkey\nIce Cube writes the rhymes that I say\nHail to the niggas from C.I.A\nKrazy D is down and in effect\nWe make hardcore jams, so fuck respect\nMake a toast punky-punk to the title I'm holdin'\nEazy-E's fucked up and got the 8 ball rollin'\n\n{*scratched*} \"City of Compton!\"\n{*scratched*} \"City of Compton!\" {*echoes*}\n\n{*scratched*} \"City of Compton!\" {*scratched to end*}", "image": "https://images.genius.com/0ec6f769fde231f68fadfff699d2b94c.1000x1000x1.jpg"}], "artist": "N.W.A"}