{"songs": [{"title": "Tuffest Man Alive", "album": "N.W.A. And The Posse", "year": null, "lyrics": "[The D.O.C.]\nThis ain't no basic hip-hip you make up in your garage\nI'm down for showing all you hoes who the hell's in charge\nA cold lethal rap warrior, I'm on the attack\nCutting ducks no slack so keep your bitch ass back\nDeadly, yeah kicking it, the solo style\nOn top of the pile, the reigning chump worthwile\nHanging tough I'm the leader, ain't no need to pretend\nLike an elevator up, I mean I'm on the ascend\nI ain't no east coast rapper, this is a southerner's song\nBe warned, it's hard to try and hold a project born\nSaying shit that you like, never wearing no Nike\nFucking it up and all I need is my goddamn mic\nAnd a micstand, I don't need no band to play\nWith a DJ like Rock and a partner like K in effect y'all\nFucking suckers up like five\nIt's Fila Fresh and I'm the toughest man alive!\n\n[DJ Rock]\nNa-na-na-na-na-naaaaa-nah\n[Fresh K]\nYo, yo nigga you know you can't even fuck with this\nDo it, do it\n[DJ Rock]\nNa-na-na-na-na-naaaaa-nah\n[Fresh K]\nYo, fool, you know you need to jet the fuck off\nGet the fuck out my face\n\n[The D.O.C.]\nDown from the beginning, hitting hard I'll admit\nThey keep offering me money and I keep taking the shit\nAnd coolin' cool at the crib cause being cool's how I live\nBut bucking up will get you rocked if you're a bullshit kid\nI like it stylistic, c'mon let's get with it\nComing up with fresh new rhymes like I'm a mystic\nYou see the D.O.C. and all the Fila I be splurging\nYeah, I know it, you think that I'm encouraging\nYou to step wrong boy, so I can go off\nA quick run and when I'm done you bet not cough\nI'm an annihilator, standing a full 6'3\"\nAnd I really don't think you wanna fuck with me\nBut then there's always those, clocking all your shows\nGetting all out of line trying to impress they hoes\nI know some niggas like that round the way who won't quit\n\"It's the old top\" Man shoot that muthafucking shit\nI'm physically tough, physically able I qualify\nDon't try that gangster bullshit here, this ain't no I Spy\nYou better chill out, that's if you wanna survive\nIt's Fila Fresh and we're the toughest men alive\n\n[Fresh K]\nYeah, for all you suckers who thought I was down, that's right\nKicking that bullshit, yeah we in effect, that's right\nHolmes, we in effect so get your bitch ass back before you\nBe floating up a creek, know what I'm sayin?\n\n[DJ Rock]\nFloat, float on...\n\n[Fresh K]\nYeah, and if you want your beast to be deaf, call Dre before Monday!", "image": "https://images.genius.com/1c81d51b13dc4236b4af0e1838b85b8c.600x600x1.jpg"}], "artist": "N.W.A"}