{"songs": [{"title": "Break Out (Insert)", "album": null, "year": null, "lyrics": "Yo, What's happening, what's happening\nDiz iz Dr. Dre from the worlds most dangerous group\nHold up man let me talk to Yella\nYella come hear man\nYeah man eh eh Mark\nMan you should get out of thiz motherf**ker\nI'm gonna work on that right now!\nF**k that today motherf**ker\nBla bla\nAight I'm out of this G", "image": "https://images.genius.com/627acab300f5f3fd378a3b1adf4a69f8.630x630x1.jpg"}], "artist": "N.W.A"}