{"songs": [{"title": "Chin Check (Extended Version)", "album": null, "year": null, "lyrics": "[911 dispatch] 911, what are you reporting\n[Woman] hello 911, help me, help me\n[911 dispatch] what is your emergency\n[Woman] there's someone in my house, there's some men in my house\n[911 dispatch] can you please verify your address for me\n[Woman] 151 Shenedoah, Shenendoah\n[911 dispatch] ma'am where inside the house are you\n[Woman] (oh my god)\n[911 dispatch] ma'am where inside the house are you\n[Woman] in my room, they're in my room\n[911 dispatch] ma'am calm down, deputies are on the way\nIs the door locked\n[Woman] (shriek)\n(Shotgun shell chambered, followed by gunshot)\n[911 dispatch] ma'am?\n\n[2x] N N, dup dup, dup double u, a a, a a\n\n[Ice Cube]\n(N N, dup dup, dup double u, a a, a a) What the fuck's up Dre\n[Dr Dre]\nYou tell me, you talk to Ren\n[MC Ren]\nIm right here nigga\n(N N, dup dup, dup double u, a a, a a) Release the hound\n[Snoop Dogg]\nBow wow wow\nWha wha wha what what what, what\n\n[Ice Cube]\nI'm a Nigga Wit an Attitude thanks to y'all\nAnd I don't give a fuck I keep it gangsta y'all\nI'mma ride for my side in the C.P.T\nGod bless the memory of Eazy-E\nIf it wadn't for me where the fuck you'd be?\nRappin like the Treacherous Three, fuckin cowards\nI'd have seen Dre rockin parties for hours\nAnd I'd have seen Ren fuckin bitches from Howard\nAnd I'd have seen Snoop give away Eddie Bauer's\nSo fuck Jerry Heller and the white superpowers\n\n[MC Ren]\nThis the shit niggas kill for\nThey hear the Villain niggas spittin' with them nigga flows\nFuck you hoes, fuck you bitch ass niggas too\nGot something for your throat\nThese niggas wearin' skirts like the pope\nWho them niggas that you love to get (us)\nWho them niggas that you fuckin' wit' (us)\nThey be screaming we the shit (what)\nThe saga continues, with the worlds most dangerous group\nFour deep in the coup\u00e9\n(It's the Villain)\n\n[Hook]\nI'mma smoke where I wanna smoke (fuck that)\nI'mma choke who I wanna choke (fuck that)\nI'mma ride where I wanna ride (fuck that)\nCause I'mma nigga 4 life, so I'mma nigga til I diz-ie\n(N N, dup dup, dup double u, a a, a a)\nI'mma smoke where I wanna smoke (fuck that)\nI'mma choke who I wanna choke (fuck that)\n(N N, dup dup, dup double u, a a, a a)\nI'mma ride where I wanna ride (fuck that)\nCause I'mma nigga 4 life, so I'mma motherfuckin nigga til I diz-ie\n\n[Dr Dre]\nA pencil, a pen, or a Glock\nIm the original, subliminal, subterranium\nTitianium, criminal minded, swift\nD-R-E with that fuck a bitch shit (fuck a biatch)\nA couple o' notes and get you hog-tied in rope\nDope like tons of coke, cutthroat\nYou don't want the pistols to whistle\nCandy paint Impala\nI make hoes pop collars\n\n[Snoop Dogg]\nGod damn hoes, here we go again\nFuckin with Ren, playin' to win\n(he got the) coke in hand, (I got the) juice and gin\nSame shit you was fuckin wit way back then\nWe keep it crackin' from the actin to the jackin\nG'ed up C'ed up motherfucker blaze the weed up\nWe all on deck fool so put your heat up\nI stay on deck so me don't get wet\n\n[Ice Cube]\nLook my nigga, we can scatter like buckshots\nLet's get together, make a record, why the fuck not?\n[MC Ren] Why the fuck not?\n[Dr Dre] Why the fuck not?\n[Snoop Dogg] Why the fuck not?\n[Ice Cube] Cause I'm tight as the night\nI had to wipe activator off the mic, in 1985\n\n[Snoop Dogg]\n(N N, dup dup, dup double u, a a, a a)\nReal niggas, biatch, you know, ha hah\n\n[Ice Cube]\nWe cause tragedy, erratically\nSystematically, in your house without a key\nHow fucked up that'd be\nGat'll be near your anatomy, my form of flattery\n\n[Dr Dre]\nAssault and battery, cus we coming with that street mentality\nStraight west coast rider academy\nConcrete nigga, that's my reality\n[Snoop Dogg] We tend to bus' on niggas that get mad at me\n[Dr Dre] Was it a bitch in the mix\n[Snoop Dogg] Well it had to be\n\n[Dr Dre]\nLying tricks told them dicks I had a key\nHoes make the world harder than it have to be\n(Yea thats right)\n\n[Hook]", "image": "https://images.genius.com/627acab300f5f3fd378a3b1adf4a69f8.630x630x1.jpg"}], "artist": "N.W.A"}