{"songs": [{"title": "Express Yourself [Extended Mix]", "album": "Straight Outta Compton", "year": "1988-03-27", "lyrics": "[Intro]\nDr. Dre: Yo man there's alot of brothers out there flakin and perpatratin who scared to kick reality\nIce Cube: Yo Dre you've been doin all this dope producin', you ain't had a chance to show 'em what time it is\nDr. Dre: So watch do you want me to do\n\n[Entrence]\nAll you got to do now, express yourself\n\n[Verse 1: Dr. Dre]\nI'm expressin' with my full capabilities\nNow I'm livin' in correctional facilities\n'Cause some don't agree with how I do this\nI get straight, meditate, like a Buddhist\nI'm droppin' flavor, my behavior is hereditary\nBut my technique is very necessary\nBlame it on Ice Cube, because he said it gets funky\nWhen you got a subject and a predicate\nAdd it on a dope beat, and it'll make ya think\nSome suckers just tickle me pink, to my stomach\n'Cause they don't flow like this one\nYou know what, I won't hesitate to dis one or two before I'm through\nSo don't try to sing this\nSome drop science, well I'm droppin' English\nEven if Yella, makes it a-capella\nI still express, yo I don't smoke weed or sess\n'Cause it's known to give a brother brain damage\nAnd brain damage on the mic don't manage nothin'\nBut makin' a sucker and you equal\nDon't be another sequel\n\n[Hook]\nExpress yourself\nDo it good\nExpress yourself\nOh do it\n\n[Verse 2: Dr. Dre + Ice Cube]\nIce Cube, is not for the pop charts\nSo where should a brother like you start expressin' yourself\nMy boy'll show you how\nYo Dre  - What up? - Drop English right about...\n....Now, gettin' back to the PG\nThat's program, and it's easy\nDre is back - New jacks are made hollow\nExpressin' ain't their subject because they like to follow the words\nThe style, the trend, the records I spin\nAgain and again and again\nYo ya on the other end\nWatch a brother playin' dope rhymes, with no help\nThere's no fessin' and guessin' while I'm expressin myself\nIt's crazy to see people be what society wants 'em to be\nBut not me\nRuthless, is the way to go, they know\nOthers say rhymes that fail to be original\nOr they kill where the hip-hop starts\nForget about the ghetto, and rap for the pop charts\nAnd those musicians, curse at home\nBut scared to use profanity, when up on the microphone\nYeah they want reality, but you won't hear none\nThey rather exaggerate a little fiction\nSome say no to drugs, and take a stand\nBut after the show they go lookin for the dope man\nOh they ban my group from the radio\nHear N.W.A. and say ''Hell no!''\nBut you know it ain't all about wealth\nAs long as you make a note to\n(express yourself)\n\n[Hook]\nExpress yourself\nDo it do...\nExpress yourself\nOh do it!\n\n[Verse 3: Dr. Dre + MC Ren]\nA lyricist, yo Dre is the name for it\nTo make somethin' dope on a record that's what he came for\nKickin' reality yo but staying hisself\nBut it's important to keep it in mind to (Express yourself)\nFrom the heart if you wanna start to move up the chart then\nExpression is big part of it\nYou ain't efficient when you flow, you ain't swift\nMovin' like a tortoise, full of rigor mortis\nThere's a little bit more to show\nI got rhymes in my mind, embedded like an embryo\nOr a lesson, all of them expression\nAnd if you start fessin', I got a Smith&Wesson for ya\nI might ignore your record, because it has no bottom\nI get loose in the Summer, Winter, Spring and Autumn\nIt's Dre on the mic gettin physical\nDoin' the job, NWA is the lynch mob\nYes I'm macabre, but you know you need this\nAnd the knowledge is growin' just like a fetus\nOr a tumor, but here's the rumour, Dre's in the neighborhood and he's up to no good\nWhen I start expressin myself, Yella slam it\n'Cause if I stay funky like this, I'm doin' damage\nOr I'mma be too hyped, I need a straight jacket\nI got knowledge, and other suckers lack it\nSo when you see Dre, a DJ on the mic\nAsk what it's like, it's like we gettin' hype tonight\n'Cause if I strike, It ain't for your good health\nBut I won't strike if you just\n(express yourself)\n\n[Hook]\nExpress Yourself\nDo it good...\nExpress Yourself\nOh do it", "image": "https://images.genius.com/1eeb76b08dcbc4e778777a3be33bdff4.600x600x1.jpg"}], "artist": "N.W.A"}