{"songs": [{"title": "Straight Outta Compton (Clean)", "album": "Straight Outta Compton (Clean)", "year": "1988-08-08", "lyrics": "[Intro: Dr. Dre]\nYou are now about to witness the strength of street knowledge\n\n[Verse 1: Ice Cube]\nStraight outta Compton, it's a crazy brotha named Ice Cube\nFrom the stupid-dope gang wit a attitude\nWhen I'm called off, I gotta sawed-off\nKick knowledge and bodies are hauled off\nYou too boy if you get with me\nThe police are gonna have to come and get me\nOff yo back, that's how I'm going out\nFor the sucka dumb brothas that's showing out\nSome start to mumble, they wanna rumble\nMix em and cook em in a pot like gumbo\nGoing off on everybody like that\nWith bass that's droppin' in your face\nSo give it up smooth\nAin't no telling when I'm down for a jack move\nHere's a murder rap to keep you dancing\nWith a crime record like Charles Manson\nYo Dre, what's the sound of my tool?\nNow you know that I'm about to act a fool\nMe you can go toe to toe, no maybe\nI'm knocking suckas out the box, daily\nYo weekly, monthly and yearly\nUntil the whole damn world see clearly\nThat I'm down with the capital C-P-T\nBoy, you can't step to me\nSo when I'm in your neighborhood, you better duck down\nCause Ice Cube will damn sure buck 'em down\nAs I leave, believe I'm stomping\nBut when I come back boy, I'm coming straight outta Compton\n\n[Eazy E]\nYo Ren\n\n[MC Ren]\nWhassup\n\n[Eazy E]\nTell em where you from\n\n[Verse 2: MC Ren]\nStraight outta Compton, a brotha with his finger on the trigger\nMore punks I take out, my rep gets bigger\nI'm a ruthless villain and you know this\nBut the suckas in the public won't show this\nBut I don't really care, I'mma make my snaps\nIf not from the records, from jacking the craps\nIt's like burglary, the definition is jacking\nAnd when illegally armed it's called packing\nKnock a fool out in a sec\nI find somebody talkin' trash and put em in check\nSo if you're at a show in the front row\nI'mma call you a sucka if you don't go with the flow\nYou'll probably get mad like a punk is supposed to\nBut that shows me, yo, you're composed to\nA crazy young brotha from the street\nAttitude legit cause I'm ready to hit\nMC Ren controls the automatic\nFor any fool in my way that starts static\nNot the right hand cause I'm the hand itself\nEvery time I pull a AK off the shelf\nThe security is maximum and that's a law\nR-E-N spells Ren but I'm raw\nSee, cause people know me as a villain\nThe definition is clear, you're the witness of a killing\nThat's taking place without a clue\nAnd once you're on the scope, you know you're through\nLook, you might take it as a trip\nBut a brotha like Ren is on a gangsta tip\nStraight outta Compton\n\n[Dr. Dre]\nEazy is his name and the boy is coming\n\n[Verse 3: Eazy E]\nStraight outta Compton\nIs a brother that'll smother your mother\nAnd make your sister think I love her\nDangerous young brotha raising hell\nAnd if I ever get caught, I make bail\nSee I don't really care, that's the problem\nWhen I see a police, I don't dodge him\nBut I'm smart, lay low, creep a while\nAnd when I see the punk pass, I smile\nTo me it's kinda funny, the attitude showing suckas driving\nBut don't know where the hell they going, just rolling\nLooking for the one they call Eazy\nBut here's a flash, they never seize me\nRuthless\nNever seen like a shadow in the dark\nExcept when I unload\nYou see I'll get over the hesitation\nAnd hear the scream of the one who got the lead penetration\nFeel a little gust of wind and now I'm jetting\nAnd leave a memory no one'll be forgetting\nSo what about the girl who got shot [garbled]\nYou think I give a damn about a girl, I ain't a sucker\nThis is the autobiography of the E\nAnd if you ever mess with me\nYou'll get taken by a stupid dope brother who will smother\nWord to the mother, yeah!\nStraight outta Compton\n\n[Dre]\nThat's the way it goes in the city of Compton, boy", "image": "https://images.genius.com/cf6cbda0b09812dba8e939e35431c042.1000x1000x1.jpg"}], "artist": "N.W.A"}