{"songs": [{"title": "Protest", "album": "Efil4zaggin", "year": "1991-05-28", "lyrics": "[Interlude]\n[Female]\nHi!\n[ovation] [static]\n[Female]\n... and it gets excited!\n[static]\n[Female]\n... balance and illustration\n\n[Male New Archor 1]\nAnd that's tomorrow's forecast. Back to you Jim\n\n[Male New Archor 2]\nThanks, Dick! Now have a man, Hale Anderson LIVE at the arena for tonight's N.W.A\nConcert. What's goin' on down there, Hale?\n\n[Crowd]\nNo more NWA!\n\n[Reporter]\nWell, Jim the riders has getting pretty round a here\nI think we will has some fights here, and here the authorities coming on their way because they appears to me...\nSome people in black has standin' on the roof...\n[automatic gunshots]\nI hear gunshots!!\n\n[girl shouting]\n(oh my god oh my god oh my god)\nThere Please, stop! Stop!\nThere they go! Oh, wait, wait! (oh police get the police)\nTake the fuckin' camera on! 'Ey, Hart, stop!\nSTOP THE FUCKIN' CAMERA!\nI MEAN, HELP!\nSHUT THAT, SHUT THAT SHIT OFF!\nFUCK! CHARLES, TURN THE FUCKIN' CAMERA OFF, YOU MOTHAFUCKA... [beep]\n\n[Outro: Dr. Dre]\nHahahahahahaha!", "image": "https://images.genius.com/378262f83025b434fc5375a332bd1a1f.800x800x1.png"}], "artist": "N.W.A"}