{"songs": [{"title": "Kamurshol", "album": "100 Miles and Runnin'", "year": "1990-08-14", "lyrics": "[The D.O.C.]\nTake me to commercial\n\n[Dr. Dre]\nThe World's most dangerous group..\n\n[MC Ren]\nOnce again; beating on your motherfucking eardrums\nIt's the niggas in black; ready to attack\nSee, y'all know what time it is\n\n[Dr. Dre]\nWhat mothafuckin time it is!\n\n[MC Ren]\nYou have witnessed, you have heard\nSo we're gonna take time out for commercial break\n\n[Dr. Dre]\nBe on a look out for the new N.W.A. album\n\n[MC Ren]\nLadies and gentlemen\nThe name of the new album is.. efiL4zaggiN\nThe name of the new album is.. efiL4zaggiN\nThe name of the new album is.. efiL4zaggiN\n\n[Eazy-E]\nYEEEEEEEEEAAAAAAAAAAHHHHHHHHHHHH MOTHERFUCKERS!!\nTHAT'S WHAT THE FUCK WE'RE TALKING ABOUT!!\nSO GO ON OUT AND BUY THAT GODDAMN ALBUM\nSTUPID MOTHERFUCKERRRRRRRRRRRRRRRS!!\n\n[DJ Yella impersonating The Boogie Man]\nHAHAHA HAHAHA HAHHA\nBUY THE FUCKIN ALBUM BITCH!!\nEfil4zaggin!!\n\n[MC Ren]\nFour bad motherfuckers\nGet off the dick motherfucker\nYo, yeah, we're back in this motherfucker\nControlling the 1990s\nSo you better step the fuck back\nIf you know; it's good for your motherfucking ass\nYo, you know what? - we're outta here..", "image": "https://images.genius.com/249f6f6d9e71395994b4a7b15ce27810.600x600x1.jpg"}], "artist": "N.W.A"}