{"songs": [{"title": "I'd Rather Fuck You", "album": "Efil4zaggin", "year": "1991-05-28", "lyrics": "Aaaah, this is one of them songs\nYou can kick back and smoke a joint to\nAnd get real fucked up\nI like to dedicate this one to all the lovely young ladies out there\nOh me? I'm Eazy E, alias A Hoe Taming Motherfucker\nAnd I want all you ladies to know something...\n\nI'd rather fuck with you all goddamn night\nCause your pussy's good\nNow I'm fucking all your friends\nCause you ran your mouth like I knew you would\nYou were bragging to your friends\nSaying \"Eazy E knows how to fuck\"\nSo bring your ass in here and give me some\nSo I can bust a nut (go on and sing that shit)\n\n[Hook:Jewell]\nI'd rather fuck you, yeah (said I'd rather fuck with you)\nI'd rather fuck you, yeah (said I'd rather fuck with you)\n\nI'd rather fuck with you\nCause I like the way you scream my name\nI know you like this dick\nCause you enjoy the pleasure and pain\nNow I'm riding on this pussy here\nAnd I'm not gonna stop (I'm not gonna stop bitch)\nWe can do it doggy style\nAnd you can get on top (sing this motherfucker)\n\nHook/Jewell\n\nWhoo boy, I'd rather fuck with you, yeah (sing that song bitch)\nI need you baby, whoo, I'd rather fuck you, I'd rather fuck with you\n\nI'd rather fuck with you\nCause the other bitches wanna wine and dine (fuck all that)\nI better hurry up and get this nut\nCause it's check-out time\nShe said she wanted me to eat the pussy\nWell I think I'll pass (I don't think so)\nSo get your ass up you funky bitch\nAnd wash your ass (sing this motherfucking shit)\n\n\n[Hook along with Jewell harmonizing until songs ends]", "image": "https://images.genius.com/3ca4da71fc3013722afaf26fcb385c8f.1000x1000x1.jpg"}], "artist": "N.W.A"}