{"songs": [{"title": "Arrested (Insert)", "album": "N.W.A. Greatest Hits", "year": "1996-07-02", "lyrics": "(*Cell Block Opened*)\n\n[Intro: DJ Yella as a Security Guard]\nOKEY NIGGAZ, YOU GOT ONE CALL!!\n\n[Eazy-E]\nAin't that a bitch? - you fat motherfucker\nLet me call my home boy to get us out\n7-3-2-9-6-3 Goddamn, nigga at home\n(*Landline phone beep*) (*Phone picked up*)\n\n[Laylaw] Hello!\n[Eazy-E] Aiy, what's up, man?\n[Laylaw] What's up, homie?\n[Eazy-E] Aww man, these motherfuckers got us down in this goddman jail, man\n[Laylaw] NO SHIT!!\n\n[Eazy-E]\nHell yeah, we were like, rolling and shit, man\nWe was looking for some bitches\nSo they pulled up on like four fine whores, man\nAnd you know, I didn't know the motherfucking bitches were prostitutes, man\nAnd they just caught me, ain't that a bitch?\n\n[Laylaw] Nigga, where was y'all at?\n\n[Eazy-E]\nWe was in Hollywood, we're in Hollywood, man\nLooking out for some bitches, bitches was bad than a motherfucker\nMan, don't tell my woman that, man\nCause I wanna know what the fuck is going on, you know, I'm fucked up, man\nFor me, I ain't supposed to be riding with my bitches\nYou know, pussies that I had..\n\n[Laylaw] Yeah word, whose you with, man?\n[Eazy-E] I'm here with Yella, Ren, Dre, you know, man..\n[Laylaw] Aww man, all them niggas with you?\n[Eazy-E] Yeah.. nig..\n[Laylaw] Aww man, no thing?\n[Eazy-E] Niggas are trying to get that thing, man, you know what I'm saying?\n[Laylaw] Yeah\n\n[Eazy-E]\nAnd fuck it, I'ma just let you talk to Ren, man\nHe can tell you a little better than I can and shit\n\n[Laylaw] Alright\n[Eazy-E] Hold on!!", "image": "https://images.genius.com/9d0ba3a690d9816750a7d66f86166147.500x500x1.jpg"}], "artist": "N.W.A"}