{"songs": [{"title": "Automobile", "album": "Efil4zaggin", "year": "1991-05-28", "lyrics": "[Intro: Eazy-E]\nYo Dre man, I take this bitch out to the movies and shit\nMan we're kissin' and grindin' and shit\nSo we hop in the back seat\nYou know man, this bitch rubbin' all over my dick\nAnd frontin' like she's gonna give me the pussy, man\nAnd the bitch said 3 words, man: \"Stop\", \"No\", and \"Don't\"\nI said biiiiiitch\n\n[Verse 1: Eazy-E]\nYou don't have to front on me dear\nSo why don't you just give that pussy here?\nIf you'd be good to me\nOhh I'll be good to you\nAnd we'll both ride home in my automobile\n\n[Verse 2: Dr. Dre]\nAll that I want is a little puss'\nAll that I want is just a little head\nIf you'd be good to me\nOhh I'll be good to you\nAnd we'll both ride home in my automobile\n\n[Verse 3: Eazy-E]\nYou don't have to front on me bitch\nDon't be afraid - it's only a dick\nGive up the pussy soon\nAll I want is a little womb\nOr get your groupie ass out my hotel room\nOr get your groupie ass out my hotel room\n\n[Verse 4: Dr. Dre]\nAll I want is the pussy\nAll I want is the pussy\nAll I want is the pussy\nAll I want is the pussy\nIf you'd be good to me\nOhh I'll be good to you\nAnd we'll both ride home in my automobile\nWe'll both ride home in my automobile", "image": "https://images.genius.com/378262f83025b434fc5375a332bd1a1f.800x800x1.png"}], "artist": "N.W.A"}