{"songs": [{"title": "Approach to Danger [Edited]", "album": null, "year": null, "lyrics": "What you want is an unexpected approach\nThat may delay a suspect's awareness of your presence\nUntil you have a chance to assess\nThe situation you are confronted\nApproach to danger, don't move\nIt's hard to predict what would happen next\nOh s***, he has a gun, drop the gun\nYou could've prevented a tragedy\nYou can approach but the danger light is blinkin'\nA self-destruct button is activated when I'm thinkin'\nThis is a tribulation, the weak is judged\nThe prophecy was fulfilled 'cause I never budge\nI took up the tools, crucifixion was the extreme\nThey're seein' doubles of me, but it wasn't a dream\nOne vision was of life, the other was death\nAnd life didn't give a *** if death took your last breath\nSo you burn in my pit that I call 'Hell'\nWhere you got sent because your *** don't sell\nMy 20/20 was blurry from the smoke\nOf the *** that I burned and tormented but I didn't choke\nI started doin' 'em, I kept on doin' 'em\nTwo of 'em, shoot 'em up 'til that *** Ren was through with 'em\nAnd my presence to the suckers was of a stranger\nBut *** it, they can approach to the danger\nIf you can be seen, you can be hit\nIf you can be hit, you can be killed\nHe's on the line, shoot him\nFatal approach to danger, just to remain a strangler\nOut run the shot of a gun when the game's up\nMurder in the first degree but it's worse to be\nA dead motherf*** or a *** in custody\nWith everybody thinkin' of death\nI kept workin' to be one of the last n*** left\nSo many people lookin' for hope, they broke\nWithout checkin' the fingerprints on a motherf*** throat\nA heart of steel can reveal the real *** in me\nSo figure to see the D E A D\nBodies like a *** straight walkin' in a cemetery\nSo it's very necessary to carry\nAmmunition for *** wishin' but they better take caution\nBefore Dre goes off\nAnd starts killin' motherf*** just in order to change the\nAnger for the real *** when I approach to danger\nApproach the motherf*** danger\nCome back to hell and see me some time\nThis is it, y'all\nFinal approach to danger, death, destruction around every corner\nAnother dead body and you wanna keep runnin'\nBut even the day turns black\nAll you can do is stay alert and try to stay out of the searchlight\nNo prison, nobody makes bail\nEverybody gotta go but see it ain't no jail\nThink about death, takin' your last breath\nHeart beatin' like a motherf***, like it ain't no time left\nWith so many ways to stay up, I gotta get mine\nEven though they wanna make a crime, yo\nOf bein' real, a federal letter in the beginnin'\nBecause of the release of 'F*** Tha Police'\n*** it I approach the danger\n'Cause I don't give a *** if somebody gotta get *** up\nSo you might as well kiss your ass goodbye\n'Cause in the long run, we all die", "image": "https://images.genius.com/627acab300f5f3fd378a3b1adf4a69f8.630x630x1.jpg"}], "artist": "N.W.A"}