{"songs": [{"title": "To Kill a Hooker (Interlude)", "album": "Efil4zaggin", "year": "1991-05-28", "lyrics": "Dr. Dre: Yo man I need some muthafucking pussy\nMC Ren: Hell yeah, bitches around this muthafucka\nEazy-E: I don't need shit\nDr. Dre: Bust a left up here on Sunset, aight\nMC Ren: Yo check it out, there go some bitches right there, you want me to pull over?\nDr. Dre: Yeah pull over, pull over\nDr. Dre: Ay ayo bitch come here, let me talk to you for a minute\nHooker: Wha what? You talkin' to me?\nEazy-E: Nah ya mama bitch, you know who the fuck we talking 'bout\nDr. Dre: Get yo muthafuckin' ass over here\nHooker: Well what you want big boy?\nMC Ren: ayy wassup, wassup\nHooker: What you mean \"wassup\", what kinda money you talking 'bout?\nMC Ren: Money? Bitch you better open up yo mouth and suck my dick\nHooker: What kinda money you talkin' about black ass or keep on walking now wassup baby?\nMC Ren: Suck my dick bitch\nMC Ren: Grab dat bitch, grab dat bitch\nDr. Dre: Get yo muthafuckin' ass in the car\nMC Ren: Grab dat grab dat bitch (wha wha) fuck that motherfucker in the a fuck that motherfucker in the a\nHooker: Let me go, let me go, come on let me go\nEazy-E: I ain't fuckin' this bitch (3x gunshots) fuck this bitch man\nMC Ren: Fuck wrong wit' you man shootin' this bitch in my shit\nEazy-E: Why ya should put the bitch in the goddamn car anyway\nMC Ren: Shit all over the seats man\nDr. Dre: Ayy man fuck that, fuck that bitch man, throw ya mothafucking hands out\nYo, there go sum mo bitches over there blow the muthafuckin' horn", "image": "https://images.genius.com/378262f83025b434fc5375a332bd1a1f.800x800x1.png"}], "artist": "N.W.A"}