{"songs": [{"title": "Fuck Tha Police (Insert)", "album": "N.W.A. Greatest Hits", "year": "1996-07-02", "lyrics": "[Eazy-E]\nBut anyway, fuck all the shit you know\nYou know cause huh, most people in Compton don't give a fuck. Young niggas gangbangers, same fucking thing with the police. All we do is rap about it. You know, you know, you know, you know cause police is like fucking with people, you know. Niggas stop you, throw you on the ground and shit. You know, put a gun to your head and shit. You know what I'm saying?\nYou know just fuck with you for no reason. Anyway, huh fuck the police", "image": "https://images.genius.com/e3f332fbb4539ca21ee8952860a1a9bf.500x499x1.jpg"}], "artist": "N.W.A"}