{"songs": [{"title": "8 Ball", "album": "N.W.A. And The Posse", "year": "1987-08-13", "lyrics": "[Intro - samples]\n(Kick that shit)\n(Cold kicking ass)\nCold kicking ass\nCold kicking ass\n(Funky fresh Eazy-E)\n(Pull up a chair and I'mma tear shit up)\n\n[Verse 1]\nI don't drink brass monkey, like the beat funky\nNickname Eazy-E, yo' 8 ball junkie\nBass drum kicking to show my shit\nRapper holdin' my dick, boy, I don't quit\nAnd if ain't rap, then you know it's crap\nCrowd rocking sucka stomper from around the way\nI got a six-shooter, yo, mean I'm brave\nE rolling out, to find the Boyz\nTo kick dust and cuss, crank up some noise\nPolice on my tail, I d'ont like jail\n40 ounce in my lap and and it's cold as hell\nHook a right turn and let the boys go past\nThen I say to myself, they can kiss my ass\nHip to get drunk got the eight in my lips\nPut in the old tape Marvin Gaye's greatest hits\nTurn the shit up had the bass cold whomping\nCruising through the Eastside, South of Compton\nSee a big ass, and I say word\nI took a look at her face, and the bitch was to the curb\nBut she was on my tip for the title I'm holding\nEazy-E's getting busy got the 8-ball rolling\n\n[Hook]\nI, was...cold kicking ass\nI, was...raised in L.A\nI, was...cruising down the street in my six-four\nToo much posse\n\n[Verse 2]\nRiding on Slausson, looking for Crenshaw\nTurned down the sound, to ditch the law\nStopped at a light and  had a fit\nCause a Mexican almost wrecked my shit\nFlipped his ass off put it to the floor\nBottle was empty so I went to the store\nNigga on tip cause I was drunk\nSee a sissy ass punk, had to go in my trunk\nReached inside cause it's like that\nCame back out with a silver gat\nFired at the punk and it was all because\nI had to show the nigga what time it was\nPulled out the jammy and like a mirage\nA sissy like that got out of Dodge\nSucka on me cause the title I'm holding\nEazy-E's fucked up and got the 8 Ball rolling\nFuck it up, y'all\nFuck it up, y'all\nFuck it up, y'all\nFuck it up, y'all\nFuck it up, y'all\nFuck it up, y'all\nYeah\n\n[Verse 3]\nOlde English 800, because that's my brand\nTake it in a bottle, forty, quart or can\nDrink it like a madman, yes I do\nFuck the police and a 502\nStepped in the party, I was drunk as hell\nThree bitches already said, \" Eric yo' breath smells! \"\n40 ounce in hand that's what I got\nYo man you see Eazy hurlin in the parkin lot\nStepped on your foot cold dissed your hoe\nAsked her to dance and she said, hell no\nCalled her a bitch because that's the rule\nBoyz-n-the hood trying to keep me cool\nTell my homeboy you wanna kick my butt\nI walked in your face and we get em up\nI started dropping the dogs, and watch you fold\nJust dumb full of cum got knocked out cold\n\"Make you look sick you snotty nosed prick!\nNow your fly bitches all over his dick!\"\nPunk got dropped cause the title I'm holding\nEazy-E's fucked up and got the 8 ball rolling\n\n[Verse 4]\nPass the brew Ren while I tear shit up\nAnd y'all listen up close to roll call\nEazy-E's in the place I got money and juice\nRendezvous with me and we make the deuce\nDre makes the beats so funk funk funky\nDo the Olde 8, forget the brass monkey\nIce Cube writes the rhymes, that I say\nHail to the niggas from C.I.A\nKrazy D is down and in effect\nWe make hardcore jams, so fuck respect\nMake a toast all you punk to the title I'm holding\nEazy-E's breaking out and got the 8-ball rolling\nMan I'm outta here\nYo Eazy, you forgot to tell em what city you chill in\nIn the city (city of Compton)\nIn the city (city of Compton)\nCity City City of Compton\nCity City City of Compton\nCity City City of Compton\nCity City City of Compton\nCity City City of Compton", "image": "https://images.genius.com/868621a09c4d2991279484eeace68ad6.200x200x1.jpg"}], "artist": "N.W.A"}