{"songs": [{"title": "Something 2 Dance 2", "album": "Straight Outta Compton", "year": "1988-08-08", "lyrics": "Yo give me somethin' to dance to\n\nCalling the police, Calling the g-men\nCalling all americans to war on the underworld\n\n[Verse 1: Arabian Prince, Dr. Dre and Eazy-E]\nArabian Prince, back wit' a style that's hype\nNot slow and low, it's the fast type\nGetting dumb, can you hear the drums?\nYo Dre why don't you pump it up some\nI pumped it up so now what's up\nYo Yella boy, add a little cut\nWhat the hell, you think we need some bells\nYeah, homeboy, might as well\nThere it is, so now what's next\nA little ssssssssss - So find me a --\nHo-ld it, wait a minute\nYou need somethin' else in it\nThis is what I want you to do\nFeel the groove, bust a move\nYo, yo, I'm tired, what about you?\nMan this is somethin' to dance to\n\nMan that's wack, everybody used that\nYo, why dont you bring back the other track\nYeah there you go that's what I'm sayin\nI like it when that dope stuffs playin\nReal loud, in ya ear hole\nMan let's go, I think my feet are swoll' from dancin' so damn much\nMaaaaaan, I don't give a what\nYou wanna leave? With all these females pullin on my sleeve\nI bet, you can jet, homeboy, no sweat\nThis is what I want you to do\nFeel the groove, bust a move\n(here I come to save the day)\nThis is somethin' to dance to\n\nLet the bass kick\nTh-th-this is somethin ta dance to\nTh-th-this is somethin ta dance to\nTh-th-this is somethin ta dance to\nTh-th-this is somethin ta dance to\nTh-th-this is somethin ta dance to\nTh-th-this is somethin ta dance to\nTh-th-this is somethin ta dance to", "image": "https://images.genius.com/0ec6f769fde231f68fadfff699d2b94c.1000x1000x1.jpg"}], "artist": "N.W.A"}