{"songs": [{"title": "Open Letter Part II (Remix)", "album": null, "year": null, "lyrics": "[Intro]\nLadies and gentlemen\nGoddamnit\nLet this shit knock\n\n[Verse 1: Jay-Z]\nI done turned Havana to Atlanta\nGuayabera shirts and bandanas\nEvery time you think they got me I switch the plan up\nBulletproof this, radio scanners\nBallin' 'til they ban us\nYou gettin' too much bread, they try to jam you\nBoy from the hood but got White House clearance\nSorry y'all, I don't agree with y'all parents\nPoliticians never did shit for me\nExcept lie to me, distort history\nWanna give me jail time and a fine\nFine, let me commit a real crime\nI might buy a kilo for Chief Keef\nOut of spite, I just might flood these streets\nHear the freedom in my speech\nGot an onion from Universal, read it and weep\nWould've brought the Nets to Brooklyn for free\nExcept I made millions off it, you fuckin' dweeb\nI still own the building, I'm still keeping my seat\nY'all buy that bullshit, you'd better keep y'all receipt\nObama said \"chill, you gonna get me impeached\"\nBut you don't need this shit anyway\nChill with me on the beach\n\n[Hook: Swizz Beatz]\nY'all gon' learn today\n\n[Verse 2: Common]\nCommon Sense\nMy man went to Cuba\nCaught in a political triangle, Bermuda\nThe same way they said she was the shooter\nAssata Shakur, they tried to execute her\nI went to Cuba to see her\nWe should free her, like we should Mumia\nCan\u2019t a nigga rap and make movies\nY\u2019all see that Fox News tried to do me\nThey say I\u2019m too black like it\u2019s lights out\nMight not get invited back to the White House\nStill with the Obamas, I ride\nI meet the president on the Southside\nMarch the streets, parade for peace\nShorties keep shooting, they need a release\nTrying to eat in the belly of the beast\nI call her LeBron, they carrying the heat\nY\u2019all gon\u2019 learn today\nLike you\u2019re listening to Malcolm and MLK\nMedia saying shit that ain\u2019t there\nBut we fall down and get back up, Kevin Ware\nIt\u2019s so political, I don\u2019t trust figures\nWhen it comes to revolution, this is us nigga\n\n[Hook: Swizz Beatz]\nY'all gon' learn today\n\n[Verse 3: Jay-Z]\nYa'll almost want to start a revolution\nYou know whenever I'm threatened, I start shooting (BANG!)\nCatch a body, head to Houston\nI'm in Cuba, I love Cubans\nThis communist talk is so confusing\nWhen it's from China, the very mic that I'm using\nIdiot wind, the Bob Dylan of rap music\nYou're an idiot, baby, you should become a student\nOh, you gonna learn today\nWhere the fuck have you been\nThe world's under new management\nThe new role model, fuck this Zoolander shit\n\n[Hook]", "image": "https://images.genius.com/bf0f68ee56f29c8542ad805c6419682b.676x676x1.jpg"}], "artist": "JAY-Z"}