{"songs": [{"title": "No Hook", "album": "American Gangster", "year": "2007-11-06", "lyrics": "[Produced by Sean C, LV, Diddy]\n\n[Intro: Denzel Washington from American Gangster]\nMost important thing in business is honesty, integrity\nHard work, family\nNever forgetting where we came from\n\n[Verse 1]\nPoor me, dad was gone, finally got my dad back\nLiver bad, he wouldn't live long, that snatched my dad back\nGuidance? I never had that, streets was my second home\nWelcomed me with open arms provided a place to crash at\nA place to study math at, matter of fact, I learned it all\nBurned it all, this music is where I bury the ashes at\nFlash back, not having much, not having that\nHad to get some challah bread so you can holla back and\nHolla at my Jewish lawyer to enjoy the fruit of letting my cash stack\nAnd just in case a nigga gotta use his rat-tat-tat-tat-tat\nOwn boss, own your masters, slaves\nThe mentality I carry with me to this very day\nFuck rich, let's get wealthy, who else gon' feed we?\nIf I need it, I'ma get it however, God help me\n....And I don't need no hook for this shiiiit\n\n[Verse 2]\nI'm so fa sho', it's no facade\n\"Stay outta trouble\", momma said as momma sighed\nHer fear: her youngest son be a victim of homicide\nBut I gotta get you outta here momma, or I'ma, die ...inside\nAnd either way, you lose me momma so let loose of me\nI got the rein our direction will soon change\nTo live and die in N.Y. in the hustle game\nHustle 'caine, hustle clothes, I hustle music\nBut hustle hard in any hustle that you pick\nSkinny nigga, toothpick, but, but I do lift\nWeight like I'm using 'roids\nRolls-Royce keep my movements, smooth while maneuvering\nThrough all the manure in the sewer that I grew up in\nChoices, we make trying to escape\nAnd I don't need no hook for this shiiiit\n\n[Verse 3]\nThis is not for commercial usage\nPlease don't categorize this as music\nPlease don't compare me to other rappers\nCompare me to trappers, I'm more Frank Lucas than Ludacris\nAnd Luda's my dude, I ain't trying to diss\nLike Frank Lucas is cool, but I ain't trying to snitch\nI'ma follow the rules no matter how much time I'ma get\nI'ma live and die with the decisions that I'ma pick\nSo fuck DeHaven for caving, that's why we don't speak\nMade men ain't supposed to make statements\nEnd of the story, I followed the code, cracked the safe\nOther niggas ain't in the game so they practice hate\nLeave that boy Hov' alone, why don't cha?\nYou don't have to if you don't want to\nBut don't say I didn't warn ya\nOh... and I don't need no hook for this shiiiit", "image": "https://images.genius.com/778c1892b8a2f5aee554c4c797ca8915.1000x1000x1.jpg"}], "artist": "JAY-Z"}