{"songs": [{"title": "Jigga That N**** (MTV Unplugged)", "album": "MTV Unplugged", "year": "2001-12-18", "lyrics": "[Intro]\nAfter the show it's the after party then\nAfter the party it's the hotel lobby and\nAfter the Belve' then it's probably Cris'\nAnd after the original it's probably this\nRO\nROC nigga's\nOK let y'all get up again, feel this this\nRo ROC niggas\nROC niggas\nRO ROC niggas\n\n[Verse 1]\nCome on the track (duh duh da-da)\nWith a throwback jersey and a fitted\nMight blow a bag of\nOr might take sips of army with a chidd-ick, I'm so sick widdit\nLampin in the Hamptons, the weekends man\nThe Adidas and the Campus\nOr playin guts on the cruise, Hermes boat shoes\nThe Izod bucket on I'm so old school\nYellow wrist watch, Gucci flip flops\nSix top model chicks, who is this hot?\nJ-A, ladies help me say it now\n(Y-Z), mami why you playin with me?\nRide with me, get high as me\nIt's how it's supposed to be, when you rollin with G's, Hov'!\nBack up in this bitch like whoa\nJigga get this whole bitch jumpin like six-fo's\n\n[Hook]\nV is I, and I am him\n(Jigga, Jigga, that nigga Jigga!)\nSlim with the tilted brim on twenty inch rims\n(Jigga, Jigga, that nigga Jigga!)\nAnd if y'all got love for me I got love for y'all\n(Jigga, Jigga, that nigga Jigga!)\nAnd if y'all go to war for me I go to war wit y'all\n(Jigga, Jigga, that nigga Jigga!)\n\n[Verse 2]\nAnd so I breeze through, jeans is Evisu\nShe's responding, top is C. Ronson\nWe in Luan gettin our groove on\nBuyin out the bar, on our way to Spa'\nShe never seen a hundred on the wrist before\nNever seen twenty-two's on the 6 before\nI am, killin 'em out there, they needin first aid\nCause the boy got more 6's than first grade\nThe crib got, killer views and square feet\nYou have to film MTV Cribs for a week\nSo, sleep if you need to, mami I will leave you\nRight where you stand, nah I don't wanna dance\nI just wanna see what's in your Frankie B pants\nWeight is low enough to let your waist show\nTop like a rock star, I got a fast car\nWe can cruise the city, doin a buck-sixty\n\n[Hook]\nV is I, and I am him\n(Jigga, Jigga, that nigga Jigga!)\nSlim with the tilted brim on twenty inch rims\n(Jigga, Jigga, that nigga Jigga!)\nAnd if y'all got love for me I got love for y'all\n(Jigga, Jigga, that nigga Jigga!)\nAnd if y'all go to war for me I go to war wit y'all\n(Jigga, Jigga, that nigga Jigga!)\nHov Uh Uh Uh Uh\n(Jigga, Jigga, that nigga Jigga!)\nHov\n(Jigga, Jigga, that nigga Jigga!)\n(Jigga, Jigga, that nigga Jigga!)\n(Audience singing)\n(Jigga, Jigga, that nigga Jigga!)\n\n[Verse 3]\n\"He did it again!\" Haters no like\nBut they gotta fuck with it cause the flow's so tight\nGnarly dude! (I puff Bob Marley dude)\nAll day, like Rastafari's do\nNow I'm stuck to the point I could hardly move\nYou fuckin up my high, don't bother me dude\nBut Red Rover, send your hoes over\nShe can do WHATEVER, sip somethin with soda\nShe can leave WHENEVER, sip somethin with Hova\nWe can play HOWEVER, sleigh bed or sofa\nAnd the prognosis, sex is explosive\nLeft her with bedsheets, nigga I'm focused man\n\n[Hook]\nV is I, and I am him\n(Jigga, Jigga, that nigga Jigga!)\nSlim with the tilted brim on twenty inch rims\n(Jigga, Jigga, that nigga Jigga!)\nAnd if y'all got love for me I got love for y'all\n(Jigga, Jigga, that nigga Jigga!)\nAnd if y'all go to war for me I go to war wit y'all\n(Jigga, Jigga, that nigga Jigga!)\nHov\nROC niggas\n(Jigga, Jigga, that nigga Jigga!)\nRO ROC niggas\n(Jigga, Jigga, that nigga Jigga!)\nRO ROC Niggas keep it going with me\n(Jigga, Jigga, that nigga Jigga!)\n(RO ROC niggas)\n(Jigga, Jigga, that nigga Jigga!)\n(RO ROC niggas)\n(Jigga, Jigga, that nigga Jigga!)\nRO ROC niggas\n(Jigga, Jigga, that nigga Jigga!)\n\n[Outro]\nYeah man\nYeah man\nThrow it up one time for me\nI love it man\nI love it\nLadies and gentlemen\nThanks for coming out this evening\nHold on\nTaking requests in an hour\nBut for now forreal\nHonestly wanna thank everybody in this building for coming out having fun with us\nI might do it again, I had a whole bunch of fun\nLet me just find out if I can do it again don't move\nNo don't move I'm not gonna leave\nShe said I was gonna leave", "image": "https://images.genius.com/a7449b38b8eab47232b379bc442a5f10.1000x1000x1.jpg"}], "artist": "JAY-Z"}