{"songs": [{"title": "Stop", "album": "Unfinished Business", "year": "2004-10-26", "lyrics": "[Intro: Tone (R. Kelly)]\nYo, Duro, tell Rob to hurry up back in the booth, man\nWe got the Track joint\nYo, this Tone the referee, while I got your attention\nI gotta we set out to bring you the best possible heat\nFor your two step, me, Jigga and Kells\nYou know, so y'all just enjoy, aight\nYo, Rob you there? (Yeah) Your mic sound nice (uh-huh uh-huh)\nYou first to blow (yeah) Ight, you ready to blow (uh-huh)\nAight, let's go\n\n[Hook: R. Kelly]\nHold up, wait a minute, stop\nJigga, I'm about to put the shit down\nHold up, wait a minute, stop\nI'm about to, make these niggas get down\nHold up, wait a minute, stop\nGuaranteed, these niggas gonna feel us\nHold up, wait a minute, stop\nTone and Poke, blow the motherfuckin' speakers\n\n[R. Kelly]\nGrab a bottle, get two models\nThugs at Apollo's, niggas wanna follow\nI'm about to show you, how wild it gets\nThat nigga Hov', is the craziest\nStop at the club, bout a quarter to six\nWith a bottle in my hand, yellin' \"Bitch, I'm rich\"\nHey, y'all niggas see me, I can't believe it\nYou startin' to sound like, you don't want it\nTony's on the drop, blue and yellow rocks\nHe keep yellin', stop, Sisqo's album flopped\nWhat you wanna do, if you drinkin', I'm hangin' out with you\nFive, four, three, two, one\nHang on y'all, let's have some fun\n\n[Hook: R. Kelly]\nHold up, wait a minute, stop\nJigga, I'm about to put the shit down\nHold up, wait a minute, stop\nI'm about to, make these niggas get down\nHold up, wait a minute, stop\nGuaranteed, these niggas gonna feel us\nHold up, wait a minute, stop\nTone and Poke, blow the motherfuckin' speakers\n\n[Jay-Z]\nIt's Young... uh, mack alone, I'm back in the zone\nI'm out they way, still these rappers won't leave me alone\nI can give a fuck what these rappers sayin' bout me\nThat just let's me know, they can't go a day without me\nScared of me succeading, that's the reason you doubt me\nCuz if you ain't believe me, you wouldn't be thinkin' bout me\nSorta how like you, never crossed my mind\nUntil you crossed the line, stop...\nThen I gotta come accross a rhyme\nTo let the world know you come across a mime\nI do so much sauce with lines, with someone who saws my climb\nFrom Marcy to party, where you soakin' up blue nine\nPrude, am I, got a du-lema, I'm a dude from the hood\nWho loves jewels, who am I?\nYou where placed in the same shoes, size 10/5\nWith a sick view, of the place you grew, dude, can I\nLive, what I did, for this whole rap circus\nI open up more doors for y'all fuckers than car service\nYa'll nervous, I ain't back yet\nI'm on extended vaca', I ain't unpack yet, stop worrying\n\n[R. Kelly]\nFive, four, three, two, one\nHang on y'all, let's have some fun\n\n[Hook: R. Kelly]\nHold up, wait a minute, stop\nJigga, I'm about to put the shit down\nHold up, wait a minute, stop\nI'm about to, make these niggas get down\nHold up, wait a minute, stop\nGuaranteed, these niggas gonna feel us\nHold up, wait a minute, stop\nTone and Poke, blow the motherfuckin' speakers\n\n[Foxy Brown]\nShit, she back with the nigga S. Dot\nUh-oh, somebody better tell this broad\nI'm a nine-year veteran, I'm back with my breathren\nI sware to god, it feel like '96 again\nBitches snatchin' bags, see, they fuckin' with my shit again\nWe bout to let them hammers pop\nIn the 'Stuy, dudes, callin', you a problem, Fox'\nI got the automore pierre watch\nButterscotch, GT, good toe on, three eight cock\nYa'll ain't see this much love since they cried for 'Pac\nSince Big passed, or since Jay passed the Roc\nI'm in a clearport, full length mink in a G4\nFuck I'm lookin' like rhyming for a hundred g's, for?\nNo, I don't talk to media guys\nI don't chatter with the best, ain't no question whose the best\nShawn and Kelly, Fox, best of both worlds, I see y'all\nAiyo, Kel, nigga, holler at your peoples\n\n[R. Kelly]\nFive, four, three, two, one\nHang on y'all, let's have some fun\n\n[Hook: R. Kelly]\nHold up, wait a minute, stop\nJigga, I'm about to put the shit down\nHold up, wait a minute, stop\nI'm about to, make these niggas get down\nHold up, wait a minute, stop\nGuaranteed, these niggas gonna feel us\nHold up, wait a minute, stop\nTone and Poke, blow the motherfuckin' speakers", "image": "https://images.genius.com/6acee75ce6f754ed085bf56c8057fd13.492x500x1.jpg"}], "artist": "JAY-Z"}