{"songs": [{"title": "First Televised Freestyle", "album": null, "year": null, "lyrics": "Check\nHere I am\nThe man\nI'm swinging and singing and bringing\nThe light to the mic\nAgain\nTogether forever\nEndeavour, to always prevail\nWell\nWhatever the weather\nI'm better\nYou seem to pale\nIn comparison\nJay-Z's embarrassing\nYour time after\nRiggity-rhyme master\nThe liggity-last Jay-Z rhyme\nSo you can say I'm\nSo pro fade line\nPeace", "image": "https://images.genius.com/562e13bf98325f3cbc451d12e44f5a5d.616x440x1.jpg"}], "artist": "JAY-Z"}