{"songs": [{"title": "Jigga My Nigga", "album": "Vol.\u00a03\u2026 Life and Times of S.\u00a0Carter", "year": "1999-12-28", "lyrics": "[Intro: Jay-Z]\nRoc-A-Fella, Ruff Ryders, Swizz Beatz\nIt's almost over y'all\nJigga, how real is that?\nUhh, uhh, uhh, lights out niggas!\n\n[Chorus: Jay-Z (Eve)]\n(Jigga) What's my motherfuckin' name?\n(Jigga) And who I'm rollin' with huh?\n(My niggas) Uh-huh-uh-uhh-uhh-uhh\nNiggas better get it right, bitches better get it right, WHO?\n(Jigga) What's my motherfuckin' name?\n(Jigga) And who I'm rollin' with huh?\n(My niggas) Uh-huh-uh-uhh-uhh-uhh\nNiggas better get it right, bitches better get it right\n\n[Verse 1: Jay-Z]\nYeah.. yeah..\nFrom the crap tables down in A.C\nBack on the block, Jay-Z motherfucker from the, the, the Roc\nWent solo on that ass but it's still the same\nBrooklyn be the place where I serve them thangs\nB. my niggas was strugglin', to the 'burbs they came\nAnd then we got to hustlin', murderin' thangs\nI dipped in my stash, splurged on a chain\nNow I'm Titanic, Iceberg's the name\nLeave players on injured reserve, hurt the game\nThe best way to describe me in a word, insane\nI dick down chicks all emerged in my fame\nJigga been dope since Slick Rick's first chain\nThe God, send you back to the earth from which you came\nI'm bakin' soda, water, fire, merged with 'caine\nLadies don't know me said, \"I heard he's vain.\"\nWell, guess what, mami? I heard the same\nYou heard the name\n\n[Chorus: Jay-Z (Eve)]\n(Jigga) What's my motherfuckin' name?\n(Jigga) And who I'm rollin' with huh?\n(My niggas) Uh-huh-uh-uhh-uhh-uhh\nNiggas better get it right, bitches better get it right, WHO?\n(Jigga) What's my motherfuckin' name?\n(Jigga) And who I'm rollin' with huh?\n(My niggas) Uh-huh-uh-uhh-uhh-uhh\nNiggas better get it right, bitches better get it right\n\n[Verse 2: Jay-Z]\nYeah, uhh, I got a\nLicense to kill so I steer the Gat\nRoc-A-Fella, Ruff Ryders, niggas scared of that\nGot a new motto this year, \"Don't Fuck With My Ones\"\nKnock on your door, three in the mornin'\n\"It's just us and the guns!\"\nSee I scrambled with priests, hustle with nuns\nI got the, mind capacity of a young Butch Cassidy\nNiggas get fly, let 'em defy gravity\nFo'-five rapidly lift your chest cavity\nStreets won't let me chill\nAlways been a clumsy nigga, don't let me spill\nMuh'fuckers wanna wet me still, I remain y'all\nRaw the one, like five divided by four\nShit, this just the hate that's been provided by y'all\nReciprocated and multiplied by more\nYou likely to see Jigga in a widebody or\nDrop-top Bentley Azure, holla at me y'all, uhh\n\n[Chorus: Jay-Z (Eve)]\n(Jigga) What's my motherfuckin' name?\n(Jigga) And who I'm rollin' with huh?\n(My niggas) Uh-huh-uh-uhh-uhh-uhh\nNiggas better get it right, bitches better get it right, WHO?\n(Jigga) What's my motherfuckin' name?\n(Jigga) And who I'm rollin' with huh?\n(My niggas) Uh-huh-uh-uhh-uhh-uhh\nNiggas better get it right, bitches better get it right\n\n[Verse 3: Jay-Z]\nI don't give a fuck if I sold one or one million, but I think you should\n'Cause if I only sold one, then out comes the hood\nAll black in the club, the outcome ain't good\nThem niggas act like wolves, how come? They could\n'Cause we don't drop hits, we drop bombs that smash\n'Til the wrists is lit up, the arm looks like glass\nThe necklace chipped up, the charm it flash\nCould fuck up your eyes like the bombest hash\nSee the reason why chicks let me palm they ass\nAll I gotta do is let 'em call me Shawn they glad\nLet me sit up in they whip til I launch it back\nSnap they neck, then shoot 'em 'til they arch them back\nThe calmest cat, trust me when I palm this gat\nKill your mind, body and soul, push your conscience back\nMonster's back, and Flex drop a bomb to that\nAnd e'rybody sing-a-long to the track, c'mon\nUh-huh uhh uhh\n\n[Chorus: Jay-Z (Eve)]\n(Jigga) What's my motherfuckin' name?\n(Jigga) And who I'm rollin' with huh?\n(My niggas) Uh-huh-uh-uhh-uhh-uhh\nNiggas better get it right, bitches better get it right, WHO?\n(Jigga) What's my motherfuckin' name?\n(Jigga) And who I'm rollin' with huh?\n(My niggas) Uh-huh-uh-uhh-uhh-uhh\nNiggas better get it right, bitches better get it right\n(Jigga) What's my motherfuckin' name?\n(Jigga) And who I'm rollin' with huh?\n(My niggas) Uh-huh-uh-uhh-uhh-uhh\nNiggas better get it right, bitches better get it right, WHO?\n(Jigga) What's my motherfuckin' name?\n(Jigga) And who I'm rollin' with huh?\n(My niggas) Uh-huh-uh-uhh-uhh-uhh\nNiggas better get it right, bitches better get it right\n(Jigga, haha)", "image": "https://images.genius.com/d83681d2a817edddc6dd640270d1d171.300x296x1.jpg"}], "artist": "JAY-Z"}