{"songs": [{"title": "Hustle Hard", "album": null, "year": null, "lyrics": "[Verse 1: Jay-Z]\nI hustle hard in any hustle that you pitch\nSkinny nigga toothpick\nBut I do lift weights like I'm using roids\nRolls Royce keep my movements, smooth while maneuvering\nThrough all the manure in the sewer that I grew up in\nChoices we make trying to escape\nAnd I don\u2019t need no hook for this shit\nThis is not for commercial usage\nPlease don\u2019t categorize this as music\nPlease don\u2019t compare me to other rappers\nCompare me to trappers\nI\u2019m more Frank Lucas than Ludacris\nAnd Luda's my dude\nI ain't trying to diss\nLike Frank Lucas is cool, but I ain't trying to snitch\nI\u2019ma follow the rules no matter how much time I\u2019ma get\nI\u2019ma live and die with the decisions that I\u2019ma pick\nSo fuck the haven for caving, that\u2019s why we don\u2019t speak\nMade men ain't supposed to make statements\nEnd of the story I followed the code, cracked the safe\nOther niggas ain't in the game so they practice hate\nHustle hard in any hustle that you pitch\n\n[Refrain: Jay-Z]\nHustle hard in, hustle hard in\nHustle hard in, hustle hard in\nHustle hard in any hustle that you pitch\n\n[Verse 2: Lil' Wayne]\nMoney to be made best believe a niggas glocking\nI run it myself like a quarterback option\nI pitch her 10 G's tell the bitch to go shopping\nShe buy herself some clothes and she brought me back the chopper\nSee niggas tryna kick but no I don't play soccer\nI'm all about my cake, I'm trying to marry Betty Crocker\nA package on the way you know my whip game proper\nAnd off of 1 ki I see 70 thousand dollars\nNow I will shoot dice, smoking on a joint\nI bet with your gawdy we hit 5 straight points\nYo we kept hustling, yo we kept grinding\nYou rap about money and a nigga might sign ya\nYou rap about me and a nigga might find ya\nBanana in your ass with your head right behind ya\nDope game bitch his momma woulda bought em\nIf you holla at me, a fee\n\n[Verse 3: Curren$y]\nBitches come a dime a dozen\nI fuck em sisters, cousins\nIt\u2019s a revolving door\nPussy going, pussy coming\nAnd when they go to you it's coming back to me with money\nI tell her put them shoes on and keep my paper running\nI put my mack down just like a G supposed to\nAnd if she don\u2019t come home with it then she\u2019s sleeping over\nI got em creeping over, we do it then a soda\nI like them Ameriie, you can have them Omarosas\nThem niggas down below us, baby we up and over\nI\u2019m trying to get inside that thing that sits between your shoulders\nI\u2019m talking large totals\nI\u2019m talking large motors\nI\u2019m talking burning rubber then melted Pirelli odor\nI\u2019m hopping out a Lotus, you looking at my bitch\nYou wanna holla, you can holla take her on a trip\nBut when the deed done, you gotta send her back\n\n[Refrain]", "image": "https://images.genius.com/bf0f68ee56f29c8542ad805c6419682b.676x676x1.jpg"}], "artist": "JAY-Z"}