{"songs": [{"title": "Izzo (H.O.V.A.) [MTV Unplugged]", "album": "MTV Unplugged", "year": "2001-12-18", "lyrics": "[Intro]\nWelcome to Jay Z's poetry reading\nHalt, who goes there?\nDo this, do this {*does poetry snaps, audience follows*}\nIt was the winter\nIt was cold\nIt was the cold winter\nWelcome ladies and gentleman once again\nAs if we never left\nIt's MTV Unplugged\nI'll be your host this evening\nI go by a couple of names\nPeople call me a lot of names, couple to my face you know\nSometimes they call me Jay Z\nSometimes they call me Jigga\nSometimes they call me Young Hov\nIceberg, tonight I'm\n(H to the izz-O, V to the izz-A)\nYou gotta love that\n(H to the izz-O, V to the izz-A)\nI got the most incredible Roots band with me tonight y'all\n(H to the izz-O, V to the izz-A)\nIt's a beautiful thing\nWelcome everybody to the 8th Wonder of the world\n(H to the izz-O, V to the izz-A)\nThe flow of the century\nAlways timeless\n(H to the izz-O, V to the izz-A)\nHov\nWe gonna thank everybody for coming out\n(H to the izz-O, V to the izz-A)\nYou could've been anywhere in the world, you're here with me\nI appreciate that\nLet's rock\n\n[Verse 1]\nH to the izz-O, V to the izz-A\nFor shizzle my nizzle used to dribble down in VA\nWas herbin' em in the home of the Terrapins, got it dirt cheap for them\nPlus if they was short with cheese I would work with them\nI Brought in weed, got rid of that dirt for them\nWasn't born hustlers, I was birthing 'em\nH to the izz-O, V to the izz-A\nFor sheezy my neezy keep my arms so breezy\nCan't leave rap alone, the game needs me\nHaters want me clap that chrome, it ain't easy\nCops want to knock me, D.A. wants to box me in\nBut somehow I beat them charges like Rocky\nH to the izz-O, V to the izz-A\nStill not guilty, he who does not feel me\nIs not real to me, therefore he doesn't exist\nSo poof! (Vamoose, son of a bitch!)\n\n[Hook]\nH to the izz-O, V to the izz-A\nFor shizzle my nizzle used to dribble down in VA\nH to the izz-O, V to the izz-A\nThat's the anthem, get'cha damn hands up!\nH to the izz-O, V to the izz-A\nStill not guilty y'all got to feel me\nH to the izz-O, V to the izz-A\nThat's the anthem, get'cha damn hands up!\n\n[Verse 2]\nI do this for my culture\nTo let them know what ya boy look like when ya boy in that Roadster\nShow them how to move in a room full of vultures\nIndustry is shady, it needs to be taken over\nLabel owners hate me, I'm raising the status quo up\nI'm overcharging labels for what they did to the Cold Crush\nPay us like you owe us for all the years that you hoed us\nWe can talk, but money talks, so talk more bucks\n\n[Hook]\nH to the izz-O, V to the izz-A\nFor shizzle my nizzle used to dribble down in VA\nH to the izz-O, V to the izz-A\nThat's the anthem, get'cha damn hands up!\nH to the izz-O, V to the izz-A\nFor shizzle my nizzle used to dribble down in VA\nH to the izz-O, V to the izz-A\nThat's the anthem, get'cha damn hands up!\n\n[Verse 3]\nHov is back, life stories told through rap\nThey acting like I sold you crack\nLike I told you sell drugs; no, Hov did that\nSo hopefully you won't have to go through that\nI was raised in the projects, roaches and rats\nSmokers out back selling their mama's sofa\nLookouts on the corner focused on the ave\nLadies in the window, focused on the kinfolk\nMe under a lamppost, why I got my hand closed?\nThat's in my palm, watching the long arm of the law\nSo you know I seen it all before\nI've seen Hoop Dreams deflate like a true fiend's weight\nTo try and to fail: the two things I hate\nSucceed in this rap game: the two things that's great\nH O V A\n(What else can I say about dude? I gets bu-sy)\nYeah!\n\n[Hook]\nH to the izz-O, V to the izz-A\nFor shizzle my nizzle used to dribble down in VA\nH to the izz-O, V to the izz-A\nThat's the anthem, get'cha damn hands up!\nH to the izz-O, V to the izz-A\nFor shizzle my nizzle used to dribble down in VA\nH to the izz-O, V to the izz-A\nThat's the anthem, get'cha damn hands up!\nH to the izz-O, V to the izz-A\nFor shizzle my nizzle used to dribble down in VA\nH to the izz-O, V to the izz-A\nThat's the anthem, get'cha damn hands up!\nH to the izz-O, V to the izz-A\nFor shizzle my nizzle used to dribble down in VA\nH to the izz-O, V to the izz-A\nFo sheezy my neezy keep my arms so greasy", "image": "https://images.genius.com/a7449b38b8eab47232b379bc442a5f10.1000x1000x1.jpg"}], "artist": "JAY-Z"}