{"songs": [{"title": "Break Up (That's All We Do)", "album": "Unfinished Business", "year": "2004-10-26", "lyrics": "[R. Kelly]\nMake up, and break up\nThat's all we do\nThen we have sex, next thing you know\nEverything is cool\nBest of Both Worlds! Holla at your boy\n\n[Jay-Z]\nLike we always do about this time\nUh-huh, yeah\nI know what you doin ma\nTryin to get in an argument with me so I can\nDo my mad thing, you want me to do my mad thing\nI understand - c'mon!\n\n[Hook: R. Kelly]\nSeems we're always arguing, but\nRight after the arguing we have, sex\nAnd somehow it's the best, yes\nSeems we're always arguing, but\nRight after the arguing we have, sex\nAnd somehow it's the best girl\n\n[First instance of Hook - no last line]\n\n[Jigga overlaps first instance of Hook]\nGangsta love, gangsta love\n\n[Jay-Z]\nThink about it while the streets you roam\nIt's Dom P and Army in the fridge when you get home\nSex is always better fresh off a vendetta\nWe break up or break you off then we right back together\nThen this brand new leathers and Caroline Herrera\nMarijuana, white wine, somewhere under the weather\nLike we sick but we fine, shit we couldn't feel better\nJust some sunshine in mind lookin fine as ever\nWho got a mouth on her, woo, she put some words together\nSometimes'll make a nigga wanna leave, but when we make up\n\n[Hook]\n\n[Jay-Z over Hook]\nWoo!\nBoy talk boy!\n\n[R. Kelly]\nBreak up to make up baby\nSeems that's all we do darlin\nBut no one wants to walk out the door\nAfter all of the holla'n\nCursing and fighting\nAnd me sleeping on the couch\nIn the midst of our stormy weather\nSex brings the sun out\nAfter I hit that there\nSeems we don't have a care\nSex makes you say I'm sorry\nAnd things like I'm not goin nowhere\nIt's somethin bout the P-U-S-S-Y\nThat keeps brother in check, even I\nEven if you was a pimp you couldn't survive\nWithout the H-E-L-P to provide you\n\n[Hook]\n\n[Third instance of Hook - no last line]\n\n[Jay-Z]\nThink about it while the streets you roam\nIt's Dom P and Army in the fridge when you get home\nRemember that night? You was all like\nMaybe we should go our seperate ways for life\nI hit the lights fit you tight at the lil' place right\nI hit it right you look me right in the eyes like sike\nYou was goin through your act 'til I caught you in the sack\nAnd I made you relax when I (hit it hard from the back)\nYeah now we back friends\nAnd the next time you need some sex counselin, we\n\n[Hook] - [new last line \"after we get through arguin we\"]\n\n[R. Kelly]\nSeems we're always arguing, but\nRight after the arguing we have, sex\nSex with best friends\nFrom the bathroom to the kitchen (we sex)\nFrom the kitchen to living room (we sex)\nFrom the living room to upstairs (we sex)\nUpstairs to the attic (we sex)\nAttic to the basement (we sex)\nFrom the basement to the car garage (we sex)\nGarage to the back of the Jeep (we sex)\nBicycle to the treadmill (we sex)\nEven over by the dirty lawnmower (we sex)\nThe neighbors and the dogs are lookin crazy (we sex)\nI don't care because you're my baby (we sex)\nIt's our house, and we can have sex (we sex)\nAnytime we want to (we sex)\nThey can kiss my ass, because whoa-ho-hoo\nHey L Don you feel me?\n\n[L Don]\nYeah yeah yeah I feel you\nYou and Jay crazy man, but it's all good\nLet's go\n\n[R. Kelly]\nLa-la-la-la-lah-la-la\nLa-la-la-la-lah-la-la - sex\nLa-la-la-la-lah-la-la\nLa-la-la-la-lah-la-la - sex", "image": "https://images.genius.com/6acee75ce6f754ed085bf56c8057fd13.492x500x1.jpg"}], "artist": "JAY-Z"}