{"songs": [{"title": "Anything", "album": "Vol.\u00a03\u2026 Life and Times of S.\u00a0Carter", "year": "2000-02-15", "lyrics": "[Intro: Jay-Z]\nUh huh yea, yeah\nDuro!\nYou gotta let it bump\nUh, uh, uh like dat yeah\nCome on bring the chorus in\n\n[Chorus: Sample]\nI'd risk everything\nFor one kiss, everything\nYes I'd do anything (Anything?)\nAnything for you\n\n[Verse 1: Jay Z]\nI\u2019d do a bid, loose a rib, bust a cap, trust in that\nRun up to heaven doors, exchange my life for yours\nLeave a steak out the door, mi casa, su casa\nJust remember to turn the lights off in the hall\nMy brother from another pop, minus one shot\nWe Nino and Gee Money man, we all we got\nFrom the stoop to the big dudes, stoppin' us from playin' hoops\nAnd us getting mad, throwing rocks off the roof\nStraight thuggin' man, I thought we would never progress\nBut look at us now man, we're young execs\nMy nigga Dame, my nigga Biggs, my nigga Ty\nMy nigga High, my nigga Gotti\nWe embody all that\u2019s right with the world\nNo matter how pretty she is, you never liking my girl\nThat's how we run, when you ain\u2019t around\nI'll spank ya son, keep him in line\nIf you should die, I\u2019ll keep him like mine\nGod forbid, keep this in mind, my nigga\n\n[Chorus: Sample]\nI'd risk everything\nFor one kiss, everything\nYes I'd do anything (Anything?)\nAnything for you\nI'd risk everything\nFor one kiss, everything\nYes I'd do anything (Anything?)\nAnything for you\n\n[Verse 2: Jay Z]\nI know Momma, your little baby\nBut these streets raised me crazy\nProduct of my environment, nothing can save me\nThanks for letting me bloom for your wisdom for your womb\nFor the roof over my head, for my shoes, for my bed\nFor the most important lesson in life was when you said\n\"Strive for what you believe in, set goals and you can achieve them\"\nThanks for the days you kept me breathing\nWhen my asthma was bad and my chest was weezin'\nThanks for the look of love just as I was leaving\nOn nights you thought that I wouldn't come back, that left you grieving\nThanks for holdin' down the household when times was bad\nAs a man, I apologize for my dad\nWhen the rent was due, you would hustle like a pimp would do\nThat wasn\u2019t the life meant for you\nYou\u2019re a queen, you deserve the cream, everything that gleamed\nEverything that shines, everything that\u2019s mine\n\n[Chorus: Sample]\nI'd risk everything\nFor one kiss, everything\nYes I'd do anything (Anything?)\nAnything for you\nI'd risk everything\nFor one kiss, everything\nYes I'd do anything (Anything?)\nAnything for you\n\n[Verse 3: Jay Z]\nCheck it out, uh, uh\nDear nephews, I\u2019m writing' this with no pen or a pad\nAnd I\u2019m signing it, ya uncle, ya best friend, and ya dad\nDon't look back if you fall and you\u2019re feeling bad\nI\u2019m right there from your cut to when you peelin' the scab\nIf it comes a time when you ain\u2019t feelin' your real dad\nPut my face on his body don\u2019t wait for nobody\nDon\u2019t follow no nigga, that's ho shit man\nStand on your own two, do your shit man\nThe world is yours, some girls are nice some girls are whores\nDon't listen to your crew, do what works for you\nStanding back from situations gives you the perfect view\nYou see the snakes in the grass and you wait on their ass\nBite your tongue for no one and whatever is said\nTake it how they want, a closed mouth don't get fed\nYou know my number when it\u2019s code red if you're wrong my nigga\nYou're my nephew, fuck it we get it on my lil nigga\n\n[Chorus: Sample]\nI'd risk everything\nFor one kiss, everything\nYes I'd do anything (Anything?)\nAnything for you\nI'd risk everything\nFor one kiss, everything\nYes I'd do anything (Anything?)\nAnything for you\nI'd risk everything\nFor one kiss, everything\nYes I'd do anything (Anything?)\nAnything for you\nI'd risk everything\nFor one kiss, everything\nYes I'd do anything (Anything?)\nAnything for you", "image": "https://images.genius.com/9e496dcc348e1c6eed3c75dec2a88652.302x251x1.jpg"}], "artist": "JAY-Z"}