{"songs": [{"title": "Versus (Interlude)", "album": "Magna Carta... Holy Grail", "year": "2013-07-04", "lyrics": "Hey sucka nigga, wherever you are\nI thought about you, fool, while I was driving my car\nI wonder if you fools realize how far, you are\nYou're no where in my rear mirror\n\nYour last shit ain't better than my first shit\nYour best shit ain't better than my worst shit\nThe truth in my verses versus\nYour metaphors about what your net worth is\n\nHa-ha, ha-ha, ha!", "image": "https://s3.amazonaws.com/rapgenius/MCHG_cover.jpg"}], "artist": "JAY-Z"}