{"songs": [{"title": "Beanie Sigel Freestlye", "album": null, "year": null, "lyrics": "Beanie Mack\nRocafella y'all\nCheck\nCheck\n\nA yo two decades, three years and still in order\nI done stabbed sticks, killed bricks drowned drops of water\nAte a million dollars\nShitted four million quarters\nStuck mothers, sisters, aunt, nieces and daughters\nFuck Taco Bell\nI run south of the border\nCop a whole pie and you working wit a quarter\nStay cased up like my man Rhyme Slaughter\nSleep in crack spots on off that water\nY'all scrape up for weed money and grub\nMe and my man roll in a Benz four dub\nOn our way to the club\nSmoking weed out the jug\nWhile most stay in court trying to plead with the judge\nWhat!\nFist and wrist stay glitered up\nDon pee sip it up to I spit it up\nI fuck bitches who bust checks to flood my neck\nGive me rough sex\nHuff wet\nBust teks\nFeds eyeing, like I'm imported that shit\nI trying to be cased up in court for that shit\nI just want to breeze through sported that shit\nLaughing at them Point Breeze niggas snorting that shit\nY'all niggas would never finish that y'all be starting\nNever could back up that shit y'all be talking\nI make you famous\nI put your face on milk cartons\nBeenie Mack smoother than Jerome on Martin\nI keep the silence on the three eighty loughton\nQuiets the bus but can't do shit about this sparking\nThat's why I get my bodies right before darken\nYour dogs ain't biting shit, just doing a lot of barking\nYour squads leaking\nFronting like y'all eating\nRent a little car get dress on the weekend\nThat that Joe shit\nYou don't know me why you speaking?\nCause I shut down blocks and clock like Puerto Ricans\nBeenie Mack rap gorilla\nI'm out for the scrilla\nFace it ain't no replacement for this killer", "image": "https://images.genius.com/bf0f68ee56f29c8542ad805c6419682b.676x676x1.jpg"}], "artist": "JAY-Z"}