{"songs": [{"title": "Dig a Hole", "album": "Kingdom Come", "year": "2006-11-21", "lyrics": "[Intro: Jay-Z]\nDig a hole, bury yourself, nigga!\nGo head! Keep goin'!\nI got some nice dresses for you guys\nThe incomparable H.O\n\n[Chorus: Sterling Simms (Jay-Z)]\nTold ya to get ya money when you see a boss comin' (Yes)\nThought shit was funny, but watch what you see now (What you see now?)\nNothin\u2019 left to accomplish, I done came out and conquered (Came, conquered)\nAnd now what\u2019s that you talking bout we gon see now (We gon' see now)\nDig a hole (Dig a hole)\nDig a hole (Go ahead)\nDig a hole (Muthafucka bury yourself)\nDig a hole (Dig a hole)\nDig a hole (Dig a hole)\nDig a hole (Dig a hole)\n\n[Verse 1: Jay-Z]\nI\u2019m still here, mon frere!\nI know the cross I bear\nThey like, \u201cThat\u2019s why they call you Hov\u201d\nI\u2019m like, \u201cYeah\u201d\nI\u2019m like air, lil' shots go through me\nWon\u2019t tear one tissue, no tears, no tissue, not an issue\nDon\u2019t cry for me\nI peep these niggas from deep\nGot a front row seat even if you don\u2019t speak\nSilent partner, I hear you loud and clear\nLeft a fingerprint, you ain\u2019t gotta be there\nI\u2019m just waiting til\u2019 you dig a hole big enough to put your whole body in\nThen I\u2019m gon' body them\nIt's nothing but a hobby to him\nSimple as a serve in volley to him\nNiggas like, \u201cHov', why don\u2019t you get at ol\u2019 boy?\u201d\nWhy kill a puppet and leave Geppetto alive?\nWhy not wait to catch them all together?\nThat\u2019s why you dig one big hole, one time\n\n[Chorus: Sterling Simms (Jay-Z)]\nTold ya to get ya money when you see a boss comin' (Yes)\nThought shit was funny, but watch what you see now (What you see now?)\nNothin\u2019 left to accomplish, I done came out and conquered (Came, conquered)\nAnd now what\u2019s that you talking bout we gon see now (We gon' see now)\nDig a hole (Dig a hole)\nDig a hole (Go ahead)\nDig a hole (Muthafucka bury yourself)\nDig a hole (Dig a hole)\nDig a hole (Dig a hole)\nDig a hole (Dig a hole)\n\n[Verse 2: Jay-Z]\nHow is niggas dissin' me\nI made it possible\nFor niggas to make history\nHow is this possible?\nPlease explain this shit to me\nHow is it logical?\nHave we forgotten our history?\nLet\u2019s open our bibles\nIt's like the disciples, dissing Jesus and becoming his rivals\nShunning the one thing that they owe they life to\nYou let that man hype you to go against your idol\nKnowing good and god damn well this what I do\nThink I\u2019m in the office, I\u2019m off my grind?\nThat\u2019s how kids become orphans\nYou lost ya mind?\nI keep my enemies close\nI give \u2018em enough rope\nThey put themselves in the air\nI just kick away the chair\n\n[Chorus: Sterling Simms (Jay-Z)]\nTold ya to get ya money when you see a boss comin' (Yes)\nThought shit was funny, but watch what you see now (What you see now?)\nNothin\u2019 left to accomplish, I done came out and conquered (Came, conquered)\nAnd now what\u2019s that you talking bout we gon see now (We gon' see now)\nDig a hole (Dig a hole)\nDig a hole (Go ahead)\nDig a hole (Muthafucka bury yourself)\nDig a hole (Dig a hole)\nDig a hole (Dig a hole)\nDig a hole (Dig a hole)\n\n[Verse 3: Jay-Z]\nHov gon' get you, I ain\u2019t forget your lil' disrespect\nNo ho, daddy gon' spank you for that shit you said\nIt's hard to do when you\u2019ve got nothing to prove\nEverybody know you better, you in a lose lose\nCause even when you win, ultimately you lose\nReal niggas like, \u201cWhy Hov talking to Dude?\u201d\nYou sellin' low too, only time you went plat\nMy chain was on your neck, that\u2019s an actual fact\nSo I\u2019m prayin\u2019 that it spills outside of the booth\nThat\u2019s when ya\u2019ll niggas outside of your truth\nOutside of your league, that\u2019s not what you do\nNiggas throwin' Roc signs outside of your Coupe\nDon\u2019t look at Hov like he done something wrong to \u2018em\nCause he\u2019s on to 'em\nHe just took what belonged to him\nYou niggas is playing checkers with chess-playing Hov\nThis game is over, I don\u2019t know if ya\u2019ll know\nYou in the hole\n\n[Chorus: Sterling Simms (Jay-Z)]\nTold ya to get ya money when you see a boss comin' (Yes)\nThought shit was funny, but watch what you see now (What you see now?)\nNothin\u2019 left to accomplish, I done came out and conquered (Came, conquered)\nAnd now what\u2019s that you talking bout we gon see now (We gon' see now)\nDig a hole (Dig a hole)\nDig a hole (Go ahead)\nDig a hole (Muthafucka bury yourself)\nDig a hole (Dig a hole)\nDig a hole (Dig a hole)\nDig a hole (Dig a hole)", "image": "https://images.genius.com/4371d45b1c52d7dc87e4204ae0aa8373.900x900x1.jpg"}], "artist": "JAY-Z"}