{"songs": [{"title": "Ain't No (MTV Unplugged)", "album": "MTV Unplugged", "year": "2001-12-18", "lyrics": "[Intro]\nOh\n\n[Verse 1]\nI keep you fresher than the next chick\nNo need for you to ever sweat the next chick\nWith speed, I make the best chick see the exit indeed\nYou gotta know you're thoroughly respected by me\nYou get the keys to the Lexus, no driver\nYou got your own 2001 to ride in\nAnd keep your ass tight up in Versace, that's why\nYou gotta watch your friends you got to watch me\nThey conniving, shit, the first chance to crack the bank\nThey try me, all they get is 50 cent franks\nAnd papayas, from the village to the telly\nTime to kill it on your belly no question\nHave more chicks between my sheets than Essence\nThey say sex is a weapon, so when I shoot\nMeet your death in less than 8 seconds\nStill pounding in my after life\nLaughing, my thing is tight\nLet me hear y'all\n\n[Hook: Jaguar Wright (Kyle Jones) Crowd \u200b\u200b]\nAin't no nigga like the one I got\n(No one can fuck you better)\nSleeps around but he gives me a lot\n(Keeps you in diamonds and leathers)\nFriends will tell me I should leave you alone\n\u200b\u200b\u200bHah hah, hah hah,\u200b\u200b\nTell the freaks to find a man of their own\nMan of their own, man of their own", "image": "https://images.genius.com/a7449b38b8eab47232b379bc442a5f10.1000x1000x1.jpg"}], "artist": "JAY-Z"}