{"songs": [{"title": "Brooklyn (Go Hard)", "album": "Notorious (Original Motion Picture Soundtrack)", "year": "2008-12-01", "lyrics": "[Intro: Santigold]\nBrooklyn\u2014 Brooklyn\u2014 Brooklyn\u2014 Brooklyn\nBrooklyn, we go hard\nWe go hard\n\n[Chorus: Santigold & (Jay-Z)]\nBrooklyn, we go hard, we go hard (Agh!)\nBrooklyn, we go hard, we go hard (Go hard)\nBrooklyn, we go hard, we go hard\nBrooklyn, we go hard, we go hard\nBrooklyn, we go hard, we go hard\nBrooklyn, we go hard, we go hard\nBrooklyn, we go hard, we go hard\nBrooklyn, we go hard, we go hard\n\n[Verse 1: Jay-Z]\nThis is black hoodie rap\nThere's no fear in my eyes where they lookin' at\nBetter look on map\nBesides, me nah like to eye fight\nMe nah think such a ting is worth a man's life (Christ!)\nBut if a man test my Stuy\nI promise he won't like my reply\nBoom-bye-bye, like Buju, I'm crucial\nI'm a Brooklyn boy, I may take some gettin' use to\nChain snatchin', ain't have it, gotta get it\nSame shiddit, from Brownsville to Bainbriddidge\nFatherless child, Mama pulled double shifts\nSo the number runners was the only ones I hanged widdith\nBefore you know it I'm in the game, bang fiddith\nFear no orangutans, piddeel ciddaps\nLike oranges-es, I'm dangerous\nPlease! Tell me what the name of this shit\n\n[Hook: Santigold & (Jay-Z)]\nBrooklyn we go hard, we go hard\nBrooklyn we go hard, we go hard\nBrooklyn we go hard, we go hard\nBrooklyn we go hard, we go hard\nBrooklyn we go hard, we go hard (B-R, O, O-K)\nBrooklyn we go hard, we go hard (L-Y, N, come again)\nBrooklyn we go hard, we go hard (B-R, O, O-K)\nBrooklyn we go hard, we go hard (L-Y, N, come again)\n\n[Verse 2: Jay-Z]\nI father, I Brooklyn Dodger them\nI jack, I rob, I sin\nAw, man\u2014I'm Jackie Robinson\n'Cept when I run base, I dodge the pen\nLucky me, luckily, they didn't get me\nNow when I bring the Nets, I'm the Black Branch Rickey\nFrom Brooklyn corners, burnin' branches of sticky\nSpread love, Biggie; Brooklyn, hippie\nI pity the fool with jewels like Mr. T\nWith no history in my borough, they borrow\nWith no intentions of returnin' tomorrow\nThe sun don't come out for many, like Annie\nHalf-orphan, Mama never had an abortion\nPapa sort of did; still, I managed to live\nI go hard, I owe it all to the crib\nNow please tell me, what the fuck's harder than this?\n\n[Hook: Santigold & (Jay-Z)]\nBrooklyn we go hard, we go hard\nBrooklyn we go hard, we go hard\nBrooklyn we go hard, we go hard\nBrooklyn we go hard, we go hard\nBrooklyn we go hard, we go hard (B-R, O, O-K)\nBrooklyn we go hard, we go hard (L-Y, N, come again)\nBrooklyn we go hard, we go hard (B-R, O, O-K)\nBrooklyn we go hard, we go hard (L-Y, N, come again)\n\n[Verse 3: Santigold]\nWhile I'm doin' my time due to circumstance\nCross that bridge, face the consequence\nOnce bid ten, now I paid my dues\nRisk takers, we break the rules\nGet so dark, but I see good\nBed-Stuy stay high in my neck of the woods\nNow, let it ring out, it's a warnin'\n(Brooklyn!) Let it be sworn in\nGotta make it stick workin' like we blue collar\nRip it to the core, underneath it all we harder\nRight into the clip, bring it to the floor\nOne step, one step, give it up more\nThe road is rough and the street's a mess\nGot big cash dreams and a sick death wish\nRobbin' out the commercial stash\nKill the voice screamin' in my head\n\n[Hook: Santigold]\nBrooklyn we go hard, we go hard\nBrooklyn we go hard, we go hard\nBrooklyn we go hard, we go hard\nBrooklyn we go hard, we go hard\nBrooklyn we go hard, we go hard\nBrooklyn we go hard, we go hard\nBrooklyn we go hard, we go hard\nBrooklyn we go hard, we go hard\n\n[Outro: Santigold]\nBrooklyn we go hard, we go hard", "image": "https://images.genius.com/b3b5771c3c8304910db8225afb62a2fe.350x364x1.jpg"}], "artist": "JAY-Z"}