{"songs": [{"title": "Feelin' You in Stereo", "album": "Unfinished Business", "year": "2004-10-26", "lyrics": "[Jay-Z]\nEverything ain't hardcore you know\nI can't sing but my man\nI'mma let my man smooth that thang out for you\nYou know, take the edge off, you know what I'm sayin'?\n\n[R. Kelly]\nAll my sexy ladies throw ya hands up high\nAnd all my real playas throw ya hands up high\nAnd just keep on bouncin' while I take you on a ride\n\n[Hook: R. Kelly]\nIt's like your body's on radio I'm feelin' you in stereo\nPut me in your cd player I'm gonna hit it nice and slow\nBaby I'm your hot mix bumpin' in your cherry Lex\nCheckin' out your widescreen while your hands up on the headrest\n\n[Verse 1: R. Kelly]\nI'm, in the studio thinkin' about my next hit song\nTryin' to come up with a melody that will turn you on\nOn the MPC3000 tryin' to come up with beats\nThat'll make come on over here and lay down here with me\nI'm searchin' for that special mind blowin' melody\nAnd it's gotta be sexy so I'll think it through carefully\nIt's like I'm tryin' to tune it, to ya station babe\nTry to get you to play, this record babe\nEvery time I hear this track girl I think about me and you\nIn the Maybach doin' what we do\n\n[Hook]\n\n[Verse 2: R. Kelly]\nUm, now I know a few friends of mine that has made love to this record\nSo when you're in the mood call the station, request this record\nShe walks in the room, says \"'Ly I can't breathe\"\nAs I try to catch my breath and proceed\nLookin' at yo' sexy smile, while I put my vocals down\nGirl you have made this song a hit in each and every town\nYou a sexy melody with a touch of freakin' harmony\nSuch a perfect chemistry\nGirl we deserve a Grammy, or Soul Train\nBillboard, MTV or BET award\nRollin' like we on a tour\nOoh the way you put it down girl I can't take it\nSex was so good girl we've got to do the remix\nCause girl you a mix master\nWhen it comes to pumpin' you such a ghetto blaster\nIt's such a hit that I gotta bootleg it, yeah\n\n[Hook]\n\n[Verse 3: Jay-Z]\nA melody is the chemistry, the way we click\nIt's like four part harmony and all that shit\nYour waistline is the bassline, I ride that shit\nStrung off your treble and I'm high as shit\nWe made love in the studio when we got together over and over again like a loop\nDamn I'm missin' you, it's hard to listen to\nAll these different dudes, huggin' and kissin' you, fuck!\n\n[Hook]\n\n[R. Kelly]\nYeah, I'm feelin' you in stereo\nAw yeah, aw yeah, yeah", "image": "https://images.genius.com/6acee75ce6f754ed085bf56c8057fd13.492x500x1.jpg"}], "artist": "JAY-Z"}