{"songs": [{"title": "Holy Grail", "album": "Magna Carta... Holy Grail", "year": "2013-07-04", "lyrics": "[Intro: Justin Timberlake]\nYou'd take the clothes off my back and I'd let you\nYou'd steal the food right out my mouth\nAnd I'd watch you eat it\nI still don\u2019t know why, why our love is so much, ohh\n(Thanks for warnin' me, thanks for warnin' me)\nYou curse my name in spite to put me to shame\nHang my laundry in the streets, dirty or clean\nGive it up for fame\nBut I still don't know why, why I love it so much\n(Thanks for warnin' me, thanks for warnin' me)\n\n[Chorus: Justin Timberlake]\nAnd, baby, it's amazin' I'm in this maze with you\nI just can't crack your code\nOne day you screamin' you love me loud\nThe next day you're so cold\nOne day you're here, one day you're there, one day you care\nYou're so unfair\nSippin' from your cup 'til it runneth over\nHoly Grail\n\n[Verse 1: Jay Z]\nUh, uh, uh\nBlue told me remind you niggas, uh\nFuck that shit y'all talking 'bout, I'm the nigga, uh\nCaught up in all these lights and cameras, uh\nBut look what that shit did to Hammer, uh\nGoddamn it, I like it\nBright lights is enticin', but look what it did to Tyson\nAll that money in one night, thirty mil' for one fight\nBut soon as all the money blows, all the pigeons take flight\nFuck the fame, keep cheatin' on me\nWhat I do? I took her back\nFool me twice; that's my bad, I can't even blame her for that\nEnough to make me wanna murder\nMomma, please just get my bail\nI know nobody to blame; Kurt Cobain, I did it to myself, uh\n\n[Bridge: Justin Timberlake & Jay Z]\nAnd we all just entertainers\nAnd we're stupid and contagious\nAnd we all just entertainers\n\n[Chorus: Justin Timberlake]\nAnd, baby, it's amazin' I'm in this maze with you\nI just can't crack your code\nOne day you screamin' you love me loud\nThe next day you're so cold\nOne day you're here, one day you're there, one day you care\nYou're so unfair\nSippin' from your cup 'til it runneth over\nHoly Grail\n\n[Verse 2: Jay Z]\nNow I got tattoos on my body\nPsycho bitches in my lobby\nI got haters in the paper, photo shoots with paparazzi\nCan't even take my daughter for a walk\nSee 'em by the corner store\nI feel like I'm cornered off\nEnough is enough, I'm callin' this off\nWho the fuck I'm kiddin' though?\nI'm gettin' high, sittin' low\nSlidin' by in that big body, curtains all in my window\nThis fame hurt, but this chain worse\nI think back you asked the same person\nIf this is all you had to deal with\nNigga, deal with, this shit ain't work\nThis light work, camera snappin', my eyes hurt\nNiggas dying back where I was birthed\nFuck your iris and the IRS\nGet the hell up off your high horse\nYou got the shit that niggas die for, dry yours\nWhy you mad? Take the good with the bad\nOr throw the baby out with that bath water\n\n[Bridge: Jay Z]\nYou still alive, still that nigga\nNigga, you survived, you still gettin' bigger\nNigga, living the life, vanilla wafers in a villa\nIllest nigga alive; Michael Jackson's Thriller\n\n[Chorus: Justin Timberlake]\nAnd, baby, it's amazin' I'm in this maze with you\nI just can't crack your code\nOne day you screamin' you love me loud\nThe next day you're so cold\nOne day you're here, one day you're there, one day you care\nYou're so unfair\nSippin' from your cup 'til it runneth over\nHoly Grail\n\n[Bridge: Justin Timberlake]\nYou get the air out my lungs whenever you need it\nAnd you take the blade right out my heart\nJust so you can watch me bleed\nAnd I still don't know why, why I love you so much, yeah\n(Thanks for warnin' me, thanks for warnin' me)\nAnd you play this game in spite to drive me insane\nI got it tattooed on my sleeve\nForever in ink with guess whose name\nBut I still don't know why, why our love is so much, yeah\n(Thanks for warnin' me, thanks for warnin' me)\n\n[Chorus: Justin Timberlake]\nAnd, baby, it's amazin' I'm in this maze with you\nI just can't crack your code\nOne day you screamin' you love me loud\nThe next day you're so cold\nOne day you're here, one day you're there, one day you care\nYou're so unfair\nSippin' from your cup 'til it runneth over\nHoly Grail\n\n[Produced by J-Roc, The-Dream & Timbaland]", "image": "https://s3.amazonaws.com/rapgenius/MCHG_cover.jpg"}], "artist": "JAY-Z"}