{"songs": [{"title": "Moonlight", "album": "4:44", "year": "2017-06-30", "lyrics": "[Intro]\nYeah, got a lil' cold\nSo bear with me\nYeah, yeah\n\n[Chorus]\nWe stuck in La La Land\nEven when we win, we gon' lose\nWe got the same fuckin' flows\nI don't know who is who\nWe got the same fuckin' watch\nShe don't got time to choose\nWe stuck in La La Land\nWe got the same fuckin' moves\n\n[Post-Chorus]\nY'all fuck the same fuckin' chicks\nI'm in the skrt with ya\u2014 yeah, right\nI'm in the skrt with ya\u2014 cool story\nI'm on the j\u2014 'nough of this!\n\n[Verse 1: JAY-Z]\nLook, I know killers, you no killer, huh?\nBathing Ape maybe not a gorilla, huh?\nGlorified seat filler, huh?\nStop walkin' around like y'all made Thriller, huh?\nFake Dracos all in the videos\nWe show 'em, we shoot 'em in my city though\nI don't post no threats on the Internet\nI just pose a threat, blame Lenny S for that\nI don't be on the 'Gram goin' ham\nGivin' information to the pork, that's all spam\n\n[Pre-Chorus]\nPlease don't talk about guns that you ain't never gon' use\nY'all always tell on y'all self, I'm just so fuckin' confused\n\n[Chorus]\nY'all stuck in La La Land\nEven when we win, we gon' lose\nWe got the same fuckin' flows\nI don't know who is who\nWe got the same fuckin' watch\nShe don't got time to choose\nWe stuck in La La Land\nWe got the same fuckin' moves\n\n[Verse 2]\nY'all niggas still signin' deals? Still?\nAfter all they done stole, for real?\nAfter what they done to our Lauryn Hill?\nAnd y'all niggas is 'posed to be trill?\nThat's real talk when you behind on your taxes\nAnd you pawned all your chains\nAnd they run off with your masters\nAnd took it to Beverly Hills while we in Calabasas\nAnd my head is scratchin' 'cause that shit is backwards\nThat shit ain't right, Lucian is cool\nBut Lucian don't write, Doug ain't this tight\nSo fuck what we sellin', fuck is we makin'?\n'Cause their grass is greener 'cause they always rakin' in mo'\n\n[Outro]\nNa-na-na-na\nNah, nah", "image": "https://images.genius.com/4cf5f4f88ace021acdc18cc3cefcf2f4.1000x1000x1.jpg"}], "artist": "JAY-Z"}