{"songs": [{"title": "Ain't I", "album": null, "year": null, "lyrics": "[Hook]\nAin't I\nI'm a... I'm a... I'm a\nI'm a hustler's hustler\nA gangster's gangster\nI'm a rapper's rapper\nYour favorite, ain't I\nAin't I, ain't I, ain't I\n\n[Verse 1]\nI'm still winning and I'm nowhere near finished\nIt's just the first inning\nAnd I'm gunning for the Pennant\nAnd I been this, God made me\nY'all hate me, y'all atheists\nY'all safety is at risk\nIt's the return of the Messiah\nOne and only Hov\nNo I ain't God but I've been made in his mould\nSo when the story is told let it be said I refuse to fold\nI only fold bread\nI stood for the best, I owed no debt\nI represent the hood til my dying breath\nI took a pay cut to become an exec\nSo the next motherfucker can earn his paycheck\nAnd even though these niggas talk greasy bout me\nAsk these niggas how they 'gon eat without me\nAsk these niggas if they want stats involved\nAnd even if they don't like me, they respect the God\n\n[Hook]\n\n[Verse 2]\nI'm hustler's poster child, I'm supposed to style\nI ain't got nothing to prove, I'm supposed to smile\nI ain't insecure, I'm vested in a piece of Carol's Daughter\nI'm in Sephora\nBricks are insignificant to him\nHe's a grown man, you're an infant to him\nTake your baby money and burn, T-Ha\nI spent that on furniture\nI got Warhols on my hall's wall\nI got Basquiats in the lobby of my spot\nI'm so sophisticatedly hood, S. Carter cashmere premium goods\nThousand dollars for the sneaks\nTimbo on the track, 250 for the beat\nG4 back and forth to my floor seats\nI spent a couple mil' just to lose to the Heat\n\n[Hook]\n\nAnything you aspire, to acquire I got\nAny gun you say, you fired\nI shot Any type of paraphernalia, I am the seller\nI guess you're saying that's how I started Roc-A-Fella\nFeds all fed up\nDEA can't tell the dirty money from a Rocawear sweater\n\n[Refrain x9]\nAnd I'm never, ever going back, back\nOh never that, oh never that\n\n[Verse 3]\nWhoever rap, you be doing that for practice, nigga\nI'm in the twelve-step program\nI ain't touched drugs in so long I'm a sober man\nI'm clean as a whistle, official\nGot a way, I'm the King of all kings, it's official\nI'm a hustler's hustler\nA gangster's gangster\nI'm a rapper's rapper\nYour favorite, ain't I\nAin't I, ain't I, ain't I", "image": "https://images.genius.com/bf0f68ee56f29c8542ad805c6419682b.676x676x1.jpg"}], "artist": "JAY-Z"}