{"songs": [{"title": "Stop 2.1", "album": "Blueprint 2.1", "year": "2003-04-08", "lyrics": "[Intro: Swizz Beatz]\nSwizzy... Beatz...\n\n[Chorus]\nAyo I cannot (STOP), I will not (STOP)\nAS.. WE.. PROCEED..\n\n[Verse 1: Jay-Z]\nYoung Hov got the block on smash\nPut the gun to the back and hop on some ass\nNigga fresh-dressed and stay poppin' tags\nPut the Ewings on the truck 'for I drop the rag\nBitches want to bring up the topic of my past\nIt's legendary in the hood how I got my cash\nI'm legendary in the hood so I got the mag\nAnd I've never been a fronter so I've got to blast\nWill I flash... not...\nAs I'm not playing with you motherfuckers the laughter stops\nWhen your casket drops\nYou bastards not gon' assassinate the name I got\nYa'll don't hear me though\nYoung Hov got the block on smash\nAnd everybody and their momma want to stop my cash\nEverybody want drama with the top of the brass\n'Til I come through hop out the cap\n1-8-7 they ass\n\n[Bridge]\n(STOP) somebody gon' (DROP)\nY'all don't hear me though...\n\n[Chorus]\nI cannot (STOP), I will not (STOP)\nAS.. WE.. PROCEED..\n\n[Verse 2]\nYoung Hov got the game in a frenzy\nTwenty million sold all independently\nSo when you mention me\nMake sure you got together your similes\nLike he's the game's J.F. Kennedy\nUhh, I started out I ain't have no chimney\nMy ma was Santa Claus, well at least she pretended to be\n'Til one night, well that's if memory serves me correct I caught her under the Christmas tree\nYoung Hov ain't have no pops\nThank God man I had the block\nYa'll don't hear me though\nYou young fucks got the game all wrong\nThis is my life man this ain't no song\nYou ain't livin' your rhymes out, you live at your mom's house\nIn that tight-ass room, pullin' that [?] out\nAnd the mirror pointin' at your reflection, killing yourself\nYou American Pie, stop feeling yourself\nNigga, you just a worker, go deal yourself\nStop being a server, get a meal yourself\nWhere your heart at, all that yick-yack, ain't nobody scared of y'all gats\nWe got bigger ones\nI mean niggas done shot at me shivering\nThey were so scared they ain't hit me once\nYoung Hov 'bout to go to the range\n'Bout to work on perfecting my aim\nY'all don\u2019t hear me though\n\n[Chorus]\nI cannot\u2026\u2026\nI cannot\u2026\u2026\nI will not\u2026\u2026\nAs we proceed", "image": "https://images.genius.com/610e2ccc084d9375db04eea74b7ef807.1000x1000x1.jpg"}], "artist": "JAY-Z"}