{"songs": [{"title": "Moment of Clarity", "album": "The Black Album", "year": "2003-11-14", "lyrics": "[Produced by Eminem and Luis Resto]\n\n[Intro]\nWoo! Geah, geah (Young) geah\nUhh, turn the music up, turn the lights down\nI'm in my zone\n\n[Chorus]\nThank God for granting me this moment of clarity\nThis moment of honesty\nThe world'll feel my truths\nAll through my Hard Knock Lifetime, A Gift and a Curse\nI gave you Volume after Volume of my work\nSo you can feel my truths\nI built the Dynasty by being one of the realest niggas out\nWay beyond a Reasonable Doubt\nY'all can't fill my shoes\nFrom my Blueprint beginning to that Black Album ending\nListen close, you'll hear what I'm about\nNigga, feel my truths\n\n[Verse 1]\nPop died, didn't cry, didn't know him that well\nBetween him doing heroin and me doing crack sales\nPut that in the eggshell, standing at the tabernacle\nRather the church, pretending to be hurt wouldn't work\nSo a smirk was all on my face\nLike, \"Damn, that man's face is just like my face\"\nSo pop, I forgive you for all the shit that I lived through\nIt wasn't all your fault, homie, you got caught\nInto the same game I fought, that Uncle Ray lost\nMy big brothers and so many others I saw\nI'm just glad we got to see each other\nTalk and re-meet each other\nSave a place in Heaven 'til the next time we meet forever!\n\n[Chorus]\nThank God for granting me this moment of clarity\nThis moment of honesty\nThe world'll feel my truths\nAll through my Hard Knock Lifetime, A Gift and a Curse\nI gave you Volume after Volume of my work\nSo you can feel my truths\nI built the Dynasty by being one of the realest niggas out\nWay beyond a Reasonable Doubt\nY'all can't fill my shoes\nFrom my Blueprint beginning to that Black Album ending\nListen close, you'll hear what I'm about\nNigga, feel my truths\n\n[Verse 2]\nMusic business hate me \u2018cause the industry ain't make me\nHustlers and boosters embrace me and the music I be making\nI dumbed down for my audience to double my dollars\nThey criticized me for it, yet they all yell \"holla\"\nIf skills sold, truth be told, I'd probably be lyrically Talib Kweli\nTruthfully I wanna rhyme like Common Sense\nBut I did 5 mill' \u2013 I ain't been rhyming like Common since (wooo!)\nWhen your cents got that much in common\nAnd you been hustling since your inception\nFuck perception! Go with what makes sense\nSince I know what I'm up against\nWe as rappers must decide what's most important\nAnd I can't help the poor if I'm one of them\nSo I got rich and gave back, to me that's the win/win\nSo next time you see the homie and his rims spin\nJust know my mind is working just like them (rims, that is)\n\n[Chorus]\nThank God for granting me this moment of clarity\nThis moment of honesty\nThe world'll feel my truths\nAll through my Hard Knock Lifetime, A Gift and a Curse\nI gave you Volume after Volume of my work\nSo you can feel my truths\nI built the Dynasty by being one of the realest niggas out\nWay beyond a Reasonable Doubt\nY'all can't fill my shoes\nFrom my Blueprint beginning to that Black Album ending\nListen close, you'll hear what I'm about\nNigga, feel my truths\n\n[Verse 3]\nMy homie Sig' was on a tier where no tears should fall\n\u2018Cause he was on the block where no squares get off\nSee, in my inner circle, all we do is ball\n'Til we all got triangles on our wall\nAin't just rapping for the platinum, y'all record\nI recall, \u2018cause I really been there before\nFour scores and seven years ago, prepared the flow\nPrepared for war, I should fear no man\nYou don't hear me though, these words ain't just 'pared to go\nIn one ear, out the other ear, no!\nYo, my balls and my word is alls I have\nWhat you gonna do to me, nigga? Scars will scab\nWhat, you gonna box me, homie? I can dodge a jab\nThree shots couldn't touch me, thank God for that\nI'm strong enough to carry Biggie Smalls on my back\nAnd the whole BK, nigga, holla back!\n\n[Chorus]\nThank God for granting me this moment of clarity\nThis moment of honesty\nThe world'll feel my truths\nAll through my Hard Knock Lifetime, A Gift and a Curse\nI gave you Volume after Volume of my work\nSo you can feel my truths\nI built the Dynasty by being one of the realest niggas out\nWay beyond a Reasonable Doubt\nY'all can't fill my shoes\nFrom my Blueprint beginning to that Black Album ending\nListen close, you'll hear what I'm about\nNigga, feel my truths", "image": "https://images.rapgenius.com/db98dd9c59a51c9b6b76f6d6a32cac9f.991x1000x1.jpg"}], "artist": "JAY-Z"}