{"songs": [{"title": "Heart of the City (Ain't No Love)", "album": "The Blueprint", "year": "2001-09-11", "lyrics": "[Produced by Kanye West]\n\n[Verse 1: Jay Z]\nFirst the Fat Boys break up, now every day I wake up\nSomebody got a problem with Hov\nWhat's up? You niggas all fed up \u2018cause I got a little cheddar\nAnd my record's movin' out the store?\nYoung fucks spittin' at me, young rappers gettin' at me\nMy nigga Big predicted this shit exactly\n\"Mo' Money, Mo' Problems\" \u2013 gotta move carefully\n\u2018Cause faggots hate when you gettin' money like athletes\nYoungins ice-grillin' me \u2014 oh, you not feelin' me?\nFine, it cost you nothin', pay me no mind\nLook, I'm on my grind, cousin, ain't got time for frontin'\nSensitive thugs, y'all all need hugs\nDamn, little mans, I'm just tryin' do me\nIf the record's two mil I'm just tryin' move three\nGet a couple of chicks, get 'em to try to do E\nHopefully they'll m\u00e9nage before I reach my garage\nI don't want much, fuck, I drove every car\nSome nice cooked food, some nice clean drawers\nBird-ass niggas, I don't mean to ruffle y'all\nI know you waitin' in the wing, but I'm doin' my thing\nWhere's the love?\n\n[Hook: Bobby Bland + Jay Z]\nAin't no love in the heart of the city\nI said, where's the love?\nAin't no love in the heart of town\n\n[Verse 2: Jay Z]\nAnd then the Fugees gonna break up\nNow everyday I wake up, somebody got somethin' to say\nWhat's all the fuckin' fussin' for?\nBecause I'm grubbin' more and I pack heat like I'm the oven door?\nNiggas pray and pray on my downfall\nBut every time I hit the ground I bounce up like roundball\nNow, I don't wanna have to kill soundboys\nDon't wanna have to cock back the four pound bar\nLook, scrapper, I got nephews to look after\nI'm not lookin' at you dudes, I'm lookin' past ya\nI thought I told you characters I'm not a rapper\nCan I live? I told you in '96 that I came to take this shit\nAnd I did handle my biz, I scramble like Randall with his\nCunningham, but the only thing runnin' is numbers, fam\nJigga held you down six summers, damn, where's the love?\n\n[Hook: Bobby Bland + Jay Z]\nAin't no love in the heart of the city\nI said, where's the love?\nAin't no love in the heart of town\n\n[Verse 3: Jay Z]\nThen Richard Pryor gon' and burn up\nAnd Ike and Tina Turner break up\nThen I wake up to more bullshit\nYou knew me before records, you never disrespected me\nNow that I'm successful you'll pull this shit\nNigga, I'll step on your porch, step to your boss\nLet's end the speculation, I'm talkin' to all of y'all\nMales shouldn't be jealous, that's a female trait\nWhat, you mad \u2018cause you push dimes and he sell weight?\nY'all don't know my expenses, I gotta buy bigger plates\nHehehe, and more baggies \u2014 why you all aggie?\nNigga, respect the game, that should be it\nWhat you eat don't make me shit; where's the love?\n\n[Hook: Bobby Bland + Jay Z]\nAin't no love in the heart of the city\nI said, where's the love?\nAin't no love in the heart of town", "image": "https://images.genius.com/1aebfd816914351eb7010bd441822da8.1000x1000x1.jpg"}], "artist": "JAY-Z"}