{"songs": [{"title": "\u200bspiritual", "album": null, "year": "2016-07-07", "lyrics": "[Intro]\nAnd it says, now the works of the flesh are manifest\nMeaning, the things that are in the sinful nature\nThey always come to the surface\nAnd when they come, when they come to the surface\nThey come to the surface as demons\n\n[Refrain]\n(All this work can pay off)\nI just want all this work to pay off\n(Just don't calculate us)\nDon't calculate us\n(Get to know you later)\nSpiritual, yes it is spiritual\nNo I'm not poison, no I'm not poison\n(Just don't calculate us)\nAlcohol in my room\nSpiritual, yes it is spiritual\nNo I'm not poison, no I'm not poison\n(Just don't calculate us)\nSpiritual, yes it is spiritual\nNo I'm not poison, no I'm not poison\n(Just don't calculate us)\nYeah, yeah, yeah\n\n[Hook]\nYeah, I am not poison, no I am not poison\nJust a boy from the hood that\nGot my hands in the air\nIn despair don't shoot\nI just wanna do good, ah\nI am not poison, no I am not poison\nJust a boy from the hood that\nGot my hands in the air\nIn despair don't shoot\nI just wanna do good, uh\n\n[Verse 1]\nPray your father's father wasn't touching his little daughter\nCreating trans-generational trauma, that shit'll haunt ya\nPray your little cousin ain't fall from the place that you fall asleep\nOf course it's hard for me\nNigga ain't dozed, I ain't washed in a week\nI ain't changed clothes 'til the Black Album\nY'all rap about it, I'm wrestlin' in these streets\n'Til I tapped out 'em, them niggas is WWE\nY'all can have that, I'm smack dab\nIn a hurricane of emotions\nCan't even raise my little daughter, my little Carter\nWe call her Blue cause it's sad that\nHow can I be a dad that, I never had that\nShattered in a million pieces, where the glass at\nI need a drink, shrink or something\nI need an angelic voice to sing something\nBless my soul, extend your arms, I'm cold\nHold me for a half hour until I am whole, yeah\n\n[Hook]\nI am not poison, no I am not poison\nJust a boy from the hood that\nGot my hands in the air\nIn despair, don't shoot\nI just wanna do good, ah\nAlcohol in my room\nSpiritual, yes it is spiritual\nNo I'm not poison, no I'm not poison\n(Just don't calculate us)\nSpiritual, yes it is spiritual\nNo I'm not poison, no I'm not poison\n(Just don't calculate us)\nYeah, yeah, yeah\n\n[Verse 2]\nSick of hiding in holes and behind hyperbole\nThis is the real me unfold\nGangster is love, I'm thuggin', I'm huggin'\nThis is tougher than any gun that I raised\nAny crack that I blazed, that was nothin'\nPeeling back the layers, uncovering\nScars that never healed, I never kept it this real\nI acted out, my life a stage, ten thousand people watchin'\nWhere's the little boy I knew?\nI must have forgot him\nStuntin', of course we never grew\nBut we're alone now and I'm singing this song for you\nStuntin', of course we never grew\nBut we're alone now and I'm singing this song...you\n\n[Hook]\nI am not poison, no I am not poison\nJust a boy from the hood that\nGot my hands in the air\nIn despair don't shoot\nI just wanna do good, ah\nI am not poison, no I am not poison\nJust a boy from the hood that\nGot my hands in the air\nIn despair don't shoot\nI just wanna do good, uh\nAlcohol in my room\nSpiritual, yes it is spiritual\nNo I'm not poison, no I'm not poison\n(Just don't calculate us)\nSpiritual, yes it is spiritual\nNo I'm not poison, no I'm not poison\n(Just don't calculate us)\nSpiritual, yes it is spiritual\nNo I'm not poison, no I'm not....", "image": "https://images.genius.com/042c5ee4a69ef2ed238341f7bcd3ed17.610x709x1.jpg"}], "artist": "JAY-Z"}