{"songs": [{"title": "Interlude", "album": "The Black Album", "year": "2003-11-14", "lyrics": "[Produced by Just Blaze]\n\n[Intro]\nThe other night when I was researching what was going to be discussed today I came across a passage wrote down, I think it really exemplifies what the young brother next to me was just talking about and I learned that all things must come to an end\nIt is an inevitable part of the cycle of existence, all things must conclude\nTake the analogy of a tree that grows in Brooklyn among the steel and the concrete with all its glorious branches and leaves, one day it too will pass on its legacy through the seeds it dropped to the ground and as the wind carries these seeds throughout wherever they might move a new life will begin for each one of them as they stand as a monument to the one that came before\nThat came before\nThat came before\nThat came before\nThat came before...", "image": "https://images.genius.com/58a07fb743226031d3ccf6dc472cccdf.991x991x1.jpg"}], "artist": "JAY-Z"}