{"songs": [{"title": "Criminology", "album": null, "year": null, "lyrics": "Brooklyn, and we don't quit\nIt\u2019s like this yo, and we don\u2019t stop\nJay-Z, Rock Jockey, check it:\nI get deep and dark like ditches\nBut when I rap, I come off\nLike death without the glitches\nNever crossed the black cat\nWith the riches, I\u2019m leaving\nStevie, saying \"no Wonder you\u2019re superstitious\"\nBeef, I\u2019m with it, simple\nYa\u2019ll can all get it..\nYa\u2019ll don\u2019t all get it\nDon\u2019t nobody of mind for this matter\nCan gather the data\nUntil your mind don\u2019t matter\nI bubble like lather\nHustle like the lead-off batter\nCause all that matters is the money\nTil it ain\u2019t funny, you feel me?\nWhen the beast screams \"kill me\"\nDon\u2019t jerk me boy, I rip it silly\nI\u2019ll let you rise, of course\nBut if you don\u2019t fall off on your own\nMC's, I cut off at the knees like shorts\nIt gets worse - if you don\u2019t care\nFor my sick thoughts like a nurse\nWith no known remedy\nI\u2019m leaving boys and men\nOn \"bended knee\" til \"the end of the road\"\nI lie low, forget this record shit, with one sale\n\nYo, pardon me..\n\nCheck it out:\nThe nerve of these herbs\nYa\u2019ll know who swerve\nFrom the curb in the LEX\nThe best observe\nI\u2019m splashing, splurging\nDashing, that\u2019s my word, you know?\nChampagne glass is crashing, can\u2019t ration\nUsed to having a whole lot\nSo dough - I blow a lot\nHad a buck fifty while\nYou were still taking Skippy to school\nRan with one of them cats\nThat hides Tiffany\u2019s for them jewels\nBack when Duke was jumping\nOut of cabs in Krush Groove\nI was scheming and plotting mostly\nDreaming alive, but look what it got me..\nFour cars and four hundred thousand shots later\nYou know what I mean?\n\nTrying not to curse, you know?\nTrying not to curse up in this piece..", "image": "https://images.genius.com/bf0f68ee56f29c8542ad805c6419682b.676x676x1.jpg"}], "artist": "JAY-Z"}