{"songs": [{"title": "Freestyle I Need Love", "album": null, "year": "2003-11-25", "lyrics": "When Im Alone In My Room Sometimes I Stare At The Wall\nBut In The Back Of My Mine I Hear my conscience Call\nTelling Me I Need A Girl Who's As Sweet As A Dove\nBut Fuck That My Name HOV And You know Im Thug\nSo If You Stuck Off Love i Suggest You Get Over It\nMa Cry Me A River Build A Bridge And Get Over It\nThey Love It When Im Hard On Hoes\nThey Said A G Don't Give A Bitch No Keys Or Security Codes\nI Agree My Lady Ain\u00b4t No Bitch She Get Whatever I Own\nSo When You See Understand Thats Me Nigga\nUnderstand Im still the same OG Nigga\nI know the difference between a bitch and a B, Nigga", "image": "https://images.genius.com/bf0f68ee56f29c8542ad805c6419682b.676x676x1.jpg"}], "artist": "JAY-Z"}