{"songs": [{"title": "American Boy (Live at Glastonbury 2008)", "album": null, "year": null, "lyrics": "London bridges are falling down\nNot bridges but britches when Jigga\u2019s in town\nLady, show me your knickers\nI might let you kick it if you don\u2019t tell the missus\nQuick, run, before the tabloids come\nRun from the night or we end up in The Sun\nI\u2019m just taking the piss \u2014 unless you\u2019re gonna do it\nOh Nelly\u2019s gone so Makaveli\nBring two packs of condoms when you come to the tele\nTell me if this is true\nIf diamond\u2019s are a girls\u2019 best friend, my crew\nWould like to extend an invitation to you\nWe like to invite you to\nOur family \u2013\nJewelry I mean \u2018cause my jewels currently is being guarded by the queen", "image": "https://images.genius.com/bf0f68ee56f29c8542ad805c6419682b.676x676x1.jpg"}], "artist": "JAY-Z"}