{"songs": [{"title": "Paradise", "album": null, "year": null, "lyrics": "I deserve a gold medal, get on my level\nI deserve platinum plaques, to match my bezel\nI walk around with five rings, so pimpish\nWelcome to the Paralympics\nIt\u2019s paradise, this is the story of Gabby\nIt\u2019s paradise, it\u2019s paradise\nTears in her eyes, she sacrificed, he sacrificed, she paid the price\nThis is everything, everything she ever dreamed\nShe had nightmares she wouldn\u2019t be here, she made the team\nFrom the projects to the podium, accepting awards with my Rollie on\nGettin\u2019 Gold medals with my grill in\nC-walking, cause all they see is a villain\nMore belts than Phelps, Merry Christmas, my presence is felt\nGold medals around my throat, you can take everything, except my hope of reaching\nParadise, paradise\nWhoa-o-o-o-o", "image": "https://images.genius.com/bf0f68ee56f29c8542ad805c6419682b.676x676x1.jpg"}], "artist": "JAY-Z"}