{"songs": [{"title": "Can't Knock The Hustle/Family Affair", "album": null, "year": null, "lyrics": "Bounce, bounce, bounce, Jay-Z huh?\nYeah, yeah, yeah, Roc-A-Fella y'all, ha ha\nBounce, bounce, bounce, Roc-A-Fella y'all\nCheck, check\nYo, I'm making short term goals, when the weather folds\nJust put away the leathers and put ice on the gold\nChilly with enough bail money to free a Big Willie\nHigh stakes, I got more at stake than Philly\nShopping sprees, coping three\nDeuce fever IS's fully loaded, ah yes\nBouncing in the Lex Luger, tires smoke like Buddha\n50 G's to the crap shooter, niggas can't fade me\nChrome socks beaming\nThrough my peripheral I see ya scheming\nStop dreaming, I leave your body steaming\nNiggas is fiending, what's the meaning?\nI'm leaning on any nigga intervening\nWith the sound of my money machine-in\nMy cup runneth, over with hundreds\nI'm one of the best niggas that done it, six digits and runnin'\nY'all niggas don't want it, I got the Godfather flow\nThe Don Juan DeMarco, swear to God, don't get it fucked up\nI'm taking out this time\nTo give you a piece of my mind (cause you can't knock the hustle)\nWho do you think you are?\nBaby one day you'll be a star\nLast seen out of state where I drop my slang\nI'm deep in the South kicking up top game\nBouncing on the highway switching fo' lanes\nScreaming through the sunroof, money ain't a thing\nYour worst fear confirmed\nMe and my fam' roll tight like The Firm\nGetting down for life, that's right, you better learn\nWhy play with fire, burn\nWe get together like a choir, to acquire what we desire\nWe do dirt like worms, produce G's like sperm\nTill legs spread like germs\nI got extensive hoes, with expensive clothes\nAnd I sip fine wines and spit vintage flows\nWhat y'all don't know?\nYeah, yeah, yeah, yeah, cause you can't knock the hustle\nBut until the late thang I'm the one who's crazy\nCause that's the way you're makin me feel\n(Cause you can't knock the hustle)\nI'm just tryin to get mine, I don't have the time\nTo knock the hustle for real\nYo, y'all niggas lunching, punching the clock\nMy function is to make much and lay back munching\nSipping Remy on the rocks, my crew, something to watch\nNothing to stop, un-stoppable\nScheme on the ice, I gotta hot your crew\nI gotta, let you niggas know the time like Movado\nMy motto, stack rocks like Colorado\nAuto off the champagne, Cristal's by the bottle\nIt's a damn shame what you're not though (who?) Me\nSlick like a gato, fucking Jay-Z\nMy pops knew exactly what he did when he made me\nTried to get a nut and he got a nut and what\nStraight bananas, can a nigga, see me?\nGot the US Open, advantage Jigga\nServe like Sampras, play fake a rappers like a campus\nLe Tigre, son you're too eager\nYou ain't having it? Good, me either\nLet's, get together and make this whole world believe us huh?\nAt my arraignment, screaming\nAll us blacks got is sports and entertainment, until we even\nThieving, as long as I'm breathing\nCan't knock the way a nigga eating, fuck you even!\nI'm taking out this time\nTo give you a piece of my mind\nWho do you think you are?\nBaby one day you'll be a star\nBut until the late thing I'm the one who's crazy\nCause that's the way you're making me feel\nI'm just trying to get mine, I don't have the time\nTo knock the hustle for real", "image": "https://images.genius.com/bf0f68ee56f29c8542ad805c6419682b.676x676x1.jpg"}], "artist": "JAY-Z"}