{"songs": [{"title": "The Story of OJ - Ms. Brown Version", "album": null, "year": null, "lyrics": "Skin is skin, is\nSkin black, my skin is black\nMy, black, my skin is yellow\n\nLight nigga, dark nigga, faux nigga, real nigga\nRich nigga, poor nigga, house nigga, field nigga\nStill nigga, still nigga\nI like that second one\nLight nigga, dark nigga, faux nigga, real nigga\nRich nigga, poor nigga, house nigga, field nigga\nStill nigga, still nigga\n\nO.J. like, \"I'm not black, I'm O.J.\"\nOkay\nHouse nigga, don't fuck with me\nI'm a field nigga with shined cutlery\nGold-plated quarters where the butlers be\nI'mma play the corners where the hustlers be\nI told him, \"Please don't die over the neighborhood\nThat your momma rentin'\nTake your drug money and buy the neighborhood\nThat's how you rinse it\"\nI bought every V12 engine\nWish I could take it back to the beginnin'\nI coulda bought a place in Dumbo before it was Dumbo\nFor like two million\nThat same building today is worth twenty-five million\nGuess how I'm feelin'? Dumbo\n\nLight nigga, dark nigga, faux nigga, real nigga\nRich nigga, poor nigga, house nigga, field nigga\nStill nigga, still nigga\nLight nigga, dark nigga, faux nigga, real nigga\nRich nigga, poor nigga, house nigga, field nigga\nStill nigga, still nigga\n\nYou wanna know what's more important than throwin' away money at a strip club? Credit\nYou ever wonder why Jewish people own all the property in America? This how they did it\nFinancial freedom my only hope\nFuck livin' rich and dyin' broke\nI bought some artwork for one million\nTwo years later, that shit worth two million\nFew years later, that shit worth eight million\nI can't wait to give this shit to my children\nY'all think it's bougie, I'm like, it's fine\nBut I'm tryin' to give you a million dollars worth of game for nine ninety-nine\nI turned that two to a four, four to an eight\nI turned my life into a nice first week release date, mm\nY'all out here still takin' advances, huh?\nMe and my niggas takin' real chances, uh\nY'all on the 'gram holdin' money to your ear\nThere's a disconnect, we don't call that money over here, yeah\n\nLight nigga, dark nigga, faux nigga, real nigga\nRich nigga, poor nigga, house nigga, field nigga\nStill nigga, still nigga\nLight nigga, dark nigga, faux nigga, real nigga\nRich nigga, poor nigga, house nigga, field nigga\nStill nigga, still nigga", "image": "https://images.genius.com/bf0f68ee56f29c8542ad805c6419682b.676x676x1.jpg"}], "artist": "JAY-Z"}