{"songs": [{"title": "Coming of Age", "album": "Reasonable Doubt", "year": "1996-06-25", "lyrics": "[Intro: Jay-Z]\nYeah...\nCome experience... life as we know it\nAs some of you should know it\nPlace: Marcy, Brooklyn\nActions: well, y'all know the actions\n\n[Verse 1:  Jay-Z]\nUhh, I got this shorty on my block always clocking my rocks\nHe likes the style and profile I think he want to mock\nHe likes the way I walk, he see my money talking\nTo honies hawking I'm the hottest nigga in New York and\nI see his hunger pains, I know his blood boils\nHe want to run with me, I know this kid will be loyal\nI watched him make a few ends, to cop his little sneakers and gear\nThen it's just enough for re-up again\nI see myself in his eyes, I moved from Levi's\nTo Guess to Versace, now it's diamonds like Liberace\nThat's just the natural cycle, nobody want to be like Michael\nWhere I'm from, just them niggas who bounced from a gun\nWe out here trying to make hard white into cohhhhld green\nI can help shorty blow out like Afro-Sheen\nPlus I can relive my days of youth which is gone\nThat little nigga's peeps, it's time to put him on\n\n[Chorus: Jay-Z & (Memphis Bleek)]\nIt's time to come up (and hold my own weight, defend my crown)\nGots to lock it down and when they rush (stand my ground)\nIt's time to come up (stick up my chest, and make some loot)\nGots to lock it down and when they rush (stand on my own two)\n\n[Verse 2: Memphis Bleek]\nI'm out here slinging, bringing the drama, trying to come up\nIn the game and add a couple of dollar signs to my name\nI'm out here serving, disturbing the peace\nLife could be better like my man reclined in plush leather seats\nHe's selling weight, I'm selling eight.. balls\nSixteen, trying to graduate to pushing quarters y'all\nI ain't going to sweat him I'm a let him come to me\nIf he give me the nod then these niggas going to see\nI'm tired of being out here round the clock, and breaking day\nAnd chasing crack heads up the block for my pay\nI'm staying fresh, so chickens check\nI'm trying to step up to the next level\nPushing Vettes through the 'jects, diamonds reflect from the sun\nDirectly in your equilibrium, and stunned\nI'm waiting for my day to come, I got the urge to splurge\nI don't want a lifetime sentence, just give me the word\n\n[Chorus: Jay-Z & (Memphis Bleek)]\nIt's time to come up (and hold my own weight, defend my crown)\nGots to lock it down and when they rush (stand my ground)\nIt's time to come up (stick up my chest, and make some loot)\nGots to lock it down and when they rush (stand on my own two)\n\n[Verse 3: Jay-Z and Memphis Bleek]\nHey fella I been watching you clocking\nWho me? Holding down this block it ain't nothing\nYou the man nigga, now stop fronting\nHahah I like your style (Nah, I like your style)\nLet's drive around awhile (Cool nigga)\nHere's a thou' (A G? I ride with you for free)\nI want the long-term riches and bitches\nHave it all, now listen to me\nYou let them other niggas get the name, skip the fame\nTen thou' or a hundred G keep your shit the same\n(On the low?) Yeah, the only way to blow\nYou let your shit bubble quietly (AND THEN YOU BLOW!)\nHey keep your cool\nThe only way to peep a fool is let him show his hand\nThen you play your cards, then he through dealing I understand\nDon't blow your dough on hotties\nThe only thing I got in this world is my word and my nuts\nAnd won't break them for nobody\nHah, I like your resume, pick a day, you can start\nFrom now until death do us part, nigga\n\n[Chorus: Jay-Z & (Memphis Bleek)]\nIt's time to come up (and hold my own weight, defend my crown)\nGots to lock it down and when they rush (stand my ground)\nIt's time to come up (stick up my chest, and make some loot)\nGots to lock it down and when they rush (stand on my own two)\nIt's time to come up (and hold my own weight, defend my crown)\nGots to lock it down and when they rush (stand my ground)\nIt's time to come up (stick up my chest, and make some loot)\nGots to lock it down and when they rush (stand on my own two)", "image": "https://images.genius.com/18040c4f503942a16d6577d9820644cb.1000x1000x1.jpg"}], "artist": "JAY-Z"}