{"songs": [{"title": "Guns & Roses", "album": "The Blueprint 2: The Gift & The Curse", "year": "2002-11-12", "lyrics": "[Intro: Lenny Kravitz]\nYeah it's magic\nUhh, Jay-Z and Lenny Kravitz\nAnd it's a Heavy D production you bastards\nCome on\nHa, hey yo stop playing man\nThis is real serious\nHa (It's the rock) yeah yo\nLet's go\n\n[Verse 1: Jay-Z]\nLet's go\nPost Positano, Hov' hanging with Bono\nU2 can live like Salvatore Ferragamo\nAnd you, too, can cool out poolside at the Delano\nIf you, too, flow like you was out of your mind yo\n'Cause who knew dude that loved apple pies from McDonald's\nWould soon be the boss of the Big Apple, ya know\nAnd who knew dude that played ball for the NBA\nWould make a mistake on the who knew estates, throw it away\nWho knew that would be his last shot, who drew up that play\nThey giveth and they taketh life is cruel that way\nBut even a broken clock is right at least two times a day\nYou could have turned Guns into Roses like two times today\nNow here's something you gotta say two times to Jay\nI got my shades on waiting for the sun to shine my way\nGot my boom box, suntan lotion waiting for action\nThey say when you play with skills, good luck could happen\nLet's go\n\n[Break: Jay-Z (Lenny Kravitz)]\n(C'mon) It's the Roc\n(C'mon) It's the Roc\n(C'mon) It's the Roc\n(C'mon) It's the Roc\nLet's rock\n\n[Verse 2: Jay-Z]\nThings got too hot so I jumped off in this rap shit\nYou got it Kris-crossed ain't no turning me backwards\nToo many District Attorneys concerned with the actions\nOf one individual, he's criminally attached\nI turned in all my rap chips I'm earning my bachelors\nBy dating all the models and actresses\nI'm learning all the potholes in every single barrio\nTrying not to mess up my axis kid\nOn the road to the riches through trafficking\nThrough rapping and whatever's happening\nRocawear, I'm the young black Ralph Lauren\nEvery time I get out they put me right back in\nThe Michael Corleone of the microphone\nThe Michelangelo of flow, I paint pictures with poems\nI gather no moss like a rolling stone\nIn case the Grim Reaper visits my home, nigga I'm gone c'mon\n\n[Break: Jay-Z (Lenny Kravitz)]\n(C'mon) It's the Roc\n(C'mon) It's the Roc\n(C'mon) It's the Roc\n(C'mon) Let's rock (c'mon)\n\n[Chorus: Lenny Kravitz]\nLife is all about Guns and Roses\nBittersweet like friends and foes is\nSome get left behind and some get chosen\nJust like life, Guns and Roses\n\nLife is all about Guns and Roses\nBittersweet like friends and foes is\nSome get left behind and some get chosen\nJust like life, Guns and Roses\n\n[Verse 3: Jay-Z]\nTote more Guns than Roses, foes is\nVisibly shook of the invisible bully (let's go)\nFlowers need water to grow, it gotta rain\nIn order to experience joy you need pain\nEvery time a baby is born, somebody's slain\nYou know the saying, somebody's lose is another's gain\nThe sun comes out when the water goes down the drain\nA rainbow then the clouds come out we do it again\nEverything evens up, you just wait\nEven a garbage can gets a steak\nYou ain't even a garbage can you have faith\nBut when it turns your way before it turns away\nGotta turn that into something you gotta learn from Jay\nYou'll get return in your investment if attention you pay, let's go\n\n[Break: Jay-Z (Lenny Kravitz)]\n(C'mon) It's the Roc\n(C'mon) It's the Roc\n(C'mon) It's the Roc\n(C'mon) That's right (c'mon)\n\n[Chorus: Lenny Kravitz]\nLife is all about Guns and Roses\nBittersweet like friends and foes is\nSome get left behind and some get chosen\nJust like life, Guns and Roses\n\nLife is all about Guns and Roses\nBittersweet like friends and foes is\nSome get left behind and some get chosen\nJust like life, Guns and Roses\n\n[Outro: Lenny Kravitz]\nLife is all about Guns and Roses", "image": "https://images.genius.com/bbaaa25ac55d3bc2008448e1647d3b54.720x631x1.jpg"}], "artist": "JAY-Z"}