{"songs": [{"title": "Sunshine (Radio Edit)", "album": null, "year": null, "lyrics": "[feat. Foxy Brown]\n[Jay-Z]\nWhat, tssh, y'all, what\nJigga, uhh uhh uhh, uh-huh\nPa-pa, uhh, pa-pa, uhh\nThe G, Roc-A-Fella y'all\nWho be, in a Japanese restaurant, eating sushi\nDrinking saki, it's me, and my mami with the doobie\nCutie, smellin like Tiaka, half-Phillipine thing\nFor now, let's call her Suki, got me this booty bangin\nProperly, in Versace pants, cocky bow-legged stance\nA thing of beauty, watch me, body crazy\nTits Firm like Nature, Foxy, Nas and AZ\nTruly reason to bug the toolie and keep laced in jewelry watch me\nGirlie tried to lure me and lock me you gotta get up early\nCause who's gettin played is not me\n\"Surely you jest,\" she said, \"if you thought I was purely\nOut for the bucks you woulda bucked stuck and dropped me\"\nI said maturely, \"You right\nBut better safe than sorry, but for the lovebirds\nCan move to the suburbs, I need to double check your story\nTo make sure that you one of a kind\nAnd you deserve to be my Sunshine\"\n\n[Chorus: Babyface (variations not listed except for first time)]\nTouch me with, a heart of gold (uh-huh)\nI can't go a day without my sunshine (uh-huh) ahh-haaa (say what? uhh)\nTouch me with, a smile of gold (yeah)\nI can't go a day without my sunshine, sunshine (uhh, uhh, uhh)\n[Jay-Z, (Foxy Brown)]\nA year gone, and she seein things most chicks only\nHear in songs (uh-huh) keep in gear phenom\nLots of ice in the air, round the neck the charm (that's right)\nRisked a four to life bid to keep that shit on her arm\nKeep her impressed at all times, cats would love to creep (uh-huh)\nJust to say they crept with mine, slept with mine, she said\n[Foxy Brown, (Jay-Z)]\nI ain't deaf nor blind, niggas stressin\nHatin cause they less than mine, they wanna sex me\nWe chose each other, you actin like you chose me\nThey oppose you then, they oppose me\nWe could creep at a low speed, the gat in the hosiery\nDouble cross you they got to triple cross me\n(I'm thinking that's the way it's supposed to be) Uh-huh\n(One more thing:\nIf I ever go broke, would you hit the block for me?) Fo' sho'\n(She replied, eyes open wide) Uhhhh\n(Put that on everything?) I put that on my life\n(Right)\n\n[Chorus]\n[Jay-Z, (Foxy Brown)]\nIf I needed would you, give me your kidneys? (Uhh, uhh, fo' sho')\nCatch a case you catch it with me? (Mmm, fo' sho')\nPawn your jewlery to come get me? (You better know)\nCatch me with a chick, forgive me? (Uhh, now that, I don't know)\nThey spread rumors, will you defend me, tooth and nail? (Uh-huh)\nThey try to frame me, will you be there, till the truth prevail? (uhh)\n(But would you be the same dude, when you blow the roof off sales\nThat you was, throwin rocks, at the Roof at 12, nigga?)\nThis is the truth I shell, till the loot gets frail\nI put this on my nephews, from the smallest to the pale\nMe and you ballin, from the heavens, or the hell\nWon't let you hit the ground if I'm fallin myself\nNow picture me leavin you in this cold world, rollin for delf\nIt's me and you in this old girl, we takin the belt\nFrom the lows, to the highs, to the foes we shine\nJust continue to be my Sunshine (uhhh)\n\n[Chorus 2X]", "image": "https://images.genius.com/bf0f68ee56f29c8542ad805c6419682b.676x676x1.jpg"}], "artist": "JAY-Z"}