{"songs": [{"title": "Open Letter", "album": "Magna Carta... Holy Grail", "year": "2013-04-11", "lyrics": "[Intro]\nLadies and gentlemen\nGoddammit\nLet this shit knock\n\n[Verse 1]\nI done turned Havana to Atlanta\nGuayabera shirts and bandanas\nEvery time you think they got me I switch the planner\nBulletproof this, radio scanners (you got scanners, we got scanners)\nBalling 'til they ban us\nYou getting too much bread, they try to jam you\nBoy from the hood but got White House clearance\nSorry y'all, I don't agree with y'all parents\nPoliticians never did shit for me\nExcept lie to me, distort history\nWanna give me jail time and a fine\nFine, let me commit a real crime\nI might buy a kilo for Chief Keef\nOut of spite, I just might flood these streets\nHear the freedom in my speech\nGot an onion from Universal, read it and weep\nWould've brought the Nets to Brooklyn for free\nExcept I made millions off it, you fuckin' dweeb\nI still own the building, I'm still keeping my seat\nY'all buy that bullshit, you'd better keep y'all receipt\nObama said \"Chill, you gonna get me impeached\"\nBut you don't need this shit anyway, chill with me on the beach\n\n[Hook: Swizz Beatz]\nY'all gon' learn today\n\n[Verse 2]\nY'all must want to start a revolution\nYou know whenever I'm threatened, I start shooting (Bang!)\nCatch a body, head to Houston\nI'm in Cuba, I love Cubans\nThis communist talk is so confusing\nWhen it's from China, the very mic that I'm using\nIdiot wind, the Bob Dylan of rap music\nYou're an idiot, baby, you should become a student\nOh, you gonna learn today\nWhere the fuck have you been\nThe world's under new management\nThe new role model, fuck this Zoolander shit\n\n[Hook]", "image": "https://images.genius.com/9863a37574243d10b5291f33477b05d7.564x564x1.jpg"}], "artist": "JAY-Z"}