{"songs": [{"title": "Girls, Girls, Girls, Pt. 2", "album": "The Blueprint", "year": "2001-09-11", "lyrics": "[Intro: Sample (JAY-Z)]\nI'm not a one girl's guy... (real talk for ya, peep game)\nAin't they know it, when it comes to love, I don't lie\n(we don't lie man)\nAnd the girls respect me for it (you gotta respect that)\nAin't gonna say my nose can't be open (I may never say never)\nBut right now it's just too many fine ladies out there to choose one from (too many ladies, ha)\n\n[Pre-Chorus: JAY-Z]\nI love girls, girls, girls, girls, girls I do adore\nYo put your number on this paper 'cause I would love to date ya\nHolla at ya when I come off tour\n\n[Verse 1: JAY-Z]\nWoo! Who you lovin', who you wanna be huggin'?\nWho you wit, who you wanna be fuckin'?\nGot this smarty art chick to whom I pose this question\nI read a couple books to add to her soul's progression\nTo put this in laymen's term, I gave her some knowledge\nShe gave me, brains in return, she had to drop out of college\nNow all she does is homework, I give her in house tutorin'\nIn and out I'm movin' through her student body union\nAnd she, call me \"Professor,\" say daddy come and test her\nSo she could fail on purpose and repeat the semester\nI'm like, at this rate ma you never graduate\nShe said, I ain't no fool I'll make it up in summer school\n\n[Chorus: JAY-Z (Sample)]\nI love girls, girls, girls, girls, girls, I do adore\nYo put your number on this paper 'cause I would love to date ya\nHolla at ya when I come off tour\nNow let the people sing\n(I'm tryin' girls out, just tryin' girrrrrls out)\nYo put your number on this paper 'cause I would love to date ya\nHolla at ya when I come off tour\n\n[Verse 2: JAY-Z]\nHuh, who you lovin', who you wanna be fuckin'?\nWho said what, why you trippin' girl, why's you fussin'?\nGot this model slash actress slash part time waitress\nSpend her whole day, she hanging round with part time haters\nAll they do is dish dirt and put a up on my latest\nItinerary, but since I tend to vary, see\nI tend to carry, more rumors than ten Mariah Careys\nTend to hurries in ten places at once\nPlus she can't front, 'cause peep how I run mines\nMa, our time together is our time together, and uh\nOur time apart is our time apart\nSo love Jay with your mind girl and not your heart\nAnd some day I slow down, but for now I get around\nLike the late Makaveli or Pirelli twenty inches\nOr Caine and O-Dog, stick up tape from Menace\nYou tell 'em chicks if they must know my business\n\n[Chorus: JAY-Z (Sample)]\n(I'm tryin' girls out, just tryin' girrrrrls out)\nPut your number on this paper 'cause I would love to date ya\nHolla at ya when I get off tour\nI'm tryin' girls, girls, girls, girls, girls, I do adore\nYo put your number on this paper 'cause I would love to date ya\nHolla at ya when I come off tour\n\n[Verse 3: JAY-Z]\nI'm lookin' for a Southern girl that cook like Patti LaBelle\nBig ghetto booty, scarf over her doobie\nChanel under the Louis, Gucci over her booty\nVicky cover her titties, attitude of the city\nPretty, witty, girly, worldly\nOne who likes to party but come home early\nLight kinda dark, short sorta tall\nSlim, kinda thick, I swear I love 'em all\nShe can cook the coke and got hook up on the license\nBut she can get you first class seats for coach prices\nIsn't this great, my flight leaves at eight\nHer flight lands at nine, my game just rewinds\n\n[Chorus: JAY-Z (Sample)]\n(I'm tryin' girls out, just tryin' girrrrrls out)\nPut your number on this paper 'cause I would love to date ya\nHolla at ya when I get off tour\nI'm tryin girls, girls, girls, girls, girls I do adore\nYo put your number on this paper 'cause I would love to date ya\nHolla at ya when I come off tour\n\n[Outro: The Persuaders sample]\nI'm not a one girl's guy, and they know it\nWhen it comes to love, I don't lie, and the girls respect me for it\nAin't gonna say my nose? can't be over\nBut right now it's just too many fine ladies out there to choose one from\nI'm tryin' girls out, waitin' patiently\nJust tryin' girls out, until I find the one for me", "image": "https://images.genius.com/1aebfd816914351eb7010bd441822da8.1000x1000x1.jpg"}], "artist": "JAY-Z"}