{"songs": [{"title": "DJ Self Freestyle", "album": null, "year": null, "lyrics": "[Jay-Z]\nThe nerve with you herbs\nY'all know it's work from the curb\nWith the Lex - the best - observe:\nFuck what you heard: splashing, splurging\nDashing, that's my word, you know?\nChampagne glasses crashing, can't ration\nUsed to having a whole lot, so dough, I blow a lot\nHad a buck fifty while you was still\nTaking Skippy to school\nRan with one of them niggas that heists Tiffany's\nFor them jewels. Back when Duke was jumping\nOut of Cap'n Crunch food, I was scheming the plot\nMostly dreaming a lot but look what it got me\n4 cars and 400,000 shocks later, fucked up in gators\nYou scared to look, niggas is shook\nFuck it, you're vibrators\nBullets rank off the hook when niggas try to violate us\nFBI spies hate us, all they gotta check is my\nLatest cut then follow my moves: I'm the greatest\nFuck how haters been paying dues\nI cheated, committed felonies when needed\nWhile you niggas starve, fuck what you're making\nIf you was hustling like you said\nWe would've bumped paths, so I know you niggas is faking\nWord up - '95 and forever yo", "image": "https://images.genius.com/bf0f68ee56f29c8542ad805c6419682b.676x676x1.jpg"}], "artist": "JAY-Z"}