{"songs": [{"title": "If I Can't (Freestyle)", "album": "The S. Carter Collection", "year": null, "lyrics": "[Intro: Jay-Z]\nNigga I can make four more albums off memory!\nYa\u2019ll ain\u2019t never goin be better than me\nI\u2019m a do this till I\u2019m 80\n\n[Verse 1]\nEverybody wanna rhyme like Hov\nCause I rhyme like I be rhyming in the Rov'\nClimbing in them hoes\nMind like a diamond, I\u2019ll blind you at the shows\nI don\u2019t shine, I glow, I remind you of that dough, don\u2019t I?\nDid I? Hustle the game just the thought alone\nGive me a boner Coach cater to a coma\nCan\u2019t out hustle a hustler, you can\u2019t outplay a player\nThis rap shit is a layup\nIn my former biz motherfuckers would spray ya\nIn the music biz motherfuckers just say stuff\nSpit on you and spray yeah niggas just play tough\nWhen the cameras on, When the cameras gone\nNiggas want to set up meetings\n\u2018Cause they know most likely when I see em\u2019 I\u2019m a set up a beating\nWindows no tints, cars no rims\nThat\u2019s because we handle ours like grown men\nI ain\u2019t touch a wheel since I drove the Bent\nThat\u2019s cause it was a coupe, nah I ain\u2019t souped\nI was telling the truth and you Tom Cruise\nYou can\u2019t handle it, handle it nigga is what I do\nI tried to be modest on Blueprint 2\nBut ya\u2019ll don\u2019t respect modest, ya\u2019ll respect ma dollars\nYou got to believe I think like a artist\nBut my bills through the roof can\u2019t do numbers like The Roots\nNo disrespect I be trying to disconnect\nBut niggas keep pulling me back in, I\u2019m trapped in\nMy pops got a liver disorder\nMy whole living's disordered, and I just got his living room ordered\nAnd you wonder why the chip on my shoulder is more like a brick or a boulder\nYou\u2019ll understand maybe when you get older\nGot a hundred niggas on your dick saying you ought to record like this\nOr what have you, niggas is back stabbing you\nBitches mad at you, \u2018cause they can\u2019t have you\nPress want to know about the daughter of Matthew\nNow it\u2019s back to the hood again, all black hood again\nBack to old ladies saying what I could\u2019ve been\nBack to the gats \u2013 you forgot I\u2019m real good with them\nThey goin put a nigga in jail, oh well\n\n[Hook: 50 Cent]\nIf I can\u2019t, do it, homie it can\u2019t be done\n\n[Verse 2]\nI\u2019m the one \u2013 I\u2019m not the two not the three not the four the five\nI take the pain from my life pour it all aside\nTake my strain and my stride, take my ego and pride\nUsed them to kick down the door, brought my people inside\nAnd I hope you, ain\u2019t think I wrote this\nTo entertain you, cause that ain\u2019t what I came to do\nI will bang you, I will act like orangutans do\nI give you hot wings turn niggas to angels\nUnderstand my angle, I\u2019m safety first, don\u2019t make me act like the safety don't work\nTough niggas get it the worst, I\u2019m begging you come for us\nI\u2019m giving motherfuckers dirt comforters\n\nNight night nigga take a dirt nap\u2026 I know you hear the footsteps...", "image": "https://images.genius.com/0572d3c2a8305ab228c6cfdc3005ee89.300x300x1.jpg"}], "artist": "JAY-Z"}