{"songs": [{"title": "Never Change", "album": "The Blueprint", "year": "2001-09-11", "lyrics": "[Produced by Kanye West]\n\n[Intro: JAY-Z + sample]\nNever, never, never, never change\nI never change, this is Jay every day\nI never change!\nI never change, this is Jay every day\nI never change!\nI never change, this is Jay\n\n[Verse 1: JAY-Z]\nI am a Roc representer, (Hov'), summer to winter\n(Hov'), dead or alive, (uhh), 24/7, 365\nOne CD or three hundred and sixty pies\nWhat's up to E and Kirk? Welcome home to Taj\nLet no amount of money ruin this thing of ours (uhh)\nWe run streets like drunks run street lights\nWe collidin' with life as we speak\nWe knee-deep in coke, we ki deep in ice\nWe flood streets with dope, we keep weed to smoke\nWe all fish, better teach your folk\nGive him money to eat, the next week he's broke\n'Cause when you sleep he's reachin' for your throat\nWord on the skreet, you reap what you sow\nNot out of fear but love, love for the game\nRoc family first, we never change, man\n\n[Chorus: Kanye West, sample & (JAY-Z)]\nNever, never, never, never change\nI'm still fuckin' with crime 'cause crime pays\nI never change!\nOut hustlin', same clothes for days\nI never change!\nI'll never change, I'm too stuck in my ways, I never change\n(Who you know like Hov'?)\nNever, never, never, never change\nI'm still fuckin' with crime 'cause crime pays (that's right)\nI never change!\nOut hustlin', same clothes for days\nI never change!\nI'll never change, I'm too stuck in my ways, I never change\n\n[Verse 2: JAY-Z]\nWhat's up to my Miami and St. Thomas connects? (whattup)\nI'll never mention your name, I promise respect\nDeath before dishonor, correct?\nYup, that's what you promised me, since the Bomber League\nAlong with, if we stay strong\nWe can get paper longer than Pippen's arms (woo!)\nPlead the fifth when it comes to the fam\nI'm like a dog: I never speak, but I understand\nWhere my dogs at? Where my soldiers at war?\nWhere your balls at? Whoa, gotta pause that, whoa\nLost 92 bricks, had to fall back\nKnocked a nigga off his feet, but I crawled back\nHad A-1 credit, got more crack\nFrom the first to the fifth, gave it all back\nIf I'm not a hustler, what you call that?\nThis is before rap, this is all fact; I never change\n\n[Chorus: Kanye West, sample & (JAY-Z)]\nNever, never, never, never change\nI'm still fuckin' with crime 'cause crime pays\nI never change!\nOut hustlin', same clothes for days\nI never change!\nI'll never change, I'm too stuck in my ways, I never change\n(Who you know like Hov'?)\nNever, never, never, never change\nI'm still fuckin' with crime 'cause crime pays (never change)\nI never change!\nOut hustlin', same clothes for days (come on)\nI never change!\nI'll never change, I'm too stuck in my ways, I never change\n\n[Verse 3: Jay Z]\nWhat, the streets robbed me, wasn't educated properly\nWell, fuck y'all, I needed money for Atari\nWas so young my big sis' still playin' with Barbie\nYoung brother, big city, eight million stories\nOld heads taught me, youngin, walk softly\nCarry a big clip, that'll get niggas off me\nKeep coke in coffee, keep money smellin' mothy\nChains is cool to cop but more important is lawyer fees\n(Uhh) That's how it is now, (uhh) that's how it always be\n(Uhh) I never change, this is always me\nFrom the womb to the tomb, from now until my doom\nDrink Army from one cup, pass it around the room (that's a family nigga)\nThat's the ritual (yup), Big Ran, I ain't forget you, fool\nAnd all that bullshit you tryin' to get through\nThis is crew love, move music or move drugs\nRival crews, get your black suits up; I'll never change\n\n[Chorus: Kanye West, sample & (JAY-Z)]\nNever, never, never, never change\nI'm still fuckin' with crime 'cause crime pays (come on)\nI never change!\nOut hustlin', same clothes for days\nI never change!\nI'll never change, I'm too stuck in my ways, I never change\n(Who you know like Hov'?)\nNever, never, never, never change\nI'm still fuckin' with crime 'cause crime pays\nI never change!\nOut hustlin', same clothes for days (come on)\nI never change!\nI'll never change, I'm too stuck in my ways, I never change\n\n[Outro: Jay Z]\nThis is Jay, every day\nWho you know like Hov', nigga?", "image": "https://images.genius.com/1aebfd816914351eb7010bd441822da8.1000x1000x1.jpg"}], "artist": "JAY-Z"}