{"songs": [{"title": "Poppin' Tags", "album": "The Blueprint 2: The Gift & The Curse", "year": "2002-11-12", "lyrics": "[Chorus: Sleepy Brown]\nAnd we gon' stay hustlin' on that block until we caught\nAnd we gon' stay showin' off that jewelry that we bought\nAnd we gon' stay leavin' out the stores with heavy bags\n'Cause we be poppin' tags, pimpin', we be poppin' tags!\nAnd we gon' stay hustlin' on that block until we caught\nAnd we gon' stay showin' off that jewelry that we bought\nAnd we gon' stay leavin' out the stores with heavy bags\n'Cause we be poppin' tags, pimpin', we be poppin' tags!\n\n[Verse 1: Jay-Z]\nWe arose, let's go\nSo Fresh, So Clean like 'Kast\nJay-Z be poppin' tags\nLeavin' the mall with heavy bags\nYou know the boy got a love for the cash\nAw fuck, there he go again\nTalkin' 'bout hoes and dough again\nYup! Can't hold it in\nI'm surprised I got so much dough to spend\nBut, back when I was poorer then\nYou wasn't focusin', about the dough I spend\nBut I was holdin', I was a roller then\nI was a baller back then, all of that man\nFall back, I bought that\nWhat would you do if you was in my shoes?\nLeave dudes in the rearview\nV-12 engine, corners spinnin'\nTwinkies shinin', pinky ring\nArmadale, nigga stinky stink\nTop down, my cash is up\nGold chain, I don't give a fuck\nGold brain'll get you in the truck ma\nThat's right, you in luck ma\nYou see me cruisin' down, better step inside\nAin't enough room to fit you all in the ride\nFirst come, first served basis\nYou know Hov' be goin' to nice places\nThat's right, and I'm droppin' cash\nLeave the mall with garbage bags\nGucci this, Prada that\nRoll witcha boy you'll be poppin' tags\n\n[Chorus: Sleepy Brown]\nAnd we gon' stay hustlin' on that block until we caught\nAnd we gon' stay showin' off that jewelry that we bought\nAnd we gon' stay leavin' out the stores with heavy bags\n'Cause we be poppin' tags, pimpin', we be poppin' tags!\nAnd we gon' stay hustlin' on that block until we caught\nAnd we gon' stay showin' off that jewelry that we bought\nAnd we gon' stay leavin' out the stores with heavy bags\n'Cause we be poppin' tags, pimpin', we be poppin' tags!\n\n[Verse 2: Twista]\nIt's a party when I go up in the sto'\nShoppin' while I'm zooted off the dro'\nRollin' like a nigga that just came up on a mill'\nAnd I got 'em sweepin' and pickin' up tags off the flo'\nBag full of clothes, I remember havin' rocks in the hall\nOn the corner with the Glock by the balls\nServin' up a jab and workin' security 6 to 6\nThen it's straight from the block to the mall\nBuy what's on the wall, go ahead and treat yo'self\nWhen you come up on some cheddar better pop that tag\nLike when I dip off in the Prada then I go off\nTo the lot and lay the paper down and cop that Jag\nI got a closet full of ammunition and funds\nMink, Rocawear and some guns, Pelle and a fresh pair of Jordans\nDro packs and Bo Jacks and Air Maxes; throwbacks and 1s\nNo max for none\n(When I go up in the sto' a nigga never get enough)\nI'm a baller and if you want it come and get it now\n(Nigga come to a race with a car you won't catch up)\nAnd the Twista kinda wicked when I spit it now\nI be choppin' up cheddar with Kanye\nChop a little cheddar up with Jay\nChop it up with the O-to-the-Kizay\nPoppin' big tags with the flow and the dough, we get bi-zay!\n\n[Chorus: Sleepy Brown]\nAnd we gon' stay hustlin' on that block until we caught\nAnd we gon' stay showin' off that jewelry that we bought\nAnd we gon' stay leavin' out the stores with heavy bags\n'Cause we be poppin' tags, pimpin', we be poppin' tags!\nAnd we gon' stay hustlin' on that block until we caught\nAnd we gon' stay showin' off that jewelry that we bought\nAnd we gon' stay leavin' out the stores with heavy bags\n'Cause we be poppin' tags, pimpin', we be poppin' tags!\n\n[Verse 3: Killer Mike]\nUh-huh, whattup? Tell you somethin 'bout me\nMy throwback game is whiffle wicked\nSaint Patties day, green pinstripe, number 20 Mark Spitz'n\nJersey ooh-wee with the matchin New Era fitted\nWhite boys say my style is bitchin', keepin' coke in the kitchen\nKeep a Glock that will shock and bring the rest\nTucked underneath my Mitchell & Ness\n(HA!) Scramblin', handlin' with a .45 cannon\nIt's tucked in my Marc Buchanan\nExtra clips and shells in the lambskin\nTwo deep by Pelle Pelle\nWestside how they felly fell\nMore G's on me, than a late 80's Gucci leather\nWorn by the great Rakim himself\nStitch my Dapper Dan, oh man with the gun in hand\nI leave your blood squirtin'\nNo offense, I'll put your face on the chest\nOf a sweatshirt drawn by Shirt Kings\nI been fuckin', a hustle, married to a racket\nSince the first Air Jordans and Starter jackets\nI slept with a package, under mattress\nI carry guns heavy speak easy, slight with the fight words\nI'll put somethin hot through your motherfuckin' Iceberg\nGot a project chica, named Rica\nShe keep a purse full of dro' reefer\nSmall, pinkies like that, talk 'til the paper fat\nI rock somethin', roll chief Sacks like Daddy Fat!\n\n[Chorus: Sleepy Brown]\nAnd we gon' stay hustlin' on that block until we caught\nAnd we gon' stay showin' off that jewelry that we bought\nAnd we gon' stay leavin' out the stores with heavy bags\n'Cause we be poppin' tags, pimpin', we be poppin' tags!\nAnd we gon' stay hustlin' on that block until we caught\nAnd we gon' stay showin' off that jewelry that we bought\nAnd we gon' stay leavin' out the stores with heavy bags\n'Cause we be poppin' tags, pimpin', we be poppin' tags!\n\n[Verse 4: Big Boi]\nPop tags in reverse, you'll be needin' a nurse\nLeave you layin' on your back in a Cadillac hearse\nNow your momma in all black with a matchin' purse\nI know you wanna blow up, but a funeral hurts\nWhat's worse, you can hit the mall and ball 'til you fall\nHave to make a collect call, but your cell cut off\nTrot to the mailbox expectin a check but the mail's run short\nNo more MD, DD, LD, that means Movie Date\nDinner Date, Lunch Date, help me please\nMy sheets is gone\nLong bread to the short bread, word is bond\nMeticulously pimpously serve the song\nAct a damn donkey\nLike the pilgrims when they popped a tag on the Indians home\nDrop top rag-o with the weed gone\nChillin', bags in the trunk full of FAO Schwartz for the chill'uns\nSpent a few shillings\nSip a few chickens, lick a few kittens, just kiddin'\nA fresh bowl of milk is in the fridge and\nCan you pop the tags on the honeycombs\nOr are you actin' mad 'cause the money done\nSlowed, down, just a lil bit, dipped, poked out, did some shull-bit\nActin' like a pitfall bull-pit, dead game is the pul-pit\nLeave a motherpumper with his John Doe toe tag clipped\nImperial classic, a lyrical thrashin', a miracle happenin'\nJay-Z, Killer Mike and Big Boi rappin' and rhymin' and smabbin'\nPop that tag on some of this game\nHolla-tic, swallow and keep the change\n\n[Chorus: Sleepy Brown]\nAnd we gon' stay hustlin' on that block until we caught\nAnd we gon' stay showin' off that jewelry that we bought\nAnd we gon' stay leavin' out the stores with heavy bags\n'Cause we be poppin' tags, pimpin', we be poppin' tags!\nAnd we gon' stay hustlin' on that block until we caught\nAnd we gon' stay showin' off that jewelry that we bought\nAnd we gon' stay leavin' out the stores with heavy bags\n'Cause we be poppin' tags, pimpin', we be poppin' tags!", "image": "https://images.genius.com/bbaaa25ac55d3bc2008448e1647d3b54.720x631x1.jpg"}], "artist": "JAY-Z"}