{"songs": [{"title": "I Just Wanna Love U (Give It 2 Me) (MTV Unplugged)", "album": "MTV Unplugged", "year": "2001-12-18", "lyrics": "[Intro]\nHov\nUh huh Hov\nOh right up top huh\nSlow it down\n\n[Hook]\nI'm a hustler baby, (Hov)\nI just want you to know, (Hov)\nIt ain't where I been, (Take em up)\nBut where I'm bout to go, (top of the world!)\nNow I just wanna love you, (You know I love you)\nBut be who I am, (you know you love me)\nAnd with all this cash\nYou'll forget your man\nNow give it to me\n(Gimme that funk, that sweet, that nasty, that gushi stuff)\nBut don't fool with me\n(C'mon, gimme that funk, that sweet, that nasty, that gushi stuff)\n\n[Verse 1]\nWhen the Remy's in the system, ain't no tellin\nWill I 'em will I diss 'em, that's what they be yellin\nI'm a pimp by blood, not relation\nY'all be chasin, I replace them, huh?\nDrunk off Crist', mami on E\nCan't keep her little model hands off me\nBoth in the club, high, singing off key\n\"And I wish I never met her at all...\"\nIt gets better, ordered another round\nIt's, about, to go, down\nGot six model chicks, six bottles of Crist'\nFour Belvederes, got weed everywhere\nWhat do you say, me, you, and your Chloe glasses\nGo somewhere private where we can discuss fashion\nLike, Prada blouse, Gucci bra\nFilth Mart jeans, take that off\n\n[Hook 2]\nGive it to me\n(Gimme that funk, that sweet, that nasty, that gushi stuff\nBut don't bullshit me\nC'mon, gimme that funk, that sweet, that nasty, that gushi stuff)\nI said give it to me\n(Gimme that funk, that sweet, that nasty, that gushi stuff\nBut don't bullshit me\nMama, gimme that funk, that sweet, that nasty, that gushi stuff)\n\n[Verse 2]\nYeah, save the narrative, you savin it for marriage\nLet's keep it real ma, you savin it for carats\nYou wanna see how far I'mma go\nHow, much I'mma spend but you already know\nZip, zero, stingy with dinero\nMight buy you Crist', (but that about it)\nMight light your wrist, (but that about it)\nOK, I might wife you and buy you nice whips\nMa, but you really gotta ride nice\nKnow how to work your hips and your priceless\nProfess you love the Hov', and I'll never let you down\nGet you bling like the Neptune sound\nHot Hov', too hot to hold\nLadies love me long time like 2Pac's sold\nOnly way to roll, Jigga and two ladies\nI'm too cold, Motorola, two way page me\n\n[Hook]\nGive it to me\n(Gimme that funk, that sweet, that nasty, that gushi stuff\nBut don't bullshit me\nC'mon, gimme that funk, that sweet, that nasty, that gushi stuff)\nI said give it to me\n(Gimme that funk, that sweet, that nasty, that gushi stuff\nBut don't bullshit me\nMama, gimme that funk, that sweet, that nasty, that gushi stuff)\n\n[Bridge]\nI'm a hustler baby, (Hov)\nI just want you to know, (Hov)\nIt ain't where I been\nBut where I'm bout to go\nNow I just wanna love you\nBut be who I am\nAnd with all this cash\nYou'll forget your man\nNow give it to me\n(Gimme that funk, that sweet, that nasty, that gushi stuff)\nBut don't fool with me\n(C'mon, gimme that funk, that sweet, that nasty, that gushi stuff)\n\n\n[Verse 3]\nYeah, yeah, yeah\nSame song, I'm back, been around the world\nRo-mancing girls that dance with girls\nFrom, Club Cheetah, to Club Amnesia\nThe Peanuts in L.A., Bubblin' in Dublin\nCan't deny me, why would you want to\nYou need me, why don't you try me\nBaby you want to, believe me, Hov'!\n\n[Hook]\nGive it to me\n(Gimme that funk, that sweet, that nasty, that gushi stuff\nBut don't bullshit me\nC'mon, gimme that funk, that sweet, that nasty, that gushi stuff)\nI said give it to me\n(Gimme that funk, that sweet, that nasty, that gushi stuff\nBut don't bullshit me\nMama, gimme that funk, that sweet, that nasty, that gushi stuff)\nYou gotta give it to me\nGive it here, don't say nothing\nI said give it to me\nUh huh\nGive it to me\nOk\nGive it to me\nOk Ok Ok\n\n[Outro (Questlove)]\nUh uh uh uh uh\nGive it to me\nHold on hold on hold on. Break it down for me. Can we please sit down for me. I'm sorry, I just wanted to have a little fun\nNo no I just wanted to have a little fun\nWe blocking the camera's, it's my fault I was being a bastard\nI love you too baby\nI was being a bastard I'm sorry\nMy fault blame it on me\nRight now we gonna take an Armi break I hope y'all got some Armadale over there for me\nUh, I wanna let my man Questlove introduce the whole band, the Roots band make some noise for them real quick\nI'll be right back\n(To stage right, we got big Kenney on guitar\nGot Len Hubbard on bass\nGot my man Knuckles on percussion\nGot baby Quest Eric Draker on percussion\nAnd my man Damien on flute\nGot Kyrome on the keys\nGot scratch help with percussions\nWe got Jaguar Wright on vocals\nMy man Omar Edwards on organ\nGot [?] on violin\nFiona Murray on violin\nAlexandria [?] on viola\nLarry Gold on cello\nLast but not least my name is Questlove on drums\nGive it up one time for Jay Z)\nOk\nNo no I wanna do one more\n'I gotta do one more, I can't just leave ya'll like that\nI might have to do this whole show over y'all feel that?We having a good old time, I hope y'all having a good old time you know what I'm saying\nI love you too, you making me embarrassed stop that\nBefore I go...", "image": "https://images.genius.com/a7449b38b8eab47232b379bc442a5f10.1000x1000x1.jpg"}], "artist": "JAY-Z"}