{"songs": [{"title": "You're Welcome", "album": null, "year": "2008-02-28", "lyrics": "[Intro: Mary J. Blige]\nTurn, turn me up a little bit, when that music comes in it gets loud\n\n[Jay-Z]: Swizzy!!!!!!\n\n[Swizz Beatz] (Jay-Z) (*Mary J. Blige):\nYES!!!!!!!! Hands up! Hands up! Hands up high!\nHands up! Hands up! Hands up high! (*La dee da da da!!!)\n(It be very different now, Swizzy)\nHands up! Hands up! Hands up high! Hands up! Hands up! Hands up high!\n(*Oh oh oh!)\n(I need everybody put your hands up, wave from side to side right quick for me)\nSlow down HOV your killin 'em\n\n[Verse 1: Jay-Z] (Swizz Beatz)\nYeah! You would think I was on 'roids\nI been hittin so long and I'm a big headed boy\nNah we ain't on HGH\nThough I might pick up some weight when I'm runnin through your state\n(Runnin through your state!) Nah nah nah we ain't on the clear\nWe on the runway in back to back Lairs (In the air!!!)\nYeah Yeah! It's Ms. No More Drama\nAnd Barack Obama rhymers feel honored (Talk to 'em HOV)\nI put my life on these tracks\nYou act like y'all don't wanna p-pay me for the facts\nLuckily my therapy is to rap\nI just bare my soul I don't expect nothin back (Get it up!)\nYour all welcome long as you felt them\nI was 'gon get mine you know where the hell I'm from\nI'm from the bottom so I do this from the diapers (Stinky!!!)\nQuick fast turn the big apple into cider (Nasty!!!)\nI do this, I'm a writer and a rider\nSpew it cause I'm nicer but I do this for the lifers (Tell 'em again Hov!!!)\nI'm a writer and a rider\nSpew it cause I'm nicer but I do this for the lifers, your welcome\n\n[Hook: Mary J. Blige - singing in tune of Slick Rick's \"La Di Da Di\"]\nTo all of y'all, keepin y'all in health\nJust to see you smile and enjoy yourself\nYour ahhhh-lll..., your ahhhh-ll\nYour ahhhh-ll are welcome (Yeah! Now everybody get yo' hands up)\n\n[Swizz Beatz]\nHands up, hands up, hands up, high!\nHands up, hands up, hands up, high!\n\n[Mary J. Blige] (Swizz Beatz)\nYour ahhhh-lll..., your ahhhh-ll\nYour ahhhh-ll are welcome (Slow down HOV Your killin 'em!)\n\n[Verse 2: Jay-Z] (Mary J. Blige) (*Swizz Beatz)\nYeah yeah, you probably never see again\n(Uh-ah!) Somebody so deadly via the pen (No never no)\nViva Hovito bandito muy bien\nBig up to Biggie and Pac, I do it for them\nUntil I reach Colleek, I do it for him\nDo it for those who can't do for self do to the pen\nMay these bars reach through your bar\nAnd ma, when Mary sing it heals your heart (*Hands up!!)\nGod so Lisa Stansfield you are\nLove Is A Battlefield we all get scarred (*OH!!!!)\nAH! I put my heart into this\nThis is much more than marketed music\nThe reason I got a market to do this\nAs there's people goin through pain I'm just walkin 'em through this\n(I'm here for you) This ain't no marketed music\nPeople goin through pain I'm just talkin 'em through it, your welcome\n\n[Hook: Mary J. Blige - singing in tune of Slick Rick's \"La Di Da Di\"]\nTo all of y'all, keepin y'all in health\nJust to see you smile and enjoy yourself\nYour ahhhh-lll..., your ahhhh-ll\nYour ahhhh-ll are welcome (Yeah! Now everybody get yo' hands up)\n\n[Swizz Beatz]\nHands up, hands up, hands up, high!\nHands up, hands up, hands up, high!\n\n[Mary J. Blige] (Swizz Beatz)\nYour ahhhh-lll..., your ahhhh-ll\nYour ahhhh-ll are welcome (Slow down Mary your killin 'em!)\n\n[Verse 3: Mary J. Blige] (Swizz Beatz)\nIf it wasn't for your love it would all be a dream\nAnd you made our dreams come true\nThat's why y'all don't need to thank us\nCause we do this all for you (Talk to 'em Mary!)\nWe know what you were goin through\nBecause we were goin through it too\nWhen no one seems to understand\nWe were always there to hold your hand\n\n[Verse 4: Jay-Z] (Swizz Beatz)\nSure I taught you 'bout watch brands and watch bands\nI also said watch the man hoppin out of vans (WOO!!!!)\nI ain't only teach you about Efizel\nI told you how to fish and not let other niggas feed you, your welcome\n\n[Hook: Mary J. Blige - singing in tune of Slick Rick's \"La Di Da Di\"]\nTo all of y'all, keepin y'all in health\nJust to see you smile and enjoy yourself\nYour all are welcome, your all are welcome, your all are welcome\n\n[Outro: Swizz Beatz - *beatbox scratching*]\nNow everybody say, M-*juva*-J-*erva*-B\n*Eh-uh-eh-evra* H-*erra*-O-*evra*-V\n*Eh-uh-eh-evra* M-*juva*-J-*erva*-B\n*Eh-uh-eh-evra* H-*erra*-O-*evra*-V\nNow-now-now-now-now-now-now\nKnock 'em out the box, k-k-k-knock 'em out the box (Mary!)\nKnock 'em out the box, k-k-k-knock 'em out the box ( HOV!)\nKnock 'em out the box, k-k-k-knock 'em out the box,(Swizzy!)\nKnock 'em out the box, k-k-k-knock 'em out the box (Individualz!)\nHEY! (Get it up!) HO!! (Get it up!)\nHEY! (Get it up!) HO!! (Get it up!)\nHEY! (To the left!) HO!! (To the right!)\nHEY! (To the left!) HO!! (Good night!)\nGood night! Good night! Good night! Good night!\nGood night! Good night! Good night! Good night!\nGood night! Good night! Good night! Good night!\nGood night! Good night! Good night! Good night!", "image": "https://images.genius.com/bf0f68ee56f29c8542ad805c6419682b.676x676x1.jpg"}], "artist": "JAY-Z"}