{"songs": [{"title": "Hola' Hovito", "album": "The Blueprint", "year": "2001-09-11", "lyrics": "[Intro]\n(J) uhh (A) uh-uh (Y) uh uh-uh\nAh ch-ch ah, ch-ah, ah uh-uh\nAh ch-ch ah, ch-ah, ah uh-uh\nIt's that hop I'm talkin' 'bout right here Timbo!\nI can't be stopped when it hop like this family, uh!\n(Uno, dos, tres, cuatro!)\n\n[Verse 1]\nThey say \"Hola Hovito!\"\nThat's what they sayin' when I ROLL UP with my PEOPLE\nMy music bangin' like them vatos locos got rap in a choke hold\nAnd I won't surrender it with beats by Timbaland\nCallate la boca, my baby\nAll I want to do is stroke you all crazy\nMy dick game is vicious, insane at bitches\nMami keep comin' back 'cause mami came vicious\nCatch Hov' in the drop, nasty thang, lane switchin'\nOnce you turn your neck for a sec, your dame's missin'\n\"Bujando, bujando!\" - the cops is comin'\nGot that rap patrol behind, yo: get to runnin'\nI'm unstoppable Hov', untoppable flows\nI'm the compadre, the Sinatra of my day\nOl' Blue Eyes my nigga, \"I did it my way\"\nIf y'all not rollin' with Hov' then hit the highway\n\n[Chorus]\n\"Hola Hovito!\" Yeah, yeah \"Hola Hovito!\"\nYeah that's what they sayin' when that music get to bangin'\nPut it down for my people\n\"Hola Hovito!\" Yeah, yeah \"Hola Hovito!\"\nYeah that's what they sayin' when that music get to bangin'\nPut it down for my people\n\n[Verse 2]\nYeah, yeah, yeah, yeah\nNaw, I don't fuck around, stay on my J.O.-\nHov' been about that dough since I was a day old\nOh, push perico if I need to for the Root of Evil\nWas born in the belly: that's the way the streets breed you\nOne life to live - notice you get no sequel\nSo I truly got to live this like my last movie\n6 oohie, jewels drippin', big tooly\nI ball for real: y'all niggas is Sam Bowie\nAnd with the third pick, I made the earth sick\nM.J., him Jay, fade-away, perfect\nI rhyme sicker than every rhyme-spitter\nEvery crime-nigga that rhyme or touch a mic\nBecause my mind's quicker\nI'm a '88er, 9-6 to Reasonable Doubt\nTemper short; don't take much to squeeze you out\nYeah you shinin', but the only thing you're leavin' out\nYou're a candle in the sun - that shit don't even out\n\n[Chorus]\n\"Hola Hovito!\" Yeah, yeah \"Hola Hovito!\"\nYeah that's what they sayin' when that music get to bangin'\nPut it down for my people\n\"Hola Hovito!\" Yeah, yeah \"Hola Hovito!\"\nYeah that's what they sayin' when that music get to bangin'\nPut it down for my people\n\n[Verse 3]\nHold up; naw muh'fuckers - y'all muh'fuckers\nBetter run to the post office and get a job, muh'fuckers\nOr starve muh'fuckers, 'cause Jay's been the only one\nEatin' thus far, sub-par muh'fuckers\nNaw even though y'all hate, I love y'all muh'fuckers\nFriend or Foe y'all all my muh'fuckers\nIf you haven't heard, I'm Michael, Magic and Bird\nAll rolled in one - 'cause none got more flows than Young\nPlus got more flows to come\nAnd if I ain't better than Big, I'm the closest one\nSo move over - hoes, choose Hova\nMy food for thought so hot it give you dudes ulcers\nRovers, roasters, poseurs\nGettin' it in with me, livin' like they supposed to\nWatches, chain, front row at the game\nSold out arena, all screamin' my name, c'mon!\n\n[Chorus]\n\"Hola Hovito!\" Yeah, yeah \"Hola Hovito!\"\nYeah that's what they sayin' when that music get to bangin'\nPut it down for my people\n\"Hola Hovito!\" Yeah, yeah \"Hola Hovito!\"\nYeah that's what they sayin' when that music get to bangin'\nPut it down for my people", "image": "https://images.genius.com/1aebfd816914351eb7010bd441822da8.1000x1000x1.jpg"}], "artist": "JAY-Z"}