{"songs": [{"title": "Young Gifted and Black", "album": "The S. Carter Collection", "year": "2003-01-01", "lyrics": "[Intro: Louis Farrakhan]\nAnd out of the mercy of Allah and the law written in our nature\nWe call an individual into existence, and when that individual comes\nI make no apologies for what I'm about to do...\n\n[Verse: Jay-Z]\nI'm America's worst nightmare\nI'm young, black, and holdin' my nuts like \"Geah!\"\nY'all was in the pub, havin' a light beer\nI was at the club, havin' a fight there\nY'all can go home, husband and wife there\nMy momma at work tryin' to buy me the right gear\nNine years old, uncle lost his life here\nI grew up thinkin' life ain't fair\nHow can I get a real job, China white right there\nRight in front of my sight like, \"Here, yeah\nThere's ya ticket out the ghetto, take flight right here\nSell me you go bye-bye here.\" Damn\nThere's a different set of rules we abide by here\nYou need a gun, niggas might drive by here\nY'all havin' fun, racin' all ya hot-rods there\nDownloadin' all our music on ya iPods there\nI'm Chuck-D, standin' in the crosshairs here\nY'all straight, chicks got horse hair here\nY'all ain't gotta be in fear of y'all bosses there\nYou lose your job, your pop rich, y'all don't care\nSo I don't care, y'all actin' like y'all don't hear\nAll the screams from the ghetto, all the teens duckin' metal here\nSo they steam like a kettle here\nTryin' to take they mind to a whole different level here\nYeah, we real close to devil here\nGotta be a better way somebody call a reverend here\nYeah, y'all must really be in heaven there\nSomebody tell God that we got a couple questions here\nMy little cuz never got to see his seventh year\nAnd I'm so used to pain, that I ain't even shed a tear", "image": "https://images.genius.com/0572d3c2a8305ab228c6cfdc3005ee89.300x300x1.jpg"}], "artist": "JAY-Z"}