{"songs": [{"title": "Show Me What You Got", "album": "Kingdom Come", "year": "2006-10-06", "lyrics": "[Produced by Just Blaze]\n\n[Intro]\nThis is a state of emergency\nWhat you want me to do\nI'm sorry\nI'm back\nHey, hey, hey\n\n[Hook]\nShow me what you got, lil mama\nShow me what you got, pretty lady\nShow me what you got, shorty\nShow me what you got, baby\nHands up and waves, waves, waves, waves\n\n[Verse 1]\nGive the drummer some\nI already gave the summer some\nIt's the winter's turn\nHovi Hov is the coldest\nI'm just getting better with time\nI'm like Opus One\nYoung, no two alike like a snowflake\nOkay, show me what you got babe\nWords is slurring, engine purring\nMami front, but I'm so determined\nShots of Patron, now she in the zone\nI ain't talking bout the 2-3\nMami in the zone like the homie two-three\nJordan or James, makes no difference\nWe all ballin' the same\nNigga, I am the Mike Jordan of recordin'\nNigga, you might want to fall back from recordin'\nWhat you write is not important\nSo it forced him to go for the hype\nFor being brave they may applaud him\nBut misery, I will assure them\nAww baby, just ignore them\nTruth or dare mami, listen and learn\nI got a drop, I just took off the top\nIt's your turn\n\n[Hook]\nShow me what you got, lil mama\nShow me what you got, pretty lady\nShow me what you got, shorty\nShow me what you got, baby\nHands up and waves, waves, waves, waves\n\n[Verse 2]\nH.O.V.A., gold bottles of that Ace of Spade\nWhy even fool with these other guys, they all stingy\nAll these dudes know how to say is gimme\nGimme some head, gimme some brain\nGimme your number, gimme your name\nBut if I get one night baby girl, I swear\nI'll make you tell these other dudes gimme got you here\nI'll take you shopping, take long trips\nI'll take the cork off, you can take sips\nI'll take you there, take my time\nTake your clothes off, you take off mine\nMa, show me what you got\nHovie in the spot, tried to told you I was hot\nTell these other dudes it's a wrap\nGet the fuck out the throne you clone, the King's back!\nY'all got less than two months to get y'all thing together\nGood luck\n\n[Hook]\nShow me what you got, lil mama\nShow me what you got, pretty lady\nShow me what you got, shorty\nShow me what you got, baby\nHands up and waves, waves, waves, waves\n\nLadies and gentlemen, the most incredible\nH-O, uh huh\nH-O, uh huh\nHe's back\nJustin Blaze\nBlazettes\nRoc-A-Fella Records\nDynasty continues, y'all die\nUh Huh, peace!", "image": "https://images.rapgenius.com/bec610af21256bf877ed913e2fa52eb0.438x437x1.jpg"}], "artist": "JAY-Z"}