{"songs": [{"title": "Yo cunt", "album": null, "year": null, "lyrics": "[intro]\n\nFuckin cola can\nFuckin cola can\nI got my dick stuck\nIn a cola can\n\n[Chorus]\n\nI like penises\nI like penises\nPlease let me lick your penis\nI like penises\n\n[verse 1]\n\nI hate pussies\nBecause feminism exists\nI hate pussies\nBecause feminism exists\nI dont have a girlfriend\nSo i have my dog lick my balls\nI dont have a girlfriend\nSo i just fuck hoes against the wall\n\n[Chorus]\n\n[verse 2]\n\nNigga\n\n[Chorus]\n\n[verse 3]\n\nOh look its another piece of paper that says nigga faggot\n\n[outro]\n\nNigga love me lol", "image": "https://images.genius.com/bf0f68ee56f29c8542ad805c6419682b.676x676x1.jpg"}], "artist": "JAY-Z"}