{"songs": [{"title": "Hova Song (Outro)", "album": "Vol.\u00a03\u2026 Life and Times of S.\u00a0Carter", "year": "1999-12-28", "lyrics": "[Verse]\nWho ever thought young Shawn Carter would change the game?\nUsed to rap to the raindrops off my window pane\nDuckin' the plain cops, pushin' endo and 'caine\nAt the kitchen table, late night, no pen, just my brain\nFirst album, niggas love me 'cause they thought I was poor\nGuess I'm successful; industry don't love me no more\nWell I'm the same nigga from your corner, bubblin' raw\nSkully tilted, pants saggin', damn near touchin' the floor\nAnd I come with doo-rags to your so-called awards\nT-shirt with my chain out like fuck y'all all\nRetrospect ain't been the same since I lost my dad\nHe's still alive, but still fuck you, don't cross my path\nA&R's had me feelin' like Moss in the draft\nSo I turned the league out with Reasonable Doubt\nGet your CD's out, let's go, song for song\nI'm the illest nigga doin it 'til y'all prove me wrong\nDo you believe?\nIt's Hova the God, uhh, uhh, uhh..", "image": "https://images.genius.com/16c23bf8d7a8a73a71d30d2ec47600b1.1000x1000x1.jpg"}], "artist": "JAY-Z"}