{"songs": [{"title": "Oh My God", "album": "Kingdom Come", "year": "2006-11-21", "lyrics": "[Intro]\nYou are tuned in\nTo the greatest\nYoung H-O-V\nLet's go get 'em again, Just\n(Oh my God, HOV)\n\n[Verse 1]\nPops sped off, left mom with a bundle of\nJoy, ya boy smacked dab in the jungle\nTook tunnel vision, but he would soon become a mogul\nBut first he brought that crack back like a yo-yo\nDon't play with my yo-yo, loco niggas in the hood\nFirst niggas hating on me, it's all good\nI'm buying things like my shit don't stink, Gucci links and Gucci gooses\nWatching too many movies, bulletproof this\nHad some nerve, like pulling tooth'ses\nWhen you're 16, coming through roofless\nYea your boy \"ruthless\", like Ice Cube was\nTurn the whole city on, I'm the new plug\nSo if this is your first time hearing this\nYou're about to experience someone so cold\nA journey seldom seen, the American dream\nFrom the bottom to the top of the globe they call me Hov\n\n[Chorus]\nThey gunning for me, wanna see me fall\nYou know my story, I've been through it all\nNight's I've felt like dying, but I ain't crying\nWhat didn't kill me, made me strong as iron\nIron, iron (Oh my God, Hov)\n\n[Verse 2]\nNow I'm knee deep in the concrete\nLike a street's made a quicksand, it's beyond deep\nI got a \"chemical romance\", two left feet\nSo now I dance with the devil, please G-O-D\nSave me from the \"black parade\", release me\nMy life like Grand Theft Auto, PSP\nI'm in that Volvo, puffing on that la-la\nDucking from the po-po, every time I drive by\nSay hi to the bad guy, all my momma's friends was like\n\"Mmm, mmm, mmm\" would you just look at him\nSo sorry dear momma for your embarrassment\nBut give me a couple years and pray I'll never sin again\nGot all these rival dealers trying to do me in\nAnd all these little rappers don't know how prepared for them I am (I am)\nI'm feeling like the world's against me Lord\nCall me crazy, but strangely I love the odds\n\n[Chorus]\nThey gunning for me, wanna see me fall\nYou know my story, I've been through it all\nNight's I've felt like dying, but I ain't crying\nWhat didn't kill me, made me strong as iron\nIron, iron (Oh my God, Hov)\n\n[Verse 3]\nNow these baby ballers, toy rappers\nCallin out my name to bring the boy backwards\nShooting air-balls at the basket\nWhat you call money, I pay more in taxes\nI got crowned king down in Africa\nOut in Nigeria, do you have any idea\nSold out shows out in Seoul, Korea\nJo'burg, Dublin, Tanzania\nLunch with Mandela, dinner with Cavalli\nStill got time to give water out to everybody\nEverybody, fall back\nY'all rapping, I'm reenacting\nCNN, you see it's accurate\nESPN, see me in action\nMonday night's, when the half ends\nWhen you 10 years in, holla back then\n\n[Chorus]\nThey gunning for me, wanna see me fall\nYou know my story, I've been through it all\nNight's I've felt like dying, but I ain't crying\nWhat didn't kill me, made me strong as iron\nIron, iron (Oh my God, Hov)\n\n[Outro]\n(Good Lord, good Lord, good Lord\nGood Lord, I said I feeeeeeeeeeeel like I'm dyiiiiiiiing)", "image": "https://images.genius.com/4371d45b1c52d7dc87e4204ae0aa8373.900x900x1.jpg"}], "artist": "JAY-Z"}