{"songs": [{"title": "Crew Love", "album": "Belly (Original Motion Picture Soundtrack)", "year": "1998-11-03", "lyrics": "* the version on Belly has an extra verse\n\n[Memphis]\nYeah, check it\nYo yeah I smoke weed now I don't give a fuck\nAnd I also tote guns in case my dram pop up\nIt's crew love I spit two at every few thugs\nFo doves blow dubs holdin eight snub\nI hold it down my strip, goin nowhere\nFlip two eightballs trick the dough on low gear\nThe next week two O's gone\nNigga don't prolong\nPlay the studio and get my flow on\nAnd sell weight on a later base\nMy older brother kept guns on his waist in case he air the place\nAnd walk straight up on you fuckin crooked niggas\nComing out ya mouth sideways like some rookie niggas\nI drink Henny mixed wit nothing\nMy weed and the dutch is somethin\nWhat you niggas sayin nuttin\nIt's Bleek, controlling these streets holdin the heat\nReporting for my live niggas just like me WHAT\n\n[Jay-Z]\nHa ha, this is Roc-A-Fella for life\nThis is Roc-A-Fella for life\n\n[Hook: Jay-Z]\nYou know it's crew love, Roc-A-Fella till we die\nAs long as you and I keep it movin like a drive-by\nWe could stack dough sky-high\nNiggas can't touch what they can't feel, real recognize real\nCrew love, Roc-A-Fella till we die\nAs long as you and I keep it movin like a drive-by\nWe could stack dough sky-high\nNiggas can't touch what they can't feel, real recognize real\n\n[Beanie Siegel]\nYo, I set up shop wit nick rocks that'll upset rookies\nMake 'em slide like li'l dicks in wet pussy\nOpen up the whole strip, like Monopoly\nDare one of ya'll to land on my property\nThink you get some dough for my community chest?\nBlaow blaow two to yo chest\nYa'll niggas can't pass go cuz it cost to pass\nYa'll niggas cheap like Baltic Ave\nType ta land on jail can't pay your bail\nWanna borrow from the bank, nigga what you think\nI'm the wrong one to lie to\nShit I'm the man who supply who supply who supply YOU\nAnd ya'll a bunch talk money\nI'm tryin to get it down for that motherfuckin boardwalk money\nTwo-brick money new blue six money\nPeru trip money flew in six money\nTaj Mahal trips orange chips money\nLong dick money all in yo bitch money\nFlow like the flu and spit sick money\nPeep hotty's Roc-A-Fella wools route\nAll black mask down wit they tools out\nBeanie mack I'll move out\nI had niggas runnin from school pickin new routes\nThen I'll run and lick a shot make 'em move south\nSwitch up they last name get a new spouse\nScrambled up some down-payment for a new house\nNo matter where you go Mack gone find ya\nI'm like a shadow nigga I'm right behind ya\nI'll blow out ya brains and won't give ya no reminder\n\n[Hook]\n\n[Memphis]\nMe and my road dog\nBeen OG's for so long\nSpit raw rolled up niggas can smoke on\nShit I let 'em have it you faggots ain't know my status\nFuckin with my mathematics you make us savage\nFive nine one six O, light brown\nM-E-M-P-H-I-S Bleek put it down\n\n[Jay-Z]\nIts crew love, Roc-A-Fella till we die\nAs long as you and I keep it movin, nigga\n\n[Beanie]\nAiyyo I pray to the God MC to bless me\nWit a ill ass flow and sick ass dough\nWhere it don't make no sense that hundreds and cents and\nThousands of dollars ice freezes my collar\nWhere I need a turtle-neck to rock my check\nAnd a pair of isotoners to rock my rings\nGet the signin bonus know mack toppin them thangs\nFlip twice rip that crew then I'm droppin my thang\n\n[Jay-Z]\nNigga it's crew love", "image": "https://images.genius.com/5352019f6746eeca6581b14ead503654.1000x1000x1.png"}], "artist": "JAY-Z"}