{"songs": [{"title": "A Word from the President", "album": "The S. Carter Collection", "year": null, "lyrics": "[Interviewer]\nWhen you think of Jay-Z, what comes to mind?\n\n[Damon Dash]\nI think, um\u2026 Two things. Roc-a-fella Records. Um, building the brand and the label. And also, the\u2014the brand of Jay-Z. To say, \u201cI weathered the storm. I\u2019m not just a rapper. I\u2019m a\u2014a CEO, I\u2019m a entertainer, um, I\u2019ve done\u2026 I have a vodka company, I have a clothing company\u2026 Um\u2026 I have, uh, 47 employees\u2014um, um\u2014as far as Roc-a-fella Records. And I\u2019m not sta- stopping here. I have a S-Dot Carter shoe coming out, uh\u2026 I\u2019m on\u2014I\u2019m doing the first Showtime special ever in fifteen years.\u201d Um\u2026 Jay\u2014I don\u2019t think Jay\u2019s done. And I think we have a lot to foresee [echoes & fades out]", "image": "https://images.genius.com/0572d3c2a8305ab228c6cfdc3005ee89.300x300x1.jpg"}], "artist": "JAY-Z"}