{"songs": [{"title": "Show You How", "album": "The Blueprint 2: The Gift & The Curse", "year": "2002-11-12", "lyrics": "[Intro]\nCatch up, niggas\n\n[Verse]\nDamn you fadin' Hov', how you gave 'em that?\nAudemar Piguet with the alligator strap\nSick of y'all niggas with ya now or later raps\nRap about it now, hope you get it later\nDo a couple shows, hope you niggas is savin' up\n(I'LL SHOW YOU HOW TO DO THIS SON)\nBut this particular watch be a one of one\nThat means none before it, none to come\nThe homie that's rappin' be the only one that has it\n(I'LL SHOW YOU HOW TO DO THIS SON)\nYou ain't heard? I push the six when the fives is out\nYou can't fight me, in the Porsche I'll box you out\n(I'LL SHOW YOU HOW TO DO THIS SON)\nWe don't drive X5s we give 'em to baby-mammas\nPush the big top that shaped like a Kansas chicken snack box\nI get it crackin' when I'm backin' out the garage\nA 360 drop Ferrar', shutdown manhattan\nBucket low, like fuck it, though\nNikes on, daytime, lights on, hell yeah I'm frontin' but you love it, though\n(I'LL SHOW YOU HOW TO DO THIS SON)\nNigga I'm a check writer, you're royalty recievers\nY'all eatin' off Per Diem, on the low like a caesar\nPay ya taxes, y'all niggas hustlin' backwards\nI cop and crash whips, Jay is a bastard\n(I'LL SHOW YOU HOW TO DO THIS SON)\nHow you want it, my jeans is 300\nThese ain't Diesel, nigga, these is Evisu\nTop is Roc, you know the rest\nA big bucket of frozen water on my chest\n(I'LL SHOW YOU HOW TO DO THIS SON)\nListen man, get a crate, some crack, and some house slippers\nA newspaper, look out boy, and get ya chips up\nOr get a gun, a mask, an escape route\nSome ducktape'll make 'em take you to the house\nAnd ma don't give him nothin', unless he's treatin' you special\nSoon he'll get desperate, and go down and bless you\nAnd when he come up for air, with a mouth full of hair\nJust grab your coach bag and get the fuck outta there, yeah\n(I'LL SHOW YOU HOW TO DO THIS HON)\nLook, think big, fuck gettin' your nails done\nThink cars, cribs, jewels, some shit for your son\nDon't let 'em give you, hard dick and bubble gum\nMake him cop the Lex bubble, 2001 hon\n(I'LL SHOW YOU HOW TO DO THIS HON)\nAnd if your man got you baggin' up, it could be worse\nJust put a little in the baggy, put a little in the purse", "image": "https://images.genius.com/bbaaa25ac55d3bc2008448e1647d3b54.720x631x1.jpg"}], "artist": "JAY-Z"}