{"songs": [{"title": "Miss You (Remix)", "album": null, "year": "2003-04-29", "lyrics": "[Intro: Jay-Z] + (Aaliyah)\nSup Baby Girl (Ohhh)\nThought I had to talk to you again\nBeen a long time, missing you (Hey, ey, ey, ey)\nTim is missing you, Missy's missing you\nRashad is missing you, your Mom is missing you (N-n-n-n-no no no)\nYour Pop is missing you, Dame is missing you\nDamn we missing you...\n\n[Verse 1: Jay-Z] + (Aaliyah)\nAll we listen to is all the different yous\nFour page letters in addition to\nHave you ever loved somebody who used to get the party poppin'\nWe used to party-hop, we used to be in the Hamptons, party a lot\nWe was The Breakfast Club, you was a part of the Roc\nWe used to make up special names for the food we ate\nRemember cereal pie, one of your favorite plates? (I miss you)\nWell, Dame told me tell you, he's doin' well\nDue to the circumstances, it could've been Bellevue\nBut I ain't got to tell you, you looking over us\nOur little angel, but you know what\n\n[Hook: Jay-Z] + (Aaliyah)\nBrooklyn's missing you, Detroit is missing you\nNew Orleans missing you, Philly's missing you\n(It's been too long and I'm lost without you)\nYour uncle's missing you, your family's missing you\nYour fans is missing you, Valerie's missing you\nDamn we missing you\n(It's been too long and I'm lost without you)\n\n[Verse 2: Jay-Z] + (Aaliyah)\nNow Star is mad I won't grant him a interview\nNow he's dissin' me, 'cause he dissed you\nCan you believe the nerve of this dude\n'cause of your memory I won't bring it to pistols\nBut he got issues, enough of that lame\nI never seen pain like your parents' pain\nBut I know God's protecting you\nYou used to read Seat of the Soul, I know God perfecting you\nAll the extra hue, the darker texture you are, the more intellectual\nYou are so professional, our little purple star\nToo good for earth you are (I miss you)\n\n[Hook: Jay-Z] + (Aaliyah)\nHouston's missing you, L.A.'s missing you\nD.C.'s missing you, Chicago's missing you\n(It's been too long and I'm lost without you)\nKidada's missing you, Shock is missing you\nCarline is missing you, Tiny's missing you\n(It's been too long and I'm lost without you)\n\n[Verse 3: Jay-Z]\nBy the way, Big, we missing you, Pac, we missing you\nWe feel your presence just not in the physical\nAll across the world, blocks is miserable\nY'all left a void, it's a lot of little yous\nBut they not original and they not identical\nThey just studied your flows and they watched your interviews\nI swear, in hip-hop, if it's not ten of you\nThen it gotta be more; y'all left your paws\nFootprints on the game, hood ain't been the same\nFeeling ain't been in music, hooks ain't been the same\nBut I'm doing what I can man, and try to follow y'all down memory lane, man\nBig, you'd be ashamed to see New York gang bang\nPac, you'd feel the same thing, they use your name in vain\nBut I guess that's the issue\nAnd it proves how much niggas really miss you\n\n[Outro: Jay-Z] + (Aaliyah)\nPun we missing you, Big L we missing you\nLeft Eye we missing you, Jay we missing you\nJam Master Jay, Freaky Tah, Scott La Rock, the list goes on\nThe world is missing you, the hood is missing you\n(Wondering if you're the same and who's been with you)\nKnow what I mean? Miss y'all (I miss you)\nThis goes, to the memory of all our fallen soldiers\nSoldiers and soldiettes, all across the world (I miss you)\nWe gon' hold y'all down, y'all living in our memories forever\nWe never gon' let y'all go\n\n[Bridge: Aaliyah] + (Jay-Z)\nI can't be no more (We not remembering your death, though)\nSince you went away I don't really feel like talking (We celebrating your life, know what I mean?)\nNo one here to love me, baby do you understand me? (Yes, yes)\nI can't do a thing without you (Yes)\n(Damn, we missing you)\n\n[Hook: Aaliyah]\nIt's been too long and I'm lost without you\nWhat am I gonna do\nSaid I been needing you, wanting you\nSaid I need you\nWondering if you're the same and who's been with you\nIs your heart still mine?\nI wanna cry sometimes\nI miss you", "image": "https://images.genius.com/bf0f68ee56f29c8542ad805c6419682b.676x676x1.jpg"}], "artist": "JAY-Z"}