{"songs": [{"title": "Ride or Die", "album": "Vol.\u00a02\u2026 Hard Knock Life", "year": "1998-09-29", "lyrics": "[Intro: Stevie J]\nI'm rolling with Roc-A-Fella, man\n'Cause they got money, man, haha\n\n[Break: Jay-Z]\nUh-huh, uh-huh uh UH, uh-huh, Hova\nYeah, Stevie J, nigga\nY'all ready? Yo, yo\n\n[Chorus: Jay-Z]\nHow many y'all wanna ride tonight (ride tonight)\nHow many y'all down to die tonight (die tonight)\nHow many y'all wanna ride tonight\nNigga ride or die or ride or die\nHow many y'all wanna ride tonight (ride tonight)\nHow many y'all down to die tonight (die tonight)\nHow many y'all wanna ride tonight\nNigga ride or die or ride or die\nHow many y'all wanna ride tonight (ride tonight)\nHow many y'all down to die tonight (die tonight)\nHow many y'all wanna ride tonight\nNigga ride or die or ride or die\n\n[Verse 1: Jay-Z]\nAyo fuck y'all, niggas I crush y'all, rush y'all\nWith the four drawn and I touch y'all, plus y'all\nLittle motherfuckers ain't ready for war\nI seen your team in a crisis before, thought I forgot?\nThe same rules apply, don't try to switch up your style\nY'all niggas is pumpkin pie, and that's plain as I\nMuch better than you cat, shocked when I got the news that\nThis nigga ready for war, well where that fool at?\nI bruise wack rap niggas severely punish them\nEspecially those that get fucked for they publishing, heh\nAlways gotta be the weakest nigga out the crew\nI probably make more money off yo' album, than you\nYou see the respect I get every time I come through\nCheck your own videos, you'll always be number two\nNiggas talking real greasy on them R&B records\nWell I'm Platinum a million times nigga, check the credits\nS. Carter, ghostwriter, and for the right price\nI can even make YO' shit tighter\nI roast niggas like ya, smoke niggas like ya\nTake your little jewels and put the toast to niggas like ya\nYou know what the fuck we do and why we done it\nHow I bring it to niggas who, probably want it\nKeep playing, you gone find me in your lobby blunted\nAnd I don't even smoke nigga, ain't no joke\nNiggas cat fighting with Jigga, kicking sneaky shit\nMaking little tapes but keeping it secret\n'Cause I kick that deep shit that divide your peeps shit\nNow I don't know if you fucking with Jigga\nSpitting that weak shit, dog\n\n[Chorus: Jay-Z]\nHow many y'all wanna ride tonight (ride tonight)\nHow many y'all down to die tonight (die tonight)\nHow many y'all wanna ride tonight\nNigga ride or die or ride or die\nHow many y'all wanna ride tonight (ride tonight)\nHow many y'all down to die tonight (die tonight)\nHow many y'all wanna ride tonight\nNigga ride or die or ride or die\n\n[Verse 2: Jay-Z]\nYeah, yeah\nNiggas don't want it with Jig, 'cause something\u2019s got to give\nI got homes where you hide, I hustle where you live\nJigga's the Don, bitches scream \"Jigga damn the\nDick is the bomb, about as thick as an arm\"\nMr. Exxon, gas 'em with the wit and the charm\nBitch, I'm trying to tell you like Nicholas Barnes\nI'm a big cat, listen mami, can you dig that?\nCars, jewelry, homes, I did that\nO's, shootouts, keys, I live that\nActresses, models, chicken heads, hit that\nI get stacks and still I kick back\nAnd run up on niggas with the midac, where the shit at?\n\n[Chorus: Jay-Z]\nHow many y'all wanna ride tonight (ride tonight)\nHow many y'all down to die tonight (die tonight)\nHow many y'all wanna ride tonight\nNigga ride or die or ride or die\nHow many y'all wanna ride tonight (ride tonight)\nHow many y'all down to die tonight (die tonight)\nHow many y'all wanna ride tonight\nNigga ride or die or ride or die\n\n[Verse 3: Jay-Z]\nTime to separate\nThe platinum from the white gold, right from the door\nThe real from the fake, ready rock from the raw\nThe boss from the runners, cats who ride dick\nFrom the cats with the numbers, the five from the six\nI got cop \u2018n crash money, pop the dash money\nPress the button, all of sudden, Glock in the stash money\nBeef with Jigga, watch yo' ass money\nIt's El Presidente, top brass money\nNow I don't flash the steel, I blast for real\nMy motto: you only good as the last nigga you kill\nI'm here to snatch this mil, nigga that's for real\nIf you rolling with me grab the wheel, let's ride huh?\n\n[Chorus: Jay-Z]\nHow many y'all wanna ride tonight (ride tonight)\nHow many y'all down to die tonight (die tonight)\nHow many y'all wanna ride tonight\nNigga ride or die or ride or die\nHow many y'all wanna ride tonight (ride tonight)\nHow many y'all down to die tonight (die tonight)\nHow many y'all wanna ride tonight\nNigga ride or die or ride or die\nHow many y'all wanna ride tonight (ride tonight)\nHow many y'all down to die tonight (die tonight)\nHow many y'all wanna ride tonight\nNigga ride or die or ride or die\nHow many y'all wanna ride tonight (ride tonight)\nHow many y'all down to die tonight (die tonight)\nHow many y'all wanna ride tonight\nNigga ride or die or ride or die", "image": "https://images.genius.com/1f3b917b779cd80ad127e64f21d6010a.1000x1000x1.jpg"}], "artist": "JAY-Z"}