{"songs": [{"title": "Regrets", "album": "Reasonable Doubt", "year": "1996-06-25", "lyrics": "[Intro]\nStress...\nSunshine, shade, geyeah\n\n[Verse 1]\nI sold it all, from crack to opium\nIn third person, I don't wanna see 'em\nSo I'm rehearsin' with my peoples how to G 'em\nFrom a remote location in the BM\nScopin' the whole situation, like, \"Damn!\"\nMetamorphic, as the dope turns to cream\nBut one of these buyers got eyes like a Korean\nIt's difficult to read 'em\nThe windows to his soul were half closed, I put the key in\nPulled off slow, hopin' my people fleein'\nChink tried to knock the only link that tied me in\nCoppers was watchin' us through nighttime binoculars\nThis time they got us on tape, exchangin' dope for dollars\nMake me wanna holler back at the crib in the sauna\nPrayin' my people bailed out like Time/Warner\nAwaitin' a call, from his kin, not the coroner\nPhone in my hand, nervous confined to a corner\nBeads of sweat, second thoughts on my mind\nHow can I ease the stress and learn to live with these regrets?\n(This time, stress, givin' this shit up, fuck)\n\n[Chorus 1]\nThis is the number one rule for your set\nIn order to survive, gotta learn to live with regrets\nOn the rise to the top many drop, don't forget\nIn order to survive, gotta learn to live with regrets\nThis is the number one rule for your set\nIn order to survive, gotta learn to live with regrets\nIf through our travels we get separated, never forget\nIn order to survive, gotta learn to live with regrets\n\n[Verse 2]\nAs sure as this Earth is turnin', souls burnin'\nIn search of higher learnin'\nTurnin' in every direction, seekin' direction\nMy mom's cryin', because her insides are dyin'\nHer son tryin' her patience, keep her heart racin'\nA million beats a minute, I know I push you to your limit\nBut it's this game Love, I'm caught up all in it\nThey make it, so you can't prevent it, never give it\nYou gotta take it, can't fake it, I keep it authentic\nMy hand got this pistol shakin'\n'Cause I sense danger like Camp Crystal Lake and\nDon't wanna shoot him, but I got him\nTrapped, within this infrared dot\nAbout to hot him and hit rock bottom\nNo answers to these trick questions, no time, shit's stressin'\nMy life found I got to live for the right now\nTime waits for no man, can't turn back the hands\nOnce it's too late, gotta learn to live with regrets\n\n[Chorus 2]\nYou used to hold me, told me that I was the best\nAnything in this world I want I could possess\nAll that made me want is all that I could get\nIn order to survive, gotta learn to live with regrets\n(When I was young) you used to hold me\nTold me that I was the best\nAnything in this world I want I could possess\nAll that made me want is all that I could get\nIn order to survive, gotta learn to live with regrets\n\n[Verse 3]\nI found myself reminiscin', remember this one?\nWhen he was here he was crazy nice with his, son\nI miss him, long as I'm livin' he's livin' through memories\nHe's there to kill all my suicidal tendencies\nIn heaven lookin' over me, or in hell keepin' it cozy\nI'm comin', life on these streets ain't what it's supposed to be\nRemember Newton, mutual friend?\nWell, me and him feudin', on your life I tried to talk to him\nBut you know niggas, think they guns can stop four niggas\nFrontin' like they're Big Willie but really owe niggas\nHoe niggas, this year I'll show niggas \u2014 think I'm slippin'?\nI'm about to send you a roommate, no bullshittin'\nBut my hustle's goin' too well to hit him\nYou was right, niggas want you to be miserable with them\nAnyway, I ain't tryin' to hear it, I think I'm touched\nThis whole verse I been talkin' to your spirit a little too much\n\n[Chorus 1]\nThis is the number one rule for your set\nIn order to survive, gotta learn to live with regrets\nOn the rise to the top many drop, don't forget\nIn order to survive, gotta learn to live with regrets\nThis is the number one rule for your set\nIn order to survive, gotta learn to live with regrets\nIf through our travels we get separated, never forget\nIn order to survive, gotta learn to live with regrets\n\n[Outro]\nRoc-A, Roc-A, Roc-A, Roc-A-Fella y'all", "image": "https://images.genius.com/18040c4f503942a16d6577d9820644cb.1000x1000x1.jpg"}], "artist": "JAY-Z"}