{"songs": [{"title": "She's Coming Home With Me", "album": "Unfinished Business", "year": "2004-10-26", "lyrics": "[R. Kelly]\nFellas, a few tips, when you're in the club\nYou must watch your girl, because she may end up with me\n\n[R. Kelly] + (Jay-Z)\nTrackMasters (uhh... turn the music up)\nRock Land\nHova (woo! yess, yess)\n\n[Hook: R. Kelly]\nNow somebody's girl is in my mansion\nShakin that ass to this\nAnd somebody's girl is in my hot tub\nDrinkin that glass of Crist'\nAnd somebody's girl is in my bedroom\nAnd man she's a superfreak\nAnd somebody's girl is leavin my crib\nNow on to the next booty\n\n[Jay-Z]\nUmmmmmmmmm, I don't mean no harm\nBut your boy got the magic stick, the Don Juan\nBishop, chicks'll dissapear in thin air\nLike mist or some shit like this I swear\nI take handcuffs off misses, I pick locks wicked\nI catch your eye 'cause my tick-tock's frigid\nMy necklace glisten, all reckless chicks is\nEyeballin', yeah, and I caught 'em like perfect pitches\nCall me Mike Piazza\nOnce I get 'em in, my fly casa\nIt's hot tubs, heated pools and no rules\nCall your old dude and tell him he old news\nTell that fella you feel like Cinderella\nWith both shoes and it's almost two\nFuck a storybook endin', we bendin' the rules\nThis is somebody's girl part two, now move\n\n[Hook]\n\n[R. Kelly]\nUhh, let me at it\nSomebody's girl is sittin in my lap\nWhisper two words and we both break out\nMy Maybach seats is just as big as a couch\nNot the same girl now that the mic's at your mouth\nOh that's gettin nasty, let's get naughty\nRollin around like a fo'-wheel afterparty\nWe stop at a red light, there go your girls an' 'em\nNow we got the green light, driver follow them (let's go)\nYou're rotatin with a guy that spend money like the world spin 'round\nFirst guy to ever put the singin rap down\nSay the name Kels and these chicks spellbound\nBecause these chicks know I put the \"12Play\" down\nI gotta have it, I just can't stop limpin\nMaybe because I just can't stop pimpin\nNo matter what I do, I can't stop leanin\nWhen the fresh Prada's on and the sun is shinin\nGirls it's your boyfriend\nWith that remix that keeps you clubbin\nDis collabo' crack got you fiendin\nThe industry kings and the rest is dreamin\n\n[Hook]\n\n[Jay-Z]\nThe moral of the tale, if you love your tail\nTreat her well, keep her 'way from Hov' and Kel'\nBecause we can't stop pimpin\nWe put it on her 'til she can't stop limpin\nShe'll be a goner, you can play tough guy on the corner\nI smoothe her out in the sauna\nYeah, I blew it out in the Bahamas, yeah\nYour lil' mama got a stellar arm\nWe got it on like a telethon\nMr. Roc-A-Fella, gone\n\n[Hook]", "image": "https://images.genius.com/6acee75ce6f754ed085bf56c8057fd13.492x500x1.jpg"}], "artist": "JAY-Z"}