{"songs": [{"title": "30 Something (Remix)", "album": null, "year": null, "lyrics": "Jay-Z: You ain\u2019t got enough stamps in your passport to fuck with Young H.O\nIce Cube: Don Dada\nJay-Z: International\nIce Cube: Papa Doc\nIce Cube: What up, Jay?\nJay-Z: Show young boys how to do this thing\nIce Cube: You know me, Ice Cube\nI'm like a Glock, nigga, I always got a hot sixteen, knamean?\n\n[Verse 1: Andre 3000]\nI was a young lad of seventeen\nMy life had yet to show its ugly face\nOnly a pretty fa\u00e7ade, hey God, it's me\nRemember three, thousand\nThe one who used to pray to be a rapper\nMy child's in the third grade\nHis favorite rapper wasn't rapping 'til he heard me\nI wasn't rapping till I heard something called Eric B\nAnd Rakim's Paid in Full\nRap is really getting paid in full\nSo full that the kids don't go to school\nIn hopes of becoming one of us\nThe only requirement is you bust\nNow college is looking slim, product is hooking them\nBefore their brains fully develop, they get enveloped by the  vision teller\nThe television tells them their vision\nNow it's hard for them to make decisions without feeling\nUncool, unschooled, thumb rule\nRule of thumb, you can't be dumb\nI wish I would've studied abroad\nWell I studied a broad and she studied me back\nAnd my course was hard\nThat was that, this is this, listen up\n'Cause all I'm saying is\nIf thirty's the new twenty, thirty's the new twenty for them wheels as well\nThey looking for that mic or some pills to sell\nWhile the girls are steady graduatin'\nNigga's standin' on the corner hatin', debatin'\n'Well, should I get the new J's or the Kobe's?'\nAnd they rollin' so they wide awake for four days\nHuh, I'm a G-entleman, let's get reacquainted\nI am Andre Benjamin\n\n[Hook: Jay-Z]\nI used to let my pants sag, not givin\u2019 a fuck\nBaby boy, now I\u2019m all grown up\nI used to cruise the used car lot, put chrome on the truck\nBaby boy, now I\u2019m all grown up\nI used to play the block like that\nI used to carry knots like that\nNow I got black cards, good credit and such\nBaby boy, 'cause I\u2019m all grown up, ha\n\n[Verse 2: Jay-Z]\nY'all roll blunts, I smoke Cubans all day\nY'all young\u2019uns chase, I\u2019m Patron'n it straight\nI like South Beach but I\u2019m in St. Tropez\nY'all drink Dom, but not Rose\u2019\nHey, ya chick shop at the mall\nMy chick burning down Bergdorf\u2019s\nComin' back with Birkin bags\nYour chick is like, 'What type of purse is that?'\nI\u2019m from the era where niggas don\u2019t snitch\nYou from the era where snitchin' is the shit\nI\u2019m afraid of the future\nY'all respect the one who got shot, I respect the shooter\nY'all go to parties to ice grill\nI go to parties to party with nice girls\nYoung boys gotta chill, thirty\u2019s the new twenty, nigga, I\u2019m so hot still\n\n[Hook]\nI used to let my pants sag, not givin\u2019 a fuck\nBaby boy, now I\u2019m all grown up\nI used to cruise the used car lot, put chrome on the truck\nBaby boy, now I\u2019m all grown up\nYeah, we used to ball like that\nNow we own the ball team, holla back\nNow I got black cards, good credit and such\nBaby boy, 'cause I\u2019m all grown up, ha\n\n[Verse 3: Ice Cube]\nJay-Z, what can a young motherfucka tell me\nAbout the LAPD, about the air that we breathe\nNothin', nada, zero, zilch\nI want tits for fun, you want tits for milk\nI'm all leather and silk, your fuckin' T-shirt look like a quilt\nPlayground king, climb the monkey bars that I built\nThirty's the new twenty, Phantom's the new Bentley\nNigga, don't tempt me, I'll bury you up in Tempe (Westside)\nAnd if I catch a ghost rider, tie him to a tree, gasoline like the lighter\nBurn, you motherfuckin' biter\nTreat you like George Bush treat Al-Qaeda\nThis is Guantanamo, think I'm a hoe\nI made the honor roll, mixed with Geronimo (Yay, yay)\nBefore this mic we'll pass, learn how to wipe your nose before you wipe your ass\nWest Coast\n\nYeah, puttin' it down, nigga\nYou know, ha\nIce Cube, the pyroclastic flow\nHa, it never slow down, nigga\n\nI used to let my pants sag, not givin\u2019 a fuck\nBaby boy, now I\u2019m all grown up\nI used to cruise the used car lot, put chrome on the truck\nBaby boy, now I\u2019m all grown up\nI used to play the block like that\nI used to carry knots like that\nNow I got black cards, good credit and such\nBaby boy, 'cause I\u2019m all grown up, ha", "image": "https://images.genius.com/bf0f68ee56f29c8542ad805c6419682b.676x676x1.jpg"}], "artist": "JAY-Z"}