{"songs": [{"title": "Blueprint (Momma Loves Me)", "album": "The Blueprint", "year": "2001-09-11", "lyrics": "[Produced by Bink!]\n\n[Verse]\nUhh uhh uhh, feel me now, listen\nMomma loved me, pop left me\nMickey fed me, Annie dressed me\nEric fought me, made me tougher\nLove you for that my nigga no matter what bruh\nMarcy raised me, and whether right or wrong\nStreets gave me all I write in the song\nHootie babysitted, changed my diapers\nGil introduced me to the game that changed my life up\nEast Trenton grew me, had me skipping school\nValencia's boyfriend Volvo had me making moves\nMomma raised me, pop I miss you\nGod help me forgive him I got some issues\nMickey cleaned my ears, Annie shampooed my hair\nEric was fly.. shit, I used to steal his gear\nI was the baby boy, I could do no wrong\nYeah it's going past fast, let's move along\nKitchen table, that's where I honed my skills\nJaz made me believe this shit was real\nLabels turned me down, couldn't foresee\nClark sought me out, Dame believed\nPrimo laced me, Ski did too\nReasonable Doubt classic, shoulda went triple\nMomma loved me, pop left me\nGrandma dressed me, plus she fed me\nBanana pudding, was in the hood then\nPuffin on L's, drinking pink Champale\nTy rolled with a nigga, V.A. spot\nTone, Mike 'Zo and them niggas, V.A.'s locked\nBiggs fucked with a nigga, whassup Hoff'?\nBee-High hated the fact I put rap to the back\nMoney pouring in, clientele growing now\nBirth of my first nephew, time to slow it down\nOctober 21st, Lavelle came to the world\nFollowed by three more boys and then a baby girl\nMomma loved me, Ti-Ti Uncle Jay\nLoves you to death won't let no trouble come your way\nOh, can't forget my man down in Maryland\nHe's gone 'til November, how can I not remember?\nTell your moms I'm there for her and Tiembra\nAnd your son too - there's nothing I won't do\nUnless you was me, how could you judge me?\nI was brought up in pain, y'all can't touch me\nPolice pursued me; chased, cuffed and subdued me\nTalked to me rudely; 'cause I'm young rich and I'm black\nAnd living a movie, not living by rules\nNew rap patrolling the city, follow my crews\nBleek you're still with me, nigga what did I say?\nYour time is coming you one hit away\nBeans I ain't trying to change you, just give you some game\nTo make the transition, from the street to the fame\nMy momma loves me", "image": "https://images.genius.com/1aebfd816914351eb7010bd441822da8.1000x1000x1.jpg"}], "artist": "JAY-Z"}