{"songs": [{"title": "I Miss You (Remix)", "album": "The S. Carter Collection", "year": null, "lyrics": "[Intro: Jay-Z (Aaliyah)]\nWhat's up baby girl! (oooh!)\nThought I had to talk to you again, missing you (hey, ey, ey, ey)\nTim is missing you, Missy's missing you\nRashad is missing you, your mom is missing you (n-n-n-n-no no no)\nYour pop is missing you, Dame is missing you\nDamn we missing you... WOO!!!\n\n[Verse 1: Jay-Z (Aaliyah)]\nAll we listen to is all the different yous\n4 Page Letters, in addition to\nHave you ever loved somebody used to get the party popping\nWe used to party-hop, we used to be in the Hamptons, party a lot\nWe was The Breakfast Club, you was a part of the ROC\nWe used to make up special names for the food we ate\nRemember cereal pie, one of your favorite plates (I miss you)\nWell Dame told me tell you he's doin well\nDue to the circumstances, it could've been Bellevue\nBut I ain't got to tell you, you lookin over us\nOur little angel, but you know what\n\n[Chorus: Jay-Z (Aaliyah)]\nBrooklyn's missing you, Detroit is missing you\nNew Orleans missing you, Philly's missing you\n(It's been too long and I'm lost without you)\nYour uncle's missing you, your family's missing you\nYour fans is missing you, Valerie's missing you\nDamn we missing you\n(It's been too long and I'm lost without you)\n\n[Verse 2: Jay-Z (Aaliyah)]\nNow Star is mad I won't grant him a interview\nNow he's dissing me 'cause he dissed you\nCan you believe the nerve of this dude?\n'Cause of your memory I won't bring to the pistols\n(Wondering if your the same and who's been with you)\nBut he got issues enough of that lame\nI never seen pain like your parents pain\nBut I know God protecting you\nYou used to read Seed Of The soul I know God perfecting you (I miss you)\nAll the estrogen, the darker texture you are\nThe more intellectual you are\nSo professional, our little purple star\nToo good for earth you are (I, miss, you)\n\n[Chorus: Jay-Z (Aaliyah)]\nHouston's missing you, L.A.'s missing you\nD.C.'s missing you, Chicago's missing you\n(It's been too long and I'm lost without you)\nKidada's missing you, Shock is missing you\nCarline is missing you, Tiny is missing you\n(It's been too long and I'm lost without you)\n\n[Verse 3: Jay-Z]\nBy the way, B.I.G., we missing you, Pac, we missing you\nWe feel your presence just not in the physical\nAll across the world, blocks is miserable\nY'all left a void, it's a lot of little yous\nBut they not original and they not identical\nThey just studied your flows and they watched your interviews\nI swear in hip hop, if it's not ten of you\nThen it gotta be more, y'all left your paws\nFootprints on the game, hood ain't been the same\nFeeling ain't been in music, hooks ain't been the same\nBut I'm doing what I can, man\nTryin to follow y'all down memory lane, man\nB.I.G., you'd be ashamed to see New York gangbang\nPac, you'd feel the same thing, they use your name in vain\nBut I guess that's the issue\nAnd it proves how much niggas really miss you\n\n[Interlude: Jay-Z (Aaliyah)]\nPun, we missing you, Big L, we missing you\nLeft Eye, we missing you, Jay, we missing you\nJam Master Jay, Freaky Tah, Scott La Rock, the list goes on\nThe world is missing you, the hood is missing you\n(Wondering if your the same and who's been with you)\nNah mean, miss y'all (I miss you)\nThis goes, to the memory of all our fallen soldiers\nSoldiers and soldierettes, all across the world (I miss you)\nWe gon' hold y'all down, y'all living in our memories forever\nWe never gon' let y'all go\n\n[Outro: Aaliyah (Jay-Z)]\nI, can't, think, no, more (we not remembering y'all death though!)\nSince you went away (we celebrating your life, nah mean!)\nI don't really feel like talking, don't wanna hear you love me\nBaby (yes!) do you understand me (yes, yes, yes!)\nI can't do a thing without you (damn we missing you)\nWondering if your the same and who's been with you, I miss you\nWondering if your the same and who's been with you, I miss you", "image": "https://images.genius.com/0572d3c2a8305ab228c6cfdc3005ee89.300x300x1.jpg"}], "artist": "JAY-Z"}