{"songs": [{"title": "Crown", "album": "Magna Carta... Holy Grail", "year": "2013-07-04", "lyrics": "[Intro: Sizzla]\nThey can't keep a good man down\nAlways keep a smile when they want me to frowns\nKeep the vibes and they stood my grounds\nThey will never ever take my crown\nWho Jah bless I say no man curse\nThings gettin' better when they thought it would be worse\nHere comes the officers askin' for a search\nThey found no weapon just only a draw of herbs\n\n[Verse 1: Jay-Z]\nYou in the presence of a king\nScratch that, you in the presence of a God\nPut in the belly of the beast\nI escaped, a nigga never had a job\nScott Boras, you over baby\nRobinson Cano, you coming with me\nThese niggas like rotary phones\nIt's a new day, hit up KD\nNiggas always try to knock a nigga down\nKnock me to my knees about a million times\nUncle said I'll never sell a million records\nI sold a million records like a million times\nThese niggas shouldn't let me in\nI ball so hard on ESPN\nSee my name come across on CNN\n'bout 6 minutes, you gonna see it again\n'bout 6 minutes, you gonna see me again\n\n[Hook: Travis Scott]\nShit on me, these niggas tried to shit on me\nI was left for dead, they tried to wipe me out of your history\nShit on me, these niggas tried to shit on me\nI was left for dead, they tried to wipe me out of they history\n\n[Interlude: Jay-Z]\nIf Fear is your only God\nGet y'all to fear me is my only job\nCrown, crown\nCrown, crown\n\n[Verse 2: Jay-Z]\nBulletproof glass, glass roof like the Pope\nBulletproof love, niggas down since the yolk\nBitch asked if I was God, fuck I'm supposed to say no?\nYou already seen me turn a man to a G.O.A.T\nYou already know what I could do with the coke\nDropped it in the water, made it disappear\nI made it reappear, I had that bitch on a rope\nI make my roof get ghost, bottom grill, I make my tooth get gold\nAll the shit I did, I wasn't supposed to live, Hallelujah Hov\nWasn't for the 'caine wouldn't be able\nWasn't for the bread, probably be dead\nBest friends become ya enemies, niggas' knives are double-edged\n\n[Hook: Travis Scott]\nShit on me, these niggas tried to shit on me\nI was left for dead, they tried to wipe me out of your history\nShit on me, these niggas tried to shit on me\nI was left for dead, they tried to wipe me out of they history", "image": "https://s3.amazonaws.com/rapgenius/MCHG_cover.jpg"}], "artist": "JAY-Z"}