{"songs": [{"title": "Do U Wanna Ride", "album": "Kingdom Come", "year": "2006-11-21", "lyrics": "[Intro]\n\"This is the operator with a collect call from: 'Emory Jones'\nTo accept the charges, press 1 now\"\n\n[Interlude: Jay-Z]\nEmory, whattup?\nTold you I ain't too good with writing letters and all\nShit, I don't even write rhymes\nBut what I will do\nI'mma send you this open scribe through the airwaves\nVibe with me...\nYeah, nigga, I bet we was kids and had dreams of being here\nI said \"we\" 'cause I'm here, you here!\nYeah, ride with me, your spot is reserved, family\nCigarette boats, yachts, ain't nowhere we can't go\nWe in South Beach and the Hamptons, too, baby!\n\n[Chorus: John Legend]\nI know, I know\nSome places we can go, some places we can go\nI know, I know\nSome places we can go, some places we can go\nDo you wanna ride with me?\nDo you wanna ride with me?\n\n[Verse 1: Jay-Z]\nYou know why they call the projects a project\nBecause it's a project!\nAn experiment, we're in it, only as objects\nAnd the object for us to explore our prospects\nAnd sidestep cops on the way to the top - yes!\nAs kids we would daydream, sitting on our steps\nPointing at cars like yeah that's our sex\nHustlers profits made our eyes stretch\nSo on some Dr. Spock shit, we started our trek\nSome of us made it, most of us digressed\nIn the name of those who ain't made it, my progress\nWe show success, please live through me\nSee, I'm the eyes for Emory, keep him alive\n(This is a collect call) So every time I press 5\nAll he wanna hear is his boy talk fly\nUp in the fed, and still holdin' his head\nSo when he hits the streets he gon' eat through this bread\nNow let's ride\n\n[Chorus: John Legend]\nI know, I know\nSome places we can go, some places we can go\nI know, I know\nSome places we can go, some places we can go\nDo you wanna ride with me?\nDo you wanna ride with me?\n\n[Jay-Z: over Chorus]\nI'm crushing all award shows\nMTV, BET, the Grammys, crushed linen, Purple Label\nAll that fly shit we talked about\nGiving them Sinatra pinky rings with the blue diamonds and everything\nHehehe, that's what we talked about right?\nUh-huh... tried to told you, ride with me\n\n[Verse 2: Jay-Z]\nInternational Hov, I told you so\n40/40s out in Tokyo\nSingapore, all this from singing songs\nComing up though we thought slinging raw\nWas the end-all-be-all of being rich, didn't we?\nLittle did I know my mo' potent delivery\nWould deliver me, kingpin of the ink pen\nMonster of the double entendre, Coke is still my sponsor\nHeh, the Cola, yeah\nHova still getting it in with soda\nDiet, no sir, I ain't lose no weight\nStarted from the crates now I'm sitting on a whole case\nSince they got you sitting on that old case\nOur dreams is on hold like TiVo\nSo I can't wait till you get your date\nI got some temp plates outside of the gate\nWe gon' ride\n\n[Chorus: John Legend]\nI know, I know\nSome places we can go, some places we can go\nI know, I know\nSome places we can go, some places we can go\nDo you wanna ride with me?\nDo you wanna ride with me?\n\n[Jay-Z: over Chorus]\nUh-huh, uh-huh\nGeah\nDon't even worry about it though, you ain't missed nuttin\nIt only gets better, they got the Maybach Coupe now\nLook like the Batmobile, the Phantom the top just comes off that joint\nIt only gets better\nThey caught your body they can't trap your mind\nKeep your spirit alive read your books\nMatter of fact, let me take you somewhere\nVibe with me, c'mon\n\n[Verse 3: Jay-Z]\nNow me and my lil' mama, Quita and Ty-Ty\nJuan and Dez out in Saint-Tropez\nJay Brown and Kawanna, sneaking marijuana\nYou know that Mary J., give you no more drama\nLost a couple friends this whole shit got weird\nBut when you get home you know your spot's reserved, ya heard?\nI put my niggas on, my niggas put they niggas on\nNow we all somewhere foreign, chillin', sippin' somethin'\nI ain't forget you cousin, heh\nYeah nigga y'all can wear sneakers on the beach if you want to\nY'all niggas come and c'mon, playin' money marathon\nMy young'n is LeBron, you know what that makes me, baby\nBig Homie! Hehe, Emory, what's up?\n\n[Chorus: John Legend]\nI know, I know\nSome places we can go, some places we can go\nI know, I know\nSome places we can go, some places we can go\nDo you wanna ride with me?\nDo you wanna ride with me?\n\n[Outro: Jay-Z]\nWan' ride with us? You're more than welcome\nWe ain't on no bullshit, uhh\nPut your feet up\nBig Ty, I see you, boy\nGuru, I don't usually do this but\nRoll me up something man\nLet me get mellow on this shit right here\nUh-huh, yeah\nUh-huh, white paper though nigga\nCan't even fuck with those blunts\nWhite paper baby, old school nigga gimme a joint\nSmooth it out, Young H.O.\nEmory Jones\nWord to my momma, we livin'!", "image": "https://images.genius.com/4371d45b1c52d7dc87e4204ae0aa8373.900x900x1.jpg"}], "artist": "JAY-Z"}