{"songs": [{"title": "Can I Get A\u2026 (MTV Unplugged)", "album": "MTV Unplugged", "year": "2001-11-18", "lyrics": "[Intro]\nI wanna go back 98\nMaybe go back 96\nCouple a hits\nHelp me out yo\n\n[Hook]\nBounce with me with me with me\nCan you bounce with me\nCan you bounce with me\nLeft side can you bounce with me with me\nRight side can you bounce with me\nIn the middle can you bounce with me\nHelp me out\n\n[Verse 1]\nCan I hit in the mornin' without givin' you half of my dough\nAnd even worse, if I was broke would you want me\nIf I couldn't get you finer things like all of them diamond rings\nJigga's kill for would you still roll\nIf we couldn't see the sun risin' off the shore of Thailand\nWould you ride then, if I wasn't driving\nIf I wasn't a by the name of\nWould you come around me or would you clown me\nIf I couldn't flow futuristic, would ya\nPut your two lips on my wood and kiss it, could ya\nSee yourself with a working harder than nine to five\nThen ten to six, two jobs to survive, or\nDo you need a so you can shop and tear the mall up\nBrag, tell your friends what I bought ya\nIf you couldn't see yourself with a player when his dough is low\nBaby girl, if this is so, yo\n\n[Hook]\nCan I get a (whoop whoop)\nTo all of my thugs who don't love those that get no dough\nCan I get a (whoop Whoop)\nTo all of my ladies, uh, aha\nCan I get a (whoop whoop)\nTo all of my players who don't love those that got no dough\nUh Uh\nNow can you bounce with me\nCan you bounce with me with me with me\nCan you bounce with me\nBounce bounce bounce", "image": "https://images.genius.com/a7449b38b8eab47232b379bc442a5f10.1000x1000x1.jpg"}], "artist": "JAY-Z"}