{"songs": [{"title": "Picasso Baby", "album": "Magna Carta... Holy Grail", "year": "2013-07-04", "lyrics": "[Produced by Timbaland]\n\n[Verse 1]\nI just want a Picasso\nIn my casa, no, my castle\nI'm a hassa, no, I'm an asshole\nI'm never satisfied, can't knock my hustle\nI want a Rothko, no I want a brothel\nNo, I want a wife that fuck me like a prostitute\nLet's make love on a million\nIn a dirty hotel with the fan on the ceiling\nAll for the love of drug dealing\nMarble floors, gold ceilings\nOh, what a feeling, fuck it, I want a billion\nJeff Koons balloons, I just wanna blow up\nCondos in my condos, I wanna row of\nChristie's with my missy, live at the MoMA\nBacons and turkey bacons, smell the aroma\n\n[Chorus]\nOh, what a feeling\nPicasso baby\nPicasso\nPicasso baby\nOh, what a feeling\nPicasso baby\nPicasso\nPicasso baby\n\n[Verse 2]\nIt ain't hard to tell, I'm the new Jean Michel\nSurrounded by Warhols, my whole team ball\nTwin Bugattis outside the Art Basel\nI just wanna live life colossal\nLeonardo Da Vinci flows\nRiccardo Tisci Givenchy clothes\nSee me throning at the Met\nVogueing on these niggas, champagne on my breath, yes\nHouse like the Louvre or the Tate Modern\nCause I be going ape at the auction\nOh what a feeling, aw, fuck it, I want a trillion\nSleeping every night next to Mona Lisa\nThe modern day version with better features\nYellow Basquiat in my kitchen corner\nGo 'head, lean on that shit Blue, you own it\n\n[Chorus]\nOh, what a feeling\nPicasso baby\nPicasso\nPicasso baby\nOh, what a feeling\nPicasso baby\nPicasso\nPicasso baby\n\n\n[Break]\n\n[Skit]\nWoman: Et l\u00e0 je t'ai tout donn\u00e9, montr\u00e9, rien \u00e0 cacher, tu es l\u00e0 Ivy, comme le nombre d'or\nJay, comment tu dis nombre d'or?\n\nJay-Z: The golden number\n\nWoman: Touch\u00e9\n\n[Verse 3]\nI never stuck my cock in the fox's box but\nDamned if I ain't open Pandora's box\nThey try to slander your man on CNN and Fox\nMy Mirandas don't stand a chance with cops\nEven my old fans like, \"Old man, just stop\"\nI could if I would, but I can't, I'm hot\nAnd you blow, I'm still the man to watch\nHublot on my left hand or not\nSoon I step out the booth, the cameras pops\nNiggas is cool with it 'til the canons pop\nNow my hand on the Bible on the stand\nGot your man in a jam again, got my hands in cuff\nI'm like goddamn enough\nI put down the cans and they ran amok\nMy hairpin pierce skin, ruptures spleens\nCracks ribs, go through cribs, and other things\nNo sympathy for the king, huh?\nNiggas even talk about your baby crazy\nEventually the pendulum swings\nDon't forget America this how you made me\nCome through with the 'Ye mask on\nSpray everything like SAMO, I won't scratch the Lambo\nWhat's it gon take for me to go\nFor you to see, I'm the modern day Pablo, Picasso baby", "image": "https://s3.amazonaws.com/rapgenius/MCHG_cover.jpg"}], "artist": "JAY-Z"}