{"songs": [{"title": "Rap City Freestyle", "album": "Kon the Louis Vuitton Don", "year": null, "lyrics": "[Verse 1]:\nAllow me to re-introduce myself\nMy name is Hov', H-to-the-O-V\nI used to move snowflakes by the O-Z\nI guess even back then you can call me\nCEO of the R-O-C, Hov'!\nFresh out the frying pan into the fire\nI be the music biz number one supplier\nFlyer than a piece of paper bearin my name\nGot the hottest chick in the game wearing my chain, that's right\nHov\n\nI ain't done...\nCheck it out\n\n[Verse 2]:\nReal niggas respect it, fake niggas want beef\nCause they know that's the only way we ever gon' speak\nWe never gon' see eye to eye\nYour type of real I don't recognize, it's all televised\nMobsters op to, not get into beef\nThere's no business in it, it only brings police\nWanksters want beef and they name in the street\nMost time end up with they brain where they feet should go\nYou should know if you gone do somethin'\nAnd then go to radio, we all know you frontin'\nThey shootin', nobody dyin'\nSomebody better put somebody body on somebody iron\nSometime soon or somebody lyin'\nI ain't buyin' that shit y'all shovelin'\nI ain't duckin' for nothin' cousin\nI'm too tall to act small you liars\n\nAaight' that's enough, I'm done", "image": "https://images.genius.com/b7758602aa6883d6e056a8f30703a549.591x591x1.jpg"}], "artist": "JAY-Z"}