{"songs": [{"title": "Tom Ford Remix", "album": null, "year": "2013-12-04", "lyrics": "[Intro: Jay Z]\nClap for a nigga with his rapping ass\nBlow a stack for your niggas with your trapping ass\nClap for a nigga with his rapping ass\nBlow a stack for your niggas with your trapping ass\nTom Ford, Tom Ford, Tom Ford\n\n[Bridge: Jay Z]\nComing up, coming down\nRiding clean fix your hair in my Crown\nBad bitch, H town\nKeep it trill, y'all know y'all can't fuck around\n\n[Verse 1: Jay Z]\nParis where we been, pard' my Parisian\nIt's Hov time in no time, it's fuck all y'all season\nPiss Bordeaux and Burgundies, flush out a Riesling\nWhen Hov's out, them hoes out, y'all put y'all weaves in\nClap for a nigga with his rapping ass\nBlow a stack for your niggas with your trapping ass\nSpent all my euros on tuxes and weird clothes\nI party with weirdoes, yeah Hov, yeah Hov\n\n[Hook: Jay Z]\nI don't pop molly, I rock Tom Ford\nInternational, bring back the Concorde\nNumbers don't lie, check the scoreboard\nTom Ford, Tom Ford, Tom Ford\n\n[Verse 2: Jay Z]\nHands down got the best flow, sound I'm so special\nSound boy burial, this my Wayne Perry flow\nY'all know nothing 'bout Wayne Perry though\nDistrict of Columbia, guns on y'all Tumblrs\nFuck hashtags and retweets, nigga\n140 characters in these streets, nigga\nPardon my laughing, y'all only flagging on beats, nigga\nPardon my laughing, I happen to think you sweet\n\n[Hook: Jay Z]\nI don't pop molly, I rock Tom Ford\nInternational, bring back the Concorde\nNumbers don't lie, check the scoreboard\nTom Ford, Tom Ford, Tom Ford\n\n[Interlude: Beyonce]\nOh, man, so throwed\n\n[Bridge: Jay Z]\nComing up, coming down\nRiding clean fix your hair in my Crown\nBad bitch, H town\nKeep it trill, y'all know y'all can't fuck around\nHold up (I don't pop molly, I rock Tom Ford)\n\n[Verse 3: Pimp C]\nKeep your foot off in they ass is what Ken told me\nNiggas like to play games cause they feel like they know me\nYou don't know me nigga, I've done changed\nSo don't be tryna put no shit off in the game\nThis ain't no mothafuckin' '91\nWe out here rapping for money, you niggas rapping for fun\nI don't fuck with nobody in this shit but Bun\nDeal give me a million, you gotta give that nigga one\nYou can try me if you want to bitch\nBut I'mma show you what the fuck I'm working with\nHis man's tied, pistol popper you ain't real\nJust cause you born in Port Arthur don't make a nigga trill\nY'all hit a lick and that bitch run you\nNeed to put that ho in check, that's what a real nigga do\nA bitch pussy ain't shit to me\nAnd you ain't getting no respect if you fucking for free\n\n[Hook: Jay Z]\nI don't pop molly, I rock Tom Ford\nInternational, bring back the Concorde\nNumbers don't lie, check the scoreboard\nTom Ford, Tom Ford, Tom Ford\n\n[Bridge: Jay Z]\nComing up, coming down\nRiding clean fix your hair in my Crown\nBad bitch, H town\nKeep it trill, y'all know y'all can't fuck around\n\n[Outro: Jay Z]", "image": "https://images.genius.com/bf0f68ee56f29c8542ad805c6419682b.676x676x1.jpg"}], "artist": "JAY-Z"}