{"songs": [{"title": "We Got Em Goin'", "album": "Unfinished Business", "year": "2004-10-26", "lyrics": "Uh, uhh, uh\nUh, ah, now Hov's in the building, Hov's in the building\nUh, uhh, uh\nKels in the building, Kels in the building\nUh, uhh, that's right\nHov's in the building, Hov's in the building\nUh what? Ho, ho\nYo Kels in the building, Kels in the building\n\n[R. Kelly]\nI'm in the building tonight, it's goin down my nigga\nGot a pocket full of cash and some 'dro my nigga\nAttitude like I don't give a fuck my nigga\nProbably the drunkest fool on the flo' my nigga\nOne of the best that ever did this here, every year\nIt's the #1 R&B singer this year\nBut y'all know, still mo' money mo' problems\nMo' niggas, mo' chicks, mo' clubs, Mo' bottles\nOne little note in your ear, and I gotcha\nLadies call me the black Frank Sinatra\nYeah a real pimp floss and the pimp be blingin\nIt's just the same reason why a young pimp be leanin\nHard liquor, couple sips, and I'm passin it\nMaybach so big you can dance in it\nJigga lil' nigga fuckin with the baddest chicks\nGot your girl lookin at you like the maddest chick\nWe goin\n\n[Hook: R. Kelly]\nHo-ohh, ohh-oh\nWe got everybody up in the club, hands high\nGoin ho-ohh, ohh-oh\nWe got players, ballers, hustlers and they back\nGoin ho-ohh, ohh-oh\nWe got all of the pretty girls left in the city\nGoin ho-ohh, ohh-oh\nWe got 'em goin, we got 'em goin\n\n[Jay-Z]\nYo yeah it's the boy Hov', yeah I blow O's\nCircles around competition, not an Optimo\nTo sit low, in a six-oh, oh\nSolo, on lo-lo's, fuck po'-po's\nTake a pho-to, last time you see a nigga so cold\nSo be-low zero, so froze\nSo-so rappers are so sore, hate his soul\nIt ain't my fault I'm so rock'n'roll\nI'm just Hov'\n\n[Hook]\n\n[Memphis Bleek]\nGeah, it's the kid from the Stuy, and I stay high\nIn my A-O-L-A blowin lah lah lah\nGoodbye, I see you chumps on top\nOr on the highway in somethin that ends with I\nLike I, 745, I\nOr the F-E-double-R-the-A-R-I\nAR-15 to spray y'all guys\nYou die (you die) goodbye (goodbye)\n\n[Hook]\n\n[Jay-Z]\nFrom New York to Chi, we blow like hy-dro\nBlow out live shows without py-ro\nSee how I combined the I-O flow\nTone'll rep, Memph Bleek, Kels and Hov'\n\n[Jay and Bleek alternate words]\nBottles, models, follow, to the hotter\nWay we play like it's no day tomorrow\nSpendin my dough like I just hit the lotto\nBounce, park and stop shall not wake I'm straight safe\n\n[Hook]", "image": "https://images.genius.com/6acee75ce6f754ed085bf56c8057fd13.492x500x1.jpg"}], "artist": "JAY-Z"}