{"songs": [{"title": "Can't Knock the Hustle (Fool's Paradise Remix)", "album": "Reasonable Doubt", "year": "1996-06-25", "lyrics": "[Intro: Meli'sa Morgan & Jay-Z]\n'Cause you can't knock the hustle...\nOhh, uuuuuuahyeah, uuuuuuooooooh\nFoooooool's, paradise\nJay-Z, ha ha, Meli'sa Morgan\nYou better think twice\nRoc-A-Fella y'all, it don't stop\n'Cause it's not very nice\n\n[Verse 1: Jay-Z]\nWe about to change this game dear\nCheck my pockets, ain't nothing but game there\nI remain without peer, keep the lames clear\nAnd the cats that's all about scratch remain here\nOn top of this Metropolis\nMy name's like a swear\nDropped off every tier\nNow y'all can swear to Jay\nHeard it the other day\nThrough the missive, peep how they script it\nWe got to hit you every night 'fore we hit the lights, it's type addictive\nNeed cash to live with, the beat goes on\nEvery day is a hustle, the heat grows on\nFunny thing happens when years of chasing money unfolds\nAnd the only thing worse than getting old is not getting old\nNiggas stay low, like six-fours of shit and gold\nAnd watch for hoes with form fitting clothes\nAnd I, hope you shine\nSeen many wrinkles and enough memories to last you two lifetimes\nCan't knock the hustle\n\n[Chorus 1: Meli'sa Morgan & Jay-Z]\nI'm taking out this time (uh huh, uh huh)\nTo give you a piece of my mind\n'Cause you can't knock the hustle, how we do\nWho do you think you are?\nMaybe one day you'll be a star\n\n[Verse 2: Jay-Z]\nCheck this\nIn a man's world need a girl to touch something\nPull an 80 out her Anne Klein purse and bust something\nIf you skating through the night to the light, then trust something\nWhen I get home, then it's on\nGirl just crack your shaped legs like Grade A eggs\nLove the way you behave and beg\nMoans, turns to hollers and screams as we zone like a college team\nThen they can hear you from Hollis, Queens\nLife with me, consists of a lot of things\nChicks in your ear, kicking dirt, 'cause you got hotter rings\nBut you know how to scream, friends talking dizziness\nRemind them freak chicks, stay out my bizziness\nKnow they can't love it, trips to L.A. with no luggage\nCame back with six bags struggling\nIn first class if my ass should crash, champagne spilled on me\nSteak still warm on me\n\n[Chorus 2: Meli'sa Morgan Jay-Z]\nYou can't knock the hustle\nBut until then baby, I'm the one who's crazy (uh huh)\n'Cause that's the way you're making me feel (how we, how we do)\nThe way you're making me feel (You can't knock the hustle)\nI don't want no romance, I just want the chance\nCan't knock the hustle for real (ha)\n\n[Verse 3: Jay-Z]\nEver since I retired, working alongside of live wires\nTo this rap biz with fake nigs you know liars\nI guess I'm biased 'cause what I talk about I live\nThese rap dudes conflicted\nSome of them ain't even rapping for chips\nWhat part of the game is this?\nSeems brainless, on tours like whores, guess what I'm saying I miss\nCats that go all out for their gold plaques\nStarted with four jacks, ended up with gold Ac's\nBet your lungs collapse if my funds get trapped\nOn their, way to me through you, screw you\nGun blew you, out of one then two shoes\nRun through you like um, excuse you\nBut that's my cash, gotta understand your hustle\nBut that's my cash, you don't understand\nLet my dough pass, you can show it love\nLike a rap star in front of the club\nBut don't knock the hustle\n\n[Chorus 1 & 2: Meli'sa Morgan & Jay-Z]\nI'm taking out this time\nTo give you a piece of my mind\nWho do you think you are?\nBaby one day you'll be a star\nBut until then baby, I'm the one who's crazy\n'Cause that's the way you making me feel\nThe way you making me feel\n'Cause you can't knock the hustle\nI don't want no romance, I just want the chance\nCan't knock the hustle for real\n'Cause you can't knock the hustle", "image": "https://images.genius.com/18040c4f503942a16d6577d9820644cb.1000x1000x1.jpg"}], "artist": "JAY-Z"}