{"songs": [{"title": "MaNyfaCedGod", "album": "4:44", "year": "2017-07-07", "lyrics": "[Intro: JAY-Z]\nYeah, uh\nVacay the pain away, uh\nSmoking the pain away, uh\nDrinking the\u2013uh\n\n[Verse 1: JAY-Z]\nLook at all we been through since last August\nSkating through the rumors like, \"Aw, shit!\"\nStill came back, fucked up the red carpet\nShows how big your heart is\nOn the Run, we took a hundred together\nMore than the money, it was the fact that we done it together\nUh, healing in real time\nSong Cry to Resentment, that was real crying\nBonnie and Clyde things, we hold it down\nHad we surrendered then, that'd be the real crime\nGot through it, got blessed times two with it\nNew Bel-Air estates with four pools in it\nI told my bro, \"You gotta go home,\" over vino\nGoodfella, don't gamble with your life, this ain't Casino\nCost him two mill' plus the child support\nWe'll get the money back, but not the child support\nIt's getting too late, we can't afford mistakes\nWoulda broke me down had you got away\nIt woulda broke me up, you took my child away\nI'm glad we found a way\nSexin' the pain away\nVacay the pain away\nDrinking the pain away\nSmoking the pain away\n\n[Verse 2: James Blake & JAY-Z]\nToo perfect not to wonder (yeah)\nIf we created a flame that would warm us 'til it\u2019s over\nWe invented lovers from company for the summer\nI was many faces, but at least I was willing to change\nI was worried that the way I was would end me up alone\nShit feels so beautiful, don't you agree?\nI was worried that the way I was would end me up alone\n\n[Beat Change]\n\n[Interlude: JAY-Z]\nOur external reality is an opportunity to heal our internal upset\nLet's build a cathedral these evils couldn't fuck with\nI wanna spend my Saturdays and my latter-days\nEating sundaes and enjoying Mondays\nNot worrying about what none say\n\n[Verse 3: JAY-Z]\nYonc\u00e9, all on this mouth like liquor\nUh, that my nigga, uh, that my nigga\nOver everything, each of our mood swings\nWhenever attitudes change, like a mood ring\nAin't nothing like somebody that get ya, baby, I get ya\nLet's go through this thing, come out stronger, the golden journey\nBroken is better than new, that's kintsukuroi\nYou're fine china, I'm a bull and ball in a china shop\nI promise to repair with gold each bowl I drop\nBe grateful for whatever comes because each has been sent\nFrom a guy from beyond, that's what Rumi say\n\"Never go to bed mad,\" that's what my Ummi say\nIt always took her less to say more\nI always thought she was an angel, now I'm sure, sure", "image": "https://images.genius.com/4cf5f4f88ace021acdc18cc3cefcf2f4.1000x1000x1.jpg"}], "artist": "JAY-Z"}