{"songs": [{"title": "Parking Lot Pimpin'", "album": "The Dynasty: Roc La Familia", "year": "2000-10-31", "lyrics": "[Intro: Jay-Z]\nYeah, it's that knock right here\nYou fuck around not have the right speakers in your system\nYour shit be soundin' like this {*funny sounds*}\nBig thangs, thick chains, ain't shit changed\nGet brain in the four-dot-six Range\nShit mane, switch lanes\nEvery town I hit, switch lames, bitch flip big 'caine\n\n[Verse 1 : Jay-Z]\nI givin' 'em whiplash when I'm whippin' the whip fast\nWhich one? Pick one nigga, I got a sick stash\nContinental T's, no tints like I got a thick stack\nBig cigar, old money, when I drop it it's so funny\nSix-four switches, slam doors on 6's\nBig trucks when I wanna fuck and it's time to get ass\nI turn automobiles to hotels on wheels\nI got money for a room, it's just the fact that I'm trill\nBitches love when I cruise up the boulevard\nThey have contests to guess which car I'ma pull out the yard\nThey know I, come for dolo and pull off with a broad\nSpin away, spend a day tryin to pull menage\nJust mackin' this gorgeous; sunlight hit the ice it's flawless\nRun lights like I'm the king of New York, I'm lawless\nBitches, they wanna hang like plaques in the office\n'Cause I push black Porsches, Benz's and Jaguars-es\nWhen the rag's off it, gat on my lap, I'm that cautious\nNever trust grimy-ass New Yorkers\n'Specially when you're sittin on 20's they get nauseous\nStandin' in the Azure with white Air Forces\n\n[Chorus: Lil' Mo]\nYou can catch me in the parkin' lot\nHollerin' at bitches, parkin' lot pimpin'\nEveryday we be off the chains\nWorkin' with grain, sittin' on them thangs\nTryin' to find out where them dollars at (dollars at)\nSo when I holla at you, holla back (holla back)\nEveryday we be off the chains\nAin't nothin' different, parkin' lot pimpin'\n\n[Verse 2 : Beanie Sigel]\nHolla at me mami! Sigel..\nYou can catch Mack in the parkin' lot, pimpin' crazy\nS-5, Navy 'Cedes, sittin' on 80\nThat's four dubs, not S-4 dub\nStash box, push Hot Wheel like Matchbox\nBitches wanna push my world, they flash box\n160, push my wheel, mash cops\nCause 160 took my wheel to cash drop\nRun 60, you Big Will, match cop\nLookin through the rear view and Mack was wylin'\nNew driver, screwdriver, the cracked steerin' column\nPushin' somethin' stolen, blastin', picture me rollin'\nBack then couldn't picture me rulin'\nNow the truth different, Mack come through Coupe roof missin'\nI'm the truth 'til my fuckin' roof missin'\nMac stay stuck in the Coupe to school pigeons\nFeathers gettin' plucked in the truck from loose chickens, listen\n\n[Chorus: Lil' Mo]\nYou can catch me in the parkin' lot\nHollerin' at bitches, parkin' lot pimpin'\nEveryday we be off the chains\nWorkin' with grain, sittin' on them thangs\nTryin' to find out where them dollars at (dollars at)\nSo when I holla at you, holla back (holla back)\nEveryday we be off the chains\nAin't nothin' different, parkin' lot pimpin'\n\n[Verse 3 : Memphis Bleek]\nYo, ayo I dip dip dive, what can I say?\nI can't fit 'em all inside the Escalade\nSo I called up, murder to further my parkin' lot pimpin'\nTold 'em get the Impala so I can start dippin'\nLay back, seat recline, they notice the hand\nCar movin' slow, driven by the invisible man\nEverything on the dash, digital and\nI got a fast stashbox don't make me spit at you man\nIn the parkin' lot, where I spark a lot\nI come to show my new feet, slide off with a few freaks\nBleek, turn up the beats..\n.. turn up the heat then we burn up the streets, bitch!\n\n[Chorus: Lil' Mo]\nYou can catch me in the parkin' lot\nHollerin' at bitches, parkin' lot pimpin'\nEveryday we be off the chains\nWorkin' with grain, sittin' on them thangs\nTryin' to find out where them dollars at (dollars at)\nSo when I holla at you, holla back (holla back)\nEveryday we be off the chains\nAin't nothin' different, parkin' lot pimpin'\nYou can catch me in the parkin' lot\nHollerin' at bitches, parkin' lot pimpin'\nEveryday we be off the chains\nWorkin' with grain, sittin' on them thangs\nTryin' to find out where them dollars at (dollars at)\nSo when I holla at you, holla back (holla back)\nEveryday we be off the chains\nAin't nothin' different, parkin' lot pimpin'", "image": "https://images.genius.com/c91a9bc0eb9aaf290224ebeaabd243a0.640x640x1.jpg"}], "artist": "JAY-Z"}