{"songs": [{"title": "Jay's Back, ASAP", "album": "Creative Control", "year": null, "lyrics": "[JAY-Z]\nJay's back, asap, crowd awaits, they clap\nStage black, gladiator blaze from the playback\nI take center stage, AK spray raps\nWhat more can I say that I haven't said they ask\nCovered drugs, slung crack, fatherless sons, sung about that\nYou can feel the real in every one of my raps\nPush whips, pull chicks, side step every one of they traps\nThey tap, them Feds don't play fair\nThey pay rats to say that their\nPart of your operation, they're the doctor you're the patient nigga\nOpen heart surgery, no anesthesia, lay back\nNo love for us bad boys, take that\nHey that's the chance that we take, tryin' to make that\nMaybach seats way way back\nCops versus robbers and they don't play with cap guns\nYou learn that, rather young, hearing bullets whiz through your wave cap\nPaint that, scenes don't play back\nEveryday I wake I see a wake so I vacate where it's safe at\nNo I ain't scared, I'm just afraid that\nI'll kill you and wind up given all this paper that I made back\nAnd that ain't hot, that ain't the Jay that I know\nHe use his brain for more than a place to pull the braids at\nI'm too high on life, way back\nIf you crave rap, shave crack, Jay's back bitches", "image": "https://images.genius.com/619ad93c3cf9c827ec15407a81735374.500x500x1.jpg"}], "artist": "JAY-Z"}