{"songs": [{"title": "44 Four's", "album": "Kingdom Come", "year": null, "lyrics": "[Intro]\nCan I kick it? (Yes you can)\nCan I kick it? (Yes you can)\nCan I kick it? (Yes you can)\n(I'm kinda lovin' that)\nCan I kick it? (Yes you can)\nCan I kick it? (Yes you can)\nCan I kick it? (Yes you can)\nWELL I'M GONE!\n\n[Verse]\nRoc-A-Fella forever, Hov' for life\nDebut's a classic, first album, four mics\nShould've got a five, but niggas lack foresight\nBut I don't give a fuck, I ain't do it for the hype\nI do it for the hustlers for the ghetto for the plight\nFor the struggle for those who bubble white\nFor fly 4X4s, roofless cars, flawless ice\nFor the pain for y'all to know what it's like\nFor every time it rains 40 days and 40 nights\nFor every promise made that never saw the light\nI'll get my own forty acres, give me four nights\nFour O's, a Glock 40 for the jackers and I'm right\nOr the four-four will suffice\nA fourteen-year-old to look out for the vice\nYou can sit back and just wait for the flight\nYour boy'll take off like I've been strippin' all my life\nThat's the type of metaphors I write\nTo let niggas know I was real before the mic\nFour front rows, had the fur at the fight\nNo PETA on my Peter, left some room for the divas\nIn the suite, we'll meet up if ya wild for the night\nOn the rampage, champagne pours, on the floor\nFor all those who ain't make it here and lost they life\nWouldn't forget y'all for any price\nNot for no hoes, not for no ice\nNot for no fame nor for bright lights\nSo I'ma end this here real mean, but I'm right\n44 fours, muh'fucka, I'm NICE", "image": "https://images.genius.com/4371d45b1c52d7dc87e4204ae0aa8373.900x900x1.jpg"}], "artist": "JAY-Z"}