{"songs": [{"title": "All Around the World", "album": "The Blueprint 2: The Gift & The Curse", "year": "2002-11-12", "lyrics": "[Intro: Jay-Z]\nSwear to God I just touched down\n\n[Chorus: Jay-Z (LaToiya Williams)]\nAll around the world.. (same song)\nKiller Cali, nigga (same song)\nA-T-L (same song)\nReal-adelphia.. dude it's all around the world\n\n[Verse 1: Jay-Z]\nLondon, England, South of France\nAnd all points between they know about your man\nKonichiwa ladies when I'm out in Japan\nI'm a Tokyo Giant like Ichiro, I am\nPiss poor nigga from the hood but I blew\nNow I bounce six-fours up and down Crenshaw\nSpot me the hotel, the Cap', or Capri\nBathrobe, slippers in the lobby like \"Oui\"\nYour man'll stand manta ray, handlin' a steak\nAnd handlin' a model, standin' about five-eight\nFive-nine, fine wine, fine dine, either that\nOr I'm mixin' in Switzerland, tryin' to buy time\nBallin' out in Bali when it's gorgeous out in Cali\nBrunchin' at the 4 Seasons, off the heezy\nThen it's back home, nigga, back to the zone\nNigga back to the books to the rhymes that took me\n\n[Chorus: Jay-Z (LaToiya Williams)]\nAll around the world.. (same song)\nBrooklyn bombers (same song)\nDetroit players (same song)\nChi-Town.. all around the world\n\n[Verse 2: Jay-Z]\nSaid it's all love, Shore Club, M-I-A\nParty at bungalow eight, when I stay\nPool look like a hundred Beyonce's\nA couple fiances, I'm the new DeVante\nCome and Talk to Me, mami in the Yves Saint\nLaurent, I hope, she ain't too young\nOnly twenty-one and older let another nigga mold her\nI'm just tryin' to show her how a baller and a roller\nSleep one place, tell the pilot to keep the engine\nRunnin' then I wake up in Martha's Vineyard\nSt. Bart's this year, I think I'm gon' spend Christmas\nReminiscin' 'bout the time my mom couldn't spend Christmas\nNow I'm gon' send her on her own little wish list\nAnywhere in the world, anywhere for my girl\nForever my lady, blind crippled and crazy\nA ticket and your favourite CD - sweet Sade\n\n[Break: LaToiya Williams]\nSade, Sade, don't you know I love you sweet Sade, Sade\nAll around the world\n\n[Verse 3: Jay-Z]\nSaid it ain't where you from yo it's where you at\nReal niggas out in Brooklyn, some niggas don't clap\nIt's real killers out in Cali, some niggas just act\nHollywood like they out the hood, it's all to the good\nReal players in the D-Twa, some of them throwed\nSlackin' on they mackin', rest haven for hoes\nReal pranksters in the Chi, most of them real folks\nDisciplined Gangsters, come on Charlie I know\nShit, it ain't about your city or borough\nIt's 'bout if you really as thorough\nAnd if you are, holla at your boy\nI put my hand on my heart, that means I feel you\nReal recognize real and you lookin' familiar\nI'm a Bed-Stuy nigga but I do it to death\nI promise I'm in St. Thomas homie eatin' at Chef's\nOne-twelve, A-T-L, the sun up yet?\nThen we party like the sun don't set\n\n[Outro: LaToiya Williams]\nWe gon' take you all around the world.. it's the same song (same song)\nEverywhere (same song)\nIt's the same song (same song)\nWe gon' take you all around the world.. same song (same song)\nSame song (same song)\nSame song (same song)\nAll around the world..\n\n{*harmonizing to the end*}", "image": "https://images.genius.com/bbaaa25ac55d3bc2008448e1647d3b54.720x631x1.jpg"}], "artist": "JAY-Z"}