{"songs": [{"title": "Oceans", "album": "Magna Carta... Holy Grail", "year": "2013-07-04", "lyrics": "[Intro]\n(You see this motherfucking face)\nBlessings, blessings, yeah, I see..\n\n[Chorus: Frank Ocean]\nElephant tusk on the bow of a sailing lady, docked on the Ivory Coast\nMercedes in a row winding down the road\nI hope my black skin don't dirt this white tuxedo before the Basquiat show\nAnd if so, well fuck it, fuck it\nBecause this water drown my family, this water mixed my blood\nThis water tells my story, this water knows it all\nGo ahead and spill some champagne in the water\nGo ahead and watch the sun blaze on the waves of the ocean\n\n[Verse 1: Jay-Z]\nDope boy still smelling like cocaina\nWhite boat, white robe, can he be more cleaner?\nThe oil spill that BP ain't clean up\nI'm anti-Santa Maria\nOnly Christopher we acknowledge is Wallace\nI don't even like Washingtons in my pocket\nBlack card go hard when I'm shopping\nBoat docked in front of Herm\u00e8s picking cotton\nSilk and fleeces, lay on my Jesus\nOh my God, I hope y'all don't get seasick\nSee me in shit you never saw\nIf it wasn't for these pictures they wouldn't see me at all\nAww, whole world's in awe\nI crash through glass ceilings, I break through closed doors\nI'm on the ocean, I'm in heaven\nYachting, Ocean 11\n\n[Chorus: Frank Ocean]\nElephant tusk on the bow of a sailing lady, docked on the Ivory Coast\nMercedes in a row winding down the road\nI hope my black skin don't dirt this white tuxedo before the Basquiat show\nAnd if so, well fuck it, fuck it\nBecause this water drown my family, this water mixed my blood\nThis water tells my story, this water knows it all\nGo ahead and spill some champagne in the water\nGo ahead and watch the sun blaze on the waves of the ocean\n\n[Verse 2: Jay-Z]\nMe and Ty Ty is like Pablo and Popeye\nWinding dirt roads on mopeds spilling Opus\nWelcome to the magnum opus, the Magna Carta\nThe best-selling author Decoded\nOn the holiday playin' \"Strange Fruit\"\nIf I'ma make it to a billi I can't take the same route\nSwoosh, that's the sound of the border\nSwoosh, and that's the sound of a baller\nMuhammad Hovi my back against the rope\nThe black Maybach, I'm back inside the boat\nShepard Fairey they finally gave me some hope\nCan't believe they got a nigga to vote\nDemocrat? Nope, I sold dope\nIn trouble waters I had to learn how to float\nOn the ocean, I'm in heaven\nYachting, Ocean 11\n\n[Chorus: Frank Ocean]\nElephant tusk on the bow of a sailing lady, docked on the Ivory Coast\nMercedes in a row winding down the road\nI hope my black skin don't dirt this white tuxedo before the Basquiat show\nAnd if so, well fuck it, fuck it\nBecause this water drown my family, this water mixed my blood\nThis water tells my story, this water knows it all\nGo ahead and spill some champagne in the water\nGo ahead and watch the sun blaze on the waves of the ocean", "image": "https://s3.amazonaws.com/rapgenius/MCHG_cover.jpg"}], "artist": "JAY-Z"}