{"songs": [{"title": "Celebration", "album": "Streets is Watching Soundtrack", "year": "1998-05-12", "lyrics": "[Intro: Pain In Da Ass]\nWhat you think you like me? You ain't like me motherfucker\nYou a punk, I been with made people, connected people\nWho you been with? Chain snatchin', jive-ass, maricon motherfuckers\nWhy don't you go get lost\nGet out of here, go kick a freestyle or somethin'\n\n[Verse 1: Jay-Z]\nYou're now tuned into the greatest\nMotherfuckers can't beat us, join us, can't fade us, hate us\nCan't touch it, fuck it, can't see 'em, try to be 'em\nBoth shows sold out your coliseum, 8th Wonder\nLocked rap for three summers, poker faces with the aces under\nPhase one of the takeover, the break's over\nNigga, I'm the God MC, me, Jay-Hovah\nShit knockin', almost a crime, get Cochran\nBangin' to the hearse where my doctors hand\nHot land, FBI, DEA, I did crime, got away\nThey wanna see me pay, motherfuckers better ride\nIf they try to plant, under the seat of my car\nEven a half a gram, better flame those, plainclothes\nSame goes for lame hoes, cocaine rapper\nRep ya game pros\n\n[Verse 2: Wais P]\nWe celebrate this, while you sittin' back screamin' you hate this\nTry to rape this, get caught in my crime matrix\nSpittin' sperm inside of latex\nYou get, no respect like a child rapist\nDelegate this, men just givin' face lifts\nLeave your melon spacious, career felon, no hiatus\nNor Caesar's, the CIA flooded my block with diseases\nInformants, heatin' the spot up like global warmin'\nWho start *shit*? My style is laced with arsenic\nOdorless tasteless, cause of death is traceless\nI know you wanna see me wasted\nYou call the order, I'll be in Hell\nTeam Roc sweater and ice water\nRighteous, dominate the global, my life's a novel\nBlazin in Barnes and Noble, idolize the vocals\nY'all niggas is local but that's evident\nI'm Resident Evil, movin' like (?)\n\n[Verse 3: Memphis Bleek]\nMillionaire that flow like water, rap *niggas* runnin'\nI, oughta applaud ya, clap at ya\nPoint the MAC at ya, *niggas* caught up\nBrought up in the rapture, my flows torture\nLike a compound fracture, can't *fuck* widdit\nFor the love of sex money and drugs\nAffiliated with the sets, TECs, honies and thugs\nLet the four power, rain on niggas like a spring shower\nAnd bring flowers for the bodies that surround us\nIf you was lookin' you found us\nMovin' with speed, tried to play Superman\nEnded up like Chris Reeves\nParaplegic, precise minds like the Pharaohs of Egypt\nShot through a barrel niggas narrowly weaved it\nKeepin' my Team top seeded with the Sweet 16's\nBulgin' out of my jeans, on the ten-speed weeded\nHoldin', share these shots with you like a secret\nIt's like a story never told, but believe it...\n\n[Verse 4: Sauce Money]\nStreet anthem anchor, quick to trade shots just like a banker\nLick a round, niggas hit the ground like Sanka\nI got ya screwface in forty-two ways\nAim better than toothpaste, Jerry Maguire\n\"Show Me The Money\" like Clue tapes\nRun up in your spot with a few eights, zonin'\nKnown men, home in, all of my homies condone sin\nFour shots spin ya like chrome rims\nPut a part right through your dome like the Omen, foamin'\nWhite sheets got ya wrapped like a Roman\nBack in New York, honey wants it, just spit blood and talk funny\n*Niggas* is cartoons, picture styles that's fully developed\nLike dark rooms, hits fat, cub with a harpoon\nHeat-seekin', grill huntin', still frontin'?\nKeep squeezin', *fuck it*, I leave the whole street wheezin'\nNo *motherfuckers* hope I fail, and gotta provoke the frail\nGot 'em scared to drop like soap in jail\n\n[Outro: Jay-Z]\nGeah, there you have it\nJust think of ours as can't be touched, tested, whatever\nNever disrespect this thing of ours\nRoc-A-Fella family", "image": "https://images.genius.com/27d47c63a65d2f2dd93e8d05b73afab3.983x1000x1.jpg"}], "artist": "JAY-Z"}