{"songs": [{"title": "9/11 Freestyle", "album": null, "year": "2001-09-14", "lyrics": "Bootleggers, bombing, Bin Laden\nI'm still crackin'\nI will not lose, I simply refuse\nI dropped the same date as the Twin Towers\nI show power\nStill I show compassion for others, sent money and flowers\nDevote hours\nI live in the struggle, I'm addicted to the hustle\nI'm conflicted because, dude\nAmerica, this land of mine\nIs filled with prisoners, with the same plans as mine\nSo I'm a walking contradiction\nOn one hand I love my position\nBut easily I could have been in that prison\nAnd no, I am not a Christian, though I believe in God\nBut I don't believe in the devil, my beliefs are odd\nIf we the people was given freewill from God\nHow could He give the people freewill, without giving you E-vil?\nWe will hold it together, believe in the Roc\nLong after you leave the spot\nLong after my breathing stops\nMy spirit remains vibrant, I will lead the flock\nAnd that's the tip of the iceberg\nYou might hear Christ's words in my scriptures\nBut I only write it for my niggas", "image": "https://images.genius.com/c15136bc18a27b9ba343c3ad646483d4.438x657x1.jpg"}], "artist": "JAY-Z"}