{"songs": [{"title": "Hey Papi (Original Version)", "album": null, "year": null, "lyrics": "[Verse 1: Jay-Z]\nYeah, yeah, yeah\nAy yo I got a resolution\nThis year I'm playing right\nNo 6:15 and shit (but)\nYou can stay the night\nWe can go bowling it ain't like before\nCan't you, see that I'm growing?\nI was so immature\nI was young and having money\nHaving honies come to the crib\nDigging they shit and they couldn't get cab money from me\nSome bad chicks didn't get pass the bridge\nI went to One Trump Plaza on their asses'\nNo room service, just snacks and shit\nWork with those Lil' Debbies and when your done get ready\nBut chicks I was fiending to smash\nLet 'em lean on the cash\nTake 'em on long trips\nBreak 'em with long dick\nThere was no such thing as strong relationships\nBut I'm off that playa shit\nI need a chick that practice Tai Chi\nAnd still can buy weed\nAnd can give me some good head\nI'll make her remind me, ya hear me?\n\n[Chorus: Jay-Z (Amil)]\n(Hey papi)\nEven if they don't understand the flow\nThey understand the dough\nMy ladies going\n(Hey papi)\nPromise you'll never let me go\nPromise you'll never leave me\nPromise we'll grow, they saying\n(Hey papi)\nEven if they don't understand the flow\nThey understand the dough\nMy ladies going\n(Hey papi)\nPromise you'll never let me go\nPromise you'll never leave me\nPromise we'll grow, they saying\n\n[Verse 2: Jay-Z]\nI was the worse\nI used to switch chicks every day\nHad niggas mad for real like, \"I wish he was gay\"\n'Cause they knew, sooner or later hun was getting with Jay\nIn just a, matter of time she was getting with Jay\nI'll have your chick in the tropics, somewhere sipping on 'zae\nSpitting up in the Pacific, smoking spliffs in the shade\nShe used to love ya, but she feeling different today\nYou used to smother her, look at your honey slipping away\nConsorting with hustlers, niggas that be giving her space\nShe said, she feel free when she around me\nI'm letting her do her and in turn she's doing me\nShe's on the phone with her friends like, \"How cool is he?\"\n\n[Chorus: Jay-Z (Amil)]\n(Hey papi)\nEven if they don't understand the flow\nThey understand the dough\nMy ladies going\n(Hey papi)\nPromise you'll never let me go\nPromise you'll never leave me\nPromise we'll grow, they saying\n(Hey papi)\nEven if they don't understand the flow\nThey understand the dough\nMy ladies going\n(Hey papi)\nPromise you'll never let me go\nPromise you'll never leave me\nPromise we'll grow, they saying\n\n[Verse 3: Jay-Z]\nI was nice to girls but that wasn't the Shawn they felt\nThey said the coupe was alright, but they ain't like the seat belt\nI look tight, they told me loosen up, run a couple of lights\nSpank 'em, pull their hair, just don't treat 'em so nice\nLeft me confused, I mess with chicks that was best when abused\nNice guys finish last was they special set of rules\nAnd me, I overdid it (uh-huh), all chauvinistic\nWould treat 'em so vicious, would stroke, but won't kiss it\nBut now, I'm trying to flow different\nI'm trying to cool it now\nI'm trying to plant a seed, start a new edition\nI'm sick of chasing chickens\nSick of every other city we go, same ol' hoes\n\n[Chorus: Jay-Z (Amil)]\n(Hey papi)\nEven if they don't understand the flow\nThey understand the dough\nMy ladies going\n(Hey papi)\nPromise you'll never let me go\nPromise you'll never leave me\nPromise we'll grow, they saying\n(Hey papi)\nEven if they don't understand the flow\nThey understand the dough\nMy ladies going\n(Hey papi)\nPromise you'll never let me go\nPromise you'll never leave me\nPromise we'll grow, they saying\n(Hey papi)\nEven if they don't understand the flow\nThey understand the dough\nMy ladies going\n(Hey papi)\nPromise you'll never let me go\nPromise you'll never leave me\nPromise we'll grow, they saying\n(Hey papi)\nEven if they don't understand the flow\nThey understand the dough\nMy ladies going\n(Hey papi)\nPromise you'll never let me go\nPromise you'll never leave me\nPromise we'll grow, they saying\n(Hey papi)", "image": "https://images.genius.com/bf0f68ee56f29c8542ad805c6419682b.676x676x1.jpg"}], "artist": "JAY-Z"}