{"songs": [{"title": "Hate", "album": "The Blueprint 3", "year": "2009-09-08", "lyrics": "[Intro: Jay-Z]\nHaters, haters; these niggas is haters\nAnd I made myself so easy to love\n\n[Verse 1: Kanye West]\nHow much they hate it? very!\nKiss girls like Katy Perry\nI am never sprung, but I Spring 'er, Jerry\nDon\u2019t try this at home: results may vary\nKing like T.I., but in the Chi, Larry...\n\n[Verse 2: Jay-Z]\nHoover, Hova\nBoth are American Gangsters\nYou choose who's colder\nRappers get nasty in the booth but I'm grosser\nI can\u2019t even stomach myself, ulcer!\nMore realer 'cause I'm closer\nHad girlies in girdles weighing more than they supposed to\nPoser, no sir\nMy hustle, so Russell, I stretch work, yoga\nYou know I got it down, dog\nAl Roker, I used to knock pounds off\nIt ain\u2019t nothing for me to knock some nouns off\nAt these MCs praying for my downfall\nThey just haters, I wave at you, I\u2019m so player\nI\u2019ll never be done, I\u2019m so rare\n\n[Verse 3: Kanye West]\nWe killing the game, it's not fair\nYou muh'fuckers stay right there\n'Cause we too high up in the air\nWe blasting off just like a laser\nNigga, pee-une, pee-une, pee-une\nGet back, gimme room room room\nDB9 like vroom, vroom, vroom\nYoung Hov', what we doin', doin', doin'?\n\n[Verse 4: Jay-Z]\nWe ballin', bitches\nEating y'all food, leaving dishes\nWhy these niggas always talking Lear talk, 'Ye?\nWhy I never see 'em at the Clearport, 'Ye?\nWhy always hear they at the airport?\nWhile I fly daily like I'm in the Air Force?\nTherefore, please stop talking my ears off\nMillionaire talk\nYou haters, you mad at me 'cause your paper\nNeed to get its motherfucking weight up\nHold up, wait up, I ain\u2019t done\nName one thing I ain\u2019t done\nIt hurts when you say that I ain't the one\nYou haters, how do I gain your favor?\nI need to know 'cause I care\nI need you to love me, I swear, look here!\nSee 'Ye is running the Chi like Gale Sayers\nI'm running New York, I got the mayor on my pager\nYou can\u2019t fade us, you haters\nI need you, stay there, I breathe you like air\nYeah-yuh, yeah-yeah-yeah yeah-yuh", "image": "https://images.genius.com/ff10a6a0a94d002a374623bb49818293.1000x1000x1.jpg"}], "artist": "JAY-Z"}