{"songs": [{"title": "Analyze This", "album": null, "year": null, "lyrics": "What the hell...what the hell...\nCheck check check check it out\nWhat the hell...what the hell...\n\n[Hook 1: Lord Tariq]\nPeople know me on these streets player, I ain't new\nLookin at me all funny, while I'm countin my money\nSuprise, what I do is already legalized\nAnalyze what I toss across, ain't no love lost\n\n[Verse 1: Jay-Z]\nFo' sure, everythings for dough now\nFlow, you gotta pay a little more now\nIt's platinum, now a days we put the gold down\nWe stepped it up, y'all don't ever want a showdown\nGet wetted up by the sleeve that leave the bezel out\nY'all don't like it? Sue me, fuck I'll settle out\nGhetto'd out in the vehicle Bent\nThese days I mellowed out, see success make a fella content\nUh-huh, you know, this rap star, Papi Chulo\nJay-Z, Hugo, of course player you lost player\nI know you rappers wanna see me fail\nBut quick to see a 600SEL V-12\nLive wit it, y'all got dough to get get it\nI got mine, your little bit of money couldn't stop mine\nYour block time, too hot, too many hands in your pie\nSeventy thirty, the nigga you work for work for me\nBottom line\n\n[Hook: Jay-Z]\nPeople know me on these streets and the towns I been through\nLookin at me, stay focused, I'm givin em straight poker suprise\nWhat I do is already legalized\nAnalyze how I floss of course, ain't no love lost\n\n[Verse 2: Lord Tariq]\nWe be the Bronx to BK'lyn, togethor we about a ton or better\nOn the way in, we rhyme related, very underestimated\nThat's why I'm winnin in this world of sins\nSteady grinnin, money boss spendin\nDistant from dirty women, Lord, I'm quite influencial\nSpiritualy and mental, what you into I done been through\nPreachin my words and don't know what you owe\nIt shows you wanna be me, but won't show it\nAin't nothin changed, but players, the game remains the same\nI had a ten year run, hey I can't complain\nTook the next step see, from Coke to Pepsi\nFrom the bx weed, ridin the south beach on jet-ski\nPlay to survive, you ain't live you just livin\nYou breathin a good one, but where I'm from, y'all forbidden\nCome around, bad decision, you rather be in prison\nAin't' no duckin what I'm deliverin won't be forgivin in\nLayin there shiverin, half the night\nYou gotta walk toward the light, everything is aiight\nI make sure everything you endure stays tight\nBig (*boom*) Lord Tariq, Jay-Z, outta sight\n\n[Hook 1]\n\n[Verse 3: Nas]\nI spend nights on corners, see the crack, cop my first Mac\nNo longer scared to pump what y'all pump, now I burst back\nIt hurts that, don't seem C.R.E.A.M can make my purse fat\nWithout the benefits of a doubt, I hit the hearst black\nBut curse that, tryin to see Nas was your worst match\nBlowin like Tahitii, throw off NYPD\nAm I greedy? Like Amin Idi see me\nIn a fly Salinii gimme frames and the beanie\nI flip my loot twice a week on the most trifest streets\nYou got no right to eat by the laws of life you keep\nAin't no love lost, none taken, none givin'\nStressin how I'm livin it, thinkin when my loot first came\nLook what I did with it, bought my click glaciers\nAnd pagers, rollin ten deep to Las Vegas\nCopped a live croc, chopped it up, hit my block off\nWit gators, feedin peoples, from the bridge to Dequatas\nBut now, two years five months and 30 days later\nI still put out the street flavor\nBut watch that kid right there, a bulge in his night wear\nAwoke me up the ways I used to be in my heist years\nBubble eye small fry loaded four five\nJust thirstin for some person with shine to just walk by\nNow that I can see the 360, now that its me thats jiggy\nThem cooly heads they wanna stick me, whoa", "image": "https://images.genius.com/bf0f68ee56f29c8542ad805c6419682b.676x676x1.jpg"}], "artist": "JAY-Z"}