{"songs": [{"title": "Sweet", "album": "American Gangster", "year": "2007-11-06", "lyrics": "[Produced by Diddy, Sean C & LV]\n\n[Verse 1]\nSweeeet... and still there's pain (pain, pain, pain...)\nIf I would have grew up to be a doctor\nMy nephews would have grew up to do the same (same, same...)\nBut since I grew up through the game\nAnd my influence is the same\nAnd my therapy is music\nThey ask if you ashamed (ashamed...)\nAnd though I wish I could separate the two things\nI cannot so my answer to you remains\nI can walk down the Hall of Mirrors in Versailles\nAnd be so satisfied when I look myself in the eyes\nNo shame, no sir\nJust big boats and tearing the coast up\nTight coupes like I'm wearing the roadster\nFor any coupe, bear-hugging the holster\n\n[Chorus]\nHov', alright al-right\nAnd it may not be what you call perfect, but\nBut it's my life (uh)\nThe life (uh-uh), the life (uh-uh), the life\nOnce again it's the life\n\n[Verse 2]\nSo I make no apologies, crooked policies\nSo a G a nigga gotta be\nWe playing for property, no Monopoly\nSo I'll pass go and let my nephew follow me\nThey say the child shall lead\nSo I take it far as I can and then we shall see\nShall we dance with the devil for a beat\nI pray to God I ain't got two left feet\nDo the hustle put keys in the street\nThen I'm ballroom dancing\nKe-ke'in in the suite\nSweet, BB's on the feet\nTV's in the seat, ene-mies on the creep\nIt's so corrupt\nSoak it up, it's a lesson, every fuck up\nOne day you're up\nNext day you're down\nLong as you stay the same it'll come back around\n\n[Chorus]\nHov', alright al-right\nAnd it may not be what you call perfect, but\nBut it's my life (uh)\nThe life (uh-uh), the life (uh-uh), the life\nOnce again it's the life\n\n[Verse 3]\nI'm even better\nI'm eating better\nBest thing about it is\nMy niggas eating together\nWith each endeavor, we reaching levels\nNiggas ain't seen in like forever\nI'm Hyman Roth, so made all my partners rich\nI can't vouch for you\nIf you ain't a part of this\nSo pardon me as I pave my wrist, uh\nAs I parlay my chips\nHov', alright al-right\nAmerican gangster, gangster\nBusinesses like I'm white\nBut I'm not, I'm just bright\nSo fly with no fear of the flight, uhh\nSo if y'all hear my plight\nAnd if you think you can make it this far without a fight\nCouple mistakes here and there\nNot always right, but I'm always real\nThat's how I sleep at night\n\n[Chorus]\nHov', alright al-right\nAnd it may not be what you call perfect, but\nBut it's my life (uh)\nThe life (uh-uh), the life (uh-uh), the life\nOnce again it's the life\n\n[Outro]\nSweeeet...", "image": "https://images.genius.com/778c1892b8a2f5aee554c4c797ca8915.1000x1000x1.jpg"}], "artist": "JAY-Z"}