{"songs": [{"title": "Off That", "album": "The Blueprint 3", "year": "2009-09-08", "lyrics": "[Intro: Jay-Z (Timbaland)]\nWelcome\nTo the future, uhh (Blueprint, 3, ay-ay, oh, hey-hey)\nHey, count me in (Blue-print, 3, ay, hey, hey-hey)\nFind me a nice soft place to land (I got you Hov', ay ay-ay)\nI'm so high (yeah, hey hey, hey, hey, c'mon)\nFind me a place to land\n(Fricky-fricky uhh, ahhhhh, c'mon now, c'mon now)\nYeah, right there, yeah (fricky-fricky Hov')\n\n[Verse 1: Jay-Z]\nI'm so tomorrow the Audemar says yesterday\nWhich means you on time delay\nSo even if I slow it dowwwwwn\nMy sound is fast forward, hold up\nI'm just a runway show\nBut I wear that so my plane, these my runway clothes\nHehe, Cashmere sweats\nThey come out next year but these my last year sweats\nAnd my ho's so sick\nYour new chick can't fuck with my old bitch\nAnd you know this shit\nI'm professional, they novices\nI just may let you borrow this\nThis the Blueprint, nigga follow this\nThis what what tomorrow is\nWelcome to tomorrow BIIIIIIIIIII\n\n[Chorus: Drake (Jay-Z)]\nWhatever you about to discover we off that\nYou about to tell her you love her we off that\nAlways wanna fight in the club and we off that\nBut you can't bring the future back, back\nY'all are steady chasin the fame and we off that\nOversized clothes and chains we off that\nNiggas still making it rain and we off that\n'Cause you can't bring the future back, back\nTell them haters get off me, the Cris' we off that\nTimbs we off that, rims we off that\n(Yeah we off that, is you still on that?)\n(And we still makin money 'cause we still on that)\n\n[Verse 2: Jay-Z]\nThis ain't black vs. white, my nigga we off that\nPlease tell Bill O'Reilly to fall back\nTell Rush Limbaugh to get off my balls\nIt's 2010, not 1864\nUhh, yeah we come so far\nSo I drive around town, hard top and it's off\nUhh, in my TriBeCa loft\nWith my high brow art, and my high yellow broad\nUhh, and my dark-skinned sis\nAnd my best white mate, say what's up to Chris\nUhh, how's that for a mix?\nGot a black president, got green presidents\n\"Blueprint's\" in my white iPod\nBlack diamonds in my Jesus piece, my God\nUhh, we ain't tripping off that\nThis a Benetton ad, nigga been up off that, uhh\n\n[Chorus: Drake (Jay-Z)]\nWhatever you about to discover we off that\nYou about to tell her you love her we off that\nAlways wanna fight in the club and we off that\nBut you can't bring the future back, back\nY'all are steady chasin the fame and we off that\nOversized clothes and chains we off that\nNiggas still making it rain and we off that\nCause you can't bring the future back, back\nTell them haters get off me, the Cris' we off that\nTimbs we off that, rims we off that\n(Yeah we off that, is you still on that?)\n(And we still makin money cause we still on that)\n\n[Verse 3: Jay-Z]\nUhh, uhh, uhh\nI don't give a fidduck abiddout the widdate\nYou used to move, what you used to do\nAnd I don't give a fidduck abiddout the bitches\nThat you used to screw, what your future do\nAnd we don't really care what you used to say\nUnless that affects your future pay\nI'm on a practice field runnin' Two-A-Days\nSo I don't drop the ball when it's threw my way\nSo I don't give a fidduck abiddout the shit\nThat you probably did, who you probably is\nThe only time I deal in past tense\n'Cause I'm past rims, and I'm past tints\nIf you drivin' it, I drove it\nYou got it, 'cause I sold it\nYou copped it, I bought it back\nAnd we don't give a fidduck, nigga we off that\n\n[Chorus: Drake (Jay-Z)]\nWhatever you about to discover we off that\nYou about to tell her you love her we off that\nAlways wanna fight in the club and we off that\nBut you can't bring the future back, back\nY'all are steady chasin the fame and we off that\nOversized clothes and chains we off that\nNiggas still making it rain and we off that\nCause you can't bring the future back, back\nTell them haters get off me, the Cris' we off that\nTimbs we off that, rims we off that\n(Yeah we off that, is you still on that?)\n(And we still makin money cause we still on that)\n\n[Outro: Timbaland]\nHey, hey, hey, hey\nHey, hey, hey, hey\nHey, hey, hey, hey\nHey, hey, hey", "image": "https://images.genius.com/ff10a6a0a94d002a374623bb49818293.1000x1000x1.jpg"}], "artist": "JAY-Z"}