{"songs": [{"title": "I Shot Ya (Freestyle)", "album": null, "year": null, "lyrics": "[Intro]\n\nYeah, what the fuck\nJay-Z, Marcy, Brooklyn\nRepresenter (WHAT WHAT)\nRoc-A-Fella y'all for life\nStretch arm strong\nBring the noise\nClown ass niggas\nYou know how we get down\n\n\n[Verse : 1]\n\nRoc-A-Fella (?)\n(?) (?)\nTest my weight in the apple\nNever a question of if\nWhen you gonna die like cattle\nBeef I go at it so rugged, Just swear I love it\nIt is that so, Hard to learn\nMy burner give niggas permenant heart murmurs\nIf that ain't reason for concern\nMy crew is dangerous, A strange miscellaneous\nNiggas left in trouble.. waters like Greg Louganis\nAin't nothing touchin' from, Brooklyn to my touchin' on\nWhatever a fuck you cats raise your heads at, dead that\nThe last time you seen us\nNiggas popped up in beamers, Shopped up in (?)\nLocked hip-hop (up) between us\nSqueamish rappers stay out of my space like venus (?)\n(?) (?)\nMurder is right and not a word of it, To your liking since\nWe make it hate to love it like prince\nTil the nigga feel straight like Bill Gates\nOr feel a mil-ie, We gonna spill hate\nAnd infiltrate , Die is your fate\nRealize the great, get your ?\nProfessional rockin' nigga wait\nTime is everything, everything that glitters ain't gold\n(?) diamonds and every ring WHAT THE FUCK\nIn the driversy, Niggas used to live in the back\n(?) style, now a nigga bigger than Shaq\n(?) skills living fat\nChickens that used to act ill\nFuck ya, I ain't forgivin that (fuck ya)\nA nigga bitter so, when a nigga hit you..beleive\nI am tryna hurt your stomach like ten thousand ?\nJiggz baby, what it is? Just as casual\nIf you blast me you better believe I blast for you\n\n[Break]\n\nYeah (uh huh) everytime yo\nWhat what what...Jay-Z (huh) yeah yeah.. Rocafella yo\nWhat what.. we rock on yo.. (representer)\nYeah yeah uh huh.. Westcoast niggas man\nGetting out of line man, Watch your step\nYeah yeah yeah yeah yo\n\n\n[Verse : 2]\n\nBiatch Biatch Nigga, (?) with the riach nigga, jigga\nIt can't touch ya, say yo.. we livin' like yesterday yo\nYou faggot niggas dont play yours\nMy team will slay yours, (?) yours\nCan't fuck around, we lay yours\nWith our hands up there, shit, I swear to god\nSince money is respected, you know, I had to get it\nCollect it like antiques..let it stack (Brrrrrrrrrrrr) like that\nI mastered the fast shit, now I move on\nCause too many bastards tryna get their groove on\nAnd now you see me jiggy, you puzzle\nHe ain't sellin no records.. is he ?\nThat nigga gotta hustle.. shit\nYou get your guns by any means, I get my ones\nYou intervene by any means, I get you done\n(For real)", "image": "https://images.genius.com/bf0f68ee56f29c8542ad805c6419682b.676x676x1.jpg"}], "artist": "JAY-Z"}