{"songs": [{"title": "Jay Z's 'Made In America' Tour Documentery Trailer Surfaces Online", "album": null, "year": "2013-08-31", "lyrics": "The trailer for Ron Howard's documentary film about Jay Z's Made In America tour has surfaced online.\n\nAs Billboard reports, the film - which is set to be debuted at the Toronto International Film Festival, which runs from September 8 -18 - has also been picked up by US cable network Showtime and will be broadcast on October 11. Showtime entertainment president David Nevins said: \"Ron Howard and Jay Z have crafted an inspirational portrayal of American resilience, drive and creativity, interwoven with an incredible showcase of musical talent. We are proud to bring Made In America to Showtime where it joins our impressive roster of provocative and compelling documentaries helmed by award-winning filmmakers.\"\n\nSpeaking previously about the film, Made In America producer Brian Glazer said: \"The festival showcases 20 pre-eminent artists that speak to the new generation. I am producing the film with Steve Stoute and Jay. Ron is directing. It is going to be born through Jay Z's perspective...how he puts the event together.\"\n\nBeyonce and Nine Inch Nails are set to headline this year's Budweiser Made In America festival, which takes place in Philadelphia's Fairmount Park on August 31 and September 1.\n\nOther bands set to perform this year include Queens Of The Stone Age, Deadmau5, Phoenix, Calvin Harris, Empire Of The Sun, Wiz Khalifa, Kendrick Lamar, Macklemore & Ryan Lewis, Public Enemy, Nero, 2 Chainz, The Gaslight Anthem, A$AP Rocky, Walk The Moon, Solange, Emeli Sand\u00e9, Haim, Rudimental and AlunaGeorge", "image": "https://images.genius.com/bf0f68ee56f29c8542ad805c6419682b.676x676x1.jpg"}], "artist": "JAY-Z"}