{"songs": [{"title": "Tidal Freestyle (Stream Of Consciousness)", "album": null, "year": "2015-05-16", "lyrics": "[Verse]\nSo I\u2019m the bad guy now I hear, because I don\u2019t go with the flow\nDon\u2019t ever go with the flow, be the flow\nAnd I don\u2019t need no middle man to talk to my niggas\nI understand if you don\u2019t understand, I figure I\u2019m Jigga\nThat\u2019s where we differ\nI take what\u2019s mine, you accept what they give you, I get you\nI don\u2019t take no checks I take my respect\nPharrell even told me go with the safest bet\nJimmy Iovine offered a safety net\nGoogle dangled around a crazy check\nI feel like YouTube is the biggest culprit\nThem niggas pay you a tenth of what you supposed to get\nYou know niggas die for equal pay right?\nYou know when I work I ain't your slave right?\nYou know I ain't shucking and jiving and high fiving\nYou know this ain't back in the days right?\nBut I can't tell, how the way they killed Freddie Gray right\nShot down Mike Brown how they did Tray right?\nLet them continue choking niggas\nWe gon' turn style, I ain't your token nigga\nYou know I came in this game independent right?\nTIDAL, my own label, same difference\nOh niggas is skeptical when it's their own shit\nYou bought nine iPhones and Steve Jobs is rich\nPhil Knight worth trillions you still bought those kicks\nSpotify is nine billion they ain't say shit\nLucy you got some 'splaining to do\nThe only one they hating on look the same as you\nThat's cool, I know they trying to bamboozle you\nSpending millions on media trying to confuse you\nI had to talk to myself, Hov you used to it\nIt's politics as usual", "image": "https://images.genius.com/6d3465f5e9bdae7905a7ff53e9905f72.594x395x1.jpg"}], "artist": "JAY-Z"}