{"songs": [{"title": "Marcy Me", "album": "4:44", "year": "2017-06-30", "lyrics": "[Intro]\nLive from Bedford-Stuyvesant\nThe livest one representin' BK to the fullest\nBastards duckin' when Hov be buckin'\nChicken-heads be cluckin'\n\n[Verse 1]\nUhh, back when ratchet was a ratchet and a vixen was a vixen\nAnd Jam Master Jay was alive I-I, I was mixin'\nCookin' coke in the kitchen\nBack when Rodman was a Piston\nMike was losin' to Isiah, but he soon would get his sixth one\nGave birth to my verbal imagination\nAssume a virtue if you have not\nOr better yet here's a verse from Hamlet\n\"Lord, we know who we are\nYet we know not what we may be\"\nSo maybe I'm the one or maybe I'm crazy\nI'm from Marcy Houses, where the boys die by the thousand\nBack when Pam was on Martin\nYeah, that's where it all started\nWhen Denzel was blottin' carpet, I'll pack a\u2026 nine millimeter\nWhen Slick Rick made \"Mona Lisa\"\nWhen Lisa Bonet was Beyonc\u00e9 of her day, I had divas, y'all\nThink I just popped up in this bitch like a fetus? Nah\nPregnant pause, give you some second thoughts\nThere's room on the bandwagon, don't abort\nMarcy me\n\n[Verse 2]\nMarcy me\nStreets is my artery, the vein of my existence\nI'm the Gotham City heartbeat\nI, started in lobbies, now parley with Saudis\nI'ma, Sufi to goofies, I could prolly speak Farsi\nThat's poetry, reek of coca leaf in my past\nCame through the bushes smellin' like roses\nI need a trophy just for that\nOld Brooklyn, not this new shit, shit feel like a spoof\nFat laces in your shoe, I'm talkin' bustin' off the roof, uh\nHold a Uzi vertical, let the thing smoke\nY'all flirtin' with death, I be winkin' through the scope\nShout out to all the murderers turned murals\nPlural, fuck the Federal Bureau\nShout out to Nostrand Ave., Flushing Ave., Myrtle\nAll the County of Kings, may your ground stay fertile\nShout out to Big Poppa, Daddy Kane, heroes\nThus concludin' my concerto\nMarcy me\n\n[Outro: The-Dream]\nMust be in the air\nOh, can't walk away, I know, I know\nJust the way I'm raised\nI know, I know, I know\nOh Marcy, Marcy me\nJust the way I am always gonna be\nI ain't gonna change, no\nMarcy, Marcy me, just the way I am\nI ain't gonna change, no\nI ain't gonna change, no\nCouldn't change me if I wanted to\nYou couldn't change me if you wanted to\nI'ma take this with me to the Moon\n(Como h\u00e1s nome, cavaleiro?\nEu hei nome Todo o Mundo\nE meu tempo\u2026)", "image": "https://images.genius.com/4cf5f4f88ace021acdc18cc3cefcf2f4.1000x1000x1.jpg"}], "artist": "JAY-Z"}