{"songs": [{"title": "Don't Let Me Die", "album": "Unfinished Business", "year": "2004-10-26", "lyrics": "Ohhh, ohh, oh, oh, oooooh\n(Dear God, bring our P.O.W.'s home)\nOhhh, ohh, oh, oh, oooooh\n(And bring our brothers on lockdown, home - amen)\n\n[R. Kelly]\nWhoa-oh-oh ya-ya-yah\nWhoa-oh-oh ya-ya-ya-ya!\n\n[Jay-Z] Geah..\n\n[Hook: Jay-Z w/ the R. Kelly above repeating in background]\nHe's a nigga from the back block\nOn everybody laptop who used to slang crack rock\nHOV'! And this nigga from the Chi'\nWho hold a note like the guy who said the British is comin\nMy nigga Kels! Oh yeah the niggas is comin\nGet out your good dishes or somethin like it's Thanksgiving nigga\nIt's HOV'! And none other than the R\nAnd without further adieu, like Freddie get ready it's\n\n[R. Kelly]\nWhatever happen Lord, don't send me back\nAnd whenever I did wrong it was your name I cried\nI heard you forgave over and over again\nBut when I found that out I became immune to my sins\nLay wide awake in the middle of my sleep\n\"I see dead people,\" and sometimes it's me Lord\nI never wanted to be a Thugfather\nI only wanted to be a son of a father\nRAHH, that's how it sounds, it's sad\nWorse than the war in Iraq when it's me against I\nI gave up the weed and somehow I'm still high\nThree years, still seein the weed in my eyes Lord\nSometimes I don't know what you want from me\nBut I do know you know what I want from you\nGIVE IT TO ME! C'mon, take away this Hennessy\nTake away me runnin the street\nStop people from HATIN me, take away all of this jealousy\nAnd prejudicy\nThought you said it was a better place\nI grew up around pimps, hustlers hoes and project gang-sters\nHard to BELIEVE in what I can't see\nI gotta get this money and feed my family\n\n[Jay-Z]\nWhatever deity guides my life\nDear Lord, don't let me die tonight\nBut if I shall before I wake what shall I say?\nIt's been a good run from hoodlum to Island estates\nHow could one who made such foul mistakes\nStill be allowed to have a smile on my face?\nHell, whatever the case, I'm glad it wasn't murder\nIn a town you never hearda from a nickel-plated burner\nNow my life's straight like a perm\nTry to take the spot I earned muh'fucker better learn\nIt's HOV'!\n\n[Hook] - reverse Hov and Kels\n\n[R. Kelly]\nHey boy hear me out, got a few mo' things to say\nThese niggas be chasin me like everyday\nC'mere - NO! My life on crutches, devils say\nI'll never walk again, but the devil is a liar\nCause I believe within, you're the reason that I'm still here\nEven though I don't act like it\nEven though I hear my calling and fight it\nFools do me so wrong, it's hard to stay righteous\nIf pimping was a mountain to heaven, I'd hike it\nBelieve me Lord, I want you\nGot money and fame, and still it just won't do\nSometimes I don't like who I am\nWhen I look in the mirror my reflection is Uncle Sam\nAnd every night I have these weird dreams\nThat a creature's right beside me - wake up and can't breathe\nI feel like it's twenty of me\nGoin 20 different directions on a one-way street Lord\nI got houses, money and cars and met\nEvery single superstar I, got the whole music industry sewed\nBut it still don't matter, when I'm gone and my casket closed, go!\n\n[Jay-Z]\nWhatever guillotine guides my life\nDear Lord, don't let me die tonight\nBut if I shall before I wake I'd accept my fate\nI did what I did my heart was in the right place\nI did so I could live to put food on my plate\nYou musta loved me not to let it end by 3 that day\nWell, whatever the case, I'm glad it wasn't murder\nIn a town you never hearda from a nickel-plated burner\nI guess I'm not finished with my journey\nPlease forgive me for my sins, shit I'm still trying to learn\nMeet HOV'!\n\n[Hook] - reverse Hov and Kels\n\n[Gospel singing]\n\n[R. Kelly]\nWrap your arms around us God\nLet there be peace, and no more war\nAnd bring our soldiers home, let us pray\n\n[Hey hey hey ad libs, over gunfire, to fade]", "image": "https://images.genius.com/6acee75ce6f754ed085bf56c8057fd13.492x500x1.jpg"}], "artist": "JAY-Z"}