{"songs": [{"title": "Beware (Jay-Z Remix)", "album": "Blueprint 2.1", "year": "2003-04-08", "lyrics": "[Intro & Hook: Jay Z & Labh Janjua]\nIt's the Roc in the building\nKhaliq, Ramel, Pharrell in the house\n\nNeeveen akh kuch chir paake rakh le\nPalle vich mukhda lukake rakh le\n\nYes, live from the United States\nBrooklyn New York its ya boy, Young\n\nNeevee akh kuch chir paake rakh le\nPalle vich mukhda lukake rakh le\n(The Neptunes is in the house)\nAiven kari na kise de naal pyaar\nMundeya ton bach ke rahi\n\n[Verse 1: Jay-Z & Labh Janjua]\nSoon as the beat drop, we got the streets locked\nOverseas, at Panjabi MC and the Roc\nI came to see the mamis in the spot\nOn the count of three, drop your body like it's hot\n1, Young, 2, You 1,2,3\nYoung Hov's a snake charmer, move your body like a snake mama\nMake me wanna put the snake on ya\nI'm on my 8th summer, still hot -- Young's the 8th wonder\nAll I do is get bread, yeah I take Wonder\nI take one of your chicks straight from under your armpit\nThe black Brad Pitt, I mack 'til six in the AM\nAll day I'm P-I-M-P, I am simply\nAttached to the track like SMPTE\nIt's simply good, Young Hov, infinitely hood\nNi tu kari na kise de naal pyaar\nMundeya to bach ke rahi\nNi tu hune hune hoyi muteyaar\nMundeya to bach ke rahi\n\n[Jay-Z (over Labh Janjua's verse)]\nR.O.C, and you don't stop\nPanjabi MC, and you don't stop\nNigga, NYC and we don't stop\nIt's the Roc, it's the Roc\n\nR.O.C, and we don't stop\nPanjabi MC, and we don't stop\nIt's ya boy Jay-Z, and we don't stop\nNigga, R.O.C, and we won't stop\n\nTera ki kasoor je nashile nain ho gaye\nSikh ke adava sharmile nain ho gaye\nTera ki kasoor je nashile nain ho gaye\nSikh ke adava sharmile nain ho gaye\nSaanbh ke rakh ni eh joban butari\nSaanbh ke rakh ni eh joban butari\nHun mud ke na aauni eh bahaar\nMundiya to bach ke rahi\n\n[Verse 2 : Jay Z]\nMa, I ain't gotta tell you, but it's ya boy Hov\nFrom the U.S., you just lay down slow\nCatch ya boy mingle in England, meddling in the Netherlands\nChecking in daily under aliases\nWe rebellious, we back home\nScreaming, \"Leave Iraq alone!\"\nBut all my soldiers in the field, I will wish you safe return\nBut only love kills war, when will they learn?\nIt's International Hov, been having a flow\nBefore Bin Laden got Manhattan to blow\nBefore Ronald Reagan got Manhattan the blow\nBefore I was cabbing it there back and forth\nRaw we had it all day, Papi in the hallway\nCop one on consignment to give you more yay\nYea, but that's another stor-ay\nBut for now, mami, turn it around and let the boy play (Jay)\n\n[Jay Z over Labh Janjua's verse]\nNahi teri jehi Sohni koi naar\nMundeya to bach ke rahi\nNi tu hune hune hoyi muteyaar\nMundeya to bach ke rahi\nR.O.C, and you don't stop\nPanjabi MC, and you don't stop\nNigga, NYC and we don't stop\nIt's the Roc, it's the Roc\nMundeya de bula ute teriya kahaniya\nChanni ne ta khanne diyan galiyan vi shaaniya\nJovana de bula ute teriya kahaniya\nChanni ne ta khanne diyan galiyan vi shaaniya\nJanjua ta hoya tera roop da diwana\nJanjua ta hoya tera roop da diwana\nChal sakiya na husan da vaar\nMundeya to bach ke rahi\nNi tu hune hune hoyi muteyaar\nMundeya to bach ke rahi\nNi tu hune hune hoyi muteyaar\nMundeya to bach ke rahi", "image": "https://images.genius.com/a4e7b2e28b4d8a4698f6830153ad254c.300x297x1.jpg"}], "artist": "JAY-Z"}