{"songs": [{"title": "Guilty Until Proven Innocent", "album": "The Dynasty: Roc La Familia", "year": "2001-03-13", "lyrics": "[Intro: Jay-Z]\nI thought this was America people!\nUhh, yeah, guilty until proven innocent huh?\nThat's how we working huh? Okay\nBefore me there was many; after me there will be none\nI am the one\nUh-huh, okay, I see how we playing\n\n[Verse 1: Jay-Z]\nYeah, I get it down, anxiously the public can't wait\nNiggas had to have it way before it's release date\nJigga get irate, press get it fucked up\nTook me one point eight but I had to get it straight\nGet the CD, twelve inch vinyl, get the tape\nJigga give out food for thought dog, get a plate\nI get it down, get it crunk when I get in the state of mind\nThat what's mine is mine, nobody get to take\nI don't bend, break, fold, scratch, go down\nMy mental Rolodex see these words? I just don't know\nI know stress, drama, niggas upsetting my mama\nArrested, put in the lineup, trying to put dents in my armor\nBut I'm a survivor, plus I'm liver than most\nOut on bail, fifty thou', still riding with toast\nI ain't trying to collide with folk\nBut I don't want folk taking Jigga for joke\nI guess you niggas just woke - good morning!\n\n[Chorus: R. Kelly]\n(Y'all, cats, can't touch me)\nYou can't touch me, no you can't touch me\nJigga, Kelly, not guilty\nTry to charge me but I'm not guilty\nI got, all, my mamis\nI've got all of my mamis\nTell me, what you, want from me\nTell me.. what y'all want from me?\nI'm not guilty\n\n[Verse 2: Jay-Z]\nI see how you coming at me now, I'm cool\nI'm not the snitch, I don't go to the cops to get rich\n.. I go to the block and pitch\nI go with the Glock and click, I go with the pop I'm sick\nI go with you hard, I ain't gon' stop for shit\nLook in my eyes dog, right in my pupils\nIf I'm your rival, why would I have to do you?\nPress try to throw dirt on my name, disturbing my game\nSeemed happy when they heard he was arraigned, glad he's indicted\nGot big money, big lawyers to fight it\nJust like Cochran, cocksuckers you never see me boxed in\nY'all all know it, Jigga's a fighter\nPlus I'm claustrophobic, back on the streets before you know it\nAnd my word niggas, I heard you niggas\nI'm address each and every one of you cocksuckers\nFuck the white press, the block love us, hip-hop forever\nB.I.G. is here, the soul of 2Pac hovers - above us\n\n[Chorus: R. Kelly (Jay-Z)]\n(Y'all, cats, can't touch me)\nYou can't touch me, no you can't touch me\nJigga, Kelly, not guilty\nTry to charge me but I'm not guilty\nI got, all, my mamis\nI've got all of my mamis\nTell me, what you, want from me\nTell me.. (uhh, I am the one)\nWhat you want from me? Not guilty\n\n[Verse 3: Jay-Z]\nUhh, okay, you on my radar, I got you too bitch\nGot lame bitches trying to fuck with my case\nSame lame bitch I bust in her face\nHoney just mad I got her fucking replaced\nPlus a birthday pass without me even touching my safe\nBut I ain't gon' lie, the head was sick\nBut what we need to do, is put that mouth on a better bitch\nYou heard the rhetoric: \"Jigga hit me over the head\nWith a champagne bottle at the bar, can he buy me a car?\"\nNaw, how do y'all equate your pain\nWould it all go away if I bought you a Range?\nI got one or two of those, nothin gon' change\nFor nothing else, you gotta live with yourself\nTry and lie on Hov' 'cause I ride on the road\nIn what, most would describe as a Rolls\nNO, that's that Continental T\nThe only car that fit intercontinental me, not guilty\n\n[Chorus: R. Kelly (Jay-Z)]\n(Y'all, cats, can't touch me)\nYou can't touch me, no you can't touch me\nJigga, Kelly, not guilty\nAnd you wanna charge me, when I'm not guilty\nI got, all, my mamis (I am the one)\nI've got all of my mamis\nTell me, what you, want from me\nTell me.. what you want from me?\nNot guilty\n\n[Break: Jay-Z (R. Kelly)]\nUhh, uhh, uhh, I, am, the, one\n(Y'all, cats, can't touch me)\nHolla!\n\n[Outro: R. Kelly]\nSo you can't touch me nigga, you can't touch me\nJigga, Kelly, not guilty\nSaid Jigga, Kelly, not guilty\nI got, all, my mamis\nAnd I got, all my, mamis\nTell me, what you, want from me\nI don't, know why, y'all can't see that\nY'all, cats, can't touch me\nY'all, dudes, can't touch me\nJigga, Kelly, not guilty\nJigga, Kelly, not guilty\nI got, all, my mamis\nI got, all my, mamis\nTell me, what you, want from me\nSo tell me, what you, want from me\nY'all, cats, can't touch me\nY'all, niggas, can't touch me\nJigga, Kelly, not guilty\nJigga, Kelly, not guilty\nI got, all, my mamis\nAnd I got, all my, mamis\nTell me, what you, want from me\nSo tell me, what you, want from me\nY'all, cats, can't touch me\n\nJigga, Kelly, not guilty\nI got, all, my mamis\nTell me, what you, want from me\nY'all, cats, can't touch me", "image": "https://images.genius.com/4315b6fb33af46b345d64aba9c535c38.302x302x1.jpg"}], "artist": "JAY-Z"}