{"songs": [{"title": "Jay Z Explains Why He Trademarked His Daughter's Name", "album": null, "year": "2013-10-02", "lyrics": "Jay-Z has defended the controversial move of trademarking his daughter Blue Ivy's name.\n\nThe musical couple had their daughter in January 2012 and, speaking in a new interview with Vanity Fair, Jay Z opens up about Blue Ivy's musical preferences, as well as why he chose to trademark her name shortly after the birth.\n\nThe rapper says he trademarked 'Blue Ivy' in order to stop others profiting from his family. \"People wanted to make products based on our child\u2019s name and you don\u2019t want anybody trying to benefit off your baby\u2019s name,\" he says. \"It wasn\u2019t for us to do anything; as you see, we haven\u2019t done anything.\"\n\nJay Z also claimed that his daughter Blue Ivy prefers his music to her mother, Beyonce's. \"She does like her mother\u2019s music - she watches Beyonc\u00e9\u2019s concerts on the computer every night. But my album came out and I don\u2019t know if Blue ever heard any of my music prior to this album - she\u2019s only 18 months old and I don\u2019t play my music around the house. But this album was new, so we played it. And she loves all the songs,\" he says.\n\nContinuing, Jay Z adds: \"She plays a song and she goes, 'More, Daddy, more. Daddy song.' She\u2019s my biggest fan. If no one bought 'Magna Carta', the fact that she loves it so much, it gives me the greatest joy. And that\u2019s not like a clich\u00e9. I\u2019m really serious. Just to see her \u2013 'Daddy song, more, Daddy.' She\u2019s genuine, she\u2019s honest, because she doesn\u2019t know it makes me happy. She just wants to hear it.\"", "image": "https://images.genius.com/bf0f68ee56f29c8542ad805c6419682b.676x676x1.jpg"}], "artist": "JAY-Z"}