{"songs": [{"title": "Decoded: Part 4 (Excerpts)", "album": "Decoded (Excerpts)", "year": "2010-11-16", "lyrics": "From Part 4\nWhen I first started working on this book, I told my editor that I wanted it to do three important things. The first was to make the case that hip-hop lyrics--not just my lyrics, but those of every great MC--are poetry if you look at them closely enough. The second was I wanted the book to tell a little bit of the story of my generation, to show the context for the choices we made at a violent and chaotic crossroads in recent history. And the third piece was that I wanted the book to show how hip-hop created a way to take a very specific and powerful experience and turn it into a story that everyone in the world could feel and relate to.\n\nAll of those threads came together at a pivotal moment for me, the moment when I fully crossed from one life to another.", "image": "https://images.genius.com/cd82af9edae1d0812bf89a57ee3a25ba.722x890x1.jpg"}], "artist": "JAY-Z"}