{"songs": [{"title": "S. Carter", "album": "Vol.\u00a03\u2026 Life and Times of S.\u00a0Carter", "year": "1999-12-28", "lyrics": "[Chorus: Jay-Z & Amil]\nS dot Carter\nY'all must try harder\nCompetition is\nNada!\nLadies scream papa\nNiggas can't stop ya\nCompetition is\nNope, nope, nope\nS dot Carter\nY'all must try harder\nCompetition is\nNada!\nLadies scream papa\nNiggas can't stop ya\nCompetition is\nNope, nope, nope\n\n[Verse 1: Jay-Z (Amil)]\nNo, no, no, nope\nYou can't see 'em\nThough you got plans to be him\nPay homage if by chance you meet him\nIn his pants pocket, your advance and per diem\nIt's the undisputed champion\nFor clique, dough sick, no medicine for us\nCompetition like I said in the chorus\nLet me spell it out for ya\nJay to the Amil\n(A to the Y stay real fuck how they feel, uh-huh, uh-huh)\nThat's how we put it down\n(Uh-huh, uh-huh y'all gon get it now)\nChip off the old block\nResemble my old pops\n'Cept I tote Glocks and open dope spots\nAnd I shut down rap crews\nSmack them cats who flash tools\nLaugh at fake ballers with bad jewels\nI'll tell you once\nThis is shit you should've of knew\n(Jigga what?) Jigga\n(Jigga who?) Okay\n\n[Chorus: Jay-Z & Amil]\nS dot Carter\nY'all must try harder\nCompetition is\nNada!\nLadies scream papa\nNiggas can't stop ya\nCompetition is\nNope, nope, nope\nS dot Carter\nY'all must try harder\nCompetition is\nNada!\nLadies scream papa\nNiggas can't stop ya\nCompetition is\nNope, nope, nope\n\n[Verse 2: Jay-Z (Amil)]\nNo, no, no\nI'm a Roc-A-fella soldier\nI thought I told ya\nHustler, nigga move weight like Oprah\nDrive wide body, twenty-inch big motor\nNo tints, make no mistake y'all it's Hova\nI stay sporting played Jordan's before Jordan\nVerses tight, hooks harder than Ken Norton\nMusically touching you\nTruthfully I abuse beats better call DCW\nI make my mother move\nSo I have no problem coming around the old way\nSluggin' you, that's what a thug will do\n(Thugging, bust TECs, a suspect dangerous, and I love rough sex)\nYeah that's what's up\nEven when I'm asleep the gats is up\nParanoid like Sunny drive backing up\nBut I'm from Bed-Stuy, killer with the flow\nLet lead fly from out the fo'-fo', motherfuckers\n\n[Chorus: Jay-Z & Amil]\nS dot Carter\nY'all must try harder\nCompetition is\nNada!\nLadies scream papa\nNiggas can't stop ya\nCompetition is\nNope, nope, nope\nS dot Carter\nY'all must try harder\nCompetition is\nNada!\nLadies scream papa\nNiggas can't stop ya\nCompetition is\nNope, nope, nope\n\n[Verse 3: Jay-Z]\nCompetition is none\nI remain at the top like the sun\nAnd I burn whoever come in my chambers of torture\nThe flame gon' spark ya\nBlood stain the tarp\nWhat remains, they chalk ya\nDon't try to smooth talk us\n\n[Verse 4: Amil (Jay-Z)]\nYou got nothing to offer\nBut the baby nine\nAnd make ya fine offer\nThe chick is ill\nEven with four-inch heels\nNo panties on and Patricia Fields\nI get down\nJust name the time, the place\nWe could take it back to Vaseline on our face\nOn a regular day we just gleam up your space\nRock our own line, got our whole team laced\nRW with the torch on my jeans by the waist\nWithout heat we still gon steam up the place\n(Amil-lion, Jigga man, flawless, here we go)\n\n[Chorus: Jay-Z & Amil]\nS dot Carter\nY'all must try harder\nCompetition is\nNada!\nLadies scream papa\nNiggas can't stop ya\nCompetition is\nNope, nope, nope\nS dot Carter\nY'all must try harder\nCompetition is\nNada!\nLadies scream papa\nNiggas can't stop ya\nCompetition is\nNope, nope, nope", "image": "https://images.genius.com/16c23bf8d7a8a73a71d30d2ec47600b1.1000x1000x1.jpg"}], "artist": "JAY-Z"}