{"songs": [{"title": "Bitches & Sisters", "album": "The Blueprint 2: The Gift & The Curse", "year": "2002-11-12", "lyrics": "[Chorus: N.W.A. sample]\nLet's describe a certain female\nLet's describe a certain female\nLet's describe a certain female\n\n[Verse 1: Jay-Z]\n(Bitch) you know my name and the company I own\n(Bitch) you like my style and you smell my cologne\n(Bitch) don't try to act like my track-record ain't known\n(Bitch) you probably gotta couple CD's in your home\n(Bitch) don't make me say it twice, you acting all up tight\nAll sidity like, like, like you ain't a (Bitch)\nI ain't no ball player, you ain't gonna get pregnant and get\nHit off with paper, you gonna get hit off and slid off\nBefore the neighbors take off to go to work\nSo just, take off your shirt, don't hit me with that church shit\n(Bitch) I got a sister who schooled me to shit you chickens do\nTricking fools, got a whole Robin Givens crew that I kick it to\nThey be hipping dudes, how you chickens move, I be listening too\n(Bitch, bitch, bitch)\nDon't make me say it thrice, you acting all up tight\nAll sidity like, like you ain't a (Bitch)\nYou ain't no better cause you don't be fucking rappers\nYou only fuck with actors, you still getting fucked backwards\n(Bitch) Unless you fucked a dude on his own merit\nAnd not the way he dribbles or ball or draw lyrics\nYou're a (Bitch), No ma, you're a (Bitch)\n\n[Chorus: N.W.A. sample]\nLet's describe a certain female\nLet's describe a certain female\nLet's describe a certain female\n\n[Interlude]\nSay Jay-Z, why you gotta go and disrespect the women for, huh?\n\n[Verse 2: Jay-Z]\n(Bitch) Sisters get respect, bitches get what they deserve\nSisters work hard, bitches work your nerves\nSisters hold you down, bitches hold you up\nSisters help you progress, bitches will slow you up\nSisters cook up a meal, play their role with the kids\nBitches in street with their nose in your biz\nSisters tell the truth, bitches tell lies\nSisters drive cars, bitches wanna ride\nSisters give-up the ass, bitches give-up the ass\nSisters do it slow, bitches do it fast\nSisters do their dirt outside of where they live\nBitches have niggas all up in your crib\nSisters tell you quick \"you better check your homie\"\nBitches don't give a fuck, they wanna check for your homie\nSisters love Jay 'cause they know how Hov' is\nI love my sisters, I don't love no bitch", "image": "https://images.genius.com/bbaaa25ac55d3bc2008448e1647d3b54.720x631x1.jpg"}], "artist": "JAY-Z"}