{"songs": [{"title": "Pretty Lights (Empire State of Mind Remix)", "album": null, "year": null, "lyrics": "[Verse 1: Biggie]\nIt was all a dream\nI used to read Word Up magazine\nSalt 'n' Pepa and Heavy D up in the limousine\nHangin pictures on my wall\nEvery Saturday Rap Attack, Mr. Magic, Marley Marl\nI let my tape rock 'til my tape popped\nSmoking weed and Bambu, sipping on Private Stock\nWay back, when I had the red and black lumberjack\nWith the hat to match\nRemember Rappin Duke? duh-ha, duh-ha\nYou never thought that hip hop would take it this far\nNow I'm in the limelight cause I rhyme tight\nTime to get paid, blow up like the World Trade\nBorn sinner, the opposite of a winner\nRemember when I used to eat sardines for dinner\nPeace to Ron G, Brucey B, Kid Capri\nFunkmaster Flex, Lovebug Starski (wassup)\nI'm blowing up like you thought I would\nCall the crib, same number same hood (that's right)\nIt's all good (it's all good)\n\n[Hook: Alicia Keys]\nNew York\nConcrete jungle where dreams are made, oh\nThere's nothing you can\u2019t do\nNow you\u2019re in New York\nThese streets will make you feel brand new\nBig lights will inspire you\nLet's hear it for New York\n\n[Verse 2: Biggie]\nI made the change from a common thief\nTo up close and personal with Robin Leach\nAnd I'm far from cheap, I smoke skunk with my peeps all day\nSpread love, it's the Brooklyn way\nThe Moet and Aliz\u00e9 keep me pissy\nGirls used to diss me\nNow they write letters cause they miss me\nI never thought it could happen, this rapping stuff\nI was too used to packing gats and stuff\nNow honeys play me close like butter play toast\nFrom the Mississippi down to the east coast\nCondos in Queens, indo for weeks\nSold out seats to hear Biggie Smalls speak\nLiving life without fear\nPutting 5 karats in my baby girl's ears\nLunches, brunches, interviews by the pool\nConsidered a fool cause I dropped out of high school\nStereotypes of a black male misunderstood\nAnd it's still all good\n\n[Hook]\n\n[Verse 3: Jay-Z]\nLike a mama you birth me, Brooklyn you nursed me\nSchooled me with hard knocks, better than Berkeley\nThey said you'd murk me, by the time I was twenty one\nThat shit disturbed me, but you never hurt me\nHello Brooklyn, if we had a daughter\nGuess what I'm a call her, Brooklyn Carter\nWhen I left you for Virginia, it didn't offend ya\nCause you know I only stepped out to get dinner\nAnd I'm eating, so much I bought extra\nSo much so the dinners now turn into breakfast\nI only roll Lexus, to hug your road\nI love your corners, I'm half your soul\n\n[Hook]", "image": "https://images.genius.com/bf0f68ee56f29c8542ad805c6419682b.676x676x1.jpg"}], "artist": "JAY-Z"}