{"songs": [{"title": "Barclays Center Freestyle", "album": null, "year": "2012-09-28", "lyrics": "They call me Eight Shows H.O\nYou can stunt like that when you own the whole place, though\nThis is Rich Porter, part two\nYou can stunt like that when you\u2019re rich before your debut\nMoney and the murder, rapper or the trapper\nEither way I\u2019m gonna serve ya\nShooters on my team... No really, I got shooters on my team\nJuan or Deron\nHow you niggas want it, pick a arm\nThey call me Lucky Lefty...\nBall so hard I don\u2019t respect the fuckin\u2019 referees", "image": "https://images.genius.com/bf0f68ee56f29c8542ad805c6419682b.676x676x1.jpg"}], "artist": "JAY-Z"}