{"songs": [{"title": "Who You Wit", "album": "Sprung: Music From And Inspired By The Motion Picture", "year": "1997-05-20", "lyrics": "[Intro]\nUh-huh, yeah hah\nNever sprung huh?\nJigga, Roc-A-Fella y'all\nNever sprung huh?\nYeah, peep the repertoire\nPapas, feel me on this one\nPapas, feel this\nNever sprung huh? Know my style\n\n[Verse 1]\nI love bitches, thug bitches, shy bitches\nRough bitches, don't matter, you my bitches\nGold diggers witcha eyes on my riches\nCan't knock your hustle for real, it's aight bitches\nI'm game tight, see it all through the platinum French frames\nWith the French name, in the same night\nPull you and your tight friend\nLift your little dress like light wind, hah, then I slide right in\nYou know the whole repertoire, U.S. to the U-S-S-R\nSexin' in a Lexus car\nMatch wits with the best of y'all, the rest of y'all\nIs like veg-etables in my presence, check it\nReminiscin' to nothin' you ever heard\nIceberg Slim baby, ride rims through the suburbs\nFunds come in lump sums never ends deferred\nGet money like I'm down South, Wednesday the third, it's on\n\n[Chorus]\nMore, dough to get, more shows to rip\nI suggest you all roll with the click, who you wit?\nFrozen wrists and it's flows that's sick\nMore 0's than you know exist, bitch who you wit?\n\n[Verse 2]\nCan't scheme on 'em, Roc-A-Fella got a team on 'em\nChicks dream on him, trick cream on him\nLose it when dudes think it's just music\nLean on 'em, flash green on 'em and diamond rings on 'em\nSexin' around the way girls down to miras\nI'm somethin' every girl gotta have like Levi's\nChiquita, mi amor, see how raw\nYou can love me or hate me, either or\nI'ma stay winnin', rock the custom drop Bentleys\nNever eat at Denny's and party like Lil' Penny\nCan he live? Trick or main chick but if she leave\nJust as quick, Indian give, ha-hah\nNow what I look like? Givin' a chick half my trap\nLike she wrote half my raps, yeah, I'm havin' that\nYou be the same chick when you leave me\nThe bankbook and the credit cards\nAnd take everything you came with (it's on)\n\n[Chorus]\nMore, dough to get, more shows to rip\nI suggest you all roll with the click, who you wit?\nFrozen wrists and it's flows that's sick\nMore 0's than you know exist, bitch who you wit?\n\n[Verse 3]\nYou know the move's major, never minor\n'Cause when you a true player, they never find ya\nWe takin' trips abroad with chicks from afar\nDown in the grill in the villa, gettin' iller\nNever know I'm at the resort, readin' to Robb Re-pes-ort\nCheckin' out this new wine, inhalin' the cork\nMillion miles from the puddles, the rainy days, the tussles\nReign in ways to hustle, so we won't get caught\nHad beef of all sort but I turned it around\nChose my steps more wisely, I'm learnin' the ground\nI was so gung-ho when I earned my first pound\nNow it's million dollar deals, (straight) turnin' 'em down\nRoc-A-Fella make or break me, 'til death do us\nWon't be in your right mind, you ever step to us\nBeen there, when I was in my tenth year, went there\nThen I realized that it didn't make sense there\nBacktrack, show me where the cash at\nAnd plus, frivolous beef, please, we looking past that\nY'all can gossip while we learnin' the world\nDrop the hot shit, never returnin' your girl, it's on\n\n[Chorus]\nMore, dough to get, more shows to rip\nI suggest you all roll with the click, who you wit?\nFrozen wrists and it's flows that's sick\nMore 0's than you know exist, bitch who you wit?\nMore, dough to get, more shows to rip\nI suggest you all roll with the click, who you wit?\nFrozen wrists and it's flows that's sick\nMore 0's than you know exist, bitch who you wit?\nMore, dough to get, more shows to rip\nI suggest you all roll with the click, who you wit?\nFrozen wrists and it's flows that's sick\nMore 0's than you know exist, bitch who you wit?\nMore, dough to get, more shows to rip\nI suggest you all roll with the click, who you wit?\nFrozen wrists and it's flows that's sick\nMore 0's than you know exist, bitch who you wit?\n\n[Outro]\nFucka!\nJigga, nine-seven shit, next millennium\nRecognize, realize, it's on\nRoc-A-Blok y'all, ahh\nLaughin, it's on", "image": "https://images.genius.com/6cd401ffee078a3b0b874efd8a6f0576.450x451x1.jpg"}], "artist": "JAY-Z"}