{"songs": [{"title": "Fuck All Nite", "album": "The Blueprint 2: The Gift & The Curse", "year": "2002-11-12", "lyrics": "[Chorus: Pharrell Williams]\nYou used to all the attention, huh? (Yeah!)\nBut you don't want no commitment, huh? (Uh-uh!)\nWhy not? You should be comin' home with me\nSittin' in this lap with the luxury\nNow you be, comin' home while I'm wakin' up (yeah!)\nActin' like you behave and stuff\nUh-huh, you should be comin' home with me\nSittin' in this lap with the luxury, now check it\n\n[Verse 1: Jay-Z (Pharrell Williams)]\nYes, a lime to a lemon, my V-A women\nWalk in Manolo Blahniks 'cause my condo with elevators in 'em\nShe wanna wrinkle my linens\nSo I sprinkle her with gin and then we begin sinnin', uhh\nBlasphemy, oh my God, every sentence\nShe keeps scratchin' me like she have tiger in her\nThis is exact-a-ly, why I had to pin her\nTo the bed like a wres-tl-er, had to pretzel her, uhh\nHer man kept pagin', stressin' her\nSo I told her what to say just in case he question her\n(Situations will arise, but you gotta be smart about it)\nNo matter what you do, don't talk about us\nDon't give him no info, he'll be lost without it\nJust keep your mouth shut, we could do this again\nBring a friend!\n\n[Chorus: Pharrell Williams]\nYou used to all the attention, huh? (Yeah!)\nBut you don't want no commitment, huh? (Uh-uh!)\nWhy not? You should be comin' home with me\nSittin' in this lap with the luxury\nNow you be, comin' home while I'm wakin' up (yeah!)\nActin' like you behave and stuff\nUh-huh, you should be comin' home with me\nSittin' in this lap with the luxury, now check it\n\n[Verse 2: Jay-Z]\nGuess who's back in my motherfuckin' house\nHalf black, half white chick; I call her Minnie Mouse (wooo!)\nWe always hook up when we out\nWe do what we like to do and then we out\nBut lately I've been havin' the strangest feelings\nYour boy Young Hov' catchin' feelings\nAnd it's messin' up my dealings 'cause mami's not willin'\nTo leave her boyfriend, she call me her toy-friend\nSaid, we was just 'sposed to hook up and have a blast\nShe called me her emergency dick-in-a-glass\nHehehe, I had to laugh for a second\nHad to check myself, get my mackin' back in perspective\nI slack for a second but I'm back, no question\nLike I walk with a cane, Ain't No Half-Steppin'\nJeah, and on that note\nIceberg Slim is back to rock a boat, c'mon\n\n[Chorus: Pharrell Williams]\nYou used to all the attention, huh? (Yeah!)\nBut you don't want no commitment, huh? (Uh-uh!)\nWhy not? You should be comin' home with me\nSittin' in this lap with the luxury\nNow you be, comin' home while I'm wakin' up (yeah!)\nActin' like you behave and stuff\nUh-huh, you should be comin' home with me\nSittin' in this lap with the luxury, now check it\n\n[Bridge: Pharrell Williams & Jay-Z]\nLet's just - fuck all night! Yeah\nUntil we both start yawnin'\nYeah\nTo the bright Shirley Murdock morning\nYeah\nUntil we both start yawnin'\nLet's just - fuck all night! Yeah\nLet's have breakfast baby\nYeah\nHave lunch, have dinner, back to breakfast baby\nYeah\nLet's have breakfast baby\nHave lunch, have dinner, back to breakfast maybe\n\n[Verse 3: Jay-Z]\nThis is - if that kid don't get too suspicious\nStop blowin' up your digits\nShowin' up livid, claimin' he wanna fight\nBut Shawn all business with his type (uh-uh), nah!\nShawn just tryna keep the friendship tight\nShawn to Sean Paul 'em if you Gimme the Light\nAnd this way you can stay for life, aight?\n\n[Chorus: Pharrell Williams]\nYou used to all the attention, huh? (Yeah!)\nBut you don't want no commitment, huh? (Uh-uh!)\nWhy not? You should be comin' home with me\nSittin' in this lap with the luxury\nNow you be, comin' home while I'm wakin' up (yeah!)\nActin' like you behave and stuff\nUh-huh, you should be comin' home with me\nSittin' in this lap with the luxury, now check it\n\n[Bridge: Pharrell & Jay-Z]\nLet's just - fuck all night! Yeah\nUntil we both start yawnin'\nYeah\nTo the bright Shirley Murdock morning\nYeah\nUntil we both start yawnin'\nLet's just - fuck all night! Yeah\nLet's have breakfast baby\nYeah\nHave lunch, have dinner, back to breakfast baby\nYeah\nLet's have breakfast baby\nHave lunch, have dinner, back to breakfast maybe\n\n[Chorus: Pharrell Williams]\nYou used to all the attention, huh? (Yeah!)\nBut you don't want no commitment, huh? (Uh-uh!)\nWhy not? You should be comin' home with me\nSittin' in this lap with the luxury\nNow you be, comin' home while I'm wakin' up (yeah!)\nActin' like you behave and stuff\nUh-huh, you should be comin' home with me\nSittin' in this lap with the luxury, now check it", "image": "https://images.genius.com/bbaaa25ac55d3bc2008448e1647d3b54.720x631x1.jpg"}], "artist": "JAY-Z"}