{"songs": [{"title": "Frontin' (Dancehall Remix)", "album": null, "year": null, "lyrics": "[Intro: Wayne Marshall] + (Vybz Kartel)\nOriginal dancehall remix from Kingston Jamaica, Star Trak!!!\n(Up to di time) Turn it up, turn it up, turn it up, wow!!!\n\n[Verse 1: Jay-Z] + (Pharrell)\nEverytime your name was brought up\nI would act all nonchalant infront of an audience\nLike if you was just another shorty I put the naughty on\nBut uh, truth be told you do me for a loop, this Hov\nI'm too old to be frontin when I'm feeling Denzel\nAnd you acting like you ain't appealing when you are\nStunting like you ain't my only girl when you are (I was just frontin)\nI'm ready to stop when you are\n\n[Verse 2: Vybz Kartel]\nJay-Z, Marshall, Kartel and Pharrell Pha-real\nROC-A-Wear apparel for real\nGirlfriend your friends and you full of a sex appeal\nYou have the best for texture feel\nAnd to Kim, Karyn, Nicole or Ce'cile\nNow for my lovefor you in time will reveal\nMi a go make you wear a ring like Shaquille O' Neal\nKeep it real with me and I'll keep it real, you know\n\n[Verse 3: Wayne Marshall]\nDon't be fooled by my glitter and my fame girl\nCause it's you that I really wanna share my name, yeah, my name\nYo, hey, a lot of girls come and go with the hype up\nTo me you mean more than just one night, yo, one night\n\n* Letters in CAPS mean Wayne Marshall is singing with Pharrell\n\n[Chorus: Pharrell & Wayne Marshall]\nI know that I'm carrying on, never mind if I'm showing off\nI WAS JUST FRONTIN (you know I want ya babe)\nI'm ready to bet it all, unless you don't care at all\nBUT YOU KNOW I WANT YA (you should stop frontin babe)\n\n[Verse 4: Vybz Kartel]\nListen, and you will hear wedding bells in my ear\nReception in Spain honeymoon in Zaire\nMi need yuh fi breed by di end of this year\nOf if you girl fi mi brighten my world fi mi\nThis isn't comedy like Fresh Prince of Bel Air\nMi serious when mi tell yuh seh mi love and mi care\nTrue, and if yuh willin share\nDouble king size bed deh yah, wid di linen fit here\n\n[Verse 5: Wayne Marshall]\nDon't be fooled by my glitter and my fame girl\nCause it's you that I really wanna share my name, yeah, my name\nYo, hey, a lot of girls come and go with the hype up\nTo me you mean more than just one night, yo, one night\n\n[Chorus]\n\n[Verse 6: Wayne Marshall]\nWatch the remix now!!!\nMek mi tell yuh somethin I need yuh mama\nI did a really dumb thing to bring you drama\nI was just frontin with all the glamma\nROC-A-Wear, Sean John, Dolce Gabbana\nOn di real though, a you mi hona\nA you a mek mi tink fi call di weddin planna\nAnd even if you see mi wid Donna\nJust rememba there is odda, wow!\nDon't be fooled by my glitter and my fame girl\nCause it's you that I really wanna share my name, yeah, my name\nYo, hey, a lot of girls come and go with the hype up\nTo me you mean more than just one night, yo, one night\n\n[Chorus]\n\n[Outro: Wayne Marshall] + (Vybz Kartel)\nOh, girl I never really mean to front (Never meant)\nI know you probably think I'm drunk\nBut I'm just being blount\nYou know we don't play no stunts (Straight up)\nI really never mean to front\nI know you probably feel I'm drunk\nBut I'm just being blount\nYou know we don't play no stunts\n\n[Vybz] I need you in my life, frontin\n[Wayne] Wooo oooh oooh!!!\n[Vybz] Stop frontin, timeless", "image": "https://images.genius.com/bf0f68ee56f29c8542ad805c6419682b.676x676x1.jpg"}], "artist": "JAY-Z"}