{"songs": [{"title": "Dirt Off Your Shoulder", "album": "The Black Album", "year": "2003-03-02", "lyrics": "[Produced by Timbaland]\n\n[Intro]\nYou're now tuned into the muh'fuckin' greatest (Jigga)\nTurn the music up in the headphones (Jigga)\nTim, you can go and brush your shoulder off, nigga\nI got you, yeah, uhh\n\n[Chorus]\nIf you feeling like a pimp\nNigga, go and brush your shoulders off\nLadies is pimps too, go and brush your shoulders off\nNiggas is crazy, baby, don't forget that boy told you\nGet that dirt off your shoulder\n\n[Verse 1]\nI probably owe it to y'all, probably be locked by the force\nTryin' to hustle some things that go with the Porsche\nFeelin' no remorse, feelin' like my hand was forced\nMiddle finger to the law, nigga, grippin' my balls\nSaid the ladies, they love me, from the bleachers they screamin'\nAll the ballers is bouncin', they like the way I be leanin'\nAll the rappers be hatin' off the track that I'm makin'\nBut all the hustlers, they love it, just to see one of us make it\nCame from the bottom of the bottom, to the top of the pops\nNigga, London, Japan and I'm straight off the block\nLike a running back, get it? Man, I'm straight off the block\nI can run it back, nigga, \u2018cause I'm straight with the Roc\n\n[Chorus]\nIf you feeling like a pimp\nNigga, go and brush your shoulders off\nLadies is pimps too, go and brush your shoulders off\nNiggas is crazy, baby, don't forget that boy told you\nGet that dirt off your shoulder\nYou gotta get that dirt off your shoulder\nYou gotta get that dirt off your shoulder\nYou gotta get that dirt off your shoulder\nYou gotta get that dirt off your shoulder\n\n[Verse 2]\nYour homie Hov' in position, in the kitchen with soda\nI just whipped up a watch, tryin' to get me a Rover\nTryin' to stretch out the coca, like a wrestler, yessir\nKeep the Heckler close, you know them smokers'll test ya\nBut, like, 52 cards went out, I'm through dealin'\nNow 52 bars come out, now you feel 'em\nNow 52 cars roll out, remove ceilin'\nIn case 52 broads come out, now you chillin'\nWith a boss, bitch, of course, S.C. on the sleeve\nAt the 40/40 club, ESPN on the screen\nI paid a grip for the jeans, plus the slippers is clean\nNo chrome on the wheels, I'm a grown-up for real\n\n[Chorus]\nIf you feeling like a pimp\nNigga, go and brush your shoulders off\nLadies is pimps too, go and brush your shoulders off\nNiggas is crazy, baby, don't forget that boy told you\nGet, that, dirt off your shoulder\nYou gotta get that dirt off your shoulder\nYou gotta get that dirt off your shoulder\nYou gotta get that dirt off your shoulder\nYou gotta get that dirt off your shoulder\n\n[Verse 3]\nYour boy back in the building; Brooklyn, we back on the map\nMe and my beautiful bee-itch in the back of that 'Bach\nI'm the realest to run it, I just happen to rap\nI ain't gotta clap at 'em, niggas scared of that black\nI drop that Black Album, then I back out it\nAs the best rapper alive, nigga, ask 'bout me\nFrom bricks to Billboards, from grams to Grammy's\nFrom O's to opposite of Orphan Annie\nYou gotta pardon Jay, for sellin' out the Garden in a day\nI'm like a young Marvin in his hey'\nI'm a hustler, homie, you a customer crony\nGot some dirt on my shoulder; could you brush it off for me?\n\n[Chorus]\nIf you feeling like a pimp\nNigga, go and brush your shoulders off\nLadies is pimps too, go and brush your shoulders off\nNiggas is crazy, baby, don't forget that boy told you\nGet, that, dirt off your shoulder\nYou gotta get that dirt off your shoulder\nYou gotta get that dirt off your shoulder\nYou gotta get that dirt off your shoulder\nYou gotta get that dirt off your shoulder\n\n[Outro]\nYou're now tuned into the mu'fuckin' greatest\nBest rapper alive, best rapper alive", "image": "https://images.rapgenius.com/d5045029766e3e4cc0e64ee3f0c7f95f.500x500x1.jpg"}], "artist": "JAY-Z"}