{"songs": [{"title": "Wishing on a Star", "album": "In My Lifetime, Vol. 1", "year": "1997-11-04", "lyrics": "[Chorus: Gwen Dickey]\nI'm wishing on a star to follow where you are\nI'm wishing on a dream to follow what it means\n\n[Intro: Jay-Z]\nUh-huh uh, yeah\nI remember y'all niggas\nUsed to slap box y'all niggas\nAnd smack y'all up, y'all used to see stars\nWe play corners (?) shit\n\n[Verse 1: Jay-Z]\nCheck it out, you can catch me on top now, playin' a club\nThrowin' a shot down, tryin' to stay above\nGround, another round-breakin' day in the club\nSurrounded by my own thoughts, playin' a cut\nReminiscin' on days I ain't have a pot to piss in\nNo watch to glisten, no V's with hot systems\nMissin' my homies that passed right in front of my eyes\nDue to the fast life we told wonderful lies\nOn how we would live forever, time proved us wrong\nHad to get our shit together and move it along\nHad dreams of being Big niggas, Jig niggas\nDrivin' the hottest cars, movin' out with our moms and I'm\n\n[Chorus: Gwen Dickey]\nWishing on a star to follow where you are\nI'm wishing on a dream to follow what it means\n\n[Verse 2: Jay-Z]\nThoughts interrupted by this chicken that I used to cluck wit\nBack in the days when I was movin' much shit, \"What up chick?\"\nMaintainin', it's the same old thang\nA little stress, a little bullshit, ain't too much changed\nI see you kept it movin', you see I kept improvin'\nShe nodded her head in agreement\nRemember when I used to walk up and down the cement, puttin' it down\nKnew the 'Streets was Watching', stay hooded down\nJust to earn a rep, but what good is it now?\nShe said, \"Damn I just stopped to say Hi.... Bye\"\nI was too deep for you from day one\nThat's why we never had relations, continued in my own zone\n\n[Chorus: Gwen Dickey (Jay-Z)]\nI'm wishing on a star to follow where you are\nI'm wishing on a dream to follow what it means\nAnd I wish on all the rainbows that I see\nI wish on all the people who really dream\nAnd I'm wishing on tomorrow praying it will come\nAnd I'm wishing on all the loving we've ever done (uh-huh)\n\n[Verse 3: Jay-Z]\nWe used to play tap-tap for rap tracks\nRun, catch, and kiss in the back park until it got dark\nWanted to be like the older males, sneak and drink old champ-ale\nDangerous games we played on the third rail\nFiend for the summer breeze, hopped out the Lee's Dungarees\nInto the Hawaiian shorts, relyin' on sports\nTo take us away from here, but I cut too much\nSo I had a plan B used to rhyme with a brush\nIn the mirror, my siblings used to back me up\nLike Doug E. Fresh and Ricky D., Eric, Mickey and Me\nAll my niggas is you with me, each of y'all\nLet's reach for the stars now... Jigga!\n\n[Chorus: Gwen Dickey]\nI'm wishing on a star to follow where you are\nI'm wishing on a dream to follow what it means\nAnd I wish on all the rainbows that I see\nI wish on all the people who really dream\nAnd I'm wishing on tomorrow praying it will come\nAnd I'm wishing on all the loving we've ever done", "image": "https://images.genius.com/f37f2c91828176be6469ed2243860896.350x300x1.jpg"}], "artist": "JAY-Z"}