{"songs": [{"title": "Squeeze 1st", "album": "The Dynasty: Roc La Familia", "year": "2000-10-30", "lyrics": "[Intro]\nUh, yeah, mmmm\nWilliam H., niggas\nHolla, yeah, yo\n\n[Chorus]\nThat's why I, squeeze first ask questions last\nThat's how most of these so called gangstas pass\nI, squeeze first ask questions last\n'Cause when I pull, I always pop, that's why I'm living today\n\n[Verse 1]\nYo, when I meet ya, I heat ya down\nWhen I greet ya, meet ya with pound\nNot the handshake, but the kind that make ya demand a wake\nThe kind that put land over your face\nI pop ya, let doctor stitch ya\nI-N-F-R-A, will not miss ya\nI move light, like my shoes too tight\nLeave niggas confused from the day to the night\nAt night, see the light, when the pistol's sparking\nDaytime it gets dark when that pistol barking\nI keep cash 'case cops arrest me\n'case kids kidnap me, kids can get back me\nYou shall repent 'fore you spend a red cent\nIf not you, somebody of close descent\nThou shalt not fuck with raw me, or he\nFace a thousand deaths from Mr. Shawn Corey\nCarter, rap harder like I'm part of a cult\nLike Cuban cigar maker 'cept I'm hard to smoke\nAnd y'all choke, motherfuckers\n\n[Chorus]\nThat's why I, squeeze first ask questions last\nThat's how most of these so called gangstas pass\nI, squeeze first ask questions last\n'Cause when I pull, I always pop, that's why I'm living today\n\n[Bridge]\nYo, I said thou shalt not fuck with raw me, or he\nFace a thousand deaths from Mr. Shawn Corey\nCarter, rap harder like I'm part of a cult\nLike Cuban cigar maker 'cept I'm hard to smoke\nThou shalt not fuck with raw me, or he\nFace a thousand deaths from Mr. Shawn Corey\nCarter, rap harder like I'm part of a cult\nLike Cuban cigar maker 'cept I'm hard to smoke\nAnd y'all choke, niggas\n\n[Chorus]\nThat's why I, squeeze first ask questions last\nThat's how most of these so called gangstas pass\nI, squeeze first ask questions last\nCause when I pull, I always pop, that's why I'm living today\n\n[Bridge]\nY'all don't understand\nI said thou shalt not fuck with raw me, or he\nFace a thousand deaths from Mr. Shawn Corey\nCarter, rap harder like I'm part of a cult\nLike Cuban cigar maker 'cept I'm hard to smoke\nAnd y'all choke, niggas\n\n[Chorus]\nI, squeeze first ask questions last\n'Cause when I pull, I always pop, that's why I'm living today\n\n[Verse 2]\nSee when I'm low on digits, I push blow in a blizzard\nI'm a player for real, I post and pivot\nCoke distribute, be where the ghostes visit\nWhere the demons live, shit, my scene is vivid\nSqueamish kids, y'all get the fuck outta this verse\nIt's about to get so obscene in a minute\nI seen and live it, I did some things I admit it\nWasn't proud of it, but I was a child, fuck it\nKept a pow tucked in a brown belt\nCouldn't sit down, big gun kept sticking my pelvis\nShit, it was either that or be living with Elvis\nNiggas is jealous, hell is hot, you heard X\nWanted to tell God that I don't deserve this\nWas afraid that he'd tell me I deserve less\nMy life was nervous, you haven't heard stress\n'Til you heard the cries of my mama, me giving her drama\nTold her I ain't promised tomorrow, gotta live for the day\nAnd before she could say Jay...\nI was out the door, pouch full of raw, a outlaw mentality\nMen gotta do men things for men salary\nBad Boy, not Puff or Mike Lowery\nDamn B.I.G. woulda been proud of me\n\n[Outro]\nAhh shit man...\nYoung Hova, ya heard?\nWho could fuck with him?\nUh, uh, geah", "image": "https://images.genius.com/c91a9bc0eb9aaf290224ebeaabd243a0.640x640x1.jpg"}], "artist": "JAY-Z"}