{"songs": [{"title": "The Return", "album": "Unfinished Business", "year": "2004-10-26", "lyrics": "[Intro: Tone]\nHawk, who goes yonder?\nIt is I, sire, Tone from Brooklyn\nWell speak up man, what is it?\nNews from the east, sire\nThe best of both worlds has returned\n\n[Jay-Z]\nMirror mirror on the wall\nWhose is the freshest of them all?\nI love 'em all, but none of y'all\nIs Doug E., as me and the boy Kelly\nWith the suicide doors, fuck 'em all\nWe got hits like a thirty shot clip\nWhen we throw it in the air, everybody hit the floor\nHolla at your boy, boys\nWhen we boys, so we bringin' out them toys\nI ain't a lame, on them Dana Dane's\nWiggie, you annoyed man, when the year change, we change\nNigga, we right here, we can go bank for bank\nWe can go clip for clip, nigga, chain for chain\nWe can go bitch for bitch, got a pretty young thing\nThat I keep by my hip, like my celly that rings\n\n[Hook: R. Kelly]\nMeeting Michelle at the hotel\nWhile Jay and Tone on the way to the afterparty\nGot the ladies sayin', oh\n\n[Jay-Z]\nBest of both worlds, and we rock the club\nYouknowhatimsayin\nBoy H-O, Kells, we not playing\nLosers lose, so when we does what we do, we win\nAnd win again, like deja vu\nThen we win again, like M.J. do\nThree-peat, then we retreat to waters that's blue\nYoung Scrappy, that's what grown man do, let's move\n\n[Hook 2x: R. Kelly]\nIn this arena, arena\nAll we wanna see is them hands up, hands up\nThis is for them hustlin' boys and girls\nIt's the return of best of both worlds\n\n[R. Kelly]\nNow all the ladies love Kells, cuz Kells is fresh\nAnd plus, Kells got super pimp 'cross his chest\nI got a fat gold chain and a drop top Lex'\nAnd when I'm rollin' through your hood, I be causin' wrecks\nMan I'm a gigolo, air force ones and fresh linen\nI be in the club while my chrome still spinning\nLadies line up in a single filed line\nJust to hear the black Sinatra, sing 'em a few lines like\n\n[Hook]\n\n[R. Kelly]\nBest of best worlds, gettin' it down, youknawimean\nKells and Jigga, man, back on the set\nStep off in the club, so fresh and so clean\nLadies be like, damn, bling, bling, bling\nHov' rapping, I sing, sing, sing\nH to the O, and the R&B king\nBefore we do a show, it's like ching, ching, ching\nSo ladi dadi, we like to party\nWe don't start fights, we don't bother nobody\nThe good news, haters, we got a lot of dough\nBad news, is, it's the return of best of both\n\n[Hook 2x]\n\n[R. Kelly]\nWe on a world tour, with Jay and my man\nGoing each and every where with the mic in our hands\nLondon, Paris, New York, D.C\nDetroit, from Chitown, to Cali\nWe on a world tour, with Kells and ya man\nGoing each and every where with the mic in our hands\nPhilly, Jersey, Dallas, St. Louie\nMiami, Best of Both, coming to your city\n\n[Hook 2x]", "image": "https://images.genius.com/6acee75ce6f754ed085bf56c8057fd13.492x500x1.jpg"}], "artist": "JAY-Z"}