{"songs": [{"title": "Some How Some Way", "album": "The Blueprint 2: The Gift & The Curse", "year": "2002-11-12", "lyrics": "[Chorus: Jay-Z]\nPlease believe that, some how some way\nWe gotta make it up out the hood some day\nSome how some way\nWe gotta make it up out this life, c'mon\nSome how some way\nWe gotta make it up out this life\nSome way, we gotta make it up out this life\n\n[Verse 1: Jay-Z]\nWhether we dribble out this motherfucker\nRap metaphors and riddle out this motherfucker\nWork second floors, hospital out this motherfucker\nSome how we gotta get up out this motherfucker\nSome day the cops'll kill a muh'fucker\nI don't always wanna be this drug dealing muh'fucker, damn\nWish I could take us all on this magic carpet ride\nThrough the sky, I\nUsed to play the hall and fifth floor, me and my boys\nWe all poor getting high, I\nSeen the worst of the worst, I deserve every blessing\nI received I'm from the dirt\nI, planted my seed on unfertile land\nMyrtle Park, Marcy, Flushing and Nostrand, and\nStill I grew, some how I knew that the sun'll shine through, and\nTouch my soul, take hold of my hand\nLook man, a tree grows in Brooklyn\n\n[Chorus: Jay-Z]\nSome how some way\nI gotta make it up out the hood someday\nSome how some way\nI gotta make it up out this life, c'mon\nSome way, I gotta make it up out this hood someday\n\n[Verse 2: Beanie Sigel]\n(To Lil' Nell, Sigel Street, I ain't forget you)\nTwenty niggas on the block trying to chase that buck\nNosey neighbors and haters keep they face on stuck\nCops roll up on the pavement break the dice games up\nMoms smoke, kids can't chase the ice cream truck\nGirls fighting over rope, the young boys hype things up\nNiggas fighting over coke, the young boys light things up\nAll the petty ass wars fuck the night scene up\n'member Lil' Eddie draw, man how he light mean up\nThen they wonder why we light green up\nBack to back steamers trying to relax but I can't, I lean up\nAin't the L or the reefer that steam up (that steam up)\nIt's my head and I'm stressed to the point I get a fever\nThinking 'bout the block and all the mothers and kids\nThat can't leave and how the Chinks gotta feed 'em\nFor the rest of their life\nFucking wings, fried vegetable rice (gotta be kidding)\nNo breakfast Cap'n Crunch at night\nOur kids eating lunch at night\nIn their beds all bunched in tight\nNo less than three or four (you know how it go)\nTwo by the foot two by the headboard\nMan I'm getting scared for them (yeah I know)\nThat's how I feel for them\nAnd we gotta grip of shorties on the block\nAll they do is smoke weed and drink forties, cop their quarties\nEnough to get the latest ROC, newest Glock, and old Jordies\n\n[Chorus: Beanie Sigel]\nSome how some way\nWe gon' make it up out this hood one day\nSome how some way\nWe gon' make it up out this life, yeah\nAnd some how some way\nWe gon' make it up out the hood one day\nSome way, we gon' make it up out this life\n\n[Verse 3: Scarface]\nRight here another lil' story 'bout this clique I claimed\nGot another chapter based on how I get that game\nJust hanging round my neighborhood, bang my street\nSit and watch the passer-bys play my sweep\nSouth-side, Sunnyside\nIs the blocks I run, South Acres, South Park\nNigga all got guns\nOver here we got this code Charlie, get that there\nWe know tomorrow ain't promise so we get that now\nFuck sitting in the living room guarding the steps\nWorking inside a smoke house starving to death\nServing these niggas flippers, quarter-ounces and jippers\nAgents snapping your picture\nNeighbors plotting to get ya\nSituations is critic\nI was out here be getting it\nLiving it like a savage 'cause nigga I gotta have it\nThey holding back on a motherfucker, I'm in it for the haul dog\nErase enough to walk it down and fuck it all y'all\nLord be willing and the creek don't rise\nI'ma be a nigga and these streets gon' rise\n(Some how some way)\n(Some how some way)\nI'ma be a nigga and these streets gon' rise\n(Some how some way)\n\n[Chorus: Jay-Z]\nSome how some way\nWe gotta make it up out the hood some day\nSome how some way\nWe gotta make it up out this life, c'mon\nSome how some way\nWe gotta make it up out the hood some day\nSome way, we gotta make it up out this life\n\n[Whistling outro]", "image": "https://images.genius.com/bbaaa25ac55d3bc2008448e1647d3b54.720x631x1.jpg"}], "artist": "JAY-Z"}