{"songs": [{"title": "Jigga That Nigga", "album": "The Blueprint", "year": "2002-01-29", "lyrics": "[Intro]\n(Roc-A-Fella, y'all)\nIt's the Roc!\n(Jigga, Jigga, that nigga Jigga)\nR.O., R.O.C. niggas, R.O.\n(Jigga, Jigga, that nigga Jigga)\nHov! R.O.C. niggas, R.O., whoo!\n(Jigga, Jigga, that nigga Jigga)\nIt's Hov! R.O.C. niggas\n(Jay-Z)\n\n[Verse 1]\nCome on the track like duh duh duh-duh\nWith a throwback jersey and a fitted\nMight blow a bag of Hershey in the sidd-ix\nOr might take sips of army with a chidd-ick, I'm so sick with it\nLampin' in the Hamptons\nThe weekends man, the Stan Smith Adidas and the Campus\nOr playin' guts on the cruise, Herm\u00e8s boat shoes\nThe Izod bucket on, I'm so old school\nYellow wrist watch, Gucci flip flops\nSix top model chicks \u2013 who is this hot?\nJ-A, ladies help me say it now\nY-Z, mami why you playin' with me?\nRide with me, get high as me\nIt's how it's supposed to be, when you rollin' with G's\nHov! Back up in this bitch like whoa\nJigga get this whole shit jumpin' like six-fo's\n\n[Chorus]\n(Hov) V is I, and I am him\n(Jigga, Jigga, that nigga Jigga!)\nSlim with the tilted brim on twenty-inch rims\n(Jigga, Jigga, that nigga Jigga!)\nAnd if y'all got love for me I got love for y'all\n(Jigga, Jigga, that nigga Jigga!)\nAnd if y'all go to war for me I go to war with y'all\n(Jigga, Jigga, that nigga Jigga!)\n\n[Verse 2]\nHov! And so I breeze through, jeans is Evisu\nShe's respondin', top is C. Ronson\nWe in Luan (woo!) gettin' our groove on\nBuyin' out the bar, on our way to Spa'\nShe never seen a hundred on the wrist before\nNever seen twenty-two's on the 6 before\nI am, killin' 'em out there, they needin' first aid\n'Cause the boy got more 6's than first grade\nThe crib got killer views and square feet\nYou have to film MTV Cribs for a week\nSo, sleep if you need to, mami, I will leave you\nRight where you stand, nah, I don't wanna dance (I'm good)\nI just wanna see what's in your Frankie B pants\nWeight is low enough to let your waist show\nTop like a rock star, I got a fast car\nWe can cruise the city, doin' a buck-sixty\n\n[Chorus]\n(Hov) V is I, and I am him\n(Jigga, Jigga, that nigga Jigga!)\nSlim with the tilted brim on twenty-inch rims\n(Jigga, Jigga, that nigga Jigga!)\nAnd if y'all got love for me I got love for y'all\n(Jigga, Jigga, that nigga Jigga!)\nAnd if y'all go to war for me I go to war with y'all\n(Jigga, Jigga, that nigga Jigga!)\n\n[Verse 3]\n\"He did it again!\" \u2013 haters no like\nBut they gotta fuck with it 'cause the flow's so tight\nGnarly dude! I puff Bob Marley, dude\nAll day like Rastafaris do\nNow I'm stuck to the point I could hardly move\nYou fuckin' up my high, don't bother me, dude\nBut Red Rover, send your hoes over\nShe can do WHATEVER, sip somethin' with soda\nShe can leave WHENEVER, sip somethin' with Hova\nWe can play HOWEVER, slay bed or sofa\nAnd the prognosis, sex is explosive\nLeft her with wet bedsheets, nigga, I'm focused\n\n[Chorus]\n(Hov) V is I, and I am him\n(Jigga, Jigga, that nigga Jigga!)\nSlim with the tilted brim on twenty-inch rims\n(Jigga, Jigga, that nigga Jigga!)\nAnd if y'all got love for me I got love for y'all\n(Jigga, Jigga, that nigga Jigga!)\nAnd if y'all go to war for me I go to war with y'all\n(Jigga, Jigga, that nigga Jigga!)\n\n[Outro]\nR.O., R.O.C. niggas\nR.O.C. niggas\n(Roc-A-Fella y'all!)", "image": "https://images.genius.com/3fd9f3eaf24b13df81ea4519b0018c20.300x300x1.jpg"}], "artist": "JAY-Z"}