{"songs": [{"title": "Girls, Girls, Girls (MTV Unplugged)", "album": "MTV Unplugged", "year": "2001-12-18", "lyrics": "[Intro]\nWhere all my ladies at out there\nHelp me out on this one\nCourse I love you\nI love all y'all\nFor real\n\n[Hook]\nI love girls, girls, girls, girls\nGirls, I do adore\nYo put your number on this paper cause I would love to date ya\nHolla at you when I come off tour\n\n[Verse 1]\nI got this Spanish chica, she don't like me to roam\nSo she call me and maricon\nSaid she likes to cook rice so she likes me home\nI'm like, \"Un momento, mami, slow up your tempo\"\nI got this black chick, she don't know how to act\nAlways talking out her neck, making her fingers snap\nShe like: \"Listen, Jigga Man, I don't care if you rap\nYou better R-E-S-P-E-C-T me\"\nI got this French chick that love to French kiss\nShe thinks she's Bo Derek, wear her hair in a twist\n\"Ma cherie amour, tu es belle\"\nMerci, you're fine as ooh but you giving me hell\nI got this Indian squaw, the day that I met her\nAsked her what tribe she with: red dot or feather\nShe said: \"all you need to know is I'm not a ho\nAnd to get with me you better be Chief Lots-a-Dough\"\nNow that's Spanish chick, French chick, Indian and black\nThat's fried chicken, curry chicken.. damn I'm getting fat\nArroz con pollo, French fries and crepe\nAn appetite for destruction but I scrape the plate\n\n[Hook]\nI love girls, girls, girls, girls\nGirls, I do adore\nYo put your number on this paper cause I would love to date ya\nHolla at you when I come off tour\nI love girls, girls, girls, girls\nGirls, all over the globe\nI come scoop you in that coupe, sitting on deuce zeros\nFix your hair in the mirror, let's roll\n\n[Verse 2]\nI got this young chick, she so immature\nShe like, why you don't buy me Reeboks no more\nLike to show out in public, throw tantrums on the floor\nGot to toss a couple dollars just to shut up her holla\nGot a project chick she plays her part\nThat's my heart\nBaby girl so thorough she been with me from the start\nHid my from the, hid my by the\nI got this model chick that don't cook or clean\nBut she dress her ass off and that walk is mean\nOnly thing wrong with ma she's always on the scene\nDamn she's fine but she parties all the time!\nI get frequent flier mileage from my stewardess chick\nShe look right in that tight blue dress, she's thick\nShe gives me extra pillows and seat back love\nSo I had to introduce her to the Mile High Club\nNow that's young chick, stewardess, project and model\nThat means I fly rough early, plus I know Tae Bo\nThat means I'm new-school, pop pills and stay in beef\nBut I never have a problem with that first class seat\n\n[Hook]\nI love girls, girls, girls, girls\nGirls, I do adore\nYo put your number on this paper cause I would love to date ya\nHolla at you when I come off tour\nI love girls, girls, girls, girls\nGirls, all over the globe\nI come scoop you in that coupe, sitting on deuce zeros\nFix your hair in the mirror, let's roll\n\n[Verse 3]\nI got this paranoid chick, she's scared to come to the house\nA hypochondriac who says ouch before I whip it out\nGot a chick from Peru that sniff Peru\nShe got a cousin at customs that gets me through\nGot this weed head chick, she always catch me doing shit\nCrazy girl.. wanna leave me but she always forgets\nGot this Chinese chick, had to leave her quick\nCause she kept bootlegging my hits\nI got this African chick with Eddie Murphy on her skull\nShe like: \"Jigga Man, why you treat me like animal?\"\nI'm like: \"excuse me Ms. Fufu, but when I met your ass\nYou was dead broke and naked, and now you want half\"\nI got this ho that after 12 million sold\nMami's a narcoleptic, always sleeping on Hov\nGot to tie the back of her head like Deuce Bigalow\nI've got so many girls across the globe\n\n[Hook]\nI love girls, girls, girls, girls\nGirls, I do adore\nYo put your number on this paper cause I would love to date ya\nHolla at you when I come off tour\nI love girls, girls, girls, girls\nGirls, all over the globe\nI come scoop you in that coupe, sitting on deuce zeros\nFix your hair in the mirror, let's roll\nI love girls, girls, girls, girls\nGirls, I do adore\nYo put your number on this paper cause I would love to date ya\nHolla at you when I come off tour\nI love girls, girls, girls, girls\nGirls, all over the globe\nI come scoop you in that coupe, sitting on deuce zeros\nFix your hair in the mirror, let's roll\nI love girls, girls, girls, girls, girl, girls\n\nYeah\nYeah", "image": "https://images.genius.com/a7449b38b8eab47232b379bc442a5f10.1000x1000x1.jpg"}], "artist": "JAY-Z"}