{"songs": [{"title": "Soon You'll Understand", "album": "The Dynasty: Roc La Familia", "year": "2000-10-31", "lyrics": "[Intro]\nMmm, you don't understand now because you're cryin, and you hurt\nYou'll understand soon enough\nSoon enough\n\n[Chorus]\nLet him hold you, let him touch you\nSoon you'll understand\n\n[Verse 1]\nYou're my best friend's sister, grown woman and all\nBut you see how I am around girls; I ruin 'em all\nPlus your mom call me son, around you since I was small\nShit, I watched you mature, nah, this ain't right\nBut still when your boyfriend ditched you, life's a bitch you cried\nOver my right shoulder, I told you to wipe your eyes\nTake your time when you liking a guy\n'Cause if he sense that your feelings too intense, his pimp'll die\nI bought you earrings on your birthday\nDrove you to college your first day\nIt must be sad, though it hurts to say\nWe could never be a item, don't even like him\nYou deserve better, this is ugly; Gina, please don't love me\nThere's better guys out there other than me\n(You need a lawyer or a doctor or somebody like that you know?)\nLike a lawyer or a doctor with a Ph.D\nThink of how upset your mother and brother would be\nIf they found that you was hugging me\nMy conscience is fucking with me\n\n[Chorus]\nLet him hold you, let him touch you\nSoon you'll understand\nLet him hold you, let him touch you\nSoon you'll understand\n\n[Interlude]\nMan, I look in the eyes of our..\nThis.. our kid this whole life we made together..\nWe're tryin, really tryin to make it work\nI'm young, and I ain't ready, and I told you\n\n[Verse 2]\nIt ain't like, I ain't tell you from day one, I ain't shit\nWhen it comes to relationships, I don't have the patience\nNow it's too late, we got a little life together\nAnd in my mind I really want you to be my wife forever\nBut in the physical it's like I'ma be trife forever\nA different girl every night forever; told you to leave\nBut your stubborn and you love him and\nNo matter what, despite all the fucking and the cheating\nYou still won't leave him, now you're grieving\nAnd I feel bad, believe me\nBut I'm young and I ain't ready, and this ain't easy\nWasn't fair to tell you to wait, so I told you to skate\nYou chose not to, now look at the shit we gotta go through\nDon't wanna fight, don't wanna fuss\nYou the mother of my baby\nI don't want you to hate me, this is about us\nRather me; I ain't ready to be what you want me to be\nAnd cause I love you, I want you to leave, please\n\n[Chorus]\nLet him hold you, let him touch you\nSoon you'll understand\nLet him hold you, let him touch you\nSoon you'll understand\n\n[Interlude]\nMm... listen ma\nI mean, I seen you workin two or three jobs\nDaddy left; I, I thought I was makin things better\nI made it worse\n\n[Verse 3]\nDear ma, I'm in the cell, lonely as hell\nWriting this scribe, thinking 'bout how you must feel inside\nYou tried to teach me better, but I refused to grow\nGod damn, I ain't the young man that you used to know\nYou said the street claim lives, but I wanted things like\nBling-bling ice; I was wrong in hindsight\nShit, we grew apart, try to blame it on your new spouse\nI know it hurt like hell the day you kicked me out\nBut your house is your house, I ain't respect the rules\nI brought crack past your door, beefed with rival crews\nAnd who wants to be the mother of a son who sold drugs?\nCo-workers saw me on the corner slinging Larry Love\nMeanwhile, you working hard, like 2 or 3 jobs\nTrying to feed me and my siblings, making an honest living\nWho am I kidding? I, call myself easing the load\nI made the load heavy, I need money for commissary\nTry to understand, please\n\n[Chorus]\nLet him hold you, let him touch you\nSoon you'll understand\nLet him hold you, let him touch you\nSoon you'll understand\nLet him hold you, let him touch you\nSoon you'll understand\nLet him hold you, let him touch you\nSoon you'll understand\nLet him hold you, let him touch you\nSoon you'll understand\nLet him hold you, let him touch you\nSoon you'll understand", "image": "https://images.genius.com/c91a9bc0eb9aaf290224ebeaabd243a0.640x640x1.jpg"}], "artist": "JAY-Z"}