{"songs": [{"title": "Nickels and Dimes", "album": "Magna Carta... Holy Grail", "year": "2013-07-04", "lyrics": "[Hook: Gonjasufi]\nNickels and dimes\nSticks to my mind\nI want more than\nYou have my friends\n\n[Verse 1]\nGot a thing for nickel plated nines and pretty dimes\nMac-11 I squeeze like lemon limes\nSquirt obey your thirst, fashion lines\n'tween beauty and beast, I walk the line\nJohnny Cash, I'm a real G\nI cut myself today to see if I still bleed\nSuccess is so sublime\nGotta do that time to time so I don't lose my mind\nSomething 'bout the struggle so divine\nThis sort of love is hard to define\nWhen you scratching for every nickel and dime\nGot me itching to do this shit for my mom\nDo this shit for my town\nLeave the door open hoping they kick it down\nThe purest form of giving is anonymous to anonymous\nWe gon' make it there, I promise this\n\n[Hook: Gonjasufi]\nNickels and dimes\nSticks to my mind\nI want more than\nYou have my friends\n\n[Verse 2]\nSometimes I feel survivor's guilt\nI gave some money to this guy, he got high as hell\nNow I'm part of the problem far as I could tell\nDid I do it for him or do it for myself\nCan't lie to myself\nI love my niggas more than my own blood\nI die for my niggas and I love my cub, hope that's not fucked up\nI got a problem with the handouts, I took the man route\nI'll give an opportunity though, that's the plan now\nNo guilt in giving clear a nigga conscience out\nNo guilt in receiving, every thing within reason\nCan't see it taking food out my little monster's mouth\nThat'll drive me gaga\nRun up in your momma's house, two nickels, one dime\nManslaughter charges, the lawyer, knocked it down\nI'm just trying to find common ground\n'fore Mr. Belafonte come and chop a nigga down\nMr. Day O, major fail\nRespect these youngins boy, it's my time now\nHublot homie, two door homie\nYou don't know all the shit I do for the homies\n\n[Hook: Gonjasufi]\nNickels and dimes\nSticks to my mind\nI want more than\nYou have my friends\n\n[Bridge: Gonjasufi]\nIt all depends\nHow the story is\nNickels and dimes\nTickle my mind\n\n[Verse 3]\nPardon my hubris, Stanley Kubrick\nWith eyes wide shut, I could cook up two bricks\nTurn nickels to dime, turn dimes to quarters\nTurn wives from daughters, oh, I'm clear as water\nAnd just for clarity, my presence is charity\nMy flow is a gift, philanthropist\nEverybody 'round me rich, or will be\nBaby boy I promise you this, or kill me\nAnd when a nigga go as the old adage go\nYou die rich and you die disgraced, so just let me grow\nWatch me cook, throw no looks\nLike Magic in his prime when Kareem sky hooked, yeah\nY'all not worthy, sometimes I feel like\nY'all don't deserve me, my flow unearthly\nThe greatest form of giving is anonymous to anonymous\nSo here y'all go, I promise this\n\n[Hook: Gonjasufi]\nNickels and dimes\nSticks to my mind\nI want more than\nYou have my friends", "image": "https://s3.amazonaws.com/rapgenius/MCHG_cover.jpg"}], "artist": "JAY-Z"}