{"songs": [{"title": "Spiritual Statement", "album": null, "year": null, "lyrics": "I made this song awhile ago, I never got to finish it.\n\nPunch (TDE) told me I should drop it when Mike Brown died, sadly I told him \"this issue will always be relevant.\" I'm hurt that i knew that his death wouldn't be the last......\n\nI'm saddened and disappointed in THIS America - we should be further along.\n\nWE ARE NOT.\n\nI trust God and know that everything that happens is for our greatest good, but man....it's tough right now.\n\nBlessings to all the families that have lost loved ones to police brutality.\n\n-J\n\n\"Where justice is denied, where poverty is enforced, where ignorance prevails, and where any one class is made to feel that society is an organized conspiracy to oppress, rob and degrade them, neither persons nor property will be safe. \"\n\n- Frederick Douglass", "image": "https://images.genius.com/bf0f68ee56f29c8542ad805c6419682b.676x676x1.jpg"}], "artist": "JAY-Z"}