{"songs": [{"title": "Politics as Usual", "album": "Reasonable Doubt", "year": "1996-06-25", "lyrics": "[Intro]\nYou know how we do\nRoc-A-Fella... forever...\n\n[Verse 1]\nYou can catch me\nSkatin' through your town, puttin' it down, y'all relatin'\nNo waitin', I'll make your block infrared hot: I'm like Satan\nY'all feel a nigga's struggle, y'all think a nigga love to\nHustle behind the wheel, tryin' to escape my trouble\nKids stop they greetin' me, I'm talking sweet to keys\nCursin' the very God that brought this grief to be\nMy life is based on sacrifices, jewels like Isis\nAnd fools that think I slip, you fuck around\nYou get your guys hit, they built me to be filthy\nOn some I-do-or-die shit, for real\nThe price of leather's got me, deeper than ever and\nJust think, Winter's here, I'm tryin' to feel mink, nigga\n\n[Chorus]\nPolitics as usual\n\n[Verse 2]\nI took my Frito to Tito in the district\nBlessed me with some VS\nSomethings I can live with: stop frontin'\nAnd for the dough I raise, gotta get shit appraised\nNo disrespect to you, make sure your word is true\nI'm takin' wages down in Vegas just in case Tyson\nHave a major night off, that's clean money, the tax write-off\nYou ain't seen money in your life, when it\nComes to this cheese y'all like Three Blind Mice\nI'm smokin' bros who pump Willie, I expose\nThe furthest you Chiles been is the Poconos\nMy portfolio reads: leads to Don Corleone, nigga please\n10-year felon, heavy on the wrist, I faze yous\nWith the diamond flooded Jesus and blind your facials\nFor life, right, it's Jigga, I keep it tight nigga\n\n[Chorus]\nPolitics as usual\n\n[Verse 3]\nYou feel my triumph never - feel my pain\nI'm lyin' low in the leathers, I am, the best that's ever came\nThe game changes like my mind just ain't right\nRewind get this dough, I guess it ain't your night\nSuckin' me in like a vacuum, I remember\nTellin' my family: \"I'll be back soon\"; that was December\n'85 and Jay-Z rise 10 years later\nGot me wise still can't break my underworld ties\nI wear black a lot, in the Ac', act a lot\nGot matchin' VCR's, a huge Magnavox\nTen inch, green like spinach, pop wines that's vintage\nIt's a lot of big money in my sentence\nHittin' towards a mil', lip a, written I kill like that\nChick baby one-two cat, yeah, I do that\nAin't no stoppin' the champagne from poppin'\nThe drawers from droppin', the law from watchin' - I hate 'em\n\n[Chorus]\nPolitics as usual", "image": "https://images.genius.com/18040c4f503942a16d6577d9820644cb.1000x1000x1.jpg"}], "artist": "JAY-Z"}