{"songs": [{"title": "Kill Jay Z (T\u00fcrk\u00e7e \u00c7eviri)", "album": null, "year": null, "lyrics": "\u00d6ld\u00fcr Jay Z\u2019yi, asla sevmeyecekler seni\nAsla yeterli olmayacaks\u0131n, ger\u00e7ekleri konu\u015fal\u0131m, Jay Z\nSikeyim Jay Z\u2019yi\nDemek istedi\u011fim, kendi karde\u015fini vurdun\nJay Z'ye g\u00fcvenebilece\u011fimizi nereden bilebiliriz ki?\nVe daha iyi biliyorsun, zenci, biliyorum ki \u00f6yle\nAma daha da iyisini yapmal\u0131s\u0131n o\u011flum, bunu Blue'ya bor\u00e7lusun\nSenin baban yoktu, z\u0131rh\u0131n vard\u0131\nAma bir k\u0131z\u0131n var, daha nazik olmal\u0131s\u0131n\n\u00d6l Jay Z, bu eski g\u00fcnlerdeki gibi de\u011fil\nBir mazerete ihtiyac\u0131n yok, Jay Z\nA\u011fla Jay Z, biliyoruz ki ac\u0131 ger\u00e7ek\nAma ortaya \u00e7\u0131karmad\u0131\u011f\u0131n\u0131 asla iyile\u015ftiremezsin\nNaber, Jay Z? Biliyorsun ki ger\u00e7e\u011fe bor\u00e7lusun\nJay Z'ye a\u015f\u0131k olan t\u00fcm gen\u00e7li\u011fe\nSevdi\u011fin insanlar vard\u0131, uyu\u015fturucu satt\u0131\u011f\u0131n\nHayatta y\u00fckseklerdeydin, bu bok seni uyu\u015fturdu\nEtrafta dola\u015f\u0131yorsun yenilmezmi\u015fsin gibi\nOkulu terk ettin, prensiplerini kaybettin\nBiliyorum, insanlar seni arkandan vurdu, ben de k\u00f6t\u00fc hissediyorum\nAma bu \"herkesi sikeyim\" tavr\u0131 do\u011fal de\u011fil\nAma sen bir aziz de\u011filsin, bu kumbaye de\u011fil\nAma senin can\u0131n yand\u0131 \u00e7\u00fcnk\u00fc Ye'den tav\u0131r yedin\nOna g\u00f6z\u00fcn\u00fc k\u0131rpmadan 20 milyonu verdin\nO ise sana sahnede 20 dakika verdi, ne sikim d\u00fc\u015f\u00fcn\u00fcyordu?\n\"Herkesin neyi var am\u0131na koyay\u0131m?\" senin s\u00f6yledi\u011fin\nAma e\u011fer herkes \u00e7\u0131lg\u0131nsa, manyak olan da sensin\nHayat ne kadar garip\nG\u00f6\u011fs\u00fcnde d\u00fc\u011f\u00fcm var, d\u00fc\u015f\u00fcn bir b\u0131\u00e7a\u011f\u0131n nas\u0131l ac\u0131taca\u011f\u0131n\u0131\nUn'\u0131 b\u0131\u00e7aklad\u0131n birka\u00e7 par\u00e7adan dolay\u0131\nBahanense \"\u00c7ok pervas\u0131z konu\u015fuyordu!\" oldu\nEgonun sa\u011f omzun \u00fczerinden gitmesine izin ver\nSolun ise \"Kahvalt\u0131n\u0131 bitir!\" diyordu\nSen Solange\u2019\u0131 su\u00e7lad\u0131n\nBiliyordun t\u00fcm\u00fc boyunca, yapman gereken tek \u015fey yanl\u0131\u015fs\u0131n demekti\nNeredeyse Eric Benet oldun\nD\u00fcnyadaki en fena k\u0131z\u0131n gitmesine izin verip\nS\u00f6ylenmesi gerekenin ne oldu\u011funu bile bilmiyorum\nZenci, asla Eric Benet olma!\nNeyi yapabilece\u011fini bile bilmiyorum\nGelecekte di\u011fer zenciler senin o\u011flunla futbol oynuyor olsa\nOnu kaybederdin\n13 \u015fi\u015fe Ace of Spade, Boston'a yapt\u0131\u011f\u0131 gibi\nHay\u0131r, Jay Z\nBay, Jay Z", "image": "https://images.genius.com/bf0f68ee56f29c8542ad805c6419682b.676x676x1.jpg"}], "artist": "JAY-Z"}