{"songs": [{"title": "Already Home", "album": "The Blueprint 3", "year": "2009-09-08", "lyrics": "[Produced by No I.D. and Kanye West]\n\n[Intro: JAY-Z]\nYeezy, Hova, Yeezy\nYeezy Yeezy, Hova, hold up\nYou either love me or leave me alone\nYou either love me or leave me alone\n\n[Hook: Kid Cudi & JAY-Z]\nOh, they want me to fall (fall)\nFall from the top (top)\nThey want me to drop (drop)\nThey want me to stop (stop)\nThey want me to go (go)\nI'm already gone (already)\nThe shit that I'm on (hey)\nI'm already home\nHey, I'm already home\nHey, I'm already home\nHey, I'm already home\n\n[Bridge: JAY-Z]\nNow one more 'gin\n\n[Hook: Kid Cudi & JAY-Z]\nOh (oh), they want me to fall (fall)\nFall from the top (top)\nThey want me to drop (drop)\nThey want me to stop (no)\nThey want me to go (no)\nI'm already gone (gone)\nThe shit that I'm on (already)\nI'm already home\nHey, I'm already home\nHey, I'm already home\nHey, I'm already home\n\n[Verse 1: JAY-Z]\nThese niggas want me to go, don\u2019t they know that I'm gone\nThey know I'm space shuttle level, they need oxyg-g-g-gen\nDon't they know that they boring? Don\u2019t they know that I yawn?\nOnly time they exciting is when they mentioning Shawn\nSeen Single White Female when she dyed her hair blonde?\nSometimes I look at these rappers, the movie remind me of them\nSomebody turn these boys off, don't they know that I'm on\nCan't they see that it's foolish to try and kill me with songs\nWhat the fuck are they Lauryn, they killing me softly\nYou talk me to death, only thing you do is talk\nI open the door for them, what else can I do\nThese niggas want me to walk for them\nSomebody talk to them before I go off on them\n\n[Hook: Kid Cudi & JAY-Z]\nOh, they want me to fall (fall)\nFall from the top (top)\nThey want me to drop (drop)\nThey want me to stop (stop)\nThey want me to go (go)\nI'm already gone (already)\nThe shit that I'm on (hey)\nI'm already home\nHey, I'm already home\nHey, I'm already home\nHey, I'm already home\n\n[Verse 2: JAY-Z]\nI taught 'em 'bout fish scale, they want me to fish for them\nThey want me to catch clean then cook up a dish for them\nAll of this just for them or they got a diss for him\nThey want me to disappear like it's gon shift for them\nThey say that I'm in the way, they want me to sit for them\nBut what they admitting is they ain't got shit for him\nAnd really the fact is, we not in the same bracket\nNot in the same league, don't shoot at the same baskets\nDon't pay the same taxes, hang with the same bitches\nSo how am I in the way, what is it I'm missing?\nNigga I been missing, nigga I been gone\nThe shit that you just witnessing I been on\nAnd as for the critics, tell me I don't get it\nEverybody can tell you how to do it, they never did it\nNow these niggas is mad, oh, they call me a Camel\nBut I mastered the drought, what the fuck I'm an animal\nHalf man half mammal, my sign is a Sag\nThis is just what I planned to do, oh, don't be mad\n\n[Hook: Kid Cudi & JAY-Z]\nOh, they want me to fall (fall)\nFall from the top (top)\nThey want me to drop (drop)\nThey want me to stop (stop)\nThey want me to go (go)\nI'm already gone (already)\nThe shit that I'm on (hey)\nI'm already home\nHey, I'm already home\nHey, I'm already home\nHey, I'm already home\n\n[Verse 3: JAY-Z]\nI\u2019m in The Hall already, on the wall already\nI\u2019m a work of art, I'm a Warhol already\nOn another level, on another plane already\nH-O-V, I got my own lane already\nI done cooked up the rock already\nSo why the fuck can't ya'll get hot already\nPut your name in the pot already\nNiggas compare me to Biggie and Pac already (already)\nLike I'm gone already\nAnd I am nigga I'm already home already (already)\nIf ya'll can't already see\nI ain't worried about y'all 'cause I'm already me (already)\nDo you already enough with the complaining, boo-hoo's already\nEat food already ain't nothing given you gotta claim your shoes already\n\n[Bridge: JAY-Z]\nYeah so in summation I don't know who you racing\nI'm already at the finish line with the flag waving\nCome on\n\n[Hook: Kid Cudi & JAY-Z]\nOh, they want me to fall (fall)\nFall from the top (top)\nThey want me to drop (drop)\nThey want me to stop (stop)\nThey want me to go (go)\nI'm already gone (already)\nThe shit that I'm on (hey)\nI'm already home\nHey, I'm already home\nHey, I'm already home\nHey, I'm already home\nOh (oh), they want me to fall (fall)\nFall from the top (top)\nThey want me to drop (drop)\nThey want me to stop (no)\nThey want me to go (no)\nI'm already gone (gone)\nThe shit that I'm on (already)\nI'm already home\nHey, I'm already home\nHey, I'm already home\nHey, I'm already home", "image": "https://images.genius.com/ff10a6a0a94d002a374623bb49818293.1000x1000x1.jpg"}], "artist": "JAY-Z"}