{"songs": [{"title": "Early This Morning", "album": null, "year": null, "lyrics": "[Intro]\nLet's try this, Guru\n(Every time I think about you) yeah yeah\n(I feel so alive)\n(I wish I could hold onto you forever)\nThis is how I start my day anew\nUhh, uh huh, uh huh, yeah, uhh\n\n[Chorus]\n(I woke up early this morning with a new sight over life)\nGood morning America, ghetto USA\n(Never read the Qur'an or Islamic scriptures\nOnly Psalms I read was on the arms of my niggas)\nUhh, come on, good morning\nIt was the best of times, it was the worst of times\n(The sunshine was shining, you were on my mind)\n\n[Verse]\nYeah, I wake up, hit my shoebox, I snatch out a few rocks\nPut the rest inside, now I'm ready to ride\nPut the bomb in my socks so cops can't locate the vials\nI ain't freshly dressed but got a Colgate smile\nThat's right, hah\nThrow on the same clothes I had on last night\nI got loads of capers to come up with this paper\nI got money schemes that come to me in my dream\nHit the block like a veteran\nFiends need they medicine, I'm the relief pitcher\nTheir clean up hitters, it works\nI hit the Ave stash the bag in the dirt\nPut the rest in my small pocket, I start clockin'\n(I woke up early this morning)\nSame routine: I'm runnin' game to fiends\nExchangin' cash for crack rocks, back and forth to my stash box\nHundred dollars a week\nShorties got the Ave watched, fiends swarm\nI'm gettin' rid of this bomb, as I\n\n[Chorus]\nI woke up early this morning with a new sight over life\nGood morning\n(Never read the Qur'an or Islamic scriptures\nOnly Psalms I read was on the arms of my niggas)\nI woke up early this morning with a new sight over life\nThe sun was shinin', you were on my mind\nI woke up early this morning..", "image": "https://images.genius.com/0d53c56a247ef39e4106718deb95f347.1000x500x1.jpg"}], "artist": "JAY-Z"}