{"songs": [{"title": "Tom Ford", "album": "Magna Carta... Holy Grail", "year": "2013-07-04", "lyrics": "[Intro]\nClap for a nigga with his rapping ass\nBlow a stack for your niggas with your trapping ass\nClap for a nigga with his rapping ass\nBlow a stack for your niggas with your trapping ass\n\n[Hook]\nTom Ford\nTom Ford\nTom Ford\n\n[Bridge]\nComing up, coming down\nRiding clean fix your hair in my Crown\nBad bitch, H town\nKeep it trill, y'all know y'all can't fuck around\n\n[Verse 1]\nParis where we been, pard' my Parisian\nIt's Hov time in no time, it's fuck-all-y'all season\nPiss Bordeaux and Burgundies, flush out a Riesling\nWhen Hov's out, them hoes out, y'all put y'all weaves in, and\nClap for a nigga with his rapping ass\nBlow a stack for your niggas with your trapping ass\nSpent all my euros on tuxes and weird clothes\nI party with weirdos, yeah Hov, yeah Hov\n\n[Hook]\nI don't pop molly, I rock Tom Ford\nInternational bring back the Concorde\nNumbers don't lie, check the scoreboard\nTom Ford\nTom Ford\nTom Ford\n\n[Verse 2]\nHands down got the best flow, sound I'm so special\nSound boy burial, this my Wayne Perry flow\nY'all know nothing 'bout Wayne Perry though\nDistrict of Columbia, guns on y'all Tumblrs\nFuck hashtags and retweets, nigga\n140 characters in these streets, nigga\nPardon my laughing, y'all only flagging on beats, nigga\nPardon my laughing, I happen to think you sweet\n\n[Hook]\nI don't pop molly, I rock Tom Ford\nInternational bring back the Concorde\nNumbers don't lie, check the scoreboard\nTom Ford\nTom Ford\nTom Ford\n\n[Interlude]\nOh, man, so throwed\n\n[Bridge]\nComing up, coming down\nRiding clean fix your hair in my Crown\nBad bitch, H town\nKeep it trill, y'all know y'all can't fuck around\n\n[Outro]\nHold up\nI don't pop molly, I rock Tom Ford", "image": "https://s3.amazonaws.com/rapgenius/MCHG_cover.jpg"}], "artist": "JAY-Z"}