{"songs": [{"title": "Smile", "album": "4:44", "year": "2017-06-30", "lyrics": "[Intro: JAY-Z & Stevie Wonder]\nGood morn' or evening, friends\nSmile, you recordin'?\n\n[Verse 1: JAY-Z]\nSlammin' Bentley doors like we invented doors\n20 years ago we drove Bentley Azures\nWe drinkin' Cristal then\nYeah, kept the tray on me like Chris Paul then\nDrinkin' Ace of Spades like it's codeine now\nTryna put a million on the whole team now\nPush through the pain so we can see new life\nSo all the ladies havin' babies, see ya sacrifice\nMama had four kids, but she's a lesbian\nHad to pretend so long that she's a thespian\nHad to hide in the closet, so she medicate\nSociety shame and the pain was too much to take\nCried tears of joy when you fell in love\nDon't matter to me if it's a him or her\nI just wanna see you smile through all the hate\nMarie Antoinette, baby, let 'em eat cake\n\n[Chorus: JAY-Z & Stevie Wonder]\nBad times turn to good memories, smile\nEven when I'm gone and you remember me, smile\nGood times never fade away, smile\nEven if I'm not with you here today, smile\nGood morn' or evening, friends\nSmile\nHere's your friendly announcer\nSmile\n\n[Verse 2: JAY-Z]\nFar as draft picks, my name did not get called\nBet before I go I put a billion on the board\nHall of Fame Hov, I did it all without a pen\nY'all knew that was comin', I had to remind y'all again, huh?\nFlyin' paper planes through the projects\nNow the whole projects on my jet\nNow you see the real in the front row\nIn every one of y'all televised shows\nSuper facts\nNiggas switched sides, traded pride, we don't do all that\nA loss ain't a loss, it's a lesson\nAppreciate the pain, it\u2019s a blessin'\n\n[Chorus: JAY-Z & Stevie Wonder]\nBad times turn to good memories, smile\nEven when I'm gone and you remember me, smile\nGood times never fade away, smile\nEven if I'm not with you here today, smile\nGood morn' or evening, friends\n\n[Verse 3: JAY-Z]\nI mastered my aesthetics\nI know you often heard me wax poetic\n'Bout bein' back in the Lexus\nBut trust me, that was nothin', a nigga up in\nThe hundreds of millions, I have no ceilings\nAh, this that feelin', I'm that boy\nAnita Baker's \"You Bring Me Joy\" slappin' out of the toy\nThe separation is clear in my rear-view mirror\nObjects is further than they appear\nOh yeah, I was born with a pair, playin' for high stakes\nNorman's Cay, he looked up and out of the Lear\nHow niggas can't relate?\nFuck a slice of the apple pie, want my own cake\nIn charge of my own fate, respect Jimmy Iovine\nBut he gotta respect the Elohim as a whole new regime\nAnd niggas playin' for power, huh\nSo our music is ours, niggas own their own houses\nOurs was, \"Fuck you, pay me\"\nNow it's, \"Fuck payin' me, I pay you\nPut the rest away for Blue\"\nThat blood money I giggle at it\nCan't even support my miss' habit\nJewelry shoppin' in Pa- all ya jewelers should be embarrassed\nHuh, blood diamonds drippin' with guilt, I still ain't trippin'\nThat's life, winners and losers\nDrug dealers and abusers, America likes me ruthless\nMy therapist said I relapsed\nI said, \"Pre-haps I Freudian slipped in European whips\"\nGod sent me to break the chain, I'm the true and livin'\nGod in the flesh, the rest of these niggas is vain\nA stain on the white suit, inferior IQ\nNiggas'll rip your shit off TIDAL just to spite you\nAhhhh, what did I do? 'Cept try to free you\nNiggas'll love you but hate you 'cause they can't be you\nDump 'em all in the bayou, uh\nEverybody wave bye to the guy you thought you could lie to\nThis was meant to be a haiku, huh\nBut my story's too wide to fit inside the line or two\nOh, these that drugs, heron flow, I spaz on the stove\nThis is Hov, no flex zone, nigga, who lied to you?\nLook, you a pedestrian, don't ever question the security I provided you\nOh y'all thought I was washed? I'm at the cleaners\nLaunderin' dirty money like the Teamsters, huh\nShout out to Hoffa back home, he in the church\nWhen I heard you got booked, that shit hurt\nFear for you, bro, we know the system don't work\nTake a young nigga freedom over some dirt\nYet it's legal in Colorado, yet, we deny\nBlack entrepreneurs, free enterprise\nThat's why it's a black market, that's why it's called the trap\nThat's why it's called the projects 'cause it's exactly that\nAll these people was gon' kill me, heh\n'Cause the more I reveal me, the more they 'fraid of the real me\nWelcome back Carter, smile\n\n[Outro: Gloria Carter]\nLiving in the shadow\nCan you imagine what kind of life it is to live?\nIn the shadows people see you as happy and free\nBecause that's what you want them to see\nLiving two lives, happy, but not free\nYou live in the shadows for fear of someone hurting your family or the person you love\nThe world is changing and they say it's time to be free\nBut you live with the fear of just being me\nLiving in the shadow feels like the safe place to be\nNo harm for them, no harm for me\nBut life is short, and it's time to be free\nLove who you love, because life isn't guaranteed\nSmile", "image": "https://images.genius.com/4cf5f4f88ace021acdc18cc3cefcf2f4.1000x1000x1.jpg"}], "artist": "JAY-Z"}