{"songs": [{"title": "The Bounce", "album": "The Blueprint 2: The Gift & The Curse", "year": "2002-11-12", "lyrics": "[Intro: Jay-Z]\nUhh, just point out the bounce\nUh-huh, show me the bounce, yeah\nJust point out the bounce, yeah\nTimbo the king, yeah\nYoung Hov' the king, yeah\nJust point out the bounce\nYes, just point out the bounce nigga\nYo, listen\n\n[Verse 1: Jay-Z]\nRumor has it The Blueprint classic\nCouldn't even be stopped by Bin Laden\nSo September 11th marks the era forever\nOf a revolutionary Jay Guevera\nNow it's a whole museum of, Hov MCers\nEverybody dupin' the flow, you see 'em\nEverybody loopin' up soul\nIt's like you tryin to make The Blueprint 2 before Hov\nShout out to Just Bleezy and, Kan-yeezy\nSee how we adjusted the game so easy\nChicks barely dancin, glancin every chance they get\nLike - oh shit, he's so handsome\nStill in demand in the longest run standin\nKidnap rap seven years, no ransom\nCan't one nigga get it back no rap\nYoung Hov's goin to Canton, I'm now eligible\n\n[Chorus: Jay-Z]\nPoint out the bounce, and show you how to get this dough in\nLarge amounts 'til it's hard to count\nPoint out the bounce, I turn a 8 to an ounce\nTo a whole ki to the R.O.C\nPoint out the bounce, Timbo the king nigga\nUhh, yeah, uhh\nPoint out the bounce, jeah, Young Hov' the king nigga\nUhh, I got y'all\n\n[Verse 2: Jay-Z]\nFor those that think Hov' fingers bling bling'n\nEither haven't heard the album or they don't know English\nThey only know what the single is, and single that out\nTo be the meaning of what he is about\nAnd bein I'm about my business, not minglin' much\nRunnin my mouth, that shit kept lingerin'\nBut no dummy, that's the shit I'm sprinklin'\nThe album width to keep the registers ringin'\nIn real life, I'm much more distinguished\nI'm like a bloke from London, England\nJeah, you jinglin' baby\nSee I go right back and I bring 'em in baby\nBusiness mind of a Ross Perot, but never lost my soul\nCrossed the line, I bought pop across the row\nThen I walk through the hood, where they up to no good\nSlangin them O's like a real OG should\nOh, he's good, no he would never sell out, he's so hood\n\n[Chorus: Jay-Z]\nPoint out the bounce, and show you how to get this dough in\nLarge amounts 'til it's hard to count\nPoint out the bounce, I turn a 8 to an ounce\nTo a whole ki to the R.O.C\nPoint out the bounce, Timbo the king nigga\nUhh, yeah, uhh\nPoint out the bounce, jeah, Young Hov' the king nigga\n\n[Verse 3: Kanye West]\nMagazines call me a rock star, girls call me cock star\nBillboard, pop star, neighborhood block star\nChi-Town go-gettin' pimps, we mobsters\nGingerbread Man even said, \"You're a monster!\"\nYeah, that's how I feel\nTo be down, you must appeal\nTo the crew, we're rated R\nO.C., OG, Bobby Johnson son\nAsk me, \"Ray Ray, is that yo' car?\"\nI seen MTV, I know who you are\nYou did Takeover, do you got beef with Nas?\nI did take over the game, brought back the soul\nGot tracks to go, got plaques that's gold\nPlatinum to go, yeah that's the flow\nAll I, know, I gots to blow\nAnd I don't play pause I'm from Chicago\n\n[Chorus: Jay-Z]\nPoint out the bounce, and show you how to get this dough in\nLarge amounts 'til it's hard to count\nPoint out the bounce, I turn a 8 to an ounce\nTo a whole ki to the R.O.C\nPoint out the bounce, Timbo the king nigga\nUhh, yeah, uhh\nPoint out the bounce, jeah, Young Hov' the king nigga\n\n[Outro]\nPoint out the bounce\nPoint out the bounce\nPoint out the bounce\nPoint out the bounce\nPoint out the bounce", "image": "https://images.genius.com/bbaaa25ac55d3bc2008448e1647d3b54.720x631x1.jpg"}], "artist": "JAY-Z"}