{"songs": [{"title": "Stranded (Haiti Mon Amour)", "album": "Hope for Haiti Now", "year": "2010-01-22", "lyrics": "[Hook x2: Jay-Z]\nWhen the sky falls and the earth quakes\nWe gon' put this back together\nWe won\u2019t break\n\n[Verse 1: Jay-Z]\nSak Pase, my Port-Au-Princes\nMy Haitian Gods and all of my Princesses\nOur condolences as you fightin' against this\nWe\u2019re right by your side while we tryin' to make sense of this\nHeavenly father help us see through these problems\nAnd for those that's left, accept them into your garden\nSo here\u2019s my theory, the country\u2019s already starvin'\nSo we sacrificed many to shed light on all of them\nGod please pardon, I speak from the heart\nIt's the only way I see this tragedy befall on them\nSo let's get involved with them, hand to hand with them\nArm to arm with them 'til they get strong again\nWhen the sky falls\u2026\n\n[Bridge: Rihanna and Bono]\nCan\u2019t wait until tomorrow\nHaiti a Mi Amor\nHaiti, Mon Amour\nNot gonna leave you stranded, alone, alone\nOh no\n\n[Hook]\n\n[Verse 2: Jay-Z]\nLearn from the past, New Orleans was flooded\nSo we know we just can\u2019t rely on the government\nWe under the rubble again, here we go rumbling when\nWhen we gon' catch a break, my friend lost his mother, and then\nAnd then, Carline lost her uncles and them\nBuried with no caskets, they just put covers on them\nAnd the tears fall, and we fight back\nStory ain\u2019t done, it can\u2019t end like that\nNah, not like this, tomorrow\u2019s survivors gonna carry on your name\nYou live on inside us, your memory\u2019s alive with us\nYou inspired us, to rebuild this country, you just guide us\n\n[Hook]\n\n[Verse 3: Bono]\nIt\u2019s not the angels that are on their way\nIts not the bells of Santa Trinita\nThe people waiting in positions vacant\nFor hands to help not just to pray\n\n[Hook]\n\n[French singing]\nHa\u00efti va s\u2019\u00e9lever\nTu vas te relever\nNous nous \u00e9l\u00e9verons\nEnsemble ensemble ensemble\n(Not gonna leave you stranded\u2026)\n\n[Outro: Jay-Z]\nWe gon' put this back together we won't break\nWe gon' put this back together we won't break\nWe gon' put this back together we won't break\nWe gon' put this back together we won't break", "image": "https://images.genius.com/99cbaa5f52529f800f61a8dd5fc7c11b.1000x1000x1.jpg"}], "artist": "JAY-Z"}