{"songs": [{"title": "Dead Presidents", "album": null, "year": "1996-02-20", "lyrics": "[Produced by Ski Beatz]\n\n[Chorus: Nas Sample]\nPresidents to represent me (Get money!)\nI'm out for presidents to represent me (Get money!)\nI'm out for presidents to represent me (Get money!)\nI'm out for dead fuckin presidents to represent me (Whose...)\n\n[Intro]\nRock.. on, Roc-A-Fella y'all\n\n[Verse 1]\nWhile others spit that Wonderama shit\nMe and my conglomerate\nShall remain anonymous, caught up in the finest shit\nLive out my dreams until my heart give out\nInvolved with cream, you know exactly what this shit's about\nFuck y'all mean? Handlin' since a teen, I dish out\nLike the point guard off your favorite team, without doubt\nMy life ain't rosy but I roll with it\nMy mind was fine 'til the dough hit it\nAnd told me that the Mo' did it\nAnd now it's kosher, shit is so Hasidic\nI blow a digit on a diamond in a minute but, no bitches\nWatch how I'm walkin'\n'Cause even the thoroughest niggas be NARC'in\nTryin' to strike a bargain, hopin' that they might get pardoned\nShit I'm involved with got me pins and needles\nAnd my cerebral breeds the wickedest evil\nThoughts that this sport'll feed you\nPeep facts, in the game so deep fiends could catch a\nFreeze off my kneecap, can y'all believe that?\nGot the city drinkin' Cristals, re-up the fee\nRappers goin' broke tryin' to keep up with me\nMy rise to riches surprised the bitches: think harder\nYou know this nigga: Jay-Z, Shawn Carter\nG.S. the fuck up, dree-ess the fuck up\nWatch me shine like a Breitling, Breguets the fuck up\nAll rhymers forget it like Alzheimer's\nSmall timers, I said it, I'm addressin' all drama\nTalk to me!\n\n[Chorus: Nas sample]\nI'm out for presidents to represent me (Get money!)\nI'm out for presidents to represent me (Get money!)\nI'm out for presidents to represent me (Get money!)\nI'm out for dead fuckin presidents to represent me (Whose...)\nI'm out for presidents to represent me (Get money!)\nI'm out for presidents to represent me (Get money!)\nI'm out for presidents to represent me (Get money!)\nI'm out for dead fuckin presidents to represent me (Whose...)\n\n[Verse 2]\nSo sick of niggas\n\"I want money like Cosby\" \u2013 who wouldn't?\nThis the kinda talk\nThat make me think you probably ain't got no puddin'\nNiggas got them kinda dreams from jail\nYou in the streets, nigga, make your moves, get your mail\nNiggas'll coast in the SL but can't post bail\nNiggas'll, roast a L but, scared to throw your toast, well\nI'm here to tell niggas it ain't all swell\nThere's heaven, then there's hell, niggas\nOne day you're cruisin' in your 7\nNext day you're sweatin', forgettin' your lies\nAlibis ain't matchin' up, bullshit catchin' up\nHit with the RICO, they repo your veh-i-cle\nEverything was all good just a week ago\n'Bout to start bitchin', ain't you?\nReady to start snitchin', ain't you?\nI'll forgive your weak-ass: hustlin' just ain't you\nAside from the fast cars, honies that shake they ass at bars\nYou know you wouldn't be involved\nWith the underworld dealers, carriers of MAC-millers\nEast Coast bodiers, West Coast cap-peelers\nLittle monkey niggas turn gorillas\nStopped in the station, filled up on octane\nAnd now they not sane and not playin', that goes without sayin'\nSlayin' day in and day out\nWhen money play in, then they play you out\nTryin' to escape my own mind, lurkin' the enemy\nRepresentin' infinity with presidencies, you know?\n\n[Bridge: Nas sample]\nDead fuckin presidents to represent me (Whose...)\nDead fuckin presidents to represent me (Whose...)\nDead fuckin presidents to represent me (Whose...)\nDead fuckin presidents to represent me (Whose...)\n\n[Chorus: Nas sample]\nI'm out for presidents to represent me (Get money!)\nI'm out for presidents to represent me (Get money!)\nI'm out for presidents to represent me (Get money!)\nI'm out for presidents to represent me (Get Money!)\nI'm out for presidents to represent me (Get money!)\nI'm out for presidents to represent me (Get money!)\nI'm out for presidents to represent me (Get money!)\nI'm out for dead fuckin presidents to represent me (Whose...)", "image": "https://images.genius.com/a8a5047f56f9aed616e9d677083deaed.600x600x1.png"}], "artist": "JAY-Z"}