{"songs": [{"title": "Mo' Money", "album": "Unfinished Business", "year": "2004-10-26", "lyrics": "[Jay-Z]\nThat nigga let his fuckin flow go\nNiggas tryin to switch up the flows on niggas\nHit niggas, slip niggas with a micky\nDrop that joint\n\nYeah yeah (it's the remix y'all)\nLike a muh'fucker (oh yeah)\nWhassup my nigga (and still hot up in that boy, ain't it man)\n(Yo Jay, Kel, fin' ta set it off for y'all)\nC'mon\n\n[R. Kelly]\nIt's, the, remix\nTrackMaster remix y'all, Kels and Jigga\nBig chips with Twista y'all, get this money\n\n[Twista]\nI, heard the ballers when I pulled up to the club\nCause I'm rollin up on fo' flickers\nPeanut-butter interior, black body\nAnd in case you didn't know, I be the Twista\nHundred bombs in my pockets, put your ones up\nI hear some niggas lookin at me for the come up\nTry to creep creep, I pull a gun up\nI put a hole in the first nigga that run up\nThe ballers be Jay, R, and T\nSpit it cold cause the music is a part of me\nCan't nobody spit it fast as me\nGot an academy of haters comin after me\nI know I got what you want, I know I got what you need\nCome and mob to the top before you get, this, money\n\nPull up on the block in the alien gray Bentley\nFull of sport modes, you never could hang with me\nJust to get in early, I paid a extra 50\nGettin that money my nigga\nOh-five Chrysler, trees for the blunts\nThree hoes in the back, two fiends in the front\nTwenty-two inch shoes, CV's in the trunk\nGettin that money my nigga\nMakin dough off a style I be the best in\nGlad to be down with these two livin legends\nNow let me see which league I'mma invest in\nGettin that money my nigga\nRollin this cheer, put the niggas in fear\nMakin bitches shed tears, take a look at my career\nNow the shit's swell; when I get up to 70 in the Coupe\nPeep the wing when I hop out the tail - tell 'em Kel\n\n[Hook: R. Kelly]\nWe off up in the club, we got our hands up\nDrinks in the club because we gettin that money my nigga\nWe rollin 24's, open them Bentley do's\nGot plenty hoes because we gettin that money my nigga\n\n[R. Kelly]\nPull up to the club, chicks in the back\nSome smokin on weed, some sippin Co-gnac\nInto the club, whole crew to the back\nSuper the stars make it sharp as a tack\nGotta have my forty-five inch in it\nIn the house, from the gate, twenty minutes\nGame over and I'm still not finished\nI play haters like V play tennis\nLivin like a motherfuckin Richie Rich nigga\nGot a butler for my Maybach nigga\nWhite linen, smokin ci-gar\nLyrics like bullets, tongue like a trigger\nFeelin on your booty\nTryin to get one of these nice ladies\nTo come up to my room and do, me\nHave her man like who's, he\nWas a pimp at birth, first ho was a nurse\nAnd I'mma be a pimp 'til I'm stretches in a hearse\nSometimes showbiz is the worst\nI'm blessed with \"The Gift & The Curse,\" whoa\nShoot ball, now I'm off to the spa\nFresh and clean, now I'm off in the car\nGot a date with a superstar\nWe take lunch, now twelve o'clock\nHit the mall bout two o'clock\nIn the movies bout five o'clock\nSeven o'clock 'til nine o'clock\nWe in my crib, my bed, goin non-stop\nThis for my project niggas, widebody Mo' sippers\nPimps hustlers herb flippers, get, this, money\n\n[Hook]\n\n[Jay-Z]\nGettin this money switchin my whips and my kicks\nLike I'm just addicted to difference you pick what you want from me\nTo be a, lame with visions of riches, enter my brain\nLike I picture myself in deep dishes, just switchin lanes\nIt's just insane, is it? I'm from the district where niggas\nEither in prison or pay visits like in-laws\nSo we fend for ourself, and the wealth is in raw\nWe can't help but been lost, what else gon' make that engine roar?\nLay back in 745, big boy cars, that's all we drive\nInto the club we get all the eyes when you gettin that money my nigga\n\n[Hook]\n\n[R. Kelly]\nTrackMaster remix y'all, Kels and Jigga\nBig chips with Twista y'all, get this money\n\n[Ad libs to fade]", "image": "https://images.genius.com/6acee75ce6f754ed085bf56c8057fd13.492x500x1.jpg"}], "artist": "JAY-Z"}