{"songs": [{"title": "Intro (American Gangster)", "album": "American Gangster", "year": "2007-11-06", "lyrics": "[Denzel Washington from American Gangster]\n\"Man I worked for one of the biggest companies in New York City\nHe didn't own his own company\nWhite man owned it, so they owned him\nNobody owns me though.\"\n\n[Idris Elba (Angel Wood)]\n(Your gangster is not defined)\nYour gangster is not defined by how low your jeans fall by your waist, but more how your genes stand up to their expectations\n\"Never forgetting where we came from.\"\n(Your gangster, your gangster)\nYour gangster is not defined by how many rocks are in your watch\nBut rather how many rocks you move while owning watch\n(Gangsters, hustlers, republicans, democrats, pimps and hoes)\nConservatives, labor\nThe seller, the buyer, the product, the producer\n\"See you are what you are in this world.\"\nThe gangster is absorbed and adored by those that don't understand the laws that govern the gangsterment\n(Gangsterment, gangsterment)\nGangsterment allows you to make up your own laws\nAnd create brand new words, gangster mentality\n(Gangster mentality, an American way created by the white\nMastered by the black, and absorbed by the fiends\nTaxed by the governmentality, governmentality (governmentality)\nCharted by Forbes, if you believe in Jay-Z\nThen you too can be a gangster) then you too can be a gangster\nBy any means necessary, by owning that dream\nI mean it's a long walk to freedom\nBut, while deep, deep, deep inside the bush\n(The war on terror screams, damn it feels good)\nDamn it feels good to be a gangster, haha\n(To be a gangster, swagger is not a must, it's a liability\nA clich\u00e9, a bad suit, cut the bullshit\nYou know if it wasn't for this, there would be no that)\nWhich we call, the American Gangster", "image": "https://images.genius.com/778c1892b8a2f5aee554c4c797ca8915.1000x1000x1.jpg"}], "artist": "JAY-Z"}