{"songs": [{"title": "Venus vs. Mars", "album": "The Blueprint 3", "year": "2009-09-08", "lyrics": "[Verse 1: Jay-Z]\nIf Hov's a Blackberry Bold, shorty is a Sidekick\nShe used to have a man, I used to have a side chick\nShorty got wind, I had to blow the chick off\nShe got rid of him, they both took the shit hard\nShorty played the piano, me I played with white keys\nShorty from the South, oh I think she like me\nShorty like Pac, me, Big Poppa\nShe screaming Hit 'Em Up, I'm screaming Who Shot Ya?\nI'm on that red wine, shorty like white\nSame shit, different toilet, we both getting nice\nMe I'm from the Apple, which means I'm a Mac\nShe's a PC, she lives in my lap\n\n[Chorus: Jay-Z & Beyonc\u00e9]\nShorty get it in, but daddy go hard\nShorty get it in, da-da-daddy go hard\nShorty get it in, but daddy go hard\nShorty get it in, da-da-daddy go hard\nShorty get it in, but daddy go hard\nShorty get it in, da-da-daddy go hard\nShorty get it in, but daddy go hard\nShorty get it in, Venus versus Mars\n\n[Verse 2: Jay-Z]\nWhether black or white, we both like Mike\nWe both like Jordans, we both Phil's Knight\nI finish my breakfast, shorty's out to lunch\nYeah we both eating, it's better than brunch\nShorty like Pepsi, me I'm the coke man\nBody like a Coke bottle, I crush it like a Coke can\nStarted at the window, end up at the wall\nThe Yin to my Yang, I skeet skeet off\nIn a salt and pepper 'Bach, shorty like to front\nThe Bonnie to my Clyde, both riding shotgun\nBoth covered in gold like C3P0\nJames and Florida Evans, let the good times roll\n\n[Chorus: Jay-Z & Beyonc\u00e9]\nShorty get it in, but daddy go hard\nShorty get it in, da-da-daddy go hard\nShorty get it in, but daddy go hard\nShorty get it in, da-da-daddy go hard\nShorty get it in, but daddy go hard\nShorty get it in, da-da-daddy go hard\nShorty get it in, but daddy go hard\nShorty get it in, Venus versus Mars\n\n[Verse 3: Jay-Z]\nThought shorty was the truth, found out she was a cheater\nWe were supposed to Takeover, I caught her bumping Ether\nI thought shorty liked Mike, found out she liked Prince\nThought she was Adrian, it's been rocky ever since\nMy dollars was down, she left me for some Euros\nTook my whole flavor, I call her Coke Zero\nWe were co-MVP's like Kobe and Shaq\nLeft me for the Heat, we were winning back to back\nSaid I party too much, shorty got fed up\nShorty got Britney, shaved her whole head up\nWe used to make out, kissing each other's face off\nFell for the Ponzi scheme, damn shorty just made off\n\n[Chorus: Jay-Z & Beyonc\u00e9]\nShorty get it in, but daddy go hard\nShorty get it in, da-da-daddy go hard\nShorty get it in, but daddy go hard\nShorty get it in, da-da-daddy go hard\nShorty get it in, but daddy go hard\nShorty get it in, da-da-daddy go hard\nShorty get it in, but daddy go hard\nShorty get it in, Venus versus Mars", "image": "https://images.genius.com/ff10a6a0a94d002a374623bb49818293.1000x1000x1.jpg"}], "artist": "JAY-Z"}