{"songs": [{"title": "Hova Interlude", "album": "Vol.\u00a03\u2026 Life and Times of S.\u00a0Carter", "year": "1999-12-28", "lyrics": "[Verse]\nWell, I'm the ghetto's answer to Trump\nI'm cancer to the Hamptons\n20 million a wop, ransackin' mansions\nIncrease the noise pollution, as soon as I land in\nDon't even trust uppity white folks\nKeep the cannon tuck\nNiggas tryin' to lean on Jay, shots gon' stand you up\nGlocks gon' pop, y'all not understandin' much\nI hustle for the duckets\nWell, now I hustle for the rush, like fuck it baby\nI just love it\nChicks now say they like the way I thug it\nSince my album dropped, my stock grows like I went public\nLadies I love y'all\nBut I love my freedom more\nI love my niggas, love to see them ball\nI love Beans and Bleek\nThem niggas like my Peter and Paul\nMy disciples, and that's right we comin' for the title...\nDo you believe? It's Hova the God", "image": "https://images.genius.com/16c23bf8d7a8a73a71d30d2ec47600b1.1000x1000x1.jpg"}], "artist": "JAY-Z"}