{"songs": [{"title": "Nigga Please", "album": "The Blueprint 2: The Gift & The Curse", "year": "2002-11-12", "lyrics": "[Intro: Pharrell (Jay Z)]\nWhat, uh, c'mon.. uh\nKeep the change, my nigga, it's too late\n(Uh, uh, Young, Neptunes)\nIt's too late for that\n(Young Chris)\nDon't gotta to spit that game\nKeep the change, my nigga, it's too late for that\n(ROC in the building)\nKeep the change, my nigga, it's too late for that\n(Uh, pimp stroll, pop my collar, hug the block, get dollars)\nKeep the change, my nigga, it's too late for that\n(Pimp stroll, pop my collar, hug my nuts, bitch holla)\n\n[Chorus: Pharrell (Jay-Z)]\nMy nigga, please - you ain't signin' no checks like these\nMy nigga, please - you pushin' no wheels like these\nMy nigga, please - you ain't holdin' no TECs like these\nMy nigga, please - you don't pop open vests like these\n(My nigga please, uh-huh, uh)\n(This my world, pimp stroll, let's do this)\n\n[Verse 1: Jay-Z]\nNigga please, you ain't start out from your trunk\nThen reach the roof, just to put your roof in your trunk\nNigga please, chumps don't tour like us\nYou on the road a million hours, I fly over your bus\nNigga please, you ain't got your neck all froze\nWith the same logo that you got sketched on your clothes\nNigga please, you don't be getting no hoes\nWith La Perla on they cheeks, can't be messin with cheap chicks\nNigga please, you seldom seen with chicks in 7 jeans\nManolo Blahnik, I'm goin through they body like an ultrasonic\nYou ain't got 'em blowin no chronic\nDivine intervention, y'all can't prevent me from shinin\nNigga please, I been around the world\nI damn near beat Jordan in around-the-world\nNigga please, you can't even hold my shoes\nI got wannabes who wanna be me that sound better than you\n\n[Chorus: Pharrell (Jay-Z)]\nMy nigga, please - you ain't signin' no checks like these\nMy nigga, please - you pushin' no wheels like these\nMy nigga, please - you ain't holdin' no TECs like these\nMy nigga, please - you don't pop open vests like these\n\n[Verse 2: Jay-Z]\nAhhh! Pimp strollin' on 'em\nBlack diamonds, rose goldin' on 'em, paper foldin on 'em\nSnuck pass the dog noses with the Folger's on 'em\nKeys, Saran Wrap with petroleum on 'em\nSnitch got pinched but he told it on him\nLawyers got it adjourned, 'til I squeeze 'em on him\nThere's no witnesses, it's no holdin on him\nJust George Jefferson strollin' on 'em, uhh\nNigga please, this is me, this is real as it be\nMy, videos is like Real TV\nThat chick, that's me, that 6, that's me\nThat boat, I had it on the Mediterranean sea\nNigga please\n\n[Chorus: Pharrell (Jay-Z)]\nMy nigga, please - you ain't signin' no checks like these\nMy nigga, please - you pushin' no wheels like these\nMy nigga, please - you ain't holdin' no TECs like these\nMy nigga, please - you don't pop open vests like these\n\n[Verse 3: Young Chris]\nYo, yo\nNigga please, y'all ain't seein no checks like these (no)\nY'all don't run up in record labels demandin respect like we\nY'all don't rock your Roc-A-Wear Nike checks like we\nY'all coach class, y'all never private jet like we\nMy nigga please, y'all don't smoke the sour diesel like us\nYou don't go to Pop and get ya flour cheaper than us\nKnock it off in three hours and repeat it like us\nAnd repeat it we must, y'all don't re-up like us\nAy, y'all ain't bein like us, 'cause y'all don't see it like us\nThey move the D's when they rush\nMy nigga please, they must be on E's and dust\nThem niggas F'in with pills, y'all don't get G's like us\nMy nigga please, y'all young'ns ain't got O.G.s like me\nB. Sig, Young Hov', Dame Dash, Kareem\nNigga please, somebody must've gassed your team\nThink a nigga outrun or outlast gangrene (GangGreen)\nMy nigga please\n\n[Chorus: Pharrell (Jay-Z)]\nMy nigga, please - you ain't signin' no checks like these\nMy nigga, please - you pushin' no wheels like these\nMy nigga, please - you ain't holdin' no TECs like these\nMy nigga, please - you don't pop open vests like these\n\n[Pharrell]\nAmazin man, got your Elvis soul\nI made my money! I don't trouble the law\nI keep the womens around\nI drive the gremlins crazy\nYou wanna know the time?\nBetter have your shades, see\nMy nigga please\n\n[Chorus: Pharrell (Jay-Z)]\nMy nigga, please - you ain't signin' no checks like these\nMy nigga, please - you pushin' no wheels like these\nMy nigga, please - you ain't holdin' no TECs like these\nMy nigga, please - you don't pop open vests like these", "image": "https://images.genius.com/bbaaa25ac55d3bc2008448e1647d3b54.720x631x1.jpg"}], "artist": "JAY-Z"}