{"songs": [{"title": "On To The Next One [Jay-Z + Swizz Beatz]", "album": null, "year": null, "lyrics": "{\"On to the next one, on to the next one\" - *repeat in background*}\n\n(Intro: Swizz Beatz) + (Jay-Z)\nI got a million ways to get it (uh-huh, geah)\n... Choose one (choose one, hey)\nAy, bring it back, bring it back (uh-huh)\nNow double your money and make a stack\nI'm on to the next one, on to the next one\nI'm on to the next one, on to the next one\nI'm on to the next one, on to the next one\nI'm on to the next one, on to the next one\n(Hold up) Freeze! Ay!\nSomebody bring me back the money please, hey\n\n(Jay-Z)\nHov' on that new shit, niggas like \"How come?\"\nNiggas want my old shit, buy my old album\nNiggas stuck on stupid, I gotta keep it movin\nNiggas make the same shit, me I make +The Blueprint+\nCame in the Range, hopped out that Lexus\nEvery year since, I been on that next shit\nTraded in the gold for the platinum Rolexes\nNow a nigga wrist match the status of my records\nUsed to rock a throwback, ballin on the corner\nNow I rock a teller suit, lookin like a owner\nNo I'm not a Jonas, Brother I'm a grown-up\nNo I'm not a virgin, I use my cojones\nI move onward, the only direction\nCan't be scared to fail, searchin perfection\nGotta keep it fresh girl, even when we sexin\nBut don't be mad at him when he's on to the next one\n\n(Chorus: Swizz Beatz)\nFreeze! Ay!\nSomebody bring me back the money please, hey\nI got a million ways to get it\n... Choose one\nAy, bring it back, bring it back\nNow double your money and make a stack\nI'm on to the next one, on to the next one\nI'm on to the next one, on to the next one\nI'm on to the next one, on to the next one\nI'm on to the next one, on to the next one\n(Hold up) Freeze! Ay!\nSomebody bring me back the money please, hey\n\n(Jay-Z)\nFuck a throwback jersey cause we on to the next one\nAnd fuck that Auto-Tune cause we *onnnnn*\nAnd niggas don't be mad cause it's all about progression\nLoiterers should be arrested\nI used to drink Cristal, the muh'fucker's racist\nSo I switched gold bottles on to that Spade shit\nYou gon' have another drink or you just gon' baby-sit\nOn to the next one, somebody call the waitress\nBaby I'm a boss, I don't know what they do\nI don't get dropped, I drop the label\nWorld can't hold me, too much ambition\nAlways knew it'd be like this when I was in the kitchen\nNiggas in the same spot, me I'm dodgin raindrops\nMeanin I'm on vaca', chillin on a big yacht\nYeah I got on flip-flops, white Louie boat shoes\nY'all should grow the fuck up, c'mere let me coach you\nHold up\n\n(Chorus)\n(Jay-Z)\nUhh, +Big Pimpin'+ in the house now\nBought the land, tore the muh'fuckin house down\nBought the car, tore the muh'fuckin roof off\nRide clean, I don't ever take the shoes off\nBought the jeep, tore the muh'fuckin doors off\nFoot out that bitch, ride the shit like a skateboard\nNavigation on, tryin to find my next thrill\nFeelin myself, I don't even need an X pill\nCan't chill but my neck will\nHaters really gon' be mad off my next deal\nUhh, I don't know why they worry 'bout my pockets\nMeanwhile I had Oprah chillin in the projects\nHad her out in Bed-Stuy, chillin on the steps\nDrinkin quarter waters, I gotta be the best\nM.J. at Summer Jam, Obama on the text\nY'all should be afraid of what I'm gon' do next\nHold up\n\n(Chorus)\nEdited by Dean Jones", "image": "https://images.genius.com/bf0f68ee56f29c8542ad805c6419682b.676x676x1.jpg"}], "artist": "JAY-Z"}