{"songs": [{"title": "Pretty Girls", "album": "Unfinished Business", "year": "2004-10-26", "lyrics": "Uhh, y'all know what this is\nNow would be a good time to start bobbin your heads\nKels, and it, and it, uhh\n\n[R. Kelly]\nExcuse me miss, don't mean to interrupt\nBut you're the hottest chick in this club\nThe way you shake your ass to this beat\nIt's like your booty got dancin feet\nI wanna take you home, in my Hummer Jeep\nAll over me while you ridin the beep beep\nI just really wanna taste your ice cream\nIt's the weekend baby I got the {?}\nGo on girl, the way you do me\nThis is somethin like a fantasy\nYou're that girl from the magazine\nBET, or, MTV\nSo baby let me take you to my ecstasy\nPull up to the club on them 23's\nGirl you've got that shit in your hip\nThat make me wanna spend, money\n\n[Hook: R. Kelly]\nPretty girls (where you at)\nI'm talkin to the ones, that came alone\nPretty girls (put your hands up)\nThe single ones, we wanna take you home - c'mon\nPretty girls... (you make me wanna shout)\nLet's, go!\n\n[Jay-Z]\nWhether you tall like Lisa Leslie\nOr short like the barrel on that baby 380\nPretty lady, I got a ride to fit yo' frame\nFrom the Coupe to the big Mercedes\n{?}, these groundhogs stay with the cash\nAnd the black card don't got no max\nFall, back, blow on some Merikesh hash\nWith more Manolos than Sarah Jess' had\nHow you gon' go back to dudes with little sacks\nLittle kiddie chromes in they itty bitty homes\nFuckin up your lungs, puffin that homegrown\nYou should be with us, cuttin in Hong Kong\nStraight shots of Catron or Dom Perignon\nGuys your girls say Shawn very long\nSo if you ain't afraid of catchin a love jones\nGet with Coach Dean Smith, bitch get in the zone, c'mon\n\n[Hook]\n\n[R. Kelly]\nTell me what you're drinkin at the bar ma\nI'm gonna buy ma, anybody tell you youse a star ma\nYou remind me of my car ma, no ignition\nI start the Coupe up from the kitchen\nMy pretty girls get plenty attention\nWhen it come to sex get plenty of inches\nWe shop, like we all broke detention\nClub like we at a alcoholic's convention\nHit the 'tel with two chicks and she with it\nMama got down like the flo' when she did it\nPretty girls, keep shakin ass now mama\nThis party is not over\n\n[Hook]\n\n[R. Kelly]\nWhat's your name, what city you represent ma\nWhere the hands on all the pretty girls ma\nFor the players and the hustlers in the club now\nAnd all my niggas that be sippin pimp juice now\n\n[Hook]", "image": "https://images.genius.com/6acee75ce6f754ed085bf56c8057fd13.492x500x1.jpg"}], "artist": "JAY-Z"}