{"songs": [{"title": "Warm It Up", "album": "S. Carter The Re-Mix", "year": "2004-05-28", "lyrics": "[Verse]\nCome, get some, ya little bum\nI take the cake from under the baker's thumb\nI bake the cake, get two of them from one\nThen I move the weight like I'm Oprah's son\nUh, I show you how to do this son\nYou need another helping hand to swing on\nI stand alone but still you got a thing on\nYou're Kobe, you're Shaq, Cagney and Lacey\nThey still can't bake like me\nAnd if I may make this one thing here\nCrystal clear, I push crystal yeah\nPush fishscale, quicker than Qadry Ismail\nRe-up, three much, break digital scale\nY'all should wish me well like the wishing well\n'Cause if this fail...\nThen it's back to pitchin' like David Wells\nTo make this smell, Jay get knocked\nNigga, Jay get bail\nLove pick me up in a grey S.L, the great excel\nRap or raw, I'm walkin' a fine line\nNow who been gettin' dough since '89?", "image": "https://images.genius.com/02a0f82510886fabd5df0b12741b4b58.360x360x1.jpg"}], "artist": "JAY-Z"}