{"songs": [{"title": "Can't Knock the Hustle (Remix)", "album": null, "year": null, "lyrics": "[Intro]\n\n[Verse 1: Jay-Z]\nWe about to change this game here\nCheck my pockets ain't nothing but game there\nI remain without fear\nKeep the lames clear, and the cats that's all about scrap remain here\nOn top of this Metropolis\nMy name is like a square\nDropped off every tier\nNow y'all can swear to Jay\nHeard it the other day\nThrough the mystery, we get it swiftly\nWe got to hit you every night before we hit the lights it's type addictive\nNeed cash to live with, the beat goes on\nEveryday is a hustle, the heat grows on\nFunny thing happen, in the midst of chasing money and foes\nAnd the worst thing worst than getting old is not getting old\nNiggas stay low, like six-fours of shit and gold\nAnd watch the hoes with form fitting clothes\nAnd I hope they shine\nSeen a lot of things and enough memories to last me two lifetimes\nCan't knock the hustle\n\n[Hook]\nI'm taking out this time\nTo give you a piece of my mind\nWho do you think you are\nBaby one day you'll be a star\n\n[Verse 2: Jay-Z]\nCheck this\nIn a mans world need a girl to tough something\nPull an 80 out her Anne Klein purse and bust something\nIf you skating through the night to the light, then trust something\nWhen I get home\nThen it's on\nGirl just crack those shaped legs like Grade A eggs\nLove the way you behave and beg\nMoan, turn those hollers to screams as we zone like a college team\nThen they can hear you from Hollis, Queens (226)\nLife with me, consists of a lot of things\nChicks in your ear hit the dirt cause you got hotter things\nBut you know how to scream, friends talking dizziness\nRemind them freak chicks to stay out my business\nYou know they can't love it, trips to LA with no luggage\nCame back with six bags struggling\nIn first class if my ass should crash, champagne spilled on me\nBank still off on me\n\n[Hook - Meli'sa Morgan]\nBut until the last day, I'm the one who's crazy\nCause that's the way you making me feel (can't knock the hustle)\nI don't want no romance, I just want the chance\nCan't knock the hustle for real\n\n[Verse 3: Jay-Z]\nEver since you retired, working alongside of live wires\nIn this rap biz with fake nigs, you know liars\nI guess I'm biased, what I talk about I live\nThese rap dudes can flip, but some of them ain't even rapping for chips\nWhat part of the game is this?\nSeems brainless, on tours like whores guess what I'm saying I meant\nCats that go all out for their gold plaques\nStarted with four jacks, ended up with Gold Ac's\nBet your lungs collapse if my funds get trapped\nOn the weight of me through you, screw you\nGun blew you, out of one then two shoes\nRun through you like UH, EXCUSE YOU!\nBut that's my cash, I understand you hustle\nThat's my cash, you don't understand\nLet my dough pass, you can show it love\nLike a rap star in front of the club\nBut don't knock the hustle\n\n[Hook]", "image": "https://images.genius.com/bf0f68ee56f29c8542ad805c6419682b.676x676x1.jpg"}], "artist": "JAY-Z"}