{"songs": [{"title": "Truly", "album": null, "year": "1977-01-01", "lyrics": "[Chorus]\nTruly\nI want you truly\nTruly\nI want you truly\n\n[Verse 1]\nAnd it would mean so much to me\nIf you could understand\nThat I need You\nJust to be my lover girl\n\n[Chorus\nReally\nI want you near me\nReally\nIf you could hear me\n\n[Verse 2]\nCause you don\u2019t my love baby\nYou\u2019ve got to change your plan\nCause I need you\nJust to be my lover girl\n\n[Chorus]\nTruly\nI love you truly\nTruly\nI love you truly\n\nYeah now now\nOh yeah yeah\n\n[Chorus]\nReally\nI want you near me\nReally\nIf you could hear me\n\n[Verse 2 Repeat]\nCause you don\u2019t my love baby\nYou\u2019ve got to change your plan\nCause I need you\nJust to be my lover girl\nI said its\n\n[Chorus]\nTruly\nI love you truly\nTruly\nI love you truly\n\nYeah yeah\nHmmmm\nCrying every everyday", "image": "https://images.genius.com/bf0f68ee56f29c8542ad805c6419682b.676x676x1.jpg"}], "artist": "JAY-Z"}