{"songs": [{"title": "'03 Bonnie & Clyde", "album": "The Blueprint 2: The Gift & The Curse", "year": "2002-10-10", "lyrics": "[Intro: Jay Z]\nUhh, uhh, uhh\nYou ready, B?\nLet's go get 'em\n\n[Verse 1: Jay Z]\nLook for me!\nYoung, B, cruisin' down the Westside Highway\nDoin' what we like to do, our way\nEyes behind shades\nThis necklace the reason all of my dates been blind dates\nBut today I got my thoroughest girl with me\nI'm mashin' the gas, she's grabbin' the wheel, it's trippy\nHow hard she rides with me, the new Bobby and Whitney\nOnly time we don't speak is during Sex and the City\nShe gets Carrie fever, but soon as the show's over\nShe's right back to being my soldier\n\u2018Cause mami's a rider and I'm a roller\nPut us together, how they gon' stop both us?\nWhatever she lacks I'm right over her shoulder\nWhen I'm off track, mami is keepin' me focused\nSo let's lock this down like it's supposed to be\nThe '03 Bonnie and Clyde: Hov' and B\n\n[Hook: Jay Z and Beyonc\u00e9]\nAll I need in this life of sin is me and my girlfriend (me and my girlfriend)\nDown to ride 'til the very end, is me and my boyfriend (me and my boyfriend)\nAll I need in this life of sin is me and my girlfriend (me and my girlfriend)\nDown to ride 'til the very end, is me and my boyfriend (me and my boyfriend)\n\n[Verse 2: Jay Z]\nThe problem is, you dudes treat the one that you lovin'\nWith the same respect that you treat the one that you humpin'\nThat ain't 'bout nothin'\nIf ever you mad about somethin'\nIt won't be that, oh no, it won't be that\nI don't be at places where we comfy at\nWith no be-atch, oh no, you won't see that\nAnd no, I ain't perfect\nNobody walkin' this earth's surface is\nBut girlfriend, work with the kid\nI keep you workin' that Herm\u00e8s Birkin bag\nManolo Blahnik Timbs, Aviator lens\n600 drops, Mercedes Benz\nThe only time you wear Burberry to swim\nAnd I don't have to worry, only worry is him\nShe do anything necessary for him\nAnd I do anything necessary for her\nSo don't let the necessary occur, yep!\n\n[Hook: Jay Z and Beyonc\u00e9]\nAll I need in this life of sin is me and my girlfriend (me and my girlfriend)\nDown to ride 'til the very end, is me and my boyfriend (me and my boyfriend)\nAll I need in this life of sin is me and my girlfriend (me and my girlfriend)\nDown to ride 'til the very end, is me and my boyfriend (me and my boyfriend)\n\n[Verse 3: Beyonc\u00e9 (and Jay-Z)]\n(Talk to 'em, B!) If I was your girlfriend\nI'll be there for you, if somebody hurts you\nEven if that somebody was me (That\u2019s right!)\nYeah-hee (Break it down for 'em, B!)\nSometimes I trip on how happy we could be\nAnd so I put this on my life\nNobody or nothing will ever come between us\nAnd I promise I'll give my life\nMy love and my trust if you was my boyfriend (One more time!)\nPut this on my life\nThe air that I breathe in, all that I believe in\nI promise I'll give my life\nAnd all of my trust if you was my boyfriend\n\n[Hook: Jay Z and Beyonc\u00e9]\nAll I need in this life of sin is me and my girlfriend (me and my girlfriend)\nDown to ride 'til the very end, is me and my boyfriend (me and my boyfriend)\nAll I need in this life of sin is me and my girlfriend (me and my girlfriend)\nDown to ride 'til the very end, is me and my boyfriend (me and my boyfriend)", "image": "https://images.rapgenius.com/42b5e783482c7b247d51215e98ceb618.220x220x1.jpg"}], "artist": "JAY-Z"}