{"songs": [{"title": "Bring It On", "album": "Reasonable Doubt", "year": "1996-06-25", "lyrics": "[Skit]\nAye, Purse, rack 'em up, man\nWhat you bettin', Biggs?\nBet the same thing\nAy, yo, I got next, man\nYo, you got the money, man? You ass bettin' ass, nigga\nThe shit is right downstairs in the trunk\nDon't trip; we parked right behind each other, nigga\nI'ma get the shit before we go downstairs\nYeah, aight, what's up with that case, man?\nAw, man, it ain't nothin\nAin't nobody snitchin or nothin; you know our team is tight\nStill sittin on seven digits, unlike you, you broke ass nigga\nFuck outta here, this cat right here\nThis broke ass, ass bettin ass nigga\nBettin five thousand ain't got no money\nChili cheese face ass nigga (fuck outta here)\nSandy cake face ass nigga (fuck outta here)\n(Laughter)\n\n[Intro: Sauce Money]\nAyo, Jay, word up\nThese motherfuckers fucking talking\nThat comeback shit like they cooking crack\nShit, I ain't fronting\nAll I want my pockets green like slum change\nYou know what I'm saying?\nFront the roll we roll back like rubbers, motherfucker, for real\nWith no trace of AIDS\nWe keep our pockets fully blown\nRoc-A-Fella clique, nigga\n\n[Verse 1: Sauce Money]\nAyo, we patting down pussy from Sugar Hill to the Shark Bar\nFuck a bitch D in the marked car\nWe got the bad bitches gasping for air in Aspen\nSearching for Aspirin when I ascend, we swing\nYou cling we do our thing and bring\nSlinging your ding-a-ling from Bed-Stuy, Brooklyn to Beijing\nEast coast host is hostile colossal\nMoney flaring like nostrils for drug dealing apostles\nAl Pacino down to Nino Brown\nMe, Jay and Primo, got it sewed across the board like Poquino\nTeflon, make sure your jammy is full\n'Cause I heard, Sammy the Bull lamps in Miami with pull\nTropical leaves where I got a few keys\nWith my man I'll stock a few G's, now it's unstoppable cheese\nSaid we was garbage, so fuck college\nStreet knowledge amazing to scholars when we coin phrases for dollars\nStar studded bitches with crystals\nGet fucked with pistols, just to see my shit, discharge puss\nI drop the stellar, even acapella\nI got to tell all about Roc-A-Fella\n\n[Chorus: Fat Joe sample]\nYeah, bring it on if you think you can hang\nAnd if not then let me do my thing\nYeah, bring it on if you think you can hang\nAnd if not then let me do my thing\nYeah, bring it on if you think you can hang\nAnd if not then let me do my thing\nYeah, bring it on if you think you can hang\nAnd if not then let me do my thing\n\n[Verse 2: Jay-Z]\nMannerisms of a young Bobby DeNiro, spent Spanish wisdoms\nIn a whip with dinero, crime organized like the Pharoahe\nI cream, I diamond gleam\nHigh post like Hakeem, got a lot of things to drop\nBrooklyn to Queens, I gotta keep my steam\nNiggas wanna try to hem my long jeans\nUptown fiend for Jay-Z to appear on the scene\nIn the meanwhile, here's something dope for y'all to lean\nLiaison for days on end\nMoney make the world go around so I made some to spend\nCan I live, did dough with my nigs, dividends flow\nLike the Mississippi Riv', looking jig\nCan't do for dolo, had to turn away when Tony killed Manolo\nThat's real, mixed feelings like a mulatto\nThug thought he was O.G. Bobby Johnson\nI played him like Benny Blanco, mano a mano\nYou ain't ready, I fondle trigger straight up, shoot my guns horizontal, get your weight up, I am\nTwo point two pounds\nYou're barely a hundred and twenty five grams\nWouldn't expect y'all to understand this money\nDo the knowledge, due to few dollars, I'm due to demolish\nCrews Brooklyn through Hollis to a hood near you, what the fuck?\n\n[Chorus: Fat Joe]\nBring it on if you think you can hang\n\n[Verse 3: Big Jaz]\nMoney is power, I'm energetic with facial credit\nPure platinum fetish for cheddars\nSpread lettuce heroes get deadish\nI make moves that remove pebbles out of shoes\nYou suck pistol like pipe with the crystal\nJohn Stockton couldn't assist you\nConvoys of Benzes like we fouling in the U.N\nSo what the fuck you doing? Whatever, nigga\nFahrvergn\u00fcgen, rugged yet polished\nSpanking dollars with the commas\nBanging bitches out the Bahamas\nOn hides of llama we cry nada, fly farther\nFry hotter, you die gotta, fuck with me witness ma\u00f1ana\nAbsence of malice in my palace\nCall cousin now Dallas trigger finger with the callus\nTip scales from mail to keep these niggas off balance\nYour frequent stops to O.T.B. you feeding me\nSteam a nigga scheming on the wrist action with the gleams\nJewels for Pop Duke fulfill your dreams\nNever put the pure brown sugar before the dirty green cream\n\n[Chorus: Fat Joe sample]\nYeah, bring it on if you think you can hang\nAnd if not then let me do my thing\nYeah, bring it on if you think you can hang\nAnd if not then let me do my thing\nYeah, bring it on if you think you can hang\nAnd if not then let me do my thing\nYeah, bring it on if you think you can hang\nAnd if not then let me do my thing\nYeah, bring it on, bring it on, bring it on\nYeah, bring it on, bring it on, bring it on\nYeah, bring it on, bring it on, bring it on\nYeah, bring it on, bring it on, bring it on\nBring it on, if you think, if you think, if you think", "image": "https://images.genius.com/18040c4f503942a16d6577d9820644cb.1000x1000x1.jpg"}], "artist": "JAY-Z"}