{"songs": [{"title": "I Know", "album": "American Gangster", "year": "2007-11-06", "lyrics": "[Chorus: Pharrell (Jay-Z)]\n(HOV'!)\nAnd I know, and I know\nAnd I know, and I know\n(Uhh, I know what you like)\nAnd I know, and I know\nAnd I know, and I know\n(I know what you love)\nEverything you like\nEverything you love\n(Baby you like ....HOV'!)\nEverything you like\n(Baby you love ....HOV'!)\nEverything you love\n(Baby you love, hehehe, uhh)\nAnd I know, and I know\nAnd I know, and I know\nAnd I know, and I know\nAnd I know, and I know\n(Baby you like ....HOV'!)\nEverything you like\n(Baby you love ....HOV'!)\nEverything you love\n(Baby you love ....HOV'!)\nEverything you like\n(Baby you like ....HOV'!)\nEverything you love, DAMN!\n(Baby you love ....HOV'!)\n\n[Verse 1: Jay-Z]\nUhh\nShe wants that old thing back\nUh, uh, uh\nShe want those Heroin tracks\nShe likes me\nShe fiends for me nightly\nShe leans for me\nMorning, she rush for my touch\nThis is about lust\nCold sweats occur when I'm not with her\nMy presence is a must- must- must-\nBonita Applebum, I gotta put you on\nIf I didn't when we cutting, the feeling'll be too strong\nIn any form, I'm giving you sweet dreams\nThat Sugar Hill, she call me her sweet thing\nThat Black Rain will take away your pain\nJust for one night, baby, take me in vein\nNow that feelin' got you tripping\nYou don't wanna feel no different\nThis here lust has got you itching\nNose wide open and it's dripping (eh, eh, eh, eh)\nI know what you like, I am your prescription\nI'm your physician, I'm your addiction\n\n[Chorus: Pharrell (Jay-Z)]\n(HOV'!)\nAnd I know, and I know\nAnd I know, and I know\n(Uhh, I know what you like)\nAnd I know, and I know\nAnd I know, and I know\n(I know what you love)\nEverything you like\nEverything you love\n(Baby you like ....HOV'!)\nEverything you like\n(Baby you love ....HOV'!)\nEverything you love\n(Baby you love, hehehe, uhh)\nAnd I know, and I know\nAnd I know, and I know\nAnd I know, and I know\nAnd I know, and I know\n(Baby you like ....HOV'!)\nEverything you like\n(Baby you love ....HOV'!)\nEverything you love\n(Baby you love ....HOV'!)\nEverything you like\n(Baby you like ....HOV'!)\nEverything you love, DAMN!\n(Baby you love ....HOV'!)\n\n[Verse 2: Jay-Z]\nI am so dope (uhh)\nLike Louboutins with the red bottoms\nYou gotta have 'em, you glad you got 'em\nLike every color Giuseppe's, your guilty pleasure is me\nIt's so much fun, you shun therapy\nAlthough it never be, the feeling is fleeting\nShopping's like copping, you constantly need it\nI'm never around, you constantly seek it\nYou'll never be down, I know where your peak is\n9 1/2 weeks is better than 12-steps\nI keep trying to remind you to keep telling yourself\nNow your conscience is interfering, like \"Better yourself!\"\nLike you better get help\nBut when that medicine's felt?\nWe're back together, don't ever leave me\nDon't ever let 'em tell you that you'll never need me\nMy China White, 'til we D.O.A\nIts Montega forever, baby, lets get away...\n\n[Chorus: Pharrell (Jay-Z)]\n(HOV'!)\nAnd I know, and I know\nAnd I know, and I know\n(Uhh, I know what you like)\nAnd I know, and I know\nAnd I know, and I know\n(I know what you love)\nEverything you like\nEverything you love\n(Baby you like ....HOV'!)\nEverything you like\n(Baby you love ....HOV'!)\nEverything you love\n(Baby you love, hehehe, uhh)\nAnd I know, and I know\nAnd I know, and I know\nAnd I know, and I know\nAnd I know, and I know\n(Baby you like ....HOV'!)\nEverything you like\n(Baby you love ....HOV'!)\nEverything you love\n(Baby you love ....HOV'!)\nEverything you like\n(Baby you like ....HOV'!)\nEverything you love, DAMN!\n(Baby you love ....HOV'!)\n\n[Verse 3: Jay-Z]\nHow could you leave me?\nI thought that you needed me!\nWhen the world got too much and you pleaded with me\nWho helped you immediately? How speedy of me!\nHow could you deny me so vehemently?\nNow your body is shaking, trying to free it of me\nAnd your soul is in control, trying to lead it from me\nAnd your heart no longer pledge allegiance to me\nDamn, I'm missing the days when you needed the D!\n\n[Chorus: Pharrell (Jay-Z)]\n(HOV'!)\nAnd I know, and I know\nAnd I know, and I know\n(Uhh, I know what you like)\nAnd I know, and I know\nAnd I know, and I know\n(I know what you love)\nEverything you like\nEverything you love\n(Baby you like ....HOV'!)\nEverything you like\n(Baby you love ....HOV'!)\nEverything you love\n(Baby you love, hehehe, uhh)\nAnd I know, and I know\nAnd I know, and I know\nAnd I know, and I know\nAnd I know, and I know\n(Baby you like ....HOV'!)\nEverything you like\n(Baby you love ....HOV'!)\nEverything you love\n(Baby you love ....HOV'!)\nEverything you like\n(Baby you like ....HOV'!)\nEverything you love, DAMN!\n(Baby you love ....HOV'!)", "image": "https://images.genius.com/778c1892b8a2f5aee554c4c797ca8915.1000x1000x1.jpg"}], "artist": "JAY-Z"}