{"songs": [{"title": "Girl's Best Friend", "album": "Vol.\u00a03\u2026 Life and Times of S.\u00a0Carter", "year": "1999-08-09", "lyrics": "[Intro: Jay-Z]\nJigga Man, Swizz Beatz\nHistory in the making, part three\nLights out ladies!\n\n[Chorus: Mashonda (Jay-Z)]\nC'mon here baby, you drive me crazy (where all my baby thugs?)\nDon't want nobody but you my baby (and all my ladies sing)\nHold me tight and call me your lady (say it louder)\nMake me scream your name\nC'mon here baby, you drive me crazy (where all my baby thugs?)\nDon't want nobody but you my baby (and all my ladies sing)\nHold me tight and call me your lady\nMake me scream your name\n\n[Verse 1: Jay-Z]\nI took ya outta Jacob's in clusters\nBusters they wanted to rush us\nLove the way you sparkle when the sun touch ya\nWhen you blush you turn blue if your grade is right\nYou can light up the whole room, turning day from night\nWhen the summertime is in and the tops are down\nWith you around my neck we lock the whole block down (that's right)\nIt took short sleeves and lounging to understand\nThe reason they call you ice, everybody freeze\nAin't a pendant in the sun who can shine like you\nAnd that platinum in the charm who can blind like you\nThe direct reason why niggas do they crimes they do\nI used to snatch the necklace right off them reckless fools\nGuess I was jealous that they was so next to you\nSo I devoted half my time to invest in you\nThe other half was spent on protecting you\n'Cause you belong to me, now sing ya song for me\nC'mon\n\n[Chorus: Mashonda (Jay-Z)]\nC'mon here baby, you drive me crazy (where all my baby thugs?)\nDon't want nobody but you my baby (and all my ladies sing)\nHold me tight and call me your lady (say it louder)\nMake me scream your name\nC'mon here baby, you drive me crazy (where all my baby thugs?)\nDon't want nobody but you my baby (and all my ladies sing)\nHold me tight and call me your lady\nMake me scream your name\n\n[Verse 2: Jay-Z]\nI'm often with you, so they wonder 'bout the juice I got\nI took you from the projects and an abusive pops\nFrom the bottom to the top\nThe skateboard to the drop\nFrom the nada to the Prada\nI got ya like I got ya\nFrom the first time I put you round my neck and locked ya\nIt was then I knew everywhere I went you'd follow\nSoon I spent every dollar, you became my habit\nOther brothers vice was smoke, mines was carats\nThe more checks I got the more I laced my crew\nThe rocks got bigger, watch face got blue\nTricked a little bit, shit I lace my boo\nFuck it, my mistress I laced her too\nCop my jewels twice, like d\u00e9j\u00e0 vu\nIf they ever met in the mall, it was over y'all\nJust the way I do, and either way you win\nI mean the thugs love ya when you're girl's best friend\n\n[Chorus: Mashonda (Jay-Z)]\nC'mon here baby, you drive me crazy (where all my baby thugs?)\nDon't want nobody but you my baby (and all my ladies sing)\nHold me tight and call me your lady\nMake me scream your name (and all my ladies sing)\nC'mon here baby, you drive me crazy (where all my baby thugs?)\nDon't want nobody but you my baby (and all my ladies sing)\nHold me tight and call me your lady\nMake me scream your name\n\n[Verse 3: Jay-Z]\nYeah, yeah, yeah\nIn the wedding band you love, in the gold chain you thug\nSometimes you given just because\nAnd the tennis bracelet means they want relations\nKnow that they wanna fuck, the only reason they give you up\nIn the hands of gold diggers you never enough\nRings, things, just never enough\nBut me and you together gon' shine to the end\nI mean the thugs love ya, but ya girl's best friend\n\n[Chorus: Mashonda (Jay-Z)]\nC'mon here baby, you drive me crazy\nDon't want nobody but you my baby\nHold me tight and call me your lady\nMake me scream your name\nC'mon here baby, you drive me crazy (where all my baby thugs?)\nDon't want nobody but you my baby (and all my ladies sing)\nHold me tight and call me your lady\nMake me scream your name\nC'mon here baby, you drive me crazy\nDon't want nobody but you my baby\nHold me tight and call me your lady\nMake me scream your name", "image": "https://images.rapgenius.com/8de7431941826dcdb18706196ef9a3c3.296x300x1.jpg"}], "artist": "JAY-Z"}