{"songs": [{"title": "Jigga What, Jigga Who (MTV Unplugged)", "album": "MTV Unplugged", "year": "2001-12-18", "lyrics": "[Intro]\nWe operating a six now we gotta get all the way to ten\nIn order to get there I know what I gotta do\nWe gotta split the room up right now\nEverybody on that side, you know what I'm saying y'all say Jigga What\nEverybody on that side y'all say Jigga Who\nY'all gotta wait though I'm tell you when\nOk don't mess this up alright? We just gonna find out who is hotter\nUh uh uh\n1 2 3\n(Jigga what)\nUh huh uh huh\n(Jigga who)\nThat's right\n(Jigga what)\nThat's cool\n(Jigga who)\nY'all winning\n(Jigga what)\nY'all caught up\n(Jigga who)\nY'all caught up\n(Jigga what)\nAlright\n(Jigga who)\n\n[Verse 1]\nMo'uckers wanna act loco\nHit em with numerous\nShots with the fo'-fo'\nCats wanna talk to po-po's\nSmoke em like coco\nNot rap, coke by the boatload\nNot that on the run-by, gun high, one eye closed\nLeft holes through some guy clothes\nStop your nonsense\nGlock with the full clip\nY'all cats better duck when the fool spit\nOne shot could make a nigga do a full flip\nSee a cat laying shocked when the fool hit\nOh hey ma, how you know niggas wanna buy you\nBut see me I wanna love for free like Akinyele\nTake this ride, make you feel it inside your belly\nIf it's tight get the K-Y Jelly\nAll night get you wide up inside the telly\nSide to side, til you say Jay Z you're too much for me\n\n[Hook]\n(Jigga what)\nOk\n(Jigga who)\nJay to the Z\n(Jigga what)\nFlow with me\n(Jigga who)\nJay to the Z\n(Jigga what)\nFlow with me\n(Jigga who)\nJay to the Z\n(Jigga what)\nFlow with me\n(Jigga who)\n\n[Verse 2]\nGot a condo with nothing but condoms in it\nThe same place where the rhymes is invented\nSo all I do is rap and sex imagine how I stroke\nSee how I was flowing on my last cassette\nRapid-fire like I'm blasting a Tec, never jam though\nNever get hot, never run out of ammo\nCats hating and shit cause I Jayed your bitch\nYou know your favorite, I know it made you sick\nAnd now you're, acting raw but you never had war\nDon't know how to carry your broad, wanna marry your broad\nNow she's mad at me cause Your Majesty\nJust happened to be a pimp - what a tragedy\nShe wanted, us to end cause I touched her friend\nShe gave me one more chance and I touch her again\nI seen her tears as she busted in\nI said shit\nThere's a draft\nShut the door ma and come on in\n\n[Hook]\n(Jigga what)\nFlow with me\n(Jigga who)\nJay to the Z\n(Jigga what)\nFlow with me\n(Jigga who)\nJay to the Z\n(Jigga what)\nFlow with me\n(Jigga who)\nJay to the Z\n(Jigga what)\nFlow with me\n(Jigga who)\n\n[Verse 3]\nYo\nGot a vendetta even though I been better\nLeft him in the cold with a thin sweater\nRap cats on Prozac get the bozack, cats threw\nTwo at me I threw fo' back, hold that\nLet the dough stack\nWay before Big had the gold Ac\nDame had the Lex black\nCats wanna test that, stress that\nAnd right where you're stressed at, where you rest at\nI suggest that niggas invest in a vest when I come through\nWith the Glock jet black you niggas step back\nI'm the best at you know I ain't no apprentice to this\nMe and my niggas we invented the shhh\nI came into the business with this\nThe Originator, none greater\nRoots band drop that shhhh", "image": "https://images.genius.com/a7449b38b8eab47232b379bc442a5f10.1000x1000x1.jpg"}], "artist": "JAY-Z"}