{"songs": [{"title": "Tweets About New Album and New Rules", "album": null, "year": null, "lyrics": "All the tweets are dated June 17th, 13:56 (ET/GMT -6)\n\nVII IV XIII Roc A Fella Records/Roc Nation\n#magnacarta\n\nIf 1 Million records gets SOLD and billboard doesnt report it, did it happen? Ha. #newrules #magnacartaholygrail Platinum!!! VII IV XIII\n\nKanye West \"lead single\" projected on buildings worldwide #newrules #magnacartaholygrail\n\nJ Cole app for listening session. Don't talk just listen..#newrules\n\nWale up next week #newrules\n\nOk that was my yearly allotment see ya'll 2014..#newrules #magnacartaholygrail", "image": "https://images.genius.com/bf0f68ee56f29c8542ad805c6419682b.676x676x1.jpg"}], "artist": "JAY-Z"}