{"songs": [{"title": "Big Pimpin' (MTV Unplugged)", "album": "MTV Unplugged", "year": "2001-12-18", "lyrics": "[Intro]\nEverybody in here just bounce\nJust bounce\nJust bounce\nJust bounce\nUh uh uh uh\nI like, ok let's go\nUh Uh\nYeah yeah yeah yeah\nUh Uh Uh\nYeah yeah yeah yeah\nUh Uh Uh\n\n[Verse 1]\nYou know I, thug em, hug em, love em, leave em\nBut I don't trust or need em\nTake em out the hood, keep em looking good\nWith diamond clusters that I'm freezing\nFirst time they fuss I'm breezing\nTalking bout, what's the reasons\nI'm a pimp in every sense of the word mama\nBetter trust and believe em\nIn the cut where I keep em\nTil I need a what, til I need to beat it up then it's\nThen it's \"beep beep\" and I'm picking them up\nLet em play with the crick in the truck\nMany chicks wanna put Jigga's fists in cuffs\nDivorce him and split his bucks\nJust because you got good sex, I'mma break bread\nSo you can be living it up\nPart with nothing, I be fronting\nMe give my heart to a woman\nNot for nothing, never happen\nI'll be forever macking\nHeart cold as assassins, I got no passion, I got no patience\nAnd I hate waiting, ho get your ass in and let's ride\n\n[Bridge]\nLet's ri ri ride\nCh ch ch ch\nLet's ri ri ride\nCh ch ch ch\nLet's ri ri ride\nCh ch ch ch\nLet's ri ri ride\nCh ch ch ch\n\n[Hook]\nWhat we doin' ya'll?\nWe doin'\nSpendin' cheese we doin'\nBig pimpin' on BLADES\nWe doin'\nBig Pimpin' up in NYC\nIt's just that Jigga man B. Sigel Memphis Bleek\nWe doin'\nBig pimpin'\nSpendin' cheese we doin'\nBig pimpin' on BLADES\nWe doin'\nBig Pimpin' up in NYC\nIt's just that Jigga man Roots band on MTV\n\n[Verse 2]\nOn the canopy, my stamina be, enough for Pamela Anderson Lee\nMTV jam of the week\nMade my money too long for gamblin' with me but I'm\nBut I'm still sitting on BLADES hitting on crays\nSitting on the corner of my block hustling\nGetting off K's, double what I paid\nGetting it right through customs\nIt'll sell by night its egg shell white\nI got so many grams if the man find out\nIt will land me in jail for life\nBut I'm still big pimping, spending cheese\nWith B.U.N. B, Pimp C, and Timothy\nWe got chickens in the back of the truck, laughing it up\nJigga Man: that's what's up\n\n[Hook]\n[Big pimpin' spending cheese\nAnd we big big pimpin' on BLADES\nBig pimpin' up in NYC\nIt's just that Jigga man B. Sigel Memphis Bleek\nBig pimpin' spending cheese\nAnd we big big pimpin' on BLADES\nBig pimpin' up in NYC\nIt's just that Jigga man Roots band on MTV(8901654)\n\n[Outro]\nBounce\nBounce\nOk ma, I see you\nBounce\nOk, alright, come on\nBounce\nBounce\nI love it, I love it\nBounce\nUh Uh\nY'all section a little weak, all y'all gotta bounce right now\nBounce bounce bounce\nUh Uh Uh\nBeautiful beautiful. Ok we are 7 now y'all getting it\nIt's a beautiful thing I don't think I can leave tonight. We gonna have to be kicked out the building. Y'all feeling that one right there? I gotta do all kind of things, Reasonable Doubt, Volume 1 Volume 2, Volume 3, Volume 4, Volume 5. Blueprint 1 the Blueprint 2 baby. Want some water? Sure sure. Hold on. It's kinda warm you wanna share? Wow. It's a beautiful thing. Ok", "image": "https://images.genius.com/a7449b38b8eab47232b379bc442a5f10.1000x1000x1.jpg"}], "artist": "JAY-Z"}