{"songs": [{"title": "So Ghetto", "album": "Vol.\u00a03\u2026 Life and Times of S.\u00a0Carter", "year": "1999-12-28", "lyrics": "[Intro]\nBack at'cha\nHow we do\nPrimo, Jigga-Man\nHistory in the makin'\nLet's go\nUhh, uh-huh-uh-UHH\nUh-huh-uh-uhh, uhh\nI spit the murder-murder-murderous\nMur-mur-ma-murderous SHIT\nUh-huh-uh-huh-uh-huh-uh-UHH\nI keep the gangsta-gangsta-gangsta\nGah-gah-ga-gangsta, feel me? Uhh\nI spit that Brooklyn-Brooklyn-Brook\nUh-uhh, uh-huh-uh-uhh, uh-uhh\nUh-huh-UHH\n\n[Verse 1]\nCareer crook, nobody rep Brooklyn like me\nJigga Man, Volume 3, I'm back lookin' like me\nStop the presses, baby girls, drop your dresses\nB-K lick a shot for Big Pop' in heaven\nEver since I came through, niggas got the impression\nEverything I drop, out of the question, stop the guessin'\nIt's hot, flows provin' I pack 'cause my dough's movin'\nMy whole crew up in this muh'fucker\nWe spray corners, stand there like you got a cape on ya, fine\nYou'll be wearin' a black suit a long time\nI put your crew in hard bottoms\nThe priest is like, \"God's got him\nHe never did nuttin' to nobody but them boys shot him\"\nBrandish iron, outlandish buyin'\nBentley Coupes, not braggin' just simply the truth\nWe all from the ghetto, only difference, we go back\nBack up in D&D on this Primo track, listen\n\n[Chorus]\nI'm so gangsta, prissy chicks don't wanna fuck with me\n\"Iceberg Slim, baby ride rims\"\nI'm so gutter, ghetto girls fall in love with me\n\"You know him well...\" \"...by the name of Jigga\"\nI'm so gangsta, prissy chicks don't wanna fuck with me\n\"You can love me or hate me...\" \"Jay-Z\"\nI'm so gutter, ghetto girls fall in love with me\n\"Roc-A-Fella lock the whole block down\"\n\n[Verse 2]\nWednesday's I'm up in Shine, Cheetah's Monday night\nI'm fuckin' with the model chicks Friday night at Life\nSo I'm cruisin' in the car with this bougie broad\nShe said, \"Jigga-Man you rich, take the du-rag off\"\nHit a U-turn, \"Ma I'm droppin' you back off\"\nFront of the club, \"Jigga why you do that for?\"\nThug nigga 'til the end, tell a friend bitch\nWon't change for no paper plus I been rich\n'88 been hustlin', linen been crushin' 'em\nWomen been fuckin' 'em, huh?\nYou see I live for the love of the street\nRap to the ruggedest beats\nHall closet cluttered with heat\nI spit that murder-murder-murder\nThat Brook-Brook-a-Brooklyn shit\nFurthermore ma\nWe tote guns to the Grammys, pop bottles on the White House lawn\nGuess I'm just the same old Shawn\n\n[Chorus]\nI'm so gangsta, prissy chicks don't wanna fuck with me\n\"Iceberg Slim, baby ride rims\"\nI'm so gutter, ghetto girls fall in love with me\n\"You know him well...\" \"...by the name of Jigga\"\nI'm so gangsta, prissy chicks don't wanna fuck with me\n\"You can love me or hate me...\" \"Jay-Z\"\nI'm so gutter, ghetto girls fall in love with me\n\"Roc-A-Fella lock the whole block down\"\n\n[Verse 3]\nI'm from the M-to-the-A-baby-R-C-Y\nSo it's hard for me to let the larceny die\nNiggas see me in the streets with no bodyguards\nJust two big guns that'll body your squad\n'Cause niggas be schemin' on me, probably are\nThink Jigga's a joke, nigga? Hardy har\nI spit Brook-Brook-Brooklyn every time I bust\nRadio's gotta play me though I cuss too much\nMagazines say I'm shallow, I never learned to swim\nStill they put me on they cover 'cause I earn for them\nSoon as I sell too much, watch them turn on him\n'Cause that seem to be the shit that'll earn for them\nI spit that murder-murder-murderous every time a verbalist\nIller than Verbal Kint is or O-Dog in Menace\nI'm ill, start to finish, I rip apart contenders\nI'm hot.. hehehehe\n\n[Chorus]\nI'm so gangsta, prissy chicks don't wanna fuck with me\n\"Iceberg Slim, baby ride rims\"\nI'm so gutter, ghetto girls fall in love with me\n\"You know him well...\" \"...by the name of Jigga\"\nI'm so gangsta, prissy chicks don't wanna fuck with me\n\"You can love me or hate me...\" \"Jay-Z\"\nI'm so gutter, ghetto girls fall in love with me\n\"Roc-A-Fella lock the whole block down\"\n\n[Outro]\nI'm so gangsta, prissy chicks don't wanna fuck with me, uhh\nI'm so gutter, ghetto girls\nHehehe, (uhh, uhh, uh-huh-uh-uhh), yeah\nUhh, yeah, fuck, yeah, with me, yeah, beyotch, yeah\nJigga, yeah, Primo, yeah, gangsta, yeah, niggas, yeah\nBrooklyn, yeah", "image": "https://images.genius.com/16c23bf8d7a8a73a71d30d2ec47600b1.1000x1000x1.jpg"}], "artist": "JAY-Z"}