{"songs": [{"title": "Brooklyn's Finest", "album": "Reasonable Doubt", "year": "1996-06-25", "lyrics": "[Produced by Clark Kent]\n\n[Intro: Pain In Da Ass & Clark Kent]\n*gunshots* OKAY, I'M RELOADED!!!\nYou motherfuckers, think you big time?\nFuckin with Jay-Z, you gon' die, big time!\nHere come the \"Pain\"! *gunshots*\nJigga... (Jigga), Bigga... (Bigga)\nNigga, how you figure... (how you figure)\n\n[Verse 1: Jay-Z, The Notorious B.I.G, Both]\nYeah, yeah, yeah\nAyo, peep the style and the way the cops sweat us (uh-huh)\nThe number one question is can the Feds get us (uh-huh)\nI got vendettas in dice games against ass bettors (uh-huh)\nAnd niggas who pump wheels and drive Jettas\nTake that with ya\n\n[Verse 2: The Notorious B.I.G. & Jay-Z]\nHit ya, back split ya (uh)\nFuck fist fights and lame scuffles (uh)\nPillow case to your face, make the shell muffle (woo)\nShoot your daughter in the calf muscle (mhm)\nFuck a tussle, nickel-plated\nSprinkle coke on the floor, make it drug-related (haha)\nMost hated\n\n[Verse 3: Jay-Z, The Notorious B.I.G]\nCan't fade it (uh, what?)\nWhile y'all pump Willie, I run up and stunt silly (uh-huh)\nScared, so you sent your little mans to come kill me (uh)\nBut on the con-trilli, I packs the MAC-milli\nSqueezed off on him, left them paramedics breathing soft on him\n\"What's ya name?\"\n\n[Verse 4: The Notorious B.I.G.]\nWho shot ya? Mob ties like Sinatra (uh)\nPeruvians tried to do me in, I ain't paid them yet\nTryin to push 700s, they ain't made them yet\nRolex and bracelets is frostbit; rings too\nNiggas 'round the way call me Igloo, stick WHO?\nMotherfucker!\n\n[Chorus: Clark Kent]\nJay-Z and Biggie Smalls, nigga shit your drawers\n(Where you from?) Brooklyn, going out for all\n(Marcy...) That's right, you don't stop\n(Bed-Stuy...) You won't stop (nigga!)\n\n[Verse 5: Jay-Z, The Notorious B.I.G]\nWhat, what, what?\nJay-Z, Big' Smalls, nigga shit your drawers\nBrooklyn represent y'all, hit you fold\nYou crazy, think your little bit of rhymes can play me?\nI'm from Marcy, I'm varsity, chump, you're JV\n(Jigga) Jay-Z\n\n[Verse 6: The Notorious B.I.G.]\nBiggie baby! (uh!)\nMy Bed-Stuy flow's malicious, delicious\nFuck three wishes, made my road to riches\nFrom 62s, Gemstars, my mom's dishes (uh)\nGram chopping, police van docking\nDs at my doors knocking (what?)\n\n[Verse 7: Jay-Z, The Notorious B.I.G, Both]\nKeep rocking, yeah\nNo more mister nice guy, I twist your shit\nThe fuck back with the pistols blazin'\nHot like Cajun (uh)\nHotter than even holding work at the Days Inn\nWith New York plates outside\nGet up out of there! Fuck the ride!\n\n[Verse 8: The Notorious B.I.G., Jay-Z]\nKeep your hands high, shit gets steeper (uh!)\nHere comes the Grim Reaper, Frank White!\nLeave the keys to your InnKeeper (That's right)\nChill, homie, the bitch in the Shoney's told me\nYou're holding more drugs than a pharmacy\nYou ain't harming me, so pardon me\nPass the safe, before I blaze the place\nAnd here's six shots just in case\n(\"Brooklyn... Brooklyn... Brooklyn...\")\n\n[Chorus: Clark Kent]\nJay-Z and Biggie Smalls, nigga shit your drawers\n(Where you from?) Brooklyn going out to all\n(Crown Heights...) You don't stop\n(Brownsville...) You won't stop (nigga!)\n(\"Brooklyn... Brooklyn... Brooklyn...\")\n(Hah hah!) Jay-Z and Biggie Smalls, nigga shit your drawers\n(Where we from?) Brooklyn going out to all\n(Bushwick...) You don't stop\n(Fort Greene...) You won't stop (Niggas!)\n\n[Verse 9: Jay-Z, The Notorious B.I.G]\nYeah, yeah, yeah, from '9-6, the only MC with a flu\nYeah I rhyme sick, I be what you're trying to do\nMade a fortune off Peru, extradite, china white her-on\nNigga please, like short sleeves I bear arms (um!)\nStay out my way from here on (Clear?) Gone! (uh!)\n\n[Verse 10: The Notorious B.I.G. & Both]\nMe and Gutter had two spots\nThe 2-for-5 dollar hits, the blue tops (uh-huh)\nGotta go, Coolio mean it's getting Too Hot\nIf Fay' had twins, she'd probably have two Pacs (uh!)\nGet it? Tu... Pac's?\n\n[Verse 11: Jay-Z, The Notorious B.I.G., & Both]\nUhh, uhh, uhh\nTime to separate the pros from the cons (and-uh)\nThe platinum from the bronze\nThat butter-soft shit from that leather on the Fonz (uh)\nA S1 diamond from a I class don\nA Chandon sipper from a Ros\u00e9 nigga, huh?!\nBrook-Nam, sipping on\n\n[Verse 12: The Notorious B.I.G., Jay-Z]\nCristal forever, play the crib when it's mink weather (uh!)\nThe M.A.F.I.A. keep cannons in they Marc Buchanans (uh!)\nUsually cuatro cinco, the shell sink slow\nTossing ya, mad slugs through your Nautica\nI'm warning ya (Hah, what the fuck?)\n\n[Chorus: Clark Kent]\nJay-Z and Biggie Smalls, nigga shit ya drawers\n(Where you from?) Brooklyn going out to all\n(Flatbush...) You don't stop\n(Red Hook...) That's right, you won't stop (nigga!)\n(Brooklyn... Brooklyn... Brooklyn...)\nJay-Z and Biggie Smalls, nigga shit your drawers\n(Where you from?) Brooklyn goin' out to all\n(East New York...) You don't stop (Woo-ee!)\n(Clinton Hill...) You won't stop (nigga!)\n(\"Brooklyn... Brooklyn... Brooklyn... Brooklyn...\")\n\"Is Brooklyn in the house?\"\n\n[Outro: Clark Kent]\nUhh, Roc-A-Fella y'all, Junior M.A.F.I.A\nSupermen click\nBrooklyn's Finest, you re-wind this\nRepresenting BK to the fullest", "image": "https://images.genius.com/18040c4f503942a16d6577d9820644cb.1000x1000x1.jpg"}], "artist": "JAY-Z"}