{"songs": [{"title": "Run This Town", "album": "The Blueprint 3", "year": "2009-09-08", "lyrics": "[Produced by Kanye West & No I.D]\n\n[Intro: Rihanna]\nFeel it comin' in the air\nHear the screams from everywhere\nI\u2019m addicted to the thrill\nIt's a dangerous love affair\nCan\u2019t be scared when it goes down\nGot a problem, tell me now\nOnly thing that's on my mind\nIs who's gon' run this town tonight\nIs who's gon' run this town tonight\nWe gon' run this town!\n\n[Verse 1: Jay Z]\nWe are, yeah, I said it: we are\nThis is Roc Nation, pledge your allegiance\nGet your fatigues on, all black everything\nBlack cards, black cars, all black everything\nAnd our girls are blackbirds ridin' with they Dillingers\nI get more in depth if you boys really real enough\nThis is la Familia, I'll explain later\nBut for now, let me get back to this paper\nI'm a couple bands down and I'm tryin' to get back\nI gave Doug a grip and lost a flip for five stacks\nYeah, I'm talkin' 5 comma, 6 zeros, dot zero, here Doug\nBack to runnin' circles round niggas, now we squared up\nHold up!\n\n[Hook: Rihanna]\nLife\u2019s a game, but it's not fair\nI break the rules, so I don\u2019t care\nSo I keep doin' my own thang\nWalkin' tall against the rain\nVictory\u2019s within the mile\nAlmost there, don\u2019t give up now\nOnly thing that's on my mind\nIs who\u2019s gon' run this town tonight\nHeyyy, heyy, heyyy, heyy\nWho\u2019s gon' run this town tonight?\n\n[Verse 2: Jay Z]\nWe are, yeah, I said it: we are\nYou can call me Caesar, in a dark Caesar\nPlease follow the leader, so Eric B we are\nMicrophone fiend, this the return of the God\nPeace, God, ah ah, it ain't no nobody fresher\nI'm in Maison, ah, Martin Margiela\nOn the table, screamin'\n\"Fuck the other side! They're jealous!\"\nWe got a banquette full of broads\nThey got a table full of fellas\nYeah, and they ain't spendin' no cake\nThey should throw their hand in\n\u2018Cause they ain't got no spades\nYeah, my whole team got dough\nSo my banquette is lookin' like millionaires' row\n\n[Hook: Rihanna]\nLife\u2019s a game, but it's not fair\nI break the rules, so I don\u2019t care\nSo I keep doin' my own thang\nWalkin' tall against the rain\nVictory\u2019s within the mile\nAlmost there, don\u2019t give up now\nOnly thing that's on my mind\nIs who\u2019s gon' run this town tonight\nHeyyy, heyy, heyyy, heyy\nWho\u2019s gon' run this town tonight?\n\n[Verse 3: Kanye West]\nIt's crazy how you can go from bein' Joe Blow\nTo everybody on your dick; no homo\nI bought my whole family whips; no Volvos\nNext time I\u2019m in church: please, no photos\nPolice escorts, everybody passports\nThis the life that everybody ask for\nThis the fast life, we are on a crash course\nWhat you think I rap for, to push a fuckin' Rav 4?\nBut I know that if I stay stunting\nAll these girls only gon' want one thing\nI can spend my whole life goodwill hunting\nOnly good gon' come is this good when I'm cumming\nShe got a ass that'll swallow up a G-string\nAnd up top, ungh, two bee stings\nAnd I'm beasting off the Riesling\nAnd my nigga just made it out the precinct\nWe give a damn about the drama that your dude bring\nI'm just tryin' to change the color on your mood ring\nReebok, baby, you need to try some new things\nHave you ever had shoes without shoe strings?\n\"What's that, Ye?\" \"Baby, these heels.\"\n\"Is that a May\u2014 what?!\" \"Baby, these wheels.\"\nYou trippin' when you ain't sippin', have a refill\nYou feelin' like you runnin', huh? Now you know how we feel\n\n[Outro: Jay Z & Rihanna]\nWhassup!\nHeyyy, heyy, heyyy, heyy\nYeah, yeah, whassup!\nHeyyy, heyy, heyyy, heyy\nWe gon' run this town tonight", "image": "https://images.rapgenius.com/9d9dd27bf8e56c8a3150dd6525344e0d.658x658x1.jpg"}], "artist": "JAY-Z"}