{"songs": [{"title": "What They Gonna Do Part II", "album": "The Blueprint 2: The Gift & The Curse", "year": "2002-11-12", "lyrics": "Oh yeah, uh oh\nY'all know who it is (he's back)\nYoung!\n\nIf you with me, throw the diamond up one time\nLadies, if you with me, just grind to the bass line\nNiggas, don't be scared to grab her from behind\nAnd make her show out her wild side, stick out her backside\n\nNow what the fuck they gon' do with me\nGot money, got broads, got a crew with me\nReal as banana clips, I got a zoo with me\nGet down or lay down nigga to shoot with me\nNow how the fuck they gon' deal with me\nI ain't going nowhere, they gotta deal with me\nGot the whole BK ready to kill with me\nYou scared motherfucker, keep it real with me, keep it real with me\nNow what the fuck they gon say to me\nGot to clap, yi mean all day with me, CLAP, yi mean\nDon't play with me, CLAP, yi mean\nStay with me, don't lose me y'all\nAnd please don't confuse me with dog, I'm different\nI bought it back for a living\n33 O's on a bitch back like Pippen\n3 She can keep for herself and distribute\n36 O's and a key, you do the addition\nBefore Mitchell and Ness did it\nI was moving birds like a Oriole fitted\nI'm Cal Ripken Jr. let's get it\n\n[Hook]\n\nHon' what they gon' say to you\nGot your hair did and your favorite shoes\nTell'em don't play with you, get'em away from you\nYou need a baller like I, call'em like I\nSee'em like naaaa\nMove over y'all amateurs\nNo, you not balling that's Pro-Am shit\nOh, stop calling that's ho-man shit\nStop falling asleep that's old man shit\nI stands up in it like a champ up in it\nBe up in it so long, get my calls transferred in it\nNo more minute man in it\nGet my Soundscan, BDS, and Marketing plans in it\n\n[Hook]\n\nWhat they gon do'\nYou got starch in your flow\nI flow too many ways, got a arch in my flow\nAll sorts of flow, Rembrandt, Rilke\nI am art with the flow\nEven if I'm guilty, you gotta pardon the flow\nNiggas taking it lightly, had to darken the flow\nWay I put it together, tear'em apart with the flow\nI'm too smart with the flow, you just started the flow\nStop it youngin, you 106th & Park with the flow\nI am pro, as you see I'm off the charts with the flow\nActually I'm number one on the charts with the flow\nIn some places they say this, I am God with the flow\nLike my office, but they're biased, too involved with the flow\n(Oh no) I am the youth spirit, I am y'all with the flow\nTroubled man, dare I say, I am Mar with the flow\nI come up hard but I evolve with the flow\nCrossover, slam dunk, Rucker Park with the flow\n\n[Hook]", "image": "https://images.genius.com/bbaaa25ac55d3bc2008448e1647d3b54.720x631x1.jpg"}], "artist": "JAY-Z"}