{"songs": [{"title": "8 Miles and Runnin'", "album": "8 Mile: Music from and Inspired by the Motion Picture", "year": "2002-10-29", "lyrics": "[Intro: Jay Z]\nYeah, Renegade is back\nEm, the beat is sick!\nIt's Young, Freeway, 8 Miles, let's go!\n\n[Verse 1: Jay Z]\n8 miles and runnin', got my seventh album droppin'\nAnd my eighth album comin'\nFeeding a thousand growling stomachs\nBut I can rewind the calendar back\nBack when it was now or nothin'\nPeople said I would amount to nothin'\nThat I had talent for nothin'\nSaid I would succumb to violence or be silenced by a gunman\nI could just hear the folks now, \"He got what he had comin'.\"\nNow that my eighth album's comin' everybody's smilin'\nWanting somethin', claiming that they done somethin' for him\nGot their Jay Z pom poms and their Hov uniform\nClaiming they been runnin'\nAnd tellin' everybody, like Martin Lawrence\n'Bout how hot my rap performance was before I was who I was\nClaiming that they threw it up before I threw it up\nYou what? Where was you before I blew this up?\nI didn't see you in the courtroom when everybody was suin' us\nI didn't see you in all black when everybody was suitin' up\nBack on the block, getting it in, there wasn't no you with us\n\n[Hook: Jay Z + Freeway]\n8 miles and runnin', got my seventh album droppin'\nAnd my eighth album comin'\nFeeding a thousand growling stomachs, Free!\n6 miles and runnin', got my fifth strip poppin'\nAnd my first album comin', feeding twenty growling stomachs\n8 miles and runnin', got my seventh album droppin'\nAnd my eighth album comin'\nFeeding a thousand growling stomachs, Free!\n6 miles and runnin', got my fifth strip poppin'\nAnd my first album comin', feeding twenty growling stomachs\n\n[Verse 2: Freeway]\n6 miles and runnin' in the Pontiac six thousand eighty six\nTrans might shift while the engine run\nAnyone tell your honor: \"Give me one more chance.\"\nAnd them smokers screaming, \"One more gram!\"\nSo I'ma bring 'em one\nOnly son to my pop, stick close to my mama\nKeep toasters for drama, make Salat with my son\nMy son growin' and he learnin' a lot\nThat's when them toasters, when the burners will pop\nBrain on your, um\u2013brella, a nigga, tell 'em niggas\nThat's like the Biblical scripture\nLook back, turn to salt, like the sinners\nMost of your heartless and self-centered\nLike Meshach and Mesha\nSet up your brother \u2018cause you jealous, nigga\nThe heat back, like you never left\nI ever rep, cops watch every step\nSix miles and runnin', dodgin' every trap\nThe rap gingerbread man\nCherish every precious breath, state P the second gat\n\n[Hook: Jay Z + Freeway]\n8 miles and runnin', got my seventh album droppin'\nAnd my eighth album comin'\nFeeding a thousand growling stomachs, Free!\n6 miles and runnin', got my fifth strip poppin'\nAnd my first album comin', feeding twenty growling stomachs\n8 miles and runnin', got my seventh album droppin'\nAnd my eighth album comin'\nFeeding a thousand growling stomachs, Free!\n6 miles and runnin', got my fifth strip poppin'\nAnd my first album comin', feeding twenty growling stomachs\n\n[Verse 3: Jay-Z]\nBack when nobody would find he had talent\nNobody would sign me\nNobody believed in me, nobody but Mommy blindly\nBut how can she deny me? Me being the youngest runt\nTo come up outta her tummy, she got nothing but love for me\nWhen niggas would one me, the industry shunned me\nThat's why I'm taking all the industry's money\nRevenge is sweet honey, we run this\nYoung is the illest, Free is the future\nBeans and Bleek is right now, we can see y'all 8 miles, nigga\n\n[Hook: Jay Z + Freeway]\n8 miles and runnin', got my seventh album droppin'\nAnd my eighth album comin'\nFeeding a thousand growling stomachs, Free!\n6 miles and runnin', got my fifth strip poppin'\nAnd my first album comin', feeding twenty growling stomachs\n8 miles and runnin', got my seventh album droppin'\nAnd my eighth album comin'\nFeeding a thousand growling stomachs, Free!\n6 miles and runnin', got my fifth strip poppin'\nAnd my first album comin', feeding twenty growling stomachs", "image": "https://images.genius.com/e4a1bd93e045b909843de21d49a9bb97.1000x1000x1.jpg"}], "artist": "JAY-Z"}