{"songs": [{"title": "The Story of O.J.", "album": "4:44", "year": "2017-06-30", "lyrics": "[Intro: Nina Simone]\nSkin is, skin, is\nSkin black, my skin is black\nMy, black, my skin is yellow\n\n[Chorus]\nLight nigga, dark nigga, faux nigga, real nigga\nRich nigga, poor nigga, house nigga, field nigga\nStill nigga, still nigga\nI like that second one\nLight nigga, dark nigga, faux nigga, real nigga\nRich nigga, poor nigga, house nigga, field nigga\nStill nigga, still nigga\n\n[Interlude]\nO.J. like, \"I'm not black, I'm O.J.\" \u2026okay\n\n[Verse 1]\nHouse nigga, don't fuck with me\nI'm a field nigga, go shine cutlery\nGo play the quarters where the butlers be\nI'ma play the corners where the hustlers be\nI told him, \"Please don't die over the neighborhood\nThat your mama rentin'\nTake your drug money and buy the neighborhood\nThat's how you rinse it\"\nI bought every V12 engine\nWish I could take it back to the beginnin'\nI coulda bought a place in DUMBO before it was DUMBO\nFor like 2 million\nThat same building today is worth 25 million\nGuess how I'm feelin'? Dumbo\n\n[Chorus]\nLight nigga, dark nigga, faux nigga, real nigga\nRich nigga, poor nigga, house nigga, field nigga\nStill nigga, still nigga\nLight nigga, dark nigga, faux nigga, real nigga\nRich nigga, poor nigga, house nigga, field nigga\nStill nigga, still nigga\n\n[Interlude]\nYou wanna know what's more important than throwin' away money at a strip club? Credit\nYou ever wonder why Jewish people own all the property in America? This how they did it\n\n[Verse 2]\nFinancial freedom my only hope\nFuck livin' rich and dyin' broke\nI bought some artwork for one million\nTwo years later, that shit worth two million\nFew years later, that shit worth eight million\nI can't wait to give this shit to my children\nY'all think it's bougie, I'm like, it's fine\nBut I'm tryin' to give you a million dollars worth of game for $9.99\nI turned that 2 to a 4, 4 to an 8\nI turned my life into a nice first week release date\nY'all out here still takin' advances, huh?\nMe and my niggas takin' real chances, uh\nY'all on the 'Gram holdin' money to your ear\nThere's a disconnect, we don't call that money over here, yeah\n\n[Chorus]\nLight nigga, dark nigga, faux nigga, real nigga\nRich nigga, poor nigga, house nigga, field nigga\nStill nigga, still nigga\nLight nigga, dark nigga, faux nigga, real nigga\nRich nigga, poor nigga, house nigga, field nigga\nStill nigga, still nigga", "image": "https://images.genius.com/4cf5f4f88ace021acdc18cc3cefcf2f4.1000x1000x1.jpg"}], "artist": "JAY-Z"}