{"songs": [{"title": "This Life Forever", "album": "The S. Carter Collection", "year": "1999-07-13", "lyrics": "[Intro]\nBlackhand Enertainment\nRoc-A-Fella Records\nIn association with the streets\nThe Black Gangster\nIn conjunction with everything official\nYeah\n\n[Verse 1]\nI ride through the ghetto windows down halfway\nHalfway out of my mind music on 9, blasting Donny Hathaway\nMe and my niggas spending half the day\nPlotting, how we gon' get this math today without getting blast away\nI wake up to the same problems after today\nLife is harsh, nigga got a right to spark\nRight from the start, they place me in the ghetto, tender age of nine\nMy tender mind had to surrender to crime\nWouldn't wish this on nobody life to end up like mine\nEver since I was quite young a nigga been in a bind\nHad to scratch for every plaque, even rap ain't even all it's cracked up to be\nNiggas don't stack up to me\nHad to hustle in a world of trouble\nTrapped in, claustrophobic, the only way out was rapping\nAmerica don't understand it, the demographics I tapped in\nI'm the truest nigga to do this, nigga, and anything else is foolish\nLike those who stay high, under God's grey skies\nMy lyrics is like Bible, made to save lives\nIn the midst of all your misery nigga, stay fly\nNever let em see you frown, even smile when you down\nShit, I floss on my off-days, fuck what they all say\nNiggas can't stop me with rumors, I'm too strong\nAll day, socks explode and sweatpants pockets is bulging\nHoldin' it down on the corner with my block frozen\nMy spot is rolling, drop the price on the coke and\nDrove the competition out and let the dough flow in\nThe cops is closing in, I can do the time\nBut what's really on my mind, there ain't no hoes in the pen\nI play the low and try and make it hard to find me\nFeds still tryna build a case since '93\nI told them I'm retired, but they like whatever\nYou know them pigs don't wanna see you get your life together\n\n[Chorus]\nI'm stuck in this life forever\nThe more things change the more they stay the same\nWho am I to change the game?\nYou gotta move quick like heroin and cocaine\nThe block's hotter than its ever been\n(Once again)\n\n[Verse 2]\nHold the gun at eye level, I ain't afraid of conflict\nI let the nine rip, nigga say \"hi\" to the devil\nI blind with the bezel, I'm in line with the ghetto\nWhat y'all niggas afraid of, my mind or the metal?\nNiggas tryna subtract my life, my mathematics is precise\nI carry the 9, so fucking with me just ain't the answer\nI just can't lose when I was young I was like Fresh\nPoppa raised me to chess moves\nAnd though you're gone, I'm not bitter, you left me prepared\nWe got divided by the years, but I got it from here\nDon't sweat that, sounds bump from Marcy to LeFrak\nTo that project in DC where my man caught his death at\nOver my years I've seen Rooks get tooken by the Knight\nLose they Crown by tryna defend a Queen\nCheckmate in 4 moves, the Bobby Fischer of rap with raw moves\nIn a time where we all move\nLet's face it: either you're dough chasing or basing\nLacing, crack's got you feelin' strong like Mason\nCareful, any infiltration, I'm leaving niggas\nLeaking more than just information\n\n[Chorus]\nI'm stuck in this life forever\nThe more things change the more they stay the same\nWho am I to change the game?\nYou gotta move quick like heroin and cocaine\nThe block's hotter than its ever been\nI'm stuck in this life forever\nThe more things change the more they stay the same\nWho am I to change the game?\nYou gotta move quick like heroin and cocaine\nThe block's hotter than its ever been\n\n[Outro]\nUh, real shit, huh\nThe Black Gangsta\nBlackhand Entertainment\nRoc-A-Fella\nThey'll never interrupt this thing of ours\nUhh, The Black Gangsta\nJigga, Hova\nRoll with me now", "image": "https://images.genius.com/a394af824735358589d17f4d6ee95d4f.296x295x1.jpg"}], "artist": "JAY-Z"}