{"songs": [{"title": "Izzo (H.O.V.A.)", "album": "The Blueprint", "year": "2001-09-11", "lyrics": "[Produced by Kanye West]\n\n[Intro]\n\"Ladies and gentlemen\nLet's put our hands together for this dynasty!\nH to the Izz-O, V to the Izz-A\nWelcome ladies and gentlemen\nTo the 8th wonder of the world!\nThe flow of the century, always timeless: HOV!\nThanks for coming out tonight\nYou could've been anywhere in the world\nBut you're here with me, I appreciate that, ah\"\n\n[Verse 1]\nH to the Izz-O, V to the Izz-A\nFor shizzle, my nizzle, used to dribble down in VA\nWas herbing 'em in the home of the Terrapins\nGot it dirt cheap for them\nPlus if they was short with cheese I would work with them\nBrought in weed, got rid of that dirt for them\nWasn't-born-hustlers, I was birthing 'em\nH to the Izz-O, V to the Izz-A\nFor sheezy, my neezy, keep my arms so breezy\nCan't leave rap alone, the game needs me\nHaters want me clapped in chrome, it ain't easy\nCops want to knock me, D.A. wants to box me in\nBut somehow I beat them charges like Rocky\nH to the Izz-O, V to the Izz-A\nNot guilty, he who does not feel me\nIs not real to me, therefore he doesn't exist\nSo poof! \u2014Vamoose, son of a bitch!\n\n[Chorus]\nH to the Izz-O, V to the Izz-A\nFor shizzle, my nizzle, used to dribble down in VA\nH to the Izz-O, V to the Izz-A\nThat's the anthem, get'cha damn hands up!\nH to the Izz-O, V to the Izz-A\nNot guilty, y'all got to feel me\nH to the Izz-O, V to the Izz-A\nThat's the anthem, get'cha damn hands up!\n\n[Verse 2]\nI do this for my culture, to let them know\nWhat a nigga look like when a nigga in a roaster\nShow them how to move in a room full of vultures\nIndustry is shady, it needs to be taken over\nLabel owners hate me, I'm raising the status quo up\nI'm overcharging niggas for what they did to the Cold Crush\nPay us like you owe us for all the years that you hoed us\nWe can talk, but money talks, so talk mo' bucks\n\n[Chorus]\nH to the Izz-O, V to the Izz-A\nFor shizzle, my nizzle, used to dribble down in VA\nH to the Izz-O, V to the Izz-A\nThat's the anthem, get'cha damn hands up!\nH to the Izz-O, V to the Izz-A\nNot guilty, y'all got to feel me\nH to the Izz-O, V to the Izz-A\nThat's the anthem, get'cha damn hands up!\n\n[Verse 3]\nHov is back, life stories told through rap\nNiggas acting like I sold you crack\nLike I told you sell drugs, no, Hov did that\nSo hopefully you won't have to go through that\nI was raised in the projects, roaches and rats\nSmokers out back sellin' their mama's sofa\nLookouts on the corner focused on the ave\nLadies in the window, focused on the kinfolk\nMe under a lamppost, why I got my hand closed?\nCrack's in my palm, watching the long arm of the law\nSo you know I seen it all before\nI've seen Hoop Dreams deflate like a true fiend's weight\nTo try and to fail: the two things I hate\nSucceed and this rap game: the two things that's great\nH to the Izz-O, V to the Izz-A\nWhat else can I say about dude? I gets bu-sy\n\n[Chorus]\nH to the Izz-O, V to the Izz-A\nFor shizzle, my nizzle, used to dribble down in VA\nH to the Izz-O, V to the Izz-A\nThat's the anthem, get'cha damn hands up!\n\nH to the Izz-O, V to the Izz-A\nNot guilty, y'all got to feel me\nH to the Izz-O, V to the Izz-A\nThat's the anthem, get'cha damn hands up!\n\n[Outro]\nH to the Izz-O, V to the Izz-A\nH to the Izz-O, V to the Izz-A\nH to the Izz-O, V to the Izz-A\nH to the Izz-O, V to the Izz-A\nH to the Izz-O, V to the Izz-A\nH to the Izz-O, V to the Izz-A", "image": "https://images.genius.com/ad3d3452a06d4610dee9f32c3de4e193.300x300x1.jpg"}], "artist": "JAY-Z"}