{"songs": [{"title": "Young Forever", "album": "The Blueprint 3", "year": "2009-09-08", "lyrics": "[Intro: Mr. Hudson]\nLet's dance in style, let's dance for a while\nHeaven can wait, we're only watching the skies\nHoping for the best but expecting the worst\nAre you gonna drop the bomb or not?\nLet us die young or let us live forever\nWe don't have the power but we never say never\nSitting in a sandpit, life is a short trip\nThe music's for the sad man\n\n[Chorus: Mr. Hudson (Jay-Z)]\nForever young, I wanna be forever young\nDo you really want to live forever, forever, and ever?\nForever young (young)\nI wanna be (Aye, may the best of your todays)\nForever young (Be the worst of your tomorrows)\nDo you really want to live forever (But we ain't even thinkin' that far)\nForever (ya know what I mean?)\nForever young\n\n[Verse 1: Jay-Z]\nSo we living life like a video (video)\nWhere the sun is always out and you never get old\nAnd the champagne's always cold and the music is always good\nAnd the pretty girls just happen to stop by in the hood\nAnd they hop they pretty ass up on the hood of that pretty ass car\nWithout a wrinkle in today, 'cause there's no tomorrow\nJust a picture perfect day that last a whole lifetime\nAnd it never ends cause all we have to do is hit rewind\nSo let's just stay in the moment, smoke some weed, drink some wine\nReminisce, talk some shit, forever young is in your mind\nLeave a mark they can't erase, neither space nor time\nSo when the director yells cut, I'll be fine\nI'm forever young\n\n[Chorus: Mr. Hudson]\nForever young, I wanna be forever young\nDo you really want to live forever, forever, and ever?\nForever young, I wanna be forever young (forever young)\nDo you really want to live forever, forever? Forever young\n\n[Verse 2: Jay-Z]\nFear not when, fear not why, fear not much while we're alive\nLife is for living, not living uptight, 'till you're somewhere up in the sky\nFear not die, I'll be alive for a million years, bye bye's\nAre not for legends, I'm forever young, my name shall survive\nThrough the darkest blocks, over kitchen stoves, over Pyrex pots\nMy name shall be passed down to generations\nWhile debating up in barbershops\nYoung slung, hung here, showed that a nigga from here\nWith a little ambition, just what we can become here (yeah)\nAnd as the father pass the story down to his son's ears\nYoung'll get younger every year, yeah\nSo if you love me baby, this is how you let me know\nDon't ever let me go, that's how you let me know, baby\n\n[Chorus: Mr. Hudson]\nForever young, I wanna be forever young\nDo you really want to live forever, forever, and ever?\nForever young, I wanna be forever young\nDo you really want to live forever, forever? Forever young\n\n[Verse 3: Jay-Z]\nJust let it run..\nSlamming Bentley doors, hopping outta Porsches\nPopping up on Forbes' list, gorgeous (hold up)\nNiggas thought I lost it, they be talking bullshit\nI be talking more shit, they nauseous (hold up)\nI'll be here forever, you know I'm on my fall shit\nAnd I ain't with foreclosure, I will never forfeit\nLess than four bars, Guru bring the chorus in\nDid you get the picture yet?\nI'm painting you a portrait of Young\n\n[Chorus: Mr. Hudson]\nForever young, I wanna be forever young\nDo you really want to live forever, forever, and ever?", "image": "https://images.genius.com/dc14d45837f460a5913d348eb70d25bb.500x500x1.jpg"}], "artist": "JAY-Z"}