{"songs": [{"title": "Broken English & Drug Sellin'", "album": null, "year": null, "lyrics": "[Hook]\nNickels and dimes, kilos and nines\nCan't stop the flow when all we know is crime\n\n[Sample]\nTalk broken english and drug selling\n\n[Verse 1]\nI got the formula to success: get yourself\nA kilo from Bobbito, then get yourself a couple of peoples\nAnd we can make this work, never let them niggas try to jerk\nIf they do, put them in the dirt then murk\nNow, get your property some place to harbor these\nGet yourself a couple of shorties that shoot a Glock with ease\nAnd let's start clocking G's, never let Bobbito sell you flour\nTake a [?] now it's time to flip 'em like Micky D's\nTake your baking soda and your triple beam\nNot too much soda, gotta keep it potent enough to cripple fiends\nAnd keep 'em running, coming back; keep your gun in lap\nIn case these niggas try to steal your crack, there'll be none of that\nJust lock it down like Comstock nothing better\nDon't ever sell a tray on my block you'll need the doc-\n-Tor, move fast to have a empty case\nWhen you start seeing dough get that fire proof sentry safe\n\n[Hook]\n\n[Verse 2]\nHustling 101 welcome to the class\nYou'll learn the art of dealing history and making broken English your math\nI can't teach you how to stash, see myself I hold cash\nEvery dollar like its my last, 'cause it might be\nI stay away from hoochies that love Gucci's and Louis\nVuitton - the Don, before I spend: do me\nBefore the sun rose we was out chasing dollars\nWith a couple of O's that follow downing bottles of ros\u00e9\nAnd we celebrating living life 'cause Hell can wait\nFirst it was capsules, now its fish scales and selling weight\nWhat about rapping, rappers always be asking, \"What?\"\nWhile you was on promo tour I was at home laughing\nStashing, staying in fashion, putting cash in\nThe fireproof sentry safe if we die for loot\n\n[Hook]\n\n[Verse 3]\nSlacking in the game, can't make it happen\nCop some cracks and put yourself back on the map and\nOnce your clientele's grooving without you nothing's moving\nYou got that shit they want, need, gotta have when they're using\nThis shit is deeper than the streets, we're working for the government\nBefore they try to Larry Davis me we're going public\nCan't see my future from the street so I live for now\nGotta get legit before they hear my name too much downtown\nTryna be up out this shit soon as I start packing\nEvery time I try to leave this game it pull me back in\nA magnet to selling small white crack mints\nThink bags of it 'cause I never had shit\nI gotta get mine regardless even if it means\nPutting my ass on the line like a trapeze artist\nI gotta blow, watch for the smoke\nThat's all I know so that's all I wrote\n\n[Hook]", "image": "https://images.genius.com/bf0f68ee56f29c8542ad805c6419682b.676x676x1.jpg"}], "artist": "JAY-Z"}