{"songs": [{"title": "99 Problems", "album": "The Black Album", "year": "2003-11-04", "lyrics": "[Produced by Rick Rubin]\n\n[Hook]\nIf you're havin' girl problems, I feel bad for you, son\nI got 99 problems, but a bitch ain't one\n\n[Verse 1]\nI've got the Rap Patrol on the gat patrol\nFoes that wanna make sure my casket's closed\nRap critics that say he's Money, Cash, Hoes\nI'm from the hood, stupid! What type of facts are those?\nIf you grew up with holes in your zapatos\nYou'd celebrate the minute you was havin' dough\nI'm like, \"Fuck critics, you can kiss my whole asshole!\nIf you don't like my lyrics, you can press fast forward.\"\nGot beef with radio if I don't play they show\nThey don't play my hits, well, I don't give a shit, so\nRap mags try and use my black ass\nSo advertisers can give 'em more cash for ads\nFuckers, I don't know what you take me as\nOr understand the intelligence that Jay Z has\nI'm from rags to riches, niggas, I ain't dumb\nI got 99 problems, but a bitch ain't one \u2013 hit me!\n\n[Hook]\n99 problems, but a bitch ain't one\nIf you're havin' girl problems, I feel bad for you, son\nI got 99 problems, but a bitch ain't one \u2013 hit me!\n\n[Verse 2]\nThe year is '94, in my trunk is raw\nIn my rearview mirror is the motherfuckin' law\nGot two choices, y'all: pull over the car or\nBounce on the devil, put the pedal to the floor\nAnd I ain't tryin' to see no highway chase with Jake\nPlus I got a few dollars, I can fight the case\nSo I pull over to the side of the road\nI heard, \"Son, do you know why I'm stopping you for?\"\n\u2018Cause I'm young and I'm black and my hat's real low?\nDo I look like a mind reader, sir? I don't know\nAm I under arrest or should I guess some more?\n\"Well, you was doing 55 in a 54\nLicense and registration and step out of the car\nAre you carrying a weapon on you? I know a lot of you are.\"\nI ain't steppin' out of shit, all my paper's legit\n\"Well, do you mind if I look around the car a little bit?\"\nWell, my glove compartment is locked, so is the trunk in the back\nAnd I know my rights, so you gon' need a warrant for that\n\"Aren't you sharp as a tack?\nYou some type of lawyer or something?\nSomebody important or something?\"\nWell, I ain't passed the bar, but I know a little bit\nEnough that you won't illegally search my shit\n\"Well, we'll see how smart you are when the K9 come!\"\nI got 99 problems, but a bitch ain't one \u2013 hit me!\n\n[Hook]\n99 problems, but a bitch ain't one\nIf you're havin' girl problems, I feel bad for you, son\nI got 99 problems, but a bitch ain't one \u2013 hit me!\n99 problems, but a bitch ain't one\nIf you're havin' girl problems, I feel bad for you, son\nI got 99 problems, but a bitch ain't one\n\n[Verse 3]\nNow once upon a time not too long ago\nA nigga like myself had to strong-arm a ho\nThis is not a ho in the sense of havin' a pussy\nBut a pussy havin' no goddamn sense, try and push me\nI try to ignore him, talk to the Lord\nPray for him, but some fools just love to perform\nYou know the type, loud as a motorbike\nBut wouldn't bust a grape in a fruit fight\nAnd only thing that's gon' happen is I'ma get to clappin'\nAnd he and his boys gonna be yappin' to the Captain\nAnd there I go, trapped in the Kit-Kat again\nBack through the system with the riff-raff again\nFiends on the floor, scratchin' again\nPaparazzis with they cameras, snappin' em\nD.A. try to give a nigga shaft again\nHalf a mil' for bail \u2018cause I'm African\nAll because this fool was harassin' them\nTryin' to play the boy like he's saccharine\nBut ain't nothin' sweet 'bout how I hold my gun\nI got 99 problems, bein' a bitch ain't one \u2013 hit me!\n\n[Hook]\n99 problems, but a bitch ain't one\nIf you're havin' girl problems, I feel bad for you, son\nI got 99 problems, but a bitch ain't one \u2013 hit me!\n\n[Outro]\nYou crazy for this one, Rick\nIt's your boy", "image": "https://images.rapgenius.com/d5045029766e3e4cc0e64ee3f0c7f95f.500x500x1.jpg"}], "artist": "JAY-Z"}