{"songs": [{"title": "Anything (2006)", "album": "Kingdom Come", "year": "2006-11-21", "lyrics": "[Chorus: Usher & Pharrell]\nAnything you want girl\nI'll bet you never seen it like this\nJust stay up on that floor girl\nAnd I'll grant all your wishes\nYou know, you know, you know (you hot)\nYou know, you know, you know (you hot)\nYou know, you know, you know (you hot)\nYou know, you know, you know\nEspecially when you bounce, bounce\nI really like it when you bounce, bounce\nI see money when you bounce, bounce\nGirl I like it when you bounce, bounce, whoa\n\n[Verse 1: Jay-Z]\nOoh you so nasty, amateur pole dancing\nCome and get this cash from me, they call me Rain Man\nShe tried to rain dance, money so long it'll drown you girl\nBuried under so much stacks\nThey had to pull back about 50 thou before they found ya girl\nI brought book bags of that bankroll, I'm a D-boy, baby they know\nI'm an original D-boy, they go bankrupt if they try to keep up\nNo roof in my car but I got mirrors on the ceiling\nI'll spread bread on the bed, ever had sex on a million?\nTell me\n\n[Chorus: Usher & Pharrell]\nAnything you want girl\nI'll bet you never seen it like this\nJust stay up on that floor girl\nAnd I'll grant all your wishes\nYou know, you know, you know (you hot)\nYou know, you know, you know (you hot)\nYou know, you know, you know (you hot)\nYou know, you know, you know\nEspecially when you bounce, bounce\nI really like it when you bounce, bounce\nI see money when you bounce, bounce\nGirl I like it when you bounce, bounce, whoa\n\n[Verse 2: Jay-Z]\nRed light, TLC\nThrough the left eye, my POV\nOn the iChat\nHow's that for computer love? She rolled her eyes back\nI'm like, \"Ooh you're so nasty\"\nYou turned my Maybach back seat into the Hotel De'Paris\nI ain't gotta go down to the go-go\nYou got a private show that's like Magic City\nI got stacks of fifties, I got piles of hundreds\nLet's role play, act like you want it\nYou know, you know you hot like fire\nYou throw that body, I'll throw them dollars\nBut not them 1's and not no 5's\nHave you ever seen a Grover Cleveland?\nThat's a thousand dollar bill, baby\n\n[Chorus: Usher & Pharrell]\nAnything you want girl\nI'll bet you never seen it like this\nJust stay up on that floor girl\nAnd I'll grant all your wishes\nYou know, you know, you know (you hot)\nYou know, you know, you know (you hot)\nYou know, you know, you know (you hot)\nYou know, you know, you know\nEspecially when you bounce, bounce\nI really like it when you bounce, bounce\nI see money when you bounce, bounce\nGirl I like it when you bounce, bounce, whoa\n\n[Verse 3: Jay-Z]\nYou know, you know, you hot like fire\nAs I blow, some dough, you might could retire\nTake it slow like Neo, when shots was fired\nIn the Matrix have patience, got lots of bottles\nRock-a-bye baby Jay-Z got notes like Mariah\nGot no 1's got no 5's, my D notes are higher\nI'm a D boy, they decoys, they money is lighter\nThan Nicole Richie, roll with me, they on a diet baby\n\n[Chorus: Usher & Pharrell]\nAnything you want girl\nI'll bet you never seen it like this\nJust stay up on that floor girl\nAnd I'll grant all your wishes\nYou know, you know, you know (you hot)\nYou know, you know, you know (you hot)\nYou know, you know, you know (you hot)\nYou know, you know, you know\nEspecially when you bounce, bounce\nI really like it when you bounce, bounce\nI see money when you bounce, bounce\nGirl I like it when you bounce, bounce, whoa\n\n[Interlude: Jay-Z & Usher]\nThis is sponsored by the Goodfellas\nU-S-, H-E-R, R-A-, Y-M-, O-N-D, Skateboard P\nAnd the J to the A to the Y to the Z, bitch!\nHehe, woo!\nMagic City, Club Rolex, Sue\u2019s Rondevu\nAnd all the amateur strippers, who's in aerobics classes\nTry it out at home, it works baby, it work\nI can make great, baby\nJust put it on the floor baby\n\n[Chorus: Usher & Pharrell]\nAnything you want girl\nI'll bet you never seen it like this\nJust stay up on that floor girl\nAnd I'll grant all your wishes\nYou know, you know, you know (you hot)\nYou know, you know, you know (you hot)\nYou know, you know, you know (you hot)\nYou know, you know, you know\nEspecially when you bounce, bounce\nI really like it when you bounce, bounce\nI see money when you bounce, bounce\nGirl I like it when you bounce, bounce, whoa", "image": "https://images.genius.com/4371d45b1c52d7dc87e4204ae0aa8373.900x900x1.jpg"}], "artist": "JAY-Z"}