{"songs": [{"title": "Things That U Do", "album": "Vol.\u00a03\u2026 Life and Times of S.\u00a0Carter", "year": "1999-12-28", "lyrics": "[Intro: Jay-Z]\nUh-huh, uh\nJigga Man, uh-huh MC\nThat's right\nSwizz Beatz\nUh, uh, come on\n\n[Chorus: Mariah Carey & (Jay-Z)]\nIt's the things that you do\nThat make me feel so\n(Come on, inhale, exhale, breathe on it for me)\nAnd I don't know the way I feel\nI can't explain\n(Uh)\nI love you\nYou thug you, look what you make the clubs do\n(Bounce, bounce)\nIt's the things that you do\nThat make me feel so\n(Exhale breathe on it for me)\nAnd I don't know the way I feel\nI can't explain (Yeah)\nI love you\n(Uh come on)\nYou thug you, look what you make the clubs do\n\n[Verse 1: Jay-Z]\nYou know the flow sicker, know Jigga, mo' sicker now right\nYou know what me and Swizz's shit sound like\nCrazed and demonic, uh, without blazin' chronic\nProduct of Reaganomics\nYou know that motherfuckin' stoop raised me\nRingin' in the hoops but I was too lazy\nSchool made me sick, teachers said I was too crazy\nLow and behold, it's the new and improved Jay-Z\nLet me explain this to you, baby\nI spent nights out, days in\nNiggas was blazing, twelve noon where I was raised in\nI felt caged in but kept roaming\nPrayed for the Day of Atonement\nMarried to the streets no date of annulment\nIt seems every time it comes up\nThey postpone it\nSo I kept my chrome at the waist\nWaiting for the omen\nSavoring the moment and now you know\nThe reason that I flow the way I flow, baby\n\n[Chorus: Mariah Carey & (Jay-Z)]\nIt's the things that you do\nThat make me feel so\n(Come on, inhale, exhale, breathe on it for me)\nAnd I don't know the way I feel\nI can't explain\n(Uh)\nI love you\nYou thug you, look what you make the clubs do\n(Bounce, bounce)\nIt's the things that you do\nThat make me feel so\n(Exhale breathe on it for me)\nAnd I don't know the way I feel\nI can't explain (Yeah)\nI love you\n(Uh come on)\nYou thug you, look what you make the clubs do\n\n[Verse 2: Jay-Z]\nYou know I move like an ounce\nBottled up like crack\nThat's how I make you bounce like that\nDefy Webster's words they can't pronounce like that\nThat's why no other rapper got a sound like that\nTrap, trap of my life\nFlashback, kill niggas\nRap skills unmatched, Jigga Man baby\nI can't entertain it sometimes I can't explain it\nGod given, guess it was all for hard living\nFar be it from me to question Allah's wisdom\nCould've been lost in the system\nInstead I'm involved with the rhythm\nI dodged prison, came out unscathed from car collisions\nI know I must be part of some mission\nShit, I used take it for granted\nWhy they placed me on this planet\nI would ask myself while writin' raps to myself\nBut right there under my nose\nWas the flow of all flows\nNot a demon but a rose in the cement, come on\n\n[Chorus: Mariah Carey & (Jay-Z)]\nIt's the things that you do\nThat make me feel so\n(Come on, inhale, exhale, breathe on it for me)\nAnd I don't know the way I feel\nI can't explain\n(Uh)\nI love you\nYou thug you, look what you make the clubs do\n(Bounce, bounce)\nIt's the things that you do\nThat make me feel so\n(Exhale breathe on it for me)\nAnd I don't know the way I feel\nI can't explain (Yeah)\nI love you\n(Uh come on)\nYou thug you, look what you make the clubs do\n\n[Verse 3: Jay-Z]\nYou know I've traveled through zones\nHomes spazzed like a bad back\nI came into this game on Jaz's back\nI jumped off stood on my own two like boom, that's that\nYeah I'm here to show and prove\nDon't matter to me the Garden or flowin' on Clue\nWhatever niggas wanna do - it's alright with me\nWhether you big or bossy, jig or flossy\nDusty or musty, sober or saucy\nBroker than Todd Bridges, richer than Bill Cosby\nForgive me for my arrogance or you still salty?\nPast on to the next life and you still haunt me\nI'ma keep doing me unfortunately\nI make the club rock, make thugs pop guns\nMake old folks do the bus stop; can't stop son\nShit I give you what's hot and what's not, I never knew\nY'all (niggas) know (niggas) how (niggas) do\n\n[Chorus: Mariah Carey & (Jay-Z)]\nIt's the things that you do that make me feel so\n(Uh, exhale, inhale)\nAnd I don't know the way I feel\nI can explain\nI love you\nYou thug you, look what you make the clubs do\n(Uh, bounce, shake, what? uh-huh)\nIt's the things that you do that make me feel so\n(Uh-huh, inhale, exhale)\nAnd I don't know the way I feel I can explain\nI love you\nYou thug you, look what you make the clubs do\n(Bounce, shake ladies)\nIt's the things that you do that make me feel so\n(Uh-huh, breathe for me, uh, uh-huh)\nAnd I don't know the way I feel\nI can explain\n(Uh)\nI love you\nYou thug you, look what you make the clubs do\n(Lights out niggas)\nIt's the things that you do that make me feel so\nAnd I don't know the way I feel I can explain\nI love you\nYou thug you, look what you make the clubs do\nIt's the things that you do that make me feel so\nAnd I don't know the way I feel I can explain\nI love you\nYou thug you, look what you make the clubs do\nIt's the things that you do that make me feel so\nAnd I don't know the way I feel I can explain\nI love you\nYou thug you, look what you make the clubs do", "image": "https://images.genius.com/a86a3bfe43c01e670a838a01b74af959.300x298x1.jpg"}], "artist": "JAY-Z"}