{"songs": [{"title": "Bam", "album": "4:44", "year": "2017-06-30", "lyrics": "[Chorus: Damian Marley and JAY-Z]\nNow greetings to the world\nGangsta nuh live in a tenement yard\nRude boy nuh live in a tenement yard\nToo much watchy, watchy, watchy\nToo much su, su, su, su, su\nThem chatty, chatty, chatty\nThem su, su, su, su, su\nFuck all this pretty Shawn Carter shit nigga, HOV\n\n[Verse 1: JAY-Z]\nShawn was on that gospel shit\nI was on the total fuckin' opposite\nShit, stuff a million dollars in the sock drawer\nThat's a war chest in case you need your chest knocked off\nY'all be talkin' crazy under them IG pictures\nSo when you get to hell you tell 'em Blanco sent ya\nI can't take no threats, I got a set of twins (ah!)\nThose were just some words you'll never hear again (uh huh!)\nFor the final time you don't believe these fools\nI've never seen a worker rock so many jewels (never!)\nI've never seen the runner with so many cars (never!)\nY'all couldn't stop me, you're not as tough as you say you are\nMy advice is just don't be too nice to niggas\nJust set the price so niggas'll live your life, my nigga\nOnce upon a time in the projects\nShawn was in flight mode, I bought a Pyrex\nI was in fight mode and now it's \"fuck me, mijo\"\nI was movin' them kilos, help you move your peoples\nSometimes you need your ego, gotta remind these fools\nWho they effin' with, and we got FN's too\nBefore we had A&R's, we had AR's too\nWe the only ones really movin' like y'all say y'all do\nWe still movin' like y'all niggas say y'all did\nEmory passed you niggas and he did a bid\nTy Ty jumped over niggas and he's like 5'6\"\nGot the heart of a giant, don't you ever forget\nDon't you never forget, Jigga got this shit poppin'\nI pulled out the pot when we was outta options\n\n[Chorus: Damian Marley and JAY-Z]\nGangsta nuh live in a tenement yard\nRude boy nuh live in a tenement yard\nToo much watchy, watchy, watchy\nThem su, su, su, su, su\nToo much chatty, chatty, chatty\nAnd them su, su, su, su, su\nFuck all this pretty Shawn Carter shit nigga, HOV\n\n[Verse 2: JAY-Z]\nPut that drum in your ear, don't get Srem'd\nI'll Bobby Shmurda anybody you heard of\nNiggas could not be further, I fathered your style\nBirth of a Nation, Nat Turner style\nUh, y'all make me turn up all this talkin' down\nUh, niggas is skippin' leg day just to run they mouth\nI be skippin' leg day, I still run the world\nI pressed ahead of your team with one finger curled\nI'll line you all up with one finger wave\nMake niggas weave, niggas is out here fake\nLaced front to the back, don't front\nY'all gonna make me wig, I'ma give y'all what you want, uh\n\n[Chorus: Damian Marley and JAY-Z]\nGangsta nuh live in a tenement yard\nDreadlocks nuh live in a tenement yard\nToo much watchy, watchy, watchy\nAnd them su, su, su, su, su\nToo much chatty, chatty, chatty\nAnd them su, su, su, su, su\nFuck all this pretty Shawn Carter shit nigga, HOV\n\n[Outro: Damian Marley]\nCan't you see it's my ambition\nI come to nice up the whole nation\nWhat a bam bam yeah, Lord\nAnd mi seh what a bam bam (Do it, Jay!)\nCan't you see it's my ambition\nI come to nice up the whole nation\nWhat a bam bam, what a bam bam\nI don't give a God damn, I don't give a God damn\nWhen mi come a dance and mi spliff and Guinness\nYow, crowd of people\u2013go and mind yuh business\nThis a hunting season, mek I tell you hunting season\nWell, I tell ya something season, yow this a hunting season\nCake and dumpling season, spinners and dumpling season\nDon't play by the king, love is all I and I bring you know\nVoice of the one pon gully banking\nTop ranking, keep it skanking\nOoh wee, huh, hear me now", "image": "https://images.genius.com/4cf5f4f88ace021acdc18cc3cefcf2f4.1000x1000x1.jpg"}], "artist": "JAY-Z"}