{"songs": [{"title": "Ranking His Own Albums", "album": null, "year": null, "lyrics": "1. Reasonable Doubt\n2. The Blueprint\n3. The Black Album\n4. Vol. 2...Life and Times of Shawn Carter\n5. American Gangster\n6. Magna Carta...Holy Grail\n7. In My Lifetime, Vol. 1\n8. The Blueprint 3\n9. The Dynasty: Roc La Familia\n10. Vol. 3...Life and Times of Shawn Carter\n11. The Blueprint 2\n12. Kingdom Come", "image": "https://images.genius.com/bf0f68ee56f29c8542ad805c6419682b.676x676x1.jpg"}], "artist": "JAY-Z"}