{"songs": [{"title": "Nigga What, Nigga Who (Originator '99)", "album": "Vol.\u00a02\u2026 Hard Knock Life", "year": "1999-03-01", "lyrics": "[Intro: Jay-Z]\nUh-huh uh-huh, gi-gi gi-geyeah\nRoc-A-Fella y'all, uh-huh uh-huh, Jigga\nTimbaland shit, nine-eight, BEATCH\nSay what, say what? Uh-huh uh-huh, follow me beatch\n\n[Refrain: Amil (Jay-Z)]\nNigga what, nigga who?\n(Y'all niggas can't fuck with me)\nNigga what, (get ready yo) nigga who?\nSwitcha flow, getcha dough\nCan't fuck with this Roc-A-Fella shit though\nSwitcha flow, getcha dough\nCan't fuck with this Roc-A-Fella shit though\n\n[Verse 1: Jay-Z]\nUh-huh uh-huh, yeah, yeah\nMotherfuckers wanna act loco\nHit 'em up numerous\nShots with the fo'-fo'\nFaggots wanna talk to po-po's, smoke 'em like coco\nFuck rap, coke by the boatload\nFuck that on the run-by, gun high, one eye closed\nLeft holes through some guy clothes\nStop your bullshit, Glock with the full clip\nMotherfuckers better duck when the fool spit\nOne shot could make a nigga do a full flip\nSee the nigga laying shocked when the bullet hit\nOh hey ma, how you know niggas wanna buy you\nBut see me I wanna fuck for free like Akinyele\nTake this ride, make you feel it inside your belly\nIf it's tight, get the K-Y Jelly\nAll night get you wide up inside the telly\nSide to side, 'til you say Jay-Z you're too much for me\n\n[Chorus: Jay-Z & (Amil)]\n(Nigga what?) Make you think you can fuck with me\n(Nigga who?) Recognize girl, Jay to the Z\n(Nigga what?) Make you think you can fuck with me\n(Nigga who?) Recognize girl, Jay to the Z\n(Nigga what?) Make you think you can fuck with me\n(Nigga who?) Recognize girl, Jay to the Z\n(Nigga what?) Make you think you can fuck with me\n(Nigga who?) Recognize bitch, Jay to the motherfuckin' Z\n\n[Verse 2: Jay-Z]\nGot a condo with nothing but condoms in it\nThe same place where the rhymes is invented\nSo all I do is rap and sex, imagine how I stroke\nSee how I was flowing on my last cassette\nRapid-fire like I'm blasting a TEC, never jam though\nNever get hot, never run out of ammo\nNiggas hating and shit 'cause I slayed your bitch\nYou know your favorite, I know it made you sick\nAnd now you're, acting raw but you never had war\nDon't know how to carry your ho, wanna marry your ho\nNow she's mad at me 'cause Your Majesty\nJust happened to be a pimp - what a tragedy\nShe want, us to end 'cause I fucked her friend\nShe gave me one more chance and I fucked her again\nI seen her tears as she busted in, I said, \"shit\nThere's a draft, shut the door bitch and come on in!\"\n\n[Chorus: Jay-Z & (Amil)]\n(Nigga what?) Make you think you can fuck with me\n(Nigga who?) Recognize girl, Jay to the Z\n(Nigga what?) Make you think you can fuck with me\n(Nigga who?) Recognize girl, Jay to the Z\n(Nigga what?) Make you think you can fuck with me\n(Nigga who?) Recognize girl, Jay to the Z\n(Nigga what?) Make you think you can fuck with me\n(Nigga who?) Recognize bitch, Jay to the motherfucking Z\n\n[Verse 3: Jay-Z]\nGot a vendetta even though I been better\nLeft him in the cold with a thin sweater\nRap niggas on Prozac get the bozack, niggas threw\nTwo at me I threw fo' back, hold that\nLet the dough stack\nWay before Biggs had the gold Ac'\nDame had the Lex black\nMotherfuckers wanna test that, stress that\nAnd right where you're stressed at, where you rest at\nI suggest that niggas invest in a vest when I come through\nWith the Glock jet black you niggas step back\nI'm the best at you know I ain't no apprentice to this\nMe and my niggas we invented the shit\nI came into the business with this, The Originator, none greater\nJaz-O finish this shit\n\n[Verse 4: Big Jaz (Jay-Z)]\nBetter learn, Jaz'll relax that, ever heard of me?\nWorldwide Originator say word to me\nThe population holla certainly\nI burn a nigga like a third degree\nSee me shine so bright\nNigga I'm my light, running ruling with rigor and vigor\nNobody bigger than me and my nigga Jigga\nYou fly-by-nights stop chirping B\nHeavyweight's light work for me\nFor the time in this motherfucker ain't nobody hurting me\nWhat, cut your face in like surgery\nWho the fuck got a VS\nFucking BM's on the road\nWhen you had to be in bed at the PM\nNeed the info, Jaz on the C-N-N\nForever touching my work is beginning you\u2019re ending\nNigga your style's no style my style's hostile\nC'mon, faggot nigga down to take the gun home\nThe O-RI-GI-NA-TOR\n(Can't FUCK with it, can ya?!)\n\n[Chorus: Jay-Z & (Amil)]\n(Nigga what?) Make you think you can fuck with me\n(Nigga who?) Recognize girl, Jay to the Z\n(Nigga what?) Make you think you can fuck with me\n(Nigga who?) Recognize girl, Jay to the Z\n(Nigga what?) Make you think you can fuck with me\n(Nigga who?) Recognize girl, Jay to the Z\n(Nigga what?) Make you think you can fuck with me\n(Nigga who?) Recognize bitch, Jay to the motherfuckin' Z\n\n[Refrain: Amil]\nSwitcha flow, getcha dough\nCan't fuck with this Roc-A-Fella shit though\nSwitcha flow, getcha dough\nCan't fuck with this Roc-A-Fella shit though\nSwitcha flow, getcha dough\nCan't fuck with this Roc-A-Fella shit though\nSwitcha flow, getcha dough\nCan't fuck with this Roc-A-Fella shit though\nSwitcha flow, getcha dough\nCan't fuck with this Roc-A-Fella shit though\nSwitcha flow, getcha dough\nCan't fuck with this Roc-A-Fella shit though", "image": "https://images.genius.com/4c605b957c963b891eb4bfc739a7a0a0.400x400x1.jpg"}], "artist": "JAY-Z"}