{"songs": [{"title": "Looking @ My S Dots", "album": "S. Carter The Re-Mix", "year": null, "lyrics": "[Intro]\nCan I get a small commercial break?\nI think it's time for a small commercial break\nYeah, uh huh\nGet up and stretch, I'm ready\n\n[Verse]\nLookin' at them S Dots, it's about that time\nTo do Michael Jordan numbers\nThe sneaker game is mine\nI ain't made 'em for the ball court, I made 'em to shine\nSo you can score big when you courtin' a dime\nWhen niggas see me, shit, they see the grind\nYou gotta be blind you only see the shine\nI dropped them S Dots and in record time\nThe number one seller since they first design\n50-50, you know how I handle mine\nA nickel for you, gimme my dime\nTell Paul Fireman I got him on fire, man\nHe ain't been this hot since A.I. was signed\nNow a nigga talkin' to Kenyon Martin\nShawn Marion, shit I might be startin'\nS Dot NBA niggas\nWent from bein' in VA to signin' NBA niggas\nI hurdled every hurdle, obtained\nEvery dame that was out of a nigga reach with my figure of speech\nOpen the door for my niggas with me\nOpenin' more for niggas I don't know so all y'all niggas can eat\nIf it wasn't for S Dot...\n\n[Outro]\nNow back to our regularly scheduled program, L'Album Noir: The Black Album", "image": "https://images.genius.com/02a0f82510886fabd5df0b12741b4b58.360x360x1.jpg"}], "artist": "JAY-Z"}