{"songs": [{"title": "Ultra", "album": null, "year": "2010-06-03", "lyrics": "[Intro: Swizz Beatz,  (Jay-Z)]\nHey\n(Yeah)\nHey\n(Yeah, that's what you want huh?)\nThis what you want\n(Uh)\nHey\n(Yeah)\nHey, hey, hey, say what you are Hov\n(Talk that shit nigga)\nThat's what, Oh\n(Uh)\nI put in work, oh, oh\n(Uh, Yeah)\n\n[Hook: Swizz Beatz  (Jay Z)]\nYou are\n(Ultra)\nUltra ultra ultra ultra\n(Ultra Hova)\nUltra ultra ultra ultra\nI am\nUltra ultra ultra ultra\nUltra ultra\n(Ay)\nYou are\nUltra ultra ultra ultra\n(Uh, yeah)\nUltra ultra ultra ultra\n(Uh, yeah)\nUltra ultra ultra ultra\n(I mean it's hard, what you expect?)\nUltra ultra ultra ultra\nWhat you want?\n(Uh)\n\n[Verse 1: Jay Z]\nRock my ultra ways\nProducing lumps of Ace, getting ultra blazed\nCelebrating surviving where the vultures prey\nWith a couple uber models in my ultra bay, ay\nMy clique realer, we get fresher\nBalmain jackets, Rick Owens leathers\nMy chick hotter, skip Prada, Balenciaga\nMy fame's a monster, ladies go Gaga\nFrom MC ultra ultra\nFrom the mighty ROC Nation La Costra Nostra, uh\nWay gangster, our guns is legal, so\nWe don't even care if you run to them people, ooo\nSame lawyer got Diddy off\nDid the case, same way I got rid of y'all\nUh, fuck the D.A., the mayor know me\nThe big guy in D.C. got a favor for me\n\n[Hook 3: Swizz Beatz, (Jay Z)]\nWe are\nUltra ultra ultra ultra\nUltra ultra ultra ultra\nI am\nUltra ultra ultra ultra\nUltra ultra\nRight\nYou are\nUltra ultra ultra ultra\n(Ultra ultra ultra ultra)\nUltra ultra ultra ultra\nI am\n(Ultra)\nUltra ultra ultra ultra\n(Uh, ya, yeah)\nUltra\nSay what you are\nUh, Yeah\n\n[Verse 2: Jay Z]\nI'm ultra hot\nMixing the pineapple with coconut Ciroc\nUghh, at white parties with white bitches\nFly haircuts, and dyke bitches\nLast train to Paris, first stop is Harrods\nYou don't need no baggage\nUh, I go ultra hard\nThere's no max on the matte black ultra card\nNo limit keep spending go ultra hard\nMe and Hov two yachts playing bumper cars\nUh, throw the money in the ocean like fuck it\nUghh, throw the linen on and the right bucket ughh\nUghh, I'm on that fly nigga shit\nLast thing they shoulda did is let a nigga get rich\nYou know I'm gonna go too far\nAll these diamonds in my damn chain, oh my God\n\n[Hook 3: Swizz Beatz]\nWe are\nUltra ultra ultra ultra\nUltra ultra ultra ultra\nI am\nUltra ultra ultra ultra\nUltra ultra\nRight\nYou are\nUltra ultra ultra ultra\nUltra ultra ultra ultra\nI am\nUltra ultra ultra ultra\nUltra\nRight\nWe are\nUltra ultra ultra ultra\nUltra ultra ultra ultra\nI am\nUltra ultra ultra ultra\nUltra ultra\nRight\nYou are\nUltra ultra ultra ultra\nUltra ultra ultra ultra\nI am\nUltra ultra ultra ultra\nUltra\nRight", "image": "https://images.genius.com/bf0f68ee56f29c8542ad805c6419682b.676x676x1.jpg"}], "artist": "JAY-Z"}