{"songs": [{"title": "Ain't No Nigga (Original Radio Edit)", "album": null, "year": null, "lyrics": "[feat. Foxy Brown]\n[Jay Z]\nI keep it fresher than the next bitch\nNo need..for you to ever sweat the next bitch\n..with speed I make the best bitch see the exit..indeed\nYou gotta know your thoroughly respected by me\nYou get the keys to the Lexus with no driver\nYou gotcha own '96 suh in..the ride\nAnd keep your ass tighter than Versace thats why\nYou gotta watch your friends you got to watch me\nThey conniving shit\nThe first chance to crack the bank\nThey try me, all they get is 50 cent franks\nAnd papayas, from the village to the tele\nTime to kill it on your belly no question\nI got more black chicks between my sheets than Essence\nThey say sex is a weapon, so when I shoot\nMmet your death in less than 8 seconds\nStill poundin in my after life..\nLaugin my shit is tight\nYou who askin right...\nChorus\nAin't no nigga like the one I got\nNo one can fuck you betta\nSleeps around but he gives me alot\nKeeps you in diamonds and leathers\nFriends 'ill tell me I should leave you alone\nHah hah, hah hah, hah hah, hah ha\nTell the freaks to find a man of there own\n(man a they own, man a they own)\n[Jay Z]\nFresh to def in my skeeno\nCoach bag lookin half black and filipino fakin no jacks\nGot you a beeper to feel important\nSurrouding your feet in Joanie Dega's and Charles Jordan\nI keep ya dove but love\nYou know these ho's be makin me weak\nYall knows how it goes 'b and so I creep\nIve been sinnin since you been playin wit Barbie and Ken in\nYou can't change a players game in the 9th inning\nThe chrome rim spinning keeps em grinnin\nSo I run way the fuck up in em\nAnd wrinkle the face like linnin\nI play hard-eh till they say God..\nHe's keepin it real jigga stay hard\nLawd don't even trip\nI never slip, nigga what you dont see is whatcha get\nWeapons concealed what the fuck yall feel\nWhen you nigga play sick we can all get ill\n-whats the deal-\nChorus\n[Jay Z]\nYo, ain't no stoppin this, no lie\nPromise to stay monogamous, I try\nBut love you know these ho's be makin me weak\nYall knows how is goes 'b so I stay deep\n[Foxxy Brown]\nWhat up boo just keep me laced in the illa snakes\nBank rolls and shit, back rubs in the french tubs\nMakin this bitch, wifee nigga\nSo when you flip that coke\nRemember them days you was dead broke\nBut now your style and I raised you\nBasically made you into a don\nFlippin weight..heroin and shit\nYou know my pussy is all that\nThats why I get bagets 5 carats and all that\nFrom doshay?????from H Im ringing bells\nSo who the playa, I still keep you in the illest gators\nTailor made so we can lay up in the shade reminiscin\nOn how I fuck the best a shit\nSpecially when Im flippin Baileys\nDont give a fuck about how you move with them other mamis\nI push disease, eatin shrimp diamond rocks larger than life\nFuck them Reebok broads, you made it known who your wife was\nI got you frontin in Armani sweaters\nBefore this rap shit\nWhen you was in letters and bullshit berattas\nAnd eek classes with mo in the glasses\nShows in Cali wit all the flavor suede Bally's\nNow all your mens' up in your benz's\nHigh post, I swear you be killin me\nPlayin inside my pubic hairs\nI never worry bout them other chicks\nCuz you proved who was your wiz\nWhen you was spinnin that bitch\nI took a little when you was up north\nYour comisary stay pilin\nHow you livin large on the island\nAll them collects have me vex\nBut when you come home\nKnew I was comin off wit half of dem checks\nNow we on the rise\nYour diamond mami wit the slanted eyes\nHoldin this grip cocked the green and the shit\nFolks know I see half the dough\nMake you wonder a star\nPushin hundred thousand dollar cars\nChorus", "image": "https://images.genius.com/bf0f68ee56f29c8542ad805c6419682b.676x676x1.jpg"}], "artist": "JAY-Z"}