{"songs": [{"title": "Best Rapper Alive Mashup", "album": null, "year": null, "lyrics": "[Intro]\n([Jay-Z]Best rapper alive) x4\n[Jay-Z] Whoo!...Ladies and gentlemen...\n[Eminem] You're now about to witness the power of...\n[Jay-Z] H, to the Izzo... and...\n[Eminem] Shady (ha-ha)... It's showtime\n\n[Verse 1 - Jay-Z]\nYo, gather round hustlers that's if you still living\nAnd get on down, to that ol' Jig rhythm\nHere's a couple of jewels to help you get through your bid in prison\nA ribbon in the sky, keep your head high\nI, Young 'Vito, voice of the young people\nMouthpiece for hustlers I'm back motherfuckers\nYour reign on the top was shorter than leprechauns\nY'all can't fuck with Hov', what type of X y'all on?\nI got great lawyers for cops so dress warm\nCharges don't stick to dude he's teflon\nI'm too sexy for jail like I'm Right Said Fred\nI'm not guilty, now GIVE ME back my bread\nMr. District Attorney I'm not sure if they told you\nI'm on TV every day, where the fuck could I go to\nPlus - Hov' don't run, Hov' stand and fight\nHov's a soldier, Hov' been fightin all his life so\nWhat could you do to me? It's not new to me\nSue me; fuck you - what's a couple dollars to me?\nBut you will respect me, simple as that\nOr I got no problem going back\nI'm representing for the seat where Rosa Parks sat\nWhere Malcolm X was shot, where Martin Luther was popped\nSo off we go, let the trumpets blow\nAnd hold on, because the driver of the mission is a pro\nThe ruler's back\n\n[Hook - Jay-Z and Eminem]\n(Best Rapper Alive) x4\n[Jay-Z]\nUhh, uh-huh uhh uhh\nI, am, BACK, niggas -\nYeah, yeah, yeah\nTurn the motherfucking music up\n[Jay-Z & Eminem] Can't leave rap alone the game needs me\n[Eminem]\"Give me the mic, show me where the fucking studio's at\"\n\n[Verse 2 - Eminem]\nThere's never been this, much of a menace in this game as this\nAnd it's the, most sinister duo in the business\nOnce again its the, illest and realest killas\nThe most villainous Dre protege, Shady apprentice\nDrop them zeros and get with these heroes\nDo you want losers or winners, this music is in us, and it's\nNot over 'till we say it's finished and G-Unit spinners\nWill keep spinning, this is Hip Hop when it's in it's\nTruest form, the greatest, Hate us or love us\nMake voodoo dolls of us and keep stickin' those pins in us\nThick as his skin is or as short as his wick is\nThe trick is to be able to walk big as his dick is\nAnd as sick as his music is, or was, still is\nWhatever, forever, he will be the illest\nTo ever sh-shock the world, what to do next\nHe's already reconciled with his ex, a chainsaw and an axe\nJump a bitch's desk, strangle her neck\nWhile we have sex while Bill Clinton plays the sax\nI sprays the vex, yeah bring Shady on back\nThe maniac of rap, devil baby on crack\nResurrect, I never left, baby I'm bad\nI've gone mad, my comrade Dre-zy automatically\nHe says I'm too broke to fix, way beyond that\nI may be off drugs, but it's made me off track\nIn fact, this right here very well could be the last rap\nI ever do spit, I'll never do shit, that's that\nFuck it I quit, suck on a dick, jackass\nI'm done with this wack ass rap, kiss my black ass\n\n[Hook]\n\n(Best Rapper Alive) x4\n[Em & Jay-Z] \"Can't leave rap alone the game needs me\"", "image": "https://images.genius.com/bf0f68ee56f29c8542ad805c6419682b.676x676x1.jpg"}], "artist": "JAY-Z"}