{"songs": [{"title": "Troubles On My Mind", "album": null, "year": null, "lyrics": "I've got so much troubles on my mind\nRefuse to lose\nMy nephews need new shoes\nPlus they chew food like it\u2019s goin outta style so blaow!\nTake that nigga four way back\nI\u2019m always strapped like Nike Airs\nIt\u2019s right here\nUnder the belt and one in the hand, nigga\nNothin to help I\u2019m wanted with the feds\nAnybody killer for anybody\u2019s scrilla\nAnybody out there know anybody realer\nAny amount of hunger make any nigga dealer\nThat's why in your hood they feel us\nI don\u2019t walk around with a gun cause it\u2019s the style\nI\u2019m walkin around with one cause I ain\u2019t tryin to miss my child\n'Till my unborn son is born\nI'm tryin to be around\n'Till then, listen to the sound, blaow!", "image": "https://images.genius.com/bf0f68ee56f29c8542ad805c6419682b.676x676x1.jpg"}], "artist": "JAY-Z"}