{"songs": [{"title": "F.U.T.W", "album": "Magna Carta... Holy Grail", "year": "2013-07-04", "lyrics": "[Intro]\nJust let me be great\nLet me be great\nI feel like mothafuckin' Cassius Clay right now\nGenius!\nDon't be good my nigga, be great\nAfter that government cheese, we eating steak\nAfter the projects, now we on estates\nI'm from the bottom, I know you can relate\n\n[Hook]\nFuck up the world\nJust fuck up this world\nFuck up the world\n\n[Verse 1]\nMe and destiny got a date\nMartin had a dream, Hov got a team\nMy chain already heavy, don't let me get a ring\nParades down Flatbush, Confetti on my fur\nTurn right in Red Hook, niggas heavy on the curb\nSee most my niggas died early twenties or late teens\nI'm just trying to come from under the thumb of this regime\n1% of a billion more than niggas even seen\nStill they wanna act like it's an everyday thing, clean\n\n[Hook]\nFuck up this world\nFuck up the, uhh\n\n[Verse 2]\nHigh Yellow sky dweller and the rose gold\nLegend of the summer in the Rose Bowl\nCame through Pasadena in the low-low\nJust to show respect to the cholos\nFeelin' like a stranger in my own land\nGot me feeling like Brody in Homeland\nI just want a shot to show my genius\nStanding on the top hold my penis\nAmerica tried to emasculate the greats\nMurder Malcolm, gave Cassius the shakes\nWait, tell them rumble young man rumble\nTry to dim your lights tell you be humble\nYou know I'm gon' shine like a trillion watts\nYou know a nigga trill as Michael Jackson socks\nSendin' light out to Compton and the hundred blocks\nLil bastard boy, basking on top\n\n[Hook]\nI fuck up this world\nJust fuck up this world\nLet's fuck up the world\nFuck up the, uhh\n\n[Verse 3]\nSipping D'USS\u00c9 boy this ain't your daddy yak\nHe in a Cadillac; me? I'm in the Maybach\nThis ain't grey sweat suits and white tube socks\nThis is black leather pants and a pair of Stance\nSocks is my synopsis is clear\nGot stripclubs feeling like Oxford, I swear\nTeacher-teacher, I'm trying to unteach ya\nAll the shit they taught y'all, they got you all in the bleachers\nWhen you front row at the Knicks game, those the Spike Lees\nYou front row everywhere, you in the H.O.V.'s\nJordan 1's and dungarees\nAnd that's just the half of my warpath\nMake a million another million let my niggas make a million\n'til we all check a billion, shit it's just the way I'm feeling\nWe have yet to see a ceiling, we just top what we top\nCause the bars don't struggle and the struggle don't stop\n\n[Hook]\nJust fuck up this world", "image": "https://s3.amazonaws.com/rapgenius/MCHG_cover.jpg"}], "artist": "JAY-Z"}