{"songs": [{"title": "BBC", "album": "Magna Carta... Holy Grail", "year": "2013-07-04", "lyrics": "[Intro: Nigo]\n\u5104\u4e07\u9577\u8005\u5c11\u5e74\u5036\u697d\u90e8\n\n[Pre-Hook: Third Ward Trill]\nMy mothafucker is a billionaire mothafucker, you heard that shit\nI said my mothafucka is a billionaire mothafucker\n\n[Chorus]\nLet's work\nD-boy drug dealer look\nBillionaire\nD-boy drug dealer look\nBillionaire nigga!\nFrom the coca leafs to the farmers\nTo the polo fleece to the bombers\nR.I.P. to Gianni\nNow we on our way\nD-boy drug dealer look\nBillionaire\n\n[Verse 1: Nas]\nBally shoes, Gucci sneakers\nPharrell's a pharaoh, peep the features\nUnlaced adidas\nTop of the world like pyramids in Giza\nFila sweats, 88 I rocked a mock neck\nCarried a nine in my projects\nBucket hat EPMD cassettes\nNow I'm smoking loud in Ibiza\nMix the D'USSE with the reefer\nMy whole life is leisure\nGangsta lean like the Pisa\nEiffel Tower, Hermes towel\nThe Feds is perched like an owl\nReal niggas all feel the hook\n\n[Chorus]\nLet's work\nD-boy drug dealer look\nBillionaire\nD-boy drug dealer look\nBillionaire nigga!\nFrom the coca leafs to the farmers\nTo the polo fleece to the bombers\nR.I.P. to Gianni\nNow we on our way\nD-boy drug dealer look\nBillionaire\n\n[Verse 2: Jay Z]\nWhat you know about going out, head west\nMaybach, 3 TV's all up in the headrest\nMace niggas at Madison Square Garden\n20 million sold and we still catching charges\nRope chains, Rakim and Eric B\nBought my sidekicks Suzuki Jeeps and Cherokees\nHoop earrings, coupes with the rear cameras\nPut that bitch in a cherry M3\nI'm not your average dope dealer\nSilver Toyotas four runners and four wheelers\nMe and Teflon Q45 infinite\nWindows tinted, white girl all in it\nBritney, bitch\nMCM seats buck 50 stitch\nVersace plates got the Basquiat\nCollab from Versace's place\nCuban link 5 kilo\nYour life is illegal when your chain can get the rico\nReal niggas all feel the hook\n\n[Chorus]\nLet's work\nD-boy drug dealer look\nBillionaire\nD-boy drug dealer look\nBillionaire nigga!\nFrom the coca leafs to the farmers\nTo the polo fleece to the bombers\nR.I.P. to Gianni\nNow we on our way\nD-boy drug dealer look\nBillionaire\n\n[Outro]\n\uc790\uae30 \uc2e0\ubc1c \ub05d\ub0b4\uc8fc\ub294\ub370\n\uc790\uae30 \ub3c8 \uc880 \ub9ce\ub098\ubd10\n\uc790\uae30 \uc2a4\ud0c0\uc77c \uc9c4\uc9dc \uba4b\uc788\ub2e4\n\ubc31\ub9cc\uc7a5\uc790 \uc18c\ub144\ub4e4\uc758 \ubaa8\uc784", "image": "https://s3.amazonaws.com/rapgenius/MCHG_cover.jpg"}], "artist": "JAY-Z"}