{"songs": [{"title": "Somewhereinamerica", "album": "Magna Carta... Holy Grail", "year": "2013-07-04", "lyrics": "[Verse]\nShout out to old Jews and old rules\nNew blacks with new stacks\nI already been the king\nRetro act, I'm just bringing it back like Jordan Packs\nNew money, they looking down on me\nBlue bloods they trying to clown on me\nYou can turn up your nose high society\nNever gone turn down the homie\nKnock knock I'm at your neighbor house\nStraight cash I bought ya neighbor out\nYou should come to the housewarming\nCome and see what your new neighbor 'bout (SKIRRRRR!)\nYellow Lambo in the driveway\nA buck thirty-five, I'm on the highway\nFrank Sinatra on my Sonos\nLoud as fuck, I did it my way\nA million sold before the album dropped\nWhite Lexus before I had a deal\nAsk Bun B about me\nThis ain't no snap back, a nigga been trill\nBy the way, fuck your mag\nYou ain't gotta count it my nigga I can add\n1 million, 2 million, 3 million, 20 million\nOh, I'm so good at math\nMight crash ya Internet\nAnd I ain't even into that\nWhen I was talking Instagram\nLast thing you wanted was your picture snapped\nFeds still lurking\nThey see I'm still putting work in\nCause somewhere in America\nMiley Cyrus is still twerkin'\n\n[Outro]\nTwerk, twerk (Miley, Miley)\nOnly in America", "image": "https://s3.amazonaws.com/rapgenius/MCHG_cover.jpg"}], "artist": "JAY-Z"}