{"songs": [{"title": "Cashmere Thoughts", "album": "Reasonable Doubt", "year": "1996-06-25", "lyrics": "[Intro]\nHah, hah, hah, hah, yeah, yeah\nWhat it is player?\n(You player, it's all about you\nHow you gon' say that man)\nIf I had your hand I'd turn mine in\n(Far as I'm concerned, if I had your hand, I cut mines off)\nHah man, you know man, I'm just dealing that hoe money\nYou know hoe money is slow money but it's sho' money\n(Check this out man, you run up on your bitches\nThis is what you tell 'em\nStick they hands in they panties, grab that knot\nStick they arm in a car window, drop it like it's hot)\n\n[Verse 1]\nUhh, I talk jewels and spit diamonds: all cherry\nLike a hymen, when I'm rhyming with remarkable timing\nCaviar and silk dreams, my voice is linen\nSpitting venom up in the minds of young women\nMink thoughts to think thoughts type similar\nMight you remember, my shit is cold like December\nSmoother than Persian rugs, the cashmere\nChromosomes make a nigga Jigga - Jay-Z, lethal drugs\n18-carat gold pen, when it hits the sheets\nWords worth a million like I'm rapping them through platinum teeth\nI got the Grey Poupon, you been warned\n'Cause all beef return well done filet mignon\nThe Don, smell of Dom on my breath as I\nYawn, (slow) when you hoes try to con a pro\nAs if you didn't know, Jay's about getting dough\nSpitting flow like fine wines down your earlobe\nI'm smooth but deadly like a pearl handled pistol\nHoneys hum in melody when I rub it like crystal\nThe proper etiquette, when I drop the subject verb\nThen the predicate, with this rich nigga rhetoric\nI'm solid gold, I rap like a mink stole\nI stick pearl tongues your world'll never know\nFrom New York to Paris, the vocal style vary\nFrom nice to deadly like a bad bag of D, Now\nNotice the child swift like a Lotus\nFocus on the loc' I be the greatest nigga that wrote it\nReturn of the Jedi, from Rio De Janeiro on the red eye\nYet I still feel the need to be fly\nI did die when I'm rapping then slide like satin\nYou know the black I white china in the brain cabinet\nI never cry if I did I'd cry ice\nFrom my nigga Sauce, I hit you with this advice\nLife's short, so play hard and stick hard\nAnd the only time you love them is when your dick hard\n\n[Interlude]\nWhoooh! (That's cashmere baby)\nNah, you know, that's just laid back man\n(Man, shit, J to the A to the Y to the Z)\nCashmere baby\n(Motherfucking pimp that's what he be)\nCashmere baby\n(It don't get no hotter than that baby)\nSho' yo right, sho' yo right\n(Them niggas know)\n\n[Verse 2]\nCheck it out, check it out\nGhetto's Errol Flynn, hot like heroin\nYoung pimps is sterile when I pimp through your borough and\nI gotta keep your tricks intact\n'Cause I walk like a p-iyimp, talk like a mack, man\nThe star player, the golden bar layer\nThe sweet Ms. Fine Thing puh-layah, sho' yo right\nI'm game tight, so why should it change tonight?\nGo tell your peeps dog I'm lethal until it ain't right\nI pimp hard on a trick: look\nFuck if your leg broke bitch, hop up on your good foot...", "image": "https://images.genius.com/18040c4f503942a16d6577d9820644cb.1000x1000x1.jpg"}], "artist": "JAY-Z"}