{"songs": [{"title": "Ain't No Nigga", "album": "Reasonable Doubt", "year": "1996-03-26", "lyrics": "[Produced by Big Jaz]\n\n[Verse 1: Jay-Z]\nFox Brown..\nYeah, Jay-Z, what\nI keep it fresher than the next, bitch\nNo need for you to ever sweat the next bitch\nWith speed, I make the best bitch see the exit, indeed\nYou gotta know you're thoroughly respected by me\nYou get the keys to the Lexus with no driver\nYou got your own '96 somethin' to ride\nAnd keep your ass tight up in Versace, that's why\nYou gotta watch your friends, you got to watch me, they connivin'\nShit, the first chance to crack the bank, they try me\nAll they get is 50 cent franks and papayas\nFrom the village to the telly\nTime to kill it on your belly no question\nHad more black chicks between my sheets than Essence\nThey say sex is a weapon\nSo when I shoot, meet your death in less than 8 seconds\nStill poundin' in my afterlife\nLaughin', my shit is tight, who you askin', right?\n\n[Hook: Foxy Brown & (Jaz-O) with \u200b\u200bJay-Z\u200b\u200b]\nAin't no nigga like the one I got\n(No one can fuck you better)\nSleeps around but he gives me a lot\n(Keeps you in diamonds and leathers)\nFriends'll tell me I should leave you alone\n\u200b\u200b\u200bHah hah, hah hah, hah hah, hah hah\u200b\u200b\u200b\n(Tell the freaks to find a man of their own\nMan of their own, man of their own)\n\n[Verse 2: Jay-Z]\nYeah, yeah, yeah\nFresh to death in Moschino coach bag\nLookin' half black and Filipino, fakin' no jacks\nGot you a beeper to feel important\nSurroundin' your feet in Joan & David and Charles Jourdan\nI keep you dove, but love\nYou know these hoes be makin' me weak\nY'all knows how it goes, B, and so I creep\nI've been sinnin' since you been playin' with Barbie and Ken and\nYou can't change a player's game in the 9th inning\nThe chrome rim spinnin' keeps them grinnin'\nSo I run way the fuck up in 'em\nAnd wrinkle they face like linen\nI play hard until they say \"God\nHe's keepin' it real, Jigga stay hard.\"\nLord, don't even trip, shit, I never slip\nNigga, get a grip, what you don't see is what you get\nWeapons concealed, what the fuck y'all feel\nWhen you niggas play sick we can all get ill\nFox Brown.. (what the deal?)\n\n[Hook: Foxy Brown & (Jaz-O) with \u200b\u200bJay-Z\u200b\u200b]\nAin't no nigga like the one I got\n(No one can fuck you better)\nSleeps around but he gives me a lot\n(Keeps you in diamonds and leathers)\nFriends'll tell me I should leave you alone\n\u200b\u200b\u200bHah hah, hah hah, hah hah, hah hah\u200b\u200b\u200b\n(Tell the freaks to find a man of their own\nMan of their own, man of their own)\n\n[Verse 3: Jay-Z]\nHa, ha, right, right\nYo, ain't no stoppin' this, no lie\nPromise to stay monogamous, I try\nBut, love, you know these hoes be makin' me weak\nY'all know how it goes, B, so I stay deep\n\n[Verse 4: Foxy Brown]\nWhat up, boo? Just keep me laced in the illest snakes\nBank rolls and shit, back rubs in the french tubs\nMackin' this bitch, wifey nigga\nSo when you flip that coke\nRemember the days you was dead broke\nBut now you style and I raised you, basically made you\nInto a don, flippin' weight, heroin and shit\nYou know the pussy is all that\nThat's why I get baguettes, 5 carats and all that\nFrom Dolce Gabana to H Bendel, I'm ringin' bells\nSo who the player? I still keep you in the illest gators\nTailor-made so we can lay up in the shade reminiscin'\nOn how I fuck the best and shit\nEspecially when I'm sippin' Baileys\nDon't give a fuck about how you move with them other mamis\nI push the Z, eatin' shrimp scampi with rocks larger than life\nFuck them Reebok broads, you made it known who your wife was\nI got you frontin' in Armani sweaters\nBefore this rap shit, when you was in leathers and bullshit Berettas\nAnd E classes with Mo in the glasses\nShows in Cali with all the flavor suede Bally's\nNow all your mens is up in your Benz's\nHigh post, I swear you be killin' me, playin' inside my pubic hairs\nI never worry about them other chicks\n'Cause you proved who was your wiz\nWhen you was spendin' that bitch\nI took a little when you was up north, your commissary stay pilin'\nHow you livin' large on the island?\nAll them collects have me vexed, but when you come home\nKnew I was comin' off with half of them checks\nNow we on the rise\nYour diamond mami with the slanted eyes\nHoldin' this grip, cocked the En Glee-Kay and shit\nFucks no, I see half of that dough\nMade you into a star, pushin' hundred-thousand-dollar cars\n\n[Hook: Foxy Brown & (Jaz-O) with \u200b\u200bJay-Z\u200b\u200b]\nAin't no nigga like the one I got\n(No one can fuck you better)\nSleeps around but he gives me a lot\n(Keeps you in diamonds and leathers)\nFriends'll tell me I should leave you alone\n\u200b\u200b\u200bHah hah, hah hah, hah hah, hah hah\u200b\u200b\u200b\n(Tell the freaks to find a man of their own\nMan of their own, man of their own)", "image": "https://images.rapgenius.com/8157bbe366a6bdf8b5ea41c0c0077367.400x400x1.jpg"}], "artist": "JAY-Z"}