{"songs": [{"title": "D.O.A. (Death of Auto-Tune)", "album": "The Blueprint 3", "year": "2009-09-08", "lyrics": "[Produced by No I.D.]\n\n[Intro]\nLa-da da dah, hey-ayy-ayy, goodbyeeee...\n(Good riddance) hol' up!\n\n[Chorus]\nOnly rapper to rewrite history without a pen\nNo I.D. on the track let the story begin, begin, begin\n\n[Verse 1]\nThis is anti-auto-tune, death of the ringtone\nThis ain\u2019t for iTunes, this ain't for sing-alongs\nThis is Sinatra at the opera, bring a blonde\nPreferably with a fat ass who can sing a song, wrong\nThis ain't politically correct (uhh!)\nThis might offend my political connects (uhh!)\nMy raps don\u2019t have melodies\nThis should make niggas wan' go and commit felonies (uhh!)\nGet your chain tooken\nI may do it myself, I'm so Brooklyn! (Uhh!)\nI know we facing a recession\nBut the music y'all making gon' make it the Great Depression (uhh!)\nAll y\u2019all lack aggression\nPut your skirt back down, grow a set man (uhh, uhh!)\nNigga this shit violent\nThis is death of auto-tune, moment of silence\n\n[Chorus]\nLa-da da dah, hey-ayy-ayy, goodbyeeee... hol' up\nOnly nigga to re-write history without a pen\nNo I-D on the track let the story begin, begin, begin\n\n[Verse 2]\nThis ain't a number one record (uhh!)\nThis is practically assault with a deadly weapon (uhh!)\nI made this just for Flex and\nMister Cee, I want niggas to feel threatened (uhh!)\nStop your bloodclot crying\nThe kid, the dog, everybody dying, no lying\nYou niggas' jeans too tight\nYou colors too bright, your voice too light (too far nigga) (uhh, uhh!)\nI might wear black for a year straight (uhh!)\nI might bring back Versace shades (uhh!)\nThis ain\u2019t for Z100\nYe told me to kill y'all to keep it 1 hundred (uhh!)\nThis is for Hot 9-7\nThis shit for Clue, for Khaled we the best'n (uhh!)\nNigga this shit violent\nThis is death of auto-tune, moment of silence\n\n[Chorus]\nLa-da da dah, hey-ayy-ayy, goodbyeeee... hol' up\nOnly nigga to re-write history without a pen\nNo I-D on the track let the story begin, begin, begin\n\n[Verse 3]\nHold up, this shit need a verse from Jeezy (HEY!)\nI might send this to the mixtape Weezy\nGet somebody from BMF to talk on this\nGet this to a Blood, let a Crip walk on it (uhh!)\nGet 3 Thou' to style on this\nI just don\u2019t need nobody to smile on this (uhh!)\nY'all niggas singing too much\nGet back to rap, you T-Paining too much (uhh, uhh!)\nI\u2019m a multi-millionaire\nSo how is it I\u2019m still the hardest nigga here (uhh!)\nI don\u2019t be in the project hallway\nTalking 'bout how I be in the project all day (uhh!)\nThat sound stupid to me\nIf you a gangsta, this is how you prove it to me (uhh, uhh!)\nNigga just get violent\nThis is death of auto-tune, moment of silence\n\n[Outro]\nLa-da da dah, hey-ayy-ayy, goodbyeeee...", "image": "https://images.genius.com/cc05c1946fbea4d71b4980a255ccbdc3.300x300x1.jpg"}], "artist": "JAY-Z"}