{"songs": [{"title": "Part II (On The Run)", "album": "Magna Carta... Holy Grail", "year": "2013-07-04", "lyrics": "[Intro: Beyonc\u00e9]\nWho wants that perfect love story anyway, anyway?\nClich\u00e9, clich\u00e9, clich\u00e9, clich\u00e9\nWho wants that hero love that saves the day, anyway?\nClich\u00e9, clich\u00e9, clich\u00e9, clich\u00e9\nWhat about the bad guy goes good, yeah?\nAn innocent love I'm misunderstood, yeah?\nBlack hour glass, our glass\nToast to clich\u00e9s in a dark past\nToast to clich\u00e9s in a dark past\n\n[Verse 1: Jay-Z]\nBoy meets girl, girl perfect woman\nGirl get to bustin' before the cops come running\nChuck the deuces, chugging D'USS\u00c9, ugh\nFuck what you say, boys in blue say\n\n[Beyonc\u00e9]\nI don't care if we on the run\nBaby as long I'm next to you\n(Uhuu)\nAnd if loving you is a crime\nTell me why do I bring out the best in you\nWhy\n\n[Bridge: Beyonc\u00e9]\nI hear sirens while we make love\nLoud as hell, but they don't know\nThey're nowhere near us\nI will hold your heart and your gun\nI don't care if they come, noooo\nI know it's crazy but\n\n[Hook: Beyonc\u00e9]\nThey can take me\nNow that I found the places that you\nTake me\nWithout you I got nothing to lose\n\n[Verse 2: Jay-Z]\nI'm an outlaw, got an outlaw chick\nBumping 2Pac, on my outlaw shit\nMatching tats, this Ink don't come off\nEven if rings come off, if things ring off\nMy nails get dirty, my past ain't pretty\nMy lady is, my Mercedes is\nMy baby momma harder than a lot of you niggas\nKeep it 100, hit the lottery niggas\nYou ain't about that life ain't gotta lie to me, nigga\nYou know it's till the death, I hope it's obvi to niggas\nUgh\nCross the line, speak about mine\nI'ma wave this TEC, I'm a geek about mine\nTouch a nigga where his rib at, I click clack\nPush your mothafuckin' wig back, I did that\nI been wilding since a juvi, she was a good girl\n'til she knew me, now she is in the drop bustin' Uey's, screaming\n\n[Hook: Beyonc\u00e9]\nThey can take me\nNow that I found the places that you\nTake me\nWithout you I got nothing to lose\n\n[Verse 3: Jay-Z]\nDeeper than words, beyond right\nDie for your love, beyond life\nSweet as a Jesus piece, beyond ice\nBlind me baby with your neon lights\nRay Bans on, police in sight\nOh, what a beautiful death, let's both wear white\nIf you go to heaven and they bring me to hell\nJust sneak out and meet me, bring a box of L's\nShe fell in love with the bad guy, the bad guy\nWhat you doing with them rap guys, them rap guys\nThey ain't see potential in me girl, but you see it\nIf it's me and you against the world, then so be it\n\n[Beyonc\u00e9]\nI don't care if they give me life\nI get all of my life from you\n(Uhuu)\nAnd if loving you had a price\nI would pay my life for you\n\n[Bridge: Beyonc\u00e9]\nI hear sirens while we make love\nLoud as hell, but they don't know\nThey're nowhere near us\nI will hold your heart and your gun\nI don't care if they come, noooo\nI know it's crazy but\n\n[Outro: Beyonc\u00e9]\nI don't care I'll never give it up\nGive it up, give it up, give it all away\nNo I swear I'll never give it up\nGive it up, give it up, give it all away\nI don't care I'll never give it up\nGive it up, give it up, give it all away\nNo I swear I'll never give it up\nGive it up, give it up, give it all away\n(Without you I got nothing to lose)", "image": "https://s3.amazonaws.com/rapgenius/MCHG_cover.jpg"}], "artist": "JAY-Z"}