{"songs": [{"title": "A Billi", "album": null, "year": "2008-06-09", "lyrics": "[Intro]\nGuru turn this shit up (OW!)\nI know a million people already did this\nLet's make it a billion\nOG I'm going in! (bounce)\nBig Bizzle, happy birthday my nigga!\n\n[Verse]\nGeah, a billi, a billi, a billi a billionaire\nCall me Philli Collins, I feel a billion is in the air\nI affiliate, with Billy Gates, that's my peer\nAnd John Meneilly-onaire is my consigliere\nWhen I wear Billionaire Boys Club, it's more than gear\nI don't wear it cause Pharrell, I wear it 'cause I'm fo'real\n(I see dead people)\nI see Benjamins and a billion other big head people\nI'm a natural born hustler, Marcy Projects motherfucker\nTurned professional journalist reporting, live from the gutter\nWhere girls, carry box-cutters\nBrothers shoot up with undercovers\nScreaming \"FUCK THE WORLD!\" Why? 'Cause don't nobody love us\nShawn Carter, Sean Bell, what's the difference? Do tell\n50 shots or 50 mill', ain't no difference go to hell\nSo, BRRRAK, lick a shot for, BRRRACK Obama, change gon' come or\nI'ma buy the whole hood llamas on me\nRoc Nation army, million strong and the mantra's gon' be\nIt is whatever it's gon' be, on three\nJump in the Humvee, y'all can call it Cold War\nDeclaring, I'm free, bumping 'Pac and the Outlawz\nI'm flyer than all outdoors, I ball out hard\nI buy, champagne companies, I'm past buying out bars\nBut I do that, I'm so past, G5's and G4's\nBut I flew, back, back and forth like Aaliyah (Rest in Peace to ya)\nTakes a nation of millions to hold us back\nBut when your boy reach a billion it's a wrap (off of RAP?!) YEAH!\nRoc Nation it takes a nation to stop\nI'm signing off, it's the hood's Barack, BRRRACK!\n\n[Outro]\nMotherfucker I'm ill!\nMotherfucker I'm ill", "image": "https://images.genius.com/bf0f68ee56f29c8542ad805c6419682b.676x676x1.jpg"}], "artist": "JAY-Z"}