{"songs": [{"title": "In My Lifetime", "album": null, "year": "1995-07-25", "lyrics": "[Produced by Ski]\n\n[Intro]\nThis song here is dedicated to Danny Dan, may he rest in peace\nWho at his funeral left us with the words that\nHe did it his way, so I have no other choice but to do it my way\n\n[Verse 1]\nWhile niggas are shootin' stupid, I'm carefully plottin'\nWays to make it rotten, well-planned hits until you're long forgotten\nY'all niggas that utilize my style don't hurt me\nCause on the low half of these rappin' ass niggas wanna work for me\nNow picture me standin' on somebody block tryin' to rock\nI drop bombs and niggas see me with that dough by eight o'clock\nMy feet never touch the concrete, just street sweep awards\nWhile you're starin' on my dick nigga, gimme yours\nI don't hassle with capsules, cause that'll make the grass grow\nAnd get a project nigga paid up the asshole\nIf I'mma risk a frisk, gettin' my wrists wrapped up in steel\nI'm out here trying to make a mill', my shit is real for real\nWhile others worship guns I worship tons of money\nTons of fun, laughin' at shit that ain't even funny\nSo I ain't pressed to make a CD, I took it slow\n80% of these niggas with deals\nCan't see me with the dough, uh\n\n[Hook]\nIn my lifetime, I need to see a whole lot of dough\nI need a whole lot of dough\nIn my lifetime, I need to see a whole lot of stash\nI need a whole lot of cash\nIn my lifetime, I need to see a whole lot of dough\nI need a whole lot of dough\nIn my lifetime, I need to see a whole lot of stash\nI need a whole lot of cash\n\n[Verse 2]\nMore ice than winter '94\nI toured the 50 states with a trunk of raw\nRecruitin', I'm hittin' shorties with consignment but don't play me\nOh, you gon' pay me, y'all niggas ain't crazy\nI'm laid back in the five thousand Italian leather seat recliner\nUnder some vagina, discussin' the finer, things\nMy crib is mean, watchin' a hundred inch screen\nLettin' the shorties slide by once in a while and let 'em dream\nThey think I've mastered the game, cause dames scream my name\nWith passion, I tell 'em stop flashin' and start stashin'\nAnd we'll all get off the corner, the only heat you'll feel\nIs from a sauna, lettin' bubbles shoot up your ass if you wanna\nAnd fuck that weed, it keeps you broke, invest in\nPounds of herbs and profit if niggas wanna smoke dope\nBut keep your nuts, cause this is a man's game\nAnd we'll all pop champagne till it's a damn shame\n\n[Hook]\nIn my lifetime, I need to see a whole lot of dough\nI need a whole lot of dough\nIn my lifetime, I need to see a whole lot of stash\nI need a whole lot of cash\nIn my lifetime, I need to see a whole lot of dough\nI need a whole lot of dough\nIn my lifetime, I need to see a whole lot of stash\nI need a whole lot of cash\n\n[Verse 3]\nI'm shooting to Vegas, gambling green-o at the casino\nSchoolin' the dice like Vinny Barberino\nWelcome back, the '95 version of the mack\nAs soon as these ladies see me they don't know how to act\nCause like that, nigga, never twist the cap of malt liquor\nOnly pop and droppin' Cristal's down my throat, take a swigga\nMy style, ladies intoxicated by my profile\nYou're rollin' with a pro with, money to blow child\nYou need to feel how sweet the skills be\nTo come and slide down Sugar Hill with me\nThe high roller, rolled up on your dice game\nUnfold a pack of bills, grab my balls then bet it all\nI never slept, cause sleeping keeps you deep in debt\nOn the block you lucky if you see my silhouette\nI'm ghost, envied by most\nSo I keep a crew of crazy tenants that's sling toast, fucker\n\n[Hook]\nIn my lifetime, I need to see a whole lot of dough\nI need a whole lot of dough\nIn my lifetime, I need to see a whole lot of stash\nI need a whole lot of cash\nIn my lifetime, I need to see a whole lot of dough\nI need a whole lot of dough\nIn my lifetime, I need to see a whole lot of stash\nI need a whole lot of cash\n\n[Outro]\nHaha, f'real, Jay-Z lives\nSki, Roc-a-Blok Productions, uh-huh, uh-huh\nDame Dash, ha-ha, Roc-a-fella Records, uh huh\nEverybody from Brooklyn\nSauce Money, Big Sarge, B High\nDJ Clark Kent, everybody Uptown\nBest Out, my V-A clique running thick\nD'Shawn definitely in the house\nRoughness y'all, this how we do", "image": "https://images.genius.com/103ec86f7d3281f5b4fc0e109ccae2fa.680x680x1.jpg"}], "artist": "JAY-Z"}