{"songs": [{"title": "Reminder", "album": "The Blueprint 3", "year": "2009-09-08", "lyrics": "[Verse 1: Jay-Z]\nAll rhymers with Alzheimer's, line up please\nAll mamis with mind freeze please line up please\nAll bloggers with comments please, I come in peace\nLet's see if we can kill your amnesia by the time I leave\nAll mamis I whored before'll vouch for me\nTell 'em 'bout the time on your momma's couch mami\nAll hustlers who ever, bought a eighth from me\nTake this time out, to set the record straight for me\n'Member me? Silver bullet, hard top Ben-t-ley\nThey think I'm out of shape so I have to jog they memory\nThink with indelible ink, I let the pen go\nVerses permanently tattooed serve as mementos\nUhh, I'm so mental\nMy track record speaks for itself, I'm so instrumental\nAllow me to rekindle, let's all Reminisce like Mary did\nI think I have to send you a reminder, here it is\n\n[Chorus: K. Briscoe & (Jay-Z)]\nReminder (uhh) reminder (uhh)\nI got it if you needed a reminder (uhh)\nReminder (uhh) reminder (uhh)\nI think I better give you a reminder (uhh)\nReminder (uhh) reminder (uhh)\nI got it if you needed a reminder (uhh)\nReminder (uhh) reminder (uhh)\nCause I can give you a friendly reminder (uhh)\n\n[Verse 2: Jay-Z]\nWhat the hell have y'all done\n... to even have an opinion on what I've been doin\nWhat the hell have y'all won?\n... Only thing you can identify with is losing\n10 #1 albums in a row, who better than me?\nOnly The Beatles, nobody ahead of me\nI crush Elvis and his Blue Suede Shoes\nMade the Rolling Stones seem sweet as Kool-Aid too\n'96, '97, '98, '99\n2000, 2001 and beyond\n'02, '03, '04, '05\n'06 and 7, '08, '09\nBack-to-back, double plat', I did what you won't\nMen lie, women lie, numbers don't\nAin't nothin changed for, me 'cept the year it is\nI think I have to send you a reminder, here it is\n\n[Chorus: K. Briscoe & (Jay-Z)]\nReminder (uhh) reminder (uhh)\nI got it if you needed a reminder (uhh)\nReminder (uhh) reminder (uhh)\nI think I better give you a reminder (uhh)\nReminder (uhh) reminder (uhh)\nI got it if you needed a reminder (uhh)\nReminder (uhh) reminder (uhh)\nCause I can give you a friendly reminder (uhh)\n\n[Verse 3: Jay-Z]\nDo what I've done without cryin'\nIn the environment in which I did it in without dyin' my nigga\nThen rap like I rap without lyin'\nThen tie 'em both together like I am my nigga\nThen write sixteens in between runnin sixteen bid'nesses\nAll the while showin' these young punks what the bid'ness is\nAs if, I'ma let you niggas style on me\nAs if, now everybody's senile on me\nThrowbacks, I threw 'em back, remember those, button-ups?\nYoung Hov, tell them ordinary Joe's button up\nI destroy your 4.0's\nAnd Benz 500's it all points to OHH!\nNow you niggas 'member me? tell me how could you forget\nBack of Johnny's album cover, red and blue Gucci shit\nAin't nothin changed but the year it is\nI think I have to send you a reminder, here it is\n\n[Chorus: K. Briscoe & (Jay-Z)]\nReminder (uhh) reminder (uhh)\nI got it if you needed a reminder (uhh)\nReminder (uhh) reminder (uhh)\nI think I better give you a reminder (uhh)\nReminder (uhh) reminder (uhh)\nI got it if you needed a reminder (uhh)\nReminder (uhh) reminder (uhh)\nCause I can give you a friendly reminder (uhh)", "image": "https://images.genius.com/ff10a6a0a94d002a374623bb49818293.1000x1000x1.jpg"}], "artist": "JAY-Z"}