{"songs": [{"title": "Dead or Alive, Part 2 (Disses 2pac)", "album": null, "year": null, "lyrics": "[JAY Z: Intro]\nI told y'all niggas if it wasn't a skirt it was gonna be a dress\nDon't give a fuck who you are\n\n[Verse: Jay-Z]\nI makes the whole city hot like fiddy shots at idi-ots\nShow him I got more then take the shit he got, Biatch!\nBig poison and fuck up the city rots\nThe whole world supposing he's tryna dispose of me\nYou must know I give a fuck though, got a mean rebuttal\nTry me! See where your luck go, you know what though?\nI'm what you don't get a second chance at\nThink you can chance that?\nI'm laying niggas down ba'y bro\nThink you can stand that?\nYour train of thought derails like amtrak\nMy grand stack, hands free and a six; vivid jam-packed\nMe, my crimees, and a couple of dime pieces\nA bunch of rolexes, unlimited credit line visas\nHeat is for niggas that want to touch but can't reach us\nTo each his own y'all can eat this chrome\nLeave him speechless when the lead reaches his dome\nLife ain't nothing but beaches and homes", "image": "https://images.genius.com/bf0f68ee56f29c8542ad805c6419682b.676x676x1.jpg"}], "artist": "JAY-Z"}