{"songs": [{"title": "Money, Cash, Hoes", "album": "Vol.\u00a02\u2026 Hard Knock Life", "year": "1998-11-09", "lyrics": "[Produced by Swizz Beatz]\n\n[Intro: Jay-Z (DMX)]\nTurn the lights all the\nTurn the lights all the way down\nWhat, uh-huh yeah\n(Uhh)\nCome on (GGRRRRRR)\nCome on yeah come on\n\n[Verse 1: Jay-Z]\nYo, yo\nJ-A-Y, I flow sick\nFuck all y'all haters, blow dick\nI spits the game for those that throw bricks\nMoney, cash, hoes, money, cash, chicks\nSex, murder and mayhem - romance for the street\nOnly wife of mines is a life of crime\nAnd since, life's a bitch in mini-skirts and big chests\nHow can I not flirt with death?\nThat's life's enigma, long as life's within us\nWe gon' sin a lot and pray that Christ forgive us\nFuck it!\nIce the wrist and raise the price on these niggas\nY'all can't floss on my level\nI'll invite you all to get with us if your ball is glitter\nWhen I go all the Harlem playas wall my picture\nIf you get close enough, you can read the scripture\nIt reads: money, cash, hoes, how real was that nigga? What!\n\n[Chorus: Jay-Z (DMX)]\nMoney, cash, hoes, money-cash-hoes (what!)\nMoney, cash, hoes, money-cash-hoes (uhh!)\nMoney, cash, hoes, money-cash-hoes (c'mon)\nMoney cash hoes (WHAT!), hoes (WHAT!), hoes (WHAT!)\nMoney, cash, hoes, money-cash-hoes (what!)\nMoney, cash, hoes, money-cash-hoes (uhh!)\nMoney, cash, hoes, money-cash-hoes (c'mon)\nMoney cash hoes (WHAT!), hoes (WHAT!), hoes (WHAT!)\n\n[Verse 2: Jay-Z]\nFlavors robust, platinum and gold touch\nYeah I rap now, fast money done slowed up\nNiggas try to stop Jay-Z to no luck\nRoc-A-Fella forever, CEO, what! (what?)\nUs the villains? Fuck your feelings\nWhile y'all playa hate we in the upper millions\nWhat's the dealings? (huh) It's like New York's been soft\nEver since Snoop came through and crushed the buildings\nI'm trying to restore the feelings; fuck the law, keep dealing\nMore money, more cash, more chilling\nI know they gon' criticize the hook on this song\nLike I give a fuck...I'm just a crook on this song\nBed-Stuy Brook-Nam took on the world\nShit, I led a life you can write a book on\nSex, murder and mayhem, romance for the street\nMan, and I tell ya, it'll be the best-seller, what!\n\n[Chorus: Jay-Z (DMX)]\nMoney, cash, hoes, money-cash-hoes (what!)\nMoney, cash, hoes, money-cash-hoes (uhh!)\nMoney, cash, hoes, money-cash-hoes (c'mon)\nMoney cash hoes (WHAT!), hoes (WHAT!), hoes (WHAT!)\nMoney, cash, hoes, money-cash-hoes (what!)\nMoney, cash, hoes, money-cash-hoes (uhh!)\nMoney, cash, hoes, money-cash-hoes (c'mon)\nMoney cash hoes (WHAT!), hoes (WHAT!), hoes (WHAT!)\n\n[Verse 3: DMX]\nD-M-X and my dogs bite\nJigga, my nigga, rhyme all night\nThugs for life, one night with this rap shit\nLet 'em go and I bet they know what'll happen\nWhen we clap shit\nActing like we owe 'em something\nThen we show 'em something\nTalking greasy, I think they found 'em down the road or something (Wooh) Fucking with a mad man in a bad mood\nIs like fucking with a mad dog that wasn't fed food\nAnd the only thing that's stopping him is you (WHAT!)\nSo the only thing that he'll be dropping is you (WHAT!)\nChopping in two (COME ON!)\nThen he drop it to Clue, and the response from the street:\nThis is one dog that loves raw meat (woo!)\nBut getting back to, just 'cause I, love my niggas\nI shed blood, for my niggas\nLet a nigga holla, \"where my niggas?\"\nAll I'ma hear is \"right here my nigga!\"\n\n[Chorus: Jay-Z (DMX)]\nMoney, cash, hoes, money-cash-hoes (what!)\nMoney, cash, hoes, money-cash-hoes (uhh!)\nMoney, cash, hoes, money-cash-hoes (c'mon)\nMoney cash hoes (WHAT!), hoes (WHAT!), hoes (WHAT!)\nMoney, cash, hoes, money-cash-hoes (what!)\nMoney, cash, hoes, money-cash-hoes (uhh!)\nMoney, cash, hoes, money-cash-hoes (c'mon)\nMoney cash hoes (WHAT!), hoes (WHAT!), hoes (WHAT!)\n\n[Outro: Jay-Z]\nRoc-A-Fella shit\nUh huh uh huh, Ruff Ryders\nPa-pause\nMy nigga Swizz\nUh huh, uh huh\nDon't stop, beatch\nUh, uh huh, yeah\nRespect the game yo\n\n[Interlude: Pain In Da Ass]\nOkay okay okay, so now the guy's working for Jay-Z\nMaking hot songs\nBut any type of trouble he gets in, he runs to Jay-Z\nTrouble with the label, he calls Jay-Z\nBut he still has to come up with Jay-Z's money every week no matter what\nNot selling any records, fuck you pay me\nOh you want me in your video, fuck you pay me\nNo one's coming to your shows huh, fuck you pay me\nAnd then what do you do when you can't borrow another dollar from the label?\nYou can't sell any singles in the stores?\nYou light a match....you blow the joint *explosion*", "image": "https://images.genius.com/230a69599d14f7c4271ce5d0d40844e2.953x953x1.jpg"}], "artist": "JAY-Z"}