{"songs": [{"title": "Blue's Freestyle/We Family", "album": "4:44", "year": "2017-07-07", "lyrics": "Part 1: Blue's Freestyle\n\n[Verse: Blue Ivy]\nEverything, everything this my only single thing\nEverything I hear is my answer\nAnd if you think I say, then innocent if I say?\nI never hear that, I be in the posse\nNever seen a ceiling in my whole life\nEverything I seen, everything is rotten\nNever sit in silence, innocent is Carter\nInnocent we seek them\nI and say we see them\nEverything I feed, everything I read\nBoom shakalaka, boom shakalaka\nBoom shakalaka, boom shakalaka\nEverything in shaka, everything in faka\nEverything in shaka, everything in faka\n\nPart 2: We Family\n\n[Verse 1: Jay-Z]\nI got bloodlines in Benin, that explains the voodoo\nGot poison in my pen, thank god for Lulu\nAnd thank the heavens for BB, her Creole roots run deeply\nI'm crazy, you ever leave me I might have to put on a gris-gris\nSpell for us to stay together\nFacelessness\nMaison Margiela embracing\n\n[Chorus: Jay-Z]\n'Cause we family\nWe, we, we, family\n\n[Verse 2: Jay-Z]\n'Cause more than ever we gon' have to stick together, feel me?\nMore than ever my niggas gon' have to stick together, feel me?\nAlready ahead of your end, in the foreign bumping Fela, feel me?\nWas out in Havana when that had that banned forever, feel me?\nFuck embargoes, I'm a narco\nColombian ties, shout out to Dapo\nOG Juan also\n\n[Chorus: Jay-Z]\n'Cause we family\nWe, we, we, family\n\n[Verse 3: Jay-Z]\nFeel me?\nAll the fellas from the favelas 'round me, feel me?\nLagos, all the barrios 'round me, feel me?\nBismillah, all the gods around me\nMexicanos ain't building fucking walls around me\n\n[Chorus: Jay-Z]\n'Cause we family\nWe, we, we, family\n\n[Verse 4: Jay-Z]\nI feel like Ali\nViet Cong never done shit to me, feel me?\nMore worried about Trump than anyone overseas, feel me?\nI'm out in the art clubs in London sipping tea, feel me?\nI'm out in Michelangelos in FTs\n\n[Chorus: Jay-Z]\n'Cause we family\nWe, we, we, family, feel me?", "image": "https://images.genius.com/4cf5f4f88ace021acdc18cc3cefcf2f4.1000x1000x1.jpg"}], "artist": "JAY-Z"}