{"songs": [{"title": "Takeover (MTV Unplugged)", "album": "MTV Unplugged", "year": "2001-12-18", "lyrics": "[Intro]\nWe gonna go through a couple of things tonight\nWe gonna party of course\nGonna be some emotional songs\nWe're gonna take it all the back for y'all\nThen we gonna keep it in the truest essence of hip hop\nThe battle, we gotta keep it in the battle right y'all?\nY'all ready for that?\nAlright\nLet's do it\nLet me hear y'all\nR.O.C., we running this rap shh\nMemphis Bleek, we running this rap shh\nB Sigel, we running this rap shh\nFreeway, we run this rap shh\nO & Sparks, we running this rap shh\nChris & Neef, we running this rap shh\n(Watch out, we run New York)\n\n[Verse 1]\nThe takeover, the break's over, homie\nGod MC - me - (Jay-Hova)\nHey lil soldier, you ain't ready for war\nR.O.C. too strong for y'all\nIt's like bringing a knife to a gunfight, pen to a test\nYour chest in the line of fire with your thin-ass vest\nYou bringing them boys to men, how them boys gonna win?\nThis is grown man B.I., get you rolled into triage, bi-atch\nYour reach ain't long enough, dunny\nYour peeps ain't strong enough, nuh uh\nRoc-A-Fella is the army, better yet the navy\nSure we'll kidnap your babies, spit at your lady\nWe bring knife to fistfight, kill your Grandma\nWe kill you iddy bitty ants with a sledgehammer\nDon't let me do it to em, dunny, cause I overdo it\nSo he won't confuse it with \"just rap music\"\n\n[Hook]\nR.O.C., we running this rap shh\nM Easy, we running this rap shh\nB. Sigel we running this rap shh\nGet zipped up in plastic when it happens that's it\nFreeway, we running this rap shh\nO & Sparks, we running this rap shh\nChris & Neef, we running this rap shh\n(\"Watch out!! We run New York\")\n\n[Verse 2]\nI don't care if you Mobb Deep, I hold triggers to crews\nYou little, I got money stacks bigger than you\nWhen I was pushing weight, back in '88\nYou was a ballerina, I got the pictures, I seen ya\nThen you dropped \"Shook Ones,\" switched your demeanour\nWell, we don't believe you, you need more people\nRoc-A-Fella, students of the game, we passed the class cause\nNobody can read you dudes like we do\nDon't let em gas you, like \"Jigga is ass and won't clap you\"\nTrust me on this one, I'll detach you\nMind from spirit, body from soul\nThey'll have to hold a mass, put your body in a hole\nOh no, you're not on my level get your brakes tweaked\nI sold what your whole album sold in my first week\nYou guys don't want it with Hov\nAsk Nas, he don't want it with Hov, no!\n\n[Hook]\nR.O.C., we running this rap shh\nM Easy, we running this rap shh\nB. Sigel we running this rap shh\nGet zipped up in plastic when it happens that's it\nFreeway, we running this rap shh\nO & Sparks, we running this rap shh\nChris & Neef, we running this rap shh\n(\"Watch out!! We run New York\")\n\n[Verse 3]\nI know you missing Nas the (fame)\nBut along with celebrity comes about 70 shots to your frame, homie\nYou's a (lame)\nYou's the fag model for Karl Kani, Esco ads\nWent from Nasty Nas to Esco's trash\nHad a spark when you started but now you're just garbage\nFell from \"top 10\" to \"not mentioned at all\"\nTo your bodyguard's \"Oochie Wally\"'s verse better than yours\nMatter of fact you had the worst flow on the whole entire song\nBut I know: the sun don't shine, then son don't shine\nThat's why your (lame) career's come to an end\nIt's only so long fake thugs can pretend\nHomie, you ain't live it\nYou witnessed it from your folks' pad\nYou scribbled it in your notepad and created your life\nI showed you your first TEC , on tour with Large Professor\nThen I heard your album about your TEC on the dresser\nSo yeah, I sampled your voice, you was using it wrong\nYou made it a hot line, I made it a hot song\nAnd you ain't get a coin, homie, you was getting fucked then\nI know who I paid, God - Serchlite publishing\nUse your (brain)\nYou said you've been in this 10, I've been in it 5 - smarten up, Nas\n4 albums in 10 years, homie?? I could divide\nThat's one every 2, 2 of them things was due\n1 was \"nah,\" the other was Illmatic\nThat's a one-hot-album-every-10-year average\nAnd that's so (lame)\nHomie, switch up your flow\nYour shit is garbage, what you trying to kick, knowledge?\nYou cats gonna learn to respect the king\nDon't be the next contestant on that Unplugged screen\nBecause you-know-(who) did you-know-what with you-know-who\nBut let's keep that between me and you ma\n\n[Hook]\nR.O.C., we running this rap shh\nB. Sigel we running this rap shh\nM Easy, we running this rap shh\nGet zipped up in plastic when it happens that's it\nFreeway, we running this rap shh\nO & Sparks, we running this rap shh\nChris & Neef, we running this rap shh\n(\"Watch out!! We run New York\")\n\nR.O.C", "image": "https://images.genius.com/a7449b38b8eab47232b379bc442a5f10.1000x1000x1.jpg"}], "artist": "JAY-Z"}