{"songs": [{"title": "It's Hot (Some Like It Hot)", "album": "Vol.\u00a03\u2026 Life and Times of S.\u00a0Carter", "year": "1999-12-28", "lyrics": "[Produced by Timbaland]\n\n[Verse 1]\nYo, show closer, J-to-the-A-Y-Hovah\nPlace shutter down, who the fuck'll fuck around?\nGame spitter, Range sitter, Bentley driver nigga\nKeep a full clip, I have to empty out on niggas\nHo bagger, no slacker, get this shit jumping\nLike eight blacks, four crackers, get your ass jumped\nCris' sipper, six dipper, wrist glitter nigga\nGat buster, ass toucher.. clit licker\nGo against Jigga your ass is dense\nI'm about a dollar, what the fuck is 50 Cents?\nHot shit, kick a nigga, turn these mics out\nMy jewelry so bright you can turn these lights out\nHova's like Noah keep two in the truck\nI'm like U-Haul; every bitch moving I fuck\nYou move slut, I gotta put two in your butt\nI'm everything: the when's, why's, who's, and what\nNigga what?\n\n[Chorus]\nHell no you can't stop it, when it's hot it's hot\nMy grind, keep me jumpin' out of drop to drop\nMy shine, lose your sight tryna watch the watch\nWhen there's drama Jigga pop, Jigga pop, pop\nHell no you can't stop it, when it's hot it's hot\nMy grind, keep me jumpin' out of drop to drop\nMy shine, lose your sight tryna watch the watch\nWhen there's drama Jigga pop, Jigga pop, pop\n\n[Verse 2]\nSeparate myself from the lame, no you can't see me\nI'm 6-0-0, you 300 C-E\nGive my ladies dick, my young hoes pee-pee\nHits in a row like MJ; \"Hee-hee!\"\nSince I was waist height, late night, busting in the clouds\nRunning wild, coming home late, cussing out my mouth\nNiggas said, \"Bryan leave your cousin in the house\"\nEvery time we play the Dozen, he's bugging out\nWhile y'all was playing yo-yo, I was sitting on low pros\nDipping the po-po, getting that dough-dough\nNo, no I ain't stupid I take loot kid\nWhat's in the bank? Shoot it\nLose it like I ain't do it\nYou wanna play Jigga, nigga? What you drank fluid?\nGot a full tank, now you wanna pull rank?\nI clap steel, act ill, Jigga shoot thee\nGive you chest pains, leg sprains absolutely\nWhat?\n\n[Chorus]\nHell no you can't stop it, when it's hot it's hot\nMy grind, keep me jumpin' out of drop to drop\nMy shine, lose your sight tryna watch the watch\nWhen there's drama Jigga pop, Jigga pop, pop\nHell no you can't stop it, when it's hot it's hot\nMy grind, keep me jumpin' out of drop to drop\nMy shine, lose your sight tryna watch the watch\nWhen there's drama Jigga pop, Jigga pop, pop, pop\n\n[Verse 3]\n.38 revolve like the sun round the Earth\nTry to play hard get you found 'round the dirt\nSix shell casings found round your shirt\n(Crying) in surround sound from the hearse\nJigga Man, trigger man, hit your man up\nSix shots, hit the pole, hit the van up\nKidnap grown folks get them grands up\nTimbaland, hot shit, get them hands up\n\n[Chorus]\nHell no you can't stop it, when it's hot it's hot\nMy grind, keep me jumpin' out of drop to drop\nMy shine, lose your sight tryna watch the watch\nWhen there's drama Jigga pop, Jigga pop, pop\nHell no you can't stop it, when it's hot it's hot\nMy grind, keep me jumpin' out of drop to drop\nMy shine, lose your sight tryna watch the watch\nWhen there's drama Jigga pop, Jigga pop, pop\nHell no you can't stop it, when it's hot it's hot\nMy grind, keep me jumpin' out of drop to drop\nMy shine, lose your sight tryna watch the watch\nWhen there's drama Jigga pop, Jigga pop, pop\nHell no you can't stop it, when it's hot it's hot\nMy grind, keep me jumpin' out of drop to drop\nMy shine, lose your sight tryna watch the watch\nWhen there's drama Jigga pop, Jigga pop, pop, pop", "image": "https://images.genius.com/16c23bf8d7a8a73a71d30d2ec47600b1.1000x1000x1.jpg"}], "artist": "JAY-Z"}