{"songs": [{"title": "I Just Wanna Love U (Give it 2 Me)", "album": "The Dynasty: Roc La Familia", "year": "2000-10-17", "lyrics": "[Produced by The Neptunes]\n\n[Intro: Jay-Z]\nLet's go (Hov')\nUh-huh, Hov'\nYou, are, not, ready (Hov')\nUnstoppable (Dynasty)\nYoung Hova\n\n[Pre-Chorus: Pharrell Williams & Jay-Z]\nI'm a hustler baby (Hov', I'm a hustler)\nI just want you to know (Hov', I wanna let you know)\nIt ain't where I been (it ain't where I been, Hov')\nBut where I'm bout to go (top of the world! Young Hova, holla)\nNow I just wanna love ya! (just wanna love you, Hov')\nBut be who I am (you know you love me, Hov')\nAnd with all this cash (mo' money, mo' problems)\nYou'll forget your man\n\n[Chorus: Pharrell Williams & Omillio Sparks]\nNow give it to me\nGimme that funk, that sweet, that nasty, that gushy stuff\nBut don't bullshit me\nC'mon, gimme that funk, that sweet, that nasty, that gushy stuff\n\n[Verse 1: Jay-Z]\nYeah, uhh, yeah\nWhen the Remy's in the system, ain't no tellin'\nWill I fuck 'em? Will I diss 'em? That's what they be yellin'\nI'm a pimp by blood, not relation\nY'all be chasin', I replace them, huh?\nDrunk off Cris', mami on E\nCan't keep her little model hands off me\nBoth in the club, high, singing off key\n\"And I wish I never met her at all!\"\nIt gets better, ordered another round\nIt's, about, to go, down\nGot six model chicks, six bottles of Cris'\nFour Belvederes, got weed everywhere\nWhat do you say, me, you, and your Chloe glasses (uh-huh)\nGo somewhere private where we can discuss fashion?\nLike, Prada blouse, Gucci bra (okay)\nFilth Mart jeans, take that off\n\n[Chorus: Pharrell Williams & Omillio Sparks]\nGive it to me\nGimme that funk, that sweet, that nasty, that gushy stuff\nBut don't bullshit me\nC'mon, gimme that funk, that sweet, that nasty, that gushy stuff\nSaid give it to me\nGimme that funk, that sweet, that nasty, that gushy stuff\nBut don't bullshit me\nMama, gimme that funk, that sweet, that nasty, that gushy stuff\n\n[Verse 2: Jay-Z]\nYeah, yeah, yeah, yeah\nYeah, save the narrative, you saving it for marriage\nLet's keep it real ma, you saving it for carats\nYou wanna see how far I'ma go\nHow, much I'ma spend but you already know\nZip, zero, stingy with dinero\nMight buy you Cris', but that about it\nMight light your wrist, but that about it\nFuck it, I might wife you and buy you nice whips\nMa, but you really gotta ride nice dick\nKnow how to work your hips and your head's priceless\nProfess you love to Hov' and I'll never let you down\nGet you bling like the Neptune sound\nOkay, hot Hov', too hot to hold\nLadies love me long time like 2Pac's soul\nOnly way to roll, Jigga and two ladies\nI'm too cold, Motorola, two way page me (c'mon)\n\n[Chorus: Pharrell Williams & Omillio Sparks]\nGive it to me\nGimme that funk, that sweet, that nasty, that gushy stuff\nBut don't bullshit me\nC'mon, gimme that funk, that sweet, that nasty, that gushy stuff\nSaid give it to me\nGimme that funk, that sweet, that nasty, that gushy stuff\nBut don't bullshit me\nMama, gimme that funk, that sweet, that nasty, that gushy stuff\n\n[Pre-Chorus: Pharrell Williams & Jay-Z]\nI'm a hustler baby (uh, Hov')\nI just want you to know (Hov')\nIt ain't where I been (Hov')\nBut where I'm bout to go (ho, ho)\nNow I just wanna love ya! (Young Hova)\nBut be who I am (let me love ya)\nAnd with all this cash (mo' money, mo' problems)\nYou'll forget your man\n\n[Verse 3: Jay-Z with Pharrell Williams]\nYeah, yeah, yeah\nSame song, I'm back, been around the world\nRo-mancin' girls that dance with girls\nFrom, Club Cheetah to Club Amnesia\nThe Peanuts in L.A., bubblin' in Dublin\nCan't deny me\nWhy would you want to? You need me\nWhy don't you try me\nBaby you want to, believe me (Hov'!)\n\n[Chorus: Pharrell Williams & Omillio Sparks]\nGive it to me\nGimme that funk, that sweet, that nasty, that gushi stuff\nBut don't bullshit me\nC'mon, gimme that funk, that sweet, that nasty, that gushi stuff\nGive it to me\nGimme that funk, that sweet, that nasty, that gushy stuff\nBut don't bullshit me\nMama, gimme that funk, that sweet, that nasty, that gushy stuff\nGive it to me\n\n[Outro: Jay-Z]\nUh, that that that tha uh huh, uhh", "image": "https://images.genius.com/728c97279aa060322dada21becd49209.600x540x1.jpg"}], "artist": "JAY-Z"}