{"songs": [{"title": "Drip", "album": "Invasion of Privacy", "year": "2018-04-04", "lyrics": "[Intro: Cardi B]\nThat boy Cassius!\nCardi!\nN-N-Non-stop\n\n[Chorus: Cardi B & Offset]\nCame through drippin' (drip, drip)\nCame through drippin' (drip, drip)\nCame through drippin' (drip, drip)\nDiamonds on my wrist, they drippin' (ice!)\nCame through drippin' (drip, drip)\nCame through drippin' (drip, drip)\nCame through drippin' (drip, drip)\nDiamonds on my wrist, they drippin' (ice!)\nCame through drippin' (drip, drip)\nCame through drippin' (drip, drip)\nCame through drippin' (drip, drip)\nDiamonds on my wrist, they drippin' (ice!)\nCame through drippin' (drip, drip)\nCame through drippin' (drip, drip)\nCame through drippin' (drip, drip)\nDiamonds on my wrist, they drippin' (ice!)\n\n[Verse 1: Cardi B]\nGive me little something to remember (Cardi!)\nTryna make love in a Sprinter (yeah)\nQuick to drop a nigga like Kemba (go)\nLookin' like a right swipe on Tinder (woo)\nShit on these hoes (shit)\nLight up my wrist on these hoes (wrist)\nNow I look down on these bitches (down)\nI feel like I'm on stilts on these hoes (woo)\nFuck ya' baby daddy right now (right now)\nAnna Mae, got cake by the pound (pound)\nGo down, eat it up, don't drown\nMac n' cheese in the bowl, how it sound? (sound)\nI got that gushy\nYeah that's a fact, but I never been pussy\nI've been that bitch since pajamas with footies\nWon MVP, and I'm still a rookie, like woo\nI gotta work on my anger (ayy)\nMight kill a bitch with my fingers (ayy)\nI gotta stay outta Gucci (woo)\nI'm finna run outta hangers (woo)\nIs she a stripper, a rapper or a singer?\nI'm busting bucks in a Bentley Bentayga\nRide through your hood like \"Bitch, I'm the mayor!\"\nYou not my bitch, then bitch you a danger\n\n[Chorus: Cardi B & Offset]\nCame through drippin' (drip, drip)\nCame through drippin' (drip, drip)\nCame through drippin' (drip, drip)\nDiamonds on my wrist, they drippin' (ice!)\nCame through drippin' (drip, drip)\nCame through drippin' (drip, drip)\nCame through drippin' (drip, drip)\nDiamonds on my wrist, they drippin' (ice!)\n\n[Refrain: Offset]\nBitch you a thot, ain't trickin' (thot, thot)\nPut her on her knee, make her lick it (lick it)\nPatek on my wrist, and it's glistenin' (drip, drip)\nThe bitch got mad, I dissed her (hey)\n\n[Verse 2: Offset]\nShawty, you ain't nothin' to a rich nigga (nothin')\nI'll put a check on a bitch nigga (brrt)\nFuck your whole set and your clique, nigga (fuck 'em)\nGot a gang full of dud and some broke niggas (dud)\nDiamonds on me, what's the price? (price)\nI'm not gettin' involved with the hype (hype)\nI'm too rich to get into a fight (too rich)\n50 racks got my jeans fittin' tight (50 racks)\nPay the price and them boys come and wipe ya' (wipe ya')\nWe had to dispose of the diaper (dispose)\nYeah we trap every week, every night (woah)\nWord my move, we too smooth, no indictments (hey)\nYeah, freakazoid lightnin' (lightnin')\n57 90 in this Breitling (Breit')\nWhen I got a mil I got excited (million)\nFor the cash I'ma turn to Michael Myers\nBaguettes keep dripping, droppin' (drip)\nMy wrist all liquid watches (watch)\nTold the bitch, \"Jump on my dick and pop it\" (yeah)\nGet a little bitch a deposit (hey, brrt)\n\n[Chorus: Cardi B]\nCame through drippin' (drip, drip)\nCame through drippin' (drip, drip)\nCame through drippin' (drip, drip)\nDiamonds on my wrist, they drippin' (ice!)\n\n[Refrain: Offset]\nBitch you a thot, ain't trickin' (thot, thot)\nPut her on her knee, make her lick it (lick it)\nPatek on my wrist, and it's glistenin' (uh, drip, drip)\nThe bitch got mad, I dissed her (hey)\n\n[Verse 3: Takeoff]\nTake-Takeoff\nCame through drippin' (drippin')\nI ain't never slippin', I'm a pimp (pimp)\nFuckin' with a quarter million, nigga, what a feelin' (feelin')\nAbort the mission, nigga, they be tellin' off and squealin' (squealin')\nSplash, took a bitch to Piccadilly (splash)\nWater in my ear, gave a nigga wet willy (wet willy)\nCame through drippin', spillin'\nWalkin' with the bag (bag)\nTryna get my niggas all a milli, stack it to the ceilin' (ceilin')\nShootin' at civilians ('villians)\nI'm the one dealin', I could make a killin' (killin')\nBags, can you smell it when I Vac-seal it? (uh)\nFlag, nigga, throw it up, don't care about your feelings (fuck 'em)\nOoh, what is this? What you wearin'? I be drippin' (what)\nCal Ripken's hit a nigga, Ken Griffey (home run)\nThe bitch got thick, so I guess she ate Jiffy\nWhen she leave with me, I'ma fly her back to the city (for sure)\n\n[Verse 4: Quavo]\nGo get the bag on the day off (racks)\nGo get the rings out the playoffs (rings)\nPots in the beat, it's a bake off (packs)\nFuck on her, then she get laid off (smash)\nBig boy tools, Maaco (big boy)\nMake a bitch dance with a Draco (dance)\nWalkin' with the cheese, that queso (cheese)\nThat's Huncho, fuck the Rodeo (Huncho)\nPrivate jet, we don't do layover (whew)\nOne call, I'm havin' your bae over (brrt)\nWalk out the spot with a makeover (woo)\nGot her addicted to payola (addicted, hey)\n\n[Chorus: Cardi B & Offset]\nCame through drippin' (drip, drip)\nCame through drippin' (drip, drip)\nCame through drippin' (drip, drip)\nDiamonds on my wrist, they drippin' (ice!)\nCame through drippin' (drip, drip)\nCame through drippin' (drip, drip)\nCame through drippin' (drip, drip)\nDiamonds on my wrist, they drippin' (ice!)\nCame through drippin' (drip, drip)\nCame through drippin' (drip, drip)\nCame through drippin' (drip, drip)\nDiamonds on my wrist, they drippin' (ice!)\nCame through drippin' (drip, drip)\nCame through drippin' (drip, drip)\nCame through drippin' (drip, drip)\nDiamonds on my wrist, they drippin' (ice!)", "image": "https://images.genius.com/2e3dc27ee115c3861581d1e57df2e48e.355x355x1.jpg"}], "artist": "Cardi B"}