{"songs": [{"title": "Bartier Cardi", "album": "Invasion of Privacy", "year": "2017-12-22", "lyrics": "[Intro: Cardi B & 21 Savage]\nBardi in a 'Rari, diamonds all over my body\n(30, you a fool for this one)\nShinin' all over my body\nBardi, put that lil' bitch on molly, Bardi!\nBitch on Molly (Cheeze)\n21, diamonds all over my body\nFucked that bitch on molly (KSR)\nAsk him if I'm 'bout it\n\n[Chorus: Cardi B & 21 Savage]\nYour bitch wanna party with Cardi\nCartier Bardi in a 'Rari (21)\nDiamonds all over my body (Cardi)\nShinin' all over my body (my body)\nCardi got your bitch on molly\nBitch, you ain't gang, you lame\nBentley truck lane to lane, blow out the brain (21)\nI go insane, insane\nI drop a check on the chain, fuck up a check in the Flame\nCardi took your man, you upset, uh\nCardi got rich, they upset, yeah (from what?)\nCardi put the pussy on Offset (say what?)\nCartier, Cardi B brain on Offset (21)\nCardi took your man, you upset, uh\nCardi got rich, they upset, yeah (21)\nCardi put the pussy on Offset (Cardi)\nCartier, Cardi B brain on Offset (who's Cardi?)\n\n[Verse 1: Cardi B]\nWho get this motherfucker started? (Cardi)\nWho took your bitch out to party? (Cardi)\nI took your bitch and departed (Cardi)\nWho that be fly as a Martian? (Cardi)\nWho that on fleek in the cut? (Cardi)\nWho got the bricks in the truck? (Cardi)\nThem diamonds gon' hit like a bitch on a bitchy ass bitch\nBitch, you a wannabe Cardi\nRed bottom MJ, moonwalk on a bitch\nMoonwalkin' through your clique\nI'm moonwalkin' in the 6\nSticky with the kick, moonrocks in this bitch\nI'm from the motherfuckin' Bronx (Bronx)\nI keep the pump in the trunk (trunk)\nBitch, if you bad then jump (jump)\nMight leave your bitch in a slump (your back)\n\n[Chorus: Cardi B & 21 Savage]\nYour bitch wanna party with Cardi\nCartier Bardi in a 'Rari (21)\nDiamonds all over my body (Cardi)\nShinin' all over my body (my body)\nCardi got your bitch on molly\nBitch, you ain't gang, you lame\nBentley truck lane to lane, blow out the brain (21)\nI go insane, insane\nI drop a check on the chain, fuck up a check in the Flame\nCardi took your man, you upset, uh\nCardi got rich, they upset, yeah (from what?)\nCardi put the pussy on Offset (say what?)\nCartier, Cardi B brain on Offset (21)\nCardi took your man, you upset, uh\nCardi got rich, they upset, yeah (21)\nCardi put the pussy on Offset (Cardi)\nCartier, Cardi B brain on Offset\n\n[Verse 2: 21 Savage]\nYour bitch wanna party with a Savage (21)\nSaint Laurent Savage in an Aston (yeah)\nHigh end cars and fashion (21)\nI don't eat pussy, I'm fastin' (on God)\nI'm a Blood, my brother Crippin'\nBitch, I'm drippin', ho, you trippin'\nTold the waitress, I ain't tippin'\nI like hot sauce on my chicken (on God)\nI pulled the rubber off and I put hot sauce on her titties (21)\nI'm in a Bentley truck, she keep on suckin' like it's tinted (21)\nAll these VVSs, nigga, my sperm worth millions (on God)\nThe bitch so bad, I popped a Molly 'fore I hit it (21, 21)\n\n[Chorus: Cardi B & 21 Savage]\nYour bitch wanna party with Cardi\nCartier Bardi in a 'Rari (21)\nDiamonds all over my body (Cardi)\nShinin' all over my body (my body)\nCardi got your bitch on molly\nBitch, you ain't gang, you lame\nBentley truck lane to lane, blow out the brain (21)\nI go insane, insane\nI drop a check on the chain, fuck up a check in the Flame\nCardi took your man, you upset, uh\nCardi got rich, they upset, yeah (from what?)\nCardi put the pussy on Offset (say what?)\nCartier, Cardi B brain on Offset (21)\nCardi took your man, you upset, uh\nCardi got rich, they upset, yeah (21)\nCardi put the pussy on Offset (Cardi)\nCartier, Cardi B brain on Offset (who's Cardi?)\n\n[Verse 3: Cardi B]\nStep in this bitch in Givenchy (cash)\nFuck up a check in Givenchy (cash)\nBoss out the coupe and them inches\nI fuck up a bag at the Fendi, I fuck up a bag in a minute\nWho you know drip like this?\nWho you know built like this?\nI'm poppin' shit like a dude\nPull up to pop at your crew, brrrt, poppin' at you (woo)\nThey say you basic, I flooded the Rollie with diamonds\nI flooded the Patek and bracelet\nI got your bitch and she naked\nIce on the cake when I bake it\nI'm switchin' lanes in the Range\nSwap out the dick for the brain\nSwap out your bitch for your main\nSwap out the trap for the fame\nIce on them Cardi B Cartier frames, bitch\n\n[Chorus: Cardi B & 21 Savage]\nYour bitch wanna party with Cardi\nCartier Bardi in a 'Rari (21)\nDiamonds all over my body (Cardi)\nShinin' all over my body (my body)\nCardi got your bitch on molly\nBitch, you ain't gang, you lame\nBentley truck lane to lane, blow out the brain (21)\nI go insane, insane\nI drop a check on the chain, fuck up a check in the Flame\nCardi took your man, you upset, uh\nCardi got rich, they upset, yeah (from what?)\nCardi put the pussy on Offset (say what?)\nCartier, Cardi B brain on Offset (21)\nCardi took your man, you upset, uh\nCardi got rich, they upset, yeah (21)\nCardi put the pussy on Offset (Cardi)\nCartier, Cardi B brain on Offset (who's Cardi?)", "image": "https://images.genius.com/6168388d089713f835ff9be5c4aac235.640x640x1.jpg"}], "artist": "Cardi B"}