{"songs": [{"title": "With That", "album": "Gangsta Bitch Music Vol. 1 ", "year": "2016-03-07", "lyrics": "[Hook]\nHundred band, hundred band\nI'm 'bout my bread I got to get this shmoney man\nThey fuck with my shmoney I'm sending them shots I watch them do the running man\nI'm with the shits if a nigga want this he gon' have to buy all of that\nI'm with the shits if a nigga want this he gon' have to buy all of that\nHe just want to splurge and its ok I'm so cool with that\n5 thousand on a purse yeah baby boy I'm so cool with that\nFuck him so good he gonna want to go spend all that\nPussy got him on the jugg he gonna re-up and come right back\n\n[Verse 1]\nNo I'm not cool, 'cause bitch I'm bool\nAnd I'm been jacking that ever since school\nSo don't be a fool\nRun up on me got mechanics with tools\nAnd they ain't scared to lose\nThey had me on snooze\nNow when I host it's is a zoo\nWhen the host is a zoo\nGot me a check I got a check\nFeeling so blessed\nDoing a lot more than what they expect\nI'm in my prime everything in effect\nAnd I'm so cool with that\nThis hustle not new to that\nSell out these spots got 'em thinking like who did that\nThis new bitch from the Bronx\nThe one that you slept on for so long so cool all that, cool all that\n\n[Hook]\nHundred band, hundred band\nI'm 'bout my bread I got to get this shmoney man\nThey fuck with my shmoney I'm sending them shots I watch them do the running man\nI'm with the shits if a nigga want this he gon' have to buy all of that\nI'm with the shits if a nigga want this he gon' have to buy all of that\nHe just want to splurge and its ok I'm so cool with that\n5 thousand on a purse yeah baby boy I'm so cool with that\nFuck him so good he gonna want to go spend all that\nPussy got him on the juug he gon' re-up and come right back\n\n[Verse 2]\nHe want to dab in this pussy but I don't think he get the picture\nHe ask me what I want I tell him, make me look like Sub-Zero sister\nI'm talking that ice, just ignore the price or I might just dismiss ya\nDon't do broke niggas, ain't no joke nigga 'cause the pussy delicious\nBitches mad at me cause I'm on my shit\nI know they doubted me cause I used to strip\nBlew on IG on some regular shit, then she to TV on some degular shit\nWhen I pull up on that bitch for talking that shit amnesia kick in and I swear they forget\nThen I think to myself they ain't fuck with my money then I keep it pushing watch out lil' bitch\n\n[Hook]\nHundred band, hundred band\nI'm 'bout my bread I got to get this shmoney man\nThey fuck with my shmoney I'm sending them shots I watch them do the running man\nI'm with the shits if a nigga want this he gon' have to buy all of that\nI'm with the shits if a nigga want this he gon' have to buy all of that\nHe just want to splurge and its ok I'm so cool with that\n5 thousand on a purse yeah baby boy I'm so cool with that\nFuck him so good he gonna want to go spend all that\nPussy got him on the jugg he gon' re-up and come right back", "image": "https://images.genius.com/ecd40d906750084b80a6f7b9cafea8ea.1000x1000x1.jpg"}], "artist": "Cardi B"}