{"songs": [{"title": "Booty", "album": "CB2*", "year": null, "lyrics": "[Verse]\nBooty so stupid it's a motherfucking retard\nI'm from the Bronx, but my booty from the DR\nBooty so big I don't need to have titties\nBooty prolly got a job at Magic City\nBooty so poppin have your girl doin research\nI'm the white stain on the bottom of his T-Shirt\nBooty so big have you calling outta work nigga\nDrop it down fuck around I might hurt niggas\nBooty so big that it swallow up panties\nSame with these hoes\nI'm Cardi B [?]\nBooty on [?] fuck around\nGoddamn call me Cardi, [?]\nBut I put it on his forehead\nI remember when I used to pay bills with it\nNow I just [?]\nBooty so big have to question a nigga dick game\nBooty so big that it got it's own nickname\nBooty so big that it got it's own zip code\nBooty so big [?]", "image": "https://images.genius.com/69303cdfeb7033ae472b0e967ce60025.500x500x1.png"}], "artist": "Cardi B"}