{"songs": [{"title": "Be Careful", "album": "Invasion of Privacy", "year": "2018-03-30", "lyrics": "[Intro]\nYeah\nCare for me, care for me, care for me, uh\nYeah, look\n\n[Verse 1]\nI wanna get married, like the Currys, Steph and Ayesha shit\nBut we more like Belly\u2014Tommy and Keisha shit\nGave you TLC, you wanna creep and shit\nPoured out my whole heart to a piece of shit\nMan, I thought you would've learned your lesson\n'Bout likin' pictures, not returnin' texts\nI guess it's fine, man, I get the message\nYou still stutter after certain questions\nYou keep in contact with certain exes\nDo you, though, trust me, nigga, it's cool, though\nSaid that you was workin', but you out here chasin' culo\nAnd putas, chillin' poolside, livin' two lives\nI could've did what you did to me to you a few times\nBut if I did decide to slide, find a nigga\nFuck him, suck his dick, you would've been pissed\nBut that's not my M.O., I'm not that type of bitch\nAnd karma for you is gon' be who you end up with\nYou make me sick, nigga\n\n[Chorus]\nThe only man, baby, I adore\nI gave you everything, what's mine is yours\nI want you to live your life of course\nBut I hope you get what you dyin' for\nBe careful with me, do you know what you doin'?\nWhose feelings that you're hurtin' and bruisin'?\nYou gon' gain the whole world\nBut is it worth the girl that you're losin'?\nBe careful with me\nYeah, it's not a threat, it's a warnin'\nBe careful with me\nYeah, my heart is like a package with a fragile label on it\nBe careful with me\n\n[Bridge]\nCare for me, care for me\nAlways said that you'd be there for me, there for me\nBoy, you better treat me carefully, carefully, look\n\n[Verse 2]\nI was here before all of this\nGuess you actin' out now, you got an audience\nTell me where your mind is, drop a pin, what's the coordinates?\nYou might have a fortune, but you lose me, you still gon' be misfortunate, nigga\nTell me, this lust got you this fucked up in the head\nYou want some random bitch up in your bed?\nShe don't even know your middle name, watch her 'cause she might steal your chain\nYou don't want someone who loves you instead? I guess not though\nIt's blatant disrespect, you nothin' like the nigga I met\nTalk to me crazy and you quick to forget\nYou even got me trippin', you got me lookin' in the mirror different\nThinkin' I'm flawed because you inconsistent\nBetween a rock and a hard place, the mud and the dirt\nIt's gon' hurt me to hate you, but lovin' you's worse\nIt all stops so abrupt, we started switchin' it up\nTeach me to be like you so I can not give a fuck\nFree to mess with someone else, I wish these feelings could melt\n'Cause you don't care about a thing except your mothafuckin' self\nYou make me sick, nigga\n\n[Chorus]\nThe only man, baby, I adore\nI gave you everything, what's mine is yours\nI want you to live your life of course\nBut I hope you get what you dyin' for\nBe careful with me, do you know what you doin'?\nWhose feelings that you're hurtin' and bruisin'?\nYou gon' gain the whole world\nBut is it worth the girl that you're losin'?\nBe careful with me\nYeah, it's not a threat, it's a warnin'\nBe careful with me\nYeah, my heart is like a package with a fragile label on it\nBe careful with me", "image": "https://images.genius.com/81e4ce4cdac86107d1a65ca76ba6e107.1000x997x1.jpg"}], "artist": "Cardi B"}