{"songs": [{"title": "Lick", "album": "Gangsta Bitch Music, Vol. 2", "year": "2017-01-20", "lyrics": "[Intro]\nYeah\nLookin' like I caught a (Look at me)\nCardi (Look at me)\nCardi (Look at me)\nWoah\n\n[Chorus]\nLookin' like I caught a lick\nRun up on me, you get hit\nAnd all my bitches with the shits\nBronx, New York, gangsta bitch\nLookin' like I caught a lick\nSince Day 1, I've been that bitch\nGot some hittas in my clique\nLookin' like I caught a lick\nLookin' like I caught a lick\n\n[Verse 1]\nLook at me, look at me\nThey ain't like me before, now they bookin' me\nThe glow got bitches so shook at me\nThey like, \"Chef Cardi B, what you cookin' B?\"\nI say, \"Bitches, got me on some new shit\"\nI swear niggas got me feelin' ruthless\nToo much mo'fuckers done doubted me\nThat's why I had to just prove it\nI remember walkin' in the stores, I couldn't buy nothin'\nThey look at me starin'\nNow I just walk in the stores, I like it I cop it\nI don't even think\nBank tellers asking for info\n'Cause now my deposits on Kimbo\nTold that bitch, \"Gimme my money\nWhy the fuck you askin' all this info?\"\n\n[Pre-Chorus]\nRun up, get done up\nGot shooters ready for a come up\nPromise you I didn't luck up\nWas grindin' all night\nDidn't sleep 'til the sun up\nNow I got up on my shit\nWalk around like I'm that bitch\nEvery nigga wanna hit\n\n[Chorus]\nLookin' like I caught a lick\nRun up on me, you get hit\nAnd all my bitches with the shits\nBronx, New York, gangsta bitch\nLookin' like I caught a lick\nSince Day 1, I've been that bitch\nGot some hittas in my clique\nLookin' like I caught a lick\nLookin' like I caught a lick\n\n[Verse 2]\nSee me in my 'bach, now they all surprised\nNow they call my phone, I just press decline\nNot even six seconds, I don't give 'em Vine\nTell 'em, \"Fall back,\" all must recline\nBitches mad as fuck but I don't give a fuck\nNiggas can't believe it, better soak it up\nLookin' like I caught a lick, bitch\nYour nigga got me on his wishlist\nThought I was makin' no moves?\nThought I was gon' be livin' in Sues?\nThought I was makin' no money?\nYou fuckin' thought I was gon' lose\nEverythin' I did, I swear I got paid\nBeen 'bout my money, that ain't gon' change\nBitch, you gon' drown tryna ride on my wave\nCorny ass bitches, I just can't relate\n\n[Pre-Chorus]\nRun up, get done up\nGot shooters ready for a come up\nPromise you I didn't luck up\nWas grindin' all night\nDidn't sleep 'til the sun up\nNow I got up on my shit\nWalk around like I'm that bitch\nEvery nigga wanna hit\n\n[Chorus]\nLookin' like I caught a lick\nRun up on me, you get hit\nAnd all my bitches with the shits\nBronx, New York, gangsta bitch\nLookin' like I caught a lick\nSince Day 1, I've been that bitch\nGot some hittas in my clique\nLookin' like I caught a lick\nLookin' like I caught a lick\n\n[Outro]\nLook at me\nLook at me\nLook at me\nLook at me", "image": "https://images.genius.com/7be2b7a5745ed121ebf721f0598de04d.999x999x1.jpg"}], "artist": "Cardi B"}