{"songs": [{"title": "How I Do", "album": "Gangsta Bitch Music, Vol. 2", "year": null, "lyrics": "[Intro]\nGangsta !\nCardi !\nB !\n\n[Chorus]\nThis is how I do\nI make a fool out these bitches\nThey be thinking they tough\nThis is how I do\nI make these niggas spend their money\nThen I show them no love\nThis is how I do\nIf the bag not involved\nThen you know it's a dub\nThis is how I do\nThey ain't fuck with me before now I gotta stunt\n\n[Verse 1]\nPull up like huh?\nThey looking like what?\nHeads turn left and right, they wonder who's her?\nCardi B, duh\nBitch don't front\nYou on my Gram all day, don't play dumb\nCame up from the slums\nThe dirty, dirty Bronx\nWhere niggas quick to clip your shit, no fair ones\nYou gotta keep a gun, but beef to me is fun\nI never back down, been this way since day one\n\n[Pre-Chorus]\nThey shit on me before, thought I was just a stupid hoe\nThey tight now, they realize they was sleeping on gold\nTook me one year man, and now I'm doin' shows\nNow they wanna take pics with me, hold on let me pose\nBelieve me, I easily can do a bitch greasy\nI'll give it to you just how you like it girlll\nCardi B in full effect, couple bitches upset\nCouple niggas wanna hit it and they can't so they stressed\n\n[Chorus]\nThis is how I do\nI make a fool out these bitches\nThey be thinking they tough\nThis is how I do\nI make these niggas spend their money\nThen I show them no love\nThis is how I do\nIf the bag not involved\nThen you know it's a dub\nThis is how I do\nThey ain't fuck with me before now I gotta stunt\n\n[Verse 2]\nCardi in tune, bitches make room\nTest me? The gat goes CLICK, CLACK, BOOM\nGangsta Bitch, oooh, Volume 2\nCop somethin' mean, when it start you hear that VROOM\nPull up to your side, 30 deep right?\nStuntin' on my ex, he thirsty for a reply\nSick, sick, sick\nCall my phone, it's CLICK\nHad me fucked up when you was fucking with that bitch\n\n[Pre-Chorus]\nMaking power moves\nGoin' 50 on 'em\nSame ones that played me\nHigh-siddity on 'em\nBack to back with it, goin' Drizzy on 'em\nNow they tight, they gotta watch me make a milli on 'em\n\n[Outro]\nHa-Ha !\nYo, yo, Remember, remember nigga when you told me that I was gonna work in that strip club Divas on 177th in the Bronx for the rest of my life? Well guess what nigga? Now i'm the fucking diva\nShit\nFuck outta here\nGANGSTA!", "image": "https://images.genius.com/7be2b7a5745ed121ebf721f0598de04d.999x999x1.jpg"}], "artist": "Cardi B"}