{"songs": [{"title": "Pull Up", "album": "Gangsta Bitch Music, Vol. 2", "year": "2017-01-20", "lyrics": "[Hook]\nHella fake, you better pull up on me\nI hope you feel the same when you see my face, you better pull up on me\nAin't no backin' down, prepared to shake, you better pull up on me\nNow you wanna be my friend, no you ain't safe, you better pull up, homie\nPull up, pull up, pull up, pull up on me\nPull up, pull up, pull up, pull up on me\nI heard you talkin' cray, I know you hella fake, you better pull up on me\nI hope you feel the same when you see my face\n\n[Verse 1]\nNo, I don't think they know\nThey don't know how this go\nThey think I'm broke\nWhat a fuckin' joke\nWhen I walk in the door, I gets my dough\nThen a bitch get low\nI used to kill them poles, now I kill them shows\nThey don't like my growth, well fuck ya hoes\nYeah, 'cause all my bitches that be gettin' with me\nIf I put a fifty, they gon' put a fifty\nEvery night, ask Sue's rendezvous\nIt was Kita, Sweetness, and Ashanti with me\nI had to go get it on some real shit\nIf you a real bitch ,you gon' feel this\nEvery single nigga that came my way\nI finesse and juug on some ill shit\nSo much people think they know my pussy\nBut no one can say they fucked\nPlease show me hoe facts\nName-drop, round 'em up\nThat bum bitch like to run her mouth\nI swear to God I'ma lay her out\nWhen I catch you on the side of town\nMy Guiseppe heels gonna stomp you out\nI'm tired of playin', I'm tired of playin'\nI'ma give you hell, you gon' think I'm Satan\nI see you mad 'cause I'm 'bout to have this whole shit on lock\nIncarceration\nSomeone gave you wrong information\nYou try to play me, that's confirmation\nBut it's all good 'cause when you see my face\nShit don't come out like it's constipation\n\n[Pre-Hook]\nYou stuck, bitch, yeah\nI know it sucks, bitch, yeah\nPull up, bitch, yeah\nLike wassup, bitch, yeah\n\n[Hook]\nPull up on me\nI heard you talkin' cray, I know you hella fake, you better pull up on me\nI hope you feel the same when you see my face, you better pull up on me\nAin't no backin' down, prepared to shake, you better pull up on me\nNow you wanna be my friend, no you ain't safe, you better pull up, homie\n\n[Verse 2]\nLet's go, I mean come on now, who you tryna flex for?\nWhy you actin' like I won't leave you down in the ground?\nBut you knew what it was from the get-go\nThat Cardi on some new shit\nGet that money then I go flip\nSome people think I'm just a dumb bitch\nIf that was true I wouldn't have shit, yeah\nBronx bitch 'til the day I die\nI did my dirt and I ain't gotta lie\nYou can talk crazy on IG\nBut when I run up, let them hands fly\nI don't fuck around with no fuckin' clowns\nAny niggas with me, they fuckin' hounds\nAny bitches with me, they fuckin' down\nSo if you really 'bout it, then pull up now\n\n[Pre-Hook]\nYou stuck, bitch, yeah\nI know it sucks, bitch, yeah\nPull up, bitch, yeah\nLike wassup, bitch, yeah\n\n[Hook]\nPull up on me\nI heard you talkin' cray, I know you hella fake, you better pull up on me\nI hope you feel the same when you see my face, you better pull up on me\nAin't no backin' down, prepared to shake, you better pull up on me\nNow you wanna be my friend, no you ain't safe, you better pull up, homie", "image": "https://images.genius.com/7be2b7a5745ed121ebf721f0598de04d.999x999x1.jpg"}], "artist": "Cardi B"}