{"songs": [{"title": "I Do", "album": "Invasion of Privacy", "year": "2018-04-06", "lyrics": "[Intro]\nM-M-M-Murda\n\n[Chorus: SZA]\nI left a nigga on read 'cause I felt like it\nDress me down in that Raf, Saint Laurent jacket\nDapper, dapper, I look fine and my checks divine\nNo wonder, wonder why I do whatever I like\nI do what I like, I do, I do\nI do what I like, I do, I do\nI do what I like, I do, I do\nI do what I like, I do, I do\n\n[Verse 1: Cardi B]\nI think us bad bitches is a gift from God (gift from God)\nI think you broke hoes need to get a job (get a job)\nNow I'm a boss, I write my own name on the checks (Cardi)\nPussy so good, I say my own name during sex\nI might smack a bitch 'cause I felt like it\nGucci shoes and a belt like it\nSaid that Cardi is his favorite fragrance\nI'm a rich bitch and I smell like it\nI'm in a boss bitch mood, ay, these heels are Givenchy, ho\nThese are some boss bitch shoes\nIf you ain't no boss bitch, move, ay\nFor the record, I set record record sales\nI like niggas that been in and outta jail\nThey said by now that I'll be finished, hard to tell (I can tell)\nMy little 15 minutes lasting long as hell, huh?\n\n[Chorus: SZA]\nI left a nigga on read 'cause I felt like it\nDress me down in that Raf, Saint Laurent jacket\nDapper, dapper, I look fine and my checks divine\nNo wonder, wonder why I do whatever I like\nI do what I like, I do, I do\nI do what I like, I do, I do\nI do what I like, I do, I do\nI do what I like, I do, I do\n\n[Verse 2: Cardi B]\nLook, broke hoes do what they can (can)\nGood girls do what they told (told)\nBad bitches do what they want (they want)\nThat's why a bitch is so cold\nI'm a gangsta in a dress, I'm a bully in the bed\nOnly time that I'm a lady's when I lay these hoes to rest\nThe coupe is roofless, but I get top in it\nI'm provocative, it's my prerogative\n80K just to know what time is it\nCardi rockin' it, go buy stock in it\nSpent what I want, ain't no limit\nI say what I want, I ain't never been timid\nOnly real shit comes out my mouth and only real niggas go in it\nLeave his texts on read, leave his balls on blue\nPut it on airplane mode so none of those calls come through\nHere's a word to my ladies, don't you give these niggas none (give 'em none)\nIf they can't make you richer, they can't make you cum\n\n[Chorus: SZA]\nI left a nigga on read 'cause I felt like it\nDress me down in that Raf, Saint Laurent jacket\nDapper, dapper, I look fine, and my checks divine\nNo wonder, wonder why I do whatever I like\nI do what I like, I do, I do\nI do what I like, I do, I do\nI do what I like, I do, I do\nI do what I like, I do, I do", "image": "https://images.genius.com/f22cce5c07efdef2549aea974189003a.640x640x1.jpg"}], "artist": "Cardi B"}