{"songs": [{"title": "BON", "album": "Gangsta Bitch Music Vol. 1 ", "year": "2016-03-07", "lyrics": "Fuck all that talking shit\nFuck all that stalling shit\nI came here to eat\nI ain't with that starving shit\nBeen on the hustle since young, so I been involved in shit:\nThe fakes, the snakes, heartbreaks-- I mean all of it\nI'm in my zone now and I ain't gon fold up\nThey like Cardi all grown up yea bitch I glo'ed up\nThey ain't see the blizzard coming these niggas done froze up\nThey mad they been sleeping on me just be like you woke up\nI don't make scenes I just make movies\nClip after clip after clip call it a uzi\nI feel like a bad ass, I feel like I'm Boosie\nThey quick to judge a bitch just wish they knew me\nI know a couple hittas done pulled a couple triggers\nViolate me they gon come and get you\nAnd I'm tired of y'all baby mamas y'all nothing but drama\nAlways worrying about the new bitch why you so foolish watching my moves you like how I do shit\nI make you feel insecure but that's not my problem\nJust worry about your kid and I'ma keep popping my collar\nAnd for those who want to know I'm not your average hoe\nI be on my bullshit, but yea I got standards though\nYeah I fucked a couple niggas pulled a couple tricks\nBust a couple splits sucked a couple dicks\nBut there is a story to everything and that's just real shit\nMy family had to eat and I had to pay the rent\nIf it's green I'ma get it please stay the fuck out my business\nBitch try me I promise you get it\nBitch try me there will be no winning\nGotta watch all these faces there's too many counterfeits\nSometimes when you hear them say I got you you can't even count on it\nThat's why I fuck with my bitches only my bitches\nMy day one bitches so please do not fuck with my bitches\nThat's a brick in your face and you gon need stitches\nI see that you moving suspicious\n200 dollars, they do you with quickness\nThat's word to my niece I'm not kidding\nI fuck with them BONs and they get vicious", "image": "https://images.genius.com/ecd40d906750084b80a6f7b9cafea8ea.1000x1000x1.jpg"}], "artist": "Cardi B"}