{"songs": [{"title": "Wash Poppin", "album": "Gangsta Bitch Music Vol. 1 ", "year": "2016-03-07", "lyrics": "[Hook]\nI need all my money makers bring that cash out\nI need all my D boys to bring that cash out\nI need all my scammer niggas bring that cash out\nDon't you see these big ass titties and this ass out\nI need all my money makers bring that cash out\nI need all my D boys to bring that cash out\nI need all my scammer niggas bring that cash out\nDon't you see these big ass titties and this ass out\n\n[Verse 1]\nLil trick go bust a band on a bitch\nNow give me all that money you be spending on your chick\nNow give me all that money you be spending on your kid\nNow give me all that money you been stacking for your rent nigga\nI'm just into making money I ain't into making love\nWhen you hear that stripper hoe I'm the one you thinking of\nI'm the bitch they love to hate I'm the bitch they hate and love\nYellow bitch I look like Diamond in Playas Club\nYou want to be my main squeeze baby don't you\nYou want to give a bitch a seed baby don't you\nYou hit the club with 20 Gs baby don't you\nAnd spend that all on Cardi B baby don't you\nI need like 10k right now\nI need like 20k right now\nI need like 50k right now\nAll you broke niggas get out the way right now\n\n[Hook]\nI need all my money makers bring that cash out\nI need all my D boys to bring that cash out\nI need all my scammer niggas bring that cash out\nDon't you see these big ass titties and this ass out\nI need all my money makers bring that cash out\nI need all my D boys to bring that cash out\nI need all my scammer niggas bring that cash out\nDon't you see these big ass titties and this ass out\n\n[Bridge]\nReal niggas fuck with me the bad bitches fuck with me\nSo if you don't it's probably cause you broke or you ugly\nReal niggas fuck with me the bad bitches fuck with me\nSo if you don't it's probably cause you broke or you ugly\nEvery time that I'm on the road popping\nEvery time that I do a show popping\nWhen I put this pussy on the pole popping\nFriends want to have these cornrows popping\n\n[Hook]\nI need all my money makers bring that cash out\nI need all my D boys to bring that cash out\nI need all my scammer niggas bring that cash out\nDon't you see these big ass titties and this ass out\nI need all my money makers bring that cash out\nI need all my D boys to bring that cash out\nI need all my scammer niggas bring that cash out\nDon't you see these big ass titties and this ass out", "image": "https://images.genius.com/ecd40d906750084b80a6f7b9cafea8ea.1000x1000x1.jpg"}], "artist": "Cardi B"}