{"songs": [{"title": "Foreva", "album": "Gangsta Bitch Music Vol. 1 ", "year": "2016-03-07", "lyrics": "[Producer Tag]\nSwiftOnDemand\n\n[Chorus]\nRan down on that bitch twice\nRan down on that bitch twice\nYou know me I be with whatever\nIf a bitch beef with me we gon' beef foreva\nRan down on that bitch twice\nRan down on that bitch twice\nYou know me I be with whatever\nIf a bitch beef with me we gon' beef foreva\n\n[Verse 1]\nWhy you always tryna run and hide\nAlways have my name up in your mouth you outta line\nYou gon' make me pop up at your door like surprise\nLike come outside lil' bitch come outside\nNever by my lonely got my niggas by my side\nAnd all my niggas skrr skrr yeah they down to ride\nYeah my bitches go to work I'm talking 9 to 5\nThe streets want to fuck around you won't stay alive\nYour man can cross you and I make sure that you pay the price\nSo don't be lacking when you coming home from work at night\nYou run your mouth I poppin out now it's on sight\nYou gon' be just like my pussy hella tight\nA hoe can hate but don't be fucking with my commas\nAnd if she is I'll shape her up and she gon' get the line up\nCan't be starting all these problems if you cannot solve em\nCardi backing down I swear to God that's not an option\n\n[Chorus]\nRan down on that bitch twice\nRan down on that bitch twice\nYou know me I be with whatever\nIf a bitch beef with me we gon' beef foreva\nRan down on that bitch twice\nRan down on that bitch twice\nYou know me I be with whatever\nIf a bitch beef with me we gon' beef foreva\n\n[Verse 2]\nSome bitches claim they with the shits but they ain't with a thing\nI spin the block come around like a boomerang\nSilence silence I don't hear a thing\nWorry about me but your pussy smell like turtle tank\nI pull up on that check nothing less that's all I do\n10 bands 50 bands ain't nothing new\nI see some people who still worried about my revenue\nI'm eating good you wish you could don't worry about my food\nAnd niggas hating on a female ain't no way to live\nYou bitch made make me wonder if you got a dick\nHow you feeling like a man envying a chick\nWake up and go get some money go and find your niche\nSilly muthafucka who raised you\nA nigga with a pussy how disgraceful\nI have my hittas come and duck tape you\nAnd your bitch could get it too double date boo\nSo let's get it so let's get it so let's get it let's not waste a minute\nYou clearly started so let's finish\nI don't do forgiveness, they take your kindness for a gimmick\nI'm just here for business\nI'm running down and I'm with it\n\n[Chorus]\nRan down on that bitch twice\nRan down on that bitch twice\nYou know me I be with whatever\nIf a bitch beef with me we gon' beef foreva\nRan down on that bitch twice\nRan down on that bitch twice\nYou know me I be with whatever\nIf a bitch beef with me we gon' beef foreva", "image": "https://images.genius.com/3f5818884df17f1a9b0863d9cff964dc.1000x1000x1.jpg"}], "artist": "Cardi B"}