{"songs": [{"title": "Best Life", "album": "Invasion of Privacy", "year": "2018-04-06", "lyrics": "[Intro: Chance The Rapper]\nI'm livin' my best life, yeah, yeah\nI'm livin' my best life\nMade a couple M's, you know (IGH! Huh!)\n\n[Chorus: Chance The Rapper]\nSaid I'm livin' my best life\nSaid I'm livin' my best life\nMade a couple M's with my best friends\nTurned all my L's into lessons\nYou see the whip pullin' up, it's like \"skrrt\"\nDreams pullin' up, I'm like \"skrrt\"\nI'm livin' my best life\nIt's my birthday, at least that's what I'm dressed like\n\n[Verse 1: Cardi B]\nI'm like Big Pop' mixed with 2Pac, I'm like Makaveli (yeah)\nYou need some, Little Caesar's pizza, I be hot and ready (woo)\nNigga, you a pussy and a rat, you like Tom and Jerry\nNigga, you ain't ballin', you just talkin', that's that commentary (huh)\nI was in the field, man, I slaved for this (yeah)\nHad to talk to God, dropped down, and prayed for this\nTo my surprise, He replied, said, \"You made for this\"\nI seen the car I wanted, then I went and paid for it, cash cash\nHit the Tay-K, I hit the race, hit the dash dash\nThat's when they came for me on Twitter with the backlash\n\"#CardiBIsSoProblematic\" is the hashtag\nI can't believe they wanna see me lose that bad\nThey talkin' junk and they stink, these hoes mad trash\nI'm gigglin', can't let the devil have the last laugh\nAin't no more beefin', I'm just keepin' to myself\nI'm my own competition, I'm competin' with myself (brrr)\n\n[Chorus: Chance The Rapper]\nI told y'all, I said I'm livin' my best life (woo)\nI told y'all, I said I'm livin' my best life (ayy)\nI made a couple M's with my best friends\nTurned all my L's into lessons (skrrt, skrrt)\nYou see the whip pullin' up, it's like \"skrrt\" (like skrrt)\nDreams pullin' up, I'm like \"skrrt\" (like skrrt)\nI'm livin' my best life\nIt's my birthday, at least that's what I'm dressed like (Chance, The Rapper)\n\n[Verse 2: Chance The Rapper]\nYou don't like money, I can see it your eye\nYou don't like winnin', I can see it in your tie\nBetter be careful with these women when you trickin', send it fly\nShe count money in her sleep and she don't ever spend the night\nBut she trappin' and she had to make it happen for her life\nDon't be mad because she havin', shit, you had it your whole life\nWe had baggage on our flight, we had badges on our asses\nYou got passes in your life, you had gadgets on your bike\nGod work magic, God work magic, God work magic in my life\nAnd that guala like Iyanla 'cause that bag just fixed my life\nAnd y'all know good and damn well I don't want no champagne\nBut can we please get some more champagne?\nPlease, no Andre, G like 'Venchy\nReach like 'Bron James, pep talk from Yonc\u00e9\n'Member my hands had ash like Pompeii\nNow they hold cash, won't peak like Dante\n\n[Chorus: Chance The Rapper]\nI told y'all, I said I'm livin' my best life\nI told y'all, I said I'm livin' my best life (ayy)\nI made a couple M's with my best friends\nTurned all my L's into lessons\nYou see the whip pullin' up, it's like \"skrrt\" (skrrt, skrrt, like skrrt)\nDreams fillin' up, I'm like \"skrrt\" (like skrrt)\nI'm livin' my best life\nIt's my birthday, at least that's what I'm dressed like\n\n[Verse 3: Cardi B]\nI said I never had a problem showin' y'all the real me\nHair when it's fucked up, crib when it's filthy\nWay-before-the-deal me, strip-to-pay-the-bills me\n'Fore I fixed my teeth, man, those comments used to kill me\nBut never did I change, never been ashamed\nNever did I switch, story stayed the same\nI did this on my own, I made this a lane\nY'all gotta bear with me, I been through some things\nWent from small-ass apartments to walkin' red carpets\nPissy elevators, now every dress is tailored\nThis some real-life fairy tale Binderella shit\nI got further than them hoes said I will ever get\nAnd that only goes to show that only God knows\nI took pictures with Beyonc\u00e9, I met Mama Knowles\nI'm the rose that came from the concrete and arose\nI'm like gold, I'm life goals, man, I'm chosen, I'm floatin', ayy\n\n[Chorus: Chance The Rapper]\nI told y'all, I said I'm livin' my best life\nI told y'all, I said I'm livin' my best life (ayy)\nI made a couple M's with my best friends\nTurned all my L's into lessons (hey, hey, hey, hey)\nYou see the whip pullin' up, it's like \"skrrt\" (like skrrt)\nDreams pullin' up, I'm like \"skrrt\" (like skrrt)\nI'm livin' my best life\nIt's my birthday, at least that's what I'm dressed like\n\n[Outro: Chance The Rapper]\nSkrrt skrrt, it's goin' down right now\nSkrrt skrrt, Jamie Foxx in your town like\nSkrrt skrrt, money pilin' up, man\nAll the blessings comin' down\nYou don't know 'bout nothin' (you don't know)\nYou don't know 'bout nothin' (ayy)\nYou don't know 'bout nothin'\nYou don't know 'bout nothin' (I told y'all, I told y'all)\nYou don't know 'bout nothin' (I t-, I told y'all, I told y'all)\nYou don't know 'bout nothin' (told y'all, I t-, I told y'all)\nYou don't know 'bout nothin' (you don't know)\nYou don't know 'bout nothin'\nYou don't know 'bout nothin' (ayy, ayy, ayy, ayy)\nYou don't know 'bout nothin' (ayy, ayy, ayy, ayy)\nYou don't know 'bout nothin' (ayy, ayy, ayy, ayy)\nYou don't know 'bout nothin' (ayy, ayy, ayy, ayy)", "image": "https://images.genius.com/f22cce5c07efdef2549aea974189003a.640x640x1.jpg"}], "artist": "Cardi B"}