{"songs": [{"title": "Lick (Remix)", "album": "Gangsta Bitch Music, Vol. 2", "year": "2017-02-17", "lyrics": "[Intro: Cardi B & Offset]\nYa dig?\nYeah\nLookin' like I caught a (Look at me)\nCardi (Look at me)\nCardi (Look at me)\nWoah\n\n[Chorus: Cardi B & Offset]\nLookin' like I caught a lick (lick, hey!)\nRun up on me, you get hit\nAnd all my bitches with the shits (yeah!)\nBronx, New York, gangsta bitch (woo, woo)\nLookin' like I caught a lick (yeah)\nSince Day 1, I've been that bitch (hey)\nGot some hittas in my clique\nLookin' like I caught a lick (woo, woo, Offset!)\nLookin' like I caught a lick\n\n[Verse 1: Offset]\nThey know they can't stop a G\nBitch do not talk to me (yeah)\nDiamonds start hittin', she swallow me (shine)\nPlay with these racks like Monopoly (racks)\nMake her say uh like Master P\nBought the Patek Phillipe, no that bitch wasn't cheap (no)\nThese niggas is pussy, they is what they eat (woo)\nShow after show, I've been countin' all week (woo)\nLamborghini, I just ordered up three (skrrt, skrrt)\nLookin' like I hit a lick and fuckin' on a badder bitch\nFuckin' on your daughter, ask me how I get the water wrist\nThink he poppin' hard but he really wanna take a pic (flash)\nHe can't even believe I done got rich\nWoke up this mornin', I'm countin' this money\nThis water drip off me, a fountain or somethin' (water)\nThese bitches and niggas not 'mountin' to nothin' (nah)\nI keep countin' this money, I keep countin' this money (hey!)\n\n[Pre-Chorus: Cardi B]\nRun up, get done up\nGot shooters ready for a come up\nPromise you I didn't luck up\nWas grindin' all night\nDidn't sleep 'til the sun up\nNow I got up on my shit\nWalk around like I'm that bitch\nEvery nigga wanna hit\n\n[Chorus: Cardi B & Offset]\nLookin' like I caught a lick (lick, hey!)\nRun up on me, you get hit\nAnd all my bitches with the shits (yeah!)\nBronx, New York, gangsta bitch (woo, woo)\nLookin' like I caught a lick (yeah)\nSince Day 1, I've been that bitch (hey)\nGot some hittas in my clique\nLookin' like I caught a lick (woo, woo, woo)\nLookin' like I caught a lick\n\n[Verse 2: Cardi B]\nLook at me, look at me\nThey ain't like me before, now they bookin' me\nThe glow up got bitches so shook at me\nThey like, \"Chef Cardi B, what you cookin', B?\"\nI say, \"Bitches, got me on some new shit\"\nI swear niggas got me feelin' ruthless\nToo much mo'fuckers done doubted me\nThat's why I had to just prove it\nI remember walkin' in the stores, I couldn't buy nothin'\nThey look at me stank\nNow I just walk in the stores, I like it I cop it\nI don't even think\nBank tellers asking for info\n'Cause now my deposits on Kimbo\nTold that bitch, \"Gimme my money\nWhy the fuck you askin' all this info?\"\n\n[Pre-Chorus: Cardi B]\nRun up, get done up\nGot shooters ready for a come up\nPromise you I didn't luck up\nWas grindin' all night\nDidn't sleep 'til the sun up\nNow I got up on my shit\nWalk around like I'm that bitch\nEvery nigga wanna hit\n\n[Chorus: Cardi B & Offset]\nLookin' like I caught a lick (lick, hey!)\nRun up on me, you get hit\nAnd all my bitches with the shits (yeah!)\nBronx, New York, gangsta bitch (woo, woo)\nLookin' like I caught a lick (yeah)\nSince Day 1, I've been that bitch (hey)\nGot some hittas in my clique\nLookin' like I caught a lick (woo, woo, woo, woo)\nLookin' like I caught a lick\n\n[Outro: Cardi B]\nLook at me\nLook at me\nLook at me\nLook at me", "image": "https://images.genius.com/61a51181c0a1374d75d801080d8f0b63.355x355x1.jpg"}], "artist": "Cardi B"}