{"songs": [{"title": "Bodak Yellow (Latin Trap Remix)", "album": null, "year": "2017-08-18", "lyrics": "[Letra de \"Bodak Yellow (Latin Trap Remix)\" ft. Messiah El Artista]\n\n[Intro: Cardi B]\nKSR (ooh)\nHah, it's Cardi, ayy\nSaid, \"I'm the shit, they can't fuck with me if they wanted to\"\nUmm...\n\n[Coro: Cardi B]\nSaid, \"Lil bitch, you can't fuck with me ni aunque t\u00fa quieras\"\nThat's a fact, Cardi B y de el trap soy la mam\u00e1\nHit the store y compro todo lo que quiera comprar\nI'm a boss, you a worker, yo alante y t\u00fa atr\u00e1s\nEsta canci\u00f3n es pa' mis goonies y mis cueros\nUn show m\u00edo lo que t\u00fa haces en un a\u00f1o entero\nSi me ves no me saludes, t\u00fa y yo no somos amigas\nSi t\u00fa no haces dinero t\u00fa no eres de las m\u00edas\n\n[Verso 1: Cardi B]\n\u00bfDique que t\u00fa puedes contra mi? Vamo' a averiguar\nVamo' all\u00e1, soy rapera y tambi\u00e9n yo s\u00e9 pelear\nYou in the club, t\u00fa chapeando, yo llegando y cobrando\nSiempre estoy depositando, 'tan cansao' de m\u00ed en el banco\nEn verdad, no me importa a quien yo le caiga mal\nLlevo dos mixtapes en seis meses, nadie me puede parar\nI don't bother with these hoes, don't let these hoes bother me\nAll these bitches son mis hijas, to'as se copian de m\u00ed\nMira, yo me robo a tu novio\u2014ooh\u2014, hago coro con tu esposo\nTu jevo 'ta aficia'o, s\u00e9 que lo tengo sabroso\nYo se lo pongo en el paso, I'm like, \"Okay\"\nYo le pido lo que quiera, \u00e9l me compra mi cartera y una jeepeta\nLo tengo tan aficia'o que hasta me paga mi renta\nSoy la m\u00e1s dura en la calle, know you prolly heard of me\nMe busca, me arregl\u00e9 los dientes, hope you hoes know it ain't cheap\nPago la renta de mi madre y no dependo de nadie\nSi no hablas de dinero es mejor que ni me hables\n\n[Coro: Cardi B]\nSaid, \"Lil bitch, you can't fuck with me ni aunque t\u00fa quieras\"\nThat's a fact, Cardi B y de el trap soy la mam\u00e1\nHit the store y compro todo lo que quiera comprar\nI'm a boss, you a worker, yo alante y t\u00fa atr\u00e1s\nEsta canci\u00f3n es pa' mis goonies y mis cueros\nUn show m\u00edo lo que t\u00fa haces en un a\u00f1o entero\nSi me ves no me saludes, t\u00fa y yo no somos amigas\nSi t\u00fa no haces dinero t\u00fa no eres de las m\u00edas\n\n[Verso 2: Messiah El Artista]\n\u00bfDique que t\u00fa puedes contra mi? Suelta eso, bi\nNigga, please, to mis show son pago, ninguno gratis\nCr\u00e9eme a m\u00ed, no hagas que yo coja aqu\u00ed un felony\nI'm the big beef for well, these niggas know my pedigree\nHonestly, I got bad bitches that wanna fuck with me\nSuck on me, ride me crazy y dejarme seco a m\u00ed\nQue yo no 'taba sonando, que no 'taba haciendo bulla\nDique que estaba apagao y pegao con la jeva tuya\nAndo con mi primo Lucas, un corito sano y con par de putas\nLo que tu gasta' una noche en botellas, eso yo lo gasto en refilles de hookah\nLos cueros dicen: \"Messiah 'ta de pinga, porque nos da y despu\u00e9s se embala\"\nA lo mejor ella pensaba que yo iba a darle y despu\u00e9s mudarla\nAndamo' en la calle, osea en la lleca\nAndamo' fumando peyote, purple haze en mi yerba\nHablan mierda a tu espalda y cuando te ven ellos no dicen na'\nAndo con mi hermano DJ Hova and tonight we gonna shake the block\n\n[Coro: Cardi B]\nSaid, \"Lil bitch, you can't fuck with me ni aunque t\u00fa quieras\"\nThat's a fact, Cardi B y de el trap soy la mam\u00e1\nHit the store y compro todo lo que quiera comprar\nI'm a boss, you a worker, yo alante y t\u00fa atr\u00e1s\nEsta canci\u00f3n es pa' mis goonies y mis cueros\nUn show m\u00edo lo que t\u00fa haces en un a\u00f1o entero\nSi me ves no me saludes, t\u00fa y yo no somos amigas\nSi t\u00fa no haces dinero t\u00fa no eres de las m\u00edas", "image": "https://images.genius.com/57a573582e6d138f4b20a55bd961b445.640x640x1.jpg"}], "artist": "Cardi B"}