{"songs": [{"title": "Thru Your Phone", "album": "Invasion of Privacy", "year": "2018-04-06", "lyrics": "[Verse 1: Cardi B]\nLook, I just want to break up all your shit, call your mama phone\nLet her know that she raised a bitch, then dial tone, click\nAnd fuck your little fake ass friends\nCome around actin' like they my bros\nI seen y'all little group texts\nWhere you all like to brag about your hoes\nAnd you can tell your little bitch\nI screenshotted all her naked pics\nOh, you wanna send nudes to my man?\nWake up and see your boobs on the 'Gram?\nLil' bitch, I cannot stand you, right hand to Jesus\nI might just cut all the tongues out your sneakers\nSmash your TV from Best Buy\nYou gon' turn me into Left Eye\nI don't wanna hear 'bout invasion of privacy\nI had a feeling, it turns out you lie to me\nI'm holdin' back everything that's inside of me\nHow you out fuckin' with bitches that follow me?\n\n[Pre-Chorus: Ali Tamposi & Cardi B]\nMy heart is beating like it's bleeding out\nYou sleepin', you sleepin', you sleepin'\nYou sleeping like a baby\nEveryone was right about you now, and\nYou creepin', you creepin', you creepin'\n\n[Chorus: Ali Tamposi & Cardi B]\nI went through your phone last night\nI went through your phone last night\nSaw some things I didn't like\nI went through your phone last night\nIt's killin' me, killin' me, killin' me, oh\n\n[Verse 2: Cardi B]\nAll I can see is you and her in different scenarios\nBeyonc\u00e9 on my stereo, \"Resentment\" on repeat\nI'ma make your bowl of cereal with a teaspoon of bleach\nServe it to you like, \"Here you go, nigga, bon app\u00e9tit\"\nLook, did you give it to her raw? You love her or nah?\nYou risk your whole home for a hoe from the bar?\nYou really want them hoes? You can have them bitches\nYou don't even cheat with no badder bitches\nThis shit is eatin' me, you sleepin' peacefully\nGettin' more mad at you, thinkin' 'bout stabbin' you\nDon't even know that you this close to dyin'\nYou gon' wake up like, \"Why you got an attitude?\"\n\n[Pre-Chorus: Ali Tamposi & Cardi B]\nMy heart is beating like it's bleeding out\nYou sleepin', you sleepin', you sleepin'\nYou sleeping like a baby\nEveryone was right about you now, and\nYou creepin', you creepin', you creepin'\n\n[Chorus: Ali Tamposi & Cardi B]\nI went through your phone last night\nI went through your phone last night\nSaw some things I didn't like\nI went through your phone last night\nIt's killin' me, killin' me, killin' me, oh\n\n[Bridge: Ali Tamposi & Cardi B]\nIt's killin' me\nIt's killin' me, killin' me, killin' me, oh\nIt's killin' me\nIt's killin' me, killin' me, killin' me, oh\nIt's killin' me\nIt's killin' me, killin' me, killin' me, oh\nIt's killin' me\n\n[Chorus: Ali Tamposi & Cardi B]\nI went through your phone last night\nI went through your phone last night\nSaw some things I didn't like\nI went through your phone last night\nIt's killin' me, killin' me, killin' me, oh", "image": "https://images.genius.com/f22cce5c07efdef2549aea974189003a.640x640x1.jpg"}], "artist": "Cardi B"}