{"songs": [{"title": "I Like It (Dillon Francis Remix)", "album": null, "year": "2018-06-22", "lyrics": "[Intro]\nYeah baby, I like it like that\nYou gotta believe me when I tell you\nI said I like it like that\nYou gotta believe me when I tell you\nI said I like it like\u2013\n\n[Verse 1: Cardi B]\nNow I like dollars, I like diamonds, I like stunting, I like shining\nI like million dollar deals, where's my pen? Bitch I'm signin' (signin')\nI like those Balenciagas (those), the ones that look like socks\nI like going to the jeweler, I put rocks all in my watch (cha-ching)\nI like texts from my exes when they want a second chance (what?)\nI like proving niggas wrong, I do what they say I can't (she can't)\nThey call me Cardi Bardi, banging body, spicy mami, hot tamale\nHotter than a Somali, fur coat, Ferrari\nHop out the stu', jump in the coupe (coupe)\nBig Dipper on top of the roof\nFlexing on bitches as hard as I can\nEating halal, driving the Lam'\nTold that bitch I'm sorry though (sorry)\n'Bout my coins like Mario (Mario)\nYeah, they call me Cardi B\nI run this shit like cardio\n\n[Pre-Chorus]\nI said I like it like...\nI said I like it like...\nI said I like it like...\nI said I like it like that\n\n[Chorus: Cardi B]\nOh, I need the dollars, cha-ching\nBeat it up like pi\u00f1atas\nTell the driver, close the curtains\nBad bitch make you nervous\n\n[Verse 2: Bad Bunny]\nChambean, chambean, pero no jalan (\u00a1jalan!)\nT\u00fa compras to'a las Jordan, bo', a m\u00ed me las regalan (hehe-he)\nI spend in the club (wouh), what you have in the bank (yeh)\nThis is the new religion, bang, it's Latino gang, gang, yeh\n\n[Interlude]\nBad Bunny, be, be, be, be, be, be\nThe Latino, the latino, the latino, the latino\nBad Bunny, be, be, be, be, be, be\nThe Latino, the latino, the latino, the latino\nThe Latino, the latino, the latino, the latino gang, gang, yeh\nGang, gang, gang, gang, gang, gang, gang, gang\nGang, gang, gang, gang, gang, gang, gang, gang\nLatino gang (baby)\nGang, gang, gang, gang, gang, gang, gang, gang\nGang, gang, gang, gang, gang, gang, gang, gang\n\n[Verse 3: J Balvin]\nI said it like it like\u2013\nComo Celia Cruz tengo el az\u00facar (az\u00faca')\nTu jeva me vio y se fue de pecho como Jimmy Snuka (ah)\nTe vamos tumbar la peluca\nY arranca pal' carajo, cabr\u00f3n, que a ti no te vo'a pasar la hookah (hookah, hookah)\nMis tenis Balenciaga me reciben en la entrada (wouh)\nPa-pa-pa-parazzi, like I'm Lady Gaga (wouh)\nY no te me hagas\nQue en cover de Billboard t\u00fa has visto mi cara\nNo salgo de tu mente\nDonde quieras que viajes has escuchado \"Mi Gente\"\n\n[Bridge: Cardi B, J Balvin]\nI said I like it like that\nI said I like it like that (rrr)\nI said I like it like that\nI said I like it like that, that, that, that...\nI said I like it like that\n\n[Post-Bridge]\nI said I like it like\u2013\nI said I like it like\u2013 (woo)\nI said I like it like\u2013\nI said I like it like that\n\n[Outro: Cardi B]\nYou gotta believe me when I tell you\nI said I like it like that\nYou gotta believe me when I tell you\nI said I like it like that\nYou gotta believe me when I tell you\nI said I like it like that\nYou gotta believe me when I tell you\nI said I like it like that\nI said I like it like that", "image": "https://images.genius.com/182f4b1286649896a89566dc8ffec2cf.939x939x1.jpg"}], "artist": "Cardi B"}