{"songs": [{"title": "Back It Up", "album": "Gangsta Bitch Music, Vol. 2", "year": "2017-01-20", "lyrics": "[Intro: Konshens, Cardi B & (Hoodcelebrityy)]\nYeah\nCardi\nAw yeah\n(Hoodcelebrityy)\n\n[Pre-Chorus: Konshens]\nHey gyal, beg you listen to my offer\nYuh body, me a beg a likkle wine offer\nThis a nuh sum'n for your smile after\nMe guarantee it a go bun yuh like lava\n\n[Chorus: Konshens]\nBack it up for me\nBack it up for me, girl\nBack it up for me\nBack it up for me\n\n[Verse 1: Cardi B]\nBack it up, I'm sittin' while me back it up\nSo me jack it up, sit down pon di cocky suh\nHim wah his cocky suck, so me take me tongue and plap it up\nSuck 'til cocky bruk, em seh gyal how you suh sloppy suh\nBwoy, you a deal wid di realest\nAnd when me a cum, you gon' feel it\nGive you the best fuckin' of yuh life\nThe way me back it up, me swear you naa go leave tonight\nHey boy, watch how me a go put pah yuh\nThe way me deal wid it, dem call me cumy master\nDah pussy tight, so yuh cum faster\nAnd when me done wid you, you a go need wata\n\n[Chorus: Konshens]\nBack it up for me\nBack it up for me, girl\nBack it up for me\nBack it up for me\n\n[Verse 2: Konshens]\nGyal, mek it clap fi di Don\nBack it up pon me, me have di cash inna hand\nPussy a buss out a di damn piece a thong\nSo me love when gyal grab the mic, sing a song\nThat's right, yuh titty dem a buss out a yuh dress like\nThe strippers dem a wah yuh dress like\nDem gyal deh me love, dem have the best vibe\nMe woulda fuck yuh 'til death and fuck yuh inna the next life\n\n[Pre-Chorus: Konshens]\nHey gyal, beg you listen to my offer\nYuh body, me a beg a likkle wine offer\nThis a nuh sum'n for your smile after\nMe guarantee it a go bun yuh like lava\n\n[Chorus: Konshens]\nBack it up for me\nBack it up for me, girl\nBack it up for me\nBack it up for me\n\n[Verse 3: Hoodcelebrityy]\nYuh say yuh love it how me back it up\nPussy fat, print out, me nuh affi pack it up\nPosition, look round a back, how you a mash it up\nPussy nice and firm, it get the cocky tough\nWooii, yuh say me bad, yuh need a wine afta\nAnd the pussy, yah sumn you'd a die afta\nGive it to you one time, you woulda cry afta\nBut me nuh waa nuh watchman weh come fi spy afta, wooii\n\n[Pre-Chorus: Konshens]\nHey gyal, beg you listen to my offer\nYuh body, me a beg a likkle wine offer\nThis a nuh sum'n for your smile after\nMe guarantee it a go bun yuh like lava\n\n[Chorus: Konshens]\nBack it up for me\nBack it up for me, girl\nBack it up for me\nBack it up for me", "image": "https://images.genius.com/7be2b7a5745ed121ebf721f0598de04d.999x999x1.jpg"}], "artist": "Cardi B"}