{"songs": [{"title": "I Like It (Kontra K and AK Ausserkontrolle Remix)", "album": null, "year": "2018-08-17", "lyrics": "[Intro]\nYeah baby, I like it like that\nYou gotta believe me when I tell you\nI said I like it like that\nYou gotta believe me when I tell you\nI said I like it like\u2014\n\n[Verse 1: Cardi B]\nNow I like dollars, I like diamonds, I like stuntin', I like shinin'\nI like million dollar deals, where's my pen? Bitch I'm signin' (signin')\nI like those Balenciagas (those), the ones that look like socks\nI like going to the jeweler, I put rocks all in my watch (cha-ching)\nI like texts from my exes when they want a second chance (what?)\nI like proving niggas wrong, I do what they say I can't (she can't)\nThey call me Cardi Bardi, banging body, spicy mami, hot tamale\nHotter than a Somali, fur coat, Ferrari (rrr, woo)\nHop out the stu', jump in the coupe (coupe)\nBig Dipper on top of the roof\nFlexing on bitches as hard as I can\nEating halal, driving the Lam'\nTold that bitch I'm sorry though (sorry)\n'Bout my coins like Mario (Mario)\nYeah, they call me Cardi B\nI run this shit like cardio\nWoo, Facts\n\n[Chorus: Cardi B]\nDiamond district in the jag (I said I like it like that)\nCertified, you know I'm gang, gang, gang, gang (I said I like it like\u2014)\nDrop the top and blow the brains, woo (I said I like it like that)\nOh, he's so handsome, what's his name? Yeah (I said I like it)\nOh, I need the dollars, cha-ching (I said I like it like that)\nBeat it up like pi\u00f1atas (I said I like it like\u2014)\nTell the driver, close the curtains (I said I like it like that, skrrt)\nBad bitch make you nervous (I said I like it)\n\n[Verse 2: Kontra K]\nIch mag die Liebe, mag die Stille, mag den Hustle, den wir leben (leben)\nHass' die Falschheit vieler Blender, aber lieb' Ganovenehre (wooh)\nIch mag Leute, die nicht quatschen, sondern lieber stille Wasser\nUnd statt Gold sammeln wie Inkas lieber 'ne Finca f\u00fcr meinen Vater (ahh)\nMeine Gang regiert den Plaza, alle meine Jungs sind on fuego\nWas f\u00fcr Hahn im Korb? Ich seh' maximal nur Calimeros\nGangster schweigen und genie\u00dfen, also quatsch mir nicht, Pendejo\nDenn ein R\u00fcckgrat ist mehr wert als die Taschen voll Dinero\nGeld kommt, Geld geht, aber Familie bleibt\nDer innere Kreis elit\u00e4r und klein\nAuch wenn der Teufel viele Gesichter zeigt\nGott sei Dank nicht meins (meins)\nJeder testet, jeder redet, jeder schneidet sich ins Fleisch\nIch halt' meine Leute, halt' meine Ziele, meine Versprechen immer ein (ein)\nCourage \u00fcber Fame (Fame)\nUnd lieber W\u00f6lfe, die noch bei\u00dfen, als die K\u00f6ter, die nur bell'n\nKlasse \u00fcber Geld\nUnd lieber Loyalit\u00e4t f\u00fcr meine Gang als den Erfolg nur f\u00fcr mich selbst (selbst, selbst)\n\n[Chorus: Cardi B]\nDiamond district in the jag (I said I like it like that)\nCertified, you know I'm gang, gang, gang, gang (I said I like it like\u2014)\nDrop the top and blow the brains, woo (I said I like it like that)\nOh, he's so handsome, what's his name? Yeah (I said I like it)\nOh, I need the dollars, cha-ching (I said I like it like that)\nBeat it up like pi\u00f1atas (I said I like it like\u2014)\nTell the driver, close the curtains (I said I like it like that, skrrt)\nBad bitch make you nervous (I said I like it)\n\n[Verse 3: AK Ausserkontrolle]\nFr\u00fcher ist Papa zur Arbeit mit Tickets gefahr'n\nHeute sitzt Papa im dickesten Wagen\nWeil wir bizzy war'n, weil wir, weil wir bizzy war'n\nMeine Devise ist klar, einhundert Riesen in bar\nAK Syndicat, AK AK-Syndicat\nEgal, ob Benza oder Siebener, wir fahr'n vor\nDas ist gangster, unser Leben einfach hardcore\nTatort, fliehen vom Tatort\nTatort, fliehen vom Tatort\nMach' Kilo f\u00fcr Kilo weg, salame, salame\nSie machen Minus jetzt, jealousi, jealousi\nWir sind Jungs, die immer mehr woll'n\nRolex am Gelenk, unsere Zeit ist wertvoll\nKeine Hunderttausend-Euro-Schecks\nNein, nein, ich will alles bar, bar, bar\nMeine Jungs und ich verkaufen Flex\nSteig ein, doch ich will alles bar, bar, bar\n\n[Chorus: Cardi B]\nDiamond district in the jag (I said I like it like that)\nCertified, you know I'm gang (I said I like it like\u2014)\nDrop the top and blow the brains, woo (I said I like it like that)\nOh, he's so handsome, what's his name? Yeah (I said I like it)", "image": "https://images.genius.com/b3a47de043691e7a7c74e84301741db8.600x600x1.jpg"}], "artist": "Cardi B"}