{"songs": [{"title": "What A Girl Likes", "album": null, "year": "2016-06-10", "lyrics": "[Hook]\nGimme shmoney, gimme gimme shmoney\nGimme shmoney, gimme gimme shmoney\nYeah, it's what a girl like\nYeah, it's what a girl like\nI don't want ya man, I just want this shmoney\nI don't want ya man, I just want this shmoney\nThat's what a girl like\nThat's what a girl like\n\n[Verse 1]\nGimme money, all I want is money\nI'm Cardi B, all I know is shmoney shmoney\nBeat ya bitch, if it's not green then back up off me\nFuck it send em' EBTs, food stamps, this shit not funny\nI'm here for money and I'm bout to put in work\nYellow man, nobody move, nobody get hurt\nIt's just to the paper\nFuck it, man I got a cake up\nNiggas spend all this money, you saved up\nThrow it all in his face like it's make-up\nYeah nigga, straight up\n\n[Hook]\nGimme shmoney, gimme gimme shmoney\nGimme shmoney, gimme gimme shmoney\nYeah, it's what a girl like\nYeah, it's what a girl like\nI don't want ya man, I just want this shmoney\nI don't want ya man, I just want this shmoney\nThat's what a girl like\nThat's what a girl like\n\n[Verse 2]\nI don't want ya man, hoe, I just want the money\nWhy don't you understand, hoe, please don't be a dummy\nHis name not Benjamin, he can't do nothing for me\nIt's all about a check and plus that nigga ugly\nHe like my setup, how I dress up, so I guess it's head up\nHe spend that cheddar, mozzarella, yeah he fuck a check up\nI tell him step up, put that bread up, don't you hesitate\nI have the goons at your door, like \"Hello, what's in the safe?\"\n\n[Hook]\nGimme shmoney, gimme gimme shmoney\nGimme shmoney, gimme gimme shmoney\nYeah, it's what a girl like\nYeah, it's what a girl like\nI don't want ya man, I just want this shmoney\nI don't want ya man, I just want this shmoney\nThat's what a girl like\nThat's what a girl like", "image": "https://images.genius.com/e62e2ea96bd1f9ca7e1e57aaa23b1fea.1000x1000x1.jpg"}], "artist": "Cardi B"}