{"songs": [{"title": "Trust Issues", "album": "Gangsta Bitch Music Vol. 1 ", "year": "2016-03-07", "lyrics": "[Chorus:]\nI don't really trust them no more\nAll these bitches do is talk behind your back that's a no go\nAnd I don't really stress it no more\nGetting all this money made my heart so cold\nMiddle finger up to you hoes\nHating on me I'm making moves on the road though\nAnd I don't really trust them no more\nI don't really stress it no more\nI don't be trusting them\nI don't be stressing them\nI swear I just flex on them\nI swear I just flex on them\n\n[Verse 1:]\nCarbi B, me bad one\nYou bitches sad ones\nI just get my money and I style on them\nAll them bitches broke and they mad I just dab on them\nWave bye hit the gas on them\n200 on the dash on them\nI don't say much I just swag on them\nI be killing them, I go Fab on them\nLeft right throwing jabs at them\nNight night Ima black on them\nHit the game raw no magnums\nCan't stop winning God finna go platinum\n\n[Chorus:]\nI don't really trust them no more\nAll these bitches do is talk behind your back that's a no go\nAnd I don't really stress it no more\nGetting all this money made my heart so cold\nMiddle finger up to you hoes\nHating on me I'm making moves on the road though\nAnd I don't really trust them no more\nI don't really stress it no more\nI don't be trusting them\nI don't be stressing them\nI swear I just flex on them\nI swear I just flex on them\n\n[Verse 2:]\nNY Cardi next in line\nYeah it's my time real hittas gonna respect mine\nI got deadlines\nIma hit the headlines ain't no bed time young boss nigga I ain't lying\nI fuck shit up then I come for my checks\nWhat you expect Cardi in full effect\nI see they mad\nI see they vexed\nBut it's not my fault when I shoot it's all net\nLike swish now they look at the flick of the wrist\nThey sending shots but I swear it's all miss\nCardi fall off yeah bitch you wish\nYou must be drunk off all of those liqs\n\n[Outro:]\nI don't be trusting them\nI don't be stressing them\nI swear I just flex on them\nI swear I just flex on them\nNY Cardi next in line\nYeah it's my time real hittas gonna respect mine\nI got deadlines\nIma hit the headlines ain't no bed time young boss nigga I ain't lying", "image": "https://images.genius.com/ecd40d906750084b80a6f7b9cafea8ea.1000x1000x1.jpg"}], "artist": "Cardi B"}