{"songs": [{"title": "Lit Thot", "album": "Gangsta Bitch Music Vol. 1 ", "year": "2016-03-07", "lyrics": "[Intro]\nDeal with them no no\nDeal with them I can't\nPeanut butter ass work\nFuck around and get jammed\nCardi in this bitch you better understand\nI flip the script and kill shit now they want to hold my hand\n\n[Chorus]\nI be that hood bitch from that block\nIt's my hood on top\nWhy you asking all them questions you a cornball you get popped\nI'm really with the shits I'm a real bitch I don't flop\nThey ask who I be I'm that east coast lit thot\nYeah I gives it up I gives it up I gives it up and that's word\nThese cats got no stacks man they fucking get on my nerves\nI gives it up I gives it up I gives it up and that's word\nAnd if you ain't talking about money then I'm pitching nothing but curves\n\n[Verse 1]\nOh they mad Ima keep them mad oh they hella sick\nSee me stunting see me getting bands oh yeah hella bricks\nCardi looking good in this shit oh yeah hella fit\nRun up on me wrong they pop the trunk on you elephants\nYou don't know me hoe you don't know me bro you don't know me just move\nI A-L-T control delete and get your ass removed\nThat fuck shit that truck shit I do not approve\nYou niggas with that shrimp dicks be fucking up my mood\n\n[Chorus]\nI be that hood bitch from that block\nIt's my hood on top\nWhy you asking all them questions you a cornball you get popped\nI'm really with the shits I'm a real bitch I don't flop\nThey ask who I be I'm that east coast lit thot\nYeah I gives it up I gives it up I gives it up and that's word\nThese cats got no stacks man they fucking get on my nerves\nI gives it up I gives it up I gives it up and that's word\nAnd if you ain't talking about money then I'm pitching nothing but curves\nDeal with them no no\nDeal with them I can't\nPeanut butter ass work\nYou fuck around and get jammed\nCardi in this bitch you better understand\nI flip the script and kill shit now they want to hold my hand\n\n[Verse 2]\nJust get up off me just get up off me just get up off me you fake\nYou talking all that tough shit but quick to talk to the jakes\nLet a bitch try me that's these red bottoms to the face\nNigga hating hoes ain't got no clout that's Superman with no cape\nAll I need is Coronas and I'm set for the night\nLet a bitch act up just know it's on sight\nThey mad cause my time came and I didn't miss my flight\nFuck you thought a bitch was gonna be down her whole life\nBitch no\n\n[Chorus]\nI be that hood bitch from that block\nIt's my hood on top\nWhy you asking all them questions you a cornball you get popped\nI'm really with the shits I'm a real bitch I don't flop\nThey ask who I be I'm that east coast lit thot\nYeah I gives it up I gives it up I gives it up and that's word\nThese cats got no stacks man they fucking get on my nerves\nI gives it up I gives it up I gives it up and that's word\nAnd if you ain't talking about money then I'm pitching nothing but curves", "image": "https://images.genius.com/ecd40d906750084b80a6f7b9cafea8ea.1000x1000x1.jpg"}], "artist": "Cardi B"}