{"songs": [{"title": "Leave That Bitch Alone", "album": "Gangsta Bitch Music, Vol. 2", "year": "2017-01-20", "lyrics": "[Intro]\nCardi\nCardi B\n\n[Hook]\nLeave that bitch alone\nLeave that bitch alone\nYou knew that I was crazy\nWhy the fuck you took her home?\nNow I'm goin' through your phone\nSeein' all these hoes\nYou knew that I don't like her\nWhat type of crazy shit you on?\n\n[Verse 1]\nYou want me to come to your crib and get comfortable\nWhat if I wanna move in and shit?\nI will show up on some random shit\nDon't let me catch a bitch, you wanna chance that shit?\nYou should just dead it\nI swear to God you gon' regret it\nWatch when I start askin' you:\nWhy the fuck you take so long to answer my message?\nThe fuck you gon' tell me?\nOh, you with the homies?\nDon't even think you can curve me for some other pussy\n'Cause it can get ugly\nBoy, I be on some other shit\nJust lettin' you know wassup\n'Cause if I ever find out 'bout that other bitch\nBoy, you gon' get that bitch cut\n\n[Pre-Hook 1]\nI'm not the one\nI don't know why would you try it\nTrust me, my nigga, just know I will beat all of them judges\nI swear I'm not lyin'\nPussy was good\nPussy was perfect\nBut watch when I pop all ya tires and key up ya whip\nLike, \"I hope it was worth it\"\n\n[Hook]\nLeave that bitch alone\nLeave that bitch alone\nYou knew that I was crazy\nWhy the fuck you took her home?\nNow I'm goin' through your phone\nSeein' all these hoes\nYou knew that I don't like her\nWhat type of crazy shit you on?\n\n[Verse 2]\nWhat if I tell you I wanna be wifey?\nWhat you gon' tell me, I might be?\nThen I'ma want ya password to ya Twitter, ya Facebook\nAnd even ya IG\nBoy, it's a wrap\n'Cause I got the gat\nAnd I will blow all them bitches that's all in ya DMs\nJust don't call me back, nigga\nPlease don't be dumb\nMy hair always in a bun\nYou know what that means, I'll be ready for war\nAnd remember I got a gun\nI be on some other shit\nJust lettin' you know from now\nSo when that time come around and I do catch you lackin'\nMove outta town\n\n[Pre-Hook 2]\nI'm tellin' you\nI don't be with all that crying\nIf I get her or you fuck with motions\nI'm gon' light ya girl on fire\nPussy was good\nPussy was perfect\nBut if I ever pop up on you fuckin' that bitch\nBoy, you gon' need a surgeon\n\n[Hook]\nLeave that bitch alone\nLeave that bitch alone\nYou knew that I was crazy\nWhy the fuck you took her home?\nNow I'm goin' through your phone\nSeein' all these hoes\nYou knew that I don't like her\nWhat type of crazy shit you on?\n\n[Outro]\nLeave that bitch alone", "image": "https://images.genius.com/7be2b7a5745ed121ebf721f0598de04d.999x999x1.jpg"}], "artist": "Cardi B"}