{"songs": [{"title": "Bodak Yellow", "album": "Invasion of Privacy", "year": "2017-06-16", "lyrics": "[Intro]\nKSR\nIt's Cardi, ayy\nSaid, \"I'm the shit, they can't fuck with me if they wanted to\"\n\n[Chorus]\nSaid, \"Lil bitch, you can't fuck with me if you wanted to\"\nThese expensive, these is red bottoms, these is bloody shoes\nHit the store, I can get 'em both, I don't wanna choose\nAnd I'm quick, cut a nigga off, so don't get comfortable, look\nI don't dance now, I make money moves\nSay I don't gotta dance, I make money move\nIf I see you and I don't speak, that means I don't fuck with you\nI'm a boss, you a worker, bitch, I make bloody moves\n\n[Verse 1]\nNow she say she gon' do what to who? Let's find out and see\nCardi B, you know where I'm at, you know where I be\nYou in the club just to party, I'm there, I get paid a fee\nI be in and out them banks so much, I know they're tired of me\nHonestly, don't give a fuck 'bout who in front of me\nDropped two mixtapes in six months, what bitch working as hard as me?\nI don't bother with these hoes, don't let these hoes bother me\nThey see pictures, they say, \"Goals,\" bitch, I'm who they tryna be\nLook, I might just chill in some BAPE, I might just chill with your boo\nI might just feel on your babe, my pussy feel like a lake\nHe wanna swim with his face, I'm like, \"Okay\"\nI'll let him get what he want, he buy me Yves Saint Laurent\nAnd the new whip, when I go fast as a horse, I got the trunk in the front\nI'm the hottest in the street, know you prolly heard of me\nGot a bag and fixed my teeth, hope you hoes know it ain't cheap\nAnd I pay my mama bills, I ain't got no time to chill\nThink these hoes be mad at me, their baby father run a bill\n\n[Chorus]\nSaid, \"Lil bitch, you can't fuck with me if you wanted to\"\nThese expensive, these is red bottoms, these is bloody shoes\nHit the store, I can get 'em both, I don't wanna choose\nAnd I'm quick, cut a nigga off, so don't get comfortable, look\nI don't dance now, I make money moves\nSay I don't gotta dance, I make money move\nIf I see you and I don't speak, that means I don't fuck with you\nI'm a boss, you a worker, bitch, I make bloody moves\n\n[Verse 2]\nIf you a pussy, you get popped, you a goofy, you a opp\nDon't you come around my way, you can't hang around my block\nAnd I just checked my accounts, turns out, I'm rich, I'm rich, I'm rich\nI put my hand above my hip, I bet you dip, he dip, she dip\nI say I get the money and go, this shit is hot like a stove\nMy pussy glitter is gold, tell that lil bitch play her role\nI just arrove in a Rolls, I just came up in a Wraith\nI need to fill up the tank, no, I need to fill up the safe\nI need to let all these hoes know that none of their niggas is safe\nI go to dinner and steak, only the real can relate\nI used to live in the P's, now it's a crib with a gate\nRollie got charms, look like Frosted Flakes\nHad to let these bitches know, just in case these hoes forgot\nI just run and check the mail, another check from Mona Scott\n\n[Chorus]\nSaid, \"Lil bitch, you can't fuck with me if you wanted to\"\nThese expensive, these is red bottoms, these is bloody shoes\nHit the store, I can get 'em both, I don't wanna choose\nAnd I'm quick, cut a nigga off, so don't get comfortable, look\nI don't dance now, I make money moves\nSay I don't gotta dance, I make money move\nIf I see you and I don't speak, that means I don't fuck with you\nI'm a boss, you a worker, bitch, I make bloody moves", "image": "https://images.genius.com/91c42ffe08c769e12a269041ac5b9e9d.960x960x1.jpg"}], "artist": "Cardi B"}