{"songs": [{"title": "I Like It (Solo Version)", "album": null, "year": null, "lyrics": "[Intro]\nYeah, baby, I like it like that\nYou gotta believe me when I tell you\nI said I like it like that\nYou gotta believe me when I tell you\nI said I like it like\u2014\n\n[Verse 1]\nNow I like dollars, I like diamonds\nI like stuntin', I like shinin' (Yeah)\nI like million dollar deals\nWhere's my pen? Bitch I'm signin' (Signin')\nI like those Balenciagas (Those)\nThe ones that look like socks\nI like going to the jeweler\nI put rocks all in my watch (Cha-ching)\nI like texts from my exes when they want a second chance (What?)\nI like proving niggas wrong\nI do what they say I can't\nThey call me Cardi Bardi, banging body\nSpicy mami, hot tamale\nHotter than a Somali, fur coat, Ferrari (Rrr, woo)\nHop out the stu', jump in the coupe (Coupe)\nBig Dipper on top of the roof\nFlexing on bitches as hard as I can\nEating halal, driving the Lam'\nTold that bitch I'm sorry though (Sorry though)\n'Bout my coins like Mario (Mario)\nYeah, they call me Cardi B\nI run this shit like cardio\nWoo, facts\n\n[Chorus: Cardi B]\nDiamond district in the chain, chain (I said I like it like that)\nCertified, you know I'm gang, gang, gang, gang (I said I like it like\u2014woo)\nDrop the top and blow the brains, woo (Woo, I said I like it like that)\nOh, he's so handsome, what's his name? Yeah (Woo, bags, I said I like it)\nOh, I need the dollars, cha-ching (I said I like it like that)\nBeat it up like pi\u00f1atas (I said I like it like\u2014; uh)\nTell the driver, close the curtains (I said I like it like that, skrrt)\nBad bitch make you nervous (I said I like it)\n\n[Verse 2]\nHop out the stu', jump in the coupe (Coupe)\nBig Dipper on top of the roof\nFlexing on bitches as hard as I can\nEating halal, driving the Lam'\nTold that bitch I'm sorry though (Sorry though)\n'Bout my coins like Mario (Mario)\nYeah, they call me Cardi B\nI run this shit like cardio\nWoo, facts\n\n[Chorus: Cardi B]\nDiamond district in the chain, chain (I said I like it like that)\nCertified, you know I'm gang, gang, gang, gang (I said I like it like\u2014woo)\nDrop the top and blow the brains, woo (Woo, I said I like it like that)\nOh, he's so handsome, what's his name? Yeah (Woo, bags, I said I like it)\nOh, I need the dollars, cha-ching (I said I like it like that)\nBeat it up like pi\u00f1atas (I said I like it like\u2014; uh)\nTell the driver, close the curtains (I said I like it like that, skrrt)\nBad bitch make you nervous (I said I like it)\n\n[Bridge (J Balvin, Cardi B)]\nI said I like it like that\nI said I like it like that\nI said I like it like that\nI said I like it like that\n\n[Chorus: Cardi B]\nDiamond district in the chain, chain (I said I like it like that)\nCertified, you know I'm gang, gang, gang, gang (I said I like it like\u2014woo)\nDrop the top and blow the brains, woo (Woo, I said I like it like that)\nOh, he's so handsome, what's his name? Yeah (Woo, bags, I said I like it)\nOh, I need the dollars, cha-ching (I said I like it like that)\nBeat it up like pi\u00f1atas (I said I like it like\u2014; uh)\nTell the driver, close the curtains (I said I like it like that, skrrt)\nBad bitch make you nervous (I said I like it)", "image": "https://images.genius.com/815886b61d08bf1b418e5c0b3b368275.1000x1000x1.jpg"}], "artist": "Cardi B"}