{"songs": [{"title": "Bodak Yellow (Remix)", "album": null, "year": "2017-09-18", "lyrics": "[Intro: Kodak Black]\nAyy, ayy, you know, you know why I fuck with Cardi B?\n'Cause they be thinkin', they be thinkin' both of us crazy and shit\nLike this sound like some, some, some, Bodak Orange shit\nOr some, some Kodak Orange shit, man... like... ayy\n\n[Chorus: Cardi B & Kodak Black]\nSaid lil' bitch, you can't fuck with me if you wanted to (ayy, ayy, ayy)\nThese expensive, these is red bottoms, these is bloody shoes\n(woo, woo, woo! yah, yah, they're bloody shoes, bloody shoes)\nHit the store, I can get 'em both, I don't wanna choose (yah, yah, yah, wanna choose, ayy)\nAnd I'm quick, cut a nigga off, so don't get comfortable, look (woo! yah, yah, yah, bih', don't get comfortable, ayy, ayy, ayy)\nI don't dance now, I make money moves (yeah bih', I make money moves, ayy)\nSaid I don't gotta dance, I make money moves, (woo!, bih, I make money moves, ayy, ayy, ayy)\nIf I see you and I don't speak, that means I don't fuck with you (nigga, I don't fuck with you, ayy, I don't fuck with you)\nI'm a boss, you a worker, bitch, I make bloody moves (yah, I make money moves)\n\n[Verse: Kodak Black]\nI ain't worried 'bout her, that's an old ho\nYou thought I was comin' with my old flow\nKodak ain't com to take no photo\nI don't even pull up in a four door\nI just hit a lick, hit the load though\nAll my life smokin' on JoJo\nHe was just posted up with dough though\nNow he gettin' slammed by the popo\nThuggish, buggish, ruggish shit\nI can't leave the streets, I love this shit\nNever gave a shit 'bout a messy bitch\nI ain't never take a risk for a petty lick\nI'm at Digital Heights and I'm goin' on a heist\nDead presidents, John Kennedy\nDead presidents, pockets Mount Everest\nWhen I step on the scene it's a felony (yeah, yeah)\nChristian Louboutin (yeah)\nThese ain't Louis Vuittons (huh)\nHit a Kodak Bop on nae nae\nI wanna top me a Nae Nae\nNow I'm in a white whip, no mayonnaise\nStole a new car for me, Audi A8\nCardi B brought the beat, told me re-rock the heat\nTry me, I'll do the race like I'm Tay-K\nIt ain't no flockin' over here, lil' buddy\nAll of us zombies over here, lil' buddy\nAll of us robbin' 'cause they love your money\nGot our own money, but we love your money\nCrack a nigga's head wide open like a pumpkin\nJaguar F-Type orange like a pumpkin\nYoung nigga, I got old hundreds\nSmokin' K2 with my bunkie (woo!)\n\n[Chorus: Cardi B]\nLil' bitch, you can't fuck with me if you wanted to (woo!)\nThese expensive, these is red bottoms, these is bloody shoes (woo, woo!)\nHit the store, I can get 'em both, I don't wanna choose\nAnd I'm quick, cut a nigga off, so don't get comfortable, look (ayy, woo!)\nI don't dance now, I make money moves (ayy, ayy)\nSaid I don't gotta dance, I make money moves (woo!)\nIf I see you and I don't speak, that means I don't fuck with you\nI'm a boss, you a worker, bitch, I make bloody moves (bloody moves, bloody moves, bloody moves...)", "image": "https://images.genius.com/2b27e5264e4c056449abf40487fdf841.1000x1000x1.jpg"}], "artist": "Cardi B"}