{"songs": [{"title": "Bickenhead", "album": "Invasion of Privacy", "year": "2018-04-06", "lyrics": "[Intro]\nGoes for all my nasty hoes, yeah\n(A-alright, alright, alright, alright, alright)\nFrom across the globe, woo (Hol' up)\nThis goes for all my nasty hoes, yeah\n(Alright-alright, alright, alright, alright, alright)\nFrom across the globe, look, uh\n\n[Verse 1]\nNow, I said luxury apartments (Wow)\nI'm young and I'm heartless (Yeah)\nThere's a bitch that's in my vision, that bitch is a target (Brrr)\nLawyer is a Jew, he gon' chew up all the charges\nDon't matter if you fuck with me, I get money regardless (cash)\n\n[Chorus]\nThat guap, guap, get some chicken\nGuap, guap, get some bread\nGuap, guap, get some chicken\nGuap, guap, get some bread\nBitch you pressed, you can flex\nGet some money, ho, tell me why you stressed\n\n[Verse 2]\nNow I said, hoes down, Gs up (Gs up)\nYou know how I'm rockin', but my watch is freezed up (Ice!)\nI can't wait until they drop that Lamborghini truck (skrrt!)\nI'm careful where I park it, hoes will have it keyed up\nThem bitches getting beat up (Brrrat!)\nSlim waist, ass fat (fat), my shit is caked up\nMy bad bitch at the bake (yeah), without no makeup\nThis that collard greens, cornbread, neck bone, back fat\nGet it from my mama and you don't know where your daddy at\nKnick-knack, paddywhack, give a dog a bone (Bone)\nPut it on him, then your nigga never comin' home (Home)\nI'ma flex like a 'roid, I'm a ten, she a 'droid\nStupid ho, unimportant, unattractive, unemployed\n\n[Chorus]\nGet some guap, guap, get some chicken\nGuap, guap, get some bread\nGuap, guap, get some chicken\nGuap, guap, get some bread\nBitch, you pressed, you can flex\nGet some money, ho, tell me why you stressed, uh\nGuap, guap, get some chicken\n\n[Refrain]\nI need that cheese, shorty\nShow me where it's at (boy, please, whatever)\nYou play with me (Guap-guap, chicken-chicken)\nI might pop up where you at (boy, please, whatever)\nYou make-believe (Guap-guap, chicken-chicken)\nNow with me it's only facts (boy, please, whatever)\nExpensive weave, and my checks is worth some racks, uh\n\n[Verse 3]\nYeah, pop that pussy like you ain't popped that pussy in a while\nPop that pussy like poppin' pussy is goin' out of style\nPop that pussy while you work, pop that pussy up at church\nPop that pussy on the pole, pop that pussy on the stove\nMake that pussy slip and slide, like you from the 305\nPut your tongue out in the mirror, pop that pussy while you drive\nSpread them asscheeks open, make that pussy crack a smile\nLock your legs 'round that nigga, make him give your ass a child (woo)\nGimme some neck, gimme a check\nPussy so good, make a nigga invest\nGet a little spit, I'm gettin' it wet\nI'll get it back up, just give me a sec'\nGive him some vag', I'm gettin' a bag\nGive him some ass, I'm gettin' some Raf\nWhen I'm done, I make him cum, but then he comin' off that cash\n\n[Chorus]\nGet you some guap, guap, get some chicken\nGuap, guap, get some bread\nGuap, guap, get some chicken\nGuap, guap, get some bread\nBitch, you pressed, you can flex\nGet some money, ho, tell me why you stressed, uh\nGuap, guap, get some chicken\n\n[Refrain]\nI need that cheese, shorty\nShow me where it's at (boy, please, whatever)\nYou play with me (Guap-guap, chicken-chicken)\nI might pop up where you at (boy, please, whatever)\nYou make-believe (Guap-guap, chicken-chicken)\nNow with me it's only facts (boy, please, whatever)\nExpensive weave, and my checks is worth some racks, uh\n\n[Outro]\nAlright-alright, alright, alright, alright, alright\nAlright-alright, alright, alright, alright, alright\nAlright-alright, alright, alright, alright, alright\nAlright-alright, alright, alright, alright, alright", "image": "https://images.genius.com/f22cce5c07efdef2549aea974189003a.640x640x1.jpg"}], "artist": "Cardi B"}