{"songs": [{"title": "Sick 16 (Freestyle)", "album": null, "year": "2016-04-29", "lyrics": "[Hook]\nThey out here looking for revenge\nAll day, all night\nSee me not once but twice\nAll looks and no fights\nSee me doing me got em wondering how a bitch came a took flight\nThey talk about me all night\nGod damn they must be tight\nThey looking for revenge\n\n[Verse 1]\nYeah, it's not my fault tho\nI swear I just do me and bitches be sick, bitches got sore throats\nLast year I was on the pole\nNow you can catch ya girl on the road\nDamn near 15k a show\nI think some bitches need to know, yeah\nCause I don't brag much\nBut shit really be a blow\nWhen I got bitches that's coming for me like we on the same level, that's a no\nThese bitches is nowhere near my level\nCan't even fit em in my schedule\nYeah your girl is overbooked\nYou really think my attention's gonna catch you\nMixtape been out for 3 weeks\nAnd already charting on Billboards\nFor really think that shit was free\nAll I gotta say is \"thank you Lord\"\nThis is for the ones that was doubting me\nAnd said I was never gon be shit\nAll of a sudden they proud of me\nAnd wanna be hopping on my dick\nThey six, six, six\nYeah, sick, sick, sick, cause they know wassup\nI'm usually always humble but right now I really don't give a fuck\nSome niggas be hating hard\nWhy is it because you didn't buck?\nCause you didn't get the time a day?\nAnd I left ya lame ass in the dust\nOh man, oh man\nIf you hittas pulling straight fam on\nThey saying I'm the next superstar\nCo-signed by Lee Daniels\nIm just tryna play this game clever\nI'm just tryna do that shit right\nSo I hit em wit that \"Foreva\"\nRan down on that bitch twice\n\n[Hook]\nThey out here looking for revenge\nAll day, all night\nSee me not once but twice\nAll looks and no fights\nSee me doing me got em wondering how a bitch came a took flight\nThey talk about me all night\nGod damn they must be tight\nThey looking for revenge\n\n[Cardi B]\nKnow I don't really brag much, but bitches better stop fucking playing with me like I can't stunt on a bitch\nLike, like y'all think, y'all think I'm playing with my pussy all day long or something\nYou know what, bring that back\nMm\n\n[Verse 2]\nI know some bitches in the Bronx that wanna be me a little\nBut stop on learning how to suck and fuck and live free a little\nAnd bitch know your worth, don't show it all, let em see a little\nAnd if he ain't bout the money, hit the brakes, but do speed a little\nI remember having no money, sleeping at my ex house\nMy mom couldn't take me at the time, so she had to kick me out\nBut I'm not mad at her one bit, cause I don't think I would've took this route\nI had to go get it on my own\nIm just glad I figured it out\nLike I been through a lot\nAnd it wasn't easy to escape\nThat's why it really bothers me when motherfuckers got something to say\nAnd just to set the record straight\n[?] to stop a J\nIf they ain't SwiftOnDemand, then they ain't help me in no way\nI swear they be wanting so much credit\nBut don't wanna give none when it's due\nSlept on ya girl for so long\nNow wanna come hopping out the blue\nNah bruh shit don't work like that\nWell at least it don't in my book\nCause if you fuck with me hard, and I fuck with you, then there's no other way to look\nImma hit em again and again\nGet so much music, it go to ya friend\nHitting a tour and the shade gon end\nHmm that's why they looking for revenge", "image": "https://images.genius.com/2e45bc433da52aebfd9232e1d1a80f7d.500x500x1.jpg"}], "artist": "Cardi B"}