{"songs": [{"title": "Hectic", "album": "Gangsta Bitch Music, Vol. 2", "year": "2017-01-20", "lyrics": "[Intro]\nCardi\nHard work\n\n[Verse 1]\nAyo, step up in the spot, you know who I be\nCouple bottles pop in the VIP\nDancin' all up on the couch, shakin' my ass\nProbably leave with ya man, grand larceny\nBitch, pardon me, you don't wanna start with me\nI be out here gettin' cash, you be in the thottery\nI be in the trap, chasin' chips like the lottery\nYou ain't bout that life, you don't be like Cardi B\nAll my gettin'-shmoney hoes, put ya hands up\nYeah, you cute but you gon' have to pull ya pants up, yeah\nI see you over there checkin' out my thick thighs, tetas\nSee, I gotta smart mouth and what?\nKeep it litty for my city, NYC\nTake the whole nut, ain't worried 'bout no Plan B\nYeah, I'm nasty, lick my lips, blow a kiss\nAnd walk off with a hunnid thou' on my wrist\nSwish, I ain't with the politics\n\"A hoe never gets cold,\" you know what the motto is\nUnless it's baguettes diamond cuts, gold bottles, bitch\nSittin' in that 6, frostbite, feelin' hella lit\n\n[Hook]\nHectic, hectic\nWhen I pull up it gets hectic, hectic\nDon't worry 'bout what's on my left wrist, it cost a check, bitch\nIf I'm in the spot, I'm slayin' shit, I'm in the best fit\nHectic, hectic\nWhen I pull up it gets hectic, hectic\nDon't worry 'bout what's on my left wrist, it cost a check, bitch\nIf I'm in the spot, I'm slayin' shit, I'm in the best fit\n\n[Verse 2]\nNY, do or die, yeah I got this\nKSR, chill y'all, yeah I got this\n40 those, 2 seater in the cockpit\nAnd I'm a freak so you know that bitch topless\nYou a hot mess, that's a fact though\nUnderstood the life, bitch, you know how that go\nA lot of thots out here plottin' on my cash flow\nBut I'm a queen just tryna build the castle\nYou a fiend, you all up in my asshole\nI cause a scene and give you what you ask for\nHair did, manicure, so ready, check\nAttitude have to be so petty, yep\nI'm in it this year, a minute to spare, I swear\nMy vision is clear, y'all bitches beware, I'm here\nShowstopper, Ms. Life of the party, yeah\nTop shotta, no filter, Young Cardi, yeah\n\n[Hook]\nHectic, hectic\nWhen I pull up it gets hectic, hectic\nDon't worry 'bout what's on my left wrist, it cost a check, bitch\nIf I'm in the spot, I'm slayin' shit, I'm in the best fit\nHectic, hectic\nWhen I pull up it gets hectic, hectic\nDon't worry 'bout what's on my left wrist, it cost a check, bitch\nIf I'm in the spot, I'm slayin' shit, I'm in the best fit", "image": "https://images.genius.com/7be2b7a5745ed121ebf721f0598de04d.999x999x1.jpg"}], "artist": "Cardi B"}