{"songs": [{"title": "Ring", "album": "Invasion of Privacy", "year": "2018-04-06", "lyrics": "[Intro: Kehlani]\nOoh, ooh\nRing, ring, ring, ring\n\n[Chorus: Kehlani]\nYou don't hit my line no more, oh, oh\nYou don't make it ring, ring, ring, ring\nI can't keep this on the low\nI want you to make it ring, ring, ring, ring\n\n[Verse 1: Cardi B]\nShould I call first? I can't decide\nI want to, but a bitch got pride\nThe switchin' up shit is what I can't fuck with\nI'm feelin' you but you hard to get in touch with\nAnd you ain't hit me up in a while\nActin' like you don't know what number to dial\nYou quit, then that's it, I'ma throw in the towel\n'Cause a nigga only gon' do what you allow\nYou don't want this gun smoke\nLearn to text with your nose if your thumb broke\nI don't care if we get into it and I stall on your ass\nBetter still wake up to missed calls from your ass, nigga\n\n[Chorus: Kehlani]\nYou don't hit my line no more, oh, oh\nYou don't make it ring, ring, ring, ring\nI can't keep this on the low\nI want you to make it ring, ring, ring, ring\n\n[Verse 2: Cardi B]\nNah, nigga now you gon' have to call me (call me)\n'Cause I'm lookin' at these messages, they on me (yeah)\nActin' like they ain't niggas that want me\nLet another nigga in your spot, and you gon' be hot nigga, coffee\nYou gon' be sick to your, stomach\nHit me when you free, 1-800\nIt's emergency, call me 911\nCause right now I'm out here tryna find someone\nThe ring on my phone, ring on my finger (brrr)\nYou actin' like you ain't tryna do either (yeah)\nOnce a good girl, watch me turn diva\nHere goes my heart, I put it on speaker (oh)\n\n[Chorus: Kehlani]\nYou don't hit my line no more, oh, oh\nYou don't make it ring, ring, ring, ring\nI can't keep this on the low\nI want you to make it ring, ring, ring, ring\n\n[Bridge: Kehlani]\nYou used to be on my line\nOn my tick all the time, yeah\nLove it when you make me feel\nLike you don't mind when I ain't got time for you\nAnd no it don't go to my head, I'm only arrogant in bed\nI just love to know you wanna spend time with me instead\nNow you all caught up, yeah\nYou all caught up and you done left me alone, yeah\nYou was all fed up\nReady for the next step, wanna be on your own\nSaid I just miss you, I just miss us, baby\nAll I know is\n\n[Chorus: Kehlani]\nYou don't hit my line no more, oh, oh\nYou don't make it ring, ring, ring, ring (you don't make it ring, baby)\nI can't keep this on the low (yeah, yeah, oh)\nI want you to make it ring, ring, ring, ring", "image": "https://images.genius.com/a434f435ffae4d8ec74dfc4ead33431b.640x640x1.jpg"}], "artist": "Cardi B"}