{"songs": [{"title": "Selfish", "album": "Gangsta Bitch Music Vol. 1 ", "year": "2016-03-07", "lyrics": "[Verse 1: Cardi B]\nI gave you more than I give myself\nSo loyal to you that I betray myself\nWell I guess Ima wither away\n\nYou a snake and you chose to slither today\nI gave my all my love and my trust but\nI guess my all just wasn't enough\nYeah there's something about you I can't help it\nBut Ima do for myself I'm being selfish\n\n[Verse 2: Josh X]\nBabe your melody is the voice I need makes me skip a beat yeah\nAnd baby you know it yeah\nBut it's hard to show it\nSee the one I love used to be in clubs used to fuck with thugs yeah\nAnd I can't expose it yeah cause she already know it yeah\nBut why don't you ask me\nWhy is it so hard to fall in love\nWhy don't you ask me\nWhy can I never ever ever try\nWhy don't you ask me\nWhy everything is going this way\nWhy don't you ask me\nI guess we don't know\nThey say the one that you truly love hurts you the most\nNow the one that I truly love hurt me the most\nNow the one that you truly love is hurting you the most\nI guess I'll never know\nWhy I got so cold\nIt's not your fault\n\n[Outro: Cardi B & Josh X]\nBe selfish, be selfish, be selfish Withering away as I gaze at the sky looking at his face and all the pain it's caused me\nI ask why\nDidn't I love\nDidn't I give you more than I ever gave myself\nWhat do you wish cause that part of me no longer exist\nThis time I'm first, I'm picking me\nI finally learned to be selfish", "image": "https://images.genius.com/ecd40d906750084b80a6f7b9cafea8ea.1000x1000x1.jpg"}], "artist": "Cardi B"}