{"songs": [{"title": "Got Me Fucked Up", "album": "Gangsta Bitch Music Vol. 1 ", "year": "2016-03-07", "lyrics": "*phone ringing*\n\nYo\nYo my nigga\nYo what's good?\nWhat you doing?\nI'm chillin' and shit what happened\nYo I'm dumb tight right now\nLike tell me how this nigga I was in the club and he was dead tryna style on me tryna play me like yo\nI'm so tight I feel like these niggas be thinking just because I'm a BITCH like I don't be having bros to smack a nigga\nThat's crazy so what you want me to do?\nWhat I want you to do? I want you to handle that that's what the fuck I want you to do\nAight aight bet say no more you already know Ima slap his fucking head off his shoulders you ain't gotta tell me twice\nYo where this nigga gon be at anyway where he gon be at?\nIma check his Instagram and whatever and Ima see where he gon be at tonight\nI can do it tonight\nOr maybe tomorrow aight just stay on deck\nYo I want you to smack this nigga like if you was his father\nIma violate him\nThat's what I want you to do\nIma violate him don't worry you already I got you sis\nAight then love you bro\nAlright love you too you already know", "image": "https://images.genius.com/ecd40d906750084b80a6f7b9cafea8ea.1000x1000x1.jpg"}], "artist": "Cardi B"}