{"songs": [{"title": "Rollin", "album": "Gangsta Bitch Music, Vol. 2", "year": "2017-01-20", "lyrics": "[Hook]\nRollin', rollin', all my bitches rollin'\nAll my bitches rollin', rollin', rollin'\nAll my bitches rollin' and I love that shit\nThem commas comin'\nRollin', rollin', all my bitches rollin'\nRollin', rollin'\nAll my bitches rollin' and I love that shit\nThem commas comin' quick\n\n[Verse 1]\nLook, show you bitches how to do this shit\nStand back while I demonstrate\nPussy worth like a million dollars\nI think your nigga got expensive taste\nI'm not a bum bitch, I'm a boss bitch\nYou sideline, I'm center stage\nI don't even get involved with it\nIf it don't make me cum or it don't get me paid\nIf it's not the money then it's \"poof, be gone\"\nSteal your man with my Doobie on\nWhole team full of bad bitches\nAnd that Louis Vuitton our uniform\n24 karat my grills, I do what I want\nBitch, fuck how you feel\nFuck a whole check up all on my nails\nI pull up in foreign and cut in my wheel, byes, bitch\n\n[Hook]\nRollin', rollin', all my bitches rollin'\nAll my bitches rollin', rollin', rollin'\nAll my bitches rollin' and I love that shit\nThem commas comin' quick\nRollin', rollin', all my bitches rollin'\nRollin', rollin'\nAll my bitches rollin' and I love that shit\nThem commas comin' quick\n\n[Verse 2]\nLook, I'm not a rider chick, I'm a driver chick\nI could come get you instead\nI hope all of your homies got money, nigga\n'Cause all of my bitches got bread\nLook, got a home girl out the west coast\nSwear to God, I love that bitch\nAsk about us, any club\nThey gon' tell you we run that shit\nI'm like the strip club, Mariah Carey\nDominican, Halle Berry\nHair be laid, bills be paid\nStill put bread on my nigga commissary\nIf I want somethin', it's, \"Whatever, cop it\"\nBalenciaga, tell 'em check the closet\nHeard you fuckin' for that extra change\nThat's why that pussy got that extra mileage, I be rollin'\n\n[Hook]\nRollin', rollin', all my bitches rollin'\nAll my bitches rollin', rollin', rollin'\nAll my bitches rollin' and I love that shit\nThem commas comin' quick\nRollin', rollin', all my bitches rollin'\nRollin', rollin'\nAll my bitches rollin' and I love that shit\nThem commas comin' quick\nRollin', rollin', all my bitches rollin'\nRollin', rollin'\nAll my bitches rollin' and I love that shit", "image": "https://images.genius.com/7be2b7a5745ed121ebf721f0598de04d.999x999x1.jpg"}], "artist": "Cardi B"}