{"songs": [{"title": "On Fleek", "album": "Gangsta Bitch Music Vol. 1 ", "year": "2016-03-07", "lyrics": "[Hook]\nI pull up, like what's up, everything on fleek\nI do it nice, seven days a week\nLike oh my, oh my, oh my God\nI don't do nothing for free you know I got to charge\nWhen I'm done, they be like you better\nYou better, you better, you better\nWhen that check come I be like\nYou better, you better, you better\n\n[Verse 1]\nI'm Cardi exotic, my ice retarded\nI walk in the party get started\nMurder scene he want all this\nYour bitch I demolish on fleek is what you call it\nThis not a game, fuck is you saying\nBullshit is something I don't entertain\nCome correct if gon' call out my name\nNot talking money I'm switching these lanes, like swerve\nNow watch me, now watch me, swag surf\nBoy you better respect the curve\nI'm on my bullshit, fuck what you heard\nOh you ain't know, well you gon' learn\n\n[Hook]\nI pull up like what's up, everything on fleek\nI do it nice, seven days a week\nLike oh my, oh my, oh my God\nI don't do nothing for free you know I got to charge\nWhen I'm done, they be like you better\nYou better, you better, you better\nWhen that check come I be like\nYou better, you better, you better\n\n[Verse 2]\nFleek the definition of me\nI keep it in check papi\nI am a whole different breed\nI'm Cardi, capiche\nThem other ones can't compete\nI make bitches want to retreat\nI go to the desert for weeks\nWhen I come back I come back with heat\nNow they be all up in my DM\nTryna get Cardi B to PM\nI swear to God I don't see 'em\nI'm high up in the hills like The Weeknd\n\n[Hook]\nI pull like what's up, everything on fleek\nI do it nice, seven days a week\nLike oh my, oh my, oh my God\nI don't do nothing for free you know I got to charge\nWhen I'm done, they be like you better\nDo better, you better, you better\nWhen that check come I be like\nYou better, you better, you better", "image": "https://images.genius.com/ecd40d906750084b80a6f7b9cafea8ea.1000x1000x1.jpg"}], "artist": "Cardi B"}