{"songs": [{"title": "Wet*", "album": null, "year": null, "lyrics": "[Intro: Cardi B]\nCardi\n\n[Verse 1: Cardi B]\nI got that sposa in the water\nSet them hoes in the corner\nI wake up and get paid\nEveryday in Daora\nI say hoes they was hatin'\nNow they act like reporters\nAnd my wrist try my makeup like they necklace Typora\nThen I leave a bitch red, if I let ho'\nShouldn't need a first aid in a break cross\nSkrrt, skrrt and pop in a red porsche\nEverything in my list getting checked up\nBreak neck, wet wrist, I'mma spritish jet skis\nThey will sleepin' on a bitch now I'mma fucking wet tree", "image": "https://images.genius.com/815886b61d08bf1b418e5c0b3b368275.1000x1000x1.jpg"}], "artist": "Cardi B"}