{"songs": [{"title": "Trick", "album": "Gangsta Bitch Music Vol. 1 ", "year": "2016-03-07", "lyrics": "[Chorus:]\nBoy you a trick trick trick trick trick trick\nYou ain't nothing but a trick trick trick trick trick\nYou catching feelings like a hoe you's a  trick trick trick trick trick\nNo love no love for a trick trick trick trick trick\nNo love no love for a\n\n[Verse 1:]\nRule #1 if you ain't paying that's a no\nRule #2 tricks wait at the door\nRule #3 don't you tell me about your kids cause I don't give a fuck nigga I'll tell you how it is\nRule #4 you ain't never fucking raw no matter how much money is involved fuck you thought\nRule #5 I need unlimited supply whatever I want you buy\nRule #6 when we in the club don't be taking all the pics\nPay for the liqs you ain't getting no kiss nigga\nI ain't your bitch nigga you ain't shit nigga no hugs no love you's a\n\n[Chorus:]\nBoy you a trick trick trick trick trick trick\nYou ain't nothing but a trick trick trick trick trick\nYou catching feelings like a hoe you a trick trick trick trick trick\nNo love no love for a trick trick trick trick trick\nNo love no love\n\n[Verse 2:]\nRule #7 when you take me out to eat after that day you can't see me for the week\nRule #8 you can't call me babe boy we don't relate let's get that shit straight\nRule #9 I ain't tryna wine and dine I'm just tryna shop bust a nut then goodbye\nRule #10 when that bank account ends I find a new trick let the new games begin\nI'm such a hoe ass bitch\nBig thot big thot\nYou thought I like you for you noooo\nYou think we have something in common\n\n[Chorus:]\nBoy you's a trick trick trick trick trick trick\nYou ain't nothing but a trick trick trick trick trick\nYou catching feelings like a hoe you's a trick trick trick trick trick\nNo love no love for a trick trick trick trick trick\nNo love no love for a", "image": "https://images.genius.com/ecd40d906750084b80a6f7b9cafea8ea.1000x1000x1.jpg"}], "artist": "Cardi B"}