{"songs": [{"title": "I Gotta Hurt You", "album": "Gangsta Bitch Music Vol. 1 ", "year": "2016-03-20", "lyrics": "[Verse 1]\nYou know\nI could love you with all my heart\nYou're my baby and\nAnd I love you I just\nI just feel the need to hurt you\nMaybe I'm scorn\nMaybe I need a therapist\nMaybe I'm petty\nI just\n\n[Bridge]\nI want to hurt you\nI want to hurt you\nI want to hurt you\nI need to make you sure you remember me forever\nE-e-e-e-ever\nE-e-e-e-ever\nE-e-e-e-ever\n(I was raised well)\nE-e-e-e-ever\nE-e-e-e-ever\nE-e-e-e-ever\nI want to hurt you\nI want to hurt you\nI want to, I want to hurt you\nI want to hurt, hurt, hurt\nI want to hurt you\n(Forever)\nI want to hurt you\nI want to, I want to hurt you\n(Forever)\nI want to hurt, hurt, hurt, hurt\nI want to hurt you\n\n[Beatdrop - Refrain]\nI want to hurt you\nI got to make sure that you feel me\nI need to make sure you remember me forever\nI have to show you\n\n[Verse 2]\nHi there\nMy name is, my name is\nCardi, Cardi, Cardi, Cardi\nI don't know\nI love it\nI love it\nLonelyness\nIt fulfills my sorrow\nYou may think\nYou may think I have no tomorrow\nIts easier to die\nThan to live\nBut I will show you\nThat I'm strong enough\nTo use you and abuse you\nAnd I'm gonna live\nAnd I'm gonna win (haha)\nI'm gonna win\nI'm gonna win\nI'm gonna win\nI'm gonna win\nI'm gonna win\nI-I-I-I-I'm go-onna win\n\n[Beatdrop - Refrain]\nI want to hurt you\nI got to make sure that you feel me\nI need to make sure they remember me forever\nI have to show you", "image": "https://images.genius.com/ecd40d906750084b80a6f7b9cafea8ea.1000x1000x1.jpg"}], "artist": "Cardi B"}