{"songs": [{"title": "Stripper Hoe", "album": null, "year": "2016-02-15", "lyrics": "[Intro]\nI'm your...\n\n[Verse 1]\nYo, I'm Cardi B with the wicked flow\nAsk them, I keep them niggas on their tippy toes\nNick-nack-paddy-wack, give a dog a bone\nGot him runnin' home, fuck him good, get that money flow\nPussy got him goin' places he would never go\nPussy got him cookin', now he wanna clean the stove\nPussy got him fucked up, I think he overdosed\nBut I ain't Travis Scott, I ain't got no antidote\nAntidote, antidote\n\n[Hook]\nI think I like that\nI think I like that\nI think I like that\nI think I like that\n\n[Verse 2]\nYo, some people know me as a stripper hoe\nBut stripper hoes get the money and blow digits though\nA lot of bitches talkin' down on me like I'm a joke\nTalk shit, I'll fuck your man, send him back hella broke\nI'm laughin', but I really mean it though\nI'm on another level like I'm playin' Mario\nThese bitches can't see me, even with a telescope\nEvery day I'm shittin' on 'em, I don't flush the toilet bowl\nEw! Cause I be workin' and workin'\nAll these heads I be turnin', they on my body like surgeons\nI think they see my conversion\nThat's why they be lurkin', but their feelings be hurtin'\nOr remember when I wanna dance at certain clubs\nAnd they told me, \"No, no, that's a dub\"\nNow they the same niggas blowin' up my phone\nWantin' me to host, oh word? That's a dub\nBands\n\n[Hook]\nI think I like that\n(I know, I know they're mad now)\nI think I like that\nI think I like that\n(Hurtin' my feelings)\nI think I like that\n\n[Verse 3]\nWhen I come up in the building I initiate\nI'm the reason why the fuckers gotta renovate\nI'm eatin' good and they mad they can't get a plate\nNever thought we'd be gettin' booked in different states\nBefore the century they didn't even look this way\nNow they wanna eat my ass like a skirt steak\nGot 'em sending gifts, it's not even my birthday\nYou niggas soft and I meant that in the worst way\nOh you bitches suckin' dick just to get a bag\nYou hustlin'-backwards ass bitch, you're doin' bad\nIt's pretty sad, you should be getting more than that\nSuck a dick so you can pay your rent, couple months with that\nI mention flow, keep it on the low, I tell you facts\nWhen a nigga 'bout to cum, just throw it back\nIt's over, you won, that nigga trapped\nAnd that bank account, girl? Empty that", "image": "https://images.genius.com/c29b8bdf461ed4d5b239f1105dd521df.1000x1000x1.jpg"}], "artist": "Cardi B"}