{"songs": [{"title": "Money", "album": "CB2*", "year": "2018-10-23", "lyrics": "[Verse 1]\nLook, my bitches all bad, my niggas all real\nI ride on his dick in some big tall heels\nBig fat checks, big large bills\nFront, I'll flip like ten cartwheels\nCold ass bitch, I give broads chills\nTen different looks and my looks all kill\nI kiss him in the mouth, I feel all grills\nHe eat in the car, that's meals on wheels (Woo)\n\n[Chorus]\nI was born to flex (Yes)\nDiamonds on my neck\nI like boardin' jets, I like mornin' sex (Woo)\nBut nothing in this world that I like more than checks (Money)\nAll I really wanna see is the (Money)\nI don't really need the D, I need the (Money)\nAll a bad bitch need is the (Money flow)\nI got bands in the coupe (Coupe)\nBustin' out the roof\nI got bands in the coupe (Coupe)\nTouch me, I'll shoot (Bow)\nShake a lil ass (Money)\nGet a little bag and take it to the store (Store, money)\nGet a little cash (Money)\nShake it real fast and get a little more (Money)\nI got bands in the coupe (Coupe)\nBustin' out the roof\nI got bands in the coupe (Brrr)\nBustin' out the roof (Cardi)\n\n[Verse 2]\nI gotta fly, I need a jet, shit\nI need room for my legs\nI got a baby, I need some money, yeah\nI need cheese for my egg\nAll y'all bitches in trouble\nBring brass knuckles to the scuffle\nI heard that Cardi went pop\nYeah, I did go pop (Pop)\nThat's me bustin' they bubble\nI'm Dasani with the drip\nBaby mommy with the clip\nWalk out Follie's with a bitch\nBring a thottie to the whip\nIf she fine or she thick, goddamn\nWalkin' past the mirror, ooh\nDamn, I'm fine (Fine)\nLet a bitch try me, boom (Boom)\nHammer time, uh\n\n[Chorus]\nI was born to flex (Yes)\nDiamonds on my neck\nI like boardin' jets, I like mornin' sex (Woo)\nBut nothing in this world that I like more than checks (Money)\nAll I really wanna see is the (Money)\nI don't really need the D, I need the (Money)\nAll a bad bitch need is the (Money flow)\nI got bands in the coupe (Coupe)\nBustin' out the roof\nI got bands in the coupe (Coupe)\nTouch me, I'll shoot (Bow)\nShake a lil ass (Money)\nGet a little bag and take it to the store (Store, money)\nGet a little cash (Money)\nShake it real fast and get a little more (Money)\nI got bands in the coupe (Coupe)\nBustin' out the roof\nI got bands in the coupe (Brrr)\nTouch me, I'll shoot (Bow)\n\n[Verse 3]\nBitch, I will pop on your pops (Your pops)\nBitch, I will pop on whoever (Brrr)\nYou know who pop the most shit? (Who?)\nThe people whose shit not together (Okay)\nYou'da bet Cardi a freak (Freak)\nAll my pajamas is leather (Uh)\nBitch, I will black on your ass (Yeah)\nWakanda forever\nSweet like a honey bun, spit like a Tommy gun\nRollie a one of one, come get your mommy some\nCardi at the tip-top, bitch\nKiss the ring and kick rocks, sis (Mwah)\nJump it down, back it up (Ooh, ayy)\nMake that nigga put down 2K\nI like my niggas dark like D'USS\u00c9\nHe gonna eat this ass like souffl\u00e9\n\n[Chorus]\nI was born to flex, diamonds on my neck\nI like boardin' jets, I like mornin' sex\nBut nothing in this world that I like more than Kulture\n(Kulture, Kulture, Kulture)\nAll I really wanna see is the (Money)\nI don't really need the D, I need the (Money)\nAll a bad bitch need is the\nK.K.C (Woo)\n\n[Outro]\n(Money)\nMoney\n(Money)\n(Money)\n(Money)\n(Money)\n(Money)\n(Money)", "image": "https://images.genius.com/9e1ee69e515e557d19341e8a3748527c.1000x1000x1.jpg"}], "artist": "Cardi B"}