{"songs": [{"title": "Money ft. Gabbie Hanna", "album": null, "year": "2018-12-18", "lyrics": "You can ring it up but can you cash register this\nThis is all just a game and price tag you\u2019re it\nWe lost all common \u2018cents\u2019 and spent our last penny wishin\u2019\nThey say that money talks but I haven\u2019t been listenin\u2019\nI could play dress up to downplay my insecurity\nCrystal clear as a diamond you could see right through me\nIm gloomy so sue me what\u2019s the worst that you could do to me\nI gots lots of baggage but none of it is Louis\nYou won\u2019t see me whipping\u2019s in a Porsche or a Lambo\nAll that shit feels wasted when you got no where to go, so\nMaybe ill just hang out in a pretty little mansion\nFilled with empty rooms that no one wants to come and kick it in\n\n[Verse 2]\n\nNo Gucci on my shoes, I don\u2019t relate with that\nMy soles ain\u2019t red but my soul is black\nAnd I bare my soul and as a matter of fact\nId rather be barefoot then sell my soul for cash\nI don\u2019t have expensive taste so I\u2019m sorry you can\u2019t buy me\nIts highly unlikely so go ahead and try me\nYou drive me insanely crazy, I\u2019m beside me\nHow you gonna love me when your heart is full of money\nTrust me, its the ones who look most lucky\nEconomically where you wanna be but secretly are suffering\nHustling, frustrated; living in synonymy\nFortune is misfortune, an unfortunate dichotomy\n\n[Chorus]\n\nMoney\nSee I don\u2019t give a damn about the\nMoney\nIf all you wanna talk about is\nMoney\nThen people only care about your\nMoney\nFunny, tied up in these chains of gold\nBut they\u2019re still holdin\u2019 you down\nGot a mouth full of jewels\nBut all I see you do is frown\n\n[Verse 3]\n\nAnd you feel like a fool when no one else is around\nGot money stacked to the sky but you\u2019re still starin\u2019 at the ground\nBody covered with scars you still cover up with Fendi\nYou actin like a star but we all know you\u2019re pretending\nShoes clothes chains cars the list is never ending\nBroke in your heart from all the money that\u2019s you\u2019re spending\n\n[Chorus]\n\nMoney\nSee I don\u2019t really care about the\nMoney\nYou can take every dollar from me\nCause money will never make you happy, Ask me\n\n[Post Chorus]\n\nIt really doesn\u2019t matter if you\u2019re drippin\u2019 in finesse\nIf your only goal in life is turn heads snap necks\nSell your soul to pay the toll just to look your very best\nHow you gonna save yourself when you can\u2019t even save a check", "image": "https://images.genius.com/815886b61d08bf1b418e5c0b3b368275.1000x1000x1.jpg"}], "artist": "Cardi B"}