{"songs": [{"title": "Never Give Up", "album": "Gangsta Bitch Music, Vol. 2", "year": "2017-01-20", "lyrics": "[Intro: Cardi B]\nCardi\nJosh X\n\n[Verse 1: Cardi B]\nI see the pain in your eyes\nAnd truth is, only the strong survive\nAnd you still here, so from here you only gon' rise\nSpread them wings so they can tell you how far you gonna fly\nYou don't gotta pop them pills\nI know just how you feel\nI know there's a lot of fake love\nBut there's love that's actually real\nBut that can't stop you now\nYou're already on the battle field\nTook everythin' that came your way\nAlmost at the top of the hill, fly, baby, fly\n\n[Hook: Josh X]\nNever give up\nWe're almost at the top of the hill now\nIt took a long time to heal now\nAnd you know that I know, and you know, and they know\nThat we'll never give up\nWe're almost at the top of the hill now\nIt took a long time to heal now\nAnd you know that I know, and you know, and they know\nThat I will never give up\n\n[Verse 2: Cardi B]\nDon't be so quick to just give in\nIf you give up now, how you gon' win?\nI know them stressful nights made you and the pills best friends\nI know it feels good, but this shit just got to end\nI'm countin' on you, boo\nPut this peer pressure on you\nIf I overcame that shit\nI know you can make it too\nI don't want to see you lose\nThere's other ways to heal that bruise\nI know you can make it to see\nWhat's at the end of the solution, shine, baby, shine\n\n[Hook: Josh X]\nNever give up\nWe're almost at the top of the hill now\nIt took a long time to heal now\nAnd you know that I know, and you know, and they know\nThat we'll never give up\nWe're almost at the top of the hill now\nIt took a long time to heal now\nAnd you know that I know, and you know, and they know\nThat I will never give up\n\n[Bridge: Cardi B]\nDon't jump now\nI come for you\nI'm here for you\n\n[Hook: Josh X]\nNever give up\nWe're almost at the top of the hill now\nIt took a long time to heal now\nAnd you know that I know, and you know, and they know\nThat we'll never give up\nWe're almost at the top of the hill now\nIt took a long time to heal now\nAnd you know that I know, and you know, and they know\nThat I will never give up\n\n[Outro: Cardi B]\nI love you", "image": "https://images.genius.com/7be2b7a5745ed121ebf721f0598de04d.999x999x1.jpg"}], "artist": "Cardi B"}