{"songs": [{"title": "Money Bag", "album": "Invasion of Privacy", "year": "2018-04-06", "lyrics": "[Intro]\nMoney bag, money bag\nMoney bag, bitch, I'm lookin' like a money bag (yeah)\nMoney bag\nCardi\n\n[Chorus]\nI do the Maybach on Monday, Ferrari Friday\nThis is sweet pussy Saturday, that's just what Plies say\nI said \"Bae, it's a snack,\" he said it's a entr\u00e9e\nWith them pretty ass twins, you look like Beyonc\u00e9\nLookin' like money bag, money bag, money bag, uh\n(Money bag, money bag, money bag, yeah)\nMoney bag, money bag, money bag, uh\n(Money bag, money bag, money bag)\nHe can tell from the front I got ass behind me\nAnd I park my Bentley truck on my Versace driveway (Skrrt)\nLookin' like money bag, money bag, money bag, uh\n(Money bag, money bag, money bag, yeah)\nMoney bag, money bag, money bag, woo\n(Money bag, money bag, money bag)\nAnd my bitches with me pretty, too, they look like bridesmaids\nAnd they all bloody gang so don't be talkin' sideways\n\n[Verse 1]\nHe said I'm protein thick, you look like a dope fiend, sis\nHe make sure he put Cardi down on his grocery list\nNow why this bitch tryna look on my Snap?\nI take your man and I won't give him back\nI just walk into the booth and attack\nI hit this grind, the roof gon' collapse\nI been broke my whole life, I have no clue what to do with these racks\nWig be laid, waist snatched, ass fat, straight facts\nGot lips like Angelina, Bentley truck tangerine, uh\nTramps jumpin' on my dick, that's why they call it trampoline, uh\n\n[Chorus]\nI do the Maybach on Monday, Ferrari Friday\nThis is sweet pussy Saturday, that's just what Plies say\nI said \"Bae, it's a snack,\" he said it's a entr\u00e9e\nWith them pretty ass twins, you look like Beyonc\u00e9\nLookin' like money bag, money bag, money bag, uh\n(Money bag, money bag, money bag, yeah)\nMoney bag, money bag, money bag, uh\n(Money bag, money bag, money bag)\nHe can tell from the front I got ass behind me\nAnd I park my Bentley truck on my Versace driveway\nLookin' like money bag, money bag, money bag, uh\n(Money bag, money bag, money bag, yeah)\nMoney bag, money bag, money bag, woo\n(Money bag, money bag, money bag)\nAnd my bitches with me pretty, too, they look like bridesmaids\nAnd they all bloody gang so don't be talkin' sideways\n\n[Verse 2]\nThese bitches salty, they sodium, they jelly, petroleum\nAlways talkin' in the background, don't never come to the podium\nChef Cardi B, I'm cookin' up, I see you hoes at the stove again\nWhile you hoes were sleepin' on me, I made 40 bands by 4pm\nThey be taking shots, miss miss, X and O, kiss kiss\nEverythin' your nigga want, I'm like a walkin' wishlist\nI don't understand what this hate is about\nHow you gon' suck yo' man dick with my name in yo' mouth?\n\n[Chorus]\nI do the Maybach on Monday, Ferrari Friday\nThis is sweet pussy Saturday, that's just what Plies say\nI said \"Bae, it's a snack,\" he said it's a entr\u00e9e\nWith them pretty ass twins, you look like Beyonc\u00e9\nLookin' like, money bag, money bag, money bag, uh\n(Money bag, money bag, money bag, yeah)\nMoney bag, money bag, money bag, uh\n(Money bag, money bag, money bag)\nHe can tell from the front I got ass behind me\nAnd I park my Bentley truck on my Versace driveway\nLookin' like money bag, money bag, money bag, uh\n(Money bag, money bag, money bag, yeah)\nMoney bag, money bag, money bag, woo\n(Money bag, money bag, money bag)\nAnd my bitches with me pretty, too, they look like bridesmaids\nAnd they all bloody gang so don't be talkin' sideways", "image": "https://images.genius.com/a434f435ffae4d8ec74dfc4ead33431b.640x640x1.jpg"}], "artist": "Cardi B"}