{"songs": [{"title": "Press*", "album": "CB2*", "year": "2018-12-18", "lyrics": "[Intro]\nBardi!\n\n[Hook]\nBitches be pressed\nThey knew how I'm coming for yo bitch in the flesh\nWho the fuck she gon' check? She be talking that shit, talkin' out of her neck\nPut blood on her dress, bitches be mad when they see Cardi step in the spot\nSaid that you 'bout it, we know that you're not\nI'ma pull up on bitches as soon as I drop\nBitches be pressed\nThey knew how I'm coming for yo bitch in the flesh\nWho the fuck she gon' check? She be talking that shit, talkin' out of her neck\nPut blood on her dress, bitches be mad when they see Cardi step in the spot\nSaid that you 'bout it, we know that you're not\nI'ma pull up on bitches as soon as I drop\n\n[Verse 1]\nPress, press, press, press, press\nCardi don't need more press\nKill 'em all, put 'em hoes to rest\nWalk in bullet proof vest\nPlease tell me who she gon' check\nMurder scene, Cardi made a mess\nPop up guess who, bitch\nPop up guess who, bitch\nDing dong\n(let it go, let it go, let it go)", "image": "https://images.genius.com/3f820e7da757a05d7b87eecf1b4ceee4.634x597x1.jpg"}], "artist": "Cardi B"}