{"songs": [{"title": "Mind On My Money", "album": "Beam Me Up Scotty", "year": "2009-04-18", "lyrics": "[Intro: Rihanna]\nI got my mind on my money and I'm not going away\n\nSo keep on getting your paper\n\n[Brinx]\nNow behold it's your excellence\nC.I.T.C.O., forward slash president\nEast side resident, it's oh so evident\nBrinx Billy ride cousin, black on black phantom, 26's on the side of em\nNinas on the side of em, goonies on the side of em\nAnybody get it boy be careful on the side of them\nThese niggas'll bury you, guns, no serial\nMoney hungry honey with me when they holla she gonna carry you\nFlyer than a aerial, vehicle, [?]\nSitting on my feet when I'm stuntin on them people\nI tell no fables everything tailored\nFax machines, Office Max, see me for that paper\nYou working with short bread, ain't my money long youngin'\nBitch I'm bout trappin, more digits than a phone number\nDifferent time zones on em, kill them niggas lyrically\nLeft side of my closet, look invaded by Italy\nRight side Paris, left side flagging, paper is my main chick, me and money married\nAnd that's all a nigga know bitch, that's why these brand new niggas on my old shit\n\n[Speaking: Nicki Minaj]\nThat's what I did I came up out the truck you what I'm mean\nI chuck my deuces like that's all I do like\nYoung Money Nicki Minaj it's the ninja Harajuku barbie and all that\nLike nah mean all that we getting money you writing disses we getting money (yeaaaaa boiiiiii)\n\nHit me my limousine, all in your magazine\nAnd when I come, them better lean like Promethazine\nDem no seh Nicki nice, I'm bout' my money mama\nAnd tell Michelle, I got my eye on Barack Obama\nTryna' get that Madonna. You know, Hannah Montana\nCould find me sitting' Indian style with the Dalai Lama\nKonichiwa I get my yen and I say sayonara\nI'm meditating, I'm in cahoots with a higher power\nMind on my money mi-mi-mind on my money yo\nMind on my money mi-mi-mind (Namu Myoho Renge Kyo)\nMind on money aye, mind on my money babe\nHow does this money taste? whining on moneys face\nYou see the signs and the teachings\nIf you ain't know well this is grinding season\nNow go and get your gangs signs, throw it up!\nWhere all my niggas on them bikes? Throw it up\nWe don't care what you say, we ain't going away\nMy niggas bring the heat, it's not a summer day\nSo find all my motherfuckin' money, my mind on my motherfuckin' money\n\n[Speakin: Busta Rhymes]\nAyo I speak foreign languages and shit but the language I speak is that money language (laughs) flipmode bitch\nBrinx I like how we do the brinx truck job on these niggas homey\nTime after time again I like niggas and\nRemind niggas how I hold out on motherfuckers\n\nNiggas out here fronting about they bread you can't trust it niggas my money so Stupid call me Warren Busta Buss nigga\nGlad it ain't a toss and everything about me butters I've been counting money so Long I see dollar signs and different colors\nMy money is smear and smothered your money you hear me brother\nBeen about that bread like I was broke or still in the gutter\nAnd in case you ain't know there will be no replacement and them bags of Arab Money I got stashed in the basement face it\nWhen ever I shine, I glisten and when ever I talk, you listen ain't no money Getting made in these street without my permission, I keeps it drug infested my Money is well connected, it's to the point my conglomerate is well respected you need to Check my method, I promise you I be the wrong nigga that's comes to my money t=That You ever want to mess with, grind like missionary labor, holding dignitary paper You already know my team is filled with consigliers We made you I don't give a fuck about your stipulation\nType of bread appropriate for every situation\nYou can tell by the jewelery sitting on my collar, from the bread to the crib, I know all about the dollar", "image": "https://images.genius.com/d4b8299bec1aac14c1931423e8d3466c.500x500x1.jpg"}], "artist": "Nicki Minaj"}