{"songs": [{"title": "Failed Again", "album": null, "year": null, "lyrics": "Listen to the static of the radio\nRunnin' red lights on my way back home\nThis is what you do to me\nI'm getting away but I got nowhere to go\nYour arms are uninviting and your stare is cold\nIf this is how it's gonna be\nWell I'm gonna let it be...\nYeah yeah yeah\n\nAnd I didn't wanna see it coming\nWhen you gave it up in the end\nAnd you were the one to let me know it's over\nI tried so hard but in the end\nI failed again\n\nBelieved in every word that came through your theeth\nI though to myself that you meant everything\n'Cause that's the way you made it seem\nSo for now I'm gonna let it go\nIt isn't worth deeping this hole\nWhere my heart used to be\nSo I'm gonna let it be...\nYeah yeah yeah\n\nAnd I didn't wanna see it coming\nWhen you gave it up in the end\nAnd you were the one to let me know it's over\nI tried so hard but in the end\nI failed again\n\nYou did'nt really want it\nYou did'nt really need me\nNurse the wounds but they're still open\nFrom the seams watch it bleed\n\nAnd I didn't wanna see it coming\nWhen you gave it up in the end\nAnd you were the one to let me know it's over\nI tried so hard but in the end\nI failed again\n\nThis isn't love but I'll pretend", "image": "https://images.genius.com/9eb9bb10b4dff8ba05121dfb216b3be2.467x467x1.jpg"}], "artist": "Nicki Minaj"}