{"songs": [{"title": "Tambourine", "album": null, "year": null, "lyrics": "[Intro]\nMinaj aye...\nYou know, when I do it like I get the tambourines\nI get the whistles\nI get all dat\nYou know what I'm saying like\nI might put some Shirley Temple curls and all that\nBut I'm still a boss bitch\nLike like don't don't get it twisted like\nYou know I do this lil this lil this lil party shit\nYou know tambourine shit\nAll that shit the u know the drums I got some Africans with me\nSit on ya favorite African face it's nothing\nBut look, I goes in nigga\n\n[Verse]\nFuck a lick a whore\nI'll stick a whore\nWhere the .44? Tell her lick her more\nYou got a sick flow? I'm sick-a-more\nIt's like a game show when I pick a door\nGuess who's next to get bodied\nWhen I catch you in your Maserati, E?\nNicki been hot since you was giving high fives\nHeaded to the spot off the I-95\nWhen I come through everybody say hi\nI get it free, little mama why buy?\nI am the one and your a dun dunn dunn, I can say nothing make it sound like something\n\n[Bridge]\nWhere my bitches at?\nI see you!\nUh huh, okay, come on, come on, come on\nLet's get it\nLet's get it\nUh huh, 1 2 3\nBring it back\n\n[Verse]\nWhen they gone get it?\nI mean why they all on me?\nMy name Nicki\nPretty Nicki what they call me\nJust got the lense and I put it in my frame\nJust got the Benz and I put it in my name\nJust got that rope got that dookie gold chain\nJust got that dope bamboo earrings\nNow all I need is some big ding-a-lang\nSchool bell-a-rang like ting-a-lang-a-lang\nSay I'm too pretty to be spitting this rotten\nBitch get slick then a bitch get gotten\nNow I'm the master\nThat's what's poppin\nOh lawdy, pick a bail of cotton\n\n[Outro]\nDamn, I gotta laugh cause\nYou can't be serious like I'm playing with these bitches\nI'm laughin all the way to the bank\n50, holla at ya girl Southside, Jamaica Queens it's nothing\nUh come on, I'm a do the Beyonce dance and all that\nI'm bout to shoot a video to this shit and all that\nChea! Getcha getcha tambourines bitches\nGetcha getcha tambourines bitches", "image": "https://images.genius.com/9eb9bb10b4dff8ba05121dfb216b3be2.467x467x1.jpg"}], "artist": "Nicki Minaj"}