{"songs": [{"title": "How To Break A Heart", "album": null, "year": null, "lyrics": "I hang on every word you said and\nNo one could get inside my head like you\nThen I guess I was a fool for you then\nBut now I understand\nIt was all part off your plan\nAnd you should know that\n\nYou taught me what it was\nTo feel the sting of love\nTo feel like I don't ever wanna let somebody ever get that close to me again\nI learned so much from you\nThings I'd never do\nNow that we're apart\nYou taught me how to break a heart\n\nDear God if you can hear me know\nPlease stop the anger building up inside me\nI need you to come and guide me\nI look into the eyes\nOf the one I thought was mine\nAnd my only scream is\n\nYou taught me what it was\nTo feel the sting of love\nTo feel like I don't ever wanna let somebody ever get that close to me again\nI learned so much from you\nThings I'd never do\nNow that we're apart\nYou taught me how to break a heart\n\nNo one could get inside my head\nYou taught me what it was\nTo feel the sting of love\nTo feel like I don't ever wanna let somebody ever get that close to me again\nI learned so much from you\nThings I'd never do\nNow that we're apart\n\nYou taught me what it was\nTo feel the sting of love\nTo feel like I don't ever wanna let somebody ever get that close to me again\nI learned so much from you\nThings I'd never do\nNow that we're apart\nYou taught me how to break a heart", "image": "https://images.genius.com/9eb9bb10b4dff8ba05121dfb216b3be2.467x467x1.jpg"}], "artist": "Nicki Minaj"}