{"songs": [{"title": "Sweet Dreams (Remix)", "album": null, "year": null, "lyrics": "[Nicki Minaj's verse]\n\nYo, young money right here\nBike here, throw it up, no high chair\nCold like a white bear\nFreddy Krueger I'm a rap bitch nightmare\nAnd I\u2019m rich I could buy you\nKill bitches leave their body in a bayou\nMore brain than a IQ\nMore head than a dread (my youte)\nAnd my bank account ain\u2019t hardly empty\nThat\u2019s why I come through in a Barbie Bentley\nSo please mamacita, please no envy\nWhen you come around it reads no entry\nWho\u2019s next to go\nMy flows so flexible\nGet gas, then get at me, Texaco\nShoot yourself in the leg, Plaxico\nWhite jag with the twisted lip\nI ain't Mike Jack but This is it!\nB- b- b- boo I'm everywhere\nYou're like balloon boy mama you was never there!\nI am the Kung Fu Panda\nFuck all your blogs, fuck all your propaganda\nGood for the goose then its good for the gander\nNicki ain't a rapper, Nicki is a brander\nPlease you can never compare to me\nAll these bitches is scared of me\nI am who they couldn\u2019t even dare to be\nSo that's all folks, badibadee\nI go hard, pause\nHospital flow, need more gauze\nI'm a bad bitch on all fours\nThe President be like, \"It's all yours!\"\nWeezy and Nicki bring the A-game, high stats\nGo together like Ricky and his eye patch\nGo together like a team in the gym\nKareem in the ring, the queen and the king", "image": "https://images.genius.com/9eb9bb10b4dff8ba05121dfb216b3be2.467x467x1.jpg"}], "artist": "Nicki Minaj"}