{"songs": [{"title": "Zonin'", "album": null, "year": null, "lyrics": "[Verse 1]\nI used to know this dude, pretty lou' out in LA\nSaid when I\u2019m in LA, to hit up his cell-ay\nCause he got something nice he wanna put in my belly\nHe wanna bump and grind sorta like R. Kelly\nSee money ain\u2019t a thang, 'cause my doe is like woah\nPull out my bank roll on a nigga like \"yo!\"\nLet\u2019s make some videos, get the Benny Boom crew\nI\u2019m hoppin out the Rov in my Jimmy Choo shoe\nI\u2019m the boss bitch, you know I like to talk shit\nI\u2019m heavy in the streets, so you gon\u2019 need a forklift\nAnd, daddy, lemme cum in your mouth like the dentist\nI\u2019m not the apprentice, don\u2019t finish your sentence\n\n[Pre-Chorus]\nBaby, we ain\u2019t gotta talk, we could bone\nSoon as we all alone\nThen, baby, I\u2019ma get you in the zone\n\u2018Cause you think we\u2019re all the same\nBut you\u2019re wrong\nJust get me some patron\nAnd, baby, I\u2019ma get you in the zone\n\n[Chorus]\nZonin', zonin', zonin', zonin', zonin', zonin'\nBaby, I\u2019m about to have you\nZonin', zonin', zonin', zonin', zonin', zonin'\nZ-z-z-z-zone, have ya' zonin'\n(Zone, zone, zone)\nZonin', I\u2019ma have ya' zonin\n(Zone, zone, zone)\nZonin', yeah\n\n[Verse 2]\nBoom like talibani\nI got some real nice pum-pum nani-nani-nani\nJust let me take off my Dolce Gabbani-bani\nThan I can be your little Playboy bunny-bunny\nSee you know what I mean we could sip a lil (weed)\nSweatin', heavy breathin', I can tell that you fiendin'\nSee you\u2019re already thinkin that you must be dreamin\nGet them strawberries, bring another whipped cream in\nLemme get ya' cup of patron\nI\u2019ma get ya in the zone\nI don\u2019t let the microphone hypnotize me no more\nListen, daddy, let me jump on\nI\u2019ma keep my pumps on\nYou know it come wrong\nPlus, my something dumb long\n\n[Pre-Chorus]\nBaby, we ain\u2019t gotta talk, we could bone\nSoon as we all alone\nThen, baby, I\u2019ma get you in the zone\n\u2018Cause you think we\u2019re all the same\nBut you\u2019re wrong\nJust get me some patron\nAnd, baby, I\u2019ma get you in the zone\n\n[Chorus]\nZonin', zonin', zonin', zonin', zonin', zonin'\nBaby, I\u2019m about to have you\nZonin', zonin', zonin', zonin', zonin', zonin'\nZ-z-z-z-zone, have ya' zonin'\n(Zone, zone, zone)\nZonin', I\u2019ma have ya' zonin\n(Zone, zone, zone)\nZonin', yeah\n\nHA!", "image": "https://images.genius.com/9eb9bb10b4dff8ba05121dfb216b3be2.467x467x1.jpg"}], "artist": "Nicki Minaj"}