{"songs": [{"title": "Statement apologizing for \"Only\"", "album": null, "year": "2014-11-11", "lyrics": "The artist who made the video for \u2018Only\u2019 was influenced by a cartoon on Cartoon Network called Metalocalypse and Sin City. Both the producer and person in charge of overseeing the lyric video (one of my best friends and videographer: A. Loucas), happen to be Jewish. I didn\u2019t come up with the concept, but I\u2019m very sorry and take full responsibility if it has offended anyone. I\u2019d never condone Nazism in my art.", "image": "https://images.genius.com/9eb9bb10b4dff8ba05121dfb216b3be2.467x467x1.jpg"}], "artist": "Nicki Minaj"}