{"songs": [{"title": "Lollipop (Remix)", "album": "Sucka Free", "year": null, "lyrics": "[Verse: Nicki Minaj]\nShorty wanna li li li li lick me like a lollipop\nShorty said he li li like the way I make punany pop\nShorty wanna li li lick me in the candy apple drop\nI got that presidential cooch, when he see it he salute\nCause ain't no nappy pubes, just alot of juice\nA little mohawk, posing for the Photog\nHe get me so, he get me so, he get me so smart\nHe make my pussy sing \"Ahhhhh!\", like it's Mozart\nHe say the pussy pretty, it look like show art\nHe say who pussy is it, and I say yours\nAnd when he spank this, I make that pussy fart\nI'm such an actress, Melissa Joan Hart", "image": "https://images.genius.com/6723f478cff14a2ba2cbe0ce2ad7d4c2.320x320x1.jpg"}], "artist": "Nicki Minaj"}