{"songs": [{"title": "Ganja Burn", "album": "Queen (Bonus Version)", "year": "2018-08-10", "lyrics": "[Verse 1]\nAyo, as the world turns, the blunt burns\n(Who you gettin' at, Nicki?)\nWatch them cunts learn\nFashion icon, Audrey Hepburn\nI move keys, but you hoes get one turn\nYeah, you get one turn, and one urn\nI straighten all these bitches out with one perm\nWho ever gassed 'em ain't none of my concern\nBut, see, the Lord showed me dreams to confirm\nThey done went to witch doctors to bury the Barbie\nBut I double back, kill bitches, bury the body\nAnd that go for anybody, you'll be thoroughly sorry\nI could wage war or I come in peace like Gandhi\nAll my powers back, now I'm scary to zombies\nBring the heat to her, sizzle, I ain't talking Kalonji\nI done fasted and prayed, had to cleanse my body\nAbstaining from sex, had to zen my body\nI ain't givin', so don't ask, I don't lend my body\nGotta be king status to give men my body\n(He gotta be king status to get in ya body?)\nFuck yeah, 'cause a Queen is what I embody, uh\n\n[Chorus]\nGanja burn, ganja burn, ganja burn, yeah\nGanja burn, ganja burn, ganja burn, yeah\nEvery time I get high, I just think about you\nEvery time I get high, I just think about you\nEvery time I get high, I just think about you\nEvery time I get high, I just think about you\nGanja burn, ganja burn, ganja burn, yeah\nGanja burn, ganja burn, ganja burn, yeah\n\n[Verse 2]\nYo, you can't wear a Nicki wig and then be Nicki\nThat's like a fat nigga thinkin' he can be Biggie\nOne rough ride, now you DMX and Swizzy\nOne hot video, you Hype? Nah, you just giddy\nYou made one dope beat, now you Kanye?\nYou got a nigga named JAY, now you 'Yonc\u00e9?\nYou got about three stacks, now you Andr\u00e9?\nYou put a part in your fade, yeah, you Nas, bae\nYou gotta have real skill, gotta work for that\nIf it's really your passion, would you give the world for that?\nUnlike a lot of these hoes, whether wack or lit\nAt least I can say I wrote every rap I spit\nPut my blood, sweat, and tears in perfectin' my craft\nStill every team's number one pick in the draft\nYou could bring anybody, weatherman, pick a day\nI\u2019m Kobe, KD, Kyrie, pick a K\n\n[Chorus]\nGanja burn, ganja burn, ganja burn, yeah\nGanja burn, ganja burn, ganja burn, yeah\nEvery time I get high, I just think about you\nEvery time I get high, I just think about you\nEvery time I get high, I just think about you\nEvery time I get high, I just think about you\nGanja burn, ganja burn, ganja burn, yeah\nGanja burn, ganja burn, ganja burn\n\n[Interlude]\nI see ya, I see you\nI see ya, I see you\n\n[Outro]\nTo my surprise, I saw you in my eyes\nThe nights I cried, repented of the lies\nTo my, na-na-na-na-na-na-na-na-na-na-na\nTo my, na-na-na-na-na-na-na-na-na-na-na\nOh, na-na-na-na-na-na-na-na-na-na-na-na (Ooh)\nNa-na-na-na-na-na-na-na-na-na-na\nOoh, burn, baby (Na-na-na-na-na-na-na-na)", "image": "https://images.genius.com/9ac07c1b66088a517c8a56a20c4e9065.1000x1000x1.jpg"}], "artist": "Nicki Minaj"}