{"songs": [{"title": "Familia", "album": "Spider-Man: Into the Spider-Verse (Soundtrack From & Inspired by the Motion Picture)", "year": "2018-12-14", "lyrics": "[Chorus: Bantu & Anuel AA]\nFather, father, unforgiveable\nThis is my house, you made it personal\nIt's always trouble when they go too far\nNobody mess with my familia\nFather, father, could you bless his soul?\nHe talking crazy, I may lose control\nIt\u2019s always trouble when they go too far (Uah)\nNobody mess with my familia (Anuel)\n\n[Verse 1: Anuel AA]\nLa lealtad vale m\u00e1s que el dinero (Oh-oh)\nY yo me vo' a morir leal y nunca como un traicionero (Oh-oh)\nYo hasta doy la vida por mi familia\nY que en paz descansen los que se mueren de envidia (Am\u00e9n)\nY en la familia no se falla, pero si te traicionan (Uah)\nNo les das la espalda, t\u00fa lo ayuda' y perdona\u2019 (uah)\nLa familia primero (Oh-oh)\nNo lo compra el dinero, oh (Uah)\nReal hasta la muerte, baby (Baby)\nReal hasta la muerte, baby (Uah)\nYo nunca vo' a traicionarte\nY si t\u00fa te cae yo mismo vo' a levantarte, eh\n\n[Chorus: Bantu & Anuel AA]\nFather, father, unforgiveable (Brrr, Anuel)\nThis is my house, you made it personal\nIt's always trouble when they go too far\nNobody mess with my familia\nFather, father, could you bless his soul?\nHe talking crazy, I may lose control\nIt's always trouble when they go too far\nNobody mess with my familia\n\n[Verse 2: Nicki Minaj]\nMmm, nobody pop off, nobody get murked\nNobody scream, it'll prolly get worse\nNow I'm the curse, this is my turf\nBefore I kill 'em, I\u2019ma torture them first\nBad chiquita, as\u00ed yo soy bonita\nBut you about to need a prayer from a preacher\nEye of the tiger, faster than a cheetah\nHop out the spider, then it\u2019s hasta la vista\n\n[Bridge: Nicki Minaj]\nDeadline, now you a dead man, fi real\n(Dead man, fi real, I tell a dead man fi real)\nDeadline, now you a dead man, fi real\n(Come pay your debt, man, fi real, I tell you deadline, fi real)\nDeadline, now you a dead man fi real\n(Dead man fi real, I tell a dead man for real)\nDeadline, now you a dead man, fi real\n(Nobody mess with my familia)\n\n[Chorus: Bantu]\nFather, father, unforgiveable\nThis is my house, you made it personal\nIt's always trouble when they go too far\nNobody mess with my familia\nFather, father, could you bless his soul?\nHe talking crazy, I may lose control\nIt\u2019s always trouble when they go too far\nNobody mess with my familia\n\n[Outro: Bantu & Nicki Minaj]\nI'm on the edge, don't pull up on me\nYou pay the price, and that's a warning, oh-woah\n(Now you a dead man fi real)\nNobody mess with my familia\nThis is my home, this is my city\nIf I go down, you coming with me, oh-woah\n(Now you a dead man fi real)\nNobody mess with my familia", "image": "https://images.genius.com/f8df6f94846dc4a8f2e1b94d7abd1cb5.1000x1000x1.jpg"}], "artist": "Nicki Minaj"}