{"songs": [{"title": "Grand Piano", "album": "The Pinkprint", "year": "2014-12-12", "lyrics": "[Verse 1]\nAm I just a fool?\nBlind and stupid for loving you\nAm I just a silly girl?\nSo young and naive to think you were\n\n[Pre-Chorus 1]\nThe one who had came to take claim of this heart\nCold-hearted, shame you'll remain just afraid in the dark\n\n[Chorus]\n(And now the people)\nThe people are talking, the people are saying\nThat you have been playing my heart like a grand piano\nThe people are talking, the people are saying\nThat you have been playing my heart like a grand piano\nSo play on, play on, play on\nPlay on, play on, play on\nPlay on, play on, play on\nPlay on, play on\n\n[Verse 2]\nAm I queen of fools?\nWrapped up in lies and foolish jewels\nWhat do I see in you?\nMaybe I'm addicted to all the things you do\n\n[Pre-Chorus 2]\nCause I keep thinking you are\nThe one who had came to take claim of this heart\nCold-hearted, shame you'll remain just a frame in the dark\n\n[Chorus + Violin Solo]\nAnd now the people\nThe people are talking, the people are saying\nThat you have been playing my heart like a grand piano\nThe people are talking, the people are saying\nThat you have been playing my heart like a grand piano\nSo play on, play on, play on\nPlay on, play on, play on\nPlay on, play on, play on\nPlay on, play on", "image": "https://images.genius.com/e6951472bdf7074eced144472c3b71c0.1000x1000x1.jpg"}], "artist": "Nicki Minaj"}