{"songs": [{"title": "Bed of Lies", "album": "The Pinkprint", "year": "2014-11-16", "lyrics": "[Hook: Skylar Grey]\nOhhh, yeah\nDo you ever think of me when you lie?\nLie down in your bed, your bed of lies\nAnd I knew better than to look in your eyes\nThey only pretend you would be mine\nAnd oh, how you made me believe\nYou had me caught in every web that you weaved\nBut do you ever think of me when you lie?\nLie down in your bed, your bed of lies\n\n[Verse 1: Nicki Minaj]\nYou could never make eye contact\nEverything you got was based off of my contacts\nYou a fraud but I'mma remain icon-stat\nBalenciagas on my boots with a python strap\nYou was caught up in the rush and you was caught up in the thrill of it\nYou was with me way before I hit a quarter mil' in it\nPut you in the crib and you ain't never pay a bill in it\nI was killin' it, now you got me poppin' pills in it\nI told Baby hit you, I said this nigga buggin'\nCause I was doing it for us, I told 'em fuck the public\nCouldn't believe that I was home alone, contemplating\nOverdosin', no more coastin', no more toastin' over oceans\nThey say you don't know what you got 'til it's gone\nThey say that your darkest hour come before your dawn\nBut there was something that I should've asked all along\nI'mma ask on the song\n\n[Hook: Skylar Grey]\nDo you ever think of me when you lie?\nLie down in your bed, your bed of lies\nAnd I knew better than to look in your eyes\nThey only pretend you would be mine\nAnd oh, how you made me believe\nYou had me caught in every web that you weaved\nBut do you ever think of me when you lie?\nLie down in your bed, your bed of lies\n\n[Verse 2: Nicki Minaj]\nI just figured if you saw me, if you looked in my eyes\nYou'd remember our connection and be freed from the lies\nI just figured I was something that you couldn't replace\nBut there was just a blank stare and I couldn't relate\nI just couldn't understand and I couldn't defend\nWhat we had, what we shared, and I couldn't pretend\nWhen the tears roll down, it's like you ain't even notice 'em\nIf you had a heart, I was hoping that you would show it some\nWhat the fuck you really telling me? What you telling me?\nI could tell you lying, get the fuck out, don't yell at me\nI ain't mean to cut you, I ain't wanna catch a felony\nThis ain't How To Be A Player, you ain't Bill Bellamy\nThey say you don't know what you got 'til it's gone\nThey say that your darkest hour come before your dawn\nBut there was something that I should've asked, all along\nI'mma ask on the song\n\n[Bridge: Skylar Grey]\nSo does she know I've been in that bed before?\nA thousand count, and not a single thread of truth\nIf I was just another girl\nThen I'm ashamed to say that I'm not over you\nThere's one thing I need to know\nSo, call me when you're not so busy just thinking of yourself\n\n[Hook: Skylar Grey]\nDo you ever think of me when you lie?\nLie down in your bed, your bed of lies\nAnd I knew better than to look in your eyes\nThey only pretend you would be mine\nAnd oh, how you made me believe\nYou had me caught in every web that you weaved\nBut do you ever think of me when you lie?\nLie down in your bed, your bed of lies", "image": "https://images.rapgenius.com/6ccb5ac616e0df89bf4b012898a9711e.640x640x1.jpg"}], "artist": "Nicki Minaj"}