{"songs": [{"title": "Sweetest Girl", "album": null, "year": null, "lyrics": "When a good girl gone, she gone forever\nSee yu can't make it rain without the stormy weather\nAnd its funny when it rains, when it rains it pours\nWould of never happened if I stayed indoors\nWould of never happened if I never traded in my textbooks\nCuz now Im hot but all the credits say its just looks\nThey say Im too sexy and say Im sellin out\nCuz when I come out niggas get they umbrellas out\nI take the L cuz I dont want to see my brother lose\nBeen through it all but I could never fill my mothers shoes\nAnd nahh I dont want no hand out, I just want my ad lips to get paned out\nAnd I just wanna tell the girls that could feel me, That I just play the cards the nigga dealed me\nSee everything I been through could of killed me\n\nThat why I really ain't nothin, yu could tell me\nYu see I live for the bill, I die for the bill\nAnd I still make sure I read the bi to the bill\nAnd every time I write Im persist in my skill\nIts more outta life then just ice in ya grill\nFuck me lay me, Fuck yu pay me, This is what yu made me\nSaid yu want to drape me, turned around and raped me, Now yu ain't mistake me\n\nWhere my girls at, where my girls at\nIf they frontin then tell them where my money at. (Repeat)", "image": "https://images.genius.com/9eb9bb10b4dff8ba05121dfb216b3be2.467x467x1.jpg"}], "artist": "Nicki Minaj"}