{"songs": [{"title": "Five-O", "album": "Beam Me Up Scotty", "year": "2009-04-18", "lyrics": "Chorus\nWhere my straight jacket at, I\u2019m a psycho\nWhere that white blow?, Why they copy my flow?\nIf it\u2019s not Young Money, it\u2019s a typo\nThere them lights go, we don\u2019t talk to five-o\n\nWe don\u2019t t-t-talk, talk to five-O\nThere them lights go, we don\u2019t talk to five-o\nIf it\u2019s not Young Money, it\u2019s a typo\nThere them lights go, we don\u2019t talk to five-o\n\nJae Millz\nMister officer, mister officer\nI\u2019m sorry I don\u2019t wanna take a walk with ya\nMatter of fact, I ain\u2019t try'na talk to ya\nWe ain\u2019t got no business, so what we talking for?\nThere ain\u2019t no need to bring me in for no interrogation\nCause about that boy who just got shot, I gots no information\nThese broke ass snitch niggas still gram shaving\nAt the precinct writing statements on which trap house is the station {\u200bDAMN}\u200b\nNot I, tattle-telling is for homos\nBesides, thats the Number 1 Young Money no-no\nPolice, we don\u2019t chat with them\nWe ain\u2019t got no rap for them\nYou in the cop car pointing niggas out from the back of them {\u200bTHERE HE GO}\u200b\nBack seat informer, your papi shoulda warned ya\nYou even tell PoPo I\u2019m black, then you's a fucking goner\nYeah you get high, but I get higher\nManyana, I just might go to the halfway house and ask your supervisor\n\nChorus\n\nNicki Minaj\nYo\u2026 4, 3, 2\nCocka doodle do\nI was out in Africa, Shaka Zulu crew\nHo ho ho, red stockings too\nComing down the chimney, you're chopped n' screwed\nIt\u2019s me bitches, eff you snitches, gimmie the heebie jeebies\nSo excuse my twitches (Excuse me!)\nLemme get that brewski, niggas know them bitches can\u2019t do it like I dooski\nI just pull up, chuck the deuce in some blue denim, and I just heard he running with the lieutenant\nI\u2019m the mistress, I be in the District of Columbia\nYes uh huh, Washington\nBetter ask around, cause I\u2019m what's popping-ton\nI\u2019m who they think about, playing with they pee pee\nGotta count sheep b, cause I\u2019m never sleepy\nYes, I\u2019m the chief, you can find me in my teepee\u2026 BITCHES!\n\nChorus\n\nGudda Gudda\nYoung Money psycho, straitjacket on me\nBreak a nigga jaw if he turn to informant\nI bring it to your door step, loose lips sink ships nigga\nSo I\u2019mma bring you to the bottom of the ocean [uh chuuch]\nI hear you preaching like a fucking reverend\nShould've killed you in the first place, no second guessing\nCould've killed 'em with the first and the second weapon\nDJ Unk 'em with the hand, I two-step and deck 'em\nThen I grab the choppa, blue flame Houston wreck em\nKick a snitch head through a goal like David Beckham\nMake way, respect em\nI could AK attack em\nYou looking at a gangster in his essence\nNow bitch bow down when a gangster in your presence\nCause I\u2019m God\u2019s gift like a present\nFor one don\u2019t try me I could give you two lessons\nYou peasants get murdered if you do test 'em\nGudda Gudda biatch!\n\nChorus", "image": "https://images.genius.com/d4b8299bec1aac14c1931423e8d3466c.500x500x1.jpg"}], "artist": "Nicki Minaj"}