{"songs": [{"title": "Nicki Minaj Speaks", "album": "Beam Me Up Scotty", "year": null, "lyrics": "You know, when I went out to Ohio, there was like a mini riot\nAnd, you know, we thought it was, like, Michael Jackson, you know?\nSo we was just looking for the gloves and the two little white kids with the silk wrapped around they face\nYou know, 'cause the people were just going crazy\nThey was screaming and, you know, yelling\nAnd I turn around...", "image": "https://images.genius.com/d4b8299bec1aac14c1931423e8d3466c.500x500x1.jpg"}], "artist": "Nicki Minaj"}