{"songs": [{"title": "Roman In Moscow", "album": null, "year": "2011-12-02", "lyrics": "[Verse 1]\nI'm big willy, no bike gear\nI told you bitches last year\nI'm a rap bitch nightmare\nThat's why I call you Buzz Lightyear\n'Cause by the time you start buzzin', bitch\nYou gon' have white hair\nPaparazzi was a fright scare\nWhen I landed out in London it was lookin' like Mike, dear\nMike Jack\u2014who's bad?\nAin't on my period\nBut I got a new pad\nChannel 5, news flash\nPussy clean, who smash?\nNone of y'all! Canary yellow ball!\nThese bitches should be worshippin' me in the synagogue!\nHum, hum, done the prayer\nB-b-b-bitch I ball, underwear\nOh! Hum, hum, done the prayer?\nDid I tell 'em that I ball, underwear?\nOkay\n\n[Hook]\nRoman, yo what da fuck?\nRoman, yo what da fuck?\nRoman, yo what da fuck?\nRoman, yo what da fuck?\nBitches is insane\nThese bitches ain't in my lane\nOnly bitches in the plane is bitches that give me brain!\n\n[Verse 2]\nHeron, this shit is lethal\nRoman: this is the sequel\nMoscow: that's where I keep him\nUntil he's fully charged\nYour favorite rapper prolly suck\nAs for me, Icy, hockey puck\nAnyway, I'm on that new shit\nEvery trend, I introduce it\nMotherfuck you with a big dick\nI'm a racist, I'm a bigot\nBitch, I'm thicker than a midget\nYeah I'm crazy\u2014just a smidgen\nMotherfuck me, get my wumble\nAnd some Kimmy for my knuckle\nHold on, fuck you\nBrace yourself, buck tooth\nYeah I golf, putt too\nSwallow balls, nuts to\n\n[Hook]\nCamel toe\nRoman, yo what da fuck?\nRoman, yo what da fuck?\nRoman, yo what da fuck?\nRoman, yo what da fuck?\nBitches is insane\nThese bitches ain't in my lane\nOnly bitches in the plane is bitches that give me brain!\n\n[Verse 3]\nYeah, ain't no motherfuckin 'bridge, bitch\nAin't no motherfuckin\u2019 hook\nAin't no motherfuckin\u2019 third motherfuckin' verse\nRoman's back, bitch\nI fucked up your life last year this time, remember dat?\nRemember dat, bitch?\nRemember dat, bitch?\nI'm back\n\n[Outro]\nI double-dog dare ya\nI double-dog dare ya\nI double-dog dare any one of ya bitches to come out\nI triple-dog dare ya\nI triple-dog dare ya\nI triple-dog dare any one of ya bitches to come out\nI quadruple-dog dare ya\nI quadruple-dog dare ya\nI quadruple-dog dare any one of ya bitches to come out\nI\u2014uh\u2014five times dare\u2026you\u2026bitch-ass hoes\u2026YEAUHH!", "image": "https://images.rapgenius.com/68c41d9fc5f968b2aa80a8aae2a2eb7f.1000x1000x1.jpg"}], "artist": "Nicki Minaj"}