{"songs": [{"title": "Regular Degular", "album": "Nicki Minaj - Queen (Deutsche \u00dcbersetzung)", "year": "2018-08-17", "lyrics": "[Chorus]\nI am not your regular or degular\nI am just so extracurricular\nI will not get off into particulars\nI just copped a coupe, that bitch ridiculous\nI am not your regular or degular\nI am just so extracurricular\nI will not get off into particular\nI just copped a coupe, that bitch ridiculous\n\n[Verse 1]\nOochie coochie, juicy Tropicana, yah\nWho be looking bougie in Gabbana? Moi\nWhich one of y'all selling them bananas, huh?\nSweep the Playoffs \u2018cause who needs a janitor?\nThey ask me when I knew I wasn't regular\nI tell \u2018em that the coupe do not take regular\nPlus all my dogs is with me like Cruella, yah\nGet these bitches some bread because they jelly, yah\n\n[Refrain 1]\nThick in the thighs\nWet as the ocean, he fixin\u2019 to dive\nThis is the prize\nRoad to the riches because of my drive\nUp in the skies\nI am so famous, I need a disguise\nCuttin\u2019 some ties\nThat\u2019s word to Kendrick, they killin\u2019 my vibe!\n\n[Pre-Chorus]\nTh-thicka ah, thicka ah, ain't regular\nDon\u2019t even ah, even talk on my cellular\nI\u2019m still a yah, you a nah, you a regular\nI am a star, where you start? In my belly, yah\n\n[Chorus]\nI am not your regular or degular\nI am just so extracurricular\nI will not get off into particulars\nI just copped a coupe, that bitch ridiculous\nI am not your regular or degular\nI am just so extracurricular\nI will not get off into particular\nI just copped a coupe, that bitch ridiculous\n\n[Verse 2]\n.45 on my table, I\u2019m a killer, yah\nWhere is Elvis Presley? I\u2019m Priscilla, yah\n\u2018Bout to cop some dope from my drug dealer, yah\nThen, I\u2019m \u2018bout to crush it like Godzilla, yah\nIs this how people act when you not regular?\nThey screamin\u2019 from Africa to Australia\nI told \u2018em that I\u2019ve always been peculiar\nQueenin\u2019 down to the letter, as in Julius\n\n[Refrain 2]\nThick in the thighs\nThin in the waist, I be catching them eyes\nLook at the ice\nWhippin\u2019 that work, I be flippin\u2019 them pies\nFlippin\u2019 them pies\nGivin\u2019 him work whenever he applies\nLook at the size, supersi-ize, I ain\u2019t talkin\u2019 the fries\n\n[Pre-Chorus]\nTh-thicka ah, thicka ah, ain't regular\nDon\u2019t even ah, even talk on my cellular\nI\u2019m still a yah, you a nah, you a regular\nI am a star, where you start? In my belly, yah\n\n[Chorus]\nI am not your regular or degular\nI am just so extracurricular\nI will not get off into particulars\nI just copped a coupe, that bitch ridiculous\nI am not your regular or degular (Aye!)\nI am just so extracurricular (Aye!)\nI will not get off into particular (Wait!)\nI just copped a coupe, that bitch ridiculous (Skate!)", "image": "https://images.genius.com/ac159ac3bcc6ba5112612989a1665e61.1000x1000x1.jpg"}], "artist": "Nicki Minaj"}