{"songs": [{"title": "Never Let It Go", "album": null, "year": null, "lyrics": "You're trying to tell me you're saying goodbye\nI'm watching you leaving not believing my eyes\nYou'd better be looking over your shoulder\nCause I know too much for this to be over\nWhat once was beautiful is ugly now we just can't hide it\nWhat once was good is gone like innocence we watched it dying\nWhat once was beautiful is ugly now we just can't hide it, can't hide it\nLet it go...\nYou told me all your secrets\nThis isn't over now\nI'll never let it go, let it go, let it go\nI'll never let it go, let it go, let it go\nI told you all my secrets\nThis isn't over now\nYou'll never let it go, let it go, let it go\nYou'll never let it, let it go...\nI always hoped that this would last forever\nJust you and me against the world\nWhat once was powerful has weakened now we can't pretend\nWhat once was right is wrong like everything this game must end\nOh baby, the lies and deception\nWe're gonna bring each other down\nYou told me all your secrets\nThis isn't over now\nI'll never let it go, let it go, let it go\nI'll never let it go, let it go, let it go\nI told you all my secrets\nThis isn't over now\nYou'll never let it go, let it go, let it go\nYou'll never let it\nLet it go (let it go)\nI told you all (let it go)\nI told you all (let it go)\nI told you, told you, let it go", "image": "https://images.genius.com/9eb9bb10b4dff8ba05121dfb216b3be2.467x467x1.jpg"}], "artist": "Nicki Minaj"}