{"songs": [{"title": "Higher Than A Kite", "album": null, "year": null, "lyrics": "(feat. Lil' Wayne)\n\n[Lil Wayne:]\nHello world\nYoung MuLLAAa babyyyyy!\n\n[Nicki Minaj:]\nMurder dem Murder Dem Just 1 word Body A 3rd Of them'\nKick Kick Game Can't injure Nicki, That's Why they nick nick named me Ninja Nicki\nI'm Such A Yes, and your a No No\nLive with a dragon, and where a Kimono\nI'm from the Philliphines, badder than billy jean, is that why I get more head than the gulliten\nLookin Dumb Struck, cause you bumbs suck\nWhere da arm, where the fuck is my nun-Chucks\nI'm in Tokyo with the CokekeyO, somebody sleepin in my bed like Nokio\nI'm gettin illa then, poppin a pill again\nI'm on the Island, and I'm lookin for Gillgan\nAnd where my timberland, O God I'm trembling\nCan't find my keys, but I kno I hear'em jingaling\nYour such a Marilyn, Monroe, Manson\nI Got some heroin, wanna go dancing?\nYou at the door? ok\nI'm bout to come now\nGEttin Numb Now\nDon't let me come down\nSniffin on sum Good nO\nIt's Like I'm sniffin on a temple\nAnd I can't come down now cause I'm a higher then higher then higher then a kite\n\n[Lil Wayne:]\nYEA I do wat I does\nI come through this bitch wrist blue in cause I'm so 5 star suwop to the bloods\nAnd b4 I had a mirrow I knew who I waz\nI know where I'm goin I knew where I waz\nDAttt DAtt diiirtyyy diirtttyy south see my shoes from the mud\nWho can u trust? Who can you Love? when love kills like they gave cupid a gun\nIt go (BLAOW) LIke u shooting 4 fun and sometimes the solution is Execution for some\nBesides you don't want that Intrusion at 1 am in the conclusion is that you loosing the sun\nDon't inducein my funds, I smoke the Fruitiest I mean the stupidiest buzz blunts I get stupid as duhhh\nI swear my dubbieZ Is uhhhh fat and just like it you can't get lit\nShit don't stink when you shitting in a bank\nLET a man run an Errand I'm a hit him like aye\nLook in his eye and a nigga might blink\nAim at his head and I nigga might think (listen)\n\nSniffin on sum Good no\nIt's Like I'm sniffinon a temple\nAnd I can't come down now cause I'm a higher then higher then higher then a kite", "image": "https://images.genius.com/9eb9bb10b4dff8ba05121dfb216b3be2.467x467x1.jpg"}], "artist": "Nicki Minaj"}