{"songs": [{"title": "Bring it Back", "album": null, "year": null, "lyrics": "[Intro:]\nYo, listen\nAll y'all muh'fuckas\nY'all know who Nicki Maraj is\nY'all better ask somebody\nLook, Narcotics on the beat, bitches\nAnd I-, lemme, loo-, I-, I'm getting tired of y'all niggas and-and-and y'all bitches that be getting on my goddamn nerves\nI gotta tell y'all bout y'allselves\nLet's go, c'mon\n\n[Verse 1]\nY\u2019all must not know who I am\nI don't get to the spot till 2 AM\nDon\u2019t be mad, lil' mama, cuz you not in\nE'r'r'body wanna roll with the crew I\u2019m in\nThey wanna know why I\u2019m posted at the bar\nI tell \u2018em that I\u2019m just singing posters at the bar\nBut really, Y'all know why I\u2019m posted at the bar\nYou bitches act up I got the toaster by the bar\nI get cake cuz I always got a hustle\nI pump weight and I ain\u2019t talkin\u2019 \u2019bout my muscles\nAt the club every day but that ho ain\u2019t me\nCuz I be home with the scale like Do Ray Mi\n\n[Chorus]\nWhen I step up in the spot that's a wrap\nI do my 2 step one time with a snap\nI do my new step, two times with a clap\nTell \u2018em to bring it back, tell \u2018em to bring it back\nWhen I step up in the spot that's a wrap\nI do my 2 step one time with a snap\nI do my new step, two times with a clap\nOn me, get a glass, on me, bring it back\n\n[Verse 2]\nI hate a dude that be actin\u2019 like he get dough\nBut you know money short like Sisco\nActin\u2019 like he got funds for days\nTryna act like a mac, yeah the one with dame\nI hate a dude with a mad, bling-a-bling\nThat shit don\u2019t make up, for no wack ding-a-ling\nI hate a dude, that be pushin\u2019 a Benz\nOr he live with his mother, or he stay with his friends\nNigga please, what the fuck you done for me\nSay you run your company, but can't have company\nI guess the Lord just be tryna humble me\nHow the fuck you eatin\u2019 tuna and it's not bumblebee\n\n[Chorus]\nWhen I step up in the spot that's a wrap\nI do my 2 step one time with a snap\nI do my new step, two times with a clap\nTell \u2018em to bring it back, tell \u2018em to bring it back\nWhen I step up in the spot that's a wrap\nI do my 2 step one time with a snap\nI do my new step, two times with a clap\nOn me, get a glass, on me, bring it back\n\n[Verse 3]\nI hate a girl that be stuntin\u2019 in the game\nIced out chain with her best friend name\nCuz them the girls that be swervin\u2019 in my lane\nWhy they lookin\u2019 for change in they boyfriend Range\nI hate a clown touch down to my town\nBut when the check come she short like bust downs\nI hate a girl stay singin\u2019 in public\nEverywhere I go bitch be singin\u2019 some dumb shit (shut the fuck up)\nIf I could get a deal I'd have one too\nI hate a girl that see her man and say , that\u2019s my boo (stop playing)\nIt make you mad when they front like they right\nThey need help like they only got 5 on it\n\n[Chorus]\nWhen I step up in the spot that's a wrap\nI do my 2 step one time with a snap\nI do my new step, two times with a clap\nTell \u2018em to bring it back, tell \u2018em to bring it back\nWhen I step up in the spot that's a wrap\nI do my 2 step one time with a snap\nI do my new step, two times with a clap\nOn me, get a glass, on me, bring it back\nWhen I step up in the spot that's a wrap\nI do my 2 step one time with a snap\nI do my new step, two times with a clap\nTell \u2018em to bring it back, tell \u2018em to bring it back\nWhen I step up in the spot that's a wrap\nI do my 2 step one time with a snap\nI do my new step, two times with a clap\nOn me, get a glass, on me, bring it back", "image": "https://images.genius.com/9eb9bb10b4dff8ba05121dfb216b3be2.467x467x1.jpg"}], "artist": "Nicki Minaj"}