{"songs": [{"title": "Murda Murda", "album": null, "year": "2014-12-15", "lyrics": "[Hook]\nThis yuh wanna grand murda (x4)\n\n[Verse 1]\nYo the other day me go a downtown fi shop\nTake out card and me take out all guap\nTell security fi meet me round back\nIn a the alley way by the maybach\nAs fo' me you know mi love big\nMe gold chain and mi love big rock\nLevel, this yuh one shot, good pussy a go end him, bloodclaat\n\n[Hook x2]\n\n[Verse 2]\nThe other day some gyal a call me man\nMe say 'hold on where me machine gun'\nGyal a shot, I kill pussyhole fo' fun\nAny way, me and him done\nAs fo' me you know me ice out me watch\nAnd when me dance right and I pot crotch\nLevel, this here the catch, protect the weed like the what!\n\n[Hook x2 + ad libs]\n(Look how me shape up nice)\n(And all the man want wife)\n(And the gyal want fight)\n(ah what...ah what)\n\n[Verse 3]\nHold on, yes, just sit it down\nCause when I'm in ya town all a them come around\nBlazin', plus they sitting clean\nAmazin' lemme ge-get the green\nCause all my bitches go, yes them bitches go\nAnd you a no show, that's the way it go\nThe keys to my Bimmer, you in a dilemma\nSo could you hit the kitchen and go fix the Queen some dinner, will yuh!?\n\n[Hook x2 + ad libs]", "image": "https://images.genius.com/17cb9a54f107fb38257e54ae3cb6a171.1000x563x1.jpg"}], "artist": "Nicki Minaj"}