{"songs": [{"title": "Tay- Fire Burns", "album": null, "year": "2013-02-21", "lyrics": "[Nicki Minaj]\nAnd so I pray you burn in hell and you never find the ocean\nI hope you...\n\n[Verse 1: Tay]\nFuck you I hate you\nBitch I made you\nI got a new bitch and you mad cause she ain't you\nYou url cause you make me sick and I hope whoever you kissed now you sucked my dick and I bust in ya mouth so you had my cum in it\nThe pussy was popping though I think I fell in love with it but I\u2019m mad cus you tried to take my heart and run with it and I hope ya fire burn so I could light my blunt with it cause I smoke a lot of weed to keep these bitches out my mind you not even bad you a dime minus nine sitting here thinking what the fuck was on my mind you a ex for a reason cause you crossed that line ah man this bitch dumb and you full of cum shoulda thought twice when I thought you was the one but shout out to the head game and ya sex too but leaving you had to be my best move\n\n[Nicki Minaj: Hook]\nLay down in your sleep and you choke on every lie you told\nAnd when you're reaching out for me you'll see you reap everything you sow\n\n[Verse 2: Tay]\nFuck what we used to have bitch keep the memories calling me a thug if I am you the fleece get it through your fucking head ain't no more you and me tell me she in love with me and can\u2019t believe she losing me I think the dick had her going crazy in the brain that's why she always go crazy when she hear my name that's a shame cause being people really gets you beat up me and my bitch had a mad when she seen us\nGrimey bitch you the type to set me up I should've known you was a bird first day you let me fuck stay starting arguments always over petty stuff but now it's over and I wish you the best of luck and I hope you find what you looking for cause it ain't me and if it is me then I hope you can see I hope you can sleep then you think about me close your eyes and see my face and I hope you can't breathe\n\n[Nicki Minaj: Hook]\nI hope your fire, Fire burns baby\nI hope your fire, Fire burns baby\nI hope you lay down in your sleep and you choke on every lie you told\nAnd when you're reaching out for me you'll see you reap everything you sow\n\n[Verse 3: Tay]\nPassing on you\nI said I'm passing on you cause I'm sitting here thinking bout\nAll the shit we've been through it wasn't even worth it my love you don't deserve it you said i got your heart hurting and it's cause I love another person well at least you got the memories but why you still into me and how could we go from lovers to enemies I'm almost at the top now you should've been here with me but\nFuck it since you want to leave imma let you but like Trina said I wish I never met you\n\n[Nicki Minaj: Hook]\nFire, Fire burns baby\nI hope your fire, Fire burns baby\nI hope you lay down in your sleep and you choke on every lie you told", "image": "https://images.genius.com/9eb9bb10b4dff8ba05121dfb216b3be2.467x467x1.jpg"}], "artist": "Nicki Minaj"}