{"songs": [{"title": "Fly", "album": "Pink Friday", "year": "2011-08-30", "lyrics": "[Hook: Rihanna]\nI came to win, to fly\nTo conquer, to thrive\nI came to win, to survive\nTo prosper, to rise\nTo fly\nTo fly\n\n[Verse 1: Nicki Minaj]\nUh, yo, yo, I wish today it would rain all day\nMaybe that'll kind of make the pain go away\nTryna forgive you for abandoning me\nPrayin', but I think I'm still an angel away\nAngel away, yeah, it's strange in a way\nMaybe that is why I chase strangers away\nThey got they guns out aimin' at me\nBut I become Neo when they aimin' at me\nMe, me, me against them\nMe against enemies, me against friends\nSomehow they both seem to become one\nA sea full of sharks and they all smell blood\nThey start comin' and I start risin'\nMust be surprisin', I'm just surmisin'\nI win, thrive, soar, higher, higher, higher, more flya'\n\n[Hook: Rihanna]\nI came to win, to fly\nTo conquer, to thrive\nI came to win, to survive\nTo prosper, to rise\nTo fly\nTo fly\n\n[Verse 2: Nicki Minaj]\nUh, yo, yo, everybody wanna' try to box me in\nSuffocatin' everytime it locks me in\nPaintin' their own pictures then they crop me in\nBut I will remain where the top begins\n'Cause I am not a word, I am not a line\nI am not a girl that could ever be defined\nI am not fly, I am levitation\nI represent an entire generation\nI hear the criticism loud and clear\nThat is how I know that the time is near\nSee we become alive in the time of fear\nAnd I ain't got no muthafuckin' time to spare\nCry my eyes out for days upon days\nSuch a heavy burden placed upon me\nBut when you go hard, your nays become yays\nYankee stadium with Jays and Kanyes\n\n[Hook: Rihanna]\nI came to win, to fly\nTo conquer, to thrive\nI came to win, to survive\nTo prosper, to rise\nTo fly\nTo fly\n\n[Bridge: Nicki Minaj]\nGet ready for it, get ready for it, get ready for it\nI came to win\nGet ready for it, get ready for it, get ready for it\n\n[Hook: Rihanna]\nI came to win, to fight, to conquer, to thrive\nI came to win, to survive, to prosper, to rise\nTo fly\nTo fly", "image": "https://images.genius.com/652f96260d45cf10ca70ec1b420ca932.750x750x1.jpg"}], "artist": "Nicki Minaj"}