{"songs": [{"title": "Come See About Me", "album": "Queen (Bonus Version)", "year": "2018-08-10", "lyrics": "[Verse 1]\nCome, come see what I've been up to\nCome, come see about me\nI know you had a lot of work to do\nOoh, you got used to things without me, baby\nYeah, you got used to every thing I never did\nYou got sick of being sick of all my flaws\nYou got over all the pain I ever caused\nAnd I didn't mean it, no, but-\n\n[Pre-Chorus]\nThey say it's all what you make it\nMaybe it's all in the making\nLove's always love, you can't fake it\nSo please don't try to deny me of that, no\nYou know my heart couldn't take it\nMaybe it's all in the making\nLove's always love, you can't fake it\nSee, baby, ooh you know I need you to-\n\n[Chorus]\nCome, come see about me\nCome, come see about me\nKnow it can't always be about me\nJust come, come see about me\nCome, come see about me\nI'm doing good, boy, I'm up where we belong at\nYou know I'm still trying to find where we went wrong at\nSo come, come see about me\nCome, come see about me\nCome, come, come see about me\nIt won't hurt just to see what we could be\nSo come see about me, yeah\n\n[Verse 2]\nWant you to see how much I changed up\nOoh, I just hope I'm not too late\nI know you're hesitant about it, but-\nI got a lot I wanna say to you\nHate that I could never measure up\nHate that I could never be the one you needed\n'Cause now I'm the one who needs you, but, baby-\n\n[Pre-Chorus]\nThey say it's all what you make it\nMaybe it's all in the making\nLove's always love, you can\u2019t fake it\nSo please don't try to deny me of that, no\nYou know my heart couldn't take it\nMaybe it's all in the making\nLove's always love, you can't fake it\nSee, baby, ooh you know I need you to-\n\n[Chorus]\nCome, come see about me\nCome, come see about me\nKnow it can't always be about me\nJust come, come see about me (Right here)\nCome, come see about me (Right here)\nI'm doing good, boy, I'm up where we belong at\nYou know I'm still trying to find where we went wrong at\nSo come, come see about me\nCome, come see about me\nCome, come, come see about me\nIt won't hurt just to see what we could be\nSo come see about me, yeah\n\n[Bridge]\nAbout me, about me, about me, about me\nAbout me, about me, about me, about me\nAbout me, about me, about me, about me\nAbout me, about me. about me, about me\n\n[Chorus]\nCome, come see about me\nCome, come see about me\nKnow it can't always be about me\nJust come, come see about me\nCome, come see about me\nI'm doing good, boy, I'm up where we belong at\nYou know I'm still trying to find where we went wrong at\nSo come, come see about me\nCome, come see about me\nCome, come, come see about me\nIt won't hurt just to see what we could be\nSo come see about me, yeah", "image": "https://images.genius.com/15a79e9b319ecd94a9131a5bc8bbd010.1000x1000x1.jpg"}], "artist": "Nicki Minaj"}