{"songs": [{"title": "I Endorse These Strippers", "album": "Pink Friday: Roman Reloaded - The Re-Up", "year": "2012-11-19", "lyrics": "[Chorus: Nicki Minaj]\nNow, I endorse this message\nI endorse this message\nI am Nicki Minaj and I support this message\nNow, I endorse this message\nI endorse this message\nI am Nicki Minaj and I support this message\nNow, I endorse these strippers\nI endorse these strippers\nI am Nicki Minaj and I support these strippers\nNow, I endorse these strippers\nI endorse these strippers\nI am Nicki Minaj and I support these strippers\n\n[Verse 1: Nicki Minaj]\nDid I endorse young Mitt, I am young Nick\nYour panties all in a bunch, well, you can suck my dick\nAll these chicks is ridiculous\nConversations is frivolous\nMan, fuck all these bitches\nI am a polygamist\nPlaying with my pussy\nI am just that bored\nI mean we could've went shopping\nBut what could you afford?\nI bust a band in the VIP\nMy money can't fit in clips\nI tell the hoes when they strip\nThat they could play with my clit\nOooh, boobs, boobs, boobs, boobs, lotta boobs\nMan, I make the baddest bitches send me nudes\nI ain't got no time for your silly feuds\nI'm with pretty gang at Sue's, rendezvous\nBatman, I'm robbing hoes\nI tell them bitches yo, v\u00e1mos\nThese hoes my sons, I'm papa though\nI feed them bitches wit papa dough\nI'm tropical, you comical\nBitch, read my muthafuckin' chronicle\nYou my son, son, prodigal\nAnd you adopted, not even biological\n\n[Chorus: Nicki Minaj]\nI endorse this message\nI endorse this message\nI am Nicki Minaj and I support this message\nI endorse this message\nI endorse this message\nI am Nicki Minaj and I support this message\nI endorse these strippers\nI endorse these strippers\nI am Nicki Minaj and I support these strippers\nI endorse these strippers\nI endorse these strippers\nI am Nicki Minaj and I support these strippers\n\n[Verse 2: Tyga]\nHey bitch, I'm T-Raw\nGet on that pole and free fall\nHeard my best friend fucked with you\nI said, \"That's cool, now you do too.\"\nGettin' head in the carpool\nHer mouth draw like art school\nAnaconda, part two\nI pull it out, that's all you, all you\nI'm tryna smash, I got the cash, she got the ass\nNow tell your friends I'm a lil nigga wit a big one, ain't tryna brag\nI'm Eli in that strip club, that money, got a quarter back\nI make a hike, go long, first down, that's 10 racks\nShe said I can't fuck for free\nI told her that's cool by me\nSaid I can't fuck for free\nShe gon' probably have to pay me\nGettin dizzy all I do is spin\nWhite ghost I'm floatin'\nShe up and down that pole\nBut she ain't votin'\n\n[Chorus: Nicki Minaj]\nI endorse this message\nI endorse this message\nI am Nicki Minaj and I support this message\nI endorse this message\nI endorse this message\nI am Nicki Minaj and I support this message\nI endorse these strippers\nI endorse these strippers\nI am Nicki Minaj and I support these strippers\nI endorse these strippers\nI endorse these strippers\nI am Nicki Minaj and I support these strippers\n\n[Verse 3: Brinx]\nNow I endorse this paper, I endorse this liquor\nI bust a band in the VIP and I support these strippers\nShe bust it down to a split, she got a horse ass with her\nShe tryna bring home a friend and I enforce that nigga\nI threw like 4 stacks nigga and then 4 more stacks nigga\nI'm only just gettin' started, I blew a porsche that minute\nIt's king of diamonds so starless onyx, my whore got bitter\n'Cause I ain't come home this morning, she almost torched my shit\nWhen I hit a shopping spree oh shit I ball\nSorry but you can't get these at Lenox mall\nNah ho, this ain't clearance at americana\nThis that boy you better cuff ya baby mama\nCopy, kinko, for Nicki show that pink hole\nDrop it bust it open on the head, Ochocinco\nI support these ratchet bitches and I treat 'em right\nShe fucked me to get to Nicki, that's that shit I like\n\n[Chorus: Nicki Minaj]\nI endorse this message\nI endorse this message\nI am Nicki Minaj and I support this message\nI endorse this message\nI endorse this message\nI am Nicki Minaj and I support this message\nI endorse these strippers\nI endorse these strippers\nI am Nicki Minaj and I support these strippers\nI endorse these strippers\nI endorse these strippers\nI am Nicki Minaj and I support these strippers", "image": "https://images.genius.com/2d7b73379057607ed4c1a8637d31c15b.400x400x1.jpg"}], "artist": "Nicki Minaj"}