{"songs": [{"title": "American Idol Fight", "album": null, "year": null, "lyrics": "[Nicki Minaj]\nThink I'm playing! This shit is a fucking joke!\nThis is a joke. This is a joke. This is a joke?\nSay one more disrespectful thing to me.\nSay one more disrespectful thing to me --\nI'll go up against your head!\n\n[Randy Jackson]\nTime out, time out, time out, time out, time out.\n\n[Mariah Carey]\nI am not being disrespectful.\n\n[Nicki Minaj]\nUp against your head!\nUp against your head\n\nDon\u2019t tell me I'm insecure, don\u2019t tell me I'm inadequate,\nYou gone get sent to [inaudible] over that!;\nDon\u2019t- You done came on idol feeling unsure, feeling inadequate.\nYou\u2019re the insecure one sitting up there running down her resume every five minutes.\n\nEvery time you take a shot at me I'mma take it back,\nAnd if you gotta fucking problem then handle it.\n\nI told them, I'm not fucking putting up with your fucking highness over there\nFigure it the fuck out. Figure it out.\n\n[Mariah Carey]\nWhy, why...\n\n[Nicki Minaj]\nFigure it out.\n\n[Mariah Carey]\n... do I have a 3-year-old sitting around me?\n\n[Nicki Minaj]\nI\u2019m not sitting here for 20 minutes\nAnd having you run down your resume everyday.\nNo! Goodbye!\n\n[Mariah Carey]\nListen... I can\u2019t see my kids because you decided to make...\nTo have ... to have a little baby fit and going all around the stage.\n\n[Nicki Minaj]\nGood, well then go see them now, go see them now.\nYou\u2019re boring as fuck! You\u2019re boring as fuck!", "image": "https://images.genius.com/9eb9bb10b4dff8ba05121dfb216b3be2.467x467x1.jpg"}], "artist": "Nicki Minaj"}