{"songs": [{"title": "Shakin' It 4 Daddy", "album": null, "year": null, "lyrics": "Daddy.. oh daddy\nPapi oh papi\n\nSup.. I need to dance.. yeah..\n\n(Chorus)\nCause she shakin it for daddy (yeah)\nShe shakin it for me (yeah)\nShe shakin it for daddy (yeah)\nShe Shakin it for me\nShe liftin up her ass, and she drop it to the beat\nShe shakin it so fast, for the cash.. Ching-a-ling\n\nShe ready and she lookin for a bank roll.. Ching-a-ling\nShe movin round and round, like a mari-go.. Ching-a-ling\nShe be like: I be, I be, I be, on that money shit (Ching-a-ling)\nShe be like: I Be, I be, I be, on that money shit (yeahh Ladies!)\n\n(Nicki Minaj)\n(Ay yo!)\nI be, I be, I be, I be, I be, I be on that money shit\nGet da sloppy toppy roger copy I be running shit\nMoney in the air its a festival\nCause I ba-ba-ba-ba-ball no testicals (hm)\nIm flyer than an eagle thats balding\nI throw it back like hair lines, thats balding\nI stay balling, I dont mean spaldings\nI never answer when the referees calling\n\n(Robin Thicke)\nShe got me jerkin in the club\nThink Im bout to fall in love\nCause she make that booty roll\nWhen she comin down the pole\nI swear she got my heart\nFrom cash to credit cards\nGot me spendin all my money\nShit, I couldve bought a car (yeah)\n\nYou know you like it babe\nYou know you like it babe\nYeah I like it babe, (ohh) yeah I like it babe\nYou know you want it babe\nYeah you want it babe\nYeah I want it babe, oh-ohhh\n\n(Chorus)\nCause she shakin it for daddy (yeah)\nShe shakin it for me (yeah)\nShe shakin it for daddy (yeah)\nShe Shakin it for me\nShe liftin up her ass, and she drop it to the beat\nShe shakin it so fast, for the cash.. Ching-a-ling\n\nShe ready and she lookin for a bank roll.. Ching-a-ling\nShe movin round and round, like a mari-go.. Ching-a-ling\nShe be like: I be, I be, I be, on that money shit (Ching-a-ling)\nShe be like: I Be, I be, I be, on that money shit\n\n(Robin Thicke)\n\nAnd when this other girl grab me\nAnd she whispered in my ear\nShe said this other girl ain't doin shit\nIts crackin over here\nShe put my hand on her booty\nAnd her jiggle make me woozy\nNow we bout to make a movie\nIn the club, go stupid\n\nYou know you like it yeah\n\nYou know you like it yeah\nYeah I like it babe, (ohh) yeah I like it babe\nYou know you want it yeah\nYeah you want it yeah\nYeah I want it babe\n\n(Chorus)\nCause she shakin it for daddy (yeah)\nShe shakin it for me (yeah)\nShe shakin it for daddy\nShe Shakin it for me\nShe liftin up her ass, and she drop it to the beat\nShe shakin it so fast, for the cash.. Ching-a-ling\n\nShe ready and she lookin for a bank roll.. Ching-a-ling\nShe movin round and round, like a mari-go.. Ching-a-ling\nShe be like: I be, I be, I be, on that money shit (Ching-a-ling)\nShe be like: I Be, I be, I be, on that money shit\n\n(Nicki Minaj)\n\nYou was sleeping on me thinkin it was slumber time\nNow imma trending topic lil mama number sign\nWa-wanna play, Meet me at the fumble line\nCause Im a ninja, Cowabunga time\nBuzzing like a bee, but nope I dont sting-a-ling\nJing-a-ling-a-ling, I show dem da middle finger ring\nTing-a-ling-a-ling, school bell a-ring-a-ling\nStick shift the ding-a-ling,Ball like Yao Ming-a-ling\n\nCuse me, Whatt happen?\nIm flyerr den a robin\nIm flyer then an Eagle,Ya done up and Mcanobbin\nAnd wen I pop dat pussy, I pop it on his Suzuki\nI pop it so crazy cookie\nIm rockin them daisy dukies (oh)\n\nI be shakin it for daddy, He want more more more\nGot that Bently, Got that Caddy, And theyre all 4 door\nIf I pull him by the collar, Boy he gonna holla\nI be shakin it for daddy, He want more more more\n\n(Chorus)\nCause she shakin it for daddy (oh)\nShe shakin it for me (yeah)\nShe shakin it for daddy (oh-ohh)\nShe Shakin it for me\nShe liftin up her ass, and she drop it to the beat\nShe shakin it so fast, for the cash.. Ching-a-ling (ooh)\n\nShe ready and she lookin for a bank roll.. Ching-a-ling\nShe movin round and round, like a mari-go.. Ching-a-ling\nShe be like: I be, I be, I be, on that money shit (Ching-a-ling)\nShe be like: I Be, I be, I be, on that money shit\n\nYeah girl\n\nShe shakin it for daddy\nShe shakin it for daddy\nShe shakin it..\n\nI be on that money shit\nI be on that money shit\nI be on that money shit\nI be on that money shit (OH!)", "image": "https://images.genius.com/9eb9bb10b4dff8ba05121dfb216b3be2.467x467x1.jpg"}], "artist": "Nicki Minaj"}