{"songs": [{"title": "Grindin Freestyle", "album": "Sucka Free", "year": "2008-04-12", "lyrics": "[Intro: Nicki Minaj]\nOk, ok, ok... C'mon, listen...\n\n[Verse 1]\nYe' ain't say nothing lil' mama I got those\nAnd I'm about to bl-blow like snot nose\nOh no, no homo\nThis is for my niggas, my niggas that don't know\nPlease tell these rap bitches to get ready\nDon't get gassed unless you're getting getty\nDon't get jerk j-jerk don't get nutty\nFix up your paper work you're somebody\nBut you ain't better than the President\nI'm just too eloquent, bitch, I'm the President!\nI be sitting on a elephant\nCounting all my money where Stella went\nAnd I don't need my groove back\nUnless the nigga looking like 2Pac\nUnless he got colors like Toucan Sam\nSam, I am!\nDifferent color Lambs (Green Eggs and Ham)\nBet I could bake a gram like the baker's man\nStop running up on me like who? what? when?\nI stay around the white like the Ku Klux Klan\nI stay around the sand butter pecan tan, butter pecan tan\nI stay around the sand butter pecan tan nigga\n\n[Bridge]\nDamn, I'm a bad bitch I'mma give y'all a couple more bars it's nothin.. Listen....\n\n[Verse 2]\nI was shotgun when the Bentley cruised up\nI'm a bad bitch let me put my shoes up\nI don't say hi, I just throw my 2's up\nWhen I'm in Texas I chuck my deuce up\nBitches is snakes, sorta like Medusa\nI get on the beats like a new producer\n(i hate nicki minaj) just excuse her\nI'm in a GT, she in a PT Cruiser, I mean the PT bruiser\nDang lil mama you is such a loser\nYou is such a loser, dang lil mama you is such a loser...\n\n[Outro]\nI mean... If I'm not the baddest bitch who the fuck is?\nI mean when I do it's done. Get who you want..\nLike, I'mma body every last bitch in the game\nI'mma sit on my throne and you know these bitches you know be pickin my fruit out\nI want some fresh strawberries and shit tell them bitches to be ready to pick my fruit out\nI'm a be sittin on the throne like Michael Jackson and Eddie Murphy, it's nothin [laughs....]", "image": "https://images.genius.com/6723f478cff14a2ba2cbe0ce2ad7d4c2.320x320x1.jpg"}], "artist": "Nicki Minaj"}