{"songs": [{"title": "Barbie Drip", "album": null, "year": "2019-02-02", "lyrics": "[Intro]\nRun that back, Turbo\n\n[Verse 1]\nI just got 10 million bucks for shit that I ain't even do yet\nYou spent your money but I ain't say I was your boo yet\nYou got your feelings hurt, I ain't really mean to do that\nI'm just a bad bitch, I'm sorry I put you through that\nI'm from New York where we\u2019ll never say, \"Good morning\"\nRippin' the block and he ain't come home 'til the morning\nI always prayed to have a building with a doorman\nNow I'm so busy I gotta turn down these endorsements\nNow I'm flauntin' everything that I wanted\nRemember a time when I couldn't even afford it\nNow I'm in stores, I get everything that fits me\nChanel mink slides and shades so they don't know it's me\n\n[Chorus]\nDrip too hard, got his dick too hard\nHe gon' fuck around and drown off this wave\nPretty little toes, stunting on these hoes\nBuy another bag soon as I get paid\nBad little vibe, keep her by my side\n'Case a dirty bitch gotta catch this fade\nDo it all the time, still I'm in my prime\nCouple new blessings every time we pray\n\n[Verse 2]\nUh, I'm still the same bitch from the city of the potholes\nShe say, \"Oh, I got those\", I said, \"No, it's not those\"\nI don't fuck with birds but you bitches on my cock though\nIf I want some chicken and waffles I go to Roscoe's\nCooler than the winter but I heat up like the summer\nFuckin' with my baby, I'm a gunna\nWhen I say baby, I ain't talkin' 'bout Stunna\nI'm talking 'bout lil' like Weezy on the come-up (Uh)\n\n[Chorus]\nDrip too hard, got his dick too hard\nHe gon' fuck around and drown off this wave\nPretty little toes, stunting on these hoes\nBuy another bag soon as I get paid\nBad little vibe, keep her by my side\n'Case a dirty bitch gotta catch this fade\nDo it all the time, still I'm in my prime\nCouple new blessings every time we pray\nDrip too hard, got his dick too hard\nHe gon' fuck around and drown\nPretty little toes, stunting on these hoes\nBuy another bag\nBad little vibe, keep her by my side\n'Case a dirty bitch gotta catch this fade\nDo it all the time, still I'm in my prime\nCouple new blessings every time we pray (Yeah)\n(And we pray)\n\n[Outro]\nCouple new blessings every time we pray\nEvery time we pray\nCouple new blessings every time we pray", "image": "https://images.genius.com/730b5f77eebb56d03bd91d446b6c1a28.1000x1000x1.jpg"}], "artist": "Nicki Minaj"}