{"songs": [{"title": "40 Bars", "album": "Playtime is Over", "year": "2007-07-05", "lyrics": "[Nicki Minaj Speaking]\nHa ha, ha ha\nIt's your girl Nicki Minaj, bitches\nListen, y'all better buckle y'all motherfuckin' seat-belts broads\nIt's goin' down\n\n[Verse 1]\nFitted down and I'm ready to play\nWhen ya album gonna drop, bitches never could say\nSay, \"Fuck I look like giving birds they props?\nBitches act like they hot, but I heard they not\"\nHow the fuck you in the game like ten years strong\nYou bitches still can't write ya own damn songs\nYou see me on the stoop man these birds just salute me\nWhether I'm in the coupe or the hoopti, Duke see\nI'm always with a dude, that'll off the kufi\nLet him eat my coochie and cop me Pucci\nHouse in the boonies, rock a doobie\nCock the 22, then spark a loosey\nHe tell me I'm the one, he probably right\nHe pressing me like button downs on a Friday night\nYour girl get it poppin' like dynamite\nDynamite, the coke albino white\nName one bitch in the game, that I can't murder\nChicken noodle bitches, on the side with a soda\nGive it to everybody, like a cop with a quota\nStop playing poker hop in something mocha\nI eat bitches, no knife, no fork-a (or)\nBitch want it with me? Living the life lo-ca\nOh, I get it you a joker\nLeave a dot on your head, and I ain't talking bout polka\nYou the type, that be runnin' ya mouth\nSee you on the block, wanna run in ya house\nI'm with that nigga Fendi, never fucks with a slouch\nI fuck with dirty money, like what's under the couch\nCause ain't a bitch could fuck with my flow\nWhen it comes to drugs, mami just say no\nEither you're on something or you're S-L-O\nHad to switch up the flow, let this skeptos (sketels) know\nI come, cum hard, I don't come with garbage\nJust one phone call, they gon' come regardless\nI always got the ball ma, I don't roll with starters\nWrite my own bars and my flow's the hardest, nigga", "image": "https://images.genius.com/b256017f3b831150266cf5131d761bfe.600x599x1.jpg"}], "artist": "Nicki Minaj"}