{"songs": [{"title": "Dopeman", "album": null, "year": null, "lyrics": "Dopeman please can I have another hit\nDopeman Dopeman Dopeman Dopeman\nAyo, once upon a time there lived a little bad bitch\nI just press the buttons on my little gadgets\nBorn in December so I am a Sagit\nTarius, maybe just a little Bi-curious\nYo, miney-mo-to-eenie-meenie\nYour wish is my command\nI mean I really, really mean it\nCause I am the lady that was on \"I Dream Of Genie\"\nThey call it spaghetti but I call it ling-uini\nCoke fizzles if you wanna get the sniffles\nI got that wet-wet it could get wetter than a drizzle\nPlus I got plenty, no seeds in my twenty\nAnd I just got them peanut butter crack sandwiches\nYou need a dopeman, Oh you need a snowman\nI got that Lohan, weight like Rosanne\nBut f*ckin' with my money is a no-no man\nI got them Bar-billions, they call me Cole-man\nDopeman please can I have another hit\nDopeman please can I have another hit\nDopeman please can I have another hit\nDopeman (Nicki Mianj) Dopeman Dopeman (Beam Me Up Scotty) Dopeman\nDopeman please can I have another hit (King Pen Pusha)\nDopeman please can I have another hit (\nGang Records)\nDopeman please can I have another hit\nDopeman Dopeman Dopeman Dopeman", "image": "https://images.genius.com/9eb9bb10b4dff8ba05121dfb216b3be2.467x467x1.jpg"}], "artist": "Nicki Minaj"}