{"songs": [{"title": "Saxon", "album": null, "year": "2010-11-22", "lyrics": "[Verse 1]\nGuess who?\nYou bitches, it's RiRi\nLam-Lamborghini strawberry kiwi\nFashion week in Paris was nice\nEvery designer had my size (ha ha, ha ha ha ha, haa!)\nSwitch my hair, they gon' copy her\nSwitch my gear, they gon' copy her\nL-L-Look at how they stare, just to copy her\nWell, roger that\nDid you copy that, co-co-copy cat?\n\n[Hook]\nI am go-going home\nI am go-going home\nI shut it down, already\nI am go-going home\nI am go-going home\nI am go-going home\nI shut it down, already\nI am go-going home\n\n[Verse 2]\nBack door, because I am leaving\nOne more, but now they just greedy\nYo, tell 'em fi go, make em gwan with no mistakes\nColor up shades, lower with my disguise\nSwitch my hair, they gon' copy her\nSwitch my gear, they gon' copy her\nL-L-Look at how they stare, just to copy her\nWell, roger that\nDid you copy that, co-co-copy cat?\n\n[Hook]\nI am go-going home\nI am go-going home\nI shut it down, already\nI am go-going home\nI am go-going home\nI am go-going home\nI shut it down, already\nI am go-going home\n\n[Outro]\nGet ready for the show\nWe get a lot of dough\nAnd you already, yeah, you already know\nThat I done shut it down\nThat's why I'm going home...", "image": "https://images.genius.com/9eb9bb10b4dff8ba05121dfb216b3be2.467x467x1.jpg"}], "artist": "Nicki Minaj"}