{"songs": [{"title": "Misinformation", "album": null, "year": null, "lyrics": "I thought you'd changed\nI thought you'd changed\nBut I was wrong again\nYou're still the same\nYou're still the same\nRumors never end\nThere's nothing more\nThere's nothing left\nAnd now we can't pretend\nMisinformation\nMisinformation\nIt's always something new\nQueen of invention\nCraving attention\nWhat did I do to you?\nOh, oh, oh\nI'll never know\nI'll never know\nWhy you hurt me so\nWe were cool\nWe were close\nBut that's so long ago\nYou create, you fabricate\nThe shit that you don't know\nMisinformation\nMisinformation\nIt's always something new\nQueen of invention\nCraving attention\nWhat did I do to you?\nOh, oh, oh\nOh, oh, oh\nThere's nothing more\nThere's nothing left\nAnd now we can't pretend\nOh, oh, oh\nOh, oh, oh\nMisinformation\nMisinformation\nIt's always something new\nQueen of invention\nCraving attention\nWhat did I do to you?", "image": "https://images.genius.com/9eb9bb10b4dff8ba05121dfb216b3be2.467x467x1.jpg"}], "artist": "Nicki Minaj"}