{"songs": [{"title": "Majesty", "album": "Queen (Bonus Version)", "year": "2018-08-10", "lyrics": "[Chorus: Labrinth]\nWhatever you say, Mrs. Majesty (Oh, oh)\nWhatever you want, you can have from me (Oh, oh)\nI want your love, just lead me on\nWon't give it up, hey, hey, hey, hey\n\u2019Cause I'm a sucker for ya\nBoom shang-a-lang-a-la\nBoom shang-a-lang-a-la\n\n[Verse 1: Nicki Minaj]\nMmm, uh, yo, I got the money and the power now\nThe G5'll get me out there in an hour now\nThe MAC movin\u2019 like crack, I'm sellin' powder now\nG-game over, locker room, hit them showers now\nI got the trophies and the catalogue\nJust did a deal, Mercedes-Benz, check the catalogue\nI'm buyin' buildings, we don't buy the blogs (Kyuh)\nThe Nicki challenge when I fly to Prague, uh\n\n[Refrain: Labrinth]\n'Cause I'm a sucker for ya\nBoom shang-a-lang-a-la\nBoom shang-a-lang-a-la\n\n[Verse 2: Nicki Minaj]\nUh, yo, who want it with Nicki now?\nI smoke \u2019em like hippies now\nThey see me, say, \"Yippie,\" now\nHomes runnin\u2019 like Griffey now\nThey switchin' like sissies now\nYou niggas is iffy now\nBitches tune switchin\u2019 up\nWe take 'em to Jiffy now\nI'm thicker than peanut butter\nHe nuttin' like Skippy now\nHe want me to be his wife\nHis missus like sippi now, uh\n\n[Chorus: Labrinth]\nWhatever you say, Mrs. Majesty (Oh, oh)\nWhatever you want, you can have from me (Oh, oh)\nI want your love, just lead me on\nWon\u2019t give it up, hey, hey, hey, hey\n'Cause I'm a sucker for ya\nBoom shang-a-lang-a-la\nBoom shang-a-lang-a-la\n\n[Post-Chorus: Eminem]\nShe invites me to the condo\nUh-oh, wifey's in Chicago (Oh, oh)\nMy side piece, but she's also\nSomeone's wife, so time we spend is borrowed\nBut it's our moment right here, fuck tomorrow\n'Cause moments like these are to die for\nAnd she's clear, all nice and easy\nAs hair when I'm bleaching it blonde\nSo we got that lightning in a bottle (Oh)\n\n[Verse 3: Eminem]\nShe's tipsy, I'm sober\nSo she gets a chip on her shoulder\nSits on the sofa, I go to load a\nSlick Rick song or throw some Souls of Mischief on\nShe goes, \"All that old school hip-hop is over\nThink that shit's got pneumonia\"\nI told her, \"Bitch, now, just hold up!\"\nThat's why rap needs a doctor\nOur genre's lymph nodes are swole up\nIt's time to check it for strep or some tonsillitis\n'Cause like what they swab you with when your throat hurts\nThat's why Tribe is so vital: we need Q-Tip for the culture\n(Speed it up a little bit)\nYou ain't dealin' with a fuckin' featherweight\nI used to medicate until I'd get a fuckin' bellyache\nAnd now I'm finna step on the pedal, don't wanna ever brake\nI wanna accelerate to a level that I can elevate\nDemented with the pen, I'll make the mothafucker detonate\nI wanna make it acapella\u2014wait, I gotta set a date\nWith the devil and celebrate, together we can renovate\nAnd re-develop, Hell awaits, and I'ma get a special place\nNow, take a ride with me, hop into my time machine\nI'ma take the driver's seat as I thrust into hyperspeed\nLike I'm a meteorite, and mothafuck the fucking media\nRight in the behind; I'm a human encyclopedia\nI must be like pie crust because I was bred to rise like I was yeast\nAnd you're never gonna reach these heights\nThey're just too high to reach\nAnd I ain't even reached my fuckin' highest\nYou better pick another game, try hide-and-seek\nAnd you might wanna decide to cheat\n'Cause you gotta open your eyes to peek\nAm I indeed the last of a dying breed?\nEven if you fire-breathe, ain't shit you can say to inspire heat\nIf you wrapped your entire meat pad up in a dryer sheet\nAnd I'm back to rule the kingdom of fuck it\nBetter not use me as your topic\nAnybody who brings me up, duck it\nLet me keep it one hundred\nTwo things shouldn't be your themes of discussion\nThe queen and her husband\nLast thing you're gonna wanna be is our subjects, yeah\n\n[Chorus: Labrinth]\nWhatever you say, Mrs. Majesty (Oh, oh)\nWhatever you want, you can have from me (Oh, oh)\nI want your love, just lead me on\nWon't give it up, hey, hey, hey, hey\n'Cause I'm a sucker for ya\nBoom shang-a-lang-a-la\nBoom shang-a-lang-a-la\n\n[Verse 4: Nicki Minaj]\nYo, now let me hit you back\nTold 'em I'd get you back\nI know you sittin' there just thinkin' 'bout who did you that\nI am who did you that\nYou trippin', did you pack?\nCan't post on Nicki block unless you sellin' Nicki crack\nHere, take a Nicki pack\nCheck out this Nicki act\nNicki this, Nicki that\nAll these bitches piggyback\nHa, piggyback, ah, ah, ah back\nAh, ah, ah back, ah, ah\n\n[Outro: Nicki Minaj]\nOut ah road, they lovin' my style\nThe man dem want digits fi dial\nInna the dance, we a go skin out I know\nAnd when I come out, y'all suicidal\nYeah, on the real, I'm these bitches' idol\nGotta be dumb to make me your rival\n'Cause I'm too powerful ('Cause I'm too powerful)\nAnd you not powerful (Yeah, you not powerful)\nSo say your prayers 'cause you 'bout to die slow (Die slow)\nDie slow (Die slow), die slow (Die slow)\nJealousy is a disease, die slow (Die slow)\nDie slow (Die slow), die slow\nTell her that jealousy is a disease, die slow", "image": "https://images.genius.com/15a79e9b319ecd94a9131a5bc8bbd010.1000x1000x1.jpg"}], "artist": "Nicki Minaj"}