{"songs": [{"title": "Bust Down Barbiana", "album": null, "year": "2019-02-06", "lyrics": "[Intro]\nBust down, Barbiana, bust down, Barbiana\nBust down and pick that shit up\nBust down and pick that shit up\nBust it open and pick that shit up\nBust it open and pick that shit up\n\n[Verse]\nUh, ayo, I been a bad bitch, cockiana (Cockiana)\nAnd I'm still winnin', Pacquiana (Pacquiana)\nPercocets, popiana, killin' everybody beat\nThank you, next, Ariana (Ariana)\nYou gon' have to give me topiana (Topiana)\nIf you tryna get some sloppiana (Sloppiana)\nI call my opps Oppiana (Oppiana)\nThen shut down Yves Saint, Lauriana (Lauriana)\nI don't want you on my page, blockiana (Blockiana)\nFlow tailor made, like Teyana (Like Teyana)\nThey copyin' my style, copiana\nRoger that, over copiana\nBenihana to Katana, bitch, I been a Donna\nHe screamin' my government: O-Onika Tanya\nYou look like Nicki now, still you tacky-ana\nTo keep it 100, bitch you wacky-ana\nIn the hood like Kiana, or a Tatiana\nImmigrant from Trinidad, rep Americana\nI'm 'bout to shut it down at Met Galiana\nYou peanut head bitches is always jellyana\nI'm 'bout to get a ring in my bellyana\nTattoo my man name, then give him some Beckyana (Beckyana)\n85, comma, plus three zeros (Three zeros)\nPlus another comma plus three zeros (Three zeros)\nThen add a dot (Dot)\nBop a dot dot, bop a dot dot doh\nBeen at the top\nBefore this song came out, bitch you been a thot (Been a thot)\n\n[Chorus]\nBust down, Barbiana, bust down, Barbiana (Barbiana)\nThen back that shit up (That shit up)\nOn the gang, then back that shit up (That shit up)\nOn the mags, then back that shit up (That shit up)\nBust down, Barbiana, bust down (Bust down)\nThen pick that shit up (That shit up)\nOn the gang, Barbiana (Barbiana)\nBust down, bust down, Barbiana (Barbiana)\n\n[Outro]\nUh\nBust down and pick that shit up\nBust down and pick that shit up\nBust it open and pick that shit up\nBust it open and pick that shit up", "image": "https://images.genius.com/bfb03c19b804ae8dbf92f107c469061c.750x750x1.jpg"}], "artist": "Nicki Minaj"}