{"songs": [{"title": "Whip My Hair [Remix] by Nicki Minaj", "album": null, "year": null, "lyrics": "I whip my hair back and fourth\nI whip my hair back and fourth\nI whip my hair back and fourth\nI whip my hair back and fourth\nI whip my hair back and fourth\nI whip my hair back and fourth\nI whip my hair back and fourth\nI whip my hair back and fourth\n[Nicki]\nI was on my way to school I do'z me\nI hopped out the drop grabbed my juicy\nI hopped, skipped and jumped past the hoopdies\nBut, wait I forgot to grab my loose leaf\nI doubled right back b-back like who's that?\nI did a little dance like cat boom boom cat\nI love how the jocks be watchin me me\nSo I grab my crouch and say he he!\nI be like bum diggety bum when I pop my gum\nThey lookin dumb diggety dumb\nThink they stopping something\nI said excuse me honey\nI'm b-bugs bunny\nI'm bugs bunny\nAin't got my carrots\nYou ain't got nothing for me\nCause we the mean girls y-yes we so fetch\nAnd when we in the yard be jumping double dutch\nWe back to the future, pearl ya wit da best\n(huh noise) hair, hair, hair\n\n[Chorus]\nI whip my hair back and fourth\nI whip my hair back and fourth (Just whip it)\nI whip my hair back and fourth\nI whip my hair back and fourth (Whip it real good)\nI whip my hair back and fourth\nI whip my hair back and fourth (Just whip it)\nI whip my hair back and fourth\nI whip my hair back and fourth (Whip it real good)\nI whip my hair back and fourth\nI whip my hair back and fourth\nI whip my hair back and fourth\nI whip my hair back and fourth\nI whip my hair back and fourth\nI whip my hair back and fourth\nI whip my hair back and fourth\nI whip my hair back and fourth\n[Willow]\nImma get more shine than a little bit\nSoon as I hit the stage a-pplause I'm hearing it\nWhether it's black stars, black cars, I'm feeling\nBut can't none of them whip it like I do\nI...., I gets it in hmmmm yea I go hard\nWhen they see me pull up I whip it real hard\nI whip it real hard (whip it whip it)\nReal hard, I whip it real hard\n(Whip it, Whip it real hard)\nDon't let haters keep me off my grind\nKeep my head up, I know I'll be fine\nKeep fighting until I get there\nAm down and I feel like giving up\n\n[Chorus]\nI whip my hair back and fourth\nI whip my hair back and fourth (Just whip it)\nI whip my hair back and fourth\nI whip my hair back and fourth (Whip it real good)\nI whip my hair back and fourth\nI whip my hair back and fourth (Just whip it)\nI whip my hair back and fourth\nI whip my hair back and fourth (Whip it real good)\nI whip my hair back and fourth\nI whip my hair back and fourth\nI whip my hair back and fourth\nI whip my hair back and fourth\nI whip my hair back and fourth\nI whip my hair back and fourth\nI whip my hair back and fourth\nI whip my hair back and fourth\nAll my ladies if you feel it come on do it do it whip your hair\nDon't matter if it's longgg short\nDo it do it whip your hair\nAll my ladies if you feel it come on do it do it whip your hair\nDon't matter if it's longgg short\nDo it do it whip your hair\nYour hair your hairrrrr\nI whip my hair back and fourth (yeahh)\nI whip my hair back and fourth (Just whip it)\nI whip my hair back and fourth\nI whip my hair back and fourth (Whip it real good)\nI whip my hair back and fourth\nI whip my hair back and fourth (Just whip it)\nI whip my hair back and fourth\nI whip my hair back and fourth (Whip it real good)\nI whip my hair back and fourth\nI whip my hair back and fourth (Just whip it)\nI whip my hair back and fourth\nI whip my hair back and fourth (Whip it real good)\nI whip my hair back and fourth (ok)\nI whip my hair back and fourth (ok)\nI whip my hair back and fourth (ok)\nI whip my hair back and fourth (ok)\nI whip my hair back and fourth\nI whip my hair back and fourth (Just whip it)\nI whip my hair back and fourth\nI whip my hair back and fourth (Whip it real good)\nI whip my hair back and fourth\nI whip my hair back and fourth (Just whip it)\nI whip my hair back and fourth\nI whip my hair back and fourth (Whip it real good)\nI whip my hair back and forth\nI whip my hair back and forth\nI whip my...\n---\n.", "image": "https://images.genius.com/9eb9bb10b4dff8ba05121dfb216b3be2.467x467x1.jpg"}], "artist": "Nicki Minaj"}