{"songs": [{"title": "Nicki WRLD Tour Setlist", "album": null, "year": "2019-02-21", "lyrics": "Set One\n1. \"Majesty\"\n2. \"Hard White\"\n3. \"Feeling Myself\"\n4. \"Only\"\n5. \"Truffle Butter\"\n6. \"Beez In The Trap\"\n7. \"Rake It Up\"\n8. \"Dance (A$$)\"\n9. \"FEFE\"\n10. \"BIG BANK\"\n11. \"Did It On'em\"\n12. \"Anaconda\"\n13. \"Roman's Revenge\"\n14. \"Throw Sum Mo\"\n15. \"Plain Jane REMIX\"\n16. \"Your Love\"\n17. \"Make Me Proud\"\n18. \"Monster\"\n19. \"Itty Bitty Piggy\"\n20. \"Up All Night\"\n\nBreak For Juice WRLD's Set\n\nSet Two\n1. \"Beam Me Up Scotty\"\n2. \"Turn Me On\"\n3. \"Whip It\"\n4. \"Pound the Alarm\"\n5. \"Starships\"\n6. \"Where Them Girls At\"\n7. \"I Lied\"\n8. \"All Things Go\"\n9. \"Save Me\"\n10. \"Right Thru Me\"\n11. \"Come See About Me\"\n12. \"Grand Piano\"\n13. \"Ganja Burn\"\n14. \"Bed\"\n15. \"Side to Side\"\n16. \"Swalla\"\n17. \"Chun-Li\"\n18. \"Moment 4 Life\"\n19. \"The Night Is Still Young\"\n20. \"Super Bass\"", "image": "https://images.genius.com/9eb9bb10b4dff8ba05121dfb216b3be2.467x467x1.jpg"}], "artist": "Nicki Minaj"}