{"songs": [{"title": "Everywhere we go", "album": null, "year": null, "lyrics": "Verse 1: Nicki Minaj\nWait a minute, let me skate up in it\nI see your face got the hate up in it\nThe briefcase got the cake up in it\nCall me Lil Wayne,ma' your girl make it rain\nThese silly rappers don't impress me\nI'm eating red snappers on a jet ski\nI mean, I gotta giggle, I gotta laugh a little\nMami, I been hot since Monie was in the middle\nNicki Minaj, Lil' Kimberly\nWhen you see the squad, bitches better salute like an assembly\nCome on mami, I got dudes that will kill for me\nThese broke bitches got it in for me\nI done did what I had to do\nRep the NY like an apple do\nStep to these broads like a Kappa do\nBoo, You sold a million, now you half of who?\nGet off my dick, kick it bitch", "image": "https://images.genius.com/9eb9bb10b4dff8ba05121dfb216b3be2.467x467x1.jpg"}], "artist": "Nicki Minaj"}