{"songs": [{"title": "Gettin Cake", "album": null, "year": null, "lyrics": "[Nicki Minaj] Verse 1\nUh , Yo , Yo , Yo\nI'm the bad *woof!*, 'bout to get a mani-ped\nI'm the big bad wolf and your granny dead\nEven though I'm in Mexico, I rep New York like Plexico\nLook, switch my name, now I'm celebrating Hannukah\nLewinsky, bitches, Young Money Monica\nI been hot since hedgehog, Sonic the\nSo, could you pass me the keys to the Tonica?\nI mean Tonka, that's the truck, bitches\nFuck you and all of you fuck bitches\nMatter fact, put some sprinkles on my cupcakes\nAnd get ready to put your dimples in this duct tape", "image": "https://images.genius.com/9eb9bb10b4dff8ba05121dfb216b3be2.467x467x1.jpg"}], "artist": "Nicki Minaj"}