{"songs": [{"title": "Va Va Voom", "album": "Pink Friday: Roman Reloaded", "year": "2012-10-23", "lyrics": "[Verse 1]\nJust met a boy, just met a boy when\nHe can come inside of my playpen\n'Cause he look like a superstar in the making\nSo I think that I'm going in for the taking\nHear through the grapevine that he's cakin'\nWe can shoot a movie he can do the tapin'\nBoom boom pow, this thing be shakin'\nI ain't even tryna find out who he datin'\n\n[Hook]\n'Cause I know he got a wife at home\nBut I need just one night alone\nIf he keep playin' them g-g-games\nI'mma run away (ay) I'mma run away (ay ay)\n\n[Chorus]\nI-I-I wanna give you one last option\nI-I-I wanna give you one last chance\nIf-if you looking for the main attraction\nJust hold on tight and let me do my dance\nIf you want it, I'm gonna be va va voom voom\nIf you got it you got it, you got that boom boom\nIf you want it, I'm gonna be va va voom voom\nIf you got it you got it, you got that boom boom\n\n[Verse 2]\nJust met a boy, just met a boy when\nHe can become my little problem\n'Cause it look like he modeling clothes in Dublin\nSo I think he that getting that green, a goblin\nHear through the grapevine that he hang low\nWe can shoot a movie, we can bang like Rambo\nBoom boom pow, this thing so bingo\nWondering if he can understand my lingo\n\n[Hook]\n'Cause I know he got a wife at home\nBut I need just one night alone\nIf he keep playin' them g-g-games\nI'mma run away (ay) I'mma run away (ay ay)\n\n[Chorus]\nI-I-I wanna give you one last option\nI-I-I wanna give you one last chance\nIf-if you looking for the main attraction\nJust hold on tight and let me do my dance\nIf you want it, I'm gonna be va va voom voom\nIf you got it you got it, you got that boom boom\nIf you want it, I'm gonna be va va voom voom\nIf you got it you got it, you got that boom boom\n\n[Bridge]\nBoy, I'm in this club slow-mo, don't mind if I do\nAnd I can tell you feeling me from the jump, I wanna ride too\nYou got that hot shit, boy, you blessed, let me feel up on your chest\nFlex it, you the man, you the man, one-hundred grand\nThe same old game blow, yes, I play it very well\nCome baby, lay it down, let me stay down\nLet me show you how I run things in my playground\nCome and get this va va voom voom (woo woo)\n\n[Chorus]\nI-I-I wanna give you one last option\nI-I-I wanna give you one last chance\nIf-if you're looking for the main attraction\nJust hold on tight and let me do my dance\nIf you want it, I'm gonna be va va voom voom\nIf you got it you got it, you got that boom boom\nIf you want it, I'm gonna be va va voom voom\nIf you got it you got it, you got that boom boom", "image": "https://images.rapgenius.com/688183644f79d2292f042ddf70b99a0b.600x600x1.jpg"}], "artist": "Nicki Minaj"}