{"songs": [{"title": "You Won't See Me Cry", "album": null, "year": null, "lyrics": "I'm walking around in circles out of time\nSpending out of focus like I lost my hand\nEven though I know it's what you did\nI'm not gonna show it\n\nYou won't see me cry\nYou won't reach me, so don't try\nClosing in, shutting out, turning off this light\nYou won't see me cry\n\nEverytime you bruise me with your words\nWhen you look right through me like you haven't heard\nIt doesn't really matter\nCause even though I'm shattered\n\nYou won't see me cry\nYou won't reach me, so don't try\nClosing in, shutting out, turning off this light\nYou won't see me cry\n\nTear drops are frozen, in everything you had\nI\u2019m stuck in the moment, you're never getting back\nCause even though I'm shattered\n\nYou won't see me cry\nYou won't reach me, so don't try\nYou won't see me cry\nYou won't reach me, so don't try\n\nProving it, shutting out, turning off this light\nYou won't see me cry\nNo, no, no, nooo\n\nClosing in, shutting out, turning off this light\nYou won't see me cry\nWalking around in circles out of time", "image": "https://images.genius.com/9eb9bb10b4dff8ba05121dfb216b3be2.467x467x1.jpg"}], "artist": "Nicki Minaj"}