{"songs": [{"title": "What Did I Do", "album": null, "year": null, "lyrics": "You said you've had enough\nI've packed up all my stuff\nI'm waiting for the cab in the hallway\nI've got nothing to explain\nI'm naked in the rain\nLike every part of me is on display\n\nTrying to act like everything's ok\nNo way\n\nWhat did I do?\nYou say I screwed it up and it cost you\nAll it took was one slip and I lost you\nWhat did I do?\nBut maybe it's not me\nMaybe it's you\nWhat did I do?\n\nI know that you won't call\nWon't talk to me at all\nYou left me in my less than perfect world\nI'm done with feeling small\nI really gave it all\nTried to be your stupid cover girl\n\nYou must be glad you finally had your way\n\nWhat did I do?\nYou say I screwed it up and it cost you\nAll it took was one slip and I lost you\nWhat did I do?\nBut maybe it's not me\nMaybe it's you\nWhat did I do?\n\nI guess we'll never know\nI guess we'll never know\nI guess we'll never write this story\nMaybe looking back\nMany years from now\nWhen it's all to late to be sorry\nYou'll be thinking\nWhat did I do?\n\nChorus:\nWhat did I do?\nYou say I screwed it up and it cost you\nAll it took was one slip and I lost you\nWhat did I do?\nBut maybe it's not me\nMaybe it's you\n\nWhat did I do?\nYou say I screwed it up and it cost you\nAll it took was one slip and I lost you\nWhat did I do?\nBut maybe it's not me\nMaybe it's you\n\nI guess we'll never know\nI guess we'll never know\nI guess we'll never write this story\nI guess we'll never know\nBut maybe it's not me\nMaybe it's you\nWhat did I do?", "image": "https://images.genius.com/9eb9bb10b4dff8ba05121dfb216b3be2.467x467x1.jpg"}], "artist": "Nicki Minaj"}