{"songs": [{"title": "Roman In Moscow [Explicit Version] by Nicki Minaj", "album": null, "year": null, "lyrics": "[Roman Zolanski , Verse 1]\nI'm big wheeley no bike gear\nI told you bitches last year\nI'm a rap bitch nightmare\nThat's why I call you buzz lightyear\nCause by the time you start buzzin'\nBitch you gon' have white hair\nPaparazzi was a fright scare\nWhen I landed out in London\nIt was looking like Mike Dare\nMike Jack who's bad\nAin't on my period\nBut I got a new pad\nChannel 5\nNews flash\nPussy clean\nWho smashed?\nNone of ya'll, canary yellow ball\nThese bitches should be worshiping me in a synagogue\nHum, hum, done the prayer\nB-b-b-b-bitch I ball underwear , OH\nHum, hum, done the prayer\nDid I tell them that I ball underwear\nOkay roman\nY'all want the full\nRoman, y'all want the full\nRoman, y'all want the full\nRoman, y'all want the full\nBitches is insane\nThese bitches ain't in my lane\nOnly bitches on the plane\nIs bitches that give me brain\n\n[Verse 2] - - -\nHeron\nThis shit is lethal\nRoman\nThis is the sequel\nMoscow\nThat's where I keep him under\nHe's fully charged\nYour favorite rapper probably suck\nAs for me icy hockey puck\nAnyway I'm on that new shit\nEvery trend I introduce it\nMotherfuck you with a big dick\nI'm a racist, I'm a bigot\nBitch i'm thicker than a midget\nYeah i'm crazy just a smidget\nMotherfuck me get my wumble\nAnd some candy for my nozzle\nHold on\nFuck you\nBrace yourself\nBuck tooth\nYeah I golf\nPutt two\nSwallow balls\nNuts tooooooooooooooooooo-oooooooooooo-ooooooooooooo-ooooooooooo\nCameltoe\nRoman\nY'all want the full\nRoman, y'all want the full\nRoman, y'all want the full\nRoman, y'all want the full\nBitches is insane\nThese bitches ain't in my lane\nOnly bitches on the plane\nIs bitches that give me brain\nYea\nAin't no motherfuckin bridge bitch\nAin't no motherfuckin hook\nAin't no motherfuckin third motherfuckin verse\nRoman's back bitch\nI fucked up your life last year this time\nRemember that?\nRemember that bitch?\nRemember that bitchhhhhhhhhh?\nI'm baaaaaack\nI double dog dare you\nI double dog dare you\nI double dog dare any one of ya'll bitches to come out\nI triple dog dare you\nI triple dog dare you\nI triple dog dare any one of ya'll bitches to come out\nI quadruple dog dare you\nI quadruple dog dare you\nI quadruple dog any one of ya'll bitches to come out\nI uh five times dare you bitch\nAss\nHoes!\nYEAH!\n---\n.", "image": "https://images.genius.com/9eb9bb10b4dff8ba05121dfb216b3be2.467x467x1.jpg"}], "artist": "Nicki Minaj"}