{"songs": [{"title": "Young Forever", "album": "Pink Friday: Roman Reloaded", "year": "2012-04-02", "lyrics": "[Verse 1]\nI used to think that we\u2019d run away\nOne lovely pretty summer day\nI remember when you would say\nWe'd be okay, come what may\nI never knew you would lie to me\nTook everything from inside of me\nYour silhouette in the doorway\nBut before you walk away\n\n[Chorus]\nDon't say goodbye, look in my eyes\nSo that I always will remember\nFrozen in time, always be mine\nBaby boy, you\u2019ll be young forever\nI\u2019ll be over here, you\u2019ll be over there\nI\u2019ma shed a tear, but I really don\u2019t care\nFrozen in time, always be mine\nBaby boy, you\u2019ll be young forever\n\n[Verse 2]\nI used to think that we\u2019d reunite\nI\u2019d be your wife in the real life\nI thought that you\u2019d come back for me\nAnd you would take me away\nI never knew only as a teen\nYou\u2019d reappear only in my dream\nYour silhouette in the doorway\nBut before you walk away\n\n[Chorus]\nDon't say goodbye, look in my eyes\nSo that I always will remember\nFrozen in time, always be mine\nBaby boy, you\u2019ll be young forever\nI\u2019ll be over here, you\u2019ll be over there\nI\u2019ma shed a tear, but I really don\u2019t care\nFrozen in time, always be mine\nBaby boy, you\u2019ll be young forever\n\n[Bridge]\nThis is my last cry\nIs this the only way?\nThis is my own prison\nI\u2019m frozen in time, in time, in time\n\n[Chorus]\nDon't say goodbye, look in my eyes\nSo that I always will remember\nFrozen in time, always be mine\nBaby boy, you\u2019ll be young forever\nI\u2019ll be over here, you\u2019ll be over there\nI\u2019ma shed a tear, but I really don\u2019t care\nFrozen in time, always be mine\nBaby boy, you\u2019ll be young forever\n\n[Outro]\nYou\u2019ll always be mine (yeah, baby)\nFrozen in time\nYoung forever (young forever)", "image": "https://images.genius.com/d8ab635827060eb71d3130b28c7cd04f.1000x1000x1.jpg"}], "artist": "Nicki Minaj"}