{"songs": [{"title": "Batman", "album": null, "year": null, "lyrics": "Verse 1: Nicki Minaj\nHe say I\u2019m fabulous with it (Why?)\n\u2019Cause I make him cum faster, than a speeding bullet\nI got that dennetdennetdennet, uh, dennetdennetdennetdennet\nBut if your money short like midgets, keep ya digits\n\u2019Cause I don\u2019t fucks with y\u2019all Jokers, when it come to money\n\u2019Cause ain\u2019t a damn thing funny, understand me dunnie\nSlide out the batmobile, hat on tilt\nGot the cherry red pump with the matching belt\nNew heroine in town, check the roster girl\nI\u2019m comin\u2019 for the crown, Kim, that\u2019s the word\nFlashy in the drop, low key in the bird\nRatchet on the top, so don\u2019t get on my nerve\nGet his wood down, like a lumberjack\nLet the hood know Nicki got that thunder cat\nBut I don\u2019t fucks with y\u2019all dudes, that be fronting when you come through\nMake my own bread, Wonder Woman when the funds due", "image": "https://images.genius.com/9eb9bb10b4dff8ba05121dfb216b3be2.467x467x1.jpg"}], "artist": "Nicki Minaj"}