{"songs": [{"title": "Knockout", "album": null, "year": null, "lyrics": "(Lil Wayne - Verse 1)\nUhh\nYeahh\nUh ohh\nYeahh\nHey Barbie, ah, ah, ah, are you into black men?\nHe- hey hey hey Barbie! Hey I can be your black Ken\nWow! 'Cause once you go black, you never go back\nShe wore her hair black, with curls in the back\nThen she threw that ass back, back, back\nThen I fell to the mat, and after that\nEverything went black\n\n(Nicki Minaj - Chorus)\nBaby 1, 2, 3\nTell 'em get the referee\n'Cause he can, get the knockout\nGet the telephone please\nIt's emergency\n'Cause he can, get the knockout\nGet the knockout\n\n(Lil Wayne - Verse 2)\nHey Barbie, can I call you Barbara? Haha\nHey Barbie! Can I call you tomorrow, and today?\n'Cause once you go black, you never go back\nAnd once you go Wayne, everybody else is whack\nThen she threw that ass back, back, back, then I fell to the mat\nAnd after that everything went black\n\n(Nicki Minaj - Chorus)\nBaby 1, 2, 3\nTell 'em get the referee\n'Cause he can, get the knockout\nGet the telephone please\nIt's emergency\n'Cause he can, get the knockout\nGet the knockout\n\n(Nicki Minaj - Verse 3)\nAwe fuck it\nGive me that damn bucket\nWh-when I throw this pussy\n\nYou better not start duckin'\nOh yo\nHit 'em with the blow\nLo-look out in the crowd\nAnd everybody's yellin' \"NO!\"\nGrab him by his locks\nAnd give us a good box\nHit him below the belt\nI wanna give him good top\nTop, top\nGive him good top\nHit him below the belt\nI wanna give him good top\n1,2,3\nThey yellin' 1,2,3\nI done hit him with that motherfuckin' court two piece\nTell 'em, tell 'em to mop out\nTo late to cop out\nGive him more head than tupee's that's the knockout\n\n(Nicki Minaj - Chorus)\nBaby 1, 2, 3\nTell 'em get the referee\n'Cause he can, get the knockout\nGet the telephone please\nIt's emergency\n'Cause he can, get the knockout\nGet the knockout\n\n(Lil Wayne - Outro)\nSo just knock me out\nSo just knock me out\nYeah\nJust knock me out\nSo just knock me out\nJust knock me out\nJust knock me out\nJust knock me out\nJust knock me out", "image": "https://images.genius.com/9eb9bb10b4dff8ba05121dfb216b3be2.467x467x1.jpg"}], "artist": "Nicki Minaj"}