{"songs": [{"title": "Up All Night", "album": null, "year": null, "lyrics": "[Drake]\nKush rolled, glass full, I prefer the better things\nNiggas with no money act like money isn't everything\nI'm having a good time, they just trying to ruin it\nShout out to the fact that I'm the youngest nigga doing it\nCap on, brim bent, Denzel, every time\nShe ain't trying to pop that shit for pimp okay well never mind\nI I I tried to told you, Drizzy still ain't nothing nice\nBracelet saying you should quit, cars saying fuck ya life\nOkay now we outta here\nToodles to you bitches\nAnd if you dolled up\nI got the voodoo for you bitches\nI'm busy getting rich, I don't want trouble\nI made enough for two niggas boy stunt double\nFamous like a drug that I've taken too much of\nI never ever trip\nJust peace happiness and love\nI got money in these jeans, so they fit me kinda snug\nPlus the game is in my pocket, nigga this is what I does\n\n[Drake]\nI'm about whatever man\nFuck what they be talking about\nThey opinon doesn't count\nWe the only thing that matters (oooh)\nSo we do it how we do it\nAll up in your face, man, I hate to put you through it\nI be up all night\nWhole crews in here\nCause I don't really know who Imma lose this year (oooh)\nMan I love my team\nMan I love my team\nI would die for these niggas (oooh)\n\n[Nicki Minaj]\nYo, Drizzy sayin' get her Imma get her\nI got the kind of money make a broke bitch bitter\nI got that kinda, wait wait fixate!\nWhich bitch you know made a million off a mix tape?\nThat was just a keep sake\nBought the president the Louis presidential briefcase\nNever been a cheapskate\nWe got the Hawks I ain't talking about the Peach state\nMan for Pete's sake scratch that, sweepstakes (hahahaha)\nFuck I look like hoe\nI look like yes and you look like no\nI'm a bad bitch I ain't never been a mixed breed\nOn a diet but I'm doing donuts in a six speed\nM M M6 from a M2\nI see a lot of rap bitches on a menu\nBut I collect a 100 thou at the venue\nAnd pop bottles with my team\nYoung Money till the death of me\n\n[Drake]\nI'm about whatever man\nFuck what they be talking about\nThey opinion doesn't count\nWe the only thing that matters (oooh)\nSo we do it how we do it\nAll up in your face, man, I hate to put you through it\nI be up all night\nWhole crews in here\nCause I don't really know who Imma lose this year (oooh)\nMan I love my team\nMan I love my team\nI would die for these niggas (oooh)\n\n[Nicki Minaj]\nI mean we can even rock them shoes if it don't got a comma on the price tag, you know\nI mean, I mean but then again who looks at the price tag, you know\n\n[Drake]\nOh yeah we in this bitch\nOww, oww, oww\nOh yeah we in this bitch\nOww, oww, oww\n\n[Drake]\nI'm about whatever man\nFuck what they be talking about\nThey opinon doesn't count\nWe the only thing that matters (oooh)\nSo we do it how we do it\nAll up in your face, man, I hate to put you through it\nI be up all night\nWhole crews in here\nCause I don't really know who Imma lose this year (oooh)\nMan I love my team\nMan I love my team\nI would die for these niggas (oooh)\nI'm about whatever man\nFuck what they be talking about\nThey opinon doesn't count\nWe the only thing that matters (oooh)\nSo we do it how we do it\nAll up in your face, man, I hate to put you through it\nI be up all night\nWhole crews in here\nCause I don't really know who Imma lose this year (oooh)\nMan I love my team\nMan I love my team\nI would die for these niggas (oooh)", "image": "https://images.genius.com/9eb9bb10b4dff8ba05121dfb216b3be2.467x467x1.jpg"}], "artist": "Nicki Minaj"}