{"songs": [{"title": "Streets Is Watchin", "album": null, "year": null, "lyrics": "Ugh, yo, yo yo\nI'm a bad what? bout to get a maniped\nI'm the big bad wolf and your granny dead\nEventhough I'm in mexico\nI rep New York like Plexico\nLook, switch my name, now I'm celebrating Hannukah\nLewinski bitches, young money Monica\nI been hot since hedgehog, Sonic the\nSo could you pass me the keys to the Tonica\nI mean Tonka, That's the truck bitches\nF*ck you and f*ck all of you f*ck bitches\nMatter of fact, put some sprinkles on my cupcakes\nAnd get ready to put your dimples in this duct tape", "image": "https://images.genius.com/9eb9bb10b4dff8ba05121dfb216b3be2.467x467x1.jpg"}], "artist": "Nicki Minaj"}