{"songs": [{"title": "Super Bass", "album": "Pink Friday", "year": "2011-04-05", "lyrics": "[Verse 1: Nicki Minaj]\nThis one is for the boys with the booming system\nTop down, AC with the cooler system\nWhen he come up in the club, he be blazin' up\nGot stacks on deck like he savin' up\nAnd he ill, he real, he might gotta deal\nHe pop bottles and he got the right kind of build\nHe cold, he dope, he might sell coke\nHe always in the air, but he never fly coach\nHe a muthafuckin trip, trip, sailor of the ship, ship\nWhen he make it drip, drip, kiss him on the lip, lip\nThat's the kinda dude I was lookin' for\nAnd yes, you'll get slapped if you're lookin', ho\nI said, excuse me you're a hell of a guy\nI mean my, my, my, my you're like pelican fly\nI mean, you're so shy and I'm loving your tie\nYou're like slicker than the guy with the thing on his eye, oh\n\n[Refrain: Nicki Minaj]\nYes I did, yes I did\nSomebody please tell em who the eff I is\nI am Nicki Minaj, I mack them dudes up, back coupes up, and chuck the deuce up\n\n[Hook: Nicki Minaj & Ester Dean]\nBoy, you got my heartbeat running away\nBeating like a drum and it's coming your way\nCan't you hear that boom, badoom, boom, boom, badoom, boom, bass\nHe got that super bass\nBoom, badoom, boom, boom, badoom, boom, bass\nYeah, that's that super bass\nBoom, boom, boom, boom...\nBoom, badoom, boom, boom, badoom, boom, bass, he got that super bass\nBoom, badoom, boom, boom, badoom, boom, bass, he got that super bass\n\n[Verse 2: Nicki Minaj]\nYo, yo\nThis one is for the boys in the polos\nEntrepreneur niggas and the moguls\nHe could ball with the crew, he could solo\nBut I think I like him better when he dolo\nAnd I think I like him better with the fitted cap on\nHe ain't even gotta try to put the mack on\nHe just gotta give me that look, when he give me that look\nThen the panties comin' off, off, uh\nExcuse me, you're a hell of a guy\nYou know, I really got a thing for American guys\nI mean, sigh, sickenin' eyes\nI can tell that you're in touch with your feminine side, uh\n\n[Refrain: Nicki Minaj]\nYes I did, yes I did\nSomebody please tell him who the eff I is\nI am Nicki Minaj, I mack them dudes up, back coupes up, and chuck the deuce up\n\n[Hook: Nicki Minaj & Ester Dean]\nBoy, you got my heartbeat running away\nBeating like a drum and it's coming your way\nCan't you hear that boom, badoom, boom, boom, badoom, boom, bass\nHe got that super bass\nBoom, badoom, boom, boom, badoom, boom, bass\nYeah, that's that super bass\nBoom, boom, boom, boom...\nBoom, badoom, boom, boom, badoom, boom, bass, he got that super bass\nBoom, badoom, boom, boom, badoom, boom, bass, he got that super bass\n\n[Bridge: Nicki Minaj]\nSee, I need you in my life for me to stay\nNo, no, no, no, no I know you'll stay\nNo, no, no, no, no, don't go away\nBoy, you got my heartbeat runnin' away\nDon't you hear that heartbeat comin' your way?\nOh, it be like, boom, badoom, boom, boom, badoom, boom, bass\nCan't you hear that boom, badoom, boom, boom, badoom, boom, bass\n\n[Hook: Nicki Minaj & Ester Dean]\nBoy, you got my heartbeat running away\nBeating like a drum and it's coming your way\nCan't you hear that boom, badoom, boom, boom, badoom, boom, bass\nHe got that super bass\nBoom, badoom, boom, boom, badoom, boom, bass\nYeah, that's that super bass\nBoom, boom, boom, boom...\nBoom, badoom, boom, boom, badoom, boom, bass, he got that super bass\nBoom, badoom, boom, boom, badoom, boom, bass, he got that super bass", "image": "https://images.genius.com/8b2a0434509c5892834e22ed3c68d269.640x640x1.jpg"}], "artist": "Nicki Minaj"}