{"songs": [{"title": "Kill Da DJ", "album": "Beam Me Up Scotty", "year": "2009-04-28", "lyrics": "[Intro]\nYou know, it just dawned on me\nI am Nicki Minaj\n\n[Verse 1]\nI ain't know the president live in DC\nAnd I ain't know they call me Nicki Lewinsky\nI never knew that dude with Jay was Pimp C\nAnd I ain't know I be with Paris and Lindsay\nI just know that I be on my fly girl shit\nI fly girl pop up, and I fly girl dip\nI fly girl stunt like a fly girl flip\nAnd I don't never guzzle it, I fly girl sip\n\n[Pre-Chorus]\nNow get that Ros\u00e9, get that, get that Ros\u00e9\nA little Hennessy and Louis the 13th\nNow everybody look my way, my way\nExcuse all my haters 'cause they looking sideways\nLet's get it now\n\n[Chorus]\nYou got me wrong\nYou be sittin' by the bar when it's your song\nYou can act like you don't like it but you do\nYou do, you do, do, do, do, do\n\n[Hook]\nI think I'm gonna kill the motherfucking DJ\nIf he don't p-p-pull up, let the record replay\nRecord replay, r-r-record replay\nI think I'm gonna kill the motherfucking DJ\n\n[Verse 2]\nI ain't know the police was the Babylon\nI ain't know I'm cold just like an avalanche\nI never knew my titties was bigger than Pamela\nSo paparazzi flicking, be flicking their camera\nI just know that I be on my fly girl shit\nMy fly girl stomach and my fly girl hips\nI fly girl ball, with my fly girl mitts\nAnd I can only kiss another fly girl lips\n\n[Pre-Chorus]\nNow get that OJ, get that, get that OJ\nA little cranberry and some R\u00e9my Mon\u00e9\nNow everybody look my way, my way\nExcuse all the haters cause they looking sideways\nLet's get it now\n\n[Chorus]\nYou got me wrong\nYou be sittin' by the bar when it's your song\nYou can act like you don't like it but you do\nYou do, you do, do, do, do, do\n\n[Hook]\nI think I'm gonna kill the motherfucking DJ\nIf he don't pull up let the record replay\nRecord replay, record replay\nI think I'm gonna kill the motherfucking DJ\n\n[Bridge]\nFuck 'em like sexin', why they be flexing\nWhen they know that this they song?\nSo interesting, fronting like they texting\nDamn, them bitches got me wrong\nGot me wrong wrong wrong\nGot me w-w-w-w-w-wrong\nGot me w-w-w-w-w-w-w-w-w-w-wrong\n\n[Chorus]\nYou got me wrong\nYou be sittin' by the bar when it's your song\nYou can act like you don't like it but you do\nYou do, you do, do, do, do, do", "image": "https://images.genius.com/d4b8299bec1aac14c1931423e8d3466c.500x500x1.jpg"}], "artist": "Nicki Minaj"}