{"songs": [{"title": "Stupid Hoe", "album": "Pink Friday: Roman Reloaded", "year": "2011-12-20", "lyrics": "[Intro]\nUhh\nYo\nYo\n\n[Verse 1: Nicki Minaj]\nI get it cracking like a bad back\nBitch talking she the queen when she looking like a lab rat\nI\u2019m Angelina, you Jennifer\nCome on bitch, you see where Brad at?\n\n[Interlude: Nicki Minaj]\nIce my wrist-es then I piss on bitches\nYou could suck my diznick, if you take these jizzes\nYou don\u2019t like them disses, give my ass some kisses\nYeah, they know what this is, give bitches the business\n\n[Verse 2: Nicki Minaj]\nCause I pull up and I\u2019m stuntin but I ain't a stuntman\nYes, I\u2019m rockin' Jordans, but I ain't a jumpman\nBitches play the back 'cause they know I\u2019m the frontman\nPut me on a dollar 'cause I\u2019m who they trust in\nAyo SB, what the fuck\u2019s good?\nWe ship platinum, them bitches is shippin' wood\nThem nappy headed hoes, but my kitchen good\nI wish, I wish, I wish, I wish, I wish a bitch would\n\n[Chorus: Nicki Minaj]\nYou a stupid ho, you a, you a stupid ho\nYou a stupid ho, you a, you a stupid ho\nYou a stupid ho, you a, you a stupid ho\nYou a stupid ho\nYeah, you a, you a stupid ho\nYou a stupid ho, you a, you a stupid ho (You stupid, stupid)\nYou a stupid ho, you a, you a stupid ho (You stupid, stupid)\nYou a stupid ho, you a, you a stupid ho (You stupid, stupid)\nYou a stupid ho (You stupid, stupid)\nYeah, you a, you a stupid ho (You stupid, stupid)\n\n[Verse 3: Nicki Minaj]\nUh, look Bubbles, go back to ya habitat\nMJ gone, and I ain't havin' that\nHow you gonna be the stunt double to the nigga monkey?\nTop of that I\u2019m in the Phantom lookin' hella chonky\n\n[Interlude: Nicki Minaj]\nIce my wrist-es then I piss on bitches\nYou could suck my diznick, if you take these jizzes\nYou don\u2019t like them disses, give my ass some kisses\nYeah, they know what this is, give bitches the business\n\n[Verse 4: Nicki Minaj]\n'Cause I pull up in the Porsche, but it ain't de Rossi\nPretty bitches only could get in my posse\nYes, my name is Roman, last name is Zolanski\nBut no relation to Roman Polanski\nHey, yo Baby Bop, fuck you and your EP\nWho\u2019s gassin' this ho? BP?\nHmm.. thinks\nOne, two, three , do the Nicki Minaj blink\nThese hoes so busted, hoes is so crusty\nThese bitches is my sons and I don't want custody\nThese hoes so busted, hoes is so crusty\nThese bitches is my sons and I don't want custody\n\n[Chorus: Nicki Minaj]\nYou a stupid ho, you a, you a stupid ho\nYou a stupid ho, you a, you a stupid ho\nYou a stupid ho, you a, you a stupid ho\nYou a stupid ho\nYeah, you a, you a stupid ho\nYou a stupid ho, you a, you a stupid ho (You stupid, stupid)\nYou a stupid ho, you a, you a stupid ho (You stupid, stupid)\nYou a stupid ho, you a, you a stupid ho (You stupid, stupid)\nYou a stupid ho (You stupid, stupid)\nYeah, you a, you a stupid ho (You stupid, stupid)\n\n[Verse 5: Nicki Minaj]\nIf you cute, then your crew can roll\nIf you sexy, eat my cucka roll\nPut ya cape on, you a super ho\nTwenty twelve, I\u2019m at the Super Bowl\nStupid hoes is my enemy, stupid hoes is so wack\nStupid ho shoulda befriended me then she coulda prolly came back\nStupid hoes is my enemy, stupid hoes is so wack\nStupid ho shoulda befriended me then she could've probably came back\nYou a stupid ho, you a stupid ho, you a stupid ho\nAnd I ain't hit that note, but fuck you stupid ho, fuck you stupid ho\nI said fuck a stupid ho and fuck a stupid ho\nI said fuck a stupid ho and fuck a stupid ho\nI said fuck a stupid ho and fuck a stupid ho\n\n[Outro: Nicki Minaj]\nI am the female Weezy", "image": "https://images.genius.com/76b3f4c97603a9f5b9767de75a9150c8.1000x1000x1.jpg"}], "artist": "Nicki Minaj"}