{"songs": [{"title": "Jumpoff / Jump-off", "album": "Playtime is Over", "year": "2007-07-05", "lyrics": "New shit. Jump-off, 2007\nMs. Nicki, let's get it popping baby, C\u2019mon\n\n\n[Verse 1]\n\nQueens, Queens\nAyo, Fendi this the jump-off right here nigga\nIt's Minaj, lil mama, get a taste of the hot sauce\nItty Bitty, real pretty, but I'm not soft\nI beat bitches with the heat like I\u2019m Scott Storch\nIn the ocean, is where they getting dropped off\nAll I wanna do is party, rock some Ed Hardy and forty forty\nYou arrive when it just get started\nI come through at two and I don't get carted (haha)\nExcuse me? I had to beg your pardon\nMami your flow sick? My flows retarded\n'Cause you can take something and you won't be sick\nBut um, I can't help my retarded shit, 'Cause my flow stupid\nWheelchair bound, take the small bus, all year round\nThat bitch pop out with a helmet on her head\nBottle of new meds (word?)\nAnd a good pair of kids\nWhere my chicks? All my girls that'll transport bricks! (ay, ay!)\nGot some Mac lip gloss on your lips (ho, oh)\nKeep a real good jean on your hips (uh-huh)\nYou could get it! And to my dudes (k-yeah, k-yeah!): \"If you keep a good bitch in your crew, and you rock a good real fucking suit (yessir!), if you got a lil' tree on your boot, you can get it!\"\n\n\n[Verse 2]\n\nNicki and Dirty Money, nigga\nShit your draws\nWhen I count to three, hit the floor\nBang lil mama, pick up yo\u2019 jaw (uh?)\n\"That?, there\u2019s the Chevy 64\" (haha)\n\"You that bitch? I'm the boss!\"\nI\u2019ma have my bodyguard dust me off, 'cause I think I might have some dirt on my shoulder\nCall my nigga, Light, with the money green Rover (light!)\nI'm the boss bitch, pink links and the brinks\nRockin' the corset, sip drinks in my minks\nCall my nigga, Gravy, that\u2019s the big baby\nTell him I said maybe, he should bring the trey peak\nI already know these lames is gon' hate me\nBut um, lately, it only motivate me\nWant it with my squad? You gotta come through me\nI hit the dance floor, nigga\nOne, two, three!\nWhere my chicks? All my girls that'll transport bricks! (ay, ay!)\nGot some Mac lip gloss on your lips (ho, oh)\nKeep a real good jean on your hips (uh-huh)\nOu could get it! And to my dudes (k-yeah, k-yeah!): \"If you keep a good bitch in your crew, and you rock a good real fucking suit (yessir!), if you got a lil' tree on your boot, you can get it!", "image": "https://images.genius.com/b256017f3b831150266cf5131d761bfe.600x599x1.jpg"}], "artist": "Nicki Minaj"}