{"songs": [{"title": "NickiWRLDTour (Visual Intro Europe)", "album": null, "year": "2019-02-21", "lyrics": "Extracurricular, parallel and then I am perpendicular\nIf I had a dick, I would pull it out and piss on 'em\nNow all my niggas gettin' buck\nNi-Ni Nicki Minaj is who you ain't fucking with\nNow all my niggas gettin' buck\nI got the kind of money, nigga broke bitch bitter\nI'm a eat them rap bitches, I'm a eat them rap bitches, I'm a eat them rap bitches\nMake a million off a mixtape\nEat them rap bitches\nFuck I look like hoe, I look like yes and you look like no, like no, like no, like no, like no\nWord, that bitch mad cause I took the spot? Well, bitch, if you ain't shitting, then get off the pot\nThis very moment I bring, put it on everything, that I will retire with the ring, retire with the ring, retire with the ring, retire with the ring, retire with the ring", "image": "https://images.genius.com/9424eb712fffe475793a17f33c014c90.1000x993x1.jpg"}], "artist": "Nicki Minaj"}