{"songs": [{"title": "I'm Legit", "album": "Pink Friday: Roman Reloaded - The Re-Up", "year": "2012-11-19", "lyrics": "[Chorus: Ciara]\nI\u2019m the shit with no makeup, don\u2019t have to curl my hair up\nAll this booty here, mine, I\u2019m a dollar worth a dime\nReal bosses stand up, ladies throw your hands up and say\n\u201cI know I\u2019m cute, I know I\u2019m fly\nYou ask me why? 'Cause I\u2019m the shit!\u201d\nI\u2019m the shit with no makeup, don\u2019t have to curl my hair up\nAll this booty here, mine, I\u2019m a dollar worth a dime\nReal bosses stand up, ladies throw your hands up and say\n\u201cI know I\u2019m cute, I know I\u2019m fly\nYou ask me why? 'Cause I\u2019m the shit!\u201d\n\n[Verse 1: Nicki Minaj]\nBeat em' like they stole some, beat em' like they stole some\nAll this booty here got 'em dreaming, lemme hold some\nLet me, let me hear that boy, let me, let me wear that boy\nLet me get the most expensive car, and let me steer that boy\nReal big pretty titty, shut down every city\nIf you want the kid kitty, gotta get the key from me\nAll new everything, plus pay the rent for me\nIf we in the wilderness, niggas pitch the tent for me\nTent for me, tent for me, get me bodied\nLong hair, no makeup, doing pilates\nThose niggas don't step on my damn Zanottis\nAll them bitches my sons but who's the Daddy?\nI graduate with honors, I ball, 'Nead O'Connor\nI did a freestyle, then I got a shout out from Obama\nYes, yes, I am ill, I go in for the kill\nHoes is my sons, birth control, I am on the pill\nWhat I gotta do? What I gotta do to 'em?\nStep up in the club, everybody like who them?\nGirls girls, me and my girls\nWhat you done did? I need some referrals\nMotherfuckers know I\u2019m the shit, legit\nAnd if a motherfucker don\u2019t, he can suck my dick\nI tell 'em, \"Everybody else is my opposite!\"\nI put 'em on the game, give 'em five percent\n\n[Chorus: Ciara]\nI\u2019m the shit with no makeup, don\u2019t have to curl my hair up\nAll this booty here, mine, I\u2019m a dollar worth a dime\nReal bosses stand up, ladies throw your hands up and say\n\u201cI know I\u2019m cute, I know I\u2019m fly\nYou ask me why? 'Cause I\u2019m the shit!\u201d\nI\u2019m the shit with no makeup, don\u2019t have to curl my hair up\nAll this booty here, mine, I\u2019m a dollar worth a dime\nReal bosses stand up, ladies throw your hands up and say\n\u201cI know I\u2019m cute, I know I\u2019m fly\nYou ask me why? 'Cause I\u2019m the shit!\u201d\n\n[Verse 2: Nicki Minaj]\nI\u2019m like really famous, I got a famous anus\nNo, not Famous Amos, all this fame is heinous\nLemme, lemme hear that boy, lemme, lemme wear that boy\nAll this money coming in, but I never share that, boy\nNo lipstick, no lashes though\nBut I got a real big ol' ratchet, though\nI said dude, yo dude, you packing dough\nHe said he want a good box like Pacquiao\nI said, \"Well, my name Nicki and it\u2019s nice to meet you\"\nIf you really wanna know, I\u2019ll give you my procedure\nGot a whole bunch of pretty gang in my clique\nAnd we lookin' for some ballers, alopecia\nI hate wack niggas, I should really slap niggas\nThese niggas trippin' when I put 'em on the map niggas\nHow you gon' break that? How you gon' fake that?\nAin't at no wedding but all my girls cake pops\nSleeping on me, no mattress though\nI'm a burn the beat down, no matches though\nNo, they can\u2019t keep up? They molasses slow\nI'm the greatest Queens bitch, with the cashes flow\nLooking at me like it\u2019s my fault\nTrying to take sneak pictures with they iPhone\nI like independent bitches like July 4th\nNow that\u2019s what young Harriet died for\n\n[Chorus: Ciara]\nI\u2019m the shit with no makeup, don\u2019t have to curl my hair up\nAll this booty here, mine, I\u2019m a dollar worth a dime\nReal bosses stand up, ladies throw your hands up and say\n\u201cI know I\u2019m cute, I know I\u2019m fly\nYou ask me why? 'Cause I\u2019m the shit!\u201d\nI\u2019m the shit with no makeup, don\u2019t have to curl my hair up\nAll this booty here, mine, I\u2019m a dollar worth a dime\nReal bosses stand up, ladies throw your hands up and say\n\u201cI know I\u2019m cute, I know I\u2019m fly\nYou ask me why? 'Cause I\u2019m the shit!\u201d", "image": "https://images.genius.com/2d7b73379057607ed4c1a8637d31c15b.400x400x1.jpg"}], "artist": "Nicki Minaj"}