{"songs": [{"title": "Feel Free", "album": null, "year": null, "lyrics": "[Nicki Minaj:]\nHopped off the boat, I am such a immigrant\nWhy he get Nicki Minaj tatted on his ligament\nWait, just for the record get wetter than fisherman\nPull up with some 26s up under the Michelin's\nYou know I pop-pop-pop it like a pistol\nThat's why I keep my wrist lookin' like a disco\nAnd everywhere I go they tell me that I'm pretty\nMy money slow, my money stupid, money ditsy\nMami you bad, but Nicki is badder\nStep your cookies up; go get you a ladder\nWe do it early like Cheerios and a bagel\nI feel freer than the slaves on the railroad\n\nYou think I'm lying\nI feel like I'm flying\nI feel like I'm finally free\n\nI'm free\nIm free\nIm free\n\n[Chorus:]\nI feel free\nI'm rollin' with my niggas and we just bought the bar\nI feel free\nShorty lookin' at me 'cause she know I'm a star\nI feel free\nI'm in the club and I'm tryna get right\nI feel free\nMost of all 'cause I got life\nI feel free", "image": "https://images.genius.com/9eb9bb10b4dff8ba05121dfb216b3be2.467x467x1.jpg"}], "artist": "Nicki Minaj"}