{"songs": [{"title": "Pills N Potions", "album": "The Pinkprint", "year": "2014-05-21", "lyrics": "[Pre-Chorus]\nPills 'n' potions\nWe're overdosin'\nI'm angry but\nI still love you\nPills 'n' potions\nWe're overdosin'\nCan't stand it but\nI still love you\n\n[Chorus]\nI still love, I still love, I still love, I still love\nI still lo-o-ove\nI still love, I still love, I still love, I still love\nI still love\nI still love, I still love, I still love, I still love\nI still lo-o-ove\nI still love, I still love, I still love, I still love\nI still love\n\n[Verse 1]\nAyo, they could never make me hate you\nEven though what you was doin' wasn't tasteful\nEven though you out here lookin' so ungrateful\nI'ma keep it movin' be classy and graceful\nI told 'em it's no friends in the game, you ain't learned that yet\nAll the bridges you came over, don't burn that yet\nNiggas want respect, but niggas ain't earned that yet\nSelf-righteous and entitled but they swearin' on the Bible\nThat they love you, when really they no different from all your rivals\nBut I still don't wish death on 'em, I just reflect on 'em\n\n[Pre-Chorus]\nPills 'n' potions\nWe're overdosin'\nI'm angry but\nI still love you\nPills 'n' potions\nWe're overdosin'\nCan't stand it but\nI still love you\n\n[Chorus]\nI still love, I still love, I still love, I still love\nI still lo-o-ove\nI still love, I still love, I still love, I still love\nI still love\nI still love, I still love, I still love, I still love\nI still lo-o-ove\nI still love, I still love, I still love, I still love\nI still love\n\n[Verse 2]\nYo\nPeople'll love you and support you when it's beneficial\nI'ma forgive, I won't forget, but I'ma dead the issue\nSoon as you out a nigga's life is when they start to miss you\nThey see you doin' good, now it's kinda hard to diss you\nNiggas be sick when they remember all the bad they wished you\nNiggas be mad when they can't come and live lavish wit' you\nBut I sped off in a Benzy, I see the envy when I'm causin' a frenzy\nSo I pop pills for 'em, cop cribs in the hills, on 'em\n\n[Pre-Chorus]\nPills 'n' potions\nWe're overdosin'\nI'm angry but\nI still love you\nPills 'n' potions\nWe're overdosin'\nCan't stand it but\nI still love you\n\n[Chorus]\nI still love, I still love, I still love, I still love\nI still lo-o-ove\nI still love, I still love, I still love, I still love\nI still love\nI still love, I still love, I still love, I still love\nI still lo-o-ove\nI still love, I still love, I still love, I still love\nI still love\n\n[Bridge]\nI get high off your memory\nI get high off your memory\nI get high off your memory\nIn due time, we'll be fine\nIn due time\n\n[Chorus]\nI still love, I still love, I still love, I still love\nI still lo-o-ove\nI still love, I still love, I still love, I still love\nI still love\nI still love, I still love, I still love, I still love\nI still lo-o-ove\nI still love, I still love, I still love, I still love\nI still love", "image": "https://images.rapgenius.com/1db044f1b92101980bf38aa9e8e48a21.1000x1000x1.jpg"}], "artist": "Nicki Minaj"}