{"songs": [{"title": "Brraaattt", "album": "Sucka Free", "year": "2008-04-12", "lyrics": "[Intro: Kool G. Rap]\nBuck, buck, buck, buck\nCause I don't play clown\nBuck, buck, buck\nTake that with you all the way down\n\n[Hook]\nBuck, buck, buck, Buck, buck, buck\nBuck, buck, buck\nTake that with you all the way down\nBuck, buck, buck, buck, buck, buck\nUp up up and away cause I don't play clown,(x2)\n\n[Verse 1: Nicki Minaj]\nTell these bitches that I'm not the one\nSome of them might get away but I'm poppin' one\nI'm on the back of the bike just cockin' guns\nGerman helmet, pumps and Versace stuns\nI am the ninja, bitch named Ginger\nHope somebody got a couple limbs they can lend ya\nCause I'm the President, run up in ya resident\nSay hello to the (gunshot) baddest bitch ya ever met\nBuck buck buck, buck buck buck\nSawed-off followed by the Mossberg Pump\nWhen I come through it get hotter than a soup kitchen\nI leave clips in your head like a beautician\nI hit one, you hit one, that means who alive\nBut if they come back to Queens, that's a suicide\nI got some killers, better tell these bitches who am I\nIn Italy already chilling with the tour guide\n\n[Hook]\n\n[Verse 2: Ransom]\nStraight up, you can take this with you on the way down\nOr way up, as long as my money gets paid up\nMy weight up, don't come into my lane with no layups\nGet ate up, you see how much space your boy take up\nUsually I'm calm though but when it come to long dough\nI don't aim for the vest, hit you from the face up\nWhen it's in a palm dough turn into a John Doe\nI'm psycho, I think about this shit when I wake up\nI don't want to starve kids, I want ya'll to all live\nSo I'm gonna retire in a lambo like Favre did\nAw shit news flash dummy, I'm acting juvenile, that new cash money\nIt's buck, buck, buck, if dude act funny\nI already told niggas don't do that to me\nI'm blazing the four so watch what you say to your boy\nTake that with you on your way to the morgue, one\n\n[Hook]", "image": "https://images.genius.com/6723f478cff14a2ba2cbe0ce2ad7d4c2.320x320x1.jpg"}], "artist": "Nicki Minaj"}