{"songs": [{"title": "Nicki Minaj Speaks (Jae Millz)", "album": null, "year": null, "lyrics": "Ayo Jae Millz, like, like, for real. I know you Young Money. I know you tanning out in Miami. I know you on the jetskis. You on the mopeds. You know you on the, um, the hot air balloons, and, and you  -- you know what I'm saying -- you, um, skydiving and shit\n\nYou know, niggas is saying that, you what I'm saying, you know, you're trying to get real sexy for 2010. Like niggas is saying, you know what I'm saying, a flood warning is in effect, like, you know what I'm saying? I'm the reporter, like, ynlka, I'm eith below neal, bitch! You know what I'm saying\n\nTell 'em niggas --tell 'em Harlem World, bitch. Step your bars up lil nigga. It's Jae Millz. It's a flood warning. It's Young Money. It's Barbie, bitch!", "image": "https://images.genius.com/9eb9bb10b4dff8ba05121dfb216b3be2.467x467x1.jpg"}], "artist": "Nicki Minaj"}