{"songs": [{"title": "Dreams", "album": "Playtime is Over", "year": "2007-07-05", "lyrics": "[Intro]\nAs I sit back relax crack jokes for a minute\nI think about the up-and-comers that could probably get it\n\n[Verse 1: Nicki Minaj]\nI might go to jail for fuckin with Hell Rell\nIf he get ill and pull on my ponytails\nI heard Maino life is like a movie\nSet up the cameras, fuck him in the jacuzzi\nFreekey Zeke, that should be easy\nHe just came home, I know he wanna bone\nBut what about JR Writer, I'mma skill him\nAnd when I r-r-ride him, I'mma grill him\nThe nigga Pap, he might, could fuck me\nBut I ain't tryna be drip-drippin' a Gino Green\nTell Stacks to bring the black card up\nBut if I fuck him would he would he yell squad up!\nTell Rich Boy to send me a pink toy\nThrow some d's on it & im might breathe on it\n& when Im Philly I gotta Fuck Gillie\nSnacth his big max & slap a bitch silly\n\n[Hook]\nDreams of fuckin' a rap rap dude\nI'm just playin, but I'm sayin'\nDreams of fuckin' a rap rap dude\nI'm just playin, but I'm sayin'\nDreams of fuckin' a rap rap dude\nI'm just playin, but I'm sayin'\nDreams of fuckin' a rap rap dude\nI'm just playin, but I'm sayin'\n\n[Verse 2: Nicki Minaj]\nPut it in half way, Red Cafe\nPut the pussy on his freckles, haha that tickles\nUncle Murda could bring the handcuffs\nWhy is that, I gotta watch out gotta get a rough neck\nAs for Gravy he might could beat\nYou know them fat niggas love to eat\nAnd when I want a Nicki Minaj who could it be\nIt's them Young Gunnaz, Chris and Lil' Neef\n\"Nicki what about Fendi? He made you pop\"\nTell him to kick rocks, or give me some top\nI'm on my way to Jer', to break Ransom off\nQuench his thirst, when my pants come off\nMurda Mook & Miles gone have to battle\nScoop whoever win and, tell him to sca-dattle\nRun up on Mims, he could give me backshots\nThis is why, this is why, this why I'm hot\n\n[Hook]\nDreams of fuckin' a rap rap dude\nI'm just playin, but I'm sayin'\nDreams of fuckin' a rap rap dude\nI'm just playin, but I'm sayin'\nDreams of fuckin' a rap rap dude\nI'm just playin, but I'm sayin'\nDreams of fuckin' a rap rap dude\nI'm just playin, but I'm sayin'", "image": "https://images.genius.com/b256017f3b831150266cf5131d761bfe.600x599x1.jpg"}], "artist": "Nicki Minaj"}