{"songs": [{"title": "Pound the alarm - album version (edited)", "album": null, "year": null, "lyrics": "Oh, oh, oh, come fill my glass up a little more We 'bout to get up, and burn this floor You know we getting hotter, and hotter Sexy and hotter, let's shut it down\nYo, what I gotta do to show these girls that I own themSome call me nicki, and some call me romanSkeeza, pleeza, I'm in Ibiza (whoa)Giuseppe Zannotti my own sneakerSexy, sexy that's all I doIf you need a bad b****Let me call a few\nPumps on and them little mini skirts is outI see some good girls, I'mma turn 'em outOk bottle, sip, bottle, guzzleI'm a bad b****, no muzzle, hey?Bottle, sip, bottle, guzzleI'm a bad b****, no muzzle, let's go\nMusic, makes me, high\nOh, oh, oh, come fill my glass up a little moreWe 'bout to get up, and burn this floorYou know we getting hotter, and hotterSexy and hotter, let's shut it down\nPound the alarm!Pound the alarm!\nMusic, makes me, high\nOh, oh, oh, come fill my glass up a little moreWe 'bout to get up, and burn this floorYou know we getting hotter, and hotterSexy and hotter, let's shut it down\nPound the alarm!Pound the alarm!\nAlarm!Alarm!Alarm! Alarm!\nOh, oh, oh, come fill my glass up a little moreWe 'bout to get up, and burn this floor You know we getting hotter, and hotterSexy and hotter, let's shut it down\nPound the alarm! Pound the alarm!Pound the alarm!", "image": "https://images.genius.com/9eb9bb10b4dff8ba05121dfb216b3be2.467x467x1.jpg"}], "artist": "Nicki Minaj"}