{"songs": [{"title": "1-900-Ms-Minaj", "album": "Playtime is Over", "year": "2007-07-05", "lyrics": "Young Big Mike, Dirty Money\nAnd the new problem in the game\nShe go by the name of Nicki Minaj\nAs Ms. Minaj if you nasty (ta-ha)\nThis shit right here\nIs the motherfuckin' Mixtape\nPlaytime is Over\nFind you one, I don't co-sign no bullshit\nNo more talk, lets get it poppin'!\n\nPhone Rings\nYes Sir! Young Big Mike\nNicki Minaj!\nLets get into another brand new joint\nThis shit right here is called 1-900\nNicki Minaj, Dirty Money!\nNicki moans\nShout out to Fendi, Gravy!\nShout out to the whole Young Money!\nWeezy, what's poppin'?\n\n[Nicki Minaj]\nNicki moans\nThat tickles\nHey...\nYou've reached... Nicki Minaj\nAnd umm... I can't come to the phone right now 'cause...\nI'm sitting on your favorite rapper's face\nHah!\nUmm... anyway...\nAs soon as I get up...\nI'll call you back\nBye", "image": "https://images.genius.com/b256017f3b831150266cf5131d761bfe.600x599x1.jpg"}], "artist": "Nicki Minaj"}