{"songs": [{"title": "Fuck Da Bullshit", "album": null, "year": null, "lyrics": "[Intro: Birdman]\nYeah\nCut it up, gimme a light\nYeah, and by the way nigga\nIt's Young Moolah, first lady\n\n[Verse 1: Nicki Minaj]\nUngh, yo, yo\nLet us begin with the bad little specimen\nBalenciagas only things I be steppin in\nPucci bathing suits, only thing I'm dressin in\nCause I get wetter than a navy seal veteran\nGot-got 'em writin love letters in they journal\nKeep em on they toes like a midget at the urinal\nB-b-b-bad as I wanna be\nShe ain't bad, she a sad little wannabe\n\n[Interlude: Birdman]\nYeah fuck the bullshit, it's big money poppin\nYoung Moolah! Yeah, just like that\nWhat up young nigga, let's go\nGudda\n\n[Verse 2: Gudda Gudda]\nOkay we runnin this shit, when we walk in the buildin\nGot bitches from wall to wall, hoes hangin from the ceilin\nYoung Money we 'bout to kill 'em, I promise I'll make a million\nAnd if they didn't have no hands I'll bet them bitches go feel 'em\nI'm talkin money and power; you gettin money? I doubt it\nFresher than baby powder, wit'cha bitch in the shower\nThat pussy I'mma devour I beat it up 'til it's sour\nNo need for you to even trip bitch I'll be done in a hour, let's go", "image": "https://images.genius.com/9eb9bb10b4dff8ba05121dfb216b3be2.467x467x1.jpg"}], "artist": "Nicki Minaj"}