{"songs": [{"title": "Wuchoo Know", "album": "Playtime is Over", "year": "2007-07-05", "lyrics": "[Intro]\nChin checker, chin checker\nChin checker, I'm the chin checker, nigga\n\n[Verse 1]\nIt was a quarter past 3 when I ran into Rells\nDidn't forget my keys, but my name ring bells\nA little white tee, some Adidas with the shells\nTurn in the coupe, oh shoot, broke a nail\nLemme lemme think what I gotta gotta do\nShould I get the black or the chrome 22?\nCause if a bird try to get out of the cage\nOne bitch down, New York Times front page\nI went to Starbucks, I wanted to get a frappe\nThen had a Snapple, apple with the capple\nThat's Fendi, but that's irrelevant\nThrew him a couple Benjis, now I'm the president\nI'm Nicki, finicky, so picky\nSlick like Ricky, flow be so icky\nNow class is finished, you'll be home 'bout 3\nTell all them rap bitches whatchu know 'bout me, nigga\n\n[Hook]\nWhatchu know 'bout me, whatchu, whatchu know 'bout me\nWhatchu know 'bout me, whatchu, whatchu know\nThey say that girl is a fool, the girl keep on boppin'\nThe girl get them girls and them girls get it poppin'\nWhatchu know 'bout me, whatchu, whatchu know 'bout me\nWhatchu know 'bout me, whatchu, whatchu know\nThey say that girl gettin' money, a lot of dirty money\nI'll show you how to do it if you gettin' something for me\n\n[Verse 2]\nGot some nice titties, yes, they wild pretty\nThat's how I got the S, the five-fifty\nThat's cause I get, I get, I get busy\nThat's why I don't need you to come get me (no)\nI'm badder than the dude at the Neverland\nIn the money green coupe with the Leprechaun\nHoller at him, get a four-leaf-clover\nGo a- go against me, guaranteed you're over\nLook, all the kids sweat Nic like a Mexican (mira, mira)\nCause I got more kicks than a temper tan\u2014\nTrum-trum-trum, you slowpoke\nBetter rum, rum, rum a little coke\nAnd-a S-M-I-the-L-E\nAnd ain't one thing them could tell me\nCause I write, write, write my own shit\nI'm the one, like I'm the culprit, nigga\n\n[Hook]\nWhatchu know 'bout me, whatchu, whatchu know 'bout me\nWhatchu know' bout me, whatchu, whatchu know\nThey say that girl is a fool, the girl keep on boppin'\nThe girl get them girls and them girls get it poppin'\nWhatchu know 'bout me, whatchu, whatchu know 'bout me\nWhatchu know 'bout me, whatchu, whatchu know\nThey say that girl gettin' money, a lot of dirty money\nI'll show you how to do it if you gettin' something for me", "image": "https://images.genius.com/b256017f3b831150266cf5131d761bfe.600x599x1.jpg"}], "artist": "Nicki Minaj"}