{"songs": [{"title": "Pound the Alarm", "album": "Pink Friday: Roman Reloaded", "year": "2012-06-12", "lyrics": "[Intro/Chorus]\nOh, oh, oh\nCome fill my glass up a little more\nWe 'bout to get up and burn this floor\nYou know we getting hotter, and hotter\nSexy, and hotter, let's shut it down\nUh!\n\n[Verse 1]\nYo, what I gotta do to show these girls that I own 'em?\nSome call me Nicki, and some call me Roman\nSkeeza, pleeza, I'm in Ibiza\nGiuseppe Zanotti, my own sneaker\nSexy, sexy that\u2019s all I do\nIf you need a bad bitch, let me call a few\nPumps on, and the little mini-skirts is out\nI see some good girls, I'mma turn 'em out\nOk bottle, sip, bottle, guzzle\nI'm a bad bitch, no muzzle, hey?\nBottle, sip, bottle, guzzle\nI'm a bad bitch, no muzzle, let's go\n\n[Pre-Chorus]\nMusic makes me high\n\n[Chorus]\nOh, oh, oh\nCome fill my glass up a little more\nWe 'bout to get up and burn this floor\nYou know we getting hotter, and hotter\nSexy, and hotter, let's shut it down\n\n[Drop]\nPound the alarm!\nPound the alarm!\n\n[Verse 2]\nI wanna do it for the night, night\nSo get me now, and knock this over\nI wanna do it like you like, like\nCome get me, baby, we're not getting younger\nI just want you tonight, night\nBaby, we won't do it for life, life\n\n[Pre-Chorus]\nMusic makes me high\n\n[Chorus]\nOh, oh, oh\nCome fill my glass up a little more\nWe 'bout to get up and burn this floor\nYou know we getting hotter, and hotter\nSexy, and hotter, let's shut it down\n\n[Drop]\nPound the alarm!\nPound the alarm!\n\n[Breakdown]\nAlarm!\nAlarm!\nAlarm!\nAlarm!\n\n[Chorus]\nOh, oh, oh\nCome fill my glass up a little more\nWe 'bout to get up and burn this floor\nYou know we getting hotter, and hotter\nSexy, and hotter, let's shut it down\n\n[Drop]\nPound the alarm!\nPound the alarm!\nPound the alarm!", "image": "https://images.genius.com/05136b3aabf8bb00dd09c16b9f8e36d5.1000x1000x1.jpg"}], "artist": "Nicki Minaj"}