{"songs": [{"title": "Warning - 97663", "album": null, "year": null, "lyrics": "[Nicki]\nWho the hell is this\nCallin me at 12:47 in the night\nWhile im watchin the fight\nLookin at the phone, there's no name in site\nBlocked ID, knew somthin just wasn't right\nIt's my girl Kandy from out in Miami\nTellin me that my man with some bitch in the Camry\nCar seat in the back like he started a family\nYo Kand stop playin\nWhat the fuck is you sayin\n\n[\"Kandy\"]\nRememba them chicks from the bricks round 96'\nThat we seen when we hit the lick by the projects\n\n[Nicki]\nOh you mean Leah, Lil sister Maria\nI use to go see her in front of the Pizzaria\n\n[\"Kandy\"]\nI didn't say them\nThey schooled me to some bitch that you know from back when\nSome bitch named Kim\nLight skinned, slim, use to rock a low brim\nFollowed them to the crib but the lights real dim\nThey hit me on the chirp warnin me, now I'm warnin you\nWhat's it gonna be Nicki, tell me what you wanna do\n\n[Nicki]\nDamn imma have to send her to her maker\nDamn imma have to send her to her maker\nDamn imma have to send her to her maker\n(Imma) Send her to her maker\n(Imma) Send her to her maker\n\n[\"Kandy\"]\nThey heard about his good sexin\nLong erection, nice complexion\nMagnums for protection\nThey even heard about his tongue game\nHow the nigga give brain ain't stop till the cum came\nBut thats word to Hip Hop\nI'll pop the bitch top\nLike a Carona\n\n[Nicki]\nCall the coroner!!\nIts gonna be a lot of black dresses & chest vestes\nIf i find out he got a next misses\nWhat you think all the goons is for\n2 by the door, a few more out in New York\nAnd I feed em curry chicken\nI'm all about my green, naw-mean\nGot some fat bitches in the kitchen\nI got a spot like ox\nAnd we cook oxtails\nGot a scale for whats in the mail\nI got watever on my nigga bail\nBut if the nigga bail\nI have him sleepin with some killer whales\nDamn! Bitches wanna fuck with my man\nOn the other hand things ain't always what you plan\nIt's the ones up in ya prom pictures, salon with ya\nNow they wanna creep in ya man Jeep\nI bet you Nicki won't sleep\nCuz imma put the heat to ya beak\nYou bird like tweet tweet\nAnd watch her smoke like a ciggarete\nShoulda left the bitch a pack of nicorette\nLeave all them foul bitches wet\nI give a fuck about you and bum crew\nMami I'm the truth, they salute when I come through\nI'm not runnin\nBitch i bust my gun and -\nHold on, I hear somebody comin\n\n*bang bang bang*\nPolice open up!!\n\nOh shit\nThat bitch Kandy set me up", "image": "https://images.genius.com/9eb9bb10b4dff8ba05121dfb216b3be2.467x467x1.jpg"}], "artist": "Nicki Minaj"}