{"songs": [{"title": "Thought I Knew You", "album": "Queen (Bonus Version)", "year": "2018-08-10", "lyrics": "[Chorus: Nicki Minaj]\nI-I-I-I thought I knew you\nHa-ha-ha, I guess I didn't\nI-I-I-I thought I knew you\nFuck, baby, I-I guess I didn\u2019t\nI-I-I thought you was down for real\nThought you would stick around for real\nAh ah, ah ah ah, ah ah, ah\n\n[Verse 1: The Weeknd]\nMisconstrued your love (Misconstrued your love)\nYou confused my love\nYou givin' up (Up) on love (On love)\nNot to lose my love (Not to lose my love), yeah\n\n[Pre-Chorus 1: Nicki Minaj]\nHonestly, I think this shit excites you\nYou love drama, it excites you\nI-I liked you\nI-I-I-I don't think I\u2019m talkin' to the right you\n\n[Chorus: Nicki Minaj & The Weeknd]\nI-I-I-I thought I knew you (Thought I knew you, girl)\nHa-ha-ha I guess I didn't\nI-I-I-I thought I knew you (Thought I knew you)\nFuck, baby, I guess I didn't\nI-I-I thought you was down for real (Down for real)\nThought you would stick around for real (For real)\nAh ah, ah ah ah, ah ah, ah\n\n[Verse 2: The Weeknd]\nTell me why you let me come inside for real\nNevermind, you were never mine for real\nHit my line, I'ma hit decline for real\nI ain't tryin' for a second time for real\n\n[Pre-Chorus 2: The Weeknd]\nHonestly, I think this shit excites you (Excites you)\nAll that drama that you're tied to (Ooh yeah)\nYou play the victim every time, too (Oh, whoa)\nThat shit came back and hit you times two\n\n[Chorus: Nicki Minaj & The Weeknd]\nI-I-I-I thought I knew you (Thought I knew ya, baby)\nHa-ha-ha I guess I didn\u2019t (Guess I didn\u2019t, girl)\nI-I-I-I thought I knew you (Oh, yeah)\nFuck, baby, I guess I didn't\nI-I-I thought you was down for real (Down for real)\nThought you would stick around for real (\u2019Round for real)\nAh ah, ah ah ah, ah ah, ah\n\n[Outro: Nicki Minaj]\nYou broke my heart and now ever since\nI just want them dead presidents\nI just want them dead presidents\nI just want them dead presidents\nYou broke my heart, nigga, ever since\nI just want them dead presidents\nI just want them dead presidents\nNow I just want them dead presidents\n'Dents-dents, them presidents\nPresidents-dents, them presidents\nPresidents-dents, them presidents\nPresidents-dents, them presidents\nPresid-dead, d-dead, d-dead, d-dead\nThem dead, d-dead, d-dead, d-dead, d-dead\nThem dead, d-d, d-dead, d-dead, d-dead\nThem dead, d-d-d-d-d-d-d-d-d-d, presidents, presidents", "image": "https://images.genius.com/15a79e9b319ecd94a9131a5bc8bbd010.1000x1000x1.jpg"}], "artist": "Nicki Minaj"}