{"songs": [{"title": "Handstand", "album": "Beam Me Up Scotty", "year": "2009-04-18", "lyrics": "[Pre-Hook:]\nWe like them boyz, with them rubber band bands\nHe move weight, keep a couple gram grams\nSo (so so so) where your money, put it in your hand hands\nNow (now now now) make it flip, make it do a handstand. [x2]\n\n[Hook:]\nDo a handstand, can you do a hand stand\nFlip that money, make it do a handstand\nI can make it scream, like a summer jam fan\nWhere are my bands, where my \"Rubber Band Mans\"?\n\n[Verse 1: Nicki Minaj]\nIt's official, bang your pistols\nPlay your money it's funny, I mean it tickles\nI need a D-boy, I need a president\nAnd if you're spending them stacks, I need some evidence\nThen you can bring out all them cars, that they rap about\nThen I'm a let you eat it, like I put the snacks out\nDon't say you can't, say you can, say you can can\nFlip that money, flip it like a handstand\n\n[Hook:]\n\n[Verse 2: Shannell]\nHe's a banker by nature and he'll call and\nStick up the debt, that you owe and thank ya\nHe'll switch the toys out, never the same route\nBut niggas acting, like they ain't about to pay out\nTaking me out, just to ask how my day went\nTryna show me, I'm his number one investment\nHe know what I like, stay on your job type\nI'll pop if you can pop like you got rubber bands, we like\n\n[Pre-Hook:]\n\n[Hook:]\n\n[Bridge: Nicki Minaj & Shannell]\nCause we like, bad boys and bad cars\nThem hood rich, dope boys and trap stars. [x2]\n\n[Verse 4: Shannell]\nSee I'm a rubber lover\nSo wrap it and I'll hug ya\nThen we can stick together\nLike them dollars out the printer\nBad boys I catch, call me undercover\nStreet grindin', cold cut mother- (fucker)\n\n[Verse 5: Nicki Minaj]\nYo yo yo-\nHe flip like handstand, he cookin' them ten grams\nGive him the grand slam, in back of the phan dam\nI mean the phantom, I can't stand bums\nSomethin' bout his money, make a nigga handsome\nCuff cuff, throw ya badge on me\nGuaranteed, you can't puff puff, pass on me\nWe can crush crush, you can spend your stash on me\nCause I know, you want to smash, like a crash dummy\n\n[Hook:]", "image": "https://images.genius.com/d4b8299bec1aac14c1931423e8d3466c.500x500x1.jpg"}], "artist": "Nicki Minaj"}