{"songs": [{"title": "Nicki Minaj Discography", "album": null, "year": null, "lyrics": "Studio Albums\nPink Friday (2010)\nPink Friday: Roman Reloaded (2012)\nThe Re-Up (2012)\nThe Pinkprint (2014)\nQueen (2018)\n\nMixtapes\nPlaytime Is Over (2007)\nSucka Free (2008)\nBeam Me Up Scotty (2009)\n\nOther Singles: 2010 \u30fb 2011 \u30fb 2014 \u30fb 2015 \u30fb2017 \u30fb2018\n\nAs Featured Artist: 2004 \u30fb 2006 \u30fb 2007 \u30fb 2008 \u30fb 2009 \u30fb 2010 \u30fb 2011 \u30fb 2012 \u30fb 2013 \u30fb 2014 \u30fb 2015\u30fb2016 \u30fb2017 \u30fb2018\n\nAlbums and Mixtapes\n\nPlaytime Is Over (2007)\n1. 1-900-Ms-Minaj\n2. Dreams\n3. Wuchoo Know (Chin Checka)\n4. Interlude/Upgrade (by Lil Wayne)\n5. Don't Stop Won't Stop (by Lil Wayne)\n6. Playtime Is Over\n7. The Jump Off\n8. Click Clack\n9. 40 Bars\n10. Dilly Dally\n11. Warning\n12. N.I.G.G.A.S\n13. Sunshine (feat. Gravy)\n14. Letcha Go\n15. Sticks In My Bun\n16. I'm Cumin\n17. Freestyle\n18. Hood Story\n19. Ease Up\n20. Encore '07\n\nSucka Free (2008)\n1. President Carter Speaks\n2. Sunshine\n3. Set It Off\n4. Brraaattt\n5. Higher Than a Kite\n6. Grindin Freestyle\n7. Curious George\n8. Sucka Free '08\n9. Baddest Bitch\n10. Freaky Girl (Wanna Minaj?)\n11. Doin' It Well\n12. Cuchi Shop\n13. Hundred Million Dollaz\n14. Young Money Ballaz\n15. Sweetest Girl (Remix)\n16. Firm Biz '08\n17. Dead Wrong\n18. Long Time Comin\n19. Womp Womp\n20. Whos Ya Best MC?\n21. Autobiography\n22. Lollipop (Remix)\n23. Biggest Freak\n\nBeam Me Up Scotty (2009)\n1. Intro\n2. I Get Crazy\n3. Itty Bitty Piggy\n4. Kill Da DJ\n5. Mind On My Money\n6. Nicki Minaj Speaks #1\n7. Slumber Party\n8. Shopaholic\n9. Go Hard\n10. Nicki Minaj Speaks #2\n11. Best I Ever Had (Remix)\n12. Handstand\n13. Keys Under Palm Trees\n14. Get Silly\n15. Easy\n16. Five-O\n17. Nicki Minaj Speaks #3\n18. Envy\n19. Can Anybody Hear Me\n20. Still I Rise\n21. I Feel Free\n22. Outro\n23. Beam Me Up Scotty\n\nPink Friday (2010)\n1. I'm The Best\n2. Roman's Revenge\n3. Did It On 'Em\n4. Right Thru Me\n5. Fly\n6. Save Me\n7. Moment 4 Life\n8. Check It Out\n9. Blazin\n10. Here I Am\n11. Dear Old Nicki\n12. Your Love\n13. Last Chance\n14. Super Bass\n15. Blow Ya Mind\n16. Muny\n17. Girls Fall Like Dominoes\n18. Wave Ya Hand\n19. Catch Me\n20. Roman's Revenge 2.0\n\nPink Friday: Roman Reloaded (2012)\n1. Roman Holiday\n2. Come on a Cone\n3. I Am Your Leader\n4. Beez In The Trap\n5. HOV Lane\n6. Roman Reloaded\n7. Champion\n8. Right By My Side\n9. Sex in the Lounge\n10. Starships\n11. Pound the Alarm\n12. Whip It\n13. Automatic\n14. Beautiful Sinner\n15. Marilyn Monroe\n16. Young Forever\n17. Fire Burns\n18. Gun Shot\n19. Stupid Ho\n20. Turn Me On (David Guetta)\n21. Va Va Voom\n22. Masquerade\n23. Press Conference\n\nPink Friday: Roman Reloaded, The Re-Up (2012)\n1. Up In Flames\n2. Freedom\n3. Hell Yeah\n4. High School\n5. I'm Legit\n6. I Endorse These Strippers\n7. The Boys\n8. Va Va Voom\n\nThe Pinkprint (2014)\n1. All Things Go\n2. I Lied\n3. The Crying Game\n4. Get On Your Knees\n5. Feeling Myself\n6. Only\n7. Want Some More\n8. Four Door Aventador\n9. Favorite\n10. Buy A Heart\n11. Trini Dem Girls\n12. Anaconda\n13. The Night Is Still Young\n14. Pills N Potions\n15. Bed of Lies\n16. Grand Piano\n17. Big Daddy\n18. Shanghai\n19. Win Again\n20. Truffle Butter\n21. Mona Lisa\n22. Put You In A Room\n23. Wamables\n\nQueen (2018)\n1. Ganja Burn\n2. Majesty\n3. Barbie Dreams\n4. Rich Sex\n5. Hard White\n6. Bed\n7. Thought I Knew You\n8. Run & Hide\n9. Chun Swae\n10. Chun-Li\n11. LLC\n12. Good Form\n13. Nip Tuck\n14. 2 Lit 2 Late Interlude\n15. Come See About Me\n16. Sir\n17. Miami\n18. Coco Chanel\n19. Inspirations Outro\n20. FEFE (6ix9ine)\n21. Barbie Tingz\n22. Regular Degular\n23. Good Form (Remix)\n\nNon-Album Singles and Unreleased Songs\n\nUnknown\nZonin'\n\n2008\nBeef Stew\n\n2010\nGirlfriend\nMassive Attack\nSaxon\n\n2011\nRoman in Moscow\n\n2014\nChi-Raq\nLookin Ass\nYasss Bish\n\n2017\nNo Frauds\nChanged It\nRegret In Your Tears\n\nAs Featured Artist\n\nUnknown\nLa La Means I Love You (Hood$tars)\nI Wanna (Ciara)\nRemember Me Remix (Parker Ighile)\nGimme Money (Ester Dean)\n\n2004\nI Might (Angel De-mar) [Citation Needed]\nWho Runs This? (Angel De-mar)\nDon't Mess With (Jim Johnston)\nLa Dee Da Dee We Like 2 Party (Park Slope)\n\n2006\nAffirmative Action (Gravy)\nNot at All (Ru Spits)\nWatch What You Say (Ru Spits)\n\n2007\nMonstar Biz (Gravy)\nDon't Stop, Won't Stop (Lil Wayne)\nDo You Like It Freak Shit (Ransom)\nI Just Borrow (Ru Spits)\nMoney Ain't a Thang (Stack Bundles)\n\n2008\nPamper Me (Angel De-mar)\nMake It Last Forever Remix (Ciara)\n*Ucci *Ucci (Enur)\nOne Night Only Remix (Jason Kay)\nMillion Dolla Baby Remix (Max B)\nMiss Independent Remix (Ne-Yo)\nBig Bidness (Ransom)\nMinaj Et Trois (SAS)\n\n2009\nT.E.M.P.O (Ashley)\nGrindin' Making Money (Birdman)\nFuck U Silly (Cassie)\nTempo (Cymphonique)\nStrippin' in the Club (DJ Diamonds Kuts)\nGet wit It (DJ Esudd)\nChocolate Legs Remix (Eric Ben\u00e9t)\nNew York Minute Remix (French Montana)\nGirls Kissing Girls (Gucci Mane)\nSex in Crazy Places (Gucci Mane)\nFailure Pussy Nigga (Gucci Mane)\nAlways Love You (Gudda Gudda)\nDopeman (Jabari)\nLollipop Luxury (Jeffree Star)\nBET Cypher 2009 (Joe Budden)\nWhere's Wayne (Young Money)\nOld Enough Remix (Lil Twist)\nSweet Dreams (Lil Wayne)\nThinking to Myself (Lil Wayne)\nTake It Off (Lloyd)\nUp Out My Face Remix (Mariah Carey)\nBreak Up Remix (Mario)\nPonytail (M\u00fda)\nLookin' at Me (Pearl Future)\nXcellent (Pritty Boy)\n1234 (Randall Rock)\nShakin' It 4 Daddy (Robin Thicke)\n20 Dollars Remix (Ron Browz)\nSupa Hot Remix (Sonny Rich)\nWanna Balla (Soulja Boy)\nAll About the Benjamins (Stack Bundles)\nDiamonds on My Neck (Supplya)\nAutomatic (Teairra Mar\u00ed)\n5 Star Chick (Yo Gotti)\nBedRock (Young Money)\nBirds (Yung Joc)\nI Bought That (Yung Ralph)\n\n2010\nStilettos and T-Shirt (Bobby V)\nKiss My Ass (Bow Wow)\nWoohoo (Christina Aguilera)\nHello Good Morning Remix (Diddy)\nAll I Do Is Win Remix (DJ Khaled)\nUp All Night (Drake)\nFor the Money (Fabolous)\nNew York Minute Remix (French Montana)\nCoca Coca (Gucci Mane)\nHaterade (Gucci Mane)\nHold Yuh Remix (Gyptian)\nThat's What's Up (Ice Mike)\nShe Likes Me (Jadakiss)\nNicki Minaj Speaks (Jae Millz)\nIn My Head Remix (Jason Derulo)\n2012 It Ain't the End (Jay Sean)\nMonster (Kanye West)\nI Ain't Thru (Keyshia Cole)\nGet Low 4 Me Remix (Lalo the Don)\nWhat's Wrong with Them (Lil Wayne)\nYM Salute (Lil Wayne)\nRoger That (Young Money)\nKnockout (Lil Wayne)\nMy Chick Bad (Ludacris)\nMean Walk (Miss Daja)\nRaining Men (Rihanna)\nGet It All (Sean Garrett)\nLetting Go Dutty Love (Sean Kingston)\nBottoms Up (Trey Songz)\nDang a Lang (Trina)\nLittle Freak (Usher)\n\n2011\nDance A$$ Remix (Big Sean)\nY. U. Mad (Birdman)\nTill the World Ends Remix (Britney Spears)\nWhere Them Girls At (David Guetta)\nTurn Me On (David Guetta)\nBought the Bar (DJ Webstar)\nMake Me Proud (Drake)\nFeel Inside Remix (Mary J. Blige)\nYou the Boss (Rick Ross)\nBorn to be Wild (Sean Kingston)\nI Love You (Soulja Boy, Bobby V)\nThe Creep (The Lonely Island)\nChange Change (Verbal)\nFireball (Willow Smith)\n\n2012\nI Luv Dem Strippers (2 Chainz)\nGirl on Fire Inferno Remix (Alicia Keys)\nBorn Stunna Remix (Birdman)\nOut of My Mind (BoB)\nTake It to the Head (DJ Khaled)\nBeauty and a Beat (Justin Bieber)\nMercy (Lil Wayne)\nI Don't Give A (Madonna)\nGive Me All Your Luvin' (Madonna)\nMuthafucka Up (Tyga)\nGet Low (Waka Flocka Flame)\n\n2013\nMILF (Big Sean)\nTwerk It Remix (Busta Rhymes)\nTonight I'm Getting Over You Remix (Carly Rae Jepsen)\nLove More (Chris Brown)\nLivin' It Up (Ciara)\nI'm Out (Ciara)\nRich Friday (DJ Clue)\nI Wanna Be With You (DJ Khaled)\nFreaks (French Montana)\nLay It Down (Lil Wayne)\nSomebody Else (Mario)\nGive It All to Me (Mavado)\nI Be On That (Meek Mill)\nDope Dealer (Meek Mill)\nGet Like Me (Nelly)\nTapout (Rich Gang)\nEntertainment 2.0 (Sean Paul)\nHands Up (Swizz Beatz)\nClappers (Wale)\n\n2014\nNo Love Remix (August Alsina)\nFlawless Remix (Beyonc\u00e9)\nSo Bad (Cam'ron)\nRock Star (Future)\nBang Bang (Jessie J)\nLow (Juicy J)\nNo Flex Zone Remix (Rae Sremmurd)\nThrow Sum Mo (Rae Sremmurd)\nAnimales (Romeo Santos)\nTouchin, Lovin (Trey Songz)\nShe Came to Give It to You (Usher)\nTrue Colors (Wiz Khalifa)\nMy Nigga Remix (YG)\nSenile (Young Money)\nDanny Glover Remix (Young Thug)\n\n2015\nHey Mama (David Guetta)\nBitch I'm Madonna (Madonna)\nSugar Remix (Maroon 5)\nAll Eyes On You (Meek Mill)\nBad For You (Meek Mill)\nBack Together (Robin Thicke)\n\n2016\n\n2017\nRun Up (Major Lazer)\nBom Bidi Bom (with Nick Jonas)\nSwalla (Jason Derulo & Ty Dolla $ign)\nMake Love (with Gucci Mane)\nLight My Body Up (David Guetta)\nSwish Swish (Katy Perry)\nRake It Up (Yo Gotti)\nRealize (2 Chainz)\nI Can't Even Lie (DJ Khaled)\nNobody (DJ Khaled)\nYou Da Baddest (Future)\nKissing Strangers (DNCE & Luis Fonsi)\nNo Flag (London on da Track)\nMotorSport (Migos & Cardi B)\nThe Way Life Goes (Lil Uzi Vert)\nKrippy Kush (Remix) (Rvssian, Farruko & Bad Bunny)\nShe For Keeps (Quality Control)\nPlain Jane REMIX (A$AP Ferg)\nKrippy Kush (Travis Scott Remix) (Rvssian, Farruko, Travis Scott & Bad Bunny)\n5 Star (Lil Wayne)\n\n2018\nBall For Me (Post Malone)\nPoke It Out (Playboi Carti)\nBig Bank (YG)\nThe Light Is Coming (Ariana Grande)\nBoo'd Up (Remix) (Ella Mai and Quavo)\nIDOL (Remix) (BTS)\nGoodbye (Jason Derulo and David Guetta)\nDark Side of the Moon (Lil Wayne)\nWoman Like Me (Little Mix)\nTransformer (Future)\nDip (with Tyga)\nNo Candle No Light (ZAYN)\nRunnin (with A$AP Rocky and A$AP Ferg)\nMAMA (6ix9ine)\nTouch Down (Remix) (Stylo G)\nFamilia (with Anuel AA)\n\n2019", "image": "https://images.genius.com/9eb9bb10b4dff8ba05121dfb216b3be2.467x467x1.jpg"}], "artist": "Nicki Minaj"}