{"songs": [{"title": "Ice Cream Man", "album": null, "year": null, "lyrics": "[Chorus]\nCh-ch-ch-cherries on the top man\nB-butterscotch jam\nP-put me some nuts in them cups\nThat's what's up man\nThat's my ice cream\nThat's my ice cream\nThat's my ice cream\nThat's my ice cream man\n\nSuch a thug boo\nI like your truck too\nWhen I get older I'mma come over and fuck you\n'Cuz that's my ice cream\nThat's my ice cream\nThat's my ice cream\nThat's my ice cream man man\n\n[Verse]\nMy ice cream man, my rubber band man\nLike to rock a bandana, and, and\nHe need an antenna\nWay they watch him\nHe cuter than Santana\n\nIce cream man, make my ice cream quickly\nI'mma let it sit, I like my ice cream slippery\nHickory, Dickory, call me Mike Vickory\nI'mma bad bitch, woof woof, I'm so thickory\nCan I lick your, can I lick your ice cream cone\nDo it like E.T. I make that nigga phone home\nI really like vanilla, but my favorite color chocolate\nChocolate, chocolate, gargle it and gargle it\n\n[Chorus]\nCh-ch-ch-cherries on the top man\nB-butterscotch jam\nP-put me some nuts in them cups\nThat's what's up man\nThat's my ice cream\nThat's my ice cream\nThat's my ice cream\nThat's my ice cream man\n\nSuch a thug boo\nI like your truck too\nWhen I get older I'mma come over and fuck you\n'Cuz that's my ice cream\nThat's my ice cream\nThat's my ice cream\nThat's my ice cream man man\n\n[Verse]\nMy ice cream man, 'cuz I can make him scream\nLike a Summer Jam fan. And and he Taliban tan\nHe fuck with young Nicki, since I came from Band Camp\nIce cream man, make my ice cream quick\nThey nominate Nick, I like H\u00e4agen-Dazs thick\nJust put a lot of nuts, I'mma lick it off the tip\nI fuck with real thugs, I'm not a Chippendale chick\nNow if you see my man, that's my ice cream man\nCuz I never grow up, I'm just like Peter Pan\nBaskin Robins, Turkey Hill, Breyers\nThat other bitch bologna\nSo I call her Oscar Meyer\n\n[Chorus]\nCh-ch-ch-cherries on the top man\nB-butterscotch jam\nP-put me some nuts in them cups\nThat's what's up man\nThat's my ice cream\nThat's my ice cream\nThat's my ice cream\nThat's my ice cream man man\n\nSuch a thug boo\nI like your truck too\nWhen I get older I'mma come over and fuck you\n'Cuz that's my ice cream\nThat's my ice cream\nThat's my ice cream\nThat's my ice cream man", "image": "https://images.genius.com/9eb9bb10b4dff8ba05121dfb216b3be2.467x467x1.jpg"}], "artist": "Nicki Minaj"}