{"songs": [{"title": "Raining Men", "album": null, "year": null, "lyrics": "[Rihanna]\nEenie, meenie, money, mo\nCatch a player by a toe\nIf ya want to, let him go\n\nLadies don't worry 'cause they got plenty more\nMen be falling like the rain so we ain't running out\nFalling like the rain so we ain't running out\nFalling like the rain so we ain't running out\nAlways raining men, girl, what you worried 'bout?\n\nWho you think you getting with that \"Hi, let me freak ya\"\nYou got me mistaken thinkin' you gon' get it easy\nFirst of all you need to know that I'm not the one\nThink you getting something baby, you ain't getting none\n\nAll you need to know that I'm a 2 times five\nLoad it, cock it, aim it baby, boom bye bye\nSet your standards lower boy, you're aiming too high\nMatter of fact your friend looks better so (huh) good bye\n\nEenie, meenie, money, mo\nCatch a player by a toe\nIf ya want to, let him go\n\nLadies don't worry cause they got plenty more\n\nMen be falling like the rain so we ain't running out\nFalling like the rain so we ain't running out\nFalling like the rain so we ain't running out\nAlways raining men girl what you worried 'bout?\n\nOh-yeah-yeah\nOh-oooooh\nOh-yeah-yeah\nOh-oooh-oh\nOh-yeah-yeah\nOh-oooh-oh\nOh-yeah-yeah-yeah-oh-woah-woah-woooah\n\n[Nicki Minaj]\nEx-ex-excuse me but who are you fixing to be\nLet them muthafuckas know there's plenty fish in the sea\nAnd we sweating me just 'cause I got the tightest hoe\nBut I couldn't find that thing with a microscope\n\nGive me dom dom-da-da-da-da-da-dom-dom-dom\nI ain't tripping on your money, money, long, long, long\nGot my own TV production company\nSo tell her bout it hit me, silly\nAnyway RiRi, what rhymes with your name freely?\n\nMoney got you vacationing in Chile?\nDo you wanna sit on my balcony like really really really\nNo for real, really?\nLaid down on the beach, they be feeding me my catfishes\n'Cause it's raining men\nFat bitches\n\n[Rihanna]\nMen be falling like the rain so we ain't running out\nFalling like the rain so we ain't running out\nFalling like the rain so we ain't running out\nAlways raining men girl what you worried 'bout?\n\nOh-yeah-yeah\nOh-oooooh\nOh-yeah-yeah\nOh-oooh-oh\nOh-yeah-yeah-yeah-oh-woah-woah-woooah\n\nI said ay, outta my way, with my ladies\nNow they big, living good, doing big things\nDancing don't pay, player keep the money, I can buy my own brain\nUp in the club, see men coming dime a dozen so it don't mean nothing to me\nAnd I ain't even worried bout you homey cause there's plenty more fish in the sea\n\nEenie, meenie, money, mo\nCatch a player by a toe\nIf ya want to, let him go\n\nLadies don't worry cause they got plenty more\nMen be falling like the rain so we ain't running out\nFalling like the rain so we ain't running out\nFalling like the rain so we ain't running out\nAlways raining men girl what you worried 'bout?\n\nOh-yeah-yeah\nOh-oooooh\nOh-yeah-yeah\nOh-oooh-oh\nOh-yeah-yeah-yeah-oh-woah-woah-woooah\n\nOh-yeah-yeah\nOh-oooooh\nOh-yeah-yeah\nOh-oooh-oh\nOh-yeah-yeah-yeah-oh-woah-woah-woooah", "image": "https://images.genius.com/9eb9bb10b4dff8ba05121dfb216b3be2.467x467x1.jpg"}], "artist": "Nicki Minaj"}