{"songs": [{"title": "Here I Am", "album": "Pink Friday", "year": "2010-11-22", "lyrics": "[Verse 1]\nWhy is it that you could only see the worst in me?\nI swear sometimes it feel like it nurtures me\nBut to keep it all real, it's kinda hurtin' me\nI could say I'm done with it, but it lurks in me\nSo I'mma just tell myself that it works for me\nTake a real long drive in the Mercedes\nAnd I might pop a couple of them Percocets\nYeah, that'll make me transform to Hercules\n\n[Hook 1]\nI am who I am, uh!\nHere I am, here I am, so take me, as I am\nHere I am, here I am, so take me, as I am\nHere I am, here I am, so take me, as I am\nI am who I am, uh!\n\n[Verse 2]\nI swear to God man, everything in life is old\nAnd the only thing that changed is the price of gold\nEven in the afterlife I'ma fight your soul\n'Cause the second time around I'll be twice as bold\nSo do you take me to be who I am?\nTo have and to hold till death do us part?\n'Cause if not, it's just best we both part\n'Cause how am I supposed finish what you start?\nYou got me thinkin' twice to just breathe\nThen you say I won't survive if I leave\nBut I got a couple of tricks up my sleeve\nI no longer need your attention, at ease\n\n[Hook 2]\nIt's a joke, it's a game, why am I still keeping score?\nI'm in pain, I'm ashamed, I'm a woman, hear me roar\nIt's a joke, it's a game, why am I still keeping score?\nI'm in pain, I'm ashamed, I'm a woman, hear me roar\nNow it's a joke, it's a game, why am I still keeping score?\nI'm in pain, I'm ashamed, I'm a woman, hear me roar\nIt's a joke, it's a game, why am I still keeping score?\nI'm in pain, I'm ashamed, I'm a woman hear me roar\nHere I am\nHere I am, here I am, so take me, as I am", "image": "https://images.genius.com/44a8be97aef4cdd5114bd6cec02b2357.1000x1000x1.png"}], "artist": "Nicki Minaj"}