{"songs": [{"title": "Moment 4 Life", "album": "Pink Friday", "year": "2010-12-07", "lyrics": "[Verse 1: Nicki Minaj]\nI fly with the stars, in the skies\nI am no longer trying to survive\nI believe that life is a prize\nBut to live, doesn\u2019t mean you\u2019re alive\nDon\u2019t worry 'bout me, and who I fire\nI get what I desire, it\u2019s my empire\nAnd yes, I call the shots, I am the umpire\nI sprinkle holy water, upon a vampire (Pyre!)\nIn this very moment, I\u2019m king\nIn this very moment, I slayed Goliath with a sling\nThis very moment I bring\nPut it on everything, that I will retire with the ring\nAnd I will retire with the crown, Yes!\nNo, I\u2019m not lucky, I\u2019m blessed,Yes!\nClap for the heavyweight champ, Me!\nBut I couldn\u2019t do it all alone, We!\nYoung Money raised me, grew up out in Baisley\nSouthside Jamaica, Queens and it\u2019s crazy\n'Cause I\u2019m still hood, Hollywood couldn\u2019t change me\nShout out to my haters, sorry that you couldn\u2019t faze me\nAin't being cocky, we just vindicated\nBest believe that when we're done\nThis moment will be syndicated, I don't know\nThis night, just reminds me of\nEverything that they deprived me of (Kyuh!)\nP-p-p-p-put ya drinks up!\nIt\u2019s a celebration, every time we link up\nWe done did everything, they can think of\nGreatness, is what we on the brink of\n\n[Hook: Nicki Minaj & (Drake)]\nI wish that I could have this moment for life, for life, for life\n'Cause in this moment, I just feel so alive, alive, alive\nI wish that I could have this moment for life, for life, for life\nThis is my moment, I just feel so alive, alive, alive\n\n[Verse 2: Drake]\nYeah, yeah, yeah, uh\nWhat I tell \u2018em hoes bow, bow, bow to me, drop down to ya knees\nYoung Money the Mafia, that\u2019s word to Lil' Cease\nI\u2019m in The Dominican, Big Papi Ortiz\nDoing target practice, all these bitches just aiming to please\nShout-out to the CEO 500 degrees\nShout-out to the OVO, red wings and fatigues, oh\nNiggas wanna be friends how coincidental\nThis supposed to be y'all year, we ain\u2019t get the memo\nYoung King, pay me in gold\n40 got a bunch of weed, he ain\u2019t even roll\nThese niggas be droppin' songs they ain\u2019t even cold\nWeezy on top and that nigga ain't even home, yet!\nYeah, be very afraid\nThese other rappers getting bodied and carried away\nFuck it, me and Nicki Nick gettin' married today\nAnd now you bitches that be hatin' can catch the bouquet, ooh\nYeah, you a star in my eyes\nYou and all them white girls, party of five\nAre we drinking a lil' more? I can hardly decide\nI can\u2019t believe we really made it, I\u2019m partly surprised, I swear\nDamn, this one for the books, man!\nI swear this shit is as fun as it looks, man!\nI\u2019m really tryna make it more than what it is\n'Cause everybody dies, but not everybody lives!\n\n[Hook: Nicki Minaj]\nI wish that I could have this moment for life, for life, for life\n'Cause in this moment, I just feel so alive, alive, alive\nI wish that I could have this moment for life, for life, for life\nThis is my moment, I just feel so alive, alive, alive\n\n[Bridge: Nick Minaj]\nThis is my moment, I waited all my life, I can just tell it's time\nDrifting away, I\u2019m one with the sunsets, I have become alive\n\n[Hook: Nicki Minaj]\nI wish that I could have this moment for life, for life, for life\n'Cause in this moment, I just feel so alive, alive, alive\nI wish that I could have this moment for life, for life, for life\nThis is my moment, I just feel so alive, alive, alive, alive", "image": "https://images.genius.com/cf2400f4372049a0bd0f6b3f68de946e.400x400x1.jpg"}], "artist": "Nicki Minaj"}