{"songs": [{"title": "Supa Hot", "album": null, "year": null, "lyrics": "[Verse 1: Nicki Minaj]\nOkay, Okay, Me, I'm the Barbie, Im supa hot\nWhen I'm at the dealership, Should I get the coop or not?\nShould I get the roofer truck? Should I get the choo choo truck?\nYeah I get them bookoo bucks, cuckoo for the Cocoa Puffs\nI'm cuckoo for Cuckoo Puff, got money in my Louis duff\nPlus I got a nasty flow. Bitch, I spit the gooey stuff!\nIts going D-O-W-N, I am the barbie where the fuck is Ken, Ken, Ken?\nI be on 1.7 in the rock, that's my block\nNew York City to the top, tippy top, bust a shot\nI said, I be on 1.7 in the rock, that's my block\nNew York City to the top, tippy top, bust a shot", "image": "https://images.genius.com/9eb9bb10b4dff8ba05121dfb216b3be2.467x467x1.jpg"}], "artist": "Nicki Minaj"}