{"songs": [{"title": "Finale", "album": null, "year": null, "lyrics": "[Intro: T-Streets]\nYeah, next up, we got the best rapstress alive, Nicki Minaj\n\n[Verse 1: Nicki Minaj]\nI'm in that cotton-pickin' Bent, put massa on the guts\nWhite on white whips, Kunta Kinte on the clutch\nYou at the bottom of the pole, totem\nLike Lamar Odom, I ball, scrotum\nFlyer than a cricket so they call me Nicki Jiminy\nAnd it's going down like Santa in the chim-i-ney\nYou don't ball, break your baby back ribs\nYou need more assist than the handicapped kids, oh, shit\n\n[Transition: T-Streets]\nAnd now, the beautiful Miss Shanell\n\n[Verse 2: Shanell]\nYoung Money we\u2019re rockstars\nSo fuck with your Magnum on\nAnd hold on, we go long\nYou feel that, we get that\nWe in that, we run that, we bust back\nWe hit them and we see them comin' back for more\nBack for more", "image": "https://images.genius.com/9eb9bb10b4dff8ba05121dfb216b3be2.467x467x1.jpg"}], "artist": "Nicki Minaj"}