{"songs": [{"title": "Four Door Aventador", "album": "The Pinkprint", "year": "2014-12-12", "lyrics": "[Intro: Asabe Ighile]\nPlenty more for you, boy\nWe in the funky four door, no floor\n\n[Verse 1: Nicki Minaj]\nHit me on the celly, watching Belly\nGod's son, I can see they study Makaveli\nPeanut butter Benz, got them jelly at the deli\nIf you feeling like a ninja, I got a machete\nHell yeah, them girls bad, but I'm fucking heavy\nI'mma fuck around and have them looking like spaghetti\nI say some shit, he be like, \"Yo, you so legendary\"\nBut he can tell just by my face he ain't getting any, kyuh!\n\n[Hook: Asabe Ighile]\nPlenty more for you, boy\nWe in the funky four door, no floor\nHe was serving that raw, oh boy\nShe was making that noise, oh boy\nPlenty more for you, boy\nWe in the funky four door, no floor\nHe was serving that raw, oh boy\nShe was making that noise, oh boy\n\n[Verse 2: Nicki Minaj]\nMeet me at the Rucker, take the Bruckner\nIt's just me and Young Yucka, taking suckers\nFor they money and they whips, putting kitten on lips\nDividing them dividends, get the money and dip\nKeys to the nigga's safe, put it under my tits\nHe got ki's of that raw, it could fit in the six\nGot a UPS connect, so we good on them trips\nAutomatic bottle service so we good in them VIPs, nigga\n\n[Hook: Asabe Ighile]\nPlenty more for you, boy\nWe in the funky four door, no floor\nHe was serving that raw, oh boy\nShe was making that noise, oh boy\nPlenty more for you, boy\nWe in the funky four door, no floor\nHe was serving that raw, oh boy\nShe was making that noise, oh boy\n\n[Verse 3: Nicki Minaj]\nThese civilians...\nWhat up nigga? Excuse my millions\nI'm in the V like a widow's peak\nIt's just me and my Rolls Royce pillow seats\nWhy they staring at me? I brung MacLaren with me\nYo, matter of fact, I think I'mma bring Donna Karan with me\nAnd you my son, I don't know, it's just the parent in me\nI am the best, I am the queen, it's so apparent in me\nI'm in Hollywood with Shia Labeouf (shy-and-the-buff)\nMost of you rappers ain't eating, that diet is rough\nYou want some hot shit? Send that wire to us\nI make them change their name to Diddy, retire the puff\nI'm getting acting money\nYou niggas is Kevin Hart, y'all be acting funny\nI'mma a keep a linebacker, tell 'em tackle for me\nYo, you seen my last pic, go double-tap that for me\nCock back, red octagon, stop that\n\n[Hook: Asabe Ighile]\nPlenty more for you, boy\nWe in the funky four door, no floor\nHe was serving that raw, oh boy\nShe was making that noise, oh boy\nPlenty more for you, boy\nWe in the funky four door, no floor\nHe was serving that raw, oh boy\nShe was making that noise, oh boy", "image": "https://images.genius.com/e6951472bdf7074eced144472c3b71c0.1000x1000x1.jpg"}], "artist": "Nicki Minaj"}