{"songs": [{"title": "Run & Hide", "album": "Queen (Bonus Version)", "year": "2018-08-10", "lyrics": "[Verse 1]\nDon't be goofy, bring some passion to the table, what you doin'?\nDon't be stupid, I'm the realest bitch you know, yeah, I'm the truest (True, true, true)\nWhen you pull up, gotta pull up on me like you already knew it (Mmm, already knew it)\nYeah, you keep saying you the truth, well, nigga, you gon' have to prove it (Yeah, yeah)\n\n[Pre-Chorus]\n'Cause it's been a minute since I trusted somebody\n'Cause I don't never put my trust in nobody\nI hate to picture you out fuckin' some body\nSo, I don't ever put my trust in nobody\n\n[Chorus]\nWho am I to deny?\nYeah, you say who am I to run and hide?\n\n[Verse 2]\nDon't be jealous, put some trust inside your text when you be textin' (Mmm, textin')\nTell the truth when you get tired of me askin' all them questions (Askin' all them questions)\nI prayed to God for peace and love, I'm lookin' at you as a blessing (Bless up, bless up, bless up, yeah)\nYou told me life been lookin' up, so take that past shit as a lesson (Oh, yeah)\n\n[Pre-Chorus]\n'Cause it's been a minute since I trusted somebody\n'Cause I don't never put my trust in nobody\nI hate to picture you out fuckin' some body\nSo, I don't ever put my trust in nobody\n\n[Chorus]\nBut who am I to deny?\nYeah, you say who am I to run and hide?", "image": "https://images.genius.com/15a79e9b319ecd94a9131a5bc8bbd010.1000x1000x1.jpg"}], "artist": "Nicki Minaj"}