{"songs": [{"title": "Ain't Gone Do It", "album": null, "year": "2016-12-06", "lyrics": "[Hook]\nGold in my champagne\nYour shit blank, boy your shit lame\nProbably just like your dick game\nSo I don't need to know your name\nDon't you see these on my feet?\nBet you can't guess how much I paid\nThat's a shame\nFuck these simple hoes tryna swerve in my lane\n\n[Verse 1]\nWho the fuck told you to not have no chill?\nWho the fuck told you we splittin' that bill?\nWho the fuck told you that I'm in the hood?\nWhen you know fuckin' right I'm in Beverly Hills\nWhy you keep starin' at me like you know me?\nSpur of the moment, I ball like Ginobili\nESPN, photoshootin' with Kobe\nYou Photoshop bitches be needin' Adobe\nOh, oh, that's some baloney\nOh, this is Missoni\nOh, you are still lookin' for Kony\nWould tell you to call me, but I am not phony\nOh, why your car got a cheap gear?\nMothafucka in his car with some cheap gear\nI'm draped in McQueen, Balmain on my jean\nAsk Givenchy and Marie Claire\n\n[Hook]\nGold in my champagne\nYour shit blank, boy your shit lame\nProbably just like your dick game\nSo I don't need to know your name\nDon't you see these on my feet?\nBet you can't guess how much I paid\nThat's a shame\nFuck these simple hoes tryna swerve in my lane\n\n[Post-Hook]\nDo it for the niggas\nGirl I ain't gon' do it\nGirl I ain't gon' do it\nGirl I ain't gon' do it\nDo it, do it, do it, do it\nGirl I ain't gon' do it\nDo it for the niggas\nGirl I ain't gon' do it\nGirl I ain't gon' do it\nGirl I ain't gon' do it\nNah I ain't gon' do it\n\n[Verse 2]\nTBA\n\n[Hook]\nGold in my champagne\nYour shit blank, boy your shit lame\nProbably just like your dick game\nSo I don't need to know your name\nDon't you see these on my feet?\nBet you can't guess how much I paid\nThat's a shame\nFuck these simple hoes tryna swerve in my lane\n\n[Post-Hook]\nDo it for the niggas\nGirl I ain't gon' do it\nGirl I ain't gon' do it\nGirl I ain't gon' do it\nDo it, do it, do it, do it\nGirl I ain't gon' do it\nDo it for the niggas\nGirl I ain't gon' do it\nGirl I ain't gon' do it\nGirl I ain't gon' do it\nNah I ain't gon' do it\n\n[Bridge]\nHe said, \"Arch your back\"\nI ain't gon' do it\nHe said, \"Kiss my neck\"\nI ain't gon' do it\nTalk dirty in my ear\nI ain't gon' do it\nDo it, do it, do it, do it\nHe said, \"Arch your back\"\nI ain't gon' do it\nHe said, \"Kiss my neck\"\nI ain't gon' do it\nTalk dirty in my ear\nI ain't gon' do it\nI'ma need some fresh air, bitch\n\n[Hook]\nGold in my champagne\nYour shit blank, boy your shit lame\nProbably just like your dick game\nSo I don't need to know your name\nDon't you see these on my feet?\nBet you can't guess how much I paid\nThat's a shame\nFuck these simple hoes tryna swerve in my lane\n\n[Post-Hook]\nDo it for the niggas\nGirl I ain't gon' do it\nGirl I ain't gon' do it\nGirl I ain't gon' do it\nDo it, do it, do it, do it\nGirl I ain't gon' do it\nDo it for the niggas\nGirl I ain't gon' do it\nGirl I ain't gon' do it\nGirl I ain't gon' do it\nNah I ain't gon' do it", "image": "https://images.genius.com/dce0cdc16091d61d716911906fcc4c39.396x450x1.png"}], "artist": "Nicki Minaj"}