{"songs": [{"title": "Regret In Your Tears", "album": "Singles", "year": "2017-03-10", "lyrics": "[Intro]\nI just wanted memories with you\n\n[Chorus]\nRegret in your tears, know you taste 'em\n'Cause you know I don't chase, I replace 'em\nDon't rush, take time, take some\nI just wanted memories, tried to make some with you\nYou\nNow I gotta erase some with you\nYou\n\n[Verse 1]\nLook at you now, stuck in the background\nSilence right now sounds so loud\nTried to let you go, you come back 'round\nLook at you now, stuck in the background\nTwo seats in my two seater-er-er\nUsed to pull off on me, leave me hur-urt\nTryna front, but I know you do your dir-irt\nNot nice, boy you know you do your dirt\n\n[Chorus]\nRegret in your tears, know you taste 'em\n'Cause you know I don't chase, I replace 'em\nDon't rush, take time, take some\nI just wanted memories, tried to make some with you\nYou\nNow I gotta erase some with you\nYou\n\n[Verse 2]\nBaby now you know you got nerve\nI know you just wanna be heard\nI'm a bad bitch, you ain't used to that\nYou gon' fuck around and make me do you bad\nUsed to creep, creep, with you through the back\nI count up the cash and bring you the bag\nI count up the racks like Serena\nPlus I got that ass like Selena\nAnd you know nah-nah-nah-nah-nah, not a bitch\nThat's gon' care, care, hold you down and love you like this\nDrop down, turn around, baby show you like this\nWon't find another one to ride it like a soldier like this\n\n[Chorus]\nRegret in your tears, know you taste 'em\n'Cause you know I don't chase, I replace 'em\nDon't rush, take time, take some\nI just wanted memories, tried to make some with you\nYou\nNow I gotta erase some with you\nYou\n\n[Bridge]\nYeah, and they say big girls don't cry\nBaby, I cried\nThe real ones don't lie\nBaby, you lied\nI don't know what to do with you\nBaby, now I'm through with you\n\n[Verse 3]\n'Cause you don't even know what you just lost\nYou don't even know what you just had\nYou don't even know, and that's what's bad\nMoney bag long, that bitch bad\nUsed to lay up in them sheets, they were snow white\nNow you spendin' cold nights\nYou've been in the wrong so long\nYou don't even know right\nCall my line, call my line, I'm like, \"Please, boy\"\nYou just need to leave, boy\nI ain't got time for you\nJust once, do somethin' for me, boy\n\n[Chorus]\nRegret in your tears, know you taste 'em\n'Cause you know I don't chase, I replace 'em\nDon't rush, take time, take some\nI just wanted memories, tried to make some with you\nYou\nNow I gotta erase some with you\nYou\n\n[Outro]\nTried to make some with you, you\nWith you, you\nI tried to make some with you\nI tried to make some with you\nI tried to make some with you\nI tried to make some with you\nI tried to make some with you, baby\nMake some with you\nTwo pickney, mi woulda make some with you\nYou said you would save me\nYou said you would save me\nHahahaha, rrrrrrrrrrrrrrrrr\nOhhhh, woooh", "image": "https://images.genius.com/235c1644e8f1032cc6c16dcf9084e573.1000x1000x1.jpg"}], "artist": "Nicki Minaj"}