{"songs": [{"title": "Top Of The World", "album": null, "year": null, "lyrics": "[Nicki Minaj]\nI remember standing in the mirror\nSearching for a winner but I didn\u2019t see it in her\nNow I\u2019ve gone from a zero to a super-hero-oh-oh\nWoah, woah\nChasing dreams got me all over the world\nNow I\u2019m sitting on top of the world\nWe winning, we winning\nCause we sitting on top of the world\n\n[Verse 1]\nThis is for the little girls that say Nicki you pretty\nWhen you come to the city you don't act high siddity\nYou be up on the block, posted up in the drop\nAnd everybody get up in, whether you like it or not\nBut how them girls blow up but don\u2019t come to the hood?\nHow they turn they nose up like they don\u2019t come from the hood?\nMost of them be in sight til it\u2019s time to pitch in\nThat's why everything they write be a contradiction\nI tell em I do it for the love, I do it for the hugs\nI do it for the buzz, I do it for the thugs\nI do it for the rich, I do it for the poor\nI do it for the kid that can\u2019t do no more\n\n[Nicki Minaj - Hook]\nI remember standing in the mirror\nSearching for a winner, but I didn\u2019t see it in her\nNow I\u2019ve gone from a zero to a super-hero-oh-oh\nWoah, woah\nChasing dreams got me all over the world\nNow I\u2019m sitting on top of the world\nWe winning, we winning\nCause we sitting on top of the world\n\n[Verse 2]\nThis is for my little homies that be asking for kisses\nWhen I\u2019m granting they wishes they be passing they digits\nThey be up on the block getting screwed by the cops\nCutting school, gettin knocked whether they like it or not\nThey\u2019ll break in your door\nMight break in your jaw\nThey\u2019ll bring back a lot\nIf you bring them an O\nBut what you really ain\u2019t know\nThey airborne for stardom\nWith the ball in the Garden, stand tall, no dodgin\u2019\nNo matter the squadron, lieutenant or sergeant\nAir Force, the Army, Air Force and Army\nFatigues is on him, no heats is on him\nCause grandmama prayed, that he\u2019d leave the corner\n\n[Nicki Minaj - Hook]\nI remember standing in the mirror\nSearching for a winner, but I didn\u2019t see it in her\nNow I\u2019ve gone from a zero to a super-hero-oh-oh\nWoah, woah\nChasing dreams, got me all over the world\nNow I\u2019m sitting on top of the world\nWe winning, we winning\nCause we sitting on top of the world\n\n[Verse 3]\nI remember when I lost everything in a fire\nNow I got fire 23\u2032s on my tire\nShout outs to my brothers, Jelani and Macaiah\nThanks to the Messiah, my money getting higher\nOne time for my niggas, that be huggin\u2019 the block\nTwo Times for my niggas, that be ducking the cops\nThree Times for my girls that pushing they own rides\nStushing they own ride, bitches they don't lie\nSometimes you get mad, wanna blaze the gun\nLook, I see you without a man ma, you raised ya son\nWell look, when you blow up everybody go shudder\nThis goes out to everybody on the come up\n\n[Nicki Minaj - Hook]\nI remember standing in the mirror\nSearching for a winner, but I didn\u2019t see it in her\nNow I\u2019ve gone from a zero to a super-hero-oh-oh\nWoah, woah\nChasing dreams, got me all over the world\nNow I\u2019m sitting on top of the world\nWe winning, we winning\nCause we sitting on top of the world", "image": "https://images.genius.com/a73e2ccc565580d92e15959a879b3e6c.500x500x1.jpg"}], "artist": "Nicki Minaj"}