{"songs": [{"title": "Tagliati I Capelli", "album": null, "year": null, "lyrics": "Lunghilunghilunghilunghilunghil\u00f9!\n\nSveglia alle 7, mi lavo in fretta\nButto gi\u00f9 un caff\u00e8, prendo la moto\nFaccio mezz'ora di strada ma arrivo\nPi\u00f9 o meno puntuale in quella scuola\n\nSolite facce, solita gente, solita giornata\nMentre il mio prof mi guarda schifato i capelli\nDice: \"Questo \u00e8 un posto serio!\"\n\nMa io non sono come voi\nNo, a me non frega niente\nSe cammino e mi sento dire\n\nTagliati i capelli\nChe non vanno pi\u00f9 di moda!\nTagliati i capelli\nSe vuoi fare strada!\nTagliati i capelli\nChe sembri un barbone, un drogato, insomma\nTagliati i capelli\nCome me!\n\nOre 14, ma dove sono\nE cosa sto facendo qui\nSto certamente buttando via tempo\nPensando a tutt'altro che alla scuola\n\"Guarda che gli anni dei capelloni\nSono gi\u00e0 passati da un bel pezzo!\"\nPazzo!\nIo che ti guardo negli occhi e ti rispondo\nChe a me non me frega un...\n\nTagliati i capelli\nChe non vanno pi\u00f9 di moda!\nTagliati i capelli\nSe vuoi fare strada!\nTagliati i capelli\nChe sembri un barbone, un drogato, insomma\nTagliati i capelli\nCome me!\n\nUh, uh, uh\nOh, oh, oh\n\nLunghilunghilunghilunghilunghil\u00f9!\n\nTagliati i capelli\nChe non vanno pi\u00f9 di moda!\nTagliati i capelli\nSe vuoi fare strada!\nTagliati i capelli\nChe sembri un barbone, un drogato, insomma\nTagliati i capelli\nCome me!\n\nTagliati i capelli!", "image": "https://images.genius.com/9eb9bb10b4dff8ba05121dfb216b3be2.467x467x1.jpg"}], "artist": "Nicki Minaj"}