{"songs": [{"title": "Perfect Day", "album": null, "year": null, "lyrics": "Its a perfect day*\nThe coolest breeze\nNot a cloud in the sky\nCasts a shade on me\nColours shining bright\nOh, Its so surreal\nAnd on this perfect day\nI got lost\nGet me out of this confusion\nI'm falling apart\nI've got an aching heart\nI'm so out of place\n\n[Chorus:]\nAnd what I feel\nMakes me break down and cry\nHow it hurts\nHow it multiplies\nIt's not a temporary pain\nCause it sticks like glue forever\nSo I carry on\nPretending I'm okay\nOn a perfect day\nI'm drowning in memories\nThrow me a lifeline, don't think its my time\nAnd I can hardly breathe\nOh, why did you have to leave\nOn a perfect day\n\n[Chorus:]\nAnd what I feel\nMakes me break down and cry\nHow it hurts\nHow it multiplies\nIt's not a temporary pain\nCause it sticks like glue forever\nSo I carry on\nPretending I'm okay\nWe all know that you're not a lonely heart\nWe can't stand the laws\nYou're watching over us, taking care of us\nUntil we meet again, my friend\nYou are everything to me and I love you for it\nBut now you're gone\nAnd what I feel\nMakes me break down and cry\nHow it hurts\nHow it multiplies\nAnd what I feel\nMakes me break down and cry\nHow it hurts\nHow it multiplies\nIt's not a temporary pain\nCause it sticks like glue forever\nSo I carry on, so carry on, I carry on\nIt'll be okay", "image": "https://images.genius.com/9eb9bb10b4dff8ba05121dfb216b3be2.467x467x1.jpg"}], "artist": "Nicki Minaj"}