{"songs": [{"title": "Love Me", "album": null, "year": null, "lyrics": "[Hook]\nI like your tint jewels and your gym shoes\nAlways with your crew so the drama ensues\nYou win, you lose nothing to improve\nYou on the pedestal coupe with no roof\nI know that you want it but you\u2019re scurred\nI know you be , I know you be checking for the girl\nYou don\u2019t understand you should be my man\nBaby,baby,baby if you let me\nI could make you love me\n\n[Verse 1]\nI could be Trinity you could be Neo\nI could be the mistress you the CEO\nKeep on the\u2019 the leelow in the Matrix\nThey be on that fake shit, they be on that spaceship like\nLike love me honey all them other girls bummy\nI\u2019m the young money bunny\nLook , look you the only one for me\nWhen the peeps are out of town we in chummy with dummies\nListen,listen I\u2019m the one they call\nWhen it\u2019s 3 seconds left I\u2019m Chris Powell with the ball\nNow,now that\u2019s nothing but neck\nYou know the starbucks getting nothing but wet\nNow come on\n\n[Hook]\n\n[Verse 2]\nI could be Jada you could be Willy\nWhen you talking shit I say oh you so silly\nYou could be Dwayne and I could be Whitley\nMake me feel good like Haley and Billy\nNo it\u2019s no the monsters ball but I like to monsterball\nHoppin on the drop then we be shoppin\u2019 \u2019til we cap the mall\nKawasaki then we off for flight\nWatch a fight, pussy poppin\u2019 on my pepper light\nThis one\u2019s for you, this one\u2019s for oh said this one untrue\nThis one\u2019s for the crew, take a swig of the brew, this butt\u2019s for you\n\n[Bridge]\nSaid I really like it when you come around\nFeelings I can\u2019t show there\u2019s a God I hold it down\nI don\u2019t mean to be blowing you off\nI just gotta make sure when I step I ain\u2019t wrong\nYou be fine as hell I don\u2019t wanna play myself\nSo I act like I really don\u2019t care\nIf you only knew what was really true\nIs that I only wanna be with you\n\n[Hook]", "image": "https://images.genius.com/9eb9bb10b4dff8ba05121dfb216b3be2.467x467x1.jpg"}], "artist": "Nicki Minaj"}