{"songs": [{"title": "Doin' It Well", "album": "Sucka Free", "year": "2008-04-12", "lyrics": "[Talking: Jadakiss]\nAy yo yo yo Ay yo WHAT!\nMuthafucka you know who it is, ya mean? Ya boy the muthafuckin everything..\nI'm everything, (laughs) But we neither here nor there this is for ma muthafuckin biatch!\nNicki Minaj, Sucka Free, I love you baby, You know I'm lookin for you, you be dodging\nMe, ya mean, you be in miami layin songs and all dat, But umm it's all good\nYa'll Niggas make sure ya'll ch-check this shit out right here, Sucka Free, Nicki Minaj\nSpittin that shit for ya'll niggas and bitches, Ya dig, stop hidding from me too\nSucka Free MuthaFucka WHAT!\n\n[Talking: Nicki Minaj]\nRemix...\nAy yo Kiss\nLook I mean you know my aka sit on your favorite rapper face and shit you know like I mean you know\nThe question today is Who's my favorite rapper like everybody wanna know, naw mean?\n(Laughs) Guess What? You're my favorite rapper....\n\n[Verse:]\nI'm a spit on it then I'm gonna sit on it\nYou can fuck my girls too, daddy I'm a condone it\nI'm a put my lips on ya lips, who's fatter?\nNigga, you can ask Michael Jack who's badder\nYou can lick it from the front or you can lick it from the back\nWhen I jiggle my ass you can do your little laugh [*laughs*]\nYou so funny, Kiss, I wanted to fuck you since you worked with that yummy bitch\nAnyway I got a tight little honey dip\nThat's why these niggas get tight when honey dip\nNiggas know my pussy taste like mango tango\nSo they put a couple karats in my ankle bangles\nWhen my legs go back you can hear them jangle\nOnce you pop you can't stop like a can of Pringles\nLet me grab the mic while I spit ya song, six seconds Jadakiss your on...\nUh Uh On Uh Uh On Uh Uh Uh Uh on\n\n[Hook:]\nDoin it and doin it and doin it well\nI represent Queens, he was raised down in Yonkers\nDoin it and doin it and doin it well [x3]\nI represent Queens, he was raised down in Yonkers", "image": "https://images.genius.com/6723f478cff14a2ba2cbe0ce2ad7d4c2.320x320x1.jpg"}], "artist": "Nicki Minaj"}