{"songs": [{"title": "Right by My Side", "album": "Pink Friday: Roman Reloaded", "year": "2012-03-27", "lyrics": "[Intro]\n(Go!)\n\n[Verse 1: Nicki Minaj]\nIt all comes down to this\nI miss your morning kiss\nI won't lie, I'm feeling it\nYou're gone now and I'm missing it\nI'm so dumb, I must admit\nIt's too much to hold it in\nI can't say no more than this\nI just hope your heart hear me now\n\n[Pre-Chorus: Nicki Minaj]\nGotta let you know how I'm feeling\nYou own my heart, he just renting\nDon't turn away, pay attention\nI'm pouring out my heart, oh boy\n\n[Chorus: Nicki Minaj]\nI, I'm not livin' life, I'm not livin' right (yeah, yeah, no, woah)\nI'm not livin' if you're not by my side, oh\nI, I'm not livin' life, I'm not livin' right (woah, oh, oh, woah, oh, oh)\nI'm not livin' if you're not by my side, oh (woah, oh, oh, yeah)\n\n[Verse 2: Chris Brown]\nLet's meet at our favorite spot\nYou know the one, right around the block\nFrom the nice place that you love to shop\nCan you get away?\nGirl, just sit down, let's talk it out\nOne-on-one, without a crowd\nI wanna hold your hand, make you laugh again\nI need to be near you\n\n[Pre-Chorus: Chris Brown]\nGotta let you know how I'm feeling\nYou own my heart and she's just renting\nDon't turn away, pay attention\nI'm pouring out my heart, girl\n\n[Chorus: Nicki Minaj & Chris Brown]\nI, I'm not livin' life, I'm not livin' right\nNo, I'm not livin' if you're not by my side, oh\nI, I'm not livin' life, I'm not livin' right (woah, oh, oh, woah, oh, oh)\nI'm not livin' if you're not by my side, oh (woah, oh, oh)\n\n[Bridge: Nicki Minaj & Chris Brown]\nI can't eat, I, I, I, I\nI can't sleep, I, I, I, I\nWhat I need, I, I, I, I\nIs you right by my side, I\nI can't eat, I, I, I, I (you)\nI can't sleep, I, I, I, I\nWhat I need, I, I, I, I (I, I, I)\nIs you right by my side, I (yeah, yeah)\n\n[Verse 3: Nicki Minaj]\nIt, it, it, it, it ain't your spit game, it's your dick game\nThat got me walkin' 'round ready to wear your big chain\nI only argue with him when the Lakers on\nOther than that, I'm gettin' my Marc Jacobs on\nMan, my pussy game so cold, that he always seem to come back\n'Cause he know that it be a rap, when I'm ridin' it from the back\nWait, oh, let me see your phone 'cause all them bitches is ratchet\nAnd don't let me get in my truck; 'cause all them bitches will catch it\nWait-we-we-we-we-we-wait, damn, there I go again\nI be trippin', I be flippin', I be so belligerent\nMan, the shit that we be fightin' over so irrelevant\nI don't even remember, though I was probably hella bent (let's go, let's go)\n\n[Chorus: Nicki Minaj & Chris Brown]\nI, I'm not livin' life, I'm not livin' right (yeah, yeah, I'm not livin', oh, yeah)\nNo, I'm not livin' if you're not by my side, oh (no, no, no, no)\nI, I'm not livin' life, I'm not livin' right (oh, yeah, I'm not livin', I'm not livin, ooh)\nI'm not livin' if you're not by my side, oh (ooh, baby)\nI (woah, oh, oh, yeah)\nLife (woah, oh, oh, yeah)\nRight (woah, oh, oh, yeah)\nIf you're not by my side (woah, oh)\n\n[Bridge: Nicki Minaj & Chris Brown]\nI can't eat, I, I, I, I\nI can't sleep, I, I, I, I (I can't eat)\nWhat I need, I, I, I, I (I can't sleep)\nIs you right by my side, I (without you, baby)", "image": "https://images.rapgenius.com/9e6a5de3fc6fe9bcb470244d644d4f7a.768x768x1.jpg"}], "artist": "Nicki Minaj"}