{"songs": [{"title": "Last Chance", "album": "Pink Friday", "year": "2010-11-19", "lyrics": "[Intro: Natasha Bedingfield]\nYeah, yeah\nOoh, yeah\n\n[Verse 1: Nicki Minaj]\nYo\nI could've been had fame\nJump shot with a stupid ass aim\n'Cause you couldn't get around the last name\nSo my cross-over wins the last game\nAnd it's ill, right?\nSwitched up the flow, but it's still right\nGo back to that, yeah, I still might\nI'mma just do me when it feel right\nUh, you could bring it anyday\nNatural bad-ass, NBA\nThat's my initials, that's why officials\nDon't blow the whistle, bang, bang, the pistol\nA-a-and I'm bossy\nCan't keep these hoes up off me\nDamn, the flow nasty coffee\nDon't you do like the pope and cross me\n\n[Chorus: Natasha Bedingfield, Nicki Minaj & both]\nYeah, this is my last chance (oh)\nLast chance (oh)\nYeah, this is my last chance\nThen shoot, I'm ready to shoot (I'm rea-, I'm rea-)\nI'm ready to shoot (Ready to shoot)\nI'm ready to shoot (Ready to shoot)\nI'm ready, I'm ready to shoot (Ready to shoot)\nI'm ready, I'm ready to shoot, I'm ready to shoot\n\n[Verse 2: Nicki Minaj]\n\u2014I get it in though\nNo sexual innuendo\nNobody that I could just depend on\nUntil I touch down in the end zone\nAnd then they come out like roaches\nP-p-pecking away like vultures\nBut little did they know, distribute the payroll\nPick out the outfit, pick out the single\nSadly, I'm so business savvy\nSimilar protocol, but the tidbits vary\nNever been like me, ain't never been like this\nMy flow's a crisis, they screamin' high pitch\nUh, gun cock, pause\u2014\nAnd I'm well aware of the gun laws\nTell 'em that I'm gunnin' for the top, Forbes\nHeaded to the top, dot org\n\n[Chorus: Natasha Bedingfield, Nicki Minaj & both]\nYeah, this is my last chance (This is my last chance)\nLast chance (Oh yeah, yeah)\nYeah, this is my last chance (Oh yeah, yeah)\nThen shoot, I'm ready to shoot (Eh, eh, eh, eh)\nI'm ready to shoot (Ready to shoot)\nI'm ready to shoot (Ready to shoot)\nI'm ready to shoot (Ready to shoot)\nI'm ready to shoot, I'm ready to shoot\n\n[Bridge: Nicki Minaj, Natasha Bedingfield & both]\nAll the days of my life, I have been waiting for this time (oh)\nCould you believe now it\u2019s right before my eyes?\nAnybody tryna stop me better not fuck with me this time\nShoot, I\u2019m ready to shoot into the sky\n\n[Chorus: Natasha Bedingfield & Nicki Minaj]\nYeah, this is my last chance (This is your last chance)\nLast chance (Ohhhh-ohh-oh)\nYeah, this is my last chance\nThen shoot, I\u2019m ready to shoot\nI\u2019m ready to shoot\n\n[Outro: Natasha Bedingfield & Nicki Minaj]\nOnly one chance, one bullet in the gun\n(I\u2019m ready to shoot)\nThis is my life and I only got one, yeah\n(I\u2019m ready to shoot)\nRunning through there and I put on the stars\n(I\u2019m ready to shoot)\nOhh, stick \u2018em up, stick \u2018em up\n(I\u2019m ready to shoot)\nOnly one chance, one bullet in the gun\nThis is my life and I only got one, yeah\nThe safety\u2019s off and I put it on the stars\nOhh, stick \u2018em up, stick \u2018em up\nI'm ready to shoot\nYeah, yeah, I'm ready to shoot\nThis is my life and I only got one, yeah\nThe safety\u2019s off and I put it on the stars\nGet ready\nI\u2019m ready to shoot", "image": "https://images.genius.com/44a8be97aef4cdd5114bd6cec02b2357.1000x1000x1.png"}], "artist": "Nicki Minaj"}