{"songs": [{"title": "Sorry", "album": null, "year": "2018-08-11", "lyrics": "[Intro: Nicki Minaj]\nHey, baby\nEven though you break my heart\nI still love you\n\n[Chorus: Nicki Minaj]\nSorry\nIs all that you can say\nYears gone by and still\nWords don't come easily\nLike forgive me (forgive me)\nAnd you can say, baby (baby)\nMy baby, can I hold you tonight?\nAnd maybe if I told you the right words\nOoh, at the right time\nYou'd be Nas\n\n[Verse 1: Nicki Minaj]\nAyo\nThat bitch is always flippin'\nYou niggas never listen\nWe make a perfect team\nBalling Jordan and Scottie Pippen\nBut I'ma let you dip in\nThat wax sauce drippin'\nSaid that when you with a boss bitch, now you can tell the difference\nYou be like jungle digger\nI don't want another nigga\nI wanna make you 'bout a legend, but I make you bigger\nTinkerbell, Peter Pan\nNo bitches badder than me when I pull up\nGot 'em screaming like a temper tan'\nAyo, DJ, drop the beat\nMy gun didn't fall but I drop the heat\nI love how we kept it on the low, mad discreet (I'm in a rush!)\nPass me the keys to my jeep (truck)\nI hit 'em with it, I'ma kill 'em with that wine wine\nAin't losin' watches, but with me, he always find time\nWe keep it classy when we eatin' it's that fine dine\nBut between love and hate, baby, it's a fine line\n\n[Chorus: Nicki Minaj]\nSorry\nIs all that you can say\nYears gone by and still\nWords don't come easily\nLike forgive me (forgive me)\nAnd you can say, baby (baby)\nMy baby, can I hold you tonight?\nAnd maybe if I told you the right words\nOoh, at the right time\nYou'd be Nas\n\n[Verse 2: Nas]\nA mack\nI used to mack with the MAC on me\nProject parties, lights off, mad horny\nDutty wine and feel the gun I'm hidin'\nShe still grindin' on me, smilin' at me\nI'm like \"Hi, I'm Nasty\"\n\"God bless ya, met ya'\"\nThought you were sexy as ever\nFlexing with your ex, I couldn't disrespect ya'\nLater on, I undress ya, couldn't wait to sex ya'\nMade a nigga wait so long, but it was special\nLight travel faster than sound\nLightning strike one second every point two miles\nSo when you first saw me emerge from a weed cloud\nElectricity touch your soul, that's how I get down\nGangsta love\nCompleting each other\nTouching tongues so close, we could breathe for each other\nUntouchable boy with the illustrious girl\nBut maybe being together's too much for the world, sorry\n\n[Chorus: Nicki Minaj]\nSorry\nIs all that you can say\nYears gone by and still\nWords don't come easily\nLike forgive me (forgive me)\nAnd you can say, baby (baby)\nMy baby, can I hold you tonight?\nAnd maybe if I told you the right words\nOoh, at the right time\nYou'd be Nas", "image": "https://images.genius.com/9eb9bb10b4dff8ba05121dfb216b3be2.467x467x1.jpg"}], "artist": "Nicki Minaj"}