{"songs": [{"title": "Tempo", "album": null, "year": null, "lyrics": "Cymphonique, I'm in the house\nA. K. A. Little miss Swagger\nThis for my soldier girls\nWhere all my soldier boys?, tempo\n\nYou the one, yeah the one\nThe only one my heart beats for\nI don't know how to call it\nCrazy how you've got me going\nYou're not the average one\nYour swagger, your style\nYou got me caught in a dream\nLet me sleep, I don't wanna wake up\nI see you in the corner of my eye\nSometimes I just don't understand why\n\nBecause you change up my\nYou change up my\nI don't know what you done to me\nMake my heart wanna skip a beat and I like it\n\nYou change up my\nYou change up my\nI don't know what you done to me\nMake my heart wanna skip a beat and I like it\n\nWhere you at, where you at, where you at?\nBring it back, bring it back, bring it back\nWhere you at, where you at, where you at?\nBring it back, bring it back, bring it back\n\nYou the truth, you the one\nYou're a star, yes you are\nThe way you dress, the way you shine\nMama warned me about your kind\nI see you in the corner of my eye\nSometimes I just don't understand why\n\nYou change up my\nYou change up my\n\nI don't know what you done to me\nMake my heart wanna skip a beat and I like it\n\nYou change up my\nYou change up my\nI don't know what you done to me\nMake my heart wanna skip a beat and I like it\n\n[Nicki Minaj:]Why you doing this, why you doing this to me?\nI am Lewinsky, I don't be doing this for free\nI mean I am her, I mean I am her\nI just came out of the fly fly, flying spur\nI mean I was just looking for a shh to the D-boys\nStay around the key like the key to the keyboard\nAnyway I'm back, I had to jump off that\nJust jumped off the beach, I'm back on track\nHa ha ha ha ha, had to laugh on this one\nYou know I had to go and show my ass on this one\nLinked up with Cymphonique, Little miss Swagger\nBlack on black bags, they bags from Mischa\nGet the wizard of oz, got me clicking my feet\nCause he got my heart skip skip, skipping a beat\n\n[Cymphonique:]You change up my\nYou change up my\nI don't know what you done to me\nMake my heart wanna skip a beat and I like it\n\nThat's why you're my soldier boy\nThat's why I'm your soldier girl\nI don't know what you done to me\nMake my heart wanna skip a beat and I like it\n\n[Nicki Minaj:]I'm so fabulous\nI'm representing for the youngings\nAnd we getting it in\nCheck the tempo, tempo", "image": "https://images.genius.com/9eb9bb10b4dff8ba05121dfb216b3be2.467x467x1.jpg"}], "artist": "Nicki Minaj"}