{"songs": [{"title": "Slumber Party", "album": "Beam Me Up Scotty", "year": "2009-04-18", "lyrics": "[Verse 1: Gucci Mane]\nBanana boat full of blow\nBanana clip to cut ya throat\nBanana dro, come take a smoke\nBanana diamonds, yellow stone\nHeavy snow, that berry blow\nThat cherry coke got stupid dough\nPlenty mo', you think I booked a\nHundred, shows I'm selling dope\nI'm into wishin rolling kushin\nSippin lean and burnin piff\nYou gotta fifth, I gotta pint\nYou took a shot, I took a sip\nI plead the 5th, ain't saying shit\nGo get my lawyer, get him quick\nSpent 80 grand to beat a case\nI whipped it like my purple whip\nI call a hit like Sosa did\nThem killas blitz ya house ya monkey\nI got so much jewelry on me\nStill you can't take nothing from me\nHook it up, I cook it up\nAnd get some head while rolling blunts\nWater paint, water stain\nI'm lookin' down, she lookin' up\nBeamer truck, I rim it up\nSpent 80 thou', 400 stones\nShe suck a dick while rollin' blunt\nShe keep the boss man bustin' nuts\nI get it off, she get it up\nMe and her both can't get enough\nWe in the goat, I'm in the ghost\nI'm tryna beat that pussy up\n\n[Hook: Gucci Mane]\nWelcome to my private party\nMore hoes than a bachelor party\nSmoking, drinking, freaking\nShit can turn into a slumber party\nYou can't meet my mama, uh-uh\nBut here you go, my number, shawty\nWhen you feeling freaky, mama\nWe can have a slumber party\nA slumber party\nMama, have a slumber party\nYou can't meet my mama, uh-uh\nBut here you go, my number, shawty\nWhen you feeling freaky, mama\nWe can have a slumber party\nWe can have a slumber party\nWe can have a\u2014yeah\n\n[Verse 2: Gucci Mane]\nHer negligees are Burberry\nHer lingerie game very straight\nHer oral sex is very wet\nMy sex so great she gainin' weight\nI cook a cake, she cook a steak\nWe three estates, you Section 8\nStay out her face, she hardly date\nShe fuckin' Gucci, shawty, damn!\nEveryday's a ballin' day\nJust yesterday we bought a lake\nTomorrow bought us 2 Camaros\n'08 and a '68\nWe trappin' fast with stupid cash\nSo rap on with your stupid as\nIt's Gucci Mane, no stupid ass\nI keep on making stupid cash\n\n[Hook: Gucci Mane]\nWelcome to my private party\nMore hoes than a bachelor party\nSmoking, drinking, freaking\nShit can turn into a slumber party\nYou can't meet my mama, uh-uh\nBut here you go, my number, shawty\nWhen you feeling freaky, mama\nWe can have a slumber party\nA slumber party\nMama, have a slumber party\nYou can't meet my mama, uh-uh\nBut here you go, my number, shawty\nWhen you feeling freaky, mama\nWe can have a slumber party\nWe can have a slumber party\nWe can have a\u2014yeah\n\n[Verse 3: Nicki Minaj]\nGot that Super Soaker\nPussy pop like Cola Coca\nPlus it's tighter than a choker\nGot him smilin' like the Joker\nGot that ne-ne-ne-ne-ne-ne-ne-ne\nLittle Mermaid on my linen\nWhen yo mama sleepin'\nYou can call me and get all up in it\nBank rolls\nGet me all them pretty furs\nCause my pussy game cold\nWhen he hit it he say burr\nHe say b-b-b-b-bur\nI'ma I'ma marry her\nAnd he p-lay with that purr (pearl)\nLike he strummin' his guitar\nThat's me, I am Minaj\nI am Ni-Nicki Minaj\nAnd if you want a m\u00e9nage\nKeep a couple pretty broads\nLook, head game busy busy\nMake a nigga dizzy dizzy\nBitch, I'm at that slumber party\nSippin on that frizzy chrissy\n\n[Hook: Gucci Mane]\nWelcome to my private party\nMore hoes than a bachelor party\nSmoking, drinking, freaking\nShit can turn into a slumber party\nYou can't meet my mama, uh-uh\nBut here you go, my number, shawty\nWhen you feeling freaky, mama\nWe can have a slumber party\nA slumber party\nMama, have a slumber party\nYou can't meet my mama, uh-uh\nBut here you go, my number, shawty\nWhen you feeling freaky, mama\nWe can have a slumber party\nWe can have a slumber party\nWe can have a\u2014yeah", "image": "https://images.genius.com/d4b8299bec1aac14c1931423e8d3466c.500x500x1.jpg"}], "artist": "Nicki Minaj"}