{"songs": [{"title": "Save Me", "album": "Pink Friday", "year": "2010-11-19", "lyrics": "[Verse 1]\nI drove for miles just to find you and find myself\nAll these screams, all these voices in my head\nYou gave me strength, gave me hope for a lifetime\nI never was satisfied\n\n[Hook]\nThis time, won't you save me\nThis time, won't you save me\nBaby, I can feel myself givin' up, givin' up\nThis time, won't you save me\nThis time, won't you save me\nBaby, I can feel myself givin' up, givin' up\nGivin' up, givin' up, givin' up\n\n[Verse 2]\nIt's not your fault, I'm a bitch, I'm a monster\nYes, I'm a beast, and I feast when I conquer\nBut I'm alone on my throne, all these riches\nI came this way, all this way just to say, aye\n\n[Hook]\nThis time, won't you save me\nThis time, won't you save me\nBaby, I can feel myself givin' up, givin' up\nThis time, won't you save me\nThis time, won't you save me\nBaby, I can feel myself givin' up, givin' up\nGivin' up, givin' up, givin' up\n\n[Hook]\nI'm givin' up baby, yes\n(I'm givin' up, baby)\nIt feels like I've been drivin' for miles (yeah)\n(I've givin' up, baby)\nAnd I can't seem to silence these voices in my head\n(This time, won't you save me)\nCome save me (This time, won't you save me)\nCome save me\n\n[Hook]\nThis time won't you save me, this time won't you save me\nBaby, I can feel myself givin' up, givin' up\nThis time won't you save me, this time won't you save me\nBaby, I can feel myself givin' up, givin' up\nThis time won't you save me, this time won't you save me\nBaby, I can feel myself givin' up (givin' up)\nGivin' up", "image": "https://images.genius.com/44a8be97aef4cdd5114bd6cec02b2357.1000x1000x1.png"}], "artist": "Nicki Minaj"}