{"songs": [{"title": "I Get Money (Remix)", "album": "Sucka Free", "year": "2008-04-12", "lyrics": "[Hook: Milk Dee]\nI-I get\nI-I get\nI-I get money!\nI-I get money!\n\n[Verse 1: Nicki Minaj]\nFuck I look, like coppin\u2019 denim and tops?\nNiggas wanna book me, but they ain\u2019t spendin\u2019 no guap\nThat\u2019s why, I pull up to the curb, like fuck's the word?\nYou know, I keep the twenty-two tucked, in the girdle\nHad to leak one of my bitches off, \u201cThroop and Myrtle\u201d\nPut the shells to your back, now they callin' you turtle\nSee, if you wanna laugh, you can laugh\nBut nigga, get my money, get my cash, get my math\nSee everything\u2019s funny 'til that ass gettin' trashed\nI'm getting dirty money, like my stash need a bath, see boys?\nIf it don\u2019t make cents, then it don\u2019t make dollars\nWhen broke niggas holla, I just pop my collars\nThe dope boys get it, yeah, the dope boys cool\nBut, the white boys say, they be like, \"Nicki\u2019s rules!\"\nLike, you got money, 'cause you\u2019re sittin' on dubs\nWhere your company, nigga where your pay stubs?\nLook I'm on the grind and I'm lookin' for the grub\nFifty in the club, and we lookin' for the bub\nTalkin' 'bout you wanna enjoy me, first you gon\u2019\nNeed to get a couple employees, get it?\nGet your money right, get your money right, right?\nThen you can bite, you know this something tight, tight\nYou know I smoke bitches, I'mma need a light, light\nCoogi on my coochie, size three, white Nikes, (CHEA!)\n\n[Hook]\nI get money, money I got\nI get money, money I got\nI get money, money I got\nI get money, money I got\n(I get it) I-I get money\nI got m-money I got, m-money I got\n\nI keep a fresh pair of sevens on", "image": "https://images.genius.com/6723f478cff14a2ba2cbe0ce2ad7d4c2.320x320x1.jpg"}], "artist": "Nicki Minaj"}