{"songs": [{"title": "Dear Old Nicki", "album": "Pink Friday", "year": "2010-11-19", "lyrics": "[Verse 1]\nMaybe you died 'cause everybody ask me, \"Where you at?\"\nI tried to channel you in hopes that I could stare you back\nBut it's like every intersection we just missed each other\nYou got your fans waitin', tell me you ain't six feet under\nAnd tell me that you comin' back and you just took a break\nMaybe I blamed you for everything, that was my mistake\nIn hindsight, I loved your rawness and I loved your edge\n'Cause it was you who talked me down from jumping off the ledge\nYour earings bamboo, your long nails too\nYour BMW everytime you came through\nYou was the braveheart, you stole Wayne heart\nYou never switched it up, you played the same part\nBut I needed to grow, and I needed to know\nWere there some things inside of me, that I needed to show\nSo I just deaded you, left you in all black\nBut dear old Nicki, please call back\n\n[Chorus]\nYou told me, you'd come when I needed you\nAnd you said it so sweetly, I believed you\nBut I'm standing here calling, I can't see you\nBut I am holdin' you, holdin' you, holdin' you\nTo that\n\n[Verse 2]\nYo, did I chase the glitz and glamour, money, fame, and power?\n'Cause if so, that will forever go down my lamest hour\nI shoulda kept you with me, gettin' at them nameless cowards\nThey was no match for you, couldn't defeat your prowess\nI had to make them changes, I hoped you understood\nYou see for every bad, I did a ton of good\nBut you was underground, and I was mainstream\nI live the life now, that we would daydream\nMy only wish is, you come enjoy it with me\nGet on them conference calls, go meet the lawyers with me\nThe money came, yeah, tripled and quadrupled it\nBut I still miss us, when we was just on some stupid shit\nAnd it's still fuck the media\nThey ridiculed you, never believed in ya\nThey just deaded you, left you in all black\nBut dear old Nicki, please call back\n\n[Chorus]\nYou told me, you'd come when I needed you\nAnd you said it so sweetly, I believed you\nBut I'm standing here calling, I can't see you\nBut I am holdin' you, holdin' you, holdin' you\nTo that\n\n[Outro]\nAnd yes, I'm holdin' you, holdin' you, holdin' you\nAnd yes, I'm holdin' you, holdin' you, holdin' you\nAnd yes, I'm holdin' you, holdin' you, holdin' you\nTo that\nAnd yes, I'm holdin' you, holdin' you, holdin' you\nAnd yes, I'm holdin' you, holdin' you, holdin' you\nAnd yes, I'm holdin' you, holdin' you, holdin' you\nTo that", "image": "https://images.genius.com/44a8be97aef4cdd5114bd6cec02b2357.1000x1000x1.png"}], "artist": "Nicki Minaj"}