{"songs": [{"title": "Sex in the Lounge", "album": "Pink Friday: Roman Reloaded", "year": "2012-04-02", "lyrics": "[Intro: Bobby V]\nYeah\nBobby V\nYeah\nDJ, turn me up\nDon't you turn this down, no, no\n\n[Verse 1: Nicki Minaj]\nI think I gave him a discrete name\nHe replied with a street name\nP.R. at the heat game\nNo ball, but peep game\nHe addicted to hustle, I'm addicted to fame\nThough he packin' that muscle, I'm addicted to brain\nI'm addicted to chillin', make a hell of a killin'\nDon't I stunt on these bitches?\nMan, I'm bad as a villain\nGet the gun, I'mma hunt 'em\nWhen I'm done, I'm a don 'em\nWhen we leavin' the lounge, I'mma keep it a hundred\nIt went down, enough said\nPull off in that thang, and it's blush red\n\n[Chorus: Bobby V]\nSex in the lounge\nGirl, I'mma take ya down\nI'mma have you screaming, girl\nThey gonna hear the sound of our sex in the lounge\nI can't believe this is happening to me, girl\nHappening to me, girl, oh wow\n\n[Verse 2: Bobby V]\nSo caught up in this girl\nShawty, got my energy down\nKeeping true to myself, 'cause I'm so into her\nCause we doing it like nobody's around\nAnd when we doing it, I can hear her make a sound\nShawty was singing like me\nHad that girl singing, singing like me\nShe be like (Ooh, oh, oh, oh, ooh, oh)\nShe looking at me like she want it\nBut, I'm over here\nShe come in on top of me\nI'mma make her scream, her scream\n\n[Chorus: Bobby V]\nSex in the lounge\nGirl, I'mma take ya down\nI'mma have you screaming, girl\nThey gonna hear the sound of our sex in the lounge\nI can't believe this is happening to me, girl\nHappening to me, girl, oh wow\n\n[Verse 3: Lil Wayne]\nSit that pussy on my bottom lip\nThen, after that, you know we gotta switch\nMy house so big that bitch came with a lobby\nWe didn't use a rubber, but I came on her body\nI lay her down and kiss her neck and talk dirty to her\nLike I get that pussy wetter than a dirty sewer\nFuck with me, turn around and bust it open for me\nGet on that dick and get that money, go Oprah for me\nAll you girls don't like me, 'cause they know you love me\nBut if you scared, go to church, it's open Sunday\nI-I dig in that pussy, guess what I find\nTunechi Lee and Nicki, sex in the lounge\n\n[Chorus: Bobby V]\nSex in the lounge\nGirl, I'mma take ya down\nI'mma have you screaming, girl\nThey gonna hear the sound of our sex in the lounge\nI can't believe this is happening to me, girl\nHappening to me, girl, oh wow\nSex in the lounge\nGirl, I'mma take ya down\nI'mma have you screaming, girl\nThey gonna hear the sound of our sex in the lounge\nI can't believe this is happening to me, girl\nHappening to me, girl, oh wow", "image": "https://images.genius.com/d8ab635827060eb71d3130b28c7cd04f.1000x1000x1.jpg"}], "artist": "Nicki Minaj"}