{"songs": [{"title": "Swish Swish (Rap Version)", "album": null, "year": "2017-05-19", "lyrics": "Pink Ferragamo sliders on deck\nSilly rap beefs just get me more checks\nMy life is a movie, I'm never off set\nMe and my amigos (no, not Offset)\nSwish swish, aww I got them upset\nBut my shooters'll make 'em dance like dubstep\nSwish, swish, aww, my haters is obsessed\n'Cause I make M's, they get much less\nDon't be tryna double back\nI already despise you\nAll that fake love you showin'\nCouldn't even disguise you\nRan? When? Nicki gettin' tan\nMirror mirror who's the fairest bitch in all the land?\nDamn, man, this bitch is a Stan\nMuah, muah, the generous queen will kiss a fan\nAss goodbye, I'ma be riding by\nI'ma tell my ----- Biggz, yeah that's tha guy\nA star's a star, da ha da ha\nThey never thought the swish god would take it this far\nGet my pimp cup, this is pimp shit, baby\nI only rock with Queens, so I'm makin' hits with Katy", "image": "https://imgur.com/a/rai5O"}], "artist": "Nicki Minaj"}