{"songs": [{"title": "Biggest Freak", "album": "Sucka Free", "year": null, "lyrics": "[Nicki Minaj:]\nI got a fresh line up, a nigga tied up, bout to have this\nNigga face on smash, cause I gotta little bad bitch on stash\nIn the back, got one wet tongue in my ass\n\n[Hook:]\nI'm the biggest freak that he seen thus far\nI'm the-I'm the biggest freak that he see thus far\nI'm the biggest freak that he seen thus far\nCause it's just another day in the life gettin my salad tossed\n\n[Verse 1:]\n(Uhn) I'm the biggest freak, that he seen thus far\n(Chea) Got the fattest box, white tees, no bra\nCall them other bitches, for the hugs and the kisses (okay)\nWhen I come (cum) around, it's going down like bitches, (oh)\nTell the dope boys, come holla at my crew\nDeep throat 'em, make 'em say, \"Yabadabadoo!\"\nRockin' door knockers, middle finger to the coppers\n\"Pussy poppin' on my popper ha ha ha ha you can't stop her\" (C3)\nI'm the reason, why these bitches tryna get cute\nOnly rap bitch, pussy taste like fruit\nBack to the thuggin', now we sippin' sizzurp\nPour it down my ass, let 'em drink it 'til he bizzurp\nSex game colder, then an ice cold blizzard\nI'm about the color of the Geico lizard\nI'm the biggest freak, that he seen thus far\nNic-Nicki Lewinski, Pinky with the bar\n\n[Hook:]\nI got a fresh line up, a nigga tied up, 'bout to have this\nNigga face on smash.cause I gotta little bad bitch on stash\nIn the back, got one wet tongue in my ass\n\n[Hook:]\nI'm the biggest freak that he seen thus far\nI'm the-I'm the biggest freak that he see thus far\nI'm the biggest freak that he seen thus far\nCause it's just another day in the life gettin my salad tossed\n\n[Verse 2:]\nGet Tossed, Tossed Tossed T-Tossed, Tossed Tossed T- Tossed\nTossed Tossed T- Tossed, Get Tossed. Tossed Tossed T-Tossed, Tossed\nTossed T-tossed, Tossed Tossed T-Tossed.(my bad bitches that's tryna to get tossed, let's get it c'mon)\nShawty straight diggin me, like I'm his main chick, I know you bitches\nOn the sideline like ain't that a bitch.On my job(ay) lookin for head knock, cause it's\nJust another day in my life gettin my salad tossed\n\n[Rick Ross:]\nI'm the biggest boss that you seen thus far (Ross!)\nGot the biggest cars, Spanish broads, no bra\nCall that other lame for the walks in the parks\nI ain't come to play games, I just wanna play my part\nTell ya girlfriend come talk with me, dog\nWe straight Gs' then we came here to ball\nBottle after bottle and I'm sure you'll count 'em all\nThen we off to that Chevy - (Fired up!) and takin off\nBaby, slow it down cause you movin too fast\nAss too fine to be movin too fast (hol' up!)\nBack to the thuggin, now I'm sippin sizzurp\nAll my niggas love it, baby that's my wizzerd\nStack for the jeans, five bones for the shizzerts\nI don't smoke twenties, eight hundred for the izzerds\nI'm the biggest boss that you seen thus far\nYou can tell by the shones that's standin by the car\n\n[Hook: T-Pain]\nI got a fresh line-up (yea), a fresh outfit\nBout to have the parkin lot on smash\nPlus I got a Chevy with a fo'-fifty-fo' in the hood\nThat bitch got 125 on the dash (She like it gangsta cause...)\n(I'm the biggest boss that you seen thus far)\n(I'm the - I'm the biggest boss that you seen thus far) - hey\n(I'm the biggest boss that you seen thus far)\nCause it's just another day in the life of the goddamn boss\n\n[Outro:]\n[T-Pain:]\nEy-yea-yea-yea-yea-yeaaaaa-yea-YEA\nEy-yea-yea-yea-yea-yeaaaaa-yea-YEA\nEyyyy (YEAA) - uh-huh (Ha ha!) Yea-ea\nHaaaah, yea-yea-yea-yea-YEAA...\n[Rick Ross:]\nI'm the biggest boss that you seen thus far...\nI'm the biggest boss that you seen thus far...\nI'm the biggest boss that you seen thus far\nI'm the - I'm the biggest boss that you seen thus far\nI'm the biggest boss that you seen thus far\nI'm the - I'm the biggest boss that you seen thus far", "image": "https://images.genius.com/6723f478cff14a2ba2cbe0ce2ad7d4c2.320x320x1.jpg"}], "artist": "Nicki Minaj"}