{"songs": [{"title": "We Miss You", "album": null, "year": null, "lyrics": "[Verse 1]\nWhy\u2019d you have to leave in July\nOn a peaceful and serene Summer night\nI wish that you would've waited until September\nJust a couple more memories to remember\nI guess I have to pay you back to your lender\nI guess I have to send you back to the sender\nBut then again maybe you're gone til November\nAnd maybe this is just part of the agenda\n\n[Hook]\nWhy\u2019d you have to go so soon\nWe miss you, we miss you, we miss you\nWe miss you, we miss you, we miss you\n\n[Verse 2]\nWhy couldn\u2019t you come right home\nWhen you seen the text message in your phone\nI should have put my pride aside to come and find you\nI could've told you about the niggas that's behind you\nCould have told you all about my intuition\nI could have even bought the extra ammunition\nBut now you moved on so fuck you\nShould\u2019ve known from day one I couldn\u2019t trust you\n\n[Hook]\nWhy\u2019d you have to go so soon\nWe miss you, we miss you, we miss you\nWe miss you, we miss you, we miss you\n\n[Verse 3]\nWhy would they take you from me\nWhy the doctors couldn't stop the bleeding\nIf you in a better place, then you\u2019re free\nWell then, why can\u2019t they make me believe it\nYou said that you will leave these streets\nAnd I know you didn\u2019t mean in a body bag\nBut now you see you not bulletproof\nAnd I\u2019m mad cause\nYou\u2019re the best that I\u2019ve ever had\n\n[Hook]\nWhy\u2019d you have to go so soon\nWe miss you, we miss you, we miss you\nWe miss you, we miss you, we miss you\n\n[Outro]\nI\u2019ll never love again\nI\u2019ll never love again\nI\u2019ll never, I\u2019ll never\nI\u2019ll never love again\nWhat would you suggest that I do now\nWhy\u2019d you leave\nI hate you", "image": "https://images.genius.com/03913d8eeff570baed6c5ddade7617d2.1000x1000x1.jpg"}], "artist": "Nicki Minaj"}