{"songs": [{"title": "Shopaholic", "album": "Beam Me Up Scotty", "year": "2009-04-18", "lyrics": "[Intro: Gucci Mane]\nAh, ah, ah, ah, ah, ah, ah\nYeah!\nAh, ah, ah, Gucci, ah\n\n[Verse 1: Gucci Mane]\nI got a shopping problem, she got a shopping problem\nI'm a compulsive shopper so I'mma cop her Prada\nI'm a ice her outta, make you talk about her\nShe got this thang about her, yeah, she's a sexy walker\nWe shopping in Morocco, I took her to Dubai\nLil mama stupid fly, so tell me what you like, 'cause girls I like to buy\nMy money stupid fat, his money on a diet\nTen stacks to keep her quiet\nI make her call me Daddy, yeah there go Daddy, baby\nAnd she loves Daddy 'cause Daddy gone keep them hating\nYeah, they hating, baby, they wanna trade places\nI call her sexy lady, she call me Gucci, baby\n\n[Chorus: Bobby V]\nShe got a Fendi fetish, she got a shopping problem\nThat girl's a shopaholic, she only mess with ballers\nShe got a Gucci fetish, she got a Louis problem\nShe got a shopping problem, that girl's a shopaholic\nShe got a Fendi fetish, she got a shopping problem\nThat girl's a shopaholic, she only mess with ballers\nShe got a Gucci fetish, she got a Louis problem\nShe got a shopping problem, that girl's a shopaholic\n\n[Verse 2: Nicki Minaj]\nYo, I'ma need a couple of them Benzeses\nI be out in China spendin yens-eses\nGucci on my lenses-es\nMy leather so sensitive\nScratch my 9 o' clock\nI wanna shop, make it tentative\nDilly dilly d, look at all these hoochies\nI be on the beach in Emilio Pucci\nI'm the best, I'm the best, ask Khaled\nSorry little daddy, that card's not valid\nI need unlimited black cards like I'm racist\nSome real big faces, Louis Vuitton cases\nHoes in the hood say \"Nicki Minaj bougie\"\nI do it B.I.G. so I keep a couple CooGies, hoes\n\n[Chorus: Bobby V]\nShe got a Fendi fetish, she got a shopping problem\nThat girl's a shopaholic, she only mess with ballers\nShe got a Gucci fetish, she got a Louis problem\nShe got a shopping problem, that girl's a shopaholic\nShe got a Fendi fetish, she got a shopping problem\nThat girl's a shopaholic, she only mess with ballers\nShe got a Gucci fetish, she got a Louis problem\nShe got a shopping problem, that girl's a shopaholic\n\n[Verse 3: Bobby V]\nLouis V, fuck with me, every day's a shopping spree\nGot ice that be clear like glass, I be freakin' blindin' me\nMy level's hard to see, best to just admire me\nEverywhere I go, she go\nI go to the sto' just to blow big dough\nShe got a Louis problem, Louis this and Louis that\nLouis hanging from her arm, in her purse, a Louis strap\nBig cash is everywhere, haters love to stop and stare\nFly from the shooter here, so fucking hate, I don't care\nShe all about the money, she all about the cash\nShe all about me, Bobby, 'cause I be serving that ass\nI be serving the hard, she be serving me back\nI just give her the card, ain't no limit on that\n\n[Chorus: Bobby V]\nShe got a Fendi fetish, she got a shopping problem\nThat girl's a shopaholic, she only mess with ballers\nShe got a Gucci fetish, she got a Louis problem\nShe got a shopping problem, that girl's a shopaholic\nShe got a Fendi fetish, she got a shopping problem\nThat girl's a shopaholic, she only mess with ballers\nShe got a Gucci fetish, she got a Louis problem\nShe got a shopping problem, that girl's a shopaholic\n\n[Verse 4: Young Joey Da Prince]\nSilly me, buying all this Louis V\nTrue Religions, rocking Republic, 7's and Frankie B\nGucci, Louis, Fendi, Prada, Escada, Dolce and Gabbana\nLong as I'mma keep buying designer she's a rider\nScooped her out of that Nissan, threw her in a Hummer truck\nFour wheel drive when you ride, you ain't never stuck\nWho is he? Could it be? Young Joey, he gotta be\nHonestly the hottest 'cause when you shop there ain't no stoppin' me\nI ain't seen no black cards, all I know is push 'em in\nPrada gotta block, 100ft cops tryna scuff my Timbalands\nGoddamn, I love them haters, stepping on my Maury kids\nMe muggin' a Gucci truck, sorta like a [?]\n\n\n[Chorus: Bobby V]\nShe got a Fendi fetish, she got a shopping problem\nThat girl's a shopaholic, she only mess with ballers\nShe got a Gucci fetish, she got a Louis problem\nShe got a shopping problem, that girl's a shopaholic\nShe got a Fendi fetish, she got a shopping problem\nThat girl's a shopaholic, she only mess with ballers\nShe got a Gucci fetish, she got a Louis problem\nShe got a shopping problem, that girl's a shopaholic\n\nPay attention", "image": "https://images.genius.com/d4b8299bec1aac14c1931423e8d3466c.500x500x1.jpg"}], "artist": "Nicki Minaj"}