{"songs": [{"title": "Gun Shot", "album": "Pink Friday: Roman Reloaded", "year": "2012-04-02", "lyrics": "[Verse 1: Nicki Minaj]\nMi man, mi say nuff gyal a road a chase you lately\nMi know de trut, but that don\u2019t bother me\nSo tell dem gyal dem oooh\nAnd tell ya friend dem oooh\n\n[Refrain]\nMy gun a go gun shot in a dem bloodclaat\nHit dem wit it which part\nAny way dem go suh\nTell dem gyal dem yooo\nTell dem gyal seh yooo\nMy a gun go gun shot, in a dem blood clot\nHit dem wit it which part\nAny way dem go suh\nTell dem gyal dem yooo\nMek dem gyal dem know\n\n[Verse 2: Nicki Minaj]\nMi man, you say, I\u2019m crazy over you baby\nNo matter what they can\u2019t get in between us\nSo tell dem gyal dem ooohh\nAnd tell ya friend dem ooohh\n\n[Refrain]\n\n[Verse 3: Beenie Man]\nZaga, I am the girls dem sugar\nSometimes mi girlfriend wonder\nMek mi tell yuh something\nBeenie Man, I\u2019m a G\nThe girls them provide the lock for my key\nYou alone, mi a pree, you fulfill all my desires for me\nSo mi a go tell a gyal\nAnd her friend dem\n\n[Refrain 2: Beenie Man]\nI love it when yuh on top\nWuss when yuh guh backshot\nNone a dem nuh have that\nSo when dem run in\nMi a go tell a gyal\nMi a go tell a gyal\n\n[Verse 4: Beenie Man]\nHey pretty Nicki\nMeet admiral Dicky, friend dem a tel me say you have the sticky sticky\nGyal how yuh hot, and yuh sexy and pretty\nMe, yuh cherry mi want pick eh\nBut it's not every girl in my life I've introduced to my Mama\nBut you are the girl I man choose to give honor\nSo when some careless gyal a come with them silly drama\nTell dem pause like a sentence, mi using the comma\nMek we visit Marc Jacobs and call the wedding planner\nFor a romantic setting in the middle of the summer\nYa love is in di air, and it appears like ah banner\nNow the heart in a mi chest is like a hammer\n\n[Hook 2: Beenie Man & Nicki Minaj]", "image": "https://images.genius.com/d8ab635827060eb71d3130b28c7cd04f.1000x1000x1.jpg"}], "artist": "Nicki Minaj"}