{"songs": [{"title": "Freedom", "album": "Pink Friday: Roman Reloaded - The Re-Up", "year": "2012-11-02", "lyrics": "[Verse 1]\nThey'll never thank me for opening doors\nBut they ain't even thank Jesus when he died on the cross\n'Cause your spirit is ungrateful\nBitches is so hateful, I remain a staple\nMy career's been the pinkprint\nWhen I retire, tell 'em think pink\nPink Friday is the imprint\nAnd these bitches basic, instinct\nOh shit, my commercial's on\nDid I really body bitches with commercial songs?\nDid I really prophecy every thing I do?\nBut before I continue, let me thank my crew\nSo that was Young Wayne, Mack Maine, Baby and Slim came\nTezz and EI told me it wouldn't be in vain\n'Cause prior to me signing, I could've went insane\nAnd even now I think, \"Do I really want this fame?\"\nLet me get up and go, 700 to go overseas for a show\nEverybody get quiet when I'm starting the show\nMan, I'm birthing these artists and I'm starting to show\n\n[Chorus]\nI feel free, I feel freedom\nWhy they mad? You should see them\nBurn an L 'cause it's crazy in here\nCrazy in here, crazy in here\nI feel free, I feel freedom\nWhy they mad? You should see them\nBurn an L 'cause it's crazy in here\nCrazy in here, crazy in here\n\n[Verse 2]\nWho I wanna work with? Nobody! 99% of them is nobody\nBitches acting like they killing shit, OK\nWhen I check these bitches guns, no bodies\nThese niggas is fake fucks and opportunists\nNiggas spend they last dime to say the copped the soonest\nWhy these niggas going broke to get your approval?\nPretty soon, they'll be back up on them Ramen Noodles\nB-B-B-bible, Queen is the title\nAnd if you are my rival, then that means you're suicidal\nAnd if you in the club, then it's a Young Money recital\nI'm just that vital, I'm busy, never idle\nI'm ya idol, I'm ya idol, I'm ya mothafuckin' idol\nPink Friday in Macy's, thongs and some pasties\n(Yo, what other female rapper perfume in here? 'Cause I must've missed it)\n12 milli to kick my feet up, get ready this is the Re-up\n\n[Chorus]\nI feel free, I feel freedom\nWhy they mad? You should see them\nBurn an L 'cause it's crazy in here\nCrazy in here, crazy in here\nI feel free, I feel freedom\nWhy they mad? You should see them\nBurn an L 'cause it's crazy in here\nCrazy in here, crazy in here\n\n[Bridge]\nMirror, mirror, won't you realize? I just have to decide\nWhat you hiding from? What you hiding from?\nMirror, mirror, won't you realize? I just have to decide\nWhat you hiding from? What you hiding from?\nHiding, baby\nWould you, would you, give your\nWould you, would you, give your\nWould you, would you, give your all for yours?\nWould you, would you, give your\nWould you, would you, give your\nWould you, would you, give your all for yours?\n\n[Chorus]\nI feel free, I feel freedom\nWhy they mad? You should see them\nBurn an L 'cause it's crazy in here\nCrazy in here, crazy in here\nI feel free, I feel freedom\nWhy they mad? You should see them\nBurn an L 'cause it's crazy in here\nCrazy in here, crazy in here\nIt's crazy in here", "image": "https://images.genius.com/2d7b73379057607ed4c1a8637d31c15b.400x400x1.jpg"}], "artist": "Nicki Minaj"}