{"songs": [{"title": "Wave Ya Hand", "album": "Pink Friday", "year": "2011-02-23", "lyrics": "[Hook]\nWave ya hand if you look good\nThrow some shade if you look good\nWave ya hand if you look good\nAnyway, bitch, you look good\nWave ya hand if you look good\nThrow some shade if you look good\nWave ya hand if you look good\nAnyway, bitch, you look good\n\n[Verse 1]\nI tell them bitches anyway\n'Cause we don\u2019t care what none of them gyal affi say\nYou can\u2019t stop me, I\u2019mma fulfill my prophecy\nI do it, I did it, the proper way\nAh, my property, now watch how we operate\nBottles on ice, the bottles is on ice\nThe VIP lights is hitting us just right\nSo if you getting money, just throw it up in the air\nYour hands in the air, like I was your puppeteer\nCause I, I, I, I am Zolanski\nSome call me Barbie, yes, I\u2019m life-size\nYes, I am humble, yes, but why lie?\nI am the reason why these girls go bye-bye!\n\n[Hook: Nicki Minaj]\nWave ya hand if you look good\nThrow some shade if you look good\nWave ya hand if you look good\nAnyway, bitch, you look good\nWave ya hand if you look good\nThrow some shade if you look good\nWave ya hand if you look good\nAnyway, bitch, you look good\n\n[Verse 2]\nOkay now, this right here can get me in trouble\n'Cause when I say I ball, I don\u2019t mean in a huddle\nI\u2019m always in the lime, never do nothing subtle\n'Cause it\u2019s Pink Friday, ho! That's their rebuttal\nMy two guns up, let's blaze it, let's go\nI keep a lot of money up in the Escrow\nAnd when I\u2019m at the game, I\u2019m in the best row\nI am the baddest bitch in the pet store\nCause I, I, I am Onika\nAnd these shoes here mean fashionista\n\u2018Cause these don\u2019t come out 'til it's Easter\nI\u2019m VIP bound with Leighton Meester\n\n[Hook]\nWave ya hand if you look good\nThrow some shade if you look good\nWave ya hand if you look good\nAnyway, bitch, you look good\nWave ya hand if you look good\nThrow some shade if you look good\nWave ya hand if you look good\nAnyway, bitch, you look good\n\n[Bridge]\nYaaah yaaah yah yaaah yaaah\nYah yaaah yaaah yah yaaah yaaah\nYaaaaah yaaAAAAAAAHHHH!!!\n(mumbling)\nYaaah yah yaaah yaaah, yaaah, yaaah\nYah yaaah yaaah yaaah!\n\n[Hook]\nWave ya hand if you look good\nThrow some shade if you look good\nWave ya hand if you look good\nAnyway, bitch, you look good\nWave ya hand if you look good\nThrow some shade if you look good\nWave ya hand if you look good\nAnyway, bitch, you look good", "image": "https://images.genius.com/44a8be97aef4cdd5114bd6cec02b2357.1000x1000x1.png"}], "artist": "Nicki Minaj"}