{"songs": [{"title": "Starships", "album": "Pink Friday: Roman Reloaded", "year": "2012-02-14", "lyrics": "[Verse 1]\n(RedOne..., Uh)\nLet's go to the beach, each\nLet\u2019s go get away\nThey say, what they gonna say?\nHave a drink, clink, found the Bud Light\nBad bitches like me is hard to come by\nThe patron own, let's go get it on\nThe zone on, yes I'm in the zone\nIs it two, three? Leave a good tip\nI'mma blow off my money and don't give two shits\n\n[Pre-Chorus]\nI'm on the floor, floor\nI love to dance\nSo give me more, more, 'til I can't stand\nGet on the floor, floor\nLike it's your last chance\nIf you want more, more\nThen here I am\n\n[Chorus]\nStarships were meant to fly\nHands up and touch the sky\nCan't stop cause we\u2019re so high\nLet's do this one more time\nStarships were meant to fly\nHands up and touch the sky\nLet's do this one last time\nCan't stop...\n\n[Post-Chorus]\n(We're higher than a motherfucka)\n(We're higher than a motherfucka)\n(We're higher than a motherfucka)\n\n[Verse 2]\nJump in my hoopty-hoopty-hoop\nI own that\nAnd I ain't payin' my rent this month\nI owe that\nBut fuck who you want, and fuck who you like\nDancehall life, there's no end in sight\nTwinkle, twinkle little star\nNow everybody let me hear you say ray, ray, ray\nNow spend all your money cause today pay day\nAnd if you're a G, you a G-G-G\nMy name is Onika, you can call me Nicki\n\n[Pre-Chorus]\nGet on the floor, floor\nLike it's your last chance\nIf you want more, more\nThen here I am\n\n[Chorus]\nStarships were meant to fly\nHands up and touch the sky\nCan't stop 'cause we\u2019re so high\nLet's do this one more time\nStarships were meant to fly\nHands up and touch the sky\nLet's do this one last time\nCan't stop...\n\n[Post-Chorus]\n(We're higher than a motherfucka)\n(We're higher than a motherfucka)\n(We're higher than a motherfucka)\n\n[Chorus]\nStarships were meant to fly\nHands up and touch the sky\nCan't stop 'cause we\u2019re so high\nLet's do this one more time\nStarships were meant to fly\nHands up and touch the sky\nLet's do this one last time\nCan't stop...\n\n[Post-Chorus]\n(We're higher than a motherfucka)\n(We're higher than a motherfucka)\n(We're higher than a motherfucka)", "image": "https://images.genius.com/c99b3df75292abbaaa43a28bafc1f988.1000x1000x1.jpg"}], "artist": "Nicki Minaj"}