{"songs": [{"title": "Dirty Money", "album": null, "year": null, "lyrics": "[Intro:]\nI don't wanna sound mad, though! I don't wanna sound mad!\nI feel marvelous right now!\nDirty money!\n\n[Verse:]\nTell that bitch with the crown to run it like Chris Brown\nShe won 3 rounds, I'mma need a hundred thou\nLike china town, bitches better bow down\nOh, you ain't know? bet ya'll bitches know now\nFuck I gotta do to let 'em know that I'm the one?\nWay I ride the drum they salute me in the slum\nIn the 6 hun the color of bubble gum\nI'm with my nigga spits and my nigga, bun crum (waddup!)\nYes, I'm the one, I'm the motherfuckin' one (chyeah!)\nHold more weight than the late big pun (oh!)\nBitches talk slick, but they ain't say nun (no!)\nMad cause I'm bad, 2 sticks in my bun (chyeah!)\nYes, sir, look what i've done\nThey r-run, run when I come\nBum-stickity-bum, let me tell 'em where I'm from\nQueens, little mama, gabbana, some nice pumps (chyeah!)", "image": "https://images.genius.com/9eb9bb10b4dff8ba05121dfb216b3be2.467x467x1.jpg"}], "artist": "Nicki Minaj"}