{"songs": [{"title": "The Night Is Still Young", "album": "The Pinkprint", "year": "2015-04-12", "lyrics": "[Verse 1]\nYo, ayo tonight is the night that I'ma get twisted\nMyx Moscato and vodka, I'ma mix it\nRoll that spaceship, we \u2018bout to get lifted\nLive in the present, that gift is for the gifted\nThis what you came, this what you came for\nYou get what you buy, this what you paid for\nSo make sure the stars is what you aim for\nMake mistakes though\n\n[Pre-Chorus]\nI never worry, life is a journey\nI just wanna enjoy the ride\nWhat is the hurry? It's pretty early\nIt's ok, we'll take our time\n\n[Chorus]\nThe night is still young\nThe night is still young\nThe night is still young\nAnd so are we\nThe night is still young\n(How dare we sit quietly)\nThe night is still young\n(And watch the world pass us by)\nThe night is still young\n(How dare we sit quietly)\nSo are we\n\n[Verse 2]\nAyo, drinks on you, or the drinks is on me\nWe ain't going nowhere like tanks is on E\nWe still getting money, what bank it's gon' be?\nIf he sexy, he planking on me\nSo when them big boys want all of that (Ay!)\nTell the bartender, say my order back (Ay!)\nIt's bottle service, he ordered that (Ay!)\nMight let him take it home and slaughter that\nHe got friends for all of my friends\nThey ain't leaving 'till we say when\nAnd we gon' hangover the next day\nBut we will remember this day\nSo drop the pop and get low\nOr we can drop the top and just cruise\nWe fresh to death, down to the shoes\nMy only motto in life is don't lose\n\n[Pre-Chorus]\nI never worry, life is a journey\nI just wanna enjoy the ride\nWhat is the hurry? It's pretty early\nIt's ok, we'll take our time\n\n[Chorus]\nThe night is still young\nThe night is still young\nThe night is still young\nAnd so are we\nThe night is still young\n(How dare we sit quietly)\nThe night is still young\n(And watch the world pass us by)\nThe night is still young\n(How dare we sit quietly)\nSo are we\n\n[Bridge]\nWe're just getting started, yeah, yeah\nWe're just getting started, yeah, yeah\nCan't you see the night's still early\nAnd we gon' get it wild and crazy\n\n[Bridge]\nWe're just getting started, yeah, yeah\nWe're just getting started, yeah, yeah\nCan't you see the night's still early\nAnd we gon' get it wild and crazy\n\n[Chorus]\nThe night is still young\nThe night is still young\nThe night is still young\nAnd so are we\nThe night is still young\n(How dare we sit quietly)\nThe night is still young\n(And watch the world pass us by)\nThe night is still young\n(How dare we sit quietly)\nSo are we\n\n[Outro]\nHow dare we sit quietly\nAnd watch the world pass us by\nHow dare we sit quietly\nAnd watch the world pass us by", "image": "https://images.genius.com/0684f858dee4189d9340c8f69fa2a26c.300x300x1.jpg"}], "artist": "Nicki Minaj"}