{"songs": [{"title": "I Feel Free", "album": "Beam Me Up Scotty", "year": "2009-04-18", "lyrics": "[Hook: Ricky Blaze]\nI feel free\nI'm rollin' with my niggas and we just bought the bar\nI feel free\nShawty lookin' at me cause she know I'm a star\nI feel free\nI'm in the club and I'm tryna get right\nI feel free\nMost of all cause I got life\nI feel free\n\n[Verse: Ricky Blaze]\nSend 3 more bottles to table 5\nWe buyin' out the bar, we livin' our life\nWe gettin' all right, shawties watchin' us\nWe lockin' down the club cause we straight dangerous\nMe and my dudes, me and my crew\nWe lockin' this down, ice is so blue\nThese dudes talkin' they mouth but they ain't true\nWe shuttin' this bitch down\n\n[Hook: Ricky Blaze]\nI feel free\nI'm rollin' with my niggas and we just bought the bar\nI feel free\nShawty lookin' at me cause she know I'm a star\nI feel free\nI'm in the club and I'm tryna get right\nI feel free\nMost of all cause I got life\nI feel free\n\n[Verse: Ron Browz]\nI just signed the deal so everything is all good\nMade a mood and get my niggas out the hood\nSame place where Murda Mace once stood\nFerrari cars, interior all wood\nNow I'm in the club, bottles on me\nLouis Vuitton fits on me\nHeavy chains, nothin' hollow on me\nI'm a star now, all the problems on me\nShawty lookin' nice so I'm lovin' her\nI don't care what you say, I'm cuffin' her\nShe's hot, nigga can't get enough of her\nDrinkin' champagne, I can't stop touchin' her\nHer pretty eyes is killin' me\nHer glossy lips is stealin' me\nAfter the club ma, we can chill in the V\nTonight is our night and ma, I feel free\n\n[Hook: Ricky Blaze]\nI feel free\nI'm rollin' with my niggas and we just bought the bar\nI feel free\nShawty lookin' at me cause she know I'm a star\nI feel free\nI'm in the club and I'm tryna get right\nI feel free\nMost of all cause I got life\nI feel free\n\n[Verse: Red Cafe]\nI feel so free\nSo loose, drinks on me\nI'm too G, Gucci links on me\nGame locked down, I'm the nigga with the key\nI see your girl, she's so fly\nShe's got wings, see her float by\nWhole crew sick, hottest things out\nStreet fitted in bring 'em out, bring 'em out\nL.V. on the shoulder\nShe look right in the Rover\nIn the club, never sober\nBallers, we the niggas on the posters\nRockstar, so Sunny Bono\nCowboy, so Tony Romo\nShake down shawty, that's the logo\nFeel free, fuck the po-po\n\n[Verse: Nicki Minaj]\nHopped off the boat, I am such an immigrant\nWhy he get Nicki Minaj tatted on his ligament?\nWait, just for the record get wetter than fishermen\nPull up with some 26s up under the Michelins\nYou know I pop-pop-pop it like a pistol\nThat's why I keep my wrist looking like like a disco\nAnd everywhere I go they tell me that I'm pretty\nMy money slow, my money stupid, money ditsy\nMommy you bad but Nicki is badder\nStep your cookies up, go get you a ladder\nWe do it early like Cheerios and a bagel\nI feel freer than the slaves on the railroad\n\n[Bridge: Nicki Minaj]\nYou think I'm lying\nI feel like I'm flying\nI feel like I'm finally free\nI'm free [x3]\n\n[Hook: Ricky Blaze]\nI feel free\nI'm rollin' with my niggas and we just bought the bar\nI feel free\nShawty lookin' at me cause she know I'm a star\nI feel free\nI'm in the club and I'm tryna get right\nI feel free\nMost of all cause I got life\nI feel free", "image": "https://images.genius.com/d4b8299bec1aac14c1931423e8d3466c.500x500x1.jpg"}], "artist": "Nicki Minaj"}