{"songs": [{"title": "Right Thru Me [Explicit Version] by Nicki Minaj", "album": null, "year": null, "lyrics": "You see right through me\nHow do you do that shit x3\nHow do you x4\n[x2]\n\nVerse 1 :\nYou let me win\nYou let me ride\nYou let me rock\nYou let me slide\n& when they lookin'\nYou let me hide\nDefend my honor\nProtect my pride\nThe good advice\nI always hated\nBut looking back\nIt made me greater\nYou always told me\nForget the haters\nJust get my money\nJust get my weght up\nKnow when i'm lying\nKnow when i'm crying\nIts like you got it\nDown to a science\nWhy am i trying\nNo you ain't buying\nI tried to fight it\nBack with defiance\nYou make me laugh\nYou make me hoarse\nFrom yelling at chu\nAnd getting at chu\nPicking up dishes\nThrowing them at chu\nWhy are you speaking\nWhen no one asked you\n\nChorus :\nYou see right through me\nHow do you do that shit x3\nHow do you x4\n[x2]\n\nVerse 2:\nWhat are we doing\nCould you see through me ?\nCause you say nikki\nAnd i say who me ?\nAnd you say no you\nAnd i say screw you\nThen you start dressing\nAnd you start leaving\nAnd i start crying\nAnd i start screaming\nThe heavy breathing\nBut what's the reason\nAlways get the reaction you wanted\nIm actually fronting\nIm askin' you something\nYo, answer this question\nClass is in session\nTired of letting\nPassive aggression\nControl my mind\nCapture my soul\nOk your right\nJust let it go\nOk you got it\nIt's in the can\nBefore i played it\nYou knew my hand\nYou could turn a free throw into a goal\nNigga got the peep hole to my soul\n\nChorus:\nYou see right through me\nHow do you do that shit x3\nHow do you x4\n[x2]\nStop ohhh..\n..stopp ohhh\nWould you just stop looking through me cause i just can't take it\nNo i can't take it\nYou see right through me\nHow do you do that shit x3\nHow do you x5\n[x2]\nYou see right through me\n(you see right through me baby)\nYou see right through me x2\n....yeah yeah\n---\n.", "image": "https://images.genius.com/9eb9bb10b4dff8ba05121dfb216b3be2.467x467x1.jpg"}], "artist": "Nicki Minaj"}