{"songs": [{"title": "Sticks In My Bun", "album": "Playtime is Over", "year": "2007-07-05", "lyrics": "[Hook]\nI done put sticks in my bun\nSo they recognize me when I come\nI'm DMC like run\nListen mammi I'm the muhfuckin one\n\nYou don't like me you just like my flow\nJust booked a show but I might not go\nNigga said he didn't have a pole for my ho\nDamn why a nigga tryna fuck up my dough?\n\nWhen it come to me every light say go\nThey tell me to stop but I'm like hell no\nNow everybody watch my M.O\nNicki been hot since you rock shell tops\nYessir\n\nHa ha ha ha\nGotta laugh at that\nBitch give me the ball I'm a pass it back\nSpit nothin but crack got bags of that\nWhen it come to rap I master that\n\n[Hook] x2\n\nYou can spot me from a mile away\nNicki sexy any time of day\nWord on the street is that I'm chinese\nNo lil mama I'm just high off haze\n\nDon't fuck a dude if a dude don't pay\nDon't suck a dude if a dude dirty\nWhen it come to you gotta look purty\nSit up in the booth get your weave curly, hey\n\nSim simma\nPass me the keys to my beemer\nWish I had a booty like Trina\nNigga get your green up\nStay in the sky like Nina\nFlights to Japan, Tiran and Korea\n\n[Hook] x2\n\n[Ad Libs]\nI gotta laugh at these bitches\nThese bitches can't be serious!", "image": "https://images.genius.com/b256017f3b831150266cf5131d761bfe.600x599x1.jpg"}], "artist": "Nicki Minaj"}