{"songs": [{"title": "Up All Night Nicki Verse", "album": null, "year": null, "lyrics": "[Verse 1: Nicki]\n\nIf drizzy say get her, Ima get her\nI got that kind of money, make a broke bitch bitter\nI got that kind of, wait wait, fixate\nWhich bitch you know made a million off a mixtape\nThat was just a keepsake, bought the president the louis\nPresidental briefcase, never been the cheapskate\nWe got the hawks, I ain't talkin' bout the peach state\nMaann for peeps sake, scratch that, sweepstakes\nFuck I look like ho, I look like yes and you look like no\nIma bad bitch, I ain't never been a mixed breed\nOn a diet, but im doing donuts in a 6speed\nM6 in front of M2, I see alot of rap bitches on the menu\nBut I collect a hunnit thou at the venue\nAnd pop bottles with my team, Young Money till the death of me\n[Verse 2: Nicki]\n\nI mean we can't even rock them shoes if it dont got a comma on the pricetag\nYou know, I mean but then again, who looks at the pricetag you know", "image": "https://images.genius.com/9eb9bb10b4dff8ba05121dfb216b3be2.467x467x1.jpg"}], "artist": "Nicki Minaj"}