{"songs": [{"title": "Your Love (Remix)", "album": null, "year": "2010-06-01", "lyrics": "[Intro: Nicki Minaj & (Jay Sean)]\nJay Sean\nNicki Minaj\n(Yeah, yeah)\n\n[Verse 1: Jay Sean]\nDamn baby, this thing is on\nYou can stand in em Louis Vuittons\nYou ain't gotta do nothing\nLet me show you what love means\nBaby close your eyes\nYou can feel the air between your thighs\nAnd I don't even mind\nLetting you know\nThat I will go all night\n\n[Chorus: Nicki & Jay Sean]\nYour love, your love (yeah)\nYour love, your love (yeah)\nYour love, your love (yeah)\nYour love, your love (yeah)\n(So give me your love) Your love, your love\n(Girl I need) Your love Your love\n(Said I need your love) Your love, your love\n(Said I need your love) Your love, your love\n\n[Verse 2: Jay Sean]\nI wanna be the one you hold in the morning\nAnd ill be there girl when you call me\n'Cause it's the kind of love I wanna give\nLady thats the life I wanna live\nYou make me wanna turn around and settle down\n'Cause you the baddest girl around\nBaby the illest (baby the illest)\nThat you thought it was the realest\n(you know)\n\n[Pre-Chorus: Nicki Minaj & Jay Sean / Both]\nShorty I'ma only tell you this once, you the illest (I know)\nAnd for your loving I'ma die hard like Bruce Willis (yeah, yeah I know)\nYou got spark, you, you got spunk (oooo)\nYou, you got something all the girls want (oooaa)\nYou're like a candy store\nAnd I'm a toddler\nYou got me wanting more and more of\n\n[Chorus: Nicki Minaj]\nYour love, your love\nYour love, your love\nYour love, your love\nYour love, your love\nYour love, your love\nYour love, your love\nYour love, your love\nYour love, your love\n\n[Verse 3: Nicki Minaj]\nHe the type to pop tags and be cockin the brim\nMight breeze through The Ave, might stop at the gym\nAnd he keep a du rag, keep his wave on swim\nWa wa waves on swim so they hate on him\nAnyway I think I met him sometime before\nIn a different life or where I record\nI mean he was Adam, I think I was Eve\nBut my vision ends with the apple on the tree\n'S' on my chest cuz I'm ready to save him\nReady to give up on anybody that plays me\nAnd I think I love him, I love him just like I raised him\nWhen he call me mama, lil mama, I call him baby\n\n[Chorus: Nicki Minaj & Jay Sean]\nYour love, your love (yeah)\nYour love, your love (yeah)\nYour love, your love (yeah)\nYour love, your love (yeah)\nYour love, your love (so fine)\nYour love, your love (so fine)\nYour love, your love (so fine)\nYour love, your love (so fine)\n\n[Outro: Nicki Minaj & Jay Sean / Jay Sean]\nFind me in the dark\nI'll be in the stars\nFind me in your heart\nI'm in need of your love\nBaby your love\nYour love\nYour love\nYour love\nYour love\nBaby your\nBaby your\nYour the illest\nYour love\nYour love\nYour love, your love\nYour love, your love\nYour love", "image": "https://images.genius.com/f2b8f39878b725e85618752513948e81.630x630x1.jpg"}], "artist": "Nicki Minaj"}