{"songs": [{"title": "Iim the best", "album": null, "year": null, "lyrics": "It was back in '07 did a couple of tapes\nDid a couple DVD's made a couple mistakes\nDidn't know what I was doing, but I put on a cape\nNow it's which World Tour should I go on and take\nSee you told me I would lose but I won\nI might cop a million Jimmy Choo's just for fun\n'Cause bitches couldn't take what was in me\nAustralia, Sydney\nMight run up in Disney, out in L.A. with Lindsey\nGot the eye of the tiger, the lion of Judah\nNow it's me in my time, it's just me in my prime\nEverything I tried to teach 'em, they gone see it in time\nTell them bitches get a stick, I'm done leadin' the blind\nGot two shows tonight, that's Brooklyn and Dallas\nThen a private party at the Buckingham palace\nWhich means I gotta fly like a movie no commercial\nThat's Young Money, Cash Money yeah I'm Universal\n\n[Chorus]\nI hear they comin' for me\nBecause the top is lonely\nWhat the fuck they gon' say\nWhat the fuck they gon' say\nI'm the best bitch doin' it, doin' it\nI'm the best bitch doin' it, doin' it\nI'm the best, best, best, best\nI'm the best, best, best, best\nI'm the best\nI remember when I couldn't buy my mother a couch\nNow I'm sittin' at the closin' bought my mother a house\nYou could never understand why I grind like I do\nMikiyah and Gulani while I grind like I do\n'C-c-cause even when my daddy was on crack, I was cracked\nNow the whole album crack you ain't gotta skip a track\nI ain't gotta get a plaque, I ain't gotta get awards\nI just walk up out the door all the girls will applaud\nAll the girls will commend, as long as they understand\nThat I'm fighting for the girls, that never thought they could win\n'Cause before they could begin you told 'em it was the end\nBut I am here to reverse the curse that they live in\nGot two bones to pick, I'ma only choose one\nYou might get addressed on the second album\nWhich means you can breath, tell that motherfucker say so\nTo all my bad bitches, I can see your halo\n\n[Chorus]\nAh, it's OK\nIt's OK, long as you know\nLong as you know\nLong as you motherfuckers know\nI'm the best, best, best, best\n\n[Chorus]", "image": "https://images.genius.com/9eb9bb10b4dff8ba05121dfb216b3be2.467x467x1.jpg"}], "artist": "Nicki Minaj"}