{"songs": [{"title": "Talking that  stuff", "album": null, "year": null, "lyrics": "Don't let them haters get the best of u all them haters out there just jealous broads they wanna have it like u all them haters out there can't be like u they mad cause they can't dance like u they mad cause they don't have swag like u I mean I don't know man why they hatin for I ain't do nothing wrong so why they hatin they just jealous of you they don't have stuff like u or they don't look like u", "image": "https://images.genius.com/9eb9bb10b4dff8ba05121dfb216b3be2.467x467x1.jpg"}], "artist": "Nicki Minaj"}