{"songs": [{"title": "I Love My Range Rover", "album": null, "year": "2012-01-01", "lyrics": "[Verse 1:]\nShe's so pretty, she know they want her, but -\nShe's so sididdy, they can't afford her,  but -\nAll the boys stare, when she comes around my way\nStraight out the driveway, head to the highway\nRed light, green light, got the best moves\nHeadlights, beam bright, got the best boobs\nI call her double R (Range Rover), my rough rider\nWe hit a couple malls, then the Ramada\nCause on the road of life, she is the spokesmodel\nHer body tighter, than a coke bottle\nShe super charge cars, anything for Minaj\nAnd she could only park, in the superstar garage\nCause she-she-she-she bad, if anybody ask\nHer bags is boss, cause her leather so soft\nIf it ain't of been softer, tell 'em raise the offer\nUsed to fuck with a yellow bitch, named Porsche\nN-n-now it's me and her, she say it's you Minaj\nRed underneath her shoe, that's Louie Vuitton\n\n[Hook:]\nLa-la-la-la-la-la-la, (la-la-la) la-la-la-la-la-la-la (la-la-la-la-la)\nLa-la-la-la-la-la-la, (la-la-la) la-la-la-la-la-la-la (la-la-la-la-la)\nI love my, I love my, I love my Range Rover\nI love my Range Rover, I-I-I-love my Range Rover\nI love my, I love my, I love my Range Rover\nI love my Range Rover, I-I-I-love my Range Rover\n\n[Post Hook:]\nPumps on the gas, 140 on the dash\nOn the dash, on the dash, on the d-d-d-d-ash\nPumps on the gas, 140 on the dash\nOn the dash, on the dash, on the d-d-d-d-ash\n\n[Verse 2:]\nShe's so dope, you know she even help me -\nTransport the dope, that mama stay around that -\nWhite, like the pope, they get the canine, but they -\nCan't smell the coke, now you tell me why is it\nNow you tell me why is it, don't need the Riker's visit\nThat is because, I'm about the color, of the Geico lizard\nShe L-Lewinsky, hold ya bosses-es\nCome around town, three hundred horses-es\nPower she devour, got them gettin' divorces-es\n(Sirens blaring)....I don't stop for officers\nAnd now we hit hydraulics, that's for the left turn\nNeed I repeat, she got more horses, than a Western\nYou know she beat weight, so she don't eat late\nA vegetarian, she sipping on that V-eight\nThey try to gas her, they try to put it in her\nYou can't pass her, she faster than a TV dinner\nHer lip gloss poppin', we call it Armor All\nWe chuck the deuces up, d-d-don't know all of y'all\n\n[Hook:]\nLa-la-la-la-la-la-la, (la-la-la) la-la-la-la-la-la-la (la-la-la-la-la)\nLa-la-la-la-la-la-la, (la-la-la) la-la-la-la-la-la-la (la-la-la-la-la)\nI love my, I love my, I love my Range Rover\nI love my Range Rover, I-I-I-love my Range Rover\nI love my, I love my, I love my Range Rover\nI love my Range Rover, I-I-I-love my Range Rover\n\n[Post Hook:]\nPumps on the gas, 140 on the dash\nOn the dash, on the dash on the d-d-d-d-ash\nPumps on the gas 140 on the dash\nOn the dash, on the dash on the d-d-d-d-ash\n\n[Outro Hook:]\nLa-la-la-la-la-la-la, (la-la-la) la-la-la-la-la-la-la (la-la-la-la-la)\nLa-la-la-la-la-la-la, (la-la-la) la-la-la-la-la-la-la (la-la-la-la-la)", "image": "https://images.genius.com/9eb9bb10b4dff8ba05121dfb216b3be2.467x467x1.jpg"}], "artist": "Nicki Minaj"}