{"songs": [{"title": "Trini Dem Girls", "album": "The Pinkprint", "year": "2015-09-01", "lyrics": "[Hook: Lunchmoney Lewis]\nBrixton girls, dem a pat the pum pum\nDem a wine up dem waist, dem a pat the pum pum\nQueens dem girls, dem a pat the pum pum\nDem a wine up dem waist, dem a pat the pum pum\nTrini dem girls, dem a pat the pum pum\nDem a wine up dem waist, dem a pat the pum pum\nJamaica dem girls, dem a pat the pum pum\nDem a wine up dem waist, dem a pat the pum pum\n\n[Verse 1: Nicki MInaj]\nYo, he in love with a ghetto girl\nHe said he want a piece like Metta World\nPat, pat on the kitty cat\nHe don't mess with them...regulars\nHe tryna kick it like a ninja\nHe tryna stick it like syringes\nHe don't ever play the benches\nSo I'ma let him touch it if he playin' with some inches\n\n[Pre-Hook: Nicki Minaj]\nI know that you want it\nI see that you watching\nYou love when I wine it\nYou know that I'm sexy\nI hope that you ready\nTo come here and get it\nWhere di hot gyal dem\n\n[Hook: Lunchmoney Lewis]\nBrixton girls, dem a pat the pum pum\nDem a wine up dem waist, dem a pat the pum pum\nQueens dem girls, dem a pat the pum pum\nDem a wine up dem waist, dem a pat the pum pum\nTrini dem girls, dem a pat the pum pum\nDem a wine up dem waist, dem a pat the pum pum\nJamaica dem girls, dem a pat the pum pum\nDem a wine up dem waist, dem a pat the pum pum\n\n[Verse 2: Nicki Minaj]\nPut it in his face like a cop badge\nHe wanna pound it like a hashtag\nHe gonna have to get the wash rag\nIf he shoot it up, I'm gonna bust back\nThem island girls is the baddest (mm)\nAmerican girls run the planet (mm)\nSouth African, European, Asian, Australian\nAnd my Canadian Girls\n\n[Pre-Hook: Nicki Minaj]\nI know that you want it\nI see that you watching\nYou love when I wine it\nYou know that I'm sexy\nI hope that you ready\nTo come here and get it\nWhere di hot gyal dem\n\n[Hook: Lunchmoney Lewis]\nBrixton girls, dem a pat the pum pum\nDem a wine up dem waist, dem a pat the pum pum\nQueens dem girls, dem a pat the pum pum\nDem a wine up dem waist, dem a pat the pum pum\nTrini dem girls, dem a pat the pum pum\nDem a wine up dem waist, dem a pat the pum pum\nJamaica dem girls, dem a pat the pum pum\nDem a wine up dem waist, dem a pat the pum pum\n\n[Bridge: Nicki Minaj]\nAll the bad boys try to push up on me (Hey)\nHe want a bad girl to come and spend his money (Hey)\nHe say it taste good, just like honey (Hey)\nHe in love with a girl from the islands\nAnd how the miniskirt flow\n\n[Pre-Hook: Nicki Minaj]\nI know that you want it\nI see that you watching\nYou love when I wine it\nYou know that I'm sexy\nI hope that you ready\nTo come here and get it\nWhere di hot gyal dem\n\n[Hook: Lunchmoney Lewis]\nBrixton girls, dem a pat the pum pum\nDem a wine up dem waist, dem a pat the pum pum\nQueens dem girls, dem a pat the pum pum\nDem a wine up dem waist, dem a pat the pum pum\nTrini dem girls, dem a pat the pum pum\nDem a wine up dem waist, dem a pat the pum pum\nJamaica dem girls, dem a pat the pum pum\nDem a wine up dem waist, dem a pat the pum pum", "image": "https://images.genius.com/e6951472bdf7074eced144472c3b71c0.1000x1000x1.jpg"}], "artist": "Nicki Minaj"}