{"songs": [{"title": "I Feel Pretty (Roman's Revenge [Alternate Version])", "album": null, "year": "2010-10-30", "lyrics": "[Hook: Nicki Minaj]\nI feel pretty (x3)\nAnd witty\nAnd gay\nAnd I pity any girl who isn't me tonight\n\n[Verse 1: Eminem]\nI ain't into S&M, but my whip's off the chain\nA little drop of candy paint drips off the frame\nTwisted-ass mind, got a pretzel for a brain\nAn eraser for a head, fucking pencil for a frame\nYou don't like it then peel off, bitch\nEvery last woman on Earth I'll kill off, and I still wouldn't fuck you, slut\nSo wipe the smile on your grill off\nI swear to God I'll piss a Happy Meal off\nGet the wheels turning, spin, and wheel off\nSnap the axle in half, bust the tie-rod\nQuit hollering \"Why, God?\" He ain't got shit to do with it\nBygones'll never be bygones, so won't be finished swallowing my wad\nI ain't finished blowing it, nice bra\nHope it'll fit a tough titty, bitch, life's hard\nI swear to God, life is a dumb blonde white broad\nWith fake tits and a bad dye job\nWho just spit in my fucking face and called me a fucking tightwad\nSo finally I broke down and bought her an iPod\nAnd caught her stealing my music, so I tied her arms and legs to the bed\nSet up the camera and pissed twice on her\nLook, two pees and a tripod!\nThe moral to the story is, life's treating you like dry sod?\nKick it back in its face, my God\nIt's Shady and Nicki Minaj, you might find the sight quite odd\nBut don't ask why, bitch (Ask why not)\n\n[Hook: Eminem]\nI feel ugly (x3)\nSlut don't touch me or hug me\nI'm mad and I pity any girl who gets with me tonight\n\n[Verse 2: Nicki Minaj]\nYou wanna sleep on me? Overnight?\nI'm the motherfucking boss, overwrite\nAnd when I pull up, vroom, motorbike\nNow all my niggas getting buck, overbite\nI see them dusty-ass Filas, Levi's\nRaggedy Ann, holes in your knee-highs\nI call the play, now do you see why?\nThese bitches calling me Manning Eli\nI hear them mumbling, I hear the cackling\nI got 'em scared, shook, panicking\nOverseas, church, Vatican\nYou at a standstill, mannequin\n\n[Verse 3: Eminem]\nAll you lil' faggots can suck it, no homo\nBut I'mma stick it to 'em like refrigerator magnets\nAnd I'm crooked enough to make straitjackets bend\nYeah, look who's back again, bitch, keep acting as if\nYou had the same passion that I have, yeah, right\nStill hungry, my ass, you assdicks had gastric bypass\nAin't hot enough to set fire to dry grass\nAnd 'bout as violent as hair on eyelids but eyelash!\nGo take a flying leap of faith off a fucking balcony\n'fore I shove a falcon wing up your fly ass\nYou know what time it is, so why ask?\nWhen Shady and Nicki's worlds clash, it's (high class) meets (white trash)\n\n[Hook: Nicki Minaj]\nI feel pretty (x3)\nAnd witty\nAnd gay\nAnd I pity any girl who isn't me tonight\n\n[Bridge: Nicki Minaj]\nRaah, raah, like a dungeon dragon\nRaah, raah, raah, like a dungeon dragon\nRaah, raah, raah, like a dungeon dragon\nLike a dungeon dragon, like a dungeon dragon\n\n[Outro: Nicki Minaj]\nRoman, Roman! Stop it, stop it!\nYou've gone mad, mad, I tell you, mad!\nYou and this boy Slim Shady!\nWhat's going on? They'll lock you away!\nThey'll put you in a jail cell! I promise!\nTake your mother's warning, Roman, please\nBack to bed! Run along! Let's go! Come on!\nWash your mouth out with soap, boys", "image": "https://images.genius.com/9eb9bb10b4dff8ba05121dfb216b3be2.467x467x1.jpg"}], "artist": "Nicki Minaj"}