{"songs": [{"title": "Playtime Is Over", "album": "Playtime is Over", "year": "2007-07-05", "lyrics": "[Intro: Big Mike]\nBig Mike, the new baddest bitch in the game\nShe go by the name of Nicki Minaj\nLet's get this shit poppin', playtime is over motherfuckers\n\n[Intro: Nicki Minaj]\nThis the one they was waitin' on, baby...\nI had to do it\n\n[Verse: Nicki Minaj]\nJust when they thought it was safe to play - I\nHit'em with the N.I.C to K.I\nI'm Tinkerbell, he's Peter Pay-ai\nTo these rap bitches, I'm Mother May I\nI wanna know why you waste your ti- I'm\nOn these rap hoes, that don't write they rhy- I'm\nGet a can of Sprite, with a twist of lime\nMoney, money, money always on my mind\nCoupe color purple, no I'm not Celie (Sil-lay)\nWe run New York, like we play relay\nMy flight took off, yours has been delayed\nGive it to them early bitches, so don't be late\nPlaytime is over, when I spit bars\nMy mixtape, bring all the boys to the yard\nAll the boys want Nicki, all the boys want mine\nAll the boys say they love me, yeah, they love me long time\nYes, I'm the girl that they heard of, I commit murder\nI body bitches, I don't need a burner\nQueens, oh yes, I rep Queens\nLittle white tee, plus some tight jeans\nI make it hard for these chicks to breathe\nWrist on freeze, I freeze up my sleeves\nWe gettin' money, like it grow on trees\nStay on my Qs, I stay on my Ps\nAfter I'm done, then you will acknowledge\nI'm the president, never went to college\nI'm a bad bitch, I don't need no stylist\nTell a bitch, hollas when she get my dollas\nBitches talk shit, but what is you sayin'?\nGot the illest dude in the game, speakin my name\nI'm the one, I'm the one, you heard me?\nSame number they stiched on McGrady jersey\nIf I show you how to do it, will you reimburse me?\nLet me put on my pumps, let me grab my skirtsy\nI am such a little lady, let me do my curtsi\nFuck a dry pussy bitch, cause I know she thirsty", "image": "https://images.genius.com/b256017f3b831150266cf5131d761bfe.600x599x1.jpg"}], "artist": "Nicki Minaj"}