{"songs": [{"title": "Whip It", "album": "Pink Friday: Roman Reloaded", "year": "2012-04-02", "lyrics": "[Verse 1]\nHey, you, jump in this ride\nIt's real nice, it's slippery inside\nWise guy come get this pie\nR-r-ride it in style\nSaid it a minute ago, I did it a minute ago\nI drop it, I pick it up slow, I want it, I'm kicking it though\n'Cause they know that I got that good shit\nSaid I'm bad, but I could be a good bitch\n\n[Pre-Chorus]\nSqueeze my body, rock my body\nBoy, you make me go\n\u201cNa-na-na-na, na-na-na, na-na-na\u201d me go\nPlease my body, heal my body\nBoy, you make me go\n\u201cNa-na-na-na, na-na-na, na-na-na\u201d me go\nWe gon'\n\n[Chorus]\nHey, stranger over there\nI'm really liking the way you whip it, whip it\nYeah, I want you every day\nYou're so right (So right)\nYou're so tight (So tight)\nYou got my world spinnin'\nYou got my world spinnin'\nMy head goes round and around, r-round and around\nAnd I'm thinking if we could be\nStranger, what you say?\nI'm really liking that way you whip it, whip it\nWhip it, whip it, whip it, whip it (Uh!)\n\n[Drop]\n\u201cNa-na-na-na, na-na-na, na-na-na\u201d me go\n\u201cNa-na-na-na, na-na-na, na-na-na\u201d me go\n\n[Verse 2]\nWoah\nIs that my cue?\nI'm lookin' for some brain to boost my IQ\nI'm like 5'2\", my SAT scores was high too\nBut I don't wanna brag I Louis Vuitton bagged him\nHopped out the jag proceeded to shag-shagged him\nSlim, trim, also light skin\nSo Pe-Pe-Peter put the pipe in\n\n[Pre-Chorus]\nSqueeze my body, rock my body\nBoy, you make me go\n\u201cNa-na-na-na, na-na-na, na-na-na\u201d me go\nPlease my body, heal my body\nBoy, you make me go\n\u201cNa-na-na-na, na-na-na, na-na-na\u201d  me go\nWe gon'\n\n[Chorus]\nHey, stranger over there\nI'm really liking the way you whip it, whip it\nYeah, I want you every day\nYou're so right (So right)\nYou're so tight (So tight)\nYou got my world spinnin'\nYou got my world spinnin'\nMy head goes round and around, r-round and around\nAnd I'm thinking if we could be\nStranger, what you say?\nI'm really liking that way you whip it, whip it\nWhip it, whip it, whip it, whip it (Uh!)\n\n[Drop]\n\u201cNa-na-na-na, na-na-na, na-na-na\u201d me go\n\u201cNa-na-na-na, na-na-na, na-na-na\u201d me go\n\u201cNa-na-na-na, na-na-na, na-na-na\u201d me go\n\u201cNa-na-na-na, na-na-na, na-na-na\u201d me go", "image": "https://images.genius.com/d8ab635827060eb71d3130b28c7cd04f.1000x1000x1.jpg"}], "artist": "Nicki Minaj"}