{"songs": [{"title": "Your Love", "album": "Pink Friday", "year": "2010-06-01", "lyrics": "[Chorus]\nShawty, I'mma only tell you this once, you the illest\n(ba, ba-da, da, doh)\nAnd for your loving, I'mma die hard like Bruce Willis\n(ba, ba-da, da, doh)\nYou got spark, you, you got spunk\nYou, you got something all the girls want\nYou're like a candy store and I'm a toddler\nYou got me wanting more and m-m-more of\nYour love, your love (yeah)\nYour love, your love (yeah)\nYour love, your love (yeah)\nYour love, your love (yeah)\nYour love, your love\nYour love, your love\nYour love, your love\nYour love, your love\n\n[Verse 1]\nUh, uh, yo, he the type to pop tags and be cockin' the brim\nMight breeze through The Ave, might stop at the gym\nAnd he keep a doo-rag, keep the wave on swim\nW-w-waves on swim so they hate on him\nAnyway, I think I met him sometime before\nIn a different life or where I record\nI mean he was Adam, I think I was Eve\nBut my vision ends with the apple on the tree\n'S-s-s' on my chest 'cause I'm ready to save him\nReady to give up on anybody that plays him\nAnd I think I love him, I love him just like I raised him\nWhen he call me mama, lil mama, I call him baby\n\n[Chorus]\nShawty, I'mma only tell you this once, you the illest\n(ba, ba-da, da, doh)\nAnd for your loving, I'mma die hard like Bruce Willis\n(ba, ba-da, da, doh)\nYou got spark, you, you got spunk\nYou, you got something all the girls want\nYou're like a candy store and I'm a toddler\nYou got me wanting more and m-m-more of\nYour love, your love (yeah)\nYour love, your love (yeah)\nYour love, your love (yeah)\nYour love, your love (yeah)\nYour love, your love\nYour love, your love\nYour love, your love\nYour love, your love\n\n[Verse 2]\nHe the type to keep a couple hundred grand in a rubber band\nJust left Money Gram in the lemon Lam'\nHot damn, make me scream like Summer Jam\nI mean that nigga must be from the motherland\nAnyway, I think I met him in the sky\nWhen I was a Geisha he was a Samurai\nSomehow I understood him when he spoke Thai\nNever spoke lies and he never broke fly\n'S-s-s' on my chest let me get my cape on\nHe's so thugged out - Ghostface and Raekwon\n\"Konvict\" just like Akon\n'Cause you know the Snitches be putting the Jake on\n\n[Chorus]\nShawty, I'mma only tell you this once, you the illest\n(ba, ba-da, da, doh)\nAnd for your loving, I'mma die hard like Bruce Willis\n(ba, ba-da, da, doh)\nYou got spark, you, you got spunk\nYou, you got something all the girls want\nYou're like a candy store and I'm a toddler\nYou got me wanting more and m-m-more of\nYour love, your love (yeah)\nYour love, your love (yeah)\nYour love, your love (yeah)\nYour love, your love (yeah)\nYour love, your love\nYour love, your love\nYour love, your love\nYour love, your love\n\n[Outro]\nFind me in the dark\nI'll be in the stars\nFind me in your heart\nI'm in need of your love\nYour love, your love\nYour love\nBaby, you're the illest\nYour love\nYour love", "image": "https://images.genius.com/603db9acc4721bc1421f0fd8e8ce21d8.475x475x1.jpg"}], "artist": "Nicki Minaj"}