{"songs": [{"title": "Put It On Ya", "album": null, "year": null, "lyrics": "\u2018Cause I get wetter than umbrellas\nAnd I\u2019m groovier than stella\nI\u2019m flyer than a flier could you get me some repeller\nI I mean I need repellent t-t-taste like watermellon\nI\u2019m buying if you selling\nIf you lying then I\u2019m telling\n\nI supersize fries and the m is for Minaj\nHeard you a dopeboy and I stay around your heart\nI got some good pie it could get a nigga shot\nSo I g-g-get more eyes than the letter with the dot\n\nLe-le-let me let me stop\nLe-le-let me make it pop\nYou need some good box like you playing hopscotch\nSo let\u2019s go and get the chalk\nMy Naomi Campbell walk\n\u2018Cause I\u2019m a bad bitch like bark\n\nUh Shawty I wanna know if you got hang time\nAnd if you think that you could beat it by a landslide\nDon\u2019t lie you could see it in my eyes\nI got some good cookies and I got some good pie\nCould you pu-pu-put it on me\nCould you pu-pu-put it on me\nPu-pu-put it on me\nCould you pu-pu-put it on me\nPu-pu-put it on me\nCould you pu-pu-put it on me\nPu-pu-put it on me\nCould you pu-pu-put it on me", "image": "https://images.genius.com/9eb9bb10b4dff8ba05121dfb216b3be2.467x467x1.jpg"}], "artist": "Nicki Minaj"}