{"songs": [{"title": "Four door aventador - target version", "album": null, "year": null, "lyrics": "Intro:\nPlenty more for you, boy\nWe in the funky four door, no floor\n\nVerse 1:\nHit me on the celly, watching Belly\nGod's son, I can see they study Makaveli\nPeanut butter Benz, got them jelly at the deli\nIf you feeling like a ninja, I got a machete\nHell yeah, them girls bad, but I'm fucking heavy\nI'mma fuck around and have them looking like spaghetti\nI say some shit, he be like, \"Yo, you so legendary\"\nBut he can tell just by my face he ain't getting any\n\nHook:\nPlenty more for you, boy\nWe in the funky four door, no floor\nHe was serving that raw, oh boy\nShe was making that noise, oh boy\n\nPlenty more for you, boy\nWe in the funky four door, no floor\nHe was serving that raw, oh boy\nShe was making that noise, oh boy\n\nVerse 2\nMeet me at the Rucker, take the Bruckner\nIt's just me and Young Yucka, taking suckers\nFor they money and they whips, putting kitten on lips\nDividing them dividends, get the money and dip\nKeys to the nigga's safe, put it under my tits\nHe got ki's of that raw, it could fit in the six\nGot a Ups connect, so we good on them trips\nAutomatic bottle service so we good in them Vips, nigga\n\nHook:\nPlenty more for you, boy\nWe in the funky four door, no floor\nHe was serving that raw, oh boy\nShe was making that noise, oh boy\n\nPlenty more for you, boy\nWe in the funky four door, no floor\nHe was serving that raw, oh boy\nShe was making that noise, oh boy\n\nVerse 3:\nThese civilians, what up nigga? Excuse my millions\nI'm in the V like a widow's peak\nIt's just me and my Rolls Royce pillow seats\nWhy they staring at me? I brung Maclaren with me\nYo, matter of fact, I think I'mma bring Donna Karan with me\nAnd you my son, I don't know, it's just the parent in me\nI am the best, I am the queen, it's so apparent in me\nI'm in Hollywood with Shia Labeouf\nMost of you rappers ain't eating, that diet is rough\nYou want some hot shit? Send that wire to us\nI make them change their name to Diddy, retire the puff\nI'm getting acting money\nYou niggas is Kevin Hart, y'all be acting funny\nI'mma a keep a linebacker, tell 'em tackle for me\nYo, you seen my last pic, go double-tap that for me\nCock back, Red octagon, stop that\n\nHook:\nPlenty more for you, boy\nWe in the funky four door, no floor\nHe was serving that raw, oh boy\nShe was making that noise, oh boy\n\nPlenty more for you, boy\nWe in the funky four door, no floor\nHe was serving that raw, oh boy\nShe was making that noise, oh boy", "image": "https://images.genius.com/9eb9bb10b4dff8ba05121dfb216b3be2.467x467x1.jpg"}], "artist": "Nicki Minaj"}