{"songs": [{"title": "Girls Fall Like Dominoes", "album": "Pink Friday", "year": "2010-11-20", "lyrics": "[Chorus: The Big Pink]\nThese girls fall like dominoes, dominoes\nThese girls fall like dominoes, d-d-dominoes\nThese girls fall like dominoes, dominoes\nThese girls fall like dominoes, d-d-dominoes\nDominoes, d-d-dominoes\n\n[Verse 1: Nicki Minaj]\nI'mma need 69 real bad girls for my tour bus\nSomebody get security to escort us\nThey go the long way, but we take the short cuts\nGive me the blonde hair, long weave, short cuts\nYou know the flow sick, came in on the small bus\nSo give the D-cup, C-cup, small bust\nThey judge me like the girl's on trial\nBut every time that I come out it's just girls gone wild\nGot the domino effect in the front row passing out\nWith little bikini tops, they got they asses hanging out\nSay my shoe game nuts, so I call \u2018em cashews\nEvery other city there's another Nicki tattoo\nSteal Wayne girls, I steal Drake girls\nYou know the real bitches love me, fuck the fake girls\nSo if you pretty, I sign titties\nI got the key to every mothafucking city\n\n[Chorus: The Big Pink]\nThese girls fall like dominoes, dominoes\nThese girls fall like dominoes, d-d-dominoes\nThese girls fall like dominoes, dominoes\nThese girls fall like dominoes, d-d-dominoes\nDominoes, d-d-dominoes\n\n[Verse 2: Nicki Minaj]\nOkay, so when I\u2019m in the hills, I hang with Kristin Cavallari\nAnd when I\u2019m in Miami, I\u2019m with Kourtney, Kim and Khloe\nAnd when I\u2019m in the A, I\u2019m with Ciara or it\u2019s Keri\nI\u2019m feeling like a diva, then I hit Mariah Carey\nI\u2019m in the UK, I\u2019ma see MIA\nSuperhero by night, rapper by day\nAnd if I just wanna talk, I\u2019ma hit up Monique\nIf I need a bad bitch, Angelina Jolie\nMaterial girls like Madonna,model for Donatella\nAin't nothing you can tell her, 'cause she get the Mozzarella\nShe look just like Rihanna\nShe work with Wilhelmina only rocking Galliano\nShe might be Filipino, be sipping Pellegrino\nBe watching Al Pacino, she could probably sniff a kilo\nAnyway yo, hit up Grace Jones and tell her I said Strang\u00e9\nI\u2019m out in Paris motherfucker with Beyonc\u00e9\n\n[Chorus: The Big Pink]\nThese girls fall like dominoes, dominoes\nThese girls fall like dominoes, d-d-dominoes\nThese girls fall like dominoes, dominoes\nThese girls fall like dominoes, d-d-dominoes\nDominoes, d-d-dominoes\n\n[Bridge: Nicki Minaj]\nGirls, girls, everyday, from London, Canada and the USA\nGirls, girls, everyday, from London, Canada and the USA\nGirls, girls, everyday, from London, Canada and the USA\nGirls, girls, everyday, from London, Canada and the USA\nWhere my westside girls at?\nAnd where my eastside girls at?\nYo, where my northside girls at?\nAnd where my down south girls at?\nYo, where my westside girls at?\nYo, where my eastside girls at?\nWhere my up north girls at?\nNow where my down south girls at?\n\n[Chorus: The Big Pink]\nThese girls fall like dominoes, dominoes\nThese girls fall like dominoes, d-d-dominoes\nThese girls fall like dominoes, dominoes\nThese girls fall like dominoes, d-d-dominoes\nDominoes, d-d-dominoes", "image": "https://images.genius.com/ce06bd93fef047307180c065f0555967.600x600x1.jpg"}], "artist": "Nicki Minaj"}