{"songs": [{"title": "Get Silly", "album": "Beam Me Up Scotty", "year": "2009-04-18", "lyrics": "I'm a dime, you a nickel-ette, light skinned-ed pigment\nWrite my own shit, ya'll copyrighting infringement\nI eat these rap bitches, somebody get me a dinner mint\nPussy make him tattoo my name, up on his ligament\nFuck wrong with them, my nerves they keep tweaking'\nTell them I'm the chief, I'm runnin' with Mohikans\nTell them this is church, and tell them I am the deacon\nTell them that I'm Black, Chinese and Butter Pecan\nPull up in the Range, I'm givin' them more reasons\nHit up Lil' Wayne, while I'm in the 4 Seasons\nTell Gudda, Mack and Kid Kid I'm here\nI'm colder than a cough,I'm wetter than swimwear\nGot all these little bitches, g-gettin' p-pink hair\nI'm pretty and I'm fly, I'm up in the pink Lear\nI needed an assistant, I got me a pink queer\nDecorated his office, with flowers and pink chairs (chairs)\n\n[Talking:]\nListen... Nicki Minaj, Nicki Lewinksy... where the fuck is the president?", "image": "https://images.genius.com/d4b8299bec1aac14c1931423e8d3466c.500x500x1.jpg"}], "artist": "Nicki Minaj"}