{"songs": [{"title": "Barbie World (Intro)", "album": null, "year": null, "lyrics": "[Intro: Barbie & Ken]\nHiya, Barbie\nHi, Ken\nDo you wanna go for a ride?\nSure, Ken\nJump in\n\n[Chorus: Barbie & Ken]\nI'm a Barbie girl, in the Barbie world\nLife in plastic, it's fantastic\nYou can brush my hair, undress me everywhere\nImagination, life is your creation\nCome on, Barbie, let's go party", "image": "https://images.genius.com/9eb9bb10b4dff8ba05121dfb216b3be2.467x467x1.jpg"}], "artist": "Nicki Minaj"}