{"songs": [{"title": "Blow Ya Mind", "album": "Pink Friday", "year": "2011-06-21", "lyrics": "[Hook: Danny SchofIeld]\nShe said her name was Nicki\nShe came to play and her body was sick, yeah\nShe kill when she walks, so sexy when she talk\nAw, you know she gonna blow ya mind\nOkay, Nicki\n\n[Bridge: Safaree]\nSomebody, somebody, some, some\nSomebody, somebody, some (Get 'em)\nSomebody, somebody, some, some\nSomebody, somebody, some (Get 'em)\nSomebody, somebody, some, some\nSomebody, somebody, some (Get 'em)\nSomebody, somebody, some (Get 'em)\nSomebody, somebody, some (Get 'em)\n\n[Verse 1: Nicki Minaj]\nDid these niggas fall and bump their little heads?\nI got 'em like, ah, which one of them I'mma dead?\n'Cause when they get sick, they start to cough bread\nSo (eh, eh,eh) just cough up that bread\nThe body look right, plus we crop heads\nThe Rolls-Royce phantom, yup, the drophead\nAnd that just goes to show I'm that bitch\nI 26' inched the rims with black lips\nNow this is the anthem, this, this is the anthem\nNow this is the anthem, this, this is the anthem\nI'm in there, I'm in there, all in your in-ear\nBoy, I put this pussy on your chinny, chin, chin, yeah\n\n[Hook: Danny SchofIeld]\nShe said her name was Nicki\nShe came to play and her body was sick, yeah\nShe kill when she walks, so sexy when she talk\nAw, you know she gonna blow ya mind\nOkay, Nicki\n\n[Bridge: Safaree]\nSomebody, somebody, some, some\nSomebody, somebody, some (Get 'em)\nSomebody, somebody, some, some\nSomebody, somebody, some (Get 'em)\nSomebody, somebody, some, some\nSomebody, somebody, some (Get 'em)\nSomebody, somebody, some (Get 'em)\nSomebody, somebody, some (Get 'em)\n\n[Verse 2: Nicki Minaj]\nWhoa, whoa, whoa, whoa, whoa\nTell that nigga not to drink no mo'\nThinkin' that he hot, he really just so-so\nThat's just a ridiculous mofo\nFuck I look like? (all that), pull up in the (all black)\nSuede on my (floormat), bad bitch (format)\nRos\u00e9 (pour that), don't expect a (call back)\n'Cause I'm international, tell him to call me Borat\nNow this is the anthem, this, this is the anthem\nNow this is the anthem, this, this is the anthem\nIn-ear, in-ear, in-ear, in-ear, all in your in-ear\nBoy, I put this pussy on your chinny, chin, chin, yeah\n\n[Hook: Danny SchofIeld]\nShe said her name was Nicki\nShe came to play and her body was sick, yeah\nShe kill when she walks, so sexy when she talk\nAw, you know she gonna blow ya mind\nOkay, Nicki\n\n[Bridge: Safaree]\nSomebody, somebody, some, some\nSomebody, somebody, some (Get 'em)\nSomebody, somebody, some, some\nSomebody, somebody, some (Get 'em)\nSomebody, somebody, some, some\nSomebody, somebody, some (Get 'em)\nSomebody, somebody, some (Get 'em)\nSomebody, somebody, some (Get 'em)\n\n[Bridge: Nicki Minaj]\nFuck I look like? What the fuck I look like?\nI'm a bad muthafucka, what the fuck I look like?\nF-f-fuck I look like? What the fuck I look like?\nI'm a bad muthafucka, what the fuck I look like?\nF-f-fuck I look like? What the fuck I look like?\nI'm a bad muthafucka, what the fuck I look like?\nF-f-fuck I look like? What the fuck I look like?\nI'm a bad muthafucka, what the fuck I look like?\n\n[Hook: Danny SchofIeld]\nShe said her name was Nicki\nShe came to play and her body was sick, yeah\nShe kill when she walks, so sexy when she talk\nAw, you know she gonna blow ya mind\nOkay, Nicki\n\n[Bridge: Safaree]\nSomebody, somebody, some, some\nSomebody, somebody, some (Get 'em)\nSomebody, somebody, some, some\nSomebody, somebody, some (Get 'em)\nSomebody, somebody, some, some\nSomebody, somebody, some (Get 'em)\nSomebody, somebody, some (Get 'em)\nSomebody, somebody, some (Get 'em)", "image": "https://images.genius.com/44a8be97aef4cdd5114bd6cec02b2357.1000x1000x1.png"}], "artist": "Nicki Minaj"}