{"songs": [{"title": "L'Ultimo Bicchiere", "album": null, "year": null, "lyrics": "Dentro al buio del locale\nMusica che \u00e8 sempre uguale\nLuci basse che mi danno un po' fastidio\nQuelle gambe un po' intriganti\nCon le calze trasparenti\nQui si fanno tutte belle ma chiss\u00e0 per chi\nForse io dovrei andare\nQuasi l'ora di dormire\nSe mi guarda ancora un po' mi sa che vado l\u00ec\nS\u00ec ma tanto cosa dico\nHai un ragazzo o un marito\nStudi o fai un lavoro interessante e unico\nIo non voglio pi\u00f9 sprecare una parola\nPerch\u00e9 il gioco proprio non lo reggo pi\u00f9\nCose della serie tu sei qui da sola\nSono anni che mi urtano\nMi rovinano da troppo tempo\nL'ultimo bicchiere e me ne andr\u00f2\nChe non se ne pu\u00f2 pi\u00f9\nDi tutte queste storie finte che si basano sui film\nMa non ti danno mai qualcosa\nPi\u00f9 di un freddo vuoto\nQuante storie storie vere lui che le offrir\u00e0 da bere\nCome se non si capisse che intenzioni ha\nForse non per amicizia e neanche con dolcezza\nMa poi lei dir\u00e0 tu che cos'hai capito\nIo non voglio pi\u00f9 sprecare una parola\nPerch\u00e9 il gioco proprio non lo reggo pi\u00f9\nCose della serie tu sei qui da sola\nSono anni che mi urtano\nMi rovinano da troppo tempo\nL'ultimo bicchiere e me ne andr\u00f2\nChe non se ne pu\u00f2 pi\u00f9\nDi tutte queste storie finte che si basano sui film\nMa non ti danno mai qualcosa\nPi\u00f9 di un freddo vuoto\nL'ultimo bicchiere e me ne andr\u00f2\nChe non se ne pu\u00f2 pi\u00f9\nDi tutte queste storie finte che si basano sui film\nMa non ti danno mai qualcosa\nPi\u00f9 di un freddo vuoto\nL'ultimo bicchiere e me ne andr\u00f2\nChe non ne posso pi\u00f9\nDi tutte queste storie finte che si basano sui film\nMa non ti danno mai qualcosa\nPi\u00f9 di un freddo vuoto...", "image": "https://images.genius.com/9eb9bb10b4dff8ba05121dfb216b3be2.467x467x1.jpg"}], "artist": "Nicki Minaj"}