{"songs": [{"title": "Mona Lisa", "album": "The Pinkprint", "year": "2014-12-15", "lyrics": "[Produced by Detail]\n\n[Intro]\nYou make me, you make me small\nYou make me\n(I ain't worried 'bout a...)\n\n[Chorus]\nIf you look at my\nIf you look at my love\nYou'll see\nYou'll see I ain't worried about a he\nSee\nI ain't worried about a he\nI ain't worried about a he\nI ain't never take a knee 'cause he ain't worry 'bout me\nIf you look at my\nIf you look at my love\nI ain't worried about a he\nAnd he ain't worry 'bout me\nLive for my love\n'Cause he ain't worry 'bout me\nLive for my love, me\nI ain't never take a knee 'cause he ain't worry 'bout me\n\n[Verse]\nYou make me feel blue\nYou don't make me feel super\nYou don't make me feel super (You don't make me feel super)\nLook at me, me\nHe ain't worried about me\nAnd I don't pick up dead leaves\nHe ain't worried about me, see\nIf it's you and me then it's you and me\nBaby, we don't worry about keys\nYou make me, make me feel stuck\nYou don't give two fucks\nYou ain't worried bout me, you just tryna bust nuts\nTime's up\nAll that bullshit lines up\nAll that talkin 'bout what you gon' do\nBoy, go and get ya mind up\n\n[Chorus]\nIf you look at my\nIf you look at my love\nYou'll see\nYou'll see I ain't worried about a he\nSee\nI ain't worried about a he\nI ain't worried about a he\nI ain't never take a knee 'cause he ain't worry 'bout me\nIf you look at my\nIf you look at my love\nI ain't worried about a he\nAnd he ain't worry 'bout me\nLive for my love\n'Cause he ain't worry 'bout me\nLive for my love, me\nI ain't never take a knee 'cause he ain't worry 'bout me\n\n[Bridge]\n(You make me)\nI don't wanna fight but I'll fuck around and shoot you\nI don't wanna fight but you gave me no more trust\nI will fuck around and end your life\n\n[Chorus]\nIf you look at my\nIf you look at my love\nYou'll see\nYou'll see I ain't worried about a he\nSee\nI ain't worried about a he\nI ain't worried about a he\nI ain't never take a knee 'cause he ain't worry 'bout me", "image": "https://images.genius.com/cbfd09961d4a4d9ad19d29bf7e980634.1000x1000x1.jpg"}], "artist": "Nicki Minaj"}