{"songs": [{"title": "The Jump Off", "album": "Playtime is Over", "year": "2007-07-05", "lyrics": "[Intro: Nicki Minaj]\nQueens, Queens\nAyo, Fendi this the jump off right here, nigga\n\n[Verse 1]\nIt's Minaj, little mama, get a taste of the hot sauce\nItty bitty, real pretty, but I'm not soft\nI beat bitches with the heat like I'm Scott Storch\nIn the ocean is where they gettin' dropped off\nAll I wanna do is party\nRock some Ed Hardy, at Forty-Forty (40/40 Club)\nYou arrive, when it just get started\nI come through at 2, and I don't get carded (haha)\nExcuse me, I had to beg ya pardon\nMami ya flow sick, my flow's retarded\nCause you can take something and you won't be sick\nBut um, I can't help my retarded shit\nCause my flow stupid, wheelchair bound\nTake the small bus all year round\nThat bitch pop out with a helmet on her head\nBottle of new meds, a good pair of Keds\n\n[Hook]\nWhere my chicks\nAll my girls that'll transport bricks\nGot some MAC lip gloss on ya lips\nKeep a real good jean on ya hips\nYou can get it\nAnd to my dudes\nIf you keep a good bitch in ya crew\nAnd you rock a good hood, fuck a suit\nAnd you got a little tree on ya boot\nYou can get it\n\n[Verse 2]\nNicki and Dirty Money nigga, shit ya draws\nWhen I count to three, hit the floor\nDang little mama, pick up ya jaw\nThat there's the Chevy, 64\nYou that bitch, I'm the boss\nI'm a have my bodyguard, dust me off\nCause I think I might have some dirt on my shoulder\nCall my nigga Light with the money green Rover\nI'm the boss bitch pink links and the brinks\nRockin the corset, sip drinks in my minks\nCall my nigga Gravy, that's the big baby\nTell him I said maybe he should bring the trey p\nAlready know these lames is gonna hate me\nBut um lately, it only motivate me\nWant it with the squad, gotta come through me\nNow hit the dance floor, nigga 1-2-3\n\n[Hook]\nWhere my chicks\nAll my girls that'll transport bricks\nGot some MAC lip gloss on ya lips\nKeep a real good jean on ya hips\nYou can get it\nAnd to my dudes\nIf you keep a good bitch in ya crew\nAnd you rock a good hood, fuck a suit\nAnd you got a little tree on ya boot\nYou can get it", "image": "https://images.genius.com/b256017f3b831150266cf5131d761bfe.600x599x1.jpg"}], "artist": "Nicki Minaj"}