{"songs": [{"title": "Baddest Bitch", "album": "Sucka Free", "year": "2008-04-12", "lyrics": "Now every club promoter wanna bid like auctions\n'Cause we pack shows, Celtics like Boston\nYou see me in the lobby, takin' pics and flossin'\nAfter every pic gotta fix my corset\nI am running this shit, I am so exhausted\nBatter up bitches, but approach with caution\nYou be talkin' slick, and honestly I could see why\nYou don't know me and I ain't talkin' bout T.I\nJust when they thought I was done for the winter, I\nCame out stuntin', I'm such a big spender, I\nTwo of everything but nope I'm not a gemini\nMy life's a movie, take me to the cinema\nTake me out to the ball game\nCause you know I only fuck with ballers\nYup them is my type of niggas, shotcallers\nI been around the world, I'm such a bad, bad girl\nI got the Austin Power flow, I'm groovy bitches\nAnd no, you're no match for my Uzi bitches\nI dumb my raps down so I don't lose these bitches\nSay some sex shit like, \"wetter than jacuzzi bitches\"\n\n[Hook]\nBeen around the world, I still can't find\nAnother girl that could steal my shine\nI've had my highs, I've had my lows\nBut you can't tell me that I am not the baddest bitch\nI'm the baddest bitch, the mistress, I'm the baddest bitch\nI'm the baddest bitch, trick, t-trick please I'm the baddest bitch\n\n[Verse 2]\nHalf a bar,  just to laugh at 'em\nHigh school, if he ball, throw my math at him\nAnd if he wants some pussy, that's a no no\nI only fuck with bad bitches, no homo\nFlow sicker than LL\nChinese and them things go pow-pow\nWord to me, all them girls better bow down\nNicki Minaj, I'm the talk of the town now\n\n[Hook]\nBeen around the world, I still can't find\nAnother girl that could steal my shine\nI've had my highs, I've had my lows\nBut you can't tell me that I am not the baddest bitch\nI'm the baddest bitch, the mistress, I'm the baddest bitch\nI'm the baddest bitch, trick, t-trick please I'm the baddest bitch\n\nBaddest, the baddest\nMy pussy's the fattest\nI'm bad\nBad\nBad, Bad", "image": "https://images.genius.com/6723f478cff14a2ba2cbe0ce2ad7d4c2.320x320x1.jpg"}], "artist": "Nicki Minaj"}