{"songs": [{"title": "Inspirations Outro", "album": "Queen (Bonus Version)", "year": "2018-08-10", "lyrics": "[Verse]\nCapleton, Beenie Man, Mavado, uh oh\nSizzla Kalonji, Kartel, Buju, Goso\nSupercat, all over his Ferragamo, I know\nDestra Garcia, Machel Montano, Jah know\nNinja Man, Lady Saw, Spice, Tanya, Patra\nDJ pull up, Bounty Killer, uh-huh\nBunji Garlin, Fay-Ann Lyons\nAnything we wear, girl gwaan try on (Okay)\nBless up, Bob Marley, yes, king lion\nMarchin' with Lauryn Hill to Zion\nCaribbean tings, what I on\nMe and Fox gettin' paper like what ink dry on\n\n[Outro]\nBun up the dance\nBun up the dance\nBun up the dance\nBun up the dance, bun up the dance, bun up\nAyy, ayy, ayy, ayy-ayy, ayy, ayy, ayy, ayy-ayy, ayy, ayy\nAyy, ayy-ayy, ayy, ayy, ayy, ayy-ayy, ayy, ayy, ayy, ayy-ayy", "image": "https://images.genius.com/15a79e9b319ecd94a9131a5bc8bbd010.1000x1000x1.jpg"}], "artist": "Nicki Minaj"}