{"songs": [{"title": "Roman In Moscow [Edited Version] by Nicki Minaj", "album": null, "year": null, "lyrics": "I\u2019m big bully, no bike gear\nI told you bitches last year\nI'm a rap bitch nightmare\nThat's why I call you buzz lightyear\nCause by the time you start buzzin\nBitch you gon\u2019 have white hair\nPaparazzi was a fright scare\nWhen I landed out in London\nIt was looking like Mike Dare, Mike Jack\nWho's bad, ain't know my period\nBut I got a new pad\nChannel 5, news flash\nPussy clean, who smash\nNone of y'all, canary yellow ball\nThese bitches should be worshipping me in the synagogue\nHum, hum, done the prayer\nB-b-b-bitch I ball, underwear\nHum, hum, done the prayer\nDid I tell them that I ball, underwear\nOkay roman\nY'all want the full roman?\nY'all want the full roman?\nY'all want the full roman?\nYa'll want the full?\nBitches is insane, these bitches ain't in my lane\nOnly bitches in the plane, is bitches that give me brain\nHerro this shit is lethal\nRoman, This is the sequel\nMoscow, that's where I came from\nUnder, he's fully charge\nYour favorite rapper probably suck\nAs for me icy hockey puck\nAnyway i'm on that new shit\nEvery trend I introduce it\nMuthaf-ck you with a big dick\nI'm a racist, i'm a bigot\nBitch, i'm thicker than a midget\nYeah i'm crazy, just a smidgen\nMotherf-ck make it my wumble\nThat's okay me am from moscow\nHold on\nFuck you\nBrace yourself\nBucktooth, Yeah I golf but too\nSwallow balls\nNuts too\nCamel toe, Roman\nY'all want the full roman?\nY'all want the full roman?\nY'all want the full roman?\nYa'll want the full?\nBitches is insane, these bitches ain't in my lane\nOnly bitches in the plane, is bitches that give me brain\nYeah, ain't no mothaf-ckin bridge bitch\nAin't no mothaf-ckin hook\nAin't no mothaf-ckin' third mothaf-ckin verse\nRoman's back bitch\nI f-cked up your life last year this time\nRemember that? Remember that bitch?\nRemember that bitch?\nI'm baaaaaack\nI double dog dare you\nI double dog dare you\nI double dog dare any one of ya bitches to come out\nI triple dog dare ya\nI triple dog dare ya\nI triple dog dare any one of ya bitches to come out\nI quadruple dog dare ya\nI quadruple dog dare ya\nI quadruple dog dare any one of ya bitches to come out\nI...uh...five times dare...you..bitch, a-- hoes, yeah!\n---\n.", "image": "https://images.genius.com/9eb9bb10b4dff8ba05121dfb216b3be2.467x467x1.jpg"}], "artist": "Nicki Minaj"}