{"songs": [{"title": "Woohoo", "album": null, "year": null, "lyrics": "(Woohoo)\n(Woohoo)\n\n(Woohoo) You know you really wanna (hey) wanna taste my\n(Woohoo) You know you wanna get a peek, wanna see my\n(Woohoo) You know you wanna put your lips where my hips are\n(Woohoo) Kiss on my\n(Woohoo) All over my\n(Woohoo) All the boys think it's cake when they taste my\n(Woohoo) You don't even need a plate, just your face, Ha!\n(Woohoo) Licky licky yum yum what a great guy\n(Woohoo) Now kiss on my\n(Woohoo) All over my\nK-kiss on my\nAll over my\nK-k-k-kiss on my\nAll-all-all over my (hey-hey-hey-hey)\n\nI feel awesome everywhere I go\n(Woohoo) Like a little boy up in a candy store\n(Woohoo) C-c-cravin' to get your hands on\n(Woohoo) Give it up before mama says no (hey-hey-hey-hey)\n(Woohoo) I'mma let you get it a little closer\n(Woohoo) Even though I ain't supposed ta\n(Woohoo) I like it strong when it's hunger\nI'm a little tipsy, play along with me (wo-o-o-o-ah)\n\n(Woohoo) You know you really wanna (hey) wanna taste my\n(Woohoo) You know you wanna get a peek, wanna see my\n(Woohoo) You know you wanna put your lips where my hips are\n(Woohoo) K-kiss on my\n(Woohoo) All over my\n(Woohoo) All the boys think it's cake when they taste my\n(Woohoo) You don't even need a plate, just your face, Ha!\n(Woohoo) Licky licky yum yum what a great guy\n(Woohoo) Now kiss on my\n(Woohoo) All over my\nK-kiss on my\nAll over my\nK-k-k-kiss on my\nAll-all-all over my (hey-hey-hey-hey)\n\nP-pick your glass up, you're sippin' kinda slow\nWanna see just how you take it down low (oh)\nHurry up I wanna see a bit more\nTake it off before mama gets cold (hey-hey-hey-hey)\nI know that you love me long time yeah\nYou wanna take it for a ride yeah\nI'm feeling bad and I like it\nI'm a little tipsy play along with me (hey)\n\n(Woohoo) You know you really wanna (hey) wanna taste my\n(Woohoo) You know you wanna get a peek, wanna see my\n(Woohoo) You know you wanna put your lips where my hips are\n(Woohoo) K-kiss on my\n(Woohoo) All over my (yeah)\n(Woohoo) All the boys think it's cake when they taste my\n(Woohoo) You don't even need a plate, just your face, Ha!\n(Woohoo) Licky licky yum yum what a great guy (uh)\n(Woohoo) Now kiss on my\n(Woohoo) All over my\nK-kiss on my\nAll over my\nK-k-k-kiss on my\nAll-all-all over my (hey-hey-hey-hey)\n\nAll the ladies up in the place (hey)\n(Woohoo) It's your turn\n(Woohoo) Give the fellas a little taste (hey)\n(Woohoo) Of how we work (work)\n(Wo-o-o-o-o-o-o-o-o-o-o-o-oh)\nI know I probably shouldn't but (uh) I'm feeling good\n(Wo-o-o-o-o-o-o-o-o-o-o-o-oh)\nI'm a little tipsy play along with me\n\nO-okay yes we got that hm hm nani nani\n(Woohoo) In the Mondrian mm mm in Miami\n(Woohoo) Who's Galliano whip whip be yo money\n(Woohoo) In the drip drip lick lick like a lolly\n(Woohoo) Or left from Jamaica go a foreign contour\n(Woohoo) Jimmy IV Tom Wally a New Yoar\n(Woohoo) Keep me and Chrissy in Christian Dior\n(Woohoo) But that was before or for you\nMy name Nicki, Little Daddy and you\nYou can do anything you put your mind to\nWay you French kiss it, fran\u00e7ais parlez-vous?\nWay you work your tongue can I hire you\n\n(Woohoo) You know you really wanna (hey) wanna taste my (yeah)\n(Woohoo) You know you wanna get a peek, wanna see my (hey hey hey)\n(Woohoo) You know you wanna put your lips where my hips are, (he-e-e-ey)\n(Woohoo) K-kiss on my\n(Woohoo) All over my\n(Woohoo) All the boys think it's cake when they taste my\n(Woohoo) You don't even need a plate, just your face, Ha!\n(Woohoo) Licky licky yum yum what a great guy\n(Woohoo) Now kiss on my (oh)\n(Woohoo) All over my (o-o-o-oh...)\n[(Woohoo) and (o-o-o-oh...) repeated in background]\nK-kiss on my\nAll over my\nK-k-k-kiss on my\nAll-all-all over my\n\nWoo\nWanna taste my\n(Woohoo) Wanna taste my\n(Woohoo) Wanna see my\n(Woohoo) Ye-e-e-eah\n\nWoohoo\nAll my ladies say (woohoo)\nIf you got a break (woohoo)\nLet them get a peek (woohoo)\nIf you gotta scream (woohoo)\nLemme hear you scream (woohoo)\nBut bitches keep it clean (woohoo)(hahahahaha)\nWoohoo...", "image": "https://images.genius.com/9eb9bb10b4dff8ba05121dfb216b3be2.467x467x1.jpg"}], "artist": "Nicki Minaj"}