{"songs": [{"title": "Nicki Minaj Speaks #2", "album": "Beam Me Up Scotty", "year": "2009-11-10", "lyrics": "Holiday, Holiday, slow that shit down!\nCome on now, they done, they know I do it\nThey know when I do it it get done, two sticks in my bun\nBut, but first of all, when I say \"two sticks in my bun\"\nI mean that, when I put a bun in my hair\nLike, when I put my hair in a ponytail and I wrap my hair in a bun\nI put two Chinese sticks in my bun with the Chinese bang\n'Cause y'all, y'all minds is in the gutter\nThat's what two sticks in my bun mean, okay?\nBut Holiday, you already know, y'knahmsayin?\nThey heard that hard spittin', they heard that fast shit\nNow, you know, you gotta slow it down for them, you know?\nUm, they wanna hear me sing\nYou know, behind every bad bitch there's a really sweet girly girl\nThere's a really sweet Harajuku Barbie, and, um\nNow it's time for them to hear me get all nice and soft and moist\nI mean, I'm sorry, I didn't mean to say that\nI meant, this is the portion of the tape where\nI just wanna be more, you know, delicate and wet (splash)\nI'm, I'm, I'm so... I, I didn't mean to say that\nI meant that, you know, Holiday, just slow it down, daddy!", "image": "https://images.genius.com/d4b8299bec1aac14c1931423e8d3466c.500x500x1.jpg"}], "artist": "Nicki Minaj"}