{"songs": [{"title": "Inconsolable", "album": null, "year": null, "lyrics": "Memories frozen in a picture frame\nDays go on things will never be the same, anymore\nThoughts of you and the life we never lived\nHow can I pull through, when you left to soon\n\nI belief, A part of you will always stay with me\nI can feel that images of you will never fade away\nI can\u2019t move on, pretending everything\u2019s gonna be the way we where\nWhy can\u2019t you hear me, I am inconsolable\n\nI wish I\u2019d know you better, time was running out\nThe quilt I left is more than I can describe\nAnd I keep on calling your name to feel that I\u2019m alive\nIn this empty space, I could never be replaced\n\nI belief, A part of you will always stay with me\nI can feel that images of you will never fade away\nI can\u2019t move on, pretending everything\u2019s gonna be the way we where\nWhy can\u2019t you see me, when I am inconsolable\n\nEveryday I try to carry on, everyday I try to find a meaning\nLiving in a place where I belong, as cold ice can be\nIf I could take you back to yesterday\nBut not for ever gone it\u2019s in considerable\nIt almost that acceptable\n\nMemories frozen in a picture frame\nHow can I pull through, when you left to soon\n\nI can\u2019t go on, pretending everything could be the way we where\nHow can you see me, when I\u2019m inconsolable\n\nA part of you will always stay with me\nI can feel that images of you will never fade away\nI can\u2019t go on, pretending everything\u2019s gonna be the way we where\nWhy can\u2019t you see me, when I am inconsolable", "image": "https://images.genius.com/9eb9bb10b4dff8ba05121dfb216b3be2.467x467x1.jpg"}], "artist": "Nicki Minaj"}