{"songs": [{"title": "Brief & Beautiful", "album": null, "year": null, "lyrics": "Only had a little taste\nBut I remember how it felt\nAnd all the phone calls late at night\nThough we tried, we couldn`t make it right\n\nWhen the seasons changed\nEverything got colder\nEveryone could hear, our illusion crush\nIt was all we had\n\nSo every minute that I\u2019ve spend with you\nLike the winter, is bringing the blues\nYou and I were like the spring\nBrief and beautiful\n\nWhen we knew we had to let it go\nAnd our love turned in to snow\nWe never had a chance to begin\nBrief and beautiful\nSo...\nBrief and beautiful\nSo...\n\nWhen flowers bloom in may\nI go back to yesterday\nWhen I woke up next to you\nI would bring it all back if I could\n\nMake it good or bad\nI know it is too late\nSo I\u2019m moving on\nBut I won`t forget\nAll that is unsaid\n\nSo every minute that I\u2019ve spend with you\nLike the winter, is bringing the blues\nYou and I were like the spring\nBrief and beautiful\n\nWhen we knew we had to let it go\nAnd our love turned in to snow\nWe never had a chance to begin\nBrief and beautiful\nSo...\nBrief and beautiful\nSo...\n\nIt was so short\nIt was so sweet\nLike every good thing\nIt`s not yours to keep\nEverything fades away\nAnd now it\u2019s gone", "image": "https://images.genius.com/9eb9bb10b4dff8ba05121dfb216b3be2.467x467x1.jpg"}], "artist": "Nicki Minaj"}