{"songs": [{"title": "25 Things You Don't Know About Me", "album": null, "year": null, "lyrics": "1. I hate getting my nails done\n2. I can spend hours glued to Investigation Discovery. It's my favorite network\n3. I think Martin Lawrence is a genius\n4. I'm obsessed with Rice Krispies Treats\n5. For one month straight, I watched \"The Devil Wears Prada\" until I fell asleep every night\n6. I enjoy doing laundry\n7. I'm a homebody\n8. I've had the same group of girlfriends for as long as I can remember\n9. I'm always cold\n10. Some of my favorite labels are Giuseppe Zanotti, Roberto Cavalli, Chanel and Versace\n11. My pet peeve is when people spend lots of money just to impress others\n12. My father taught me how to make curry chicken\n13. I'm the best cook on the planet\n14. I'm now listening to beats for my third album\n15. My brothers are my world\n16. I can't stand going to meetings or talking on the phone\n17. I also hate texting and having to return emails\n18. I collect paintings of Marilyn Monroe\n19. I've always loved acting\n20. My first movie, \"The Other Woman\" comes out next year\n21. I just may have a song on the soundtrack\n22. My go-to snack is strawberry-banana yogurt\n23. I bought some really sexy lingerie the other day\n24. My fans inspire me\n25. I plan to write a book about my life \u2014 someday!", "image": "https://images.genius.com/9eb9bb10b4dff8ba05121dfb216b3be2.467x467x1.jpg"}], "artist": "Nicki Minaj"}