{"songs": [{"title": "Gettin\u2019 Paid", "album": null, "year": null, "lyrics": "[Hook]\nI don\u2019t care what you haters saying, I\u2019m getting paid\nI don\u2019t care what you haters saying, I\u2019m getting paid\nI don\u2019t care what you haters saying, I\u2019m getting paid\nAnd if you not talking money then I don\u2019t understand your language\n\n[Verse: Nicki Minaj]\nIt's going down, down Barbie, pushing a pink Ferrari\nI race through Africa just to see the safari\nI am the baddest bitch in America\nSlicker than a Jheri curl, just ask Erykah\nThe black Sarah Jessica, J-J-Jessica!\nDon't be text messaging me, I never check my messages\nOnly thing you could ask me is how I want my sandwiches\nI want more cheese, lots and lots of cheese\nAnd when I'm on the stage I'm with SB\nAnd when you see my luggage it says LV\nAnd when I'm on the plane it's so empty\nHmmm, that's why all those female rappers envy\n\n[Hook/Outro (Spoken)]\nOh, I'm sorry. Did she say something? My bad\nYou know, maybe I was booked. I guess I missed ya\nYou know, when you're booked four times a week every week, it's kinda hard to keep track of bum bitches\nOh, you do the math\nIt's barbie, bitch!", "image": "https://images.genius.com/35c6885a329a9fe0ffcf1e9986cb3631.720x720x1.jpg"}], "artist": "Nicki Minaj"}