{"songs": [{"title": "Big Daddy", "album": "The Pinkprint", "year": "2014-12-12", "lyrics": "[Intro: Meek Mill]\nYou hear that right there?\nThat sound like, but that 300 thousand nigga\nI'm triple OG in my hood\nThese hoes call me big daddy\n\n[Hook: Meek Mill]\nYour bitch call me big daddy\nTell that bitch that I'm big daddy\nWhen I hit the lot I don't get the little bitch\nNigga I go and get the big daddy\nPick a bitch up in the big daddy\nBig face Rollie that's a big daddy\nGot your bitch calling me big daddy\nWhen I pull up all the hoes like big daddy\nNigga I'm big daddy\n\n[Verse 1: Meek Mill]\nStandin' on the corner in some shit that look like I payed like a million for\nBlowin' the money I heard that they askin' around town what he really worth\nMost of these niggas be really broke\nI went the Hardaway boy had a penny first\nNow these bitches gon' get this work\nI tell her keep on them heels and that mini skirt\nShe Google my net worth, lookin' like \"what is his neck worth?\"\nMy shooters,  they shoot at your head, like the rim just to see if the net work\nI land in Miami then fly out to Cali with some of my best work\nYou niggas so lame that my bitches won't fuck unless you cut a check first\n\n[Hook: Meek Mill]\nYour bitch call me big daddy\nTell that bitch that I'm big daddy\nWhen I hit the lot I don't get the little bitch\nNigga I go and get the big daddy\nPick a bitch up in the big daddy\nBig face Rollie that's a big daddy\nGot your bitch calling me big daddy\nWhen I pull up all the hoes like big daddy\nNigga I'm big daddy\n\n[Verse 2: Nicki Minaj]\nPulled up in something that look like a million nigga put me up on\nAin't gotta sell it, but he say the pussy a drug that he re-up on\nSpur of the moment, I ball like Gin\u00f3bili, you bitches get D'ed up on\nYou mad at me? Go get mad at your nigga 'fore I put my sneakers on\nHe copped me this wrist game, now it's just us at the Knicks game\nI might have to take him on tour just to fuck in Australia, Brisbane\nYour time is ticking, you bitches will be around shorter than Vine vids\nYou watch your mouth or my niggas will shoot up the club like what Shyne did\n\n[Hook: Meek Mill]\nYour bitch call me big daddy\nTell that bitch that I'm big daddy\nWhen I hit the lot I don't get the little bitch\nNigga I go and get the big daddy\nPick a bitch up in the big daddy\nBig face Rollie that's a big daddy\nGot your bitch calling me big daddy\nWhen I pull up all the hoes like big daddy\nNigga I'm big daddy\n\n[Verse 3: Nicki Minaj]\nBitches ain't stupid, you bitches ain't stupid\nYou bitches ain't stupid, is you?\nFront like she tough but that bitch keep on crying\nGet this bitch a tissue\nFor what it's worth when I took him I could tell he would never miss you\nI ain't even wanna diss you, but tell me what is this bitch issue?\n\n[Bridge: Nicki Minaj]\nStill on top, pretty bitch gang\nPussy still tight, pistol still bang\nYo nigga call me big mama\nLet him eat the pussy then I dip on him\n\n[Hook: Meek Mill]\nYour bitch call me big daddy\nTell that bitch that I'm big daddy\nWhen I hit the lot I don't get the little bitch\nNigga I go and get the big daddy\nPick a bitch up in the big daddy\nBig face Rollie that's a big daddy\nGot your bitch calling me big daddy\nWhen I pull up all the hoes like big daddy\nNigga I'm big daddy", "image": "https://images.genius.com/cbfd09961d4a4d9ad19d29bf7e980634.1000x1000x1.jpg"}], "artist": "Nicki Minaj"}