{"songs": [{"title": "Roman Holiday", "album": "Pink Friday: Roman Reloaded", "year": "2012-04-02", "lyrics": "[Hook]\nTake your medication, Roman\nTake a short vacation, Roman\nYou'll be okay\nYou need to know your station, Roman\nSome alterations on your clothes and your brain\nTake a little break, little break\nFrom your sanity\nThere's so much you can take, you can take\nI know how bad you need a Roman holiday\nRoman holiday, a Roman holiday\n\n[Verse 1]\nYou done, you tight?\nYou suck at life?\nYou don't want a round three? You done suffered twice\nWorship the queen and you might could pass\nKeep it real, these bitches couldn't wipe my ass\nAnyway, stylist, go get Bvlgari\nI am the ultimate Svengali\nYou, you bitches can't even spell that\nYou, you hoes buggin' - repel that\nLet me tell you this, sister\nI am, I am colder than a blister\n'Cause my flow's so sick, and I'm a lunatic\nAnd this can't be cured with no Elixir\n'Cause y'all know who the fuck, what the fuck I do\nI done put the pressure to every thug I knew\nQuack, quack to a duck and a chicken too\nPut the hyena in a freakin' zoo\n\n[Hook]\nTake your medication, Roman\nTake a short vacation, Roman\nYou'll be okay\nYou need to know your station, Roman\nSome alterations on your clothes and your brain\nTake a little break, little break\nFrom your sanity\nThere's so much you can take, you can take\nI know how bad you need a Roman holiday\nRoman holiday, a Roman holiday\n\n[Verse 2]\nWitch, twitch, bitch!\nMotherfucking right, this is World War 6\nThis right here might make a bitch die\nAnd this right here is gonna make a bitch cry\nAnd if we being honest, I am such a great guy\nAnd this what I do when a bitch breaks flock\n[Non-Lyrical Vocals]\nI'mma put her in a dungeon under, under\nNo them bitches ain't eating, they dying of hunger\nMotherfucker I need\nWho the fuck is this hoe?\nAnd yes, maybe just a touch of tourettes\nGet my wigs, Terrence, go and get my beret\n\n[Hook]\nTake your medication, Roman\nTake a short vacation, Roman\nYou'll be okay\nYou need to know your station, Roman\nSome alterations on your clothes and your brain\nTake a little break, little break\nFrom your sanity\nThere's so much you can take, you can take\nI know how bad you need a Roman holiday\nRoman holiday, a Roman holiday\n\n[Bridge]\nCome all ye faithful\nJoyful and triumphant\nI am Roman Zolanski\nCome all ye faithful\nJoyful and triumphant\nI am Roman Zolanski\nCome all ye faithful\nJoyful and triumphant\nI am Roman Zolanski\n\n[Verse 3]\nTalking 'bout me, you talking about me?\nI dare a motherfucker to be talking about me\nThat bitch must be smokin' a couple of OZ's\nThey want the outline, I give them a goatee\nGoddamn motherfucker, you talking about me?\nI dare a motherfucker to be talking about me\nThat bitch must be smokin' a couple of OC's\nA-buh-buh-buh now give then a goatee\n\n[Hook]\nTake your medication, Roman\nTake a short vacation, Roman\nYou'll be okay\nYou need to know your station, Roman\nSome alterations on your clothes and your brain\nTake a little break, little break\nFrom your sanity\nThere's so much you can take, you can take\nI know how bad you need a Roman holiday\nRoman holiday, a Roman holiday", "image": "https://images.genius.com/d8ab635827060eb71d3130b28c7cd04f.1000x1000x1.jpg"}], "artist": "Nicki Minaj"}