{"songs": [{"title": "Take It Off", "album": null, "year": null, "lyrics": "You need a future daddy\nGive me my petter pan\nWhen i hit the club it will be me an my conceited friend\nBeen signing autographs\nSince like a quarter past\nIm in the hallway, dont need no hall pass\nIf i eat it then everybody gonna order that\nEverything i do these bitches wishin they'da thought of that\nIm a indian giver i want the quarter back\nIf hip hop was dead ,bitch i just brought her back\nTake it to the off\nIma take it take it off\n\nIma take it to the club\nThen ima take it to the log\nIma take it to my niggas , ima take it to the boss\nIma giggle it giggle it\nBakin soda soft\nIma put it in ya face , ima pt it in ya braids\nThe way i make it pop, you can put me in the space\nMake it rain as a ten thousand dollar day\nPoppin like champaign on a holiday", "image": "https://images.genius.com/9eb9bb10b4dff8ba05121dfb216b3be2.467x467x1.jpg"}], "artist": "Nicki Minaj"}