{"songs": [{"title": "Starships [Edited Version] [Edit] by Nicki Minaj", "album": null, "year": null, "lyrics": "[Verse 1]\n(RedOne...)\nLet's go to the beach, each\nLet's go get away\nThey say, what they gonna say?\nHave a drink, clink, found the bud light\nBad - like me is hard to come by\nThe patron own, let's go get it on\nThe zone own, yes I'm in the zone\nIs it two, three? Leave a good tip\nI'mma blow off my money and don't give two -\n\n[Pre-Hook]\nI'm on the floor, floor\nI love to dance\nSo give me more, more, 'til I can't stand\nGet on the floor, floor\nLike it's your last chance\nIf you want more, more\nThen here I am\n\n[Hook]\nStarships were meant to fly\nHands up and touch the sky\nCan't stop cause we're so high\nLet's do this one more time\nStarships were meant to fly\nHands up and touch the sky\nLet's do this one last time\nHands up...\n(We're higher than a -er) [x3]\n\n[Verse 2]\nJump in my hoopty-hoopty-hoop\nI own that\nAnd I ain't paying my rent this month\nI owe that\nBut check who you want, and check who you like\nDance all night there's no end in sight\nTwinkle, twinkle little star\n\n[Bridge]\nNow everybody let me hear you say ray ray ray\nNow spend all your money cause they pay pay pay\nAnd if you're a G, you a G-G-G\nMy name is Onika, you can call me Nicki\n\n[Pre-Hook]\nGet on the floor, floor\nLike it's your last chance\nIf you want more, more\nThen here I am\n\n[Hook x2]\n---\n.", "image": "https://images.genius.com/9eb9bb10b4dff8ba05121dfb216b3be2.467x467x1.jpg"}], "artist": "Nicki Minaj"}