{"songs": [{"title": "Masquerade", "album": "Pink Friday: Roman Reloaded", "year": "2012-04-02", "lyrics": "[Verse 1]\nFeel, feel, feel the beat of the drum\nMove like you really wanna be number one\nYou can, you can, you can beat out the comp\nRun like you really wanna be at the top\nStop, adrenaline rush 'cause\nYou have been identified as a hustler\nTopic of discussion but beat it like a percussioner\nAnd chuck the deuce up and tell 'em it's just love\n\n[Refrain]\nOo-Oo, damn diggity-dog\nLet them bums stay mad 'cause we livin' it up\nOo-Oo, Shelltops is on\nAnd I'm popping like, I'm popping like, I'm popping some corn\n\n[Pre-Chorus]\nAnd now, I don't wanna take you\nIf we fall down, don't get upset\nAnd now is just the beginning\nAnd we'll figure it out somehow\n\n[Chorus]\nRight now, masquerade\nMaster the merry-go-round\nRight now, masquerade\nMaster the merry-go-round\nRight now\nIt's something you create\nIt's never ever too late\nIt's never ever too late\nRight now\nOkay to make a mistake\nYeah, baby, this is your day\nIt's time to masquerade\n\n[Verse 2]\nUh\nBass, the bass, feel the bass in your face\nHit the finish line, first place in the race\nYes, King Kong on your chest\nRunning and I'm coming to baton to your left\nYup, you can be who you want\nBe who you is, never be who you aren't\nNever ever fold under pressure\nDesperate times get desperate measure\n\n[Refrain]\nOo-Oo, damn diggity-dog\nLet them bums stay mad 'cause we livin' it up\nOo-Oo, Shelltops is on\nAnd I'm popping like, I'm popping like, I'm popping some corn\n\n[Pre-Chorus]\nAnd now, I don't wanna take you\nIf we fall down, don't get upset\nAnd now is just the beginning\nAnd we'll figure it out somehow\n\n[Chorus]\nRight now, masquerade\nMaster the merry-go-round\nRight now, masquerade\nMaster the merry-go-round\nRight now\nIt's something you create\nIt's never ever too late\nIt's never ever too late\nRight now\nOkay to make a mistake\nYeah, baby, this is your day\nIt's time to masquerade\n\n[Bridge]\nI'ma call you afro 'cause you never ball\nFuck all you bitches and I don't ever call\nNext day, suck my teste\nI ain't playing games\nBitch, but checkmate, checkmate\nBreaker 1-9, Br-Breaker 1-9, Br-Breaker 1-9\nAll my party people, lemme see you one time\n\n[Chorus]\nRight now, masquerade\nMaster the merry-go-round\nRight now, masquerade\nMaster the merry-go-round\nRight now\nIt's something you create\nIt's never ever too late\nIt's never ever too late\nRight now\nOkay to make a mistake\nYeah, baby, this is your day\nIt's time to masquerade\nRight now", "image": "https://images.genius.com/bc436c4e6a770ffcfa1e9efe79c60cd5.1000x1000x1.jpg"}], "artist": "Nicki Minaj"}