{"songs": [{"title": "Nip Tuck", "album": "Queen (Bonus Version)", "year": "2018-08-10", "lyrics": "[Intro]\nGave you everything, everything, everything, everything, everything\n\n[Chorus]\nGave you everything, yeah\nThink I need to take it all back (Take it all back, hey)\nI gave you everything, yeah\nBut you don't know what to do with all that\nAnd that's on everything\nI'ma have to switch, switch up on you\nSnip, snip, hit that nip tuck on you\nRing, ring, never pick up on you (Yeah, brr)\nI'ma have to switch, switch up on you\nSnip, snip, hit that nip tuck on you\nLet go, time to give up on you\n\n[Verse 1]\nMmm, see, I used to curve niggas like you\nSkrr, skrr, swerve niggas like you\nEven though I heard what you might do\nI didn't get concerned 'cause I liked you\nBut no, no, I can't hide who you are\nI can't lie, it's too hard (So hard, so hard)\nI need more than what you got from me\nYou want a bad bitch and new cars\n\n[Chorus]\nAnd I gave you everything, yeah\nThink I need to take it all back (Take it all, take it all back)\nI gave you everything, yeah\nBut you don't know what to do with all that\nAnd that\u2019s on everything\nI'ma have to switch, switch up on you\nSnip, snip, hit that nip tuck on you\nRing, ring, never pick up on you, oh\nI'ma have to switch, switch up on you\nSnip, snip, hit that nip tuck on you\nLet go, time to give up on you\n\n[Verse 2]\nI know how to flip niggas like you\nI get petty and clip niggas like you\nFuck around and forget niggas like you\nPromise I could never miss niggas like you\nSaid no, no\nFeelings fading away, I can't hear what you say\nI need more than what you got for me\nYou got a bad bitch who won't stay\n\n[Chorus]\nAnd I gave you everything, yeah\nYou gon' need to take it all back (Take it all, take it all back)\nI gave you everything, yeah\nBut you don't know what to do with all that\nAnd that's on everything\nI'ma have to switch, switch up on you\nSnip, snip, hit that nip tuck on you\nRing, ring, never pick up on you, oh\nI'ma have to switch, switch up on you\nSnip, snip, hit that nip tuck on you\nLet go, time to give up on you\n\n[Verse 3]\nYo, give up on 'em, I don't even wanna get up on 'em\nAnd I ain't tryna work it out\nBut I'm at the gym on a mat doin' sit-ups on 'em\nYou let yourself go, you don't represent O\u2019\nSo trust me, just go\nYou settle for less, yo, you disrespectful\nYou was special, the new you just dull\nSo cut all that bull, the nerve of me to come off my pedestal\nCome off my pedestal, money off that edible\nWhich means them bags stacked high\nYou ain't got the drive, my nigga ya pedal stalled\nYou said you wept, aww, every day, a queen you slept on\nAnd I ain't talkin' 'bout your mattresses\nBut um, you the type of player I press eject on\nI can't believe you played for that long\nI never re-respected nobody\nI never needed you, you must've thought I did\nI should have copped the stick, but I'm teflon\nPressed on, headstrong, sex the bomb\nDreams of a bad bitch tryna F a don\nIf his word bond and he wanna sex icons\nIf he bust down and don't wanna waste my time\nWho the fuck you thought you was, tryna stunt on Nick?\nShoulda put you on blast like a gun on hip\nBut it's okay, we gon' keep secrets, nigga\n'Cause a true bad bitch ain't weak or bitter", "image": "https://images.genius.com/4c76f8cc9dc9623d051131b3d4d5f935.1000x1000x1.jpg"}], "artist": "Nicki Minaj"}