{"songs": [{"title": "On Top", "album": null, "year": "2017-04-02", "lyrics": "[Hook: Future]\nOn top, we gettin' this paper\nOn top, we gettin' this paper\nOn top, we gettin' this paper\n\n[Verse 1: Nicki Minaj]\nYo, shots left and right\nBitch is you alright?\nNow it's time to torture ya\nFuck ya, intercourse ya (r u shook yet ?)\nI go platinum many hits\nStarships on iTunes, buy it bitch!\nOn top\n\n\n\n\n\n\n\n\n\nIf u believed anything then smh", "image": "https://images.genius.com/9eb9bb10b4dff8ba05121dfb216b3be2.467x467x1.jpg"}], "artist": "Nicki Minaj"}