{"songs": [{"title": "So Special", "album": null, "year": "2011-05-12", "lyrics": "[Intro:]\nThis one goes out to you\nYeah\nYou know who you are\nLook\n\n[Verse:]\nI guess I'm wrong for thinking that I could trust you\nFor never holding all of that sh- against you\nBut now I\u2019m strapped with my .45 special\nI\u2019m so special, so special, so special\nNigga, you softer than a homosexual\nAnd I am so extraterrestrial\nSo you can keep my things\nThere's nothing you can bring\nAnd you can have my ring, you can add it to your bling\nCause I\u2019m okay and I\u2019m still a G\nPray for my enemies, my name\u2019s still Nicki\nIn time you\u2019ll change, but time don\u2019t freeze\nYou better leave before you get wetter than Pisces", "image": "https://images.genius.com/9eb9bb10b4dff8ba05121dfb216b3be2.467x467x1.jpg"}], "artist": "Nicki Minaj"}