{"songs": [{"title": "Make a Baby", "album": null, "year": null, "lyrics": "[Verse 1]\nIf you get lost, boy, then I will find you\nYou'll be my rock boy and I will climb you\nBut you don't notice me, it's like I'm not even here\n\n[Hook]\nI see you in the A, I see you in the Bay,\nI see you everyday, but I don't know what to say\nSo I'll be at the ball till 12 o'clock A\nI'll be your Cinderella-ella (Aye)\nThen maybe you and maybe me\nCan maybe meet and m-m-make a baby\nThen maybe you and me\nCan meet and make a baby, let's make a baby\nLet's make a bay, l-l-lets make a baby\nLet's make a bay, l-l-lets make a baby\nLet's make a bay, l-l-lets make a baby\nLet's make a bay, l-l-lets make a baby\n\n[Verse 2]\nI'll be your sun, boy, and I will guide you\nYou'll be my wave and I'll always ride you\nAnd I'll give anything to prove that I really care\n\n[Hook]\nI see you in the A, I see you in the Bay,\nI see you everyday, but I don't know what to say\nSo I'll be at the ball till 12 o'clock A\nI'll be your Cinderella-ella (Aye)\nThen maybe you and maybe me\nCan maybe meet and m-m-make a baby\nThen maybe you and me\nCan meet and make a baby, let's make a baby\nLet's make a bay, l-l-lets make a baby\nLet's make a bay, l-l-lets make a baby\nLet's make a bay, l-l-lets make a baby\nLet's make a bay, l-l-lets make a baby\n\n[Verse 3]\nWhen they seen the girl stuntin', they thought that I was frontin'\nI'm not Kanye but you can't tell me nothin'\nI've been around the world from London to Japan\nI'm on the l-l-lear, l-l-looking for my man\nCause, ooh, he so gutter, he m-m-make me stutter\nThe French Vanilla truck's inside peanut butter\nThe girls wanna see him, the boys wanna be him\nGet payed like per diem from the a.m. to the p.m\nSo where the fuck's the flashlight? Where are my binoculars?\nSomebody go tell him I get wetter than tilapias\nAnd I am bi-populars, oops, I mean bipolar\nSearch the whole solar, (ain't a bitch colder)\n\n[Hook]\nI see you in the A, I see you in the Bay,\nI see you everyday, but I don't know what to say\nSo I'll be at the ball till 12 o'clock A\nI'll be your Cinderella-ella (Aye)\nThen maybe you and maybe me\nCan maybe meet and m-m-make a baby\nThen maybe you and me\nCan meet and make a baby, let's make a baby\nLet's make a bay, l-l-lets make a baby\nLet's make a bay, l-l-lets make a baby\nLet's make a bay, l-l-lets make a baby\nLet's make a bay, l-l-lets make a baby", "image": "https://images.genius.com/76b29a3f222702cac89d9fe1e6c769ba.236x236x1.jpg"}], "artist": "Nicki Minaj"}