{"songs": [{"title": "Pound the Alarm (Jelfa mix)", "album": null, "year": null, "lyrics": "Oh! Oh! Oh! Come fill my glass up a little more!\nWe 'bout to get up and burn this floor!\nYou know we're getting hotter and hotter!\nSexy and hotter! Let's shut it down!\n\nYo! What I got to do to show these girls that I own them?\nSome call me Nicki and some call me Roman\nSkeezer, Pleaser, I'm in Ibiza\nGiusuppes and I be my own sneaker\n\nSexy, sexy, that's all I do\nIf you need a bad bitch, let me call a few\nPumps on and them little mini skirts is out\nI see some good girls, I'mma turn 'em out\n\nOkay, bottle, sip, bottle, guzzle\nI'm a bad bitch, no muzzle, hey\nBottle, sip, bottle, guzzle\nI'm a bad bitch, no muzzle, let's go\n\nMusic... makes me... high...\n\nOh! Oh! Oh! Come fill my glass up a little more!\nWe 'bout to get up and burn this floor!\nYou know we're getting hotter and hotter!\nSexy and hotter! Let's shut it down!\n\nPound the alarm!\nPound the alarm!\n\nI want to do it for the night. (Night!)\nSo get me now and knock this over\nI want to do it like you like. (Like!)\nCome get me, baby, we're not getting younger\nI just want you tonight. (Night!)\nBaby, we won't do it for life. (Life!)\n\nMusic... makes me... high...\n\nOh! Oh! Oh! Come fill my glass up a little more!\nWe 'bout to get up and burn this floor!\nYou know we're getting hotter and hotter!\nSexy and hotter! Let's shut it down!\n\nPound the alarm!\nPound the alarm!\nThe alarm! The alarm!\nThe alarm! The alarm!\n\nOh! Oh! Oh! Come fill my glass up a little more!\nWe 'bout to get up and burn this floor!\nYou know we're getting hotter and hotter!\nSexy and hotter! Let's shut it down!\n\nPound the alarm!\nPound the alarm!\nPound the alarm!", "image": "https://images.genius.com/9eb9bb10b4dff8ba05121dfb216b3be2.467x467x1.jpg"}], "artist": "Nicki Minaj"}