{"songs": [{"title": "I Am Your Leader", "album": "Pink Friday: Roman Reloaded", "year": "2012-04-03", "lyrics": "[Verse 1: Nicki Minaj]\nUh\nLook sucker, this my gun butter\nStreet fighter bitches, this the up cutter\nNunchucka', no time to ducka'\nSign of the cross, 'cause this is her last suppa'\nPlay with me, check who came with me\nI bought a couple 9's, plus the k's with me\nI breeze through Queens to check some bad bitches\nI stunt so hard, assess the damages\n'Cause this that oh, this is that oh\nAnd yes, I body bitches go get the bandages\nYoung yummy, fuck you got for me\nI hate a phony bitch that front that chum chummy\nI'm me top shotta' drop the top toppa'\nBig fat pussy with a icy watch\n\n[Hook: Nicki Minaj]\nI am your leader, yes, I am your leader\nYou're not a believer, suck a big dick\n\n[Verse 2: Nicki Minaj]\nYo\nWhen I fly, it's one letter and one number\nYou wack hoes could get hot for one summer\nAfter that the queen will still reign here\nI'm Santa Claus to these hoes without a reindeer\nSaint Nick, Ross, hey, Rick, I just got a toy, cost 850\nNow I'm in the hood, niggas is getting woodies\nHit up Hot Topic, Nicki Minaj hoodies\nI'm a brand, bitch, I'm a brand\nGo to Harlem, and get Cam\nIt's dipset, get your dick wet\nBoarded the big jet, and got a big check\nNow you tell me, who the fuck is winning?\nI'm on my Russell Simmons, Nicki denim, Nicki linen\n\n[Hook: Nicki Minaj]\nI am your leader, yes, I am your leader\nYou're not a believer, suck a big dick\n\n[Verse 3: Rick Ross]\nJealous niggas is gossip, watch me tie up my laces\nBitches be jocking, tell by the look on they faces\nEight digits I'm clocking, a lot of gold in my bracelet\nSeven figures on watches, I told my mama I made it\nMade a deal for my project, just give me 10 mill I'm gravy\nI went back to the projects in two mil in Mercedes\nI get head from your lady, have her bill me later\nI'm old school with the hustle, just gave Rihanna my pager\nHeartbreak hotel, I'm in the A-Rod suite\nRolls Royce wood, I'm talking playoff seat\nKnow that boy busy 'cause he balling, I like to play all week\nMonday night with the \u2018RAW\u2019, I\u2019m Vince McMahon with a beat\nPower slamming them hammers, I get you handle for free\nSo where the fuck is her manners, she gives brain while I tweet\nDM, in the BM, you cm, you bucking, you love it\nMotherfuckers on my dick, suck it\n\n[Hook: Nicki Minaj]\nI am your leader, yes, I am your leader\nYou're not a believer, suck a big dick\nI am your leader, yes, I am your leader\nYou're not a believer, suck a big dick\n\n[Verse 4: Cam'ron]\nSee the car is European, but got imported from Tokyo\nLooking like a shark, the nose call it Pinocchio\nWell off, wealthy, LV logo\nMiddle of July, but the wrist on snowflow\nOnly do the Aspens, y'all can have the Poconos\nI'm sunny and you must suck collagen dose, Calogero\nRide the whip, five on the hip, live with the pies got nine for the flip\nHigh with a bitch, she cry for the dick\nOh my know why I'm fly as it gets\nNow I need an aspirin, she said \"You're only Cameron\"\nGirlfriend you don't know Cam'ron from nowhere\nSo don't go tampering\nYou're just a nail I hammer, 'nother girl that's on my camera\nMy name you cannot slander at all girl, watch your manners\nShe run and tell her mother, \"I think I love him, Nana.\"\nBecause you sat upon my lap? Nah, I ain't Santa\nThey call me pied piper, OJ no glove I knife her\nNever been a lifer, even do Rikers\nWhy would I fight? Don\u2019t even like her\n\n[Hook: Nicki Minaj]\nI am your leader, yes, I am your leader\nYou're not a believer, suck a big dick\nI am your leader, yes, I am your leader\nYou're not a believer, suck a big dick", "image": "https://images.genius.com/d8ab635827060eb71d3130b28c7cd04f.1000x1000x1.jpg"}], "artist": "Nicki Minaj"}