{"songs": [{"title": "Tragedy", "album": null, "year": "2011-04-02", "lyrics": "Ayo\nPink Friday, Eminem, 8 Mile\nIt must hurt to sell your album off PayPal\n'Specially when you in the game 15, 20\nYou was hot when Shaq teamed up with Penny\nMan, you was magic!\nI mean, look at you now, ho, you just tragic!\nYou a tragedy, you a parody\nLast name Ann, first name Raaaaaaggggedy\nThese goofy bitches is stupidity personified\nAyo, Wayne, you want it gully, or the Gaza side", "image": "https://images.genius.com/ef2b8a81d9698faa0a9c80eba2963fcb.200x200x1.jpg"}], "artist": "Nicki Minaj"}