{"songs": [{"title": "Ponytail", "album": null, "year": null, "lyrics": "[Verse 1: Mya]\nLet me get that\nSlick back, put my hair in a ponytail, (ponytail)\nAnd if you get that\nPull that\nFrom da back, baby can you make me wet, (make me wet)\n\n[Pre-Chorus]\nO oh oh\nThat's fine\nOh oh oh\nAll night... If you Qualify\n\n[Chorus]\nJust let me get that\nSlick back, put my hair in a ponytail, (ponytail)\n\n[Verse 2: Nicki Minaj]\nDamn right a B*tch Qualified\nI should work for Homicide\nKill these guys, Put em on forensic files\nUh... M-M-Man down when I bring da Lamb round\nHe say nicki u da best Hands down\nFlyer than a Airlift\nPull it with no hairclips\nPonytail, no Scrunchie\nParrachute, No bungy\nPeggy and Al Bundy\nBallin like Van Gundy\nAlligator Heels on\nCrocodile Dundy\n\n[Outro]\nPull it, Pull it\nPull it, Pull it\nPull it Pull it\nPull it, Pull it\nPull it, Pull it\nPull it Pull it", "image": "https://images.genius.com/9eb9bb10b4dff8ba05121dfb216b3be2.467x467x1.jpg"}], "artist": "Nicki Minaj"}