{"songs": [{"title": "The Boys", "album": "Pink Friday: Roman Reloaded - The Re-Up", "year": "2012-09-13", "lyrics": "[Verse 1: Nicki Minaj]\nPunch line queen, no boxer though\nMight pull up in a Porsche, no boxster though\nTell a hater, \"Ayo, don't you got cocks to blow?\"\nTell them Kangaroo Nick, I'll box a ho\nThey said I got five and a possible\nDon't go against Nicki, impossible\nI done came through with my wrist on popsicle\nMan, these hoes couldn't ball with a testicle, nigga\n\n[Verse 2: Cassie]\nYour lipstick stain smells like a cheap hotel\nDiamond watches and a gold chain\nCan't make my frown turn around\n\n[Hook: Cassie & Nicki Minaj]\nThe boys always spending all their money on love\nThe boys always spending all their money on love\nThey wanna touch it, taste it, see it, feel it, bone it, own it, yeah, yeah\nDollar, dollar, paper chase it, get that money, yeah, yeah\n\n[Bridge: Cassie]\nYou get high, fuck a bunch of girls\nAnd then cry on top of the world\nI hope you have the time of your life\nI hope I don't lose it tonight\n\n[Verse 3: Nicki Minaj]\nBald head pussy got lots of juice\nLopsided on the curb, so I block the coupes\nWatch the deuce\nMan, I'm stingy wit my kitty cat daddy\n\"Did you ever really love me Steebie?\"\nRrrrrrr, pull up in the rrrrrrr\nWrist on burrrrr, pussy on purrrr-purrrr\nI don't even brake when I'm backing up\nI'll swerve on a nigga if he acting up\nI done pushed more sixes than a play date\nGet money by the millions, fuck a day rate, nigga\n\n[Verse 4: Cassie]\nYour bossed up swag got 'em drooling like a newborn babe\nThe dollars in they eyes got them blinded by a Masquerade\n\n[Hook: Cassie & Nicki Minaj]\nThe boys always spending all their money on love\nThe boys always spending all their money on love\nThey wanna touch it, taste it, see it, feel it, bone it, own it, yeah, yeah\nDollar, dollar, paper chase it, get that money, yeah, yeah\n\n[Bridge: Cassie]\nYou get high, fuck a bunch of girls\nAnd then cry on top of the world\nI hope you have the time of your life\nI hope I don't lose it tonight\n\n[Verse 5: Nicki Minaj]\nI put all you bitches on to them good lace fronts (ouh)\nGirls is my sons, carried them for 8 months (ouh)\nAnd yes, you're premature, Young Money to the Core (ouh)\nI might give you a ticket so you can come see the tour (oouch)\nOh, that's your new girl, that's that mid-grade\nBuck 50 on yo face with the switch blade\nOr the razor, yeah, the razor\nShe my son yeah, but I ain't raise her\nGoose me, hater! I get that loose leaf paper\nThem V-necks be studded out, T-Rex be gutted out\nI told 'em Nicki be chilling, I'mma keep hurting they feelings\nBecause you'll never be Jordan you couldn't even be Pippen\nYou couldn't even be tripping, you can't afford a vacation\nI'm out in Haiti with Haitians, I go to Asia with Asians\nYou mad dusty, you a lil dusty possum\nI just come through with the six like my name was Blossom\n\n[Bridge: Cassie]\nYou get high, fuck a bunch of girls\nAnd then cry on top of the world\nI hope you have the time of your life\nI hope I don't lose it tonight\nYou get high, fuck a bunch of girls\nAnd then cry on top of the world\nI hope you have the time of your life\nI hope I don't lose it tonight\n\n[Outro: Cassie & Nicki Minaj]\nThe boys always spending all their money on love\nThe boys always spending all their money on love\nThe boys always spending all their money on love, uh, Pretty Gang\nThe boys always spending all their money on love\nYoung Money, Cassie", "image": "https://images.genius.com/064d699a24fa246bbbac345c911cd679.1000x1000x1.jpg"}], "artist": "Nicki Minaj"}