{"songs": [{"title": "Want Some More", "album": "The Pinkprint", "year": "2014-12-12", "lyrics": "[Intro]\nZaytoven\nMetro Boomin want some more, nigga\n\n[Hook: Jeremih and Nicki Minaj]\nWant some more, want some more\nEven though a nigga been getting to it, want-want-want some more\n(Still want some more) Want some more, want some more\nEvery time I end up getting it, want-want-want-want some more\nWhe-whe-when they start talking crazy, that's when I know that they want some more\nI know that I'm getting it, but fuck it, 'cause I want some more\nWhen they start talking crazy that's when I know that they want some more\nEvery time I end up getting it, want-want-want-want some more\n\n[Verse 1: Nicki Minaj]\nI'm in this bitch, I'm getting money\nOne minute they hate me, then they love me\nAin't got nothing for me, these dudes is funny\nThat's why I'm throwing shade, like it's sunny\nWho had Eminem on the first album?\nWho had Kanye saying, \"She a problem\"?\nWho the fuck came in the game, made her own column?\nWho made Lil Wayne give 'em five million?\nWhy the fuck I gotta say it, though? You niggas don't know it yet?\nFootball touchdown on the Boeing jet\nYou my son, but I'm just not showing yet\nWrist icy, but it ain't snowing yet\nYou can tell I'm the illest, cause my dividend is the biggest\nBitches ain't sitting with us, all my niggas in Margielas\nIs pigs flying? Is these bitches trying me?\nThey think it's sweet? Oh-oh-oh-oh, these bitches got diabetes\nYou seen that list? It was me, Baby, Jay-Z, and Diddy\n\n[Hook: Jeremih and Nicki Minaj]\nWant some more, want some more\nEven though a nigga been getting to it, want-want-want some more\n(Still want some more) Want some more, want some more\nEvery time I end up getting it, want-want-want-want some more\nWhe-whe-when they start talking crazy, that's when I know that they want some more\nI know that I'm getting it, but fuck it, 'cause I want some more\nWhen they start talking crazy that's when I know that they want some more\nEvery time I end up getting it, want-want-want-want some more\n\n[Verse 2: Nicki Minaj]\nYo, yo, I'm in this bitch, I'm high-saditty\nI popped a Perc and I said, \"Thank you\"\nI'm popping tags everyday, it look like my b-day\nThese bitches suck, so I nickname these bitches \"BJ\"\nThey want that union, they want that D-Wade\nI tell a ho just be happy they getting leeway\nMy name Barbie, bitch (my name)\nMy name Barbie, bitch\nAlexander made me Queen, I'm pulling up with the King\nI'm late to my own party, bitch\nWant it, I get it, I don't be wanting for nothing\nI mean, I do what I do and it must be counting for something\nI don't be jumping from topic to topic, stay in my pocket\nI got your rent in my pocket, so can I pay you to pop it?\nCash Money, getting six albums, no bitch niggas on a bitch album\nYou niggas apologize when a nigga diss you? That's a big problem\n\n[Hook: Jeremih and Nicki Minaj]\nWant some more, want some more\nEven though a nigga been getting to it, want-want-want some more\n(Still want some more) Want some more, want some more\nEvery time I end up getting it, want-want-want-want some more\nWhen they start talking crazy, that's when I know that they want some more\nI know that I'm getting it, but fuck it, 'cause I want some more\nWhe-whe-when they start talking crazy that's when I know that they want some more\nEvery time I end up getting it, want-want-want-want some more", "image": "https://images.genius.com/e6951472bdf7074eced144472c3b71c0.1000x1000x1.jpg"}], "artist": "Nicki Minaj"}