{"songs": [{"title": "Outro", "album": "Beam Me Up Scotty", "year": null, "lyrics": "Shout out to SB  the hype man\nAnd Joe the Boss and Bimi, and umm\nMy darling big sister Monie Love\nUmm shouts out to my entertainment laywers and my accountants\nUmm shout out to Southside, Jamaica, Queens\nNew York City, everybody that shows me lots of love\nIn Philly and Connecticut and Rhode Island and y'know\nOhio and, yeah everywhere I go there's just so much love\nSo I love you girls SO much\nAnd, y'know shout out to all my Africans y'know\nBecause they bootleg my mixtape out in Nigeria\nHit up Amadou, he can make the criteria\nAnd shout out YouTube dot com forward slash Nicki Minaj TV\nMySpace dot com foward slash Nicki Minaj\nA shout out to WorldStarHipHop, um\nFor keeping me so relevant, in a world of irrelevant bitches\nJust y'know be a bad bitch, never be a stupid bitch\nStep your pussy up and all that\nAm I forgetting somebody? I'm not forgetting anybody am I?\nOh you know what you're right\nSomebody brought the name up\nI don't know if they'll even understand\nDo they even know this guy, out here in the United States?\nUmm, a little dude named, Dwyane Carter\nDwayne Michael Carter, umm, y'know\nHe runs a label called Young Money Entertainment\nAnd umm, y'know, he's my sensei and I'm the ninja\nAnd umm, I love him very very fuckin much\nAnd umm, y'know, just have to shout him out\nSay thank you for EVERYTHING you've done\nY'know cause we're totally 'bout to take the globe by storm\nSo, umm, I can't wait. Bye! (\"HOLIDAY SEASON!!\")", "image": "https://images.genius.com/d4b8299bec1aac14c1931423e8d3466c.500x500x1.jpg"}], "artist": "Nicki Minaj"}