{"songs": [{"title": "2 Lit 2 Late Interlude", "album": "Queen (Bonus Version)", "year": "2018-08-10", "lyrics": "[Verse]\nI said I'm cool on it, baby, yeah, I'm straight\nYou say it's love, I don't it want it, yeah, too late\nBoy, you're too much, too little, yeah, too late\nYou do too much, too little, yeah, too late\n\n[Chorus]\nBoy, you're too much, too little, yeah, too late\nBoy, you're too much, too little, yeah, too late\nBoy, you're too much, too little, yeah, too late\nBoy, you're too much, too little, yeah, too late\nBoy, you're too much, too little, yeah, too late\nBoy, you're too much, too little, yeah, too late\nBoy, you're too much, too little, yeah, too late\nBoy, you're too much, I'm cool on it, I'm straight\n\n[Outro]\nYou shoulda been listenin', listenin' in\nToo busy glistenin', glistenin' in\nWhy you ain't listen then, listen back then?\nNow you're too much, too little, yeah, too late", "image": "https://images.genius.com/15a79e9b319ecd94a9131a5bc8bbd010.1000x1000x1.jpg"}], "artist": "Nicki Minaj"}