{"songs": [{"title": "Did It On'em", "album": "Pink Friday", "year": "2011-04-07", "lyrics": "[Hook: Nicki Minaj]\nShitted on 'em, man, I just shitted on 'em\nShitted on 'em, put yo' number two's in the air if you did it on 'em\nShitted on 'em, man, I just shitted on 'em\nShitted on 'em, put yo' number two's in the air if you did it on 'em\n\n[Verse 1: Nicki Minaj]\nAll these bitches is my sons (my sons)\nAnd I'mma go and get some bibs for 'em\nA couple formulas, little pretty lids on 'em\nIf I had a dick, I would pull it out and piss on 'em (psss)\nL-l-l-l-l-l-l-l-l-let me shake it off\nI just signed a couple deals, I might break you off\nAnd we ain't making up, I don't need a mediator\nJust let them bums blow steam, - r-r-radiator\n\n[Hook: Nicki Minaj & Safaree]\n(That was a earthquake, bitch!)\nShitted on 'em\n(You felt the ground shake, right?)\nMan, I just shitted on 'em\n(You bitches ain't fucking with her!)\nShitted on 'em\n(You must've -- Aaaah!)\nP-p-p-put yo' number two's in the air if you did it on 'em\n(You must've lost your fucking mind)\nShitted on 'em\n(You must've bumped your fucking head!)\nMan, I just shitted on 'em\n(You crazy, stupid, ugly, monkey-looking bitches!)\nShitted on 'em, put yo' number two's in the air if you did it on 'em\n(Aaaah!)\n\n[Verse 2: Nicki Minaj]\nYo, this stone is flawless, F-F-F1\nI keep shooters up top in the F1\nA lot of bad bitches beggin' me to eff one\nBut I'mma eat them rap bitches when the chef come\nTh-th-th-th-th-th-th-th-throw some fresh one's\nMore talent in my mu'fuckin' left thumb\nShe ain't a Nicki fan, then the bitch deaf, dumb\nYou ain't my son, you my mu'fuckin' step-son\n\n[Hook: Nicki Minaj & Safaree]\n(I don't know what Lil Wayne look like)\nShitted on 'em\n(Bitch, I can't even spell welfare)\nMan, I just shitted on 'em\n(You got me mistaken with your mother, ho)\nShitted on 'em\n(You bitches at the bottom of the totem pole)\nPut yo' number two's in the air if you did it on 'em\n(We at the top bitch - She flopped!)\nShitted on 'em\n(Louis Vuitton everything, bitch!)\nMan, I just shitted on 'em\n(Gucci - we don't fuck with it, it's too cheap, motherfucker!)\nShitted on 'em, put yo' number two's in the air if you did it on 'em\n(You bitches - Ahhhh Man!)\n\n[Verse 3: Nicki Minaj]\nAll these bitches is my sons (sons)\nAnd I ain't talking 'bout Phoenix\nBitch, I get money so I do's what I pleases\nI live where the muthafuckin pools and the trees is\nBroke bitches so crusty (disgust me)\nG-g-g-gave the bitch a ride, got the Continental dusty\nTrust me, I keep a couple hundred in the duff-b\nCouple wet wipes case a bum try to touch me (ew!)\nI'm-I'm-I'm-I'm-I'm the terminator\nBitch talk slick, I'mma have to terminate her\nThese little nappy headed hoes need a perminator\nY-y-you my seed, I spray you with the germinator (sh-sh-sh-sh-sh)\nM-m-m-m-m-m-m-move back, bugs\nMatter fact, you know, the queen could use a back rub (ah!)\nIf you could turn back time - Cher\nYou used to be here, now you gone - Nair\n\n[Hook: Nicki Minaj & Safaree]\n(You nappy-headed son of a bitches!)\nShitted on 'em\n(I'ma start throwing Just for Me Perm at your heads!)\nMan, I just shitted on 'em\n(I'ma get the kid version)\nShitted on 'em\n(The Kid one, cause you're a bunch of kids)\nPut yo' number two's in the air if you did it on 'em\n(Bunch of nappy-headed hoes running around)\nShitted on 'em\n(Just for Me)\nMan, I just shitted on 'em\n(You know it, yeah ho, you know)\nShitted on 'em, put yo' number two's in the air if you did it on 'em\n(Just for Me Perm, in your head, when we see you! -- OW!)", "image": "https://images.genius.com/44a8be97aef4cdd5114bd6cec02b2357.1000x1000x1.png"}], "artist": "Nicki Minaj"}