{"songs": [{"title": "Nicki Minaj Speaks #3", "album": "Beam Me Up Scotty", "year": "2009-11-08", "lyrics": "Okay so I'm gonna just, you know, briefly run down my shoutouts\nShoutout to all of the DJs that's ever showed Nicki Minaj love\nI love you right back\nShoutout to DJ Holiday, um, you know\nJust 'cause he has really nice eyes\nAnd, you know, he's really sexy and all that\nUm, shout out to my baby Big Mike and Trapaholics\nAnd Sticks Malone and DJ Infamous and DJ Drama\nUm, I also have a very crazy manager\nHer name is Debra Antney\nAnd um, she's psychotic, she's bipolar, um\nBut nevertheless she's mine, all mine\nOh, I have to share her with Gucci Mane\nAnd I have to share her with, OJ Juice\nAnd I have to share her with the So Icey boys\nAnd, you know, Waka Flocka Flame and all that but\nYou know she's all mine, anyway", "image": "https://images.genius.com/d4b8299bec1aac14c1931423e8d3466c.500x500x1.jpg"}], "artist": "Nicki Minaj"}