{"songs": [{"title": "Get On Your Knees", "album": "The Pinkprint", "year": "2014-12-12", "lyrics": "[Intro: Nicki Minaj]\nMmmh\nRrrrrr!\n\n[Chorus: Ariana Grande & (Nicki Minaj)]\nGet on your knees, get on your knees, get on your knees\nBaby, just get on your knees (On your knees!)\nSay pretty please, say pretty please, say pretty please\nBaby, just say pretty please (Pretty please!)\n\n[Verse 1: Nicki Minaj]\nYo, I'll be back at eleven, you just act like a peasant\nGot a bow on my panties, because my ass is a present\nYeah it's gooder than Meagan, you look good when you're beggin'\nI be laughing when you beggin' me, to just put the head in\nLet me sit on your face, it's ok you can play with it\nWhen I'm bouncin' it, chill out and don't you make a mistake with it\nLet me see what you're workin' with, If I'm ridin', I'm murkin' it\nSlow grindin', I'm twerkin' it, yeah I bagged him, I Birkin'd it\n\n[Pre-Chorus: Ariana Grande]\nI don't need a dozen roses\nYou ain't gotta wine and dine me, no\nI don't need a pretty poet\nOooh, gettin' all emotional\nYou gotta beg for it, beg for it\nI wanna see you lookin' up\nBaby I'ma need you to beg for it\n\n[Chorus: Ariana Grande & (Nicki Minaj)]\nGet on your knees, get on your knees, get on your knees\nBaby, just get on your knees (On your knees!)\nSay pretty please, say pretty please, say pretty please\nBaby, just say pretty please (Pretty please!)\n\n[Verse 2: Nicki Minaj]\nGimme brain, assume the position\nMake me way smarter, like you was a magician\nPaid my dues and tuition, it's good for your nutrition\nGet head like a beautician, got me twitchin', finish your mission\nYou make it come down, you make it run down\nI'ma need you to give these other dudes the rundown\nYou got that legendary, this shit is fake, scary\nGot me seein' them fireworks, I'm on my Kate Perry\n\n[Pre-Chorus: Ariana Grande]\nI don't need a dozen roses\nYou ain't gotta wine and dine me, no\nI don't need a pretty poet\nOooh, gettin' all emotional\nYou gotta beg for it, beg for it\nI wanna see you lookin' up\nBaby I'ma need you to beg for it (let's go)\n\n[Bridge: Ariana Grande & (Nicki Minaj)]\nCause we are just animals\nBaby it's primal (it's primal)\nI want you on all fours\n(And before I let you walk, you gotta show me how you crawl)\nIf you want it all (yeah, you want it all?)\nIt's non negotiable\nSo do as I say (I say)\n(If you wanna get the job, you better know who's the boss)\n\n[Pre-Chorus: Ariana Grande]\nI don't need a dozen roses\nYou ain't gotta wine and dine me, no\nI don't need a pretty poet\nOooh, gettin' all emotional\nYou gotta beg for it, beg for it\nI wanna see you lookin' up\nBaby I'ma need you to beg for it\n\n[Chorus: Ariana Grande & (Nicki Minaj)]\nGet on your knees, get on your knees, get on your knees\nBaby, just get on your knees (On your knees!)\nSay pretty please, say pretty please, say pretty please\nBaby, just say pretty please (Pretty please!)", "image": "https://images.genius.com/e6951472bdf7074eced144472c3b71c0.1000x1000x1.jpg"}], "artist": "Nicki Minaj"}