{"songs": [{"title": "Beautiful Sinner", "album": "Pink Friday: Roman Reloaded", "year": "2012-04-02", "lyrics": "[Intro]\nSouth Africa is where I come from\nGet me my banjo, get me my drum\nKidnap career and don't take ransom\nDon't let me come out of my dungeon\nWhen mi did ah leave then take it down\nTrue say mi come out of England and it done\nTrue say the pattern come from Kingston\nTrinidad, Trinidad, my island\n\n[Verse 1]\nI see you in here dancing\nYour preview is quite romantic\nI envy your perfect kind of life\nWho knew you'd be so sexy?\nI think you're quite fantastic\nScrew your flaws, you're perfect in my eyes\n\n[Pre-Chorus]\nAnd maybe I'm naive for loving you\nYou're a cheat and a liar\nBut tonight, you're everything I desire\n\n[Chorus]\nYou beautiful sinner\nI love your wicked heart\nBeautiful sinner\nIt's such a work of art\nI didn't know that bad could look so good\nYou are the type of bad that feels so good\nYou beautiful sinner\n\n[Verse 2]\nI bet you're hard as stone\nLiving in your world alone\nI hope you let me in tonight\nThey want me to beware\nYou're dangerous, but I don't care\nI can't wait to have you in my arms\n\n[Pre-Chorus]\nAnd maybe I'm naive for loving you\nYou're a cheat and a liar\nBut tonight, you're everything I desire\n\n[Chorus]\nYou beautiful sinner\nI love your wicked heart\nBeautiful sinner\nIt's such a work of art\nI didn't know that bad could look so good\nYou are the type of bad that feels so good\nYou beautiful sinner\n\n[Bridge]\nMaybe you're the master of disguise\nAnd you are puttin' on and you're really the saint, the good one\nAre you here to save me from the crowd?\nIf you are then, baby, take me now\n\n[Chorus]\nBeautiful sinner\nI love your wicked heart\nBeautiful sinner\nIt's such a work of art\nI didn't know that bad could look so good (oh, I didn't know)\nYou are the type of bad that feels so good\nYou beautiful sinner", "image": "https://images.genius.com/d8ab635827060eb71d3130b28c7cd04f.1000x1000x1.jpg"}], "artist": "Nicki Minaj"}