{"songs": [{"title": "Only", "album": "The Pinkprint", "year": "2014-10-28", "lyrics": "[Verse 1: Nicki Minaj]\nYo! I never fucked Wayne, I never fucked Drake\nOn my life, man, fuck's sake\nIf I did, I'd m\u00e9nage with 'em and let 'em eat my ass like a cupcake\nMy man full, he just ate, I don't duck nobody but tape\nYeah, that was a setup for a punchline on duct tape\nWo-wo-wo-worried  'bout if my butt fake\nWorry 'bout y'all niggas, us straight\nTh-these girls are my sons, Jo-John & Kate Plus Eight\nWhen I walk in, sit up straight, I don't give a fuck if I was late\nDinner with my man on a G5 is my idea of a update\nHut-hut one, hut-hut two, big titties, big butt too\nFu-fuck with them real niggas\nWho don't tell niggas what they up to\nHad to show bitches where the top is\nRi-ring finger where the rock is\nThe-these hoes couldn't test me\nEven if their name was Pop Quiz\nBad bitches who I fuck with\nMa-ma-mad bitches we don't fuck with\nI don't fuck with them chickens unless they last name is Cutlet\nLet it soak in, like seasoning\nAnd tell them bitches blow me: Lance Stephenson\n\n[Chorus: Chris Brown]\nRaise every bottle and cup in the sky\nSparks in the air like the Fourth of July\nNothing but bad bitches in here tonight\nOh, if you lame and you know it, be quiet\nNothing but real niggas only, bad bitches only\nRich niggas only, independent bitches only\nBoss niggas only, thick bitches only\nI got my real niggas here by my side, only\n\n[Verse 2: Drake]\nYeah, I never fucked Nicki 'cause she got a man\nBut when that's over, then I'm first in line\nAnd the other day in her Maybach\nI thought, \"Goddamn, this is the perfect time\"\nWe had just come from that video\nYou know, L.A. traffic, how the city slow\nShe was sitting down on that big butt\nBut I was still staring at the titties though!\nYeah, low-key or maybe high-key\nI been peeped that you like me, you know?\nWho the fuck you really wanna be with besides me?\nI mean, it doesn't take much for us to do this shit quietly\nI mean, she say I'm obsessed with thick women and I agree\nYeah, that's right, I like my girls BBW\nYeah, type that wanna suck you dry and then eat some lunch with you\nYeah, so thick that errbody else in the room is so uncomfortable\nAss on Houston Texas, but the face look just like Clair Huxtable\nOh! Yeah, you the man in the city when the mayor fuck with you\nThe NBA players fuck with you\nThe bad-ass bitches doing makeup and hair fuck with you\nOh! That's 'cause I believe in something, I stand for it\nAnd Nicki if you ever tryna fuck\nJust give me the heads-up, so I can plan for it\nPinkprint, ayy\n\n[Chorus: Chris Brown]\nRaise every bottle and cup in the sky\nSparks in the air like the Fourth of July\nNothing but bad bitches in here tonight\nOh, if you lame and you know it, be quiet\nNothing but real niggas only, bad bitches only\nRich niggas only, independent bitches only\nBoss niggas only, thick bitches only\nI got my real niggas here by my side, only\n\n[Verse 3: Lil Wayne]\nI never fucked Nick' and that's fucked up\nIf I did fuck, she'd be fucked up\nWhoever is hittin' ain't hittin' it right\n'Cause she act like she need dick in her life\nThat's another story, I'm no story-teller\nI piss greatness, like goldish yellow\nAll my goons so overzealous\nI'm from Hollygrove, the holy Mecca\nCalendar say I got money for days\nI squirm and I shake, but I'm stuck in my ways\nMy girlfriend will beat a bitch up if she waved\nThey bet' not fuck with her surfboard, surfboard\nMy eyes are so bright, I take cover for shade\nDon't have my money? Take mothers instead\nYou got the hiccups, you swallowed the truth\nThen I make you burp, boy, treat beef like sirloin\nI'm talkin' 'bout runnin' in houses with army guns\nSo think about your son and daughter rooms\nGot two hoes with me, messed up, they got smaller guns\nAin't thinkin' 'bout your son and daughter rooms\nThis shit is crazy, my nigga; I mean brazy, my nigga\nThat money talk, I just rephrase it, my nigga\nBlood gang, take the \"b\" off behavior, my nigga\nFor reals, if you mouth off, I blow your face off\nI mean \"pop-pop-pop,\" then I take off\nNigga, now you see me, nigga, now you don't\nLike Jamie Foxx acting like Ray Charles\nSixteen in a clip, one in the chamber\n17 Ward bully with seventeen bullets\nMy story is how I went from \"poor me\"\nTo \"please pour me a drink and celebrate with me\"\n\n[Chorus: Chris Brown & Lil Wayne]\nRaise every bottle and cup in the sky\nSparks in the air like the Fourth of July\nNothing but bad bitches in here tonight\nOh, if you lame and you know it, be quiet\nYoung Mula, baby!\nNothing but real niggas only, bad bitches only\nRich niggas only, independent bitches only\nBoss niggas only, thick bitches only\nI got my real niggas here by my side, only", "image": "https://images.genius.com/77196a00dced9c72bb53770e222991b5.1000x1000x1.jpg"}], "artist": "Nicki Minaj"}