{"songs": [{"title": "Ganja burn (original leaked version)", "album": "Unreleased", "year": "2018-01-01", "lyrics": "[Verse 1]\nAyo, as the world turns, the blunt burns\n(Who you gettin' at, Nicki?)\nWatch them cunts learn\nFashion icon, Audrey Hepburn\nI move keys, but you hoes get one turn\nYeah, you get one turn, and one urn\nI straighten all these bitches out with one perm\nWho ever gassed \u2019em ain't none of my concern\nBut, see, the Lord showed me dreams to confirm\nThey done went to witch doctors to bury the Barbie\nBut I double back, kill bitches, bury the body\nAnd that go for anybody, you'll be thoroughly sorry\nI could wage war or I come in peace like Gandhi\nAll my powers back now I\u2019m scary to zombies\nBring the heat to a sizzle, I ain't talking Kalonji\nI done fasted and prayed, had to cleanse my body\nAbstaining from sex, had to zen my body\nI ain't giving, so don't ask, I don't lend my body\nGotta be king status to get in my body\n(He gotta be king status to get in ya body?)\nFuck, yeah, cause a Queen is what I embody, uh\n\n\n\n[Chorus]\nGanja burn, ganja burn, ganja burn\nGanja burn, ganja burn, ganja burn\nEverytime I get high, I just think about you\nEverytime I get high, I just think about you\nEverytime I get high, I just think about you\nEverytime I get high, I just think about you\nGanja burn, ganja burn, ganja burn\nGanja burn, ganja burn, ganja burn\n\n[Verse 2]\nYo, you can't wear Nicki wig and then be Nicki\nThat's like a fat nigga thinkin' he can be Biggie\nYou drink C\u00ceROC now? Okay, you P. Diddy?\nOh, you a young G Herbo or Lil Bibby?\nYou made one dope beat, now you Kanye?\nYou got a nigga named JAY, now you \u2019Yonc\u00e9?\nYou got about three stacks, now you Andr\u00e9?\nYou put a part in your fade, oh, you Nas, bae?\nYou gotta have real skill, gotta work for that\nIf it\u2019s really your passion would you give the world for that?\nUnlike a lot of these hoes whether wack or lit\nAt least I can say I wrote every rap I spit\nPut my blood, sweat and tears in perfecting my craft\nStill every team's number one pick in the draft\nYou could bring anybody, weatherman, pick a day\nKobe, KD, Kyrie! Pick a K\n\n[Chorus]\nGanja burn, ganja burn, ganja burn (Mmm)\nGanja burn, ganja burn, ganja burn\nEverytime I get high, I just think about you\nEverytime I get high, I just think about you\nEverytime I get high, I just think about you\nEverytime I get high, I just think about you\nGanja burn, ganja burn, ganja burn\nGanja burn, ganja burn, ganja burn\n\n[Bridge]\nSee ya, see you\nSee ya, see you\n\n[Outro]\nTo my surprise I saw you\nTo my surprise I knew you were", "image": "https://images.genius.com/9eb9bb10b4dff8ba05121dfb216b3be2.467x467x1.jpg"}], "artist": "Nicki Minaj"}