{"songs": [{"title": "Young Money Ballaz", "album": "Sucka Free", "year": "2008-04-12", "lyrics": "[Nicki Minaj]\nI got a fetish for boys, that's pushing them nice toys\nA fetish for dem boys, that's fresher than altoids, I got a -\nThing for a dude, in a fresh pair of Mauri's\nIf he rocking 'em right, then I might let him call me\nHe put the Prada bag, with the Prada heels wid it\nThe Louis dufflebag, had about a mil' in it\nFrom here to Trinidad, man I should've been did it\nCause everything I had, I just doubled them digits\nThat's the kinda dude, that can roll with the President\nSit up in the Rolls maybe, roll to my residence\nStay around Fendi,, he love my spaghetti\nHe let me do my thing, he ain't never act petty\nIf he ringing, I'm dipping, put the ring in my lip and\nI just give 'em wink, what the fuck did you think?\nNow he spending and tricking, so the chickens is tripping\nI'm like, I'm like, I'm like, ha ha hahahaha HA!\n\n[Hook]\nThat's what my girls say\nErrday my birthday\nYoung Money sipping rozay when we thirstay\nOkay, c'mon\n\n[Lil Wayne]\nGood Evening New York! (Water crashing against shore sound)\nThat mean I live by the beach\nSand on the welcome mat, flyer than a Falcon\nBlack tires, black rims, just to help em look good\nIn the summer, my car look better than your woman\nMy woman look better than your momma\nAnd I don't wanna name, or number, just some brain from her, naw\nI ain't came in a Hummer, that's a Bentley Marlow on her\nI'm nasty on the beat like the runners, I'm a gunner\nLike a hunter with a gun, with a deer right in front 'em\nI'mma send him to who brung him, let Nina Ross Tongue him\nOh back to the subject, I'm balling without a budget\nI'm a big spender, but I ain't done yet\nIma keep that shit running, like I\u2019m Marshall Faulk\u2019s son and\nOn a Sunday,I\u2019m Devin Hester, you don\u2019t want to punt it\nYou do it but I done it, I stun it, I spun it\n\n[Hook]\nThat's what my girls say\nErrday my birthday\nYoung Money sipping rosay when we thirstay\nUh huh Okay c'mon\n\n[Lil Wanye Speaks]\nNicki Minaj man AKA Nicki Lewinsky man\nEyy Big Spender\nLike I said, Nicki Minaj\nYou bitches open up your pussies and get ready", "image": "https://images.genius.com/6723f478cff14a2ba2cbe0ce2ad7d4c2.320x320x1.jpg"}], "artist": "Nicki Minaj"}