{"songs": [{"title": "Marilyn Monroe", "album": "Pink Friday: Roman Reloaded", "year": "2012-04-02", "lyrics": "[Verse 1]\nI can be selfish\nYeah, so impatient\nSometimes I feel like Marilyn Monroe\nI\u2019m insecure\nYeah, I make mistakes\nSometimes I feel like I\u2019m at the end of the road\n\n[Pre-Chorus]\nI can get low, I can get low\nDon\u2019t know which way is up\nYeah, I can get high, I can get high\nLike I could never come down\n\n[Chorus]\nCall it a curse\nOr just call me blessed\nIf you can\u2019t handle my worst\nYou ain\u2019t getting my best\nIs this how Marilyn Monroe felt, felt, felt, felt?\nMust be how Marilyn Monroe felt, felt, felt, felt\n\n[Verse 2]\nIt's like all the good things\nThey fall apart like\nLike Marilyn Monroe\nTruth is, we mess up 'til we get it right\nI don\u2019t wanna end up losing my soul\n\n[Pre-Chorus]\nI can get low, I can get low\nDon\u2019t know which way is up\nYeah, I can get high, I can get high\nLike I could never come down\n\n[Chorus]\nCall it a curse\nOr just call me blessed\nIf you can\u2019t handle my worst\nYou ain\u2019t getting my best\nIs this how Marilyn Monroe felt, felt, felt, felt?\nMust be how Marilyn Monroe felt, felt, felt, felt\n\n[Bridge]\nTake me or leave me\nI\u2019ll never be perfect\nBelieve me, I\u2019m worth it\nSo take me or leave me! (take me or leave me)\nSo take me or leave me! (take me or leave me)\n\n[Chorus]\nCall it a curse\nOr just call me blessed\nIf you can\u2019t handle my worst\nYou ain\u2019t getting my best\nIs this how Marilyn Monroe felt, felt, felt, felt?\nMust be how Marilyn Monroe felt, felt, felt, felt\nIs this how Marilyn Monroe felt, felt, felt, felt?\nMust be how Marilyn Monroe felt, felt, felt, felt", "image": "https://images.genius.com/d8ab635827060eb71d3130b28c7cd04f.1000x1000x1.jpg"}], "artist": "Nicki Minaj"}