{"songs": [{"title": "Miss Independent", "album": null, "year": null, "lyrics": "You wanna please me then get down for ya crown\nYou know they call me Downtown Julie Brown\nI get a lot, get a lot head\nI get a lot of fades\nAnd I get a lot dreads\nSee I be in the town closin' million dollars deals up\nReal nice view with my million dollar heels up\nTell the DJ Nicki Minaj said to reel up rewind\nYa'll never met a muthafuckin' boss this fine\nI get my own thing, my own bloodclot thing\nThat's why they call me misses badda bing, badda bing\nI'm lookin' for a king with some good ding a ling\nBig truck, beenie man, throw some sim, sima in\nI fucks with boss bitches\nType to be caught divorcin' bitch niggas\nCorsets and horses\nA lot of pink Porshes\nCustom made plates, I stay lookin' for some bosses\n\n(NE-YO)\n\nWhen you approach me say boss\nBecause I paid the muthafuckin' costs\nI'm in a Porshe listenin' to Rick Ross\nBecause I am the muthafuckin' boss", "image": "https://images.genius.com/9eb9bb10b4dff8ba05121dfb216b3be2.467x467x1.jpg"}], "artist": "Nicki Minaj"}