{"songs": [{"title": "I'm Back", "album": null, "year": null, "lyrics": "[Verse 1]\nYo, I am such a dancehall queen\nI think somebody painted these pants on me\nBut when I drove past you was standin' on the bus line\nNow all my bitches in the club bust, bust wine\nBadder then all of them wack bitches combined\nI got a lot of bad bitches inna mi bloodline\n\n[Interlude]\nMayday, mayday, mayday, I'm back\n\n[Verse 2]\nI rep Southside Jamaica, Queens to the fullest\nMoney makin' Manhattan, where's Anna? Where's Willis?\nShoutout to the Bronx, Staten Island, bitches dope, uh\nBrooklyn, we go hard, Brooklyn, we go hard\n\n[Hook]\nFuck 'em, tell 'em fuck 'em, I fuck 'em, I never suck 'em\nThe deuces is what I chuck 'em, I duck 'em, I d-d-duck 'em\nFuck 'em, tell 'em fuck 'em, I fuck 'em, I never suck 'em\nThe deuces is what I chuck 'em, I duck 'em, d-d-d-duck 'em\n\n[Interlude 2]\nBring the heat back; daddy, bring the beat back\n\n[Verse 3]\nYo! No, I'm not a freak no more\nOkay, I'm lyin', daddy, I'm a freak on tour\nAnd I keep it wet, yeah, it stay on pour\nWhen I kick it on the jet they say the freak on board\nOh, that's fly, flyington\nI was just givin' the pilot the eyeington\n\n[Interlude]\nMayday, mayday, mayday, mayday, I'm back!\n\n[Verse 4]\nYup, tell 'em no ready, dem no ready, dem no ready yet\nHow them gon' be ready, ah them ah them ah, so delicate?\nNow all the dope girls tryin' to recruit me\nPresidential coochie, random man salute me\n\n[Hook]", "image": "https://images.genius.com/9eb9bb10b4dff8ba05121dfb216b3be2.467x467x1.jpg"}], "artist": "Nicki Minaj"}