{"songs": [{"title": "Real Pimpin", "album": null, "year": null, "lyrics": "[Hook]\nThere\u2019s a bad bunch of bitches rolling with me on my side\nI know I gotta choose em when bitches look me in my eyes\nWordplay so sick, I can change ?\nHit them with this pimpin now you feeling like it's the first time\nI\u2019m talking real real pimpin man\n(I\u2019m talkin\u2019 real pimping)\nI\u2019m talking real real pimpin man\n(I\u2019m talkin\u2019 real pimping)\nI\u2019m talking real real pimpin man\n(I\u2019m talkin\u2019 real pimping)\n\n[Nicki Minaj]\nI heard you was the beach and I\u2019m looking to get wet\nYou fucking with the keys and I play the clarinet\nI guess you musta heard I\u2019m the baddest bitch around\nSo it is going down like a mother fucking frown\nAnd this is going up when you see me in my skirt\nWhen they see me, they go uhh, leave them bitches in the dirt\nWhen they see me they go ohh yeah bitch there puts in work\nAnd I\u2019m fucking with the P (?) so I make that pussy squirt, squirt, squirt, squirt, squirt\nI\u2019mma make that pussy squirt\nIf you want it, come and get it, you can have it for dessert\nYou can eat it with some cherries like you eating Ben and Jerry\u2019s\nAnd uh uh, this is\u2019nt scary this is very necessary\n\n[Hook]", "image": "https://images.genius.com/9eb9bb10b4dff8ba05121dfb216b3be2.467x467x1.jpg"}], "artist": "Nicki Minaj"}