{"songs": [{"title": "All Things Go", "album": "The Pinkprint", "year": "2014-12-03", "lyrics": "[Verse 1]\nYo, I had to reinvent, I put the V in-vent\nI put the heat in vents, man, I've been competing since\nI look beyond what people saying, and I see intent\nThen I just sit back and decipher what they really meant\nCherish these nights, cherish these people\nLife is a movie, but there'll never be a sequel\nAnd I'm good with that as long as I'm peaceful\nAs long as seven years from now I'm taking my daughter to preschool\nCherish these days, man, do they go quick\nJust yesterday, I swear it was 'o-six\nTen years ago, that's when you proposed\nI looked down, \"Yes, I suppose\"\n\n[Hook]\nAll things go, all things go\nAll things go, all things go\nI feel one minute, yeah, we got it then it's gone\nWhile we keep waiting for a moment to live for\nSo can't nobody ever tell me that I'm wrong\nCause I'ma ride out with you, still the night is young\nAnd we keep going, we go\n(We go, we go) We wake back up and do it all again\n(We know, we know) Say fuck the world, we riding 'til the end\nWhen all is said and done, look what we've become\nI just want you to know that I did it for you\n\n[Verse 2]\nI lost my little cousin, to a senseless act of violence\nHis sister said he wanted to stay with me, but I didn't invite him\nWhy didn't he ask, or am I just buggin'?\nCause since I got fame, they don't act the same\nEven though they know that I love 'em\nFamily ties, broken before me\nNiggas trying to kill him, he ain't even call me\nAnd that's the reflection of me, yes, I get it, I get it was all me\nI pop a pill and remember the look in his eyes\nThe last day he saw me\n\n[Hook]\nAll things go, all things go\nAll things go, all things go\nI feel one minute, yeah, we got it then it's gone\nWhile we keep waiting for a moment to live for\nSo can't nobody ever tell me that I'm wrong\nCause I'ma ride out with you, still the night is young\nAnd we keep going, we go\n(We go, we go) We wake back up and do it all again\n(We know, we know) Say fuck the world, we riding 'til the end\nWhen all is said and done, look what we've become\nI just want you to know that I did it for you\n\n[Verse 3]\nLet me make this clear, I'm not difficult, I'm just 'bout my business\nI'm not into fake industry parties, and fake agendas\nRock with people for how they make me feel, not what they give me\nEven the ones that hurt me the most, I still show forgiveness\nI love my mother more than life itself and that's a fact\nI'd give it all if somehow I could just rekindle that\nShe never understands why I'm so overprotective\nThe more I work, the more I feel like somehow they're neglected\nI want 'Caiah to go to college, just to say \"We did it!\"\nMy child with Aaron, would've have been sixteen any minute\nSo in some ways I feel like 'Caiah is the both of them\nIt's like he's 'Caiah's little angel, looking over him\nAnd I know Jelani will always love me, and I'll always love him\nAnd I'm just his little sister, not Nicki Minaj when I'm around him\nGee, we did it, let's leave this imprint\nJust finished writing, this is The Pinkprint\n\n[Hook]\nAll things go, all things go\nAll things go, all things go\nI feel one minute, yeah, we got it then it's gone\nWhile we keep waiting for a moment to live for\nSo can't nobody ever tell me that I'm wrong\nCause I'ma ride out with you, still the night is young\nAnd we keep going, we go\n(We go, we go) We wake back up and do it all again\n(We know, we know) Say fuck the world, we riding 'til the end\nWhen all is said and done, look what we've become\nI just want you to know that I did it for you\nAll things go, all things go\nAll things go, all things go", "image": "https://images.genius.com/e6951472bdf7074eced144472c3b71c0.1000x1000x1.jpg"}], "artist": "Nicki Minaj"}