{"songs": [{"title": "Put You in a Room", "album": "The Pinkprint", "year": "2014-12-15", "lyrics": "[Hook]\nPut you in a room\nYou ain't gotta leave\nYou ain't gotta leave\nBut you can't sleep with me\nPut you in a room\nYou ain't gotta leave\nYou ain't gotta leave\nBut you can't sleep with me\n\n[Verse 1]\nEvery time I come and fuck with you\nYou make up all the rules\nYou ought to do it\nJust because our car's moving\nAre you in my fucking corner for real?\nOr, are you plotting to kill?\nI tell you just how I feel\nBut you never hear\nOh, why you take it like that?\nNow you wanna leave and never come back\nI don't control you, I ain't never say that\nCan't give up on you, baby, we go way back\n\n[Hook]\nPut you in a room\nYou ain't gotta leave\nYou ain't gotta leave\nBut you can't sleep with me\nPut you in a room\nYou ain't gotta leave\nYou ain't gotta leave\nBut you can't sleep with me\n\n[Verse 2]\nEvery time I try to fuck with you\nNothing ain't ever enough for you\nAnd I had all this hope for you\nBut all you do is open wounds\nI could be fucking with them other niggas\nAnd no you ain't them other niggas\nI don't fuck with a lot of bitches\nJust my real bitches\nWhy you keep talking about it\nYou keep talking and you gon' get me pissed off\nMotherfuckers who be wanting that bitch to go crazy\nIf she could cut her wrist off\nI ain't finna lie, no I ain't finna lie\nLike it was just his fault\nBut I know if a nigga lose me\nThen nigga, ooh-wee, that's his loss, young nigga\n\n[Hook]\nPut you in a room\nYou ain't gotta leave\nYou ain't gotta leave\nBut you can't sleep with me\nPut you in a room\nYou ain't gotta leave\nYou ain't gotta leave\nBut you can't sleep with me", "image": "https://images.genius.com/cbfd09961d4a4d9ad19d29bf7e980634.1000x1000x1.jpg"}], "artist": "Nicki Minaj"}