{"songs": [{"title": "HOV Lane", "album": "Pink Friday: Roman Reloaded", "year": "2012-04-02", "lyrics": "[Verse 1]\nZippin', I\u2019m zippin', I\u2019m zippin'\nSoon as they come out, I\u2019m dippin'\nBig ass closet, I\u2019m trippin'\nBig booty strippers, I\u2019m tippin'\nBig ass chain, I\u2019m heavy\nAnd it didn\u2019t cost me a penny\nThey pay me to rock it\nDamn, I got niggas in pocket\nSuper Bowl, Grammys\nWhat a hell of a jammie!\nAll these bitches my sons\nI\u2019mma get \u2018em a nanny\nArgentina for Pepsi; Orlando All-Star\nFuck you said, bitch? Fuck you, pornstar\nI don\u2019t do shotgun, I be driving my own car\nI don\u2019t do shots neither, I\u2019m buying the whole bar\nHoly Moly, G copped me a Rolly\nI ain't catchin' the puck, but iced out like a goalie, nigga\n\n[Hook]\nI'm in the HOV lane, I'm in the HOV lane\nAnd you, y-y-you, y-y-you? Soul Train\nI'm in the HOV lane, I'm in the HOV lane\nAnd you, y-y-you, y-y-you? Soul Train\nI'm in the HOV lane, I'm in the HOV lane\nAnd you, y-y-you, y-y-you? Soul Train\nI'm in the HOV lane, I'm in the HOV lane\nAnd you, y-y-you, y-y-you? Soul Train\n\n[Verse 2]\nI travel more than you walking with a basketball\nI'm out in Spain, running game to the Matador\nI'm in my own lane, you ain't in my categor\nYou like a Rav 4; I\u2019m like the Aventador\nBirkin bags, man, I murk them ads\nWhen I re-up on reloaded, I'mma hurt them bad\nEvery shoot is hot; when I'm out, I'm spotted\nThey gone frame the receipt if I sign the dotted\nN-N-Niggas on Banshees is speeding\nDirt bikes is out for the season\nBack break wheelie and leaning\nDamn, a bitch late for a meeting\nNYPD comin\u2019\nBelt Parkway, we gunnin\u2019\nDouble R engine hummin'\nActing a fool, we dumbin\u2019\n\n[Hook]\nI'm in the HOV lane, I'm in the HOV lane\nAnd you, y-y-you, y-y-you? Soul Train\nI'm in the HOV lane, I'm in the HOV lane\nAnd you, y-y-you, y-y-you? Soul Train\nI'm in the HOV lane, I'm in the HOV lane\nAnd you, y-y-you, y-y-you? Soul Train\nI'm in the HOV lane, I'm in the HOV lane\nAnd you, y-y-you, y-y-you? Soul Train\n\n[Verse 3]\nNintendo and we in the end-zone\nI don\u2019t give a fuck, ho\nLike we in the friend zone\nWhat the fuck it look like?\nWhat the fuck it\u2019s hitting fo'?\nTell them bitches\n\"Y-y-y-y-you you ain\u2019t about that life!\"\nNintendo and we in the end-zone\nI don\u2019t give a fuck, ho\nLike we in the friend zone\nWhat the fuck it look like?\nWhat the fuck it\u2019s hitting fo'?\nTell them bitches\n\"Y-y-y-y-you you ain\u2019t about that life!\"\n\n[Hook]\nI'm in the HOV lane, I'm in the HOV lane\nAnd you, y-y-you, y-y-you? Soul Train\nI'm in the HOV lane, I'm in the HOV lane\nAnd you, y-y-you, y-y-you? Soul Train\nI'm in the HOV lane, I'm in the HOV lane\nAnd you, y-y-you, y-y-you? Soul Train\nI'm in the HOV lane, I'm in the HOV lane\nAnd you, y-y-you, y-y-you? Soul Train", "image": "https://images.genius.com/d8ab635827060eb71d3130b28c7cd04f.1000x1000x1.jpg"}], "artist": "Nicki Minaj"}