{"songs": [{"title": "Muny", "album": "Pink Friday", "year": "2011-06-21", "lyrics": "[Pre-Hook]\nOh no, we don't play with silly girls\nAll I know is the material girls\nGive me the muny, the cars, the Case loads\nThe mun-mun-muny, the yen and the pesos\n\n[Hook]\nThe mun-mun-muny, the mun-mun-muny\nThe mun-mun-muny, yen and the pesos\nThe mun-mun-muny, the mun-mun-muny\nThe mun-mun-muny, yen and the pesos\nThe mun-mun-muny, the mun-mun-muny\nThe mun-mun-muny, yen and the pesos\nThe mun-mun-muny, the mun-mun-muny\nThe mun-mun-mun-mun-muny, the mun-mun-mun-mun-muny\n\n[Verse 1]\nTold y'all on Drake's shit, told y'all to fixate\nBitches want my old shit, buy my old mixtape\nI ain't fuckin' with you bum bitches no more\nAlways in the club lookin' like a bozo\nTalkin' 'bout money, we could have a conversation\nTop five tax bracket in the population\nHatin' and I know they got a reason why\nI ain't got to wonder if I want to lease or buy\nAnd I dictate, how I'm gonna piece the pie\nI ain't talkin' about no muthafuckin' pizza pie\n'Cause I keep a bad bitch, booty big and the waist thin\nSeen his little weiner, but we don't like Nathans\nNah, homie you gon' need a bigger cock-pit\n'Cause when I fly, I be right behind the cockpit\n\n[Break 1]\nAye, yo captain, aye yo cap\nI-I don't wanna hear that navigation, big pa\nI'm tryin', I'm tryin' to get some sleep, ya dig?\n\n[Pre-Hook]\nOh no, we don't play with silly girls\nAll I know is the material girls\nGive me the muny, the cars, the Case loads\nThe mun-mun-muny, the yen and the pesos\n\n[Hook]\nThe mun-mun-muny, the mun-mun-muny\nThe mun-mun-muny, yen and the pesos\nThe mun-mun-muny, the mun-mun-muny\nThe mun-mun-muny, yen and the pesos\nThe mun-mun-muny, the mun-mun-muny\nThe mun-mun-muny, yen and the pesos\nThe mun-mun-muny, the mun-mun-muny\nThe mun-mun-mun-mun-muny, the mun-mun-mun-mun-muny\n\n[Verse 2]\nI'm in the UK, but just for one day\nWho's to say I won't come back again?\nMaterialistic, I'm narcissistic\nMy shoe game is mean, it's so sadistic\nI took a Learjet to cop some lipstick\nYeah, I'mma risk it, I'm optimistic\nI sip on Ros\u00e9, you sip your Mystic\nMy flow's a 'biscuit, short of a picnic\nOkay, Versace Pythons, Louis aviators\nBalenciagas and they gotta be the gladiators\nChanel lambskin, vintage Vanson\nI'm on the bike, doin' wheelies in a mansion\nA lot of bad bitches, on the pole dancin'\nGucci bag, just to put the coke cans in\n\n[Break 2]\nHey, yo, Anna, hey yo Anna Wintour\nI'ma need that cover baby girl\nIt's Pink Friday, ya dig?\n\n[Pre-Hook]\nOh no, we don't play with silly girls\nAll I know is the material girls\nGive me the muny, the cars, the Case loads\nThe mun-mun-muny, the yen and the pesos\n\n[Hook]\nThe mun-mun-muny, the mun-mun-muny\nThe mun-mun-muny, yen and the pesos\nThe mun-mun-muny, the mun-mun-muny\nThe mun-mun-muny, yen and the pesos\nThe mun-mun-muny, the mun-mun-muny\nThe mun-mun-muny, yen and the pesos\nThe mun-mun-muny, the mun-mun-muny\nThe mun-mun-mun-mun-muny, the mun-mun-mun-mun-muny\n\n[Bridge]\nMaterial, I\u2019m always on that new shit\nMaterial, this shit is exclusive\nMaterial, material world for material girls, girls, girls, girls\nMaterial, don\u2019t ever get the truth bent\nMaterial, I could give you the blueprint\nMaterial, material world for material girls, girls, girls, girls\n\n[Outro]\nMaterial, material, ma-ma-material\nMaterial, material, ma-ma-material\nMaterial, material, ma-ma-material girls, girls, girls, girls\nMaterial, material, ma-ma-material\nMaterial, material, ma-ma-material\nMaterial, material, ma-ma-material girls", "image": "https://images.genius.com/44a8be97aef4cdd5114bd6cec02b2357.1000x1000x1.png"}], "artist": "Nicki Minaj"}