{"songs": [{"title": "No Flex Zone (Remix)", "album": null, "year": "2015-10-12", "lyrics": "[Hook: Swae Lee]\n(Hey) No flex zone, (hey) no flex zone\n(Hey) They know better, (hey) they know better\n(Hey) No flex zone, (hey) no flex zone\n(Hey) They know better, (hey) they know better\nWon a gold medal, and a gold bezel\nI treat these hoes special, now ya ho jealous\nFreak hoes, got several, they tens or better\nI'm a trendsetter, I'm a go-getter\n\n[Verse 1: Nicki Minaj]\nHell no, you can't use my lip gloss,pop a perc', now I'm on lift off\nAss still fat, it's on Rick Ross,you bitches make a nigga dick soft\nBitch, ball like I'm at tip off,get it-get it wet, then I rub the tip on\nRag and Bone jeans, I can slip off,bitch, I've been hot since flip phones\nRunning this game for five years,guess that's why my feet hurt\nWonder when they bite me, do these bitches' teeth hurt?\nYes I am an icon, that's me on your T-shirt\n\u2026.THOUGHT YOU KNEW BETTER! Do your fucking research\nYou ain\u2019t know, this the no rip zone,this the \"You can\u2019t beat Nic'\u201d zone\nMadison Square when the Knicks home,I live next door to Brad Pitt\u2019s home\nI like bad bitches, cause they like bad bitches too,I like hood niggas, with a bad attitude\nThey could never reach Young Nick' magnitude, even if they had a longitude | latitude\nListen up ho, this is my territory,you are my son, like an episode of Maury\nLike an episode of ER, bitch I\u2019m hotter than the D.R\nWhen it comes to rap skills, nobody wanna see her (Seer/CR)\nMotherfuckers (B/be) flexin, motherfuckers acting (Actors, A.R)\nBitches is my sons and they causin' contractions\nAin\u2019t pushing out, I'mma give them to the clinic\nCah wait, we nuh rate dem gyal and dem gimmick!\nWack sauce, I can hear it in your tone,this nigga keep staring at my phone\nBut if you\u2019re ugly, it\u2019s a no text zone, It\u2019s a no sex zone, it\u2019s a no flex zone\nWack sauce, I can hear it in your tone,this nigga keep staring at my phone\nBut if you\u2019re ugly it\u2019s a no text zone, it\u2019s a no sex zone, it\u2019s a no flex zone\n\n[Hook: Swae Lee]\n(Hey) No flex zone, (hey) no flex zone\n(Hey) They know better, (hey) they know better\n(Hey) No flex zone, (hey) no flex zone\n(Hey) They know better, (hey) they know better\nWon a gold medal, and a gold bezel\nI treat these hoes special, now ya ho jealous\nFreak hoes, got several, they tens or better\nI'm a trendsetter, I'm a go-getter", "image": "https://images.rapgenius.com/77f2fc833cea65bbc65621655488eca7.600x600x1.jpg"}], "artist": "Nicki Minaj"}