{"songs": [{"title": "Beez In The Trap", "album": "Pink Friday: Roman Reloaded", "year": "2012-05-29", "lyrics": "[Intro: Nicki Minaj]\nYo\nMan, man\nUh\n\n[Hook: Nicki Minaj]\nBitches ain't shit and they ain't sayin' nothing\nA hundred motherfuckers can't tell me nothing\nI beez in the trap, bee beez in the trap\nI beez in the trap, bee beez in the trap\nBitches ain't shit and they ain't sayin' nothing\nA hundred motherfuckers can't tell me nothing\nI beez in the trap, bee beez in the trap\nI beez in the trap, bee beez in the trap\n\n[Verse 1: Nicki Minaj]\nMan I been did that, man I been popped off\nAnd if she ain't trying to give it up she get dropped off\nLet me bust that U-ie, bitch bust that open\nMight spend a couple thou' just to bust that open\nRip it off no joking, like your name Hulk Hogan\nNiggas move weight in the South, but live in Hoboken\nBitch, I spit that crack, like I'm in that trap\nSo if you need a hit, then I'm with that bat\n\n[Hook: Nicki Minaj]\nBitches ain't shit and they ain't sayin' nothing\nA hundred motherfuckers can't tell me nothing\nI beez in the trap, bee beez in the trap\nI beez in the trap, bee beez in the trap\nBitches ain't shit and they ain't sayin' nothing\nA hundred motherfuckers can't tell me nothing\nI beez in the trap, bee beez in the trap\nI beez in the trap, bee beez in the trap\n\n[Verse 2: 2 Chainz]\n2 Chainz!\nOkay now Nicki, Nicki, Nicki, put it in your kidney\nGot a new LS 450, ain't no keys in this do-hicky\nIf I weren't rapping, I'd be trapping\nIf I weren't trapping, I'd be pimping\nIf I weren't pimping, I'd be getting it, period\nI don't smoke no bobby, but my denim be from ricky\nGot your girl on molly and we smokin' loud and drinkin'\nGot my top back so you can see what I been thinkin'\nIf you know me then you know I've been thinking Franklin\nMoney, thousands, True Religion trousers\nGot a private home, started from them public houses\nHair weave killer, causing her arousal\nAudi A8, told them \"outtie 5000,\" uh\n\n[Hook: Nicki Minaj]\nBitches ain't shit and they ain't sayin' nothing\nA hundred motherfuckers can't tell me nothing\nI beez in the trap, bee beez in the trap\nI beez in the trap, bee beez in the trap\nBitches ain't shit and they ain't sayin' nothing\nA hundred motherfuckers can't tell me nothing\nI beez in the trap, bee beez in the trap\nI beez in the trap, bee beez in the trap\n\n[Bridge: Nicki Minaj]\nDamn, damn, what they say about me?\nI don't know man, fuck is on your biscuit\nIf I get hit, swinging on a big bitch\nI don't know man, I'm shittin' on your whole life\nDamn, damn, what they say about me?\nI don't know man, fuck is on your biscuit\nIf I get hit, swinging on a big bitch\nI don't know man, I'm shittin' on your whole life\n\n[Hook: Nicki Minaj]\nBitches ain't shit and they ain't sayin' nothing\nA hundred motherfuckers can't tell me nothing\nI beez in the trap, bee beez in the trap\nI beez in the trap, bee beez in the trap\n\n[Verse 3: Nicki Minaj]\nMan I'm out in Texas, man, I'm out in A-town\nThen I'm up in Chi-town or Miami shuttin' it down\nIt's that New Orleans, it's LA or The Bay\nIt's New York, Philly, and the whole DMV\nI'm a Detroit Player, man it's North-South Cack\nOhio, Pittsburgh, got St. Louis on deck\nIt's Delaware, Connecticut, it's New Jersey got hella bricks\nIt's Queens, Brooklyn, and yeah, they wildin'\nBronx, Harlem, and Staten Island\n\n[Hook: Nicki Minaj]\nBitches ain't shit and they ain't sayin' nothing\nA hundred motherfuckers can't tell me nothing\nI beez in the trap, bee beez in the trap\nI beez in the trap, bee beez in the trap\n\n[Bridge: Nicki Minaj]\nDamn, damn, what they say about me?\nI don't know man, fuck is on your biscuit\nIf I get hit, swinging on a big bitch\nI don't know man, I'm shittin' on your whole life\nDamn, damn, what they say about me?\nI don't know man, fuck is on your biscuit\nIf I get hit, swinging on a big bitch\nI don't know man, I'm shittin' on your whole life", "image": "https://images.genius.com/fec000c8cb5b3376add5dfb7a1203bce.1000x1000x1.jpg"}], "artist": "Nicki Minaj"}