{"songs": [{"title": "Fuck the B.S.", "album": null, "year": null, "lyrics": "Uhh, uhh\nYo, yo\nLet us begin with a bad lil' specimen\nBalenciagas only thing I be steppin' in\nPucci bathing suits only thing I'm dressin' in\nCuz I get wetter than a navy seal veteran\nG-g-got em writing love letters in they journal\n\nKeep 'em on they toes like a midget at the urinal\nB-B-B-B-B-B-Bad as I wanna be, she ain't bad she a\nSad lil' wannabe!", "image": "https://images.genius.com/9eb9bb10b4dff8ba05121dfb216b3be2.467x467x1.jpg"}], "artist": "Nicki Minaj"}