{"songs": [{"title": "Buy a Heart", "album": "The Pinkprint", "year": "2014-12-12", "lyrics": "[Produced by Arch The Boss & Yung Berg]\n\n[Intro (Throughout): Alicia Keys]\nYou should say it right now\n\n[Verse 1: Meek Mill]\nAnybody wanna buy a heart?\nAnybody wanna buy a heart?\nAnybody wanna buy a heart?\nCause I don't use the shit anyway\nBut okay, I guess it's my fault\nWestside shorty, with an eastside nigga\nThey say it's levels to this shit, I'm a G5 nigga\nAnd every city I be in, you know she fly with us\nIt's like Hov got Bey, it's like Bey got Jigga\nReally though let me take y'all back\n'09, double R drop top with the top down\nPulled up, double parked, hopped out, tried to spit my game\nIt didn't work, got shot down\nBut I can tell by the bag, by the wrist and the ring on that\nSomebody had it on lockdown\nThe moral of the story not to speak on that\nShe on the team, shorty mine now\nAnd we don't ever ever ever make love\nAnd we don't ever ever ever say \"love\"\nUnless I'm all up in it, she tellin' me she love that D on that, I don't ever say uh\nBad bitch, ain't nothin' made up\nAnybody, anybody, anybody wanna buy\nThe heart from a real one from Philly reppin' that north side?\n\n[Hook: Meek Mill & Nicki Minaj]\nAnybody? Anybody?\nAnybody, anybody, anybody wanna buy a heart?\nAnybody, anybody, anybody wanna buy love?\nAnybody, anybody, anybody wanna buy a heart?\nAnybody, anybody, anybody wanna buy trust\nAnybody, anybody, anybody wanna buy a heart?\nAnybody, anybody, anybody wanna buy love?\nAnybody, anybody, anybody wanna buy?\nAnybody, anybody, anybody wanna buy love?\n\n[Verse 2: Nicki Minaj]\nRihmeek, I'mma have to tell the truth if I speak\nUnless you want to play, you ain't say this the other day\nYou said you was in love, and I still didn't budge\nCause I already seen how you be going in when you be in them clubs\n(I'm not even sure if this is right but, it feels good)\nI could tell you was analyzing me, I could tell you was criticizing me\nI could tell you was fantasizing that you would come slide in me and confide in me\nHe could tell that I was wifey material\nHe was liking my style in my videos\nI wasn't looking for love I was looking for a buzz\nSo at times I would lie and say I'm busy, yo\nCause it's too much, and it's too clutch\nWho wants rumors of the two of us\nBut when you're away, I can't get you out of my mind\nBut what if I'm not the one and you're wasting your time?\nBut you waited\n\n[Hook: Meek Mill & Nicki Minaj]\nAnybody? Anybody?\nAnybody, anybody, anybody wanna buy a heart?\nAnybody, anybody, anybody wanna buy love?\nAnybody, anybody, anybody wanna buy a heart?\nAnybody, anybody, anybody wanna buy trust\nAnybody, anybody, anybody wanna buy a heart?\nAnybody, anybody, anybody wanna buy love?\nAnybody, anybody, anybody wanna buy?\nAnybody, anybody, anybody wanna buy love?\n\n[Outro: Nicki Minaj]\nIts a heart for sale, who's buying?\nI don't care who's crying\nIts trust for sale, who's buying?\nI don't care who's lying", "image": "https://images.genius.com/e6951472bdf7074eced144472c3b71c0.1000x1000x1.jpg"}], "artist": "Nicki Minaj"}