{"songs": [{"title": "Bring Me Down", "album": null, "year": null, "lyrics": "I find myself thinking about what you do\nThough I know I\u2019m better off without you\nI never break down any longer\nI don\u2019t know why I can\u2019t move on\nI really need, I really want you to\n\nRefrein:\nBring me down!\nYeah I miss that mess you make\nCome around for old times sake\nI need a sweet taste of bitter, bring me down\n\nI\u2019m looking back, I see I wasn\u2019t happy\nTo do, do it again, yeah that would be crazy\nIt\u2019s so uncommon quiet without you\nGot to admit that I long for you\nI really need, I really want you to\n\nRefrein\nBring me down!\nYeah I miss that mess you make\nCome around for old times sake\nI need a sweet taste of bitter, Yeah\n\nYou\u2019re the river I\u2019ll be drowning in some day\nI take my chances anyway\n\nRefrein 3x\nBring me down\nYeah I miss that mess you make\nCome around for old times sake\nI need a sweet taste of bitter, bring me down", "image": "https://images.genius.com/9eb9bb10b4dff8ba05121dfb216b3be2.467x467x1.jpg"}], "artist": "Nicki Minaj"}