{"songs": [{"title": "Easy", "album": "Beam Me Up Scotty", "year": "2009-04-18", "lyrics": "[Hook: Nicki Minaj]\nYall be tryin haaard (BUT ITS EASY)\nTightin up on yo jooooob (CAUSE ITS EASY)\nI\u2019m Nicki Minaj (SO BE EASY)\nGucci Mane and Rocko (PLEASE BELIEVE IT)\n\n[Verse 1: Nicki Minaj]\nPoom Poom!\nI'm 5\u20324,  double R, zoom zoom\nI don\u2019t give a fuck about ya, Looney Tune goons\nYelling boom boom, when your really poon-poon\n(Ew) I eat these rap bitches, no fork, no spoon\nI'm Nicki, I'm finicky, I\u2019m picky\nI stay around the six like that little mouse, Mickey\nAsk Rocko, ask Gucci\u2026 ask Gucci, Gucci Bandana\nI'mma star, I'm the Black Hannah Montana\nI\u2019m such a girl, I\u2019m such a girly girl\nI'm sippin' on my milkshake, with this swirly swirl\nExcuse me mister, put some cherries in my cups\nI take my shirt off and watch the boys go nuts!\nThe boys goes nuts, the boys-boys goes nuts\nAll the dope boys, all the boys wanna fuck (Yeeeeaah..)\nMy nigga S. Bezzy, keep my wrist breezy\nWhy would I go hard, when this shit is so easy?", "image": "https://images.genius.com/d4b8299bec1aac14c1931423e8d3466c.500x500x1.jpg"}], "artist": "Nicki Minaj"}