{"songs": [{"title": "Win Again", "album": "The Pinkprint", "year": "2014-12-12", "lyrics": "[Verse 1]\nI came out lookin' to party, and now I'm ownin' that building\nYou bitches can't get my spot until I start raisin' some children\nThese bitches all in they feelings, can't fuck with Nicki, they know it\nThey know that Nicki a poet, pop me a bottle of Mo\u00ebt\nThey said I couldn't, but I did it though\nTell 'em I still got that hourglass figure though\nCan't stop me, don't watch me\nYou better just watch your nigga, ho, I'm in that big boy\nI am in beast mode, respect the G-code\nBitches ain't got drive, these bitches will get repo'd\nI am a monster, this is ambition\nThis the type of car, that you keep a bad bitch in\nNot that I don't got good vision, but I don't see competition\nThey want me to come and help them, but I am not a magician\nI'm on them fo-fours, I'm tippin', you better move out my way\nI am not here to play, Pinkprint can't be delayed\n\n[Chorus]\nCause I win again, cause I win again\nAnd I win again, and I win again\nAnd I win again, and I win again\nAnd I win again, yeah I win again\nCan't tell me nothin' about it, your opinion is invalid\nGo against me, then you made a mistake\n\n[Verse 2]\nYo, yo, cause I came out\n'09, when promoters brought Wayne out\nLewinsky, like I couldn't get the stain out\nI been bad, like cuttin' school and stayin' out\nI been hotter than, vacationin' and layin' out\nI sat back and watched how it was playin' out\nThey diss me, but runnin' and took the same route\nUhn, but no, they not Nicki\nWrist on ice and yes my wrist bricky\nIf I leave, the game will miss Nicki\nNot a website but get money, this is fifty\nPop bottles with my bitches and get pissy\nThis shit ain't got no more integrity\nDon't write they raps, and plus they flow shitty\nDon't make me expose you bitch, I'm too busy\nHopped on the Bridge-y, New York City\nNicki still the queen, niggas all ready\nHopped on the Bridge-y, New York City\nNicki still the queen, niggas all ready\nSoon as I came in, I told them that I would become the greatest\nMuhammad Ali of these bitches, and that can't be debated\nI never chicken'd out, skated, I know they mad that I made\nAll this money I made, all my bitches is laced\n\n[Chorus]\nCause I win again, cause I win again\nAnd I win again, and I win again\nAnd I win again, and I win again\nAnd I win again, yeah I win again\nCan't tell me nothin' about it, your opinion is invalid\nGo against me, then you made a mistake\n\n[Bridge]\nSo good, so real, so good, yeah\nI'ma win again\nI'ma win again, yeah\nI'm Meryl Streep to all these bitches, they can't do what I do\nSometimes I just look in the mirror and I be like, \"Why you?\"\nYeah, I know that they mad\nBut I'ma shit on my critics some more\n\n[Outro]\nI am, I am\nI am still gonna do, what he sent me to do\nThat's kill, kill, everything in, everything in my way\nThat's kill, kill, everything in, everything in my way\nThat's kill, kill, everything in, everything in my way\nThey know I am a champion\nAll champions do\nIt's all champions do", "image": "https://images.genius.com/cbfd09961d4a4d9ad19d29bf7e980634.1000x1000x1.jpg"}], "artist": "Nicki Minaj"}