{"songs": [{"title": "Barbie Tingz", "album": null, "year": "2018-04-12", "lyrics": "[Intro]\nDem-dem-dem-dem dem-dem\nDem-dem-dem-dem\nDem-dem-dem-dem dem-dem\nDem-dem-dem-dem\n\n[Verse 1]\nUh, I'm in my prime, Optimus\nSagittarius, so you know I'm an optimist\nMan, keep it all real, I'm a prophetess (okay)\nSo at least you took an L off your bucket list (bucket list)\nIt's time to make hits and it's time to diss\nHow you still dissin', still can't find some hits? (Okay)\nWas it worth it, dummy? I ain't mind a bit\nStill on that show gettin' no chips, time to dip\n\n[Pre-Chorus]\nI, I, I, I-I, I-I, I (okay)\nI'm still fly, just bagged a white guy (okay)\nRitchie like Guy and I still eat Thai\nWant the Nicki cheat code? Come on, bitch, nice try\n\n[Chorus]\nLet's be real, all you bitches wanna look like me\nWanna be in demand, get booked like me\nWanna run up in the lab and cook like me\nBut ain't nan you hoes pussy good like me\nPussy so good his ex wanna still fight me\nFace so pretty bitches wish they could slice me\nShe just mad 'cause he never bought her ice like me\nI cut all my niggas off, but they would still wife me (still wife me)\n\n[Verse 2]\nRap bitches tell they team, \"Make 'em like Barbie\"\nHad to come off IG so they can't stalk me\nAll they do is copy looks, steal music too\nWant to see what bitches do when they lose the blue-print\nI mean the pinkprint, ho, let it sink in\nI spoke to Jay the other day, he's still the kingpin\nHe's still the only nigga that I woulda signed to\nIf I ain't sign to Wayne's perfectly designed crew\n'Cause we the big three, don't need a big speech\nWe made the biggest impact, check the spreadsheet\nThat's Lil Weezy, the Barbie and Drizzy Drake\nNiggas gettin' more cheese, kissy face\nI'm a bad bitch, fuck the bitch (uh)\nBitch get slick, I'ma cut the bitch\nI'm a bad bitch, suck some dick (okay)\nIf that bitch get slick, I'll cut the bitch\nI'll cut up the bitch, I'll gut the bitch (okay)\nHad to fuck up the bitch, man, fuck the bitch\nWon't shoot her but I will gun-butt the bitch\nWhen we say \"Fuck the bitch,\" dick up the bitch\nShe was stuck-up so my niggas stuck up the bitch\nStill draggin' her so don't pick up the bitch\nGet the combination to the safe, drug the bitch\nKnow the whole operation been bugged the bitch\n\n[Pre-Chorus]\nI, I, I, I-I, I-I, I (okay)\nI'm still fly, just bagged a white guy (okay)\nRitchie like Guy and I still eat Thai\nWant the Nicki cheat code? Come on, bitch, nice try\n\n[Chorus]\nLet's be real, all you bitches wanna look like me\nWanna be in demand, get booked like me\nWanna run up in the lab and cook like me\nBut ain't nan you hoes pussy good like me\nPussy so good his ex wanna still fight me\nFace so pretty bitches wish they could slice me\nShe just mad 'cause he never bought her ice like me\nI cut all my niggas off, but they would still wife me (still wife me)\n\n[Bridge]\nThey would still wife me\nThey would still wife me\nYup, him too, he would still wife me\nAhh, ha\n\n[Verse 3]\nWhen it come to stealin' flows, these birds is fluent\nBut they stutter when get asked 'bout the queen's influence\nWhen it's clear they bite me, I'm flattered they like me\nI don't wanna check bitches, tell 'em wear their Nikes\nBarbie tings, that's Barbie tings\nBig Barbie tings, that's Barbie tings\nBig Barbie tings, that's Barbie tings\nUh, Barbie dreamhouse, Barbie rings\nThat's Barbie beach house, Barbie Benz\nUh, Barbie white picket Barbie fence\nAll tea, all shade, bitch, all offense\nIf you ever try to confiscate Barbie's Ken\nI'ma put you in the box where my dollies been\nChop it up and the next stop garbage bin\n'Cause you hoes too old to be gossipin'\nI'm just tryna find out when the new Porsche come in", "image": "https://images.genius.com/5ef0313dcf9b7de088030df1936f9441.1000x1000x1.jpg"}], "artist": "Nicki Minaj"}