{"songs": [{"title": "My Addiction", "album": null, "year": null, "lyrics": "We're fussing and fighting\nI keep on trying\nTo mend this but you won't\nMeet me half way\nYou say it's over\nBut I want you closer\nWhat have I got to do\nJust say the words\n\nWe're being crazy\nWe're acting so lazy\nLet's put in the time\nAnd we'll go back to\nUs against the universe It'll be you and me\nUs against the universe It'll be you and me\n\nIf you need\nI'll say it's not you, it's me\nI'll do all that I can\nIf I can make you love me again\nI'll say it's not you, it's me\nI'll do all that I can\nIf I can make you love me again\nYou are oh, oh, oh\nYou are oh, oh, oh\nYou are, you are\nYou're my addiction\n\nCaught in a moment\nWhere I keep on hoping\nSoon you'll come 'round\nAnd see my point of view\nWon't ask no questions\nI'm craving your presence\nThere's no prescription\nTo get me over you\nBeen thinking lately\nYou'll say yes not maybe\nJust speak the words\nAnd we'll go back to\nUs against the universe It'll be you and me\n\nIf you need\nI'll say it's not you, it's me\nI'll do all that I can\nIf I can make you love me again\nI'll say it's not you, it's me\nI'll do all that I can\nIf I can make you love me again\nYou are oh, oh, oh\nYou are oh, oh, oh\nYou are, you are\nYou're my addiction\n\nWe're fussing and fighting\nI keep on trying\nTo mend this but you won't meet me half way", "image": "https://images.genius.com/9eb9bb10b4dff8ba05121dfb216b3be2.467x467x1.jpg"}], "artist": "Nicki Minaj"}