{"songs": [{"title": "Fire Burns", "album": "Pink Friday: Roman Reloaded", "year": "2012-04-02", "lyrics": "[Verse 1]\nYou shoulda left the other day\nYou let me beg for you to stay\nThis is a sickening joke that you play with my emotions\nAnd so I pray you burn in hell, and you never find the ocean\n\n[Chorus]\nI hope your fire, fire burns, baby\nI hope your fire, fire burns, baby\nI hope you lay down in your sleep and you choke on every lie you told\nAnd when you\u2019re reaching out for me, you\u2019ll see you reap everything you sow\n\n[Verse 2]\nYou piece of shit, you broke me down\nThought you said you, would hold me down\nBut I can see it in your eyes that you're blinded by the flashing lights\nAnd you's a stupid muthafucker for letting this thing pass you by\n\n[Chorus]\nI hope your fire, fire burns, baby\nI hope your fire, fire burns, baby\nI hope you lay down in your sleep and you choke on every lie you told\nAnd when you\u2019re reaching out for me, you\u2019ll see you reap everything you sow\n\n[Outro]\n(Burn, burn, burn...)", "image": "https://images.genius.com/d8ab635827060eb71d3130b28c7cd04f.1000x1000x1.jpg"}], "artist": "Nicki Minaj"}