{"songs": [{"title": "Lookin Ass (Lookin Ass Nigga)", "album": "Young Money: Rise Of An Empire", "year": "2014-03-11", "lyrics": "[Intro: Nicki Minaj]\nLook at y'all niggas... Niggas\nLook at y'all niggas... Niggas\n\n[Verse 1: Nicki Minaj]\nLook at y'all smokin' ass niggas\nAfter every pull, niggas start chokin' ass niggas\nNigga-nigga\nLook at y'all bitch ass niggas\nStop lyin' on your dick ass niggas\nNigga-nigga\nLook at y'all lookin' ass niggas\nStop lookin' at my ass ass niggas\nLook at y'all lyin' ass niggas\nTalkin' 'bout \"It's paid off\" but it's financed, lyin' ass nigga\nBunch of non-mogul ass niggas\nFrontin' like they got a plan, Boost Mobile ass nigga\nNigga, nigga, look at y'all\nCan't get a job so you plottin' how to rob ass niggas\nI ain't gotta check for y'all\nBut if I'ma check for y'all, I'ma need a check from y'all niggas\nI don't want sex, give a fuck about your ex\nI don't even want a text from y'all niggas\nI'm rapin' you niggas\nLook at this pic, look what the fuck I gave to you niggas\nAin't feelin' these niggas\nNiggas want my time, call me Clinton, I'm billin' these niggas\n\n[Hook: Parker Ighile]\nAll I know is there should be no reason\nAll I know is there should be no reason\nAll I, all I know is there should be\nAll I know\nAll I, all I know is there should be no reason\nAll I know, you know it, and you know it\nLook at what, reason\n\n[Verse 2: Nicki Minaj]\nLook at y'all sharin' one bottle in the club\nOne bottle full of bub' ass niggas\nLook at y'all not havin' game ass niggas\nY'all niggas share a chain ass niggas\nSame cup in the hand ass nigga\nIn the club with a credit card scam ass nigga\nNo dick in the pants ass nigga\nI be damned if I fuck a non-man ass nigga\nI will, I will, I will never fuck a non-man ass nigga\nI would never lie\nEven if that nigga flew me and my bitches all the way out to Dubai\nPussy, you tried, pussy ass nigga you lie\nPussy ass nigga, you high\nBitch I'm me, hundred on the wrist, I ski\nArt on the wall, Basqui, fuck who see\nLook at you fake dope dealers\nKnow real niggas that be movin' weight in them villas\nTalkin' 'bout ki's, say it's ki's in the van\nBut he really move grams and he split it with his mans\n\n[Hook: Parker Ighile]\nAll I know is there should be no reason\nAll I know is there should be no reason\nAll I, all I know is there should be\nAll I know\nAll I, all I know is there should be no reason\nAll I know, you know it, and you know it\nLook at what, reason", "image": "https://images.genius.com/76c3c35b8bbb49a6248b34556fc0bb66.1000x1000x1.jpg"}], "artist": "Nicki Minaj"}