{"songs": [{"title": "Curious George", "album": "Sucka Free", "year": "2008-04-12", "lyrics": "Yo, why these bitches in the game gettin' serious for?\nI was just playin' when I said you looked liked Curious George\nI mean, I was in the SL, ice on the bezel\nI ain't mad at you lil' mama, you a sketel\nI'm a winner, you that thing that start with a \"S.L.\"\nRhyme with a cruiser, end with a r-ra\nYup, you're a loser, I am a super star-ah\nF.A.B.O., I do it, like Toccara\nCause ya'll some dylon hoes\nTryna fuck up my band, I fuck with Nylon holes\nI got the pumps and the bumps,the pumps in the trunk\nIn case I gotta spazz, and blast you mudda cunt\nI had to laugh at that one\nBitch get outta line, I'mma slap the fat one\nI'm such a maniac\nWhere Wayne at? I'm tryna get some, brainiac\nI gets down, like when niggas is shootin'\nMami, I style wild, like when niggas is lootin'\nHoes is mad, cause these hoes is losin'\nThey do a lot of walkin', I do alot of cruisin'\nPut the top in the back of trunk\nTake off a shoe, slap a bitch with the back of the pump\nI ain't never had a problem giving bitches the business\nPop bitches in the eye, like I finished my spinach\nI'm a New York broad, spend chips in the village\nHopped out the yellow cab, oops, the yellow Jaguar\nGirls don't like me, guess it's the swagger\nDon't talk to me 'bout, chicks got skills\nShe's alright, but she's not real\nListen big homie, I'm that deal\nI say I body bitches, mean that bitch got killed\nRiding the baseline, like I'm 'Quil O'Neal\n\n[Hook] (x2)\nNow how many bitches do it take to knock me down\nYou know bitches gon' hate\nBut I don't give a fuck who you bodied on tape\nI'm into movin' weight mami in and out of state\nLet's get it now", "image": "https://images.genius.com/6723f478cff14a2ba2cbe0ce2ad7d4c2.320x320x1.jpg"}], "artist": "Nicki Minaj"}