{"songs": [{"title": "Go Flex", "album": "Stoney", "year": "2016-04-21", "lyrics": "[Verse 1]\nLighting stog after stog, I choke on the smoke\nThey tell me to quit, don't listen what I'm told\nThey help me forget that this world is so cold\nI don't even know what I'm chasin' no more\nTell me what I want, just keep searchin' on\nIt's never enough, cup after cup\nBlunt after blunt\nI wouldn't give one if I could find a fuck, ha, ha, ha, uh\nIn the cut and I put that on my momma\nAnd my bitch called talkin' 'bout some drama\nI swear there ain't no time for women on the come up\nIt's either pussy or the commas\n\n[Chorus]\nMan, I just wanna go flex\nGold on my teeth and on my neck\nAnd I'm stone cold with the flex\nWith my squad and I'm smokin' up a check\nMan, I just wanna go flex\nGold on my teeth and on my neck\nAnd I'm stone cold with the flex\nWith my squad and I'm smokin' up a check\n\n[Verse 2]\nUh, yeah, push the gas, get a motherfuckin' nose bleed\nShe ain't never met a youngin' do it like me\nShe got a man but she says she really like me\nShe doin' things to excite me\nShe sendin' all her friends snaps of my new tracks\n'Cause all these hoes know what's about to come next\nI hit my plug up, got the paper connect\nI drop a couple bands I just wanna go\n\n[Chorus]\nMan, I just wanna go flex\nGold on my teeth and on my neck\nAnd I'm stone cold with the flex\nWith my squad and I'm smokin' up a check\nMan, I just wanna go flex\nGold on my teeth and on my neck\nAnd I'm stone cold with the flex\nWith my squad and I'm smokin' up a check\n\n[Bridge]\nKnowing all of this, it just don't make a difference\nI'm just talking shit to the ones that'll listen\nI come with the heat man, I swear I'm never missing\nAnd I'm still the same and I swear I'm never switching\nKnowing all of this, it just don't make a difference\nI'm just talking shit to the ones that'll listen\nI come with the heat man, I swear I'm never missing\nAnd I'm still the same and I swear I'm never switching\n\n[Chorus]\nMan, I just wanna go flex\nGold on my teeth and on my neck\nAnd I'm stone cold with the flex\nWith my squad and I'm smokin' up a check\nMan, I just wanna go flex\nGold on my teeth and on my neck\nAnd I'm stone cold with the flex\nWith my squad and I'm smokin' up a check\n\n[Outro]\nOoh, man, I just wanna go flex\nGold on my teeth and on my neck\nAnd I'm stone cold with the flex, yeah\nIce cold with the flex\nHaha, that shit hard", "image": "https://images.rapgenius.com/320808d494f41efab74823e4dfba1300.1000x1000x1.jpg"}], "artist": "Post Malone"}