{"songs": [{"title": "Better Now", "album": "\u200bbeerbongs & bentleys", "year": "2018-04-27", "lyrics": "[Chorus]\nYou prolly think that you are better now, better now\nYou only say that 'cause I'm not around, not around\nYou know I never meant to let you down, let you down\nWoulda gave you anything, woulda gave you everything\nYou know I say that I am better now, better now\nI only say that 'cause you're not around, not around\nYou know I never meant to let you down, let you down\nWoulda gave you anything, woulda gave you everything\nOh-oh\n\n[Verse 1]\nI did not believe that it would end, no\nEverything came second to the Benzo\nYou're not even speakin' to my friends, no\nYou knew all my uncles and my aunts though\nTwenty candles, blow 'em out and open your eyes\nWe were lookin' forward to the rest of our lives\nUsed to keep my picture posted by your bedside\nNow it's in your dresser with the socks you don't like\nAnd I'm rollin', rollin', rollin', rollin'\nWith my brothers like it's Jonas, Jonas\nDrinkin' Henny and I'm tryna forget\nBut I can't get this shit outta my head\n\n[Chorus]\nYou prolly think that you are better now, better now\nYou only say that 'cause I'm not around, not around\nYou know I never meant to let you down, let you down\nWoulda gave you anything, woulda gave you everything\nYou know I say that I am better now, better now\nI only say that 'cause you're not around, not around\nYou know I never meant to let you down, let you down\nWoulda gave you anything, woulda gave you everything\nOh-oh\n\n[Verse 2]\nI seen you with your other dude\nHe seemed like he was pretty cool\nI was so broken over you\nLife it goes on, what can you do?\nI just wonder what it\u2019s gonna take (What it's gonna take)\nAnother foreign or a bigger chain (Bigger chain)\nBecause no matter how my life has changed\nI keep on looking back on better days\n\n[Chorus]\nYou prolly think that you are better now, better now\nYou only say that 'cause I'm not around, not around\nYou know I never meant to let you down, let you down\nWoulda gave you anything, woulda gave you everything\nYou know I say that I am better now, better now\nI only say that 'cause you're not around, not around\nYou know I never meant to let you down, let you down\nWoulda gave you anything, woulda gave you everything\nOh-oh\n\n[Bridge]\nI promise\nI swear to you, I'll be okay\nYou're only the love of my life (Love of my life)\n\n[Chorus]\nYou prolly think that you are better now, better now\nYou only say that 'cause I'm not around, not around\nYou know I never meant to let you down, let you down\nWoulda gave you anything, woulda gave you everything\nYou know I say that I am better now, better now\nI only say that 'cause you're not around, not around\nYou know I never meant to let you down, let you down\nWoulda gave you anything, woulda gave you everything\nOh-oh", "image": "https://images.genius.com/b2d0dca99ed625a19a11eefbdcfdb671.828x828x1.jpg"}], "artist": "Post Malone"}