{"songs": [{"title": "40 Funk", "album": "August 26th", "year": "2016-05-12", "lyrics": "[Chorus]\n40 got me funky (Funky)\nI popped a molly (Molly), went kamikaze\nAnother 40\nI'm Michael Jordan and bitch, I'm scoring\nDrank two 40's\nMy bitch is foreign, she got deported\nThousand ounces, police is knocking\nAin't got no worries (Ain't got no)\nFeeling funky\nI popped a molly, went kamikaze (Kami)\nAnother 40\nI'm Kyrie Irving and bitch, I'm scoring\nDrank two 40's\nMy bitch is foreign, she got deported\nThousand ounces, this shit still popping\nAin't got no worries\n\n[Post-Chorus]\n40 got me funky\n40 got me funky\n40 got me funky\n40 got me funky (Stoney)\n\n[Verse 1]\nI popped a molly, switching lanes\nI'ma pull up in this bitch, exotic (Skrrt)\nLean in Sprite and gin in tonic\nThese bitches erotic\nShe just wanna get inside my motherfucking pocket (Yeah)\nAnother 40, I should stop it (Woah)\nTwo thousand ounces of this shit will make you feel like vomit\nBut I don't mind it, I kinda like it\nYoung and wild\nWe killing shit, we live this shit\nI ain't go to school\nThey ask me how I live like this\nI did my shit, 20 this year\nAnd I'm only getting older 'til I'm in the dirt (I'm in the dirt)\nHow I hold a grudge with two 40's all in my hand (All in my hand)\nBut pull up on me, try me, you can catch the fade my man\nYou and your friends\n\n[Chorus]\n40 got me funky (Funky)\nI popped a molly (Molly), went kamikaze\nAnother 40\nI'm Michael Jordan and bitch, I'm scoring\nDrank two 40's\nMy bitch is foreign, she got deported\nThousand ounces, police is knocking\nAin't got no worries (Ain't got no)\nFeeling funky\nI popped a molly, went kamikaze (Kami)\nAnother 40\nI'm Kyrie Irving and bitch, I'm scoring\nDrank two 40's\nMy bitch is foreign, she got deported\nThousand ounces, this shit still popping\nAin't got no worries\n\n[Post-Chorus]\n40 got me funky\n40 got me funky\n40 got me funky\n40 got me funky\n\n[Verse 2]\nGimme the 40\nSo I can be cool, yeah\nPass me the molly, ayy\nI wanna them too\nNo, I can't get enough\nMan, I'm popping them shits and I'm dropping them hits\nThe music, the liquor that\u2019s why I exist\nAnd the money, but let's skip the obvious shit\nAin't living too long if I'm living like this\nEarly morning waking up with the sweats\nGoing through shit I ain't never forget\nBut nothing I do, will I ever regret\nI need me that cheque, I need me that chronic\nI don't remember, tell me what's my name?\nDrinking, swerving in the other lane\nFucking zooted drinking acid rains\nSpill it on Supreme\n\n[Chorus]\n40 got me funky (Funky)\nI popped a molly (Molly), went kamikaze\nAnother 40\nI'm Michael Jordan and bitch, I'm scoring\nDrank two 40's\nMy bitch is foreign, she got deported\nThousand ounces, police is knocking\nAin't got no worries (Ain't got no)\nFeeling funky\nI popped a molly, went kamikaze (Kami)\nAnother 40\nI'm Kyrie Irving and bitch, I'm scoring\nDrank two 40's\nMy bitch is foreign, she got deported\nThousand ounces, this shit still popping\nAin't got no worries\n\n[Post-Chorus]\n40 got me funky\n40 got me funky\n40 got me funky\n40 got me funky", "image": "https://images.genius.com/600d436a748f1affd6af5c9a659d54fc.375x375x1.jpg"}], "artist": "Post Malone"}