{"songs": [{"title": "Same Bitches", "album": "\u200bbeerbongs & bentleys", "year": "2018-04-27", "lyrics": "[Intro: Post Malone]\nYeah, yeah\n\n[Chorus: Post Malone]\nI been in L.A. too long\nHow I see the same bitches everywhere I go?\nIt don't really matter where they from\nActin' or a model, heard it all before\nPopulation four million, how I see the same bitches?\n(How I see the same bitches?) Yeah, yeah\nPopulation four million, how I see the same bitches?\n(How I see the same bitches?) Yeah, yeah, yeah\n\n[Verse 1: Post Malone]\nI hit your DM, baby\nTook the screenshot, yeah, you tried to play me\nI bet this shit was good for your reputation\nI just let it go, so I could see you naked\nHoly moly, look at what you rolled in\nMillion followers, but your bumpers broken\nWhat's your focus? Tell me what your goal is\nI know you only like me\n'Cause I just spent a hundred bands in one night\nSpent a hundred bands in one night\nI know you wanna live this life\nBut I can't make a ho a housewife (Oh, no)\nWhat's your name? Who's your daddy?\nIs he rich like me? Is he rich like me?\nYeah, yeah, yeah (Ayy)\n\n[Chorus: Post Malone & G-Eazy]\nI been in L.A. too long\nHow I see the same bitches everywhere I go?\nIt don't really matter where they from\nActin' or a model, heard it all before\nPopulation four million, how I see the same bitches?\n(How I see the same bitches?) (Uh, yeah)\nYeah, yeah\nPopulation four million, how I see the same bitches?\n(How I see the same bitches?) (Gerald)\nYeah, yeah, yeah (uh)\n\n[Verse 2: G-Eazy]\nEverywhere I go I see the same ho\nAlways post selfies on the 'Gram from a angle, a Catfish\nHollywood devil, not a angel\nHer bag is Chanel, but she drives a Durango\nYeah, and I'm gettin' to the queso\nWoke and I'm hip to the game, so I'm thankful\nOGs put me on tours, so I'm laced, bro\nReal recognizin' that you don't speak the lingo\nClothes all new, not a wrinkle\nGivin' you the game, gettin' sprinkled\nBottles on deck and my drink full\nI turn into a beast, I'm a dog, I'm a pitbull\nThis life did it to me, I can't switch back\nIf I take her then you'll never get your bitch back\nYeah, the beat knockin', yeah, this shit clap\nWelcome to the west it's where people gettin' rich at, ayy\n\n[Chorus: Post Malone, G-Eazy & YG]\nI been in L.A. too long (G)\nHow I see the same bitches everywhere I go? (It's Eazy, you know?)\nIt don't really matter where they from (Yee, yee, yee)\nActin' or a model, heard it all before (Ayy)\nPopulation four million, how I see the same bitches?\n(West side nigga)\nPopulation four million, how I see the same bitches?\n(Hol' up, let me talk my shit, hol' up)\nYeah, yeah, yeah\n\n[Verse 3: YG]\nI been in L.A. too long\nMe and my bros hit the same hoes\nL.A., Hollywood, that's some Valley hoes\nDo I know how to fuck? They all know\nYeah, yeah, fuck it, go down baby, you ratchet\nI'm with the program, baby (Yeah)\nWord in the streets, you with the whole town, baby\nI'm tryna do it for the brother like Motown, baby (For the record)\nShe fucked the L.A. Laker for the record\nShe fucked a Dodger baseball player for the record\nShe fucked the head of my record label, ooh\nHow you think she been so stable?\nAh, damn, ah, damn, but she down to fuck\nDesigner everything, Benz Truck\nPullin' up with you friend, tell me who she is\nOh, never mind, my friend fucked\n\n[Outro: Post Malone & YG]\nPopulation four million, how I see the same bitches?\n(How I see the same bitches?) Yeah, yeah, yeah\n(Haha, oh, never mind, my friend fucked)\nPopulation four million, how I see the same bitches?\n(How I see the same bitches?) Yeah, yeah, yeah\n(Haha, never mind, my friend fucked)\nPopulation four million, how I see the same bitches?\n(How I see the same bitches?) Yeah, yeah, yeah\nPopulation four million, how I see the same bitches?\n(How I see the same bitches?) Yeah, yeah, yeah", "image": "https://images.genius.com/5f219498aca9f4c88e221a3b63d0a773.1000x1000x1.jpg"}], "artist": "Post Malone"}