{"songs": [{"title": "Fuck The Internet", "album": null, "year": null, "lyrics": "[Intro]\nA-yeah-yeah-yeah (ohh)\nWoah-oh-oh\nA-yeah-yeah-yeah\n\n[Verse]\nI just seen lil' mama Instagram an' she flexin'\nDon't care about your puppies, just that ass and them breastses\nOh girl, you a model? Damn, I never woulda guessed it\nAn' if you tryna throw out all them vibes, I'ma catch 'em\nThe lifestyle we live is just too dangerous\nParanoid since they've been leakin' my shit\nWonder if it'll come out on the web\nAn' I can't help all these bitches on my dick\nTakin' a photo an' postin' that shit\nComin' home late an' I crawl into bed\nShe always be askin' me, \"Where have you been?\", woah\n\n[Pre-Chorus]\nThe world has gone to shit an' we all know that\nPeople freakin' out, like, hit the Prozac\nLeon DeChino shows got all the blogs mad\nWell, fuck the internet, an' you can quote that, woah\n\n[Chorus]\nIt's a lot; well, if ignorance is bliss, then don't wake me up\nAn' I'll prolly be the last to know\n'Cause I don't get on the internet no more\nIt's a lot, and they try so hard just to fuck shit up\nAn' I'll prolly be the last to know\n'Cause I don't get on the internet no more\n\n[Instrumental Break]\n\n[Chorus]\nIt's a lot; well, if ignorance is bliss, then don't wake me up\nAn' I'll prolly be the last to know\n'Cause I don't get on the internet no more\nIt's a lot, and they try so hard just to fuck shit up\nAn' I'll prolly be the last to know\n'Cause I don't get on the internet no more\n\n[Outro]\nOoh-ooh\nOoh-ooh\nOoh-ooh", "image": "https://images.genius.com/fc7e20f4fe2f7dd19a877bb5cb1677bc.937x937x1.jpg"}], "artist": "Post Malone"}