{"songs": [{"title": "Whatever", "album": null, "year": "2015-01-01", "lyrics": "[Intro]\nHahaha\n\n[Chorus]\nI wear whatever the fuck I want\nI do whatever the fuck I want\nI say whatever the fuck I want\nI buy whatever the fuck I want\nI wear whatever the fuck I want\nI do whatever the fuck I want\nI say whatever the fuck I want\nI buy whatever the fuck I want\n\n[Verse]\nYeah, Melrose, six-whippin'\nSix digits, bad bitches, they be dick-lickin'\nSlick sippin' Pimp C with the limb missin'\nTeeth glisten, kick pound, smoking loud, listen\nSpend a grand on the shoes like my mind missing\nGivenchy kicked up while I'm smokin' on Doja\nLike Kanye, the Rover'll smash your Corolla\nI'm with your se\u00f1ora, she givin' me oral\nAll-black in Fairfax\nIt's really not fair that\nFlight-club is swipe-club, I see it, I buy it\nThe Jordans, I wear that\nYoung Post, yeah, beware that\nVolcano, prepare that\nHoes kicking it at the crib, asking Malone\n\"Can I play with your hair?\", yeah (hahaha)\nUh, it keeps adding up\nThe money, oh God, it just keeps addin' up\nThe styrofoam cups always stay stackin' up\nAnd you know that my team just gon' keep actin' up\nYou play me a song, please just give rappin' up\nYou talkin' that shit, boy, just keep that shit up\nFind Post in the cut, prolly smokin' a blunt\nI use all of this money to shit on you fucks\n\n[Chorus]\nI wear whatever the fuck I want\nI do whatever the fuck I want\nI say whatever the fuck I want\nI buy whatever the fuck I want\nI wear whatever the fuck I want\nI do whatever the fuck I want\nI say whatever the fuck I want\nI buy whatever the fuck I want\n\n[Outro]\nYeah, Melrose, six-whippin'\nHahaha\nMelrose, six-whippin'\nSix digits, bad bitches\nNow listen, listen", "image": "https://images.genius.com/fc7e20f4fe2f7dd19a877bb5cb1677bc.937x937x1.jpg"}], "artist": "Post Malone"}