{"songs": [{"title": "\u200brockstar (Original Version)", "album": null, "year": null, "lyrics": "[Intro: Post Malone]\nAyy, ayyy\nHahahahaha\nTank God\nAyy, ayy\n\n[Chorus: Post Malone]\nI've been fuckin' hoes and poppin' pillies\nMan, I feel just like a rockstar (star, ayy, ayy)\nAll my brothers got that gas\nAnd they always be smokin' like a Rasta (-sta)\nFuckin' with me, call up on a Uzi\nAnd show up, man, name them the shottas (-tas)\nWhen my homies pull up on your block they make that thing go\nGrrra-ta-ta-ta (ta, pow, pow, pow, ayy, ayy)\n\n[Verse 1: Post Malone]\nSwitch my whip, came back in black\nI'm startin' sayin', \"Rest in peace to Bon Scott\" (Scott, ayy)\nClose that door, we blowin' smoke\nShe ask me light a fire like I'm Morrison (-son, ayy)\nAct a fool on stage\nProlly leave my fuckin' show in a cop car (car, ayy)\nShit was legendary\nThrew a TV out the window of the Montage\nCocaine on the table, liquor pourin', don't give a damn\nDude, your girlfriend is a groupie, she just tryna get in\nSayin', \"I'm with the band\" (ayy, ayy)\nNow she actin' outta pocket, tryna grab up on my pants\nHundred bitches in my trailer say they ain't got a man\nAnd they all brought a friend (yeah, ayy, ayy, ayy)\n\n[Chorus: Post Malone]\nI've been fuckin' hoes and poppin' pillies\nMan, I feel just like a rockstar (star, ayy, ayy)\nAll my brothers got that gas\nAnd they always be smokin' like a Rasta (-sta)\nFuckin' with me, call up on a Uzi\nAnd show up, man, name them the shottas (-tas)\nWhen my homies pull up on your block they make that thing go\nGrrra-ta-ta-ta (ta, pow, pow, pow)\n\n[Verse 2: T-Pain]\nOh shit, hey\nI just did like twenty shots and now I'm standin' on top of a cop car\nHey, she been givin' me head for twenty minutes, man, this bitch gotta have lockjaw\nAin't no retirin', bitch I'm firin' out the car, let the Glock off\nHey, and it's a job, take the car to the karate shop and chop that bitch like water\nMan, my shit been going back-to-back, grrra-ta-ta-ta, just like a choppa\nPolice pull up behind me, ain't no time to go and hide it, throw the rock far\nValuable, for twenty minutes, oh man, my shit is 'bout as swole as a gold bond\nI got plenty more, prolly fifty more, but this is what we did so far-ar-ar\n\n[Chorus: Post Malone, T-Pain & Joey Bada$$]\nI've been fuckin' hoes and poppin' pillies\n(Ah-ahah-ahah)\nMan, I feel just like a rockstar (star, ayy, ayy, woo!)\nAll my brothers got that gas\nAnd they always be smokin' like a Rasta (-sta, yeah, hey)\nFuckin' with me, call up on a Uzi\nAnd show up, man, name them the shottas (-tas, badman)\nWhen my homies pull up on your block they make that thing go\nGrrra-ta-ta-ta (yeah, ta, pow, pow, pow)\n\n[Verse 3: Joey Bada$$]\nThis that Amethyst Rockstar-life, might not make it\nDrop gems 'til I shine bright, just be patient\nTwo girls in my hotel bathroom naked\nThat's the type of thrill that I like, don't waste it\nMy cup filled with no chaser, I'm wasted\nMixin' weed with the Henny, got me cross-faded\nLike, \"Sorry, no interviews, y'all caught in the Matrix\"\nCheckin' for statements, life is what you make it\nI'm never on vacation 'cause there's no days off\nAll the hard work, dedication, know it all pays off\nI been gettin' no sleep, I been workin' graveyard shifts\nI'm a Braveheart, shit, they call me the Sergeant\nThe general, my squadron, the Pro Era army\nDroppin' bombs, this is just the calm before the storm, see\nThey can never harm me, my brother catch a homi\nT-Pain, Post Malone, Joey Bad, this is godly\nHuh, hahaha\n\n[Chorus: Post Malone]\nI've been fuckin' hoes and poppin' pillies\nMan, I feel just like a rockstar (star, ayy, ayy)\nAll my brothers got that gas\nAnd they always be smokin' like a Rasta (-sta)\nFuckin' with me, call up on a Uzi\nAnd show up, man, name them the shottas (-tas)\nWhen my homies pull up on your block they make that thing go\nGrrra-ta-ta-ta (ta, pow, pow, pow)", "image": "https://images.genius.com/a73b0787a1c05fcbb7ef0e92128ab8f0.1000x1000x1.jpg"}], "artist": "Post Malone"}