{"songs": [{"title": "White Iverson", "album": "Stoney", "year": "2015-02-04", "lyrics": "[Intro]\nDouble OT\nI'm a new three\n\n[Chorus]\nSaucin', saucin', I'm saucin' on you\nI'm swaggin', I'm swaggin', I'm swaggin', oh-ooh\nI'm ballin', I'm ballin', Iverson on you (swish, ooh, ayy)\nWatch out, watch out, watch out, yeah\nThat's my shot, that's my shot, that's my shot, yeah\nSpendin', I'm spendin' all my fuckin' pay\n\n[Verse 1]\nI got me some braids and I got me some hoes\nStarted rockin' the sleeve, I can't ball with no Joes\nYou know how I do it, Concords on my toes\n(This shit is hard), ooh\nI ain't rich yet, but you know I ain't broke, I\nSo if I see it, I like it, buy that from the store, I\nI'm with some white girls and they lovin' the coca\nLike they OT\nDouble OT like I'm KD, smokin' OG\nAnd you know me, in my 2-3s and my gold teeth\nBitch, I'm smiling, bet you see me from the nosebleeds\nI'm a new three and I change out to my new 3s\n\n[Pre-Chorus]\nWhite Iverson\nWhen I started ballin', I was young\nYou gon' think about me when I'm gone\nI need that money like the ring I never won, I won\n\n[Chorus]\nSaucin', saucin', I'm saucin' on you\nI'm swaggin', I'm swaggin', I'm swaggin', oh-ooh\nI'm ballin', I'm ballin', Iverson on you\nWatch out, watch out, watch out, yeah\nThat's my shot, that's my shot, that's my shot, yeah\nSpendin', I'm spendin' all my fuckin' pay\n\n[Verse 2]\nOoh, Stoney\nCigarettes and a headband\nCommas, commas in my head, man\nSlumped over like a dead man\nRed and black, 'bout my bread, man\nI'm the answer, never question\nLace up, learn a lesson\nBitch, I'm saucin', I do this often, don't do no talkin'\nMy options right when I walk in, jump all them Jordans\nI'm ballin', money jumpin'\nLike I'm Davis from New Orleans\nOr bitch I'm Harden, I don't miss nothin'\nFuck practice, this shit just happens, know y'all can't stand it\nI have it, I never pass it, I work my magic\nHigh average, ball on these bastards, it makes me happy\nIt's tragic, I make it happen, and all y'all Shaqtin'\n\n[Pre-Chorus]\nWhite Iverson\nWhen I started ballin' I was young\nYou gon' think about me when I'm gone\nI need that money like the ring I never won, I won\n\n[Chorus]\nSaucin', saucin', I'm saucin' on you\nI'm swaggin', I'm swaggin', I'm swaggin', oh-ooh\nI'm ballin', I'm ballin', Iverson on you\nWatch out, watch out, watch out, yeah\nThat's my shot, that's my shot, that's my shot, yeah\nSpendin', I'm spendin' all my fuckin' pay", "image": "https://images.genius.com/1dad4b59df882166763827cd9ac83662.678x684x1.png"}], "artist": "Post Malone"}