{"songs": [{"title": "Ball For Me", "album": "\u200bbeerbongs & bentleys", "year": "2018-04-27", "lyrics": "[Intro: Post Malone]\nUh-uh-uh-uh-uh-uh, ball for me\n\n[Pre-Chorus: Post Malone]\nBaby, could you? I got too much on my mind right now (Oh-oh-oh)\nI ain't got the time to get you Saint Laurent now\nCould you? I got too much on my mind right now (Oh-oh-oh)\nTime to hit Rodeo, give my baby 30 thou'\n\n[Chorus: Post Malone]\nOo-oo-oo-oo-oo-oo-oo-oo-ooh, ball for me\nOo-oo-oo-oo-oo-oo-oo-oo-ooh, b-ball for me, yeah\nOo-oo-oo-oo-oo-oo-oo-oo-ooh, ball for me\nOo-oo-oo-oo-oo-oo-oo-oo-ooh, b-ball for me, yeah\n\n[Verse 1: Post Malone]\nI'm on the road, I'm gettin' paid, like what you want, baby? (What you want, baby?)\nYou're bougie, baby, but I love you, baby, give you the world, baby (You the world, baby)\nPaid five grand for a handbag, that's Saint Laurent, baby (Saint Laurent, baby)\nDamn, you love that money, baby (Oh-oh-oh)\nHunnid thousand plus hunnid thousand, my whip (My whip, my whip)\n30 thousand plus 30 thousand, my wrist (My wrist, my wrist)\nWe got alcohol, plus bad bitches, that's lit (That's lit, that's lit)\nI swear, baby, we was just kissin', that's it (That's it, that's it) (Oh-oh-oh)\nHow could I forget the shit that you done done for me? (For me)\nBaby gonna take the charge and take the fall for me (For me)\nWould love to take you shoppin', but girl, I'm in Europe tourin'\nSorry, lil' mama, I can't give you more\n\n[Pre-Chorus: Post Malone]\nBaby, could you? I got too much on my mind right now (Oh-oh-oh)\nI ain't got the time to get you Saint Laurent now\nCould you? I got too much on my mind right now (Oh-oh-oh)\nTime to hit Rodeo, give my baby 30 thou'\n\n[Chorus: Post Malone]\nOo-oo-oo-oo-oo-oo-oo-oo-ooh, ball for me\nOo-oo-oo-oo-oo-oo-oo-oo-ooh, b-ball for me, yeah\nOo-oo-oo-oo-oo-oo-oo-oo-ooh, ball for me\nOo-oo-oo-oo-oo-oo-oo-oo-ooh, b-ball for me, yeah\n\n[Verse 2: Nicki Minaj]\nYo, gotta hit him on the jack\nWhen you comin' back? Where is you at on the map?\nEverything is intact\nCoulda been a seamstress, still wouldn't cut him slack\nPretty much, ain't got a clue\nItty bitty piggyback off everything I do\nBut I'm still droppin' jaws\nGot 'em lookin' like James Harden at the awards (Oh-oh-oh)\nBack to you, I'm so into you\nFor real, breh like I'm kin to you\nIf you a 10, I add 10 to you\nThey be mad when I tend to you\nThat's what the bae like\nCall me Buffy 'cause that's what I slay like\nThese bitches, I son 'em like it's daylight\nThese niggas wanna know what it tastes like (Oh-oh-oh)\nWhat it tastes like, yo, what it tastes like, yo\nThey wanna know what it tastes like, yo\nAll this ice, it should taste like snow\nGet kimonos and let's fly to Tokyo\nPretty, pretty please baby, won't you cop this for me? Uh\n\n[Pre-Chorus: Post Malone]\nBaby, could you? I got too much on my mind right now (Oh-oh-oh)\nI ain't got the time to get you Saint Laurent now\nCould you? I got too much on my mind right now (Oh-oh-oh)\nTime to hit Rodeo, give my baby 30 thou'\n\n[Chorus: Post Malone & Nicki Minaj]\nOo-oo-oo-oo-oo-oo-oo-oo-ooh, ball for me\nOo-oo-oo-oo-oo-oo-oo-oo-ooh, b-ball for me, yeah\nOo-oo-oo-oo-oo-oo-oo-oo-ooh, ball for me\nOo-oo-oo-oo-oo-oo-oo-oo-ooh, b-ball for me, yeah\nOo-oo-oo-oo-oo-oo-oo-oo-ooh, ball for me (What it tastes like)\nOo-oo-oo-oo-oo-oo-oo-oo-ooh, b-ball for me, yeah\nOo-oo-oo-oo-oo-oo-oo-oo-ooh, ball for me  (What it tastes like)\nOo-oo-oo-oo-oo-oo-oo-oo-ooh, b-ball for me, yeah", "image": "https://images.genius.com/5f219498aca9f4c88e221a3b63d0a773.1000x1000x1.jpg"}], "artist": "Post Malone"}