{"songs": [{"title": "Red Wine & White Sheets", "album": null, "year": null, "lyrics": "[Intro]\nZaytoven\nHmm\nZaytoven\nOhh, ohh, ohh\n\n[Bridge]\nWe standin' in the lobby waitin' for the elevator\nWe standin' in the lobby an' we can't wait to get on\nLet's just go crazy, let's say, \"Fuck every'\"\nLet's make a baby, we gon' need new laundry\n\n[Verse 1]\nOhh, whoa, I'm on the road\nCan't wait to come home to you\nOhh, I'm doin' all my shows\nCan't wait to come back home to you\n\n[Chorus]\nRed wine and white sheets, pour out that Henny\nI know that you love me, let's fall like we're lonely\nRed wine and white sheets, pour out that Henny\nI know that you love me, let's fall like we're lonely\n\n[Bridge]\nWe standin' in the lobby waitin' for the elevator\nWe standin' in the lobby an' we can't wait to get on\nLet's just go crazy, let's say, \"Fuck every'\"\nLet's make a baby, we gon' need new laundry\n\n[Verse 2]\nI know I lied to you, that only would do you\nI told you I'm sorry, you know that was not me\nAnd that [?] was rushin' through my fingertips\nI ain't never gonna go back to the man I was then\n\n[Chorus]\nRed wine and white sheets, pour out that Henny\nI know that you love me, let's fall like we're lonely\nRed wine and white sheets, pour out that Henny\nI know that you love me, let's fall like we're lonely\n\n[Instrumental Break]\n\n[Outro]\nAh, ahh, ahh, ahh\nAh, ahh, ah, ahh, ah, ahh\nAh, ahh, ah, ahh, ah, ahh\nYou wonder if we got that [?], [?]\nYou know that if we stay [?], scared to run away\nYou wonder if we got that [?], [?]\nYou know that if we stay [?], scared to run away\nYou wonder if we got that [?], [?]\nYou know that if we stay [?], scared to run away\nYou wonder if we got that [?], [?]\nYou know that if we stay [?], scared to run away", "image": "https://images.genius.com/fc7e20f4fe2f7dd19a877bb5cb1677bc.937x937x1.jpg"}], "artist": "Post Malone"}