{"songs": [{"title": "I Fall Apart", "album": "Stoney", "year": "2016-12-09", "lyrics": "[Intro]\nOooh, I fall apart\nOooh, yeah, mmhmm, yeah\n\n[Verse 1]\nShe told me that I'm not enough (Yeah)\nAnd she left me with a broken heart (Yeah)\nShe fooled me twice and it's all my fault (Yeah)\nShe cut too deep, now she left me scarred (Yeah)\nNow there's so many thoughts goin' through my brain (Yeah)\nAnd now I'm takin' these shots like it's Novocaine, yeah\n\n[Chorus]\nOooh, I fall apart\nDown to my core\nOooh, I fall apart\nDown to my core\nOooh, didn't know it before\nSurprised when you caught me off guard\nAll this damn jewelry I bought\nYou was my shorty, I thought\n\n[Verse 2]\nNever caught a feelin' this hard\nHarder than the liquor I pour\nTell me you don't want me no more\nBut I can't let go, everybody told me so\nFeelin' like I sold my soul\nDevil in the form of a whore\nDevil in the form of a whore\nYou said it, no, you said it\nNo, you said that shit, we'd be together, oh\n\n[Chorus]\nOooh, I fall apart\nDown to my core\nOooh, I fall apart\nDown to my core\nOooh, didn't know it before\nSurprised when you caught me off guard\nAll this damn jewelry I bought\nYou was my shorty, I thought\n\n[Bridge]\nIce keep pourin' and the drink keep flowin'\nTry to brush it off, but it keep on goin'\nCovered in scars and I can't help showin'\nWhippin' in the foreign and the tears keep rollin'\nIce keep droppin' and the drink keep flowin'\nTry to brush it off, but it keep on goin'\nAll these scars, can't help from showin'\nWhippin' in the foreign and the tears keep blowin', yeah\n\n[Chorus]\nOooh, I fall apart\nDown to my core\nOooh, I fall apart\nDown to my core\nOooh, didn't know it before\nSurprised when you caught me off guard\nAll this damn jewelry I bought\nYou was my shorty, I thought", "image": "https://images.genius.com/0ae927fba5115df36264c55411711d51.1000x1000x1.jpg"}], "artist": "Post Malone"}