{"songs": [{"title": "Don't Think Twice, It's All Right", "album": null, "year": "2013-10-06", "lyrics": "[Verse 1]\nWell, it ain't no use to sit and wonder why, babe\nIf'n you don't know by now\nWell, it ain't no use to sit and wonder why, babe\nIt'll never do somehow\nWhen your rooster crows at the break of dawn\nLook out your window and I\u2019ll be gone\nYou\u2019re the reason that I\u2019m traveling on\nBut, don\u2019t think twice, that\u2019s all right\n\n[Verse 2]\nWell, it ain't no use in turning off your light, babe\nThe one that I never knowed\nWell, it ain't no use in turning on your light, babe\nI\u2019m on the dark side of the road\nWell, I wish there was something you would do or say\nTo try and make me change my mind and stay\nWe never did too much talking anyway\nBut, don\u2019t think twice, that\u2019s all right\n\n[Verse 3]\nWell, it ain't no use in calling out my name, babe\nLike you've never done before\nWell, it ain't no use in calling out my name, babe\nI can\u2019t hear you anymore\nWell, I\u2019m thinking and wondering, walking down the road\nI once loved a woman, a child I\u2019m told\nI gave her my heart but she wanted my soul\nBut, don\u2019t think twice, that\u2019s all right\n\n[Verse 4]\nWell, so long, honey babe\nWhere I\u2019m bound, I cannot tell\nWell, goodbye's too good a word, babe\nSo, I\u2019ll just say fare thee well\nWell, I'm not saying that you treated me unkind\nYou could have done better but, hey, I don\u2019t mind\nYou just kind of wasted my precious time\nBut, don\u2019t think twice, that\u2019s all right\n\n[Outro]\nBut, don't think twice, that's all right\nWell, don't think twice, that's all right", "image": "https://images.genius.com/fc7e20f4fe2f7dd19a877bb5cb1677bc.937x937x1.jpg"}], "artist": "Post Malone"}