{"songs": [{"title": "Feeling Whitney", "album": "Stoney", "year": "2016-12-09", "lyrics": "[Intro]\nI've been looking for someone...\nOoh, ooh, ooh, ooh, ooh, ooh-ooh\nOoh, ooh, ooh, ooh, ooh, ooh-ooh\nOoh, ooh, ooh, ooh, ooh, ooh-ooh, ooh\n\n[Verse 1]\nAnd I've been looking for someone to put up with my bullshit\nI can't even leave my bedroom so I keep pouring\nAnd I ain't seen a light of day since, well, that's not important\nIt's been long\nAnd I was feeling Whitney, me and my homies sip the Houston\nCars and clothes, thought I was winning, you knew I was losing\nYou told me to wake up but my clock always stays on snooze\nAnd I'm done\n\n[Chorus]\nTo each their own and find peace in knowing\nAin't always broken, but here's to hoping\nShow no emotion, against your coding\nJust act as hard as you can\nYou don't need a friend\nBoy, you're the man\n\n[Bridge]\nOoh, ooh, ooh, ooh, ooh, ooh-ooh\nOoh, ooh, ooh, ooh, ooh, ooh-ooh\nOoh, ooh, ooh, ooh, ooh, ooh-ooh, ooh\n\n[Verse 2]\nAnd I've been looking for someone that I can buy my drugs from\nIt seems like every plug ran east to Utah, became Mormons\nDrought comes around, feels like I have no one to depend on\nSober, ugh\nI had 80 beers on Tuesday night, I had nothing to do then\nI put on a little Dwight and sang a happy tune\nAnd lit a cigarette, stepped out the door, had an appearance\nDrank more\n\n[Chorus]\nTo each their own and find peace in knowing\nAin't always broken, but here's to hoping\nShow no emotion, against your coding\nJust act as hard as you can\nYou don't need a friend\nBoy, you're the man\n\n[Outro]\nOoh, ooh, ooh, ooh, ooh, ooh-ooh\nOoh, ooh, ooh, ooh, ooh, ooh-ooh\nOoh, ooh, ooh, ooh, ooh, ooh-ooh, ooh", "image": "https://images.genius.com/26db11f9e863aba2cf2632a569ca356b.275x275x1.jpg"}], "artist": "Post Malone"}