{"songs": [{"title": "Cold", "album": "Stoney", "year": "2016-12-09", "lyrics": "[Intro]\nGood job, First\n\n[Chorus]\nYeah, my wrist so cold and my ice on froze\nAnd it's all for you\nYeah, my ice so cold and my wrist on froze\nYeah it's all for you\nYeah, my wrist so cold and my ice on froze\nYeah, I'd die for you\nYeah, my ice so cold and my wrist on froze\nYeah, I'd die for you, oh\n\n[Post-Chorus]\nOh, oh, oh, yeah, yeah\nOh, yeah, yeah, yeah\n\n[Verse 1]\nYeah, stuntin', it's satisfyin' but it don't bring you closure\nDiamonds my state of mind, I'm drownin' in the ocean\nJust stay right where you are and don't come any closer\nI'm just gon' handle mine and just maintain composure\nPeople, they say learn from mistakes, yeah\nYou keep your space, yeah, but all this pain, yeah\nYou say you go away, yeah, stay in my lane though\nYou hurt so bad when you went away, yeah\nI needed you, needed you\nSo what the fuck do I do?\nI needed you, needed you\nSo what the fuck do I do? Yeah\n\n[Bridge]\nOh my God, oh my God\nA lot of bullshit on my mind\nOh my God, oh my God\nI think about you all the time\nOh my God, oh my God\nAnd I don't care 'bout no money\nLeave a knot up in my throat\nNow I'm counting on my own\n\n[Chorus]\nYeah, my wrist so cold and my ice on froze\nAnd it's all for you\nYeah, my ice so cold and my wrist so froze\nYeah it's all for you\nYeah, my wrist so cold and my ice on froze\nYeah, I'd die for you\nYeah, my ice so cold and my wrist on froze\nYeah, I'd die for you\n\n[Verse 2]\nMy jewelry on, like an ice cube\nAnd all I wanna do is just ignite you\nThis Saint Laurent, mama, you look nice too\nCan't hold my tongue, don't got the heart to\nRemember when I fell in love?\nI just came up alone\nRemember aim three, my fault\nTold that bad bitch get on my VLONE\nHey, don't have much to do, yeah\nEverything is ruined\nAyy, ain't no secret to it\nThrown the check like a Nike, I just do it\n\n[Bridge]\nOh my God, oh my God\nA lot of bullshit on my mind\nOh my God, oh my God\nI think about you all the time\nOh my God, oh my God\nAnd I don't care 'bout no money\nLeave a knot up in my throat\nNow I'm counting on my own\n\n[Chorus]\nYeah, my wrist so cold and my ice on froze\nAnd it's all for you\nYeah, my ice so cold and my wrist so froze\nYeah it's all for you\n\n[Post-Chorus]\nOh, oh, oh, yeah, yeah\nOh, yeah, yeah, yeah\nI ain't runnin', runnin'\nOh, oh, oh, yeah, yeah\nOh, yeah, yeah, yeah", "image": "https://images.genius.com/0ae927fba5115df36264c55411711d51.1000x1000x1.jpg"}], "artist": "Post Malone"}