{"songs": [{"title": "Too Young", "album": "Stoney", "year": "2015-04-23", "lyrics": "[Intro]\nI don't wanna die too young (Uh)\nYuh, too young (Uh, uh-uh)\nYuh, too young\n\n[Chorus]\nI don't wanna die too young (Too young)\nToo young (Too young)\nToo young (Too young, uh)\nCountin' bands, hallelujah ('lujah)\n'Lujah ('lujah)\n'Lujah, yuh ('lujah, uh)\nI don't wanna die too young (Too young)\nToo young (Too young)\nToo young, uh (Too young, uh-uh)\nI've been grindin' way too long (Too long)\nToo long (Too long)\nToo long, uh (Yeah, ayy)\n\n[Verse 1]\nCame up, don't know (I don't...)\nI just keep goin' with the flow (Flow)\nI just wanna go and cop me somethin'\nI hit Fairfax, go shoppin' though (Ayy)\nShe just wanna hit that bathingroom (Oh)\nHold that guap like a register\nKeep on winnin', need that guapa though\nLike I'm cash out, eat at Pappadeaux\nFlowin' on to the Galapagos, runnin' and grab the dough\nMan, this shit never minimal, feel like an animal\nYeah, bitch, I tryna keep me cool (Tryna, tryna)\n'Cause I ain't never goin', never goin' back, uh (Tryna never)\nYeah, I don't wanna die too young (Too young)\nI don't wanna die too young (Too young)\nWhen I get that cash, it's hallelujah, ayy, hallelujah\nAyy, hallelujah, ayy (Ayy, ayy)\nHallelujah, ayy (Ayy, ayy, hallelujah)\n\n[Chorus]\nI don't wanna die too young (No, ain't no)\nToo young (Too young)\nToo young (Too young)\nCountin' bands, hallelujah ('lujah, 'lujah)\n'Lujah ('lujah, 'lujah)\n'Lujah, yuh\nI don't wanna die too young (Too young)\nToo young (Yuh)\nToo young, uh\nI've been grindin' way too long\nToo long (Way too long)\nToo long, uh\n\n[Verse 2]\nAyy, whip fast, my bitch bad, I skrrt, skrrt, that coupe fast\nMy coupe fast, yo' bitch know (Skrrt, skrrt)\nMy bitch slow, she do what I say so\nAnd she always keep me on my toes\nPoppin' that woe, man, I be gone, ayy (Whoa)\nJust watch me go, bitches, they watchin' me go (Whoa)\nWalkin' around, ayy, I pick that band up\nAnd then I go drop that shit off (Oh)\nPull up in a Porsche, shit poppin' off\nPop that shit off, I got that bitch off\nI tell her to knock that shit off and I got my nut off\nAnd she washed my nuts off, ayy\nYeah, I want that shit (Okay)\nI got that shit, pop that shit, got rich quick, suck my- (Ooh)\nYou know it make me god damn numb (Ayy, yeah)\nWhen I see 'em die, so goddamn young\n\n[Chorus]\nI don't wanna die too young (I'm too young)\nToo young (Too young)\nToo young (Too young)\nCountin' bands, hallelujah (Too young, goddamn)\n'Lujah (Goddamn)\n'Lujah, yuh (Yeah)\nI don't wanna die too young (No way)\nToo young (Too young)\nToo young, uh (Too young)\nI've been grindin' way too long (Too long)\nToo long (Too long)\nToo long, uh (Too long)\n\n[Outro]\nI don't wanna die too young, too young, too young\nCountin' bands, hallelujah, 'lujah, 'lujah, yuh\nI don't wanna die too young, too young, too young, uh", "image": "https://images.rapgenius.com/b9b7ea217c462cbd12acfc89ebc797f1.500x500x1.jpg"}], "artist": "Post Malone"}