{"songs": [{"title": "Spoil My Night", "album": "\u200bbeerbongs & bentleys", "year": "2018-04-27", "lyrics": "[Chorus: Post Malone & Swae Lee]\nI don't have much to say, I'll be out front\nWon't you come spoil my night?\nFeelin's come into play and I'm thinkin' this happens every time\nSpoil my night, spoil my night\nSpoil my night (My night)\nSpoil my night, spoil my night\n\n[Verse 1: Swae Lee]\nMy necklace has a natural glow\nShe dancin' in the strobe\nLet's fuckin' spoil my night (Spoil my night)\nSpent so much cash, I lost her\nMy cup was too toxic\nI took the robe off (Yeah)\nI couldn't get her off me\nDropped plenty money on her thighs\nThere's plenty room in my ride\nI've never been like a small fry\nShe took me in, that's on my life\n\n[Chorus: Swae Lee & Post Malone]\nSpoil my night, spoil my night\nSpoil my night (My night)\nSpoil my night, spoil my night\nI don't have much to say, I'll be out front\nWon't you come spoil my night? (Spoil my night)\nFeelin's come into play and I'm thinkin' this happens every time\n\n[Verse 2: Post Malone]\nYeah, when I walk up in a party, they all act like they know me\nThen I spotted lil' mama through the wall of jabronis (Ooh)\nPoint her out so I can bag her if they just bring her to me (bring her to me)\nI ain't even see the face, but she got beautiful boobies (Wow)\nAnd she see those diamonds in my teeth (In my teeth)\nI see her smilin' back at me (Back at me)\nI think she rock with me like Jumanji (Jumanji)\nIt's about time, Postmate Plan B\nNow she whippin' out her phone and I know (And I know)\nDamn, how many videos you gon' post?\nEverybody on the 'Gram gonna know\nMy girl at home now my line about to blow (Yeah)\nI know what I'm doin' ain't right\nBut ain't no need to spoil my night, no need, no need\n\n[Chorus: Swae Lee & Post Malone]\nSpoil my night, spoil my night\nSpoil my night (My night)\nSpoil my night, spoil my night\nI don't have much to say, I'll be out front\nWon't you come spoil my night? (Spoil my night)\nFeelin's come into play and I'm thinkin' this happens every time (Yeah)\n\n[Outro: Swae Lee]\nSpoil my night, spoil my night\nSpoil my night, spoil my night\nSpoil my night, spoil my night", "image": "https://images.genius.com/5f219498aca9f4c88e221a3b63d0a773.1000x1000x1.jpg"}], "artist": "Post Malone"}