{"songs": [{"title": "Leave", "album": "Stoney", "year": "2016-12-01", "lyrics": "[Verse 1]\nShe said, \"Love me\" so I love her\nShe said, \"Leave me\" so I left\nThen I went to California\nAnd I ain't never comin' back\nI got a high five from a brother\nI got bloodstains on the bed\nAnd I ain't sayin' that I love her\nBut this bitch is gonna drive me mad\nI said this bitch is gonna drive me mad (Ah-ah-ah-ah-ah-ah)\n\n[Chorus]\nYou got just what I been looking for\nBut you can't bring yourself to say no\nAnd I ain't never gonna let you go\nI kept wishing I would die, oh\nThe whole plane ride home\nAnd I wish I could\nI know I should leave you alone\n\n[Verse 2]\nI worship since I met you\nI fell down to my knees\nAnd when no one would accept ya\nThrow myself up on a cross and bleed\nI seen a dark cloud coming over\nI seen some evil shit in her head\nBut she rode me like no other\nBut this bitch is gonna drive me mad\nI said this bitch is gonna drive me mad (Ah-ah-ah-ah-ah-ah)\n\n[Chorus]\nYou got just what I been looking for\nBut you can't bring yourself to say no\nAnd I ain't never gonna let you go\nI kept wishing I would die, oh\nThe whole plane ride home\nAnd I wish I could\nI know I should leave you alone\nYou got just what I been looking for\nBut you can't bring yourself to say no\nAnd I ain't never gonna let you go\nI kept wishing I would die, oh\nThe whole plane ride home\nAnd I wish I could\nI know I should leave you alone", "image": "https://images.genius.com/26db11f9e863aba2cf2632a569ca356b.275x275x1.jpg"}], "artist": "Post Malone"}