{"songs": [{"title": "Spaceships on Sunsets", "album": null, "year": null, "lyrics": "[Intro: Post Malone]\nI\u2019m starting to see spaceships on sunset\nAw, yeah\nOoh, ooh-ooh, ooh, yeah, yeah\nUh\nGood job, First\nYeah\n\n[Pre-Chorus: Post Malone]\nPlaytime\u2019s over when the man comes around (comes around)\nShake that ass an' pick them ones off the ground (off the ground)\nEighteen carats when I open my mouth (my mouth)\nThey wanna fuck, I told 'em, \"Jump on right now\" (right now)\nAyy, when you see me, know I do not play (no play, no play that)\nI keep some foreigns outside where I stay (skrrt, skrrt)\nA couple million, got that call today (I got that call, brrr)\nAn' we in Houston, had to fuck with Trae\n\n[Chorus: Post Malone]\nI\u2019m startin' to see spaceships on sunset\n(I wanna see them spaceships on sunset)\nSaid I\u2019m startin' to see spaceships on sunset\n(Am I geeking, what the fuck is this?)\nHey, ahh, ohh\n\n[Verse 1: Post Malone]\nHunnid bands, make that thing turn around (turn around)\nBoy, I'm geeked, I feel like Fable right now (right now)\nI'm sippin' syrup, feel like Trae did right now (right now)\nIt's going down, it feel like Mayday right now, ayy (right now)\nMoney go up an' then it fall to the ground (it fall down)\nBallin' so hard, one-hunnid jumpers right now (swish)\nTalk on the internet, say some shit right now (don't say that shit)\nI crack that Act', then pour it all in my mouth (whoa)\nI'm geeked up out my mind, I'm geeked up all the time (the time)\nThe type of motherfucker pay crazy shit for a line (a line)\nI'm geeked up out my mind (my mind)\nShe geeked up off that white (that white)\nJus' like these L.A. nights, swear it's the same shit every time (every time)\n\n[Pre-Chorus: Post Malone]\nPlaytime\u2019s over when the man comes around (comes around)\nShake that ass an' pick them ones off the ground (off the ground)\nEighteen carats when I open my mouth (my mouth)\nThey wanna fuck, I told 'em, \"Jump on right now\" (right now)\nAyy, when you see me, know I do not play (no play, no play that)\nI keep some foreigns outside where I stay (skrrt, skrrt)\nA couple million, got that call today (I got that call, brrr)\nAn' we in Houston, had to fuck with Trae\n\n[Chorus: Post Malone & Trae tha Truth]\nI\u2019m startin' to see spaceships on sunset\n(Said I'm startin', said I'm startin' seeing')\nSaid I\u2019m startin' to see spaceships on sunset\n(Oh fuck, goddamn, I'm geeked up, yeah)\nHey, ahh, ohh, see?\n\n[Verse 2: Trae tha Truth & Post Malone]\nThis woman next to me is foreign, in her birthday suit\nI'm talkin' clothes is missin'\nI don't mind it, I'd just like to sit and view it\nLet me sit with you and help you catch a vision\nHuman submarine, I send her lower (lower)\nIn the city where they say it slower (slower)\nDiamonds messin' up my neck and shoulders (shoulders)\nGot me arctic, feelin' like a polar (polar)\nTold her trunk do stand up like a tower\nFor the ones who tipped they final hour\nDouble cup and sippin' on that Houston power\nYeah, I keep a rocket like my name was Howard\nI am not alone, I got the city with me\nKing off in these streets, no way you can forgive me\nI got money comin' faster than the wiki\nIt'll be that way 'til someone come and get me\nOohhh\n\n[Pre-Chorus: Post Malone]\nPlaytime\u2019s over when the man comes around (comes around)\nShake that ass an' pick them ones off the ground (off the ground)\nEighteen carats when I open my mouth (my mouth)\nThey wanna fuck, I told 'em, \"Jump on right now\" (right now)\nAyy, when you see me, know I do not play (no play, not play that)\nI keep some foreigns outside where I stay (skrrt, skrrt)\nA couple million, got that call today (I got that call, brrr)\nAn' we in Houston, had to fuck with Trae\n\n[Chorus: Post Malone]\n(Oh fuck, goddamn, I'm geeked up, yeah)\nI\u2019m startin' to see spaceships on sunset\n(Oh fuck, goddamn, I'm geeked up, yeah)\n(Oh fuck, goddamn, I'm geeked up, yeah)\nSaid I\u2019m startin' to see spaceships on sunset\n(Oh fuck, goddamn, I'm geeked up, yeah)\nHey, ahh, ohh\n\n[Outro: Post Malone]\n(Oh fuck, goddamn, I'm geeked up, yeah)\n(Holy fuck, goddamn, I'm geeked up, yeah)\n(Holy fuck, goddamn, I'm geeked up, yeah)\n(Holy fuck, goddamn, I'm geeked up, yeah)\n(Holy fuck, goddamn, I'm geeked up, yeah)\n(Oh my god, goddamn, I'm geeked up, yeah)", "image": "https://images.genius.com/fc7e20f4fe2f7dd19a877bb5cb1677bc.937x937x1.jpg"}], "artist": "Post Malone"}