{"songs": [{"title": "Hit This Hard", "album": "Stoney", "year": "2016-12-09", "lyrics": "[Intro]\n(Ooh, ooh)\n(Ooh, yeah, yeah)\n(Ooh, yeah, yeah)\nI never thought that it would hit this hard\n(Ooh, yeah, yeah)\n(Ooh, yeah, yeah)\nI never thought that it would hit this hard\n\n[Verse 1]\nDon't do that, I tell you so\nDon't overdose, like no, no, no\nOh my God, what have you become?\nThe traces of you, no, I can't see them\nWhat have you become? What have you turned to?\nWhat have you taken? Like someone hurt you\nYou drink that mixture, that shit gon' hit you\nNo, I can't fix you, no, no\n\n[Pre-Chorus]\nOooh, yeah\nI ran through, yeah\nI feel a change in the air tonight\nI saw myself in a different light\n(Ooh, yeah, yeah)\n(Ooh, yeah, yeah)\nI never thought that it would hit this hard\n(Ooh, yeah, yeah)\n(Ooh, yeah, yeah)\nI never thought that it would hit this hard\n\n[Chorus]\nI just keep running and running and running around\nI never thought that it would hit this hard\nThe feeling is different instead when you wake on the ground\nI never thought that it would hit this hard\nI don't know who I was in and I don't know anymore\nI never thought that it would hit this hard\nIn the city, we sinning, we don\u2019t ever want to come down\nI never thought that it would hit this hard\n\n[Verse 2]\nMe and J take over and we way up\nNow high above the city of angels\nSmoke a boge in the sky, pass the fuego\nI already dropped something in the Faygo\nOnly came to the club 'cause they paid us\nTake this shit and lemme see what you made of\nNo sleep, little mama, we gon' stay up\nVampires on a night in Las Vegas\n\n[Pre-Chorus]\nOooh, yeah\nI ran through, yeah\nI feel a change in the air tonight\nI saw myself in a different light\n(Ooh, yeah, yeah)\n(Ooh, yeah, yeah)\nI never thought that it would hit this hard\n(Ooh, yeah, yeah)\n(Ooh, yeah, yeah)\nI never thought that it would hit this hard\n\n[Chorus]\nI just keep running and running and running around\nI never thought that it would hit this hard\nThe feeling is different instead when you wake on the ground\nI never thought that it would hit this hard\nI don't know who I was in and I don't know anymore\nI never thought that it would hit this hard\nIn the city, we sinning, we don\u2019t ever want to come down\nI never thought that it would hit this hard\nI just keep running and running and running around\nI never thought that it would hit this hard\nThe feeling is different instead when you wake on the ground\nI never thought that it would hit this hard\nI don't know who I was in and I don't know anymore\nI never thought that it would hit this hard\nIn the city, we sinning, we don\u2019t ever want to come down\nI never thought that it would hit this hard", "image": "https://images.genius.com/0ae927fba5115df36264c55411711d51.1000x1000x1.jpg"}], "artist": "Post Malone"}