{"songs": [{"title": "Big Lie (Demo)", "album": null, "year": null, "lyrics": "[Intro: Post Malone]\nI know, I know\nI know, I know\nMustard on that beat, ho\n\n[Verse 1: Post Malone]\nRun it up, run it up\nCount it up, count it up\n'95 in my cup\nNicotine in my blood\nGo, run it, run it\nCount it, count it\nGo, show me something, ayy, ayy\nGo, talkin' that shit\nKeep on barkin' lil' bitch\nBitches tryna get lit, ayy\nRos\u00e9 poppin' with the Balmain on me\nAnd I keep on callin'\nAnd they know that I don't answer my cell\nNo, I don't know your momma\nI got so much commas\nGirl, you know I'm only into myself\n\n[Pre-Chorus: Post Malone]\nSay you flexin', that's a big lie\nWhen I pull up, give this bitch my life\nAnd you know that I'ma get mine, yeah, yeah\n\n[Chorus: Post Malone]\nSay you flexin', that's a big lie\nWhen I pull up, give this bitch live\nAnd you know that I'ma get mine, yeah, yeah\nSay you flexin', that's a big lie\nSay you got that shit you don't got\nHeard you say that shit a hundred times, yeah, yeah\n\n[Post-Chorus: Post Malone]\nSay you flexin', that's a big lie\nSay you flexin', that's a big lie\nSay you flexin', that's a big lie\nSay you flexin', that's a big lie\n\n[Verse 2: Ty Dolla $ign]\nRun it up, run it up\nGot my drank in my cup\nKiss some Louis in the rock\nBreakin' bread with my dog\nGon' pipe up, pipe up\nLight up, light up, get higher, higher\nGonna run up that bag\nI'm gon' run up that Gucci, gon' run up that raft, yeah\n\n[Pre-Chorus: Ty Dolla $ign]\nDolla bumpin' with the Saint Laurent on me\nAnd they keep on callin' and they know that I don't answer my cell\nBig boy flexin', big bands on the 'Gram\nBut I only spend it all on myself\n\n[Chorus: Post Malone]\nSay you flexin', that's a big lie\nWhen I pull up, give this bitch live\nAnd you know that I'ma get mine, yeah, yeah\nSay you flexin', that's a big lie\nSay you got that shit you don't got\nHeard you say that shit a hundred times, yeah, yeah\n\n[Bridge: Post Malone]\nAnd I know who we are, yeah\nAnd I know that we ballin'\nWhen you wanna get this money\nI don't want your bitch, just know it\n\n[Pre-Chorus: Post Malone]\nSay you flexin', that's a big lie\nWhen I pull up, give this bitch my life\nAnd you know that I'ma get mine, yeah, yeah\n\n[Chorus: Post Malone]\nSay you flexin', that's a big lie\nWhen I pull up, give this bitch live\nAnd you know that I'ma get mine, yeah, yeah\nSay you flexin', that's a big lie\nSay you got that shit you don't got\nHeard you say that shit a hundred times, yeah, yeah\n\n[Bridge: Post Malone]\nAnd I know who we are, yeah\nAnd I know that we ballin'\nWhen you wanna get this money\nI don't want your bitch, just know it\n\n[Outro: Post Malone]\nI know, I know\nI know, I know\nI know, I know\nI know, I know", "image": "https://images.genius.com/fc7e20f4fe2f7dd19a877bb5cb1677bc.937x937x1.jpg"}], "artist": "Post Malone"}