{"songs": [{"title": "Rich & Sad", "album": "\u200bbeerbongs & bentleys", "year": "2018-04-27", "lyrics": "[Verse 1]\nHunnid thousand for the chain and now my drop (Drop, drop)\nWhen I pull out the garage, I chop my top (Top, top)\nJust like a fiend, when I start I cannot stop (Whoa)\nI got, I got hella guap, look at me now (At me now)\nOoh, covered in carats, ooh, mahogany cabinets\nOoh, I ball like the Mavericks, ooh, stable and stallions\nOoh, massive medallions, ooh, I finally had it\nOoh, but then you just vanished, damn, I thought I was savage\n\n[Pre-Chorus]\nAll this stuntin' couldn't satisfy my soul (-oul)\nGot a hundred big places, but I'm still alone (\u2013one)\n\n[Chorus]\nAyy, I would throw it all away\nI just keep on wishin' that the money made you stay\nYou ain't never cared about that bullshit anyway\nI just keep on wishin' that the money made you stay, ayy\nYou know I would throw it all away\nI just keep on wishin' that the money made you stay\nPrice went up, my price went up, we went our separate ways\nI just keep on wishin' that the money made you stay, ayy, ayy\n\n[Verse 2]\nBuy me love, tried to buy me love\nNow I'm alone, Ice Box, Omarion (Ooh)\nPlenty sluts grabbin' on my nuts (Whoa)\nMight have fucked, it was only lust (trust)\nI was livin' life, how could I have known? (Could have known)\nCouldn't listen to advice 'cause I'm never wrong (Oh)\nIn the spotlight, but I'm on my own (Oh)\nNow that you're gone (now that you're gone)\n\n[Pre-Chorus]\nAll this stuntin' couldn't satisfy my soul (-oul)\nGot a hundred big places, but I'm still alone (\u2013one)\n\n[Chorus]\nAyy, I would throw it all away\nI just keep on wishin' that the money made you stay\nYou ain't never cared about that bullshit anyway\nI just keep on wishin' that the money made you stay, ayy\nYou know I would throw it all away\nI just keep on wishin' that the money made you stay\nPrice went up, my price went up, we went our separate ways\nI just keep on wishin' that the money made you stay, ayy, ayy\n\n[Bridge]\nI don't even wanna go home\nIn a big house all alone (Alone)\nI don't even wanna go home (No, no, no)\nBut I'ma try to call you on the phone\nBrrt\n\n[Chorus]\nI would throw it all away\nI just keep on wishin' that the money made you stay\nYou ain't never cared about that bullshit anyway\nI just keep on wishin' that the money made you stay (Made you stay), ayy\nYou know I would throw it all away\nI just keep on wishin' that the money made you stay (Made you stay)\nPrice went up, my price went up, we went our separate ways (Separate ways)\nI just keep on wishin' that the money made you stay (Made you stay) ayy, ayy", "image": "https://images.genius.com/5f219498aca9f4c88e221a3b63d0a773.1000x1000x1.jpg"}], "artist": "Post Malone"}