{"songs": [{"title": "Kurt Cobain*", "album": null, "year": null, "lyrics": "Full lyrics will be made available should the song ever surface\n\n[Chorus: Post Malone]\n...\nWe got love on the brain, drugs in the van\nAnd I feel like I can fly\n\n[Verse 1: Rich The Kid]\nRich!\nBoyfriends I can't be 'em, bitch, I'm on a pill\n...\n\n[Chorus: Post Malone]\n...\nWe got love on the brain, drugs in the van\nAnd I feel like I can fly\n\n[Verse 2: Rich The Kid]\nRich!\nShe an all-trapper jumper, she can't see my mud", "image": "https://images.genius.com/fc7e20f4fe2f7dd19a877bb5cb1677bc.937x937x1.jpg"}], "artist": "Post Malone"}