{"songs": [{"title": "Magic", "album": null, "year": "2015-09-30", "lyrics": "[Chorus]\nPulled a bitch out the hat, yeah that's... magic\nAnd I got a lotta bitches at my... mansion\nMolly, stogies, gas, and some... matches\nGot your wifey on my lap like Outkast, tragic\nMagic\nMagic, Alakazam\nMagic\nMagic, well I, Alakazam\n\n[Verse]\n32 ounces on me like I'm Magic, ahh\nMagic Johnson 3, I ain't playin' basketball\nAnd we got some molly, magic potion, alcohol\nI'm with Aphrodite, drinkin' nectar of the gods\nWakin' up to some Swishers and some liquor\nFuck 'em or fuck her, whatever get me faded quicker\nShe grind on my zipper 'cause I'm a big tipper\nShe stay in L.A. like she play for the Clippers\nYou see what we whippin', whole crew is shittin' on mothafuckas\nCan't stand the heat, then get the fuck out the kitchen\nI got that Houdini, disappear her bikini\nShe rub on my lamp, damn I feel like a genie\nOn my magic carpet, I'm poppin' a wheelie\nSo fresh, you can't see me, I do this routinely\nI don't do no freebies, you feel me?\nI need me a couple bands\nThey appear in my fuckin' hands\n\n[Chorus]\nPulled a bitch out the hat, yeah that's... magic\nAnd I got a lotta bitches at my... mansion\nMolly, stogies, gas, and some... matches\nGot your wifey on my lap like Outkast, tragic\nStony, magic\nMagic, Alakazam\nMagic\nMagic, well I, Alakazam", "image": "https://images.genius.com/fc7e20f4fe2f7dd19a877bb5cb1677bc.937x937x1.jpg"}], "artist": "Post Malone"}