{"songs": [{"title": "Money Made Me Do It", "album": "August 26th", "year": "2016-05-12", "lyrics": "[Intro]\nGood job, First\nWoah, skrrt, skrrt\n\n[Chorus: Post Malone & 2 Chainz]\nDiamonds in my chain gold (Okay)\nEvery 20 minutes, change clothes (Change up)\nI had a mil before the label (That money)\nJust as long as they know, money made me do it (They know)\nI said rest in peace to Bankroll (Free) (God bless you)\nYou in a better place, dog (God bless you)\nYou won't ever see me lay low (They know it)\nStart the engine, watch me take off, money made me do it (Skrrt, skrrt)\nI said, yeah, I said money made me do it (Money, money, money, money, money)\nI said, yeah, I said money made me do it (Money, money, money, money, money)\nWatch me, yeah, I said money made me do it (Money, money)\nI said, yeah, I said money made me do it\n\n[Verse 1: Post Malone]\nTake a ride when we wake up\nHit the gas, melt your face off (Your face)\nSpend the day counting cake up\nWith a dime who think I changed up (I changed up)\nI took the Lincoln down Rodeo (Skrrt, skrrt)\nRan through it like some Drano (Ooh, ooh)\nLot of bags, can't complain though (No, no)\nWe was shopping until they closed\nWhy did I do that? Did I do that? Ooh, yeah (Uh)\nNew whip, now I can't pay my rent, ooh no, ooh yeah\n\n[Chorus: Post Malone & 2 Chainz]\nDiamonds in my chain gold (Okay)\nEvery 20 minutes, change clothes (Change up)\nI had a mil before the label (That money)\nJust as long as they know, money made me do it (They know)\nI said rest in peace to Bankroll (Free) (God bless you)\nYou in a better place, dog (God bless you)\nYou won't ever see me lay low (They know it)\nStart the engine, watch me take off, money made me do it (Skrrt, skrrt)\nI said, yeah, I said money made me do it (Money, money, money, money, money)\nI said, yeah, I said money made me do it (Money, money, money, money, money)\nWatch me, yeah, I said money made me do it (Money, money)\nI said, yeah, I said money made me do it\n\n[Verse 2: 2 Chainz]\n(Yeah, 2 Chainz)\nGot a bandana 'round my neck\nLike Bankroll Fresh (Free)\nPocket full of street money (Street)\n'Bout to count my blessing (Street)\nOne hundred, one thousand\n100K, one million (Uh)\nWe smoke, we laugh, we rap\nWe talked about a vision (Switch it up, haha)\nI got diamonds like a rainbow, every time I change clothes\nShawty fucked my friend but I act like I ain't know\nI'ma buy a raincoat, the storm might approach you\nClown like your daddy met your mom at a circus\nI do it on purpose, do it for the neighborhood\nSmoking on that Meagan Good, with my niggas when I do it\nGot that leather and that wood, I got the marble on the floor\nGot the burglar bars on the door at the bando\n\n[Chorus: Post Malone & 2 Chainz]\nDiamonds in my chain gold (Okay)\nEvery 20 minutes, change clothes (Change up)\nI had a mil before the label (That money)\nJust as long as they know, money made me do it (They know)\nI said rest in peace to Bankroll (Free) (God bless you)\nYou in a better place, dog (God bless you)\nYou won't ever see me lay low (They know it)\nStart the engine, watch me take off, money made me do it (Skrrt, skrrt)\nI said, yeah, I said money made me do it (Money, money, money, money, money)\nI said, yeah, I said money made me do it (Money, money, money, money, money)\nWatch me, yeah, I said money made me do it (Money, money)\nI said, yeah, I said money made me do it", "image": "https://images.genius.com/37e0e8a3e309f8fbd738305d323a60b4.1000x1000x1.jpg"}], "artist": "Post Malone"}