{"songs": [{"title": "God Damn", "album": "August 26th", "year": "2016-05-12", "lyrics": "[Intro: Post Malone]\nGod damn, god damn\nYeah, ooh, god damn\nYeah, god damn\nGod damn\n(Good job, First)\n\n[Chorus: Post Malone]\nGod damn\nWhere the hell you get that from?\nSaucin' on them hoes 'cause that ass so dumb\nEveryone here wanna hit that yum\nYeah, yeah, god damn\nWhere the hell you get that from?\nSaucin' on them hoes 'cause my ice so dumb\nEveryone know 'bout my bread, got some\nYeah, yeah, god damn\n\n[Verse 1: Post Malone]\nBustin' out the, hoo hey (Woah)\nI just keep on blastin' out the pussy and\nGod damn, bustin' out the, hoo hey, uh\nI just fucked my bitch, rockin' St\u00fcssy, yeah\nOoh, drop a modicum of sauce\nShe really ain't shit, bitch, I dropped it all off\nHit the strip club and blow it all off top\n'Cause I will never love a damn ho in my life\n\n[Chorus: Post Malone]\nGod damn\nWhere the hell you get that from?\nSaucin' on them hoes 'cause that ass so dumb\nEveryone here wanna hit that yum\nYeah, yeah, god damn\nWhere the hell you get that from?\nSaucin' on them hoes 'cause my ice so dumb\nEveryone know 'bout my bread, got some\nYeah, yeah, god damn\n\n[Verse 2: 1st]\n(Ayy, it's 1st, haha\nYou know what I do, hold up)\nOkay, I pulled up, dropped the top\nEverybody looking, wonder who I am (Who?)\nShe get out, ass big\nEverybody looking like, \"God damn\"\nAnd she say she want a nigga who\nCan handle everything with other men (That's me)\nThen she topped me off and turned around\nSaid, \"Take it daddy,\" so I went Super Saiyan (Huh)\nFlavor last forever, any bitches know you weak (Lame)\nI'm so in love with making money that I can't sleep\nExcuse me, sir, can I have my sauce back? (Please)\nTryna run off with my sauce, you need to bring it back\n\n[Chorus: Post Malone]\nGod damn\nWhere the hell you get that from?\nSaucin' on them hoes 'cause that ass so dumb\nEveryone here wanna hit that yum\nYeah, yeah, god damn\nWhere the hell you get that from?\nSaucin' on them hoes 'cause my ice so dumb\nEveryone know 'bout my bread, got some\nYeah, yeah, god", "image": "https://images.genius.com/600d436a748f1affd6af5c9a659d54fc.375x375x1.jpg"}], "artist": "Post Malone"}