{"songs": [{"title": "Fuck", "album": "August 26th", "year": "2016-05-12", "lyrics": "[Intro]\nI just wanna fuck-fuck-fuck\nI just wanna fuck-fuck-fuck\nI just wanna fuck-fuck-fuck\nI just wanna fuck\n\n[Chorus: Jeremih & Post Malone]\nI ain't here for no conversation\nI ain't really tryna talk (Yeah) (I just wanna fuck)\nCan a nigga be honest, baby? (Baby) (I just wanna fuck)\nI just came here to fuck (Really?)\nShawty, take off them heels and your shirt (I just wanna fuck)\nAnd that skirt and them panties right now (I just wanna fuck)\nBaby, step into my room, show me love\nAnd get served like tennis right now\nIf you wanna come and get served right now\nThen you know it's goddamn guaranteed to go down\n\n[Verse 1: Post Malone]\nI'm going down, you're going down\nIt's going down for sure\nBaby girl, sit down right now\nGive you five seconds, one, two, three, four\nI'ma turn your ass around, right now\nNow you're screaming, \"Good Lord\"\nGot you smoking on the loud, knock you down\nFuck you like you never been before\nI could fuck you all the time\nGirl, I'm glad you mine\n\n[Chorus: Jeremih & Post Malone]\nI ain't here for no conversation\nI ain't really tryna talk (Yeah) (I just wanna fuck)\nCan a nigga be honest, baby? (Baby) (I just wanna fuck)\nI just came here to fuck (Really?)\nShawty, take off them heels and your shirt (I just wanna fuck)\nAnd that skirt and them panties right now (I just wanna fuck)\nBaby, step into my room, show me love\nAnd get served like tennis right now\nIf you wanna come and get served right now\nThen you know it's goddamn guaranteed to go down\n\n[Verse 2: Post Malone]\nGo down, hell yeah, I'ma say it\nGo and show me what you working with\nGive a fuck about the man that you rolling with\nThink it's 'bout damn time that you done with him\nHow you get so bad? We all wonderin'\nLil mama look hotter than the summer is\nI ain't gon' tell you lies like the other did\nBaby girl, I'ma keep it one hundred\nGet me on, I'ma, I'ma call you later\nAnd these Saint Laurent's looking alligator\nAnd maybe that's why she want an elevator\nElevate your life, elevate your life and\nGirl, you know I wouldn't wanna wife ya\nGirl, I wouldn't wanna make you spiteful\nGirl, I wouldn't wanna mix your life up\nMix your life up, oh\n\n[Bridge: Jeremih]\nYeah, I was tryna get her to my bed (To my bed)\nBut we ain't make it out the kitchen (Yeah, oh, yeah) (I just wanna fuck)\nI was cooking and I burned the bacon (Damn) (I just wanna fuck)\nPussy got a nigga slippin' (Yeah)\nGot your boy going deep: breaststroke, backstroke (I just wanna fuck)\nGirl, I'm swimming right now (I just wanna fuck)\nGot her singing like me, when she moan\nLet's make a song, 'cause we're jamming right now\n\n[Outro: Post Malone]\nI could fuck you all the time\nGirl, I'm glad you mine, oh", "image": "https://images.genius.com/600d436a748f1affd6af5c9a659d54fc.375x375x1.jpg"}], "artist": "Post Malone"}