{"songs": [{"title": "Santa Fe", "album": null, "year": "2015-12-08", "lyrics": "[Verse]\nI see shit in the L.A. sky\nL.A. nights getting too damn high\nCodeine in my blood, mud in my Sprite\nNicotine in the bud and the L.A. lights\nFuck all that shit about your human rights\nI'ma make it real clear, shit black and white\nI don't wanna see your face in my line of sight\nOh boy, try stuntin' on me? It don't happen\nCouple Benji's stashed in that mattress\nTold her back it up, she ass-backwards\nTold her I'ma bring her back to my address\nTold her she can have a sip of my Activ'\nShe gon' smoke on weed and then she gon' ash it\nTold her girl, don't be gettin' distracted\nBoy I pull up-up with your whore\nThat voodoo good so I roll it\nThirteen blunts, boy I smoke it\nThirteen life, boy I know it\nThrow four in it when I'm feelin' Whitney\nAll this drinking is killing my kidneys\nAll this sip I'm sippin' gon' kill me\nAnd motherfuckers walkin' if they ain't ridin' with me\nTeeth shine in my mouth\nBad bitches all on my couch\nYou know it's foreign when I back out\nHit 'em with the woo-wap, she black out\nBoy, I done drank so much I passed out\nHoes fall asleep and all they ass out\nBoy, I done drank so much I passed out\nWoke up in the spot, I'ma cash out\n\n[Outro]\nI see shit in the L.A. sky\nI see shit in the L.A. sky\nI see shit in the L.A. sky\nI see shit in the L.A. sky\nNo-op\nWhat that work, with chain got in my chain, ridin' round\nGot all day, and all things the same\nOnly this life is my cash to fame\nSanta Fe\nSanta Fe\nSanta Fe\n(Stoney Maloney)\nSanta Fe\nSanta Fe", "image": "https://images.genius.com/fc7e20f4fe2f7dd19a877bb5cb1677bc.937x937x1.jpg"}], "artist": "Post Malone"}