{"songs": [{"title": "Trembling", "album": null, "year": null, "lyrics": "[Verse 1]\nGo to sleep and then I, I shoot a .45\nWelcome to the back, 'cause in the morning I\nEngine the back, 'cause in the morning I\nCan't nobody fuck you in the morning, now\nI swear I'm up now\nCall me when you want, I'm a fuck now\nI swear I'm up now\nAm I the only bitch who don't give a fuck now? (Oh oh)\nOh yeah, oh\nWhat's it like? Ooh\nOh yeah, oh\nWhat's it like? Ooh\n\n[Chorus]\nI'm trembling, I don't know what the fuck is wrong is with me, ooh\nI'm trembling, I don't know what the fuck is wrong is with me, ooh\nFuck shit, this my fuck shit, I don't even know ya but you notice it\nI'm trembling, I don't know what the fuck is wrong is with me, ooh\n\n[Verse 2]\n[?] let me frozen\nGive me all the money in the morning\nLet me earn about it in the morning\nLet me see the wrist above Xan\nCall up my road, bitch I'm [?]\nCall up, pull up, with [?]\nCall up my road, bitch I'm [?]\nIn the Yamaha, suckin' on like fuckin' whoa\nDrop 44, smoke molly, bitch [?]\n[?] my bed\nDrop 44 molly, bitch [?]\nRun it back, smoke whoa\nFuckin' oh\n\n[Chorus]\nI'm trembling, I don't know what the fuck is wrong is with me, ooh\nI'm trembling, I don't know what the fuck is wrong is with me, ooh\nFuck shit, this my fuck shit, I don't even know ya but you notice it\nI'm trembling, I don't know what the fuck is wrong is with me, ooh\n\n[Outro]\n[?] Let me frozen\nGive me all the money in the morning\nLet me earn about it in the morning\nLet me see the wrist above Xan", "image": "https://images.genius.com/fc7e20f4fe2f7dd19a877bb5cb1677bc.937x937x1.jpg"}], "artist": "Post Malone"}