{"songs": [{"title": "TEAR$", "album": null, "year": "2015-03-12", "lyrics": "[Chorus: Post Malone]\nI wipe my tears with the money, yeah\nI wipe my tears with the money, yeah\nThat Supreme takes the pain away\nI wipe my tears with the money, yeah\nI wipe my tears with the money, yeah\nI wipe my tears with the money, yeah\nThat Supreme takes the pain away\nI wipe my tears with the money, yeah\n\n[Verse 1: Post Malone]\nWhat you know about me?\nY'all don't really know shit and I'm fuckin' your bitch right now (your bitch, fuckin' your bitch)\nAnd I really really hit the Palisades right now\nSupreme on my back and I'm whippin' the woo\nMan, these bitches don't know, man these bitches don't know\nI'm swaggin' on these hoes and I pull up in that \"whoa\"\nAnd I pull up on that road, doin' hundred miles and hold\nMan, I poke another hole, I smoke another O\nAnd I pour another O and I smoke another, smoke another\nPull up on Fairfax, drop top (in the drop top)\nHop out into the 'preme store, top notch\nAlready bread jumpin' out the pockets\nAin't no worries, wipe my tears with my dollars, ayy\n\n[Chorus: Post Malone]\nI wipe my tears with the money, yeah\nI wipe my tears with the money, yeah\nThat Supreme takes the pain away\nI wipe my tears with the money, yeah\nI wipe my tears with the money, yeah\nI wipe my tears with the money, yeah\nThat Supreme takes the pain away\nI wipe my tears with the money, yeah\n\n[Verse 2: 1st]\nAyy, if I got an issue, I don't need no tissue (achoo, bless you)\nMy bitch started cryin', I bought her a Shih Tzu (woof)\nYou gotta do what you gotta do just to get through (just to get through)\nAnd if you play with my money, your mom gon' miss you (R.I.P.)\nI started throwin' a tantrum, so I copped me a Phantom\nAnd every time she gets mad, I throw the keys to the Jag\nBroke niggas call me materialistic (materialistic)\nWe do not ball the same, you're still learnin' how to pivot (still learnin' to pivot)\nAyy, since I got rich, I don't drink beer (nah)\nLeave the mall, leave a trail of tears\nI told my son don't have no fears\nIf he ever feels down, we can take off in the Lear\nWe could be gone tomorrow, love today (love today)\nAnd when that check hit my account, this what I say (this what I say)\n\n[Chorus: Post Malone]\nI wipe my tears with the money, yeah\nI wipe my tears with the money, yeah\nThat Supreme takes the pain away\nI wipe my tears with the money, yeah\nI wipe my tears with the money, yeah\nI wipe my tears with the money, yeah\nThat Supreme takes the pain away\nI wipe my tears with the money, yeah", "image": "https://images.genius.com/9154bacc54da234412b41e59c0aaa8f8.500x500x1.jpg"}], "artist": "Post Malone"}