{"songs": [{"title": "SoFlo Like Antonio", "album": null, "year": null, "lyrics": "[Intro]\nSoFlo like An-\nOh shit\nYeah, SoFlo like, ayy, ayy\n\n[Chorus: Post Malone & Ethan Klein]\nSoFlo like Antonio, SoFlo like Antonio\nWhatchu know about\nSoFlo like Antonio, SoFlo he even stole my flow\nDamn\nSoFlo like Antonio, SoFlo like Antonio\nWhatchu know about\nSoFlo like Antonio, SoFlo he even stole my flow\nDamn\n\n[Verse: Ethan Klein]\nSoFlo\nWhere you at, boy? Where you at, boy?\nSoFlo\nWhere you at, boy?\nYo, I'm down at South Beach, Florida\nYou got all the beach before ya\nAnd just when I thought he couldn't take it any further, damn\nSoFlo is my father, damn\nSoFlo is my father, damn\nSoFlo is my father, damn\nSoFlo is my father, damn\nHe stole everything from me\nCan you please just back off?\nJust let me have my fucking snow cone\nIt's got strawberry syrup, it's my favorite flavor\nYou can fuck my whole family tree, just let me be\n\n[Interlude: Ethan Klein]\nFuck you SoFlo! Make your own shit!\nStop stealing shit from everyone\nMake your own shit, dog!\nFuck off!\n(Coughing)\nSoFlo is my father\n\n[Chorus: Post Malone]\nSoFlo like Antonio, SoFlo like Antonio\nSoFlo like Antonio, SoFlo he even stole my flow\nSoFlo like Antonio, SoFlo like Antonio\nSoFlo like Antonio", "image": "https://images.genius.com/fc7e20f4fe2f7dd19a877bb5cb1677bc.937x937x1.jpg"}], "artist": "Post Malone"}