{"songs": [{"title": "Candy Paint", "album": "\u200bbeerbongs & bentleys", "year": "2017-04-14", "lyrics": "[Intro]\nYeah, yeah\nMmm, ayy\n\n[Chorus]\nCandy paint with the white on top\nLambo doors are the oo-op drop\nIf you busy plottin' on what I got\nKick in your door, I'll SWAT, you thot\nHundred thousand dollars on the table top\nHalf price my whip, same price my watch\nGot no jumper, but I ball a lot\nBitch, I'm young Stoney, I do what I want\nCandy paint with the white on top (Skrrt)\nLambo doors are the oo-op drop (Drop)\nIf you busy plottin' on what I got\nKick in your door, I'll SWAT, you thot (Pop)\nHundred thousand dollars on the table top\nHalf price my whip, same price my watch (Bling)\nGot no jumper, but I ball a lot (Swish)\nBitch, I'm young Stoney, I do what I want\n\n[Verse 1]\nDidn't know that was your girl when she gave me top (Yuh)\nKicked her out the Rolls said, \"Thanks a lot\"\nGoddamn, I love paper like I'm Michael Scott (Yeah)\nI can do things that your man cannot (Yeah)\nSlide boy comin' down, damn, I'm hot (Hot)\nEverybody say that I gotta be stopped (Stopped)\nEven though my final form ain't unlocked (Locked)\nI'm so ahead of you muhfuckas'\nHow you comprehend what you ain't understandin'?\nCount a hundred bands and I watch it vanish\nDiamonds going crazy like they on the dance floor\nGot a lot of ass, nothin' I can't handle\n\n[Pre-Chorus]\nFlavor lasts forever, you should try a sample (Goddamn)\nBaby, I'm the boss like I'm Tony Danza (Tony Danza)\nEverybody tryna tell me what I stand for\nBut you don't fuckin' know me, homie, you don't want war (Ayy)\n\n[Chorus]\nCandy paint with the white on top\nLambo doors are the oo-op drop\nIf you busy plottin' on what I got\nKick in your door, I'll SWAT, you thot\nHundred thousand dollars on the table top\nHalf price my whip, same price my watch\nGot no jumper, but I ball a lot\nBitch, I'm young Stoney, I do what I want\nCandy paint with the white on top (Skrrt)\nLambo doors are the oo-op drop (Drop)\nIf you busy plottin' on what I got\nKick in your door, I'll SWAT, you thot (Pop)\nHundred thousand dollars on the table top\nHalf price my whip, same price my watch (Bling)\nGot no jumper, but I ball a lot (Swish)\nBitch, I'm young Stoney, I do what I want\n\n[Verse 2]\nI've been rollin' twenty ash, hit the road (Woo)\nHit the switch up the suicide doors (Damn)\nWe already know you vanished though (Ooh)\nHit my momma when I ride in that, oh\nAll these muhfuckas' so false with me (Yah)\nIf your money funny, don't talk to me (Nah)\nI know there ain't shit that you could offer me (No)\nTake a second if you think about crossin' me\n\n[Pre-Chorus]\nFlavor lasts forever, you should try a sample (Goddamn)\nBaby, I'm the boss like I'm Tony Danza (Tony Danza)\nEverybody tryna tell me what I stand for\nBut you don't fuckin' know me, homie, you don't want war (Ayy)\n\n[Chorus]\nCandy paint with the white on top\nLambo doors are the oo-op drop\nIf you busy plottin' on what I got\nKick in your door, I'll SWAT, you thot\nHundred thousand dollars on the table top\nHalf price my whip, same price my watch\nGot no jumper, but I ball a lot\nBitch, I'm young Stoney, I do what I want\nCandy paint with the white on top (Skrrt)\nLambo doors are the oo-op drop (Drop)\nIf you busy plottin' on what I got\nKick in your door, I'll SWAT, you thot (Pop)\nHundred thousand dollars on the table top\nHalf price my whip, same price my watch (Bling)\nGot no jumper, but I ball a lot (Swish)\nBitch, I'm young Stoney, I do what I want", "image": "https://images.genius.com/a38d3f7d7da4d09156925f24fcf83692.1000x1000x1.jpg"}], "artist": "Post Malone"}