{"songs": [{"title": "Takin' Shots", "album": "\u200bbeerbongs & bentleys", "year": "2018-04-27", "lyrics": "[Chorus]\nDrinkin' all night, but we ain't done yet (Yet)\nWaitin' on the plug, but he ain't come yet (Yet)\nStill need somethin'? Put your bank on it (Bank on it)\nGot a big bag with a Bape on it (Bape on)\nParty ain't over if they say somethin' (Say somethin')\nNo sleep 'til I've seen three suns (Three suns)\nParty gon' end with a threesome (Threesome)\nRaw dog, prolly have three sons\nChasin' the Perc' with some Buddy, that shit never lets me down (Uhm)\nThey go to work for some money, we make it from actin' out (Uhm)\nGrrrrrah, we takin' shots right now (Shots right now)\nGrrrrrah, yeah, we takin' shots right now (Shots)\n\n[Verse 1]\nSee me in a 'Rari goin' vroom-vroom (Skrrt, skrrt)\nSexy motherfucker in a cartoon\nSaint Laurent, 40, on a new suit\nSippin' Bud Light, that's a new cruise\nBaby, bust it open like woo-hoo\nThe diamonds got cut like a boo-boo\nPockets so fat, rock a muu-muu\nMe and Dre came for the pum pum\nDrippin', drippin', drippin', women tryna take my millions\nHelp my bro with an assist I'm Jason Williams (White Chocolate)\nHeard that there's a party, I might pay a visit (Visit)\nThat's a moment, hopped out frog like ribbit, ribbit (Skrrt)\n\n[Pre-Chorus]\nDrunk when I walked in the door, so fuckin' high like, \"Hello\"\nI told her pour me some more, then she went right for the blow (The blow)\n30 more girls wanna roll, let's get this bitch on the road (On the road)\nAlready losin' control, this is the life that we chose\n\n[Chorus]\nDrinkin' all night, but we ain't done yet (Yet)\nWaitin' on the plug, but he ain't come yet (Yet)\nStill need somethin'? Put your bank on it (Bank on it)\nGot a big bag with a Bape on it (Bape on)\nParty ain't over if they say somethin' (Say somethin')\nNo sleep 'til I've seen three suns (Three suns)\nParty gon' end with a threesome (Threesome)\nRaw dog, prolly have three sons\nChasin' the Perc' with some Buddy, that shit never lets me down (Uhm)\nThey go to work for some money, we make it from actin' out (Uhm)\nGrrrrrah, we takin' shots right now (Shots right now)\nGrrrrrah, yeah, we takin' shots right now (Shots)\n\n[Verse 2]\nFrontin' on me, but you love it (Love it)\nTryna act like you above it ('Bove it)\nDad bod know you wanna rub it (Rub it)\nHave you ever done it in public?\nSippin' all night, let it rotate\nBaby, just for the night, you my soulmate\nMixin' vodka with the champagne\nTell me how much liquor can a man take\nHow many records have I sold?\nI don't even know, can't keep count (Nope)\nYou know that I've been on a roll\nCelebratin' life when I come around (Come around)\nSippin' all night, sippin' all day\nBrought the beerbong out like a tailgate\nHoldin' big words that I can't say\nGot me speakin' drunkanese, can you translate?\n\n[Pre-Chorus]\nDrunk when I walked in the door, so fuckin' high like, \"Hello\"\nI told her pour me some more, then she went right for the blow (The blow)\n30 more girls wanna roll, let's get this bitch on the road (On the road)\nAlready losin' control, this is the life that we chose\n\n[Chorus]\nDrinkin' all night, but we ain't done yet (Yet)\nWaitin' on the plug, but he ain't come yet (Yet)\nStill need somethin'? Put your bank on it (Bank on it)\nGot a big bag with a Bape on it (Bape on)\nParty ain't over if they say somethin' (Say somethin')\nNo sleep 'til I've seen three suns (Three suns)\nParty gon' end with a threesome (Threesome)\nRaw dog, prolly have three sons\nChasin' the Perc' with some Buddy, that shit never lets me down (Uhm)\nThey go to work for some money, we make it from actin' out (Uhm)\nGrrrrrah, we takin' shots right now (Shots right now)\nGrrrrrah, yeah, we takin' shots right now (Shots)", "image": "https://images.genius.com/5f219498aca9f4c88e221a3b63d0a773.1000x1000x1.jpg"}], "artist": "Post Malone"}