{"songs": [{"title": "Over Now", "album": "\u200bbeerbongs & bentleys", "year": "2018-04-27", "lyrics": "[Intro]\nAhahah, yeah\n(Yeah, yeah, yeah)\n\n[Verse 1]\nWhen you leave me, make me jump up off my roof\nDidn't faze you, would've given you the moon\nEven after everything that we've been through\nI ain't never met nobody like you\nWhy you always tryna tell me that it's cool?\nNeed to quiet 'cause you never tell the truth\nFelt like ballin' was the only thing to do\nTrade my woman for some diamonds and a coupe\n\n[Pre-Chorus]\nWhen she's comin' for my heart, it feels like Armageddon\nI'ma turn the tables, promise you will not forget it\nWon't apologize, don't give a fuck if you're offended\nNo discussion, yeah we gotta go our separate ways\nWon't take me down in flames\nI don't even wanna know your name\nWatch how everything is gonna change, yeah, ayy\n\n[Chorus]\nI'ma pull up in a Bentley\nWith a fuckin' hunnid thousand in my pocket, yeah, yeah\nI'ma pull in, swang my door open\nStuntin', knowin' everybody watchin', yeah, yeah\nAnd help another bitch out the whip\nAnd I don't give a fuck if you don't like it, yeah, yeah\nJust to show you that it's over\nIt don't matter what you gotta say about it, yeah\nI'ma put that bitch pussy in a motherfuckin' bodybag\nSo you know that I'm never ever coming back\nYou kept your heart on the counter in a Prada bag\nI used to never ever want to see the light of day, yeah\nI was an idiot\nBeggin' on my knees onto the floor\nNow, I don't even want you anymore, anymore\nIt's over now\nIt's over now, yeah, yeah, yeah, ayy\n\n[Verse 2]\nFeels like a knife in my throat, you treat this like it's a joke\nI bet you've done this before, I ain't surprised, yeah\nI wasn't tryna let go, but you'll know why when I'm ghost\nI hope you wind up alone, dead in my eyes, yeah\nAin't religious, only Christian when it's Dior\nOnly prayin' for the Amex and the gold\nYou ain't stop me, no, you only was a detour\nTried to drive me crazy, you ran out of road\n\n[Pre-Chorus]\nWhen she's comin' for my heart, it feels like Armageddon\nI'ma turn the tables, promise you will not forget it\nWon't apologize, don't give a fuck if you're offended\nNo discussion, yeah we gotta go our separate ways\nWon't take me down in flames\nI don't even wanna know your name\nWatch how everything is gonna change (is gonna change), yeah, ayy\n\n[Chorus]\nI'ma pull up in a Bentley\nWith a fuckin' hunnid thousand in my pocket, yeah, yeah\nI'ma pull in, swang my door open\nStuntin', knowin' everybody watchin', yeah, yeah\nAnd help another bitch out the whip\nAnd I don't give a fuck if you don't like it, yeah, yeah (I don't give a fuck)\nJust to show you that it's over\nIt don't matter what you gotta say about it, yeah (what you gotta say about it)\nI'ma put that bitch pussy in a motherfuckin' bodybag (in a bodybag)\nSo you know that I'm never ever coming back (never coming back)\nYou kept your heart on the counter in a Prada bag (in a Prada bag)\nI used to never ever want to see the light of day, yeah\nI was an idiot\nBeggin' on my knees on to the floor (to the floor)\nNow I don't even want you anymore, anymore\nIt's over now\nIt's over now\n(It's over now)", "image": "https://images.genius.com/5f219498aca9f4c88e221a3b63d0a773.1000x1000x1.jpg"}], "artist": "Post Malone"}