{"songs": [{"title": "Blame It On Me", "album": "\u200bbeerbongs & bentleys", "year": "2018-04-27", "lyrics": "[Verse 1]\nI used to say I was free\nNow all these people wanna keep on takin' pieces of me\nThey take away everything, had everything that I needed\nThey held me down, let me drown\nThey spit me out, right through the teeth\nI can't pretend, ash in the wind, won't blow again\nIt was a breeze for you (Breeze for you)\nThese hurricanes inside of my brain, let it rain, made it look easy Can't look away, you love the pain, you love the pain\n\n[Pre-Chorus]\nWatchin' me bleed\nYou cut me down on my knees\nNo matter what you believe\nI think we both can agree\n\n[Chorus]\nThat you can't blame it on me (Ayy)\nIt's not my fault, it's not my fault, it's not my fault\nBlame it on me (Ayy)\nIt's not my fault, it's not my fault, it's not my fault\nI couldn't breathe\nAlmost lost myself, couldn't stop myself, I did it all\nYou can't blame it on me (Ayy)\nIt's not my fault, it's not my fault, it's not my fault\n\n[Verse 2]\nEvery day's the same, yeah, I just watch 'em go\nAs I scrape away through the impossible\nYeah, I played the game but it was all for show\nTryna find my way, I nearly lost it though\nNow I see dead people, most have no faith\nWhere did the time go? A watch with no face\nThey hit the ceilin', but my roof likes space\nI took my chances so won't you\n\n[Chorus]\nBlame it on me (Ayy)\nIt's not my fault, it's not my fault, it's not my fault\nBlame it on me (Ayy)\nIt's not my fault, it's not my fault, it's not my fault\nI couldn't breathe\nAlmost lost myself, couldn't stop myself, I did it all\nYou can't blame it on me (Ayy)\nIt's not my fault, it's not my fault, it's not my fault, not my fault\n\n[Bridge]\nIt's all my fault that I'm addicted to the clothes\nIt's all my fault, I paid the cost, yeah\nIt's all my fault that I ain't givin' up my soul\nIt's all my fault\n\n[Pre-Chorus]\nWatchin' me bleed (Watchin' me bleed)\nYou cut me down on my knees (You cut me down on my knees)\nNo matter what you believe\nI think we both can agree\n\n[Chorus]\nThat you can't blame it on me (Ayy)\nIt's not my fault, it's not my fault, it's not my fault\nBlame it on me (Ayy)\nIt's not my fault, it's not my fault, it's not my fault\nI couldn't breathe\nAlmost lost myself, couldn't stop myself, I did it all\nYou can't blame it on me (Ayy)\nIt's not my fault, it's not my fault, it's not my fault\n\n[Outro]\nIt's not my fault, it's not my fault, it's not my fault\nBlame it on me, yeah\nIt's not my fault, it's not my fault, it's not my fault", "image": "https://images.genius.com/b2d0dca99ed625a19a11eefbdcfdb671.828x828x1.jpg"}], "artist": "Post Malone"}