{"songs": [{"title": "Congratulations", "album": "Stoney", "year": "2016-11-04", "lyrics": "[Intro: Post Malone]\nMm-mmm\nYah, yah\nMm-mmm\nYah (Hey)\n\n[Chorus: Post Malone]\nMy momma called, seen you on TV, son\nSaid shit done changed ever since we was on\nI dreamed it all ever since I was young\nThey said I wouldn't be nothing\nNow they always say, \"Congratulations\" (Uh, uh)\nWorked so hard, forgot how to vacation (Uh-huh)\nThey ain't never had the dedication (Uh, uh)\nPeople hatin', say we changed and look, we made it (Uh, uh)\nYeah, we made it (Uh, uh)\n\n[Verse 1: Post Malone]\nThey was never friendly, yeah\nNow I'm jumping out the Bentley, yeah\nAnd I know I sound dramatic, yeah\nBut I know I had to have it, yeah\nFor the money, I'm a savage, yeah\nI be itching like a addict, yeah\nI'm surrounded, twenty bad bitches, yeah\nBut they didn't know me last year, yeah\nEveryone wanna act like they important (Yeah, yeah, yeah, yeah, yeah)\nBut all that mean nothing when I saw my dough, yuh (Yeah, yeah, yeah, yeah, yeah)\nEveryone countin' on me, drop the ball, yuh (Yeah, yeah, yeah, yeah, yeah)\nEverything custom like I'm at the border, yah, yah\nIf you fuck with winning, put your lighters to the sky\nHow could I make cents when I got millions on my mind?\nComing with that bullshit, I just put it to the side\nBalling since a baby, they could see it in my eyes\n\n[Chorus: Post Malone & Quavo]\nMy momma called, seen you on TV, son\nSaid shit done changed ever since we was on\nI dreamed it all ever since I was young\nThey said I wouldn't be nothing\nNow they always say, \"Congratulations\" (Congratulations)\nWorked so hard, forgot how to vacation (Ooh)\nThey ain't never had the dedication (Uh, uh, ayy)\nPeople hatin', say we changed and look we made it (Uh, uh)\nYeah, we made it (Uh, uh, yah)\n\n[Verse 2: Quavo]\nI was patient (Yah)\nUh, I was patient (Ayy, uh)\nNow I can scream that we made it (We made it)\nNow everywhere, everywhere I go, they say 'gratulation (Uh)\nYoung nigga, young nigga, graduation (Yah)\nI pick up the rock and I ball, baby (Ball)\nI'm looking for someone to call, baby (Brr)\nBut right now, I got a situation (Ayy)\nNever old Ben-Ben Franklins (Cash)\nBig rings, champagne (Ooh, champagne)\nMy life is like a ball game (Ball game)\nBut instead, I'm in the trap though (Trap though)\nPot so big, call it Super Bowl (Super Bowl)\nSuper Bowl, call the hoes (Brr)\nGet in the Rolls (Skrrt)\nTop-floor lifestyle (Top)\nHuncho and Post (Yah, ayy) Malone (Ayy)\nI gotta play on my phone (Ayy)\nYou know what I'm on (Ayy)\nHuncho Houdini is gone (Ayy)\n\n[Chorus: Post Malone & Quavo]\nMy momma called, seen you on TV, son\nSaid shit done changed ever since we was on\nI dreamed it all ever since I was young\nThey said I wouldn't be nothing\nNow they always say, \"Congratulations\" (Ayy, uh, uh)\nWorked so hard, forgot how to vacation (Uh-huh, ooh)\nThey ain't never had the dedication (Ayy, uh, uh)\nPeople hatin', say we changed and look we made it (Yah,  uh, uh)\nYeah, we made it (Ayy)\n\n[Outro]\nHey, hey, hey, hey\nHey, hey, hey, hey\nHey, hey, hey, hey\nHey, hey, hey, hey", "image": "https://images.genius.com/0ae927fba5115df36264c55411711d51.1000x1000x1.jpg"}], "artist": "Post Malone"}