{"songs": [{"title": "Wow. (Remix)", "album": "PM3", "year": "2019-03-15", "lyrics": "[Verse 1: Post Malone]\nSaid she tired of little money, need a big boy\nPull up 20 inch blades like I'm Lil\u2019 Troy\nNow it's everybody flockin', need a decoy\nShawty mixing up the vodka with the LaCroix, yeah\nG-Wagen, G-Wagen, G-Wagen, G-Wagen\nAll the housewives pullin\u2019 up (Up, up)\nI got a lot of toys, 720S, bumpin' Fall Out Boy\nYou was talkin' shit in the beginning (Mm-mm)\nBack when I was feelin' more forgivin' (More forgivin')\nI know it piss you off to see me winnin' (See me winnin')\nSee the igloo in my mouth when I be grinnin\u2019 (I be grinnin\u2019), yeah\n\n[Chorus: Post Malone]\nHundred bands in my pocket, it's on me\nHundred deep when I roll like the army\nGet more bottles, these bottles are lonely\nIt\u2019s a moment when I show up, got 'em sayin', \"Wow\" (Wow, wow)\nHundred bands in my pocket, it's on me (On me)\nYeah, your grandmama probably know me (Know me)\nGet more bottles, these bottles are lonely\nIt\u2019s a moment when I show up, got 'em sayin', \"Wow\" (Wow, wow)\n\n[Verse 2: Roddy Ricch & Post Malone]\nBustin' on my jeans, I got big racks (Hey)\nWe gon' pull up in the Cullinan in the double G (Wow)\nI keep a ticket on me, nigga, ain't nothin' to me\nI'm draped down in Givenchy\nI just put blue guts in the 'Rari\nRich niggas only in this section, I'm sorry\nBust down watch and shades by Bvlgari\nI'm smokin' on jet fuel like Bob Marley\nI spend a hundred thousand on my necklace, check\nReal street nigga from the set, mmh, check\nI was in the projects, now I'm on the jet\nI ain't even tryna talk if it ain't about a check, yeah\n\n[Chorus: Post Malone]\nHundred bands in my pocket, it's on me\nHundred deep when I roll like the army\nGet more bottles, these bottles are lonely\nIt's a moment when I show up, got 'em sayin', \"Wow\"\nHundred bands in my pocket, it's on me (On me)\nYeah, your grandmama probably know me\nGet more bottles, these bottles are lonely\nIt's a moment when I show up, got 'em sayin', \"Wow\"\n\n[Verse 3: Tyga & Post Malone]\nBrand new everything, yeah\nTell your friend to stop it, come here (Wow)\nNo drinks in the Rolls Royce, just got it (Yeah)\nShe wanna bounce on my dick, tell her friend 'bout it (Hah)\nAnd the party ain't a party 'til I'm inside it (Nope)\nIf they lick it up, then they invited (Wow)\nMighty Duck ice challenge\nAnd I'm looking for a freak with no mileage\nI'm back on my shit, fuck how you feel about it (Fuck)\nBig diamonds on my neck, can't even hide it (No)\nShake that ass though, shake that ass though (Wow)\nIn the bathroom, in a bathrobe\nIn the front seat of the Lambo'\nBad bitches on the West Coast\nGot 'em sayin', \"Wow\" (Wow)\n\n[Chorus: Post Malone & Tyga]\nHundred bands in my pocket, it's on me (Yeah)\nHundred deep when I roll like the army (Yeah, yeah)\nGet more bottles, these bottles are lonely\nIt's a moment when I show up, got 'em sayin', \"Wow\" (Wow, wow)\nHundred bands in my pocket, it's on me (Yeah, yeah)\nYeah, your grandmama probably know me (Yeah, yeah)\nGet more bottles, these bottles are lonely\nIt's a moment when I show up, got 'em sayin', \"Wow\"\n\n[Outro: Post Malone]\nWow, wow, wow, wow, wow", "image": "https://images.genius.com/49f568626f1833de1be5764c87fc19be.1000x1000x1.jpg"}], "artist": "Post Malone"}