{"songs": [{"title": "Congratulations (Remix)", "album": null, "year": "2017-06-16", "lyrics": "[Intro: Future]\nWorked so hard, forgot to vacation, yeah\nThey ain't never had the dedication, yeah\nPeople said we changed and look, we made it\nMetro Boomin want some more nigga\n\n[Chorus: Post Malone]\nMy momma called, seen you on TV, son\nSaid shit done changed ever since we was on\nI dreamed it all ever since I was young\nThey said I wouldn't be nothin'\nNow they always say, \"congratulations\" (uh)\nWorked so hard, forgot how to vacation (uh-huh)\nThey ain't never had the dedication (uh)\nPeople hatin', say we changed and look, we made it (uh)\nYeah, we made it (uh)\n\n[Verse 1: Future]\nWe been jumpin' out a foreign, yeah\nHoppin' in somethin' foreign, yeah\nThey was comin', laughin'\nNow we number one in Paris, yeah (number one, number one)\nWake up every mornin' and I can touch the sky\nI know they gon' hate, but they don't know 'bout who we are\nI catch a body on anything\nCame from the bottom, they envy me\nI'm drippin' sauce tremendously\nPromise, never give 'em sympathy\nI told my momma the money comin' fast, fast, fast\nIn this industry\nThe ones who used to envy me\nI'm turnin' up on 'em instantly, yeah\n\n[Chorus: Future, Post Malone & Both]\nMy momma called, seen you on TV, son\nSaid shit done changed ever since we was young\nI dreamed it all for my city\nPuttin' on, they say I will always sell drugs\nBut now they say, \"congratulations\"\nWorked so hard, forgot how to vacation (uh-huh)\nThey ain't never had the dedication (uh)\nPeople hatin', say we changed and look, we made it (uh)\nYeah, we made it (uh)\n\n[Verse 2: Post Malone]\nThey was never friendly, yeah\nNow I'm jumpin' out the Bentley, yeah\nAnd I know I sound dramatic, yeah\nBut I know I had to have it, yeah\nFor the money, I'm a savage, yeah\nI be itchin' like a addict, yeah\nI'm surrounded, twenty bad bitches, yuh\nBut they didn't know me last year, yuh\nEveryone wanna act like they important (yeah)\nBut all that mean nothin' when I saw my dough, yuh (yeah)\nEveryone countin' on me, dropped the ball, yuh (yeah)\nEverything custom like I'm at the border, yah, yah\nIf you fuck with winnin', put your lighters to the sky\nHow could I make sense when I got millions on my mind?\nComin' with that bullshit, I just put it to the side\nBallin' since a baby, they could see it in my eyes\n\n[Chorus: Post Malone & Quavo]\nMy momma called, seen you on TV, son\nSaid shit done changed ever since we was on\nI dreamed it all ever since I was young\nThey said I wouldn't be nothing\nNow they always say, \"congratulations\" (congratulations)\nWorked so hard, forgot how to vacation (ooh)\nThey ain't never had the dedication\nPeople hatin', say we changed and look we made it (uh)\nYeah, we made it (uh, yah)\n\n[Verse 3: Quavo]\nI was patient (yah, uh)\nI was patient (ayy, uh)\nNow I can scream that we made it (we made it!)\nNow everyone, everywhere I go, they say, \"congratulations\" (uh)\nYoung nigga, young nigga, graduation (yah)\nI pick up the rock and I ball, baby (ball)\nI'm looking for someone to call, baby (brr)\nBut right now, I got a situation (ayy)\nNever old Ben-Ben Franklins (cashes)\nBig rings\u2014ooh\u2014, champagne (champagne)\nMy life is like a ball game (ball game)\nBut instead, I'm in the trap though (trap though)\nPot so big, call it Super Bowl (Super Bowl)\nSuper Bowl, call the hoes (brr)\nGet in the Rolls (skrrr)\nTop-floor lifestyle (top)\nHuncho and Post\u2014yah, ayy\u2014Malone (ayy)\nI gotta play on my phone (aye)\nYou know what I'm on (ayy)\nHuncho Houdini is gone (ayy)\n\n[Chorus: Post Malone, Future & Quavo]\nMy momma called, seen you on TV, son\nSaid shit done changed ever since we was on\nI dreamed it all for my city, puttin' on (I dreamed)\nThey said I wouldn't be nothin'\nNow they always say, \"congratulations\" (uh)\nWorked so hard, I need my medication (uh-huh, ooh)\nAll it took was dedication (ayy)\nDriving foreigns with no registration, oh we made it (ayy)\n\n[Outro: Future]\nRich Mix!\nI dreamed it all\nIf Young Metro don't trust you, I'm gon' shoot you", "image": "https://images.genius.com/e1ae90c206d9eb1c97ec2d7d2baeafb2.1000x1000x1.jpg"}], "artist": "Post Malone"}