{"songs": [{"title": "Pull Up Ride Different", "album": null, "year": "2015-01-01", "lyrics": "[Intro]\nHahaha\n(Stoney Maloney)\n\n[Verse 1]\nYoung-Young Stoney, swangin', sippin' Remy\nI just had some Henney, not the semi\nCocaine from the raft to the levies\nSkate highs, bitch, Versace or the Givenchy\nOnly choice if we're swangin' in the Chevy (skrrt)\nYoung Stoney, fuck the bitch, she in the Bentley\nBandana on me, bumpin' Makaveli\nStonin', I just pour four up in the twenty (what?)\nThese bitches barkin' at the kennel\nHad to swap bitches like a rental (yeah)\nKiss a elevator, bitch's levels\nSnap a cannon with a Canon, no rebel\nGold-diggers couldn't dig it with a shovel (hell no)\nIn the Continental feelin' presidential (hell no)\nBlowin' gas when I'm pushin' on the pedal\nBitch, Oriental headbanging like it's metal, she gon' get sentimental\n\n[Chorus]\nPull up in the hoodie 'cause y'all motherfuckers need dealers (skrrt)\nI only fuck with squad, y'all motherfuckers gettin' no features (hell no)\nAnd I just bust a semi and I'm all out of money on my Visa (out of money on my Visa)\nBut no limit on the black card (hahaha)\nI got it, you see me on the [?]\nI just came up, I ain't never coming down\nEvery time we pullin' up, we gon' shut this shit down\nAnd I ride different, I stay sippin', my roof missing, that loud twistin'\nI ride different, bitch, I ride different\n\n[Verse 2]\nI got some money comin', throw it in the counters\nMe and the homie blowin' money like it's nothing (pap, pap)\nCouple aces in my hand, I ain't bluffin'\nTop shelf, and the blunt steady puffin' (steady puffin')\nSaid oh, damn (damn)\nSo that's how it's gonna be, huh? (huh?)\nWhen I had nothin', ain't nobody give a shit\nNow I got it, wanna fuck with me, huh? (huh?)\nMan, fuck off with that bullshit\nDab riggin' that toolkit (woo)\nHoes used to curve like there was new shit\nNow the same hoes in a full-split\nFour overloads, I'm cool, shit (damn)\nGot gold all in my jewel, shit (yeah)\nGot bad hoes in my pool, shit\nTrips to Am-Dam, that's zoo-shit (woo)\n\n[Chorus]\nPull up in the hoodie 'cause y'all motherfuckers need dealers (skrrt)\nI only fuck with squad, y'all motherfuckers gettin' no features (hell no)\nAnd I just bust a semi and I'm all out of money on my Visa (out of money on my Visa)\nBut no limit on the black card (hahaha)\nI got it, you see me on the [?]\nI just came up, I ain't never coming down\nEvery time we pullin' up, we gon' shut this shit down\nAnd I ride different, I stay sippin', my roof missing, that loud twistin'\nI ride different, bitch, I ride different\n\n[Outro]\nBitch, I ride different\nAnd I ride different, I ride different\nMy roof missing, I ride different\nAnd I ride different, I stay sippin', my roof missing, that loud twistin'\nI ride different", "image": "https://images.genius.com/fc7e20f4fe2f7dd19a877bb5cb1677bc.937x937x1.jpg"}], "artist": "Post Malone"}