{"songs": [{"title": "Yours Truly, Austin Post", "album": "Stoney", "year": "2016-12-09", "lyrics": "[Intro]\nI'ma take a Bud Light break, one minute\nAh, ah\n\n[Chorus]\nI just came down from the high of my life\nI just, I just came down from the high of my life\nSee us popping champagne, we could do it all night\nAnd if everything gone bad, we gon' make it alright\n\n[Verse 1]\nHow you expecting them O's when you ain't put in work?\nAnd I just got off the phone, yeah, with my realtor\nAnd I've been eating so good that, bitch, my belly broke\nAnd I might cop that Mulsanne 'cause, bitch, that Bentley talk\nPut that sauce on that bitch real quick\nPut that ice on that wrist real slick\nGirl, I know you know my wallet's real thick\nAnd I'm wonderin', wonderin' what you're drinking\n\n[Chorus]\nI just came down from the high of my life\nI just, I just came down from the high of my life\nSee us popping champagne, we could do it all night\nAnd if everything gone bad, we gon' make it alright\n\n[Post-Chorus]\nWe don't fucking fuck with y'all, do we? (Do we?)\nWe don't gotta stunt on y'all, do we? (Do we?)\nBring that money back to yours truly (truly)\nWhen I'm rocking all my goddamn jewelry, yeah\n\n[Verse 2]\nHey, I just hopped out the foreign, looking so pretty, yeah\nAnd yeah, that watch on my arm look like a trillion\nYou know that White Iverson, no, keep that jewelry tucked\nAnd I just balled out my brain, I feel like Bubba Chuck\nGirl, I'm zoned out, I feel my Xans\nAin't nobody understand\nIt's you and I, go and call your friends\nLet's get a lot of kerosene\nYou gon' ride that bump-and-grind\nYeah, let me see that double-time\nYou ain't gotta tell them hoes because they know, yeah\n\n[Chorus]\nI just came down from the high of my life\nI just, I just came down from the high of my life\nSee us popping champagne, we could do it all night\nAnd if everything gone bad, we gon' make it alright\n\n[Post-Chorus]\nWe don't fucking fuck with y'all, do we? (Do we?)\nWe don't gotta stunt on y'all, do we? (Do we?)\nBring that money back to yours truly (Truly)\nWhen I'm rocking all my goddamn jewelry, yeah\n\n[Bridge]\nTell me, who do you call? (Who you call?)\nWhen the night gets long (When the night gets long)\nAnd you're sitting by the phone (Sitting by the phone)\n'Cause all those drugs wore off, whoa\n\n[Chorus]\nI just came down from the high of my life\nI just, I just came down from the high of my life\nSee us popping champagne, we could do it all night\nAnd if everything gone bad, we gon' make it alright\n\n[Outro]\nHigh of my life\nHigh of my life\nHigh of my life\nHigh of my life\nHigh of my life", "image": "https://images.genius.com/0ae927fba5115df36264c55411711d51.1000x1000x1.jpg"}], "artist": "Post Malone"}