{"songs": [{"title": "Stay", "album": "\u200bbeerbongs & bentleys", "year": "2018-04-27", "lyrics": "[Verse 1]\nIt's true that all that you know is all that you are\nYou said that it's all that you want and more\nFuck off and pour another drink\nAnd tell me what you think\nYou know that I'm too drunk to talk right now\nYou put your cigarette out on my face\nSo beautiful, please, woman\n\n[Pre-Chorus]\nDon't break your back for me\nI'll put you out of your misery\n\n[Chorus]\nTell me that it's all okay (Tell me that it's all okay)\nI've been waitin' on this all damn day (Waitin' on this all damn day)\nCall me in the mornin', tell me how last night went\nI'm here, but don't count on me to\u2014\n\n[Verse 2]\nStay a little longer if you convince me\nAnd tell me all the things that you have against me\nEvery time we make up, the truth is fadin'\nEverybody's blind when the view's amazin'\nDamn, who are we right now?\nCan we have a little conversation?\nFigure it out with no intoxication\nWe carry on, what is our motivation?\nWe're never wrong, how the hell we gonna make it?\nMaybe we're used to this\nTell me, what are we to do?\nIt's like we only play to lose\nChasin' pain with an excuse\nI love that shit and so do you\n\n[Pre-Chorus]\nBut don't break your back for me\nI'll put you out of your misery\n\n[Chorus]\nTell me that it's all okay (Tell me that it's all okay)\nI've been waitin' on this all damn day (Waitin' on this all damn day)\nCall me in the mornin', tell me how last night went\nI'm here, but don't count on me to stay\n\n[Guitar Solo]\n\n[Chorus]\nTell me that it's all okay (Tell me that it's all okay)\nI've been waitin' on this all damn day (Waitin' on this all damn day)\nCall me in the mornin', tell me how last night went\nI'm here, but don't count on me to stay", "image": "https://images.genius.com/5f219498aca9f4c88e221a3b63d0a773.1000x1000x1.jpg"}], "artist": "Post Malone"}