{"songs": [{"title": "Zack and Codeine", "album": "\u200bbeerbongs & bentleys", "year": "2018-04-27", "lyrics": "[Chorus]\nMan, my life so sweet, I feel like Cody (Cody)\nI wake up, rinse my mouth with fuckin' codeine (Codeine)\nThirty bottles, yeah, the bill is on me (On me)\nBeen livin' fast, no, I can't take it slowly (Slowly)\nMan, my life so sweet, I feel like Cody (Cody)\nI wake up, rinse my mouth with fuckin' codeine (Codeine)\nWe on a bender, we ain't gettin' no sleep (No sleep)\nWe turned the hotel lobby to a party\n\n[Verse 1]\nI'm whippin' a foreign, I can't whip no Beetle (Can't whip no Beetle, can't whip no Beetle)\nI rock that Saint Laurent over my beater (Over my beater)\nI like to stunt like I'm Evel Knievel (Ooh)\nBut, it don't mean nothin' without all my people (Oh)\nWhen I step up on stage, hands up to the sky (Hands up to the sky)\nEvery little thing I do, they always analyze (They always analyze)\nGave that bitch a little blow and then she come alive (Ooh, wow!)\nStarted dancin' on the table, like she had on mine (Yeah)\n\n[Pre-Chorus]\nI don't fuck with nobody (no), yeah, you hardly know me (Oh)\nWhat you take me for (take me for), no, I can't save your soul (Oh)\nI don't fuck with nobody, yeah, you hardly know me (You don't know me, know me)\nPlease just leave me alone\n\n[Chorus]\nMan, my life so sweet, I feel like Cody (Cody)\nI wake up, rinse my mouth with fuckin' codeine (Codeine)\nThirty bottles, yeah, the bill is on me (On me)\nBeen livin' fast, no, I can't take it slowly (Slowly)\nMan, my life so sweet, I feel like Cody (Cody)\nI wake up, rinse my mouth with fuckin' codeine (Codeine)\nWe on a bender, we ain't gettin' no sleep (No sleep)\nWe turned the hotel lobby to a party\n\n[Verse 2]\nMade a hundred bands, saw all your hands out (All your hands out)\nNo, my friend, can't do no handouts (Do no handouts)\nAll these rappers, all sound the same now (Sound the same now)\nSayin' I'm to blame, now y'all see me on the TV (Ooh)\nMultimillionaire by the time I'm 23 (Ooh)\nGettin' no sleep (no), ragin' for a week (Ooh)\nI hit number one and I ain't even hit my peak (Ahh)\nI just had to tell 'em\n\n[Pre-Chorus]\nI don't fuck with nobody, yeah, you hardly know me\nWhat you take me for, no, I can't save your soul\nI don't fuck with nobody, yeah, you hardly know me (Hardly know me)\nPlease just leave me alone (Leave me alone)\n\n[Chorus]\nMan, my life so sweet, I feel like Cody (Cody)\nI wake up, rinse my mouth with fuckin' codeine (Codeine)\nThirty bottles, yeah, the bill is on me (On me)\nBeen livin' fast, no, I can't take it slowly (Slowly)\nMan, my life so sweet, I feel like Cody (Cody)\nI wake up, rinse my mouth with fuckin' codeine (Codeine)\nWe on a bender, we ain't gettin' no sleep (No sleep)\nWe turned the hotel lobby to a party\n\n[Outro]\nWe ain't sleepin', we ain't sleepin', we ain't (We ain't sleepin', we ain't sleepin')\nWe ain't sleepin', we ain't sleepin' tonight (No)\nWe ain't sleepin', we ain't sleepin', no way (Oh, yeah, we ain't sleepin')\nPour that drink, 'cause we ain't sleepin' tonight (No)", "image": "https://images.genius.com/5f219498aca9f4c88e221a3b63d0a773.1000x1000x1.jpg"}], "artist": "Post Malone"}