{"songs": [{"title": "Big Lie", "album": "Stoney", "year": "2016-12-09", "lyrics": "[Intro]\nI know, I know\nI know, I know\nMustard on that beat, ho\n\n[Verse 1]\nRun it up, run it up, count it up, count it up\n'95 in my cup, nicotine in my blood\nGo, run it, run it, count it, count it\nGo, show me something, ayy, ayy\nGo, talkin' that shit, keep on barkin' lil' bitch\nBitches tryna get lit, damn\nRos\u00e9 poppin' with the Balmain on me\nAnd I keep on callin' and they know that I don't answer my cell\nNo, I don't know your momma\nI got so much commas, girl, you know I'm only into myself\n\n[Pre-Chorus]\nSay you flexin', that's a big lie\nWhen I pull up, give this bitch my life\nAnd you know that I'ma get mine, yeah, yeah\n\n[Chorus]\nSay you flexin', that's a big lie\nWhen I pull up, give this bitch live\nAnd you know that I'ma get mine, yeah, yeah\nSay you flexin', that's a big lie\nSay you got that shit you don't got\nHeard you say that shit a hundred times, yeah, yeah\n\n[Post-Chorus]\nSay you flexin', that's a big lie\nSay you flexin', that's a big lie\nSay you flexin', that's a big lie\nSay you flexin', that's a big lie\n\n[Verse 2]\nOoh, valet the park on the whip\nThe Caddy, the '76\nMy woman gon' box on a bitch\nThey don't want no part in that shit\nI got my money jumpin', I'm proud for ballin' on Fade\nDidn\u2019t watch the game, you can see that shit on replay\nI just drop the top and I pull up to your party\nI just grab a Bud and I pop the top on you, pour that water\n\n[Pre-Chorus]\nSay you flexin', that's a big lie\nWhen I pull up, get this bitch live\nAnd you know that I'ma get mine, yeah, yeah\n\n[Chorus]\nSay you flexin', that's a big lie\nWhen I pull up, get this bitch live\nAnd you know that I'ma get mine, yeah, yeah\nSay you flexin', that's a big lie\nSay you got that shit you don't got\nHeard you say that shit a hundred times, yeah, yeah\n\n[Bridge]\nAnd they know who we are, yeah\nAnd they know that we ballin'\nWhen you wanna get this money\nI don't want your bitch, just know it\n\n[Pre-Chorus]\nSay you flexin', that's a big lie\nWhen I pull up, get this bitch live\nAnd you know that I'ma get mine, yeah, yeah\n\n[Chorus]\nSay you flexin', that's a big lie\nSay you got that shit you don't got\nHeard you say that shit a hundred times, yeah, yeah\n\n[Bridge]\nAnd they know who we are, yeah\nAnd they know that we ballin'\nWhen you wanna get this money\nI don't want your bitch, just know it\n\n[Outro]\nI know, I know\nI know, I know\nI know, I know\nI know, I know", "image": "https://images.genius.com/0ae927fba5115df36264c55411711d51.1000x1000x1.jpg"}], "artist": "Post Malone"}