{"songs": [{"title": "Psycho (Remix)", "album": null, "year": null, "lyrics": "[Chorus: Post Malone]\nDamn, my AP goin' psycho, lil' mama bad like Michael\nCan't really trust nobody with all this jewelry on you\nMy roof look like a no-show, got diamonds by the boatload\nCome with the Tony Romo for clowns and all the bozos\nMy AP goin' psycho, lil' mama bad like Michael\nCan't really trust nobody with all this jewelry on you\nMy roof look like a no-show, got diamonds by the boatload\nDon't act like you my friend when I'm rollin' through my ends, though\n\n[Verse 1: Post Malone]\nYou stuck in the friend zone, I tell that four-five the fifth, ayy\nHunnid bands inside my shorts, DeChino the shit, ayy\nTry to stuff it all in, but it don't even fit, ayy\nKnow that I been with the shits ever since a jit, ayy\nI made my first million, I'm like, \"Shit, this is it,\" ayy\n30 for a walkthrough, man, we had that bitch lit, ayy\nHad so many bottles, gave ugly girl a sip\nOut the window of the Benzo, we get seen in the rent'\nAnd I'm like \"Whoa, man, my neck so goddamn cold\u201d\nDiamonds wet, my t-shirt soaked\nI got homies, let it go, oh\nMy money thick, won't ever fold\nShe said, \"Can I have some to hold?\"\nAnd I can't ever tell you no\n\n[Chorus: Post Malone]\nDamn, my AP goin' psycho, lil' mama bad like Michael\nCan't really trust nobody with all this jewelry on you\nMy roof look like a no-show, got diamonds by the boatload\nCome with the Tony Romo for clowns and all the bozos\nMy AP goin' psycho, lil' mama bad like Michael\nCan't really trust nobody with all this jewelry on you\nMy roof look like a no-show, got diamonds by the boatload\nDon't act like you my friend when I'm rollin' through my ends, though\n\n[Verse 2: Lil Pump]\nI got her off a molly\nMet the bitch at Papi\u2019s\nGave her ass a x pill\nNow she actin\u2019 sloppy\nI pull up in a Chevy\nLeft off in a Mazi\nI can\u2019t trust nobody\nWit all these bustdowns on me\nMy chain from Eliantte\nCost more than a \u2018Rari\nI got like 30 white bitches in the lobby\nI ubered yo auntie\nThat bitch really want me\nI just wrecked a Bentley\nThe flexer of the century (ooh!)\nTwo bustdowns on one arm (ooh!)\nGot the bitch pregnant cause I fucked her raw (huh!)\nShe just took a line\nThen she drink some Ciroc (Ciroc)\nGot 50 bitches and I\u2019m with Mally Mall (yeah!)\n\n[Chorus: Post Malone]\nDamn, my AP goin' psycho, lil' mama bad like Michael\nCan't really trust nobody with all this jewelry on you\nMy roof look like a no-show, got diamonds by the boatload\nCome with the Tony Romo for clowns and all the bozos\nMy AP goin' psycho, lil' mama bad like Michael\nCan't really trust nobody with all this jewelry on you\nMy roof look like a no-show, got diamonds by the boatload\nDon't act like you my friend when I'm rollin' through my ends, though", "image": "https://images.genius.com/fc7e20f4fe2f7dd19a877bb5cb1677bc.937x937x1.jpg"}], "artist": "Post Malone"}