{"songs": [{"title": "Wake Me Up", "album": null, "year": null, "lyrics": "[Pre-Chorus]\nI pulled up a foreign, they told me it's okay\nNo-no, no, no-no, I never went, no-no\nI'm coppin' a four-door, a-dunna-dun-dun-dun\nThey coppin' them commas, yeah\nNow I watch it unfold at the top of that, oh\nAnd I lie on the run, run, run, I, I\nAnd I watch it unfold at the top that, oh\nAnd I lie on that run, you mo'fucker\n\n[Chorus]\nWake me up from this nightmare that I live\nIt's something inside of me keeps on givin' in, ayy, ayy\nWake me up from this dream that never ends\nHaunting me, haunting me 'til my bitter end\nWake me up from this dream that never ends\nSomething inside of me keeps on givin' in, ayy, ayy\n\n[Bridge]\nIt ain't over, no, it ain't over\nNo, it ain't over\n\n[Pre-Chorus]\nI pulled up a foreign, they told me it's okay\nNo-no, no, no-no, I never went, no-no\nI'm coppin' a four-door, a-dunna-dun-dun-dun\nThey coppin' them commas, yeah\nNow I watch it unfold at the top of that, oh\nAnd I lie on the run, run, run, I, I\nAnd I watch it unfold at the top that, oh\nAnd I lie on that run, you mo'fucker\n\n[Chorus]\nWake me up from this nightmare that I live\nIt's something inside of me keeps on givin' in, ayy, ayy\nWake me up from this dream that never ends\nHaunting me, haunting me 'til my bitter end\nWake me up from this dream that never ends\nSomething inside of me keeps on givin' in, ayy, ayy\n\n[Verse]\nI don't know how to cop no foreign\nI don't know when another man comes\nI don't know, I don't know\nI don't know when another man comes\nAnd I wanna wonder when the pain will stop\nAnd I wanna wonder when I paid a lot\nAnd I wanna wonder when the pain will stop\nOh, ohh, oh, yeah\n\n[Outro]\nWake me up from this nightmare that I live\nIt's something inside of me keeps on givin' in", "image": "https://images.genius.com/fc7e20f4fe2f7dd19a877bb5cb1677bc.937x937x1.jpg"}], "artist": "Post Malone"}