{"songs": [{"title": "That's It", "album": null, "year": "2015-01-16", "lyrics": "[Intro - Sample]\n\n[Verse 1]\nWoke up in a hot tub, spillin' Moet, in the water\nThen I light my marijuana, take a shot up out the choppa\nJ's jumpin' out the locker, spend a little guapa\nShe want candy, Aaron Carter\nI called her Candy when I saw her, pull up with my brothers\nCandy-painted flyin' saucer, test me, you'll get flyin' colors\n\n[Pre-Chorus]\nHunnid bitches comin' up the steps\nTurn the front lights on, when I know they on they way\nShe said she don't wanna do too much drugs\nBelieve me, baby, I do this shit like every day, like every day\n\n[Chorus]\nShe don't want a thing, I don't want a thing\nShe come over, pop a couple beans\nAnd that's it, and that's it, ayy\nShe don't want a thing, I don't want a thing\nShe come over, pop a couple beans\nAnd that's it, and that's it\n(Stoney, Stoney, uh, yeah)\n\n[Verse 2]\nWanna talk about them Martins?\nDo you wanna talk about them Jordans?\nEnjoy a 40 every mornin', Everclear and some recordin'\n101, on the 101 like Jeff Gordon\nI just popped a pill, she just popped a pill\nAnd we might just pop some more, I ain't stoppin' 'til like 20\nUp until like 4, SmartWater like some dummies\nTakin' shots up out the semi, that shit kill me like I'm Kenny\n\n[Pre-Chorus]\nUh, bitches walkin' down the steps\nTurn the front lights off, got a blunt all to myself\nNo, I don't want all this shit to get too deep\nBut listen, baby, there ain't no shit with you and me\nNo \"you and me,\" no\n\n[Chorus]\nShe don't want a thing, I don't want a thing\nShe come over, pop a couple beans\nAnd that's it, and that's it, ayy\nShe don't want a thing, I don't want a thing\nShe come over, pop a couple beans\nAnd that's it, and that's it\nAnd that's it\n\n[Outro - Sample]", "image": "https://images.genius.com/c9254e27517c71d0559fd3fba142919f.500x500x1.jpg"}], "artist": "Post Malone"}