{"songs": [{"title": "Paranoid", "album": "\u200bbeerbongs & bentleys", "year": "2018-04-27", "lyrics": "[Verse 1]\nNever know when someone comes and tries to take my life\nI've been sleepin' with the .45 like every night\nIn the whip I pray to God I don't see flashin' lights\nGod damn, they right behind me\nAnd I wake up everyday\nI wake up every day with this anxiety\nAnd they know where I stay\nGot \"Malone\" on my plates\nAnd they followin' me\nTwo hundred bands under the floor of the kitchen\nA little more up in the walls and the ceilin'\nEven family and friends started switchin'\nEver since I got that check, seen 'em itchin'\n\n[Pre-Chorus]\nEyes open, I see you, I'm watchin' you\nMore people wanna be you, don't trust no one\n\n[Chorus]\nTell me why I can get no relief (I can't get no sleep)\nWonderin' when they'll come for me\nA paranoid man makes paranoid plans\nI do what I can, but it's out of my hands\nStrugglin' just to find my peace\n\n[Verse 2]\nSometimes feel like I got no friends\nCan't trust a soul, like I'm Snowden\nRight by the bed, keep it loaded\nLord have mercy if they broke in\nI don't ever sleep, yeah, I'm wide awake\nIf you try to pull up to my place\nBeam is gonna hit you a mile away\nI promise, one of us gonna die today\nHelicopters in the sky\nNo, he can't escape the eyes\nPoliticians and the lies\nTell me, what's the point in pickin' sides?\n\n[Chorus]\nTell me why I can get no relief (I can't get no sleep)\nWonderin' when they'll come for me\nA paranoid man makes paranoid plans\nI do what I can, but it's out of my hands\nStrugglin' just to find my peace\n\n[Bridge]\n(Ayy) Mind is runnin' all day\nCost me more than money and I'm payin' the price, yeah\nI ain't goin' nowhere\nKillin' myself so I can make me a life, yeah\nMinute after minute, never had a limit\nWoke up every mornin', knew that I just had to get it\nWindows always tinted, you ain't lookin' in it\nEither way, I know they'll come for me again\n\n[Chorus]\nTell me why I can get no relief (I can't get no sleep)\nWonderin' when they'll come for me\nA paranoid man makes paranoid plans\nI do what I can, but it's out of my hands\nStrugglin' just to find my peace", "image": "https://images.genius.com/5f219498aca9f4c88e221a3b63d0a773.1000x1000x1.jpg"}], "artist": "Post Malone"}