{"songs": [{"title": "Another Cup", "album": null, "year": "2015-01-06", "lyrics": "[Intro: Fki 1st]\nHahaha\nTurn up\nTurn up\nYeah\nHahaha\n\n[Pre-Chorus: Post Malone]\nTell my dudes, \"Bring the bottles to the crib\"\nCall them hoes, bring them models to the crib\nWe turnin' up, it's full throttle in this bitch\nFuck is up with all these haters talkin' shit?\n\n[Chorus: Post Malone]\nI just poured me up a cup\n(I just poured me up a cup)\nCall the plug and see what's up\n(Call my plug and see what's up)\nAyy, I just poured me up a cup\n(I just poured me up a cup)\nLemme show these haters up\n(Lemme show these haters up)\n\n[Verse 1: Post Malone]\nPut the damn lean in the rocka\nPull up to the scene b-b-baka\nBalmain, whole screen light the block up\nLookin' damn clean with the shopper\nScreaming \"Wu-tang Queen\", I'm a shopper\nThey see us lookin' evil with the hover\nPull up, ski-mask, balaclava\nDamn, let me do the honors (honors)\nSign my name over by the commas\nHit the dash, spend a grand at Benihana's (got me faded, oh my God)\nEverything designer\nMargiela got me lookin' like I'm walkin' on some water (oh shit)\nDrop the top on the whip for the summer\nJust finished this bottle, think I'm 'bout to pop another\nTell the waitress, \"Keep 'em comin'\" (damn right)\nWe always turnt up, ho, it's nothing\nAnd tell my old bitch \"don't worry who I'm fuckin'\" (uh)\nKeep the 'rari engine running, hit the gas and I fuckin' blast past\nSpillin' champagne out the damn glass\nBitch, I'm stuck (bitch, I'm stuck)\nAnd I'm livin' out in Cali now (bitch)\nAnd, bitch, my life is lavish now (turn up)\nBlowin' money and I'm laughin' now (laughin')\nRodeo, drive a 424, I'm cashin' out\n\n[Pre-Chorus: Post Malone]\nTell my dudes, \"Bring the bottles to the crib\"\nCall them hoes, bring them models to the crib\nWe turnin' up, it's full throttle in this bitch\n'Fuck is up with all these haters talkin' shit?\n\n[Chorus: Post Malone]\nI just poured me up a cup\n(I just poured me up a cup)\nCall the plug and see what's up\n(Call my plug and see what's up)\nAyy, I just poured me up a cup\n(I just poured me up a cup)\nLemme show these haters up\n(Lemme show these haters up)\n\n[Verse 2: Sauce Lord Rich & Fki 1st]\nI got four seats, talkin' four freaks, goin' balls-deep\nThink about it, fuckin' 'em in a fisher, I'ma foresee\nHo, please, saucin' 'til I'm forty like I'm OE\nHood name hot too, [?] name [?]\nSource Jef\u00e9, [?] like an es\u00e9\nKnown to get a little from my side like a temp fade\nI be in the A like a wrote a good essay\nAnd add a little L to it when I do my West thing\nShe be takin' shots, no Goldie\nIn the spur of the moment like Ginobili\nHit her with the Chris Paul, pass her to my homie\nKeep it a hunnid, told me I done it\nTold me to run it, drinkin' for nothing\nScreamin' out, \"Fuck it\", we'll make her buss it\nTurnin' up 'til it's over (ayy)\nWe done ball, hold up, hold up\n\n[Verse 3: Fki 1st]\nI been runnin' round that bit, ho, fuckin' with a thick chick\nRunnin' round this mo'fucker, tryna get my dick licked\nI'm coolin' with so many bitches, I'm feelin' [?], I'm on my ting shit\nI got 'em dirty dancin' in my mansion and my team lit\nNiggas poppin' bottle after bottle champagne-poppin'\nThey can't stop it so they clappin', yeah, things poppin'\nYeah, we popular, go check my fan-page\n\n[Pre-Chorus: Post Malone]\nTell my dudes, \"Bring the bottles to the crib\"\nCall them hoes, bring them models to the crib\nWe turnin' up, it's full throttle in this bitch\n'Fuck is up with all these haters talkin' shit?\n(Now hol' up, hahaha, tell my)\n\n[Chorus: Post Malone]\nI just poured me up a cup (sell my, turn up)\nCall the plug and see what's up (call my, turn up)\nAyy, I just poured me up a cup\nLemme show these haters up", "image": "https://images.genius.com/fc7e20f4fe2f7dd19a877bb5cb1677bc.937x937x1.jpg"}], "artist": "Post Malone"}