{"songs": [{"title": "Guacamole Carpet", "album": null, "year": null, "lyrics": "[Intro]\nOh, yeah\nYeah\nOh, oh\nOh\n\n[Chorus]\nOoh, I know, know, know, know\nOoh, don't grow, grow, grow, grow\nMy love, love, love, love\nOh, don't go, go, go, go\nDon't go, go, go, go\n\n[Verse 1]\nYou know it wasn't over when I said I'm gone\nI came right back to you, I\nWasn't over when I wanted\n'Cause I ran back to you, yeah, right back to you\n\n[Pre-Chorus]\nYou know I had enough when I said I gotta go, I gotta go, I gotta go\nOoh, and I said I wanna know, I wanna know, I wanna know\nBut I don't\n\n[Chorus]\nOoh, I know, know, know, know\nOoh, don't grow, grow, grow, grow\nMy love, love, love, love\nOh, don't go, go, go, go\nDon't go, go, go, go\n\n[Verse 2]\nTell me what I want to hear, make it crystal clear\nWhy you bringing out my fears, bringing out the tears?\nThe only love I'll ever know is walking down that road\nDoin' all my fuckin' worst\n\n[Pre-Chorus]\nYou know I had enough when I said I gotta go, I gotta go, I gotta go\nOoh, and I said I wanna know, I wanna know, I wanna know\nBut I don't\n\n[Chorus]\nOoh, I know, know, know, know\nOoh, don't grow, grow, grow, grow\nMy love, love, love, love\nOh, don't go, go, go, go\nDon't go, go, go, go", "image": "https://images.genius.com/fc7e20f4fe2f7dd19a877bb5cb1677bc.937x937x1.jpg"}], "artist": "Post Malone"}