{"songs": [{"title": "White Iverson (Remix)", "album": null, "year": "2015-12-07", "lyrics": "[Intro: French Montana + Post Malone]\nYou know what it is when you hear that, haaaaan?\nDouble OT\nPost Malone\nI'm a new breed\nMontana! Montana, haaan\n\n[Verse 1: French Montana]\nI'm surfin', surfin', I'm surfin' on you\nWavy, I'm wavy, I'm wavy on you\nStarted from the block, yeah I was broke, I\nThey ain't give me no choice but slang that coca\nDealt with the hand I was dealt like poker\nCame back with the 45, like Michael Jordan, like Jordan\nStarted rappin', they was laughin'\nBought a spaceship, bought a mansion, with J-Lo in the Hamptons\nDiamonds dancin', I bought me a crib with a lake\nPurple drank like grape, bitch jump off like Blake\nDiamonds lookin' like steak\nBeen gettin' real money, since I was so young\nMontana!\n\n[Chorus: Post Malone]\nSaucin', saucin', I'm saucin' on you\nI'm swaggin', I'm swaggin', I'm swaggin' oh ooh\nI'm ballin', I'm ballin', Iverson on you\nWatch out, watch out, watch out, yeah\nThat's my shot, that's my shot, that's my shot, yeah\nSpendin', I'm spendin' all my fuckin' pay\n\n[Verse 2: Post Malone]\nCigarettes and a headband\nCommas, commas in my head, man\nSlumped over like a dead man\nRed and black, 'bout my bread, man\nI'm the answer, never question\nLace up, learn a lesson\nBitch I'm saucin', I do this often, don't do no talkin'\nMy options right when I walk in, jump all them Jordans\nI'm ballin', money jumpin'\nLike I'm Davis from New Orleans\nOr bitch I'm Harden, I don't miss nothin'\nFuck practice, this shit just happens, know y'all can't stand it\nI have it, I'll never pass it, I work my magic\nHigh average, ball on these bastards, it makes me happy\nIt's tragic, I make it happen, and all y'all Shaqtin'\n\n[Pre-Chorus: Post Malone]\nWhite Iverson\nWhen I started ballin' I was young\nYou gon' think about me when I'm gone\nI need that money like the ring I never won, I won\n\n[Chorus: Post Malone]\nSaucin', saucin', I'm saucin' on you\nI'm swaggin', I'm swaggin', I'm swaggin' oh ooh\nI'm ballin', I'm ballin', Iverson on you\nWatch out, watch out, watch out, yeah\nThat's my shot, that's my shot, that's my shot, yeah\nSpendin', I'm spendin' all my fuckin' pay\n\n[Verse 3: Slim Jxmmi]\nYeah, Slim Jxmmi\nI spend it as I get it, I'm ballin' with no limits\nFuck practice, I'm the illest livin'\nAin't no games or gimmicks, I'm defyin' physics\nFlyin' through the air, saucin' with the hair, SKRRT SKRRT\nMatte black Range, big diamond earrings\nKeep a nigga on his game, I'm ballin' like AI\nSomewhere in LA, high, secret Sunday, I\nBlowin' all the bank\nYoung, Iverson\nWhen I started ballin' I was young\nI need that money like them rings I never won\nI need that money for them rings I never won\nSremmLife!\n\n[Pre-Chorus: Post Malone]\nWhite Iverson\nWhen I started ballin' I was young\nYou gon' think about me when I'm gone\nI need that money like the ring I never won, I won\n\n[Chorus: Post Malone]\nSaucin', saucin', I'm saucin' on you\nI'm swaggin', I'm swaggin', I'm swaggin' oh ooh\nI'm ballin', I'm ballin', Iverson on you\nWatch out, watch out, watch out, yeah\nThat's my shot, that's my shot, that's my shot, yeah\nSpendin', I'm spendin' all my fuckin' pay", "image": "https://images.genius.com/fc7e20f4fe2f7dd19a877bb5cb1677bc.937x937x1.jpg"}], "artist": "Post Malone"}