{"songs": [{"title": "Take My Heart **Snippet**", "album": null, "year": null, "lyrics": "[Verse: Post Malone]\nYou want to put your heart on ice\nYou're sick of the lonely nights\nYou wanna tell me that I ...\n\n[Verse: Swae Lee]\n....I can't see you walking out with\nCuz in my world....\n\n\nEnd Snippet..\n\n[This is just a snippet. Full lyrics will be revealed upon official release of the song.]", "image": "https://images.genius.com/fc7e20f4fe2f7dd19a877bb5cb1677bc.937x937x1.jpg"}], "artist": "Post Malone"}