{"songs": [{"title": "Oh God", "album": "August 26th", "year": "2016-05-12", "lyrics": "[Chorus]\nOh God, oh God save me\nNo I ain't gonna die for my baby\nOh, oh, oh, oh\nOh, oh, oh\n\n[Verse 1]\n20 dollars, keeping me eating\nMight just eat the apple from the garden of Eden\nThe way she call my name, the way she call my name\nThe way she call my name, I pray I'll be the same\n\n[Chorus]\nOh God, oh God save me\nNo I ain't gonna die for my baby\nOh God, oh God save me\nAin't no love for the ones who betray me\nOh, oh, oh, oh\nOh, oh, oh, ayy\n\n[Verse 2]\nDrop top, horses run, power steering\nDrive like hell to get away from this feeling\nThe way she call my name, the way she call my name\nTry take my soul away, yeah, bitch, make my day\n\n[Chorus]\nOh God, oh God save me (Oh wow, wow, wow)\nNo I ain't gonna die for my baby (Oh wow, wow, wow)\nOh God, oh God save me\nAin't no love for the ones who betray me", "image": "https://images.genius.com/600d436a748f1affd6af5c9a659d54fc.375x375x1.jpg"}], "artist": "Post Malone"}