{"songs": [{"title": "\u200b\u200brockstar (Latin Remix)", "album": null, "year": "2017-12-08", "lyrics": "[Intro: Nicky Jam, Ozuna]\nHey, yo\nNicky Jam\nOzuna (Ozuna)\nPost Malone\nSpanish Remix\nTrapstar\n(Tank God)\n\n[Coro 1: Nicky Jam]\nHago lo que quiera, compro lo que quiera, porque soy un rockstar (-tar)\nVoy pa'l avi\u00f3n privado en el Ferrari, en el tablero \"180\" (180)\nVoy de camino a Suiza pa' lanzar mi propio Hublot a la venta\nY voy llamando al Russo porque quiero gastarme un mill\u00f3n en prendas\n\n[Verso 1: Nicky Jam]\nUna Panamera, un F12 frente a casa\nGucci, Ferragamo, compro todo plaza (aj\u00e1)\nRhino pa' los cortas, ratas que te cazan\nMiles de hip\u00f3critas que vienen y te abrazan (yeh, yeh)\nVivo la vida como un rey (rra)\nKilos de m\u00fasica de Medell\u00edn a Monterrey (rey)\nSiempre cruzando todos los l\u00edmites de la ley (ley)\nMi movie siempre est\u00e1 en play (play)\nVivo la vida como un rockstar\nLos que tiraron ya no existen, obvio no est\u00e1n\nTengo brujas que con los palos te acuestan\nCon peine doble lleno que se manifiestan (woo)\nDicen que el dinero el alma me consume\nYo sigo celebrando en un jet por las nubes\nNadie me las daba cuando abajo solo estuve\nAhora la cuenta nunca declina, siempre sube\nSiempre sube, siempre sube, siempre (woo!)\n\n[Coro 2: Post Malone]\nI've been fuckin' hoes and poppin' pillies\nMan, I feel just like a rockstar (star, ayy, ayy)\nAll my brothers got that gas\nAnd they always be smokin' like a Rasta (-sta)\nFuckin' with me, call up on a Uzi\nAnd show up, man, name them the shottas (-tas)\nWhen my homies pull up on your block\nThey make that thing go grrra-ta-ta-ta (ta, pow, pow, pow)\n\n[Verso 2: Ozuna]\n'T\u00e1 bien, ustedes son los que m\u00e1s tienen\nVamos pa' los n\u00fameros y ver\u00e1n que son mis nenes\nLo que yo me compro no es pa' frontearle' a ustedes\nEs pa' yo llevarme a su mujer en la Mercedes\nMaybach, G Wagon, la llevo al privado\n30 mil de altura, de camino a Colorado\nLe regalo un AP en oro rosado\nMe dice que le gusta en el avi\u00f3n si se lo hago\nPreg\u00fantale a tu patr\u00f3n que sabe lo que es el amor\nEn PR calent\u00f3n, en RD reclam\u00f3n, y conectao' en el Bronx, ay, ay\nPreg\u00fantale a tu patr\u00f3n que sabe lo que es el amor\nEn PR calent\u00f3n, en RD reclam\u00f3n, y conectao' en el Bronx, ay, ay\n\n[Coro 3: Ozuna]\nYo soy una estrella, to'as las babys a m\u00ed me quieren, me reclaman\n200 el Richard Miller, pero m\u00e1s cabr\u00f3n que la casa est\u00e1 salda\nYo no tengo enemigos, tampoco amigos, a to los trato por igual\nQue canto pa' las babys no significa que no te la pueda' buscar\n\n[Coro 2: Post Malone]\nI've been fuckin' hoes and poppin' pillies\nMan, I feel just like a rockstar (star, ayy, ayy)\nAll my brothers got that gas\nAnd they always be smokin' like a Rasta (-sta)\nFuckin' with me, call up on a Uzi\nAnd show up, man, name them the shottas (-tas)\nWhen my homies pull up on your block\nThey make that thing go grrra-ta-ta-ta (ta, grrra-ta-ta-ta-ta)\n\n[Outro: Post Malone]\nStar, star, rockstar, rockstar, star\nRockstar\nRockstar, feel just like a rock...\nRockstar\nRockstar\nRockstar\nFeel just like a...", "image": "https://images.genius.com/0b6581862805ae6a2726c87a1e7f4f8e.1000x1000x1.jpg"}], "artist": "Post Malone"}