{"songs": [{"title": "92 Explorer", "album": "\u200bbeerbongs & bentleys", "year": "2018-04-27", "lyrics": "[Intro]\nOoh-ooh, wow\nAhh, yeah-yeah (Wow)\nYeah-yeah, yeah-yeah, yeah-yeah\nWe got London On Da Track\n\n[Verse 1]\nHunnid and twenty, come catch me\nForties inside of my belly\nShouldn't be drivin', I'm faded (Skrt, yeah)\nRock that Nirvana, my favorite\nDamn, I forgot what her name is\nShe in the front seat, head-bangin' (Yeah, yeah)\nYeah, money counter sound somethin' like a chopper, chopper (Chopper, chopper)\nSpeaker system bumpin', fuck your fuckin' block up (Fuck your block up)\nUsed to mock him, now it's custom Bentley mock-ups (Mock-ups)\nKiller drop, a call from lockup\nIf you buy that Echo, why you lyin'? You broke\nGot a nine in my tote, get you smoke like a stoge\nKeep on ridin' my coat, your new shit is a joke\nWhy you bitin' my flows? What you tryna be, Post?\nYeah\n\n[Chorus]\nOoh, baby, ooh, baby, guap keep expandin'\nOoh, yuck me up, I don't want no romancin'\nOoh, baby, I see these muhfuckas' glancin'\nWhen my whip stop, then my wheels keep spinnin' (Skrt)\nOoh, baby, ooh, baby, guap keep expandin'\nOoh, yuck me up, I don't want no romancin'\nOoh, baby, I see these muhfuckas' glancin'\nWhen my whip stop, then my wheels keep spinnin'\n\n[Verse 2]\n(Ooh)\nShe used to shoppin' at the mall (Ooh)\nI'll teach lil baby how to ball\nI hit Rodeo, spent like 40 G's (Wow)\nFour hunnid pairs of Gucci socks\nI lost all my friends, made a lot of foes\nMade a lot of M's, made a lot of O's\nOpen up the safe (Ooh), I'm just with the bros\nCop the 458, cost me 250 (Yeah)\nMan, look at all my ice (Ice)\nI hit your main thing twice (Your main thing twice)\nTake a word of advice (A word of advice)\nBreak up with that ho (Ho)\n\n[Chorus]\nOoh, baby, ooh, baby, guap keep expandin'\nOoh, yuck me up, I don't want no romancin' (Ohh)\nOoh, baby, I see these muhfuckas' glancin' (Ahh)\nWhen my whip stop, then my wheels keep spinnin' (Skrt)\nOoh, baby, ooh, baby, guap keep expandin' (Skrt)\nOoh, yuck me up, I don't want no romancin' (Skrt)\nOoh, baby, I see these muhfuckas' glancin'\nWhen my whip stop, then my wheels keep spinnin'\n\n[Bridge]\nCold wrist frozen\nGot sacks, Goldman\nBought the bar, Roseanne\nNo joke, deadpan\n\n[Chorus]\nOoh, baby, ooh, baby, guap keep expandin'\nOoh, yuck me up, I don't want no romancin'\nOoh, baby, I see these muhfuckas glancin'\nWhen my whip stop, then my wheels keep spinnin' (Skrt, skrt)\nOoh, baby, ooh, baby, guap keep expandin' (Skrt)\nOoh, yuck me up, I don't want no romancin' (Skrt)\nOoh, baby, I see these muhfuckas glancin' (Skrt)\nWhen my whip stop, then my wheels keep spinnin'\n\n[Outro]\nOoh (Ooo-ooo)\nYeah, haha (Ooo-ooo)\nOoh (Ooo-ooo)\n(Ooo-ooo)\nWe got London On Da Track", "image": "https://images.genius.com/5f219498aca9f4c88e221a3b63d0a773.1000x1000x1.jpg"}], "artist": "Post Malone"}