{"songs": [{"title": "Never Understand", "album": "August 26th", "year": "2016-05-12", "lyrics": "[Intro]\nGood job, First!\n\n[Chorus: Post Malone]\nI got bands\nBroke boys comin' to me with their open hands\nAnd I ain't trippin'\nI'm just sayin' now everybody wanna be my friend\nI finally fell in love\nNow all these bitches wanna come and fuck up my plans\nI'm just tryna be who I am\nIt's just somethin' they will never understand\nThey will never understand\nThey will never understand\nThey will never understand\nThey will never understand\nThey will never understand\nThey will never understand\nThey will never understand\nThey will never understand\n\n[Verse 1: Post Malone]\nSame life, gettin' rich, whoa I got a fuckin' problem\nTryna flex up on young Posty, we gon' tell them what's up (We gon' tell 'em)\nWe gon' tour motherfucker, came up, I ain't lonely\nGotta problem Santiago, 45 by the gut\nPost and 1st, we in the cut, we were smokin' on that woods\nAnd they think it smells good and they all want a puff (They want a puff)\nSaid they see me at the show, they was in the front row\nThey wanna fuck, I told them bitches come and jump on my bus\nWe got molly and we got Xans\nAnd we got drank and we got plants\nAnd we got white and we got gas\nAnd it's just somethin' they will never understand\n\n[Chorus: Post Malone]\nI got bands\nBroke boys comin' to me with their open hands\nAnd I ain't trippin'\nI'm just sayin' now everybody wanna be my friend\nI finally fell in love\nNow all these bitches wanna come and fuck up my plans\nI'm just tryna be who I am\nIt's just somethin' they will never understand\nThey will never understand\nThey will never understand\nThey will never understand\nThey will never understand\nThey will never understand\nThey will never understand\nThey will never understand\nThey will never understand\n\n[Verse 2: Larry June]\nThey will never understand\nThey used to didn't love me now they callin' me the man\nBaby, where are you goin'? Love, you know I got a plan\nI can elevate your life, your life (Yeah, yeah, yeah, yeah)\nKeep them niggas far away, they prayin' on my downfall\nYou don't fuck with me the long way so, baby, what you here for?\nIt could be so simple, meet me out in Frisco\nYeah yeah, yeah-hey\nCalculate your steps and keep your circle small\nUnderstand that nothin' lasts forever\nGlamorization of this lifestyle will leave you desperate\nYeah, yeah, yeah\n\n[Chorus: Post Malone]\nI got bands\nBroke boys comin' to me with their open hands\nAnd I ain't trippin'\nI'm just sayin' now everybody wanna be my friend\nI finally fell in love\nNow all these bitches wanna come and fuck up my plans\nI'm just tryna be who I am\nIt's just somethin' they will never understand\nThey will never understand\nThey will never understand\nThey will never understand\nThey will never understand\nThey will never understand\nThey will never understand\nThey will never understand\nThey will never understand", "image": "https://images.genius.com/600d436a748f1affd6af5c9a659d54fc.375x375x1.jpg"}], "artist": "Post Malone"}