{"songs": [{"title": "What's Up", "album": null, "year": "2015-05-20", "lyrics": "[Intro: Post Malone]\nYeah, yeah\nYou get down on the porch\nSlow it down for me\nBaby, what's up?\n\n[Chorus: Post Malone]\nLike what's up? Ooh\nWhat's up with that, what's up?\nTell me what's up with that, what's up? What's up? Ooh\nWhat's up with that what's up? What's up, up, up, up?\nLike what's up? Ooh\nWhat's up with that, what's up?\nTell me what's up with that, what's up? What's up? Ooh\nWhat's up with that, what's up? What's up, up, up, up?\nWhat's up with that, what's up?\n\n[Verse 1: Post Malone]\nWhat's up with that what's up?\nI'm tryna talk, just fuck up (fuck up)\nQuit fuckin' with them buzzards (buzzards)\nI'm tryna call your number (brrrr)\nYou've been playin' way too long (playin' way too long)\nI've been smokin' on that strong\nIn the studio too long\nBlowin' on that horn\nI'm just tryna get that on, woah\nAnd I ain't tryna stunt man, I'm tryna be honest\nAnd the style, that's swag, bitch, you know I be on it (ooh, ooh)\nI get you what you want, I get you what you want (you know that I will)\nWith that Christian Louboutin, I get you that shoe on (you know that I will)\nYou a shoo-in for first place (ayy)\nBut I'm feelin' so blue, ayy\nAnd I'm sippin' a forty (oh)\nShe keep playin' like Blu-Ray (oh)\nDrop the top on that toupee (skrrt)\nAnd I might cop that today (skrrt)\nBut I need me a you-day (oaky)\nAnd I'm just tryna hit it (woah), we could go up on a Tuesday (like Makonnen, like Makonnen)\nAnd I'm tryna fuck, why you playin' with me? (Why, why, why, why, why)\nWhy you playin' with me? (Why, why, why, why, why)\nGirl, I'm tryna call your number, tryna call your number\n\n[Chorus: Post Malone]\nLike what's up? Ooh\nWhat's up with that, what's up?\nTell me what's up with that, what's up? What's up? Ooh\nWhat's up with that what's up? What's up, up, up, up?\nLike what's up? Ooh\nWhat's up with that, what's up?\nTell me what's up with that, what's up? What's up? Ooh\nWhat's up with that, what's up? What's up, up, up, up?\nWhat's up with that, what's up?\n\n[Verse 2: 1st]\nWhat's up with the what's up?\nLine goin' crazy\nI got two phones, one an I, one a flip\nThat's the one all the flips hit (haha, hello?)\nShe call me when she wanna do the gymnast shit\nI got her doin' somersaults, Gabby Douglas backflips\nSo when's the last time you seen a big dick?\nShe said she like to kiss 'cause I got big lips\nAnd we got all that chemistry\nShe show me images\nPop a bean, now we limitless\nYou ain't gotta be real, baby, we could just pretend, aw\nI got her coughin' and wheezin' every time I pass her the indo\nAw, goddamn, bruh, all this sauce\nKeypad, unlock, then she pop her top (brrp)\nGirl, pick up the phone when I call you\n1st down, touchdown, I'ma go for two on you\nI ain't tryna put the pressure on you\nI got girls from here to Arizona\nLike what's up\n\n[Chorus: Post Malone]\nLike what's up? Ooh\nWhat's up with that, what's up?\nTell me what's up with that, what's up? What's up? Ooh\nWhat's up with that what's up? What's up, up, up, up?\nLike what's up? Ooh\nWhat's up with that, what's up?\nTell me what's up with that, what's up? What's up? Ooh\nWhat's up with that, what's up? What's up, up, up, up?\nWhat's up with that, what's up?\n\n[Outro: Post Malone]\nLook at me now\nLook at me now\nLook at me now, look at me now\nLook at me now\nLook at me now\nLook at me now, look at me now\nThe reason why I tell you what's up\nBaby, don't you know that's what's up?", "image": "https://images.rapgenius.com/b09c30ac2b55057945684ac998ae5b47.500x500x1.jpg"}], "artist": "Post Malone"}