{"songs": [{"title": "No Reason (Version 1)", "album": null, "year": null, "lyrics": "[Chorus: Kanye West]\nA hunnid years from now we gon' all be dead, all be dead\nAll be dead, so tonight, bitch, I might as well get head\n\n[Bridge: Post Malone]\nI got a tan line, I wear my fuckin' Rollie so much\nLil' bitch, you think you somethin' but I find you in the gutter\nKinda want it, bought it with the money, oh look\nWhich girl you don't fuck, I'm gonna tell you how to fuck her\n\n[Refrain: Post Malone]\nCount a hunnid bands, watch it swerve on the street (oh-yeah)\nCount a hunnid bands, will I know? No, not me (oh-oh-oh)\n\n[Verse 1: Post Malone]\nAn' I got a hunnid-thousand in my motherfuckin' bag\nPull up Saint Laurent and I put it on the jet (oh-oh-oh)\nMotherfuckin' jet, drop the top on a Bent'\nPull up to the fuckin' club and I'm smackin' on your bitch (oh-oh-oh)\nLil' mama gon' suck me up, hell no, 'cause we're on your season (oh-oh-oh)\nNow I got shawty on my...\nYeah, I left her for no reason\nLeon DeChino gon' fuck on your bitch\nI just don't remember nothing when I wake\nI just put forty-thousand on my wrist\nI just be like I'm a man on a mission (oh-oh-oh)\nGot a rattlesnake, keep it hissin' (rattle)\nAnd I hold it now with no reason (ayy)\n\n[Bridge: Post Malone]\nI got a tan line, I wear my fuckin' Rollie so much\nLil' bitch, you think you somethin' but I find you in the gutter\nKinda want it, bought it with the money, oh look\nWhich girl you don't fuck, I'm gonna tell you how to fuck her\n\n[Chorus: Kanye West]\nA hunnid years from now we gon' all be dead, all be dead\nAll be dead, so tonight, bitch, I might as well get head\nA hunnid years from now, we gon' all be dead, all be dead (Boom!)\nSo tonight, I might as well get head\n\n[Verse 2: Justin Bieber]\nAnd you talkin' that shit for no reason\nWhen you know you comin' home this evenin'\nWhy you wanna come and play with my emotions?\nWhen you know you should be going through the motions\nWe don't got no time to waste, whoa-oa-oa\nThis is not the time or place, oh-oh-ohhh\nThis the shit that make you wanna wow (wow, wow)\nAnd I really think I'm on that king shit\nMake you wanna bow down (bow down)\nOoh, I'm feelin' like I lost it now\nGot me runnin' like a faucet now\nTell 'em there's a new boss in town\nGirl, I'm feelin' like I'm lost and found\n'Cause I'm so up and down\n\n[Refrain: Post Malone]\nCount a hunnid bands, watch it swerve on the street (oh-oh-oh)\nCount a hunnid bands, will I know? No, not me\n\n[Chorus: Kanye West]\nA hunnid years from now we gon' all be dead, all be dead\nAll be dead, so tonight, bitch, I might as well get head\nA hunnid years from now we gon' all be dead, all be dead\nSo tonight, I might as well get head", "image": "https://images.genius.com/80834bad85ecebdfa0d1068cfb89cdcf.600x600x1.jpg"}], "artist": "Post Malone"}