{"songs": [{"title": "Git Wit U", "album": "August 26th", "year": "2016-05-13", "lyrics": "[Intro]\nShake, shake, shake, shake, shake\nShake, shake, shake, shake, shake\nOh\n\n[Chorus]\nSaid I wanna get with you, ayy (I wanna get with you)\nLil mama bust a move (Lil mama bust a move)\nSaid I wanna get with you (I wanna get with you)\nAyy, ooh, ooh, ooh (Ooh, ooh, ooh)\nAyy, ayy, ayy\n\n[Verse 1]\nAll these jewels, I'm just flossin' (Just flossin')\nPlainly on my boss shit (My boss shit)\nBad bitch on my carpet (My carpet)\nAll white, I'm so on God shit (On God shit)\nTwo hundred miles, get carsick\nOff a pill, feel nauseous\nAin't babysittin' these bitches\nI ain't Kevin Costner\nMulsanne got her brainless (Woo)\nWanna fuck? I'm almost famous (Woo)\nShe blow this thing, get faded (Woo)\nLil mama say that I'm jaded (Woo)\nMaybe you saw that I'm paid up\nYour man, he keep you so caged up\nI won't tell who you stay with\nThat's on everyone that I came with (I came with)\n\n[Bridge]\nYou know after we done I gotta roll (I gotta roll)\nYou know after we done I gotta go\n\n[Chorus]\nSaid I wanna get with you, ayy (I wanna get with you)\nLil mama bust a move (Lil mama bust a move)\nSaid I wanna get with you (I wanna get with you)\nOoh, ooh, ooh, oh (Ooh, ooh, ooh)\n\n[Verse 2]\nI'm the fuckin' man (Fuckin' man)\nJumpin' out the Benz (The Benz)\nEvery time you see\nI post these hundreds in my pants (My pants)\nI'll do what he can't (I can)\nJust wanna see you dance (You dance)\nDo something with that ass\nGirl, put something in my hands (My hands)\nShake, shake, shake, shake, shake\nDon't be shy, girl, it's okay (Okay)\nReal or fake, fake, fake, fake, fake (Fake, fake, sake)\nHow much did you pay, pay, pay? (Pay, pay, pay)\nI'ma let you wear my chain (My chain)\nJust might let you sip this 'pagne (This 'pagne)\nEvery single night the same (The same)\nLemme hear you say my name\n\n[Chorus]\nSaid I wanna get with you, ayy (I wanna get with you)\nLil mama bust a move (Lil mama bust a move)\nSaid I wanna get with you (I wanna get with you)\nOoh, ooh, ooh (Ooh, ooh, ooh)", "image": "https://images.genius.com/600d436a748f1affd6af5c9a659d54fc.375x375x1.jpg"}], "artist": "Post Malone"}