{"songs": [{"title": "Lonely", "album": "August 26th", "year": "2016-05-12", "lyrics": "[Intro: Post Malone & Jaden Smith]\nOh, whoa (Oh-oh)\nOh, whoa (Nah, nah, nah, nah, nah, nah, nah, nah, nah)\nOh, whoa (Oh-oh-oh)\n\n[Chorus: Jaden Smith]\nI just, can I, I just, I just, can I (Oh, oh, oh)\nI just, can I, I just, I just (Oh, oh, oh)\nCan I, I just\nI just want to see you (Damn)\nSomething I can see through, baby (Man)\nYou make my dreams come true\nCan I, can I, I just\n\n[Verse 1: Post Malone]\nAw, yeah, I just, ayy\nBaby, can I come and see you?\nI just, I just, ayy, girl, you seem always on the move\nBaby, I just cannot, uh, figure out what to do\nAnd I just, I just, uh, cannot let you go on your own\nAyy, why you got to be so inconsiderate wit' it?\nKnow that you mean more than any one of these bitches\nIt's like you wanna see me go and hop off some bridges, ayy\nEmo Posty woulda gone and cut up his wrists, ayy\nInstead, I'm going to drop a hundred bands on a whip, ayy\nOnly way I know to get my brain off of shit, ayy\nI just want to see you, maybe talk about shit, ayy\nI just want to see ya, you might feel for the kid\n\n[Bridge: Post Malone]\nIt's you that I have been searching for\nJust let me know what's good with y'all\nCan't keep on going back and forth\nWon't let you, won't let you, ayy\n\n[Chorus: Jaden Smith & Post Malone]\nI just, I just (Woo, skrrt)\nI just want to see you, damn (Damn, skrrt)\nSomething I can see through, baby (Yup, skrrt)\nYou're making my dreams come true, whoa, yeah, oh, yeah\nCan I, can I, 'cause I just want to see you (Man, man, hey, hey)\nSomething I can see through, baby (Woo)\nYou make my dreams come true (Whoa, yeah, oh, yeah)\n\n[Post-Chorus: Jaden Smith]\nI just, can I, I just, I just\nCan I come and see you?\nI just, something I can see through, baby\nI just, make my dreams come true, whoa, yeah, oh, yeah\n\n[Verse 2: Jaden Smith]\nYou're walking alone, you're walking alone\nI hate when you walk, at least talk on the phone\nThere's some creeps in this zone, you said, \"Joker, shut up, I should know how to walk\"\nI come from the Bronx, I said, \"Baby, it's cool, you know I like your talk\"\nWe keepin' it cool, we keepin' it, keep it\n\n[Chorus: Jaden Smith & Post Malone]\nI just, I just (Woo, skrrt)\nI just want to see you, damn (Damn, skrrt)\nSomething I can see through, baby (Yeah, man, skrrt)\nYou're making my dreams come true, whoa, yeah, oh, yeah\nCan I, can I, 'cause I just want to see you (Man, man, hey)\nSomething I can see through, baby\nYou make my dreams come true, whoa, yeah, oh, yeah\n\n[Outro: Post Malone & Jaden Smith]\n(Whoa, yeah, oh, yeah)\nI'ma never be alone\n(Whoa, yeah, oh, yeah)\n(Whoa, yeah, oh, yeah)\nI'ma never be alone\nWhen you're walkin' down the road", "image": "https://images.genius.com/600d436a748f1affd6af5c9a659d54fc.375x375x1.jpg"}], "artist": "Post Malone"}