{"songs": [{"title": "No Option", "album": "Stoney", "year": "2016-12-09", "lyrics": "[Refrain]\nHo, I look so clean and them motherfuckers just talkin'\nShow up at the spot and now everyone, they all watchin'\nDon't wanna prove you wrong but, shit, you leave me with no option, yeah, yeah\n\n[Verse 1]\nEverybody asking, \"Post, when is the album droppin'?\"\nEver since the very first day at it, I been poppin'\nDon't wanna prove you wrong but shit, you leave me with no option, yeah, yeah\nOoh, swingin' in a four-door\nNow they takin' photos\nBottles, we need more of those, ooh\nSay she been to every show, yeah\nEven on the road\nAnd she always be in front row, ooh yeah\nEverything that I worked for\nWaited so long to get on\nThe Caddy just sits on the chrome\nI swang through on dubs on the four\n\n[Chorus]\nBaby, wanna get in this S-Class\nLittle mama, she just wanna go fast\nYou know, baby, you don't get a free pass\nSo I told her, \"Ass, gas or grass\"\nRolex with the diamonds keep me shinin'\nGotta have perfect timin' when I'm ridin'\nBrand new Aston Martin with no mileage\nOoh, ooh, ooh, yeah\n\n[Refrain]\nHo, I'm so clean and them motherfuckers just talkin'\nShow up at the spot and now everyone, they all watchin'\nDon't wanna prove you wrong but shit, you leave me with no option, yeah, yeah\n\n[Verse 2]\nNow she hoppin' in a old-school\nSwimmin' in the carpool\nEverything is all cool, ooh\nYeah, she told me not to tell\n'Bout the rumors that I heard\nShe said, \"Everything was all true\", yeah\n\n[Chorus]\nBaby, wanna get in this S-Class\nLittle mama, she just wanna go fast\nYou know, baby, you don't get a free pass\nSo I told her, \"Ass, gas or grass\"\nRolex with the diamonds keep me shinin'\nGotta have perfect timin' when I'm ridin'\nBrand new Aston Martin with no mileage\nOoh, ooh, ooh, yeah\n\n[Bridge]\nJust me and lil' mama, yeah\nRidin' around LA\nJust me and lil' mama, yeah\nWe own the city, yeah\n\n[Chorus]\nBaby, wanna get in this S-Class\nLittle mama, she just wanna go fast\nYou know baby you don't get a free pass\nSo I told her, \"Ass, gas or grass\"\nRolex with the diamonds keep me shining\nGotta have perfect timin' when I'm ridin'\nBrand new Aston Martin with no mileage\nOh, oh\n\n[Outro]\nSo come hop in that, ooh\nWhat do you wanna do?\nPut that dime in my coupe\nWith that gold on my tooth, oh, yeah", "image": "https://images.genius.com/0ae927fba5115df36264c55411711d51.1000x1000x1.jpg"}], "artist": "Post Malone"}