{"songs": [{"title": "Feel", "album": "Stoney", "year": "2016-12-09", "lyrics": "[Verse 1: Post Malone]\nShe talking that noise, take her loving with the dawn\nAll while I talk on the phone\nAfter we fuck in the morn', she wake up, she wearin' my clothes\nShe always be callin' my phone\nShe always be stealin' my clothes, ayy\nAskin' me, \"How does it feel when you know you could buy out the store?\", ayy\nI'm Bathing Ape down to the floor, ayy\nI'm droppin' the four in the foreign, ayy\nI came a long way on my own, ayy\nI'm doin' this shit on my own, ayy\nI don't give a fuck what I'm told, ayy\nI came a long way on my own, ayy\nNow her pussy made out of gold, ayy\nI swear her pussy owning my soul\nShe got that sauce, yeah\nFour days a hundred thousand\nForever like a diamond\nShe bring me back to life, yeah\nI'm so fly, I'm martian\nQuit talkin' all that nonsense\nI'm just tryna fuck you 'til you don't know nothin', oh\n\n[Chorus: Kehlani & Post Malone]\nI cross my t's and dot my i's yeah I'm for real (Yeah, I'm for real)\nHe hold me down (She hold me down)\nThat's my shield (That's my shit)\nHe buy whatever, he know the drill (Know the drill)\nDon't need no pill (No pill, no)\nHe whispered in my ear and told me feel, feel, feel, oh, oh, oh (Feel, feel, yeah, feel, feel, yeah)\n\n[Verse 2: Kehlani]\nHe love that I say what I feel\nHe feel what I say 'cause it's real\nYou couldn't forget, I never changed up on my set\nAnd I only make calls to collect, that's why we connect\nWe can go half on a jet, baby, we on to the next\nFuck all the stress\nFuckin' with bitches who's new to the game when you got you a vet\nI know you like it when I act like I'm still shy\nThen turn around and put that thing in overdrive\nI'm down to ride\nI'ma keep you on my shoulder\n'Cause every cold nigga need a bitch that's ten times colder\n\n[Chorus: Kehlani & Post Malone]\nI cross my t's and dot my i's yeah I'm for real (Yeah, I'm for real)\nHe hold me down (She hold me down)\nThat's my shield (That's my shit)\nHe buy whatever, he know the drill (Know the drill)\nDon't need no pill (No pill, no)\nHe whispered in my ear and told me feel, feel, feel, oh, oh, oh (Feel, feel, yeah, feel, feel, yeah)\n\n[Outro: Post Malone]\nHey, fuck me 'til I can't see straight\nMake me think that ho was a mistake\nI just need to feel you all the time\nRide ho, ride ho, alright, alright, alright", "image": "https://images.genius.com/0ae927fba5115df36264c55411711d51.1000x1000x1.jpg"}], "artist": "Post Malone"}