{"songs": [{"title": "Holyfield", "album": null, "year": "2015-07-24", "lyrics": "[Pre-Chorus]\nYou seem a little different, from the last time I saw you\nI hear it in the way you talk too\nDon't know why you're trying to be somebody new\nYou seem a little different, from the last time I saw you\nI hear it in the way you talk too\nDon't know why you're trying to be somebody new\n\n[Chorus]\nI'm faded off a whole pill\nSuburban swerve on ghost wheels\nBitch biting on my ear like I'm Holyfield\nGot the gas and the splash like an oil spill\nWe don't give no fucks 'bout how you feel\nWe don't give no fucks man we riding still\nAin't got no fucks to give that's on moms for real\nAin't got no fucks to give that's on moms for real\nFor real, for real\n\n[Verse 1]\nI say send that cup over, they say that I won\u2019t go nowhere\nI said what part of 'I am the shit' do you not understand\nShe said she unemployed but that mouth can work\nYou'll drown in the wave if you cannot surf\nIf you don't know how to surf\n\n[Pre-Chorus]\nYou seem a little different, from the last time I saw you\nI hear it in the way you talk too\nDon't know why you're trying to be somebody new\n\n[Chorus]\nI'm faded off a whole pill\nSuburban swerve on ghost wheels\nBitch biting on my ear like I'm Holyfield\nGot the gas and the splash like an oil spill\nWe don't give no fucks 'bout how you feel\nWe don't give no fucks man we riding still\nAin't got no fucks to give that's on moms for real\nAin't got no fucks to give that's on moms for real\nFor real, for real\n\n[Verse 2]\nI, I know this is a lot to take in right now\nBut all that I did was to make all my family proud\nI still got to stunt\nI still got to flex\nFor the muhfuckers that said I wasn't going to be shit\nMan I got to\nI go to show that they're wrong\n\n[Pre-Chorus]\nYou seem a little different, from the last time I saw you\nI hear it in the way you talk too\nDon't know why you're trying to be somebody new", "image": "https://images.rapgenius.com/e3636ebbc8db6ff70d8db409265f8395.300x300x1.png"}], "artist": "Post Malone"}