{"songs": [{"title": "Wow.", "album": null, "year": "2018-12-24", "lyrics": "[Verse 1]\nSaid she tired of little money, need a big boy\nPull up 20 inch blades like I'm Lil\u2019 Troy\nNow it's everybody flockin', need a decoy\nShawty mixing up the vodka with the LaCroix, yeah\nG-Wagen, G-Wagen, G-Wagen, G-Wagen\nAll the housewives pullin\u2019 up (Up, up)\nI got a lot of toys, 720S bumpin' Fall Out Boy\nYou was talkin' shit in the beginning (Mm-mm)\nBack when I was feelin' more forgivin' (More forgivin')\nI know it piss you off to see me winnin' (See me winnin')\nSee the igloo in my mouth when I be grinnin\u2019 (I be grinnin\u2019), yeah\n\n[Chorus]\nHunnid bands in my pocket, it's on me\nHunnid deep when I roll like the army\nGet more bottles, these bottles are lonely\nIt\u2019s a moment when I show up, got 'em sayin', \"Wow\" (Wow, wow)\nHunnid bands in my pocket, it's on me (On me)\nYeah, your grandmama probably know me (Know me)\nGet more bottles, these bottles are lonely\nIt\u2019s a moment when I show up, got 'em sayin', \"Wow\" (Wow, wow)\n\n[Verse 2]\nEverywhere I go (Hey)\nCatch me on the block like I'm Mutombo (Wow)\n750 Lambo in the Utah snow (Skrrt)\nTrunk in the front like that shit Dumbo, yeah\nCut the roof off like a nip-tuck\nPull up to the house with some big butts\nTurn the kitchen counter to a strip-club (Yeah, wow)\nMe and Dre came for the...\nWhen I got guap, all of y'all just appeared (Wow)\nBefore I dropped Stoney none of y'all really cared (Cared)\nNow they always say, \"Congratulations,\" to the kid (Kid)\nAnd this is not a 40, but I'm pourin' out this shit (Yeah)\nUsed to have a lot, but I got more now (Yup)\nMade another hit 'cause I got bored now (Yup)\nAlways goin' for it, never punt fourth down\nLast call, Hail Mary, Prescott touchdown, ayy\n\n[Chorus]\nHunnid bands in my pocket, it's on me (On me)\nHunnid deep when I roll like the army (Hey)\nGet more bottles, these bottles are lonely\nIt's a moment when I show up, got 'em sayin', \"Wow\" (Wow, wow)\nHunnid bands in my pocket, it's on me (Yeah, yeah)\nYeah, your grandmama probably know me (Yeah, yeah)\nGet more bottles, these bottles are lonely\nIt's a moment when I show up, got 'em sayin', \"Wow\"\n\n[Outro]\nGot 'em sayin', \"Wow\"\nAyy, ayy, wow\nSayin', \"Wow\"\nWow\nWow", "image": "https://images.genius.com/3271f36b01904920ffe84a4e3076b31c.1000x1000x1.jpg"}], "artist": "Post Malone"}