{"songs": [{"title": "Why Don't You Love Me", "album": null, "year": "2014-01-23", "lyrics": "[Intro: Post Malone as Leon DeChino]\nLet me tell you a little story\nHey girl, love me\n\n[Verse 1: Post Malone as Leon DeChino]\nIn the middle of a cold dark night\nI heard a sound and I thought to myself, \"What was that?\"\nI got up and checked\nIt was you walking out my door\nYou said you loved me just moments before\nWhy'd you lie?\nWhat the heck?\n\n[Chorus: Post Malone as Leon DeChino & Jason Stokes as Jazzy Eff]\nOur love was as hot as a torch\nBut you couldn't take it anymore\nWhy don't you love me?\nWhy don't you love him?\nWhy don't you love me?\nWhy don't you love him?\nMy heart was beating like a very fast drum\nYou looked at me and said I'm not number one\nWhy don't you love me?\nWhy don't you love him?\nWhy don't you love me?\nWhy don't you love him?\n\n[Interlude: Post Malone as Leon DeChino]\nLet me introduce you to my friend, Jazzy Eff\n\n[Verse 2: Jason Stokes as Jazzy Eff &  Post Malone as Leon DeChino]\nDon't you know my friend would do anything?\nHe would sing to you from winter to spring\nYou betrayed him\nYou should go away\nHe really, really, really misses you bad (Yes he does)\nHe remembers all the times that y'all had\nHe's crying (I'm crying)\nThat's not okay\n\n[Chorus: Post Malone as Leon DeChino & Jason Stokes as Jazzy Eff]\nOur love was as hot as a torch\nBut you couldn't take it anymore\nWhy don't you love me?\nWhy don't you love him?\nWhy don't you love me?\nWhy don't you love him?\nMy heart was beating like a very fast drum\nYou looked at me and said I'm not number one\nWhy don't you love me?\nWhy don't you love him?\nWhy don't you love me?\nWhy don't you love him?\n\n[Bridge: Post Malone as Leon DeChino]\nStop, girl, what have you done?\nYou used to be sweet just like bubblegum\nNow you are no fun\nYou suck, you broke my heart\nStop, girl, what have you done?\nYou used to be sweet just like bubblegum\nNow you are no fun\nYou suck, you broke my heart\n\n[Chorus: Post Malone as Leon DeChino & Jason Stokes as Jazzy Eff]\nOur love was as hot as a torch\nBut you couldn't take it anymore\nWhy don't you love me?\nWhy don't you love him?\nWhy don't you love me?\nWhy don't you love him?\nMy heart was beating like a very fast drum\nYou looked at me and said I'm not number one\nWhy don't you love me?\nWhy don't you love him?\nWhy don't you love me?\nWhy don't you love him?\n\n[Outro: Post Malone as Leon DeChino]\nSo tell me, why, girl? Come on", "image": "https://images.genius.com/7a255d63587908a6906c3790cf5a1cd3.640x640x1.jpg"}], "artist": "Post Malone"}