{"songs": [{"title": "Monta", "album": "August 26th", "year": "2016-05-12", "lyrics": "[Intro: Post Malone]\nOoh, yeah\nI feel like Monta, bitch, I feel like Monta\nOoh, yeah, yeah\n\n[Chorus: Post Malone]\nI need my bucks ho, bitch, I feel like Monta (Monta)\nSmoke Golden State oh, bitch, I feel like Monta (Monta)\nEleven bad hoes, bitch, I feel like Monta (Ooh)\nAssist from Rondo, bitch, I feel like Monta (Monta)\nI need my bucks ho, bitch, I feel like Monta (Monta)\nI need my bucks ho, bitch, I feel like Monta (Monta)\nI need my bucks ho, bitch I feel like Monta (Monta)\nDon't give no fucks no, bitch, I feel like Monta (Monta)\n\n[Verse 1: Post Malone]\nAyy, I just flew into town, fresh off the jetty\nAnd then I Rondo my ho, I know she ready (I know she)\nBitch I'ma sauce on them hoes, might spend some bready\nAyy, and I just cut that ho off like a machete\nAyy, I'm a new three boy, white boy braids\nAnd I hit that shit good tell that pussy go away\nShe just want to come with me\nBut that pussy ain't enough, no way, no way\nBitch, I feel like Monta, I dunk it like rewind it\nBehind the back I pass it, Tyson Chandler with that alley\n\n[Chorus: Post Malone]\nYeah, yeah, I need my bucks ho, bitch, I feel like Monta (Monta)\nSmoke Golden State oh, bitch, I feel like Monta (Monta)\nEleven bad hoes, bitch, I feel like Monta (Ooh)\nAssist from Rondo, bitch, I feel like Monta (Monta)\nI need my bucks ho, bitch, I feel like Monta (Monta)\nI need my bucks ho, bitch, I feel like Monta (Monta)\nI need my bucks ho, bitch I feel like Monta (Monta)\nDon't give no fucks no, bitch, I feel like Monta (Monta)\n\n[Verse 2: Lil Yachty]\n(Uh, whoa, oh)\nWoah damn, I got bitches from Dallas up to Indiana (Okay)\nUsed to cross up and post when I pour fours in my Fanta (Okay)\nBitch, I ball like Kyle Korver when I post up in Atlanta (Swish)\nI feel like Monta Ellis, I got more hoes than Elvis (Yeah, hoes than)\nWho the fuck say the Lil Boat wasn't balling?\nI balling like Spalding you know this shit\nI won't sign no contract 'til my contract built\nLike a nigga who just went pro and shit\nI'm first-round pick, you can check my diamonds\nThey shining, they big as a toe and shit\nBitch, we bitin' like gators (Yeah)\nI count up my guap on them haters (Yeah)\nEleven hoes on me, I'm feelin' like Monta Ellis\nHad to cut some niggas off 'cause they was jealous\nBitch, I'm up by ten\nAin't no coming back, you know that I'm finna win (Yeah)\nBitch, it's Lil Boat for the MVP\nAll these niggas they wannabes (Lil Boat!)\n\n[Chorus: Post Malone]\nYeah, yeah, I need my bucks ho, bitch, I feel like Monta (Monta)\nSmoke Golden State oh, bitch, I feel like Monta (Monta)\nEleven bad hoes, bitch, I feel like Monta (Ooh)\nAssist from Rondo, bitch, I feel like Monta (Monta)\nI need my bucks ho, bitch, I feel like Monta (Monta)\nI need my bucks ho, bitch, I feel like Monta (Monta)\nI need my bucks ho, bitch I feel like Monta (Monta)\nDon't give no fucks no, bitch, I feel like Monta (Monta)", "image": "https://images.genius.com/600d436a748f1affd6af5c9a659d54fc.375x375x1.jpg"}], "artist": "Post Malone"}