{"songs": [{"title": "Up There", "album": "Stoney", "year": "2016-12-09", "lyrics": "[Refrain: Pharrell Williams]\nWoo-ooh-ooh-ooh-ooh\nWoo-ooh-ooh-ooh-ooh, woo-ooh\nWoo-ooh-ooh-ooh-ooh\nWoo-ooh-ooh-ooh-ooh, woo-ooh\n\n[Verse 1: Post Malone & Pharrell Williams]\nWent and took a ride in the dead of night\nAnd told myself that everything\u2019s okay (Okay, yeah)\nTry to understand how you standin' over me\nAnd girl, it's drivin' me crazy (Yeah)\nIt's freezin' fuckin' cold in the dead of night\nThe only heat, it come from the ashtray (The ashtray, yeah)\nI might as well get high as hell and just keep actin' like\nEverything doesn't phase me (Woo-ooh-ooh-ooh-ooh)\n\n[Pre-Chorus: Post Malone]\nYeah, take me all the way to the top, baby\nDon't even if I tell you to stop, baby\nTake me all the way to the sky, baby, baby\n\n[Chorus: Post Malone]\nI wanna go up there\nAnd I don't ever wanna come down\nI wanna see what's up there\nActin' like I got it all figured out\nI wanna go up there\nAnd I don't ever wanna come down\nI wanna see what's up there\nMust be better than the hell on the ground\n\n[Refrain: Pharrell Williams]\nWoo-ooh-ooh-ooh-ooh\nWoo-ooh-ooh-ooh-ooh, woo-ooh\nWoo-ooh-ooh-ooh-ooh\nWoo-ooh-ooh-ooh-ooh\n\n[Verse 2: Post Malone & Pharrell Williams]\nIt's freezin' fuckin' cold in the dead of night\nAnd I'ma drop the top with no Rogaine (Skrrt, skrrt, skrrt)\nAnd now might sound irrelevant but I prefer to stack my chips\nWhen everything fallin' (Backwoods)\nAnd I ain't religious but I look into the sky\nAnd pray to anyone holy (Anyone holy)\nI been drinkin' way too much and man I got the blues\nBecause my baby don't hold me (Woo-ooh-ooh-ooh-ooh)\n\n[Pre-Chorus: Post Malone]\nTake me all the way to the top, baby\nDon't even if I tell you to stop, baby\nTake me all the way to the sky, baby, baby\n\n[Chorus: Post Malone]\nI wanna go up there\nAnd I don't ever wanna come down\nI wanna see what's up there\nActin' like I got it all figured out\nI wanna go up there\nAnd I don't ever wanna come down\nI wanna see what's up there\nMust be better than the hell on the ground\nI wanna go up there\nAnd I don't ever wanna come down\nI wanna see what's up there\nActin' like I got it all figured out\nI wanna go up there\nAnd I don't ever wanna come down\nI wanna see what's up there\nMust be better than the hell on the ground", "image": "https://images.genius.com/0ae927fba5115df36264c55411711d51.1000x1000x1.jpg"}], "artist": "Post Malone"}