{"songs": [{"title": "Hollywood Dreams / Come Down", "album": "August 26th", "year": "2016-05-12", "lyrics": "[Part I: Hollywood Dreams]\n\n[Intro]\nAh, ah, ah, ahh\nAh, ah, ah, ahh\nWoo, woo, ayy\n\n[Verse 1]\nI'm in a four-door down Rodeo\nI'm getting fucked up, I'm losing control\nI'm bumping Fleetwood, she tryna turn off my song\nShe keep asking where the party at\nI got a flask full of vodka in my passenger seat\nMy homie got a mansion says that we could crash it for free\nWe gotta take the phones because we can't let nobody see\nWe pop a pill since you ain't have not a thing to eat, oh, oh, ooh\n\n[Chorus]\nThunder only happens when it's raining\nAnd players only love you when they're playing, ayy\nSay, women, they will come and they will go\nWhen the rain washes you clean, you'll know\n\n[Post-Chorus]\nYou will know\nYou will know\nYou will know\nYou will know, oh, oh\n\n[Verse 2]\n'Cause I got dreams, don't hold me down\nSo I'ma let you free, don't wanna hold you out\nI'ma leave when the sun comes\n\n[Chorus]\nThunder only happens when it's raining\nAnd players only love you when they're playing, ayy\nSay, women, they will come and they will go\n\n[Interlude]\nGo, go, go, go, go, go, go\n\n[Part II: Come Down]\n\n[Chorus]\nI thought that I would learn by now\nI thought that I would never come down (I would never come down)\nJust last night we was going so hard (So hard)\nBut now I can't feel my heart\nAnd yeah, let me down easy, don't let me down rough\nDon't let me go to sleep, getting up is gon' be tough\nThey was all actin' sleazy, they all said I was the one (I was the one)\nAnd with any damn luck, I'ma wake up with the sun\nHope I wake up with the sun this morning, oh\nI hope I wake up with the sun this morning, oh\n\n[Verse]\nAnd let it pour, let it pour, let it pour, let me roll\nMan, I'm on a roll, I'm so up in my zone\nThey thought that I was fuckin' done with Iverson\nBut I'm still ballin' on these bitches, let 'em know\nI just want everything, I want it all in advance\nThey just want me call it quits\nHomie, just roll up a cig\nLil Posty don't fuck with y'all\nNever been fuckin' with y'all\nWe pull up, they standing in awe\nYeah, your bitch, she know who we are\n\n[Chorus]\nI thought that I would learn by now\nI thought that I would never come down\nJust last night we was going so hard (Woo)\nBut now I can't feel my heart\nAnd yeah, let me down easy, don't let me down rough\nDon't let me go to sleep, getting up is gon' be tough\nThey was all actin' sleazy, they all said I was the one\nAnd with any damn luck, I'ma wake up with the sun\nHope I wake up with the sun this morning\nI hope I wake up with the sun this morning", "image": "https://images.genius.com/600d436a748f1affd6af5c9a659d54fc.375x375x1.jpg"}], "artist": "Post Malone"}