{"songs": [{"title": "Patient", "album": "Stoney", "year": "2016-11-18", "lyrics": "[Intro]\nYeah, yeah, yeah\n\n[Chorus]\nYeah, I know my wrist be dancin' crazy (Crazy)\nBeen on some fly shit lately (Lately)\nUsed to be so damn patient (Patient)\nBut now it's \"Fuck you, pay me\" (Pay me)\nCan't let these motherfuckers phase me (Phase me)\nNever let that money change me (Change me)\nAin't the way my momma raised me (Raised me)\nDon't mean to brag, but can you blame me? (Yeah)\n\n[Verse 1]\nTwo hundred K and VVS, yellow diamonds (Skrrt, skrrt)\nThey wanna run up but they won't never find me (No way)\nSleep right next to the F&N\nMotherfuckers the government\nShut down all the plotting (Bop, bop, bop)\nOne hundred bands on my body (Ooh, ooh)\nYeah, fuck with them boys, touch your body (Touch your body, touch your)\nLil' momma just want my pockets (Outta pocket)\nYeah, 'Rari take off like a rocket (Skrrt, skrrt, skrrt, skrrt)\nYeah, hold up, you too close (Too close)\nI don't know, I don't know ya (I don't know ya, skrrt, skrrt, skrrt, skrrt, skrrt)\nHad to run it, run it up\nHow I roll, how I roll, yeah (That's how I roll)\nIt's like after you pop off (Pop off)\nThey all act like they know ya (They know ya)\nAnd Young Post be like Pablo (Like Pablo)\nAnd they all love to blow, yeah (Yeah, yeah)\n\n[Chorus]\nI know my wrist be dancin' crazy (Whoa)\nBeen on some fly shit lately (Whoa)\nUsed to be so damn patient (Whoa)\nBut now it's \"Fuck you, pay me\" (Yeah)\nCan't let these motherfuckers phase me (Whoa)\nNever let that money change me\nAin't the way my momma raised me (Whoa)\nDon't mean to brag, but can you blame me? (Yeah)\n\n[Verse 2]\nTwo hundred, swerving, dippin', dodge on the highway (Skrrt)\nYou may contain me but you won't never stop me (No)\nOn her way to my residence (Yeah, yeah, yeah)\nTry message your boo again\nShe pullin' up prolly (Pullin' up prolly)\nYeah, strally inside of that Bentley (Inside that Bentley)\nYeah, come take a tat' on my belly (Bow, bow)\nYeah, people actin' too friendly, man\nThey tryna get dividends (Yeah)\nThis shit is a problem (This shit's a problem)\nYeah, you just be talkin' shit but ain't ever met me (Whoa)\nDeChino fucked your bitch and now you resent me (Whoa)\nI know them people but they don't represent me (Whoa)\nThem wastemen, we gonna make 'em all pay (Yeah, whoa)\nThey will never stop the plan\nEighty jumpin' off my hand\nRollie, Rollie, Rollie (Rollie, Rollie)\nBust it open (Bust it open), holy moly (Holy moly)\n\n[Chorus]\nI know my wrist be dancin' crazy (Whoa)\nBeen on some fly shit lately (Yeah, yeah)\nUsed to be so damn patient (Whoa)\nBut now it's \"Fuck you, pay me\" (Whoa)\nCan't let these motherfuckers phase me (Phase me)\nNever let that money change me\nAin't the way my momma raised me (Raised me)\nDon't mean to brag, but can you blame me? (Yeah)\n\n[Outro]\nOh, oh, oh, oh, whoa\nOh, oh, oh, oh, whoa\nOh, oh, oh, oh, whoa\nOh, oh, oh, oh, whoa\nOh, oh, oh, oh, oh\nMmm, yeah\nMmm, yeah", "image": "https://images.genius.com/0ae927fba5115df36264c55411711d51.1000x1000x1.jpg"}], "artist": "Post Malone"}