{"songs": [{"title": "Psycho", "album": "\u200bbeerbongs & bentleys", "year": "2018-02-23", "lyrics": "[Chorus: Post Malone]\nDamn, my AP goin' psycho, lil' mama bad like Michael\nCan't really trust nobody with all this jewelry on you\nMy roof look like a no-show, got diamonds by the boatload\nCome with the Tony Romo for clowns and all the bozos\nMy AP goin' psycho, lil' mama bad like Michael\nCan't really trust nobody with all this jewelry on you\nMy roof look like a no-show, got diamonds by the boatload\nDon't act like you my friend when I'm rollin' through my ends, though\n\n[Verse 1: Post Malone]\nYou stuck in the friend zone, I tell that four-five the fifth, ayy\nHunnid bands inside my shorts, DeChino the shit, ayy\nTry to stuff it all in, but it don't even fit, ayy\nKnow that I been with the shits ever since a jit, ayy\nI made my first million, I'm like, \"Shit, this is it,\" ayy\n30 for a walkthrough, man, we had that bitch lit, ayy\nHad so many bottles, gave ugly girl a sip\nOut the window of the Benzo, we get seen in the rent'\nAnd I'm like \"Whoa, man, my neck so goddamn cold\u201d\nDiamonds wet, my t-shirt soaked\nI got homies, let it go, oh\nMy money thick, won't ever fold\nShe said, \"Can I have some to hold?\"\nAnd I can't ever tell you no\n\n[Chorus: Post Malone]\nDamn, my AP goin' psycho, lil' mama bad like Michael\nCan't really trust nobody with all this jewelry on you\nMy roof look like a no-show, got diamonds by the boatload\nCome with the Tony Romo for clowns and all the bozos\nMy AP goin' psycho, lil' mama bad like Michael\nCan't really trust nobody with all this jewelry on you\nMy roof look like a no-show, got diamonds by the boatload\nDon't act like you my friend when I'm rollin' through my ends, though\n\n[Verse 2: Ty Dolla $ign]\nThe AP goin' psycho, my Rollie goin' brazy\nI'm hittin' lil' mama, she wanna have my babies\nIt's fifty on the pinky, chain so stanky\nYou should see the whip, promise I can take yo' bitch\nDolla ridin' in an old school Chevy, it's a drop top\nBoolin' with a thot-thot, she gon' give me top-top\nJust one switch, I can make the ass drop (Hey)\nAyy, take you to the smoke shop\nWe gon' get high, ayy, we gon' hit Rodeo\nDial up Valentino, we gon' hit Pico\nTake you where I'm from, take you to the slums\nThis ain't happen overnight, no, these diamonds real bright\nSaint Laurent jeans, still in my Vans though\nAll VVS', put you in a necklace\nGirl, you look beautiful tonight\nStars on the roof, they matching with the jewelry\n\n[Chorus: Post Malone]\nDamn, my AP goin' psycho, lil' mama bad like Michael\nCan't really trust nobody with all this jewelry on you\nMy roof look like a no-show, got diamonds by the boatload\nCome with the Tony Romo for clowns and all the bozos\nMy AP goin' psycho, lil' mama bad like Michael\nCan't really trust nobody with all this jewelry on you\nMy roof look like a no-show, got diamonds by the boatload\nDon't act like you my friend when I'm rollin' through my ends, though", "image": "https://images.genius.com/3e907a630b59fcbf26c48a5a1b20066c.1000x1000x1.jpg"}], "artist": "Post Malone"}