{"songs": [{"title": "Deja Vu", "album": "Stoney", "year": "2016-09-09", "lyrics": "[Verse 1: Post Malone]\n'Cause I can't take it no more\nNo, you ain't like them bitches\nTell them hoes adios\nAnd you can drop your panties\nLeave them shits at the door\nDior falls on the floor\nI swear we been here before\nI'm tryna see you from my own perspective\nYou all in my section tryna come to my session\nWe rollin' up pressure, you know that we flexin'\nWe bought all the bottles, we came with the models\nGirl this a confession, I'm not like your exes\nI came up from Texas, and now that we textin'\nYou can fly in whenever, now you undressin'\nPanties on the dresser, your hair gettin' messed up\nThe feelin' we catchin', my love is a blessin'\nMade love in that Lexus, made love in that Lexus\nI know you remember (I know you remember)\n\n[Chorus: Justin Bieber & Post Malone]\nTell me, is that d\u00e9j\u00e0 vu? (Ooh, ooh)\n'Cause you want me and I want you (Ooh, ooh)\nTell me, is that d\u00e9j\u00e0 vu? (Ooh, ooh)\n'Cause baby it ain't nothing new, no\nTell me, is that d\u00e9j\u00e0 vu? (Ooh, ooh)\n'Cause you want me and I want you (Ooh, ooh)\nTell me, is that d\u00e9j\u00e0 vu? (Ooh, ooh)\n'Cause baby, this ain't nothing new, no\n\n[Verse 2: Justin Bieber]\nOh, you acting reckless\nI told you that I need affection (Need affection)\nSo let me point you in the right direction (Right direction)\nIt's so important that you get the message (Ooh)\nYeah, yeah, I gotta say, gotta say somethin' to you, you, you\nI'm on a roll, I'm gonna roll out in that new, new, new\nIf you wanna do what I wanna do\nWell uhm-uhm-uhm\nWell I guess that is just deja vu\n\n[Chorus: Justin Bieber & Post Malone]\nTell me, is that d\u00e9j\u00e0 vu? (Ooh, ooh)\n'Cause you want me and I want you (Ooh, ooh)\nTell me, is that d\u00e9j\u00e0 vu? (Ooh, ooh)\n'Cause baby it ain't nothing new, no\nTell me, is that d\u00e9j\u00e0 vu? (Ooh, ooh)\n'Cause you want me and I want you (Ooh, ooh)\nTell me, is that d\u00e9j\u00e0 vu? (Ooh, ooh)\n'Cause baby, this ain't nothing new, no\n\n[Bridge: Justin Bieber & Post Malone]\nTell me if you want it, baby\n'Cause I know I can drive you crazy\nI just wanted you to know now\nOh-oh, oh-oh\nShow up in that new Mercedes, you already know I'm faded\nGirl, I've been thinkin' about you lately\nOh-oh, oh-oh\n\n[Chorus: Justin Bieber & Post Malone]\nTell me, is that d\u00e9j\u00e0 vu? (Ooh, ooh)\n'Cause you want me and I want you (Ooh, ooh)\nTell me, is that d\u00e9j\u00e0 vu? (Ooh, ooh)\n'Cause baby it ain't nothing new, no\nTell me, is that d\u00e9j\u00e0 vu? (Ooh, ooh)\n'Cause you want me and I want you (Ooh, ooh)\nTell me, is that d\u00e9j\u00e0 vu? (Ooh, ooh)\n'Cause baby, this ain't nothing new, no\n\n[Outro: Post Malone]\n'Cause I can't take it no more\nNo, you ain't like them bitches\nTell them hoes adios\nAnd you can drop your panties\nLeave them shits at the door\nDior falls on the floor\nI swear we been here before", "image": "https://images.genius.com/3e0d261d3c69065d03fcfad203340fc0.600x600x1.jpg"}], "artist": "Post Malone"}