{"songs": [{"title": "Boy Bandz", "album": null, "year": "2015-12-25", "lyrics": "[Intro]\nI got *NSYNC dancing on my neck\nAnd these Cubans cost a motherfucking check\nGot boy bands like I'm Lance Bass\nSo pretty lil momma come away\n(Come my way, come my way, come my way)\nBaby bye bye bye\nBaby bye bye bye\nI got *NSYNC dancing on my neck\nAnd these Cubans cost a motherfucking check\nGot boy bands like I'm Lance Bass\nPretty lil momma come my way\n(Come my way, come my way, come my way)\n\n[Chorus]\nI got *NSYNC dancing on my neck\nAnd these Cubans cost a motherfucking check\nGot boy bands like I'm Lance Bass\nPretty lil momma come my way\nI got N'Sync dancing on my neck\nAnd these Cubans cost a motherfucking check\nGot boy bands like I'm Lance Bass\nPretty lil momma come my way\n\n[Verse]\nAyy\nYoung motherfucker swing my gold\nEverybody act like they know\nEverybody want to do the most\nI don't do Balmain no more\nAnd tell that motherfucker pour more\nI spill ghost blood on my coat\nMight rock Moncler when I'm cold\nGoddamn that's a whole 'lotta dough\nGot them Backstreet Boys, ayy\nLot of chains but I swear I ain't ever change\nAnd I might pull up in a Mercedes\nWith 16 gold teeth in my face\nAnd you know if I want it, I'ma get it\nAnd if I owe you something, I'ma pay it\nIf you want to say something, then say it\nIf you want to try the jewels, make my day\n\n[Chorus]\nI got *NSYNC dancing on my neck\nAnd these Cubans cost a motherfucking check\nGot boy bands like I'm Lance Bass\nSo pretty lil momma come my way", "image": "https://images.rapgenius.com/e5305220a92e13972451e903175003d1.1000x564x1.png"}], "artist": "Post Malone"}