{"songs": [{"title": "Picture Me Rollin' (Remix)", "album": null, "year": null, "lyrics": "[Verse 1]\nCloud nine, where you can find me and my dime\nLike Roosevelt in his prime, wait till I'm in my prime\nThe moon and the stars will align on my Louis V. belt like Orion\nTo whom say he cool\nBut the irony is I can hold the bottom of an iron\nWith the bottom of my palm\nI say so much so little, all action, no talk\nLike a mime throwin' up gang signs\nIt's not all about punchlines, I don't do that\nI'm a jaguar, you just a new cat, now move back\nKendrick Lamar on the radar for success\nAimin' for the top like an AR aimed at your neck\nI can never digress \u2018less I get demoted to death\nEven then I\u2019ll be the best still like a petty theft\nI will conquer my biggest dreams\nOnce you open the cage, I bet that I\u2019ll spread my wings\nNipsey got street cred, Jay Rock got street cred\nAnd all I got is bad credit, big ears and big head\nBut still they\u2019ll feel me cause we all ate cereal\nHumped the momma friend daughter while they bump the stereo\nBackflips on shoppin' carts, free lunch at the park\nWatched Power Rangers after school, here we go\nI\u2019m so Comptonized, I will never compromise\nFor no fussy-ass A&R or TEO\nWe ain't what you think and you think we back\nBut we been here for decades and I vouch for that\nOpen your mouth for that\nSpeak well like a great debater over iChat\nGet your other eye cracked\nI don\u2019t rap, I Iraq and declare war\nI enjoy watchin' enemies' blood pour\nI came up lower middle class, not poor\nSo don\u2019t feel sorry for me, I don\u2019t need y\u2019all to love me\nI need y\u2019all to feel me\nAnd if you feelin' froggy to leap, then feel free\nMy feeling\u2019s all aside, my pride is deprived\nBy the ultimate prize I'm a get when I see your suicide\n\n[Hook]\nToo hot to handle, too dope to hold\nTwo dope boys, we roll deep, everybody gather your seats\nWe goin' to cloud nine, we comin' back in a week\nAnd the weak good riddance\nOnly the strong permitted to ride and test drive\nWith Kendrick the Jedi\nOne of a kind like great antiques museums buy\nHaters, I tell 'em, 'Hi', enemies, I don't tell 'em shit but puta\nClick, booyah, click, click", "image": "https://images.rapgenius.com/79340562821e3449a6df3155c59ee061.1000x1000x1.png"}], "artist": "Kendrick Lamar"}