{"songs": [{"title": "Lyrical G", "album": null, "year": null, "lyrics": "Gangsta, gangsta, gangsta x 5\nWhen I kick it, I kick it as if the beat was my enemy\nYou have thought it was tender me on point like a widow P\nGot that leverly give them dearies that do what it do\nPayin a picture like duderline, you ain't shit but do do\nIn the city where see me get pointed that damn it you\nYou can hide, you get it if you want to\nI do karate moves but the crushing tiger just might get broken down by a writer\nYeah the passenger hopped out\nBut you got shot by the driver\nThere's a killer like everywhere\nSo why would you take it there\nNeighborhood terrorist got the terror when this people scared\nThat's why my intelligence tell me to keep a banker you\nTell me f*ck you I'll tell you f*ck you back with my index finger\nI can flip on some killershit but I'd rather keep cool\nKeep it sober minded try not to be a p**sy like you\nNigga that kale cold attack, Cali on my back till my torso break nigga\nThis is where it's at that's gangsta\nGangsta, gangsta, gangsta x 5\nI'm so malicious I blow your wicked\nMake em close as stigiuos, hells kitchen I'm blowing dishes\nThis is spoken wisdom as I journey a poe and mission\nI'ma lift it, my flow is gift it\nShe cold with a bow and ribbon the role of riches\nLow the bisquits let's go to distance\nI'm blow and listen my car how why you with a broken mission\nThey so suspicious, low and vicious with no convictions\nJuries making their own decisions they want us to go to prison\nCall adrenaline I got this soul like a poe living\nAnd.like I'm co-existent to prohibition\nI'm a dressin critics who say these widows the best as spit it\nMother of statistics they rap with metaphysics\nAnd they yeah simplistic, they stay out as repetition\nShow some recognition hold your .my pessimistic\nBest that ever did it, Papoose is the definition\nGangsta, gangsta, gangsta x 5", "image": "https://images.genius.com/25d8a9c93ab97e9e6d5d1d9d36e64a53.1000x1000x1.jpg"}], "artist": "Kendrick Lamar"}