{"songs": [{"title": "These Walls", "album": "To Pimp a Butterfly", "year": "2015-10-13", "lyrics": "[Produced by Terrace Martin & Larrance Dopson; Additional production by Sounwave]\n[Directed by Colin Tilley & The Little Homies]\n\n[Intro: Kendrick Lamar & Anna Wise]\nI remember you was conflicted, misusing your influence\nSometimes, I did the same\n(Woman moaning)\nIf these walls could talk\nIf these walls could talk\nIf these walls could talk\nIf these walls could talk\nIf these walls could talk\nIf these walls could talk-\nSex\n\n[Bridge: Anna Wise & Kendrick Lamar]\nShe just want to close her eyes and sway\nWith you, with you, with you\nExercise her right to work it out\nIt's true, it's true, it's true\nShout out to the birthday girls\nSay hey (Hey), say hey (Hey), (Ah, girl)\nEveryone deserves a night to play (Play)\nShe plays, only when you tell her no\n\n[Hook: Anna Wise, Thundercat & Bilal]\nIf these walls could talk\nI can feel your reign when it cries, gold lives inside of you\nIf these walls could talk\nI love it when I\u2019m in it, I love it when I\u2019m in it\n\n[Verse 1: Kendrick Lamar]\nIf these walls could talk, they\u2019d tell me to swim good\nNo boat, I float better than he would\nNo life jacket, I\u2019m not the God of Nazareth\nBut your flood can be misunderstood\nWalls telling me they full of pain, resentment\nNeed someone to live in them just to relieve tension\nMe, I\u2019m just a tenant\nLandlord said these walls vacant more than a minute\nThese walls are vulnerable, exclamation\nInterior pink, color coordinated\nI interrogated every nook and cranny\nI mean, it's still amazing, before they couldn\u2019t stand me\nThese walls want to cry tears\nThese walls happier when I\u2019m here\nThese walls never could hold up\nEvery time I come around, demolition might crush\n\n[Hook: Anna Wise, Thundercat & Bilal]\nIf these walls could talk\nI can feel your reign when it cries, gold lives inside of you\nIf these walls could talk\nI love it when I\u2019m in it, I love it when I\u2019m in it\n\n[Verse 2: Kendrick Lamar]\nIf these walls could talk, they\u2019d tell me to go deep\nYelling at me continuously, I can see\nYour defense mechanism is my decision\nKnock these walls down, that\u2019s my religion\nWalls feeling like they ready to close in\nI suffocate, then catch my second wind\nI resonate in these walls\nI don\u2019t know how long I can wait in these walls\nI\u2019ve been on the streets too long\nLooking at you from the outside in\nThey sing the same old song\nAbout how they walls always the cleanest\nI beg to differ, I must\u2019ve missed them\nI\u2019m not involved, I\u2019d rather diss 'em\nI\u2019d rather call on you, put your wall up\n'Cause when I come around, demolition gon\u2019 crush\n\n[Hook: Anna Wise, Thundercat & Bilal]\nIf these walls could talk\nI can feel your reign when it cries, gold lives inside of you\nIf these walls could talk\nI love it when I\u2019m in it, I love it when I\u2019m in it\n\n[Instrumental Break]\n\n[Verse 3: Kendrick Lamar]\nIf your walls could talk, they\u2019d tell you it\u2019s too late\nYour destiny, accept it, your fate\nBurn accessories and stash them on the yard\nTake the recipe, the Bible and God\nWall telling you that commissary is low\nRace wars happening, no calling CO\nNo calling your mother to save you\nHomies to say you're irrepetible, not acceptable\nYour behavior is Sammy the Bull like\nA killer that turned snitch\nWalls is telling me you a bitch\nYou pray for appeals hoping the warden would afford them\nThat sentence so important\nWalls telling you to listen to Sing About Me\nRetaliation is strong, you even dream 'bout me\nKilled my homeboy and God spared your life\nDumb criminal got indicted same night\nSo when you play this song, rewind the first verse\nAbout me abusing my power so you can hurt\nAbout me and her in the shower whenever she horny\nAbout me and her in the after hours of the morning\nAbout her baby daddy currently serving life\nAnd how she think about you until we meet up at night\nAbout the only girl that cared about you when you asked her\nAnd how she fuckin' on a famous rapper\nWalls can talk (Talk)\n\n[Poem: Kendrick Lamar]\nI remember you was conflicted\nMisusin' your influence\nSometimes I did the same\nAbusin' my power, full of resentment\nResentment that turned into a deep depression\nFound myself screamin' in a hotel room", "image": "https://images.genius.com/ffb1a13cfda120ba85ab9e2a83a4e158.1000x1000x1.jpg"}], "artist": "Kendrick Lamar"}