{"songs": [{"title": "Growing Apart (To Get Closer)", "album": "Overly Dedicated", "year": "2010-09-14", "lyrics": "[Produced by Tae Beast]\n\n[Chorus: Jhene Aiko]\nWhere are we going, why are we slowing down\nWhere are you going, we should be growing now\n(Smoke to it nigga, smoke to it nigga)\nWhere are we going, we should be slowing down\nWhere are you going, we should be growing now\n\n[Verse 1: Kendrick Lamar]\nThat\u2019s what she said to me, that place I used to call home\nIs just a bed to me\nWe don\u2019t even sleep, neighbors can hear her weep\nMeanwhile I\u2019m in these streets with everybody, I\u2019m trying to get it\nAnd she know they got me, I watch her feelings watch me\nAs they staring with the saddest eyes of loneliness\nLook each other in the face and barely blink\nI tried to make it right but the pen ran out of ink\nSo if my letters don\u2019t reach you, I hope these lyrics in sync\n\n[Chorus: Jhene Aiko]\nWhere are we going, why are we slowing down\nWhere are you going, we should be growing now\n\n[Verse 2: Kendrick Lamar]\nThat\u2019s what it said to me, but the place I call ambition\nNow dead to me, gone and forgotten, I\u2019m off track\nLike Dale Earnhardt, my liver rotten, alcoholic tripping\nFucking bad bitches and they got bad intentions\nClub night, guys and dolls\nBalling out but I'm 'bout to drop the ball\nI\u2019m calling out for help, my engineer called\nTold me come to the studio but I wanna tell him, nah\n\n[Chorus: Jhene Aiko]\nWhere are we going, why are we slowing down\nWhere are you going, we should be growing now\n\n[Verse 3: Kendrick Lamar]\nThat\u2019s what he said to me\nBut that place we call Heaven's unfair to me, only 144 can go\nSeven billion people on planet Earth today\nIs there something that I don\u2019t know\nI know to follow Him rather following people\nOr follow vanity cause that means I\u2019m following evil\nGuess I\u2019m following evil, I should follow cathedral\nBlessings I need but live like I don\u2019t need you\n\n[Chorus: Jhene Aiko]\nWhere are we going, why are we slowing down\nWhere are you going, we should be growing now\n\n[Verse 4: Kendrick Lamar]\nSometimes we lose focus, planning our own demise\nForgetting the big picture and making it wallet size\nSo to what is important in my life, I apologize\nI promise to stay faithful, focused and sanctified\nWe all get distracted, the question is\nWould you bounce back or bounce backwards? Would you not know\nHow to act or take action? It\u2019s just a part of life\nAnd if your vision\u2019s impaired, you probably lose it all tonight\n\n[Outro: Jhene Aiko]\nTryna visualize how to get it right but my vision\u2019s so blurry\nTryna slow it down, stay close to the ground, but we\u2019re always in a hurry\nAnd if I could make this world spin a little slower, then I would\nThen we could grow a little closer, I think we\u2019re getting closer...", "image": "https://images.genius.com/9e1efc6d0a7044dbf2f0776a12ed85b8.620x620x1.jpg"}], "artist": "Kendrick Lamar"}