{"songs": [{"title": "\u200bi (Album Version)", "album": "To Pimp a Butterfly", "year": "2015-03-15", "lyrics": "[Produced by Rahki]\u200b\u200b\u200b\u200b\u200b\u200b\u200b\u200b\u200b\u200b\u200b\u200b\u200b\u200b\u200b\u200b\u200b\u200b\u200b\n[Directed by Alexandre Moors and the Little Homies]\n\n[Intro]\nIs this mic on? (Hey, move this way, this way)\nHey, Hey! Hey! Turn the mic up, c'mon, c'mon\nIs the mic on or not? I want the mic\nWe're bringing up nobody, nobody...\nNobody but the number one rapper in the world\nHe done traveled all over the world\nHe came back just to give you some game\nAll of the little boys and girls, come up here\n(One two, one two, what's happening, fool?)\nCome right here, this is for you, come on up\nKendrick Lamar, make some noise, brother\nI done been through a whole lot\nTrial, tribulation, but I know God\nThe Devil wanna put me in a bow tie\nPray that the holy water don't go dry\nAs I look around me\nSo many motherfuckers wanna down me\nBut an enemigo never drown me\nIn front of a dirty double-mirror they found me\n\n[Chorus]\nAnd (I love myself)\nWhen you lookin' at me, tell me what do you see?\n(I love myself)\nAhh, I put a bullet in the back of the back of the head of the police\n(I love myself)\nIlluminated by the hand of God, boy, don't seem shy\n(I love myself)\nOne day at a time\n\n[Verse 1]\nThey wanna say it's a war outside, bomb in the street\nGun in the hood, mob of police\nRock on the corner with a line for the fiend\nAnd a bottle full of lean and a model on the scheme uh\nThese days of frustration keep y'all on tuck and rotation (Come to the front)\nI duck these cold faces, post up fi-fie-fo-fum basis\nDreams of reality's peace\nBlow steam in the face of the beast\nSky could fall down, wind could cry now\nLook at me motherfucker I smile-\n\n[Chorus]\nAnd (I love myself)\nWhen you lookin' at me, tell me what do you see?\n(I love myself)\nAhh, I put a bullet in the back of the back of the head of the police\n(I love myself)\nIlluminated\u2014\nAll ya'll come to the front, ya'll come up to the front\n(I love myself)\nBaby what about you, come on\n\n[Verse 2]\n(Crazy, what you gon' do?)\nLift up your head and keep moving, (Keep moving) turn the mic up\n(Haunt you)\nPeace to fashion police, I wear my heart\nOn my sleeve, let the runway start\nYou know the miserable do love company\nWhat do you want from me and my scars?\nEverybody lack confidence, everybody lack confidence\nHow many times my potential was anonymous?\nHow many times the city making me promises?\nSo I promise this, nigga\n\n[Chorus]\n(I love myself)\nWhen you lookin' at me, tell me what do you see?\n(I love myself)\nAhh, I put a bullet in the back of the back of the head of the police\n(I love myself)\nIlluminated by the hand of God, boy don't seem shy\n(I love myself)\n\n[Bridge]\nHuh (Walk my bare feet) Huh (Walk my bare feet)\nHuh (Down, down valley deep) Huh (Down, down valley deep)\n(I love myself) Huh (Fi-fie-fo-fum) Huh (Fi-fie-fo-fum)\n(I love myself) Huh (My heart undone) one, two, three\n\n[Verse 3]\nI went to war last night\nWith an automatic weapon, don't nobody call a medic\nI'ma do it till I get it right\nI went to war last night (Night, night, night, night)\nI've been dealing with depression ever since an adolescent\nDuckin' every other blessin', I can never see the message\nI could never take the lead, I could never bob and weave\nFrom a negative and letting them annihilate me\nAnd it's evident I'm moving at a meteor speed\nFinna run into a building, lay my body...\n\n[Spoken Interlude]\n(Offstage Argument)\nNot on my, not while I'm up here\nNot on my time, kill the music, not on my time\nWe could save that shit for the streets\nWe could save that shit, this for the kids bro\n2015, niggas tired of playin' victim dog\nNiggas ain't trying to play vic\u2014 TuTu, how many niggas we done lost?\nYan-Yan, how many we done lost?\nNo for real, answer the que\u2014, how many niggas we done lost bro?\nThis\u2014, this year alone\nExactly, so we ain't got time to waste time my nigga\nNiggas gotta make time bro\nThe judge make time, you know that, the judge make time right?\nThe judge make time so it ain\u2019t shit\nIt shouldn\u2019t be shit for us to come out here and appreciate the little bit of life we got left, dog\nOn the dead homies, Charlie P, you know that bro\nYou know that\nIt\u2019s mando, right, it's mando\nAnd I say this because I love you niggas man\nI love all my niggas bro\nExac\u2014 enough said, enough said\nAnd we gon' get back to the show and move on, because that shit petty my nigga\nMic check, mic check, mic check, mic check, mic check\nWe gon' do some acapella shit before we get back to-\nAll my niggas listen, listen to this:\n\n[Verse 4]\nI promised Dave I'd never use the phrase \"fuck nigga\"\nHe said, \"Think about what you saying: \"Fuck niggas\"\nNo better than Samuel on Django\nNo better than a white man with slave boats\"\nSound like I needed some soul searching\nMy Pops gave me some game in real person\nRetraced my steps on what they never taught me\nDid my homework fast before government caught me\nSo I'ma dedicate this one verse to Oprah\nOn how the infamous, sensitive N-word control us\nSo many artists gave her an explanation to hold us\nWell, this is my explanation straight from Ethiopia\nN-E-G-U-S definition: royalty; king royalty - wait listen\nN-E-G-U-S description: black emperor, king, ruler, now let me finish\nThe history books overlook the word and hide it\nAmerica tried to make it to a house divided\nThe homies don't recognize we been using it wrong\nSo I'ma break it down and put my game in a song\nN-E-G-U-S, say it with me, or say it no more\nBlack stars can come and get me\nTake it from Oprah Winfrey, tell her she right on time\nKendrick Lamar, by far, realest Negus alive", "image": "https://images.genius.com/ffb1a13cfda120ba85ab9e2a83a4e158.1000x1000x1.jpg"}], "artist": "Kendrick Lamar"}