{"songs": [{"title": "Swimming Pools (Black Hippy Remix)", "album": null, "year": "2012-10-22", "lyrics": "[Produced by T-Minus]\n\n[Intro: Ab-Soul]\nPlayas always trying to pop bottles\nNiggas love to pop bottles\nThen get you a table my nigga\nGet you a table my nigga\n\n[Bridge: Kendrick Lamar]\nPour up, drank, head shot, drank\nSit down, drank, stand up, drank\nPass out, drank, wake up, drank\nFaded, drank, faded, drank\n\n[Verse 1: Jay Rock]\nNo syrup in this cup but this that po' up\nWhen you see me po' up, turn up til you throw up\nLike a bulemic fiending, for hurl over them toilets\nIf I run out of liquor in your city, yo where the store at?\nOne bottle, two bottles I'm a soldier, never sober\nCup runneth over, don't give a fuck about cirrhosis\nOne life, that's all we have, Ok lets toast to that\nThen dive in a pool full of liquor\nSwim laps like Michael Phelps\n\n[Hook: Kendrick Lamar]\nNigga why you babysittin only two or three shots?\nI'mma show you how to turn it up a notch\nFirst you get a swimming pool full of liquor, then you dive in it\nPool full of liquor, then you dive in it\nI wave a few bottles, then I watch em all flock\nAll the girls wanna play Baywatch\nI got a swimming pool full of liquor and they dive in it\nPool full of liquor I'mma dive in it\n\n[Bridge: Kendrick Lamar]\nPour up, drank, head shot, drank\nSit down, drank, stand up, drank\nPass out, drank, wake up, drank\nFaded, drank, faded, drank\n\n[Verse 2: Ab Soul]\nUsed to wake up every morning to a glass of Alize\nHope this dollar shot of E&J will take the pain away\nAim and shoot, shots of Ciroc will make the girls get loose\nWith it we all trippin off the hen like a female chicken\nYou with it? (Soulo)\nSpread your wings, you probably won't get far\nI honestly wouldn't advise operating a car\nTry not to let the peer pressure get the best of ya\nAnd end up giving it up in a restroom like the rest of us\n\n[Hook: Kendrick Lamar]\nNigga why you babysittin only two or three shots?\nI'mma show you how to turn it up a notch\nFirst you get a swimming pool full of liquor, then you dive in it\nPool full of liquor, then you dive in it\nI wave a few bottles, then I watch em all flock\nAll the girls wanna play Baywatch\nI got a swimming pool full of liquor and they dive in it\nPool full of liquor I'mma dive in it\n\n[Bridge: Kendrick Lamar]\nPour up, drank, head shot, drank\nSit down, drank, stand up, drank\nPass out, drank, wake up, drank\nFaded, drank, faded, drank\n\n[Verse 3: Schoolboy Q]\nSo it's that groovy little nigga\nKnown for popping them bottles\nUnder my pants be a golden dick\nBitch, everything about me solid\nBurberry nigga, them be my draws\nAlexander McQueen in closets\nSwagged out king, yeah nigga I'm Puff, uh\nHave that pussy throbbing\nSomeone tell me where the drugs at, I'm into that\nTwisting off them molly caps\nCiroc too don't fuck wit Goose\nCan I get a shot, swim in your juice\nWorth a stack a minute, everyday that shit repeat\nI ain't tryna sweep you off your feet\nBitch did you see your tab receipt?\n\n[Hook: Kendrick Lamar]\nNigga why you babysittin only two or three shots?\nI'mma show you how to turn it up a notch\nFirst you get a swimming pool full of liquor, then you dive in it\nPool full of liquor, then you dive in it\nI wave a few bottles, then I watch em all flock\nAll the girls wanna play Baywatch\nI got a swimming pool full of liquor and they dive in it\nPool full of liquor I'mma dive in it\n\n[Bridge: Kendrick Lamar]\nPour up, drank, head shot, drank\nSit down, drank, stand up, drank\nPass out, drank, wake up, drank\nFaded, drank, faded, drank\n\n[Interlude: Kendrick Lamar]\n(Sherane)\nAw man... where is she taking me...\nWhere is she taking me...\n\n[Verse 4: Kendrick Lamar]\nAll I, all I, all I, all I\nAll I have in life is my new appetite for failure\nAnd I got hunger pain that grow insane\nTell me do that sound familiar?\nIf it do then you're like me\nMaking excuse that your relief\nIs in the bottom of the bottle\nAnd the greenest indo leaf\nAs the window open I release\nEverything that corrode inside of me\nI see you joking, why you laugh?\nDon't you feel bad?\nI probably sleep, and never ever wake up\nNever ever wake up, never ever wake up\nIn God I trust\nBut just when I thought I had enough\n\n[Outro: Kendrick Lamar]\nMore, more, bless me more\nWe gon drink this mothafucka down, more\nBottoms up then we pass it round, more\nFill it up more, not enough, more\nBless me more\nWe gon drink this mothafucka down, more\nBottoms up then we pass it round, more\nFill it up more, not enough, more\nFill it up more, not enough, more\nFill it up more, not enough, more", "image": "https://images.rapgenius.com/688e7e6dce6531b55c7be1a39c23b076.500x500x1.jpg"}], "artist": "Kendrick Lamar"}