{"songs": [{"title": "Best Rap Album Acceptance Speech 2018 Grammys", "album": null, "year": "2018-01-28", "lyrics": "This is special, man. As my guy Mozzy say, you know, God up top all the time\u2014real talk, you know. Hip-hop, man. I said hip-hop.\n\nThis is a special award because of rap music. This is the thing that got me on the stage. This got me to tour all around the world, support my family and all that. Most importantly it showed me a true definition of what being an artist was.\n\nFrom the jump I thought it was about the accolades and the cars and the clothes. But it\u2019s really about expressing yourself and putting that paint on the canvas for the world to evolve for the next listener, the next generation after that, you know what I\u2019m saying? Hip-hop has done that for me.\n\nI got a lot of guys in this building right now that I still idolize to this day: Jay-Z, Nas, Puff, you know. These guys showed me the game through their lyrics, from close and from afar.\n\nSo with that being said, this trophy to hip-hop, real talk. That\u2019s love, baby. Jay for president!", "image": "https://images.genius.com/25d8a9c93ab97e9e6d5d1d9d36e64a53.1000x1000x1.jpg"}], "artist": "Kendrick Lamar"}