{"songs": [{"title": "Cartoon & Cereal", "album": null, "year": "2012-02-15", "lyrics": "[Produced By: J.LBS & T.H.C]\n\n[Intro]\nI wanna hit line drives...\nWanna lose weight and keep eating...\nFor you...\nHey, whats up doc?\n\n[Bridge]\nNow I was raised in a sandbox, next to you and her\nYou was holding the handgun, she was giving birth\nTo a baby boy to be just like you, I-I wonder what's that worth\nI-I wonder if you ever knew that you was a role model to me first\nThe next day I-I woke up in the morning, seen you on the news\nLooked in the mirror, then realized that I-I-I had something to prove\nYou told me \"Don't be like me, just finish watching cartoons\"\nWhich is funny now cause all I see is Wile E. Coyotes in the room\n\n[Hook: Kendrick Lamar and Gunplay]\nAnd I run it (Blow! Blow! Blow! Blow!)\nAnd I run it (Blow! Blow! Blow! Blow!)\nAnd I run it (Yeah! Blow!)\nAnd I run it (Yeah! Blow!)\nThat's ironic (Blow! Blow! Blow! Blow!)\nIronic (Blow! Blow! Blow! Blow!)\nThat's ironic (Y-Yeah!  Blow!)\nIronic(Yeah!  Blow! Yeah!)\nSalt all in my wounds\nHear my tears all in my tunes\nLet my life loose in this booth\nJust for you, mothafucka, hope y'all amused\nAnd I run it (Blow! Blow! Blow! Blow!)\nAnd I run it (Blow! Blow! Blow! Blow!)\nAnd I run it (Y-Yeah! Blow!)\nAnd I run it (Yeah! Blow!)\nThat's ironic\n\n[Interlude]\nLiberation...leader...\nPopular pie plant pictured here...\nWile E. Coyote! Wile E. Coyote!\n\n[Verse 1: Kendrick Lamar]\nThis shit make a nigga just wanna write\nReminisce when I had the morning appetite\nApple Jacks and after that I hit the TV Guide\nAnimaniac the only thing that gave me peace of mind\nI\u2019m a maniac when aiming at the enemy that lied\nTell a story that I'll never grow to 25\nNot to worry, every warrior will come and see euphoria\nAnd that's a covenant I put on every tribe\nAin't nobody gon' tie your shoe\nNobody gon' abide by your rule\nNobody holding your gun, how come your tongue say killa then kill my mood\nLight speed living in the world you know\nLittle old me, feeling like a live wire\nBet I put some new tires on a lightning bolt\n'Til I wreck into a pole, like a right to vote\nI'm from the bottom of the jungle\nLiving in the bottom of the food chain\nWhen you get a new chain, nigga take it from you\nA new name, want stripes, and you a zebra look-alike\nHope another homicide don't numb you a nun do\nThings we will never learn soon\nIn the era where we wanna earn soon\nThat's a error, you can smell it in the air and everybody really doomed\nThat's why I'm backdooring you motherfuckas\nAll y'all can suck my dick\nAll them days at the county building\nI'm 'bout to make my mama rich\nCartoons and (cereal!) I ain't felt this (good since!)\nScrooge McDuck, (here we go!) Elementary hood shit\n\n[Bridge]\nNow I was raised in a sandbox, next to you and her\nYou was holding the handgun, she was giving birth\nTo a baby boy to be just like you, I wonder what's that worth\nI-I wonder if you ever knew that you was a role model to me first\nThe next day I-I woke up in the morning, seen you on the news\nLooked in the mirror, then realized that I-I-I had something to prove\nYou told me \"Don't be like me, just finish watching cartoons\"\nWhich is funny now cause all I see is Wile E. Coyotes in the room\n\n[Hook: Kendrick Lamar and Gunplay]\nAnd I run it (Blow! Blow! Blow! Blow!)\nAnd I run it (Blow! Blow! Blow! Blow!)\nAnd I run it (Yeah! Blow!)\nAnd I run it (Yeah! Blow!)\nThat's ironic (Blow! Blow! Blow! Blow!)\nIronic (Blow! Blow! Blow! Blow!)\nThat's ironic (Y-Yeah!  Blow!)\nIronic(Yeah!  Blow! Yeah!)\nSalt all in my wounds\nHear my tears all in my tunes\nLet my life loose in this booth\nJust for you, mothafucka, hope y'all amused\nAnd I run it (Blow! Blow! Blow! Blow!)\nAnd I run it (Blow! Blow! Blow! Blow!)\nAnd I run it (Y-Yeah! Blow!)\nAnd I run it (Yeah! Blow!)\nThat's ironic\n\n[Verse 2: Kendrick Lamar]\nThis shit make a nigga just wanna shit on everybody\nEven with a pot to piss in\nI'mma aim sloppy at a loud mouth, discharge\nDismiss any business of yours\nDiscounts never did amount to a check\nThat ya ass couldn't cash when the shit bounce\nEverything dismounts, niggas gon' flip that car\nAKs for the whole hood\nHouse lick went down perfect\nTwo shots to the head he deserved it\nI overheard it hit my bed with a bowl and remote control\nDark Wing Duck lost service\nMama said I'd better duck, she's nervous\nDrama all up in the cut, hit the curtains\nI mean don't intervene with no gun machine\nThis block stay jerking, the feds stay lurkin'\nEmerging on everbody corner (dash for it)\nGet a toe tag when you play tag with a task of a new (task force)\nEverybody wanna know my life\nHow did I make it (past yours)\nWell let me tell you like this\nI've been running this shit since I (asked for)\nCartoons and cereal\n\n[Bridge]\nNow I was raised in a sandbox, next to you and her\nYou was holding the handgun, she was giving birth\nTo a baby boy to be just like you, I wonder what's that worth\nI-I wonder if you ever knew that you was a role model to me first\nThe next day I-I woke up in the morning, seen you on the news\nLooked in the mirror, then realized that I-I-I had something to prove\nYou told me \"Don't be like me, just finish watching cartoons\"\nWhich is funny now cause all I see is Wile E. Coyotes in the room\nAnd I run it\n\n[Verse 3: Gunplay]\nSalt all in my wounds\nHear my tears all in my tunes\nLet my life loose in this booth just for you\nMufucka hope y'all amused!\nI did wrong, karma came\nCrackers gave me ball and chain\nFriends, enemies all the same\nState, fed, both can hang\nNobody can mute me\nBut I never said nobody can't shoot me\nJust another stat to the white folks\nStill whip work to the white yolk, absolutely!\nEveryday feel like the one before\nHunt the money, don't hunt the hoe\nIf you do what you always done\nThen you get what you always got\nYou dumb buffoons!\nI ain't seen the back of my eyelids\nFor about the past 72 hours\nHand on my heart, face to the hood\nI pledge every word you ever heard was honest\nYeah this me, no mic\nNo cameras, no lights, just pain\nMama, how much trauma can I sustain?\nDirty money come with lots of stains\nRoad to riches come with lots of lanes\nJust another player with lots of game\nNever had shit, got lots to gain...\n\n[Outro]\nJust another player with lots of game\nNever had shit, got lots to gain\n\n(To Be Continued)", "image": "https://images.rapgenius.com/c41659b04cea4d36f18ae17e6fc23e2b.500x500x1.jpg"}], "artist": "Kendrick Lamar"}