{"songs": [{"title": "Trip", "album": "The Kendrick Lamar - EP", "year": "2009-12-31", "lyrics": "[Intro]\n\"Boarding completed I'd like to welcome you aboard flight number F2B3\nOur scheduled flying time will be four hours and twenty minutes\nAnd we will be cruising at an altitude of thirty-three-thousand feet\nAt this time we would like to acquaint you with some of the features\nRelax and breathe normally\"\n\n[Verse 1]\nUh, coming down like I'm uphill\nHogging both lanes better than a bus will\nShe tell me that my head bigger than a bus wheel\nBut it don't matter cause she still gon' let me fuck still\nI mix a little bit of Kendrick with some L.A. weather\nThen step out like Chicago in its finest era\nYou niggas begging for attention, doing extra-extra\nDowngrading yourself, you get an F for effort\nHa-ha, I let the world know\nI chose to keep to myself and let the world go\nAnd if you don't like a nigga, then let your girl know\nSo she can be curious on Twitter looking me up\nI'm laid back with a bad one, you ain't never had one\nAss so fat that it tipped over the Aston\nSpeeding on the 1-0-5 till the fucking badge come\nHello to my wittiness, I'm Cadillac's grandson\n\n[Hook]\nAnd I'm a trip\nEver since an understudy man I've always been a trip\nMama tell me that she love me but she know her son a trip\nBaby open up your ears, you ain't heard it like this\nSounwave drop the beat, I lock the flow down\nNow all the way to the moon we bout to go now\nI got enough of the mojo to go around\nSo pack your bags and tell him you going out of town\nCause I'm a trip\n\n[Verse 2]\nLanding on another runway, fly with me\nOr die tryna fly, a shot-down Frisbee\nShout out to Black Hippy, nigga we on\nLike we never been off, straight shots of Patron\nI'm give y'all the business to give y'all some business\nPussy ain't shit, I can give y'all some bitches\nClean off her sports bra, she clean off my dishes\nThen wear off the Kangols, hood rats, I hate those\nAnd she know what this is, hey lil' mama\nSeen your pretty ass around the way lil' mama\nBut why you always in somebody face lil' mama?\nEmbarrassing yourself, get off the stage (Lil Mama)\nNigga, I gotta be that nigga\nIf I ain't, I gotta beat that nigga\nCurtesy of Paula's oldest son, pay homage\nOr pay attention, open your eyes and hear knowledge\n\n[Hook]\n\n[Verse 3]\nGi-give me that, gi-gi-give me that\nThat's how I get at 'em when I look at a shoe rack\nPenny for thoughts, mine start at a few racks\nSo I can live on a hill just off a few raps\nI want to live in a space that none of y'all can visit\nThat might be outer space, the Jupiter district\nI quadruple my vision\nIf you don't see it then you're dead with your eyes open\nI've seen bullets hit the wheel, left his ride smoking\nOn some Compton shit\nSomebody that'll ride or die, that's a Compton bitch\nYou see my city is the city of Lamar\nIt'll take twenty years 'fore a nigga see them all\nThe swap meet dumping, the sawed-off pumping\nThe tree for the low, don't you know, Paul Bunyan\nI'm on cloud nine, I can see rain coming\nSo if I'm out my mind, people don't say nothing\n\n[Hook]\n\n[Outro]\n\"How was your flight Mr. Lamar?\nGood, hope to see you next time\"", "image": "https://images.genius.com/de49545ec6453e829bb3ff6d34d088db.1000x1000x1.jpg"}], "artist": "Kendrick Lamar"}