{"songs": [{"title": "Chapter Ten", "album": "Section.80", "year": "2011-07-02", "lyrics": "[Intro: JaVont\u00e9]\nIn time you'll learn this is about you\nIn time you'll learn this is about you\nIn time you'll learn this is about you\n\n[Verse: Kendrick Lamar]\nBabies from 80's don't know\u2014know no better\nDon't nothing go better with ignorance\nBut the belligerent kids that we living with\nSome of them masculine, some of them feminine\n'member the universe used to be innocent\nNow they just look at us crazy like immigrants\nEveryday that I wake up, I'mma sin again\nI'm not a citizen, I'm just a nigga from Section.80\n\n[Outro]\nShow of hands, how many been taking notes? Good. Leave everything on the table now. Vulnerability, this is your generation. Show, show your pain", "image": "https://images.genius.com/1f3cde1d04f886d4d4eb88a2c26a4e4d.1000x1000x1.jpg"}], "artist": "Kendrick Lamar"}