{"songs": [{"title": "GQ Man of The Year 2013 Freestyle", "album": null, "year": "2013-11-13", "lyrics": "[Produced by Stelios Phili]\n\n24/7, 365, Kendrick Lamar is always right on time\n\nOh, you thought you had me all figured out?\nTake it from the horse's mouth, you'll never understand me\n\nI told you the plan B was to win your hearts before we win a Grammy\n\nThese days ain't shit changed, different toilet - same shit\nAnd I drunk a whole gallon of laxatives by accident just to shit on you has beens\n\nHad it been for my past tense I wouldn't be rappin'\n\nBut now I'm here, GQ, man of the year", "image": "https://images.genius.com/25d8a9c93ab97e9e6d5d1d9d36e64a53.1000x1000x1.jpg"}], "artist": "Kendrick Lamar"}