{"songs": [{"title": "Vegas", "album": null, "year": null, "lyrics": "[Emily Main]\nYou're the one who gets my heart to race and my arms to sweat\nYou're the one I'd risk my life and waste it on a bet\n\n[Verse: Kendrick Lamar]\nTemptation sweet, I taste it\nThat casino waitress, drinks sedated\nYou the one I want, you the one I want, face it\nYou the one I want on a one-on-one basis\nYou can see my weakness, a week is not long enough\nI need every season and this the only reason\nYou the one I want, you the one I want\nLeave it all on the table even if they catch me cheatin'\nDoin' blackjack, twenty-one, twenty thousand in it\nProbably twenty more before I'm done\nIf gambling's a sin, then I'm rollin' dice with Lucifer\nTo make sure I ain't losin' you\nThat's what a crab shooter does, I'm bankin' on the win\nBankin' on the last, vacant from the job that I had\nLife savings in my pocket\nIf I never make it back, then I had the option of takin' a risk\nSo before I slit my wrist, I'm a cash in on this last poker chip\nYou can bet\n\n[Hook: Emily Main]\nOoh, Vegas, baby, ooh, Vegas, baby\nOoh, Vegas, baby, I was scared of you\nOoh, Vegas, baby, you're Vegas, baby\nYou're Vegas baby, I was scared of you\n\n[Outro: Emily Main]\nYou're the one who's got me drinkin' wine until I'm fallin' down\nYou're the one who keeps the slot machines spinnin' around", "image": "https://images.genius.com/25d8a9c93ab97e9e6d5d1d9d36e64a53.1000x1000x1.jpg"}], "artist": "Kendrick Lamar"}