{"songs": [{"title": "Beats By Dre Commercial - Dre/Kendrick", "album": null, "year": "2013-12-05", "lyrics": "[Intro]\nK-Dizzle\n\n[Verse]\nI rap with a Pyrex in the projects\nI'm crack in a pot, I'm a prospect\nI'm a pirate on a dock full of dope\nI can dissect any rapper\nYou could vote for the Lochness\nYou can not test no King in a Tesla\nBitch, I ride like a freight train parked outside\nAnd my young niggas came with the extras, ah\n\n[Hook]\nIt's Alive...", "image": "https://images.genius.com/25d8a9c93ab97e9e6d5d1d9d36e64a53.1000x1000x1.jpg"}], "artist": "Kendrick Lamar"}