{"songs": [{"title": "Thanksgiving", "album": "The Kendrick Lamar - EP", "year": "2009-12-31", "lyrics": "[Intro]\nReporting live, from Compton, California\nNorth Cackalack\n\n[Verse 1: Kendrick Lamar]\nNow everybody just bow to the greatness, or die in the matrix\nYou're hereby dating, my destiny's waiting\nMy itinerary is very hectic\nI break records on every record, I'm truly reckless\nKendrick Lamar, no Audemar on my wrist\nIts arthritis from holding it down bitch\nMe and my down bitch, get busy\nI'm busy taking over, the world\nWith the weight of the world on my shoulder\nMy drive is not to be chauffeured\nI'm live, come to the harvest, welcome the artist\nWhose lyrics out of the orbit, more than the hardest rapper\nTo hit the market and market myself as a shooting target\nWith offers that got me up in these offices often\nBoo-yaa, who ya? No one, I've done situated myself, I ain't lying\nBe sure to be friend cause my foes die five times\nThe good kid from the mad city\nHolding a cereal box instead of a Glock\nIn a 1992 Cadillac that I got from my pops\nTransmission slipping, but I ain't tripping, swallow my pride\nPop in my tape and roll the window, down\nLike Stacie homie when airing out endo\nI wish a nigga would\n\n[Hook: Kendrick Lamar]\nA yes yes y'all, and you don't stop\nA yes yes y'all, and you don't stop\nA yes yes y'all, and you don't stop\nKendrick, show these muh'fuckers how we rock\nA yes yes y'all, and you don't stop\nA yes yes y'all, and you don't stop\nA yes yes y'all, and you don't stop\nBig Pooh, show these muh'fuckers how we rock\n\n[Verse 2: Rapper Big Pooh]\nYo, it's evident, I'm evidently your favorite\nAll I ask, open your ears and please savor it\nThe taste is un-acquired, quietly, been inspired\nI'm at a point in my life when I was getting tired\nNow I'm brushing off the dust\nWe don't need no water, fire burned it to the dust\nNigga grind hard, roaches turning into musk\nPeople hear his pain, I consider that a plus\nI'm a grown man, so a few I have trust to Do the Right Thing\nThe Spike thing, consider me the in-between\nThe new regime taking over\nEither we each other's opposition or you soldier\nUsed to have the whole state of NC on my shoulder then I passed it\nOff to the next, you unlucky bastard\nI'm getting drunk same time every year\nTo celebrate the life, Rosie no longer here\nI swear\n\n[Hook]\n\n[Verse 3: Kendrick Lamar]\nMe and Big Pooh like the definition of a two-man city zoo\nEven Zeus can get beat up from punchlines\nWhen I kick it and pump mine, I've got to be a prophet\nI've gotta make a profit big enough to have a thirty pound wallet\nI'm a Hub City representer, so I've got to represent the\nCity like a District Attorney beatin' the case for killers\nMight walk around in gurney, this is my sickest winter\nSince I had the flu and flew in the hospital with the shivers\n\n[Verse 4: Rapper Big Pooh]\nU-P-S, I deliver\nLittle brown boy get the pick of the litter\nNo glitter, all guts, no glory\nStation on repeat, they retread the same story\nNew niggas bore me, tryna progress to that old shit\nHave a plate, that food for your soul tip\nDrill it in your head, youngun it's that real Hip-\nHop along 'fore you get your little ass whipped\n\n[Hook]", "image": "https://images.genius.com/de49545ec6453e829bb3ff6d34d088db.1000x1000x1.jpg"}], "artist": "Kendrick Lamar"}