{"songs": [{"title": "Is It Love?", "album": "The Kendrick Lamar - EP", "year": "2009-12-31", "lyrics": "[Intro: Angela McCluskey]\nSit still, and close your eyes (Smoke to it)\nWhat's behind the other door, oh\nNo more silence, don't kill this thing we got called love\nJust searching for the perfect shot\n\n[Hook: Angela McCluskey]\nWhen love comes calling, don't love back\nWhen love comes calling, don't look away\nWhen love comes calling, don't look back\nWhen love comes calling, don't look away\n\n[Verse 1: Kendrick Lamar]\nI used to write rhymes, all day and all night\nWhile you were playing Playstation, my pencil was erasing lines\nMy conscious only knew whats half tight\nAt 3:14, it's time to give me a slice, my nigga\nThis is a dog's fight, my nigga\nThe soundtrack to life, my nigga\nKendrick Lamar, his momma called him that\nHe watched House Party, and ate Apple Jacks\nSold Sega games, his cousin sold crack\nHe pumped Reeboks, his uncles pumped packs\nPump, fake, jumpshot, ball hit the back\nBoard dreams of being pointguard was off limits jack\nThat's because that's these Compton streets was built not to win\nYou killed the nigga, I stole a bible, is that a sin?\nPardon me though, I'm searching for answers\nThe good kid from the ugly city, that's mad that he's handsome\nWhere is the love?\n\n[Hook]\nWhen love comes calling, don't love back\nWhen love comes calling, don't look away\nWhen love comes calling, don't look back\nWhen love comes calling, don't look away\n\n[Verse 2]\nGive me rings, give me chains, mane\nGive me a blue Benz, red Porsche, red Range\nGive me black bitches, white hoes, new clothes\nA mansion with marble floors and security codes\nThen give me some land, or maybe I'll land a, G5\nClearport,say hello to the man\nGive me awards, grammies, and let the crowd applaud\nMy name 'til they strain the veins in they vocal cords\nGive me fame and fortune, me and Trump on golf courses\nWith that being said, give me Tiger sports endorsements\nGive me billboards, whatever that people will kill for\nManahattan and 40/40, no 40's but rose poured\nGive me vanity, give me Kurt Cobain sanity\nGive me a city where Channel 7 newscasters cameras be\nGive me horror like Amity, no, give me the charts\nAnd if you ever renege, I'll still give you Kendrick Lamar, this is me\nAnd that's love\n\n[Hook: Angela McCluskey]\nWhen love comes calling, don't love back\nWhen love comes calling, don't look away\nWhen love comes calling, don't look back\nWhen love comes calling, don't look away\n\n[Outro]\nNow everybody smoke to it, for this is, the celebration", "image": "https://images.genius.com/de49545ec6453e829bb3ff6d34d088db.1000x1000x1.jpg"}], "artist": "Kendrick Lamar"}