{"songs": [{"title": "DISS", "album": null, "year": null, "lyrics": "MR WINDY CITY WHO THE FUCK KENDRICK LAMAR YOU FROM CALI I AM FROM THE CHI WHERE THEY INVENTED MOB/YOU COPY SWAG LIKE YOU BETTER THIN R I GOT THIS WEIGHT ON MY CHEAST I AM JUST LIFTIN MY BAR,S AND MY EYES STAY RED LIKE THE ROCKS ON MARS I AM AT THE TOP OF MY ELITE I GUESS I AM TOUCHIN THE STARS WHAT YOU THOUGHT THIS WAS JAY Z BIGGIE OR NAS HOW YOU THE KING OF NEWYORK PLAYIN WITH THE WRONG COURT IF\ufeff LIKE WAS A SWIMMIN POOL YOU DROWIN IN YOUR OWN SPORT", "image": "https://images.genius.com/25d8a9c93ab97e9e6d5d1d9d36e64a53.1000x1000x1.jpg"}], "artist": "Kendrick Lamar"}