{"songs": [{"title": "Man of the Hour", "album": "Training Day", "year": "2005-06-01", "lyrics": "[Verse 1]\nBlewell jeans, Moby Dick stitching\nTrigger finger itching\nTo trouble one of you niggas\nI'm daring one of you niggas to jump\nI'ma snatch you out pistol whip you\nThen put you back in the trunk\nShit, I'm back in the front\nThe front page of the newspaper\nThey say I'm seeing more paper... true\nBut only if you knew that\nI was in your house right now taking the  paper from you\nWhere ya safe at?\nChick is swinging on the dick like a fucking bat\nAnd catch it all like an umpire\nI'ma go hard, rims bigger than the fucking car\nBaby girl say why the fuck you even got tires?\nI don't know, just get inside\nAnd never question my shit again ho\nI fold dough like a notebook\nI see money, you pass it up like Magic Johnson no look\nWho the fuck taught you niggas how to cook\nThat's what I'm hearing up in your song\nBeat said if you're cooking up the product and your wrist don't hurt when you do it then you're doing it wrong (fucking bidness)", "image": "https://images.genius.com/0d736130ef89ba0b866b3b01fad325c1.500x500x1.jpg"}], "artist": "Kendrick Lamar"}