{"songs": [{"title": "LUST.", "album": "DAMN.", "year": "2017-04-14", "lyrics": "[Chorus: Kendrick Lamar]\nI need some water\nSomethin' came over me\nWay too hot to simmer down\nMight as well overheat\nToo close to comfort\nAs blood rush my favorite vein\nHeartbeat racin' like a junkie's\nI just need you to want me\nAm I askin' too much?\nLet me put the head in\nOoh, I don't want more than that\nGirl, I respect the cat\nI promise just a touch\nLet me put the head in, if it's okay\nShe said, \"It's okay.\"\n\n[Interlude: Kendrick Lamar & RAT BOY]\nYeah, I need everybody's motherfuckin' hands up right now\nI need everybody's motherfuckin'\u2014\nDoor and his Nike Air Rattles\nRush the fire exit, no time for battles\nWell I, I never expected\nThis that new shit\nThis that new, new shit\n\n[Verse 1: Kendrick Lamar & RAT BOY]\nWake up in the mornin', thinkin' 'bout money, kick your feet up\nWatch you a comedy, take a shit, then roll some weed up\nGo hit you a lick, go fuck on a bitch\nDon't go to work today, cop you a fit\nOr maybe some kicks and make you\u2014\nDoor and his Nike Air Rattles\nRush the fire exit, no time for battles\nWell I, I never expected\nWake up in the mornin', thinkin' 'bout money, kick your feet up\nWatch you a comedy\u2014hol' up!\nWake up in the mornin', thinkin' 'bout money, kick your feet up\nWatch you a comedy, take a shit, then roll some weed up\nGo hit you a lick, go fuck on a bitch, don't go to work today\nCop you a fit or maybe some kicks and make it work today\nHang with the homies, stunt on your baby mama\nSip some lean, go get a pistol, shoot out the window\nBet your favorite team, play you some Madden\nGo to the club or your mama house\nWhatever you doin', just make it count (I need some water)\nWake up in the mornin', thinkin' 'bout money, kick your feet up\nHop in the shower, put on your makeup, lace your weave up\nTouch on yourself, call up your nigga, tell him he ain't shit\nCredit card scam, get you a Visa, make it pay your rent\nHop on the 'Gram, flex on the bitches that be hatin' on you\nPop you a pill, call up your bitches, have 'em waitin' on you\nGo to the club, have you some fun, make that ass bounce\nIt's whatever, just make it count\n\n[Chorus: Kendrick Lamar]\nI need some water\nSomethin' came over me\nWay too hot to simmer down\nMight as well overheat\nToo close to comfort\nAs blood rush my favorite vein\nHeartbeat racin' like a junkie's\nI just need you to want me\nAm I askin' too much?\nLet me put the head in\nOoh, I don't want more than that\nGirl, I respect the cat\nI promise just a touch\nLet me put the head in, if it's okay\nShe said, \"It's okay.\"\n\n[Verse 2: Kendrick Lamar]\nI wake in the mornin', my head spinnin' from the last night\nBoth in a trance, feelings are dead\u2014what a fast life!\nManager called, the lobby call is 11:30\nDid this before, promised myself I'd be a hour early\nRoom full of clothes, bag full of money: call it loose change\nFumbled my jewelry, 100k, I lost a new chain\nHop on the bird, hit the next city for another M\nTake me a nap and do it again\nWe all woke up, tryna tune to the daily news\nLookin' for confirmation, hopin' election wasn't true\nAll of us worried, all of us buried, and our feelings deep\nNone of us married to his proposal, make us feel cheap\nStill and sad, distraught and mad, tell the neighbor 'bout it\nBet they agree, parade the streets with your voice proudly\nTime passin', things change\nRevertin' back to our daily programs, stuck in our ways\nLust\n\n[Bridge: Kendrick Lamar]\nLately, I feel like I been lustin' over the fame\nLately, we lust on the same routine of shame\nLately, lately, lately, my lust been heightened (lately)\nLately, it\u2019s all contradiction\nLately, I\u2019m not here\nLately, I lust over self\nLust turn into fear\nLately, in James 4:4 says\nFriend of the world is enemy of the Lord\nBrace yourself, lust is all yours\n\n[Chorus: Kendrick Lamar]\nI need some water\nSomethin' came over me\nWay too high to simmer down\nMight as well overheat\nToo close to comfort\nAs blood rush my favorite vein\nHeartbeat racin' like a junkie's\nI just need you to want me\nAm I askin' too much?\nLet me put the head in\nOoh, I don't want more than that\nGirl, I respect the cat\nI promise just a touch\nLet me put the head in, if it's okay\nShe said, \"It's okay.\"", "image": "https://images.genius.com/d25e7043f51c2de6acaf6c39caa60da2.1000x1000x1.jpg"}], "artist": "Kendrick Lamar"}