{"songs": [{"title": "No Makeup (Her Vice)", "album": "Section.80", "year": "2011-07-02", "lyrics": "[Produced by Sounwave]\n\n[Hook: Colin Munroe]\nI love the way you put it on your eyes\nThe roses on your face light up the sky\nThose lips are colorful all of the time\nAnd girl, that's fine, but I wanna know do you mind\nNo make-up today, no make-up today\nNo make-up today, no make-up to...\nAnd girl, that's fine, but I wanna know do you mind\n\n[Verse 1: Kendrick Lamar]\nI know she 'bout to ask me how she look\nI tell her beautiful, and how long it took\nFor you to put it on, it was early in the morn'\nShe resembled a model out of a Mac book\nConcentrating on the way the eyeliner thickens\nI stand behind her and try to figure her vision\nOf prettiness, the wittiness, of colors on her skin tone\nHer complexion in a direction I've outgrown\nDamn girl, why so much?\nYou 'bout to blow your cover when you cover up\nDon't you know your imperfections is a wonderful blessing\nFrom heaven, is where you got it from\nI love your smile, you can do it without style\nFrom your lips, all the way to your eyebrows\nIt's the beauty in her but when the make-up occur\nI don't see it, all I see is a blur\n\n[Hook: Colin Munroe]\nI love the way you put it on your eyes\nThe roses on your face light up the sky\nThose lips are colorful all of the time\nAnd girl, that's fine, but I wanna know do you mind\nNo make-up today, no make-up today\nNo make-up today, no make-up to...\nAnd girl, that's fine, but I wanna know do you mind\n\n[Verse 2: Alori Joh & Kendrick Lamar]\nI know she 'bout to ask me how she look\nI tell her beautiful, and how long it took\nFor you to put it on, it was early in the morn'\nShe resembled a model out of a Mac book\nConcentrating on the way my eyeliner thickens\nHe stand behind me and try to figure her vision\nOf prettiness, the wittiness of colors on my skin tone\nMy complexion in a direction I've outgrown\nI feel like it's not enough\nI can never put on too much make-up\nYeah, I know your imperfections I be constantly stressing\nFrom him is where I get it from, they tell me I need to\nSmile at least once in a while\nI hate my lips, my nose, my eyebrows\nIt's the beauty in me, but what he don't see\nIs that I had a black ey- To be continued... 11\n\n[Bridge: Kendrick Lamar]\nLadies and gentlemen\nAnd you ain't gotta get drunk to have fun\nYou ain't gotta get drunk to have fun\nYou ain't gotta get drunk to have fun\n\n[Hook: Colin Munroe]\nI love the way you put it on your eyes\nThe roses on your face light up the sky\nThose lips are colorful all of the time\nAnd girl, that's fine, but I wanna know do you mind\nNo make-up today, no make-up today\nNo make-up today, no make-up to...\nThat's fine, but I wanna know do you mind\n\n[Bridge: Kendrick Lamar]\nLadies and gentlemen\nAnd you ain't gotta get drunk to have fun\nYou ain't gotta get drunk to have fun\nYou ain't gotta get drunk to have fun\n\n[Hook: Colin Munroe]\nI love the way you put it on your eyes\nThe roses on your face light up the sky\nThose lips are colorful all of the time\nAnd girl, that's fine, but I wanna know do you mind\nNo make-up today, no make-up today\nNo make-up today, no make-up to...\nThat's fine, but I wanna know do you mind", "image": "https://images.genius.com/1f3cde1d04f886d4d4eb88a2c26a4e4d.1000x1000x1.jpg"}], "artist": "Kendrick Lamar"}