{"songs": [{"title": "You Ain't Gotta Lie (Momma Said)", "album": "To Pimp a Butterfly", "year": "2015-03-15", "lyrics": "[Produced by LoveDragon]\n\n[Intro]\nStudy long, study wrong, nigga\nHey, y'all close that front door, y'all let flies in this motherfucker\nClose that door!\nMy OG up in this motherfucker right now\nMy pops man with the bottle of Hennessy in his hand, actin' a fool\nHey, hey, babe, check it out, I'ma tell you what my momma had said, she like:\n\n[Verse 1]\nI could spot you a mile away\nI could see your insecurities written all on your face\nSo predictable your words, I know what you gonna say\nWho you foolin'? Oh, you assuming you can just come and hang\nWith the homies but your level of realness ain't the same\nCircus acts only attract those that entertain\nSmall talk, we know that it's all talk\nWe live in the Laugh Factory every time they mention your name\n\n[Bridge]\nAskin' \"where the hoes at?\" to impress me\nAskin' \"where the moneybags?\" to impress me\nSay you got the burner stashed to impress me\nIt's all in your head, homie\nAskin' \"where the plug at?\" to impress me\nAskin' \"where the juug at?\" to impress me\nAskin' \"where it's at?\" only upsets me\nYou sound like the feds, homie\n\n[Hook]\nYou ain't gotta lie to kick it, my nigga\nYou ain't gotta lie, you ain't gotta lie\nYou ain't gotta lie to kick it, my nigga\nYou ain't gotta try so hard\nYou ain't gotta lie to kick it, my nigga\nYou ain't gotta lie, you ain't gotta lie\nYou ain't gotta lie to kick it, my nigga\nYou ain't gotta try so hard\n\n[Verse 2]\nAnd the world don't respect you\nAnd the culture don't accept you\nBut you think it's all love\nAnd the girls gon' neglect you once your parody is done\nReputation can't protect you if you never had one\nJealousy (complex), emotional (complex)\nSelf-pity (complex), under oath (complex)\nThe loudest one in the room, nigga, that's a complex\nLet me put it back in proper context\n\n[Hook]\nYou ain't gotta lie to kick it, my nigga\nYou ain't gotta lie, you ain't gotta lie\nYou ain't gotta lie to kick it, my nigga\nYou ain't gotta try so hard\nYou ain't gotta lie to kick it, my nigga\nYou ain't gotta lie, you ain't gotta lie\nYou ain't gotta lie to kick it, my nigga\nYou ain't gotta try so hard\n\n[Bridge]\nAskin' \"where the hoes at?\" to impress me\nAskin' \"where the moneybags?\" to impress me\nSay you got the burner stashed to impress me\nIt's all in your head, homie\nAskin' \"where the plug at?\" to impress me\nAskin' \"where the juug at?\" to impress me\nAskin' \"where it's at?\" only upsets me\nYou sound like the feds, homie\n\n(Pause)\n\n[Verse 3]\nWhat do you got to offer?\nTell me before we off ya, put you deep in the coffin\nBeen allergic to talkin', been a virgin to bullshit\nAnd sell a dream in the auction, tell me just who your boss is\nNiggas be fugazi, bitches be fugazi\nThis is for fugazi\nNiggas and bitches who make habitual lyin' babies\nBless them little hearts\nYou can never persuade me\nYou can never relate me to him, to her, or that to them\nOr you, the truth you love to bend\nIn the back, in the bed, on the floor, that's your ho\nOn the couch, in the mouth, I'll be out, really though\nSo loud, rich niggas got low money\nAnd loud, broke niggas got no money\nThe irony behind it is so funny\nAnd I seen it all this past year\nPass on some advice we feel:\n\n[Hook]\nYou ain't gotta lie to kick it, my nigga\nYou ain't gotta lie, you ain't gotta lie\nYou ain't gotta lie to kick it, my nigga\nYou ain't gotta try so hard\nYou ain't gotta lie to kick it, my nigga\nYou ain't gotta lie, you ain't gotta lie\nYou ain't gotta lie to kick it, my nigga\nYou ain't gotta try so hard", "image": "https://images.genius.com/ffb1a13cfda120ba85ab9e2a83a4e158.1000x1000x1.jpg"}], "artist": "Kendrick Lamar"}