{"songs": [{"title": "Compton Life", "album": "Y.H.N.I.C. (Hub City Threat: Minor of the Year)", "year": null, "lyrics": "[Intro]\nUh, oh, y'all know what it is\nUh, it's that Compton -ish\n\n[Chorus]\nChevy lights, women you like\nHusslin' nights, (yeah)\nRollin' dice, gangsta rights\nHood advice, (right)\nChevy lights, women you like\nHusslin' nights, (ad lib)\nRollin' dice, gangsta rights\nHood advice, (let's go)\n\n[Verse 1]\nI'm back at it again\nMy city back at it with \u2018em\nBack against the wall, K Dot, they tryna pin\nBut they can fuck with that pen\nThe shit I write is brighter than blue gems\nYou better stay in that gym\nExercise your mind till it's strong enough\nTo fuck with mine\nStick to my roots like Black Thought and 'em\nI'm black with thoughts of Einstein\nOne word describing him, genius\nWhat you know about the city I'm living\nWith the souls of the dead is livin'\nYou don't know about our living conditions\nWe live righteously, we can give a fuck about your opinion\nBut it's more than just weed and women, gangsters, husslers\nBullet collisions, players , pimps\nWho can envision the place where I reside\nWhere Eazy was pitchin', Dre was 6'4 lifting\nNWA had mention, Quik had the turn tables mixin'\nThe first ones to say fuck the system\nI'm tryin to tell you about\n\n[Hook]\nChevy lights, women you like\nHusslin' nights, homie that's Compton life\nRollin' dice, gangsta rights\nHood advice, homie that's Compton life\nChevy lights, women you like\nHusslin' nights, homie that's Compton life\nRollin' dice, gangsta rights\nHood advice, homie that's Compton life\n\n[Verse 2]\nGeah, his own street like concrete\nWould best describe fit his gutter\nBut see I'm what's underneath\nA young gun but not like your young Chris and Neef\nI'm from the land of organized crime\nDisorderly peace\n\u2018Cause nowadays niggas hustle when they order their piece\nAnd worship their gun the same as their religious beliefs\nThe Compton shares can't forget the police\n\u2018Cause in the hood tellin pigs no more\nIt be the mark of the beast\nAnd their main aim is just the talk of the streets\nBut when you see \u2018em please be quick on your feet\nThat they go , watch em!?\nHad you for road kill just like a possum\nYou could contain \u2018em\nBut there's no way that you can stop \u2018em\nNiggas plant their seeds to be gangstas\nHoping one day they blossom\nThe same time, hope the system don't lock \u2018em\n\u2018Cause Compton raised niggas and bitches we barely got \u2018em\nUnless you talk about the one with the attitude problem\nFrom Rosecrans to Central, Compton Centennial\nWe back that's for my people it's official\n\n[Hook]\nChevy lights, women you like\nHusslin' nights, homie that's Compton life\nRollin' dice, gangsta rights\nHood advice, homie that's Compton life\nChevy lights, women you like\nHusslin' nights, homie that's Compton life\nRollin' dice, gangsta rights\nHood advice, homie that's Compton life\n\n[Verse 3]\nI don't know if he new around here\nYe it's good to know somebody if you're new around here\n\u2018Cause it ain't too safe for you to cruise around here\nNiggas stick to your ass like glue around here\nTake New Jersey and fit it shit whatever you don't care\nIt ain't no magic trick if they make your shit disappear\nThe outcome is severe, and some of this casket will last a day\nBut I'm amazed cause the young boy been here for years\nI seen niggas shed blood blood tears\nHope you not try to plan for the future niggas will mute you\nHad your door in the morning wake you up like roosters\nIntroduce you to rugers\nClock you in like Tap Judah\nA nightmare on my street, Fred Krueger where I live\nMinus the actress and the producers\nEven adolenscence will shoot you over that paper\nWe get +Vapors+ like Biz Markie but still I'm used to\nFrom Rose crest to central, Compton's Anthemia\nWe back that's for my people it's official\n\n[Hook]\nChevy lights, women you like\nHusslin' nights, homie that's Compton life\nRollin' dice, gangsta rights\nHood advice, homie that's Compton life\nChevy lights, women you like\nHusslin' nights, homie that's Compton life\nRollin' dice, gangsta rights\nHood advice, homie that's Compton life", "image": "https://images.genius.com/1d86c80235f3ffef2492fec6dac85b33.500x500x1.jpg"}], "artist": "Kendrick Lamar"}