{"songs": [{"title": "What Lies Beneath", "album": null, "year": null, "lyrics": "[Verse]\nLivin' in my own world, I could never die\nAmbition of a hundred kings livin' in the sky\nNothin' can stop me, no nothin' can stop me\nMy destiny tellin' me that God got me\nGrace in my own greatness and I made this\nPandemonium and victory, I can taste it\nSet me free, I wanna be set free\nI wanna be remembered in my own legacy\n\n[Hook]\nWe fight, we cry, we live, we die as kings\nWe multiply with gold, our hearts will bleed\nYou recognize this more than just my dream\nOnce you realize, you'll know what lies beneath\nKnow what lies beneath, know what lies beneath\nClose your eyes and you'll realize you know what lies beneath\n\n[Verse]\nNothin' can stop me, no nothin' can stop me\nMy destiny tellin' me that God got me\nCame from darkness, I made it with sharpness\nBack when I said that I tried my hardest\nI will not lose, I paid my dues\nI failed several times, I tied my shoes", "image": "https://images.genius.com/25d8a9c93ab97e9e6d5d1d9d36e64a53.1000x1000x1.jpg"}], "artist": "Kendrick Lamar"}