{"songs": [{"title": "Outrageous", "album": "2011's Freshman Class: The Mixtape", "year": "2011-03-23", "lyrics": "[Intro]\nMic check Ali\nThe mic don't sound right\n\nEven the shooters can get shot, get shot quick\nEven the shooters can get shot (Ali get it right)\nEven the shooters can get shot, get shot quick\nEven the shooters can get shot\nUhh\n\n[Verse 1]\nTell em I got plenty arson to sell em\nHeat by the fleet displaying it very seldomly\nI write till I ignite my cerebellum\nClose to the pen like I had 3 felons\nCome from a city where niggas show no remorse\nAnd a corpse is just another hommy taking it's course\nOf course my dream was to play in the Final Four\nTill the twelfth grade came and I was only 5'4\nSo now I'm a graduate looking to get hired\nMy pops knew a security job he inquired\nBut ignorance is bliss, that's what I was told\nI stopped, dropped and rolled when somebody yelled fired\nNow there goes another black boy unemployed\nWith a lot of free time which means he's vulnerable to run into a lot of crime\nI wrote it in my rhymes\nAnd when I left the porch this is what I realized\n\n(Chorus)\nEven the shooters can get shot, get shot quick\nEven the shooters can get shot (yeah, yeah, yeah)\nEven the shooters can get shot, get shot quick\nEven the shooters can get shot (yeah, yeah, yeah, wassup?)\nThese streets ain't none to play with\nIt could get outrageous\nGot burners, .45's and gauges\nThat could really get outrageous\n\n[Verse 2]\nSo I'm thinking to myself, what's next?\nMy security job only got me like 2 checks\nMy pops disappointed, told me I'm fuckin' up\nIrresponsible and I need some growing up\nI told him I would go back, knowing I wouldn't go back\nWorking a 9 to 5 is something I couldn't stomach\nSurrounded by the violence\nAll the goons and the goblins\nWith 99 problems I still kept it 100\nThese streets can be rather manipulating\nEspecially when you're black and just turned 18\nSo what's a kid to do, when your fresh out of school and the negatives of the world constantly following you?\nNot to mention a local henchman, copped a sheriff's part like terrorists\nOsama with badges that talk arrogant\nThat boy 15 and he holdin' a .45\n30 years apart, 30 years before he realized\n\n[Hook]\n\n[Verse 3]\nUhh\nSoon as the beat drop, I bet some heat pop\nOn a block close to you like a relative\nYou sippin' Belvedere while these niggas plannin' to rob Mr. Belvedere\nYeah I'm a good kid tryna stay righteous as Martin Luther but it seems like all of my friends eventually become shooters\nAnd niggas bangin' on you is something that you'll get used to\nYou can either fight back or run home and grab your ruger\nWhatever you do just make sure you're willing to do it\nBeing too indecisive can get you killed inside your Buick\nCuz you stopped at the light, 5 minutes from midnight\nWith no tinted windows that nigga surely had shot through it\nYou tell me you listening, but you don't hear the music\nCall you Billy Hoyle when turmoil was near\nThis is the realest right here\nWhen I lost my very first job\nMy pops said why?\nI said I couldn't aim for the sky\nCuz even shooters can get shot\n\n[Outro]\n(yeah, yeah, yeah, wassup?)\nThese streets ain't none to play with\nIt could get outrageous\nGot burners, .45's and gauges\nThat could really get outrageous", "image": "https://images.genius.com/6fdd82bef1bb980ec41bfc4de3a134c9.500x500x1.jpg"}], "artist": "Kendrick Lamar"}