{"songs": [{"title": "Heroin", "album": null, "year": "2018-09-29", "lyrics": "[Verse 1: Kendrick Lamar]\nIt was eye witnessing poverty\nBurning bullets allowing these walls breaking\nDevour these laws trying to empower me\nI thought I knew the reason you grew to love sour diesel\nSmoking like locomotive your focus was hourly\nAnd then you caught me your pity party had towered me\nShower me with the will that never dried\nI tell you put your worries and friendly doubts to the side\nI doubt that you listen, it\u2019s stuck in your system I tried\nShe\u2019s been miserable, she\u2019s been living in prison\nSoaking up life\u2019s reality this is the visual\nBaby daddy a light build blade walking with highheel\nPaid stalking that avenue, never knew how the light feel, I\nGot a plan got a plan for ya\nI just just might hold a couple bands for ya\nAnd leave this message in the sand for ya\nTell me you\u2019re ready to change\nShe said naw nigga it\u2019s part of the game\nJust like Heroin\n\n[Chorus: Lance Skiiiwalker]\nStreets don't fail me now need you right on time\nSay, right on time\nPlease stay paced and the ground need you right on time\nSay, you right on time\nStreets don't fail me now need you right on time\nSay, you right on time\nGod, please lift the smile need you right on time\nSay, right on time\n\n[Post-Chorus: SZA]\nRunaway from the fire, I fly downhill\nLay your head over this side, now\nYou keep pain on the inside, now\nWhats been eating you, who's been needing you\nYou been keeping it down, and\nYou been taking me higher and higher\n\n[Verse 2: Punch]\nFunctioning addict, I\u2019m high off her passion\nChasing history\u2019s baddest, I mastered this apparatus\nRackin' my brain, I'm scared of being average\nGoing against the grain just tryna maintain my savage\nFoolish of her to try to play towards my vanity\nAnd foolish of me to let her do it, I love calamity\nI love a challenge, naw I love the fantasy\nAnd this is high stakes I risk it all for a pair of snakes\nConnect the dot nigga this is fate\nI'm talking predestination\nI'm talking blind dedication\nPlan B is contraception we didn\u2019t make it\nSexercise a little bit of patience\nThe love of the rush is us\nI'm addicted to violence, helicopters, and sirens\nBlood pressure is skying, nigga I'm trying\nI never felt more alive than I felt dying\nHeroin\n\n[Chorus: Lance Skiiiwalker (Lance Skiiiwalker & SZA)]\nStreets don't fail me now need you right on time\nSay, right on time\nPlease stay paced and ground need you right on time\nSay, you right on time\nStreets don't fail me now need you right on time\nSay, you right on time\nGod please lift the smile need you right on time\nSay, right on time\n\n[Post-Chorus 2: Isaiah Rashad & SZA]\nI heard you spending all your time baby (Ohhhhhh)\nAnd you could never get a dime baby (Never get a dime)\nAt least a nigga got a dime baby (At least a nigga got it)\nIt's hard to come home (Hard to come home)\nIt's hard to come home (Hard to come home baby)\n\n[Verse 3: Jay Rock &  Kendrick Lamar]\nShe my gift and my curse, she really quenching my thirst\nBaby my vice, she got me driving with no headlights (Is that right?)\nShe know my thoughts, pleasures, and pain\nEverybody love her and she love everybody the same\nShe said I got a plan, got a plan for ya\nI might hold a couple bands for ya\nLeave a message in the sand for ya\nTell me you want me to change, hell naw I'm still sippin' the same\nNigga it's just like heroin", "image": "https://images.genius.com/25d8a9c93ab97e9e6d5d1d9d36e64a53.1000x1000x1.jpg"}], "artist": "Kendrick Lamar"}