{"songs": [{"title": "LMAO", "album": null, "year": "2009-11-10", "lyrics": "[Intro]\nWow\nI think I must have forgot or something\nLike I ain't hot or something\nLike I don't make your girl take off her top or something\n\n[Hook]\nI'm like\nHahahaha\nLMAO\nHahahaha\nLMAO\nLaugh at the haters in here\nI'll be her favorite in years\nShe wanna play play\nBut, what more can I say say?\n\n[Verse 1: Kendrick Lamar]\nJump in the coup and I'm gone\nI smell like money, I don't need no cologne\nI just need me a freak\nThat can jump on the bone\nLike an X-Ray technician\nMy rectangular prism\nSays money sex then drugs\nAll cause I'm 21\nLike playing blackjack\nPicture this kodak\nMoment forever\nK.Dot that dude\nShe sucked my dick and got frostbite\nI'm that cool\n\n[Bridge]\nI got a pocket full of checks\nPlus I'm bouncing through the club\nWith a crazy two-step\nAnd diamonds on my neck\nZiploc fresh\nZiploc fresh\nHoes wanna play play\nWhat more can I say say?\n\n[Hook]\n\n[Verse 2: Kendrick Lamar]\nBottle of goose and I'm gone\nWatching her get loose\nLike a third graders tooth\nThe shit that we on\nIs the ultimate high\nDouble XL flow\nThat's the ultimate vibe\nPark that Lambi' outside\nJust to fuck with the haters\nPut the Lami' in drive\nWatch 'em peel like potatoes\nHolla' LMAO\nWhen they drunk and two-step\nLike I never could pass\nA sobriety test\n\n[Bridge]\n\n[Hook]\n\n[Verse 3: Kendrick Lamar]\nI'm in the club I can manage\nProviding lenses\nMake my view panoramic\nI'm out of this world\nI'm off of this planet\nThey don't say K.Dot is here\nThey say his spaceship has landed\nAnd your access has been granted\nLike a kitchen floor\nBut my floor is marble\nI ride in the carpool because I got two whores\nIn the back of that chrome\nSee they're all I need\nLike Aaliyah alone\n\n[Bridge]\n\n[Hook]", "image": "https://images.genius.com/25d8a9c93ab97e9e6d5d1d9d36e64a53.1000x1000x1.jpg"}], "artist": "Kendrick Lamar"}