{"songs": [{"title": "Keisha's Song (Her Pain)", "album": "Section.80", "year": "2011-07-02", "lyrics": "[Produced by Tae Beast]\n\n[Hook: Ash Riser]\nFancy girls on Long Beach Boulevard\nFlagging down all of these flashy cars\n\n[Verse 1: Kendrick Lamar]\nUh, and Lord knows she's beautiful\nLord knows the usual's leaving her body sore\nShe take the little change she make to fix her nail cuticles\nLipstick is suitable to make you fiend for more\nShe play Mr. Shakur, that's her favorite rapper\nBumping \"Brenda's Got a Baby\" while a pervert yelling at her\nAnd she capture features of a woman, but only 17\nThen 7 cars start honking, she start running like Flo-Jo\nDon't care if they Joe Blow\nIf they got money to blow a blow job is a sure go\nAnd sure enough don't see a dime of dirty dollars\nShe give all to her daddy but she don't know her father, that's ironic\nSee a block away from Lueders Park, I seen the El Camino parked\nIn her heart she hate it there, but in her mind she made it where\nNothing really matters, so she hit the back seat\nRosa Parks never a factor when she making ends meet\n\n[Hook: Ash Riser]\nFancy girls on Long Beach Boulevard\nFlagging down all of these flashy cars\n\n[Verse 2: Kendrick Lamar]\nAnd Lord knows she's beautiful\nLord knows the usual's leaving her body sore\nHer anatomy is God's temple\nAnd it's quite simple, her castle is 'bout to be destroyed\nShe's always paranoid, watching the law inside the streets\nUndercovers the dummies that look like decoys\nRemember the sergeant let her slide, said if he seen\nWhat's between her thighs he'd compromise, to no surprise\nShe took the ultimatum 'round the alleyway and gave him\nA warm welcome that filled him right below the navel\nThough he was wired up like a pair of jumping cables\nHis eyes was closed shut, prior charges, he had waived 'em\nIt was a block away from Lueders Park, I seen a squad car parked\nAnd in her heart, she hate it there but in her mind, she made it where\nNothing really matters, so she hit the back seat\nCause Rosa Parks never a factor when she topping off police\n\n[Hook: Ash Riser]\nFancy girls on Long Beach Boulevard\nFlagging down all of these flashy cars\n\n[Verse 3: Kendrick Lamar]\nAnd Lord knows she's beautiful\nLord knows the usual's leaving her body sore\nAs she bust down like a 12 bunk on tour\nShe suddenly realized, she'll never escape the allure\nOf a black man, white man, needing satisfaction\nAt first, it became a practice, but now she's numb to it\nSometimes she wonder if she can do it like nuns do it\nBut she never heard of Catholic religion or sinners' redemption\nThat sounds foolish, and you can blame it on her mother\nFor letting her boyfriend slide candy under her cover\nTen months before she was ten he moved in and that's when he touched her\nThis mothafucka is the fucking reason why Keisha rushing through that\nBlock away from Lueders Park, I seen the El Camino park\nAnd in her heart she hate it there but in her mind, she made it where\nNothing really matters, still she hit the back seat\nAnd caught a knife inside the bladder, left for dead, raped in the street\nKeisha's song\n\n[Bridge: Kendrick Lamar]\nMy little sister eleven, I looked her right in the face\nThe day that I wrote this song, sat her down and pressed play\n\n[Hook: Ash Riser]\nFancy girls on Long Beach Boulevard\nFlagging down all of these flashy cars", "image": "https://images.genius.com/1f3cde1d04f886d4d4eb88a2c26a4e4d.1000x1000x1.jpg"}], "artist": "Kendrick Lamar"}