{"songs": [{"title": "Hol' Up T\u00fcrk\u00e7e \u00c7eviri", "album": null, "year": "2011-07-02", "lyrics": "[Produced by Sounwave]\n\n[Verse 1]\nBu par\u00e7ay\u0131 yerden 30 bin feet y\u00fcksekte yazd\u0131m\nHostes sert sa\u00e7\u0131m \u00fczerinden bana iltifatta bulunuyor\nE\u011fer onu b\u00fct\u00fcn bu yolcular kar\u015f\u0131s\u0131nda becerebilseydim\nBeni muhtemelen bir ter\u00f6rist sanarlard\u0131\nKu\u015fkonmaz\u0131m\u0131 yiyin, sonra hostese gen\u00e7 bir zencinin d\u00fc\u015f\u00fcncelerini soruyorum\nH\u0131zl\u0131 gelen para ve \u00f6zg\u00fcrl\u00fck\nBir dolar i\u00e7in kaza kuklal\u0131\u011f\u0131, biliyorum onunla tan\u0131\u015fmak i\u00e7in can at\u0131yorsun\nMuhtemelen bir dakika i\u00e7inde \u00f6lece\u011fim\nBeni sadece 20 s\u00fcrt\u00fck, 20 milyon ve \u00fczerinde Compton yazan bir \u015fapka ile g\u00f6m\u00fcn\n\n[Nakarat]\nBekle\nBekle\nBekle\nBekle\n\n[Bridge]\nEvet, b\u00fcy\u00fck \u015feyler oluyor\nSection 80\n\nBu s\u00fcrt\u00fc\u011fe geri d\u00f6nd\u00fcm, s\u00fcrt\u00fc\u011f\u00fcn arkas\u0131nda, arkam duvara dayal\u0131yken ve senin kalta\u011f\u0131n sikimin s\u0131n\u0131rlar\u0131nda, kalk \u00fcst\u00fcnden\nBir s\u00fcrt\u00fc\u011fe s\u00fcrt\u00fck, bir kalta\u011fa kaltak ve bir bayana bayan derim\nAsfalt\u0131n \u00fczerindeyken yeri k\u0131rmak d\u0131\u015f\u0131nda bir \u015fey yapmad\u0131m\nLastik izleri sana bir \u015fim\u015fek h\u0131z\u0131 ile sat\u0131\u015f yapt\u0131\u011f\u0131m\u0131n kan\u0131tlar\u0131n\u0131 verir\nBir \u00e7ocuk olarak iki yeti\u015fkin \u00f6ld\u00fcrd\u00fcm, ben \u00e7ok geli\u015fmi\u015fim\n20 li ya\u015flar\u0131m\u0131 2 ya\u015f\u0131mdayken ya\u015fad\u0131m, ak\u0131ll\u0131 adam\nGer\u00e7e\u011fi s\u00f6ylemek gerekirse 87 ya\u015f\u0131nda gibiyim\n80 din adam\u0131 kadar k\u00f6t\u00fcy\u00fcm\nAlev dolu bir havuzda \u015feytan\u0131n elini tutuyorum\nBir mesafeden bak\u0131nca hangisinin Hristiyan oldu\u011funu ay\u0131rt edemiyorum, kahretsin\n2012'de kime g\u00fcvenebilirim ki?\nKimseye, kendime bile g\u00fcvenemem\n\u0130kizler yard\u0131m \u00e7\u0131\u011fl\u0131\u011f\u0131 at\u0131yor\nBirisi\n\n[Nakarat]\nAya\u011fa Kalks\u0131n\nAya\u011fa Kalks\u0131n\nAya\u011fa Kalks\u0131n\nAya\u011fa Kalks\u0131n\n\nEvet, b\u00fcy\u00fck \u015feyler oluyor, herkes izliyor\nBu i\u015fi b\u00f6yle yapt\u0131\u011f\u0131n s\u00fcrece zenci, kaybetmek ihtimal bile de\u011fil\n\nBekle\nBekle\nBekle\nBekle\n\nEvet, b\u00fcy\u00fck \u015feyler oluyor\nHey, o k\u0131z\u0131 st\u00fcdyodan at ali\n\n[Verse 2]\n24/7 zenci bu i\u015f i\u00e7in k\u0131\u00e7\u0131n\u0131 y\u0131rt\u0131yor\nK\u0131z ise bu y\u00fczden ona k\u0131\u00e7\u0131n\u0131 sall\u0131yor\nElmaslar\u0131yla birlikte Elmaslar\u0131n Kral\u0131 (\u00dcnl\u00fc bir striptiz kl\u00fcb\u00fc)\nBunun i\u00e7in hi\u00e7 sormad\u0131m\nPasaportumu kontrol ediyorlar\nG\u00fcmr\u00fc\u011fe al\u0131\u015fk\u0131n\u0131m\nHostes polisi \u00e7a\u011f\u0131r\u0131yor\nOnu \u00f6ld\u00fcrd\u00fcm, birisi ba\u011flas\u0131n\nOyunu ileri sarmam\u0131 istiyorlar\nVe \u00f6nceden de fakir olman\u0131za ra\u011fmen neden \u015fikayet ediyorsunuz\nRAV4 s\u00fcrerken benim \u015feritime ge\u00e7emezsin\nJaguar'\u0131m\u0131 par\u00e7al\u0131yorsun\nK\u00f6t\u00fc davran\u0131\u015flar sergiliyorsun\nOnun aya\u011f\u0131 g\u00f6sterge panelinin \u00fczerinde\n\nBekle\nBekle\nBekle\nBekle\n\nEvet, b\u00fcy\u00fck \u015feyler oluyor, herkes izliyor\nBu i\u015fi b\u00f6yle yapt\u0131\u011f\u0131n s\u00fcrece zenci, kaybetmek ihtimal bile de\u011fil\n\nBekle\nBekle\nBekle\nBekle\n\nBu par\u00e7ay\u0131 yerden 30 bin feet y\u00fcksekte yazd\u0131m\nHostes sert sa\u00e7\u0131m \u00fczerinden bana iltifatta bulunuyor\nE\u011fer onu b\u00fct\u00fcn bu yolcular kar\u015f\u0131s\u0131nda becerebilseydim\nBeni muhtemelen Osama Bin Ladin sanarlard\u0131\nU\u00e7ak acil ini\u015f yapt\u0131, bu benim i\u00e7in bir \u015ferefti", "image": "https://images.genius.com/25d8a9c93ab97e9e6d5d1d9d36e64a53.1000x1000x1.jpg"}], "artist": "Kendrick Lamar"}