{"songs": [{"title": "HUMBLE.", "album": "DAMN.", "year": "2017-03-30", "lyrics": "[Intro]\nNobody pray for me\nIt's been that day for me\nWaaaaay (Yeah, yeah!)\n\n[Verse 1]\nAyy, I remember syrup sandwiches and crime allowances\nFinesse a nigga with some counterfeits, but now I\u2019m countin' this\nParmesan where my accountant lives, in fact I'm downin\u2019 this\nD'USS\u00c9 with my boo bae tastes like Kool-Aid for the analysts\nGirl, I can buy yo' ass the world with my paystub\nOoh, that pussy good, won't you sit it on my taste bloods?\nI get way too petty once you let me do the extras\nPull up on your block, then break it down: we playin' Tetris\nA.M. to the P.M., P.M. to the A.M., funk\nPiss out your per diem, you just gotta hate 'em, funk\nIf I quit your BM, I still ride Mercedes, funk\nIf I quit this season, I still be the greatest, funk\nMy left stroke just went viral\nRight stroke put lil' baby in a spiral\nSoprano C, we like to keep it on a high note\nIt's levels to it, you and I know\n\n[Chorus]\nBitch, be humble (Hol\u2019 up, bitch)\nSit down (Hol\u2019 up, lil', hol\u2019 up, lil' bitch)\nBe humble (Hol' up, bitch)\nSit down (Hol' up, sit down, lil\u2019, sit down, lil' bitch)\nBe humble (Hol' up, hol' up)\nBitch, sit down (Hol' up, hol' up, lil' bitch)\nBe humble (Lil' bitch, hol' up, bitch)\nSit down (Hol' up, hol' up, hol' up, hol' up)\nBe humble (Hol' up, hol' up)\nSit down (Hol' up, hol' up, lil', hol' up, lil' bitch)\nBe humble (Hol' up, bitch)\nSit down (Hol' up, sit down, lil', sit down, lil' bitch)\nBe humble (Hol' up, hol' up)\nBitch, sit down (Hol' up, hol' up, lil' bitch)\nBe humble (Lil' bitch, hol' up, bitch)\nSit down (Hol' up, hol' up, hol' up, hol' up)\n\n[Verse 2]\nWho dat nigga thinkin' that he frontin' on Man-Man? (Man-Man)\nGet the fuck off my stage, I'm the Sandman (Sandman)\nGet the fuck off my dick, that ain't right\nI make a play fucking up your whole life\nI'm so fuckin' sick and tired of the Photoshop\nShow me somethin' natural like afro on Richard Pryor\nShow me somethin' natural like ass with some stretch marks\nStill will take you down right on your mama's couch in Polo socks\nAyy, this shit way too crazy, ayy, you do not amaze me, ayy\nI blew cool from AC, ayy, Obama just paged me, ayy\nI don't fabricate it, ayy, most of y'all be fakin', ayy\nI stay modest 'bout it, ayy, she elaborate it, ayy\nThis that Grey Poupon, that Evian, that TED Talk, ayy\nWatch my soul speak, you let the meds talk, ayy\nIf I kill a nigga, it won't be the alcohol, ayy\nI'm the realest nigga after all\n\n[Chorus]\nBitch, be humble (Hol' up, bitch)\nSit down (Hol' up, lil', hol' up, lil' bitch)\nBe humble (Hol' up, bitch)\nSit down (Hol' up, sit down, lil', sit down, lil' bitch)\nBe humble (Hol' up, hol' up)\nBitch, sit down (Hol' up, hol' up, lil' bitch)\nBe humble (Lil' bitch, hol' up, bitch)\nSit down (Hol' up, hol' up, hol' up, hol' up)\nBe humble (Hol' up, hol' up)\nSit down (Hol' up, hol' up, lil', hol' up, lil' bitch)\nBe humble (Hol' up, bitch)\nSit down (Hol' up, sit down, lil', sit down, lil' bitch)\nBe humble (Hol' up, hol' up)\nBitch, sit down (Hol' up, hol' up, lil' bitch)\nBe humble (Lil' bitch, hol' up, bitch)\nSit down (Hol' up, hol' up, hol' up, hol' up)", "image": "https://images.genius.com/4387b0bcc88e07676997ba73793cc73c.1000x1000x1.jpg"}], "artist": "Kendrick Lamar"}