{"songs": [{"title": "Big Shot (Remix)", "album": null, "year": "2018-03-06", "lyrics": "[Intro]\nWakanda, welcome\n\n[Chorus: Kendrick Lamar]\nBig shot (hol' up, wait) peanut butter insides (no)\nOutside, cocaine white, body look like Gentiles (Gentiles)\nEmotional, 'motional, 'motional, 'motional\nWhy you emotional? Why you emotional?\nAh, bitch, you emotional, yeah\nBig shot, big shot, (hol' on, hol' on), peanut butter insides (hol' on)\nOutside, cocaine white, body look like Gentiles (Gentiles)\nEmotional, 'motional, 'motional, 'motional\nWhy you emotional? Why you emotional?\nAh, bitch, you emotional, yeah\n\n[Verse 1: Kendrick Lamar]\nSir Duckworth or Kung-Fu Kenny\nGot juice, got work, got weight, got plenty\nGot them, got her, got more, got Benji (yeah)\nTop off, gettin' topped-off in the city\nBig Top Dawg and I dance on 'em like Diddy\nPop off and I pop back like Fiddy (yeah)\nI hit the ceiling and forgot about the floor (yeah)\nBrand so big, got my haters on the ropes (yeah)\nThis be the wave, plus I live on the coast (yeah)\nWhen I touch a bag, young nigga do the most (yeah)\nMmm, woo, and I Wakanda flex (yeah)\nAnd you know what time it is (yeah)\nBut don't know what grindin' is (yeah)\nBaby, I care, baby, I swear\nOnly one real nigga here\nOnly two real niggas here (yeah)\n\n[Chorus: Kendrick Lamar]\nBig shot (hol' up, wait) peanut butter insides (no)\nOutside, cocaine white, body look like Gentiles (Gentiles)\nEmotional, 'motional, 'motional, 'motional\nWhy you emotional? Why you emotional?\nAh, bitch, you emotional, yeah\nBig shot, big shot, (hol' on, hol' on), peanut butter insides (hol' on)\nOutside, cocaine white, body look like Gentiles (Gentiles)\nEmotional, 'motional, 'motional, 'motional\nWhy you emotional? Why you emotional?\nAh, bitch, you emotional, yeah\n\n[Verse 2: AndreBlurz]\nAndreBlurz mix up in the city\nDon't know what to do no more\nNo rules, no hoes, no bullshit hanging on with me (like yeah)\nRapping like Kendrick, spitting like Kenny\nUsufruct flow ain't hurt nobody\nLil' shawty, yo' what's good, are you lost without me? (out me)\nI just need to know what's the move tonight? (tonight)\nAin't trynna' play, I just wanna live my life (trynna' live my life)\nI don't wanna hang, too many fakes out, right? (fakes out, right)\nFugazi haze relates to clouds of spice\nAndremix of Kendrick's 'Big Shot' hit\nThey don't expect it 'cos I'm still not famous and\nNever heard of it til' now, so bow down to the lyricist\nCreating shit and the hypocrites cite their sources\nWithout knowing it, showing it through stupidity, bitch\nIf I did it, I wrote it, I quote it now carefully, bitch, ya dig it?\n\n[Chorus: Kendrick Lamar]\nBig shot (hol' up, wait) peanut butter insides (no)\nOutside, cocaine white, body look like Gentiles (Gentiles)\nEmotional, 'motional, 'motional, 'motional\nWhy you emotional? Why you emotional?\nAh, bitch, you emotional, yeah\nBig shot, big shot, (hol' on), peanut butter insides (hol' on)\nOutside, cocaine white, body look like Gentiles (Gentiles)\nEmotional, 'motional, 'motional, 'motional\nWhy you emotional? Why you emotional?\nAh, bitch, you emotional, yeah", "image": "https://images.genius.com/b8b8da67e523fb7d10c48c4369641411.1000x1000x1.png"}], "artist": "Kendrick Lamar"}