{"songs": [{"title": "Blow My High (Members Only)", "album": "Section.80", "year": "2011-07-02", "lyrics": "[Chorus: Kendrick Lamar]\nSmoking out, pouring up, keep that lean up in my cup\nAll my car got leather and wood in my hood we call it buck\nEverybody wanna ball, holla at broads at the mall\nIf he up, watch him fall, I can't fuck with y'all\n(Pussy ass ho niggas) I can't fuck with y'all\n(Bitches all up in my business) I can't fuck with y'all\n(Industry of counterfeits) I can't fuck with y'all\n\n[Verse 1: Kendrick Lamar]\nTaking off when you landing\nBitch niggas gonna throw tantrums\nAnd I'm dancing on them stars\nThe galaxy ain't got room for y'all\nAin't nothing gonna happen soon for y'all\nWhile I'm here and every day I hear\nYour bullshit, self-pity\nReason why you never dealt with me\nReason why your girl dealt with me\nHands up, in the building, we get busy and say\n\n[Pre-Chorus 1: Kendrick Lamar]\nR.I.P. Aaliyah, R.I.P., yep\nR.I.P. Aaliyah, R.I.P., yep\nThat's exactly what this sound like\nA to the A to the L-I-Y-A-H, give it up 2 times\nThen give it right back, don't blow my high\n\n[Chorus: Kendrick Lamar]\nSmoking out, pouring up, keep that lean up in my cup\nAll my car got leather and wood in my hood we call it buck\nEverybody wanna ball, holla at broads at the mall\nIf he up, watch him fall, I can't fuck with y'all\n(Pussy ass ho niggas) I can't fuck with y'all\n(Bitches all up in my business) I can't fuck with y'all\n(Industry of counterfeits) I can't fuck with y'all\n\n[Verse 2: Kendrick Lamar]\nLook at my life then look at yours\nGet some ambition, why you bored?\nTime'll never wait on no man\nSociety will never hold your hand\nNiggas like the gossip, like bitches\nGot me thinking you don't like bitches\nWonder what's behind them Ray Bans\nEyes of a coward, I understand\nNiggas like the gossip, like bitches\nSip Don Perignon, when we finish, we say\n\n[Pre-Chorus 2: Kendrick Lamar]\nR.I.P. Aaliyah, R.I.P., yep\nR.I.P. Aaliyah, R.I.P., yep\nThat's exactly what this sound like\nBut never will I ever forget Left Eye\nRoll up, put a ribbon in the sky\nAnd a button on your lips, don't blow my high\n\n[Chorus: Kendrick Lamar]\nSmoking out, pouring up, keep that lean up in my cup\nAll my car got leather and wood in my hood we call it buck\nEverybody wanna ball, holla at broads at the mall\nIf he up, watch him fall, I can't fuck with y'all\n(Pussy ass ho niggas) I can't fuck with y'all\n(Bitches all up in my business) I can't fuck with y'all\n(Industry of counterfeits) I can't fuck with y'all\n\n[Bridge: Kendrick Lamar & Alori Joh]\nNow everybody sing this shit\nI'm sending him a four-page letter\nAnd I enclosed it with a kiss (a kiss)\nAnd when I write him, he better\nGet it on time\nLook at my life, and look at yours\nGet some ambition why you bored\n\n[Outro: Kendrick Lamar]\nR.I.P. Aaliyah, R.I.P\nR.I.P. Aaliyah, R.I.P\nR.I.P. Aaliyah, R.I.P\nR.I.P. Aaliyah, R.I.P", "image": "https://images.genius.com/1f3cde1d04f886d4d4eb88a2c26a4e4d.1000x1000x1.jpg"}], "artist": "Kendrick Lamar"}