{"songs": [{"title": "Off the Top", "album": null, "year": "2008-04-24", "lyrics": "I don't need no introduction\nNo ad lib on my name, 100 times for nothin'\nYou already know\nIt's K.Dot, city of Compton\nAnalogy is like Biggie [?]\nOakland and 2Pac, I'm more focused\nI'm nothin' like these rap gods fumblin' over a few lines\nThinkin' they're high 'cuz their homies said they was a few times\nWhich is too many times of lyin' to you\nYou tellin' a lie\nThe only time I lie in the booth is when I sleep in it\nRecord 24 hours, these niggas better get their bars up\nI bench press this rap stuff\nGot it locked like handcuffs, I threw away the key\nMy cool is on, she love my AC", "image": "https://images.genius.com/25d8a9c93ab97e9e6d5d1d9d36e64a53.1000x1000x1.jpg"}], "artist": "Kendrick Lamar"}