{"songs": [{"title": "The Recipe (Black Hippy Remix) - Bonus Track", "album": null, "year": null, "lyrics": "[Ab-Soul]\nFuck Black hippy nigga, I invented the recipe\n\nIt's a beautiful day I guess for a bitch to roll with Ab-Soul I guess\nPretty Chick let me see them breast\nE.T. OG from the weed clinic (Soulo)\nSolo but I'm never alone (that's right)\nI stay high and I'm powerful (Soulo)\nWestside (easy call) I got three eyes man I see y'all\nAll I do is kill shit ICU, party with a few girls at USC\nIt's 82 degrees and my top off\nAnd they top off, I'm getting topped off, Top Dawg\nWomen, weed, and weather what more can I say\nTo live and die in LA\nSpend a week on Venice beach -\nI'm 2Pac and Biggie Smalls\n\n[Schoolboy Q]\nEvery morning nigga I get blazed (aye);\nWomen, weed, and weather nigga if you bored\nCome and join the wave (aye);\nGirl, what is your name\nCause I'm feeling your frame\nCan I see what you bout (uh);\nA little something in your rear\nLittle something in your mouth\nLittle something on your couch (uh);\nKnow now what I'm talkin' about, bring the coffin out\nCause I killed it, I done drilled it\nShe said she like it from the back like a real bitch (uh)\nShe swallowed my pride, I damn near cried\nYo, I can't reply, she curled my toes and crossed my eyes\nBut when you got the recipe its no surprise\nBad hoes panties get left behind - I want your behind\n\n[Chorus: Kendrick Lamar (Dr. Dre)]\nYou might catch me in Atlanta looking like a boss\nNew Orleans and then Miami, party in New York\nTexas I be screwed up, Chi town I be really pimping\nBut nothing like my hometown I'm forever living\nWomen, weed and weather (they come for)\nWomen, weed and weather\nFor the women, weed and weather\n(from all around the world for the)\nWomen, weed and weather\nGot that women, weed and weather -\nDon't it sound clever, come and play\nWh-What more can I say? Welcome to LA\n\n[Kendrick Lamar]\nMy nigga said he wanna fly out to get him, some\nThree W's only for a three day, run\nBitch, take them motherfuckin' panties off, you ain't no, nun (shit)\nI be living in the sky every time I ride by them hoes\nRibbon in the sky on the radio cause Stevie know I control\nLet it breathe, I control, California living 'til I am old\nYou want to be one\nTo peak on the chart, so the peons can be gone\nAnd pee on their hearts\nShe in the coupe, she in the Neon\nCause she on the BS before we can start\nFuck with a nigga, ride with a nigga\nLet 'em know the priority order me\nHennessy and for my niggas OG Killa, call it Jason Voorhees\nBoy he's on his job\nBoy he sure be having the marks on they mark\nPretty bitches and tire marks, let 'em inhale them pipe exhausts\nLet 'em reveal how much it cost for this life controlling my vice\nNo way hell no, uh uh, if I'm wrong I don't wanna be right\nWe want to be one, to peak on the chart\nSo the peons can be gone and pee on their hearts\nWomen, weed, weather, it's not my fault\nThen it's 82 degrees and my top peeled, off\n\n[Chorus]\n[Jay Rock]\nJay Rock got the recipe, fly hoes wanna roll I guess (I guess)\nEverybody know I got that yola, ask (Keisha) she'll confess\nI wake up then I bake up with a bad bitch she ain't got on\n(No Make Up) (uh)\nMedicated, please my nigga no telling\nWhere the high gonna take us, uh\nThree w's, I'm at the W, she got double D's\nBout to bring trouble through\nOG, Hennessy get their panties wet\nI'm trying to dive in the (Swimming Pool)\nLeft stroke, right stroke\nWhats the best stroke\nThat stroke can smoke all down her throat\nAnd we blows all kinds of dro\nCali got the best so act like you know, nigga\n\n[Chorus]", "image": "https://images.genius.com/25d8a9c93ab97e9e6d5d1d9d36e64a53.1000x1000x1.jpg"}], "artist": "Kendrick Lamar"}