{"songs": [{"title": "Basquet", "album": null, "year": null, "lyrics": "[Intro]\nToday\u2026 Today\u2026 Today\u2026 Today\u2026 Today\u2026 Today\u2026 Today\u2026 Today\u2026 Today\u2026\nI feel like\nI feel like\nI feel like\n\n[Verse 1]\nBumping some shawty\nRollin my window down and hitting the highway\nNo its not Friday\nBut its my day\nAnd sometimes shit gotta go my way\nNiggas got me fucked up\nThinking that my music don\u2019t stick like some nunchucks\nTop dawg and we all stars like we run chucks\nBut never mind that\nTake a trip to outer space show you where my mind at\nYou know where my grind at\nInside of the studio where I spend my time at\nFuck over the game til' I make that bitch climax\nMiss me with that bullshit haters die young\nYou can run to the poor pit\nPullin' off the pit stop\nCar like a flip flop\nBitches clap at me like they wanna make my piss hot\nI don\u2019t even trip doe I don\u2019t need no company\nMe, I\u2019m thinkin long term tryna' build a company\nKendrick the good kid\n\n[Hook]\nAs I move I feel way better doing me I can only do me\nI hope that you do you I think to myself truthfully I can only feel later\nSome people say that I\u2019m rude but I don\u2019t give a damn if she if he if them or they say\nI\u2019m uncool nothin' but change how I feel bout' me today\n\n[Verse 2]\nNigga, what I depose be so potent\nThat if the earth dried I could spit back the ocean\nThen hop on a jet-ski and start West-Coastin'\nI\u2019m not boastin' or braggin' not a person I\u2019m a dragon\nTakin' action in the heat of the night\nSo if the devil came tell him that I be alright\nI\u2019m so high off life that I can OD\nWalk outside then sniff a whole key\nOld lady done called the police\nIts just an average Joe walkin' with his heart on his Pendex\nDon\u2019t be afraid to speak\nSo to speak you niggas not within arm reach\nY\u2019all midget Max swingin' on Shaq now have a seat\nYou can never coexist with my momma\u2019s oldest\nKendrick be thy name\nI got my mind right\nMy nigga locked in the pin, that's what my mind write\nInk over my brain\nWhat's up\n\n[Hook]\nAs I move I feel way better doing me I can only do me\nI hope that you do you I think to myself truthfully I can only feel later\nSome people say that I\u2019m rude but I don\u2019t give a damn if she if he if them or they say\nI\u2019m uncool nothin' but change how I feel bout' me today\n\n[Verse 3]\nSo let me start off the third verse\nPickin' up your favorites is our curse\nFuck the system, fuck the truth, fuck religion\nFuck the government, fuck the law, fuck the prisons\nFuck George Bush, fuck rappers who love dissin'\nFuck you because you don\u2019t see my vision\nI fucked your new girlfriend too\nBecause she\u2019s cute and the ass\nLooks like a grenade within the denim\nFuck the groupies, fuck the gossipin' bitches\nFuck niggas that can\u2019t fight so pull triggas'\nFuck the new world gas price that cost a livin'\nFuck your love fuck your hate fuck your snitchin'\nWhether you fuck with me or not\nI don\u2019t give a fuck you can keep your props\nFuck keepin' it real\nI'm a keep it K-dot\nKendrick everyday Jay-Z didn\u2019t lie\nFucker\n\n[Hook]\nAs I move I feel way better doing me I can only do me\nI hope that you do you I think to myself truthfully I can only feel later\nSome people say that I\u2019m rude but I don\u2019t give a damn if she if he if them or they say\nI\u2019m uncool nothin' but change how I feel bout' me today\n\n[Outro]\nToday\u2026 Today\u2026 Today\u2026Today\u2026 Today\u2026 Today\u2026Today\u2026 Today\u2026 Today\u2026", "image": "https://images.rapgenius.com/b26b4cfb6e7816053cb9c333a4dde7a3.275x275x1.jpg"}], "artist": "Kendrick Lamar"}