{"songs": [{"title": "Swimming Pools (Drank)", "album": "good kid, m.A.A.d city (Deluxe Version)", "year": "2012-07-31", "lyrics": "[Produced by T-Minus]\n\n[Intro]\nPour up (drank), head shot (drank)\nSit down (drank), stand up (drank)\nPass out (drank), wake up (drank)\nFaded (drank), faded (drank)\n\n[Verse 1]\nNow I done grew up 'round some people livin' their life in bottles\nGranddaddy had the golden flask\nBackstroke every day in Chicago\nSome people like the way it feels\nSome people wanna kill their sorrows\nSome people wanna fit in with the popular, that was my problem\nI was in a dark room, loud tunes\nLookin' to make a vow soon\nThat I'ma get fucked up, fillin' up my cup I see the crowd mood\nChangin' by the minute and the record on repeat\nTook a sip, then another sip, then somebody said to me\n\n[Chorus]\nNigga, why you babysittin' only two or three shots?\nI'ma show you how to turn it up a notch\nFirst you get a swimming pool full of liquor, then you dive in it\nPool full of liquor, then you dive in it\nI wave a few bottles, then I watch 'em all flock\nAll the girls wanna play Baywatch\nI got a swimming pool full of liquor and they dive in it\nPool full of liquor, I'ma dive in it\n\n[Refrain]\nPour up (drank), head shot (drank)\nSit down (drank), stand up (drank)\nPass out (drank), wake up (drank)\nFaded (drank), faded (drank)\n\n[Verse 2]\nOkay, now open your mind up and listen me, Kendrick\nI am your conscience, if you do not hear me\nThen you will be history, Kendrick\nI know that you're nauseous right now\nAnd I'm hopin' to lead you to victory, Kendrick\nIf I take another one down\nI'ma drown in some poison, abusin' my limit\nI think that I'm feelin' the vibe, I see the love in her eyes\nI see the feelin', the freedom is granted\nAs soon as the damage of vodka arrived\nThis how you capitalize, this is parental advice\nThen apparently, I'm over-influenced by what you are doin'\nI thought I was doin' the most 'til someone said to me\n\n[Chorus]\nNigga, why you babysittin' only two or three shots?\nI'ma show you how to turn it up a notch\nFirst you get a swimming pool full of liquor, then you dive in it\nPool full of liquor, then you dive in it\nI wave a few bottles, then I watch 'em all flock\nAll the girls wanna play Baywatch\nI got a swimming pool full of liquor and they dive in it\nPool full of liquor, I'ma dive in it\n\n[Refrain]\nPour up (drank), head shot (drank)\nSit down (drank), stand up (drank)\nPass out (drank), wake up (drank)\nFaded (drank), faded (drank)\n\n[Bridge]\nI ride, you ride, bang\nOne chopper, one hundred shots, bang\nHop out, do you bang?\nTwo chopper, two hundred shots, bang\nI ride, you ride, bang\nOne chopper, one hundred shots, bang\nHop out, do you bang?\nTwo chopper, two hundred shots, bang\n\n[Chorus]\nNigga, why you babysittin' only two or three shots?\nI'ma show you how to turn it up a notch\nFirst you get a swimming pool full of liquor, then you dive in it\nPool full of liquor, then you dive in it\nI wave a few bottles, then I watch 'em all flock\nAll the girls wanna play Baywatch\nI got a swimming pool full of liquor and they dive in it\nPool full of liquor, I'ma dive in it\n\n[Refrain]\nPour up (drank), head shot (drank)\nSit down (drank), stand up (drank)\nPass out (drank), wake up (drank)\nFaded (drank), faded (drank)\n\n[Interlude: Sherane]\nAw man\u2026 where is she takin' me?\nWhere is she takin' me?\n\n[Verse 3]\nAll I have in life is my new appetite for failure\nAnd I got hunger pain that grow insane\nTell me, do that sound familiar?\nIf it do, then you're like me\nMakin' excuse that your relief\nIs in the bottom of the bottle and the greenest indo leaf\nAs the window open I release\nEverything that corrode inside of me\nI see you jokin', why you laugh?\nDon't you feel bad? I probably sleep\nAnd never ever wake up\nNever ever wake up, never ever wake up\nIn God I trust, but just when I thought I had enough\n\n[Outro]\nThey stomped the homie out over a bitch?\nK-dot, you good, blood?\nNow we can drop, ye we can drop you back off\nThat nigga's straight, man, that nigga ain't trippin'\nWe gon' do the same ol' shit\nI'ma pop a few shots, they gon' run, they gon' run opposite ways\nFall right in ****'s lap\nAnd he gon' tear they ass up, simple as that\nAnd I hope that bitch that set him up out there\nWe gon' pop that bitch too\nWait hold up, ayy, I see somebody\n[Car door opens and gunshots are fired]\nAha! Got them niggas, K-Dot, you good?\nL****, you good?\nYeah, blood, I'm good \u2013 Dave, you good?\nDave? Dave, say somethin' \u2013 Dave?\nThese bitch-ass niggas killed my brother!", "image": "https://images.rapgenius.com/6ae8dfaad68e239d83a87163903257d1.1000x1000x1.jpg"}], "artist": "Kendrick Lamar"}