{"songs": [{"title": "Lack of Better Words*", "album": null, "year": null, "lyrics": "[Verse 1: Kendrick Lamar]\nI love money, I love bitches for the lack of better words\nAin't got no time, ain't got no feelings for the lack of better words\nI miss your call four time this evening for the lack of better words\nThe music loud, can't hear it ringing for the lack of better words\n\n[Verse 2: SZA]\nYou got nothing left to offer but a lack of better words\nGet nothing else from me but a lack of better words\nHad a nickel every time you get a lack of better words\nFeeling cheap to be your woman for the lack of better words\n\n[Verse 3: Kendrick Lamar]\nBut I say my ego gotta yeet for the lack of better words\nI can't love you, I love these streets for the lack of better words\nBut if it's true, you would trust me for better or for worse\nI'm selfish, I can't help it, for the lack of better words\n\n[Verse 4: SZA]\nYou gon' be like this forever for the lack of better words\nYou gon' get your shit together, no, no you never learn\nYou cannot do better for the lack of better words\nNever can let you forget it any time you on my nerves\n\n[Bridge: Kendrick Lamar]\nNa, na, na, all you do, make excuse\nNa, na, na, all you do, is make excuse\n\n[Verse 5: Kendrick Lamar]\n(Pussy, pussy, pussy, pussy)\nI wish a nigga would (ah!)\nI wish this nigga (uh!)\nI wish a nigga would\nI wish this nigga (yeah!)\nI wish your mhm-mhm-mhh\nI wish this nigga (uh!)\nI wish a nigga would\nI wish a nigga (yeah!)\nStuck in a rock and a hard place [inaudible]\nGod damn, bitch, hoe, huh\nYeah, woah", "image": "https://images.genius.com/b5b00d3648cc90c9d850ec04bd3a1d17.999x1000x1.jpg"}], "artist": "Kendrick Lamar"}