{"songs": [{"title": "A Song For Buffy (Freestyle)", "album": "Training Day", "year": "2005-06-01", "lyrics": "[Hook]\nNow you got a body\nBut what I love most is how you put\nPut your lips on top of me\nYou gots to be the baddest bitch I've ever seen in my life\nWait!\nYour girl look better than you\nYou know what that means, I'm done with you\nBye!\n\n[Verse 1]\nImma go hard, so fucking hard till I break the blood vessel out my motherfucking arm\nWhip the wood grain, whip the wood grain till I break the blood vessel out my motherfucking palm\nBreak the blood vessel out their motherfucking eye everytime I ride by and they're looking at the charm\nI laugh at em like that, with my seat laid all the, all the way to the back\nAnd the heat lay right, right, right under that\nClap, clap, brr, brr, that's the sound of my gat\nThat's the sound of a 100 round drum, like a marching band, I'm a stand up guy\nI'mma pump my fist, I'mma wave my hand until I get the attention of the president, pussy\nPresedential suite, laying in, laying in nothing but money\nWith a dove skin bitch laying on the side of me\nReminds me of Buffy, please remind me to fuck her after this freestyle\n100 carat, nigga I'm the golden child\nFull metal jacket, shit, going pow, pow\nBlow your brains out, let it hang out, let the neighbors talk about it, then skip trial\nWow, I'm amazed by how you niggas talk about you're married to the game, ain't took a vow\nI'll fuck em up, cut em up, shoot em in the foot, or just gun butt em up\nNow, I'm on some other shit, we ain't on the same page\nYou ain't sticking to the script\nLet a 100 round clip stick to your lip like Carmex\nShoot up your whip, fuck your tire, leave your car flat\nBlood or crip, I don't give a fuck bout none of that\nAll of y'all can get it, homeboy, it's more than rap\nTraining Day, I teach you niggas how to rap\nI rap like I got angels on my back\nGod given, I never walk in the booth without the Holy Spirit\nI don't write it\nOff the top like a psychic\nI kick, lyrics like Jet Li\nWhich produce money to put your boy on the beach\nShit, sand in my feet\nTell me what the fuck you know bout me\n\n[Hook]", "image": "https://images.genius.com/0d736130ef89ba0b866b3b01fad325c1.500x500x1.jpg"}], "artist": "Kendrick Lamar"}