{"songs": [{"title": "Partynauseous (Remix)", "album": null, "year": null, "lyrics": "[Hook: Lady Gaga]\nNod if you wanna be high with the enemy\nIt's a test of your stamina, do your best\nNod if you wanna make love with the enemy\nRoll it up, baby, smoke it up 'til we're high\n\n[Verse 1: Kendrick Lamar]\nTell my mama it's bad karma, I just killed a man\nTell your honor he got to pardon me if I hide my hand\nFuck what you heard, this shit is revolutionary\nFuck what you heard, this is the last illusion, bury\nMe with the nerve and ninety-five marksmen\nSo I can shoot this game until my trigger finger jam\nI see red flag, I see blue flag\nI pick a color, then make sure I don't give you a pass\nYou call it gang violence, you call it livin' mad\nI called it life, but now I'm like, 'I fuckin' hate it bad'\nAnd so we holler, 'Fuck what you heard\nSee, we been down for too long\nFuck what you heard, we been tired of doin' wrong\nIf you got the nerve to man up and kill a man\nThen man up double time and shake that adversary's hand, bang\n\n[Hook]\n\n[Verse 2: Kendrick Lamar]\nAh, this for the hatred in you\nThis is for that place of darkness they have placed into you\nThis is for the early coffins of those discriminated\nOr racially profiled, I can look you in the eye\nAnd make a vow that I'll never make another assumption\nThat you'll never be nothin' to me, he fin' if you did the opposite\nI'll still run with pleasure\nDoin' you the favour of cuttin' through the evil\nKendrick Lamar like God-lover of all people, bang\n\n[Bridge: Lady Gaga]\nPrepare, I descend from the East, my name is Lady Gaga\nWe partynauseous cause moi seem to have some problem with ya\nPrepare, I descend from the West, my name is Kendrick Lamar\nWe party nauseous cause moi seem to have some problem with ya\n\n[Hook]", "image": "https://images.rapgenius.com/36d2be773d84876468f5596bd0d051c1.612x612x1.jpg"}], "artist": "Kendrick Lamar"}