{"songs": [{"title": "I Do This", "album": "The Kendrick Lamar - EP", "year": "2009-12-31", "lyrics": "[Chorus 1: Kendrick Lamar]\nThe homies say I'm the truest\nThe bitches think I'm the cutest\nThe definition what cool is\nBoy, I thought you knew this\nBitch, I do this!\n\n[Verse 1: Kendrick Lamar]\nUh, I used to wanna be like Michael Jordan\nFigured that I hit the NBA and make a fortune\nThank God for these rap recordings\nI can ball like him on every verse and chorus\n501s, Louis letterman jacket\nLittle brother only 5, momma put him on my taxes\nYou know that Compton ghetto shit\nThat every section 8 tenant is familiar with\nOoh wee, they say he something like the 70s\nBut I'm from '87, with a thousand dimes\nYou got 80 sevens\nGourmet sneakers, hair nappy\nFucking all my high school teachers\nThat was '05 bro\nAnd I don't like 'em if the ass thin\nAnd I don't wife 'em if a nigga is her best friend\nThe fuck I look like?\nA million bucks, and that's why\n\n[Chorus 2: Kendrick Lamar]\nThe homies say I'm the truest\nThe bitches think I'm the cutest\nThe definition what cool is\nBoy, I thought you knew this\nBitch, I do this!\nBitch, I do this!\nBitch, I do this!\nThe definition what cool is\nBoy, I thought you knew this\nBitch, I do this\n\n[Verse 2: Kendrick Lamar]\nShe looking at the car like she wanna fuck it\nShe looking at the wrist like she wanna fuck it\nHating on her girlfriend just so I can fuck it\nShe say she on birth control, no I don't trust it (Ho)\nUh, So give me fifty feet champ\nRun until I got a bunion and my feet cramp\nI'm in the hot spot, I know they seats damp\nAnd I don't need your cosign, that's a cheap stamp\nYou-you niggas check this cash and I'm GT crashing\n105 off-ramp, hey\nAnd little nigga got it going on, G5\nGoing, going, going, gone\nCloud 9 mind state\nI drop a record then I raise the crime rate\nKilling this shit, where's your funeral tie\nA-B-C-D-E-F-G, fuck skip to Y\n\n[Chorus 2: Kendrick Lamar]\nThe homies say I'm the truest\nThe bitches think I'm the cutest\nThe definition what cool is\nBoy, I thought you knew this\nBitch, I do this!\nBitch, I do this!\nBitch, I do this!\nThe definition what cool is\nBoy, I thought you knew this\nBitch, I do this\n\n[Verse 3: Jay Rock]\nShe looking at the car like she wanna fuck it\nShe looking at the wrist like she wanna fuck it\nHating on her girlfriend just so I can fuck it\nShe say she on birth control, no I don't trust it\nFirst off I'm a rider, bitch\nPut them 26's on a Silverado, bitch\nI keep my bitch with a finer bitch\nSnap my fingers, she'll go find a bitch\nTell them fuck boys that I do this\nGot the best product 'round town, Frank Lucas\nConfuse 'em like a Rubix cube when I roll up\nOk, Subway bread like some cold cuts\nAnd I drop cold cuts, bitches go crazy\nWild like a Haitian, I should set up shop in Haiti\nFuck you, pay me. Paper over pussy, nigga\nWhen I drop you ain't getting paper nor pussy, nigga\n\n[Outro: Kendrick Lamar]\nBitch, I do this\nBitch, I do this\nThe definition of cool is\nBoy I thought you knew this\nBitch, I do this", "image": "https://images.genius.com/de49545ec6453e829bb3ff6d34d088db.1000x1000x1.jpg"}], "artist": "Kendrick Lamar"}