{"songs": [{"title": "Kendrick Lamar - For Free? (Tradu\u00e7\u00e3o)", "album": "Kendrick Lamar - To Pimp a Butterfly (Tradu\u00e7\u00e3o)", "year": "2015-03-16", "lyrics": "[Produzido por Terrace Martin]\n\n[Intro: Darlene Tibbs]\nVai se foder, filho da puta, voc\u00ea \u00e9 um arrombado\nEu n\u00e3o sei porque tenta ser grande, mano, voc\u00ea n\u00e3o \u00e9 merda nenhuma\nAndando como se fosse o presente de Deus para a terra, mano, voc\u00ea n\u00e3o \u00e9 merda nenhuma\nVoc\u00ea sequer compra pra mim uma roupa pro dia quatro de julho\nEu preciso daquela Brazilian Wavy de 28 polegadas, voc\u00ea est\u00e1 brincando\nEu n\u00e3o deveria estar fodendo contigo de qualquer forma\nEu preciso de um jogador, um chef\u00e3o\nVoc\u00ea \u00e9 um negro \"sem marca\", todo mundo sabe disso\nSeus parceiros sabem, todo mundo sabe\nVai se foder, mano, n\u00e3o me ligue mais\nVoc\u00ea n\u00e3o vai saber, voc\u00ea vai perder uma boa mulher\nMeu outro mano est\u00e1 ligado, voc\u00ea est\u00e1 desligado\nQue porra que est\u00e1 pegando?\n\n[Verso: Kendrick Lamar]\nEste pau n\u00e3o est\u00e1 de gra\u00e7a\nVoc\u00ea est\u00e1 olhando para mim como se n\u00e3o tivesse um recibo\nComo se eu nunca tivesse bancado as despesas\nComendo suas sobras e sua carne crua\nEste pau n\u00e3o est\u00e1 de gra\u00e7a", "image": "https://images.genius.com/33996a078416910e008bd15c1d136792.640x640x1.jpg"}], "artist": "Kendrick Lamar"}