{"songs": [{"title": "\u200bm.A.A.d city", "album": "good kid, m.A.A.d city (Deluxe Version)", "year": "2012-10-22", "lyrics": "[Part I: Produced by Sounwave]\n\n[Intro: Kendrick Lamar & ScHoolboy Q]\nIf Pirus and Crips all got along\nThey'd probably gun me down by the end of this song\nSeem like the whole city go against me\nEvery time I'm in the street, I hear\u2014\nYAWK! YAWK! YAWK! YAWK!\n\n[Chorus]\nMan down, where you from, nigga?\nFuck who you know\u2014where you from, my nigga?\nWhere your grandma stay, huh, my nigga?\nThis m.A.A.d city I run, my nigga\n\n[Verse 1: Kendrick Lamar]\nBrace yourself, I'll take you on a trip down memory lane\nThis is not a rap on how I'm slingin' crack or move cocaine\nThis is cul-de-sac and plenty Cognac and major pain\nNot the drill sergeant, but the stress that weighin' on your brain\nIt was me, L Boog, and Yan Yan, YG Lucky ride down Rosecrans\nIt got ugly, wavin' yo' hand out the window \u2013 check yourself!\nUh, Warriors and Conans, hope euphoria can slow dance\nWith society, the driver seat the first one to get killed\nSeen a light-skinned nigga with his brains blown out\nAt the same burger stand where *beep* hang out\nNow this is not a tape recorder sayin' that he did it\nBut ever since that day, I was lookin' at him different\nThat was back when I was nine, Joey packed the nine\nPakistan on every porch is fine, we adapt to crime\nPack a van with four guns at a time\nWith the sliding door, fuck is up?\nFuck you shootin' for if you ain't walkin' up, you fuckin' punk?\nPickin' up the fuckin' pump, pickin' off you suckers\nSuck a dick or die or sucker punch\nA wall of bullets comin' from AK's, AR's, \"Ayy, y'all\u2014duck!\"\nThat's what Momma said when we was eatin' that free lunch\nAw man, goddamn, all hell broke loose\nYou killed my cousin back in '94, fuck yo' truce!\nNow crawl your head in that noose\nYou wind up dead on the news\nAin't no peace treaty, just piecin' BGs up to pre-approve\nBodies on top of bodies, IVs on top of IVs\nObviously the coroner between the sheets like the Isleys\nWhen you hop on that trolley, make sure your color's correct\nMake sure you're corporate or they'll be callin' your mother collect\nThey say the governor collect all of our taxes, except\nWhen we in traffic and tragic happens, that shit ain't no threat\nYou movin' backwards if you suggest that you sleep with a TEC\nGo buy a chopper and have a doctor on speed dial, I guess\nM.A.A.d. city\n\n[Chorus]\nMan down, where you from, nigga?\nFuck who you know\u2014where you from, my nigga?\nWhere your grandma stay, huh, my nigga?\nThis m.A.A.d city I run, my nigga\n\n[Bridge: Kendrick Lamar & ScHoolboy Q]\nIf Pirus and Crips all got along\nThey'd probably gun me down by the end of this song\nSeem like the whole city go against me\nEvery time I'm in the street, I hear\u2014\nYAWK! YAWK! YAWK!\u2014\n\n[Part II: Produced by Terrace Martin]\n\n[Intro: MC Eiht]\nWake yo' punk-ass up!\nIt ain't nothin' but a Compton thang\nG-yeah, real simple and plain\nLet me teach you some lessons about the street\n(Smoke somethin', nigga!)\nHood ('Sup, Cuz?)\nIt ain't nothin' but a Compton thang\nG-yeah, how we do\n\n[Verse 2: Kendrick Lamar]\nFresh outta school 'cause I was a high school grad'\nSleepin' in the living room of my momma's pad\nReality struck, I seen the white car crash\nHit the light pole, two niggas hopped out on foot and dashed\nMy pops said I needed a job, I thought I believed him\nSecurity guard for a month and ended up leavin'\nIn fact, I got fired, 'cause I was inspired by all of my friends\nTo stage a robbery the third Saturday I clocked in\nProjects tore up, gang signs get thrown up\nCocaine laced in marijuana\nAnd they wonder why I rarely smoke now\nImagine if your first blunt had you foamin' at the mouth\nI was straight tweakin', the next weekend we broke even\nI made allegiance that made a promise to see you bleedin'\nYou know the reasons but still will never know my life\nKendrick a.k.a. \"Compton's Human Sacrifice\"\n\n[Interlude: MC Eiht]\nG-yeah, cocaine, weed\nNiggas been mixin' shit since the '80s, loc\nSherm sticks, butt-nakeds\nDip, make a nigga flip\nCluck heads all up and down the block and shit\nOne time's crooked and shit\nBlock a nigga in\nAlondra, Rosecrans, Bullis, it's Compton\n\n[Verse 3: MC Eiht]\nI'm still in the hood, loc, yeah that's cool\nShit, the hood took me under, so I follow the rules\nBut yeah, that's like me, I grew up in the hood where they bang\nAnd niggas that rep colors is doin' the same thang\nPass it to the left so I can smoke on me\nA couple drive-by's in the hood lately, shit\nCouple of IV's with the fuckin' spray-can\nShots in the crowd, then everybody ran\nCrew I'm finna slay, the street life I crave\nShots hit the enemy, hearts turn brave\nMount up, regulators in the whip\nDown the boulevard with the pistol grip, yeah\nTrip, we in the hood still\nSo, loc, grab a strap 'cause yeah, it's so real, yeah\nDeal with the outcome, a strap in the hand\nAnd a bird and ten grand's where a mothafucka stand\n\n[Verse 4: Kendrick Lamar]\nIf I told you I killed a nigga at sixteen, would you believe me?\nOr see me to be innocent Kendrick you seen in the street\nWith a basketball and some Now and Laters to eat?\nIf I mentioned all of my skeletons, would you jump in the seat?\nWould you say my intelligence now is great relief?\nAnd it's safe to say that our next generation maybe can sleep\nWith dreams of bein' a lawyer or doctor\nInstead of boy with a chopper that hold the cul-de-sac hostage\nKill 'em all if they gossip\nThe Children of the Corn, they vandalizin' the option\nOf livin' a lie, drown their body with toxins\nConstantly drinkin' and drive\nHit the powder, then watch this flame that arrive in his eye\nListen, coward, the concept is aim and then bang it and slide\nOut that bitch with deposit, a price on his head, the tithes\nProbably go to the projects, I\nLive inside the belly of the rough, Compton, USA\nMade me an Angel on Angel Dust - what?\n\n[Scratches]\nM.A.A.d city\nCompton\n\n[Outro]\nNigga, pass Dot the bottle, damn!\nYou ain't the one that got fucked up\nWhat you holdin' it for?\nNiggas always actin' unsensitive and shit\nNigga, that ain't no word\nNigga, shut up!\nHey, Dot, you good, my nigga?\nDon't even trip\nJust lay back and drink that", "image": "https://images.genius.com/7ce90585a9da57d4ee67a09f27d8d6bc.1000x1000x1.jpg"}], "artist": "Kendrick Lamar"}