{"songs": [{"title": "Collect Calls (Tradu\u00e7\u00e3o)", "album": null, "year": "2012-01-01", "lyrics": "Olhe toda a merda em que voc\u00ea se meteu\nSe eu te levar para casa,voc\u00ea come\u00e7ar\u00e1 a contar a verdade (2x)\n\nM\u00e3e,remova essa porra de bloqueio\nEu tento falar com voc\u00ea todos os dias,mas bloqueio de chamadas\nNunca consigo,eu estou no caminho para ''sintomas de abstin\u00eancia''\nDiga -me quem te disse que eu queria estar na porta\nPara bater,eu s\u00f3 queria estar livre\nGostaria de saber se voc\u00ea pode deixar o seu sal\u00e1rio\nPara um advogado,eu posso dar a volta mas\nAssim que eu sair daqui cada pacote ser\u00e1 seu\nMeu cr\u00e9dito est\u00e1 esgotado,eu preciso de ajuda\nN\u00e3o muito,eu vou lhe dar de volta o resto por mim mesmo\nK.Dot me escreveu que matou Marcus\nSe voc\u00ea me conhece sabe como me sinto mal\nKeisha me criou falsas ilus\u00f5es e nunca veio me visitar\nE eu aprendi que uma outra folha preto\nE os meus colegas me deixou no escuro,cego\nM\u00e3e volta pra mim pela \u00faltima vez\n\nMentira de homens,mentira de mulheres\nMentira de homens,mentira de mulheres\nMentira de homens,mentira de mulheres\nMentira de homens,mentira de mulheres\nOlhe toda a merda em que voc\u00ea se meteu\nSe eu te levar para casa,voc\u00ea come\u00e7ar\u00e1 a contar a verdade\n\nM\u00e3e,remova essa porra de bloqueio\nAt\u00e9 que chegou o dia em que ele removeu\nMas eles me deteram na mentira dentro do carro da pol\u00edcia\nPor favor,acredite em mim,isso n\u00e3o \u00e9 f\u00e1cil\nVoc\u00ea parou de falar com o seu filho \u00fanico\nLembra quando me colocou nessa carreira de relevos (que \u00e9 a vida)\nEu competi,perseguindo sonhos de ser o melhor\nVoc\u00ea me fez acreditar que um dia eu poderia ganhar\nTudo que eu preciso \u00e9 voc\u00ea para me apoiar\nA investiga\u00e7\u00e3o da o mesmo relat\u00f3rio\nDe uma testemunha que pode testemunhar em tribunal\nO promotor me ofereceu um acordo,ou perder\nMas eu n\u00e3o fui feito para todos esses n\u00fameros (tempo dentro da pris\u00e3o)\nPor Deus,fazer uma ora\u00e7\u00e3o para minha m\u00e3e\nSe puder,pelo menos desbloqueie sua linha telef\u00f4nica\nM\u00e3e volta pra mim pela \u00faltima vez\n\nMentira de homens,mentira de mulheres\nMentira de homens,mentira de mulheres\nMentira de homens,mentira de mulheres\nMentira de homens,mentira de mulheres\nOlhe toda a merda em que voc\u00ea se meteu\nSe eu te levar para casa,voc\u00ea come\u00e7ar\u00e1 a contar a verdade\n\nDante,eu fico estressado por ter que bloquear o meu n\u00famero\nMas um dia o estado me fez fazer isso\nEu posso ajudar,mas n\u00e3o muito\nSe bem a s\u00ed mesmo,conhecer seu pr\u00f3prio fulcro\nOlhe para a sua reflex\u00e3o e me diga o que voc\u00ea v\u00ea\nQuem \u00e9 a sua prote\u00e7\u00e3o? Deus\nEsta n\u00e3o \u00e9 uma rejei\u00e7\u00e3o , eu s\u00f3 aceito\nSeu destino e o que vai acontecer\nLembre-se toda a noite como eu chorei\nPensando que meu \u00fanico filho estava morto\nEles olharam pela janela ,por debaixo da porta\nVeja fechado melhor do que morto\nA \u00fanica vez que voc\u00ea pensa que eu sou ego\u00edsta\nPortanto, antes de assumir o posto , e colocar a B\u00edblia na minha m\u00e3o\nFilho , deixe-me dizer-lhe isto\n\nMentira de homens,mentira de mulheres\nMentira de homens,mentira de mulheres\nMentira de homens,mentira de mulheres\nMentira de homens,mentira de mulheres\nOlhe toda a merda em que voc\u00ea se meteu\nSe eu te levar para casa,voc\u00ea come\u00e7ar\u00e1 a contar a verdade\n\n\n\n\n\n\nTraduzido por Skaaaaazi!", "image": "https://images.genius.com/25d8a9c93ab97e9e6d5d1d9d36e64a53.1000x1000x1.jpg"}], "artist": "Kendrick Lamar"}