{"songs": [{"title": "Own This City", "album": null, "year": "2018-09-29", "lyrics": "[Chorus]\nYou can own this city\nYou have everything you need\nAll it takes is all you got\nLife don't ask you if you're ready or not\nYou can own this city\nDeep inside you hold the key\nWhile the world is fast asleep\nYou can take it all if you just dare to dream\n\n[Verse 1: Kendrick Lamar]\nTalk about goals\nTalk about a pen and a pad and the pad of your house\nWith a permanent flow\nHennessy on the floor looking at a video on the couch\nAnd the couch is cold\nAnd the pouch in your mama pocket got a permanent hole\nAnd your brother pout 'cause he want food on the stove\nAnd a pedestal with a silver spoon, and a big pool\nWith a big room and a closet, cause it\nHurt when you laughing at his clothes\nLooking at him like he ain't shit\nForever living in that commode\nTime flies and I watch it tick\nLook in the mirror and I gotta take risk\nLike blood on the sheet of a suicide note\nTripod then I aim it at your soul\nFor bright lights\nBite like a alligator when I write\nHungry, come see determination upon me\nCome see the visionary in my sight\nMy life premeditated by ambition\nPistons from my Nikes take off\nNo assistance, I'm persistent\nAdolf, more than I can chew with this thought\n\n[Chorus]\nYou can own this city\nYou have everything you need\nAll it takes is all you got\nLife don't ask you if you're ready or not\nYou can own this city\nDeep inside you hold the key\nWhile the world is fast asleep\nYou can take it all if you just dare to dream\n\n[Verse 2: Kendrick Lamar]\nLet's talk about pressure\nLet's talk about depression\nLet's talk about desperate\nTimes\nEveryday I'm guessin'\nMy mind, It'll never end up resting\nI climb a ladder every second\nI find another mountain top\nAnother video I watch when that video go off\nI jot like Edgar Allen, matter fact a thousand\nSoldiers never could war off my talents\nI wanna reassure my talents\nI wipe my face but never throw my towel in\nI'm often prowlin'\nThe edge of a quantum jump in my head\nI'm a monster from anywhere but Earth\nAnd I'm 1 of 1 ever since my birth, I came for some bright lights\nBite like a bear trap when I write\nHungry, gotta chip on my shoulder\nI took it off and ate it\nI made it a full meal\nAnd I'm still craving, my front teeth\nI sink in the rap game\nMy name will attract fame\nMy veins got the blood of a king in it\nWhen it pours down, now Snoop's on stage and he say\n\"Kendrick\"\n\n[Chorus]\nYou can own this city\nYou have everything you need\nAll it takes is all you got\nLife don't ask you if you're ready or not\nYou can own this city\nDeep inside you hold the key\nWhile the world is fast asleep\nYou can take it all if you just dare to dream\n\n[Bridge: Kendrick Lamar]\nSo what you gonna do?\nWhat you gonna do?\nYou can run, you can hide\nBut when you are chosen\nThe walls they close in\nYour forefathers look you in your eyes\nSo what you gonna do?\nWhat you gonna do?\nYou can run, you can hide\nBut when you are chosen\nThe walls they close in\nYour forefathers look you in your eyes\n\n[Chorus]\nYou can own this city\nYou have everything you need\nAll it takes is all you got\nLife don't ask you if you're ready or not\nYou can own this city\nDeep inside you hold the key\nWhile the world is fast asleep\nYou can take it all if you just dare to dream", "image": "https://images.genius.com/25d8a9c93ab97e9e6d5d1d9d36e64a53.1000x1000x1.jpg"}], "artist": "Kendrick Lamar"}