{"songs": [{"title": "Poetic Justice", "album": "good kid, m.A.A.d city (Deluxe Version)", "year": "2012-10-22", "lyrics": "[Produced by Scoop DeVille & Sounwave]\n\n[Intro: Kendrick Lamar]\nEvery second, every minute\nMan, I swear that she can get it\nSay if you a bad bitch, put your hands up high\nHands up high, hands up high\nTell 'em dim the lights down right now\nPut me in the mood\nI'm talkin' about dark room, perfume, go, go\n\n[Verse 1: Kendrick Lamar]\nI recognize your fragrance\nHold up, you ain't never gotta say shit\nUh, and I know your taste is\nA little bit, hmm, high maintenance\nUh, everybody else basic\nYou live life on an everyday basis\nWith poetic justice, poetic justice\nIf I told you that a flower bloomed in a dark room\nWould you trust it?\nI mean, I write poems in these songs dedicated to you when\nYou're in the mood for empathy, there's blood in my pen\nBetter yet, where your friends and 'em?\nI really wanna know you all\nI really wanna show you off\nFuck that, pour up plenty of champagne\nCold nights when you curse this name\nYou called up your girlfriends\nAnd y'all curled in that little bitty Range\nI heard that she wanna go and party, she wanna go and party\nNigga, don't approach her with that Atari\nNigga, that ain't good game, homie, sorry\nThey say conversation rule a nation, I can tell\nBut I could never right my wrongs\n'Less I write it down for real, P.S.\n\n[Hook: Kendrick Lamar]\nYou can get it, you can get it\nYou can get it, you can get it\nAnd I know just, know just, know just\nKnow just, know just what you want\nPoetic justice, put it in a song, alright\nYou can get it, you can get it\nYou can get it, you can get it\nAnd I know just, know just, know just\nKnow just, know just what you want\nPoetic justice, put it in a song, alright\n\n[Verse 2: Drake]\nI really hope you play this, 'cause ol' girl, you test my patience\nWith all these seductive photographs\nAnd all these one-off vacations you've been takin'\nClearly a lot for me to take in, it don't make sense\nYoung East African girl, you too busy fuckin' with your other man\nI was tryna put you on game, put you on a plane\nTake you and your momma to the motherland\nI could do it, maybe one day\nWhen you figure out you're gonna need someone\nWhen you figure out it's alright here in the city\nAnd you don't run from where we come from\nThat sound like poetic justice, poetic justice\nYou were so new to this life, but goddamn, you got adjusted\nI mean, I write poems in these songs, dedicated to the fun sex\nYour natural hair and your soft skin\nAnd your big ass in that sundress, ooh\nGood God, what you doin' that walk for?\nWhen I see that thing move\nI just wish we would fight less and we would talk more\nThey say communication save relations, I can tell\nBut I can never right my wrongs\nUnless I write 'em down for real, P.S.\n\n[Hook: Kendrick Lamar]\nYou can get it, you can get it\nYou can get it, you can get it\nAnd I know just, know just, know just\nKnow just, know just what you want\nPoetic justice, put it in a song, alright\nYou can get it, you can get it\nYou can get it, you can get it\nAnd I know just, know just, know just\nKnow just, know just what you want\nPoetic justice, put it in a song, alright\n\n[Verse 3: Kendrick Lamar]\nEvery time I write these words they become a taboo\nMakin' sure my punctuation curve, every letter here's true\nLivin' my life in the margin and that metaphor was proof\nI'm talkin' poetic justice, poetic justice\nIf I told you that a flower bloomed in a dark room\nWould you trust it? I mean, you need to hear this\nLove is not just a verb, it's you lookin' in the mirror\nLove is not just a verb, it's you lookin' for it, maybe\nCall me crazy, we can both be insane\nA fatal attraction is common, and what we have common is pain\nI mean, you need to hear this, love is not just a verb\nAnd I can see power steerin', sex drive when you swerve\nI want that interference, it's coherent, I can hear it\nUh-huh, that's your heartbeat\nIt either caught me or it called me, uh-huh\nRead slow and you'll find gold mines in these lines\nSincerely, yours truly, and right before you go blind, P.S.\n\n[Hook: Kendrick Lamar]\nYou can get it, you can get it\nYou can get it, you can get it\nAnd I know just, know just, know just\nKnow just, know just what you want\nPoetic justice, put it in a song, alright\nYou can get it, you can get it\nYou can get it, you can get it\nAnd I know just, know just, know just\nKnow just, know just what you want\nPoetic justice, put it in a song, alright\n\n[Outro Skit]\n\"I'm gon' ask you one more time, homie\nWhere is you from? Or it is a problem.\"\n\"Ayy, you over here for Sherane, homie?\"\n\"Yo, I don't care who this nigga over here for.\nIf he don't tell me where he from, it's a wrap! I'm sorry.\"\n\"Hol' up, hol' up, hol' up, we gon' do it like this, okay?\nI'ma tell you where I'm from, okay?\nYou gon' tell me where you from, okay?\nOr where your grandma stay, where your mama stay, or where your daddy stay, okay?\"\n\"Enough with all this talkin'.\"\n\"Matter of fact, get out the van, homie! Get out the car before I snatch you out that motherfucker, homie!\"", "image": "https://images.genius.com/f3db37bb8953d6e671d8bb532da2e855.220x220x1.jpg"}], "artist": "Kendrick Lamar"}