{"songs": [{"title": "Rigamortus Remix", "album": null, "year": "2011-09-01", "lyrics": "[Intro: Kendrick Lamar & Busta Rhymes]\nAyo, Kendrick Lamar, do it again\nAlright, here we go, third take (Dead)\nRigamortus Remix, it feel good\nReal quick Ali (Kendrick Lamar, fuck it up this time)\nHaha, yeah\n\n[Chrous: Kendrick Lamar]\nGot me breathing with dragons\nI'll crack the egg in your basket, you bastard\nI'm Marilyn Manson with madness, now just imagine the magic\nI light to asses, don't ask for your favorite rapper\n\n(He dead) Yessir (Amen) Chuuch\n(He dead) I killed him (Amen) Bitch\n\n[Verse 1: Kendrick Lamar]\nAnd this is rigamortis and it's gorgeous when you die\nAli recorded and I'm Morpheus, the Matrix of my mind\nI'm out the orbit, you an orphan and a hairdresser combined\nI'm on the toilet when I rhyme if you the shit then I decline\nI climax where you begin and then I end on Cloud 9\nAnd that's important when you morph into a angel in the sky\nAnd don't be forging all my signatures, my listeners reply and tell me\nThat you biting style, you got a hell of an appetite\nAnd I'mma be here for a while just buckle up before the ride\nOr knuckle up if you could fight, we always making them duck or die\nA suit and tie is suitable and usual in suicide\nCSI, just might investigate this fucking parasite\n\n[Verse 2: Kendrick Lamar]\n(He dead, amen) That's what they telling me\nAim it at your celebrity, this is studio felony\nFerragami so many and cool enough for the 70's\nNigga, payback's a bitch and bitch you been living in debt with me\nThat I more than especially, leave a call on his mother voicemail\nTo say that he rest in peace, bigger chopper the recipe\nWrestling, that's irrelevant rather rest at your residence\nWhistling to the melody couldn't think of a better D\nBetter be on your P and Q, it's just me Jay Rock, Soul and Q\nSolar system and barbeque, ain't nothing else you can do\n\n(He dead) Yup-yup (Amen) I killed him\n(He dead) Haha (Amen) Amen\n\n[Chorus: Kendrick Lamar]\nGot me breathing with dragons\nI'll crack the egg in your basket, you bastard\nI'm Marilyn Manson, don't ask for your favorite rapper\n(He dead) yup-yup (Amen) I know\n(He dead)  fo' sho (Amen) Amen\nGot me breathing with dragons\nI'll crack the egg in your basket, you bastard\nI'm Marilyn Manson, don't ask for your favorite rapper\n\n[Verse 3: Kendrick Lamar]\nI rapped him and made him Casper, I captured the likes of NASA\nMy pedigree to fly past ya, I pass the weed to the pastor\nWe all are sinners, won't you send us to bible study faster\nYour hypocrite-esque reaction a blasphemy\nI assassin my casualty and it's casually done and tell 'em my salary come\nA lump sum of hundreds don't talk to be 'bout no money\nThe sun is under my feet and I come in peace to compete\nI don't run if you rather leap, my statistics go up in weeks\nAnd I go visit the nearest creek and I get busy on many MC\nReally ballistic, anybody can see any assistance, everybody done see\nSome persistence, recognize I be really too vicious, the permanent beast\nAnd the demolition, breaking up the streets, better partition, better dot your T\nAnd I gon' mention, how the far you see, putting my dick in the rap industry\nEverybody bitchin', getting mad at me, recognize Kendrick in the battery\nAnd I'm charged up and the catastrophe is charged up and the audacity\nAnd y'all fucks, never could hassle me and y'all luck, just ran out you'll see\n\n(He dead) Yup-yup (Amen) I know\n(He dead) For sure (Amen) Amen\n\n[Chrous: Kendrick Lamar]\nGot me breathing with dragons\nI'll crack the egg in your basket, you bastard\nI'm Marilyn Manson with madness, don't ask for your favorite rapper\n(He dead) Yup-yup (Amen) I know\n(He dead) For sure (Amen) Amen\n\n[Verse 4: Busta Rhymes]\nPull up and park in my Caddy\nThat's when I fuck it up badly\nFrankly, I'm happy to tell niggas\n\"Have manners 'front they daddy\"\nI carry the Anthony Mackie\nAnd put holes in you badly\nFuck sending you off in a hearse\nI'll send you off in a taxi\nHave you bloody leaky looking like you tampon or maxi\nRetaliation talk (Shut the fuck up nigga!) Exactly\nNasty the classy the flashiest how I'm on it\nDon't ask me no kind of questions and mention\nI'll leave your face in a pantry\nAnd gladly lump up your shit and bumpin' your face up like acne\nBreak your teeth, replace them with veneers bigger than Little Scrappy\nFeeling like growing my dread again\nLetting my shit get nappy\nThrow me on a New York fitted\nWhile reppin' like I'm a Yankee\nIf they wanna front then I hit em and I tap em\nEat a nigga's food like its a scampi\nWhen it come to bitch niggas, I'm a little bit a racist\nGovernor Pataki\nPapi, here to massacre aunti\nNow pops was a little bit manly, fuck all that aiming\nI'mma hit him in the front, hit him in the back\nSo substanc-y\nThen I gotta Bit-a-bit-a-bit-a-bit-a-beat a nigga leave him in the alley\nYou don't really really know how you niggas always be making me aggie\nOrgans in your drawers now you wearing your pants saggy\nHaggling niggas with scriptures I'm spittin, you should be happy\nGradually when I hit you I split you and leave you sadly\nIn a situation lay you out flatter than chicken patties\nIt's the God, you hear me talking whenever you hear the raspy\nAnd when it comes to murkin' something you should never put it past me!\n\n[Chorus: Kendrick Lamar] :\nGot me breathing with dragons\nI'll crack the egg in your basket, you bastard\nI'm Marilyn Manson with madness, now just imagine the magic\nI light to asses, don't ask for your favorite rapper\n(He dead) Yessir (Amen) Chuuch\n(He dead) I killed him (Amen) Amen", "image": "https://images.genius.com/25d8a9c93ab97e9e6d5d1d9d36e64a53.1000x1000x1.jpg"}], "artist": "Kendrick Lamar"}