{"songs": [{"title": "The Relevant", "album": null, "year": "2009-12-31", "lyrics": "[Intro]\nReporting live, Compton California\nThe good kid\n\n[Verse 1]\nI'm tired of doing it the same way\nGotta Flip it before I ruin it\nMake it all make sense\nBefore you put your 2 in it\nOpinions get thrown out the window\nWith Ron Browz so turn me up loud\nSo the world can hear\nAnd when your favorite rapper\nBe rapping you should cover your ears\nAnd go deaf, go deaf I said\nGo death and stay dead\nA shot to the forehead'll kill em\nBut I ain't here for no ignorance\nI\u2019m militant, as Martin Luther King\nIn the penitent, aiming for my dreams\nTill a bullet bounce off\nOne of my deep thoughts\nAnd hit a nigga in the spleen\nI got it in my genes\nYou probably think I'm talking bout a pistol\nBut I'm talking bout the blood of a warrior\nMy nigga what you worry for?\nI ain't trying to jock your swag\nI'm trying to better my craft and stay relevant\n\n[Hook]\nYeah, as time flies\nHope that I'm soaring\nFar from the boring\nI'ma\nTell you why\nIt's important\nI'm not the boring, (I'ma)\nIf I think and act like you do\nThe world would die\nFrom not seeing something new\nAnd if I don't speak on how I feel\nThe world would lose out on\nWhat's really real\nAnd if I should die before I wake\nI pray my music will take my place\nThe World\nThe Relevant\n\n[Verse 2]\nId rather you call me that\nThen a typical artist you call wack\nOn a Youtube blog holding AR's and stacks\nOf one's but never could be the one\nTo rally communities or\nLead a crowd of blacks\nPassion is to strong\nIm pissed off\nSo there's a chance you get pissed on\nR Kelly was in the wrong\nBut that dont make you an exempt\nThat dont make you a no go from hittin the fence\nYou ain't a blood and\nDamn sure you ain't a crip\nThe crowd yell OH!\nBut I ain't a pimp\nIm me, Im free as a 5 finger discount\nSee you on the flipside\nRight after I dismount, if I\nEver feel like I ain't pushin myself\nIll find a cliff then push myself\nOff the edge like a barber\nAt the tip of your head\nThats how I settle it\nLife or death if I ain't relevant\n\n[Hook]\nYeah, as time flies\nHope that I'm soaring\nFar from the boring\nI'ma\nTell you why\nIt's important\nI'm not the boring, (I'ma)\nIf I think and act like you do\nThe world would die\nFrom not seeing something new\nAnd if I don't speak on how I feel\nThe world would lose out on\nWhat's really real\nAnd if I should die before I wake\nI pray my music will take my place\nThe World\nThe Relevant\n\n[Verse 3]\nSo feel free to not mind me\nIf your used to boosters\nDrug dealers and shooters its on wax\nCause most of yall niggas fabricate facts anyway\nI could have easily cheat and let the 44 play\nLike a 2 on 2 orgy\nBut I been there and it bores me\nGot to the point where it did nothing for me\nAt 40 I want to afford not to record bullshit\nIn my story, and Im mad young so Id rather do it now\nBefore my careers done, this is pain plus glory\nVictory is here, if I cried\nYou could see strength and pride in my tears\nI do it for the kids, I do it for the 23\nHour lockdowns doin time in the pen\nAnd my pen is the only thing I got for\nHip hop to change the game\nThey'll remember my name as the relevant\n\n[Hook]\nYeah, as time flies\nHope that I'm soaring\nFar from the boring\nI'ma\nTell you why\nIt's important\nI'm not the boring, (I'ma)\nIf I think and act like you do\nThe world would die\nFrom not seeing something new\nAnd if I don't speak on how I feel\nThe world would lose out on\nWhat's really real\nAnd if I should die before I wake\nI pray my music will take my place\nThe World\nThe Relevant", "image": "https://images.genius.com/25d8a9c93ab97e9e6d5d1d9d36e64a53.1000x1000x1.jpg"}], "artist": "Kendrick Lamar"}