{"songs": [{"title": "Don't Understand", "album": "2011's Freshman Class: The Mixtape", "year": "2009-11-10", "lyrics": "[Verse 1]\nHis eyes bloodshot red\nI watched him as he took a fifth of Henny to the head in memory of his brother\nReminiscing on them playing Sega with each other\nHe was hurting, I can see it, plenty tears, no kleenex\nI stood by his side because that was my homie\nGave him a hug, some of his brother's blood got on me\nClinching his fist on some angry shit\nStood up, sat back down on the curb and asked me who they be hangin' with\nI wasn't sure so I gave him no answer\nBut I was sure that he had him a blammer and wanted war\nRevenge, what do you say to a good friend\nThat just lost it and grabbin' choppers out of the closet\nI tried my best to make him renig\nBut he was like, my nig this feeling is more than personal\nI stood down\nHe hopped in a four door, Honda Accord before he\nBent the block, he said K Dot\n\n[Hook]\n\"(You wouldn't understand)\nThese streets can turn a kid to killer in minutes\nNot by choice, but forced to be a menace\nCan someone just pray for me, or war\n(Or at least, try to understand) the city pressure\nThe AK-47, twin MAC-11s\nThe Desert Eagle, shotty and the Smith & Wessons\nPray for me, or war\"\n\n[Verse 2]\nCorners become monuments for the dead\nCandles on the pavement, postcard read\nRest in peace, the yellow tape blockin' off the streets\nA baby mama yellin at the police\nBut you don't understand\nYou figure that we're just a bunch of niggas but the picture here's a story untold\nY' see this wasn't in our plans\nBabies from the late 80s wasn't born crazy, we was raised that way\nPut that Malcom X book down then raise that K\nComplete chaos when we off x pills and St. Ides\nLook the devil in the face, from a sane eye\nCast the spell on you like Akeelah and the Bee\nEvery killer in the street is a teen with a corrupted, mind\nSubstance, time, is no longer an issue\nWe don't have it, so pass the tissue\nThen close the casket, kiss the momma when you can\nAnd tell her you understand, but you don't understand\n\n[Hook]\n\n[Verse 3]\nHe came back fifteen minutes later\nHe said, \"Dot, I went on one, do me this favor\nDump these guns in a safe place, let nobody see you\nThis as critical as it gets, my nigga I need you\"\nI said alright, so what happened? \"Seen a few niggas slippin\nAnd I just started clappin, I didn't care who I was hittin\"\nThat's wild shit, but anyway I got you\nI love you nigga make sure you hit me up by tomorrow\nI woke up the next mornin' with a cold\nAllergies got me sneezin and wipin' my nose when it was leaking\nChecked the medicine cabinet, lookin for some Dayquil\nBut all I seen was some Asprin, just my luck\nI got up, went to Rite Aid\nHoping that the pharmacy department had the right aid - I bought it and left\nWalked to the parking lot, when I see the faces of death\nSaid they was lookin for my man with a chopper in they hand\nPrayin it would jam, but you don't understand\n\n[Hook]\n\n[Outro]\nIts like a revolving door that i've been a part of my whole life. fucked up right?", "image": "https://images.genius.com/6fdd82bef1bb980ec41bfc4de3a134c9.500x500x1.jpg"}], "artist": "Kendrick Lamar"}