{"songs": [{"title": "Higher Ground Freestyle", "album": null, "year": null, "lyrics": "[Kendrick Lamar]\nRiding around town, big taxi\nI\u2019m out in London, please don\u2019t ask me\nI don\u2019t know when I\u2019ll be going back to Cali\nI don\u2019t know when I\u2019ll be going back to Cali\nSaid I\u2019m riding around town, big taxi\nOut in London, don\u2019t ask me\nI don\u2019t know when I\u2019ll be going back too, kay?\nSkkrt skkrt, pulling up, G5 land in the valley\nFor the valley girls or them hoochie broads\nI don\u2019t know, I don\u2019t like \u2018em if they got some flaws\nI don\u2019t know, I don\u2019t like \u2018em if you wife \u2018em dog\nI don\u2019t know, I don\u2019t like \u2018em, this is big bruhK-D-O-T, TDE", "image": "https://images.genius.com/25d8a9c93ab97e9e6d5d1d9d36e64a53.1000x1000x1.jpg"}], "artist": "Kendrick Lamar"}