{"songs": [{"title": "Thank You", "album": null, "year": null, "lyrics": "Reminiscing on when we used to smoke chronic\nNow we puffing the kush and I'm like\n(Thank you doctor)\nFor giving the West Coast CPR\nNow here we are, we like to\n(Thank you doctor)\nWe can never pay you back\nAll the shit you did for hip hop and gangsta rap\nFor that (thank you doctor)\nWithout further adieu\nDiggy Doc, this one is for you\nI remember growing up\nJust a Dogg Pound pup bumping G Thang\nIt's that gin and juice in my cup\nAnd all I knew was N.W.A\nEazy, Yella and Ren, Ice Cube and Dre\nBig Snoop, Warren G, Nate Dogg and raised\nKurupt and RBX, the original gang\nBad ass super fly, I can go on for days\nD.P.G.C., that's the way I was raised\nAnd motherfucking 2Pac was my shit\nEspecially when he was rocking on the Doc shit\nKilla Cali where it all started\nLegacy, me, I'm just happy to be a part of it\nThis west shit\nIt's history in the making, this is the next step\nCalifornia's best kept, yep\nIt's your own Scoe, I'm a Y.A gangsta rider\nOn behalf of the South Central L.A, we wanna\n(Thank you doctor)\nReminiscing on when we used to smoke chronic\nNow we puffing the kush and I'm like\n(Thank you doctor)\nFor giving the West Coast CPR\nNow here we are, we like to\n(Thank you doctor)\nWe can never pay you back\nAll the shit you did for hip hop and gangsta rap\nFor that (thank you doctor)\nWithout further adieu\nDiggy Doc, this one is for you\n\n[Kendrick Lamar]\n\nI remember when it all started\nOn Alondra, in that small apartment\nBurgundy carpet and SEGA cartridges\nPop a flick and blunt ashes all on the garments\nMomma of off wine cooler, Magic Johnson played Jordan\nI was only four, but it's like I heard it before\nA house party cracking off of the music the Dr. recorded\nAnd according to my awareness I was more than coherent\nA cold listener, mocking that shit like a parrot\nMy cousins kicking up dust Cripping\nThey flag, wear it 'round their hand like a mitton\nAiming, use it for leverage\nShitting on Compton sheriffs like \"Fuck the Police\"\nWoofers and gold Rollies\nEvery swap meet should know me\nCause I copped every record that dropped\nDropped a dub just to hear Doc drop\nA jewel for the sake of hip-hop\nWho ever have thought the moment I seen you on Bullis for Cali love\nFifteen years later you'd be saving my life, what\n(Thank you doctor)\nReminiscing on when we used to smoke chronic\nNow we puffing the kush and I'm like\n(Thank you doctor)\nFor giving the West Coast CPR\nNow here we are, we like to\n(Thank you doctor)\nWe can never pay you back\nAll the shit you did for hip hop and gangsta rap\nFor that (thank you doctor)\nWithout further adieu\nDiggy Doc, this one is for you", "image": "https://images.genius.com/25d8a9c93ab97e9e6d5d1d9d36e64a53.1000x1000x1.jpg"}], "artist": "Kendrick Lamar"}