{"songs": [{"title": "LOYALTY.", "album": "DAMN.", "year": "2017-04-14", "lyrics": "[Intro: Mr. Talkbox]\n\n[Pre-Chorus: DJ Dahi & Kendrick Lamar]\nI said I'm geeked and I\u2019m fired up (fired, fire)\nAll I want tonight is just get high (high, high, high)\nGirl, you look so good, it's to die for (die for)\nOoh, that pussy good, it's to die for (on fire)\n\n[Chorus 1: Kendrick Lamar & Rihanna]\nIt\u2019s a secret society\nAll we ask is trust (all we ask is trust)\nAll we got is us\nLoyalty, loyalty, loyalty\nLoyalty, loyalty, loyalty\n\n[Verse 1: Kendrick Lamar]\nKung Fu Kenny now\nMy resume is real enough for two millenniums\nA better way to make a wave, stop defendin' them\nI meditate and moderate all of my wins again\nI'm hangin' on the fence again\nI'm always on your mind\nI put my lyric and my lifeline on the line\nAnd ain't no limit when I might shine, might grind\nYou rollin' with it at the right time, right now\n(Only for the dollar sign)\n\n[Verse 2: Rihanna]\nBad girl RiRi now\nSwerve, swerve, swerve, swerve, leave it now\nOn your pulse like it's EDM\nGas in the bitch like it\u2019s premium\nHaul ass on a bitch all in the fast lane\nBeen a bad bitch way before any cash came\nI\u2019m established, hundred carats on my name\nRun the atlas, I'm a natural, I\u2019m alright\n\n[Verse 3: Kendrick Lamar & Rihanna]\nI'm a savage, I'm a asshole, I'm a king\nShimmy ya, shimmy ya, shimmy ya rah (yeah)\nYou can tell your nigga he can meet me outside (yeah)\nYou can babysit him when I leave him outside\nAin\u2019t no other love like the one I know\nI done been down so long lost hope\nI done came down so hard I slowed\nHonestly forever, all a real nigga want\n\n[Pre-Chorus: DJ Dahi & Kendrick Lamar]\nI said I'm geeked and I'm fired up (fired, fire)\nAll I want tonight is just to get high up (yeah)\nAll I want is, all I want is\n\n[Chorus 2: Kendrick Lamar & Rihanna]\nLoyalty, loyalty, loyalty\nLoyalty, loyalty, loyalty\n10-4, no switchin' sides\nFeel somethin' wrong\nYou actin' shifty, you don't ride\nWith me no more, I need\nLoyalty, loyalty, loyalty\nLoyalty, loyalty, loyalty\n\n[Verse 4: Kendrick Lamar]\nTell me who you loyal to\nIs it money? Is it fame? Is it weed? Is it drink?\nIs it comin' down with the loud pipes in the rain?\nBig chillin', only for the power in your name\nTell me who you loyal to\nIs it love for the streets when the lights get dark?\nIs it unconditional when the 'Rari don't start?\nTell me when your loyalty is comin' from the heart\n\n[Verse 5: Rihanna & Kendrick Lamar]\nTell me who you loyal to\nDo it start with your woman or your man? (Mmm)\nDo it end with your family and friends? (Mmm)\nHow you loyal to yourself in advance?\nI said, tell me who you loyal to\nIs it anybody that you would lie for?\nAnybody you would slide for?\nAnybody you would die for?\nThat's what God for\n\n[Pre-Chorus: DJ Dahi & Kendrick Lamar]\nI said I'm geeked and I'm fired up (fired, fire)\nAll I want tonight is just to get high up (yeah)\nAll I want is, all I want is\n\n[Chorus 2: Kendrick Lamar & Rihanna]\nLoyalty, loyalty, loyalty\nLoyalty, loyalty, loyalty\n10-4, no switchin' sides\nFeel somethin' wrong\nYou actin' shifty, you don't ride\nWith me no more, I need\nLoyalty, loyalty, loyalty\nLoyalty, loyalty, loyalty\n\n[Outro: Kendrick Lamar & Rihanna]\nIt's so hard to be humble\nIt's so hard to be\nLord knows I'm tryin'\nLord knows I'm dyin', baby", "image": "https://images.genius.com/d25e7043f51c2de6acaf6c39caa60da2.1000x1000x1.jpg"}], "artist": "Kendrick Lamar"}