{"songs": [{"title": "Computer Love", "album": null, "year": "2018-09-29", "lyrics": "[Chrous]\nThat pussy got a spell on me\nThat pussy got a spell on me\nThat pussy got a spell on me\nThat pussy got a spell on me\n\n[Verse 1]\nHey lil pretty lil, pretty lil, bish you\nWalk around with these\nMake\n[?]\n\n[Chrous]\nThat pussy got a spell on me\nThat pussy got a spell on me\nThat pussy got a spell on me\nThat pussy got a spell on me", "image": "https://images.genius.com/25d8a9c93ab97e9e6d5d1d9d36e64a53.1000x1000x1.jpg"}], "artist": "Kendrick Lamar"}