{"songs": [{"title": "Manchester Freestyle Cypher Verses (2016)", "album": null, "year": "2016-03-16", "lyrics": "[Verse 1: Kendrick Lamar]\nTwo emcees, that's all we need\nThis a freestyle off of the top, proceed\nI come from the West\nYou know I gotta get 'em\nFlow sicker than cancer in Manchester\nYes-ugh\nAs we rock from off the top\nYou know I got the sure shot\nI make it hot\nI go from Compton to Watts to the suburb-ian-ghettos\nIf you want to see me everybody say hello!\n\n[Verse 2: Kendrick Lamar]\nYo!, give me that motherfucking mic back\nTryna battle\nI'll put your little ass in the saddle\nHow you don't see before\nYou can't see me\nNever better emcee that's fucking shorter than me\n\n[Verse 3: Kendrick Lamar]\nYo, yo\nI'm-ma use that mic\nI'm-ma do that right\nI'm-ma spit this all day and all night\nAnybody wanna come under pressure?\nAnybody wanna see God(?)-bless ya\nI love ya 'fro, you got the head of the future\nRocky, good kid, mad city (good kid, M.A.A.D. City)\nI was there-ah\nNow I had to switch it up and get the braids\nNow I had to come through\nFlow sicker than AIDS\nI gotta get paid, I gotta get laid\nI gotta come true, gotta be real\nI gotta be proof, gotta be you\nGotta be us and gotta be due\n\n[Verse 4: Kendrick Lamar]\nStep up, emcee\nIf you want time right now\nCome right now\nAnd shine! (x6)\n\n[Verse 5: Kendrick Lamar]\nHold up!\nI gotta leave y'all with at least a few bars\nIt's not about the women, the money, stars, and cars\nIt's not about the clothes, the hoes\nKnow who we are\nIt's all about the mentality\nLove making chords\nYour life makes you bruised and battered\nBut that don't matter\nIf you wanna know\nFuck all that chitter-chatter\nDo your thing, let 'em sing\nLet the gun-boy reign\nBite the sound, I just came and blazed\nWhat's up!", "image": "https://images.rapgenius.com/06fdd4023e3febac8120f23af361d8e4.615x407x1.jpg"}], "artist": "Kendrick Lamar"}