{"songs": [{"title": "Shot Down", "album": "C4", "year": "2009-01-30", "lyrics": "[Verse 1: Kendrick Lamar]\nLight an incense for little Kendrick\nLittle oh Kendrick\nDetermination, my drive is like a thousand convertible engines\nMy adrenaline pump the blood of a warrior chump the apprentice\nGrown to be a man, 21 now, my heart in my hand\nDon\u2019t get gunned down, I\u2019m from Compton bitch\nFuck a 6-4, we hit the kill switch\nThe other day I seen my nigga Snows in the casket\nDarker skin tone, you can only imagine\nThe type of shit we on, murdered them dumb bastards\nKill em inside their kitchen and then stuffed them inside their cabinets\nDeath before dishonor, put that on my Mama\nI'mma ride till I see the promise land, that\u2019s a promise\nLlamas in the unfamiliar minivan, more drama only make more problems but\n\n[Hook]\nThey gotta get shot down, cause we riding, we riding, we riding, they gotta get shot down, cause we riding, we riding\n\n[Verse 2: Kendrick Lamar]\nLike a black rodeo, 44\u2019s, calicos\nChop em up, stop em up like a stuffy nose\nWe supposed to be brothers, motherfuck ya tuck your tail bitch, hell is waiting on ya\nWhile I\u2019m praying on ya, not on my knees though, I mean praying on ya\nI gotta feed ho, and your death is nutritious to my appetite\nAfter I eat you\u2019re sure to see afterlife\nJesus Christ, forgive me for my sins, because when you forgive me, I\u2019m sure to sin again\nI guess I\u2019m a sinner, especially when I found out somebody killed my nigga\nNigga does anybody killer, fuck your creed race or color\nSon daughter sister mother brother gotta suffer\nBitch I\u2019m cold hearted, till my arteries freeze please hand me the keys to the G-ride\nThey outside then\n\n[Hook]\n\n[Verse 3: Kendrick Lamar & Punch]\nSomebody get ready for a murder, no more further announcements\nMac-11 bouncing, the murder scene, coroner, yellow tape surrounding\nEither I retaliate or find self counseling\n\n[Punch]:\nSomebody got to die, simple mathematics\nSemi-automatic, watch them niggas panic and their hearts perish\nOr lets be diplomatic and less melodramatic\nEverything is vanity, think Ecclesiastic\nBut what\u2019s it all for, or what\u2019s it all mean\nAn eye for an eye means you and I won\u2019t live to see\nAs our hearts bleed we proceed cautiously\nShoot them niggas down consciously that\u2019s how\n\n[Hook]", "image": "https://images.genius.com/8b626036c563b0aefa7a5b83f1fb9302.750x750x1.jpg"}], "artist": "Kendrick Lamar"}