{"songs": [{"title": "The DAMN. Tour [Setlist]", "album": null, "year": null, "lyrics": "01. DNA\n02. ELEMENT\n03. King Kunta\n04. untitled 07 | 2014 - 2016\n05. untitled 02 | 06.23.2014\n06. Mask Off (Cover)\n07. Collard Greens\n08. Swimming Pools (Drank)\n09. Backseat Freestyle\n10. LOYALTY\n11. LUST\n12. Money Trees\n13. M.A.A.D City\n14. XXX\n15. PRIDE\n16. LOVE\n17. Bitch, Don't Kill My Vibe\n18. Alright\n19. HUMBLE\nEncore\n20. FEEL\n21. GOD", "image": "https://images.genius.com/25d8a9c93ab97e9e6d5d1d9d36e64a53.1000x1000x1.jpg"}], "artist": "Kendrick Lamar"}