{"songs": [{"title": "The Best Rapper Alive", "album": "Training Day", "year": "2005-06-01", "lyrics": "[Intro]\nYea that's right you better walk away\nGo on and walk away cause I'mma burn this motherfucker down\nKing Kong ain't got shit on me\n\n[Verse]\nRunning them ghetto streets, I ain't cooking up nothing\nBut I got the tea kettle on side of me, that metal on side of me\nI dare you to follow me, I'm double daring you to follow me where the drama be\nHis momma in debt, so she can't pay the funeral fee\nSo wherever them candles at, that's where the funeral be\nKids don't get sleep, guns keep 'em up real late\nWalk in the school, shells laying on the concrete\nTake 'em to school, show and tell, for that final grade\nShe gave him a 'F', I say that young boy deserve a 'A'\nCause she never slept where he slept, or seen ricochet bullets rip\nThrough his cousin's face, ripping his face off\nI aim the fifth straight, concentrate like I'm playing golf\nI'm Tiger Woods with a gun in my car, I keep one in my car\nAnd keep a bitch with implants, so she keep one in her bra, boom\nShit, make room for the lil bastard\nThe flyest nigga you seen on centennial campus\nThe eight ball tucked in my jeans while I'm getting patted down\nThey didn't know I had it on me, stupid security\nNo one securing you, if I'm gon' touch you\nIf I don't like you, the Mossberg pump love you\nI take that back, it probably just wanna go and fuck you\nGo with you, then dump you inside the coneal confortable\nDefending my belt, depending on nobody but myself\nUnless you talking 'bout money, I need yo help\nI need some help, they say that my screws is loose\nLike handlebars on mongoose, this is true\nYou tough rappers, I'm talking to you\nHe ain't on no used to shit, but you see his face grew\nHe say that he fabulous, but really don't have a clue\nThat he just a puppy living in this zoo\nShit, whoo, with that said, you should know I am the truth\nThe truth hurts, you should feel pain when I'm done with this verse\nI'm done.... psyche, I ain't finished\nEver since the first grade, been bad with the run-on sentence\nI never sat the benches in the game of life\nI played the whole forty-eight minutes, Christ\nI rap with precision and lyrics, is grandma nice\nI'm cooking up something, you want you a slice? Then get it\nI'm holding my stomach, I'm shitting, I'm farting\nOn any rapper thinking I'm in his vision, is you retarded?\nThe CL got my head spinning awkward\nBought it last month, 'bout to put it up for auction\nI'm not rapping, I'm talking powerful\nAnd for that dirty money, boy, the Mac'll shower you\nThe Mac disintegrate, and then devour you\nThe mag'll forget you, regurgitate and sour you\nI world trade you niggas, north and south tower you\nSteroid, my authority overpower you, the industry ain't affording me\nThey might as well just give me my money and start ignoring me\nCause y'all niggas boring me, y'all ain't making no dollars plus no cents\nI swear, y'all niggas foreign to me, foreigners\nI tell you what, go and tell it to the coroner\nKilling 'em whenever my performance come\nWhen I do it, it won't be nothing right after I'm done\nWhen I ruin niggas' careers, put you niggas in tears\nGet you pom poms, you better off, cheer for me\nShit, the new money is here for me", "image": "https://images.genius.com/0d736130ef89ba0b866b3b01fad325c1.500x500x1.jpg"}], "artist": "Kendrick Lamar"}