{"songs": [{"title": "Funkmaster Flex Freestyle", "album": null, "year": "2012-09-17", "lyrics": "[Verse 1]\nHeard a conversation with my father talking to his favorite partner\nAt the domino table, Tony had told him that he saw a\nYoung nigga hopping out busting like four charters\nPopping pills, mix a gallon of sherm and some holy water\nMix a gallon of sherm and some holy water\nSell it to a priest he probably can get it off by tomorrow\nIt's wicked when my favorite uncle kick it\nFiends trying to kick the addiction of sucking glass dicks\nVivid images go against any fantasy you can fathom\nPhantoms ain't the only thing that suicidal\nOpen the doorway to his soul\nHit the hallway then hit the closet you see a rifle\nAim it at your arteries pardon me, parts of me is pyscho\nIn retrospect my respect was a power ranger high note\nTumbling backwards into a karate kicking high note\nMy innocence would eventually see a hindrance\nSurrenduring Ninja Turtles, pizza and Sega Genesis\nHeard it over my bunk bed ear hustling\nSomething my papa said that caught my attention\nHis eyes red he's smoking on marijuana mixing the two eleven\nHe said I'm seven going on sixty-seven\nThe day I turned seventeen is the day that a lesson inside my lifetime\nCome across a clothes line, every stick is a co-sign\nEverything in the streets got the power to make me go blind\nEven if he sat me down in the sunshine and gave me those eyes\nComprehend it well and I could smell the soberness evaporating by itself\nHe said, \"Tony my biggest fear is to hear Kendrick disappeared in the fire out here and I didn't help\nSo if I can give him the game to hydroplane his decisions in life so he can go\nFurther than the streets and remain to be on the honor roll\"\nSacrifice my life even if that shit, my mama though\nTil the day he carried by the big six, domino\n\n[Verse 2]\nBackpack raps with gats in it\nDon't get your cap peeled by the black menace\nK Dot Thoroughbred\nMove like a militant soldier\nOn point like a pyramid, force to be reckoned with\nWith the best shit\nLike the strongest manure, I'm ready when you are\nThis is it\nI'm in the lab cooking up all day, eff em up all day\nLike a nympho, I been dope since s curl waves\nTrying to convince hoes I got good hair\nKnowing damn well there's chemicals there\nI'm in the hood with the 17 year olds that's on hood patrol\nAnd they want stripes so they shoot off bikes and you know\nAny moment you can lose your life so kiss your kids or hug your wife or whatnot yo\nI spawned with a dragon\nHe tried to throw his flame but I ducked and I stabbed him\nCame out the battle laughing\nThat's a metaphor for any rapper who want it\nI smack em 'til their nose is running\nYou know the hoes is coming if I'm there\nAnd the hoes is cumming once we hit that hotel\nThat's no assumption, cool out before I move out\nHop on the 105 and do about 105 before your ass get threw out\nThe back seat\nThere's a dead guy on the freeway, oh it's not Dot\nTell the medics it's okay, a beast when the beat break\nYou probably think I'm dope like the it's the realest shit I wrote\nBut to me it's a throw away\nI stare at them four walls and rap like I'm mad at God\nNice enough, I throw a spear at Nas, a jab at Jay\nMatter fact, no, I take that back\nSee I don't play with real legends of rap like you do\nAnd I'm crucial, concealed by real Crips and Soowoos\nAnd they shoot, they photography students when beef get to brewing Compton!", "image": "https://images.genius.com/25d8a9c93ab97e9e6d5d1d9d36e64a53.1000x1000x1.jpg"}], "artist": "Kendrick Lamar"}