{"songs": [{"title": "What the Deal", "album": "Y.H.N.I.C. (Hub City Threat: Minor of the Year)", "year": "2003-01-01", "lyrics": "[Hook]\nIf I gotta ride\nThen you's gonna die\n\n[Verse 1]\nI hope niggas ain't really tryin' to break my bones\nCause if you are make sure you know a nickname you want for that tombstone\nPlay hard as a rock bullets can break stones\nBreak bad boys down like Jenny did Sean Combs\nI'm hot as an oven you just a pressin' comb\nI'm not impressed homes you should've stayed home\nAnd prayed that rooftop blocked you from gettin' shitted on\nI gives a fuck if A&R's don't pick up the phone\nI swear there's no one like me but if there is then I gotta long lost twin or they made me a clone\nI don't care about friends I was made to be on my own\nI came in this world by myself and I'm leavin' alone\nHopefully with a crib that I can call my own\nWith a backyard the size of the fuckin' Georgia dome\nPop you popped shit and I might pop your dome\nGive your homies a reason to make a memory song\nNiggas swear that they love when the beef is on\nKnowin' that plummet time the only time he'll roam\nYou better hold your breath I give you workin' death\nAnd recommend the gun be your chaperone\nI know young niggas that look up to Al Capone\nAnd they look 17 but I swear that their mind is grown, shit\nI'm so grown and the reason why I write this way\nPac and Big be ghostwritin' my songs\nYou can play the boss but if you get shot\nFrom bein on top then homie that's your loss\nI'm nice wit it\nI'll pop your man then leave some money on him so it can pay for his funeral costs\nThe niggas tryin' to get money like Fort Knox\nEither from the rap shit or back down to the cut rock\nAnd you can play a baller but deep inside you know you just an actor\nYeah, somethin' like Rick Fox\nYou ain't a thug homie you just a fox\nIn the midst of werewolves somewhere in the boondocks\nAnd I'm really from the streets\nSo if I ask for beef homeboy don't bring me no pork chop\nI turn your skin to pork homie with one chop\nWith a rusty switchblade that's dirty like bum socks\nThey say the flow is crack\nSo wherever I rap best believe you can call it a dope spot\nI swear\n\n[Hook]\nIf I gotta ride\nThen you's gonna die", "image": "https://images.genius.com/1d86c80235f3ffef2492fec6dac85b33.500x500x1.jpg"}], "artist": "Kendrick Lamar"}