{"songs": [{"title": "Who Shot Ya (Freestyle)", "album": "Training Day", "year": "2005-06-01", "lyrics": "[Intro]\nI welcome y'all to boot camp\nTraining Day\nFasten your seatbelts\n\n[Verse]\nWho shot ya, I don't know but you're best to call a doctor\nMake sure them rookie medical surgeons can oper-rate on you\nPistol whip break the face on you, shit I does it my way like Sinatra\nLet them infrared's Dalmatian dot ya\nScope'll spot ya, move wrong and I got ya\nThrough my vision like perennial\nCreepin' to your house, you hear footsteps slowly as I tippy-toe\nThe tip I owe is through your window pane, I'm insane\nOne shot could leave 'em senseless, Marlon Wayans\nPsychiatrist can't restrain the mind of a sick patient\nSpray everything, not a single bullet wasted\nBe patient, you gon' be meeting mad links\nPut 'em in the basement\nBET, I'm strapped with TNT\nFollow rules every morning, this bitch coming with me, ooh\nThat's what they say when they see me in your coupe\nSunroof, rims spinning like a fucking hoola-hoop\nYou tried to play big and say \"gimmie the loot\"\nTables turned, now the people saying \"please don't shoot\"\nGet out the way, label, and try to make it to safety\nCause I doubt that my shit is on safety\nSpray niggas, no ifs, ands, buts, or maybes\nRide shotgun, 745 Maybe\nThat's Maybach for you dumb motherfuckers\nI'm wise like my pops but I'm young, motherfucker\nI'm the one, motherfucker, bust around hustlers\nYou want it? They could serve you, butler\nExcuse me Ma, I ain't going for your lover\nSo when I fuck you, the same time I'm like \"fuck you\"\nYou're better off looking for your next sucker\nMoney talks, I thought you heard Chris Tucker\nI ball as if I play for the Rucker\nBlack Widow, keep something under my pillow to buck ya\nHe talk about it and when the fifth touch ya, no confession, no Usher, for real\nYour whole spot is a movie like Blockbuster\nIf I want you imma bring it to your block, busta\nAnd make it clap, no I'm not spliff star and busta\nIn fact, my niggas is linemen the way they rush ya\nI keep it street from Compton to Russia\nRhyme technique is something like none other\nIt's warfare, choke if you scared, go buy a flashlight and pray under your covers\nI slaughter niggas, one hand bang, Vince Carter niggas\nYoung boy I'm a father figure to kids who's minds is bigger\nAnd they pops still sprung off the hardest liquor, I'm young\nPlease move in orderly fashion\nFor the love of money and crime I got a passion\nBlow your body and spine whenever I'm blastin'\nMakeover your whole face, you look like a Jackson\nAny one, pick one\n\n[Outro]\nAye\nI told you we gonna send you niggas to boot camp\nTraining Day\nFasten your seatbelts\nThe ride is rough\nLace your boots too\nThis is practice right here, we do this shit in our sleep\nYeah", "image": "https://images.genius.com/0d736130ef89ba0b866b3b01fad325c1.500x500x1.jpg"}], "artist": "Kendrick Lamar"}