{"songs": [{"title": "King Kunta", "album": "To Pimp a Butterfly", "year": "2015-03-15", "lyrics": "[Produced by Sounwave; Additional production by Terrace Martin]\n\n[Intro]\nI got a bone to pick\nI don't want you monkey-mouth motherfuckers\nSittin' in my throne again\nAyy, ayy, nigga, what's happenin'?\nK-Dot back in the hood, nigga!\nI'm mad (He mad!), but I ain't stressin'\nTrue friends, one question\n\n[Chorus 1]\nBitch, where you when I was walkin'?\nNow I run the game, got the whole world talkin'\nKing Kunta, everybody wanna cut the legs off him\nKunta, black man taking no losses, oh yeah\nBitch, where you when I was walkin'?\nNow I run the game, got the whole world talkin'\nKing Kunta, everybody wanna cut the legs off him\nWhen you got the yams\u2014(What's the yams?)\n\n[Verse 1]\nThe yam is the power that be\nYou can smell it when I'm walkin' down the street\n(Oh yes, we can, oh yes, we can)\nI can dig rappin', but a rapper with a ghost writer?\nWhat the fuck happened? (Oh no!)\nI swore I wouldn't tell, but most of y'all sharing bars\nLike you got the bottom bunk in a two-man cell (A two-man cell)\nSomething's in the water (Something's in the water)\nAnd if I gotta brown-nose for some gold\nThen I'd rather be a bum than a motherfuckin' baller\n\n[Chorus 1]\nBitch, where you when I was walkin'?\nNow I run the game, got the whole world talkin'\nKing Kunta, everybody wanna cut the legs off him\nKing Kunta, black man taking no losses, oh yeah\nBitch, where you when I was walkin'?\nNow I run the game, got the whole world talkin'\nKing Kunta, everybody wanna cut the legs off him\nWhen you got the yams\u2014(What's the yams?)\n\n[Verse 2]\nThe yam brought it out of Richard Pryor\nManipulated Bill Clinton with desires\n24/7, 365 days times two\nI was contemplatin' gettin' off stage\nJust to go back to the hood, see my enemy, and say\u2026 (Oh yeah)\n\n[Chorus 1]\nBitch, where you when I was walkin'?\nNow I run the game, got the whole world talkin'\nKing Kunta, everybody wanna cut the legs off him\nKing Kunta, black man taking no losses, oh yeah\nBitch, where you when I was walkin'?\nNow I run the game, got the whole world talkin'\nKing Kunta, everybody wanna cut the legs off him\n\n[Verse 3]\nYou goat-mouth mammyfucker\nI was gonna kill a couple rappers, but they did it to themselves\nEverybody's suicidal, they ain't even need my help\nThis shit is elementary, I'll probably go to jail\nIf I shoot at your identity and bounce to the left\nStuck a flag in my city, everybody's screamin', \"Compton!\"\nI should probably run for mayor when I'm done, to be honest\nAnd I put that on my momma and my baby boo too\n20 million walkin' out the court buildin', woo-woo!\nAw, yeah, fuck the judge\nI made it past 25, and there I was\nA little nappy-headed nigga with the world behind him\nLife ain't shit but a fat vagina\nScreamin', \"Annie, are you okay? Annie, are you okay?\"\nLimo tinted with the gold plates\nStraight from the bottom, this the belly of the beast\nFrom a peasant to a prince to a motherfuckin' king (Oh yeah)\n\n[Chorus 2]\nBitch, where you when I was walkin'\u2014*Gunshot*\nBy the time you hear the next pop\nThe funk shall be within you\u2014*Gunshot*\nNow I run the game, got the whole world talkin'\nKing Kunta, everybody wanna cut the legs off him\nKing Kunta, black man taking no losses, oh yeah\nBitch, where you when I was walkin'?\nNow I run the game, got the whole world talkin'\nKing Kunta, everybody wanna cut the legs off him\n\n[Outro]\nFunk, funk, funk, funk, funk, funk, funk, funk, funk, funk, funk\nWe want the funk\nWe want the funk\nNow if I give you the funk, you gon' take it?\nWe want the funk\nNow if I give you the funk, you gon' take it?\nWe want the funk\nNow if I give you the funk, you gon' take it?\nWe want the funk\nDo you want the funk?\nWe want the funk\nDo you want the funk?\nWe want the funk\nNow if I give you the funk, you gon' take it?\nWe want the funk\n\n[Poem]\nI remember you was conflicted, misusing your influence", "image": "https://images.rapgenius.com/5c45787f8bcd449a46bc3d1b50e65cc8.640x640x1.jpg"}], "artist": "Kendrick Lamar"}