{"songs": [{"title": "BET BackRoom Freestyle", "album": "BET BackRoom Freestyles Collection", "year": "2019-01-04", "lyrics": "[Verse 1]\nWhen I jumped off the porch I was forced into last resorts of a temper gone short\nAnd, of course, when that took it's course, hoarse when yelling out\nDemons that fought inside of me taught society how to rejoice\nKillers on side of me, privacy obviously was lost\nFor a piracy of the streets and my Odyssey\nCaught a bullet that probably destroyed...\nA good kid in a mad city, slightly annoyed\nI walk down the street with no heat and run into beef when I\u2019m just a vegan\nReeking the scent of a saint, sinners smell it then start squeezing\nPellets tumbling straight at my melon, apparent reason...\nBecause my cousin's cuzzin a Blood\nThat was Blooding in public and Kendrick seen with him last weekend, cousin\nBut you ain't no kin to me, probably Kendrick I'm Kennedy\nAssassinate my character, shoot as your remedy\nFair enough I got enemies but I don\u2019t bang\nBut that's the repercussion like when your cousin\u2019s cuzzin a blood\nAnd you\u2019re by yourself at the Compton parade\nGood Kid\nM.A.A.D City\nLife or death\nIs you with me?\nWassup", "image": "https://images.genius.com/0fd2397265910e9f72dcf0c68b690ea7.304x172x1.png"}], "artist": "Kendrick Lamar"}