{"songs": [{"title": "Hpnotiq", "album": "Training Day", "year": "2005-06-01", "lyrics": "[Intro]\n\n10,9,8\n7,6,5\n4,3,2\n1\n\n[Verse 1: Kendrick Lamar]\nI kick a funky friendly conversation that keep they mind racin'\nYou can't complain about the flow I got\nI let my thoughts space out with the astronauts\nLike the white boys say, \"Pass the pot\"\n\nLet me smoke for a minute...\n\nAs god as my witness, I never abuse this hip hop\nI'll never pretend to be something I'm not\nGiving you something to rock to other than hardcore rap, possible\nYou ever been under hypnosis I mean literally\nNot being focused with your eyes open\nThey say 90% of humans don't even notice\nNow can you imagine a couple of minutes passing without you knowing what happened\nWithout you knowing people was laughing at you\nThey say the worse scenario is when they have to catch you\nYou wake up out of your mind, your whole thoughts is baffled\nYou're doing things like trying to touch your shadow\nNow here's some realistic, is it something that can happen or is it just a gimmick\nYou never know until your bear witness\nBear witness...\nBear witness...\n\n[Verse 2: Kendrick Lamar]\nYou woke up in the morning, took a shower\nCall some bitches over, want them to be over in one hour\nShe came over, you fucked\nShe left and you hopped in the truck, you\nTook your shirt off cause outside was burning up, you\nSkirted off turned your beat up but your gun was tucked\nUnder the seat, you headed to long beach\nHop on the 710 the carpool lane\nOnly cause you got black tint and they can't see a thing\nYour check engine light popped up, its feeling like bad luck or what not\nYou tried to maneuver all the way to the call box\nBut one lane before you got there your car stopped\n\nStop\n\nIf your was listening for the past two minutes\nThen you just made accurate 90% hypnosis", "image": "https://images.genius.com/0d736130ef89ba0b866b3b01fad325c1.500x500x1.jpg"}], "artist": "Kendrick Lamar"}