{"songs": [{"title": "\u200buntitled 07 | Levitate", "album": null, "year": "2016-03-23", "lyrics": "[Verse 1]\nLove won't get you high as this\nDrugs won't get you high as this\nFame won't get you high as this\nChains won't get you high as this\nJuice won't get you high as this\nCrew won't get you high as this\nHate won't get you high as this\nLevitate, levitate, levitate, levitate\nLove won't get you high as this\nDrugs won't get you high as this\nFame won't get you high as this\nChains won't get you high as this\nJuice won't get you high as this\nLevitate, levitate, levitate, levitate\n\n[Verse 2]\nLife won't get you high like this here, no\nHe won't get you high like this here, no\nShe won't get you high like this here, no\n\"For Free?\" won't get you high like this here, no\nTwo keys won't get you high, no, no, no\nBentleys won't get you high, like, no\nLevitate, levitate, levitate, levitate\nLife won't get you high, no, no, no\nHe won't get you high, no, no, no\nShe won't get you high, no, no, no\n\"For Free?\" won't get you high, no, no, no\nTwo keys won't get you high, no, no, no\nBentleys won't get you high, no, no, no\nBars won't get you high, no, no, no\nLevitate, levitate, levitate, levitate\n\n[Verse 3]\nShut your fuckin' mouth and get some cash, you bitch, you\nYou be in your feelings, I be in my bag, you bitch, you\nSanta's reindeer better have some ass, you bitch, you\nEverything I'm working, gotta be the gas, you bitch, you\n(Don't fuck around, don't fuck around, don't fuck around, don't fuck a...)\nShut your fuckin' mouth and get some cash, you bitch\nYou be in your feelings, I be in my bag, you bitch\nSanta's reindeer better have some ass, you bitch\nEverything I'm working, gotta be the\nLevitate, levitate, levitate, levitate\n\n[Verse 4]\nMe don't want problems (Me don't want problems)\nMe don't want tricks (Me don't want tricks)\nMe do want dollars (Me do want dollars)\nMe want it big (Me do want dollars)\nMe don't want problems (We ride Impalas)\nMe don't want tricks (Me don't want tricks)\nMe do want dollars (Me don't want tricks)\nLevitate, levitate, levitate, levitate\nWe don't want problems (We don't want problems)\nWe don't want tricks (We don't want tricks)\nWe do want dollars (We do want dollars)\nWe do it big (We don't want problems)\nWe do it big (We don't want problems)\nWe do it big (We don't want tricks)\nWe don't want problems (We don't want problems)\nLevitate, levitate, levitate, levitate", "image": "https://images.rapgenius.com/0fa95fe4af8c3d1b4c57a853bcb700b7.400x400x1.jpg"}], "artist": "Kendrick Lamar"}