{"songs": [{"title": "Uncle Bobby & Jason Keaton", "album": "The Kendrick Lamar - EP", "year": "2009-12-31", "lyrics": "[Verse 1: Kendrick Lamar]\nI was sitting on the couch reading yellow paper\nA letter in reply, 7 days later after I wrote 'em\n\"Stay strong, keep your faith in God,\" what I told him\nHoping that he's listening\nSaid that they tried to give him like a hundred years\nWhat a coincidence, I was bumping some Plies\nI can taste the salt from my tears\nAs the water had start to flood on my eyes\nI know it gotta be hard being 21\nDoing time in the pen and your Gram's old\nYour brother's getting older\nAnd the streets is getting colder\nAnd your hoping that he's focused to stay on the right road\nSleeping in a cell, it's been 30 weeks\nAin't recieved any mail\nIt's cold and the hole stinks\nAnd you can't even blink without niggas testing your life\nAs I read every word that you write, I can only imagine\nJason Keaton, I can only imagine\n\n[Chorus: Javonte]\nLife's about decisions man\nIt's in your hand and you got it\nJust take control if you can\nIt's in your hand and you got it\n\n[Verse 2: Kendrick Lamar]\nSitting on the couch, that was my Uncle Bobby\nAfter he just got out, 15 years to count\nHaven't seen the world in so long\nHaven't seen a girl in so long\nAnd before the sun came up, he was gone\nLike a fiend off the best rock\nTrying to get his life together, or what not\nTyped his name in the system and they couldn't find his identity\nGot it straight, got a place, found some serenity\nFound a job, found his Mother's grave site, found a 40 ounce\nThen he found God, then he bounced, then he found a new chick\nTwo kids, wide hips, found something in her we didn't see\nFound this spot in Pasadena and shack with her, an investment\nThen found guilty, somebody had yelled domestic\nViolence on my Uncle, was working with two strikes\nOnly out a year, now facing life\nI can only imagine\nThat's fucked up\nI can only imagine, Uncle Bob\n\n[Chorus: Javonte]\nLife's about decisions man\nIt's in your hand and you got it\nJust take control if you can\nIt's in your hand and you got it\n\n[Verse 3: Kendrick Lamar]\nSitting on the couch, thinking about the ratio\nOf blacks in prison as compact in prison\nWhen blacks pack with minorities\nSystem grab more of these 18 year olds\n18 year sentence with no parole\nThe state won't oversee\nThey make the term severe, a conspiracy?\nThat's what I call it, it's full of shit\nA toilet can help quick, the government help?\nNo, just put us on death row\nJust give us some more guns, then give us some more coke\nThen give us another chair, then give us some more rope\nThen hang it like right there, yeah\nIt's justice for all but 90 percent unfair\nCare? No\nAlcatraz was purchased by a white man\nFor 5 grand, with intentions to expand\nMore prisons\nSo these correctionals ain't for rehabilitation\nThey for grossing a bigger business\nImagine\nWe're being used\nImagine\nThe truth shall be told\n\n[Chorus: Javonte]\nLife's about decisions man\nIt's in your hand and you got it\nJust take control if you can\nIt's in your hand and you got it", "image": "https://images.genius.com/de49545ec6453e829bb3ff6d34d088db.1000x1000x1.jpg"}], "artist": "Kendrick Lamar"}