{"songs": [{"title": "Regulate (Freestyle)", "album": null, "year": "2012-10-02", "lyrics": "[Verse: Kendrick Lamar]\nYeah...\nHit the East Side of the LBC\nOn a mission trynna find Mr. Warren G\nWhen I jumped off the porch, I was forced into last resort\nOf a typical short end, of course where that took us course\nHoarse for yelling out Demons that fought inside of me, talk society how to rejoice\nKillers aside of me, privacy obviously was lost\nFraud, Piracy of the streets of my Odyssey\nCaught a bullet that probably destroyed\nA good kid in a mad city slightly annoyed\nI walk out the street with no heat and wanted to beef when i\"m just a vegan\nReeking the scent of a saint, sinner smelling the stars squeezing\nPillars stumbling straight to my melon apparent reason\nProbably because i'm a cousin, cousin of blood that blooded in public\nAnd Kendrick seen with him last weekend, cousin\nBut you ain't' no friend of me, instead of Kendrick i'm Kennedy\nAssassinate my character, sure, if that's your remedy\nFair enough, i got enemies, but guess who bang?\nBut that's the repercussion like when your cousin is cussing a blood and your by yourself at the Compton parade\nGood kid, mad city, life or death, is you with me?", "image": "https://images.genius.com/25d8a9c93ab97e9e6d5d1d9d36e64a53.1000x1000x1.jpg"}], "artist": "Kendrick Lamar"}