{"songs": [{"title": "Chapter Six T\u00fcrk\u00e7e \u00c7eviri", "album": null, "year": "2011-07-02", "lyrics": "K\u0131zlar ve erkekler ile tak\u0131l\u0131yoruz ve kafam\u0131z iyi\n\u0130stedi\u011fimiz tek \u015fey iyi zaman ge\u00e7irmek\nGen\u00e7, vah\u015fi ve umursamaz, hayat\u0131 b\u00f6yle ya\u015f\u0131yoruz\nDua et ki 21'imize ula\u015fal\u0131m\n21'imize ula\u015fal\u0131m\n\nK\u0131zlar ve erkekler ile tak\u0131l\u0131yoruz ve kafam\u0131z iyi\n\u0130stedi\u011fimiz tek \u015fey iyi zaman ge\u00e7irmek\nGen\u00e7, vah\u015fi ve umursamaz, hayat\u0131 b\u00f6yle ya\u015f\u0131yoruz\nDua et 21'imize ula\u015fal\u0131m\n21'imize ula\u015fal\u0131m\n\nOnun k\u00f6t\u00fcl\u00fckleri ve g\u00fcnahlar\u0131 hakk\u0131nda konu\u015fabildi\u011fimiz i\u00e7in memnunum\nTart\u0131\u015fmak istedi\u011fim daha \u00f6nemli bir konu var\nRonald Reagan \u00e7a\u011f\u0131n\u0131n i\u015flevsiz pi\u00e7leri\nHer \u015feyi kindar bir \u015fekilde yapmay\u0131 \u00f6\u011frenmi\u015f gen\u00e7 adam\nBu senin nesilin\nH\u0131zl\u0131 ya\u015fa ve gen\u00e7 \u00f6l\nKim bu hikayeyi a\u00e7\u0131klamak ister?\n\nK\u0131zlar ve erkekler ile tak\u0131l\u0131yoruz ve kafam\u0131z iyi\n\u0130stedi\u011fimiz tek \u015fey iyi zaman ge\u00e7irmek\nGen\u00e7, vah\u015fi ve umursamaz, hayat\u0131 b\u00f6yle ya\u015f\u0131yoruz\nDua et 21'imize ula\u015fal\u0131m\n21'imize ula\u015fal\u0131m", "image": "https://images.genius.com/25d8a9c93ab97e9e6d5d1d9d36e64a53.1000x1000x1.jpg"}], "artist": "Kendrick Lamar"}