{"songs": [{"title": "Talk To Me*", "album": null, "year": null, "lyrics": "[Chorus]\nI can think of a million reasons, have it all as your seasons\nSay no more I feel ya b, say no more I feel ya homie\nWe traveled the Neverlands, fireworks in the south of France\nTake it down and come again, again\nBut look\nYou don't get too dirty in my whip. whip, whip, whip\nKeep it nice and flirty in my whip, whip, whip whip\nPop your pretty ass up in my whip, we gonna make it last up in my whip\nScorpio, talk to me, talk to me\nCapricorn, talk to me, talk to me", "image": "https://images.genius.com/25d8a9c93ab97e9e6d5d1d9d36e64a53.1000x1000x1.jpg"}], "artist": "Kendrick Lamar"}