{"songs": [{"title": "Tammy's Song (Her Evils)", "album": "Section.80", "year": "2011-07-02", "lyrics": "[Produced by THC]\n\n[Intro]\nDon't judge me\n\n[Verse 1]\nI know this girl, she a real good girl and she be low-key\nLooking like a star, with a real nice car, a Mercedes key\nShe got a nigga and she love this nigga, well, at least I think\nEverytime we bark, she pay us no mind in the middle of the street\nShe be like:\n\n[Hook 1]\nFuck them other niggas 'cause I'm down for my nigga\nFuck them other niggas 'cause I'm down for my nigga\nFuck them other niggas, I'll ride for my nigga\nI'll die for my nigga, fuck them other...\n\n[Verse 2]\nUntil one day he wasn't acting right\nIn the middle of the night, she checked his phone, Erica, right\nWhen he plead the fifth, man, it was on, matter of fact she gone\nMatter of fact Tyrone was on speed dial\nSo when she got home, it was going down, she go:\n\n[Hook 2]\nFuck that other nigga when she tired of her nigga\nFuck that other nigga when she tired of her nigga\nFuck that other nigga when she tired of her nigga\nSick of lies from her nigga, fuck that other...\n\n[Verse 3]\nI know this girl, she a real hood girl, and she with the shit\nKeep her hair tied up, big bamboos, Mike Jordan kicks\nWith that big butt, but when I try to holla, she gon' resist\nIn her man she trust, so when I walk by her, she be screaming this\nShe be like:\n\n[Hook 1]\nFuck them other niggas 'cause I'm down for my nigga\nFuck them other niggas 'cause I'm down for my nigga\nFuck them other niggas, I'll ride for my nigga\nI'll die for my nigga, fuck them other...\n\n[Verse 4]\nUntil one day he wasn't acting right in the middle of the night\nShe checked his pockets, found condoms by Magnum\nAnd the moment they was acknowledged, she popped his eye\nThen ran outside, then started driving on the passenger side\nHomeboy was smiling, she gon':\n\n[Hook 2]\nFuck that other nigga when she tired of her nigga\nFuck that other nigga when she tired of her nigga\nFuck that other nigga when she tired of her nigga\nSick of lies from her nigga, fuck that other...\n\n[Verse 5]\nAnd so, these girls, these vulnerable girls, took they men up\nPut 'em in their world, their vulnerable world, and just like that\nIt was only getting they feelings hurt, tell me how that sound?\nThey got fed up with the biggest question mark, they curious now\nCause when women get sick of men, they think of a big helping hand\nTo lend each other uncover emotions when lights dim\nSo when she telling her to come over, it'll be alright\nThe minute she hit the block and turn left, she'll be turning dyke, they:\n\n[Hook 3]\nFuck with other bitches when they tired of these niggas\nFuck with other bitches when they tired of these niggas\nFuck with other bitches on the side 'cause these niggas...\n\n[Outro]\nTammy's song", "image": "https://images.genius.com/1f3cde1d04f886d4d4eb88a2c26a4e4d.1000x1000x1.jpg"}], "artist": "Kendrick Lamar"}