{"songs": [{"title": "Untitled 8 (The Tonight Show)", "album": null, "year": "2014-06-09", "lyrics": "[Verse 1]\nTwo tears in the bucket I cry with you\nBut I could never lie with you\nI could never afford not to afford\nI could never put my plans to the side with you\nI could never see a red light\nLike a deer with the headlight\nI freeze up when I re-up\nSee I barely had patience\nAnd you're relating\nOnly the moment to complete us\nWhy you hate to work for it?\nWent to work for it\nSee a nine to five was so jive turkey\nBut when Thanksgiving came, checks didn\u2019t hurt me\nYou plead the fifth\nI read the fifth amendment\nWe both criminals with bad intentions\nThey say time heals all\nBut if I could shortcut\nMy success, Corvettes by tomorrow\n\n[Hook]\nBut why you so sad?\nWalking around with them blue faces\nThey say I\u2019m down on my luck\nAnd it\u2019s something I gotta have\nBlue faces\nI hit the bank today and tell them color me bad\nBlue faces\nGet that new money, and it\u2019s breaking me down\n\n[Verse 2]\nMy home girl got a credit card scam\nShe got a scholarship to college but she don\u2019t give a damn\nIntuition got a black woman wishin'\nShe sayin' this on the phone with the noodles in the pan\nI know you, woman, I console you, woman\nYou feel like the universe owes you, woman\nOh the anticipation, hoping you could make it\nWomen don't prosper chasing education\nBut you're talented, and can't handle it\nAnd your homegirls can't be your manager\n365 times four, plus more\nCan't get it right, tell me, do you got the stamina?\nBut ain't no money like fast money\nEven today I'm considered a crash dummy\nA rapper chasing stardom, how can I fast forward?\nMy accolades better than all them\n\n[Hook]\nBut why I'm so sad?\nWalking around with them blue faces\nThey say I\u2019m down on my luck\nAnd it\u2019s something I gotta have\nBlue faces\nI hit the bank today and tell them color me bad\nBlue faces\nGet that new money, and it\u2019s breaking me down to the top\n\n[Bridge]\nI love god, I love speed, I love drank, I love me\nI love oceans in the deep\nI love women, I love me\nI love God\nBut I\u2019m scared of god speed\nSometimes\n\n[Verse 3]\nWrote this song looking at a broke home maybe\nYou know the poverty stricken the little broke boy and baby\nSomebody say \"Kendrick American they sho\u2019 is crazy\"\nAnd I said \u201cwhy?\u201d\nThen he looked me in the eye\nHe said homie you messed up\nYou breaking my good luck\nYou wishing for miracles\nLiving through shit, you\u2019re crying hysterical\nSettle for everything, complain about everything\nSay your soul crack, my world amphetamines\nYou projects ain\u2019t it, I live in the hood\nYou living to keep warm\nI\u2019m living to pay rent\nI paid my way through\nPraying to Allah\nYou played your way through dealing with Wi-Fi\nBull shit yourself, you talking to strangers\nSame thing go for the ones you came with\nWe all came on the boat looking for hope\nAnd all you can say is that you\u2019re looking for dope\nThese days ain\u2019t no compromise\nYour pain ain\u2019t mine half the time\nA brand new excuse ain\u2019t nothing to me\nSee I made my moves, with shackled feet\n\n[Interlude]\nCape Town, Cape Town, Cape Town, Cape Town\nCape Town, Cape Town, Cape Town\n\n[Verse 4]\nCorn row Kenny\nI wanna get the mixed dashboards triple digits, skrr\nI wanna get the mixed dashboards triple digits, skrr, skrr\nCorn row Kenny\nSo many plays on me I finesse\nPalisade views with some sex\nI lost a lot of love for missionary\nThis the first time I react\nMe and Top is like a Kobe and Phil\nA father figure play with him, you get killed\nPlay with me and he will kill you himself\nTDE the mafia of the west\nMove in silence, yeah, we juggin\u2019 like that\nAct of violence, yeah, we juggin\u2019 like that\nI did a lot of dumb things in my past\nLove will give me hope and I won\u2019t relapse\nDave just bought a new nine eleven\nAlmost thought I\u2019d seen another plane crash\nQ just bought a brand new McLaren\nRock-a-lack about to buy the projects\nRashad got his son dripping in gold\nMe? I\u2019m \u2018bout to let my hair down on hoes\nAli 'bout to let his hair down on hoes\nTop billing that\u2019s a million a show\nMight blow the Whole Remy on Soul\nMight tell Obama be more like Punch\nSounwave got a Grammy this year\nMack wop, but he do what he want\n\n[Outro]\nLevel two, level two\nNo I\u2019m not done\nYou ain\u2019t gotta tell me that I\u2019m the one\nI could put a rapper on life support\nGuarantee something that none of you want\nThen hold me down and they yell something like\nRent is like twenty five hundred a month\nWhat if I empty my bank out and skrrrt?\nWhat if I empty my bank out and skrrt?\nYou ain\u2019t gotta tell me that I\u2019m the one\nYou ain\u2019t gotta tell me that I\u2019m the one\nYou ain\u2019t gotta tell me that I\u2019m the one\nYou ain\u2019t got, you ain\u2019t got\nYou ain\u2019t got, you ain\u2019t got\nTell me that, tell me that\nThat, I am the One\nYou ain\u2019t got, you ain\u2019t got\nYou ain\u2019t got\nYou ain\u2019t got tell me that, what I\u2019m the one\nYes, I\u2019m the one", "image": "https://images.genius.com/25d8a9c93ab97e9e6d5d1d9d36e64a53.1000x1000x1.jpg"}], "artist": "Kendrick Lamar"}