{"songs": [{"title": "The Blacker the Berry", "album": "To Pimp a Butterfly", "year": "2015-02-09", "lyrics": "[Produced by Boi-1da & Koz]\n\n[Intro: Kendrick Lamar & (Lalah Hathaway)]\nEverything black, I don't want black (They want us to bow)\nI want everything black, I ain't need black (Down to our knees)\nSome white, some black, I ain't mean black (And pray to the God)\nI want everything black (We don't believe)\nEverything black, want all things black\nI don't need black, want everything black\nDon't need black, our eyes ain't black\nI own black, own everything black\n\n[Bridge: Kendrick Lamar]\nSix in the morn', fire in the street\nBurn, baby, burn, that's all I wanna see\nAnd sometimes I get off watchin' you die in vain\nIt's such a shame they may call me crazy\nThey may say I suffer from schizophrenia or somethin'\nBut homie, you made me\nBlack don't crack, my nigga\n\n[Verse 1: Kendrick Lamar]\nI'm the biggest hypocrite of 2015\nOnce I finish this, witnesses will convey just what I mean\nBeen feeling this way since I was 16, came to my senses\nYou never liked us anyway, fuck your friendship, I meant it\nI'm African-American, I'm African\nI'm black as the moon, heritage of a small village\nPardon my residence\nCame from the bottom of mankind\nMy hair is nappy, my dick is big, my nose is round and wide\nYou hate me don't you?\nYou hate my people, your plan is to terminate my culture\nYou're fuckin' evil I want you to recognize that I'm a proud monkey\nYou vandalize my perception but can't take style from me\nAnd this is more than confession\nI mean I might press the button just so you know my discretion\nI'm caught in my feelings, I know that you feel it\nYou sabotage my community, makin' a killin'\nYou made me a killer, emancipation of a real nigga\n\n[Pre-Chorus]\nThe blacker the berry, the sweeter the juice\nThe blacker the berry, the sweeter the juice\nThe blacker the berry, the sweeter the juice\nThe blacker the berry, the bigger I shoot\n\n[Chorus: Assassin]\nI said they treat me like a slave, cah' me black\nWoi, we feel a whole heap of pain, cah' we black\nAnd man a say they put me inna chains, cah' we black\nImagine now, big gold chains full of rocks\nHow you no see the whip, left scars 'pon me back\nBut now we have a big whip parked 'pon the block\nAll them say we doomed from the start, cah' we black\nRemember this, every race start from the block, jus 'member dat\n\n[Verse 2: Kendrick Lamar]\nI'm the biggest hypocrite of 2015\nOnce I finish this, witnesses will convey just what I mean\nI mean, it's evident that I'm irrelevant to society\nThat's what you're telling me, penitentiary would only hire me\nCurse me till I'm dead\nChurch me with your fake prophesizing that I'ma be just another slave in my head\nInstitutionalized manipulation and lies\nReciprocation of freedom only live in your eyes\nYou hate me don't you?\nI know you hate me just as much as you hate yourself\nJealous of my wisdom and cards I dealt\nWatchin' me as I pull up, fill up my tank, then peel out\nMuscle cars like pull ups, show you what these big wheels 'bout, ah\nBlack and successful, this black man meant to be special\nKatzkins on my radar, bitch, how can I help you?\nHow can I tell you I'm making a killin'?\nYou made me a killer, emancipation of a real nigga\n\n[Pre-Chorus]\nThe blacker the berry, the sweeter the juice\nThe blacker the berry, the sweeter the juice\nThe blacker the berry, the sweeter the juice\nThe blacker the berry, the bigger I shoot\n\n[Chorus: Assassin]\nI said they treat me like a slave, cah' me black\nWoi, we feel a whole heap of pain, cah' we black\nAnd man a say they put me inna chains, cah' we black\nImagine now, big gold chains full of rocks\nHow you no see the whip, left scars 'pon me back\nBut now we have a big whip parked 'pon the block\nAll them say we doomed from the start, cah' we black\nRemember this, every race start from the block, jus 'member dat\n\n[Verse 3: Kendrick Lamar]\nI'm the biggest hypocrite of 2015\nWhen I finish this if you listenin' then sure you will agree\nThis plot is bigger than me, it's generational hatred\nIt's genocism, it's grimy, little justification\nI'm African-American, I'm African\nI'm black as the heart of a fuckin' Aryan\nI'm black as the name of Tyrone and Darius\nExcuse my French but fuck you \u2014 no, fuck y'all\nThat's as blunt as it gets, I know you hate me, don't you?\nYou hate my people, I can tell cause it's threats when I see you\nI can tell cause your ways deceitful\nKnow I can tell because you're in love with that Desert Eagle\nThinkin' maliciously, he get a chain then you gone bleed him\nIt's funny how Zulu and Xhosa might go to war\nTwo tribal armies that want to build and destroy\nRemind me of these Compton Crip gangs that live next door\nBeefin' with Pirus, only death settle the score\nSo don't matter how much I say I like to preach with the Panthers\nOr tell Georgia State \"Marcus Garvey got all the answers\"\nOr try to celebrate February like it's my B-Day\nOr eat watermelon, chicken, and Kool-Aid on weekdays\nOr jump high enough to get Michael Jordan endorsements\nOr watch BET cause urban support is important\nSo why did I weep when Trayvon Martin was in the street\nWhen gang banging make me kill a nigga blacker than me?\nHypocrite!\n\n[Instrumental Outro]", "image": "https://images.rapgenius.com/cda8193f5a5e2620044722b8009f4e58.600x600x1.jpg"}], "artist": "Kendrick Lamar"}