{"songs": [{"title": "Big Boy's Neighborhood Freestyle 2014", "album": null, "year": "2014-09-24", "lyrics": "[Verse 1]\nParasites in my stomach keep me with a good feeling, y'all\nGotta see how I\u2019m chillin' once I park this luxury car\nHopping out feeling big as Mutombo\n20 on pump six dirty Marcellus called me Dumbo\n20 years ago, can't forget\nNow I can lend all my ear into how to stack these residuals\nTenfold, the liberal concept of what men'll do\n20 on 6, he didn't hear me\nIndigenous African only spoke Zulu, my American tongue was leery\nHopped out the gas station, a homeless man with 100 grand\nWho passed me just asked for 10 grand, stressing about dry land\nBlue skies, powder blue skies then crack open\nPiece of crack that he wanted, I knew he was smokin'\nHe begged and pleaded\nAsked me to feed him twice, I didn't believe it, told him beat it\nContributed money just for his pipe, I couldn't see it\nHe said \"my son, temptation is one thing that I defeated\nListen to me, I want a single bill from you\nNothing less, nothing more\"\nI told him I didn't have it then close my door\nTell me how much how much a dollar costs?\nAnd this a freestyle beginning\nAnd if you know me you know K.Dot TDE winning\nWe are the champions, we disagree\nYou can't see it then you best believe\nThis the cypher, I need y'all to throw some words up\n\n[Interlude]\nAnd you don't, and you don't, and you don't\nAnd you don't, and you don't, and you don't\nAnd you don't, and you don't, and you don't\nAnd you don't, and you don't stop\n\n[Verse 2]\nThey wanna know the question\nK.Dot, everybody stressin'\nThis is the message that I'm kickin' too wicked, straight from Compton\nIf you come around my city you'll get stomped in\nThe neighborhood Watts and Long Beach\nBoy, you out of reach\nThis is TDE, Ab-Soul, Jay Rock\nSchoolboy Q, we hot, you not\nThis a freestyle off the top of the dome\nBig Boy city, you know my home\nI'mma represent every time I come to the lab\nIf you wanna see me, homeboy, get the cab\nCause you can't ride with me, you can't see the streets\nYou can't see us, it's TDE\nMy homeboy Dave gon' fly you straight in\nSippin' on that juice and gin and that's a classic\nComing straight from Dre and Snoop\nIf you want us please jump inside the group\nBecause you don't deserve it if you don't not\nThis is straight hip hop, this is off the top\nAnd when I rock you feel it\nIf it's us and then you hear it\nPlease consider that the best agree\nThe top number one emcee\n\n[Interlude]\n\n[Verse 3]\nNow when I flip it I flip the beat as my enemy\nYou thought it was taming me, on point like a widow's peak\nDeliver the bars that everyone agree\nThey say the number one emcee, best believe\nI love the pianos and I love the flow\nI love the snare drum, I love... oh, I can't cuss on radio\nBecause if I do they just might let me go\nI'm side to the best, I ride to the best\nI represent the West, please don't try to test\nBecause you will get disabled\nFrom best of flows I know, you hate it\nEverybody wanna rock, but they can't\nBecause they come from the street of Rosecrans [?]\nWe drop it off the top of the backboard for real\nAnd that's a swish, that's a net, alley oop\nI feel that we are the champions and these Gods'll stomp you\nI come through your block and crash everything that you want or put out to\nAnd if you know my flow then you know how it go\nIf you know Death Row then you know Eazy, then you know Dre\nThen you know Snoop and you know we don't play\nBut anyway I need y'all to flip the beat\nBecause my words always compete with the best\n\n[Interlude]\n\n[Verse 4]\nI said we don't stop, boy, we run hip hop\nBoy, we run rap, boy, this is Top Dawg\nD-O-T, D-A-W-G, K-D-O-T, C-P-T\nL-B-C West, W-A-T-T-S, Jay Rock, he don't play\nNiggas and guards, projects\nWhat you want? We can collide anytime with the biceps\nBut this ain't no strong arm, buddy, this just a freestyle\nOff top of the brain, boy, you know I get wild\nYou know I'm so foul, you know I'm off of the top\nYou know this hip hop, you know I cropped\nThe roof from the birth of the Earth\nAnd I've been doing this since church\nWith the small slacks, with the soft suspender\nIf you rapping like that, homeboy, we suspend ya\nWe contenders, we on the top off the map\nWe on the top off the globe and yeah this real rap\nFrom the bottom of the soil since Adidas and Run DMC\nSprinting like cheetahs, we run this game and beat me\nAnd [?] man on the beat right now\nHe gon' flip it and please believe\nEvery 16 bars is like ours\nAnd if you want it then we 'bout to take charge, what's up?\n\n[Verse 5]\nTonight's the night I jump off my shit\nDeep cover on the incognito tip\nAnd every time the words flip the emcees step, but I don't trip\nI keep walking, keep pushing and put 'em in a coffin\nYou often looking for the best, I'm here\nWe talking, you looking for the stress, you there\nKeep walking, you looking for the West, right here\nYou stalking the flow, you often to know\nI want y'all to know been doing this since the days of Death Row and Ruthless\nI've been ruthless, the coupe it been roofless\nYou spit, the words be toothless\nBut it get like that because you feel it\nI got Rikki on my side and she chillin'\nBig Boy on my side and he willin'\nThey say that he writing my bars, forget it\n\n[Interlude]\n\n[Verse 6: Big Boy]\nIt's my lyrics, it's my pen\nIt's my paper as I begin\nI've been writing for Kendrick for a long time\nAnd he's been reciting my rhymes\nSo for those out there who didn't know\nBig Boy gets on the mic and he kicks an ill flow\nThen about 10 years ago I got this call\nFrom a little dude, I said \"yes, yes, y'all\"\nHe said \"uncle Big Boy, I wanna start rapping\"\nI said \"what's up, little homie?\", he said \"I wanna start trapping\nI wanna start capping, I wanna start hitting the studio\"\nI said \"slow down a little bit, bro\"\nHe said \"holler, I wanna rock the spot\"\nI said \"what's your name?\", he said \"my name is K.Dot\"\nI said \"K.Dot, okay, I think I feel you\nBut this the way I wanna instill you\nFirst off let me write what you gon' say\nRecord it and then press play\"\nHe said \"okay\", it was very rude that I took K.Dot on\nHe was one of my little students\nSo he just sat in class\nHe was looking at me, said \"do I get a pass?\nDo I get an A,B,C,D,E or do I fail?\"\nI said \"you doing well\", his head started to swell\nThen all of a sudden he came to me\nHe said \"there's this dude in Compton that has TDE\"\nI said \" Top Dawg? Hold on, that is my partner\nDon't stop right there because I think [?]\"\nWhen the dude is coming with a contract\nBut I said \"hold on, let me look at that\"\nI said \"okay, he want this, he wants these points\nHe want this, but don't smoke any joints\nYou my lil partna, how old are you on the scene?\"\nHe said \"big boy I been a student, about, I'm about sixteen\"\nI said okay keep going, and then all of a sudden\nHe started doing uhh, he started doing these shows\nAnd he got poetic, he got energetic\nSpotetic, all those -etics\nAny more -etics, any more edits\nThen o-etics, and then a o-etics\nSo then I came back and he was still in class\nAnd then I gave em that pass\nI said TDE, the real Macoy\nCan't forget Jay Rock, can't forget Schoolboy\nAnd so I put the whole crew together, but from the background\nBefore I got in they had a lack sound", "image": "https://images.rapgenius.com/d6853a10319337f9a3e69b777c026f86.600x400x1.jpg"}], "artist": "Kendrick Lamar"}