{"songs": [{"title": "Drop It Like It's Hot (Freestyle)", "album": "Y.H.N.I.C. (Hub City Threat: Minor of the Year)", "year": "2003-01-01", "lyrics": "[Hook: Kendrick Lamar]\nFor my niggas that hate the fights\nGet it with the Glocks\nGet it with the Glocks\nGet it with the Glocks\nFor my niggas that hustle nights\nBakin' with the pots\nBakin' with the pots\nBakin' with the pots\nFor my niggas that know right\nK-Dot is hot\nK-Dot is hot\nK-Dot is hot\nSee my game still the same, never trick on a bitch\nYou don't have to tell me, I know I'm the shit\n\n[Verse 1: Kendrick Lamar]\nI'm a nice dude, livin' my life dude\nTrick on a dumb bitch is nothin' I might do\nSome try to play fools, to shots to they [?]\nI'm mean like a red bull is mean when it's [?]\nI'm faithful, to whatever I stand for\nThat means dough, gettin' my pesos\nGecko or Geico, whatever it stand for\nRed and blue flags, yours are like a rainbow\nPants hang low\nBorn with the best flow since LL was rockin' a kangol\n87, one man, eighty weapons\nI go hard without usin' protection\nArd ho learn your lesson\nWhen I pull out, make like R. Kelly, get to steppin'\nI'm the best at this profession\nI can't help but bring it back to the essence mothafuckas\n\n[Hook: Kendrick Lamar]\nFor my niggas that hate the fights\nGet it with the Glocks\nGet it with the Glocks\nGet it with the Glocks\nFor my niggas that hustle nights\nBakin' with the pots\nBakin' with the pots\nBakin' with the pots\nFor my niggas that know right\nK-Dot is hot\nK-Dot is hot\nK-Dot is hot\nSee my game still the same, never trick on a bitch\nYou don't have to tell me, I know I'm the shit\n\n[Verse 2: DJ Dave]\nI'm a young dude, smoke the best weed\nSee the act right, see them dubs clean\nA sexy bachelor, hit 'em in your strokes\nNever bust a nigga, goin' down your throat\nThe Phantom, not rich enough to cop yet\nBut picture [?] for the niggas outta pocket\nI can exercise you, you can get a [?]\nWhen I lean back, don't dance, give me [?]\nKilla got that heat, we know killas in the street\nWith the heat that make you feel like a fat boy at the beach\nSo don't try to run up on [?] talkin' all that [?] and shit\nI can rhyme and shit\nIf you niggas pay attention, you won't ask me shit\nYou should think about it, take a second, one\nMatter of fact, you should take four b\nThink before you fuck with real killas in the street\n\n[Hook: Kendrick Lamar]\nFor my niggas that hate the fights\nGet it with the Glocks\nGet it with the Glocks\nGet it with the Glocks\nFor my niggas that hustle nights\nBakin' with the pots\nBakin' with the pots\nBakin' with the pots\nFor my niggas that know right\nK-Dot is hot\nK-Dot is hot\nK-Dot is hot\nSee my game still the same, never trick on a bitch\nYou don't have to tell me, I know I'm the shit\n\n[Verse 3: Kendrick Lamar]\nI'm from a small city, no pity shown 'cept hammers thrown\nQuickly push back your dome like a hot comb\nSo swiftly, come get me\nIf I had every bitch in the world, boy, you still ain't fuckin' with me\nI'm 'bout my money strictly, as long as I stack my banks up\nI'll have enough Young Bucks to fuck with 50\nNow who fuckin' with me? Me and that gun was born siamese twins\nSo where I move, it's comin' with me\nYou down right, play with me, think I won't take your life\nThe scope'll have more dots on you than a website\nI'm 'bout my head right and yours left\nI swear in the vocal booth is where I'll take my last breath\nThat's K-Dot, oh you ain't heard? Shit, that boy hot\nWith dime bitches runnin' on beaches like baywatch\nYou sit and watch the young child with my money stacks\nAdd up faster than cell phones on speed dial\n\n[Hook: Kendrick Lamar]\nFor my niggas that hate the fights\nGet it with the Glocks\nGet it with the Glocks\nGet it with the Glocks\nFor my niggas that hustle nights\nBakin' with the pots\nBakin' with the pots\nBakin' with the pots\nFor my niggas that know right\nK-Dot is hot\nK-Dot is hot\nK-Dot is hot\nSee my game still the same, never trick on a bitch\nYou don't have to tell me, I know I'm the shit", "image": "https://images.genius.com/1d86c80235f3ffef2492fec6dac85b33.500x500x1.jpg"}], "artist": "Kendrick Lamar"}