{"songs": [{"title": "Michael Jordan", "album": "Overly Dedicated", "year": "2010-09-14", "lyrics": "[Intro: Alori Joh]\nI used to wanna be like Michael Jordan\nFigure I would make the NBA and make me a fortune\n\n[Chorus: Kendrick Lamar]\nUh\nEvery time I\u2019m in my city, I be acting like my shit don\u2019t stink\nUsed to clean my Rolie chain with alcohol in the sink\nRiding around with niggas that I grew up with since McNair\nBumping 'Me Against The World,' hello world, Kendrick here\nAnd I\u2019m too much for these niggas, I\u2019m three much for these hoes\nI\u2019m too much for these niggas, I\u2019m three much for these hoes\nI\u2019m too much for these niggas, I\u2019m three much for these hoes\nWayne told me that and that's just how it goes\n\n[Post-Chorus: Kendrick Lamar]\nMichael Jordan\nBounce-bounce ho, bounce-bounce\n\n[Verse 1: Kendrick Lamar]\nThis shit make a nigga wanna get some bread or bust a head\nOr fuck my enemy's bitch, acting bad and getting rich\nPull up on these 26\u2019s, I\u2019m a vanity slave\nI\u2019m a sinner, Jesus Christ, please forgive me for my ways\nI don\u2019t know why your bitch want to fuck me\nAnd I don\u2019t know why you fuck niggas can\u2019t see\nI\u2019m a Comp-town representer, a concrete back-flipper\nA.K.A that nigga, don't wuwwy!\nI don\u2019t know why your bitch want to fuck me\nAnd I don\u2019t know why you fuck niggas can\u2019t see\nThis is HiiiPower, since the Eddie Bauer I been popular\nI\u2019m popping now, every other hour paparazzi come\nYou jocking her, let her be a ho, why you stopping though?\nWe stopping the traffic, what you know 'bout them hockey pucks?\nSkating on 'em, why you hating on 'em? You should learn from 'em\nSeen too many of y\u2019all getting money, know my turn coming\nI don\u2019t know why your bitch wanna fuck me\nI don\u2019t know why (Hey, wait a minute, motherfucker)\n\n[Chorus: Kendrick Lamar]\nEvery time I\u2019m in my city, I be feeling like my shit don\u2019t stink\nUsed to clean my Rolie chain with alcohol in the sink\nRiding around with niggas that I grew up with since McNair\nBumping 'Me Against The World,' hello world, Kendrick here\nAnd I\u2019m too much for these niggas, I\u2019m three much for these hoes\nI\u2019m too much for these niggas, I\u2019m three much for these hoes\nI\u2019m too much for these niggas, I\u2019m three much for these hoes\nWayne told me that and that's just how it goes\nMichael Jordan bitch, Michael Jordan bitch, Michael Jordan bitch\nMichael Jordan bitch, that means I\u2019m too much for these niggas\nI\u2019m three much for these hoes\nWayne told me that and that's just how it goes\n\n[Verse 2: Kendrick Lamar]\nMan, the game chose me, what am I to do?\nThe only thing I did wrong was make it possible\nI diddy bop and make them titties pop\nOut there on my bumper like a city cop\nWalking out the Fred Segal, put my girl on it\nAss so fat, probably sit the world on it\nAye, pussy crazy, pussy crazy\nYou fuck niggas, you pussies crazy\nMan, I know I can\u2019t tell you about the world homie\nBut I know I can tell you about your girl homie\nHer pussy crazy, her pussy crazy, I fuck nigga, I know you hate me\nI know they pay me too much of attention\nBring my name up, it gotta be mentioned\nI need me an engine that go real fast\nCall it hall of fame once it haul ass\nGive me tall glass, Coconut Ciroc\nPlease, no soda pop, I make my solo pop\nLife\u2019s a bitch, her pussy crazy\nBut I make that pussy pay me\n\n[Chorus: Kendrick Lamar]\nEvery time I\u2019m in my city, I be acting like my shit don\u2019t stink\nUsed to clean my Rolie chain with alcohol in the sink\nRiding around with niggas that I grew up with since McNair\nBumping \"Me Against the World,\", hello world, Kendrick here\nAnd I\u2019m too much for these niggas, I\u2019m three much for these hoes\nI\u2019m too much for these niggas, I\u2019m three much for these hoes\nI\u2019m too much for these niggas, I\u2019m three much for these hoes\nWayne told me that and that's just how it goes\nMichael Jordan bitch, Michael Jordan bitch, Michael Jordan bitch\nMichael Jordan bitch, that means I\u2019m too much for these niggas\nI\u2019m three much for these hoes, Wayne told me that\u2026\n\n[Verse 3: Schoolboy Q]\nI remember tripping, walking through the set\nLike my Glock don\u2019t think\nGrandma in the kitchen, neck bones in the sink\nI don\u2019t know why your bitch want to fuck me\nAnd I don\u2019t know why you sucker niggas can\u2019t see\nI\u2019m from Hoover man, high as Superman, shit you Lois Lane\nYou pussy man with the pussy game, shit, we off the chain\nWe popping the fortune, not the fame, shit, you backwards, man\nYou chasing hoes, we replacing those, bag and pass them hoes\nYour broad done chose, guess she moving on, yep, we do it wrong\nWe fucked her homes, fucked and sent her home, marijuana strong\nYou know I\u2019m gone, turn my swagger on, am I swagged enough?\nMy paper long, yep, you left alone, you gets no fucks\nLeaning off the Actavis, passing blunts round and round\nTold me Mary was a go so we passed her round and round\nYour bitch texted me, wants it now so I had to knock her down\nHurt her bouncing off my balls, slinging dick up from the mouth\nYou let it slide, I hit home-runs, clean her dugout till I\u2019m done\nI can be her number two and you can be her number one\nHer pussy\u2019 crazy, her pussy crazy, you fuck niggas\n\n[Chorus: Kendrick Lamar]\nUh, every time I\u2019m in my city, I be acting like my shit don\u2019t stink\nUsed to clean my Rolie chain with alcohol in the sink\nRiding around with niggas that I grew up with since McNair\nBumping \"Me Against the World,\", hello world, Kendrick here\nAnd I\u2019m too much for these niggas, I\u2019m three much for these hoes\nI\u2019m too much for these niggas, I\u2019m three much for these hoes\nI\u2019m too much for these niggas, I\u2019m three much for these hoes\nWayne told me that and that's just how it goes\nMichael Jordan bitch, Michael Jordan bitch, Michael Jordan bitch\nMichael Jordan bitch, that means I\u2019m too much for these niggas\nI\u2019m three much for these hoes\nWayne told me that and that's just how it goes", "image": "https://images.genius.com/9e1efc6d0a7044dbf2f0776a12ed85b8.620x620x1.jpg"}], "artist": "Kendrick Lamar"}