{"songs": [{"title": "Cruel Freestyle", "album": null, "year": null, "lyrics": "[Verse 1: Kendrick Lamar]\nYeah, Kendrick Lamar, tone what up,check it out\nAs the day go I let the beat rock\nThen put my thoughts inside the cradle, hip hops\nGod Father plant the seed, you should be my son\nAnd if you niggas hot, I guess I am the sun\nI'm a degree away from global warming, this a warning\nShot like I knew Big but I'm enormous\nI hear an Instrumental then I turn to Norman\nSo go tell \u2018em I killed it you fucking informant\nI\u2019m always performing\nLike it\u2019s my last morning\nBefore I sit with the Lord and see my mother mourning\nI\u2019m in the air with it like a new pair of Jordans\nGround level never been important when I walk the earth\nWalk to church bishop said he lost his Bible this time\nTold me that he need a verse, I blessed him with a couple of lines\nBear hugged a few bears, wrestle with a couple of lions\nThat\u2019s the imagery I delivery when I fuck a rhyme\u2026\nFuck off, Kendrick Lamar\n\n[Verse 2: Jay Rock]\n\nJay Rock motherfuckers you know what comes after that\nMy town I rep it till im off this map\nWatts City, Eastside baby\nChillin in the bricks with bricks looking for fifty\nIt\u2019s still in my blood, nigga it\u2019s all natural\nWelcome to L.A gangbang Capital, Still rocking my colours I wasn't sworn in it\nI ain't a millennium baby,look I was born in it\nBless the beat when I speak everytime, cocaine bars that tweakin off every line\nI\u2019m in deep space now when I write, no pen no pad in my mind when I write\nFlow bolder than a cold on a polar bear, shhh im the one that this rap niggas fear\nYou can\u2019t do me, this game\u2019s like an ocean catch a nigga floating on the top like a boat\u2026Rock!\n\n[Verse 3: Microphone Tone]\nLil Watts lil Compton in the dash of the East\nKendrick Lamar, Rock, and Tone put you back in your seat\nA natural beat\nGot me like a savage and beast\nThe rap game start to look like an immaculate feast\nI'm back in this piece\nSo listen when the package complete\nJoin the cause or hit the hills when disaster released\nThe passion in me\nGot me spittin' accurately\nSo the realest MC is what I happen to be\nYou can vibe wit it or move back\nThese new jacks gettin blue black\nWith boom bap I proved that\nKnow my Golden State affiliates can prove that\nOn my menace shit Long Beach Venice shit\nPrimitive the way I crafted this all the penmanship\nIt's intricate now go and start the sirens\nMy microphone's on the flow is sparking violence\nWe the best duo out since Bo and Marcus Allen", "image": "https://images.genius.com/25d8a9c93ab97e9e6d5d1d9d36e64a53.1000x1000x1.jpg"}], "artist": "Kendrick Lamar"}