{"songs": [{"title": "Protocol", "album": null, "year": "2016-06-03", "lyrics": "[Verse]\nTire marks, tire marks\nFinish line with the tire marks\nWhen the relay starts I\u2019m a runaway slave\nUgh, walking on water and running on waves\nGod MC Oh my God you gotta see\nThere\u2019s never no I's in me\nOf an Odyssey, I\u2019m a block away\nFire marshal's moving in\nMarshmallows inside my pen\nSweet sixteens\nGot a sweet sixteen and they deadlier than sin\nI\u2019m so appalled\nWith the prototype with a godly protocol\nYou an amateur, they wanna pro to call\nI damage ya on camera, in Compton, in Canada\nI don\u2019t care where ya are\nJust blink twice and I\u2019m there where you are\nLike a shadow in the dark, you a paddle in the boat\nIn an ocean full of sharks bout to come up short\nWater in the pot, flow crack rock like Bam Bam nigga\nHave two grams nigga pay up or blam blam nigga\nHad a black Camry, bumpin' Dipset, Killa Cam nigga\nI had been around niggas, killas, pimps\nYou ain\u2019t been around shit but your momma and your bitch\nShoved off the porch when I was like six\nUncle Bobby got the house raided back in 9-6\nKick in the door\nK9s all in the kitchen way before I even heard of Mike Vick\nMomma in the bathroom poppa at work\nHappened on Sunday we shoulda went to Church\nLook at my shirt, Polo on it\nIt\u2019s gon' sell if my logo on it\nI fear no opponent\nA demon come near and I might throw a spear at the omen\nYou looking at the 2010 Romans\nEmpire, Hiiipower HP, in ya face like HD\nAnd I spit like a HK\nI\u2019mma shot like a H3, H-U-B-C-I-T-Y, A-B and Y-G\nProblem and Hootie nigga\nTell the government come shoot me, nigga\nCause I\u2019m going out with a fist raised\nAnd a fist full of money give it to a fifth grade\nDrink a fifth of Hennessy and then take another fade\nWith a democratic politician from CA\nThey don\u2019t wanna see a B-L-A-C-K\nMaking some scratch like a hall of fame DJ\nGive us some free J\u2019s put us in PJs\nNow we in the county jail calling for a three-way\nGod-Damn, y'all cold\nMark of the beast wear your god damn bar-code\nStuck in the street where it's dark like Harpo\nBlack man tell me where your God-Damn heart go\nAlthough I\u2019m in the land of milk and honey\nNobody never gave me shit, when I got my first chain\nAll the niggas tried to take it from me\nI had to fight back and shit\nGet it back and shit\nAnd you rap niggas looking funny tryna talk back and shit\nLike he back that shit\nActing like you real or something\nNigga ain't popped no steel, ain't popped no collar\nGo pop some pills or something\nYou trying real hard to appeal to someone\nI\u2019m being myself, my BFF is a BM-dub\nWith your BM in it and your stash box glove\nAnd the medicine a doctor gave a nigga won't help\nI\u2019m at the limit where I be amazing myself\nI bet I finish on a level with a Black belt\nI bet I hit it where every rapper get killed, like\nBla bla bla bla where the knife at?\nCut cut cut where your life at?\nYour careers over, he\u2019s slumped over\nAnd if I'm off beat know I\u2019m un-sober\nThat's a new flow\nPl-, Plus Q gave me some Kush and some Nuvo\nNew dough for the new year and I sumo on a rap peer\nNot a rapper, I\u2019m a raptor\nThat's a T-Rex in a V-neck for the rapture\nI\u2019m a factor and your facial\nI will fracture to a fraction\nNo one-half and I hate math\nPastor\u2019s like Eddie long, fucking maricon\nTook me mighty long to get here\nNigga, Fuck!", "image": "https://images.genius.com/25d8a9c93ab97e9e6d5d1d9d36e64a53.1000x1000x1.jpg"}], "artist": "Kendrick Lamar"}