{"songs": [{"title": "A1 Everything", "album": null, "year": null, "lyrics": "See I'm an A1 type of guy\nI crush A1 hoes (true)\nRock A1 clothes (true)\nDrive A1 whips (true)\nAnd still pour A1 sauce on my shit\nI come from the bottom\n\nCrushing all these hoes, rocking all this ice\nSelling all these O's, nigga, I done did that twice\nSo I'm just riding round in my Rolls, about to get on my bike\nJust to touchdown in my hood and I put that on my life\nI'm like yeah nigga, I'm there nigga, I ball hard all year, nigga\nMy diamonds all clear, smack my chain you dead nigga\nI don't know what you heard, and I don't know what you thought\nBut all my dogs they murk, and all my dogs go hard, fuck that\nMy new young chick look exactly like Rihanna\nAss like Nicki, but she yellow like Madonna\nI take her to the mall, buy her all types of designers\nYSL, fly Chanel, all that Dolce & Gabbana\nI jump right back like 36, lean hard when I turn the whip\nIf I ain't have my rap deal, then I still be serving bricks\nSo I kill a pussy, I murder shit, homicide on shorty\nMy gold Role cost 60 racks, my rose gold cost 40\n\n[Chorus]\nI get A1 money, I'm an A1 nigga\nGot a A1 swagger, I'm getting A1 bitches\nI just bought me a Rollie, you can skate on nigga\nIf they don't love it, they hate it, well get your hate on nigga\nCuz I got A1 everything, A1 everything\nA1 everything, I get A1 everything\nI got A1 credit, A1 hoes\nI drive A1 whips, and I rock A1 clothes\n\nPray to God I washed my hand, but I be damned\n2012 100 racks to Uncle Sam\nA 24 year old millionaire\nDon't read the contract 'less a mill in there\nA1 credit, park my car bowlegged\nI got a bus full of bitches, I call it Jerome Bettis\nI grab my dick in the picture, your ho be cropping the image\nI let you scrape off the dishes, we eating nigga, I'll finish it\nThen come right back, hope you insomniac\nSleep on me if you wanna take a dirt nap\nBitch I'm talking ca-ca-ca-ca then more ca-ca-ca-ca\nHit your roof until I pop your top up\nThen more ca-ca-ca-ca, til I know I gotcha\nBallin like I'm baldin', then I see Jordan in the mirror\nNigga that's flawless VVS, CC text me what you wearing\nPuttin my all inside your bitch, I grip her hips thats power steering\nAbout to hydroplane when I board that plane and land inside the building\n\n[Chorus]", "image": "https://images.genius.com/25d8a9c93ab97e9e6d5d1d9d36e64a53.1000x1000x1.jpg"}], "artist": "Kendrick Lamar"}