{"songs": [{"title": "His Pain", "album": null, "year": "2018-11-24", "lyrics": "[Verse 1: Kendrick Lamar]\nYesterday my nigga had told me his brother died\nA day before that his homeless uncle was cold outside\nA week before he seen the cancer in his mother's eyes\nTwo weeks before that, couldn't pay his rent cause he lost his job\nA month before that he lost the custody of his daughter\nSix months before that her mother said she won't see her father\nAnd this before he did a year when them charges brought up\nI shook my head, turned around then found a $100\n\n[Hook: Kendrick Lamar]\nI don't know why You keep blessing me\nI don't know why You keep blessing me\nI don't know why You keep blessing me\nI don't know why You keep blessing me\nI don't know why, I don't know why, I don't know why\nI don't know why You keep blessing me\nI don't know why You keep blessing me\nI don't know why You keep blessing me\nI don't know why You keep blessing me\nI don't know why, I don't know why, I don't know why\n\n[Verse 2: Kendrick Lamar]\nYesterday I invaded privacy of a home\nThe day before that my partner had fronted me a zone\nA week before I had loaded bullets inside that chrome\nTwo weeks before that I shot them bullets and he was gone\nA month before that I cursed my mother then slammed the door\nSix months before that I hit my woman, she hit the floor\nI stormed out then seen a black Honda Accord\nThem hollow tips missed me then hit that little boy\n\n[Hook: Kendrick Lamar]\nI don't know why You keep blessing me\nI don't know why You keep blessing me\nI don't know why You keep blessing me\nI don't know why You keep blessing me\nI don't know why, I don't know why, I don't know why\nI don't know why You keep blessing me\nI don't know why You keep blessing me\nI don't know why You keep blessing me\nI don't know why You keep blessing me\nI don't know why, I don't know why, I don't know why\n\n[Verse 3: Kendrick Lamar]\nSo today I laid in my bed, stared at the ceiling\nClosed my eyes then asked myself how I was feeling\nI analyzed on how a saint can play the villain\nIs my life coincidental or just God willing\nI came to grips, jumped up, and looked out the window\nSee my nigga had that same little boy that didn't know\nBullets is nameless, I guess this is meant for\nMe to give them a $100 then trash my pistol\n\n[Hook 2: Kendrick Lamar]\nNow I know why You keep blessing me\nNow I know why You keep blessing me\nNow I know why You keep blessing me\nNow I know why You keep blessing me\nNow I know why, now I know why, now I know why\nNow I know why You keep blessing me\nNow I know why You keep blessing me\nNow I know why You keep blessing me\nNow I know why You keep blessing me\nNow I know why, now I know why, now I know why\n\n[Bridge: Kendrick Lamar and BJ the Chicago Kid]\nSo I can bless you\nSo I can bless you\nSo I can bless you\n\n[Verse 4: BJ the Chicago Kid]\nLord help me\nCause I need You\nI know this weed is burning\nAnd I'm on drink number two\nBut it's all to soothe the pain from this\nCold, cold world\nSometimes I think You can help me\nBut this bus here is temporary\nSo I'm talking to You\nThis sick world will drive a sane man crazy\nBirds dropping out the sky, daughters having their fathers' babies\nAnd this the news I hear\nWhen my god kids, nieces, and nephews turn a year\nI wonder, will it get better\nA little cheddar, when it get better\nBut the rest of that's cash\nMake last year's Christmas gift you, my bad\n\n[Hook 3: BJ the Chicago Kid]\nBut somehow You keep blessing me\nBut somehow You keep blessing me\nBut somehow You keep blessing me\nBut somehow You keep blessing me\nBut somehow, but somehow, but somehow\nBut somehow You keep blessing me\nBut somehow You keep blessing me\nBut somehow You keep blessing me\nBut somehow You keep blessing me\nBut somehow, but somehow, but somehow\n\n[Verse 5: BJ the Chicago Kid]\nIf I just keep the faith\nI know You'll be right there\nSometimes it may not seem that You are there\nBut You're there\nI feel You're there\nYou're everywhere\nAnd I thank You for\nProtecting me in these streets\nFrom danger seen and unseen\nI never know\nWhat happened the night\nI wasn't there\nSomething told me leave so I left\nIt was the next morning\nThree got shot after the club\nAll listening to that small voice\nOh you saved my life", "image": "https://images.genius.com/25d8a9c93ab97e9e6d5d1d9d36e64a53.1000x1000x1.jpg"}], "artist": "Kendrick Lamar"}