{"songs": [{"title": "Night of The Living Junkies", "album": "Overly Dedicated", "year": "2010-09-14", "lyrics": "[Intro]\nI remember, uhh\nWhen my uncles\nServed smokers\nOn Alondra\nIn front of our building, they was my heroes\n\n[Chorus]\nThis shit is so dope, you might wanna be my crack hoe\nThis shit is so dope, you might wanna be my crack hoe\nBad bitches, crackheads, street niggas, crack hoes\nThis shit is so dope, you might wanna be my crack hoe\n\n[Verse 1]\nUhh, and that's scary to me\nDope beat, dope flow, vary to me\nEspecially when Sounwave is on his P's\nNigga cue me in I'm a Peruvian drug lord\nDon't fast forward, I'ma serve you some keys\nThis is crack co-caine, I'm Kurt Co-bain\nAnd I bang like a C-R-I-P\nP-I-R-U, high you I'm a I-V\nThis shit is so dope, you might wanna be my crack\u2014 STOP\nI said a I-V cuz when I be in the studio, I shot\nA needle in your veins, take it in vein\nOr itch till your eyeballs pop\nI'm cold on the cold turkey\nI hate chickens but I do fuck pretty birdies\nWhere your girl at? Over the Pyrex, where my world at\n\n[Chorus]\nThis shit is so dope, you might wanna be my crack hoe\nThis shit is so dope, you might wanna be my crack hoe\nBad bitches, crackheads, street niggas, crack hoes\nThis shit is so dope, you might wanna be my crack hoe\n\n[Verse 2]\nUhh, and it's scary to me\nEvery listener is a strawberry to me\nYou pussies ain't shit but venereal disease\nZ's on K.Dot? Uh-uh better wake up\nA nightmare, I'm right there like a Siamese\n-Twin, when, you mothafuckas gon' learn?\nCurl up like Big Worm when I drop\nWho fly? I'm a red eye with eye drops\nI Big, I Pac, you Chris, I Rock\nThat's Pookie on New Jack head first with a cyclops\nI'm the first one to do that I bet you never knew that\nBack like a tailbone, who you got to tell on?\nIf ain\u2019t about me about ho it be about face\nIf you ain\u2019t on higher\u2014learning\nThere's soda in the pot and the fire\u2014burning\n\n[Chorus]\nThis shit is so dope, you might wanna be my crack hoe\nThis shit is so dope, you might wanna be my crack hoe\nBad bitches, crackheads, street niggas, crack hoes\nThis shit is so dope, you might wanna be my crack hoe\n\n[Verse 3]\nUhh, and it's scary to carry\nA smooth type flow like a drink of Merlot\nThat'll freak y'all out like a girl Virgo\nWhen I turbo on any track, it's a Reynold's wrap\nAnd I rap like a nigga who invented rap\nRapping heat, you can fall to defeat\nIf you don't pay ya tolls like the limbs on ya feet\nI suppose this is bigger than life\nThis is probably everybody, Illuminati\nGuess I'm the blood sacrifice of the party\nI undress her like a Harley\nLights will flash, cars will crash\nSmoke more junk while the junkies laugh\nSo my bad if I put you in rehab\nYou are reimbursed, put it on my tab\n\n[Chorus]\nThis shit is so dope, you might wanna be my crack hoe\nThis shit is so dope, you might wanna be my crack hoe\nBad bitches, crackheads, street niggas, crack hoes\nThis shit is so dope, you might wanna be my crack hoe\n\n[Outro]\nAw dude, you're about to fuckin' OD bro", "image": "https://images.genius.com/9e1efc6d0a7044dbf2f0776a12ed85b8.620x620x1.jpg"}], "artist": "Kendrick Lamar"}