{"songs": [{"title": "Sing That Shit (20syl Juicy Remix)", "album": null, "year": "2014-01-03", "lyrics": "Now everybody sing that shit\n[Sampled from \"The Game \u2013 The City\"]\n\n[Verse 1 - Kendrick Lamar]\nJohnny always lock a nigga down\nKnowing damn well we don't wanna see the box like Manny Pacquiao\nLittle nigga Mayweather size, ride like Pac\nIn his prime, thug life is now on radar\nTil the federal come through and raid ours\nReminiscing when the LA Raiders\nWas in my home, snapback fitted on my uncle's dome\n[X4]\nSnapback fitted\nSnapback fitted\nSnapback fitted\nOn my uncle's dome\nAnd I don't condone dickriding, I'm addicted to\nWestsiding, living in a city where the skinny niggas die\nAnd the semi bullets fly, but it turn me to a lion\nTrying, and I mean that shit\nGame came through, put the city on his back\nI was in the city with a nigga, had seen that shit\n\"Compton!\", a nigga gotta scream that shit\nNever went commercial, never T.V. screened that shit\nCan't block or screen that shit[X2]\nCan't block or\nCan't block or\nCan't block or\nScreen that shit\nCan't block or screen that shit\nNow everybody sing that shit\n\n[Hook]\nNow everybody sing that shit\n\n[Outro]\nI'm addicted to\nWestsiding, living in a city where the skinny niggas die\nAnd the semi bullets fly, but it turn me to a lion\nTrying, and I mean that shit\nGame came through, put the city on his back\nI was in the city with a nigga, had seen that shit\nScream that shit\nNever went commercial, never T.V. screened that shit\nCan't block or screen that shit[X2]\nCan't block or\nCan't block or\nCan't block or\nScreen that shit\nCan't block or screen that shit\nNow everybody sing that shit", "image": "https://images.genius.com/25d8a9c93ab97e9e6d5d1d9d36e64a53.1000x1000x1.jpg"}], "artist": "Kendrick Lamar"}