{"songs": [{"title": "How Much a Dollar Cost", "album": "To Pimp a Butterfly", "year": "2015-03-15", "lyrics": "[Produced by LoveDragon]\n\n[Verse 1: Kendrick Lamar]\nHow much a dollar really cost?\nThe question is detrimental, paralyzin' my thoughts\nParasites in my stomach keep me with a gut feeling, y'all\nGotta see how I\u2019m chillin' once I park this luxury car\nHopping out feeling big as Mutombo\n\"20 on pump 6,\" dirty Marcellus called me Dumbo\n20 years ago, can't forget\nNow I can lend him a ear or two\nHow to stack these residuals tenfold\nThe liberal concept of what men'll do\n\"20 on 6,\" he didn't hear me\nIndigenous African only spoke Zulu\nMy American tongue was slurry\nWalked out the gas station\nA homeless man with a semi-tan complexion\nAsked me for ten rand, stressin' about dry land\nDeep water, powder blue skies that crack open\nA piece of crack that he wanted, I knew he was smokin'\nHe begged and pleaded\nAsked me to feed him twice, I didn't believe it\nTold him, \"Beat it\"\nContributin' money just for his pipe, I couldn't see it\nHe said, \"My son, temptation is one thing that I've defeated\nListen to me, I want a single bill from you\nNothin' less, nothin' more\"\nI told him \"I ain't have it\" and closed my door\nTell me how much a dollar cost\n\n[Chorus: James Fauntleroy]\nIt's more to feed your mind\nWater, sun and love, the one you love\nAll you need, the air you breathe\n\n[Verse 2: Kendrick Lamar]\nHe's starin' at me in disbelief\nMy temper is buildin', he's starin' at me, I grab my key\nHe's starin' at me, I started the car, then I tried to leave\nAnd somethin' told me to keep it in park until I could see\nThe reason why he was mad at a stranger\nLike I was supposed to save him\nLike I'm the reason he's homeless and askin' me for a favor\nHe's starin' at me, his eyes followed me with no laser\nHe's starin' at me, I notice that his stare is contagious\n'Cause now I'm starin' back at him, feelin' some type of disrespect\nIf I could throw a bat at him, it'd be aimin' at his neck\nI never understood someone beggin' for goods\nAskin' for handouts, takin' it if they could\nAnd this particular person just had it down pat\nStarin' at me for the longest until he finally asked\n\"Have you ever opened up Exodus 14?\nA humble man is all that we ever need\"\nTell me how much a dollar cost\n\n[Chorus: James Fauntleroy]\nIt's more to feed your mind\nWater, sun and love, the one you love\nAll you need, the air you breathe\n\n[Verse 3: Kendrick Lamar]\nGuilt trippin' and feelin' resentment\nI never met a transient that demanded attention\nThey got me frustrated, indecisive and power trippin'\nSour emotions got me lookin' at the universe different\nI should distance myself, I should keep it relentless\nMy selfishness is what got me here, who the fuck I'm kiddin'?\nSo I'mma tell you like I told the last bum\nCrumbs and pennies, I need all of mines\nAnd I recognize this type of panhandlin' all the time\nI got better judgment, I know when nigga's hustlin', keep in mind\nWhen I was strugglin', I did compromise, now I comprehend\nI smell Grandpa's old medicine, reekin' from your skin\nMoonshine and gin, nigga you're babblin', your words ain't flatterin'\nI'm imaginin' Denzel but lookin' at O'Neal\nKazaam is sad thrills, your gimmick is mediocre\nThe jig is up, I seen you from a mile away losin' focus\nAnd I'm insensitive, and I lack empathy\nHe looked at me and said, \"Your potential is bittersweet\"\nI looked at him and said, \"Every nickel is mines to keep\"\nHe looked at me and said, \"Know the truth, it'll set you free\nYou're lookin' at the Messiah, the son of Jehovah, the higher power\nThe choir that spoke the word, the Holy Spirit\nThe nerve of Nazareth, and I'll tell you just how much a dollar cost\nThe price of having a spot in Heaven, embrace your loss. I am God\"\n\n[Outro: Ronald Isley]\nI washed my hands, I said my grace\nWhat more do you want from me?\nTears of a clown, guess I'm not all what it's all meant to be\nShades of grey will never change if I condone\nTurn this page, help me change to right my wrongs", "image": "https://images.genius.com/ffb1a13cfda120ba85ab9e2a83a4e158.1000x1000x1.jpg"}], "artist": "Kendrick Lamar"}