{"songs": [{"title": "Intro (HOVA Song Freestyle)", "album": "Y.H.N.I.C. (Hub City Threat: Minor of the Year)", "year": null, "lyrics": "[Intro]\nGreetings people\nYou're now rockin' with the best\nHub City's threat\nMinor of the year\nK.Dot\nI know the hood's been waitin', right\nI'mma stop being stingy\nI'mma share with y'all\n\n[Verse]\nWhoever thought young Kendrick would spit so ignorant\nMake street disciples go and get a membership\nStreets revival like Creflo Dollar hustlin' on the strip\nThis is church\nAdvise you to purchase it or copy the worst\nY'all rhymes sloppy, I rhyme properly\nI jam pack Monopoly dollars by puttin' 100% in every verse\nAdd 10% more and what to you get\nA skinny nigga manipulatin' the innocent\nI have no sense, ever since the Rodney King riots\nMind militant, nigga don't try it\nTry to hold the peace, for I promote violence\nY'all don't rap\nY'all make a lotta noise like sirens\nSo I'm here to shut shit down\nThe four pound decorate your city\nMake over your town\nI'm not Diddy, but still a bad boy\n'Til the reaper come get me, follow me now\nWhere no man has stepped, no man has repped\nNo man can withstand all the nights I've slept\nUnder my sheets, no life, thinkin' 'bout death\nFuckin' with me, you just might lose your breath\nI'll take you to them pearly gates\nThem golden streets\nPlus a cute little casket so your body can sleep\nThe Hub City shit is me\n\n[Outro]\nDo you believe\nIt's Kendrick the God", "image": "https://images.genius.com/1d86c80235f3ffef2492fec6dac85b33.500x500x1.jpg"}], "artist": "Kendrick Lamar"}