{"songs": [{"title": "Tribute Letter to Tupac Shakur", "album": null, "year": "2015-09-13", "lyrics": "I was 8 yrs old when I first saw you. I couldn\u2019t describe how I felt at that moment. So many emotions. Full of excitement. Full of joy and eagerness. 20 yrs later I understand exactly what that feeling was\nINSPIRED\n\nThe people that you touched on that small intersection changed lives forever. I told myself I wanted to be a voice for man one day. Whoever knew I was speaking out loud for u to listen\n\nThank you\nK.L\nSeptember 13, 2015", "image": "https://images.rapgenius.com/61cdf2ba075edacd327d15b223fde38e.640x828x1.jpg"}], "artist": "Kendrick Lamar"}