{"songs": [{"title": "Fuckin' Problems (Lost Verse)", "album": null, "year": null, "lyrics": "[Intro: Kendrick Lamar]\nI remember, being young, dumb, looking for the next thrill\nAngry adolescents, three things on our minds\nMoney, murder and you\n\n[Hook: 2 Chainz, (Drake) & A$AP Rocky]\nI love bad bitches, that's my fuckin' problem\nAnd, yeah, I like to fuck, I got a fuckin' problem\nI love bad bitches, that's my fuckin' problem\nAnd, yeah, I like to fuck, I got a fuckin' problem\nI love bad bitches, that's my fuckin' problem\nAnd, yeah, I like to fuck, I got a fuckin' problem\n(If finding somebody real is your fuckin' problem)\nBring yo' girls to the crib, maybe we could solve it\n\n[Verse 1: Kendrick Lamar]\nPicture perfect, uh huh\nAnd I paint a perfect picture, my intention's to get richer\nBut I ain't tryna split the profit with ya\nEvery pocket on me bleeds, I'm a selfish ass nigga\nMmm, deuces up, black coupes is us\nOr maybe the white on white, Ku and Klux\nHead all in the bathroom\nBeg for it, I'll be back soon\nFuckin' problem, fuck your problems\nI got my own but one ain't a dollar\nI got five phones for five different reasons\nLondon, Tasha, Mya, Keisha\nCourtney, blue-eyed devils with no Visas\nOverseas, high heels, wine and pizza\nOverdosed on bad bitches, I swear\nOne on both arm but need two pair, I beast\n\n[Hook]\n\n[Verse 2: Kendrick Lamar]\nYeah ho, this the finale\nMy pep talk turn into a pep rally\nSay she from the hood but she live inside in the valley now\nVaca'd in Atlanta, then she goin' back to Cali, mmm\nGot your girl on my line, world on my line\nThe irony, I fuck 'em at the same damn time\nShe eyeing me like a nigga don't exist\nGirl, I know you want this dick\nGirl, I'm Kendrick Lamar\nA.K.A. Benz-is-to-Me-Just-a-Car\nThat mean your friends-es need be up to par\nSee, my standards are pampered by threesomes tomorrow, mmm\nKill 'em all, dead bodies in the hallway\nDon't get involved, listen what the crystal ball say\nHalle Berry, hallelujah\nHolla back, I'll do ya, beast\n\n[Hook]", "image": "https://images.genius.com/25d8a9c93ab97e9e6d5d1d9d36e64a53.1000x1000x1.jpg"}], "artist": "Kendrick Lamar"}