{"songs": [{"title": "Before He Was Famous Freestyle (Nickerson Gardens Cypha)", "album": null, "year": null, "lyrics": "I'm more focused, see I'm nothing like you new [?]\n[???] the front lines\nThinking they hot cause they homies said they was a few times\nWhich is too many times of lying to you, they telling a lie\nThe only time I lie in the booth is when I sleep in it\nRecord 24 hours, these niggas better get they bars up\nI bench press this rap stuff, got it locked like handcuffs\nI threw away the key, my cool is on, she love my AC\nMy jewels is on and I wish one of y'all try robbing me\nI shoot and have you laying between the sheets with the Isley's\nWe push the coupe like a high speed and the helicopters come and realize theres nothing behind us, it's behind me\nYour honor, I fuck over these beats with no condom\nThis ain't really a rap, it's a porno, rewind it back\nIt's back to defining a loss, correct, they don't obey\nY'all ain't nice nigga, y'all just okay\nY'all  more than a Lil Jon phrase\nI'm Mike Jordan in his prime, a modern day Issac Hayes\nFingers on the shaft, new to the theme song of your career\nStudy my craft, you ignorant?, I can do it without a pen and a pad\nIt's inspiration, something y'all have never had\nIf my pockets is something  you're trying to grab, see I pull out a rocket and peel you back like scab, you old news\nOld dudes get out my way let the young boy come through, don't mention my age, SHIT\nI'm on a mission for pay and you astronaut niggas just crowding my space\nYou not in my atmosphere, you can act like you're here\nBut actually you ain't accurate fucking with this music biz\nThe industry like \"Fuck it, let the music be his\"\nNo theme park, I'm not trying to amuse you kids\nSmall shark, Jaws is here jump in the water\nDo we really fuck with president Carter?\nMy reply is that I can't stay away from the bosses\nGot the bidding war popping like an auction\nFive or ten labels like \"What he hitting for\"?, seven zeros or more\nRemember having Aftermath sitting on my door\nMoney in front of me I couldn't open the door\n\nI'm so far ahead of my time I got people 5 years from now pressing rewind\nI'm hardly impressed with y'all, I hate rappers\nWhere the true artists at?, if it ain't a good picture you draw don't bring it to the architect\nOften y'all arguing 'bout who got next\nClaiming y'all running the game niggas is barely walking yet\nHopping all over beats without going through training camp\nTry studying a few greats and then maybe you'll be where I'm at\nYour songwriting ain't great, your mixtape is mediocre\nYou recycle the same quotes, you're not\nSwitching your flow, your flow in the same place\nDon't just rap elaborate, expand, try to be more creative perhaps\nMy rap friends, I ain't saying that you whack, psych\nLike an invoice I'm just stating the facts, right?\nThe metaphors I write\nIn fact you've been a factor you've feared your whole life, no TV show\nDon't compare me with them, that's like Jaws vs. Nemo\nA gorilla to a chimp, Jordan vs. Kukoc\nA Tony Montana with blow in his nose to a Nino", "image": "https://images.genius.com/25d8a9c93ab97e9e6d5d1d9d36e64a53.1000x1000x1.jpg"}], "artist": "Kendrick Lamar"}