{"songs": [{"title": "Go DJ", "album": "Y.H.N.I.C. (Hub City Threat: Minor of the Year)", "year": null, "lyrics": "[Hook]\nGo DJ, cause that's my DJ Dave\nGo DJ, cause that's my DJ Dave\nGo DJ, cause that's my DJ Dave\nGo DJ, cause that's my, cause that's my, cause that's my\nGo DJ, cause that's my DJ Dave\nGo DJ, cause that's my DJ Dave\nGo DJ, cause that's my DJ Dave\nGo DJ, cause that's my, cause that's my, that's my\n\n[Verse 1: Kendrick Lamar]\nMurder 101, the hottest nigga under the sun\nI come from another planet, holdin' that cannon\nBest believe I will dump 'til all of you vanish\nBLAW one to the throat, you ain't livin' no mo'\nNow you know I go, harder than most\nI'm on that pimpin' shit, take your bitch, guard your ho\nAnd I don't give a shit, if I hit, long as she blow\nJust as much as a ref does a whistle\nI got dimes, just multiply two nickles\nFrom Lisa's to Keisha's down to Nicole's\nGot they mind fucked up, they'd sell me their soul\nY'all niggas should already know, I got hoes boy\nBut you already know that, pimpin'\nA baller slash killer like O.J. Simpson\nClose to the mic like Scottie Pippen\nSuperglue grip, I ain't ever slippin'\n\n[Hook]\n\n[Verse 2: Kendrick Lamar]\nAnd I move with the coupe through traffic\nReal talk, homeboy, not just rappin'\nWith the tool, mami know that I practice\nCause when I pull it out, I be shootin' it backwards\nShe like \"Damn, how you do that stuff?\"\nI said \"Don't worry, finish suckin' me up\", oh fo' sho'\nAye [?], they better act like they know what's up\nBefore I send 'em to the Heaven, let 'em know what's up\nOh yeah, I'm what people need\nAnd I'm out of y'alls speed cause the flow got gas\nYeah, our shit be the bomb\nMy suggest, you get your pom poms and cheer\nI'm goin' down as the minor of the year\nSeventeen, fresh to death, clean, diamonds in my ear\nPlay with me, have them triple beams aimin' at your rear\nHonestly, I'm the mothafucka that niggas fear\n\n[Hook]\nGo DJ, cause that's my DJ Dave\nGo DJ, cause that's my DJ Dave\nGo DJ, cause that's my DJ Dave\nGo DJ, cause that's my, cause that's my, cause that's my\nGo DJ, cause that's my DJ Dave\nGo DJ, cause that's my DJ Dave\nGo DJ, cause that's my DJ Dave\nGo DJ, cause that's my, cause that's my, that's my\n\n[Verse 3]\nDave, man, put them niggas in the grave, man\nFuck a pistol, let them niggas feel the K, man\nI'm still gettin' that cake, man\nCause my uncle's still pitchin' rocks like a caveman\nYou snakes, stay far from my home\nBefore I play Nelly and get my Desert Eagle on\nAim at your belly 'til you throw up your own shit\nThinkin' you the shit, face in the toilet\nYou wanna witness the livest nigga existin'\nThen come and pay me a visit, you have to pay for admission\nI'm on my mission to conquer my competition\nMy ego bigger than Jay-Z, for sure, not a maybe\nI got the streets in a frenzy, dudes in the streets, they commend me\nDon't try to creep, I got semis and best believe they will empty\nMix the juice with the Remy got me feelin' so damn tipsy\nJust crashed in front of that Bentley, smokin' blunts the bitch with me\nShe takin' shots in my gymmy, couple back shots I got plenty\nTell her stop, she said gimme, y'all can see that I'm simply\n\n[Hook]\nGo DJ, cause that's my DJ Dave\nGo DJ, cause that's my DJ Dave\nGo DJ, cause that's my DJ Dave\nGo DJ, cause that's my, cause that's my, cause that's my\nGo DJ, cause that's my DJ Dave\nGo DJ, cause that's my DJ Dave\nGo DJ, cause that's my DJ Dave\nGo DJ, cause that's my, cause that's my, that's my", "image": "https://images.genius.com/1d86c80235f3ffef2492fec6dac85b33.500x500x1.jpg"}], "artist": "Kendrick Lamar"}