{"songs": [{"title": "\u200buntitled 04 | 08.14.2014.", "album": "untitled unmastered.", "year": "2016-03-03", "lyrics": "[Verse: SZA & Kendrick Lamar]\nThey say the government mislead the youth, youth, youth, youth\n(Tell 'em when you went to the park and everybody came back and...)\nAnd welfare don't mean well for you, you, you, you\n(What about when you tried to do a side for that but you...)\nThey tell me that my bill's past due, due, due, due\n(Talk about the charge you got...)\nAnd preacher man don't always tell the truth, truth, truth, truth\n(Do you believe in God? If you don't, it's cool)\n\n[Segno: SZA & Kendrick Lamar]\n(But) head is the answer, head is the future\nDon't second guess yourself\n(Don't tell them when you second guess yourself I need you in the kitchen now I forgot...)\nCome on give me some help, hey\nHead is the answer, do it for the future, girl\n\n[Bridge: Lance Skiiiwalker & SZA]\nDon't second guess yourself\nCome on, give me some help\nAnd I just wanna\nAnd I just wanna\nStraight up\nEyes with my head\nAnd I can't use some help\nStraight up\n\n[Outro: SZA]\nHead is the future", "image": "https://images.genius.com/45790022edf45dc9796e781a40cabb42.1000x1000x1.jpg"}], "artist": "Kendrick Lamar"}