{"songs": [{"title": "Phone Home", "album": "C4", "year": "2009-01-30", "lyrics": "[Produced by Cool and Dre]\n\n[Verse 1: Kendrick Lamar]\nIn due time I'm the modern day Albert Einstein\nI'm prime time like Deion\nAnd the rest of y'all is peons\nI pee on the best\nWhoever you are you can step\nLike a prosthetic leg\nI see monsters in my head\nThat's why I rap with such aggression\nI tear down studio sessions\nRappers scared, they walk in the booth\nWith a bible and a reverend\nI use my mouth as a weapon\nBullets rip through your mid section\nRat tat a tat tat tat rata tat tat tat\nI'm a Comptown, nigga get a casket\nGo against me, that'll lead to my advantage\nBecause I've got to eat\nAnd for real I'm feeling kind of famished\nHotter than the earth core, don't show me where no fan is\nShow me where your fans is so they can see the real\nI'm sick and electrifying, that's double ill\nMe feel like me will be a legend like Will was a legend\nBut I'm not an actor, put that in my will\nGimme a second uncut coke lyrics what I'm stressing\nShe want the raw so I fed her lines like Kevin\nTell 'em I'm a werewolf, behold the 5 6 bigfoot\nLear jet overlook the country like Garth Brooks\nLyrics on point, plus I got the right hooks\nLike Tommy Hearns, punchlines burn\nI'm not concerned about the SoundScan\nCause most of y'all is drowning\nA lifeguard that's lounging\nMeaning I don't worry about none of you rappers\nI'm way more live\nThat's evil backwards\nNow with that great word play\nI tend to let my words play\nLike children on a Saturday\nIt's sad to say you're not up to par\nAnd I don't play with mini golf and sharks\nJump inside the pool of sharks, we're biting off your head, your heart, your legs, arms\nBled like Jay Rock or Big Y\nAnd make sure you wear a vest\nBecause they my family ties\nSuit up\nYou got a three piece? I got a three piece\nA MAC-11, a 9 mili, and a DE\nHe backpedaling like a DB\nI'm such a Martian\nCall me ET\nAlways behind it like I own the TP\nI shit, fart, pee pee\nOn anybody track\nWalk in the booth and drink down a fifth of Ex-Lax\nWassup\nNow phone home\nMy nigga Punchline is on, wipe 'em down\n\n[Verse 2: Punch]\nYour boy carry that flame I am a arsonist\nI spit arsenic at you niggas cartilage\nIll wip, drive by, niggas carsick\n20 on the charm\nVVS studded flawless\nTry and reach we specialize in garbage\nTaking out the trash put you underneath the tar pits\nHow many times I gotta tell y'all niggas the big fish in the small pond\nI wail on niggas I'm vicious\nNo, I'm serious\nSkip the birth canal and climb straight Cesarean\nYou niggas ain't listening\nI'm not from 'round these parts\nI'm nonexistent\nHit you with brake light\nLeave you missing", "image": "https://images.genius.com/8b626036c563b0aefa7a5b83f1fb9302.750x750x1.jpg"}], "artist": "Kendrick Lamar"}