{"songs": [{"title": "BLOOD.", "album": "DAMN.", "year": "2017-04-14", "lyrics": "[Intro: B\u0113kon]\nIs it wickedness?\nIs it weakness?\nYou decide\nAre we gonna live or die?\n\n[Verse: Kendrick Lamar]\nSo I was takin' a walk the other day\nAnd I seen a woman\u2014a blind woman\nPacin' up and down the sidewalk\nShe seemed to be a bit frustrated\nAs if she had dropped somethin' and\nHavin' a hard time findin' it\nSo after watchin' her struggle for a while\nI decide to go over and lend a helping hand, you know?\n\"Hello ma'am, can I be of any assistance?\nIt seems to me that you have lost something\nI would like to help you find it.\"\nShe replied: \"Oh yes, you have lost something\nYou've lost\u2026 your life.\"\n\n{Gunshot}\n\n[Bridge: B\u0113kon]\nIs it wickedness?\n\n[Outro: Eric Bolling & Kimberly Guilfoyle]\nLamar stated his views on police brutality\nWith that line in the song, quote:\n\"And we hate the popo, wanna kill us in the street fo' sho'.\"\nOh please, ugh, I don't like it", "image": "https://images.genius.com/d25e7043f51c2de6acaf6c39caa60da2.1000x1000x1.jpg"}], "artist": "Kendrick Lamar"}