{"songs": [{"title": "The Heart Pt. 1", "album": null, "year": "2010-04-14", "lyrics": "[Intro]\nUh\nA lil' Compton nigga\nJust a lil' Compton nigga\nOne time for my niggas\nYou know Compton, nigga\nJust a lil' Compton nigga\nKendrick Lamar\n\n[Verse]\nBack with a vengeance\nBack with my heart and I'm venting\nBack with another war pendant, salute me or shoot me\nI never wore a kufi, ignore my religion\nI believe there's one God, there's one love\nAnd I believe if I fly, we all doves\nI make a way for my people to see the light\nBrighter than yellow bones\nMe and my microphone could be one\nUntil I see BIG, Pac, see Pun but this ain't Eazy\nI can't take a Big L, my city needs me, I gotta win\nThe proof is in the pudding\nAnd I been fucking with Cosby since I was ten, you damn right\nBy any means necessary get campaign right\nVery emotional I'm a Gemini, I love hard and I fight harder, a born author\nA born starter, in the game for real\nAnd the games appeal to the struggling youth with no father\nYou can't learn if mistakes ain't made\nYou gotta pay homage in order to get paid\nYou gotta pay attention in order to pay dues\nAnd you ain't gettin' it, 'til you start payin' Jews\nLifestyles of the young and the broke\nWith my hand under oath, I recite these quotes\nAnd if I ever lie then I die where I stand as a pest not a man what I wrote through a rap\nIn order to see the front, I had to play the back\nWe played our position, we let ya'll play ya'll selves, ya'll made ya'll decision\nWe pray while we prey on competition\nTo flip another page of Corinthians\nI see stars when I write these sentences\nWords crash cars when I write these sentences\nOpen jail bars for my niggas life sentences\nFree J-Dove, kill all witnesses\nYa'll better hope 2012 really real, cause the way I feel I'mma make ya'll suffer\nAnd take ya'll supper\nI haven't ate in the last 22 summers and I'm 22 now it's about to go down\nSo en garde, my God we got these artists in awe\nOh, I'm free\nFinally I can say I'm me\nThe Kendrick Lamar EP, classic EP\nThe question concerns\nI dropped it and gave the whole world my germs\nHope ya'll infected\nHope ya'll ain't have no protection\nStill I'm progressing, room for improvement\nMake room for the groom married to his music\nI was at the XXL just trying to excel\nNetworking, meanwhile my stomach turning\nWanted to be apart of it cater it to my audience\nJ. Cole runnin' late\nIf he don't show up, think I can take his place\nLadies start laughing\nNo pun intended I ain't being sarcastic\nHomie popped up with about twenty bags and\nFresh out the plane I couldn't even complain\nMy nigga was on his hustle I introduced him my name\nSaid I'll see him on the bubble in the future, my dude I salute ya\nContributing the real shit\nTalk about it make the people talk about it\nMake the world see, for every MC that I see tryna stay afloat\nTell 'em build a boat like Noah\nAnd take him to a place that I'm sure we all can blow up, boom\nI ain't a star yet but I'm gettin' close to em\nAnd if you see a whack artist do more than boo him\nThrow him off the banister, shoot him on camera\nThen kill his manager\nThen hang a banner up, that reads you can't proceed without bein' conceived by one album of the 90's\nOn Rosecrans where you'll find me\nAnd all my niggas is grimy\nBut I remain the good kid\nTryna make a difference where I'm from, where you live\nOh no we got to slow the city down\nI told the homeboy pump his brakes\nHe said that he rather put the pump to his face\nSawed off\nTorture, turn the saw off, its scorchin'\nHot where I'm from, the newscasters don't come\nAnother ratchet got dumped, in the trashcan I ain't done\nA baby in there with it\nShe said postpartum did it\nMolested at eleven and she always reminiscing\nWhen he was undressing said it'll only be a minute\nThat's why I always think I'm kicking something with feeling\nI should've been a dentist\nI should've been a blizzard-cold\nFlash, pose, flash, pose, a critic paparazzi got me on my toes\nI wanna jump on him like a tad-pole, tad-pole, ass-holes\nTryna kill my dreams\nNot elevate\nThose are not my dreams, I'll be straight\nWith a little bit of passion\nAnd a drive like an Aston\nMotivation from Nipsey or Glasses, Jay Rock\nMykestro , Bad Lucc, U-N-I\nDom Kennedy, Murs and Fashawn\nLady G, Willy B in time\nIma blow like I'm mothafuckin' sniffing lines\nGo like I never seen a red light shine\nFlow to my heart, hit the flo' when im dying\nHeart of a lion, tell em get in line\nAnd pass the baton, I won't pass it back I ain't good at dimes\nIf the bitch bad I could pass you a dime\nHaters better duck like I'm passing a pond\nKnow I'm the king and I'm passing you pawns\nPad on the hill (as in a big house on the hill) that's a passion of mine\nProblem is I shine like two mics under heavy strobe lights\nI'mma need two mics just to get my point across\nI'mma get my joint across, country ya'll gon' want me", "image": "https://images.genius.com/72c33e0d0e7f5b534957a72022ac6d3f.885x885x1.jpg"}], "artist": "Kendrick Lamar"}