{"songs": [{"title": "Gangsta party - freestyle", "album": null, "year": null, "lyrics": "Up outta there\nAin't nuthin' but a gangster party\n(Turn that shit up, G)\nOh shit, you done fucked up now\nYou done just put to of Americas most wanted\nIn the same mothafuckin' place at the same mothafuckin' time\nY'all niggas 'bout to feel this, break out the champagne glasses\nAnd the mothafuckin' condoms, have one on us aiight?\nPicture perfect, I paint a perfect picture\nBomb the hoochies wit' precision my intentions to get richer\nWith the S N Double O P Dogg my fuckin' homey\nYou's a cold ass nigga on them hogs\nSho nuff, I keep my hand on my gun\n'Cuz they got me on the run\nNow I'm back in the court room\nWaitin' on the outcome\nFree 2pac is all that's on that nigga's mind\nBut at the same time it seem they tryin' to take mine\nSo Ima' get smart and get defensive and shit\nAnd put together 'million march for some gangsta shit\nSo now they got us laced, 2 multi-millionaire\nMothafuckas catchin' cases, bitches get ready\nFor the throw down, the shit's about to go down\nMe and Snoop about to clown\nI'm losin' my religion, I vicious on these stool pigeons\nYa might be deep in the game but cha got the rules missin'\nNiggas be actin' like they savage, they out to get the cabbage\nI got nothin' but love for my niggas livin' lavish\nI got a pit named P, she niggarino\nI got a house on the hills, right next to Chino\nAnd I think I got a black Beamer\nBut my dream is to own a fly Casino\nLike Bugsy Seagal and do it all illegal\nAnd get scooped up by the lil' homie in the Regal\nIt feels good to you, baby bubba\nYou see ya' vicious for the G's and the keys, mothafucka\nNow holla as we ride, mothafuck the rest 2\nOf the best from the west side\nAnd I can make you famous, niggas\nBeen dyin' for years so how can they blame us?\nI live in fear of a felony, I never stop bailin'\nThese mothafuckin' G's if you got it\nBetter flaunt it, another warrant\n2 of America's most wanted\nAin't nuthin' but a gangster party\nAin't nuthin' but a gangster party\nNothin' but a gangter party\nAin't nuthin' but a gangster party\nNothin' but a gangster party\nIt ain't nothin' but a mothafuckin' gangster party\nAin't nuthin' but a gangster party\nNothin' but a gangster party\nIt ain't nothin' but a mothafuckin' gangster party\nNow give me 50 feet, the fleet is not my destiny\nRelease me to the streets and keep whatever's left of me\nJealousy is misery, suffering is grief, ya better be prepared\nWhen you cowards fuck with me\n(How does it feel?)\nThese niggas must be crazy word\nThere ain't no mercy motherfuckers\nYou can't fade the thug\n(Right)\nYou thought it was but it wasn't now disappear\nBow down in the presence of a boss, playa\nIt's like 'cuz blood gangbangin', everybody in the party\nDoing dope slangin', ya got to have papers in this world\nYa might get yo' first snatch before your eyez swirl\nYa doin' ya job everyday, and then you work so hard\nTil' your hair turn gray, let me tell you 'bout life and the way it is\nYou see we live by the gun so we die by the gun's kids\nYou tell me not to roll with my Glock\nMow I got to get away, floatin' in the black Benz\n(Biatch)\nTryin' to do shit today\nThey wonder how I live with 5 shots\nNiggas is hard to kill on my block\nScheme for policy and dope related, affiliated\nWith tha hustlas so we made it, no askin' questions\nI'm trying to get upon it, my nigga Dog, eternally the most wanted\nAin't nuthin' but a gangster party\nAin't nuthin' but a gangster party\nAin't nuthin' but a gangster party\nAin't nuthin' but a gangster party\nNothin' but a gangter party\nIt ain't nothin' but a mothafuckin' gangster party\nAin't nuthin' but a gangster party\nNothin' but a gangster party\nIt ain't nothin' but a mothafuckin' gangster party\nAin't nuthin' but a gangster party\nNothin' but a gangsta party\nIt ain't nothin' but a mothafuckin' gangster party\nAin't nuthin' but a gangster party\nNothin' but a gangster party\nIt ain't nothin' but a mothafuckin' gangster party\nAin't nuthin' but a gangster party, biatch\nAin't nuthin' but a gangster party\nAin't nuthin' but a gangster party, death row", "image": "https://images.genius.com/25d8a9c93ab97e9e6d5d1d9d36e64a53.1000x1000x1.jpg"}], "artist": "Kendrick Lamar"}