{"songs": [{"title": "LOVE.", "album": "DAMN.", "year": "2017-04-14", "lyrics": "[Intro: Kendrick Lamar]\nDamn, love or lust\nDamn, all of us\n\n[Chorus: Zacari & Kendrick Lamar]\nGive me a run for my money\nThere is nobody, no one to outrun me\n(Another world premiere!)\nSo give me a run for my money\nSippin' bubbly, feelin\u2019 lovely, livin' lovely\nJust love me\nI wanna be with you, ayy, I wanna be with\nJust love me, just love me, just love\nI wanna be with you, ayy, I wanna be with\nLove me\nI wanna be with you\nLove me, just love me\n\n[Refrain: Kendrick Lamar & Zacari]\nIf I didn't ride blade on curb, would you still love me?\nIf I minimized my net-worth, would you still love me?\nKeep it a hundred, I\u2019d rather you trust me than to love me\nKeep it a whole one hund': don't got you, I got nothin'\n\n[Verse 1: Kendrick Lamar]\nAyy, I got somethin'\nHol' up, we gon' function, no assumptions\nFeelin' like Tyson with it\nKnock it out twice, I\u2019m with it\nOnly for the night, I\u2019m kiddin'\nOnly for life, yeah, only for life, yeah\nOnly for life, let\u2019s get it\nHit that shoulder lean\nI know what comin' over me\nBackstroke oversea\nI know what you need\nAlready on ten, all money come in\nAll feeling go out, this feeling don't drought\nThis party won't end\n\n[Refrain: Kendrick Lamar & Zacari]\nIf I didn\u2019t ride blade on curb, would you still love me?\nIf I minimized my net-worth, would you still love me?\nKeep it a hundred, I'd rather you trust me than to love me\nKeep it a whole one hund': don't got you, I got nothin'\n\n[Chorus: Zacari & Kendrick Lamar]\nGive me a run for my money\nThere is nobody, no one to outrun me\nSo give me a run for my money\nSippin' bubbly, feelin' lovely, livin' lovely\nJust love me\nI wanna be with you, ayy, I wanna be with\nJust love me, just love me, just love\nI wanna be with you, ayy, I wanna be with\nLove me\nI wanna be with you\nLove me, just love me\n\n[Verse 2: Kendrick Lamar & Zacari]\nI'm on the way\nWe ain't got no time to waste\nPoppin' your gum on the way (love me)\nAm I in the way?\nI don't wan' pressure you none\nI want your blessing today (love me)\nOh, by the way, open the door by the way\nTold you that I'm on the way (love me)\nI'm on the way, I know connection is vague\nPick up the phone for me, babe\nDammit, we jammin'\nBad attitude from yo' nanny\nCurves and your hips from yo' mammy\nRemember Gardena, I took the studio camera\nI know Top will be mad at me\nI had to do it, I want your body, your music\nI bought the big one to prove it\nLook what you made\nTold you that I'm on the way\nI'm like a exit away, yep\n\n[Refrain: Kendrick Lamar & Zacari]\nIf I didn't ride blade on curb, would you still love me?\nIf I minimized my net-worth, would you still love me?\nKeep it a hundred, I'd rather you trust me than to love me\nKeep it a whole one hund': don't got you, I got nothin'\n\n[Chorus: Zacari & Kendrick Lamar]\nGive me a run for my money\nThere is nobody, no one to outrun me\nSo give me a run for my money\nSippin' bubbly, feelin' lovely, livin' lovely\nJust love me\nI wanna be with you, ayy, I wanna be with\nJust love me, just love me, just love me\nI wanna be with you, ayy, I wanna be with\nLove me\nI wanna be with you\nLove me, just love me", "image": "https://images.genius.com/d25e7043f51c2de6acaf6c39caa60da2.1000x1000x1.jpg"}], "artist": "Kendrick Lamar"}