{"songs": [{"title": "Lyrics Contest Answers (untitled unmastered.)", "album": null, "year": "2016-03-09", "lyrics": "These are questions and answers about Kendrick Lamar's new album untitled unmastered. The contest was conducted over Twitter on March 9th, 2016 at 6 PM PST.\nQuestion #1:Who's Evenly Odd?\n\nAnswer: \"Both Sides of Me.\" In \"untitled 06 | 06.30.2014\", Cee-Lo Green sings \"I'm bizarre, avant-garde/Both sides of me are evenly odd\".\n\nThe Winner: @M0CHAH0NTAS.\nQuestion #2:What is Power?\n\nAnswer: \"Pussy\". In \"untitled 03 | 05.28.2013.\", Kendrick raps \"Pussy is power, fuck on a new bitch every night\".\n\nThe Winner: @dvrrxll.\nQuestion #3:What did Kendrick Confess?\n\nAnswer:\"I Lost a Lot of Love For Missionary\".In \"\u200buntitled 02 | 06.23.2014.\", Kendrick says \"Palisade views with some sex/I lost a lot of love for missionary/This the first time I confess\".\n\nThe Winner: @HoopGod1K.\nQuestion #4:Who's on the Intro to Untitled 01?\n\nAnswer:\"Bilal\".In \"\u200buntitled 01 | 08.19.2014.\", Bilal, who has worked with Kendrick before, starts off the project with the words \"Come here, girl/Oh, you want me to touch you right there?\".\n\nThe Winner: @fari_supercinco.\nQuestion #5:Why Do They Go Wrong?\n\nAnswer:\"A Blessing Takes So Long\".In \"\u200buntitled 08 | 09.06.2014.\", Kendrick says \"But when a blessing takes long, that's when you go wrong\".\n\nThe Winner: @latinsass.\nQuestion #6:What Do I Ride In?\n\nAnswer:\"Impalas\".In \"\u200buntitled 07 | 2014-2016\", Kendrick raps \"Me don't want problems (we ride Impalas)\".\n\nThe Winner: @JamarzOnMarz.\nQuestion #7:What's On The Dashboard?\n\nAnswer:\"Bible\".This one's unclear. In \"\u200buntitled 05 | 09.21.2014.\", Kendrick says \"I got 100 on my dash, got 200 in my trunk/Name in the grab bags, put my Bible in the trunk\".\n\nThe Winner: @ErinWells24.\nQuestion #8:Who's Misleading?\nAnswer: \"The Government\".In \"\u200buntitled 04 | 08.14.2014.\", SZA sings \"They say the government mislead the youth, youth, youth, youth\".\n\nThe Winner: Taylor Merrifield.", "image": "https://images.rapgenius.com/34b944882d9efa82af588adf72a9a5f4.600x600x1.jpg"}], "artist": "Kendrick Lamar"}