{"songs": [{"title": "One Shot Kill", "album": "Training Day", "year": "2005-06-01", "lyrics": "[Intro]\n\nOne shot kill, one shot kill hey\nOne shot kill, hey, one shot kill\nOne shot kill go!\n\n(Pump up the volume)\n(Pump up the volume)\n\n[Verse 1]\nI say thinkin' of a master plan\nMotherfucker I'm a mastermind, I'm an 18 year old dollar sign\nI'm a one man tragedy\nI'm Columbine\nI'm sharp as fuck but no porcupine\nPenitentiary blade to cut yo' ass up\nGood lookin hunk\nLookin for anybody thats lookin for me\nShotty look em right in the eye\nWhat do I see\nA scared nigga waitin to die\nA scared nigga I even got you a suit and tie\nSomething suitable\nSledge hammer break down your nail cuticles\nNigga I do the unusual\nTorture\nAny thing is necessary in the art of war\nSlam his head inside the suicidal doors\nDo him like lil man off players club\nRoll around to his knees rub\nShit\nIm a ground hog\nNo Im a young hog\nHoggin up all the money from all a yall\nIts funny how all yall wanna be my associates\nCome around smile like that shit is appropriate\nI'mma put it to your skullcap and open it\nLeave it on the side with that ho you was rollin wit\nIm rollin with the 9mm close to my nuts and dick\nYou know who you fuckin with\nIm done with regular bowel movements Im on some other shit\nIm a fuckin beast you a fuckin bitch\nIm a fuck your bitch\nThen send her back to you\nLet her suck some dick then let her kiss on you\nNow ain't that a bitch\nThat ain't right\nBut that\u2019s my life\nIf you don\u2019t like then we gon\u2019 fight\nSyke, you gon\u2019 be fightin a bullet\n\n(Pump up the volume)\n(Pump up the volume)\n\n[Verse 2]\nWhere the pump at\nThinking of a master plan\nMothafucker Im a master mind\nIm a 18 year old dollar sign\nIm a one man tragedy\nIm Columbine\nShit you already know what im about\nKeep the guns by the couch in the living room\nCompany act up we give it to them\nSend it to them like emails\nLet them sell his soul\nPut his body on retail\nIf we do dirt\nAnd you tell\nWe gon\u2019 put you under dirt\nHe was a good person\nHe was down to earth but now he down to earth\nChillin with the worms and the insects his brother gon\u2019 be next\nHis mother gon\u2019 be after him kill the family tree\nIf they fuckin with him and that him is me\nAnd that limb is lost on your body\nAiming at your feet probably\n\n[Outro]\nTraining day\nSniper music\nSniper music\n\nOne shot kill\nI told you before\nOne shot kill\nI told you before\nOne shot kill\nI told you before\nOne shot kill\nOne shot kill\nOne shot kill", "image": "https://images.genius.com/0d736130ef89ba0b866b3b01fad325c1.500x500x1.jpg"}], "artist": "Kendrick Lamar"}