{"songs": [{"title": "Good Morning America", "album": "Training Day", "year": "2005-06-01", "lyrics": "[Intro]\nGood morning america (ahh)\n(wake up, wake up, wake up)\nThe saga continues\nGood morning america (ahh)\n(wake up, wake up, wake up)\n(?)\n(wake up, wake up, wake up)\nA new revelation\nGood morning america (ahh)\n\n[Verse 1]\nGood morning america\nA new day, we gotta hit the schedule ahead of us\nThe letter K, D-O-T, add a space like a microsoft keypad\nYou can't see me, invisible ski mask\nPoke the eye's out my beanie\nGhetto zorro on the headlines, i leave\nFeces shit on niggas, nigga\nMy flow come in plural\nMultiple of it, majority love it\nI got the masses, meaning societies public\nLow dickey shorts, LA fashion still holding grudges\nAin't forgot y'all killed Pac niggas\nAin't forgot y'all left the West Coast for dead\nTried to play it off like the paramedics was coming\nInstead, we dusted off pulled the bullet out our heads\nLeft a permanent scar, for the whole world to recognize\nCalifornia, economics, pay your taxes bitch\n\n[Hook]\nIt's a new day\nNew chronic, new [?] spoke, new six tray\nNew Snoop, new 2Pac, New Doc Dre\nA new West Coast to Wake up to, Nate\n\nGood morning America\nAs a new Day Begins, the saga continues\nA new breeze stepping in\nI Hope that you're ready\nCause (?)\nBrings for the new life\nA new revelation\nShow you right\n\n[Verse 2]\nOho you done fucked up baby\nYoung kendrick the grown up baby\nOn enough to acknowledge your fuck ups maybe I spare your life maybe i won't\nMaybe I give you the funk\nGeroge clintion bring by the sentence like I got a english major in it\nThis is higher academis pay attention students\nNiggas you is you foolin with a hand gun might as well have a harpoon then\nI carry two or more with me like im car poolin\nEe miles deep when its beef I dont say get em I say move in\nS.W.A.T team so aggressive turn a mind up problem ????? extreme coolaid red beam on top of my weapon\nNotice my proffesionalism im perfecting my craft you niggas is half doin your job\nInsubbordination ima have the boss get you fired oh I am the boss get terminated bitch\n\n[Hook]\nIt\u2019s a new day\nNew cronic\nNew hundred spoke\nNew six tray\nNew snoop\nNew 2pac\nNew doc dre\nA new west coast\nDon\u2019t wake up too late\n\n[Chorus]\nGood morning america (aah)\nAs a new day begins the saga continues\nA new breeze debonair I hope that your\u2019re ready\nBecause as the gold daytons spin\nBrings forth the new life\nA new revelation (the second coming is here)\nShow you right\n\n[Verse 3]\nThe moral is try your best to not collide with the best of him\nI ain't talkin bout you i talk about jay, Nas and him\nCreme de la creme homie\nPockets fat hand boney\nHow is that\nKinda ironic the west coast i undelrine it\nMake him my prioirity in orderly fashion i ain't livin' in\nNobody lasted in time nobody closing your blinds the sun is shining bitch\n\n[Hook]\nIt\u2019s a new day\nNew cronic\nNew hundred spoke\nNew six tray\nNew snoop\nNew 2pac\nNew doc dre\nA new west coast\nDon\u2019t wake up too late\n\n[Chorus]\nGood morning america (aah)\nAs a new day begins the saga continues\nA new breeze debonair I hope that your\u2019re ready\nBecause as the gold daytons spin\nBrings forth the new life\nA new revelation (the second coming is here)\nShow you right\n\n[Outro]\nMy nigga hahahaha\nRoll your window down start there\nAhahaha\nSee you gotta hear the street\nYou gotta be snortin' you know\nYou gotta taste that shit feel that\nLearn that shit brotha\nLearn that shit that shit will get you killed\nThese motha muckas plottin all kinds of shit behind your back\nShit", "image": "https://images.genius.com/0d736130ef89ba0b866b3b01fad325c1.500x500x1.jpg"}], "artist": "Kendrick Lamar"}