{"songs": [{"title": "XXL Freshmen Freestyle", "album": "2011's Freshman Class: The Mixtape", "year": null, "lyrics": "I return before tables get turned\nIt\u2019s my turn, spur of the moment\nThey re-produce my sperm and try to clone it, stand firm\nBumping The Firm, Phone Tap, I\u2019m on it\nI slaughter every opponent to bits of components, potent\nYou can\u2019t fuck with the horse power, your woofing too much\nY\u2019all bout to hoarse coward, as soon as I buss, pause\nYou put your hands on a broad and telling me you can brawl\nYou thought you saw me when you saw Saw, frightening\nMore reckless than a paisa driving without a license\nHittin\u2019 your new truck then leaving you hiking\nThey said no, the industry let it go\nI cracked the window then hit the back door like trick dices\nStickin\u2019 and movin and movin\u2019 and stickin\u2019 the prices\nUppin\u2019 the ante before I'm a antique, can promise you hear me clear\nEven if you eat 3 ears with Tyson\nRippin\u2019 the panties but bootin\u2019 the wammys\nThey dyke and I\u2019m liking them all, I\u2019m siftin\u2019 through panties\nHaters\u2019ll spike it\nVoicing opinions but holding laryngitis\nBut I don\u2019t hear \u2018em, I\u2019m a winner by law\nTrack em down like the subway when they sub-par\nSub-zero everytime I jump in the synagogues\nSend the angels, send the God\nI can make you look hard, I know\nI just let the thoughts take its toll\nMore sentences than level four of y\u2019all, Bogard\nGo hard, black tar, concrete, Tom Vick times Papi Mason times 3\nUncle Toms need Tums to stomach atomic bombs\nOr die from my Wizardry\nRZA, GZA, Method Man\nI\u2019m a killer B, killer! Be killed, make your embassy yield\nThis is not your cup of tea, and oh\nThey say waters run deep, dive in, Bermuda triangles\nAnd you will see us, we must leave dust behind\nEmcee\u2019s duck, deduct, revenue declined\nWhen we touch down like a Running Back\u2019s grind\nCan you keep up and keep us safe for keepsake\nThat ain't safe\nCompton!", "image": "https://images.genius.com/6fdd82bef1bb980ec41bfc4de3a134c9.500x500x1.jpg"}], "artist": "Kendrick Lamar"}