{"songs": [{"title": "Real One", "album": null, "year": null, "lyrics": "[Intro]\nI been a real one, I been a real one\nI been a real one, I been a real one\nI been a- I been a love and a travesty\nNever talk down on no prophecy, put it on God, ain't no stopping me\nPut it on God, God, God, God, God\n\n[Hook]\nI been a real one, I been a real one\nI been a real one, I been a real one\nI been a real one, I been a-\nI been a love and a travesty, never talk down on no prophecy\nPut it on God, ain't no stopping me, put it on God, God, God, God", "image": "https://images.genius.com/25d8a9c93ab97e9e6d5d1d9d36e64a53.1000x1000x1.jpg"}], "artist": "Kendrick Lamar"}