{"songs": [{"title": "Swimming Pools (Demo)", "album": null, "year": "2017-06-19", "lyrics": "[Bridge]\nPour up (drank), head shot (drank)\nSit down (drank), stand up (drank)\nPass out (drank), wake up (drank)\nFaded (drank), faded (drank)\n\n[Verse 1]\nNow I done grew up 'round some people livin' their life in bottles\nGranddaddy had the golden flask\nBackstroke every day in Chicago\nSome people like the way it feels\nSome people wanna kill their sorrows\nSome people wanna fit in with the popular, that was my problem\nI was in a dark room, loud tunes\nLookin' to make a vow soon\nThat I'ma get fucked up, fillin' up my cup, I see the crowd mood\nChangin' by the minute and the record on repeat\nTook a sip, then another sip, then somebody said to me\n\n[Hook]\nNigga, why you babysittin' only two or three shots?\nI'ma show you how to turn it up a notch\nFirst you get a swimming pool full of liquor, then you dive in it\nPool full of liquor, then you dive in it\nI wave a few bottles, then I watch 'em all flock\nAll the girls wanna play Baywatch\nI got a swimming pool full of liquor and they dive in it\nPool full of liquor, I'ma dive in it\n\n[Bridge]\nPour up (drank), head shot (drank)\nSit down (drank), stand up (drank)\nPass out (drank), wake up (drank)\nFaded (drank), faded (drank)\n\n[Verse 2: Kendrick Lamar]\nOkay, now open your mind up and listen me, Kendrick\nI am your conscience\nIf you do not hear me, then you will be history, Kendrick\nI know that you're nauseous right now\nAnd I'm hopin' to lead you to victory, Kendrick\nIf I take another one down\nI'ma drown in some poison, abusin' my limit\nI think that I'm feelin' the vibe\nI see the love in her eyes, I see the feelin'\nThe freedom is granted as soon as the damage of vodka arrived\nThis how you capitalize, this is parental advice\nThen apparently I'm over-influenced by what you are doin'\nI thought I was doin' the most 'til someone said to me\n\n[Hook]\nNigga, why you babysittin' only two or three shots?\nI'ma show you how to turn it up a notch\nFirst you get a swimming pool full of liquor, then you dive in it\nPool full of liquor, then you dive in it\nI wave a few bottles, then I watch 'em all flock\nAll the girls wanna play Baywatch\nI got a swimming pool full of liquor and they dive in it\nPool full of liquor, I'ma dive in it\n\n[Bridge]\nPour up (drank), head shot (drank)\nSit down (drank), stand up (drank)\nPass out (drank), wake up (drank)\nFaded (drank), faded (drank)\n\n[Bridge]\n[?]\nIf you've got a little I'ma share a thought\nYou from Compton? Get your uncle, poppa\nHe a gangster, he know how to party\nYou ain't nothing like him\nYou a stranger to this\nG shit\nFuck a sip, nigga\nTake it to the neck, nigga\nTake it for the dead homies\nHomie, just a set\nThis the business\nMany bitches, alcohol\nDeal with it\nBe a Navy Seal with it\nSwim until you feel (drunk)\n\n[Hook]\nNigga, why you babysittin' only two or three shots?\nI'ma show you how to turn it up a notch\nFirst you get a swimming pool full of liquor, then you dive in it\nPool full of liquor, then you dive in it\nI wave a few bottles, then I watch 'em all flock\nAll the girls wanna play Baywatch\nI got a swimming pool full of liquor and they dive in it\nPool full of liquor, I'ma dive in it\n\n[Bridge]\nPour up (drank), head shot (drank)\nSit down (drank), stand up (drank)\nPass out (drank), wake up (drank)\nFaded (drank), faded (drank)", "image": "https://images.genius.com/25d8a9c93ab97e9e6d5d1d9d36e64a53.1000x1000x1.jpg"}], "artist": "Kendrick Lamar"}