{"songs": [{"title": "Play with Fire", "album": "C4", "year": "2009-01-30", "lyrics": "Bitch, yeah, ha\n\nCompton most wanted, haunted by the ghost of the dead\nClimbing out the casket, with a bullet in the head\nAll blue, all red, smothers every corner\nCatch 'em while they're young like the symptoms of pneumonia\nGood 'ol California, killa' California\nWhere the violence lives, and the peace remains homeless\nKillers off the leash, at the mouth, they be foaming\nMad dog mad dog, my goonies be some mad dogs\nI'm in the booth zoning\nLike 28 grams, of the good yams\nFiends line up in the morning\nI'm cloning, greatness\nMy words made of fire like I'm rhyming about satan\nI could burn through some braces\nIf I had 'em\nThis is the return of the dragon\nI'm not talking about, bruce lee\nI'm talking about, true heat\nAnd it look like you got cold feet\nStep into the flame and I might rekindle your name\n\n(laughing)\n\nPoint blank range, as I take aim, at success\nPut a bullet in the brain, then one more, in the chest\nI'm not thinking about no vest, that is not a factor\nI rip through that like I rip through a rapper\nI'm not a rapper, I am a raptor\nDinosaur climbing on, everything that I perform\nMayhem, chaos, they pray i, fall\nVictim of a fight, which is a gunslinging brawl\nBut I'm all in all aware, that I'm rare\nLike a flying saucer hovin' through the air\nKendrick don't have a spare, meaning there's\nNo two alike, you can bet it, and I guarantee I'm right\nLike a freeway exit, I hope you get the message\nBefore your T-Mobile lose service\nAnd don\u2019t log off AIM on purpose, you nervous\nAin't you, I'm ready to spank you\nDiscipline the disobedient hang 'em like Willy Lynch\nDon't fuck with me\n\nI'm a furnace, burning, turn this mothafucka' inside out like\nDaddy mac, mac, daddy's back with a brand new bag\nAnd I'm talking about, mo' money pussy and pistols\nStudents please get out your pencils\nI'm about to break down the principles of the game\nDon't complain because, it could be much worse\nWhenever you took an L, know that, you could be taking a hearse\nAsk you first, don't trust no skirt because bitches are the biggest liars\nYou playing with that you playing with fire\n\nBurn (echoes)\n\nStraight from the belly of the beast\nBreak it to the police\nSaid he put it on me\nI'm a ride til my wheels fall off with a G\nRide with the P, 89 creep\nOn him like a ninja, you entered the warzone\nYour home Get bombed on, like an iraqi, and the policy\nA guerilla warfare, that nothing is fair\nWe playin for keeps, no food no sleep\nI'm a warrior the coroner going to have to come and get him\nPut him under the streets, and I guarantee\nI hit 'em where it hurts, I'm a lurk where he sleeps\nHis alarm clock beep, I be right there\nGun then knife, dead kids, dead wife\nDead bedrock head shot, I'm a hit him twice\nThen clear out the block, until there's no mo' life there\nTop dawg ENT, bitch we right here\nWe ain't runnin'\nWe be gunnin'\nNiggas talk alot but they don't say nothin'\nChop 'em up, slice 'em up, he a cooked onion\nShake 'em down, break 'em down, throw 'em in a dungeon\nDon't wanna brawl with 5-6 hog\nI'm a beast when I bark, every skyship fall\nGround shall break, part the seas and the greatest lakes\nAnarchy is taking place, turn gorillas to bathing apes\nI'm a gorilla in every state\nYour opinion don't mean shit mind yo business\nBefore I give your mind a business\nAsk matadors I ain't bullshittin'\nBitches\n\nBleh bleh", "image": "https://images.genius.com/8b626036c563b0aefa7a5b83f1fb9302.750x750x1.jpg"}], "artist": "Kendrick Lamar"}