{"songs": [{"title": "\"i\" (Live Performance on SNL)", "album": null, "year": "2014-11-15", "lyrics": "[Introduction: Woody Harrelson]\nLadies and gentlemen! My man, Kendrick Lamar!\n\n[Kendrick & Background Vocalists]\nLivin' in America\nThuggin' in the trap\nLivin' in a groove\nWatchin' TV\n\n[Kendrick]\nDedicated to the homies in the pen', hit me!\n\n[Intro]\nI done been through a whole lot\nTrial, tribulation, but I know God\nThe Devil wanna put me in a bow tie\nPray that the holy water don't go dry\nAs I look around me\nSo many motherfuckers wanna down me\nBut an enemigo never drown me\nIn front of a dirty double-mirror they found me\n\n[Hook]\n(I love myself)\nWhen you lookin' at me, ahh, tell me what do you see?\n(I love myself)\nI put a bullet in the back of the back of the head of the police\n(I love myself)\nIlluminated by the hand of God, boy don't be shy\n(I love myself)\nOne day at a time, uhh\n\n[Verse 1]\nEverybody lookin' at you crazy (Crazy)\nWhat you gon' do? (What you gon' do?)\nLift up your head and keep moving (Keep moving)\nOr let the paranoia haunt you? (Haunt you)\nPeace to fashion police, I wear my heart\nOn my sleeve, let the runway start\nYou know the miserable do love company\nWhat do you want from me and my scars?\nEverybody lack confidence, everybody lack confidence\nHow many times my potential was anonymous?\nHow many times the city making me promises?\nSo I promise this, huh\n\n[Hook]\n\n[Verse 2]\nAnd when they say it's a war outside, bomb in the street\nGun in the hood, mob of police\nRock on the corner with a line full of fiend\nAnd a bottle full of lean and a model on a scheme yup\nThese days of frustration keep y'all on tuck and rotation\n(Ah man)\nI duck these cold faces, post up fi-fie-fo-fum basis\nDreams of reality's peace\nBlow steam in the face of the beast\nSky could fall down, the wind could cry now\nThe strong in me, I still smile\n\n[Hook]\n\n[Interlude]\nOh man, hey check this out this a real Compton thing goin' on right now. Ya feel what I'm talkin' bout? Ya dig that? Sometimes I just feel a little bit besides myself you know what I'm talkin' bout. This here the return of Enoch and we gonna do it to you like this\n\n[Bridge]\nWalk my bare feet (Walk my bare feet)\nDown, down valley deep (Down, down valley deep)\nFi-fie-fo-fum (Fi-fie-fo-fum)\nMy heart undone (My heart undone)\n\n[Original Hook]\nAnd I love myself\n(The world is a ghetto with big guns and picket signs)\nI love myself\n(But it can do what it want whenever it want, I don't mind)\nI love myself\n(He said I gotta get up, life is more than suicide)\nI love myself\n(One day at a time, sun gon' shine)\n\n[Verse 3]\nI went to war last night\nWith an automatic weapon, don't nobody call a medic\nI'ma do it till I get it right\nWar last night\nI've been dealing with depression, duckin' every other blessin'\nI can never see the message\nI could never take the lead, I could never bob and weave\nNegative letting them annihilate me\nEvident I'm moving at a meteor speed\nFinna run into a building, lay my\nMoney in the ceiling lay my body in the street\nKeep my money in the ceiling, let my mama know I'm free\nGive my story to the children and a lesson they can read\nAnd the glory to the feeling of the holy unseen\nSeen enough, make a motherfucker scream, \"I love myself!\"\n\n[Original Outro]\nI lost my head\nI must've misread what the good book said\nOh woes keep me, it's a jungle inside\nGive myself again 'til the well runs dry\n\n[Interlude]\nYG, CHICKEN WINGS!\nAh man, aye, aye homie I told you its a straight up Compton thing ya dig what I'm talkin' bout? And this here is dedicated to the homies. Y'all feel what I'm saying? And sometimes I just get besides myself. The return of the Enoch is back, you hear what I'm talkin' bout?\n\n[Verse 4]\nI've been lookin' for you my whole life, appetite\nFor this feeling I can barely describe, where you reside?\nIn a woman, is it in money, or mankind?\nSomething got me losing my mind\nWhere you at? From the front to the back\nI'm lookin' for you, I react only when you react\nI thought I found you back in the ghetto\nWhen I was 17 with the .38 Special\nMaybe you're in a dollar bill, maybe you're not real\nMaybe only the wealthy get to know how you feel\nMaybe I'm paranoid, ha, maybe I don't need you anyway\nDon't lie to me, I'm suicidal anyday\nI could be your advocate\nI could speak for you if you tell me what the matter is\nI could preach for you with the mighty tongue\nI'm the one, how can I, overcome\nNegative energy while I give infinitely and survive?!", "image": "https://images.rapgenius.com/2140573a77d9d3524f27fe7073409238.600x600x1.jpg"}], "artist": "Kendrick Lamar"}