{"songs": [{"title": "Lunch Table (L.A. Leakers Freestyle)", "album": null, "year": "2014-09-24", "lyrics": "[Verse]\nYeah, that's cool\nThirty two shots in the clip of his thirty four's a little nigga with heart\nFrustrated with being broke while I was climbing the charts\nPenitentiary chancin' and dancin' with suicide\n[?] is connoisseurs, love to eat on our tribe\nHomie I got love for him\nAngel on angel dust, I used to thug for him\nTook me on my first mission, transition\nGood kid turned rapper, pay attention\nThis is deeper than you think\nRight after my admission inside the game, asked him bout whats his name\nWe brushed it off as a joke as we watched her get off the stage\nMusic award [?] for all of the nominee\nI was promised to win, he was promised to leave\nWith all the favorite accessories\nThe one's the big budget videos had especially\nJust a shadow in the dark, blendin' in with all the industry friends\nSo guess this is where the story begins, J Incredible, what!", "image": "https://images.rapgenius.com/c38ef75fc4ecdf3f5bd6a81fdbf1a96f.600x600x1.jpg"}], "artist": "Kendrick Lamar"}