{"songs": [{"title": "Little Johnny", "album": null, "year": null, "lyrics": "Uh\nYeah\nKendrick Lamar\nUh\nYeah I can reconcile being depressed real bad\nI'm  a thinker not a drinker but still I Hennessey drag;\nAlcohol numbs the pain like where Novacane stabs\nIn your arteries, pardon me but my city go mad\nVia Compton California, corners with coroners and karma on em\nColours corresponding to gangs upon us\nCommon corrupted Crips and Pirus cripple the city\nTriple the crime, Bible nor the Quran can save;\nWelcome, don't be afraid, your city similar right?\nWhere the choppers kidnap the night and police silence your rights;\nStare at the sky, wonder will you live to see twenty-five?\nI'm twenty-two, at twenty I knew I was against the odds;\nThis kid named Jonathan was monitoring\nHis momma and sister, his older cousin, he honoured him;\nAnonymous bodies on his burner was astonishing\nTo Johnny, he might've been\nA modern day rider then\nHe walking outside again, he see the lifestyle of an active member\nPull out a MAC-11 now his eyes is big\nFascinated by mayhem, what's his cousin to say now?\nHe wanna be from the hood that he's from and that's one\nMore gangster under the family tree, took 'em under his wings like KFC\nCrip crazy, rocking matching T-shirts that says \"The hood made me\"\nNo love, just spread slugs, that's the policy, the leader and the prodigy;\nNow shorty doo-wop, holding a oowop, hanging with rah-rahs\nWith blah-blahs that sit on the block catching fades and licks\nGoing on missions with lunatics, a ninth-grade menace\nThugging for six months, smoking like six blunts an hour;\nThe power of banging, he was walking from...(gunshots)\nLittle Johnny\n\n[Outro: Voice of Malcolm X and (Kendrick Lamar)]\n\nI think you'll find, sir, that there will come a time\nWhen black people wake up and become intellectually independent enough\nTo think for themselves as other humans are intellectually independent enough to think for themselves\nThen the black man will think like a black man and he will feel for other black people\nAnd this new thinking and feeling will cause black people to stick together\nAnd then at that point you will have a situation\nWhere when you attack one black man, you are attacking all black men\nAnd this type of black thinking will cause all black people to stick together\nAnd this type of thinking also will bring an end to the brutality inflicted upon black people by (black people)\nAnd it is the only thing that will bring an end to it\nNo federal court, state court or city court will bring an end to it\nIt's something that the black man has to bring an end to", "image": "https://images.genius.com/25d8a9c93ab97e9e6d5d1d9d36e64a53.1000x1000x1.jpg"}], "artist": "Kendrick Lamar"}