{"songs": [{"title": "Bring The Pain Freestyle (On Cosmic Kev Show)", "album": null, "year": null, "lyrics": "[Verse 1: Kendrick Lamar]\nSwallow your pride and then eat a dick\nMake the rulers apologize, you ain't ruling shit\nI'm Rick Rubin in '85 with the beard thick\nThick bitch type peruvian slanted eyes that squinch\nI tell you that I'm one up\nSun down, or sun up\nSon, I son niggas\nI probably fucked your mama\nWith no condom\nThat's good pussy, pussy\nTell it to your honor\nThis trauma is Jeffery Dahmer\nIt took me too many moons to fuck up this new platoon\nGet ambushed or kick pushed with push brooms\nMan look, your man look like sweet water\nCornbread that break under pressure when he's caught up\nThey call me said I gotta crawl before I walk\nAnd if I ran my mouth then my legs would get cut off\nI'm just a young boss in the batcave\nBack against the wall\nI came back with them back pains\n\n[Verse 2: Kendrick Lamar]\nTell 'em put my name on a gym ball\nLike I'm Derrick Rose\nHo, know my gym\nAnd players not allowed\nI'm spiking your game towel\nAnd spiking your Gatorade with gasoline I'm foul\nI'm in the crowd like Artest and them\nI move the crowd like Artest and them\nPunchlines mean I really go and punch civilians\nCrunch time mean I take it to the hole\nNot a basket, but rather this good pussy that I'm in\nI assassin you niggas\nI make your weight shape thin\nBlank tapes in your deck\nYou can still break they necks\nThey hear it, you need clearance from the label just to spin\nI need to clear it with the bank just to spend\nClub appearance go for twenty-five racks\nWhen you getting it like that, shit, it gotta be a sin\nSo Lord forgive me yes I'm a sinner\nBut these hoes is with me cause I'm a winner\nBack when we ate canned food for dinner\nI coached fools to protools to make my agenda\nI'm tofu, Im nasty like tofu\nI wish a motherfucker would\nGet your whole career injured\nNigga, that's assault with a deadly weapon\nI killed your favorite rapper\nFavorite rapper last record\nI fucked your favorite actress on the matress\nWhat a blessing\nMake that pussy ante up\nShe call my dick antidepressant\nI'm really not impressed with\nNone of you niggas stressing\nThat some of you niggas blessed with\nThe gift to carry the presence\nPicking popping\nI'm popping big shit with label investments\nFifteen minutes go for fifty seconds\nLast night, I spent twelve hours inside a session\nCame up with shit, writer's block\nNiggas up in this dressing like\n\"Who the fuck cares? Who the fuck cares?\"\nEven when you Slumdog, you'll still be a millionaire\nNigga playing Santa Claus will make sure you hold deer\nHave him first put that bitch in a hearse while Rock steer\nChurch to you pussies\nYou push me, get pap smeered\nBurst out your cookie\nI read it, my fortune is here\n\n[Verse 3: Kendrick Lamar]\nLook, this be that shit that make real niggas grab they dicks\nAnd bitches rubbing on they tits\nUntil they fingers monkey wrenched\nMonkey see what monkey do\nYou monkeys never make no sense\nJump up a tree, shit on you\nShitting bricks that can build a castle\nNo hastle when breaking your picket fence\nKnow pterodactyls that still exist\nAnd clap you if you resist\nCooperate, go home and seen they daughters copulate\nAnd you at risk\nYou wear a bracelet, we want your wrist\nYou can taste it from planet Pluto\nDoggone it, you panic just like a poodle\nRip out your culo, then kudos\nTwo Door regal, El Caminos, and two more\nCause I [???]\nWipe it off on my shoe, ho\nBefore you [???] your Menthol\nMeant to get smoked then sent off\nTo Jamaica\nNo trace of a Laker with Toni Kukoc\nMeans ain't no hood\nHopping California JACO\nWatching Snoop's latest prince get down\nBitch, start popping fireworks\nK. Dot", "image": "https://images.genius.com/25d8a9c93ab97e9e6d5d1d9d36e64a53.1000x1000x1.jpg"}], "artist": "Kendrick Lamar"}