{"songs": [{"title": "Best Rapper Under 25", "album": "C4", "year": "2009-01-30", "lyrics": "[Produced by Maestro]\n\n[Intro]\nWeezy wassup with it bruddah?\nTell Maestro I need to fuck over his beat real quick\nHear me?\n\n[Hook]\nI'm the best rapper under 25, 24 inches on my ride\nBall like 23 and I shot my first .22 when I was 9\n\n[Verse 1]\nThat's no lie, ho\nRappers out they mothafucking minds so I gotta go\nPsycho on these niggas, call me Norman Bates with a poker face\nGot the banger in my hand and I'm out to poke your face\n.38 Special, grab it, let him have it, where the safe, we hungry\nHousing authority saved my Section 8\nMy section be on the west side of Compton Cali, champ\nWhere the killers posted on the corner like a letter stamp\nLet a rapper tell me I ain't better than whoever's out\nI'mma knock 'em out his Force 1's once I air 'em out\nAir jets flying 'cross the atlas, I made it momma, made a promise\nMarried to hip hop, and the maid of honor gonna be R&B\nI'm fucking her too, so please hand me my condoms\nWhere the honeymoon in the mother fucking booth\nYou're fucking right, I'm the fucking truth\nI put my hand on the bible\nSwear to god if I lie, then I'll probably die tomorrow\nTell my momma don't feel sorrow cause her son was a gunner\nThey found my corpse with a rapper's head in my stomach\nI'm right here, I ain't running even if the Iraqis w-was in back of me\nBack against the wall I'm clapping them rapidly y'all\nWould never stop what you can't see\nIt's like a red light when driving with Stevie\nWonder if you can understand or withstand the blast of my wrath\nI steer the game with both hands while you crash\nLike Earnhardt my heart to the fallen soldiers\nYou can either ride, or get rolled over\nSleeping on me, I put you in a coma\nSo please chill out before you meet the coldest\nStarving every day, see my face where the bowl is\nBowl on my face, I walk while my mouth hold it\n\n[Hook]\nHold it\nI'm the best rapper under 25, 24 inches on my ride\nBall like 23 and I shot my first .22 when I was 9\n\n[Verse 2]\n21 gun salute\nAnd my soldiers killed 20 of your troops at a time\nAnd I got about nine teens on the corner fucking with marijuana\nJive and heard about 18 rappers say that a bird can go for 17.5\nMotherfuck that my sweet 16's be equivalent to about 15 pie\nI was 14 when I wrote a rhyme\nAll I seen was 13 ghosts every time I wrote a crazy line\nAll these 12 bars in my verses, that's what Notorious and Pac arrived\nGod dammit I spit just like a Mac 11 every time\nI drop jewels, you drop dimes, you pretending to be like mine\nI intend to put about 10 of you rappers on channel 9\nStraight up, fuck around and get ate up\nCut 'em up in 7 ways, funeral carried by 6 in 5 days you'll know I go for\nMoney when I sink my teeth in Carter III beats\nTo you from me, my son the victory is mine, I won\nI'm the one\nThe beat was the pussy\nAnd I cum, hard", "image": "https://images.genius.com/8b626036c563b0aefa7a5b83f1fb9302.750x750x1.jpg"}], "artist": "Kendrick Lamar"}