{"songs": [{"title": "Your Honor", "album": null, "year": null, "lyrics": "[Verse 1]\nOakland and 2Pac\nI move oak, you see, I'm nothin' like [inaudible]\nThinkin' they hot cause they homies said they was a few times\nWhich is too many times of lyin' to you, they tellin' a lie\nThe only time I lie in the booth is when I sleep in it\nRecord twenty-four hours, these niggas better get they bars up\nI bench press this rap stuff\nGot it locked like handcuffs, I threw away the key\nMy cool is on, she love my AC\nMy jewels is on and I wish one of y'all'd try ride me\nI shoot and have you land between the sheets with the Isleys\nWe push the coupe like a [inaudible]\nThe helicopter's comin', realize there's nothin' behind us\nBehind me, Your Honor\nI fuck over these beats with no condom\nThis ain't rap, it's really a porno, rewind it back\n[Inaudible], it's back to definin' a loss, correct, they don't obey\nY'all ain't nice, nigga, y'all just okay\nYeah, they're more than a little [inaudible]\nI'm Mike Jordan in his prime, modern-day Isaac Hayes\n[Inaudible] equivalent to the theme song of your career\nStudy my craft, you ignorant\nI do it without a pen and a pad, just inspiration\nSomethin' y'all never had\nIf my pockets is somethin' you tryin' to grab\nSee, I pulled out the rocket and peel you back like scab\nYou old news, old dudes, get out my way\nLet the young boy come through, don't mention my age\nShit, I'm on a mission for pay\nAnd you astronaut niggas just crowd in my space\nLook, you're not in my atmosphere\nYou can act like you're here\nBut actually you ain't accurate fuckin' with this music biz\nThe industry like, 'Fuck it, let the music be his'\nNo theme park, I'm not tryin' to amuse you kids\nSmall shark, Jaws is here, jump in the water\nDo we really fuck with President Carter?\nMy reply's that I can't stay away from the bosses\nGot the biddin' war poppin' like a auction\nFive or ten labels like, 'What he hatin' for?'\nExcept the zeros and more\nRemember havin' Aftermath sittin' on my door\nMoney in front of me, I couldn't open the door\n\n[Verse 2]\nI'm so far ahead of my time\nI got people five years from now pressin' rewind\nI'm hardly impressed with y'all\nI hate rappers, where the true artists at?\nIf it ain't a good picture you draw, don't bring it to the architect\nOften y'all arguin' about who got next\nClaimin' y'all runnin' the game, niggas is barely walkin' yet\nHoppin' all over beats without going through trainin' camp\nTry studyin' a few greats, then maybe you'll be where I'm at\nYour songwritin' ain't great, your mixtapes' medioc'\nYou recycle the same quotes, you're not switchin' your flow\nYour flow in the same place\nDon't just [inaudible], expand\nTry to be more creative, perhaps\nMy rap friends, I ain't sayin' that you wack, psych\nLike a invoice, I'm just statin' the facts, right?\nYou'd have to count the metaphors I write\nIn fact, you've been a factor you've feared your whole life\nNo TV show, don't compare me with them\nThat's like Jaws versus Nemo, a gorilla to a chimp\nA Jordan versus Kuko\u010d\nA Tony Montana with blow in his nose to a Nino", "image": "https://images.rapgenius.com/e4e53b7f03232ca6164f65a599807578.1000x1000x1.jpg"}], "artist": "Kendrick Lamar"}