{"songs": [{"title": "Still Hustlin'", "album": "C4", "year": "2009-01-30", "lyrics": "[Verse 1: Kendrick Lamar]\nSittin in the hooptie, looking for a groupie\nBitch I'm K-Dot, act like you knew me\nGot me fucked up me don't pay for no booty\nYou looking for a prize, bitch I'm not no fool G\nI'm hot like Cooly, sicker than the cooties\nI got all the juice, you something like a Poomby\nI'm soon to be the greatest for the ages of the young\nWatch the game like a raven, craving rappers till I'm numb\nNovacane can contain the pain that I brung\nBitch I shine like a microscope bouncing off the sun\nWords bouncing off my tongue like a damn trampoline\nHoes manicure him enough the bottom of my jeans so I kick him off\nGot haters pissed off, used to have no bank\nLook at my account, you see O's like Rick Ross\nI drift off to the moon, martian\nUse the Big Dipper as a teaspoon\nParking my UFO somewhere that you don't know\nWelcome to the C4\nYou see one you see four\nBombs in my peak hold\nBombs over Baghdad, son you niggas\nYou can never say I was a bad dad\nRun you nigga like a marathon\nThis is when Vietnam meets the Babylon\nBring it to yo front porch, tanks on your grass lines\nI'm Mike Jordan his prime, jumping from the foul line\nIn order to see the king you gotta swim through the ponds\n\n[Hook: Ab-soul]\nStarted out hustlin' (and I'm still hustlin')\nBitch I'm on my grind like I ain't made nothing\nAnd to tell the truth, I ain't made nothing\nStarted out hustlin' (and I'm still hustlin')\nStarted out hustlin' (and I'm still hustlin')\nStarted out hustlin' (bitch I'm still hustlin')\nBitch I'm on the grind like I ain't made nothing\n\n[Verse 2: Jay Rock]\nK. Dot start it up\nYou hear my engine bitch\nPussy wet paint sweeter than some licorice\nI'm like the homie Nas, I'm on some nigga shit\nMore chains more whips hell yeah I'm living rich\nWe chewing MC's, like some licorice\nDisrespect, get that ass smoked like a cigarette\nAnd I'm the realest yes, keep these bitches wet\nAnd we don't give em chips, we just give em dick\nGot guns on me, cause them niggas hate\nBetter have insurance, cause I'm giving wakes\nI ain't lifting weights, I lift them .38s\n9s, .45s, big choppas aiming at yo face\nHa ha\n\n[Hook]\nStarted out hustlin' (and I'm still hustlin')\nBitch I'm on my grind like I ain't made nothing\nAnd to tell the truth, I ain't made nothing\nStarted out hustlin' (and I'm still hustlin')\nStarted out hustlin' (and I'm still hustlin')\nStarted out hustlin' (bitch I'm still hustlin')\nBitch I'm on the grind like I ain't made nothing\n\n[Verse 3: Ab-Soul]\nPaint bubblicious, just a lil rusty\nIt's Friday, been on the donut since Monday, highway\nHow I touch sky like Kanye, kill em\nBlack Ali boombayah killa\nSWAT meet shopping, till I not need nothing\nRan between the legs of a naughty women\nSay it ain't so soul, say it ain't say\nI ain't fucking with you like Nazi public\nFuck em, fuck it, slide in the bucket\nYou rolling on adults I'm sitting on the team summit\nT-pain on, back steat fucking puffing la la la like a Lil Wayne song\nAnd why would I lie like a nigga in denial?\nWhen I can tell the truth and be free like style\nTop notch TV don't touch that dial\nUnless you finna wash up, you niggas better watch us\n\n[Hook]\nStarted out hustlin' (and I'm still hustlin')\nBitch I'm on my grind like I ain't made nothing\nAnd to tell the truth, I ain't made nothing\nStarted out hustlin' (and I'm still hustlin')\nStarted out hustlin' (and I'm still hustlin')\nStarted out hustlin' (bitch I'm still hustlin')\nBitch I'm on the grind like I ain't made nothing", "image": "https://images.genius.com/8b626036c563b0aefa7a5b83f1fb9302.750x750x1.jpg"}], "artist": "Kendrick Lamar"}