{"songs": [{"title": "I Am (Interlude)", "album": "The Kendrick Lamar - EP", "year": "2009-12-31", "lyrics": "[Kendrick Lamar]\nSee y'all don't understand me\nMy plan B is to win ya hearts before I win a Grammy\nKendrick Lamar, words like a sword in the hands of a Spartan\nMarching on Rosecrans in Compton\nYou can't cause conflict or corrupt my spirit\nI'm on point like period\nI've been there and gone before you get near it\nOoh wee, that boy remind me of a young Martin Luther\nThe way he piece up troopers, then round up shooters\nLike Malcolm X did, I stand for what I believe in\nFamily, God and honor\nFrom Chicago, my daddy and my momma\nCame to Compton to accomplish one thing\nRaise a king, reign supreme, named Kendrick\nI ain't lying, it stand for king and I am one\nMy unborn son and grandson will live royal\nFrom the coochie to the soil\nThe meek shall inherit the Earth\nWell I've had this world since birth\nFeel the good kid's hunger\nThe Crips made strong, the Pirus made stronger\nMuscle in my heart\nStare at the eyes of Mozart, then tell him I'm the genius\nDo my dougie and grab my penis\nCause I means this with all my soul\nAnd you can't control greatness 'less you hating with the heart of Satan\nBut even that can't stop it\nNigga, get out my wallet and put passion in your logic\nPassion in your life, the passion of my Christ is in me\nAnd if you say it ain't, you may offend me\nDamn that boy good\nBright as Thomas Edison, but Gucci man hood\nHe stood alone for so long\nProlonged his whole career, but now he's here\nYou can shoot shots or cheer cause I... am", "image": "https://images.genius.com/de49545ec6453e829bb3ff6d34d088db.1000x1000x1.jpg"}], "artist": "Kendrick Lamar"}