{"songs": [{"title": "For The Girlfriends", "album": null, "year": null, "lyrics": "Abazaba\n\nYou know we get in the studio and do what we do best\nYou know\nBeautiful shit\nBut this time around I wanna do something different homeboy\nYou feel me my nig\nHop on them keys real quick my nig\n\n(Hook)\nPlay some shit that my girlfriend'll like\nI ain't tryna entertain these other hoes tonight\nPlay some shit that my girlfriend'll like\nYea hahaha yea\nThis shit my girlfriend'll like\nI ain't tryna entertain these other hoes tonight\nI'm playing shit that my girlfriend'll like\n\n(Verse 1: Kendrick)\nCheck me out\nShe say she love it when it sounds like this\nShe tell me Kendrick put it down like this\nWhen I listen I wanna close my eyes\nAnd feel your lips\nLet your lyrics wrap around me and grab my hips\nSo enticing\nOn point like the helmet of a Viking\nKicking up dust like I'm hiking\nI ain't calling a woman a bitch on this one\nI be calling my woman so I could get some\nShe fresh off work and Lord knows it was hard\nShe take off her shirt and Lord knows that I'm hard\nComposing myself, tryna remain content\nShe had a long day and plus I know she wanna vent\nNow she could talk about her boss and I can give advice\nOr she could take the panties off and I could eat the (PIE PIE)\nFuck that, option number deuce\nOn the kitchen table while I play this tune\nYou know why?\n\nThis shit my girlfriend'll like\nI ain't tryna entertain these other hoes tonight\nI'm Playing shit my girlfriend'll like\nHahaha yea\nThis shit my girlfriend'll like\nI ain't tryna entertain these other hoes tonight\nAba, this shit my girlfriend'll like my nigga\n\nLook\n\n(Verse 2: Kendrick)\nWe be in the car, bumpin' my latest jam\nI recorded at the studio around 10 p.m\nIt's a club banger\nCatchy hooks and 808's\nI even threw a bridge on it just to play it safe\nThe first 8 bars, she's lovin' the track\nEven rewinding it back\nSoon as the beat drop\nThe way she react she like \"That's Hot\"\n'Til I start talkin' bout how many hoes I got\nHow many I fucked\nHow many I've misled just to get a nut\nLike a squirrel, in pursuit of lunch\nUh\nThough I'm on some clich\u00e9 rapper shit\nI know she thinking are my lyrics that accurate\nShe's so cool doe\nDon't downplay her just to fuck up the mood yo\nShe'll still play it even though I sound rude yo\nAnd disregards to the provocative records\nOne thing that I do know\n\nThis something my girlfriend'll like\nI ain't tryna entertain them other hoes tonight\nI'm playing something that my girlfriend'll like\nTold you that my girlfriend'll like\nOther hoes tonight\nSoul\n\n(Verse 3: Ab-Soul)\nThis something my girlfriend'll like too\nKendrick I got you\n\nThis a great idea\nThis'll be my girlfriend's joint right here\nSo I'mma kick the shit she like\nIt seem right\nLike a pair of jeans that fit tight\nAround her cute booty\nI like to hold her from behind in line\nAt the movies\nHer body language gets read\nLike a ruby\nCause she a work-a-art\nNo help from Julie\nI'mma beast and she such a beauty\nI love her, she know that, I place no one above her\nFar from an arc, but best undercover\nKodak moment every time we in sync\nLike a iPod plugged to a USB\nIt's just you and me\nI mean me and her\nI mean her and I\nIt's plain to see, affirmative\nSo if you ever need me\nYou know where Herbert is\nOn her mind\nLike she on mine\nUh\nPlay some shit my girlfriend'll like\nCause I ain't tryna entertain them other hoes tonight\nShe do music too, this shit my girlfriend'll write\nIf she was me talking bout her\nDJ\n\nPlay some shit that my girlfriend'll like\nI ain't tryna entertain them other hoes tonight\nI wrote some shit that my girlfriend'll like\nNow I'm sho' to get some cuddy", "image": "https://images.genius.com/25d8a9c93ab97e9e6d5d1d9d36e64a53.1000x1000x1.jpg"}], "artist": "Kendrick Lamar"}