{"songs": [{"title": "Welcome to C4", "album": "C4", "year": "2009-01-30", "lyrics": "[Verse 1: Ab-Soul]\nI can't be stopped\nIt's payday and I'm in the candy drop\nSo for real, Candy Rain flooding your spot\nFirestone tires hot, burning the block\nFor pete's sake I'm a heatwave melting your dot\nMy ship sail, so I should move units and quick\nThe whip trail like a mixed, variation of chips\nSo when I dip, it's kinda ironic\nAnd all I do is hotbox Hydro, call it a carpool\nI'm from the west, where the Tec's is drawn like Cartoon Network\nWetshirt, a marksman will become my ex expert\nWelcome to school fools, don't get an F for effort\nTop Dawg money gang, winter fresh, sunny chain\nBad bitches\nAngry paper, got mad riches\nWho the fuck you think you're up against? Come again?\nShades darker than the bitch, but I see you niggas\nAnd I, see you niggas, wouldn't wanna be you niggas\n\n[Hook: Kendrick Lamar]\nWelcome to the C4\nI got the bombs and the rental\nMeet me on Central, and Rosecrans\nGoddamn, I'm the man, for life\nThe left coast, bitch get it right\nWelcome to the C4, got the bombs and the rental\n\n[Verse 2: Jay Rock]\nIt's Top Dawg\nThey call me Rock, boy\nShit I came a long way from selling rocks, boy\n'Bout my cash money, you can call me hot boy\nI throw shots, guns clap, like an encore\nB's up, hoes down, that's right blood\nCan't be street sweepers, get your ass mopped up\nDamn, I'm in a 2008 something\nSitting on chrome buttons, nigga no bluffing\nHit a club, all eyes on my neck\nGot $20,000 worth of diamonds on my chest, nigga\nFuck VIP, I'm on the floor chunking up my sets\nTwisting fingers with my niggas, blowing swishers, sipping liquor, 'till I'm pissy, fucking bitches, it's so easy\nGet the name, tell them the telly nothing but pipe in their belly\n.380 keep it on my waist like a celly\nK.Dot 'bout to bomb on you niggas, get ready motherfucker\n\n[Hook]\n\n[Verse 3: ScHoolboy Q]\nI keep a big loaf of the toast, be careful when the toaster pop (Q)\nHashbrowns and all, shooting out tater tots\nAround 8 o'clock I let it go for 8 a pop\nTaking off wigs like I'm working at a beauty shop\nI'm getting money, most success what I'm achieving\nBeing broke is childish and most of these rappers teething\nStill whipping the stick-shift, bottles pop, big sips\nGreen hash in the back, something to make my heart skip (damn)\nYou ain't seen a dresser that's fresher and keep it ghetto\nHad a gat utter, sing to you; Reuben Studdard\nSee my team rougher, y'all fat; cream puffer\nYour broad serve the whole squad, call her clique fucker\nStart to thinking that I'm the best, just sort of speaking\nMore than decent, and fucking something that's Puerto Rican\nI'm cool as ever, not concerned about the weather\nGetting every dollar, I'm steady stacking my cheddar\nHard as ever, y'all cats soft as a feather\nSuper clever, outdoing me? Nigga never\nTry to fuck me out my cash, dawg I'm no pussy\nGot big cajones, my nigga you can't douche me\nLook, hard as a rock, look, yo I'm hard to smash\nNew in-dash, bump loud, speakers blast\nHeard a couple of your songs, your whole shit was trash\nFucking over the game, your whole squad is ass\n\n[Hook]\n\n[Verse 4: BO]\nYeah, I tell 'em, I tell 'em, bang, bow, pop the man shit\nAs a young whippersnapper, been toting guns in my pants\nNiggas bitches, niggas snitching, yeah they taking the stand\nCause a nigga on the block moves a couple of grand\nComing in wild, with 32 guns, and 10 guys, 3 Puerto Rican bitches, and a couple of 9s\nShit, BO never stopping, cause the flow is a headache, and my swag is a Oxycotin\nIt's Top Dawg money gang, 20 grand verte chain\nBentley GT, 3 pieces, nigga fuck a raise\nHustle like I'm broke man, advise you to do the same\nNigga rob me? Better knock it off man\nShit, these niggas teddy bear soft\nThey pull up to new coupe, watch me fucking knock their top off\nBone marrow falling off, Mr. Swag dance, still lean, to the left, when they taking my pants\nTry to play this MC like he was light, cause you can get it worse than Harold did at that red light\nPimping 24/7 like the day to the night\nNow you mad cause your girlfriend giving head right\n\n[Hook]\n\n[Verse 5: Kendrick Lamar]\nMoving through the block like a centipede\nNo rooftop, who hot? I'mma show them where the antifreeze\nI hit the dealership, and tell them hand me keys, like a grand pianist\nDamage anything said, then landing on top of your bitch, oops I tripped\nI'm clumsy like Michelle Williams, or Jaleel White\nI feel like a Predator, and none of you Danny Glovers are ready for, Alien tactics\nThe god is back, they're on their knees praying like a mantis\nAs I perform like Santa Clause\nPause TVs in the Phantom\nBitches on my left and my right like I pant them\nDancing on the coast, emerging from the smoke\nPimping in my blood, tell doc to check my pulse\nThey knew that was K.Dot the gemini, with another cut like a Samurai\nAnything else is uncivilized\nFucker", "image": "https://images.genius.com/8b626036c563b0aefa7a5b83f1fb9302.750x750x1.jpg"}], "artist": "Kendrick Lamar"}