{"songs": [{"title": "The Spiteful Chant", "album": "Section.80", "year": "2011-07-02", "lyrics": "[Produced by Sounwave]\n\n[Bridge: Kendrick Lamar]\nI know a lot of people that smile in my face\nBut talk behind my back every time I'm gone\nSo when they call my number, I don't never pick up\nI don't owe you shit, bitch, leave me alone\nI'm going big, suck my dick\nI'm going big, suck my dick\nI'm going big, suck my dick\nI'm going big, suck my dick\n\n[Hook: Kendrick Lamar]\nToo many niggas, not enough hoes\nAnd some of you niggas, acting like hoes\nStay to myself like loners do\nGet high by myself, I'm not in the mood\nTo politic or be fake with you\nWe apologize if you ever knew\nToo many niggas, and not enough hoes\nAnd most of you niggas, acting like hoes\n\n[Verse 1: Kendrick Lamar]\nEverything I do is too alumni\nI'mma take my time, I'mma master it\nYou should be mindful of a mastermind\nPut a landmine right where your momma live\nNow blow up, blow up, hold up, I ain't seen your kind before\nSee me as a dollar sign 'til I resign or you report\nThat I done you wrong, and I mean you know my home endeavors\nNigga right now, it's now or never\nNigga right now, I'm high as ever, but however...\n\n[Bridge: Kendrick Lamar]\nI know a lot of people that smile in my face\nBut talk behind my back every time I'm gone\nSo when they call my number, I don't never pick up\nI don't owe you shit, bitch, leave me alone\nI'm going big, suck my dick\nI'm going big, suck my dick\nI'm going big, suck my dick\nI'm going big, suck my dick\n\n[Hook: Kendrick Lamar]\nToo many niggas, not enough hoes\nAnd some of you niggas, acting like hoes\nStay to myself like loners do\nGet high by myself, I'm not in the mood\nTo politic or be fake with you\nWe apologize if you ever knew\nToo many niggas, and not enough hoes\nAnd most of you niggas, acting like hoes\n\n[Verse 2: Kendrick Lamar]\nEverybody heard that I fuck with Dre\nAnd they wanna tell me, I made it\nNigga I ain't made shit, if he gave me a handout\nI'mma take his wrist and break it\nNigga, I'm faded off of that Nuvo, chilling with two hoes in here\nAnd they tie my laces, living the Matrix as them pills disappear\nMe and my niggas just acting bad HiiiPower conglomerate\nLiving that life and counting this cash old friends I no longer have\n\n[Bridge: Kendrick Lamar]\nI know a lot of people that smile in my face\nBut talk behind my back every time I'm gone\nSo when they call my number, I don't never pick up\nI don't owe you shit, bitch, leave me alone\nI'm going big, suck my dick\nI'm going big, suck my dick\n\n[Hook: Kendrick Lamar]\nToo many niggas, not enough hoes\nAnd some of you niggas, acting like hoes\n\n[Verse 3: ScHoolboy Q & (Kendrick Lamar)]\nI remember when I came out and shit\nMan, it's been so long since they see my dick\nProbably been five months since I seen my seed\nGoddammit, K. Dot, when it come to this?\nWhen I was sleeping on couches\nNigga couldn't get a call, just a Glock for my vouch\nNigga I was mothafuckin' out, yeah\nWith the flashing lights had me stuck like reindeer\nWhen I should have been making bank, yeah\nI was somewhere stuck where the flame is\nMothafucka, see how far that I came here\nWent broke and I came up in the same year (Can I get a hell yeah?)\nDrop my tear, hold my joy (Show my pride)\n(Music saved my fucking life, I'm doing right and you left behind)\n(Feel my pain, now I'm styling, Herm\u00e8s shit, I spent a thousand)\n(Different homes, different islands)\nDropped my mixtape and it sold like an album\n\n[Bridge: Kendrick Lamar]\nReason why I'm be going big, bitch, suck my dick\nYeah, I'm going big, bitch, suck my dick\nTell 'em I'm going big, bitch, suck my dick\nYeah, I'm going big, bitch, suck my dick (Yeah!)\n\n[Hook: Kendrick Lamar]\nToo many niggas, not enough hoes\nAnd some of you niggas, acting like hoes\nStay to myself like loners do\nGet high by myself, I'm not in the mood\nTo politic or be fake with you\nWe apologize if you ever knew\nToo many niggas, and not enough hoes\nAnd most of you niggas, acting like hoes\n\n[Outro: Alori Joh]\nLike hoes, like hoes, like hoes, like hoes\nLike hoes, nigga actin like a hoe\nLike hoes, like hoes, like hoes\nYou actin like a hoe, you actin like a hoe\nYou actin like a hoe, niggas actin like a hoe\nLike hoes, like hoes, like hoes, like hoes", "image": "https://images.genius.com/1f3cde1d04f886d4d4eb88a2c26a4e4d.1000x1000x1.jpg"}], "artist": "Kendrick Lamar"}