{"songs": [{"title": "Imma G", "album": "Training Day", "year": "2005-06-01", "lyrics": "[Verse 1]\nThis is for my mothafucking Compton babies\nAnd all the wild blocks that drove us crazy\nDominguez Hospital born\nNiggas dying fast no life insurance\nBlack ski mask green leaf body bag liquor poured\nSo much 40 oz poured it's like the curb's made of gold on the ave\nBullets got no names on it so if a girl get hit the response of it was like our bad\n\n[Verse 2]\nThat's the mind of state, rap niggas meet your fate\nSay hello to the hip hop's Norman Bates\nI ain't even burn 'em yet\nDave Chapelle these niggas are half baked\nWell done when the second first come\nI have an acquired taste\nI will not let not one MC go to waste\nI will eat all day\nI will not, cannot lose, comfortable at the top\nI'm sittin' down my legs  are crossed like i had (?) shoes\n\n[Verse 3]\nI tell dude, i ain't worried about these rap dudes\nThey're not in my league, the West coast is me\nI'm, sub-zero, I put your career on freeze\nI put it on Hov like I had (Calvin Jeans)?\nI'm nightmare on Elm Street, come right through your dreams and\nDelete you like an unwanted movie scene\nSay hello to the team, ain't ya?\nYou're scared ain't ya?\nThe world is anxious for my LP\nGet pop grades, i get an A-plus, you get a D\nFucking failure!", "image": "https://images.genius.com/0d736130ef89ba0b866b3b01fad325c1.500x500x1.jpg"}], "artist": "Kendrick Lamar"}