{"songs": [{"title": "Real", "album": "good kid, m.A.A.d city (Deluxe Version)", "year": "2012-10-22", "lyrics": "[Produced by Terrace Martin]\n\n[Hook]\nI do what I wanna do\nI say what I wanna say\nWhen I feel, and I\nLook in the mirror and know I'm there\nWith my hands in the air\nI'm proud to say yeah\nI'm real, I'm real, I'm really, really, real\nI'm real, I'm real, I'm really, really, real\nI'm real, I'm real, I'm really, really, real\nI'm real, I'm real, I'm really, really, real\n\n[Verse 1]\nI promise that I know you very well\nYour eyes never lie, even if they tell\nSweet lullabies that come with a smell\nOf a dozen roses flipping down the green hill\nYou're living in a world that come with plan B\nCause plan A never relay a guarantee\nAnd plan C never could say just what it was\nAnd your plans only can pan around love\nYou love him, you love them, you love her\nYou love so much, you love when love hurts\nYou love red bottom and gold that say \"Queen\"\nYou love hand-bag on the waist of your jean\nYou love French tip and trip that pay for\nYou love bank slip that tell you we paid more\nYou love a good hand whenever the card dealt\nBut what love got to do with it when you don't love yourself?\n\n[Chorus]\nI do what I wanna do\nI say what I wanna say, when I feel, and I\nLook in the mirror and know I'm there\nWith my hands in the air, I'm proud to say yeah\nI'm real, I'm real, I'm really, really, real\nI'm real, I'm real, I'm really, really, real\nI'm real, I'm real, I'm really, really, real\nI'm real, I'm real, (cause before you know it, everything's gone)\n\n[Verse 2]\nI promise that I know you very well\nYour eyes never lie, even if they fell\nOut the sky and your optics turn stale\nWhere they mold that's green, I can see you fit the bill\nOf living in a world that come with plan B\nCause plan A only can make another mistake\nAnd you can't see success coming from plan C\nWhen it all breaks, you'll still say you're lovely\nAnd love them and love when you love her\nYou love so much, you love when love hurts\nYou love fast cars and dead presidents old\nYou love fast women, you love keepin' control\nOf everything that you love, you love beef\nYou love streets, you love running, ducking police\nYou love your hood, might even love it to death\nBut what love got to do with it when you don't love yourself?\n\n[Hook]\nI do what I wanna do\nI say what I wanna say, when I feel, and I\nLook in the mirror and know I'm there\nWith my hands in the air, I'm proud to say yeah\nI'm real, I'm real, I'm really, really, real\nI'm real, I'm real, I'm really, really, real\nI'm real, I'm real, I'm really, really, real\nI'm real, I'm real (cause before you know it, everything's gone)\n\n[Verse 3]\nThe reason why I know you very well\nCause we have the same eyes, can't you tell?\nThe days I tried to cover up and conceal\nMy pride, it only made it harder for me to deal\nWhen living in a world that come with plan B\nA scapegoat cause plan A don't come free\nAnd plan C just an excuse like \"because\"\nOr the word \"but,\" but what if I got love?\nI love them, I love when I love her\nI love so much, I love when love hurts\nI love first verse \u2019cause you're the girl I attract\nI love second verse \u2019cause you're the homie that pack\nBurner like a stove top, that love cooking from scratch\nI love what the both of you have to offer\nIn fact, I love it so much, I don't love anything else\nBut what love got to do with it when I don't love myself\nTo the point I should hate everything I do love?\nShould I hate living my life inside the club?\nShould I hate her for watching me for that reason?\nShould I hate him for telling me that I'm seizin'?\nShould I hate them for telling me \"ball out\"?\nShould I hate street credibility I'm talkin' about\nHating all money, power, respect in my will\nOr hating the fact none of that shit make me real?\n\n[Skit: Kenny Duckworth]\nKenny, I ain't trippin' off them dominoes anymore. Just calling, sorry to hear what happened to your homeboy, but don't learn the hard way like I did, homie. Any nigga can kill a man, that don't make you a real nigga. Real is responsibility. Real is taking care of your motherfucking family. Real is God, nigga\n\n[Hook]\nI do what I wanna do\nI say what I wanna say, when I feel, and I\nLook in the mirror and know I'm there\nWith my hands in the air, I'm proud to say yeah\nI'm real, I'm real, I'm really, really, real\nI'm real, I'm real, I'm really, really, real\nI'm real, I'm real, I'm really, really, real\nI'm real, I'm real (cause before you know it, everything's gone)\n\n[Skit: Kenny Duckworth and Paula Duckworth]\nAlright, that's all I wanted to tell you. Just make sure you call us back when you get this message. Here go your mom\nBoy, you better have my car on full all this time you done had my damn car, but look I ain't trippin'. Look, the neighbors say they seen you and your little friends over there by Food for Less and they was preaching to you over there telling you about the good book because right about now that's what ya'll need. Oh, and Top Dawg called the house too. I guess they want you and Dave to come to the studio. But look, you take that music business serious, and put out something me and your dad can step to. Shit, you know we from Chicago, you know that's what we do\n\n[Bridge]\nSing my song, it's all for you\nSing my song, it's all for you\nSing my song, it's all for you\nSing my song, it's all for you\nSing my song, it's all for you\nSing my song, it's all for you\nSing my song, it's all for you\nSing my song, it's all for you\nSing my song, it's all for you\nSing my song, it's all for you\nSing my song, it's all for you\nSing my song, it's all for you\nSing my song, it's all for you\nSing my song, it's all for you\nSing my song, it's all for you\nSing my song, it's all for you\n\n[Skit: Paula Duckworth]\n\"If I don't hear from you by tomorrow, I hope you come back and learn from your mistakes. Come back a man, tell your story to these black and brown kids in Compton. Let 'em know you was just like them, but you still rose from that dark place of violence, becoming a positive person. But when you do make it, give back with your words of encouragement, and that's the best way to give back. To your city... And I love you Kendrick, if I don't hear you knocking on the door you know where I usually leave the key. Alright? Talk to you later, bye.\"\n\n(*Sound of a cassette tape being stopped and fast forwarded*)", "image": "https://images.genius.com/f3db37bb8953d6e671d8bb532da2e855.220x220x1.jpg"}], "artist": "Kendrick Lamar"}