{"songs": [{"title": "Vice City (Freestyle)", "album": null, "year": "2016-12-21", "lyrics": "[Intro: Kendrick Lamar]\nHey, hey, hey, hey, hey, hey, hey, hey, hey, hey, hey, hey\nTwo-two, what's the deal homeboy?\nAye\n\n[Verse 1: Kendrick Lamar]\nBig money, big booty bitches, man that shit, we gon' death of me\nYou see me on TV thinking \"oh, TDE got the recipe\"\nI cut, call me K. Dot and this is Jay Rock and y'all rest in peace\nAll the rappers they be talking about, bust right now we gon' IP\nHold up, I said hold up\nYou thinking oh what? You can't talk about it\nIf you want to see us come around and move the crowds out\nBecause we got the loudest\nL.A., we in the streets right here\nNiggas seen God in projects\nEverybody in this crowd right now, go and tell me about that prospect\n\n[Verse 2: Jay Rock]\nFall in this bitch\nLike some good pussy, can't stand myself\nSo good, she so hood\nShe a cheesehead, patty melt\nGED with some EBTs, and some DVDs\nThat shit was happening\nShe reel me in with some chicken wings\nAnd some collard greens, that shit was brackin'\nJust cracked me a new bitch\nBust a new nut on her nigga's jersey\nMy bitch get off at 9 o'clock\nSo I had to shake her 'round 7:30\n105, I'm stomping fast\nWith these big guns, I'm hella dirty\nGet caught with this shit\nI ain't comin' home 'til like 2030", "image": "https://images.genius.com/25d8a9c93ab97e9e6d5d1d9d36e64a53.1000x1000x1.jpg"}], "artist": "Kendrick Lamar"}