{"songs": [{"title": "Track 12", "album": null, "year": "2003-01-01", "lyrics": "[Hook]\nEverybody wanna play that tough guy\n'Til them things come out and them shots fly\nSay your last words homie and it's bye bye\nYou shouldn't have been playin' with me\nEverybody wanna play that tough guy\n'Til them things come out and them shots fly\nSay your last words homie and it's bye bye\nYou shouldn't have been playin' with me\n\n[Verse 1]\nI ain't no killer but don't push me\nThem very words said can resurrect Pac straight from the dead\nAnd it takes a young nigga like me to push the limit\nNo gimmick, this is real homie\nI wake out of my sleep, sweat drippin' off my face and cheek\nI swear to God, death callin' for me\nThat's why I carry a heat, roamin' these streets 'til they come and get me\nCause ninety percent of them are comin' with me\nC4 your car doors and watch your shit blow in a jiffy\nQuick, boom, explode when I empty\nI'm on the edge so please don't tempt me to jump\nI walk around with a pump, just to scatter you punk's heads\nThen go and get some head by that woman you want\nShe does what I says, I says what I does\nCrazy back then, yeah that's what I was\nBut now I'm psycho, mental nigga, holdin' a grudge\nI put a hole in your mug, and let the blood leak out\nUntil it fill up a tub, then put your son in it\nThis is no image, this is ether\nCocaine, reefer, alcohol mixed with it\nThey tried to label your boy as a menace\nPut me in some records, along with Guinness\nI just started, I ain't finished\nChest to your head, until all you motherfuckers diminish\n\n[Bridge]\nI hope y'all ready to ride\nCause it's do or die\nIf not, stay inside\nI hope you ready\nIf not, be quiet\nCause when shots fly\nSomebody will cry\nI hope you ready\nI hope y'all ready to ride\nCause it's do or die\nIf not, stay inside\nI hope you ready\nIf not, be quiet\nCause when shots fly\nSomebody will cry\nI hope you ready", "image": "https://images.genius.com/25d8a9c93ab97e9e6d5d1d9d36e64a53.1000x1000x1.jpg"}], "artist": "Kendrick Lamar"}