{"songs": [{"title": "Another Nigga  (To Pimp a Butterfly)", "album": null, "year": "2015-03-15", "lyrics": "[Excerpt from \"Mortal Man\"]\n\nI remember you was conflicted\nMisusing your influence\nSometimes I did the same\nAbusing my power, full of resentment\nResentment that turned into a deep depression\nFound myself screaming in the hotel room\nI didn\u2019t wanna self destruct\nThe evils of Lucy was all around me\nSo I went running for answers\nUntil I came home\nBut that didn\u2019t stop survivor\u2019s guilt\nGoing back and forth trying to convince myself the stripes I earned\nOr maybe how A-1 my foundation was\nBut while my loved ones was fighting the continuous war back in the city, I was entering a new one\nA war that was based on apartheid and discrimination\nMade me wanna go back to the city and tell the homies what I learned\nThe word was respect\nJust because you wore a different gang color than mine's\nDoesn\u2019t mean I can\u2019t respect you as a black man\nForgetting all the pain and hurt we caused each other in these streets\nIf I respect you, we unify and stop the enemy from killing us\nBut I don\u2019t know, I\u2019m no mortal man, maybe I\u2019m just another nigga", "image": "https://images.genius.com/25d8a9c93ab97e9e6d5d1d9d36e64a53.1000x1000x1.jpg"}], "artist": "Kendrick Lamar"}