{"songs": [{"title": "Sex With Society", "album": null, "year": "2011-06-03", "lyrics": "[Intro]\nThis, this, this\nShould be played at high volume\nPreferably in a residential\n\nLife\u2019s a bitch, life\u2019s a bitch\nBut I\u2019mma keep the pussy wet (Yep)\nI\u2019mma keep the pussy wet (Yep)\nI\u2019mma keep the pussy wet (Yep)\nI\u2019mma keep the pussy wet (Yep)\nMy dick hard, her pussy wet\n\n[Verse 1 - Kendrick Lamar]\nAnd I\u2019m born with my dick in the earth\nYou can tell me how much am I worth\nI\u2019mma die with my heart on my sleeve\nMany die on their hands and their knees\nAnd I\u2019m takin\u2019 whatever I need\nAnd I\u2019m raping the government fees\nAnd you\u2019re wasting your time\nAnd I\u2019m speaking my mind on whatever I think\nAnd I think that I\u2019m Richard Pryor\nWith priors of 32 fiends\nAnd that means that I hear for higher\nTell me why are you starin\u2019 at me?\nMatta fact, man, your eyes is wired\nYou inspired by Kendrick the king\nMaybe it\u2019s \u2019cause I\u2019m living my dream\nMan, I sing what I\u2019m living about\nAnd the words that come out of my mouth\nThey requires a random routine\nOf being organic granite\nThen my access is granted\nTo represent the shit that I conceive\nAnd I guarantee that I\u2019mma bring\nMy mind, body, soul\nAnd I sold all these records off bein\u2019 myself\nAnd I wish you can do the same thing, man\nIt\u2019s easier than a stripper\nOr tyin\u2019 a baby shoestring, you stringing along\nAnd really why you writing a song?\nYour passion for music is never in sync\nNo secret societies guided me to the world of unseen\nAnd they tell me life is a bitch, who gives a shit?\nYou'll get relief\n\nI\u2019mma keep the pussy wet (Yep)\nI\u2019mma keep the pussy wet (Yep)\nMy dick hard, her pussy wet\nI'mma keep the pussy wet (Yep)\n\n(Hi, ho!) I came\n(Bye, ho!) I went\n(Hi, ho!) I came\n(Bye, ho!) I went\n(Hi, ho!) I came\n(Bye, ho!) I went\n(Bitch-bitch-bitch-bitch-bitch-bitch-bitch-bitch-bitch, bitch, bitch, bitch)\n\n[Verse 2 - Kendrick Lamar]\nAnd I see that you envy of me\nEnemigos don\u2019t prosper\nBetter yet, they do die eventually\nIf I\u2019m at the event you will leave\n\u2018Cause you know and I know that\nI go ham even if Muslims is seen\nIn my rearview I\u2019m near you\nBut I don\u2019t hear you, can you at least breathe?\nWith an oxygen mask, and\nThe masses keep saying I\u2019m speaking for them\nAnd if you can imagine my madness\nThen you can see where I\u2019ve been\nAnd the places the Louis has been\nAnd I swear I been doing this when\nYou was in pajamas, watching B-Barney and Friends\nAnd you couldn\u2019t harm me even with ten\nWeapons of your choice riding in\nArmy tanks, you shot blanks\nAnd I shot back, make your duplex bend\nWhat the fuck you think? If I don\u2019t think\nThen I\u2019m right back where the city sin\nWhat the fuck you drink?\nThinking I can\u2019t write these raps in the Lions\u2019 Den\nWhen I hear that you lyin\u2019, then?\nIt\u2019s murder she wrote, ain\u2019t no hope\nYou go downhill, man, where\u2019s your slope?\nGet thrown downhill tied to a rope\nTell the world to put intervals\nMan, I swear this the anecdote\nAnd they tell me that life is a bitch\nWho gives a shit when you know?\n\n[Hook]\n\nAnd I see that you envy of me\nDon\u2019t prosper, better yet, they do die eventually\nCause you know and I know that I go ham even if Muslims is seen\nIn my rearview I\u2019m near you\nBut I don't hear you, can you at least breathe?\n\n(Hi, ho!)\n(Bye, ho!)", "image": "https://images.genius.com/25d8a9c93ab97e9e6d5d1d9d36e64a53.1000x1000x1.jpg"}], "artist": "Kendrick Lamar"}