{"songs": [{"title": "Put That on Something", "album": "Y.H.N.I.C. (Hub City Threat: Minor of the Year)", "year": null, "lyrics": "[Verse 1]\nNow listen my friends, not to offend\nBut this is a story told over again\nSo many niggas tryin' to fuck with the king\nBut the only problem is they can't win\nI gets down my younging\nPlease turn it up just to sound my younging\nI burned it up that's your town my younging\nEither the cake or the trait bound my younging\nThis the brand new trunk\nRattling, B tackling\nBig truck paddling\nDime piece beauty peagant-ing\nPick em up then they (uh) saddling\nThey bus travelling\nK Dot that boy got the crazy flow\nMaybach then 1964\nWith my brim kind of tilted low\nSo fresh oh yes it's me suppose\n\n[Hook]\nI got a house on the hill\nPut that on somethin'\nPut that on somethin' man\nPut that on somethin'\n26 inch rims\nPut that on somethin'\nPut that on somethin' man\nPut that on somethin'\nI got a pocket full of bills\nPut that on somethin'\nPut that on somethin' man\nPut that on somethin'\nI put that on everything I love\nToo bad, too fly, too much\nAnd that's on me\n\n[Verse 2]\nI move quick enough for your eyes won't see\nThat boy hussled up, everything for cheap\nThese chickens tryin to plot on a boy\nSo a nigga gotta move kinda low\n(Low what?) low key\nI put 26 inch rims on the ride\nBig truck fit five chicks at a time\nStones big enough you can go rock climb\nPut that on somethin'\nNah man I was lying\nBut tell me what you know about it (know about it)\nFat camp I can't go without it (go without it)\nThis ain't hot, I truly doubt it\nMapped out the whole game so reroute it\n\u2018Cause look here boo you fucking with a champion\nK Dot the don, moving the blocks you on\nTaking a spot of shawn, I'm on top you're on\nIndustry remember me, cause I so crazy\n\n[Hook]\nI got a house on the hill\nPut that on somethin'\nPut that on somethin' man\nPut that on somethin'\n26 inch rims\nPut that on somethin'\nPut that on somethin' man\nPut that on somethin'\nI got a pocket full of bills\nPut that on somethin'\nPut that on somethin' man\nPut that on somethin'\nI put that on everything I love\nToo bad, too fly, too much\nAnd that's on me\n\n[Verse 3]\nMy mama, my daddy, my gram's grand papi\nThis ain't rappin' nigga, this is a classic\nThis hard work nigga it just didn't happen\n.44 magnum put a nigga in his casket\nK Dot drastic nigga I am a savage\nSo quick to let a motherfucker have it\nAll the girlies like, he so crazy\nI wish daddy could have my baby\nI get with \u2018em they like, he so shady\nThey cry I got it like, he won't pay me\nNot a god damn dime mommy\nThe dividends that's raked in, that's mine mommy\nYou wanna leave then go ahead, it's fine mommy\nK Dot a magnet, to fine mommys\nPlus I ain't hard to find mommy\nStudio, yeah we stays on the grind mommy\n\n[Hook]\nI got a house on the hill\nPut that on somethin'\nPut that on somethin' man\nPut that on somethin'\n26 inch rims\nPut that on somethin'\nPut that on somethin' man\nPut that on somethin'\nI got a pocket full of bills\nPut that on somethin'\nPut that on somethin' man\nPut that on somethin'\nI put that on everything I love\nToo bad, too fly, too much\nAnd that's on me\n\n[Outro]\nAye check this out\nI just copped me that new H1 and H2 and A3\nThat A3 that new [?]\nThat motherfucker sick right there\nI stay in the hills\nThe hollywood hills next to omarion\nI got 26 inch wheels\nI got a pool, inside of a pool, inside of a jacuzzi\nAnd I ain't lying\nMan, I'm not lying\nMy sister got a jacuzzi in her bed, in her pool\nThat's how we living\nThat's on me\nThat's everything I love", "image": "https://images.genius.com/1d86c80235f3ffef2492fec6dac85b33.500x500x1.jpg"}], "artist": "Kendrick Lamar"}