{"songs": [{"title": "Gang Member", "album": null, "year": "2018-09-29", "lyrics": "[Verse 1]\nWhen I jumped off the porch\nI was forced into last resorts of a temper gone short\nAnd, of course, when that took its course\nI was hoarse from yelling out\nDemons that fought inside of me taught society how to rejoice\nThe killers on sight of me, privacy obviously was lost\nAnd the fraud piracy of the streets in my odyssey\nCaught a bullet that probably destroyed\nA good kid in a mad city, slightly annoyed\nI walked down the street with no heat\nAnd run into beef when I'm just a vegan\nReekin\u2019 the scent of a saint, sinner smell it then start squeezing\nPellets that's tumblin' straight at my melon, apparent reason\nProbably was because of my cousin cuzzin\u2019 a blood\nThat was bloodin' in public\nAnd Kendrick seen with him last weekend, cousin\nBut you ain't no kin to me, 'stead of Kendrick, I'm Kennedy\nAssassinate my character, sure that's your remedy\nFair enough, I got enemies but I don't bang\nBut that's the repercussions like\nWhen your cousin is cuzzin\u2019 a blood\nThen you\u2019re by yourself at the Compton parade, he said:\n\n[Pre-Chorus]\nAye, look, homie, I gang-bang (pump, pump)\nA gang member, I'm active, I do my thing (pump)\nI do my stuff (pump)\nI\u2019m really from the sect, tho (pump, pump)\nAnd if you is or ain't, I still need to know\n\n[Chorus]\nWhere you from, where you stay or where your grandma stay\nWhere you from, where you stay or where your grandma stay\nWhere you from, where you stay or where your grandma stay\n\n[Verse 2]\nI seen 'em from afar then I seen a piece of my jaw\nLike on the ground, you know the sound\nWhen you hear the people in awe\nSympathetic 'cause they like seeing you\nTryna fight back at a pack of piranhas\nI promised three of \u2019em, beat the black off my back\nAnd pajamas was almost needed\nI should've went to sleep and seen some sheep\nWhen I greeted the pavement\nGot up and seen the shock on their faces\nLike \"damn it, he made it\"\nMy luck in the palm of a cherry bomb\nAnd they waitin' to blow up on me\nMy homies are not alarmed\nThen I heard someone's firearm\nMake a sound like it waved around my direction\nI'm guessing this is the part where my heart\nExpected to drop in a second, look at the faults\nI've made in the shortest amount of time\nAnd in back of my mind I'm like \"this the loss I'ma take\"\nMy fate was distraught\nA cape and some superpowers can't save me\nI'm probably pushing up daisies\nBefore I can make my way to the car\nCross cancel and right before I seen\nTthe black glove raisin' the handle, he said:\n\n[Pre-Chorus]\nAye, look, homie, I gang-bang (pump, pump)\nA gang member, I'm active, I do my thing (pump)\nI do my stuff (pump)\nI'm really from the sect, tho (pump, pump)\nAnd if you is or ain't, I still need to know\n\n[Chorus]\nWhere you from, where you stay or where your grandma stay\nWhere you from, where you stay or where your grandma stay\nWhere you from, where you stay or where your grandma stay\n\n[Verse 3]\nBitch, I'm bustin' back, I'ma borrow my uncle's strap in a minute\nJump in a Civic then wear that bitch on my lap\nI was timid but now I'm tempted\nAnd tenants alert me on where you at\nI'm a menace when I'm offended, relentless, I will react\nThen somebody said the dispatch\nOf an officer, got his mind made on off'n ya\nThat's a fact when you're black and undeveloped\nYou're profiled as a felon\nI'm bellin' down Boulevards with my basketball and a backpack\nGym shoes and my nap sack\nHair nappy, my ball cap backwards\nAnd then I look back, strobe lights on my tail pipe\nTurned left then I turned right\nTurned deaf 'cause the sirens is loud\nAs the colors of pink and yellow on Wesley Snipes\nPray to God I don't get sniped\nPray to God that the sunlight stay shining for 30 more minutes\nHope that a witness around when I'm 'bout to cut off the engine\nVengeance of hatred is what I'm facin'\nEven though being a criminal ain't my memo\nBut this is what he said when I dropped the window:\n\n[Pre-Chorus]\nAye, look, homie, I gang-bang\nBy the time you hear the next shot, you'll learn that L.A.P.D. is the biggest gang (pump)\nI do my stuff (pump)\nI'm really from the sect, tho (pump, pump)\nAnd if you is or ain't, I still need to know\n\n[Chorus]\nWhere you from, where you stay or where your grandma stay\nWhere you from, where you stay or where your grandma stay\nWhere you from, where you stay or where your grandma stay", "image": "https://images.genius.com/25d8a9c93ab97e9e6d5d1d9d36e64a53.1000x1000x1.jpg"}], "artist": "Kendrick Lamar"}