{"songs": [{"title": "Hater Love", "album": null, "year": "2008-01-01", "lyrics": "[Intro: Kendrick Lamar]\nWhen you see 'em what you tell 'em (Hi hater, hi hater)\nWhen you see 'em what you tell 'em (Hi hater, hi hater)\nWhen you see 'em what you tell 'em (Hi hater, hi hater)\nWhen you leave 'em what you tell 'em (Bye hater, bye hater)\n\n[Verse 1: Kendrick Lamar]\nKkk Dot bitch\nDamn I'm fly, ain't I bitch\nDon't tell me, don't smell me\nSince you say that I ain't shit\nI be with those Benjamins\nLike he was my sidekick\nWe Batman and Robin\nWelcome to our private affair\nWhere, the narrow be right here\nWhere, the bitches be right here\n22 here, you you\nWon't you change your life boo\nTogether we can slide through\nMidnight, Murcielago, loud pipes\nMake sure that that head right, damn right\nI be on that other shit make them want to curse my government\nDayum, hate the game, hate on me\nAnd I'm loving it\nI'm bouncing with a couple models sipping on that bubbly\nI'm talking 'bout them yellow bottles with that bucket under it\nGone in my fast car\nCircle round the block twice\nSo they know you [?]\nGod damn it I'm nice (I know)\nAnd I see a lot of haters in this room\nI just look them in they face, then I say what's up to 'em\n\n[Hook: Kendrick Lamar]\nPull up in something brand new\nSipping on that goosey goose\nI see some haters in this room\nSo we tell 'em I love you\nPull up in something brand new\nSipping on that goosey goose\nWe got some haters in this room\nWhat we tell 'em? I love you\nYou, make, my life complete\nI wonder where would I be\nIf it wasn't for you\n\n[Verse 2: Kendrick Lamar]\nUgh, check out the denim bitch\n[?] jeans, that's some Japanese shit\nThat with the dictionary can't even pronounce it\nDon't worry bout the name\nJust know that they cost 3000\nCompton, California\nHome of them p-public houses\nWhere the beast live\nAnd you can hear the city growlin'\nMaserati prowlin'\nHumping on your neighbourhood corner\nMother fucker I'm ballin'\nNo Motherfuck that I'm stallin' on them\nEvery time a nigga come through they be mad then a motherfucker\nThat's when I reached in my bag and I throw more cash like a motherfucker\n[?] every time a nigga spending so I got it on splash like a motherfucker\n3 words for them in the club every time I hear them come\nFuck them motherfuckers\nDamn right, I could put that on my life\nI use their negative energy for my appetite (hungry)\n100 horsepower in my car\nBut I act a donkey\nThey see me when I see them then I say\nWhat up homie?\n\n[Hook]\n\n[Outro: Kendrick Lamar]\nWhen you see 'em what you tell 'em (Hi hater, hi hater)\nWhen you see 'em what you tell 'em (Hi hater, hi hater)\nWhen you see 'em what you tell 'em (Hi hater, hi hater)\nWhen you leave 'em what you tell 'em (Bye hater, bye hater)", "image": "https://images.genius.com/25d8a9c93ab97e9e6d5d1d9d36e64a53.1000x1000x1.jpg"}], "artist": "Kendrick Lamar"}