{"songs": [{"title": "Untitled 8 (Blue Faces)", "album": null, "year": "2016-01-07", "lyrics": "[Verse 1]\nTwo tears in the bucket, I cry with you\nBut I could never lie with you\nI could never afford not to afford\nI could never put my plans to the side with you\nI could never see a red light\nLike a deer with a headlight\nI freeze up when I re-up\nSee, I barely have patience, and you're relating\nOnly the moment to complete us\nWhy you hate to work for it? Went to work for it\nSee a nine to five was so jive turkey\nBut when Thanksgiving came, that check didn\u2019t hurt me\nYou plead the fifth, I read the fifth amendment\nWe both criminals with bad intentions\nThey say time heals all\nBut if I can shortcut my success, Corvettes by tomorrow\n\n[Hook]\nWhy so sad? Walking around with them blue faces\nShe said I\u2019m down on my luck\nAnd it\u2019s something I gotta have, blue faces\nI hit the bank today and tell 'em color me bad, blue faces\nGet that new money, and it\u2019s breaking me down\n\n[Verse 2]\nMy home girl got a credit card scam\nShe got a scholarship to college but she don\u2019t give a damn\nIntuition got a Black woman wishin'\nShe tell me this on the phone with the noodles in the pan\nI know you, woman, I console you, woman\nYou feel like the universe owes you, woman\nOh, the anticipation, hoping you could make it\nWomen don't prosper, chasin' education\nBut you're talented, and can't handle it\nAnd your homegirls can't be your manager\n365 times four, plus more\nCan't get it right, tell me, do you got the stamina?\nBut  ain't no money like fast money\nEven today, I'm considered a crash dummy\nA rapper chasing stardom, how can I fast forward\nMy accolades better than all them?\n\n[Hook]\nBut why so sad?\nWalking around with them blue faces\nShe said I\u2019m down on my luck\nAnd it\u2019s something I gotta have, blue faces\nI hit the bank today and tell 'em color me bad, blue faces\nGet that new money, and it\u2019s breaking me down, to the top\n\n[Bridge]\nI love God, I love speed\nI love drank, I love mead\nI love oceans in the deep\nI love women, I love me\nI love God\nBut I\u2019m scared of godspeed\nSometimes\n\n[Verse 3]\nI wrote this song looking at a broke home, maybe\nYou know the poverty stricken the little broke boy and babies\nSomebody say \"Kendrick American, they sho\u2019 is crazy\"\nAnd I said \u201cWhy?\u201d\nThen he looked me in the eye, and said \"Homie, you're messed up\nYou\u2019re banking on good luck, you wishing for miracles\nNever been through shit, you\u2019re crying hysterical\nYou settle for everything, complain about everything\nYou say you sold crack, my world amphetamine\nYour projects ain\u2019t it, I live in a hut\nI'm living to keep warm, I'm living to pay rent\nI paid my way through, praying to Allah\nYou played your way through, dinner with wi-fi\nBullshitting yourself, you talking to strangers\nSame thing goes for the ones you came with\nWe all came on the boat looking for hope\nAnd all you can say is that you\u2019re looking for dope\nThese days ain\u2019t no compromise\nYour pain ain\u2019t mines half the time\nA brand new excuse ain\u2019t nothing to me\nSee, I made my moves, with shackled feet\"\n\n[Interlude]\nCape Town, Cape Town\nCape Town, Cape Town\nCape Town\nCape Town, Cape Town\n\n[Verse 4]\nCornrow Kenny\nAll morning with the mixed dashboards triple digits, skrr\nMorning with the mixed dashboards triple digits, skrr, skrr\nCornrow Kenny\nSo many plays on me I finesse\nPalisade views with some sex\nI lost a lot of love for missionary\nThis the first time I react\nMe and Top is like a Kobe and Phil\nA father figure play with him, you get killed\nPlay with me and he will kill you himself\nTDE the mafia of the west\nMove in silence, yeah, we juugin\u2019 like that\nAct of violence, yeah, we juugin\u2019 like that\nI did a lot of dumb things in my past\nLord forgive me, hoping I don't relapse\nDave just bought a new nine eleven\nAlmost thought I\u2019d seen another plane crash\nQ just bought a brand new McLaren\nRock-a-lack about to buy the projects\nMoosa got his son dripping in gold\nMe? I'm about to let my hair down on hoes\nAli 'bout to let his hair down on hoes\nTop billing, that\u2019s a million a show\nMight blow the no whammy on Soul\nMight tell Obama be more like Punch\nSounwave got a Grammy this year\nMack wop, bet he do what he want\nLevel two, level two, no, I\u2019m not done\nYou ain\u2019t gotta tell me that I\u2019m the one\nI could put a rapper on life support\nGuarantee something that none of you want\nTen homies down and they all serving life\nWhat is like twenty-five hundred a month?\nWhat if I empty my bank out and stunt?\nWhat if I empty my bank out and stunt?\nYou ain\u2019t gotta tell me that I\u2019m the one\nYou ain\u2019t gotta tell me that I\u2019m the one\nYou ain\u2019t gotta tell me that I\u2019m the one\nYou ain\u2019t got, you ain\u2019t got, you ain\u2019t got,  you ain\u2019t got\nTell me that, tell me that, that I'm the one\nYou ain\u2019t got, you ain\u2019t got, you ain\u2019t got\nYou ain\u2019t got tell me that, what I\u2019m the one\nYes, I\u2019m the one", "image": "https://images.rapgenius.com/1661621ad8ec388b64bedc1fea3e8511.1000x562x1.jpg"}], "artist": "Kendrick Lamar"}