{"songs": [{"title": "Ride Up", "album": "Y.H.N.I.C. (Hub City Threat: Minor of the Year)", "year": "2003-01-01", "lyrics": "[Intro: Kendrick Lamar]\nCh-Yeah\nK-Dot\nFreeway\nBudden\nIt's Real\nBang Em'\n\n[Hook: Freeway]\nNiggas want beef ride up\nThen Free hit 'ya niggas squad up, squad up\nThen my niggas squad up\nIf you got trees fire it up, fire it up\n\n[Verse 1: Freeway]\nThis is for the Gs, and this is for hustlas\nThis is for the hustlas, now back to the Gs\nFree packed intro, tech with a muffler\nBring it on you busters, watch you niggas flee\nHe's making a killing off putting his life on Pro Tools\nThe new school, the rap version of Aaron Jones\nThe hair and bones\nTo rock Jane, to cocaine, to spit game\nTo get us, they get tucked\nNigga don't get gassed up, might get blast up\nIt ain't about being tough, but even in them interviews\nEvery time you see me got a semi in the tuck\nChickens at the label like leave the gat at home\nYou know those Hip-Hop cops got it in for you\nThey got it in for us, but they ain't bending us\nWe got a infra strong enough to flip a code\n\n[Hook]\nNiggas want beef ride up\nThen Free hit 'ya niggas squad up, squad up\nThen my niggas squad up\nIf you got trees fire it up, fire it up\n\n[Verse 2: Joe Budden]\nThis is for the Gs, and this is for hustlas\nThis is for the hustlas, now back to the Gs\nCops trying to cease my beans\nNo nice clothes were caught in the morning\nTrying to crease my jeans\nI remember me as a young buck\nTrying to put work in\nSame pants for two weeks\nBut I would iron the dirtiness real\nBack then the battle was urgent\nNow days you see me in the same shit\nI didn't have the detergent\nI'm riding Six and Park\nYou used thought you knew like the back of your hand\nTurn around and give the glove\nSo I learn to stay with you\nCause when your wheels look like Terminator 2\nIt'll turn your man into a hater, true\nHopefully the pain will stay past then\nAs what's to come, it's better that what has been\nThink about it, but if his problems keep playing, solvem'\nJoey and Freeway, still hood, still starving, nigga\n\n[Hook]\nNiggas want beef ride up\nThen Free hit 'ya niggas squad up, squad up\nThen my niggas squad up\nIf you got trees fire it up, fire it up\n\n[Verse 3: Kendrick Lamar]\nThis is for the Gs, and this is for hustlas\nThis is for the hustlas, now back to the Gs\nMy big Unc still fucking with customers\nGreyhound not in town, moving them keys\nHoopty or V12, I'm moving them keys\nNiggas know me well, can't move me with ease\nGo in your pockets at, take all your cheese\nThat's how I make my profit, rob y'all when 'ya sleep\nIt's the black Clark Kent, Superman of this rap shit\nPlay Superman when them gats spit, and them Kryptonite hollowtips\nMake you backflip, then chaperone you to a casket\nIt's real\nGoddamn there's no man like I am, that capables the skills of a genius\nI'm not Hip-Hop's future, I'm Hip-Hop's Fred Krueger\nA new nightmare, I'm right there\nWith the head of Lucifer killing you demons\nGod's children, what can you do to us?\nThis rap shit ain't new to us\nBeen real, since Mama was stroller scootin' us\nY'all better get used to us, I'm my own scout nigga\nHow you recruiting us?\nHeh, I call your bluff, they said stop\nBut then the people said it wasn't enough, nigga\n\n[Outro: Freeway & Kendrick Lamar]\nNiggas want beef ride up\nThen Free hit 'ya niggas squad up, squad up\nThen my niggas squad up\nK-Dot\nIf you got trees fire it up, fire it\nI'm here baby\nCompton\nHub City Threat\nMinor league year\nFreeway\nBudden\nJerk", "image": "https://images.genius.com/1d86c80235f3ffef2492fec6dac85b33.500x500x1.jpg"}], "artist": "Kendrick Lamar"}