{"songs": [{"title": "K104 Halloween Freestyle", "album": null, "year": null, "lyrics": "Real rap, I knock rhymes right off of your skull cap\nYou can't see me when I step into the booth\nYour wish list, K.Dot, yeah I'm the truth\nStuntin, you'd better get your broom\nCause I'm flying with witches and we're going to the moon\nWith this album, debut at that\nI'm so fly I might float with the bats\nY'all know the most\nBiggie and Pac, they behind me as my ghosts\nCause you think they write for me when I step into the drop\nMy shit is so sweet, candy flavored, no you're not\nSkeletons in my closet\nAnd no, you can't get up off it\nThis the freestyle, trick or treat\nHalloween, better come with me, I'm sweet\nPumpkins, smacking them across they head\nAnd I'm pokin' eyeballs out on the web instead\nHe gonna gonna keep going\nBaby, sex tape killed me\nYe, ye, I'm so fly, right now I'm so high\nMatter of fact oh we talking about the hurricane\nI'm talking about New York, I pray for y'all, know what I mean\nI don't want that to happen, cuz if so I might just start rapping\nKim Kardashian, Wiz did that ass in\n[Laughter]\nComing straight from Compton, I thought y'all know\nI ain't gonna look at the cards yet, cause I'm 'bout to flow\nMatter fact, this the perfect part to talk about them Lakers\nEverybody that's disrespecting, y'all the fakers\nWe gonna keep going, off the top of the dome\nMavs, y'all gonna go home\nTeach y'all to come back to my city\nShrink you, G\nFive times, four times, that's the repeat\nObama, we ain't gonna talk about Ritt Momney\nBecause he's whack, fugazi, fugazi\nI don't need to talk about the flow that I'm in\nIf you gonna vote, vote for Obama\nHe's gonna win, fo sho\nAnd we gonna keep on going\nOff the top, we just gonna keep on flowing\nWe gonna get back to this little punk, he's crap\nMitt Romney, show 'em how to rap\nMatter fact, this freestyle is just dedicated to him\nYou're homeboys right now with Slim\nYour chances, you're not gonna win\nYou need to go back to where you came from, boy\nIt's the ruler of the game\nObama, vote now homeboy, he's got change\nWhat's up", "image": "https://images.genius.com/25d8a9c93ab97e9e6d5d1d9d36e64a53.1000x1000x1.jpg"}], "artist": "Kendrick Lamar"}