{"songs": [{"title": "Take Off Your Pants", "album": "C4", "year": "2009-01-30", "lyrics": "[Produced by Robin Thicke]\n\n[Intro: Ab-Soul]\nK.Dot\nC4\nTDE\n\n[Verse 1: Ab-Soul]\nI'm starin' at you and you look so good\nI want it in the back seat and on top of the hood\nAnd, I would do it all day if I could\nPut a lumberjack on and give you the wood\nYou gotta man and that's understood\nBut I gotta girlfriend too, this a mutual move\nSo we do what grown folk do\nShe had a new lit candle on the table for two\nA home cooked meal with the best soul food\nI told her \"get on my plate, I'll just have you\"\nYou can sit on my face after I say grace\nOr I could just beat it up like I knew kung fu\nWe ended up in the kitchen with a sink full of dishes\nThen I sat her on the stove like a pot when I hit it\nShe never want me to stop when I'm in it\nNot even a minute until she finish\nThen I don't\n\n[Bridge: Ab-Soul]\nShe works at the corner store\nShe is so bad, so bad, so...\nI said \"my name is Soul\nStore me inside you phone\nWe need some time alone\nIn our near future, future\nCause I am tryin' to bone\nWhenever your man ain't home\n\n[Hook: Ab-Soul]\nTake off your pants, baby\nAnd come to me\nWe done had all this drank\nWe done smoked all this weed\nTake off your pants\nDont be scared of me\nI won't hurt you girl\nI'll be your therapy\n\n[Verse 2: Ab-Soul]\nWhen I come from out of that pussy\nAnd I smell fresh air\nYou lost your voice yelling\n\"Pull my long ass hair!\"\nHad the 112 Clan\nWe could do it anywhere\nI ask her where she want it next\nShe started staring at the stairs\nSo we did it on the stairs\nAnd we took it upstairs\nThen we came back down\nWhen she came and she gave me\nThe crown that I wear, right now\nThen I bounce like rubber\nJust in case her man come unannounced\nSend me a text message saying it was the bomb\nI send her a text like \"hit me when he gone\nSo we can continue to creep.\"\nAnd now I'm in the sheets 3 days out the week\nFreaks come out at night\nBut I'm up in the morning\nAnd she up in the morning\nSo we gon' fuck in the morning\nMy only problem is running out of condoms\nShe say she on the patch, but I can't buy that\n\n[Hook: Ab-Soul]\n\n[Verse 3: Ab-Soul]\nKnock on the door\nHe isn't home\nShes all alone\nHer legs so long\nDon't ask me whats wrong\nAsk me whats right\nCuz I just wanna lay pipe for your info\nShe do tricks on the dick this is how I know\nShe make my whole shit disappear down her throat\nAnd this a trip, she don't even choke\nAnd I beat like a heart, she can feel a pulse\nBeat, beat, beat, beat....", "image": "https://images.genius.com/8b626036c563b0aefa7a5b83f1fb9302.750x750x1.jpg"}], "artist": "Kendrick Lamar"}