{"songs": [{"title": "Year Of The Fire Sheep", "album": null, "year": "2014-01-10", "lyrics": "Said I'm a fuckin monster\nA massive attack will haunt ya\nMastered the rap then fucked up the monitors mastered that\nAfter that I went for thermometers\nPopped them all then popped them in the jar\nTracy veronica holla back\nThey promise theres no pajamas\nInsomnia when attack I attack like pirahana\nTheres hit your block like a comet\nAnd you all know what time it is 2012 mark your calendars\nCalisthenics and silence is excersize\nAnd that trigger strapped\nRock with us Metallica competition\nNo talent I'm in the jungle\nLoud enough just might stumble\nUpon a pack of lions no lying\nMy soldiers dying\nThis is like rap alliance is lining with\nStars and bars of a prison wrapped my science applying\nPressure a stretcher is needed paint prosthese of your living dead\nYour stuff is a giga pet\nYou niggas can't see me unless you watchin that TV\nIll hold your hug in my silouette\nMy flow got the ceiling wet\nI spit till I feel my breath start stinkin my fuckin chest\nShe fuckin the fuckin best mean my dick is the dick of death\nMean I'm killin that pussy like spike whenever that jerry slip\n\nYeah dre\nMe and Andre the giant 6\u20197\u201d and climbin\nWhether your storm to your climbin\nWhether your beat makin a rhyme and\nBumpin some feelins huh man with a handful of diamonds like jay fans on an island with ray bans\nGlasses, palmin\u2019 asses that probably came with a great tan\nI\u2019ll be the motherfuckin mecca of this hub city spectrum\nWhere they at I will dissect them like a fuckin frogs rectum\nWhile you're wrecking with irreputable my words so incredible\nProbably call the federal after I slaughter several\nEtcetera etcetera barely passin up celicas\nTellin us about shit\nHiii power in your mouth bitch\nAnd top dawg can vouch bitch\nNigga what you bout\nAbout face and army outfits the general\u2019s head\nMeans the hustlers and the criminals there\nPinnotens reach the pinnacle of life in despair\nAnd me I solemnly swear\nTo handle mine like a taliban and die for it\nOnly difference is I ain't never asked and I lie for it\nOnly difference is I be spazzin and still a pow for it\nPut me in a category\nI don't know whats a sadder story\nGuts and glory your pain bore me\nYou ain't really lived it\nI\u2019ll take you to a block where they crippin\nA piru that\u2019s 5\u20192\u201d gun bigger than the torso of pippen\nBitch I been doin it since before you niggas ruined it\nShow me something different\nYou either kissin dick or givin me distance\nYou live in a district of dimebags and dummies\nI know your statistics\nWho your bar he more like my assistant\nGet lost have an egg and a biscuit\nBreak-fast when we aimin them biscuits\nPay cash when your chain come up missin\nQ, Q\n\n[ScHoolboy Q:]\nAhh, double up said what the fuck\nGive me some I\u2019ll throw more poppin\nSagrets droppin soon they watchin\n9s thats locked and load explode\nDruggin ford I'm slowly known\nMary up some swisher sweets\nLA nigga probably eats\nShrimp for the ragin beats\nXO, henney, scrape the kief\nBangin c I\u2019ll bang your beat\nPut them niggas next to me\nStoppin for them give the lead\nI'm here now let the hardest speak\nAll them dudes got ovaries, period, run on sentence\nStill I'm ventin\nAir condition coolest breezes, ill diseases\nGrip my pen and shoot my semen\nStill I'm coming\nMouths is runnin\nI was learning gettin knowledge\nAnd describin she a goblin\nWe be mobbin over bitches\nStickin missus she the business\nGhetto witness pussy frenchin\nJust a mission poppin off like on a mission\nProposition gettin money drop a nigga\nRush a nigga, stomp a nigga, crush a nigga, dust a nigga\nCop a head gon bust nigga\nHeatin up the winter nigga\nSomethin to remember nigga\nHella sick I gotta spit\nCurse with a verse like god told me kill this shit\nLoad a clip hecklin cops\nThe hoover king\nBa da bing by the dingaling\nNatural hoover\nVing rhames with a vision clearer than visene\nAsian from bejiing\nMoney making compton cream\nFeed a weak thats when it stop\nStart with rain drops\nAutobots, space shuttle I'm shittin on your car lot\nBoy stop\nCould've at least got a saturn huh\nHiii power see a pattern huh\nPuttin on chops like I've never been freed\nToon to the knees still I'm shootin up scenes\nCheese and a nigga thoughts succeed\nPromising scenes ba da bing bing bing", "image": "https://images.genius.com/25d8a9c93ab97e9e6d5d1d9d36e64a53.1000x1000x1.jpg"}], "artist": "Kendrick Lamar"}