{"songs": [{"title": "Tim Westwood Freestyle", "album": null, "year": "2012-06-26", "lyrics": "[Verse 1]\nRollin\u2019 in a broken Mitsubishi with no AC\nAnd a couple stolen TV\u2019s and a seatbelt for my safety\nPlay the passenger, I think it\u2019s five years after eighty-\nSeven, do that math, 92, don\u2019t you be lazy\nI\u2019m looking out the window, notice all the essentials\nOf a block party that stopped for a second\nThen it rekindled like the flame from a trick candle\nEverybody got dental insurance, \u2018cause we bout to floss\nYou get the couch I sent you?\nI heard that from a block away, probably had credentials\nOf a scholar, but should not today\nThem Dayton spokes was his to take\nRefrigerators, barbecue pits, and Jordan kicks\nThey did invasions while helicopters recorded it\nHello, my Mr. Myiagi, I want them Kenwood Woofers\nSay that you got me\nIf not, I\u2019ll dig in your drawer for it\nThe swap meet was the bullseye like a Taurus is\nMurder was the melody, you should know what the chorus is\nYou really telling me we can just get some more of it if we run out?\nHe said \u201cLil nigga, today the poor is rich\u201d\nDon't tell your mom that you seen a molotov bomb\nAnd if she asks, just know that you have to lie\nAnd son, don\u2019t forget:\nYou from Compton\n\n[Verse 2]\nBrace yourself, I take you on a trip down memory lane\nThis is not a rap on how I\u2019m slinging brick and moving cane\nCul de sac and plenty Cognac in major pain\nNot the drill sergeant, but the stress that\u2019s weighing on your brain\nIt was me, O-Boog and Yaya\nLucky, ride down Rosecrans\nUgly, waving yo hand out the window, brace yourself, uh\nWarriors and Conans\nEuphoria can slow dance\nSociety, the driver seat, the first one to get killed\nLight skinned nigga with his brains blown out\nAt the same burger stand where (mmm) hang out\nNow this is not a tape recorder saying that he did it\nBut ever since that day, I was looking at him different\nThat was back when I was nine\nJoey packed a nine\nPakistan on every porch, it\u2019s fine\nWe adapt to crime\nPack a van with four guns at a time\nSliding door, fuck is up?\nFucking shooting forth, if you ain't walking up, you fucking punk\nPicking up the fucking pump\nPicking off you suckers, suck a dick\nDie a sucker punch, a ball of bullets coming from\nAK\u2019s, AR\u2019s, Aye y\u2019all; duck\nThat\u2019s what Mama said when we was eatin\u2019 that free lunch\nAw man, god damn, all hell broke loose\nYou killed my cousin back in \u201894, fuck yo truce\nNow crawl yo head in that noose\nYou wind up dead on the news\nAnd no peace treaties just peace and BG\u2019s appearing to prove\nBodies on top of bodies, IV\u2019s on top of IV\u2019s\nObviously the coroner between the sheets like the Isleys\nWhen you hop on that trolly, your color\u2019s correct\nMake sure each corporate knows they\u2019ll be calling your mother collect\nNow, what you expect?\nMy life is a threat\nGood kid, m.A.A.d. city\nLife or death, is you with me?\n\n[Outro]\nTim Westwood, what's up", "image": "https://images.genius.com/25d8a9c93ab97e9e6d5d1d9d36e64a53.1000x1000x1.jpg"}], "artist": "Kendrick Lamar"}