{"songs": [{"title": "Swimming Pools (Initial Demo)", "album": null, "year": null, "lyrics": "[Bridge]\nPour up (drank), head shot (drank)\nSit down (drank), stand up (drank)\nPass out (drank), wake up (drank)\nFaded (drank), faded (drank)\n\n[Instrumental Break]\n\n[Chorus]\nNigga, why you babysittin' only two or three shots?\nI'ma show you how to turn it up a notch\nFirst you get a swimming pool full of liquor, then you dive in it\nPool full of liquor, then you dive in it\nI wave a few bottles, then I watch 'em all flock\nAll the girls wanna play Baywatch\nI got a swimming pool full of liquor and they dive in it\nPool full of liquor, I'ma dive in it\n\n[Bridge]\nPour up (drank), head shot (drank)\nSit down (drank), stand up (drank)\nPass out (drank), wake up (drank)\nFaded (drank), faded (drank)\n\n[Instrumental Break]\n\n[Chorus]\nNigga, why you babysittin' only two or three shots?\nI'ma show you how to turn it up a notch\nFirst you get a swimming pool full of liquor, then you dive in it\nPool full of liquor, then you dive in it\nI wave a few bottles, then I watch 'em all flock\nAll the girls wanna play Baywatch\nI got a swimming pool full of liquor and they dive in it\nPool full of liquor, I'ma dive in it\n\n[Bridge]\nPour up (drank), head shot (drank)\nSit down (drank), stand up (drank)\nPass out (drank), wake up (drank)\nFaded (drank), faded (drank)\n\n[Chorus]\nNigga, why you babysittin' only two or three shots?\nI'ma show you how to turn it up a notch\nFirst you get a swimming pool full of liquor, then you dive in it\nPool full of liquor, then you dive in it\nI wave a few bottles, then I watch 'em all flock\nAll the girls wanna play Baywatch\nI got a swimming pool full of liquor and they dive in it\nPool full of liquor, I'ma dive in it\n\n[Bridge]\nPour up (drank), head shot (drank)\nSit down (drank), stand up (drank)\nPass out (drank), wake up (drank)\nFaded (drank), faded (drank)\n\n[Verse]\nDon't you, won't you, be our new friend?\nThen make these walls spin\nTell me you're all in\nWe wanna believe you\nDon't you, won't you, be our new friend?\nThen make these walls spin\nTell me you're all in\n\n[Chorus]\nNigga, why you babysittin' only two or three shots?\nI'ma show you how to turn it up a notch\nFirst you get a swimming pool full of liquor, then you dive in it\nPool full of liquor, then you dive in it\nI wave a few bottles, then I watch 'em all flock\nAll the girls wanna play Baywatch\nI got a swimming pool full of liquor and they dive in it\nPool full of liquor, I'ma dive in it\n\n[Bridge]\nPour up (drank), head shot (drank)\nSit down (drank), stand up (drank)\nPass out (drank), wake up (drank)\nFaded (drank), faded (drank)", "image": "https://images.genius.com/25d8a9c93ab97e9e6d5d1d9d36e64a53.1000x1000x1.jpg"}], "artist": "Kendrick Lamar"}