{"songs": [{"title": "3 Minutes of Watts", "album": null, "year": null, "lyrics": "[Hook: Jay Rock]\nWe boys in the hood\nPocket full of dubs\nHomies outta line\nClip full of slugs\nBaby here's my number\nIf you tryna fuck, baby do your thang\nShake shake it up\nSick of watts you claim, Come and give it up\nBaby I'm a player, Go and hit me up\nBaby do your thang\nShake shake it up, shake shake it up, shake shake it up\n\n[Verse 1: Kendrick Lamar]\nYou should already know what I came for\nOnce the neon light hit the Top Dawg logo\nSee my, chain hang out\nSee my, wrists hang out\nSee my, homies hang out\nThey, gang bang out\nWest coast my state, left coast my state, you state myspace, internet gangster\nYou know my name baby girl no stranger\nBlue Bell jeans on low cut taper\nNo I can't save ya\nName that captain\n[?] when I'm in the Aston, Martin\nSo awkward when I park it\nRev up your engines, sound like it farting\nI'm in the club sitting with some foreign\nShe don't speak English words sound retarded\nWe go hard in that project apartment\nFive minutes in Watts, get it started\n\n[Hook: Jay Rock]\nWe boys in the hood\nPocket full of dubs\nHomies outta line\nClip full of slugs\nBaby here's my number\nIf you tryna fuck, baby do your thang\nShake shake it up\nSick of watts you claim, Come and give it up\nBaby I'm a player, Go and hit me up\nBaby do your thang\nShake shake it up, shake shake it up, shake shake it up\n\n[Verse 2: Jay Rock]\nSit back relax I'mma give you a walk through, through the city of Watts, through the city of God\nWhere them bitches shaking that ass, deuce deuce in they bras\nWhere them niggas rockin' the flash, drinkin' liquor that\u2019s hard\nWhere they keep the Glock in their pants, chopper's right in the car\nAnd if you step up on the daily's you might leave with a scar\nIf your gang tight might leave with a broad and like two of her friends might enjoy a m\u00e9nage\nAnd that's night life, in Watts California\nParties ain't over till like six in the morning\nThis Hennessey's straight, gotta nigga zoning out\nTake another swig then I'm rolling out\nIf you ain't banging better hold your mouth\nDon't claim nothing that you know you're not\nSo just chill, grab your bitch because life's too short\nJust stick to the script\n\n[Hook: Jay Rock]\nWe boys in the hood\nPocket full of dubs\nHomies outta line\nClip full of slugs\nBaby here's my number\nIf you tryna fuck, baby do your thang\nShake shake it up\nSick of watts you claim, Come and give it up\nBaby I'm a player, Go and hit me up\nBaby do your thang\nShake shake it up, shake shake it up, shake shake it up", "image": "https://images.genius.com/25d8a9c93ab97e9e6d5d1d9d36e64a53.1000x1000x1.jpg"}], "artist": "Kendrick Lamar"}