{"songs": [{"title": "P&P 1.5", "album": "Overly Dedicated", "year": "2010-09-14", "lyrics": "[Produced by King Blue]\n\n[Part I]\n\n[Skit]\n\"Gina, baby, I don't have no money and I don't have no ends\nGina, I'm ass-out\"\n\"I'm going through something right now!\"\n\"I done told you that\"\n\n[Intro: Kendrick Lamar]\nOh, what up ho? Oh, what up?\nI said, oh, what up ho? Oh, what up?\nI said, oh, what up ho? Oh, what up?\nWell alright...\n\n[Chorus: Kendrick Lamar]\nI'm going through something with life\nBut pussy and Patron make you feel alright\nPussy and Patron make you feel alright\nPussy and Patron, that's some great advice\nI'm going through something with life\nBut pussy and Patron make you feel alright\nPussy and Patron make you feel alright\nPussy and Patron, that's some great advice\n\n[Verse 1: Kendrick Lamar]\nWelcome to my diary, stressing got me gray hairs\nSomething to inspire me, rather than society's\nWoes, let me go, let me shine a lil' bit love\nI want diamonds too, Ronnie on Player's Club\nI used to have a 9 to 5, fresh out of school that was '05\nThat bitch was racist, got me fired, ever since then, I had no job\nPushing in my momma van, stop for gas on Rosecrans\nTrust me these niggas rushed me for somethin my cousin prolly did\nGuilty by association: story of my life, nigga\nYou gon make me flip and split yo shit just give me life, nigga\nPain since my grandma's death, Uncle killed at Louie's Burgers\nHold my tears I tried my best, let it go, drenched my pullover\nCycles of a starving artist tryna go beyond the margin, margin\nMaintaining my modest modus as I dream\nSo while I go through all this, all this bullshit what you call it\nLife itself, I know what helps, let me scroll through my Blackberry\n(\"Hey what's up daddy?\")\n\n[Chorus: Kendrick Lamar]\nI'm going through something with life\nBut pussy and Patron make you feel alright\nPussy and Patron make you feel alright\nPussy and Patron, that's some great advice\nI'm going through something with life\nBut pussy and Patron make you feel alright\nPussy and Patron make you feel alright\nPussy and Patron, that's some great advice\n\n[Part II]\n\n[Skit]\n\"So what'd you rush me out here for?\nHow was your day? Are you tipsy?\"\n\"Mhm!\"\n\n[Verse 2: Kendrick Lamar]\nAll I need in this lifetime: Pussy and Patron\nGive me that, once you give me that, once again it's on\nBitch I'm swagged up, hoes bopping when I'm off that screw\nComing down clean, tell your baby momma what it do?\nWhere your friends at? I got long dick, what it is?\nGo on poke it out, situate your little positives\nHow I live? Big shot, on my grind, all ready\nI'mma lay it down like a carpenter when you let me...\n\n[Bridge: Kendrick Lamar]\nGive me that funk, that sweet, that nasty, that gushy stuff\nI can't get enough, if I offend you, blame it on the liquor babe\nGive me that funk, that sweet, that nasty, that gushy stuff\nI can't get enough if I offend you...\n\n[Verse 3: Kendrick Lamar]\nUh, I wrote this song when Dave drove home\nAnd caught that flat, in the mean T Flats\nAnd it made me think if we could blink\nTo change locations where we at\nWe often get lost in the alcohol bottle\nIn attempt to ignore pain, problem, and sorrow\nJust for a minute, then back to the bullshit\nYour car note due and you 'bout to get evicted\nTwo drugs surely, Patron, pussy, make it feel alright\nBut once it's empty and the bitch leave, then it's back to life\nYou can't run from it, gotta run to it, nigga\nThe antidote wouldn't last and you knew it, nigga\nBut still, you proceed to dive deep, ask what's her zodiac sign\n\n[Chorus: Kendrick Lamar]\nI'm going through something with life\nBut pussy and Patron make you feel alright\nPussy and Patron make you feel alright\nPussy and Patron, that's some great advice\nI'm going through something with life\nBut pussy and Patron make you feel alright\nPussy and Patron make you feel alright\nPussy and Patron, that's some great advice\n\n[Verse 4: Ab-Soul]\nOkay, welcome to my diary, hmm, where should I begin?\nFinna get a swisher and fill it with at least a gram\nCrackers watch my every step, man I hate to work for them\nOne time I tried to work for me, but that shit didn't work for me\nAnd here I am, stressing, questioning my direction man\nWhat to do? Nothing's moving, traffic jam, wiggle through it\nPop the cork and take the fluid, bust that pussy open\nBust that pussy open, bust that pussy open\n(Soul!) Balls deep, ya dig? Retrieve, relief, ya dig?\nLet's kill a bottle of tequila\nAnd lie butt-naked telling the truth, would ya?\nWhat's up? I had a long day and I really wanna fuck\nTake a double shot to the face and forget about my whole day\n'Cause all I've been thinking the whole day...\n\n[Chorus: Kendrick Lamar]\nI'm going through something with life\nBut pussy and Patron make you feel alright\nPussy and Patron make you feel alright\nPussy and Patron, that's some great advice\nI'm going through something with life\nBut pussy and Patron make you feel alright\nPussy and Patron make you feel alright\nPussy and Patron, that's some great advice\n\n[Outro: Kendrick Lamar]\nAll I need in this lifetime: Pussy and Patron\nGive me that, once you give me that, once again it's on\nBitch I'm swagged up, hoes bopping when I'm off that screw\nComing down clean, tell your baby momma what it do?\nWhere your friends at? I got long dick, what it is?\nGo on poke it out, situate your little positives\nHow I live? Big shot, on my grind, all ready\nI'mma lay it down like a carpenter, when you let me...", "image": "https://images.genius.com/9e1efc6d0a7044dbf2f0776a12ed85b8.620x620x1.jpg"}], "artist": "Kendrick Lamar"}