{"songs": [{"title": "Track 10", "album": null, "year": null, "lyrics": "[Verse 1: Kendrick Lamar]\nOnce again it's on\nI'm the youngest in charge, I am not playin'\nI fear no man else than God\nScatter your features, give you a face collage\nNot one, but two, I face menage\nNo hands involved, mommy would rather give a mouth massage\nGeneral, you can call me the sargeant\n$7.45, five percent tip\nI know I'm the shit, please hold the applaud\nI spent summers writin' rhymes, winters freestylin'\nDaydreamin' Gilligan thoughts on an island\nI didn't develop, I was born with this talent\nBrain swell up, whenever you come to me you were the challenge\nI need a way to balance street shit from the rap shit\nStay on my toes, feet grounded to the souls of the dead\nBut still bulletholes surrounded the arc in my feet to the crown on my head\nPreach, listen how I pledge\nI've been gettin' this money since you dummies were peein' in bed\nTo poppin' wheelies on handlebars and pegs\nTo poppin' Big Willy at the bar with bread\nPause, it's real talk, I know you gotta crawl before you walk\nShit, I decided to jog\nI'm ten brains better than y'all\nPropane make emergency calls, whenever them boys speak\nI fold niggas up, make both of the ends meet\nYou 'bout to fitness a lyrical fitness\nThis is what it'd sound like if God spoke over beats\nI cash in my rap friends\nPeep the way I deliver, make you wanna tell your peeps\nI consider that they learn from me\nThis is volcano hot, fuck a third degree\nBurn, You gotta be K-D-O-T\n\n[Verse 2: Kendrick Lamar]\nOnce again it's on, I am through with niggas\nTwin Glocks, it'll shoot niggas\nPut you next to a plant, under a root nigga\nHands folded together up in a suit nigga\nThis what we do nigga, run your mouth, we remote control mute niggas\nMatter of fact, I recruit niggas\n\n[Verse 3: Bill Thrill]\nBill Thrill straight spook niggas\nSixteens that'll ruin niggas\nYou mad cause I'm gettin' figures\nI'm the bigger picture, you losin' dough and mine's gettin' thicker\nI got somethin' that'll sting yah I call it the pinch hitter\nGather your mans so they can die with yah\nBill and K-Dot, now y'all dealin' with the best (right)\nSide by side, yeah we somethin' like breasts\nFlow game killin', I spit bars of death\nNow they yellin' could it get any worse\n[?] definition of Hell on Earth\nKeep somethin' on the side, yeah you know that work\nOne false move, it'll make your whole body jerk\nThink before you cross this turf\nYou'll get turned into ashes, or even laid in the dirt", "image": "https://images.genius.com/25d8a9c93ab97e9e6d5d1d9d36e64a53.1000x1000x1.jpg"}], "artist": "Kendrick Lamar"}