{"songs": [{"title": "Chapter Six", "album": "Section.80", "year": "2011-07-02", "lyrics": "[Produced by Tommy Black]\n\n[Hook]\nRidin' with them boys and girls and we're high\nAll we want to do is have a good time\nYoung, wild, and reckless is how we live life\nPray that we make it to twenty-one (One, one, one)\nOh, we make it to twenty-one (One, one, one)\nOh, ho ho ho, ho ho ho\nRidin' with them boys and girls and we're high\nAll we want to do is have a good time\nYoung, wild, and reckless is how we live life\nPray that we make it to twenty-one (One, one, one)\nOh, we make it to twenty-one (One, one, one)\nOh, ho ho ho, ho ho ho\n\n[Interlude]\nI'm glad we were able to talk about her vice and her evils. There is an even more important topic I'd like to discuss: the dysfunctional bastards of the Ronald Reagan Era. Young men that learned to do everything spiteful. This is your generation. Live fast and die young. Who's willing to explain this story?\n\n[Hook]\nRidin' with them boys and girls and we're high\nAll we want to do is have a good time\nYoung, wild, and reckless is how we live life\nPray that we make it to twenty-one (One, one, one)\nOh, we make it to twenty-one (One, one, one)\nOh, ho ho ho, ho ho ho\nRidin' with them boys and girls and we're high\nAll we want to do is have a good time\nYoung, wild, and reckless is how we live life\nPray that we make it to twenty-one...", "image": "https://images.genius.com/1f3cde1d04f886d4d4eb88a2c26a4e4d.1000x1000x1.jpg"}], "artist": "Kendrick Lamar"}