{"songs": [{"title": "Sway In The Morning (Freestyle)", "album": null, "year": null, "lyrics": "[Verse 1:]\n\nTell 'em, ok\nTell 'em I got plenty hustle to sell 'em\nHeat by the fleet, displaying it very seldom\nLead how right to light ignite my cerebellum\nClose to the pen like I had three felons\nCome from a city where niggas show no remorse\nAnd the corpse is just another homie taking this course\nOf course my dream was to play in the final four\nTil the twelve grade came and I was only five four\nSo Now I\u2019m a graduate, looking to get higher\nMy pops knew a security job, he inquired\nBut ignorance is bliss, that's what I was told\nI stop, drop the role when somebody else fired\nNow there goes another black boy unemployed with a lot of free time\nWhich means he\u2019s hungry or just a lot of free crime\nI lived it in my rhymes, and when I hit the porch, this is what I realize\nWassup", "image": "https://images.genius.com/25d8a9c93ab97e9e6d5d1d9d36e64a53.1000x1000x1.jpg"}], "artist": "Kendrick Lamar"}