{"songs": [{"title": "Shake It Off (Freestyle)", "album": null, "year": "2014-11-05", "lyrics": "[Verse 1]\nK.Dot, you know that he's hot\nI can do rhythm, hip hop, I can do pop\nWe talkin' 'bout the black, we talking 'bout the brown\nWe talkin' 'bout the white, it don't care who you around\nIt's all about the positivity when you with energy\nIf you knew me, then you know that God had witnessed me\nIf you see me then you know you can't intimidate me or be me\nYou can see we go for the energy\n(K104)\nK104\nBest hip hop and R&B, I be up in your store\nYou know I'm rocking out, I got my people around me\nWe in the building and you know definitely you can't down me\nAnd if the children...\n(Dede)\nAnd if the Dede, she called me cute\nI walked in the building, I said yo, she got on boots\nShe got on earrings, maybe baby girl got on hoops\nShe got that long, brown hair, it's wrapped, yeah, she cute\n\n[Interlude]\n\n[Verse 2]\nHe say I'm killing this beat, K.Dot he never been weak\nYou know I got them flows and plus I've always been cheap\nAnd they talk 'bout strip clubs, I talk 'bout ladies and hugs\nWe talking 'bout more abuse, we talking 'bout these drugs\nWe talking 'bout my lady to the right, she real fly\nSay your name again, girl, don't be shy\n(Lady Jade)\nLady Jade, she aways talkin' 'bout gettin' paid\nAnd the haters they in our way and they getting sprayed\nCause the haters gonna hate, hate, hate, hate, hate\nThey're always gonna play, play, play, play, play\nNo matter what they say, say, say, say, say\nWe're getting paid, boss, paid, boss\nWhat's up?", "image": "https://images.genius.com/25d8a9c93ab97e9e6d5d1d9d36e64a53.1000x1000x1.jpg"}], "artist": "Kendrick Lamar"}