{"songs": [{"title": "DNA. (Tots-Kray Remix) I made the remix up so its not like the real song", "album": null, "year": null, "lyrics": "[Verse 1: Kendrick Lamar]\nI got, I got, I got, I got\u2014\u2028Loyalty, got royalty inside my DNA\u2028Cocaine quarter piece, got war and peace inside my DNA\u2028I got power, poison, pain and joy inside my DNA\u2028I got hustle though, ambition flow inside my DNA\u2028I was born like this, since one like this, immaculate conception\u2028I transform like this, perform like this, was Yeshua new weapon\u2028I don't contemplate, I meditate, then off your fucking head\u2028This that put-the-kids-to-bed\u2028This that I got, I got, I got, I got\u2014\u2028Realness, I just kill shit 'cause it's in my DNA\u2028I got millions, I got riches buildin' in my DNA\u2028I got dark, I got evil, that rot inside my DNA\u2028I got off, I got troublesome heart inside my DNA\u2028I just win again, then win again like Wimbledon, I serve\u2028Yeah, that's him again, the sound that engine in is like a bird\u2028You see fireworks and Corvette tire skrrt the boulevard\u2028I know how you work, I know just who you are\n\n[Verse 2: Tots-Kray]\nSee, I was, I was, I was\u2014\nCruising down the street when you were high on table tops\nDressing up like a damn idiot and fucking all those mops\nSwitching flows just like my hoes and no one ever told me stop\nNo one ever told me \u201cStop this shit, before I call the cops\u201d\nI just win again, and win again\nThere ain\u2019t no misconception\nAll them other hoes who wanted dick was fucking, no exceptions\nShe destroying shit and killing shit with her only damn weapon\nThis shit is so crazy, I might give you a damn lesson\n\n[Interlude: Tots-Kray]\nI got loyalty, got royalty inside my DNA\nI got loyalty, got royalty inside my DNA\nI got loyalty, got royalty inside my DNA\n5,4,3,2\nI wasn't tryna get\nThat girl, already met\nAll of this elegant\nEllen DeGeneres\n\n[Verse 3: Tots-Kray]\nYou are irrelevant\nYou can not handle it\nTristan been shaking, ever since he handed it\nI been so souping, no really, I felt like it\nI\u2019ve been saucing, looking at the damn tournament\nWoo!\nFuck your family\nFuck your man\nFuck your peace\nFuck your girl\nFuck your friends\nFuck your ends\nFuck it man\nFuck anything you ever fucking liked fam\nCause I been living in a world of my own\nNo shit, in my zone\nJust sitting in my home\nDoing work, killing bones\nYou talking shit on your phone\nI\u2019ll beat you to death with a damn cone\nPass all this bullshit\nMy life wasn't build up like a tool kit\nFuck all the writers who used shit\nIma let it slide, better pass one\nGo to the past one\nDrizzy get the loot, he a fast one\nMake one, take one\nBoy you better snake one\nDeciding on all the people, you a fake one\nI might trace one\nIf a damn nigga got A1\nYes, I might as well take some\nPreach! Get all of the fuckers you tryna reach\nWalking up and down the motherfucking streets\nThey be biting like a damn motherfucking leech\nAll them damn bitches be something you wanna keep\n\n[Outro: Kendrick Lamar]\nI ain\u2019t gotta get still\nI ain\u2019t gotta get still\nJust live your life\nGet outta mine\nWhy is this so bad\nFucking with your dad\nJust live your-", "image": "https://images.genius.com/25d8a9c93ab97e9e6d5d1d9d36e64a53.1000x1000x1.jpg"}], "artist": "Kendrick Lamar"}