{"songs": [{"title": "She Needs Me", "album": "The Kendrick Lamar - EP", "year": "2009-12-31", "lyrics": "[Intro]\nOne time, reporting live, Compton, California\n\n[Verse 1: Kendrick Lamar]\nShe go to work, she go to school, her body smooth, no tattoos\nType of girl that\u2019ll make your mother feel comfortable\nMy pops love her too, she\u2019s compatible, she\u2019s independent\nShe handle her business, she believe in God and no other religions\nShe's never in competition, when it comes to her friends, she's dependable\nShe set her own trends, a confidant, a mediator, so sweet, every flavor\nJust a conversation with her doing you a favor, look at her hips, I want to be her pager\nConservative, affirmative, actually she relaxing in sweats and bobby pins\nThe beauty of her, a blind man can see, a true queen and she needs me\nShe needs me, she needs me, she needs me, she needs me\nThe beauty of her, swear to God, a blind man can see, a true queen and she needs me\n\n[Chorus: JaVont\u00e9]\nThat girl is smoking, and can you believe that I'm her focus?\nIt ain\u2019t hard to see she got me open, and together we are roller-coasting on\n\n[Verse 2: Kendrick Lamar]\nFive years later, an accounting major, work at a firm\nAbundance of paper, she got a career, she look in the rear\nView mirror of a Mercedes that she can steer\nCall her boss, executive meetings, consecutive trips, vacational weekends\nDior reeking through her Prada dress, probably the only product of her pure success\nGot a promotion, now she own the building\nHeaded to the top like she on the building, real estate, property\nShe order tender steak, only one mouth to feed, funded a youth center\nInvested in some stock, doubled what she put in, then bought a restaurant\nOh what a girl, how great life can be, even though she got the world, she needs me\nShe needs me, she needs me, she needs me, she needs me\nOh what a girl, wonder how her life can be, and though she got the world, she needs me\n\n[Chorus: JaVont\u00e9]\nThat girl is smoking, and can you believe that I'm her focus?\nIt ain\u2019t hard to see she got me open, and together we are roller-coasting on\n\n[Verse 3: Kendrick Lamar]\nWe lose touch, separated, years pass, I\u2019m outdated\nShe\u2019s dating one of Hollywood\u2019s famous entertainers, Denzel good\nPaparazzi spot \u2018em out shopping, Tuesday morning brunch, Benihana's\nTabloids paint a picture of a perfect couple\nHeadline reads when a famous actor loves you, Emmy Awards, Academy too\nOn the red carpet, dress matching his suit, she holding his arm\nShe waves at her moms and wave at the world, got the world in her palms\nHead in the clouds, star gazing, caught her on the stage, a proposal was waiting\nHe bent down, got on one knee, she looked him in the eye and said she needs me\nShe needs me, she needs me, she needs me, she needs me\nEven if we seem to separate, eventually it\u2019ll come to pass, and she\u2019ll need me\nI need her, we need we\n\n[Chorus: JaVont\u00e9]\nThat girl is smoking, and can you believe that I'm her focus?\nIt ain\u2019t hard to see she got me open, and together we are roller-coasting on", "image": "https://images.genius.com/de49545ec6453e829bb3ff6d34d088db.1000x1000x1.jpg"}], "artist": "Kendrick Lamar"}