{"songs": [{"title": "My Mind Drifts", "album": "What's Poppin Volume 1", "year": "2009-11-10", "lyrics": "As my mind drift and then split\nLike the middle of a spliff, I begin to catapult off\nThe cliff of the unknown\nI got a feeling in my funny bone that we're not the same\nJust antonyms of another age\nMy soul flock with the carefree\nWords of the wise, I spoke a hundred times like a gold D\nHaha LMFAO\nI hate y'all but I spread love like mayo\nThen spread slugs\nMy brain matter is a brain phantom\nSee my vision, or my vision'll stare at ya\nThis is the future if I say so, you copping fitted caps\nI'm about to go and cop a halo\nThe God of rap and I mean it, and I play football with Mars\nAnd marbles with Pluto and Venus\nWitness the genius, I interact with the inner city villains\nThat enters your system like a computer hack\nThen give you dap", "image": "https://images.genius.com/15fe0f31a2b540cf14817d4198463355.450x447x1.jpg"}], "artist": "Kendrick Lamar"}