{"songs": [{"title": "Faith", "album": "The Kendrick Lamar - EP", "year": "2009-12-31", "lyrics": "[Verse 1: Kendrick Lamar]\nI take a sip of Hennessy and then get pissy drunk\nI ain't a drinker, I'm a thinker, call it what you want\nBut if you turn your back, know that you just missed your chance\nTo witness the realest shit that's ever been told to man\nI found myself losing focus at a Sunday service\nEmbarrassed so I start questioning God, \"What is my purpose?\"\nHe said to live the way he did, that's all he want from me\nSpread the word and witness, he rose on the first Sunday\nI said alright, enthused that my Lord gave a listen\nI opened my Bible in search to be a better Christian\nAnd this from a person that never believed in religion\nBut shit, my life is so fucked up, man; I can't help but give in\nI'm giving testimonies to strangers I never met\nHopped on the pulpit and told them how I was truly blessed\nFelt like I'm free from all my sins when the service was over\nWalked out the church, then got a call that my homie was murdered\nThen lost my faith again\n\n[Hook: BJ The Chicago Kid]\nWhat am I gonna do\nGotta have faith\nLife is too much\nI'm just through\nWhere is your faith?\n(Don't you give up dont you give in...)\nFaith\nAll you need is the size of a mustard seed\n\n[Verse 2: Kendrick Lamar]\nSingle black parent from Compton raising children of 4\nThat's 4 innocent bastards cause Papa, they don't know\nHer day consists of working back and forth with babysitters\nCan't find no one to watch her kids, so she pay her sister\nHer baby daddy ain't 'bout shit, that nigga ain't 'bout shit\nSpilt his daughter milk just to cop a new outfit\nShe pray to God every night hoping that he'll mature\nAnd maybe one day his kids, something that he'll live for\nBaby wanna go back to school but she need some help\nBecause it's hard trying to pay the bills when you're by yourself\nShe thought about credit card scams, 'til she heard a voice\nThat said, \"The Devil is a lie, make a better choice.\"\nAnd so it's back to McDonald's and every month dealing\nWith those crazy ass people at the county building\nLooked to the heavens and asked Him to make a better way\nThen got a letter in the mail, lost her Section 8\nThen lost her faith again\n\n[Hook: BJ The Chicago Kid]\nWhat am I gonna do\nGotta have faith\nLife is too much\nI'm just through\nWhere is your faith?\n(Don't you give up dont you give in...)\nFaith\nAll you need is the size of a mustard seed\n\n[Verse 3: Punch]\nI had dreams of holding a 9 milla to Ray's killa\nAsk him why as my eyes fill up\nEach day it gets more realer, orangutans bang like gorillas\nIt's jungle when the niggas in zoo\nThe rats lurking, vultures circling the serpents\nCats lying through they teeth, my nigga didn't deserve it\nI flirted with the ideal of caressing the steel\nTo make karma come faster than she normally will\nIt's ill, to see my faith try and leave me\nIt's so hard to get it, to get rid of it is easy\nI'm tryna reach Cloud 9, that's what my niggas 'bout\nBut it never rain in California unless the pistols out\nUntil then, my feet planted on the ground\nShadowboxing my conscience till my faith start responding\nAnd if I get no answer, just know I tried\nI should have never looked into his son's eyes\nRayshawn Boyce\n\n[Hook: BJ The Chicago Kid]\nWhat am I gonna do\nGotta have faith\nLife is too much\nI'm just through\nWhere is your faith?\n(Don't you give up dont you give in...)\nFaith\nAll you need is the size of a mustard seed\n\n[Verse 4: Kendrick Lamar]\nThis for my people that stressing whenever times is hard\nYour mind's slipping, wondering, \"Is there really a God?\"\nKnowing you shouldn't think that way and trying to freeze your brain\nBut whenever there's pain, that feeling forever remains\nWe can't believe what we can't see and reality seems stronger than prayer\nCause you tried to change your life, and now you live in a wheelchair\nAnd your son was born with cancer and he live in urgent care\nAt the tender age of 12, and you feel that no one cares\nSearching for answers, that's human nature, you ain't in the wrong\nJust know when you feeling that way His Spirit's in the room\nI watched people I know pray and catch the Holy Ghost\nAnd wonder why I ain't ever caught that feeling before\nMaybe they know Him better, or I don't know no better\nBut what I do know, is that He's real and He lives forever\nSo the next time you feel like your world's about to end\nI hope you studied because He's testing your faith again\n\n[Outro: Kendrick Lamar]\nI'd rather not live like there isn't a God\nThan die and find out there really is\nThink about it", "image": "https://images.genius.com/de49545ec6453e829bb3ff6d34d088db.1000x1000x1.jpg"}], "artist": "Kendrick Lamar"}