{"songs": [{"title": "DNA.", "album": "DAMN.", "year": "2017-04-14", "lyrics": "[Verse 1]\nI got, I got, I got, I got\u2014\nLoyalty, got royalty inside my DNA\nCocaine quarter piece, got war and peace inside my DNA\nI got power, poison, pain and joy inside my DNA\nI got hustle though, ambition flow inside my DNA\nI was born like this, since one like this, immaculate conception\nI transform like this, perform like this, was Yeshua new weapon\nI don't contemplate, I meditate, then off your fucking head\nThis that put-the-kids-to-bed\nThis that I got, I got, I got, I got\u2014\nRealness, I just kill shit \u2019cause it's in my DNA\nI got millions, I got riches buildin' in my DNA\nI got dark, I got evil, that rot inside my DNA\nI got off, I got troublesome heart inside my DNA\nI just win again, then win again like Wimbledon, I serve\nYeah, that\u2019s him again, the sound that engine in is like a bird\nYou see fireworks and Corvette tire skrrt the boulevard\nI know how you work, I know just who you are\nSee, you's a, you's a, you's a\u2014\nBitch, your hormones prolly switch inside your DNA\nProblem is, all that sucker shit inside your DNA\nDaddy prolly snitched, heritage inside your DNA\nBackbone don't exist, born outside a jellyfish, I gauge\nSee, my pedigree most definitely don't tolerate the front\nShit I've been through prolly offend you, this is Paula's oldest son\nI know murder, conviction\nBurners, boosters, burglars, ballers, dead, redemption\nScholars, fathers dead with kids and\nI wish I was fed forgiveness\nYeah, yeah, yeah, yeah, soldier\u2019s DNA (soldier\u2019s DNA)\nBorn inside the beast, my expertise checked out in second grade\nWhen I was 9, on cell, motel, we didn't have nowhere to stay\nAt 29, I\u2019ve done so well, hit cartwheel in my estate\nAnd I'm gon' shine like I'm supposed to, antisocial extrovert\nAnd excellent mean the extra work\nAnd absentness what the fuck you heard\nAnd pessimists never struck my nerve\nAnd Nazareth gon\u2019 plead his case\nThe reason my power's here on earth\nSalute the truth, when the prophet say\n\n[Bridge: Kendrick Lamar & Geraldo Rivera]\nI got loyalty, got royalty inside my DNA\nThis is why I say that hip hop has done more damage to young African Americans than racism in recent years\nI got loyalty, got royalty inside my DNA\nI live a better life, I'm rollin' several dice, fuck your life\nI got loyalty, got royalty inside my DNA\nI live a be-, fuck your life\n5, 4, 3, 2, 1\nThis is my heritage, all I'm inheritin'\nMoney and power, the maker of marriages\n\n[Verse 2]\nTell me somethin'\nYou mothafuckas can't tell me nothin'\nI'd rather die than to listen to you\nMy DNA not for imitation\nYour DNA an abomination\nThis how it is when you in the Matrix\nDodgin' bullets, reapin' what you sow\nAnd stackin' up the footage, livin' on the go\nAnd sleepin' in a villa\nSippin' from a Grammy, walkin' in the buildin'\nDiamond in the ceilin', marble on the floors\nBeach inside the window, peekin' out the window\nBaby in the pool, godfather goals\nOnly Lord knows I've been goin' hammer\nDodgin' paparazzi, freakin' through the cameras\nEat at Four Daughters, Brock wearin' sandals\nYoga on a Monday, stretchin' to Nirvana\nWatchin' all the snakes, curvin' all the fakes\nPhone never on, I don't conversate\nI don't compromise, I just penetrate\nSex, money, murder\u2014these are the breaks\nThese are the times, level number 9\nLook up in the sky, 10 is on the way\nSentence on the way, killings on the way\nMotherfucker, I got winners on the way\nYou ain't shit without a body on your belt\nYou ain't shit without a ticket on your plate\nYou ain't sick enough to pull it on yourself\nYou ain't rich enough to hit the lot and skate\nTell me when destruction gonna be my fate\nGonna be your fate, gonna be our faith\nPeace to the world, let it rotate\nSex, money, murder\u2014our DNA\n\n[Video Outro]", "image": "https://images.genius.com/d25e7043f51c2de6acaf6c39caa60da2.1000x1000x1.jpg"}], "artist": "Kendrick Lamar"}