{"songs": [{"title": "Money Trees", "album": "good kid, m.A.A.d city (Deluxe Version)", "year": "2012-10-22", "lyrics": "[Produced by DJ Dahi]\n\n[Verse 1: Kendrick Lamar]\nUh, me and my niggas tryna get it, ya bish (ya bish)\nHit the house lick: tell me, is you wit' it, ya bish? (ya bish)\nHome invasion was persuasive (was persuasive)\nFrom nine to five I know it's vacant, ya bish (ya bish)\nDreams of livin' life like rappers do (like rappers do)\nBack when condom wrappers wasn't cool (they wasn't cool)\nI fucked Sherane and went to tell my bros (tell my bros)\nThen Usher Raymond \"Let It Burn\" came on (\"Let Burn\" came on)\nHot sauce all in our Top Ramen, ya bish (ya bish)\nPark the car, then we start rhymin', ya bish (ya bish)\nThe only thing we had to free our mind (free our mind)\nThen freeze that verse when we see dollar signs (see dollar signs)\nYou lookin' like a easy come-up, ya bish (ya bish)\nA silver spoon I know you come from, ya bish (ya bish)\nAnd that's a lifestyle that we never knew (we never knew)\nGo at a reverend for the revenue\n\n[Hook: Kendrick Lamar]\nIt go Halle Berry or hallelujah\nPick your poison, tell me what you doin'\nEverybody gon' respect the shooter\nBut the one in front of the gun lives forever\n(The one in front of the gun, forever)\nAnd I been hustlin' all day\nThis-a-way, that-a-way\nThrough canals and alleyways, just to say\nMoney trees is the perfect place for shade\nAnd that's just how I feel, nah, nah\nA dollar might just fuck your main bitch\nThat's just how I feel, nah\nA dollar might say fuck them niggas that you came with\nThat's just how I feel, nah, nah\nA dollar might just make that lane switch\nThat's just how I feel, nah\nA dollar might turn to a million and we all rich\nThat's just how I feel\n\n[Verse 2: Kendrick Lamar]\nDreams of livin' life like rappers do (like rappers do)\nBump that new E-40 after school (way after school)\nYou know, \u201cBig Ballin' With My Homies\u201d (my homies)\nEarl Stevens had us thinkin' rational (thinkin' rational)\nBack to reality, we poor, ya bish (ya bish)\nAnother casualty at war, ya bish (ya bish)\nTwo bullets in my Uncle Tony head (my Tony head)\nHe said one day I'll be on tour, ya bish (ya bish)\nThat Louis Burger never be the same (won't be the same)\nA Louis belt will never ease that pain (won't ease that pain)\nBut I'ma purchase when that day is jerkin' (that day is jerkin')\nPull off at Church's, with Pirellis skirtin' (Pirellis skirtin')\nGang signs out the window, ya bish (ya bish)\nHopin' all of 'em offend you, ya bish (ya bish)\nThey say your hood is a pot of gold (a pot of gold)\nAnd we gon' crash it when nobody's home\n\n[Hook: Kendrick Lamar]\nIt go Halle Berry or hallelujah\nPick your poison, tell me what you doin'\nEverybody gon' respect the shooter\nBut the one in front of the gun lives forever\n(The one in front of the gun, forever)\nAnd I been hustlin' all day\nThis-a-way, that-a-way\nThrough canals and alleyways, just to say\nMoney trees is the perfect place for shade\nAnd that's just how I feel, nah, nah\nA dollar might just fuck your main bitch\nThat's just how I feel, nah\nA dollar might say fuck them niggas that you came with\nThat's just how I feel, nah, nah\nA dollar might just make that lane switch\nThat's just how I feel, nah\nA dollar might turn to a million and we all rich\nThat's just how I feel\n\n[Bridge: Anna Wise]\nBe the last one out to get this dough? No way!\nLove one of you bucket-headed hoes? No way!\nHit the streets, then we break the code? No way!\nHit the brakes when they on patrol? No way!\nBe the last one out to get this dough? No way!\nLove one of you bucket-headed hoes? No way!\nHit the streets, then we break the code? No way!\nHit the brakes when they on patrol? No way!\n\n[Verse 3: Jay Rock]\nImagine Rock up in them projects\nWhere them niggas pick your pockets\nSanta Claus don't miss them stockings\nLiquors spillin', pistols poppin'\nBakin' soda YOLA whippin'\nAin't no turkey on Thanksgivin'\nMy homeboy just dome'd a nigga\nI just hope the Lord forgive him\nPots with cocaine residue\nEvery day I'm hustlin'\nWhat else is a thug to do\nWhen you eatin' cheese from the government?\nGotta provide for my daughter n'em\nGet the fuck up out my way, bish\nGot that drum and I got them bands\nJust like a parade, bish\nDrop that work up in the bushes\nHope them boys don't see my stash\nIf they do, tell the truth\nThis the last time you might see my ass\nFrom the gardens where the grass ain't cut\nThem serpents lurkin', Blood\nBitches sellin' pussy, niggas sellin' drugs\nBut it's all good\nBroken promises, steal your watch\nAnd tell you what time it is\nTake your J's and tell you to kick it where a FootLocker is\nIn the streets with a heater under my Dungarees\nDreams of me gettin' shaded under a money tree\n\n[Hook: Kendrick Lamar]\nIt go Halle Berry or hallelujah\nPick your poison, tell me what you doin'\nEverybody gon' respect the shooter\nBut the one in front of the gun lives forever\n(The one in front of the gun, forever)\nAnd I been hustlin' all day\nThis-a-way, that-a-way\nThrough canals and alleyways, just to say\nMoney trees is the perfect place for shade\nAnd that's just how I feel\n\n[Outro]\nK\u2019s Mom: Kendrick, just bring my car back, man. I called in for another appointment. I figured you weren\u2019t gonna be back here on time anyways. Look, shit, shit, I just wanna get out the house, man. This man is on one, he feelin' good as a motherfucker. Shit, I\u2019m tryna get my thing goin', too. Just bring my car back. Shit, he faded. He feelin' good. Look, listen to him!\nK\u2019s Dad: Girl, girl, I want your body, I want your body, 'cause of that big ol\u2019 fat ass. Girl, girl, I want your body, I want your body, 'cause of that big ol\u2019 fat ass\nK\u2019s Mom: See, he high as hell. Shit, and he ain\u2019t even trippin' off them damn dominoes anymore. Just bring the car back!\nK\u2019s Dad: Did somebody say dominoes?", "image": "https://images.genius.com/f3db37bb8953d6e671d8bb532da2e855.220x220x1.jpg"}], "artist": "Kendrick Lamar"}