{"songs": [{"title": "I'm Da Man", "album": null, "year": null, "lyrics": "[Verse]\nSee, I'm the man, tell 'em roger that\nI got bitches shattering glasses trying to holla back\nMy pockets fat, if not they getting there\nThat's VIP, nigga, you'll never get in there\nSee, I inspire conversation with dollar signs\nYou either talking money or just remain the mime\nShe got a fat ass with an amazing mind\nThat mean great brain\nI swear to God every time I pop off that I pop a vein\nNow ain't that true love?\nI tell her kill Cupid and give my crew love\nAnd you ain't getting it 'til you get in that jew love\nI'm talking Seinfeld, Ben Stiller, Wall Street, bank tellers\nTell 'em you couldn't bury with two cups\nPapa need his courage or face eternal extortion\nI harbor around the orbit on my Darth Vader\nYou'll see the light saber dropping jewels, Marc Jacobs\nYou know", "image": "https://images.genius.com/25d8a9c93ab97e9e6d5d1d9d36e64a53.1000x1000x1.jpg"}], "artist": "Kendrick Lamar"}