{"songs": [{"title": "Respect The Classic", "album": null, "year": "2016-08-08", "lyrics": "[Intro]\nPimp-pimp hooray\nPimp-pimp hooray\nHooray\nPimp-pimp hooray\nPimp-pimp\n\nClassic Timeless rules forever\n\n[Talking]\nBy the time I start writing when I was thirteen I knew from the jump I wanted something that was original that was classic\n\n[Freestyling]\nI freestyle over anything give me a instrumental\nI bet I make bells ring\nI bet I make birds sing\nIt sounds that good\nI'm so street and I'm so hood\nAnd I'm intelligent and I'm special and I'm heaven sent\nHaha\n\nWhen you think about rhymes and style you always want a classic feel so my first introduction to a classic shoe was the moment I stepped in school and said, I want to put something down on paper. I started writing. Everyone in the classroom was wearing Reebok classics\n\nHip-hop was more than just the music. It was part of culture. It was part of havin' style it was part of a whole graffiti and arts\n\nHot off the press\nHot off success\nLook how I dress free, me\nReebok complete", "image": "https://images.genius.com/25d8a9c93ab97e9e6d5d1d9d36e64a53.1000x1000x1.jpg"}], "artist": "Kendrick Lamar"}