{"songs": [{"title": "Alright (BET Version)", "album": null, "year": "2015-06-28", "lyrics": "[Produced by Pharrell Williams & Sounwave]\n\n[Intro]\nAlls my life I has to fight, hittas\nAlls my life I...\nHard times like, \"Yeah!\"\nBad trips like, \"Yeah!\"\nNazareth, I'm on one\nHomie you on one\nBut if God got us\nThen we gon' be alright\n\n[Chorus: Pharrell Williams]\nWe gon' be alright\nWe gon' be alright\nWe gon' be alright\nDo you hear me, do you feel me? We gon' be alright\nWe gon' be alright\nHuh? We gon' be alright\nWe gon' be alright\nDo you hear me, do you feel me? We gon' be alright\n\n[Verse 1]\nUh, and when I wake up\nI recognize you're lookin' at me for the pay cut\nBut homicide be lookin' at you from the face down\nWhat Mac-11 even boom with the bass down\nSchemin', and let me tell you 'bout my life\nPainkillers only put me in the twilight\nWhere pretty uh, uh is the highlight\nNow tell my momma I love her but this what I like, Lord knows\n20 of 'em in my Chevy, tell 'em all to come and get me\nEverything I sow, so my karma come\nAnd heaven no preliminary hearing, so my record\nTell the world I know it's too late\nBoys and girls, I think I gone cray\nDrown inside my vices all day\nWon't you please believe when I say?\n\n[Pre-Chorus]\nWouldn't you know\nWe been hurt, been down before\nHitta, when our pride was low\nLookin' at the world like, \"Where do we go?\"\nHitta, and we hate po-po\nWanna kill us dead in the street fo' sho'\nHitta, I'm at the preacher's door\nMy knees gettin' weak, and my gun might blow\nBut we gon' be alright\n\n[Chorus: Pharrell Williams]\nWe gon' be alright\nWe gon' be alright\nWe gon' be alright\nDo you hear me, do you feel me? We gon' be alright\nWe gon' be alright\nHuh? We gon' be alright\nWe gon' be alright\nDo you hear me, do you feel me? We gon' be alright\n\n[Verse 2]\nWhat you want, you a house, you a car?\nA piano, a guitar?\nAnything, see my name is Lucy, I'm your dog\nLook, you can live at the mall\nI can see the evil, I can tell it, I know it's illegal\nI don't think about it, I deposit every little zero\nThinkin' of my partner, put the candy, paint it on the Regal\nDiggin' in my pocket, ain't a profit big enough to feed you\nEveryday my logic, get another dollar just to keep you\nIn the presence of your chico... ah!\nI don't talk about it, be about it, everyday I sequel\nIf I got it then you know you got it, heaven, I can reach you\nPet dog, pet dog, pet dog, my dog, that's all\nPick back and chat, I trap the back for y'all\nI rap, I black on track so rest assured\nI right my wrongs; I write 'til I'm right with God\n\n[Pre-Chorus] + [Chorus]\n\n\n[Verse 3: Kendrick Lamar]\nGet back\nLook I started from the bottom, at the very bottom\nMixin' Hen with similac my momma knew I had a problem\nI was jibbing for a bottom, putting quarter pieces in the black caprice and make it holla (Alright)\nNo releasing me, I got the piece in me, I gotta\nKeep the decency and make them TNT my product\nI'm a C-O-M-P-T-O-innovator, energizer\nInner-city bullet fly 'til that thing on auto pilot (Alright)\nI don't really care about the care abouts\nAll I care about is wearing out your upper body\nWhen I catch ya, when I catch ya, walking out your parents house\n(Alright)\nFourteen years old sound so raw making plays home boy\nBig K's and my big dogs\nNever, ever, went straight home, boy\n(Alright)", "image": "https://images.genius.com/25d8a9c93ab97e9e6d5d1d9d36e64a53.1000x1000x1.jpg"}], "artist": "Kendrick Lamar"}