{"songs": [{"title": "\u200buntitled 05 | 09.21.2014.", "album": "untitled unmastered.", "year": "2016-03-03", "lyrics": "[Hook: Anna Wise & Kendrick Lamar]\nSomebody said you bumped your head and bled the floor\nJumped into a pit of flames and burned to coal\nDrowned inside the lake outside, away you flow\nAnd that means the world to me\nAnd that means the world to me\nAnd that means the world to me\nAnd that means the world to me\nSomebody said you bumped your head and bled the floor\nJumped into a pit of flames and burned to coal\nDrowned inside the lake outside away you flow\nAnd this I know\n\n[Verse 1: Kendrick Lamar]\nI got 100 on my dash, got 200 in my drum\nName in the grab bags, put my Bible in the trunk\nTaaka vodka on the top of my binocular I'm drunk\nHow come I can make them popular, pop em' when I want\nSee I'm livin' with anxiety, duckin' the sobriety\nFuckin' up the system I ain't fuckin' with society\nJustice ain't free, therefore justice ain't me\nSo I justify his name on obituary\nWhy you wanna see a good man with a broken heart?\nOnce upon a time I used to go to church and talk to God\nNow I'm thinkin' to myself, hollow tips is all I got\nNow I'm drinkin' by myself, at the intersection, parked\nWatch you when you walk inside your house\nYou threw your briefcase all on the couch\nI plan on creeping through your fuckin' door and blowin' out\nEvery piece of your brain until your son jump in your arms\nCut on the engine, then sped off in the rain, I'm gone\n\n[Hook: Anna Wise]\nSomebody said you bumped your head and bled the floor\nJumped into a pit of flames and burned to coal\nDrowned inside the lake outside, away you flow\nAnd that means the world to me\nAnd that means the world to me\nAnd that means the world to me\nAnd that means the world to me\n\n[Verse 2: Punch & Kendrick Lamar]\nDrove alone, with a bottle of his own grippin' the handle\nLit off henny, I'm tryna dismantle\nThese wicked ways, I've engaged in such a gamble\n'Cause I could speak the truth and I know the world would unravel, wait\nThat's a bit ambitious maybe I'm trippin'\nMaybe I'm crazy, maybe I exist in a different dimension\nNot to mention when I close my eyes I see the distance\nIt's such a scary sight so I rarely go to sleep at night\nI watch the sun rise then I watch the sun fall\nStudied the son of God and still don't recognize my flaws\nI guess I'm lost, the cost of being successful is equal to being neglectful\nI pray my experience helps you\nAs for me I'm tryna sort it out\nSearching for loopholes in my bruised soul\nBut who knows?\nI just need a little space to breathe\nI know perception is key, so I am king\n\n[Verse 3: Kendrick Lamar and Jay Rock]\nThe other side has never mortified my mortal mind\nThe borderline between insanity is father time\nI fall behind my skeleton, they tell me that I'm blind\nI know that I'm intelligent, my confidence just died\nCarpe diem, seize the day, I can't compromise\nA tape worm couldn't cure this gluttonous appetite\nA couple trinkets, they seein me as I pacify\nBut couldn't fathom the meaning of seein' sacrifice\nI'm passin' lives on a daily, maybe I'm losing faith\nGenocism and capitalism just made me hate\nCorrectionals and these private prisons gave me a date\nProfessional dream killers reason why I'm awake\nI'm sleep walkin', I'm street stalkin', I'm outta place\nReinforcing this heat barking, these are the brakes\nBefore I blink do I see me before them pearly gates?\nOr this is just a mirage or a facade\nWait", "image": "https://images.genius.com/45790022edf45dc9796e781a40cabb42.1000x1000x1.jpg"}], "artist": "Kendrick Lamar"}