{"songs": [{"title": "Want In Life", "album": null, "year": "2018-09-29", "lyrics": "[Intro]\nUh, yeah\nHa-ha-ha, ha, uh\n\n[Verse]\nI said chilling in my tipi, no Indian but he be\nThe realest shit, I must admit, I'm basking in my feces\nMy style is harder, yours is watered down, Fiji\nThe bible or my CD? Both of them are said to be the\nFormula to live your life, or coping with the ills\nNo time to play kid, I think you needs to chill\nHouseparty with killers, pray for it to defill us\nWhere exes think it's buffy, and chandeliers hang from ceilings\nI'm dreaming, I'm scheming to be major\nComposer like I'm Mozart, the sequel to Amadeus\nToday is, the day I see the sun, ignoring all the rain\nThe fat lady has sung, octaves as high as planes\nPaper by the forest tree, acres of the THC\nI don't smoke with homies though, find a cloud then have a seat\nWonder how Meyer Lansky live to see 80\nI just wanna see Mercedes give me head in Mercedes\n'Knahmean?\n\n[Pre-Chorus]\nAnd guess what?\nI need all of mine's\u2014mo' paper, mo' dough\nI need all of mine's\u2014more pussy, more hoes\nI-I need all of mine's\u2014and yeah, publishing, can't forget publishing\nNigga\n\n[Chorus]\nJust ride, don't ask where we going (ay)\nJourney through the sky, cloud nine, no bowing (ay)\nBaby take your time, I'ma keep it in control and\nGive you what you need and give you what you want in life\n\n[Outro]\nI need all of mine's\nI need all of mine's\nI-I need all of mine's\nJust ride, don't ask where we going\nJourney through the sky, cloud nine, no bowing\nBaby take your time, I'ma keep it in control\nGive you what you need and give you what you want in life", "image": "https://images.genius.com/25d8a9c93ab97e9e6d5d1d9d36e64a53.1000x1000x1.jpg"}], "artist": "Kendrick Lamar"}