{"songs": [{"title": "ELEMENT. (clean)", "album": null, "year": "2017-04-14", "lyrics": "[Intro: Kid Capri & Kendrick Lamar]\nNew Kung Fu Kenny\nAin't nobody prayin\u2019 for me\nY'all know, what happens on Earth stays on Earth\nHere we go!\nI don't give a - , I don\u2019t give a -\nI don't give a, I don't give a, I don't give a -\n\n[Verse 1]\nI'm willin' to die for it\nI done cried for it, might take a life for it\nPut the Bible down and go eye for an eye for it\nD-O-T my enemy, won't catch a vibe for it, ayy\nI been stomped out in front of my momma\nMy daddy commissary made it to commas\nTell 'em all my grandmas dead\nSo ain\u2019t nobody prayin\u2019 for me, I'm on your head, ayy\nThirty millions later, know the feds watchin\u2019\nAuntie on my Telegram like, \"Be cautious!\"\nI be hangin' out at Tam's, I be on Stockton\nI don't do it for the \u2019Gram, I do it for Compton\nI'm willin' to die for it\nYou don't know I take your life for it\nWe ain't goin' back to broke, family on the ropes\nSo all you little maney rappers better know\n\n[Chorus]\nIf I gotta check a fake one, I'ma make it look sexy\nIf I gotta go hard on a bih, I'ma make it look sexy\nI pull up, hop out, air out, made it look sexy\nThey won't take me out my element\nNah, take me out my element\n\n[Verse 2]\nI've been allergic to a building with ya\nI've been allergic to a dealin' with ya\nI've been allergic if it ain't about a million with ya\nGoin' digital and physical on all y'all, ayy\nBunch of criminals and money in my phone calls, ayy\nWe okay, we let the A1 fly\nRelocate, jump on the same G5\nCheckin' for me heavy 'cause I go yeah, I go yeah\nThey never been ready, yeah, I know yeah, know yeah\n100K spread across the floor, 'cross the floor, yeah\nNone of y'all - with the flow yeah, the flow yeah\nYears in the makin', and don't y'all mistake it\nI got 'em by a landslide, we talkin' about races\nYou know this'll never be a tie, just look at their laces\nYou know careers take off, just gotta be patient\nMr. One through Five, that's the only logic\nFake my death, go to Cuba, that's the only option\n\n[Chorus]\nIf I gotta check a fake one, I'ma make it look sexy\nIf I gotta go hard on a bih, I'ma make it look sexy\nI pull up, hop out, air out, made it look sexy\nThey won't take me out my element\nNah, take me out my element\n\n[Bridge]\nDamned if I do, if I don't (yuh)\nGoddamn us all if you won't (yuh)\nDamn, damn, damn, it's a goddamn shame\nYou ain't front in line, get out the goddamn way\n\n[Verse 3]\nOh they thought they wasn't gonna see me, huh?\nOh they thought that K-Dot real life\nWas the same life they see on TV, huh?\nOh y'all wanna flex on me and be in L.A. for free, huh?\nNext time they hit the 10 freeway, we need a receipt, huh?\n'Cause most of y'all ain't real\nMost of y'all gon' squeal\nMost of y'all just envy, but jealousy get you killed\nMost of y'all throw rocks and try to hide your hand\nJust say his name and I promise that you'll see Candyman\nBecause it's all in your eyes, most of y'all tell lies\nMost of y'all don't fade, most of y'all been advised\nLast LP I tried to lift the black artists\nBut it's a difference between black artists and wack artists\n\n[Outro: Kendrick Lamar & Kid Capri]\nIf I gotta slap a -, I'ma make it look sexy\nIt's the one and only, the world's greatest, the Kid Capri\nIf I gotta go hard on a -, I'ma make it look sexy\nI pull up, hop out, air out, made it look sexy\nThey won't take me out my element\nNah, take me out my element", "image": "https://images.genius.com/25d8a9c93ab97e9e6d5d1d9d36e64a53.1000x1000x1.jpg"}], "artist": "Kendrick Lamar"}