{"songs": [{"title": "The Jig Is Up", "album": null, "year": null, "lyrics": "[Intro]\nPraise to the almighty, HiiiPower\nMe and my niggas\n3 eyes to my alumni\nI wanna hear, turn me up\nTurn me up a little bit more\nMy nigga Cole in this motherfucker, sup nigga\nThere we go yeah, turn me up\n\n[Verse 1]\nPicture plenty pussies throwing pelly guns at me\nParanoia making it more than difficult for me to sleep\nPinnacle, I know I be, centerfold, I know I got\nBut they hate to frame me as the Mona Lisa of hip hop\nSo retaliation is a must\nWhen we bend the block, my niggas dumping out the roof\nDrive past, guns blast, shooting up the charts too\nMe, K-D-O-T, put TNT inside my suit\nWalk inside the label, struck a match, then I blew\nC4 everywhere, C4 everywhere\nI got three hoes with me, it smells like Dior and derri\u00e8re\nDecoy Dodge slow, you can detour to Heaven\u2019s stair\nWalking inside Hell\u2019s dungeons, I just might derail something\nThey pussies, I smell something\nYou dush on the daily niggas, you push on them daisies\nI push on gas on the Mercedes, nigga\nCame in this game with a Rolie chain and a dream\nBecame reality, made some casualties, my choppers scream\n\n[Hook]\nAnd now we dumping out the roof\nDrive past, guns blast, shooting up the charts too\nMe, K-D-O-T, put T-N-T inside my suit\nWalk inside the label, struck a match, then I blew\n\n[Verse 2]\nNigga that thought Good Kid might flop, or that I might go pop\nOr your bitch won\u2019t drop, knees when my shit drop\nYou\u2019re too infatuated by the fucking numbers\nShould make it easy for me to divide and conquer\nI come from Compton, we ain\u2019t have it all\nSmoke a space inside the cafeteria hall\nAnd I\u2019m putting fear in you all\nSee your skeletons shaking\nJump out your body, you Ricky Bobby unti you naked\nY\u2019all pray to God this week I be putting out bombs\nI pray to God this beat is good enough for Shyne\nIf not J.Cole, your shit is trash\nBut at least my opinion just made everyone laugh\nThis is where we at? I guess it\u2019s entertainment\nI guess this is speculation making a classic king with\nIf I ain\u2019t have the patience I\u2019d probably self destruct\nReal people want real music, the jig is up\n\n[Bridge: Kendrick Lamar & J Cole]\nYour worst fear is confirred, we love that you crashed and burn the real is back\nKDOT it\u2019s your turn, take your victory lap\nKing Cole salutin\u2019 Compton\u2019s own King Kendrick\nThat's the sky is falling, the wind is calling\nStand for something or die in the morning\nThe city hail King Kendrick Lamar\nThe world hail King Kendrick Lamar\n\n[Hook]\n[Outro]\nThis is my life and I look at it like it's my last\nAnd I\u2019m lookin\u2019 right past the future as I reminisce on my past\nAnd I don\u2019t even think how I used to, my mind is on rocket blast\nAnd I don\u2019t even drink like I used too, and I don\u2019t even smoke\nSo you know this natural flow is for users since they want to go to rehab\nLookin\u2019 at the coke that he had, matter fact that followers bother them\nThen but I won\u2019t say my bad, see I just lay in the cut\nWatch the product stack up, motherfucker what what\nSee now we dumpin\u2019 out the roof", "image": "https://images.genius.com/25d8a9c93ab97e9e6d5d1d9d36e64a53.1000x1000x1.jpg"}], "artist": "Kendrick Lamar"}