{"songs": [{"title": "6 Foot 7 Foot (Freestyle)", "album": null, "year": "2010-12-15", "lyrics": "[Verse 1: Kendrick Lamar]\nSaid I'm a fuckin' monster\nA massive attack I haunt ya\nMastered the rap then fucked up the monitors\nMastered that after that I went for thermometors\nPopped 'em all, then popped in the jaw of Tracy Veronica\nHolla back they promised us\nNo pajamas insomnia\nWill attack, I attack like piranha does\nHit your block like a comet (BLAHH!)\nAnd you all know what time it is\n2012, mark your calendars calisthenics and silencers exercisin' that trigger strap\nRock with us Metallica, competition no talented\nI'm in a jungle what's wild enough\nJust might stumble upon a pack of lions\nNo lyin' my soldiers dyin' this is Iraq\nAlliances lining with stars and bars of a prison rep\nMy science applyin' pressure her stretcher is needed pay the proceeds\nOr your livin' debt y'all soft as a giga-pet\nYou niggas can't see me unless you watchin' the TV or ultra huggin' my silhouette\nMy flow got the ceiling wet\nI spit 'til I feel my breath\nWho sinkin' my fuckin' chest\nShe fuckin' the fuckin' best\nMean my dick is the dick of death\nMeans I'm killin that pussy\nLike Spike whenever that Jerry slept\n\n[Verse 2: Kendrick Lamar]\nYeah Dre\nMe and Andre the Giant, 6'7 and climbin'\nWhether you storm to your climate\nWhether your beat makin' or rhyming\nBumpin some Phyllis Hyman\nHand full of diamonds like Jay fans\nOn a island with Ray Bans\nGlasses palmin' asses that probably came wit a great tan (laughs)\nI be the motherfuckin' mecca of these hub city spectrum\nWhere they at I will dissect them like a fucking frog rectum\nWhy you wreckin' with irreputable my worst flow incredible\nThey probably call the federal after I slaughter several\nEtcetera etcetera Bentley passin up Celicas\nThey tellin' us about shit, HiiiPoWeR in your mouth, bitch\nAnd Top Dawg can vouch bitch\nNigga what you 'bout, about face with army outfits\nThe generals here\nThat mean the hustlers and the criminals here\nPenitence reachin' pinnacles of life and despair and me I solemnly swear to handle mine like a Taliban and die for it\nOnly difference is I ain't never askin' Allah for it\nOnly difference is I be spazzin' and still a proud poet\nPut me in a category\nI don't know what's a sadder story\nGuts and glory\nYour pain bore me you ain't really lived it\nI take you to a block where they Crippin\nOr Piru that 5'2 gun bigger than the torso of Pippen\nBitch I been doin' before you niggas ruined it\nShow me somethin' different\nYou either kissin' dick or givin' me distance\nYou live in a district of dimebags and dummies I know your statistics\nWho your boss, he more like my assistant\nGet lost have a egg and a biscuit\nBreak fast when we aimin' them biscuits\nPay cash when your chain come up missin'\nQ...Q\n\n[Verse 3: ScHoolboy Q]\nDouble up, shit, what the fuck?\nGet me some my promo poppin'\nSetbacks droppin'\nSoon they watchin'\nI just lock and load explode\nTarget flowed I'm somewhere blowed\nMarriotts and Swisher Sweets\nLA nigga prolly east\nCheerin' for the ragin' beats\nX O henny scrape the keif\nBangin C I'm bangin' B\nPut them niggas next to me\nStop and focus get the lead\nI'm here now let the hardest speak\nYa all them dudes got ovaries, period\nRun on sentence still I'm ventin'\nAir conditionin' coolest breeze\nIll diseases\nGrip my penis, shoot my semen\nStill I'm comin', miles a runnin'\nI was learnin' getting knowledge\nHead is throbbin', she's a goblin\nWe be mobbin' over bitches\nStick and miss and she the business\nGet a witness pussy frenchin\nYes, a mission\nPoppin' off like on a mission\nProposition, gettin' money\nDrop a nigga, rush a nigga\nStomp a nigga, crush a nigga\nDust a nigga, copperhead gon' thrust a nigga\nHeatin' up the winnnin nigga\nSomethin' to remember nigga\nHella sick, I got a spit\nCurse with a verse like God told me to kill the shit\nLoad the clip Heckler & Koch\nThe hoover king\nBada bing by the ding a ling\nNatural hoover\nFing ring with a vision clearin' it with Visine\nAsian from Beijing\nMoney make her cum, she C.R.E.A.M\nFeed the weak that's Wing Stop\nAt the start with rain drops\nAutobot\nSpace shuttle shittin on your car lots\nBoy style\nCould at least got a saturn, huh?\nHiiiPoWer see our patent, huh?\nWorkin' on tracks like we never been free\n22 squezze niggas shootin' off C\u2019s\nPlease thought a nigga shot 16\u2019s\nRhyme 16\u2019s\nBada bing, bing, bing, bing.... bing\n\n[Outro: Kendrick Lamar]\nIf you want to be from HiiiPoWeR\nPlease come to friend zone\nBut don't wowwy\nYou will not suck on my dick tonight", "image": "https://images.genius.com/25d8a9c93ab97e9e6d5d1d9d36e64a53.1000x1000x1.jpg"}], "artist": "Kendrick Lamar"}