{"songs": [{"title": "Do It Again", "album": null, "year": null, "lyrics": "Yo, this ya man Wiz Khalifa, yo La Leakers, where the fuck did y'all find this one?\nI had that one zipped up with the good shit\n\nEveryday I try to escape the realities of this world\nSo I tell a disc jockey \"press play\" while I press up on a girl\nIn the midst of the smoke in the air\nThe reflection of lights that glare\nShe'll be out of control like a hydroplane in plain sight I might have to stare\nAnd that's power steering, a power trip will see my appearance\nPile of hundreds all on a prowl like vampires in the darkest dungeon\nSpeakers bumpin', drinks is pouring\nWe in the house, we paid the mortgage, tyrannosaurus\nThat's real big, pop my collar, pop that lid\n\nFlashin' lights, model types, vixen show me much love\nPut the bottles on that ice, drink like we supposed to\nFire burning, heads is turning, all I see is energy\nSo eventually we'll do this 'til the sun come up (the sun)\nWe'll do this 'til the sun come up (the sun)\nSmoke like this 'til the sun come up (the sun)\nWe'll do this 'til the moon is dropping day break watching\nThen do it again\n\nSome people stay home and sleep, me I go out at night\nAll seven days of the week, I live the party life\nI got my dogs with me, you can bring some of your friends\nWe going hard 'til the sun come up and do it again\nI got a drink in my hand they playing my favorite song\nThis girl that's dancing on me ain't got no panties on\nAnd she gonna come back to my hotel, don't tell\nAnyone about us, I'm here to party all night\n\nCome to my section (my section)\nAnd down some of this liquor\nThen tell me what it hit for\nGon' be some things I don't remember\nSo take some camera phone pictures\n\nCome to my section (my section)\nAnd down some of this liquor\nThen tell me what it hit for\nGon' be some things I don't remember\nSo take some camera phone pictures", "image": "https://images.genius.com/25d8a9c93ab97e9e6d5d1d9d36e64a53.1000x1000x1.jpg"}], "artist": "Kendrick Lamar"}