{"songs": [{"title": "Black Friday", "album": "Black Friday", "year": "2015-11-27", "lyrics": "[Produced By Vinylz]\n\n[Intro]\nDick hard like rottweiler\nCan you handle it? Can you handle it? Woo woo, woo woo\n\n[Verse]\nThe whole industry been in shambles\nEverybody fugazi, I\u2019m just changing the channel\nKendrick Lamar, the people\u2019s champion, I'm animal for analysts\nCareer damaging verses, meditating with candles lit\nI like my raps extra prolific\nSince freestyling on lunch tables and park benches\nAnd I won\u2019t mention my ten thousand hours in training\nWhile juggling, gang-banging, my balancing was tremendous\nAnd now we look at the competition as quick submission\nThey tappin\u2019 out before we even get a chance to miss \u2018em\nWhat this about, is it money or skill?\nMaybe it\u2019s both and I got large amounts of it, it\u2019s real\nYou see my oath is very unbreakable, my style is never mistakable\nI can see y\u2019all incapable\nTo be the God emcees, you know me well\nRidiculous, venomous, hate in my heart, the sinister\nRun for cover, my lineage prove itself\nI\u2019m rollin\u2019 deep in that paper like two Adeles\nBefore scholars, I flowed tighter than virgin lips\nWe had to shake the game up and you're flying through turbulence\nEverything is high stakes nowadays, that\u2019s how it played nowadays\nIt\u2019s like an 8-ball to the face nowadays\nI'm laced nowadays, my gun is off the waist nowadays\nIt\u2019s seven figures and retainer for the case nowadays, I'm talking\nHigher power, every other hour since Eddie Bauer\nSince stash boxes and lead showers, breaking the padlock\nAnd the dead coward dying a thousand deaths, entire lion\nSurround itself with bears, watch it nigga, you share a profit, ah!\nThis is what they want, I\u2019m the one\nThis is vintage from nineteen-eighty-somethin'\nI\u2019m the son of the pioneer that got you near the sun\nPlay with him, bitch you better off voting for Donald Trump\nI\u2019m yelling Mr. Kanye West for president\nHe probably let me get some head inside the residence\nI\u2019m in the White House going all out\nBumping College Dropout, God-bless Americans\nNothing more influential than rap music\nI merge jazz fusion with the trap music\nI mix black soul with some rock and roll\nThey never box me in, I\u2019m David Blaine-ing all you hoes\nOh yea, let\u2019s go there, my DNA is DMT, I\u2019m so rare\nMy Juvenile was wilder than the Nolia\nA locomotive couldn\u2019t track me down in my career\nRunnin\u2019 this shit with four pair, son of my bitch, I might demolish\nA bitch right in front ya, chico, what have you done here?\nD-Bo, all of it one year, Mississippi to California\nIt gets annoying, niggas wanna deploy him\nAnd bitches wanna adore him, but industry shit ain\u2019t for him\nProbably thinking it\u2019s for him, only one me\nSwallowed the key and kicking the door in, never leasing my foreign\nMr. Valevictorian studied the game before them\nListen to you with boredom, baby rappers, abort them\nTo the grave I deport them, corporations extort them\nI\u2019m snapping off my endorphins, I alien mighty morphin\u2019\nMy radiance rather gorgeous, hundred bill to the doorman\nHundred mil in my fortune, they call me back in the morning\nYou're racing against the tortoise, pace myself it\u2019s important\nLace myself with the wisdom my playerism enormous\nSo pay the man for performance, saucy all of my garments\nJimi Kendrix performing, this fucking studio haunted (Ah!)\nI tell a bitch don\u2019t sweat me (Don't sweat me)\nI kill this whole fuckin\u2019 beat if Cole let me (Please Cole)\nIb should\u2019ve never sent the instrumental\nEvery time I start writing I get sentimental\nThis shit is just not fair\nBut why the fuck should I care?\nThe story of your life here\nTwo young stars was born and y\u2019all gon\u2019 die here\nOh Lord, gotta be the yams\nBillboard list need 2Pac, damn\nBut number 9 makes sure he lives on, yeah\nHoochie, coochie, pussies in a trance\nEvery day a celebration, but even the valley peaking me\nIs not validation, nigga this TDE\nAnd my doggies be salivating, salaries, better ratings\nAnd casualties all around me, don\u2019t make me do demonstrations\nWhoa\nMurder my allegations and burning my finger traces\nAdjourning my power patience and earning royalty payments\nI\u2019m sorry y\u2019all not relating, this party is reservated\nI kill this whole muthafucking beat if J. Cole say it\nMy nigga Ib chopped the instrumental, I gotta slay it\nI gotta lay it, gotta show you fuckers I\u2019m not to play with\nThe ruckus had been my favorite, King Kunta the fuckin\u2019 greatest\nWhoa\nBurnin\u2019 my leather-\n(Nah I\u2019m just fuckin\u2019 wit cha)\n\n[Kayla Duckworth: Laugh]", "image": "https://images.genius.com/7b2b9655f6189a5e3131d15181ecc1e4.500x500x1.jpg"}], "artist": "Kendrick Lamar"}