{"songs": [{"title": "Poetic Justic(Live Version)", "album": "3ChordFold Pulse", "year": null, "lyrics": "[Intro]\nEvery second, every minute\nMan, I swear that she can get it\nSay if you a bad bitch, put your hands up high\nHands up high, hands up high\nTell 'em dim the lights down right now\nPut me in the mood\nI'm talkin' about dark room, perfume, go, go\n\n[Verse 1]\nI recognize your fragrance\nHold up, you ain't never gotta say shit\nUh, and I know your taste is\nA little bit, hmm, high maintenance\nUh, everybody else basic\nYou live life on an everyday basis\nWith poetic justice, poetic justice\nIf I told you that a flower bloomed in a dark room\nWould you trust it?\nI mean, I write poems in these songs dedicated to you when\nYou're in the mood for empathy, there's blood in my pen\nBetter yet, where your friends and 'em?\nI really wanna know you all\nI really wanna show you off\nFuck that, pour up plenty of champagne\nCold nights when you curse this name\nYou called up your girlfriends\nAnd y'all curled in that little bitty Range\nI heard that she wanna go and party, she wanna go and party\nNigga, don't approach her with that Atari\nNigga, that ain't good game, homie, sorry\nThey say conversation rule a nation, I can tell\nBut I could never right my wrongs\n'Less I write it down for real, P.S\n\n[Hook]\nYou can get it, you can get it\nYou can get it, you can get it\nAnd I know just, know just, know just\nKnow just, know just what you want\nPoetic justice, put it in a song, alright\nYou can get it, you can get it\nYou can get it, you can get it\nAnd I know just, know just, know just\nKnow just, know just what you want\nPoetic justice, put it in a song, alright\n\n[Verse 2]\nEvery time I write these words they become a taboo\nMakin' sure my punctuation curve, every letter here's true\nLivin' my life in the margin and that metaphor was proof\nI'm talkin' poetic justice, poetic justice\nIf I told you that a flower bloomed in a dark room\nWould you trust it? I mean, you need to hear this\nLove is not just a verb, it's you lookin' in the mirror\nLove is not just a verb, it's you lookin' for it, maybe\nCall me crazy, we can both be insane\nA fatal attraction is common, and what we have common is pain\nI mean, you need to hear this, love is not just a verb\nAnd I can see power steerin', sex drive when you swerve\nI want that interference, it's coherent, I can hear it\nUh-huh, that's your heartbeat\nIt either caught me or it called me, uh-huh\nRead slow and you'll find gold mines in these lines\nSincerely, yours truly, and right before you go blind, P.S\n\n[Hook: Kendrick Lamar]\nYou can get it, you can get it\nYou can get it, you can get it\nAnd I know just, know just, know just\nKnow just, know just what you want\nPoetic justice, put it in a song, alright\nYou can get it, you can get it\nYou can get it, you can get it\nAnd I know just, know just, know just\nKnow just, know just what you want\nPoetic justice, put it in a song, alright", "image": "https://images.genius.com/25d8a9c93ab97e9e6d5d1d9d36e64a53.1000x1000x1.jpg"}], "artist": "Kendrick Lamar"}