{"songs": [{"title": "Freestyle vs Fan (On Rigamortis Beat)", "album": null, "year": "2014-01-26", "lyrics": "Kendrick:\n\nGot me breathing with dragons\nI crack the egg on you bastard\nWhy you step to the master\nLike you sick with this\nI really do this shit\nYou not equivalent to the Kdot the almighty\nWatch this, I will body\nAnybody in the crowd\nYou want me john gotti, couldn't see me\nYou peeping this is freestyle off top of the dome\nI'll let you know why every other rapper need to go home\nThis a new verse, I put rappers in new hearse\nI take rappers to new church\nWho wanna see me, you first\nThen him second, then you third\nNouns, my verbs\nBattle these words\nNigga that shit is absurd\n\nTroi Breeze:\n\nOK if I'm 2nd or I'm 3rd\nWhatever he just said you heard\nBut I'm coming through and I think that I got a new verse\nGoin' off the top of the dome\nI'm really tryna change the way that I've been livin' at home\nI'm really doin' it\nNigga I be doin' this\nNigga I come through with this\nNigga I will do it and I swear I am so studious\nNigga I'm a student and I peeped the way you did it\nNow I'm bout to do it off of the top of the fuckin' tip\n\nKendrick:\n\nIf you bout to do off of the top, then fucking did it\nIf you say that you the best, then nigga won't you admit it\nI see you got the waves in your hair i been there\nBack in 8th grade, when the pussy i was scared\nBut now im seeing all kinds of woman in peripheral\nThis is individual, this here is a ritual\nThis here is spiritual\nThis is not rap , this is god body\nNigga this ain't nothing close to lyrical\n\nTroi Breeze:\n\nShit all I'm sayin now is I agree with you\nI been grownin' in it like I was a tree with you\nNow I'm tryna do it like I was a seed and I grew up\nAnd now I'm blessed like I just sneezed; hachew\nI really appreciate it\nI really appreciate you callin me up cause I'm out here and I'm ballin' it up\nTaking the biggest shots, and now I been getting' it tryna spend the biggest knots\nCause I'm really out here tryna grind for my family\nTryna go off of that energy, I know you feel my \"inner G\"\nMy brotha was from Piru\nMy pops was from what's he was raised out on Grape Street\n\nKendrick:\n\nWell if ya brother was from Piru and your partna was from Watts\nThen you should already know about them Compton blocks\nAll my niggas that's with me is from the city\nAll my niggas hold choppas and they be with me\nAnd this is TDE this is stri-stri- strictly for my niggas and bitches tell me you with me\n(crowd roar)\nYou see that scream right there, thats that scream that every other rapper scared\nThats that scream that every other clapper scared\nThey dont want shoot back\nIf they did they would get bitch slapped like my nigga Snoop Dogg back in '94\nThis is Kurupt flow\nThis is the LBC shit\nThis the Compton DPGTDE shit\nFUCK WITH ME SHIT\n\nMake some noise for my nigga\n\nTroi Breeze:\n\nMy name is Troi Breeze\n\nKendrick:\n\nMake some noise for Troi Breeze", "image": "https://images.genius.com/25d8a9c93ab97e9e6d5d1d9d36e64a53.1000x1000x1.jpg"}], "artist": "Kendrick Lamar"}