{"songs": [{"title": "Hol' Up", "album": "Section.80", "year": "2011-07-02", "lyrics": "[Verse 1]\nI wrote this record while thirty-thousand feet in the air\nStewardess complimenting me on my nappy hair\nIf I can fuck her in front of all of these passengers\nThey'll probably think I'm a terrorist, eat my asparagus\nThen I'm asking her thoughts of a young nigga\nFast money and freedom, a crash dummy for dollars\nI know you dying to meet him, I'll probably die in a minute\nJust bury me with twenty bitches, twenty million\nAnd a Comptown fitted\n\n[Chorus (Condensed)]\nHol' up (Hol' up), hol' up (Hol' up)\nHol' up (Hol' up), hol' up (Hol' up)\nYeah, big shit popping \u2014 Section.80\n\n[Verse 2]\nBack in this bitch, in the back of that bitch\nWith my back against the wall\nAnd your bitch on the edge of my dick\u2014jump off!\nI call a bitch a bitch, a hoe a hoe, a woman a woman\nI never did nothing but break the ground on top of the asphalt\nTire mark gave you evidence that I'm easily peddling\nWith the speed of a lightning bolt\nAs a kid I killed two adults, I'm too advanced\nI lived my twenties at two years old, the wiser man\nTruth be told, I'm like eighty-seven\nWicked as 80 reverends in a pool of fire with devils holding hands\nFrom a distance don't know which one is a Christian, damn\nWho can I trust in two-thousand-and-twelve?\nThere's no one, not even myself\nA Gemini screaming for help, somebody\n\n[Chorus]\nHol' up (Hol' up), hol' up (Hol' up)\nHol' up (Hol' up), hol' up (Hol' up)\nYeah, big shit poppin', everybody watchin'\nWhen you do it like this, nigga, losing ain't a option\nHol' up (Hol' up), hol' up (Hol' up)\nHol' up (Hol' up), hol' up (Hol' up)\nYeah, big shit poppin' \u2014\nHey, hey, kick her out the studio, Ali\n\n[Verse 3]\n24/7, nigga working his ass for it, she popping that ass for\nThe King of Diamonds with diamonds, I never do ask for it\nThey checking my passport, I'm too accustomed with customs\nShe callin' the task force, I killed it, somebody cuff him\nThey want me to fast-forward the game, and why you complain\nWhen you niggas is past poor? You'll never hop in my lane\nWhen you pushing a RAV4, you wrecking my Jaguar\nYou play like a bad sport, her feet on the dashboard\n\n[Chorus]\nHol' up (Hol' up), hol' up (Hol' up)\nHol' up (Hol' up), hol' up (Hol' up)\nYeah, big shit poppin', everybody watchin'\nWhen you do it like this, nigga, losing ain't an option\nHol' up (Hol' up), hol' up (Hol' up)\nHol' up (Hol' up), hol' up (Hol' up)\nYeah, big shit poppin', everybody watchin'\nWhen you do it like this, nigga\n\n[Outro]\nI wrote this record while thirty-thousand feet in the air\nStewardess complimenting me on my nappy hair\nIf I can fuck her in front of all of these passengers\nThey'll probably think I'm Osama\nThe plane emergency landed, it was an honor\nHol' up", "image": "https://images.genius.com/1f3cde1d04f886d4d4eb88a2c26a4e4d.1000x1000x1.jpg"}], "artist": "Kendrick Lamar"}