{"songs": [{"title": "YAH.", "album": "DAMN.", "year": "2017-04-14", "lyrics": "[Intro: Kid Capri]\nNew shit, new Kung Fu Kenny\n\n[Verse 1: Kendrick Lamar]\nI got so many theories and suspicions\nI'm diagnosed with real nigga conditions\nToday is the day I follow my intuition\nKeep the family close\u2014get money, fuck bitches\nI double parked the Aston in the red\nMy momma told me that I'ma work myself to death\nMy girl told me don't let these hoes get in my head\nMy world been ecstatic, I checked the signal that read\u2014\n\n[Chorus: Kendrick Lamar]\nBuzzin', radars is buzzin'\nYah, yah, yah, yah\nYah, yah, yah, yah, yah, yah\nBuzzin', radars is buzzin'\nYah, yah, yah, yah\nYah, yah, yah, yah, yah, yah\n\n[Verse 2: Kendrick Lamar]\nInterviews wanna know my thoughts and opinions\nFox News wanna use my name for percentage\nMy latest muse is my niece, she worth livin'\nSee me on the TV and scream: \"That's Uncle Kendrick!\"\nYeah, that's the business (uno!)\nSomebody tell Geraldo this nigga got some ambition\nI'm not a politician, I'm not 'bout a religion\nI'm a Israelite, don't call me black no mo'\nThat word is only a color, it ain't facts no mo'\nMy cousin called, my cousin Carl Duckworth\nSaid know my worth\nAnd Deuteronomy say that we all been cursed\nI know he walks the Earth\nBut it's money to get, bitches to hit, yah\nZeroes to flip, temptation is, yah\nFirst on my list, I can't resist, yah\nEveryone together now, know that we forever\u2014\n\n[Chorus: Kendrick Lamar]\nBuzzin', radars is buzzin'\nYah, yah, yah, yah\nYah, yah, yah, yah, yah, yah\nBuzzin', radars is buzzin'\nYah, yah, yah, yah\nYah, yah, yah, yah, yah, yah", "image": "https://images.genius.com/d25e7043f51c2de6acaf6c39caa60da2.1000x1000x1.jpg"}], "artist": "Kendrick Lamar"}