{"songs": [{"title": "Death Anniversary", "album": null, "year": null, "lyrics": "[Hook]\nI know all of y'all hear me, none of y'all scare me\nCause niggas die daily\nComing out with my guns real early\nLaying in your stairway, cause niggas die daily\nSo I got niggas around you\nMad like they're back for their man\nYou've killed just a year ago today\nSo call it a death anniversary\nRushing to emergency, niggas die daily\n\n[Nas]\nWhat if I told you that AZ didn't exist\nAnd I put him there, played it like a ventriloquist\nCause niggas spit fake shit and y'all respect it\nI spit that real shit and y'all won't buy the record\nWhat if me and the rapper homey was really cool\nAnd we used that whole thing as a media tool\nWould you say I was a sucka or say I was savvy\nIf I told you mothafucka's that me and K wasn't married?\nWhat if Jungle wrote my shit and I'm really illiterate\nAnd the whole Nas catalog was just an experiment\nWhat if I really died when Ill Will got shot\nThis is Will rhyming right now while Nas is chilling with 'Pac\nWhat If I did all the advertisements thrown my way\nAnd I've boned every chick that would throw me some play\nI'd have to load another AK cause niggas be jealous\nCause we real like them Brazil favelas\n\n[Hook]\n\n[Nas]\nScream at the nigga \"breathe don't breathe your last breath\"\nBut you know a nigga dead when he pee on himself\nBlatter giving up on 'em, face start to puff on 'em\nBloating up, nigga cold as fuck, trying hold on 'em\nLoosen up the nine out of his fingers\nAngels coming only he can hear the psalms that they're singing\nAnd it hurts me, the planets cursed, B\nThis your niggas first year anniversary\nThis how it goes down in every ghetto\nSo it's quite natural for rappers to settle\nAnd make pop music, nursery hooks\nCause back then we thought the only thing that worked was the jooks\nThey're tryna pimp a game that done pimped them first\nI'm pimping the industry so they acknowledge our worth\nThe next anniversary we all unite\nLet's all get together or we're loosing the fight\n\n[Hook]", "image": "https://images.genius.com/23061dd2dc7e863127db561906debd27.434x434x1.jpg"}], "artist": "Nas"}