{"songs": [{"title": "Oochie Wally", "album": "QB's Finest - Nas & Ill Will Records Presents: Queensbridge the Album", "year": "2001-04-24", "lyrics": "[Chorus]\nOo-chie wally wally, oo-chie bang bang\nOo-chie wally wally, oo-chie bang bang\nOo-chie wally wally, oo-chie bang bang\nOo-chie wally wally\n\nHe really really really work my body\nHe really really really turned me out\nHe really really really got to gut me\nHe really really made me scream and shout\nHe really taught me how to work my body\nHe really taught me how to go down south\nHe really really tried to hurt me hurt me\nI really love his thug and gangsta style\n\n[Verse 1: Nas]\nYo we got chicks in the living room getting it on and\nThey ain't leaving till 6 in the morning\n\"O\" is for oochie\nOh you ain't know how many O's in the bankroll\nSort of like the game show, Who Wants to Be a Millionaire?\nBut my name ain't Regis\nNas the one they call when they want their thing beat up\nHoneys with bodies with Bravehearts, guns in the party\nWaves, braids, and baldies, trademark's the army\nIs that Horse? It must be, I heard he husky\nYeah, there go Jungle, eyes red looking for trouble\nAnd that's Nas dancing with dimes but who his man is?\nThe imperial thug, it's cold D Grand Wiz\nWe taking honeys to the crib tonight\nGuarantee we gon' get up in they rib tonight\nCheck the new slang, it's changed, the Braveheart gang, man\nWhen you see me pass then holler oochie bang bang\n\n[Chorus]\nOo-chie wally wally, oo-chie bang bang\nOo-chie wally wally, oo-chie bang bang\nOo-chie wally wally, oo-chie bang bang\nOo-chie wally wally\n\nHe really really really work my body\nHe really really really turned me out\nHe really really really got to gut me\nHe really really made me scream and shout\nHe really taught me how to work my body\nHe really taught me how to go down south\nHe really really tried to hurt me hurt me\nI really love his thug and gangsta style\n\n[Verse 2: Wiz]\nYeah what up ma? Take a look, you hypnotized\nOn how my long dick stretch your insides\nFor real ma, with your thick lips and thick thighs\nStroke both holes, pass it to Nas\nOr pass it to Naish, or pass it to Jung\nOr pass it to Horse, then that ass getting tossed\nFuck a Hustler book, Penthouse or Black Tail\nI got bitches sending my niggas flicks in jail\nI fuck a bitch face more than her waist for real\nAnd ain't no pussy like new pussy that's how a nigga feel\nBust three times, throw her the peace sign, she sleep\nThen my dick sleep and I ain't gotta call her for weeks\nLong leg hoes, mo'head hoes, married bitches\nMe and my dog fucking them both they got us switching\nIs the nigga gangsta? Yeah, that's how I'm living\nThat's how I'm playing - I got these freak fucking hoes singing\n\n[Chorus]\nOo-chie wally wally, oo-chie bang bang\nOo-chie wally wally, oo-chie bang bang\nOo-chie wally wally, oo-chie bang bang\nOo-chie wally wally\n\nHe really really really work my body\nHe really really really turned me out\nHe really really really got to gut me\nHe really really made me scream and shout\nHe really taught me how to work my body\nHe really taught me how to go down south\nHe really really tried to hurt me hurt me\nI really love his thug and gangsta style\n\n[Verse 3: Jungle]\nLittle young thing go around my dick with your tongue ring\nDeep throat my nine inch, gut from the front and\nGrind from the side and fuck from behind and\nGrab her hair slap her ass, she screaming like she dying\nMake her cum four times without even trying\nI'll beat that pussy up there's no denying\nHit her where she doodie at, make the booty fat\nLittle cutie rat walking by with the doobie wrap\nTight blue jeans, Air Max, small Gucci bag\nNo loot and no job, stay home giving blow jobs\nLike no prob, it's simple\nHolla out the window it's the project nympho\nFuck my whole crew, you know how we do\nYou got that good pussy I can share with my people\nBe a brave girl, do your thang\nLet them titties hang, I'll have all the bitches saying\n\n[Chorus]\nOo-chie wally wally, oo-chie bang bang\nOo-chie wally wally, oo-chie bang bang\nOo-chie wally wally, oo-chie bang bang\nOo-chie wally wally\n\nHe really really really work my body\nHe really really really turned me out\nHe really really really got to gut me\nHe really really made me scream and shout\nHe really taught me how to work my body\nHe really taught me how to go down south\nHe really really tried to hurt me hurt me\nI really love his thug and gangsta style\n\n[Verse 4: Horse]\nWhen it comes to sex I'm similar to the Thriller in Manilla\nBitches call me Horse the pussy filler\nI'll fuck a big boned or slim chick\nBeat that pussy up real quick then send home the bitch\nAin't no sleeping in my bedroom when Henny's in my dick\nWhen Flex drop the bomb I bust a nut on this bitch\nDeep throat, ceaser gold or pun wicked hoes\nWho like the way I thug and the way I flow\nI like head in the Benz, the four door or the Coupe\nHead in the staircase, the cellar or the roof\nHead in the studio, the bathroom or the booth\nHead from a project chick or one with crazy loot\nLike Nia Long in a cherry thong with the lights on\nSipping Perignon with Kelly Price on\nI pull out my python, I hit it while my wife's gone\nLong dick the bitch all night, I'll make her pussy sing the song\n\n[Chorus]\nOo-chie wally wally, oo-chie bang bang\nOo-chie wally wally, oo-chie bang bang\nOo-chie wally wally, oo-chie bang bang\nOo-chie wally wally\n\nHe really really really work my body\nHe really really really turned me out\nHe really really really got to gut me\nHe really really made me scream and shout\nHe really taught me how to work my body\nHe really taught me how to go down south\nHe really really tried to hurt me hurt me\nI really love his thug and gangsta style", "image": "https://images.genius.com/2643011703a35456d0a7467f060a7c4e.240x240x1.jpg"}], "artist": "Nas"}