{"songs": [{"title": "Tales From the Hood", "album": "D.O.E. Limited Edition - Volume 1 (Death of Escobar)", "year": null, "lyrics": "Da ha\nDa ha ha ha ha ha\nDa ha ha ha\nDa ha ha ha ha ha\n\n[Verse 1]\nIt was '87\nCrack money was \"Ghetto Heaven\"\nNiggas gettin' it\nEvery block rise to perfection\nGreen tops, boulders and bottles\nSoldiers who follow leaders\nYou owed 'em dollars\nKnow that tommorrow you might not see it\nPacks got knocked off by sprinklers that never worked\nAll the way to the monkey bars, cross that line you got murked\nThat's other niggas territory had fiends in the cheese line\nThey told them fiends calm down, ten dollars each dime\nThey never scared of Po-Po, was only one patrol car\nThey wasn't up for crack and I was up on the chin of Pa\nWatching hustlers with tinted cars, money makin'\nBut one kid was into takin'\nHad dreadlocks wasn't Jamaican\nFort green he laid\nFirst nigga I ever saw rockin' dreads with a fade\nLead he sprayed on the corners in my hood\nDodgin' and runnin'\nThe glare in his eyes told you somethin' was commin'\nThey went to war, Godbless Rita, got shot by mistake\nNiggas got knocked by them Jakes\nHomicide suit and tie cops, Mayor Koch, screams in rage\nNiggas so thugs got pits rocking thick chains\nStick-up niggas so thug they got pits with sick names\nClicks got bigger, extortion cats wasn't hearin' it\nBut he was regulatin'\nA ghetto king, now he levatatin'\nThey say he smiled in his casket\nThis ends the first chapter of another Nas classic\n\n[Hook: repeat 2X]\nTales from the hood, trails of blood\nBut it's all good, try to stay alive like we all should\n\n[Verse 2]\nYeah I'mma help you nigga, cause I see evil's callin' you\nSick thoughts make you wanna take Ki's from other ballin' crews\nTop of the world's all he views\nA puff of weed, nothing but greed don't live by the rules\nFuckin' wit' me here's what I do\nTry to sell your freedom I'm accustomed to\nYou could ball wit' me or get arrested too\nIt's easy to land where they dwell with the greasy hands\nTwenty to L' what's your plan take your grams\nYou bought you a Lexus, BBS spendin' Abrahams\nNever learned your lesson, choose the right direction\nThin line from life and death and my man checked in\nA motel, same one as a young G he know well\nCrossed 'em on a coke sell then went on a run\nBut shorty got his old folks killed, yo he got 'em done\nNobody to run to, what succumb to\nMy nigga just wanted to eat, now he hunted on the street\n\n[Hook]\nTales from the hood, trails of blood\nYeah it's all good, try to stay alive like we all should\nTales from the hood, trails of blood\nThough it's all good, try to stay alive like we all should\n\n[Verse 3]\nLittle Gotti got down for his, let off seven rounds\nThe kid he hit is heaven bound if he's on the good list\nShorty who shot 'em ran knowing niggas would snitch\nFive years passed he ain't been in the hood since\nShot this nigga over a hundred dollars, money, had borrowed\nTime passed, on his birthday he couldn't afford a bottle\nLeast expected to see 'em, then he asked for his\nNigga said he don't got it, so he blast the kid\nEscapes the scene, but he couldn't escape the dream\nOr how the kid fell when bullets made it too late to scream\nSeeing money's face starin' at him\nIn black space feelin' hands touchin' him\nWake up it got too much for him\nOnce liked to be alone\nUntil he started hearin' groans and seein' things\nNow it's time to go home\nNiggas shocked to see him\nGave him respect what he was missin'\nAll the way from VA his aunt yell \"He hate to listen\"\nSo he popped up, they gave him hugs, showed him love\nThen he was reminded of that night when he sprayed all them slugs\nHe hangin' like nuttin' happened, police grabbed him up\nNow he seein' ghosts in the cell, they got him strapped up\nPsycho ward, rest of his life injected thorazine\nHaunted memories in his mind of the murder scene\n\n[Hook]\nTales from the hood, trails of blood\nThe book of the dead, translated in thug language, understood?\nTales from the hood, trails of blood\nThe book of the dead, translated in thug language, you understood", "image": "https://images.genius.com/48b40c11e7dd7baa898c12f5b5537e98.1000x1000x1.jpg"}], "artist": "Nas"}