{"songs": [{"title": "Play On Playa [Clean]", "album": null, "year": null, "lyrics": "Light somethin', stop frontin'\nHow much money's enough? Think maybe like the trillion figures\nPray my daughter don't wild like the Hilton Sisters\nThat'd kill me yo, filthy rich\nMy daughter pass it on to the next generation\nThrowing carnations at my tombstone\nIn my new home, meet moms in my Yves St. Laurent suit on\nThen we do a dance like my man Luther Jam\nBut my verse came first\nI stole change out her purse\nNow I wanna dig her up outta the earth\nToo morbid, learn forward toward a new paragraph\nBlue carats, D-Class, strictly that kush in the weed bag\nTryna figure out what Berry Gordy had put in production\nStudio smoky now, hard like David Ruffin\nHit a spliff through a s\u00c3\u00a9ance\nAnd I, play on playa\nFinest females I spit game on, I sprayed her\nGotta get your papes on, play on playa\nBefore it's all gone, sip Dom, tip waiters\nDo the yacht thing, m\u00c3\u00a9nage swing, baby\nSpendin' dubs on your buzz, gotta live crazy\nFinest females I spit game on, I sprayed her\nGet your papes on, play on playa\nGet your papes on, play on playa\nGet your papes on\nRuby red grapefruit juice with Grey Goose\nRubies in Hey-Zeus piece\nPimped out like Snoop be, but an East Coast thing\nMy girl stocking tied up in a knot, top of my bean head\nBillion dollar dream hear\nWent from triple beams to digital\nServing fiends, the minimal, 60 G's, no criminal\nNo mo', just mo' doe, mimosas pouring, Oprah's earrings on fingers\nWhile your girl performs cunnilingus\n'Cause this big money aroma lingers\nBarber cleans his blade, then he give me a fade\nHot towel on the face\nHot models who vomit after they eat so they can stay lightweight\nSwallowing my protein like an Ovaltine shake\nCome through like Moe Green from Godfather, so clean\nWhere I step, I Clorox it\nKeep 20 G's on both sides of the thighs, that's four pockets\nEighty thousand, browse for the nicest price\nBut we ain't into buying Conflict Ice\nThat's the **** they stole from the Congo and other black soil\nTrue mack for you, nappy hair, just spinnin'\nHoney gave me a massage with the happy ending\nFinest females I just came on, and sprayed her\nGotta get your papes on, play on playa\nFinest females I spit game on, I sprayed her\nGotta get your papes on, play on playa\nBefore it's all gone, sip Dom, tip waiters\nDo the yacht thing, m\u00c3\u00a9nage swing, baby\nSpendin' dubs on your buzz, gotta live crazy\nFinest females I spit game on, I sprayed her\nGet your papes on, play on playa\nIt's kinda hard for a playa like you\nBut let me show you how a **** like me get revenue\nWhat you never do is punk out, what you better do\nNever let the game get ahead of you, get a better view\nBetter yet a better crew, praise God, I'ma marry you\nGet your homie, carry you, bury you\nSlowly, roll me another blunt stuff it\nLick it, puff it, tuck it, **** it\nThat man, that gang, that bang it was\nIn D O double G we trust\nYep yep, young loc with the two steps\nHe creepin' with two Tecs, he's sleepin' with two chicks\nRight before he blast, all you heard was two clicks\nEnd of existence, for instance\nRewind it, replay it, re-chop it, remix it\nRe-twist it, goddamn D O double G, 'cause we missed it\nTravel slow, I'm a Indian but not a Navajo\nI smoke the big leaf in all the big deef's\nMy hair in two braids, I'm the big Chief\nLadahdah be dahdadah\nYeah, break that down, how fresh ya are\nThe King from Queens, Mr. Escobar\nConnect with the best from the west, yes yes ya are\nOh, my God, it's Snoop Dogg and Nas, playa play on", "image": "https://images.genius.com/23061dd2dc7e863127db561906debd27.434x434x1.jpg"}], "artist": "Nas"}