{"songs": [{"title": "Salute Me", "album": null, "year": null, "lyrics": "In a day of 1999 it had to happen\nThe result of man's stupidity became real\nDeath smell is everywhere\nIn their nicely worked out war plan\nThrough the sky come rockets down there people are scored\nEverybody does try to save his own everywhere in town\nOn the run the people turn to animals\nLove and hate does not exist here more\nNo more hope\nWhich led to the world's last breath\nFire does control our world till the end\nGo fight stand up if you are not scared\nTell them the people are dead\nThe merciless radioactivity spread real fast\nBurning skin makes the pain a torture, everybody gets blind\nCan't feel hot and cold no more, it is so strange\nListen to the people helpless screams, it is too late\nMoving forward slowly and together we are strong\nWe will tell them what we are thinking\nAbout their bloody war\nAnd we stop the war and there will be no hate\nAnd we will together rule the world peacefully", "image": "https://images.genius.com/23061dd2dc7e863127db561906debd27.434x434x1.jpg"}], "artist": "Nas"}