{"songs": [{"title": "Rule", "album": "Stillmatic", "year": "2001-10-06", "lyrics": "[Intro: Nas]\nYeah, yeah, yeah yeah, Nas, uh, yo, yo\nLife, they wonder, can they take me under?\nNah, never that, nah, yo, yo\n\n[Verse 1: Nas]\nI come from the housing tenement buildings\nUnlimited killings, menaces marked for death\nBetter known as the projects where junkies and rock heads dwell\nThough I owe to it my success\nWith survival of the fittest, every day is a chal'\nI would think I'm a part of U.S.A. and be proud\nConfronted with racism, started to feel foreign\nLike, the darker you are the realer your problems\nI reached for the stars but I just kept slipping\nOn this life mission, never know what's next\nAncient kings from Egypt, up to Julius Caesar\nHad a piece of the globe, every continent\nYo, there's Asia, Africa, Europe, France, Japan\nPakistan, America, Afghanstan\nYo, there's Protestants, Jews, Blacks, Arabics\nCall a truce, world peace, stop actin like savages\nNo war, we should take time and think\nThe bombs and tanks makes mankind extinct\nBut since the beginning of time it's been men with arms fighting\nLost lives in the Towers and Pentagon, why then\nMust it go on? we must stop the killing\nTell me why we die, we all God's children\n\n[Chorus: Nas and Amerie]\nAll this hate can't last forever (uh, c'mon)\nIt's time that we stand together (yeah, for the world)\nEverybody wants to rule the world (what, what, what, what, what, c'mon)\nWorld (peace), world (peace), world (peace), world\n\n[Verse 2: Nas]\nYo, there's brothers on the block, posted up like they own it\nThat's they corner, from New York to California\nGot blocks locked down\nLike, \"dog you safe whenever you with me, see this is my town\"\nSo the youngsters, grows in ghettos, goes to prison\nAt an early age, already know it's against him\nSo in order for him to survive, one day he must open up his eyes\nTo the set backs and rise\nCause, everybody wants a shot, in this land of opportunity\nLook at what this country's got\nThere shouldn't be nobody homeless\nHow can the president fix other problems when he ain't fixed home yet\nThe earth wasn't made for one man to rule alone\nTo all colors and creeds, to home it belongs\nI want land, mansions, banks and gold\nThe diamonds in Africa, oil in my control\nThe world's natural resources, all its residuals\nBut then comes foes, I have to guard it with missiles\nAnd I become the most wanted\nBut is it worth hearing a million people problems and followed by Secret Service?\nI guess, attempts at my life with loaded barrels\nSo move over Colin Powell or just throw in the towel, yo\n\n[Chorus: Nas and Amerie]\nAll this hate can't last forever (uh, c'mon)\nIt's time that we stand together (yeah, for the world)\nEverybody wants to rule the world (what, what, what, what, what, c'mon)\nWorld (peace), world (peace), world (peace), world\n\n[Verse 3: Nas]\nY'all know that's my style, to hit you at the right time\nNo other compares to what Nas write down\nTell you my dreams, show you my pain is yours\nYou could get what you love, be a chain in cause\nYou alive right now\nThere's so many that's dead or locked up inside the beast, I'm a highlight now\nIt's whatever man think of manifest to the real\nThe plan is to wake up cause time reveals\nAll this hate can't forever last\nAll my ghetto heroes in Heaven, it's like you right here and never passed\nYou just transcend, I know I'm gon' see you again\nHoping I reach the world leaders and win\nAin't nothing without struggle, listen up, it's critical\nWe used to fear arms, now the weapons are chemical\nIn Hip-Hop, the weapons are lyrical\nTo be the best you challenge the best, then the blessings are spiritual\nTop of the world for the kid, none less\nPoppin' any rapper's head off his shoulders no contest\nI know the Most High hear me, so fly you can't near me\nYou scared of a mirror, my theory is that - knowledge is power\nTo every projects and every street corner, we gotta get ours now\n\n[Chorus: Nas and Amerie]\nAll this hate can't last forever (uh, c'mon)\nIt's time that we stand together (yeah, for the world)\nEverybody wants to rule the world (what, what, what, what, what, c'mon)\nWorld (peace), world (peace), world (peace), world\n\n[Outro: Skit]\nYo, niggas ain't forget shit, know what I'm saying?\nNiggas ain't forget nothing\nMen, women and children killed by the police and shit\nNiggas ain't gon' forget that man, you know what I mean?\nYo, what this war just show me is like\nWhatever you want out of life\nWhatever you feel is rightfully yours, go out and take it\nEven if that means blood and death\nYou know, that's what I was raised up on\nThat's what this country's about\nThis is, this is what my country is, and my country's a motherfucker", "image": "https://images.genius.com/9ea52c4fdca4ad01d5650b51e47ff5f7.1000x1000x1.jpg"}], "artist": "Nas"}