{"songs": [{"title": "The Cross", "album": "God's Son", "year": "2002-12-13", "lyrics": "[Intro]\nBraveheart...\n\n[Chorus]\nI carry the cross, if Virgin Mary had an abortion\nI'd still be carried in the chariot by stampedin' horses\nHad to bring it back to New York\nI'm happy that the streets is back in New York\nFor you rappers, I carry the cross\nI carry the cross, if Virgin Mary had an abortion\nI'd still be carried in the chariot by stampedin' horses\nHad to bring it back to New York\nI'm happy that the streets is back in New York\nFor you rappers, I carry the cross\n\n[Verse 1]\nY'all can keep y'all weak beats from your corny producers\nThere's a new king of the streets, you're gonna get used to\nI was the old king of the streets, that y'all once hated\nBut now I reinvented myself, and y'all all waited\nNAS, N.A.S. mean Niggas Against Society\nNoisy I aim, not silently, noose all surroundin' me\nI hang 'em, I string 'em up, ain't no thing, I just drop 'em\nTo which doctor you copped\nAnd you locked and it ain't what it was\nI changed it up from that pop shit, it's hard to see R&B\nRappers arguably, started fuckin' up the game horribly\n'Cause I parted the sea, then these novices targeted me\nBitches infatuated say they love me lyin' to me\nWhat I've discovered is my brother's tryin' to be\nThe next me, yeah I support him, but he's blinded I see\nJealousy, he love me to death and I'm buggin'\nI love him for life, we both still mournin' on our mother's life\nAnd I don't need much but a Dutch, a bitch to fuck\nA six, a truck, some guns to bust\nI wish it was that simple, the last emperor, hit yo' ass\nWith the Nasty Nas diary, get out my path\n\n[Chorus]\nI carry the cross, if Virgin Mary would've an abortion\nI'd still be carried in the chariot by stampedin' horses\nHad to bring it back to New York\nI'm happy that the streets is back in New York\nFor you rappers, I carry the cross\nI carry the cross, if Virgin Mary had an abortion\nI'd still be carried in the chariot by stampedin' horses\nHad to bring it back to New York\nI'm happy that the streets is back in New York\nFor you rappers, I carry the cross\n\n[Verse 2]\nI can't keep a bitch 'cause none of them come before little Des\nI can't be too rich, too many hoes lined up for sex\nI can't rest until my niggas in houses with pretty mazes\nWater and flowers in 'em\nWhile my niggas walk around in they trousers grinnin'\nGotta keep a lot of heat; .30 cals, 10 millimeters\n.40 cals plus the Heckler to set y'all straight\nYou too light? I shoot your freckles out\nYou too dark? The infrared show you what the TEC about\nHuh? I'm stressin' out, need more offices for bosses\nSecretaries and meetings with big sharks who mad greedy\nWe can sell mo' boats on the coast\nGive coats to the po', and give hope to the broke, then live low\nBut that ain't reality; I look happy, but under the sky\nYou see a nigga who know, out of three women two out of three\nWill love you but lead you to they own hidden evil\nBitch! You the reason niggas be beefin', ho get on\n'Posed to be Earth, ain't worth the pussy that you sit on\nFrom here on it's a new day\nMillion dollars ain't what it was yesterday\nMany problems, many niggas, most involved but they fake\nHope y'all relate\n\n[Chorus]\nI carry the cross, if Virgin Mary had an abortion\nI'd still be carried in the chariot by stampedin' horses\nHad to bring it back to New York\nI'm happy that the streets is back in New York\nFor you rappers, I carry the cross\nI carry the cross, if Virgin Mary had an abortion\nI'd still be carried in the chariot by stampedin' horses\nHad to bring it back to New York\nI'm happy that the streets is back in New York\nFor you rappers, I carry the cross, I carry the cross", "image": "https://images.genius.com/3a2b5d523ed4c1887dcd3d37b71c01d9.1000x1000x1.jpg"}], "artist": "Nas"}