{"songs": [{"title": "Back When", "album": "Life Is Good", "year": "2012-07-17", "lyrics": "[Produced by No I.D.]\n\n[Intro: Ronnie Gee sample]\n\"Warning-Warning-Warning-Warning\nNew York-New York-New York-New York\nThe sound-The sound-The sound\nYou about to hear-to hear-to hear-to hear-to hear-to hear-to hear\"\n\n[Refrain: MC Shan sample (Nas)]\n\"You love to hear the story\nHow it all, how it all, got started, got started\" (start it off)\n\"You love to hear the story\nHow it all, how it all, got started, got started, ah yeah!\"\n\"You love to hear the story\nHow it all got started\"\n(Start it off, start it off, start it off, start it off)\n\"Back when-back when-back when-back when\nBack when-back when-back when-back when\"\n\n[Verse 1: Nas]\nYeah, yeah\nThe ill reminisce and think about the fly days\nNothing like them 80's summer NY days\nHop on the MB5 days\nMopeds, Pro Keds, city split five ways\nHow it all started, fifth floor apartment\nA jigsaw puzzle aerial view of the projects\nA kid saw struggle, buried a few of his partners\nNow I chill in resorts, enjoying massages\nCheck out the oracle bred from city housing\nNas, I arise the dead by thousands\nI remember seeing Shan chilling near his Audi (near his Audi)\nHollis had Run and them but I proudly\nPut a poster up of Shan and Marley, that was art kid\nYou love to hear the story how it started\nThe bubbly I'm pouring wasn't popped yet\nBefore there was an audience to watch us\nI assure you there was a process, yeah\n\n[Refrain: MC Shan sample (Nas)]\n\"You love to hear the story\nHow it all, how it all, got started, got started\"\n(How it all got started, yeah)\n\"You love to hear the story\nHow it all, how it all, got started, got started\"\n(How it, how it all got started) ah yeah!\n\"You love to hear the story\nHow it all got started, got started\"\n(Hear the story, how it all, start it off\nStart it off, start it off, start it off\nHow it all got started)\n\"Back when-back when-back when-back when (back when)\nBack when (back when), back when-back when-back when\"\n\n[Verse 2: Nas]\nTo call them fake today is hate, real niggas extinct\nPac left me inside a rap world with niggas that wink\nAt other rappers, undercover niggas spit every way\nWon't be surprised if all their rides have federal plates\nLet alone their wardrobes and Studio 4 flow\nIt was real when I appeared, it would've been some jaws broke\nNas, my real name, stage name, same thing\nHow could you let these lames claim king, I'm so ashamed, man\nI light a L for Vernon for niggas who would burn in Hell for Vernon\n10th Street, 12th Street, Nightmare on Elm Street\nPimps creep, delve deep inside the editorials\nOf the ghetto queens, kings, stories true\nWho possesses the testicular fortitude\nTo blow away myths that's a hindrance to all of you\nYou blame your own shortcomings on sex and race\nThe mafia, homosexuals and all the Jews\nIt's hogwash point of views, stereotypical\nAnti-Semitic like the foul words Gibson spewed\nAnd it's pathetic, I don't get the credit I deserve\nThat's why I hate doing interviews\nBut I don't sweat it, study long, study raw\nMy man Dion said Nas over-think the songs he writing\nI'm not a wack performer standing near a corny hype man\nI got the Donism in me, I'm here to enlighten\n\n[Refrain: MC Shan sample (Nas)]\n\"You love to hear the story\nHow it all, how it all, got started, got started\"\n(Yeah, how it all got started, yeah)\n\"You love to hear the story\nHow it all, how it all, got started, got started\"\n(How it, how it all got started)\n\"You love to hear the story\nHow it all got started, got started\"\n(Hear the story, how it all, start it off\nStart it off, start it off, start it off\nHow it all got started)\n\"Back when-back when-back when-back when (back when)\nBack when (back when), back when\nBack when, (back when) back when\"", "image": "https://images.genius.com/d77829b400779c24c98b27bec8d6bfda.800x800x1.jpg"}], "artist": "Nas"}