{"songs": [{"title": "A Message to the Feds, Sincerely, We the People", "album": "Street's Disciple", "year": "2004-11-30", "lyrics": "[Verse 1: Nas]\nI walk the blocks like whatever god, my message to y'all feds\nWho desperate to arrest us young, benevolent hardheads\nAbercrombie & Fitch rockin', wrist glistenin' marksman\nHitchcock of Hip-Hop since Big Pop departed\nThe project logic is still salute the dead, Glocks spit\nPour some juice out for those in Manchester, Beaumount\nOtisville, Lewisberg, Fort Dix, Fort Worth, Oakdale\nEvery fed jail where all my dawgs lurk\nWar hurts much to gain 'til the day we all say\nMay your pain be champagne then we all blaze away\nAt our enemies, may they die easily\nLong as they perish forever's what freedom means to me\nBlowin' greenery, growing eager to see evil things\nThrown away, zonin' grey, GT, Diesel jeans\nAirs and Chucks, solitaires, stones with the rarest cuts\nOn some Pretty Tone shit, haircut looks airbrushed\nAnd they're aware of us though\nAnd we don't give a flyin' 747 fuck though\nStayin' on my hus-tle\n\n*beat change*\n\n[Verse 2: Nas]\nA message to those who trapped us up\nFrom federal guys who backed them up\nWe never will die, we black and tough\nLead in your eye, we strapped to bust\nHalf of us been locked up inside the beast\nLook at the time we see\nBrooklyn to Compton streets, Queens\nEven the Congo needs dreams\nOur bullets and triggers our enemies\nPullin' on innocent women and children\nIt wasn't no ghetto killers\nWho mixed up the coke and put guns in our buildings\nBut I'm not gon' cry and I'm not gon'\nJust stand and watch you die\nI'mma pass you a .9, I'mma grab your hand\nCome on let's ride\nA message to those who killed the king\nWho murdered the Christ, the same regime\nWhat God has built you never can break\nWhat God has loved you never can hate\nMan makes rules and laws\nYou just a ruthless dog, your kennel is waiting\nYou devils will run back into the caves you came from\nWhenever that day comes, forty-acres\nPlantations, see every race won\nSincerely yours, Street's Disciple, revelations", "image": "https://images.genius.com/65c98702fc773f6dafd41563fe5c5485.500x500x1.jpg"}], "artist": "Nas"}