{"songs": [{"title": "Open Letter to Young Warriors in Chicago (Sep. 2009)", "album": null, "year": null, "lyrics": "Dear Young Warriors fighting the wrong wars! Killing each other is definitely played out. Being hurt from the lost of a love one was never cool.\n\nDear Young Warriors fighting the wrong war! I know that feeling, that frustration with life and needing to take it out on someone, any one. But....\n\nWe chose the dumbest things to go the hardest for. I remember seeing deaths over 8 ball jackets, Fila sneakers, and name plate chains. Deaths over \"he say, she say\"!!!!! \"I'm from this block or I'm from that block\", or \"my moms n pops is f*cked up now the whole world gotta pay\"!!!\n\nI remember feeling like I was the hardest \"n*gga\" breathing. And I couldn't wait to prove it. But let's think. What are we really proving?? And proving what to who?? Everybody knows Chicago breeds the strongest of the strong but I just feel, me, being ya brother from another state feels your pain as if I grew up with you in ya very own household.\n\nYou have the ability and mindpower to change they way we are looked at. Look who's watching us young warriors, look who's throwing us in jail constantly, look at the ignorance in the world. Look at the racist dogs who love to see us down. Loving to bury us in the ground or in jail where we continue this worthless war on one another.\n\nYoung warriors.... We are WASTING more and more time. We gotta get on our jobs and take over the world. Cuz this movie left the theaters years ago, Juice, Menace, Boyz n the Hood , Blood n Blood Out, Belly!\n\nWhen we see each other why do we see hatred? Why were we born in a storm, born soldiers, WARRIORS....and instead of building each other up we are at war with each other.. May the soul of this young person find peace with the almighty. I'm with you young warriors. You're me and I'm you. But trust me! you are fighting the wrong war.\n-Nas", "image": "https://images.genius.com/23061dd2dc7e863127db561906debd27.434x434x1.jpg"}], "artist": "Nas"}