{"songs": [{"title": "If I Ruled the World (Imagine That)", "album": "It Was Written", "year": "1996-06-04", "lyrics": "[Produced by Rashad Smith & Trackmasters]\n\n[Intro: Nas]\nLife, I wonder\nWill it take me under?\nI don't know\n\n[Verse 1: Nas]\nImagine smoking weed in the streets without cops harassin'\nImagine going to court with no trial\nLifestyle cruising blue Bahama waters, no welfare supporters\nMore conscious of the way we raise our daughters\nDays are shorter, nights are colder\nFeeling like life is over, these snakes strike like a cobra\nThe world's hot my son got knocked, evidently\nIt's elementary, they want us all gone eventually\nTrooping out of state for a plate of knowledge\nIf coke was cooked without the garbage\nWe'd all have the top dollars\nImagine everybody flashin', fashion, designer clothes\nLacing your clique up with diamond Roles\nYour people holding dough, no parole, no rubbers\nGo in raw, imagine law with no undercovers\nJust some thoughts for the mind\nI take a glimpse into time\nWatch the blimp read \"The World Is Mine\"\n\n[Chorus: Lauryn Hill + (Nas)]\nIf I ruled the world (imagine that)\nI'd free all my sons, I love 'em love 'em, baby\nBlack diamonds and pearls\n(Could it be, if you could be mine, we'd both shine?)\nIf I ruled the world\n(Still living for today, in these last days and times)\n\n[Verse 2: Nas]\nThe way to be, paradise like relaxin'\nBlack, Latino and Anglo-Saxon\nArmani Exchange deranged\nCash, Lost Tribe of Shabazz, free at last\nBrand new whips to crash, then we laugh in the iller path\nThe Villa house is for the crew, how we do\nTrees for breakfast, dime sexes and Benz stretches\nSo many years of depression make me vision\nThe better livin', type of place to raise kids in\nOpen they eyes to the lies history's told foul\nBut I'm as wise as the old owl, plus the Gold Child\nSeeing things like I was controllin', click rollin'\nTricking six digits on kicks and still holdin'\nTrips to Paris, I civilized every savage\nGive me one shot, I turn trife life to lavish\nPolitical prisoner set free, stress free\nNo work release, purple M3's and jet skis\nFeel the wind breeze in West Indies\nI make Coretta Scott-King mayor the cities\nAnd reverse fiends to Willies\nIt sounds foul, but every girl I meet'd go downtown\nI'd open every cell in Attica, send 'em to Africa\n\n[Chorus: Lauryn Hill + (Nas)]\nIf I ruled the world (imagine that)\nI'd free all my sons, I love 'em love 'em, baby\nBlack diamonds and pearls\n(Could it be, if you could be mine, we'd both shine?)\nIf I ruled the world\n(Still living for today, in these last days and times)\n\n[Bridge: Lauryn Hill]\nAnd then we'll walk right up to the sun\nHand in hand\nWe'll walk right up to the sun\nWe won't land\n\n[Verse 3: Nas]\nYou'd love to hear the story how the thugs live in worry\nDuck down in car seats, heat's mandatory\nRunning from Jake, getting chased, hunger for papes\nThese are the breaks, many mistakes go down out of state\nWait, I had to let it marinate, we carry weight\nTrying to get laced, flip the ace, stack the safe\nMillionaire plan to keep the gat with the cocked hammer\nMaking moves in Atlanta, back-and-forth scrambler\n\u2018Cause you could have all the chips, be poor or rich\nStill nobody want a nigga having shit\nIf I ruled the world and everything in it, sky's the limit\nI push a Q-45 Infinit(i)\nIt wouldn't be no such thing as jealousies or B Felonies\nStrictly living longevity to the destiny\nI thought I'd never see, but reality struck\nBetter find out before your time's out, what the fuck?\n\n[Chorus: Lauryn Hill + (Nas)]\nIf I ruled the world (imagine that)\nI'd free all my sons, I love 'em love 'em, baby\nBlack diamonds and pearls\n(Could it be, if you could be mine, we'd both shine?)\nIf I ruled the world\n(Still living for today, in these last days and times)\nIf I ruled the world, if I ruled, if I ruled (imagine that)\nI'd free all my sons, if I ruled, if I ruled\nI love 'em love 'em baby\nBlack diamonds and pearls, black diamonds, black diamonds\n(Could it be, if you could be mine, we'd both shine)\nIf I ruled the world\n(Still living for today, in these last days and times)\n\n[Outro: Lauryn Hill]\nIf I ruled the world, if I ruled\nIf I ruled, I'd free all my sons\nBlack diamonds, I love 'em love 'em baby\nBlack diamonds and pearls, if I ruled\nIf I ruled the world\nIf I ruled the world\nI love 'em love 'em baby!!", "image": "https://images.genius.com/3c94ddc150f5a4c82b671029a76ef011.600x590x1.jpg"}], "artist": "Nas"}