{"songs": [{"title": "Imagine", "album": null, "year": null, "lyrics": "[John Lennon]\nImagine there's no heaven\nIt's easy if you try\nNo hell below us\nAbove us, only sky\nImagine all the people\nLiving for today\n\n[Rap Verse 1: Nas]\nImagine we could all get along\nWon't be long\nTil that day comes\nMothers, stop cookin', take off your aprons\nFather, stop lookin' at every sports station\nTake a second\nAnd think of every poor nation\nMaking weapons\nThey can't afford a plate, no proper healthcare\nOver here in Section 8, a lot on welfare\nYo, the wealthy laugh, the market crash, economy's bad\nHow did we change it, newsflash about a power that's dangerous\nHow do we escape these brainless acts of terror\nI'd tell you now, if Jesus ever comes, it'll not be better\nPut our hearts in the right place\nHumans of all colors\nWe stand up as one race, I promise you, one day\nImagine that\n\n[John Lennon]\nImagine there's no countries\nIt isn't hard to do\nNothing to kill or die for\nAnd no religion, too\nImagine all the people\nLiving life in peace\n\n[Hook: John Legend]\nYou may say I'm a dreamer\nBut I'm not the only one\nI hope someday you'll join us\nAnd the world will be as one\n\n[Rap Verse 2: Pitbull]\nAmerica, the\nLand of the free\nAmerica, the\nLand of opportunity\nAmerica\nWhat's the point of having a Statue Of Liberty\nIf you turnin' refugees, back at sea\nMusic was made to move them\nEven the devil he dances\nI got a lot of questions\nAnd I'm searching for answers\nWe taught to believe in religion, but religion's\nThe reason the Twin Towers are missin'\nListen\nThat was the past, but maybe now, you realize\nThe man above us the only thing\nThat keeps us alive\nWe breathe the same air\nWe bleed the same blood\nImagine our people treated equal, imagine one love (One love)\n\n[John Lennon]\nImagine no possessions\nI wonder if you can\nNo need for greed or hunger\nA brotherhood of man\nImagine all the people\nSharing all the world\n\n[Repeat Hook]", "image": "https://images.genius.com/23061dd2dc7e863127db561906debd27.434x434x1.jpg"}], "artist": "Nas"}