{"songs": [{"title": "Nothing Lasts Forever", "album": "The Lost Tapes", "year": "2002-09-23", "lyrics": "[Intro]\nA lot of times it seems like, you ain't gon' make it where you wanna be in life\nBut, yo if you got a plan, believe me you gon' get there\nYou gon' get everything you ever wanted baby\nThat's my word\n\n[Verse 1]\nTrust, my niggas come home from long bids\nThey check for me before they see their own kids\nI open up accounts for 'em, we bounce tourin'\nMajor cities, arenas, headline with big time singers\nCop Ferraris with navigational screens\nGuide us through your hood and any locality, head back to Queens\nPiped out seats, Oakwood MB cord speakers\nBumpin' out old shit\nThat made me think of Old Easters '86 in a Le Tigre short sleeves\nLees, flip the cuffs up, gettin' fucked up\nFrom Old E, Fresh Fest, niggas got hurt\n100 niggas rush the door with Queensbridge tournament shirts\nBack then, nobody wore a vest\nPull out razors, you had to put your hand skills to the test\nGet your Pumas took, come home barefoot willin'\nLook at the chain, I snatched with a medallion worth a thousand\nCops rushed the garden made it home smilin'\nHalf of the crew probably on the island\nProject call play puff ball the hoop was made out of a hanger\nPlayin' corners stick the elevator never thought\nProject life was promised nothin' but to die trife\nFor steppin' on the next man's Nikes, my motto look for tomorrow\nToday is yesterday look at the hood now, I'm mad that it turned out that way\nGats spray these shorties is killers\nThe older G's taught us well, what's wild now is that they're smaller\nAnd they look at me like I'm on the outside lookin' in\nLike 'who's you' when I cruise through\nI call shorty took him in watch your friends, get ends\nBe clever, realize that today's the first day that begins forever\n\n[Chorus]\nEverything will eventually come to an end\nSo try to savor the moment, 'cause time flies, don't it?\nThe beauty of life, you gotta make it last for the better\n'Cause nothin' lasts forever\nEverything will eventually come to an end\nSo try to savor the moment, 'cause time flies, don't it?\nThe beauty of life, you gotta make it last for the better\n'Cause nothin' lasts forever\n\n[Verse 2]\nNice cars, livin' like a star club hoppin'\nPoppin' bottles at the bar love shoppin'\nGucci iceberg, coppin' two, three nice furs\nOne for your wife, one for your freak silver spurs\nRolls Royce too good to be true, houses worth 2.2\nPool parties beautiful view\nYou made it in life, Forbes Magazine style baggy jeans style\nPass the green while hoes wit' meanwhile\nAsses, pretty mommies illest bodies pass glasses\nLouis Roderra with Peach Schnapps you just relaxin'\nThinkin', \"Damn, wish my niggas could afford this\"\nOn the sand at your Malibu house holdin' a cordless\nTalkin' to lawyers accountants investments\nMoney doubles, triples protected hard work you manifested\nWorries of failure, when you buried with your familia\nKeep your name prosperin' to the maximum\nYou should live, there's only one life that's the physical\nRich or poor in jail why the fuck should you be miserable\nThings happen for reasons, the clock keeps tickin'\nLove could have your heart beat skippin', thugs turn to religion\nThe bitch you love could start to hate you\nThe shit you use to do escape you\nThings that make you laugh represent the past\nReminisce the block gamble gees on the floor\nNiggas use to be the man, you don't see 'em no more\nYour favorite restaurants and favorite stores, they tore 'em down\nTurned 'em into shopping malls the hood is like a ghost town\nHaunted by souls who thought that time stood still\nJust live your life to the fullest, never look back, it's real\n\n[Chorus]\nEverything will eventually come to an end\nSo try to savor the moment, 'cause time flies, don't it?\nThe beauty of life, you gotta make it last for the better\n'Cause nothin' lasts forever\nEverything will eventually come to an end\nSo try to savor the moment, 'cause time flies, don't it?\nThe beauty of life, you gotta make it last for the better\n'Cause nothin' lasts forever\n\n[Outro]\nYa know, ya know, nothin' lasts forever ya know\nLet it go, let it go", "image": "https://images.genius.com/6438e249e54997f8504fca57219b4738.1000x1000x1.jpg"}], "artist": "Nas"}