{"songs": [{"title": "Cherry Wine", "album": "Life Is Good", "year": "2012-07-17", "lyrics": "[Produced by Salaam Remi]\n\n[Hook: Amy Winehouse]\nWhere is he, the man who was just like me?\nI heard he was hidin' somewhere I can\u2019t see\nWhere is he, the man who was just like me?\nHeard he was hidin' somewhere I can\u2019t see\nAnd I\u2019m alone, and I realize that when I get home\nI wanna talk to my red and my cherry\nYes, I\u2019m alone, and I realize when I get home\nI wanna talk to my red and my cherry\n\n[Verse 1]\nI want someone who like the champagne I like, my a-alike\nSomeone to talk me off the bridge any day or night\nShe teach me how to live, she ain\u2019t afraid of life\nNot easily impressed with the rich and famous life\n'Cause she done been there and heard all the rumors before\nShe loves art, she ride out with me on my music tour\nShe like the herb's natural medicine, she cookin' good\nShe tell me everything is cool when it ain't lookin' good\nFor real, the world so ill, yo I want a girl so real\nWho not after material wealth but get dough still\nOr maybe an educator, a lady with etiquette\nWho can be from out the hood or even work for the president\nAs long as there\u2019s no selfishness\nYes, as long as her love for the people is deep-rooted and evident\nYou can be easily recruited, you\u2019re heaven-sent\nYour smile put me at ease\nYou\u2019re the woman I need, but where is she?\n\n[Hook: Amy Winehouse]\nWhere is he, the man who was just like me?\nI heard he was hidin' somewhere I can\u2019t see\nWhere is he, the man who was just like me?\nHeard he was hidin' somewhere I can\u2019t see\nAnd I\u2019m alone, and I realize that when I get home\nI wanna talk to my red and my cherry\nYes, I\u2019m alone, and I realize when I get home\nI wanna talk to my red and my cherry\n\n[Verse 2]\nI hate when people write me hostile texts\nOn account of my lifestyle\u2019s perception\nInvade my personal life? Out of the question\nWhat are they expectin'? I be tryin' to reply and\nThey never suppose I get my quiet time in?\nThey think forever I\u2019m rollin' in dough, swimmin' in a pool of cash\nGod, wouldn\u2019t they know or am I a fool or ass?\nI\u2019m well known, got people comin' at me mad\nI had to tell homes, I don\u2019t keep a cell phone, my bad\nI drag off the L and try to silence it\nThe noise in my head, the curse of the talented\nStrong communicator, vagabond\nI\u2019d gallivant around the equator, if that would get me off the radar\nIt\u2019s so intense, I\u2019m on my Lilo & Stitch\nPour my Pinot Grigio and Cris with some lime, what is this?\nAn immaculate version of \"Me & My Bitch\" by Biggie\nWith all respect 'cause you the only one that gets me\n\n[Hook: Amy Winehouse]\nWhere is he, the man who was just like me?\nI heard he was hidin' somewhere I can\u2019t see\nWhere is he, the man who was just like me?\nHeard he was hidin' somewhere I can\u2019t see\nAnd I\u2019m alone, and I realize that when I get home\nI wanna talk to my red and my cherry\nYes, I\u2019m alone, and I realize when I get home\nI wanna talk to my red and my cherry\n\n[Bridge]\nYeah, yeah, let\u2019s pour some cherry wine\nEverything\u2019s good, everything\u2019s fine\nYeah, yeah, we bring it every time\nYeah, pour a little cherry wine\nYeah, hey yo, Salaam\nYeah, I think they know the time\nEverything\u2019s good, everything\u2019s fine\nYeah, pour a little cherry wine, yeah\n\nLife is good, life is good, yeah\nLife is good, no matter what, life is good\nLife is good, life is good, yeah\nNo matter what, life is good\n\n[Hook: Amy Winehouse]\nWhere is he, the man who was just like me?\nI heard he was hidin' somewhere I can\u2019t see\nWhere is he, the man who was just like me?\nHeard he was hidin' somewhere I can\u2019t see\nAnd I\u2019m alone, and I realize that when I get home\nI wanna talk to my red and my cherry\nYes, I\u2019m alone, and I realize when I get home\nI wanna talk to my red and my cherry", "image": "https://images.genius.com/61120294073dfb54e557f18459ade95a.300x300x1.jpg"}], "artist": "Nas"}