{"songs": [{"title": "The Scientist", "album": null, "year": null, "lyrics": "[Intro]\nThe scientist is a man who was learned how to think\nAt least about scientific matters\nThat's why he can do so many amazing things\nBut a scientist isn't supposed to believe anything much\nUnless its supported by evidence...\n\n[Verse]\nLame foot soldiers get croaked in my vicinity\nThe ode for old murder, criminal activity\nDiamond encrusted bracelets, escape death\nCars and yachts, I flaunt things that say success\nFlow to the water turns my electric chair on\nInside the LeBaron trunk, got Pakistan her-on\nNasir Jones, not a Capo, the Picasso, word painter\nBlack Sinatra, rap King Cole, gangsta\nPoint blank body armor\nI'm violence, you're the Dalai Lama\nYou just holla drama", "image": "https://images.genius.com/23061dd2dc7e863127db561906debd27.434x434x1.jpg"}], "artist": "Nas"}