{"songs": [{"title": "Every Ghetto", "album": "Stillmatic", "year": "2001-12-18", "lyrics": "[Verse 1: Nas]\nUhh, yeah, uhh\nBlessings of life to the children, they say life is like five days\nWords of a old man with silver hair, in his wheelchair\nHis eyes were bloody while describin' what lies before me\nSaid evil bitches and jealous men would try to destroy me\nIt occurred to me, this old nigga's words couldn't be realer\nI'm on top now, slightest drama, I'll have ta kill ya\n'Cause animals sense weakness, sharks smell blood in water\nIshmael, Moses and Job knew the divine order\nShit is plastic material, havin' no life\nI crash whips and leave it no matter the price\nAs long as I survive, cop a new five\nCircle the block where the beef's at\nAnd park in front of my enemy's eyes\nThey see that it's war we life stealers, hollow-tip lead busters\nThere's no heaven or hell - dead is dead fuckers\nAnd your soul is with God, your mind keeps lurkin' the earth\nWatchin' your own murder reoccur\n\n[Chorus: Blitz]\nFor ever struggle, every strip, and every ghetto\nFor every nigga totin' inner pain and heavy metal\nFor every child that's born, and every nigga gone\nAnd for every breath I breathe and live to see another morning\nFor ever struggle, every strip, and every ghetto\nFor every nigga totin' inner pain and heavy metal\nFor every child that's born, and every nigga gone\nAnd for every breath I breathe and live to see another morning\n\n[Verse 2: Blitz]\nIt's Blitz nigga the streets glory many die for me\nGot knocked, refused 3 to 9's, went to trial for me\nBasically I'm just reality, loaded with foul stories of lust\nGreed and contempt, no street is exempt\nExtended clip shots, hoods barricaded for 6 blocks\nI sip shots, watchin em hustlers pitch rocks\nOil paintin' pictures of my pain, illustrate the city in vain\nFallin deep into the pits of the game\nThis is for the sickest state of mind, in these fatal times\nVest crimes, nickel-plated nines and niggas for the dime\nHear the sounds of them babies cry, still I'm sayin why do we reside\nIn the ghetto with a million ways to die\nStayin' high to relieve the pain, breathin' in the game\nExhalin' guilt sin and shame, misery and strain\nWhat the fuck will tomorrow bring; luck or anthrax\nI stand back, hopin' I'll make it through tomorrow\n\n[Verse 3: Nas]\nMy skin is a art gallery, right - with paintings of crucifixes\nHopin' to save me from all the dangers in the music business\nWas once a young gangsta hangin' with youth offenders\nBut since I tasted paper it started losin the friendships\nWatchin' kids freeze in winters, they still poor\nHow could I tease them with Benzes and feel no remorse\nDrivin' past them in the lively fashion, diamond colors clashin'\nRed stones, blue stones, red bones and black ones\nFuck did I expect with bucket seats in a Lex\nAnd spendin' time in Chuckie Cheese with Little Des\nGot guns when I'm with my daughter\nHate to bring a violent aura in her presence\nShe knows what daddy taught her, it's lessons\nBlack princess it's a ugly world\nI put my life up for yours, see I love that girl\nCould you believe even my shadow's jealous\nMy skin is mad at my flesh, my flesh hates my own bones\nMy brain hates my heart, my heart makes the songs\nThough my songs come from the Father\nI'm lonely... hold me, it's gettin' darker\n\n[Chorus: Blitz]\nFor ever struggle, every strip, and every ghetto\nFor every nigga totin' inner pain and heavy metal\nFor every child that's born, and every nigga gone\nAnd for every breath I breathe and live to see another morning\nFor ever struggle, every strip, and every ghetto\nFor every nigga totin' inner pain and heavy metal\nFor every child that's born, and every nigga gone\nAnd for every breath I breathe and live to see another morning", "image": "https://images.genius.com/b568e8d559c7ba98ef485809d81c1d79.1000x1000x1.jpg"}], "artist": "Nas"}