{"songs": [{"title": "Why You Hate The Game (Exclusive)", "album": null, "year": null, "lyrics": "Y'all know what it is\nThe streets named me Illmatic, for that I'm still at it\nCan't hate us\nFellas\n\nVice behind me on the intersection\nSex and drugs, my anthology on perfection\nDress superb, admired by conspirers\nWho wanna try me, but ain't high enough to four-five me up\nChild of the eighties, y'all niggas is lazy\nComplain about labour pains, nigga show me the baby\nAnd my nigga Game, light another L, pass the bottle\nPro-black, I don't take cotton out of aspirin bottles\nYeah, I learnt my lessons, and heard y'all snitchin'\nWitnessin' you rockin' with Nas, confirmed my suspicion\nGreen fatigues on, My niggas I bleed for 'em\nI can show 'em the water, but can't make 'em drink it\nAnd I can show 'em my fortunes but can't force 'em to think rich\nAnd still I don't abort 'em ? when and if they sink quick\nIgnore the ignorance, I rep the brilliance of Queensbridge\nAnd pray to fans, let Murder Inc. live\n\nI don't talk about my guns, nigga I just blaze\n\n'Pac is watchin', Big is listenin'\nWhile Pun talkin' to us, Jam Jay still spinnin'\nTo every nigga listenin'\nI was supposed to be amongst kings, my Mom shouted out at my Christening\nAnd while you still listenin', Shyne locked in a man hole\nCam got shot inside his lambo', sample, life is a gamble\n15 years old red rag around my hand, My sisters used to laugh and call me 'Rambo'\nSeen Eazy's legacy melt away like a candle\nI rekindled the flame\nDre created The Game\nNigga with an attitude from the cloth I came\nYoung homie ate his way up from the bottom of the food chain\nKeep the crown, clown, I rock an LA Dodger Fitted\nI showed my ass at Summer Jam but New York was down with it\nNow the ball's in my court, never dribble out of bounds with it\nBehind the back to Nas, he alley oop to Jigga, nigga\n\nMe and nasty puffin', this a classic, trust me\nHow you gon' pass the dutchie ? to them niggas that don't love me\nI'm talkin' niggas that never wanted to see me on top\nSame niggas that never wanted to see the Doctor's Advocate drop, flop, I think not\nI'll fuck you rap niggas like virgins\nDre took my training wheels off his curtains\nI don't need no encore, no claps, no cheers\nThe Game ain't over, this the beginning of my career\nThe ending of yours, the endin' of his\nLike Flavor Flav's clock, I'm back to handle my biz\nNigga, it's Game Time, that was Dre's favorite line\nBack when proof was in the booth and I recited his lines\nAnd I still think about my nigga from time to time\nMake me wanna call 50, and let him know what's on my mind\nBut I just hold back 'cause we ain't beefin' like that\nHe ain't Big, and I ain't Pac, and we just eatin' off rap\nOne love\n\nI'll do Marsha's bit if you want, but it seems kinda pointless\nI thought Nas was on point with his multis, the cotton line is a bit old though", "image": "https://images.genius.com/23061dd2dc7e863127db561906debd27.434x434x1.jpg"}], "artist": "Nas"}