{"songs": [{"title": "Zone Out", "album": "God's Son", "year": "2002-12-13", "lyrics": "[Intro: Nas (Wiz)]\nBraveheart for life\nZone out, zo-zo-zo zone out\nUhh, Salaam Remi!\nYeah, zone out, zo-zo-zo zone out, what, yeah\nZo-zo-zo zone out, zo-zo-zo zone out\n(I want y'all to blast on these niggas, man)\nZo-zo-zo zone out\nZo-zo-zo zone out\n\n[Verse 1: Jungle]\nTuck in your chain put your watch in your pocket\nHere come the Braveheart straight out the projects\nWe live the life where the blood spills\nSame thing that get you cash nigga, get you killed\nWarnin', Jungle always keep a gun on him\nPull out, {*shooting sound*}, forehead yawning\nSloppy, droppin' you birds\nClose range so my bullets don't swerve, curve\nNo bullshit, back in ya head, find me\nCall Earl, death is the ways of the world\nY'all made criminals tryin' to wild out there sold crack\nBust guns at Bow Wow's age\nFightin' in jail, lookin' for heaven, livin' in hell\nFuckin 'em hoes, boilin' coke since I was 12\nWay too foul walk around all the time\nWith a gray MAC-10 and a pocket full o' dimes\n\n[Verse 2: Wiz]\nBraveheart to the graveyard, let's go niggas\nScared straight, but FUCK them hoes\nKeep it, dead serious\nBelieve it don't believe us, until you see me creepin'\nNow you sleep with them fishes\nG-W-I-Z, so delicious\nTo all them ghetto and sober bitches in 'burban districts\nI'm movin on passin' chumps, and very thoroughly promoted by God's Son\nAnd this is the military turn it up\nMy Uzi weighs a ton. a ton, your son less thump nah\nHeat talk feet walk you run uh\nRat ta-tat, Hear them shots come\nDrop son, pull out\nYou better send 'em back son, or feel that casket\nThe peeps be like one (one)\nI'm movin on passin' chumps, and very thoroughly promoted by God's Son\n\n[Verse 3: Nas]\nG-O-D S-O-N\nI S-O-O-T-H-E a female's estrogen\nWith my testosterone, male hormone\nEnough for a giant's body, science S-C-I-E-N-C-E\nDon't tempt me, EMS against you, me I'm just, invincible\nLike Mike Jack said\nFor me and Al Sharpton won't be Broke in Harlem\nThat's dead, who made this style, Solo or X\nAre you UTFO's Doctor or Moe Dee\nWhoever, I freaked it yes, so meet ya death\nI never wear Esco, I got a New Line comin' like cinemas\nRemember the, original, y'all still tryin' to show niggas ya rich\nTown house niggas\nI'm six cribs deep, six bank accounts in six countries\nNa I'm lyin', who gives a fuck that's so tired\nWhile pictures of Bravehearts just livin' it up\nA million of us, each nigga inchin' to bust\nYou got a house in Virginia, the only way you sicker than us\nGettin' bagged with .22's now you's a ridiculous fuck\nNo need for the gun play, it's okay, 'cause you dyin' anyway\n\n[Verse 4: Jungle]\nYo, this is for them high school drop outs\nNiggas who copped out\nIf you prefer shots over knockouts\nSniffin' coke, smokin' weed\nSellin' crack, sellin' smack\nYou thuggin' it, you ain't turn it back\nBravehearts gettin' money ruthless 'till the world end\nGettin' high with my enemy's girlfriend\nI used to have a bike on a bench\nNow I got the Jeep on this trip\nCoke in the pot, heat on my hip\n\n[Verse 5: Wiz]\nNigga don't stop blazin' 'cause ya target's movin'\nShoot 'til the gun's empty stupid, Queens\nNiggas so ruthless, really excuses is\nUseless to these swift executioners\nAnd that's Queensbridge nigga, all day\nPump packs o' crack, smoke purple haze\nRunnin' from D's quickly knockout rookies\nG Wiz you know what I'm all about\nTo all my real niggas\n\n[Chorus]\nZo-zo-zo zone out, zo-zo-zo zone out\nZo-zo-zo zone out, zo-zo-zo zone out\nZo-zo-zo zone out, zo-zo-zo zone out\nZo-zo-zo zone out, zo-zo-zo zone out", "image": "https://images.genius.com/3a2b5d523ed4c1887dcd3d37b71c01d9.1000x1000x1.jpg"}], "artist": "Nas"}