{"songs": [{"title": "Triple Threat", "album": null, "year": null, "lyrics": "[Intro: Nature]\n\n[Verse 1: Nature]\nY'all know my pedigree, hoes blow the gods voluntarily\nWe're world wide, my heart pumps where the ghettos be\nYoung sharks be telling me, y'all niggas can't swim, y'all drowning\nFrom my hood to your hood, the anthem, y'all wilding\nI die for my coalition, the foes whispering\nHating, Wild Gremlins and those that roll with 'em\nSo I chose rap, we vamped to neva go back\nUntil this life of animosity, the high velocity\nNiggas be on the same team planning to blow shots at me\nBe the same mouths I try to feed\nI write shit, entice it properly, 'til it hurts me\nThe same game as James Worthy, they spread my name like it's Herpes\nNature, niggas on the block boxing me, y'all not complete\nWe take this shit to where it gots to be, now smile philosophy\n\n[Verse 2: Nas]\nSex and money go together like techs and nine shells\nSwiss cheese you and cover it up like Roswell\nCartel, you ain't seen no iller regime\nThe Celest team, prophecy, project warrior, owns property\nCrackers hate it, cops get jealous cause I stay with\nThe '98 temporary plates on my whip\nThe system thing is not right\nA rich thug could fuck a cop's wife\nCause I'm on television and live the pop life\nI rock mics, make mills, sound scan sales\nOne point whateva records, professional skills\nMoney's the root of evil but it'll make you happy\nDon't wanna shoot my people but still they might clap me\nCause I talk like Dr. Malachi york, played the sidewalk\nHold fort, diamond plate chain, gold fork\nGet in tune, rich life Ricky for silver spoon\nFrank Lopez's crib, elevators and living room\n\n[Verse 3: Noreaga]\nAyo we're still in Queens, same place where we use to be\nOften you won't see us, cause we're usually out touring\nLeave the hood now the hood boring\nNORE, you know me, we're regulating\nStraight from Iraq with QB affiliated\nIt's like a higher learning\nFrom 99th street down to Vernon\nLetting our heat burst burning\nLike henny wet, throwing up my set\nCatch me on star tec, 'bout to set the connect\nYo sex, drugs, money and murder, beers and sex\nLands and Lex in the projects\nThe 4th floor where we score through our cook-up\nD's shook-up, hit the block and now you look up\n\n[Verse 4: Nature]\nWhispers turning to screams, from screams to hollers\nFans turn to fanatics, go home and dream about us\nMy zone, I need the chronic, my habit daily\nSpitting, rapping fury, I got more steps then Alvin Ailey\nThousands will feel me, my nickname Braille\nDietec, the fakest niggas, cause their cliques ain't real\nEach verse be pain filled, force to taking Motrin's\nFrom the street to the screen, pictures be major motion\nNature grossing, holding my square where snake's approaching\nReact quickly, keeping gats where my dick be\nA buck equal a hundred, so a half is fifty\nY'all do the math with me, before I hurt you\nIt's personal, you and I know, my whole squad be U-N-I-versal\nFrom blood in to blood out, we thugged out\nFuck a four-four, I go to snub route, leave you rubbed out\n\n[Verse 5: Nas]\nDeath followed him, before it swallowed him whole\nIt was signs he should of read that was inside his soul\nNiggas light dutches to 'em now\nSo long miss a mutha fucka but still life goes on\nHope I'm rich on my last day, clutching some ass\nNigga said he came in with, got a nut when he passed\nAn old man laying dead on my bed, with some young shit\nScreaming out \"freedom\" when I slumped her chest\nAfter that, chill, be a bitch with a hex\nEvery nigga she sexed, be the next put to rest\n\n[Verse 6: Noreaga]\nYo since a young sibling, had every flavor Timberland\nAlways had a jump shot and always dribbling\nJohn McEnroe, Jose lay like Casserole\nDoling Mike Tys', the jungle low, cut the china white\nCome check ya, mixed the henny with the nectars\nOn straight flights while y'all cats connectors\nIf it was up to me, the whole world would be comfortably\nBut since its not, y'all niggas stay fucked up\nI think about y'all too much and be bankrupted\nSo niggas get yours, I got mines niggas, so what, what?\n\n[Outro]", "image": "https://images.genius.com/23061dd2dc7e863127db561906debd27.434x434x1.jpg"}], "artist": "Nas"}