{"songs": [{"title": "The Makings of a Perfect Bitch", "album": "Street's Disciple", "year": "2004-11-30", "lyrics": "[Hook]\nI know you think you got it together player, but fuck the bird you with\nAnd listen close to the makings of a perfect bitch\nListen close to the makings of a perfect bitch\nThere's always one thing wrong and you wish that you could switch\nOr fix, while you shapin' every curve and hips, you heard of this?\nThe makings of a perfect bitch\n\n[Nas]\nA ghoul at night, I role like Jack the Ripper trying to choose my wife\nI need a ass of a stripper, fat lipper\nMad niggas in this one predicament\nYou try to choose a loyal one and stick with it\nMy stupid dick again searching for something to jump and then start humpin'\nConvincing me that the history of a woman is about leaving a nigga with nothing\nSo my experiences taught me how to come up with a plan to make a right one for the man\nA toy for the boy, the one that righteously will understand\nAnd since I can't find her I guess I gotta make her\nI creep in the night like a kinky undertaker\nI think I'm on a caper to abduct a nerd from the Ivy League\nNext stop at the strip club snatch a bad one and flee\nWhat's next, I'm stakin' out a five star restaurant to kidnap the chef\nSay goodbye to the stress\n\n[Hook]\n\n[Nas]\nI stitch 'em together then I kiss 'em forever\nThese surgical gloves are made of love, couldn't be better\nFour cycles of blood, child birth first\nMen-e-stral cycle, last men-e-stral cycle then death\nThat's four, so I guess rebirth is the fifth\nPut 'em together, that's a genius, a slut and a chef\nHoldin' the scalpel while cutting the flesh\nHeavy bleeding, so I need suction, it's such a mess\nIf she survives she'll be sucking me next\nDark nipples on her D-cup breasts so I could titty fuck while she do\nMy taxes for the IRS\nSo I could just relax, shit, by now I'm blessed\nI'm her daddy, I'm her messiah, I'm god\nCause I injected obedience and loyalty in her heart\nKnow you mad cause you with a bitch that nag you to death\nI smack mine on the ass and she breathe her first breath\n\n[Hook]\n\n[Nas]\nGimme Sade's mystique, she gotta know her way in the streets\nLike Billie Holiday in Harlem\nBody from Ki Toy Johnson and Kenya Moore and Apple Bottoms\nMaya Angelou's brain and some groove from Terry McMillan\nThem Angelina Jolie lips, Angela Davis, Sista Souljah's wit\nHelping me load clips\nSome words form a pimp was, \"Nas, it just don't exist\"\nBut homes is twisted, a home ain't a home without without the misses\nAll the girls that I named are queens, no disrespect\nBut I need me someone to disappear, reappear like I dream of Jeannie\nWhenever I want, I think I met her, it's on, forever I'll flaunt\n\n[Hook]", "image": "https://images.genius.com/65c98702fc773f6dafd41563fe5c5485.500x500x1.jpg"}], "artist": "Nas"}