{"songs": [{"title": "1 Shot", "album": null, "year": null, "lyrics": "Verse 1:\nYou only get 1 shot to make a first impression. There ain't no such thing as second chances in this game. It only takes 1 man to knock you out the box. It only takes 1 woman to drive you insane. It only took 1 sniff now look Im addicted. It took 1 bad decision. Now my whole life is shifted. It only took 1 shot to kill my best friend. It only took 1 Glock for me to get revenge. It only takes 1 pill just to ease the pain. It only takes 1 bullet to end everything. Right here and right now. \u2018cause of sick of all of it. The 1 times. The jakes and the fakes. Sick of all of them. To many haters hating 1 man. Wish that I could burry all of them. Under 1 grave. Without even 1 chance of being found. Yo it takes 1 strike. 2 strikes. 3. And you\u2019re out of here. Getting 25 to life. Without a chance to get out of there. 12 jurors. 1 judge. 1 cell. No love. 1 god. And 1 chance to change things. You get 1\n\nChorus:\nYou get 1 shot. And 1 life. This is real life. On 1 Mic. You get 1 shot. And 1 life. This is real life. A ha...A ha\nYou get 1 shot. And 1 life. This is real life. On 1 Mic. You get 1 shot. And 1 life. Better get it right.A ha...A ha\n\nVerse 2:\nIt only takes 1 beat for me to fxxx it up. It only takes 1 verse for you to give it up. It only takes 1 mic for me to reck shit. It only takes 1 time for you to know the time. It only takes 1 listen for you to feel the man. It only takes 1 DJ to make a band. It only takes 1 convo to understand. It only takes 1 snitch to go and take the stand. It only takes 1 blunt to make the pain go. It only takes 1 lie to know she gotta go. It only took 1 look to know that she\u2019s a hoe. It only took 1 no from you for her to go. She asked you to marry her. And you passed it up. You had your opportunity\n\nChorus:\nYou get 1 shot. And 1 life. This is real life. On 1 Mic. You get 1 shot. And 1 life. This is real life. A ha...A ha\nYou get 1 shot. And 1 life. This is real life. On 1 Mic. You get 1 shot. And 1 life. A ha...A ha", "image": "https://images.genius.com/23061dd2dc7e863127db561906debd27.434x434x1.jpg"}], "artist": "Nas"}