{"songs": [{"title": "Daughters", "album": "Life Is Good", "year": "2012-04-26", "lyrics": "[Produced by No I.D.]\n\n[Intro]\nCheck it out\nI call it, yeah, yeah\n\n[Hook]\nFor my brothers with daughters, I call this\nFor my brothers with daughters, I call this\nFor my brothers with daughters, I call this\nFor my brothers with daughters\n\n[Verse 1]\nI saw my daughter send a letter to some boy her age\nWho locked up, first I regretted it, then caught my rage\nLike, how could I not protect her from this awful phase?\nNever tried to hide who I was, she was taught and raised\nLike a princess, but while I'm on stage I can't leave her defenseless\nPlus she's seen me switchin' women, Pops was on some pimp shit\nShe heard stories of her daddy thuggin'\nSo if her husband is a gangster, can't be mad, I'll love him\nNever, for her I want better, homie in jail \u2013 dead that\nWait 'til he come home, you can see where his head's at\nNiggas got game, they be tryna live\nHe seen your Mama crib, plus I'm sure he know who your father is\nAlthough you real, plus a honest kid\nDon't think I'm slow, I know you probably had that chronic lit\nYou seventeen, I got a problem with it\nShe looked at me like I'm not the cleanest father figure\nBut she rockin' with it\n\n[Hook]\nFor my brothers with daughters, I call this\nFor my brothers with daughters, I call this\nNot sayin' that our sons are less important\nFor my brothers with daughters, I call this\nFor my brothers with daughters, I call this\nNot sayin' that our sons are less important\n\n[Verse 2]\nThis morning I got a call, nearly split my wig\nThis social network said: \"Nas, go and get your kid!\"\nShe's on Twitter, I know she ain't gon' post no pic\nOf herself underdressed \u2013 no inappropriate shit, right?\nHer mother cried when she answered\nSaid she don't know what got inside this child's mind, she planted\nA box of condoms on her dresser, then she Instagram'd it\nAt this point I realized I ain't the strictest parent\nI'm too loose, I'm too cool with her\nShould've drove more time to school with her\nI thought I dropped enough jewels on her\nTook her from private school, so she can get a balance\nTo public school, they're too nurture teen talents\nThey grow fast, one day she's your little princess\nNext day she's talkin' boy business \u2013 what is this?\nThey say the coolest playas and foulest heart breakers in the world\nGod gets us back, he makes us have precious little girls\n\n[Hook]\nFor my brothers with daughters, I call this\nFor my brothers with daughters, I call this\nNot sayin' that our sons are less important\nFor my brothers with daughters, I call this\nFor my brothers with daughters, I call this\nNot sayin' that our sons are less important\n\n[Verse 3]\nAnd I ain't tryin' to mess your thing up\nBut I just wanna see you dream up\nI finally understand\nIt ain't easy to raise a girl as a single man\nNah, the way mothers feel for they sons\nHow fathers feel for they daughters\nWhen he date, he straight, chip off his own papa\nWhen she date, we wait behind the door with a sawed-off\n\u2018Cause we think no one is good enough for our daughters\nLove", "image": "https://images.genius.com/71679ec504577373c4d2e7a1bea42d88.1000x1000x1.jpg"}], "artist": "Nas"}