{"songs": [{"title": "Last Real Nigga Alive", "album": "God's Son", "year": "2002-12-13", "lyrics": "[Intro]\nUhh, uhh, uhh\n\n[Chorus]\nLord have mercy, Jesus Christ\nHe's just nice, he just slice like a Ginsu\nLook at the life that I've been through\nI'm the last real nigga alive, that's official\nLord have mercy, Jesus Christ\nHe's just nice, he just slice like a Ginsu\nLook at the life that I've been through (uhh)\nI'm the last real nigga alive, that's official\n\n[Verse 1]\nY'all don't know about my Biggie wars\nWho you thought Kick in the Door was for?\nBut that's my heart, y'all still trippin' off the Jigga shit\nReal niggas listen up and I'ma tell you how the whole thing start\nOff top I brung Queens up from hard times\nRockin' at the Fever, streets was all mine\nIt was my version of the blues, droppin' out schools\nThe crack epidemic had rap representin' the rules\nSo I got in them shoes, tried 'em, wore them\nWasn't a perfect fit so I couldn't sport 'em\nYoung murderers ride, I knew all them\nJungle got shot, Will died, we was warrin'\nI wrote it in my album\nI was 18 when Lake seen the Island, and Lord held me down and\nMy surroundings started changin', I had a baby\nI was makin' my rounds with AZ\nNiggas started noticin' my flow and was open when\nThe Golden Child closed 'em in\nWith more style than them older men\nPuff tried to start a label, Prince Rakeem had formed Wu-Tang\nSnoop and Dre had a new thing\nSo Puff drove his new Range through Queensbridge Projects\nHe let me drive it, before Ready to Die hit\nBig and I hit blunts performin' at the Ark\nNext thing you knew, Big blew and all the ballin' starts\nHe had Kim in his crew, I found Fox\nOnly niggas in New York with number one charts\nBig was ahead of his time, him and Raekwon\nMy niggas, but dig it, they couldn't get along\nThat's when Ghostface said it on The Purple Tape\nBad Boy bitin' Nas album cover, wait\nBig told me Rae was stealin' my slang\nAnd Rae told me, out in Shaolin, Big would do the same thing\nBut I borrowed from both them niggas\nJigga started to flow like us, but hit with \"Ain't No Niggas\"\nHad much Versace swagger\nBig admired the Brooklynite and took him in as Iceberg the rapper\nToday, don't know nothin' about this boss shit\nThere's more shit than wantin' to be this King of New York shit\nUhh, uhh, uhh\n\n[Chorus]\nLord have mercy, Jesus Christ\nHe's just nice, he just slice like a Ginsu\nLook at the life that I've been through\nI'm the last real nigga alive, that's official\nLord have mercy, Jesus Christ\nHe's just nice, he just slice like a Ginsu (uhh)\nLook at the life that I've been through (yeah)\nI'm the last real nigga alive, that's official\n\n[Verse 2]\nRap became a version of Malcolm and Martin\nRest in peace Will, Queensbridge live on\nThere's some ghetto secrets I can't rhyme in this song\nThere's some missing pieces I had to leave out\nHad lost trust for Steve Stoute at some point 'til I got to know him\nWe old friends, but what's loyal?\nPuff soaked Interscope offices with champagne bottles on Steve\nAnd Steve thought the drama's on me\n'Cause previously it would've been, against whoever\nFriends forever\nHowever, I learned, with some niggas it's all business\nBut I'm a street dude with morals\nThen this nigga's with Jigga too much\nHe used to say Jay wanted my spot\nI laughed, stayed home, never hung a lot\nA quiet man who used to be alone plannin'\nBaby moms thought I was too quiet, couldn't stand it\nShe hit the streets, later on she hittin' the sheets\nWith a rapper who wanted me on his songs, thinkin' he strong\nI taught her how to watch for cars who might follow\nTaught her street shit that I know\nHer weakness was shine yo\nBut that's her, I ain't mad, baby, it made me stronger\nNow I get my paper longer\nIllmatic I was boss, It Was Written I flossed\nOne of the most creative LP's ever to hit stores\nIn The Firm I learned I Am NAStradamus\nQB's Finest, Oochie Wally, faced more problems\nI gave it all up so I can chill at home with Mama\nShe was gettin' old and sick so I stayed beside her\nWe had the best times, she asked would I make more songs\nI told her not 'til I see her health get more strong\nIn the middle of that, Jay tried to sneak attack\nAssassinate my character, degrade my hood\n'Cause in order for him to be the Don, Nas had to go\nThe Gam-B-I-N-O rules I understood\nWhat y'all want, see, I already had\nThe Gift and The Curse? Fuck that shit, the first you'll be last\nI'm the man's man, a rapper's rapper\nG-O-D, S-O-N \u2013 they'll be none after\nI was Scarface, Jay was Manolo\nIt hurt me when I had to kill him and his whole squad for dolo...\nUhh, uhh, uhh\n\n[Chorus]\nLord have mercy, Jesus Christ\nHe's just nice, he just slice like a Ginsu\nLook at the life that I've been through\nI'm the last real nigga alive, that's official\nLord have mercy, Jesus Christ\nHe's just nice, he just slice like a Ginsu\nLook at the life that I've been through\nI'm the last real nigga alive, that's official", "image": "https://images.genius.com/3a2b5d523ed4c1887dcd3d37b71c01d9.1000x1000x1.jpg"}], "artist": "Nas"}