{"songs": [{"title": "Eye 4 An Eye Freestyle", "album": "The Great Ones Pt. 2", "year": null, "lyrics": "[Intro: Nas]\nYo this Nas niggas whuttup?\nQB Album coming, niggas Ill Will, Bravehearts\nMy nigga DJ Clue - put this shit on these niggas\nDesert Storm baby 2000!\n\n[Nas]\nA Drug dealers dream - flip his last Ki out the game\nCause entertainment money now is off the chain\nI put blunts in niggas caskets, lost in the game\nI learned about pain, bodies burnt in drug game\nBut I'm neva gon' die, I neva heard of death\nEnergy could neva be destroyed\nOnly the flesh, when you niggas try to murder me\nWith bullets to my head\nThis is my you can't kill me niggas\nI'm already dead, BRING IT!!\nI'm busting bodies fall in the cemetery\nBlack blood raining on the street\nAll you niggas, buried y'all\nNiggas just came home, fresh out the state greens\nFive time felon, thinking he jelling in Queens\nIt's pitiful - what bid could do, especially federal\nY'all young thugs wilding, see prison\nGot a bed for you waiting, I clapped that Satan\nBut thought I was dreaming\nI woke up masturbating in the bed with demons\nI cried with every bit of strength of my small body\nThis is the life I chose, under God I'm tiny\nHard to find me, I popped up, lock shot-up\nYou can't B.I., see I'm eternal, not luck\nYou get shot-up, boxed-up next for the grave\nYour flow is one dimensional, your level is 2nd grade\nYou're on top -- WHAT?\nCopy and fuck, I said it first, you repeated\nYour false crown covered in dirt - defeated\nY'all niggas all hail, the King is dead\nHe running like a bitch with his tail between his legs\n'Stillmatic', still eye 4 an eye, wanna be God\nYou're just the next rapper to die, fucking with Nas", "image": "https://images.genius.com/9303eeb00d985341364bafb9e29c9a52.500x500x1.jpg"}], "artist": "Nas"}