{"songs": [{"title": "Fear Of The Black Man's Dick", "album": null, "year": null, "lyrics": "\"Fear Of The Black Man\"\n\nThe Fear [x2] Of A Black Man Dick The Worlds Greatest Fear\n\n[Verse 1:]\nScoopin' Dee Lop Street Hop Dats All We Do Guess What America We Love You Step Up West Africa We Love You\nGuess What UK We Love Ya We Need You We Singin' Like Ms.Makeba Not Imperious Lyricist But At The Same Time\nNas Is Impenetrable A  Menace To Fools The description of who?   I Resent That A Prince Hat Is My Crown\nMy Throne Used To Belong To Where That North Korean Kim Used To Sit At They Think  A Chimps  A Black Mans Ancestor\nI Think A Pimps A Black Mans Ancestor Just Around The Paragraph In The Corner Of My Next Word Right Next To The World Greatest Fear\nThe Fear Of The African Black Mans Penis Is (??) Sara Beth Married Jesse Lee Proud Man He Was Mother  Like Aunt Jemima\nBlack Blue Color Skin A Softness Unmatched By Anyone Stern With Her  Words Dats Mother Black Mother Love Her Son Jesse\nDat Old Jesse is A Trip At The Factory Told The Boss Man That He Quit He Loved His Cigarettes His Beer And Sara Beth Married Less Than A Month\nAfter They Met Sare Beth Was After The Sex Cute White Darling Pretty Angel From The Heaven She Fallen Such A Perfect Match\nThey Both Human They Both Knew When They Got Together Be A Bunch  Of Eye Screwin' Whole Bunch Of How Dare You Looks From The Whites At The Negro\nBlack Chicks Have Fits At Her  And Mandingo Shes So Liberal Screams Out In Ecstacy Cause Sexually She Gotta Have A Staff of Jesse Lee\n\n[Chorus:]\nThe Fear Of The Black Man's Penis (Dey Tryin' To Give It Aids, They Try To Give It Aids)\nThe Fear Of The Black Man's Dick (They Lie Screamin Rape, They Lie Screamin Rape)\nThe Fear Of The Black Man's Penis (Can't Hide It's In Your Face, America it's  In Your Face)\nThe Fear Of The Black Man's Dick (Father Of The Place, All The Ladies Love The Taste Of Tha Nigga)\n\n[Verse 2:]\nThey Used To Barb-a-que Blacks Cut Off They Genitalia Killin' Off The Aborigines In Austrailia Coldest Shit I'm Tryin' To Tell Ya\nDaddies Told His Daughter Stay Away From The Bucks They Just Want To Impale Ya Cause She Heard About What The Myth Is About Our Big Heavy Equipment\nThat Some Sisters Might Dismiss It HA HA Yeah Right Your Right She Probably Ain't Get A Call The Other Night So Fathers You Should Be Scared\nCuz Your Little Girl Is Bangin' Down The Door Of My Bedroom She Tryin' To Get Inside of My  Fruit Of The Looms She Hopes To Have My Heirlooms  Passin' Down My Grandfather's Crown Jewels\nCause If We Get Around The World Turns Brown It's A Fact They Want A Thug In Em' Guess How Many Presidents Had Some Black Blood In Em' And This Nation Is A Vast Nation\nSo Wut Was Your Fixation With Castration Color Shouldn't Matter Wit Relations Color Shouldn't Matter Wit Life & Love Cause Color Never Matters Under The Covers When The Lights Are Off\n\n[Chorus:]\nThe Fear Of The Black Man's Penis (Dey Tryin' To Give It Aids, They Try To Give It Aids)\nThe Fear Of The Black Man's Dick (They Lie Screamin Rape, They Lie Screamin Rape)\nThe Fear Of The Black Mans Penis (Can't Hide It's In Your Face, America it's  In Your Face)\nThe Fear Of The Black Man's Dick (Father Of The Place, All The Ladies Love The Taste Of Tha Nigga)", "image": "https://images.genius.com/23061dd2dc7e863127db561906debd27.434x434x1.jpg"}], "artist": "Nas"}