{"songs": [{"title": "Film", "album": "Last Real Nigga Alive (The Lost Album Vol. 1)", "year": null, "lyrics": "[Intro: Nas]\nI want y'all to see this like film\nC-Sick on production, Nas on the vocal.. let's go\n\n[Verse 1: Nas]\nLots of fog at night, red brake lights\nThe freeway beside a restaurant\nCold egg whites sat on my plate like\n3 AM, this is a spot frequented by some made men\nI'm high on hemp\nA fly old pimp just walked in, his suit was shark skin\nHe woke me up from some of the thoughts I'm lost in\nWhat fame does to niggas, change love to bitterness\nFriends to fiends for the audience screams, ridiculous\nJumped up, paid my tab, got in my Benz and went\nTo my old housing tenement, visit my old friends\nSome show love and some are envious\nSome got the heart of gold, some venomous\nAt times I wanna go back to being penniless\nIgnorance is bliss, I love being innocent\nUgh, but life's got me on the fence again\nAnd all is real so all's worth mentioning\n\n[Hook: Ultra Nat\u00e9 (sampled)]\nIf I could press pause, or fast forward past the hardness\nVisions written bring words to life like I'm smitten with\nMemories real, still ill, now I appear crisp like film\n\n[Verse 2: Nas]\nIce on gold from mossbergs to golf clubs\nNinth hole, the white rose, the life I chose\nBandanna over the eye, Dior sandals\nCar doors rise with no touch of the handles\nCapiche? Caprese salad\u2019s on beaches and islands\nFar from police sirens at least for a weekend\nThen it's back to the streets creepin\nI'd like to make a free toast of champagne on behalf of this nigga speaking\nAdd a splash to the Seagrams\nRoll the hash for my world renowned goons this evening\nAs I circle the table like Babe Ruth\nLouisville Slugger in my grip for a fake dude\nBat to the brain with brute force\nSplatter my cream velour suit\nThey hit me with lawsuit\nI slip in your whore coupe\nYour bitch hate you, word to Jesus\nBet you never knew she toot yay and play with a gay crew\nOGs hate to make way for the new\nYoung niggas want Polo ain't fucking with J Crew\nIt's safe to say I was once young and innocent\nBut look what I know now, is all worth mentioning\n\n[Hook]\n\n[Verse 3: Nas]\nI speak to the street life\nThe executive chief types\nThe felons, young mothers with kids they trying to feed right\nThe botega wearers modern day Che Guevaras\nCuz I barely survived crazy eras\nHonest, always make good on my promise\nI don't talk it I do it you can hold me to it\nI was born to this life I didn't invent it\nBut I'd be wrong not to take a few meal tickets\nYou and I are real different, we don't share the same beliefs\nFight in the ring or buy ringside seats\nEither you like beef, or you like to spectate\nGive me gloves, and I'mma do it how the refs say\nWe touch em and we come out tussling\nThe ghetto is my garden of eden\nSo I keep bobbin' and weavin'\nIt's intense so I'm hardly breathing\nKO, and the winner is Nas, that's how the scene ends\n\n[Hook]", "image": "https://images.genius.com/bdef3baf7c20cefc912de562b0b87535.500x500x1.jpg"}], "artist": "Nas"}