{"songs": [{"title": "Warrior Song", "album": "God's Son", "year": "2002-12-13", "lyrics": "[Intro: Nas]\nUh, if I can teach somethin' so be it\nAnd hope somebody learn somethin' from it\nAnd give it back\n\n[Verse 1: Nas & Both]\nThey can't break me or shake me\nThey too fake to come kill me\nThink they faith is with Satan\nThey mistake me I'm filthy\nRich off the ghetto medleys, so now they wanna dare me\nIt's gonna be a murder confront me, the burners are empty\nMiddle Passage I made it\nI'm from the land of David\nThe Nazarene of Bethlehem they had me wrapped in blankets\nY'all bunch of backward gangsters\nY'all signin affidavits\nSnitches with smiling faces, got you blowin trial, I hate this\nHopin' my child can see through this tryna be a good daddy\nI was there when she was born and she'll be there when I'm buried\nKind of weird and it's scary\nAll my years have prepared me\nWhat I fear is my temper, I see clear to the center\nRight through a man's soul\nStraight through his eyes, straight to his heart\nI'm still alive, how did I make it this far?\n'Cause I been high I been low, searchin' for a way to go\nEvery single night I pray\nAnd Lord I'm on this battleground, lost just waitin' to be found\nI guess it's just a warrior's way, uhh\n\n[Chorus: Alicia Keys]\nThis is a song, for my warriors (a warrior song)\nBravehearted and strong, definition of a warrior (definition of a warrior)\nGonna keep marchin' on, to the sound of my own beatin' drum\n\n[Verse 2: Nas]\nLike King Nasir fightin' the British regime\nI can't cope my existence is hope for younger teens who lost and they broke\nEarlier this year I buried my queen in a gold casket\nYour mother's the closest thing to God that you ever have kid\nI'm askin', what would you do at your own mom's funeral\nWanna pick her up out of it, this can't be real\nTellin' my daughter grandma's gone, but I can't keep still\nI can't go on, responsible for so many\nHer last days at the hospital\nVisits from family I'm tryin' not to bust shots at niggas\nWishin' death on other nigga's mothers ain't right but why mommy\nShe raised me in the projects alone\nHer untimely exit from her, heavenly body\nGot me ready to body somethin' quickly\nCan't be happy, fuck a party she can't party with me\nSo your apologies are burnin' ya own souls\nTo the kids with no parents at home, grab a hold\n\n[Chorus: Alicia Keys]\nThis is a song, for my warriors (a warrior song)\nBravehearted and strong, definition of a warrior\nGonna keep marchin' on, to the sound of my own beatin' drum\n\n[Verse 3: Nas & Both]\nFight 'til the fight is over, for my peoples I die see\nWhen you thought they were soldiers they turned out to be nobodies\nI think they out to get me, helpless was livin' sinful\nIf you was me all this pain I'm feelin' would bend and killed you (I'm a warrior)\nIt only made me stronger\nBut in my head it gets darker who wishin' evil on ya\nSometimes I wish I was dead\nBut I took heed to the cause (I'm a warrior, yeah)\n'Cause I been high I been low, searchin' for a way to go\nEvery single night I pray\nAnd Lord I'm on this battleground, lost just waitin' to be found\nI guess it's just a warrior's way, uhh\n\n[Chorus: Alicia Keys & Nas]\nThis is a song, for my warriors (a warrior) to my warriors\nBravehearted and strong, definition of a warrior (definition of a warrior)\nGonna keep marchin' on, to the sound of my own beatin' drum\nThis is a song, for my warriors (a warrior song)\nWarriors, baby, KrucialKeys! Braveheart y'all\nBravehearted and strong, definition of a warrior (definition of a warrior)\nGonna keep marchin' on, to the sound of my own beatin' drum\n\n[Outro: Nas]\nThis to all my warriors, who breathe with the heart of a lion\nTo everybody that lost their mother, their father\nRest in peace moms!\nMy mother's last words: Never give up\nA true warrior, who raised me in the hood, in a war\nLove ya girl, y'know keep marchin'\nYeah yeah yeah, you never give up\nTo all my warriors, haha\nBraveheart, Braveheart\nDefinition of a warrior, ha", "image": "https://images.genius.com/3a2b5d523ed4c1887dcd3d37b71c01d9.1000x1000x1.jpg"}], "artist": "Nas"}