{"songs": [{"title": "Life's a Bitch (10th Anniversary Remix)", "album": "Illmatic 10th Anniversary Platinum Edition", "year": "2004-04-19", "lyrics": "[Intro]\n(AZ) Ayo what's up what's up let's keep it real son\nCount this money, you know what I'm sayin'\n(Nas) Yeah yeah\n(AZ) Ayo put the Grants over there in the safe you know what I'm sayin'\nCause we spendin' these Jacksons\nThe Washingtons go to wifey, you know how that go\n(Nas) I'm sayin' that's what this is all about right\nClothes, bankrolls and hoes you know what I'm sayin'\nYo then what man, what\n\n[Verse 1: AZ]\nVisualizing the realism of life and actuality\nFuck who's the baddest, a person's status depends on salary\nAnd my mentality is money-orientated\nI'm destined to live the dream for all my peeps who never made it\nCause yeah, we were beginners in the hood as 5 percenters\nBut something must have got in us cause all of us turned to sinners\nNow some resting in peace and some are sitting in San Quentin\nOthers such as myself are trying to carry on tradition\nKeeping this Schweppervescent street ghetto essence inside us\nCause it provides us with the proper insight to guide us\nEven though, we know somehow we all gotta go\nBut as long as we leaving thieving, we'll be leaving with some kind of dough, so\nUntil that day we expire and turn to vapors\nMe and my capers, will be somewhere else stackin' plenty papers\nKeeping it real, packing steel, getting high\nCause life's a bitch and then you die\n\n[Hook: AZ]\nLife's a bitch and then you die\nThat's why we get high\nCause you never know when you're gonna go\nLife's a bitch and then you die\nThat's why we puff lye\nCause you never know when you're gonna go\n\n[Verse 2: Nas]\nI woke up early on my born day; I'm 20, it's a blessing\nThe essence of adolescence leaves my body, now I'm fresh and\nMy physical frame is celebrated cause I made it\nOne quarter through life some Godly-like thing created\nGot rhymes 365 days annual plus some\nLoad up the mic and bust one, cuss while I puffs from\nMy skull cause it's pain in my brain vein, money maintain\nDon't go against the grain, simple and plain\nWhen I was young, at this I used to do my thing hard\nRobbing foreigners, take their wallets, their jewels, and rip their green cards\nDipped to the projects flashing my quick cash and\nGot my first piece of ass smoking blunts with hash\nNow it's all about cash in abundance\nNiggas I used to run with is rich or doing years in the hundreds\nI switched my motto; instead of saying \"fuck tomorrow\"\nThat buck that bought a bottle could've struck the lotto\nOnce I stood on the block, loose cracks produce stacks\nI cooked up and cut small pieces to get my loot back\nTime is Illmatic, keep static like wool fabric\nPack a 4-matic to crack your whole cabbage\n\n[Hook]", "image": "https://images.genius.com/ffe91cf8806703f8a4c4cba11c0ceed7.1000x1000x1.png"}], "artist": "Nas"}