{"songs": [{"title": "Power Paper Pussy", "album": "Invasion Radio 2k10", "year": null, "lyrics": "Ayo I hit the Earth like a comet, Invasion\nNas is like the afrocentric asian\nRight here with the amazing Green Lantern\nSerious radio, y\u2019all know what it is\n\nNaS too real, NaS true king\nYou know the king\n\nCars with police radars on highways boppin\nBullpin therapy cell block dodging\nPissy stairways missed them days not when\nThey shut down the stores when I\u2019m shopping\nUsed to be pop locking, train hopping\nFace covered in stocking\nSix pack Bud drinking gambler\nFuck them cameras in front of the man\nSing the hustlers mantra, hands of luck\nMore hits than gambling huff\nI hollered Indosia, 40 belows covered the toes\nI was a soldier with the Popeyes sippin Amota\nNigga honestly I call this a culture\nMy sister\u2019s a snake, my brother\u2019s a vulture\nMy mother\u2019s the block, my father\u2019s a ghetto piranha\nSwimming with sharks my tones false settle drama\nObama, if the kids mirror you\nWe\u2019ll all push Masaratis with the silver hue\nThey fear that connection\nI rather die in a box than live safe in witness protection\nGotti was a racist but he still get praises\nWe don\u2019t give a fuck, nigga gangsta is gangsta\nBricks come with Bill Clinton\u2019s name on it taped up\nHollywood Lohan parties people they facing them\nKim Kardashian, body with the waist slim\nKnow some hood girls who did time that could take them\nRappers changing families, fags are all lost\nI\u2019m at the Waldorf, Vancleave under the sleeve\nSave the small talk, I feel alive\nNew Porches Jordan number fives\nAlready said I\u2019m the last real nigga alive\n\nNas, let my words guide you\nFrom crips to piru this is survival\nTurn my voice up\nLet my words guide you\nFrom crips to piru this is survival\nInvasion!", "image": "https://images.genius.com/df289bcd68021310706098f4e10a030d.500x500x1.jpg"}], "artist": "Nas"}