{"songs": [{"title": "Too Much For Me", "album": null, "year": null, "lyrics": "Chorus-\nSaid it ain't to much for me\nTo have you next to me\nI can't believe it\nAll the things i do\nTo keep you loving me\nAnd its just to much for me\nTo not have you by my side\nCause no matter what your going through\nYou know that im gon' ride yea\n\nNas-\nYou a brave girl\nIm a brave heart\nAnd car heart\nAnd champion hunnies\nYou in the benz buggy with the fullies\nI ride beside ya\nWe about to pull a all nighter\nIm super freak like Rick James\nSex in rangers\nParked on dangerous blocks\nYou like it when the strangers watch\nIm looking out for cops\nYou a girl with no fear people put ya hands in the air\nFor the GQ man of the year\nThat bentley that polstry leather, the leather\nThat be up in the coats i wear\nWherever i go so there ya have it\nCashmere fabrics never caught in last years garments\nHolsters under armpits chauffers and the charms lit\nAnd the coders holding on the dons wrist\nShe got the ill will chain on\nTurqouise boots sayin god son\nThis the theme song\n\nChorus-Amerie\n\nBaby-\nYou know the size of this sh*t\nI flips it quickly loose this trouble for these people get with me\nHolla at my hoes 'cause i dip my bitches\nFrom gold to platinum from rag to riches\nIm the boss of the boss\n\nThe pimp shotcaller\nWorldwide riding in the benz with a scroller\nIn your city tear ya mall up\nPimp fly bitches and tear their walls up\nDress nice im super neat\nIce on white wit 3's on her feat\nWorldwide robber from coast to coast\nFrom europe japan i gets that dough\nSend out 2 i get back 4\nYa broad around me imma lace that hoe\nSmoke dro redo my whips\nRedo my chips this the bird man b**ch\n\nChorus-Amerie\n\nFoxy Brown-\nBK i throw it up\nFree stay manoloed up\nCris air canary\nAll these niggas hear me\nLou Vittoun Lou Bratton\nBring fever cock sucker when foxy throw it on\nI speak how i feel im a fox 5 general\nYall rap b****hes is all so subliminal\nThats why i ones them everytime i pass em\nFrontin wit young g the fox 5 captian\nSo which hoe wanna f*ck wit huns\nSo come ???????? one by one\nSo make um bust off the big magnum\nSpray off in the lobby\nCall us the shower posse\nThe don ??? come through stylin hard\nWit 2 booms from the sherlock squadray\nIt be a bachelor that fox them sparrin\nAnd leave yall niggas on the sideline starvin\n\nChorus-Amerie\n\nAmerie-2x\nI, I, I wanna get to know you\nI,I,I want you with me\nI, I, I just want to show you\nHow good it would be close to me", "image": "https://images.genius.com/23061dd2dc7e863127db561906debd27.434x434x1.jpg"}], "artist": "Nas"}