{"songs": [{"title": "Talk Of New York", "album": null, "year": null, "lyrics": "Yo\n\n[Verse 1:]\nYo\nThe trains are New York Veins\nThe cities a cycle\nPeople are the blood stream\nMean and ice cold\nLaid back\nCounter clockwise\nThe dice roll\nYank hats\nGang flags\nPlane crash\nGround Zero\nNo lost angels\nAin't you from my from my man's and them area?\nIt's good to meet you\nYa man did 20 years for some FILA sneakers right\nTrue\nHad the 560 benz\nLight blue\nWhere ed shot himself in the stomach\nSmoke the dust\nHe let the culture culture bust\nBack when we took the D train uptown\nShante and her whole crew\nGroovy hair style\nYo baby yo baby yo t-shirts\nGold teeth smirks\nAt mark 125th\nHope the heat work\nFew numbers I bagged\nThen caught a cab back\nTo Jamaica Ave by the library\nSeen the part of shabazz\n\n[Hook:]\nNew New York New York York York\n(all to those who live in Queens know just what I\"m talking)\nNew New York New York York York\n(all to those who live in Brooklyn know just what I'm talking)\nNew New York New York York York\n(all to those that live in Harlem know just what I'm talking)\nNew New York New York York York\n(all to those from South Bronx know just what I'm talking)\n\n[Verse 2:]\nSkate Key\nEmpire USA\nRooftop\n2 O'clock\nSkates off break north\nTo the rink\nMinks\nSpringfield in Newark\nThe 6 borough Jerz\nCar jack city\nThe GW bridge\nThe Coop City\nPopo's hot\nGlocks in your Benzy box\nStash\nAnd we move fast\nDropped off Miss Pretty\nShakes her ass to the building\nKnowing I just killed it\nDudes in front of her door blocks her entrance\nAsking her \"who she been with?\"\nShe laughs \"mind ya business\"\nTinted windows\nPop dutches with box cutters\nDrop brothers off at comstock to see locked brothers\nHick town up in New York State\nJakes\nHate a black New York face\nJumping out the phantom with the Baps\nPlanet of the Apes\nWith the hammers on her waist\nGorillas in the tristate of\n\n[Hook:]\n\n[Verse 3:]\nIt dont matter if I been out of town\nCigar lounge\nDoing rounds of tequila\nSoon as I touch down\nIn NYC streets\nThe heat is on\nThe Talk\nWho said what\nI catch up on\nThe New Teflon Don\nWho got they death bond\nWho still stable\nWhere beef got squash at the round table\nWho still holding it\nWho hanging with snitches\nCouple of Zulu's from back in the days who still up in clinton\nNo more hand shakes fake arm swing\nSee if your flinching\nNeed to hold something thats mention in every nigga sentence\nWhen I get it you got it\nD's went up in the project\nBail a couple of homies out\nNo doubt\nFerrari's in the summer\nWhen its the hummer\nOr the turtle top band satellite\nSpilling drinks\nHitting potholes with savage types\nClub 17 marque\nThe team flash\nNext day hit the spas and the steam bath\nKnock out this business\nDo some promo\nMake paper in the grind capital\nSign a graph then hit the hood\nSee the folks reminisce on how it was\n\nIn the most powerful city that i love NEW YORK", "image": "https://images.genius.com/23061dd2dc7e863127db561906debd27.434x434x1.jpg"}], "artist": "Nas"}