{"songs": [{"title": "The G.O.D. (Bonus Disc)", "album": "God's Son", "year": "2002-12-13", "lyrics": "[Intro]\nThe G-O-D\nAyo, check it out, it's God's Son\nI know I always give you clowns a little lane to come out\n'Cause I drop every two years, but it's over now, you know? Hah\n\n[Chorus]\nThe G-O-D S-O-N\nK-I-N-G O-F N-Y-C\nThat's me\nThe G-O-D S-O-N\nK-I-N-G O-F N-Y-C\nThat's me\nThe G-O-D S-O-N\nK-I-N-G O-F N-Y-C\nThat's me\nThe G-O-D S-O-N\nK-I-N-G O-F N-Y-C\nThat's me\n\n[Bridge]\nIs it because I got the city on smash now\nOh woe woe\nOr is it because your time's up and it's a wrap now\nHey hey hey hey\n\n[Verse 1]\nIn the papers you read that Nas is crazy\nLost his mind as he leavin' Sony\nThe INC got him signed\nIt's only a figment of your imagination\nWent to way with New York's Hot radio station\nLost my patience, had to Zone Out\nRappers blown out, I have the throne now\nThe real shall reign, I feel your pain\nYou too R&B, follow me, spell my name\n\n[Chorus]\nThe G-O-D S-O-N\nK-I-N-G O-F N-Y-C\nThat's me\nThe G-O-D S-O-N\nK-I-N-G O-F N-Y-C\nThat's me\nThe G-O-D S-O-N\nK-I-N-G O-F N-Y-C\nThat's me\nThe G-O-D S-O-N\nK-I-N-G O-F N-Y-C\nThat's me\n\n[Bridge]\nIs it because I got the city on smash now\nOh woe woe\nOr is it because your time's up and it's a wrap now\nHey hey hey hey\n\n[Verse 2]\nGod's Son across the belly\nPardon, I'm hardly a bully\nBut what y'all done to hip hop is scary\nNas'll be truly the, last soldier to roll with\nHoldin it down, my proteges are over with now\nA producer like Swizz Beatz, on fire\nSo is the control room, soon as my vocals are down\nNas - God's Son, and y'all my little children\nSo bounce with it, if you can pronounce the correct spellin'\n\n[Chorus]\nThe G-O-D S-O-N\nK-I-N-G O-F N-Y-C\nThat's me\nThe G-O-D S-O-N\nK-I-N-G O-F N-Y-C\nThat's me\nThe G-O-D S-O-N\nK-I-N-G O-F N-Y-C\nThat's me\nThe G-O-D S-O-N\nK-I-N-G O-F N-Y-C\nThat's me", "image": "https://images.genius.com/3a2b5d523ed4c1887dcd3d37b71c01d9.1000x1000x1.jpg"}], "artist": "Nas"}