{"songs": [{"title": "Shine on 'Em", "album": "Hip Hop Is Dead", "year": "2006-12-19", "lyrics": "[Produced by Salaam Remi]\n\n[Hook:]\nEverybody wants Heaven but nobody wants dead\nEverybody wants diamonds without the bloodshed\nEverybody wants Heaven but nobody wants dead\nEverybody wants diamonds without the bloodshed\nThey wanna shine on 'em\nShine on 'em\nShine on 'em\n\n[Verse 1:]\nYea, they dug me out the soil and the mines of the motherland\nNow I'm displaced, one hand to another hand\nIllegal smugglin', people strugglin'\nWish they could just throw me back in the mud again\nYea, guess that's how we got here, slave trade and the diamond trade\nEvery childs afraid when his mother and father get sprayed\nForced in the army, young killer brigade\nGet's a new name, then he gets his nose glued\nTill his mind can't take what he's going through\nLookin' in the dirt for that ice so blue\nThen the royal family the ice go to\nAnd this thing has to change, feelin' half ashamed\nAs I rap with my platinum chain\nWhen you shop for me you think about the misery?\nThe same way we made apartheid history\nWe can do the same way to the conflict ice\nBut everybody wanna shine right?\n\n[Hook:]\n\n[Verse 2:]\nMy VVS glimmers on my chest, 200 thou encrusted watch on my wrist\nI wonder how how people starve to death, when God blessed the land that lacks the harvest\nThe stones are quality, but their homes are poverty\nAnd the whole world ignores the robbery\nBought my girl pretty rocks, but she mad at me\nTear drop shape, ugh, perfect clarity\nIt shocks so many are killed annually\nCause of greed, lust, and pure vanity\nStop talkin' and do somethin' about it\nEvery holiday season, jewelry stores crowded\nKids snatched from they homes, mutilated alive\nHusbands separated from wives\nKeep a Jesus Piece to be fly\nBut there was a time back in the day when they called that shine\n\n[Hook:]\n\n[Outro:]\nIncomprehensible singing", "image": "https://images.genius.com/ff6738f83747060eafd4a7af4964cd8f.1000x1000x1.jpg"}], "artist": "Nas"}