{"songs": [{"title": "Freestyle Yo MTV Raps", "album": null, "year": null, "lyrics": "[INTRO: ALL]\n1,2, Eye for an eye we in this together\nSon your beef is mine So long as the sun shines to light up the sky\nWe in this together son your beef is mines\n\n[Verse 1: Raekwon]\n\nAyo,ayo,ayo, my thug related style attract millions\nFans, they understand my plan\nWho's the kid up in the green Land?\nThen I skate motivate gettin' (Sniff)\nLifted, me and my chick get eight\nNow im coolin' with the clique Mobb Deep and\nNas, word up here's the first prize I generate\nOff the head piece, freestyle session word up son\n\n\n[Verse 2: Nas]\n\nCheck it out yo,To my seed, may I lead you into no greed or evil\nIn the categories of stories I breed my sequel\nYou know the money, blues, blunts, broken 22's\nMonkey see, monkey do shorty sipping sunny dew\nOn a low like a ????? o,chill shades of flow\nBig Havoc at like you know, kid\n\n\n[Verse 3: Prodigy]\n\nKid, you don't know me, you don't wanna know me\nYou tried to blow me your weak side just showed me\nStepped out my door on 41st Side at 12,\nDidn't see my crew around so I got bent for search\nI had to jet back upstairs so I can stash my 9\nIt was a Friday night Rikers had it bad one time\nCause niggas getting bagged on a regular son\nD's like \"Fuck the drugs, all we want is the guns,\"\nSo I proceed with caution, eyes open whenever walking\nNiggas be ass talking then be victims of extortion\nHold myself down the only way I know\nNiggas pumping back in streets, in debt cause they owe\nStreet life is like a trial, ass out if you blow\nThe maximum is death son you know how that go", "image": "https://images.genius.com/23061dd2dc7e863127db561906debd27.434x434x1.jpg"}], "artist": "Nas"}