{"songs": [{"title": "I'm a Villain", "album": "Original Demo Tape", "year": "2014-04-15", "lyrics": "[Produced by Jae Supreme]\n\n[Intro: Nas & Jae Supreme]\nYo, Nas whattup?\nWhattup kid?\nWhat going on Ill\nI'm just tryna tell these brothers where I'm coming from\nYou know what I'm saying\nAlright, kick it\n\n[Verse 1]\nI'm the nigga walking with his finger on the trigger\nMake enough figures until my pockets get bigger\nI ain't the type of brother made for you to start testing\nGimme a Smith-N-Wesson I'll have niggas undressing\nI'm rolling with a mob and running from the cops\nDrive stolen cars and shoot many Glocks\nA marijuana addict, if niggas want static\nThey had it, 'cause I flip just like an acrobatic\nI'm always on the corners rolling up Sess\nWhen I dress it's never nothing less than Guess\nSo I walk with a bop and my hat turned back\nLove committing sins and my friends sell crack\nI got it going on, my knuckle game is strong\nSip Dom P\u00e9rignon and then carry on\nArmy certifieds, keep a Rent-A-Ride\nStripping mad hoes and kick em to the side\nSee I'm the type of brother who keeps a four-pounder\nStart a lot of shit and shoot at out-of-towners\nAt every block party, I try to catch a body\nAll for props, tell your pops call the cops\nSee now I'm on the run, but still having fun\nLiving by the MAC, my gear is all black\nI keep killing because I'm ready and I'm willing and I'm a villain\n\n[Hook]\nWhat?\nWhat?\nWha-a-a-t?\n\n[Verse 2]\nI got beef with the President and still loving it\nTrying to make plans to overthrow the government\nIt won't work cause niggas don't believe enough\nThey'd rather stand on the corners and receive a cuff\nAround they wrist, you don't like the sound of this\nRebel, but my country doesn't want me\nThey'd rather hunt me but you'll never catch us all\nWhile you fucking with the dealers we'll be sticking up the malls\nFull of anger, all about danger\nPulling out my banger, stabbing up a stranger\nI hear Walkie Talkies in my sleep\nAnd use a whole lot of slang when I speak\nWalking with a vest, the projects is where I rest\nAnd the streets keep me stressed\nStaring at your face, wait for you to make a sound\nThat's when I take you down, shoot you up and suit you up\nAll in black and put you in a box\nA hard rock with a .25 in my socks\nAiming at your temple so take the diamonds off your hands\nI'm buckwild like Billy Bear and Ganz\nPrince of pistoleers, words are crystal clear\nAnd this you should fear\nThe maniac keeps killing, I'm known as a outlaw 'cause I'm a villain\n\n[Hook]\n\n[Verse 3]\nI keep bullets racing out the barrels of a Magnum\nPut 'em to sleep and leave the doctors to tag them\nAn outlaw, although I never wear a holster\nIn every town you see my face is on a poster\nHear so many gunshots my eardrums should pop\nEyesight should stop from seeing mad niggas drop\nTo the concrete, I got police putting chalk on the street\nAnd this is done once a week\nI'm out to kill like Navy Seals\nI'm crazy ill and what I can't do my .380 will\nI never play with a AK\nBecause I'm fine with a .9 and if caught I'll do lesser time\nSometimes you gotta plan shit and understand it\nSee I'm a bandit whose hand'll itch\nWithout a gun in it, Nas is running it\nI stay blunted, I'm the project's most wanted\nMy voice is like magic\nMy cassette is the clip and your radio's the Automatic\nSo when I'm in your town, \"duck down\"\nOr take fire, whatever you desire\nBut I'm on point you might miss\nNever fight this, you'll be sightless when I strike this\nSo roll the dice, I'm stopping the bank\nIt's ill how I got the pen dropping the ink\nNo one can stop this apocalypse\nOn your record player a method layer so run and tell your Mayor\nNas the parlayer, you better say your prayer\nI'm the New York City slayer\nI play high post and then lay low\nParl\u00e9 slow and wear horns, not a halo\nAnd keep killing 'cause I'm a villain", "image": "https://images.genius.com/5e57ceaf08c8b768ebc49ce32f6b566e.514x509x1.jpg"}], "artist": "Nas"}