{"songs": [{"title": "The Genesis (Live)", "album": "Illmatic: Live From The Kennedy Center", "year": "2018-04-20", "lyrics": "[Orchestral Intro]\n\n[Nas]\nNas too real, Nas true king\nNas too real, Nas true king\nNas too real, Nas true king\n\n[Orchestral solo]\n\n[Nas]\nNas too real, Nas true king\n\n[Nas]\nNas too real, Nas true king\n\n[Spoken: Nas]\nDC!\nYeah\nTurn my mike up, yes\nSo good to be here with you!\nYes\n\n[Nas]\nNas too real, Nas true king\n\n[Spoken: Nas]\nThis feels good right here\nYou look good out here", "image": "https://images.genius.com/9fb8160b2c6d56c5e7237de79281fbdc.807x807x1.jpg"}], "artist": "Nas"}