{"songs": [{"title": "Silent Murder", "album": "It Was Written", "year": "1996-07-02", "lyrics": "[Produced by Live Squad, Lo Ground & Top General Sounds]\n\n[Chorus]\n{*whispered*}\nSilent, silent murder\nSilent, silent murder\nSilent, silent murder\nSilent, silent murder\n\n[Verse 1]\nIt's sort of like the conclusion to Color Purple\nNiggas is losing, confusion, with one time on pursuit moves in\nGrabbing niggas up in this movement to rule shit\nCop versus the block, shorties is schooled quick\nLesson number one. If you're arrested and hung\nWhere niggas is from gotta keep a lid on your tongue\nIt's like silent murder, I hit blunts hard like Ray Mercer\nThe violent words of a prince in a palace of Persia\nThe cognac plurger plus the trees\nBut who's the foul one to make his nose take a freeze?\nAnd got enough gall to rock ice in all hype\nUsed to be a general but just lost his stripe\nPipe dreams and white fiends and all-nighters\nCollect calls from lifers, Astoria wars with Cypress\nSince I got a problem with the law-writers\nI kick some more items just to explore horizons\nThe palm lady dreamt of this day so I'ma play\nThe crib close smokin' with the big toast and lay\n\n[Chorus]\n{*whispered*}\nSilent, silent murder\nSilent, silent murder\nSilent, silent murder\nSilent, silent murder\n\n[Verse 2]\nThey say the arms of Nicky Barnes would be enough to blast\nA lot of rich niggas fell and started pumping gas\nWas it the mind of CIA that bumped off Malik Shabazz\nFuck what they teach in class I'ma reach the mass\nStrap up, no back up, it's jungle tactics\nLiving practice, out of line niggas get smacked backwards\nSo wear it if the cap fits\nFolded up money and mad clips\nA stack right under my mattress\nTo smoke a nigga like a Hughes Brothers motion picture\nNiggas getting open crews, roping older niggas\nApril fools they laugh the jokes on the benches\nSeeds outside, my nigga spoke on his sentence\n\n[Chorus]\n{*whispered*}\nSilent, silent murder\nSilent, silent murder\nSilent, silent murder\nSilent, silent murder\n\n[Verse 3]\nMy right-handers never play too close to cameras\nIt's night time, scandalous, circle the loud gamblers\nPeace making niggas pep talk\nThe Beast making niggas walk off the hot avenues with they brew\nTime to get this loot countless, 'cause son it ain't no youth fountains\nNiggas take cash and shoot, bounce and Pakistanians are took hostage\nLocked up inside a linen closet known for spending pies up\nWhat's the flavor when your neighbors do jake favors?\nLock the real niggas down and letting fake players\nRoam around the projects, it's lyrical logic\nI dilute, the weak can inject the right composite\nWhen plotting on murderous schemes\nIt seems I'm ghostly called by the essence of Queens\nThe palm lady dreamt of this day, so I'ma play\nThe crib close smokin' with the big toast and lay\n\n[Chorus]\n{*whispered*}\nSilent, silent murder\nSilent, silent murder\nSilent, silent murder\nSilent, silent murder\nSilent, silent murder\nSilent, silent murder\n\n[Outro]\nAnd Cain killed his brother Abel\nWhen God accepted Abel's offering and not his\nAbel's offering showed that Cain was not giving his best to God\nAnd Cain's jealous anger drove him to murder -\nDrove him to murder", "image": "https://images.genius.com/525377dd6bd0f221ead9371b7b53d9a8.1000x1000x1.jpg"}], "artist": "Nas"}