{"songs": [{"title": "You Owe Me (feat Ginuwine)", "album": null, "year": null, "lyrics": "[Nas]\nUh, it's real, it's real, it's real\nUh, uh, owe me back, uh shorty\nShorty, what up, huh?\nCome on\n[1 - Ginuwine]\nShorty, say what's your price\nJust to back it up\nYou can hold my ice\nNow let's say you owe me something\n[Nas]\nYeah, owe me back like you owe your tax\nOwe me back like forty acres to Blacks\nPay me back when you shake it like that girl\n[2 - Ginuwine]\nShorty, say what's your price\nJust to back it up\nYou can hold my ice\nNow let's say you owe, owe, owe\n[Nas]\nYeah owe me back like you owe your rent\nOwe me back like its money I spent\nPay me back when you shake it again\nThe don, all the time, with all the shine\nYou small time, I ball with mine\nLinks, minks, Bentley, it's all with mine\nMy jams bump out to the borderline\nUK hot with it, blew spots with it\nEvery continent love when I spit it\nCorners to blocks, even the cops feel it\nBrothas on lockdown on their cots feel it\nIt's real in the field the Last Mohican\nWho survived in the streets and did something decent\nNow I got plans to buy the whole hood\nLegit' now, I ain't gotta lie to no judge\nI make hits now, money I flip now\nHood fella every honey wanna kiss now\nI lit up my neck, pinkie, and wrist now\nSo girls everywhere, this is how we get down\n[Repeat 1]\n[3 - Ginuwine]\nShorty, say what's your price\nJust to back it up\nYou can hold my ice\nNow let's say you owe, owe, owe\n[Nas]\nYeah owe me back like you owe your rent\nOwe me back like its money I lent\nPay me back when you shake it again\n[Nas]\nPlay to win, girls in the club moving\nI get 'em real hot, my songs seduce 'em\nI flow, I'm so mysterious\nNas, and Nasty's the alias\nEverything platinum I glow\nCadillac trucks pulling up to the do'\nOn top out the car, lounge at the bar\nWe spent a thou', we wild, look at how rowdy we are\nFeel like a million dollars, feel me holler\nTo the max with the Benz and chrome wheeled Impalas\nThugs and renta's, to the playas and ballers\nSexy mamas, fly ladies lookin' proper\nLook good enough to be taken shoppin'\nEarrings, bracelets, now you rocking\nYour body's so nice that I give you this option\nLet you wear my big chain if we get it popping\n[Repeat 1]\n[Repeat 2]\n[Ginuwine]\nI put the shackles on your feet (You owe me)\nI think you owe me some (You owe me)\nThe shackles on your feet (You owe Nas)\nI think you owe me some (You owe Ginuwine)\n(You owe Timbaland, you owe me)\n[Nas]\nLock you down baby, you know what you owe me\nMack like Goldie, it's the same story\nLet you hold something, you spending it right\nKnow where you gon' be by the end of the night\nMake it bounce, shake it, move it around\nWiggle it a little bit, throw it to the south\nFantasizing me inside and you riding\nThrow it like a stallion, you wearin' my medallion\n[Ginuwine]\nShorty, say what's your price\nJust to back it up\nYou can hold my ice\nNow let's say you owe me something\n(You owe me something, oh yeah)\nI said shorty, say what's your price\n(You owe Nas)\nJust to back it up\n(You owe Ginuwine)\nYou can hold my ice\n(You owe Timbaland)\nNow let's say you owe\nYou owe us something, baby\nOh, oh, oh", "image": "https://images.genius.com/23061dd2dc7e863127db561906debd27.434x434x1.jpg"}], "artist": "Nas"}