{"songs": [{"title": "Dance", "album": "God's Son", "year": "2002-12-13", "lyrics": "[Intro]\nOne more time, one more time\nUh, one more time\nUh, one more time\n\n[Verse 1]\nI dream of the day I can go back to when I was born\nLayin' in your arms, wishin' you was here today, Mom\nWish you'd appear, just for a second from Heaven\nMy tears would be gone, I wouldn't be rappin' this song\nI'd be happy drivin' up to your eight-bedroom mansion\nUp late, laughin' about the hard times we faced\nThe galaxy is so enchantin' beyond, Galileo's understandin'\nPast the Milky Way and all the planets\nThere's somethin' out there greater, but only God knows\nScientists claim we came from apes, but they lies though\nThat was part of our conversation\nI spark one up and start blazin'\nThinkin' of how amazin' she was, an angel gave me love\nI'm thankful to ever know a woman so real\nI pray, when I marry, my wife'll have one of your skills\nBut Mom, you could never be replaced\nI'd give my life up just to see you one more day, to have\u2014\n\n[Chorus]\nOne more dance with you, Momma\nIf I could only have\nOne more dance with you, Momma\nPraying, wishing that I could have\nOne more dance with you, Momma\nIf I could only have\nOne more dance with you, Momma\n\n[Verse 2]\nI wish you were here, I miss you more each second I breathe\nYou resting in peace, forever, I accepted you free\nA blessing to me, I see you dressed in all white\nSmilin' at me, happy, knowin' everything's all right\nIf only I could hear your voice and your laughter\nJust one more time, my chest would be filled up with sunshine\nApril 7th '02, that's when the gates of Heaven opened up\nFor you to stroll through, beautiful Anne Jones\nJob is done, raising ghetto kids in the hood\nYou was my strength to carry on, and now I'm good\nJob well done, you lived through your sons and grandchildren\nJesus finally got his bride, Mommy, dance with him!\nAnd you've been my guide through all the trouble I faced\nThey playin' our song, the life-beat, my hand on your waist\nI grab your other hand, I'm tryin' not to step on your toes\nSpin you around with my eyes closed, dreaming I can have\u2014\n\n[Chorus]\nOne more dance with you, Momma\nIf I could only have\nOne more dance with you, Momma\nPraying, wishing that I could have\nOne more dance with you, Momma\nIf I could only have\nOne more dance with you, Momma\n\n[Outro]\nI love you forever, Mom\nYou will always live through me, always\nUh, uh, uh, yeah", "image": "https://images.genius.com/3a2b5d523ed4c1887dcd3d37b71c01d9.1000x1000x1.jpg"}], "artist": "Nas"}