{"songs": [{"title": "Queens Get the Money", "album": "Untitled", "year": "2008-07-15", "lyrics": "[Produced by Jay Electronica]\n\n[Verse]\nAyo, Queens get the money, niggas still screaming, paper chasing\nWhere presidential candidates is planning wars\nWith other nations, over steak with Masons\nPregnant teens give birth to intelligent gangsters\nThey daddies faceless\nPlay this by your stomach, let my words massage it and rub it\nI'll be his daddy if there's nobody there to love it\nTell him his name's Nasir, tell him how he got here\nMama was just having fun with someone above her years\nNiggas is still hating, talking that Nas done fell off with rhyming\nHe'd rather floss with diamonds\nThey pray \"Please God, let him spit that Uzi in the army lining\nThat shorty doo-wop rolling oo-wops in the park reclining\"\nTake 27 emcees put 'em in a line and they're out of alignment\nMy assignment since he said retirement\nHiding behind 8 Mile and The Chronic\nGets rich but dies rhyming\nThis is high science\nNow add 23 more from Queens to B-more\nI'm over their heads like a bulimic on a seesaw\nNow that's 50 porch monkeys ate up at the same time\nNasty Nasdaq, y'all gon' bow holmes, this Dow Jones\n.80 cal chrome, needed time alone to zone\nThe mack left his iPhone and his 9 at home\nMy queen used her Milkshake to bring y'all to my slaughterhouses\nI do this for the group home kids in boarding houses\nThis that nigga shit that's on the album\nFor them niggas inside the chalk line in 40 houses\nBring back Arsenio\nHip-hop was aborted so Nas breathes life, back into the embryo\nLet us make man in our image, spit it, I'm Huey P in Louis V\nAt the eulogy throwing Molotovs for Emmett\nYou ain't as hot as I is\nAll of these false prophets is not messiahs\nYou don't know how high the sky is\nThe square mileage of Earth or what pi is\nI'm the shaky hand that touched George Foreman in Zaire\nThe same hand that punched down devils that brought down the Towers", "image": "https://images.genius.com/b494ca4151f14803123849b4f34be37f.700x700x1.jpg"}], "artist": "Nas"}