{"songs": [{"title": "Everybody's Crazy", "album": "The Lost Tapes", "year": "2002-09-23", "lyrics": "[Verse 1]\nPeace, peace\nYo, Nasir Bin Olu Dara Visqu Allah\nFist full of dollars in a dice game God\nD&G glasses, cloth Kangols, guided by angel with white wings\nNas the Viking, fresh to my ankles, thankful\nGangster see gangster do, I'm Langston Hughes predecessor\nGun on my dresser slang I use upset college professor\nMore knowledge than Webster dictionary, obituary column plus sign 'em\nThe first fake rapper murdered for rhyming\nThe jig is up, gut 'em like fish, Swiss cheese 'em up\nMy wrist is freezing up sick of these ducks on my hiatus\nPoking out their chest like they tall as sky scrapers\nBut they small as a shanty in a African village\nSoft as cotton candy we assassins and killers\nLet shottie off in club floors, pellets spray your familia\nYou screaming like you love war\n\n[Chorus]\nEverybody's crazy\nAnd somebody's gon' get shot, get robbed, get done, get stomped, get dropped\nLadies love thugs and my thugs love hip hop\nThugs love ladies and ladies they love hip hop\nBut everybody's crazy\nAnd somebody's gon' get shot, get robbed, get done, get stomped, get dropped\nLadies love thugs and my thugs love hip hop\n\n[Verse 2]\nPeace, fuck you with a fist in your ass\nYou pussy with yeast, you shook of the streets, you a Sisq\u00f3 fag\nYou know blood baths I makes 'em, fake thugs I hate 'em\n8 slug I'm bustin' no discussion or waiting\n'Cause now instead of coke rhymes it's laying\nNo analog it's digital criminals turned rapper times is changing\nNiggas get flashier houses more plusher\nBitches giving ass up at ages more younger\nHands on the clock keep turning, hands on a Glock they keep squeezing\nBullets stop in your sternum they stop you from breathing\nI'm light year far, your mouth get all white\nWhen I'm near you I frighten your heart\nI want you to watch me notice stare look closely\nFeel I'm who you 'posed to be real I know it hurts you\nSoldiers approach you, you want to squash it, you older than most dudes\nAlthough Nas did you and your whole crew, but\n\n[Chorus]\nEverybody's crazy\nAnd somebody's gon' get shot, get robbed, get done, get stomped, get drop\nLadies love thugs and my thugs love hip hop\nThugs love ladies and ladies they love hip hop\nBut everybody's crazy\nAnd somebody's gon' get shot, get robbed, get done, get stomped, get drop\nLadies love thugs and my thugs love hip hop\n\n[Verse 3]\nPeace, I know where niggas sleep; it's too many schemes too many plots\nWar cost money and man I got too many spots\nHungry niggas get tutored to thinking new shit to come up\nKillers fuck with killers you sleeping you getting stuck up\nNot me, you're not ready I'm low but I be watching\nWe all connected so your man know my man\nYour man knows my fam' they was cool when they was locked up\nBeat cases and now niggas back on the block, what\nBothers is taking secret routes when they drive\nTinted windows ears to the street stay on their job\nPeep niggas that got prices on their head so high\nTheir main niggas'll take the contract, surprise\nSo we play a mental game, intimidation\nGot pussy niggas getting pressed up on and paying\nI wish these niggas would step up wait for the day and\nSince I'm famous they thinking assault rifles won't be spraying\nWho ever thinking coming to my vault or the safe\nI got some niggas with acid, get it thrown in your face\nPlay dirty catch your moms in J-30\nWhatever whodie we all crazy we all 7:30 now\n\n[Chorus]\nEverybody's crazy\nAnd somebody's gon' get shot, get robbed, get done, get stomped, get drop\nLadies love thugs and my thugs love hip hop\nThugs love ladies and ladies they love hip hop\nBut everybody's crazy\nAnd somebody's gon' get shot, get robbed, get done, get stomped, get drop\nLadies love thugs and my thugs love hip hop", "image": "https://images.genius.com/6438e249e54997f8504fca57219b4738.1000x1000x1.jpg"}], "artist": "Nas"}