{"songs": [{"title": "Black Republican", "album": "Hip Hop Is Dead", "year": "2006-12-19", "lyrics": "[Produced by L.E.S & Wyldfyer]\n\n[Intro: Jay-Z (Nas) & Both]\nI know you can feel the magic, baby\nTurn the motherfuckin' lights down\nEsco, whattup? (Whattup, homie?)\nI mean, it's what you expected, ain't it? (Hahaha)\nLet's go... uhh, uh, uhh, uh, uhh, uh\nTurn the music up in the headphones\nUh, yeah, that's perfect (yeah, right, right)\nUhh, uh, you gotta take ya time, make a nigga wait on this muh'fucka (hahaha!)\nMake niggas mad and shit like\nNiggas usually just start rappin' after four bars, nigga, go in!\nJust start dancin' in this muh'fucka\nYeah, (yeah) we just come outta nowhere\n\n[Chorus: Jay-Z (Nas)]\nI feel like a Black Republican, money I got comin' in\nCan't turn my back on the hood, I got love for them\nCan't clean my act up for good, too much thug in him (nah)\nProbably end up back in the hood, like, \"Fuck it then\"\n\n[Verse 1: Jay-Z (Nas)]\nHuddlin' over the oven, we was like brothers then (what?)\nThough you was nothin' other than a son of my mother's friend\nWe had covenant, who would've thought the love would end?\nLike Ice Cold's album (uhh), all good things\nNever thought we sing the same song that all hoods sang\nThought it was all wood-grain, all good brain\nWe wouldn't bicker like the other fools, talk good game\nNever imagine all the disaster that one good reign, could bring\nShould blame, the game, and I could\nIt's kill or be killed, how could I refrain?\nAnd forever be in debt, and that's never a good thing\nSo the pressure for success can put a good strain\nOn a friend you call best, and yes it could bring\nOut the worst in every person, even the good and sane\nAlthough we rehearsed it, it just ain't the same\nWhen you put in the game at age sixteen\nThen you mix things: like cars, jewelry, and Miss Thing\nJealousy, ego, and pride, and this brings\nIt all to a head like a coin, cha-ching\nThe root of evil strikes again, this could sting\nNow the team got beef between the Post and the Point\nThis puts the ring in jeopardy \u2013 indefinitely\n\n[Chorus: Jay-Z & Nas]\nI feel like a black republican, money I got comin' in\nCan't turn my back on the hood, I got love for them (uhh, uhh)\nCan't clean my act up for good, too much thug in him (nah)\nProbably end up back in the hood, I'm like, \"Fuck it then\"\nI feel like a black militant takin' over the government\nCan't turn my back on the hood, too much love for them (nah)\nCan't clean my act up for good, too much thug in him\nProbably end up back in the hood, I'm like, \"Fuck it then\"\n\n[Verse 2: Nas (Jay-Z)]\nI'm back in the hood, they like, \"Hey Nas\" (uh)\nBlowin' on purp, reflectin' on they lives (uh)\nCouple of fat cats, couple of A.I.'s\nDreamin' of fly shit instead of them gray skies\nGray 5s, hatah's wishin' our reign dies\nPitch, sling pies, and niggas they sing, \"Why\"? (uhh)\nGuess they ain't strong enough to handle their jail time\nWeak minds keep tryin', follow the street signs\nI'm standing on the roof of my building\nI'm feelin' the whirlwind of beef, I inhale it\nJust like an acrobat ready to hurl myself, through the hoops of fire\nSippin' 80 proof, bulletproof under my attire\nCould it be the forces of darkness\nAgainst hood angels of good, that form street politics?\nMakes a sweet honest kid, turn illegal for commerce (uhh)\nTo get his feet out of them Converse \u2013 that's my word\n\n[Chorus: Jay-Z & Nas]\nI feel like a black republican, money keep comin' in\nCan't turn my back on the hood, I got love for them (uhh, uhh)\nCan't clean my act up for good, too much thug in him (nah)\nProbably end up back in the hood, ah, \"Fuck it then\"\nI feel like a black militant takin' over the government\nCan't turn my back on the hood, too much love for them\nCan't clean my act up for good, too much thug in him\nProbably end up back in the hood, I'm like, \"Fuck it then\"", "image": "https://images.genius.com/ff6738f83747060eafd4a7af4964cd8f.1000x1000x1.jpg"}], "artist": "Nas"}