{"songs": [{"title": "It Ain't Hard to Tell (10th Anniversary Remix)", "album": "Illmatic 10th Anniversary Platinum Edition", "year": "2004-04-19", "lyrics": "[Intro:]\nTake it to the bridge\nTo the motherfuckin' bridge\nQueensbridge in the motherfucker\n\n[Hook:] x3\nIt Ain't Hard to Tell\n\n[Verse 1:]\nThe buddha monk's in your trunk, turn the bass up\nNot stories by Aesop, place your loot up, parties I shoot up\nNas, I analyze, drop a jewel, inhale from the L\nSchool a fool well, you feel it like Braille, it ain't hard to tell\nI kick a skill like Shaquille holds a pill\nVocabulary spills I'm Ill plus Matic\nI freak beats, slam it like Iron Sheik\nJam like a Tec with correct techniques\nSo analyze me, surprise me, but can't magnetize me\nScannin' while you're plannin' ways to sabotage me\nI leave 'em froze like her-on in your nose\nNas'll rock well, it ain't hard to tell\n\n[Hook:] x3\n\n[Verse 2:]\nWhat's a beat if the rap don't click\nI spit rhymes like I'm sick, dying loss in a pit\nThe only way I can escape is by vocals\nVerbalize a strife\nStabbin' ears like a knife hood like\nThe Prophet of the gutter\nLyrics are silk mega butter\nI flow never stutter\nClever poetic brothers on a mission\nDissin' all who perps the fraud\nScrams listen, (and) do what the experts record\nBurn your pen and pads, mics you'll need not\nWell I be packin' like a rasta in a weed spot\nHittin' your hearts like a hollow tip\nVerbally illin' minds manipulated\nMy raps a nickel-plated\nI illustrate it, X-rated, then move out\nNas the parlayer takes you on a new route\nIt's suicide poetry released from a cell\nWith immense clientele, I excel\nIt ain't hard to tell\n\n[Hook:] x3\n\n[Verse 3:]\nNow, I'm blessed with the finesse to express like Shakespeare\nThe blocks \"Cape Fear\" drop metaphors when the breaks clears\nMy mic check is life or death, breathing a sniper's breath\nI exhale the yellow smoke of buddha through righteous steps\nDeep like the Shining, sparkle like a diamond\nSneak a Uzi on the island in my army jacket lining\nHit the Earth like a comet \u2013 invasion!\nNas is like the Afrocentric Asian, half-man, half-amazing\nCause in my physical, I can express through song\nDelete stress like Motrin, then extend strong\nI drink Moet with Medusa, give her shotguns in hell\nFrom the spliff that I lift and inhale, it ain't hard to tell\n\n[Hook:] x3", "image": "https://images.genius.com/ffe91cf8806703f8a4c4cba11c0ceed7.1000x1000x1.png"}], "artist": "Nas"}