{"songs": [{"title": "Shootouts", "album": "It Was Written", "year": "1996-07-02", "lyrics": "[Produced by Trackmasters]\n\n[Verse 1]\nYo, release what's in me\nBesides the Henny, it's eyes that's seen plenty\nFiends get skinny as if Queens was a Craig Jenny\nInstead of diet plans it's crack 200 grams\nI pump a G-pack, peeping for where the D's at\nIt's slow, lookin' for Rambo, the cop who got grazed\nBack in the days, chasin' niggas through my project maze\nThat cop he got a death wish\nHe run behind niggas until you breathless\nEveryday he makin' ten arrests, shit!\nMy nigga check this, I know the bitch he rest with\nI even blessed it, forty-dash-ten inspect it\n(Already checked it Dunn, near his ankle you could see his gun)\nPeep, he parked his Jeep in the back of the slum\nTo check Tanisha, fat ass real fly, with the blonde caesar\nVittadini summer gear, she push the two-seater\nI heard she brag about the way he eat her\nA Irish man short slim with a tan, they say he laced her cheeba\nShe due, be lookin' weaker, now her teeth are foul\nSpeakin' loud, peep her style, in and out of every reefer cloud\nFat ass dissolvin', like cotton candy in a mouth that's starvin'\nRock the same gear daily, like a soldier in my squadron\nI heard she let Jake investigate from her window\nCause she's a nympho, suckin' dick and coughin' up info\nSo now it's set up, her and the beast to get wet up\nI know he vest up, we blazin' from the neck up\n(Yo let me knock first) Soon as he open let your Gi-Glock burst\nThey had the chains on, son hit the lock first\nWe busted in the cop jerked, Jungle popped one in his shirt\nI grabbed the bitch by her tits, she tried to say she Earth\nWe saw the cameras, tape recorders, and the monitors\nThey eyein' us, (Nas yo he survived one from the fo'-five)\nPull his shades down, they seen his last days now\nThere's no way now, we can be treated just like a slave now\nTwo in the dome, he's laid down\nAyo the bitch is saved now\nShe's livin' in a snitch grave now\n\n[Chorus]\nShootouts is similar to Wild West\nBroad daylight, face to face without a vest\nYou know the episodes, thugs camouflage the spectacles\nPlease God just save the life that the Devil sold\nSee It Was Written but was never told\nPeep the jewels black man, it's even better than gold\nNiggas roll with iron, police roll in hot pursuit\nTryin' to stop the loot, fuck Jake, cock and shoot\n\n[Verse 2]\nStill on the streets with my peeps so deep\nWe threw a block party for my man goin' up creek\nTo do his two to four\nNiggas show love, from all around the board\nPeace Lord\nSony Handy-Cam on record\nPop a bottle, cause when you come home we still got it sewn\nWe can watch the tape play back and just zone\nFilm all the bitches, on the benches with ill extensions\nWe block the streets off, only crew cars can enter\nMusic was loud and it was crowded\nBarbecued wings we fed the fiends (gamble in the back) Killa shouted\nAnd Frank tried to stop the bank, lost about what a Roley cost\nGuzzled his drink, and staggered off\nHe's a Big Will, used to slang krill, now he own The Hill\nCouldn't take losin' his cash, and I could feel\nSomethin' in the air yeah\nFrank returned with Pierre\nA gun slinger, who niggas hadn't seen in a year\nI usually be holdin' - 'specially this type of weekend\nAnd everyone except for me had started reachin'\nThey had gats in each others faces, with kids\nAnd grandmothers around, Frank's only concern was his paper\nMy man Killa let off, half of them fake niggas jet off\nPolice blitz quick, waitin' for that to set off\nRunnin' the static, it got me mad cause they a bunch of faggots\nStartin' shit in my hood, I can't have it\nYo High, get the 40-Cali stainless, Jake is still out\nLet's make it real and still make them niggas famous\nDip behind trees in fatigues and squeeze, dodge and weave\nHearin' Jake retaliatin', and Wiz was up the alley waitin'\nWe breeze, jump in the ride, heard Pierre died\nInternal bleedin' inside, and ain't been back since ninety-five\n\n[Chorus]\nShootouts is similar to Wild West\nBroad daylight, face to face without a vest\nYou know the episodes, thugs camouflage the spectacles\nPlease God just save the life that the Devil sold\nSee It Was Written but was never told\nPeep the jewels black man, it's even better than gold\nNiggas roll with iron, police roll in hot pursuit\nTryin' to stop the loot, fuck Jake, cock and shoot", "image": "https://images.genius.com/525377dd6bd0f221ead9371b7b53d9a8.1000x1000x1.jpg"}], "artist": "Nas"}