{"songs": [{"title": "New World", "album": "Nastradamus", "year": "1999-11-23", "lyrics": "[Intro]\nUh, it's a new world, it's a new world\nIt's a new world, it's a new world\nUh, it's a new world, it's a new world\n\n[Verse 1]\nYo, celebrate the new life\nNew ways to make money\nNew ways to break dummies\nForge they name and take money\nComputers ain't that smart\nWhatever man built could be taken apart\nAnything new can get old\nLike dudes started rockin' platinum, some stopped wearin' gold\nSolar-energized rides, no steerin' wheel, tell it how to drive\nNo propellers in the sky\nAirplanes like many rockets\nWaitin lists for the rich to get tickets to visit Mars\nWhile the poor people starve, computers takin' over they jobs\nA man's forced to live off land\nNow it's back to the caveman era\nWhen we made fire, by two sticks rubbin' together\nThe truth is, many are too scared of new data\nAmerica Online, cut off, see you later\n\n[Chorus]\nYo, welcome to the new world, new beginnin'\nA new way to play, a new way a livin'\nCash is the past, a new way a spendin'\nNew life for man, children, and women\nYo, welcome to the new world, new beginnin'\nA new way to play, a new way a livin'\nCash is the past, a new way a spendin'\nNew life for man, children, and women\n\n[Verse 2]\nYo, the new Mike Tyson's Roy Jones\nBill Clinton's the new JFK, without the hole in his dome\nThe new Don Trump is Bill Gates\nNot because his occupation, it's 'cause we respect his cake\nAnd cake mean his stock, net gross\nYoung kids step it up, go for the most\nNew cameras in police cars takin' pictures\nNew hustlas gettin' new street figures\nAnd US embassies overseas\nAlmost every foreign country's under siege\nCovertly startin' wars, CIA, NAVY Seals\nCommit larcenies that be worth over mil's\nOil in the earth spills\nGirls blow they body up, birth control pills\nAfrican's pick diamonds out a dark caves\nThen we wear it on our necks just so we can light up the stage\n\n[Chorus]\nYo, welcome to the new world, new beginnin'\nA new way to play, a new way a livin'\nCash is the past, a new way a spendin'\nNew life for man, children, and women\n\n[Verse 3]\nSay goodbye to the brainwashed\nSay goodbye to the young kids who not smart\nSay goodbye to the toasters and Pop-Tarts\nYo, it's real\nSwallow a little pill, there's a four-course meal\nSay hello to the one world\nSay hello to the sky, something's out there watchin' you and I\nMore enticin' than Star Trek, StarTAC phones\nYour genes and DNA is used to make clones\nYou got CD-Rom, everything operates by computers\nThen what happens when circuit breaks?\nY2K's the big scare\nScientists say we ain't prepared\nWhat I feel is contrare\nAlexander Graham Bell made telephones, yes\nBut now we request for your e-mail address\nI might be old fashioned, stuck in my ways\nBut nothin' make me more happier than seein' today\n\n[Chorus]\nYo, welcome to the new world, new beginnin'\nA new way to play, a new way a livin'\nCash is the past, a new way a spendin'\nNew life for man, children, and women", "image": "https://images.genius.com/d23a600c139bca90fa38b331a4e93acd.1000x1000x1.jpg"}], "artist": "Nas"}