{"songs": [{"title": "The World Is Yours (Tip Mix)", "album": "Illmatic XX", "year": null, "lyrics": "[Intro:]\n(Whose world is this?)\nLa-la-la-la-la\n(Whose world is this?)\n\n[Verse 1:]\nI sip the Dom P, watching Gandhi til I'm charged\nWriting in my book of rhymes, all the words past the margin\nTo hold the mic I'm throbbin', mechanical movement\nUnderstandable smooth shit that murderers move with\nThe thief's theme - play me at night, they won't act right\nThe fiend of hip-hop has got me stuck like a crack pipe\nThe mind activation, react like I'm facing\nTime like Pappy Mason, with pens I'm embracing\nWipe the sweat off my dome, spit the phlegm on the streets\nAnd the Nikes on my feet keep my cipher complete\nWhether cruising in a Six cab or Montero Jeep\nI can't call it; the beats make me falling asleep\nI keep falling, but never falling six feet deep\nI'm out for presidents to represent me (get money!)\nI'm out for presidents to represent me (take money!)\nI'm out for dead fucking presidents to represent me\n\n[Hook:]\n(Whose world is this?)\nThe world is yours\nDisciple of the projects slash verbal murderer\n(Whose world is this?)\nYea, the world is yours\nTo the Philly blunt-heads, crack pumping drug murderers\n(Whose world is this?)\nThe world is yours\nTo my niggas coming home from lockdown with new plans\n(Whose world is this?)\nFuck it, the world is mine, holding the stolen cop's Glock with G notes in my hand\n\n[Verse 2:]\nTo my man Ill Will, God bless your life\nTo my peoples throughout Queens, God bless your life\nMy insight enlights vision words of wisdom\nNiggas pay me in tuition to listen\nThe murder paragraphs of mysticism\nMan plants seeds that bring forth multiple breeds\nSo many cultures on one planet but one culture's free\nSon I need weed to proceed\nChange the flow speed\nI'm gettin' vexed Giuliani at 666\nThere's no days for broke days sellin' smoke pays\nI tote the chocolate potent Phillies never wrote roach-sprayed\nShit is a hassle, The Bridge is like a haunted Castle\nThe mic's my religion the system is the devil's lasso\nAnd yo, the trife life is most influential\nThe colors on mens skin and pens is coincidental\nHow you livin', large or broker\nYou wastin' time extortin' papers from smokers\nCatchin' court papers gettin' broker\n\n[Hook 2:]\nThe world is mine\nPersona of late Tony Montana, yea gettin' mine\n(Whose world is this?)\nThe whole world is mine, who wanted?\nI never fronted, I'm forever blunted, getting lye\nHenne up with the lye, never stop, we don't stop the - henne low, puffin' lye ya'll\nDon't stop the henne low, we puff the lye, everyday puffin' lye, plus the henne low\n\n[Verse 3:]\nI'm the young city bandit, hold myself down single-handed\nFor murder raps - I kick my thoughts alone, get remanded\nBorn alone, die alone, no crew to keep my crown or throne\nI'm deep by sound alone, caved inside, 1,000 miles from home\nI need a new nigga for this black cloud to follow\nCause while it's over me it's too dark to see tomorrow\nTrying to maintain, flip, fill the clip to the tip\nPicturing my peeps not eating can make my heartbeat skip\nAnd I'm amped up, they locked the champ up, even my brain's in handcuffs\nHeaded for Indiana, stabbing bitches like the Phantom\nThe crew is lampin', Ill Will style\nCheck the gold-toothed smile, plus I profile wild\nStash loot in fly clothes, burning dollars to light my stove\nWalk the blocks with a bop, checkin' dames\nPlus the games people play\nI check the dames plus the games people play\nBust the problems of the world today\n\n[Outro:]\n(Whose world is this?)\nYea, Wizard, keep that lye in the air, yo\nI wanna give a shoutout to the whole fucking Queens\nMy man Tipster on the boards, keeping it real lord\nThe Queensbridge nation, get it on\nFaking no fucking jacks\nFuck around get your wig pushed back\nBig shoutout to my man killa, Ron do is on you\nL-A-S is on another murder quest\n'94, we out\nKeep the lye in the air, Hennessy everywhere\n(La-la-la-la-la-la)\nKeep the la-la going\n(La-la-la-la-la-la)", "image": "https://images.genius.com/5e57ceaf08c8b768ebc49ce32f6b566e.514x509x1.jpg"}], "artist": "Nas"}