{"songs": [{"title": "You Won't See Me Tonight", "album": "I Am...", "year": "1996-04-06", "lyrics": "[Produced by Timbaland]\n\n[Intro: Nas (Timbaland)]\n(What?) Ever been in love? (C'mon)\nYeah.. are you ready? (uhh) For somethin real?\n(Say what?) Cause it can't be fake\nThis ain't no game (C'mon)\nYou gotta be wit me, for real (uh-huh)\n'Cause it's real out here (uh-huh)\nSo make up your mind, 'cause I ain't got no time\nY'know? (C'mon)\n\n[Verse 1: Nas]\nI'm the most wanted baby father, save the drama\nWe toast when I wine and dine ya -- all you need is me\nI won't stress you but bless you\nMentally and sexual, we both intellectual\nCan't forget how I met you;\nYou thought I was a boxer Prince Naseem\nBut I'm the mobster -- Nas from Queens\nAnd when I gotcha - you riding with me\nYou keep asking, \"When do you have time for me?\"\nI'm never free always on the move, business oriented\nLifestyle expensive, attract women\nYou wanna search my pockets, and act all wild\nSay I hurt your heart - ask how could I smile?\nWanna call back all my numbers - star 6-9 me\nCheck my car for rubbers, but quit trying\nBefore you find what you looking for and get to crying\nYou always saying what you gon' do if you catch me lying\n\n[Chorus: Aaliyah (Nas)]\nYou won't see me tonight\nYou won't see me tomorrow\nI'll be gone by daylight (doubt that)\nAnd you'll be so full of sorrow (yeah right)\nYou'll go tell all your friends (that's right)\nHow you called and I follow (they know it)\nBut you won't see me tonight (you don't believe that)\nNo you won't see me tomorrow\n\n[Verse 2: Nas]\nCaramel kisses of Jezebel's sister\nI feel no guilt when I twist ya\nTurn the other cheek when I see the next freak witcha\nYou got your name on his lease, copy his keys\nThat's your lil' spot where you rest your wig piece\nGo 'head and live baby, I know you his lady\nYou page me, when you got the day free\nBut I be out with my peeps in them system Jeeps\nYou wanna lay up in the sheets of presidential suites\nLike I'll massage you while you massage me, mami\nBut can you hang with a young man who's doing his thang?\nSpeak up, I wanna know if you can keep up\nTimberland boots for girls, with the tree stump\nBaggy sweatsuits, mystery what's underneath them\nThey for my eyes only, you call me when you lonely\nBut I like to make the baddest girls wait, I got G baby\n\n[Interlude: Aaliyah and Nas]\nCall you on a Monday\nI'll call you back baby\nCall you on a Tuesday\nMy cell is off baby\nCall you on a Wednesday\nI'm out of town baby\nYou won't be back 'til Thursday\nI'll page you back baby\nCall you on a Monday\nI'll call you back baby\nCall you on a Tuesday\nMy cell is off baby\nCall you on a Wednesday\nI'm out of town baby\nYou won't be back 'til Thursday\nI'll page you back baby\n\n[Chorus: Aaliyah (Nas)]\nYou won't see me tonight\nYou won't see me tomorrow\nI'll be gone by daylight (doubt that)\nAnd you'll be so full of sorrow (yeah right)\nYou'll go tell all your friends (that's right)\nHow you called and I follow (they know it)\nBut you won't see me tonight (you don't believe that)\nNo you won't see me tomorrow\n\n[Verse 3: Nas]\nThinking of me, you getting the chills\nLike a rush through your body when you think how it feels\nGive me a call and my voice give you butterflies in your tummy\nTell your friends you in love with Nas, not his money\nAnd I'll prove I'm a man of my word - handed you furs\nIceberg, everything on this planet Earth a woman desires\nYou make a good wife to most men\nI know I got you open\nBut -- you just my close friend\nGet it baby\n\n[Chorus: Aaliyah (Nas)]\nYou won't see me tonight\nYou won't see me tomorrow\nI'll be gone by daylight (doubt that)\nAnd you'll be so full of sorrow (yeah right)\nYou'll go tell all your friends (that's right)\nHow you called and I follow (they know it)\nBut you won't see me tonight (you don't believe that)\nNo you won't see me tomorrow\n\n[Bridge: Nas (Aaliyah)]\nThe God, the God, the God, Nasir (you won't see me tonight)\nThe Queen, The Queen, The Queen, Aaliyah (you won't see me tomorrow)\nNah nah (I'll be gone by daylight)\n(And you'll be so full of sorrow)\nUhh uhh (you'll go tell all your friends)\nTell your friends (how you called and I followed)\nHow you followed me (but you won't see me tonight)\nNot tonight baby (no, you won't see me tomorrow)\nC'mon, c'mon c'mon\nTomorrow, what\nDaylight, ghost\n\n[Outro: Timbaland (Aaliyah)]\nSay what, say what\nYo (You won't see me tonight)\nYou won't see Timbaland tonight baby\nOhhh, or Nas Esco', check it\nLet it ride\nLet it ride", "image": "https://images.genius.com/73b36e02ac974c8ab4a3cd49a9cf1794.1000x1000x1.jpg"}], "artist": "Nas"}