{"songs": [{"title": "Accident Murderers (Remix)", "album": null, "year": null, "lyrics": "[Verse 1: Nas]\nYou cocked back\nYou thought you had it planned, you thought you had your man\nHe saw you comin', he ran when you tried to blast that man\nYou missed him by inches, he sprinted\nSome of his boys on the corner was who your bullets entered\nTwo of 'em pull through, but one didn't, son's finished\nYou took the life of him\nThe part about it that's crazy, you was aiight with him\nTight with him, why was he in the way?\nWhy was he standin' next to the enemy that specific day?\nHis style never hollas loud, stays reclusive\nGood dude, got that look like he always about to do shit\nSide of his mouth toothpick, one eyebrow raised\nGot into it with dude who still tried to live out his old wild out days\nThey never had no probs\nSomehow they rubbed each other wrong like a bad massage\nThese two different personalities had to collide\nNiggas could not aim and innocent niggas died\nYou ask why, cause of a\n\n[Hook: Nas]\nAccident murderer, act like you killed on purpose\nLiars brag, you put work in\nYou ain't mean to murk him, your gun's a virgin\nStreets are full of them, read the bulletin\nAccident murderer\nYou just a accident murderer\n\n[Verse 2: Rick Ross]\nWe grew up doin' graffiti\nNow hollows is gettin' heated\nSeated in foreign cars, constantly gettin' weeded\nProceeded to count profits, I know they got on binoculars\nBut fuck 'em all, we ballin' 'til they come lock us up\nTwenty to life, I'm clubbin' blowin' twenty tonight\nWe the Marlboro, Marley Marlin' all through the night\nAddicted to wealth, never cold turkey to war\nSnatch a tec off the shelf, live forever that's Insh'Allah\nMemoirs of a rich nigga\nSweat suits, gold chains, old drug dealers\nNew Benz, chrome rims are for show, killer\nYou niggas accidental shoppers in back of the limo\nPay your tithes, stay alive, can't be dodgin' my clique\nHundred check, I use your bitch for some bargainin' chips\nIn a hole, sell your home nigga don't sell your soul\nThis forty-five in control, God forgives and I don't\n\n[Hook]\n\n[Bridge: Nas]\nAccident murderer, accident murderer\nYou just an accident murderer\n\n[Verse 3: Nas]\nYo, for my nigga that got killed, got hit up\nVodka spills on the concrete, light a swisha, we miss ya\nAnd for that girl who never made it home, shot in the dome\nHow they gon' kill that beautiful sista?\nViolent adolescents, homicidal with weapons\nNot a lot of knowledge inside of they minds, that I'm guessin'\nTell me who you impressin'?\nShooters I knew them when they was babies, I used to test them\nMake 'em throw up they hands, choke 'em out playin' wrestlin'\nWatch 'em grow to a man, I see them now they reppin'\nBut they cold-blooded, homie, wonderin' where the respect went\nCan't play with these little niggas, gangsta little niggas\nCan't hang with these little niggas, they killin', they reckless\nWish I could build with him, but will he change really?\nSome real killers, I think of Wayne Perry\nFake 'til my nigga draws, what you want a name? Tell me\nYou ain't mean to kill him, it wasn't necessary\n\n[Hook]\n\n[Verse 4: Ryan Leslie]\nBorn on June 4th - the mind of a Gemini\nPlight of a societal OutKast - Aquemeni\nYou bought a hammer just to silence the clamour\nFor another real G on the block, after your man got popped\nWhen shots rang out, you ran for cover\nBought your first gun, spent a couple grand for another four\nTold your mom you was preparing for war\nShe signed the shape of the cross each time you ran out the door\nBut you ain't never had the mind of a killer\nYou was more of an actor - with the movement of a small time dealer\nWhen the feds came they got you for light work\nFacing a few years, defence attorney told you it might work\nTo cop a plea and turn informant - you could save a few tenants\nAnd at the same time reduce your sentence\nYou wore a wire to the home of your old supplier\nAnd when they raided, you ain't make it - you was caught in the fire\nOf an accident murderer\n\n[Hook]", "image": "https://images.genius.com/23061dd2dc7e863127db561906debd27.434x434x1.jpg"}], "artist": "Nas"}