{"songs": [{"title": "Memory Lane (Sittin' In da Park) [Live]", "album": "Illmatic: Live From The Kennedy Center", "year": "2018-04-20", "lyrics": "[Spoken: Nas]\nYeah, yeah\nBrings me back\nAs you come outside on the block\nThe basketball court was crack and you still played ball\nShooting on the rusty rim\nI lived on the fourth floor\nWow, remember those days like yesterday\nMemories man\nThey feed the soul\nYeah\n\n[Verse 1: Nas]\nI rap for listeners, bluntheads, fly ladies, and prisoners\nHenessey-holders and old-school niggas, then I be dissin' a\nUnofficial that smoke Woolie Thai\nI dropped out of Cooley High, gassed up by a cokehead cutie pie\nJungle survivor, fuck who's the live-er\nMy man put the battery in my back, a difference from Energizer\nSentence begins indented with formality\nMy duration's infinite, moneywise or physiology\nPoetry, that's a part of me, retardedly bop\nI drop the ancient manifested hip-hop straight off the block\nI reminisce on park jams, my man was shot for his sheep coat\nI can see him drop in my weed smoke\nIt's real, grew up in trife life, murderous night times\nAnd knife fights invite crimes\nChill on the block with Cognac, hold strap\nWith my peeps that's into drug money market interact\nNo sign of the beast in the blue Chrysler\nI guess that means peace\nFor niggas, no sheisty vice to just snipe ya\nStart off the dice-rollin' mats for craps to cee-lo\nWith side-bets, I roll a deuce, nothin' below\nPeace God \u2013 now the shit is explained\nI'm takin' niggas on a trip straight through memory lane\nIt's like that, y'all\nIt's like that, y'all\nIt's like that, y'all, yeah\n\n[Chorus: Nas]\nNow let me take a trip down memory lane\n\"Comin' outta Queensbridge\"\nNow let us take a trip down memory lane\n\"Comin' outta Queensbridge\"\nNow let us take a trip down memory lane\n\"Comin' outta Queensbridge\"\nNow let us take a trip down memory lane\n\"Comin' outta Queensbridge\"\nLemme explain\n\n[Verse 2: Nas]\nOne for the money, two for pussy and foreign cars\nThree for Aliz\u00e9, niggas deceased or behind bars\nI rap divine, God, check the prognosis: is it real or showbiz?\nMy window faces shootouts, drug overdoses\nLive amongst no roses, only the drama\nFor real, a nickel-plate is my fate, my medicine is the ganja\nHere's my basis, my razor embraces, many faces\nYou're telephone blown, black, stitches or fat shoelaces\nPeoples are petro, dramatic automatic .44 I let blow\nAnd back down po-po when I'm vexed so\nMy pen taps the paper, then my brain's blank\nI see dark streets, hustlin' brothers who keep the same rank\nPumpin' for somethin', some'll prosper, some fail\nJudges hangin' niggas, uncorrect bails for direct sales\nMy intellect prevails from a hangin' cross with nails\nI'll reinforce the frail with lyrics that's real\nWord to Christ, a disciple of streets, trifle on beats\nI decipher prophecies through a mic and say \"peace\"\nI hung around the older crews while they sling smack to dingbats\nThey spoke of Fat Cat; that nigga's name made bell rings, black\nSome fiends scream about Supreme Team, a Jamaica Queens thing\nUptown was Alpo, son, heard he was kingpin\nYo, fuck, rap is real! Watch the herbs stand still\nNever talkin' to snakes, \u2018cause the words of man kill\nTrue in the game, as long as blood is blue in my veins\nI pour my Heineken brew to my deceased crew on memory lane\nIt's like that, y'all\nIt's like that, y'all\nMemory lane\nNothing like the memories boy\nLemme take a trip down (memory lane)\nUh, comin' outta Queensbridge\n\n[Chorus: Nas]\nNow let me take a trip down memory lane\n\"Comin' outta Queensbridge\"\nRemember lookin' out my window pane\n\"Comin' outta Queensbridge\"\nNow let us take a trip down memory lane\n\"Comin' outta Queensbridge\"\nNow let me take a trip down memory lane\n\"Comin' outta Queensbridge\"\n\"Comin' outta Queensbridge\"", "image": "https://images.genius.com/9fb8160b2c6d56c5e7237de79281fbdc.807x807x1.jpg"}], "artist": "Nas"}