{"songs": [{"title": "Must Be Nice", "album": null, "year": null, "lyrics": "Ay yo..you... You that just flipped on this C.D. player:\nI just wanna inform you that when you got somebody good, you hold on to 'em\n\nMust be nice... having someone who understands the life you live\nMust be nice... having someone who's slow to take and quick to give\nMust be nice... having someone who sticks around when the rough times get thick\nSomeone who smiles bright enough to make the projects feel like a mansion\n\nMust be nice...having someone who loves you despite your faults\nMust be nice...having someone who talks the talk but also walks the walk\nMust be nice...having someone who understands that a thug has feelings too\n\nSomeone who loves you fa sho\nYou must remember to never let 'em go\n\n'Cause even when your hustling days are gone\nShe'll be by your side, still holding on\nEven when those twenties stop spinning\nAnd all those gold-diggin' women disappear, she'll still be here\n\nMust be nice... having someone you could come home to from a long day of work\nMust be nice... having someone you don't have to show;\nThey know exactly where it hurts\nMust be nice... having someone who trusts you...\nDespite what they've heard\nSomeone as mighty as a lion, but still gentle as a bluebird\n\nMust be nice... having someone you don't have to tell you don't wanna be wrong\nMust be nice... having someone you can grow old with until God calls you home\nMust be nice... having someone who understands that a thug has feelings, too\nSomeone that loves you fa sho, you never let em go!\n\n'Cause even when your hustling days are gone\nShe'll be by your side, still holding on\nEven when those twenties stop spinning (And they will stop one day)\nAnd all those gold-diggin' women disappear, she'll still be here\n\n'Cause even when your hustling days are gone\nShe'll be by your side, still holding on\nEven when those twenties stop spinning\nAnd all those gold-diggin' women disappear, she'll still be here\n\n'Cause even when your hustling days are gone\nShe'll be by your side, still holding on\nEven when those twenties stop spinning\nAnd all those gold-diggin' women disappear, she'll still be here", "image": "https://images.genius.com/23061dd2dc7e863127db561906debd27.434x434x1.jpg"}], "artist": "Nas"}