{"songs": [{"title": "Cops Shot the Kid", "album": "NASIR", "year": "2018-06-15", "lyrics": "[Intro: Richard Pryor]\nThe cops used to come around in my neighborhood\n\"Alright, you kids, stop having so much fun, move along!\"\nOh they'd arrest me, you know, especially at night\nThey had a curfew, niggas had to be home at 11, negros, 12\nAnd you'd be trying to get home, doing your crew runs\nAnd they'd always catch you out in front of a store or something\n'Cause you'd be taking shortcuts, right\nCops, \"Ree, put your hands up, black boy!\"\n\n[Chorus: Slick Rick]\nThe cops shot the kid\nThe cops shot the kid, the cops shot\u2013\nThe cops shot the kid\nThe cops shot the kid, the cops shot\u2013\nThe cops shot the kid\nThe cops shot the kid, the cops shot\u2013\nThe cops shot the kid\nThe cops shot the kid, the cops shot\u2013\nThe cops shot the kid\n\n[Verse 1: Nas]\nI don't wanna hurt nobody\nWe just came here to party\nSee a few dames, exchange some names\nI'm a top shotta, kid, stay in your lane\nThe cop shot the kid, same old scene\nPour out a little liquor, champagne for pain\nSlap-boxin' in the street\nCrack the hydrant in the heat\nCop cars on the creep\nDoin' they round-ups, we just watch for the sweep\nYeah, it's hotter than July\nIt's the summer when niggas die\nIt's the summer when niggas ride\nTogether we'll be strong, but forever we divide\nSo y'all are blowin' my high\nType of shit that's killin' my vibe\nWhite kids are brought in alive\nBlack kids get hit with like five\nGet scared, you panic, you're goin' down\nThe disadvantages of the brown\nHow in the hell the parents gon' bury their own kids\nNot the other way around?\nReminds me of Emmett Till\nLet's remind 'em why Kap kneels\n\n[Chorus: Slick Rick]\nThe cops shot the kid\nThe cops shot the kid, the cops shot\u2013\nThe cops shot the kid\nThe cops shot the kid, the cops shot\u2013\nThe cops shot the kid\nThe cops shot the kid, the cops shot\u2013\nThe cops shot the kid\nThe cops shot the kid, the cops shot\u2013\nThe cops shot the kid\nThe cops shot the kid, the cops shot\u2013\nThe cops shot the kid\nThe cops shot the kid, the cops shot\u2013\nThe cops shot the kid\nThe cops shot the kid, the cops shot\u2013\nThe cops shot the kid\nI still hear him scream\n\n[Verse 2: Kanye West]\nStay tuned up and down your timeline\nThis fake news, people is all lyin'\nMoney is bein' made when a mom cries\nWon't be satisfied 'til we all die\nTell me, who do we call to report crime\nIf 9-1-1 doin' the driveby?\nIt's certain things I can't abide by\nI ain't bein' extreme, this is my side\nTalkin' big shit, ready to die\nI know every story got two sides\nClaimin' he paranoid by the black guy\nCop wanna make it home by nighttime\nJust a good kid, he wasn't that guy\nHad a little hit, he wasn't that high\nCop gon' claim that it was self-defense\nSay he was ridin' dirty so the case rests\n\n[Chorus: Slick Rick & Kanye West]\nThe cops shot the kid\nThe cops shot the kid, the cops shot\u2013 (workin' nine-to-five)\nThe cops shot the kid\nThe cops shot the kid, the cops shot\u2013 (tryna stay alive)\nThe cops shot the kid\nThe cops shot the kid, the cops shot\u2013 (makin' ends meet)\nThe cops shot the kid\nThe cops shot the kid, the cops shot\u2013 (shot him this week)\nThe cops shot the kid\nThe cops shot the kid, the cops shot\u2013\nThe cops shot the kid\nThe cops shot the kid, the cops shot\u2013\nThe cops shot the kid\nThe cops shot the kid, the cops shot\u2013\nThe cops shot the kid\nI still hear him scream", "image": "https://images.genius.com/a9abb4468d35dbcbb121cd5e44c6c989.1000x1000x1.jpg"}], "artist": "Nas"}