{"songs": [{"title": "We're Not Alone", "album": "Untitled", "year": "2008-07-15", "lyrics": "[Intro: Mykel]\nWhere there's life there is water\nWe depend on Mama Nature\nThere's a message for tomorrow\nEverything connects to you\nSome say soon it will be over\nYou can see it in the weather\nOut of tune with Mama Nature\nWhat you do comes back to you\n\n[Chorus: Mykel]\nWe're not alone\nWe're not alone\nWe're not alone\nWe're not alone\n\n[Verse 1: Nas]\nUhh, uhh\nConfucius, Confucius, Sigmund Freud\nAnd Farad Muhammad, is it evolution or God?\nSearching for the truth is a threat\nSeems the closer we get to the truth State Troopers or Feds\nCome out to silence you, my house in Malibu probably tapped\nCause living next door to Demi Moore, plus I'm black\nPlus I want vengeance for the poor who's attacked daily\nPatriot Act never scared me\nJake in the Taurus, sticky in the jar-as\nNiggas I'm with got warrants\nAmerica's browning, 20 years from now every town'll be brown and Latin\nAn African looking Manhattan\nI'ma tell you what I seen with my three eyes\nWord to me, not a hoax back in '99\nA spacecraft in the skyline\nIn L.A. in daytime, ask Horse if I'm lying\n\n[Bridge 1: Mykel]\nEvery mother every father\nRaise your sons and your daughters\nWith respect and with honor\nFrom the seed comes a fruit\nIt's an unbroken circle\nAll of life is universal\nAnd we're all in the struggle\nIf I know one thing is true\n\n[Chorus: Mykel]\nWe're not alone\nWe're not alone\nWe're not alone\nWe're not alone\n\n[Verse 2: Nas]\nEvidence remains in debate\nDocuments of our own Air Force base\nAdditional terrestrial information\nOther planets with life population, my observation\nScientists study pictures of a flying disk\nRight on earth anthropologists are finding shit\nVisitors probably live with us, they can mimic us\nIt's sort of what we're seeing in the cinemas\n\n[Bridge 2: Mykel]\nTake a look in the mirror\nAnd see the bigger picture\nIt's good to be alive\n(It's good to be alive)\nNobody is an island\nWe are part of an environment\nOnly way we're gon' survive\nIs if we harmonize\n\n[Chorus: Mykel]\nWe're not alone\nWe're not alone\nWe're not alone\nWe're not alone\n\n[Verse 3: Nas]\nReginald Lewis, the black billionaire\nBefore Oprah, Bob Johnson, how'd he disappear?\nConspiracy theories, UFOs in the air\nI've seen it with my own two eyes, and I swear\nLike Warren Buffet, real money I'm just trying to touch it\nThe diamond encrusted shit, live illustrious\nCause we was deprived of it, suffered\nNow we pop to prove anything's possible\nMy pimp strut was invented when they whipped us\nNow we diddy bop just to show you that our strength's up\nJust when niggas 'bout to see they cut\nGlobal warming about to burn us up\nNiggas never really seen paper in this world\nAmerican blacks, the teenager of this world\nGive us 20 more years to grow up, already geniuses\nWhat I mean is this\nI used to worship a certain Queens police murderer\n'Til I read the words of Ivan Van Sertima\nHe inserted something in me that made me feel worthier\nNow I spit revolution, I'm his hood interpreter\n\n[Bridge 2: Mykel]\nTake a look in the mirror\nAnd see the bigger picture\nIt's good to be alive\n(It's good to be alive)\nNobody is an island\nWe are part of an environment\nOnly way we're gon' survive\nIs if we harmonize\n\n[Chorus: Mykel]\nWe're not alone\nWe're not alone\nWe're not alone\nWe're not alone\n\n[Outro: Nas]\nAyo I'm American born, love america, love my people, love all mankind, all nationalities you know\nI think it's just recently where everybody just started to feel like there was an elite group that runs everything, and everybody else was sheep, ignorant, making all ethnicities, colors and creeds, niggers, blind to what really is going on\nSo I say take off the wool from your eyes\nOut with the old America in with the new\nEnd all racism, all injustice, all oppression to poor people, any people anywhere in this planet\nLet's come together: a new day is rising", "image": "https://images.genius.com/b494ca4151f14803123849b4f34be37f.700x700x1.jpg"}], "artist": "Nas"}