{"songs": [{"title": "Blood, New Version", "album": null, "year": null, "lyrics": "Italiano motto\nTrain like Cus D'Amato\nGuard your plant\nRecline low black milano\nBlessed God feelin kosher\nOne in the top of the toaster\n???\nMy nine is stuck in a holster\nDump quick\nChasing my dick\nMade a bum bitch rich\nStalefish\nHeard she naked in jail flicks\nMamacita\nBlack widow turned to be a back seater\nSatin pillows a pimpstress in willow\nCookin my blow and heads low\nEye swellin\nThe son of the grain\nI gotta split my wife's melon\nSo I can see the seven seeds of my circumference\nBeaver lunged it\nPolishin pistols at the gunsmith\nClever\nMy mama told me take cheddar\nBuy slugs or drugs whatever calculate better\nWhen cakes measured\nLock the front door secure\nSee the gleaming white crystal when its pure\n\nFuck the snake hoes and jealous ass niggas\nThat smash your Benz windows\nDetecting fake niggas signals\nYo live niggas get it too\nScarin rappers like the fed time Gotti was acquitted to\nBloodshot red eyes, high\nYellow envelopes of lye\nOpening cigars let tobacco fly\nKicks matchin my shit my gun on\nThinkin of names for my mans unborn\nSpill the Puerto Rican rum on imaginary graves\nPut my hat on my waves\nLatter Day Saints scream religious praise\nHeat grazed the baby yo\nFoul shit made a welfare mom crazy\nMore bodies drop by the ratio\nPaces flow\nGrisly thoughts for makin dough\nHaitian bitch cast a spell on my life for cash flow\nSo now its on never wasted a slug\nTime is money\nWhen it comes to mine\nTake it in blood", "image": "https://images.genius.com/23061dd2dc7e863127db561906debd27.434x434x1.jpg"}], "artist": "Nas"}