{"songs": [{"title": "Blood diamonds are forever", "album": null, "year": null, "lyrics": "They dug me out the soil in the Mines of the Motherland\nNow I'm misplaced, one hand to another hand\nIllegal smugglin', people strugglin'\nWish they could just throw me back in the mud again\nYeah, guess that's how we got here\nSlave Trade then the Diamond Trade\nEvery child's afraid\nWhen his Mother and Father get sprayed\nForced in the Army, young killer Brigade\nGets a new name and then he give his nose glue\nTil' his mind can't take what he's gon' through\nLookin' in that dirt for that ice so blue\nThen The Royal Family, the ice goes to\nAnd this thing has to change, feelin' half-ashamed\nAs I rap with my Platinum chain\nWhen you shop for a gift for me\nYou think about the misery?\nThe same way we made Apartheid History\nWe can do the same thing to the conflict ice\nBut everybody wanna shine, right?\n\n[HooK: Nas]\nEverybody wants Heaven but nobody wants dead\nEverybody wants Diamonds without the Bloodshed\nEverybody wants Heaven but nobody wants dead\nEverybody wants Diamonds without the Bloodshed\nThey wanna Shine on 'em\nShine on 'em X 7\n\n[Verse 2: Nas]\nMy VVS glimmers on my chest\n200-thou-encrusted watch on my wrist\nI wonder how people starve to death\nWhen God bless the land that lacks the harvest\nThe stone's equality, but they homes are poverty\nAnd the whole world ignores the robbery\nBought my girl pretty rocks when she's mad at me\nTear-drop shaped, uh, perfect Clarity\nIt shocks, so many are killed annually\n'Cause of greed, lust, and pure Vanity\nStop talkin' and do somethin' about it\nEvery Holiday Season, Jewelry stores crowded\nKids snatched from their homes, Mutilated alive\nHusbands separated from wives, keep a Jesus piece to be fly\nBut back in the day there was a time when they called us shine\n\n[HooK: Nas]\nEverybody wants Heaven but nobody wants dead\nEverybody wants Diamonds without the Bloodshed\nEverybody wants Heaven but nobody wants dead\nEverybody wants Diamonds without the Bloodshed\nThey wanna shine on 'em\nShine on 'em X 7", "image": "https://images.genius.com/23061dd2dc7e863127db561906debd27.434x434x1.jpg"}], "artist": "Nas"}