{"songs": [{"title": "Just a Moment", "album": "Street's Disciple", "year": "2005-02-22", "lyrics": "[Produced by L.E.S]\n\n[Verse 1: Quan]\nCan we please have a moment of silence\nThat's for my niggas doing years in confinement\nAnd for my soldiers that passed over, no longer living\nThat couldn't run whenever the reaper came to get 'em\nCan we please pour out some liquor\nSymobolizing let's take in time to consider that\nThough our thugs ain't here, the love is here\nAnd we gon' rep til slugs kill us here\nThis for my dogs, stuck in the struggle trying to gain\nSmoking trauma, sniffing Ra while selling cocaine\nTrapped in the game, not knowing how to stop and get by\nTo live it alive, so instead they live it to die\nCan we please have a moment of peace\nFor every G that fell for his flag in the streets\nBlooding and thugging, folking and loking\nCriping and creeping, Latin and Kinging\nOr just for poor righteous teaching\n\n[Hook: Quan]\nAs day comes and night falls\nFor the rest of our life we'll miss y'all\nAnd even though life must go on, we'll still mourn\nWhile wishing y'all were home\n\n[Verse 2: Nas]\nYeah and can we have another moment of silence\nFor brothers who died from Black-on-Black violence\nFrom here to the Dark Continent where rebels sell diamonds\nTo clients allover the world, got little Black girls dying\nAnd can we please pour some more liquors\nFor Will, Bokeem, Bar, Pappy my niggas\nHere's another Warrior Song from Nasty and Quan\nIt's to him I pass the baton to carry this on\nStreet's Disciple, salute to those who's gone with bullets\nAnd I promise through rhyming Quan gon' rep his life to the fullest\nAnd can we please have a moment of truth\nFor soldiers and troops away with helmets and boots\nAnd families back home who pray they make it home safe\nHoping that they don't get hit with a stray or missiles\nThis is just a moment to let you all know that we miss you\nMommy I'm still here, wishing I was there with you\nLet's take 'em home\n\n[Hook x2: Quan]\nAs day comes and night falls\nFor the rest of our life we'll miss y'all\nAnd even though life must go on, we'll still mourn\nWhile wishing y'all were home\n\n[Verse 3: Quan]\nAnd can we please have a moment to mourn\nFor Pac, Biggie and Pun, 'cause through us they live on\nJam Master Jay, Freaky Tah and Aaliyah\nBig L and Left Eye, when we die we hope to see ya\nCan we please have a moment for children\nWho got raped or murdered or trapped in the system\nWho never knew their father, never learned to dream\nBut was guided by drug dealers, killers and crack fiends\nFor single mothers that's forced to play mom and dad\nBusting her ass to give her kids shit she never had\nFor my niggas in the pen hoping rhymes'll get 'em signed\nSo when released, they can say bye to a life of crime\nFor every mother that held a son in the street bleeding\nCrying a song of sorrow to dark and deep for speaking\nJust a moment outside the day to day struggle\nTo let the ones we really care about know that we love 'em\n\n[Hook: Quan]\nAs day comes and night falls\nFor the rest of our life we'll miss y'all\nAnd even though life must go on, we'll still mourn\nWhile wishing y'all were home", "image": "https://images.genius.com/b0e136d97f3c19780ab628a59b613ad2.316x316x1.jpg"}], "artist": "Nas"}