{"songs": [{"title": "Suspect", "album": "It Was Written", "year": "1996-07-02", "lyrics": "[Produced by L.E.S.]\n\n[45 seconds of talking/skit]\n\n[Verse 1]\nIt was a murder\nJake just hit the corner people swarming\nThree in the morning I jumped out my cab like \"Fuck\nNiggas is buck,\" mega bloodshed, the tape's red\nI heard some bird whisper, \"Yo he should have ducked\"\nI puffed the lila, just before I hit the scene for rilla, I'm all high\nIt's late I'm looking down at the fella\nShit's pushed in, ambulance placed him on some cushion\nHis mom's had a stare I wouldn't dare second look when I murk\nIt hurt, kind of took it as a brief reminder\nThat the street's designed to stop your life clock\nThe beast'll time ya, cell to cell, suspect ass nigga you fail\nFirst time locked in Comstock, my mind blocks the frail\nBursting, blasting at your forty cal shell, split your dry cell\nMy niggas never snitch why tell\nWe roll with no regrets, destinies, fiftys and equities\nQueens'll be the death of me\n\n[Chorus]\nTo the suspect witness: don't come outside\nYou might get your shit pushed back tonight\n(Suspect witness don't come outside\nYou might get your shit pushed back tonight)\nSuspect witness: don't come outside\nYou might get your shit pushed back tonight\n(Suspect witness don't come outside\nYou might get your shit pushed back tonight)\n\n[Verse 2]\nDear God, I want the riches, money hungry bitches infested\nGiving the jealous niggas sickness to witness\nMy crew dresses in vests, feel the essence\nTry to test this scientist, able and reckless, slaughter\nNautica Down, frames look petite\nTen millis, minks designed just for my physique\nI keep a low pro as if I owe, bless the flow lovely\nMy pants hang while I'm dancing, sipping the bubbly\nHey, me no worry, hashish keep my eyes Chinese\nRoll the two Phillies together, make blunts Siamese\nI meant it, I represent it, descendant made of\nEarly natives that were captured and taught to think backwards\nTrapped us in a cracker's psychiatric, it's massive\nA Million Man March, alert the masses\nTan Clarks, Armani in small print upon my glasses\nDon assassins, Armageddon\nThe wedding of a freak and a beast\nSeven heads, got the righteous threatened\nLife Was Written, the plot curves behind the settin'\nComprehend the grammar, Math we own\nAre you the type of nigga to shoot a leg to get your name known?\nI flip the brain tone, niggas get hit and wrapped in plastic\nThe mic I strike in vain, givin' the pain of what a MAC is\nWhat you with? Luchi or drama\nNo sleep means insomnia\nNo need to check the clock, the streets'll time ya\n\n[Chorus]\nSuspect witness: don't come outside\nYou might get your shit pushed back tonight\n(Suspect niggas don't come outside\nYou might get your shit pushed back tonight)\n\n[Verse 3]\nYeah, yeah\nIt justifies Nas Escobar's leavin' shit mesmerized\nMega live, like the third world\nDecipher my deceiver make him a believer\nSpitting gem stars, words in my mic type receiver\nBond is my life so I live by my word\nNever fraudulent Queensbridge don't make no herbs\nSpread my name to deacons, politicians while they speakin'\nRebel to America civilization, caught you sleepin'\n\n[Outro]\n(Queensbridge, boy, once again, boy\nRecognize boy, recognize, stupid motherfuckers)\nStreet educated, created\nFly gangsta, Firm style\nAZ, what up, what up?\nJungle, Benny Blanco from the Bridge\nMega, Big Hi, clap 'em down\nL.E.S. on a murder quest, yeah yeah y'all", "image": "https://images.genius.com/525377dd6bd0f221ead9371b7b53d9a8.1000x1000x1.jpg"}], "artist": "Nas"}