{"songs": [{"title": "U wanna be me - soundtrack version", "album": null, "year": null, "lyrics": "Uhh, ooh baby, baby\nKeep it thug and keep yo' heat, na nah nah nah nah\n\nNow slowly, thinkin of all the things that oppose me\nI think of kings who died and rappers out to dethrone me\nFor they crown they head is cut off, bodies is laid\nDead in the street, it's so fuckin pitiful\n\nFirst they love you, could be the bitch that even live with you (hoe)\nMad at your riches, now she switched, turned miserable\nCause she wanna dress like Bonnie, Robin and Crystal do\nBut Crystal's single, Bonnie's broke and her niggas too (ha)\n\nI can do bad by myself; went from rags to wealth\nFrom Jags to Bentleys to plenty ass bitches\nCan't keep they hands to theyself no more\nI'm like, Hugh Hefner, you lesser, you just a\n\nWanna be me, you can't you faggot, you bitch\nYou coward, you clown, you just wanna be down\nSo you wanna be me, you bitch, you phony\nYou clone me, you wanna be son, I'm the one and only\n\nBut you wanna be me, you suckers, you weak\nYou flunkies, you fake, you couldn't come close on my worst day\nBut you wanna be me, I burn you and learn you a lesson\nConcernin' this mic profession, turn your direction\n\nYou can't be me, not in your wildest fantasy\nIt's childish; should I have to resort to violence?\nPay me a half a million, I'll consult your album\nAnd show you how to stay off my dick\n\nThat's the thing I hate the most, can't even call you a man\nWhen you gotta call out my name to get you some fans\nNo talent, you need direction; you a pussy with a yeast infection\nYou unlucky, I'm your fuckin' c-section\n\nPlus I'm the last real nigga alive\nToast glass, ill will, the label get high\nRealize, how many classics I gave you\nPerhaps if you think back you'll realize that I made you\n\nWanna be me, you can't you faggot, you bitch\nYou coward, you clown, you just wanna be down\nSo you wanna be me, you bitch, you phony\nYou clone me, you wanna be son, I'm the one and only\n\nBut you wanna be me, you suckers, you weak\nYou flunkies, you fake, you couldn't come close on my worst day\nBut you wanna be me, I burn you and learn you a lesson\nConcernin' this mic profession, turn your direction\n\nYou can't be me, I'm tryin to walk a straight line\nWhy they tryin to take mine? I'm past 8 Miles of every state line\nEating alligators and hummingbird hearts\nAt the player's ball, Brianni suits, y'all birds watch\n\nAs real millionaire, shit'll take place\nEvil as Hitler's hate-race people, this is God son\nAnd I've come from the God under pure peace\nTo represent the streets, you'll see that my plan\n\nIs not to destroy your man\nBut to bring more to mankind and teach\nEvery MC reach for your pens and papers\nLesson one be creative; what you made of Junior?\n\n'Cause soon you'll be a grown man with the mic in your hand\nAnd understand, to battle Nas not in your plan\nI'm the last real nigga alive, understand that\nAnd you my offspring, the boss sting\n\nA bulletproof Porsche things, hard for you to understand that\nNas the king, where my bricks, where my band at?\nPlay me a gangster's theme, while you entertain me\nIf I ain't cryin laughin, to the lions, throw your ass in\n\nWhat the fuck was you niggas thinkin'?\nGuns'll clutch if I get a inklin' that you comin for the kingpin\nBut I laugh at you cowards, ha ha ha\nTake me out, try try try, but you\n\nWanna be me, you can't you faggot, you bitch\nYou coward, you clown, you just wanna be down\nSo you wanna be me, you bitch, you phony\nYou clone me, you wanna be son, I'm the one and only\n\nBut you wanna be me, you suckers, you weak\nYou flunkies, you fake, you couldn't come close on my worst day\nBut you wanna be me, I burn you and learn you a lesson\nConcernin' this mic profession, turn your direction\n\nYou can't be me", "image": "https://images.genius.com/23061dd2dc7e863127db561906debd27.434x434x1.jpg"}], "artist": "Nas"}