{"songs": [{"title": "The General", "album": null, "year": null, "lyrics": "Send* corrections to the typist [Swizz\n\nBeatz] Yo\nMan it's, a real game out here Know\nWhat I'm sayin Nas Beats?\nBack in effect man Swizz\nBeatz da monsta (what's poppin )?[Nas]\n\nGet\nIn line everybody, get in line Listen\nThe fuck up to, what's going down Pay\n\nAttention aight, [Chorus]x2?\nNiggas\nSalute me bitches, salute me The\nBlock salute me the, hood salute me You\nShould salute me they, should salute me So\nFuck who you are I'm\nThe motherfuckin general [Nas]\n\nWhen\nI walk through everything stops silence, Remain\nQuiet babies, don't cry thugs don't buss Cops\nCut off sirens oxygen, freeze Noises\nTo a minimun nigga I, pop and I squeeze I\nRepresent the pain and struggle Cut\nOut your eyeballs then brain-fuck you Yo\nYou testin with death I'm\nConfronting the justice expressing, my voice to the public They\nGot to free some brothas or we kidnap the judges They\nGot to free some sistas or we kidnap the judges They\nGot to beat the system that's enslaving the poor Our\nPracticing gun, rages they, R's and 44's .Many\nFought teams and for green this is war This\nIs life and I'm the hardest got, ya label all scared Callin\nUp the radio don't, want my records to air Y'all\nAin't playin fair to, every rapper in the game I'm\n\nComin fo y'all blood make, room for the king Nas...[Chorus]x2\n[Nas]\n\nI'm\nThe leader that's, it nobody, higher Nobody\nTouchin my crown nobody, dyin Nobody\nSmoother harder, tougher, believe, it I'm\nMuch more smarter much, more strategic Scholarships\nAnd hollow tips a, lot of walkin caskets They\nTalk a good one but there's never no action And\nI'm the type to poison ya sista twist, her Through\nWit her put, the gun in your face and make you hit her Make\nYou quiver -when they silhouette of a Don Benson, Light\nUp a Cu-ban recite, a few psalms Enlighten\nYou quick teach, you how a king wins wars Keep\nYour ears to the street love, your enemies more 'Cuz\nHate can frustrate and, confuse Too\nEager you lose patience, plan, your attack then you move - ghetto Green\nBerets got, freaks got hoes who\n\nBe jumpin out of movin cars and land at my feet - because [Chorus]x2", "image": "https://images.genius.com/23061dd2dc7e863127db561906debd27.434x434x1.jpg"}], "artist": "Nas"}