{"songs": [{"title": "Nas Is Like", "album": "I Am...", "year": "1999-03-03", "lyrics": "[Produced by DJ Premier]\n\n[Intro]\nUmm, Premo, Nas\nYeah, yeah, yo\n(\"Nas is...\", \"Nas is...\"\n\"Nas is...\", \"Nas is...\"\n\"Nas is...\", \"Nas is...\", \"Nas is...\")\n\n[Verse 1]\nFreedom or jail, clips inserted, a baby's being born\nSame time a man is murdered\u2014the beginning and end\nAs far as rap go, it's only natural I explain\nMy plateau, and also, what defines my name\nFirst it was Nasty, but times have changed\nAsk me now, I'm the artist, but hardcore, my sign is for pain\nI spent time in the game, kept my mind on fame\nSaw fiends shoot up and do lines of cocaine\nSaw my close friends shot, flatline, am I sane?\nThat depends, carry MAC-10's to practice my aim\nOn rooftops, tape CD covers to trees\nLine the barrel up with your weak picture then squeeze\nStreet scriptures for lost souls, in the crossroads\nTo the corner thugs hustling for cars that cost dough\nTo the big dogs living large, taking in light\nPushing big toys, getting nice, enjoying your life\nIt's what you make it, suicide, few try to take it\nBelt tied around their neck in jail cells naked\nHeaven and Hell, rap legend, presence is felt\nAnd of course N-A-S are the letters that spell - NAS, NAS\n\n[Chorus: scratches by DJ Premier]\n\"Nas is like.. life or death.. I'm a rebel.. \"\n\"My poetry's deep, I never fell..\"\n\"Nas is like.. half-man, half-amazing..\"\n\"No doubt..\"\n\"Nas is like.. life or death.. I'm a rebel.. \"\n\"My poetry's deep, I never fell..\"\n\"Nas is like.. half-man, half-amazing..\"\n\"No doubt..\"\n\n[Verse 2]\n\"Nas is like\u2026\" Earth, Wind & Fire, rims and tires\nBulletproof glass, inside is the realest driver\nPlanets in orbit, line 'em up with the stars\nTarot cards, you can see the pharaoh Nas\n\"Nas is like\u2026\" Iron Mike, messiah type\nBefore the Christ, after the death\nThe last one left, let my cash invest in stock\nCame a long way from blasting TECs on blocks\nWent from Seiko to Rolex, owning acres\nFrom the projects with no chips, to large cake dough\nDimes giving fellatio, siete zeros\nBet my 9 spit for the pesos, but what's it all worth?\nCan't take it with you under this earth\nRich men died and tried, but none of it worked\nThey just rob your grave, I'd rather be alive and paid\nBefore my number's called, history's made\nSome'll fall, but I rise, thug or die\nMaking choices that determine my future under the sky\nTo rob, steal or kill, I'm wondering why\nIt's a dirty game, is any man worthy of fame?\nMuch success to you, even if you wish me the opposite\nSooner or later we'll all see who the prophet is\n\n[Chorus: scratches by DJ Premier]\n\"Nas is like.. life or death.. I'm a rebel.. \"\n\"My poetry's deep, I never fell..\"\n\"Nas is like.. half-man, half-amazing..\"\n\"No doubt..\"\n\"Nas is like.. life or death.. I'm a rebel.. \"\n\"My poetry's deep, I never fell..\"\n\"Nas is like.. half-man, half-amazing..\"\n\"No doubt..\"\n\n[Verse 3]\n\"Nas is like\u2026\" Sex to a nympho, but nothing sweet\nI'm like beef, busting heat through your windows\nI'm like a street sweeper, green leaf breather\nLike Greeks in Egypt, learning something deep from they teachers\nI'm like crime, like your 9, your man you would die for\nAlways got you, I\u2019m like pop dukes you would cry for\nI'm like a whole lot of loot, I'm like crisp money\nCorporate accounts from a rich company\nI'm like ecstasy for ladies, I'm like all races\nCombined in one man; like the '99 Summer Jam\nBulletproof Hummer man\nI'm like being locked down around new faces, and none of 'em fam\nI'm the feeling of a millionaire spending a hundred grand\nI'm a poor man's dream, a thug poet\nLive it and I write down and I watch it blow up\nY'all know what I'm like, y'all play it your system every night, now\u2026\n\n[Chorus: scratches by DJ Premier]\n\"Nas is like.. life or death.. I'm a rebel.. \"\n\"My poetry's deep, I never fell..\"\n\"Nas is like.. half-man, half-amazing..\"\n\"No doubt..\"\n\"Nas is like.. life or death.. I'm a rebel.. \"\n\"My poetry's deep, I never fell..\"\n\"Nas is like.. half-man, half-amazing..\"\n\"No doubt..\" \"Nas is like..\"", "image": "https://images.genius.com/7b94116db5c7726c107eca3c1293e52a.500x497x1.jpg"}], "artist": "Nas"}