{"songs": [{"title": "Peace God", "album": "Q.B. 2 Compton", "year": null, "lyrics": "[Verse 1:]\nNasir bin Olu Dara bis do Allah\nFist full of dollars in a dice game god\nD & D glass cloth Kangols guided by angel with white wings\nNas the Viking fresh from my ankles thankful\nGangster see gangster do I'm Langston Hughes predecessor\nGun on my dresser slang I use upset college professor\nMore knowledge than Webster dictionary obituary column plus sign 'em\nThe first fake rapper murdered for rhyming\nThe jig is up gut 'em like fish swiss cheese 'em up\nMy wrist is freezing up sick of these ducks on my hiatus\nPoking out their chest like they tall as sky scrapers\nBut they small as a shanty in a African village\nSoft as cotton candy we assassins and killers\nLet shottie off in club floors pellets spraying your familia\nYou screaming like you love war\n\n[Hook: repeat 2X]\nEverybody's crazy\nSomebody's gonna get shot get rob get done get stomp get drop\nLadies love thugs and my thug love hip hop\nThugs love ladies and ladies they love hip hop\n\n[Nas:]\nPeace fuck you with a fist in your ass\nYou pussy with yeast, you shook of the streets, you a Sisq\u00f3 fag\nYou know blood baths I makes 'em fake thugs I hate 'em\n8 slug I'm bustin' no discussion or waiting\nCause now Instead of coke rhymes it's laying\nNo analog it's digital criminals turned rapper times is changing\nNiggas get flashier houses more plusher\nBitches giving ass up at ages more younger\nHands on the clock keep turning, hands on a Glock they keep squeezing\nBullets stop in your sternum they stop you from breathing\nI'm light year far your mouth get all white\nWhen I'm near you I frighten your heart\nI want you to watch me notice stare look closely\nFeel I'm who you posed to be real I know it hurts you\nSoldiers approach you, you want to squash it, you older than most dudes\nAlthough Nas did you and your whole crew, but\n\n[Hook:]\n\n[Verse 2:]\nI know where niggas sleep; it's too many schemes too many plots\nWar plus money man I got too many spots\nHungry niggas get tutored to thinking new shit to come up\nKillers fuck with killers you sleeping you getting stuck up\nNot me your not ready I'm low but I be watching\nWe all connected so your man know my man\nYour man knows my fam' they was cool when they was locked up\nBeat cases and now niggas back on the block what\nBothers is taking secret routes when they drive\nTinted windows ears to the street stay on their job\nPeep niggas that got prices on their head so high\nTheir own my will take the contract surprise\nSo we play a mental game intimidation\nGot pussy niggas get pressed up on and paying\nI wish these niggas would step up wait for the day an\nSince I'm famous they thinking assault rifles won't be spraying\nWho ever thinking coming to my vault for the safe\nI got some niggas with acid get it thrown in your face\nPlay dirty catch your moms in J-30\nWhatever whodie we all crazy we all 7:30 now\n\n[Hook:]", "image": "https://images.genius.com/fa91cff72cfd37fd6ea86da4dde45a21.300x300x1.jpg"}], "artist": "Nas"}