{"songs": [{"title": "My Way", "album": "The Lost Tapes", "year": "2002-09-23", "lyrics": "[Verse 1]\nWord to Will, buried in his Fila suit and heavy chain\nI wanna be iced-up, nigga, bury me the same\nI live for street glory and I die for ghetto fame\nRespect all, fear none, my pride is everything\nInitials in swimming pools floors, women lose drawers\nA true boss, never lose wars, got cheddar to floss\nGuns under my bed, mask and a flashlight\nLivin' my life like everyday's my last night\nAlcoholic on toilets, I shit blood\nForeign cars, models and stars, life of a rich thug\nMommy told me from weed I would switch drugs\nTo cocaine and hit clubs and deep-dish dubs\nHow would she know unless she hit the clubs, got her mack on?\nBack in the 60's with an afro and her platforms\nBoppin' to The Supremes, smokin' joints\nThat's cool, but I'ma live how I want\n\n[Chorus 1]\n(I did it my way) from crumbs and roaches and rats\n(I did it my way) convertin' from hustlin' to raps\n(I did it my way) from break dancin', back spins on the cardboard\n(I did it my way) to bullet proof Bentleys, Gats in the car door\n(I did it my way) never gave a fuck what nobody said\n(I did it my way) they hoped that I failed and wished I was dead\n(I did it my way) if I fuck up, it falls on me\n(I did it my way) I lucked up and struck rich, now we all can eat\n\n[Verse 2]\nGateways, marble floors, chandeliers\nJacuzzi's, Gucci soap, throwin' cash in the air\nThough I still feel broke with millions in the bank\nAnd deals on the table, I focus to stay afloat\nAnd just to think some would die to get what I got\nThey think it's a lot; in the blink of an eye, you could get shot\nNiggas is wolves, comin' if you ruthless or not\nBut I be on point, put you in places where bodies rot\nNever knew murder 'til I seen my man get popped\nNo blood soakin', layin' there, eyes still open\nI got a little closer, put my hand in his palm\nHe was lookin' right through me, yo, starin' beyond\nI wonder what he saw: the limos, movies and tours?\nDid he die in vain or represent for the cause?\nNow I put his name on everything I'm involved\nAnd that's the game; y'all can't relate, fuck y'all (Ill Will)\n\n[Chorus 2]\n(I did it my way) from crumbs, roaches and rats\n(I did it my way) convertin' from hustlin' to raps\n(I did it my way) I call it how I see it niggas\n(I did it my way) if you don't like it, so be it niggas\n(I did it my way) I make my own rules, do my own plans\n(I did it my way) gangstas do what they want, suckers do what they can\n(I did it my way) takin' sacrifices kid\n(I did it my way) you only gettin' one life to live\n\n[Verse 3]\nYo, hoes in my focus slow me; roll with the brokest homies\nCold and we hopeless lonelies, scoldin' my foes who phony\nFrom blocks where coke'll feed you, and cops is over-evil\nThey know some people who tell on felons who sold some diesel\nHer-on and blow, it ruins minds, knew a crew one time\n'89, they took work to Caroline and blew big-time\nIn just two years, their crew disappear\nSnitches and bitches smeared the paint on their pictures\nYears back, I reminisce and remember\nSittin' on wood benches gave me splinters\nJust a baby nigga thankful\nWhen them killers came through, guns out, movin'\nI thank the ones who said\n\"Shorty, go home!\", we about to be shootin'\n\n[Chorus 1]\n(I did it my way) from crumbs and roaches and rats\n(I did it my way) convertin' from hustlin' to raps\n(I did it my way) from break dancin', back spins on the cardboard\n(I did it my way) to bullet proof Bentleys, Gats in the car door\n(I did it my way) never gave a fuck what nobody said\n(I did it my way) they hoped that I failed and wished I was dead\n(I did it my way) if I fuck up, it falls on me\n(I did it my way) I lucked up and struck rich, now we all can eat", "image": "https://images.genius.com/6438e249e54997f8504fca57219b4738.1000x1000x1.jpg"}], "artist": "Nas"}