{"songs": [{"title": "Legendary (Mike Tyson)", "album": "The Nigger Tape", "year": null, "lyrics": "\"Ladies and gentleman\nIn this corner\nThe champion of champions\nFrom Catskill, New York\nIron Mike Tyson\"\n\nAnd in the other corner\nThe lyrical champion\nHailing from Queensbridge, New York\nIs the one and only\nNas\n\nAnd now, ladies and gentlemen and boxing fans joining us around the world.  IT'S SHOWTIME!\n\nVerse 1:\nSpirit of the streets\nWalks in the ring\nFrom Brownsville to spar fit\nTo boxing king\nMan or machine, an animal\nPhysical strength and intelligence\nBut that type of intellect\nY'all respect\nTo connect those punches\nStill as a kid he stole lunches\nTo mak'in millions and the hundreds\nChaotic conscience\nThe rage, the stage, the grander\nHad to endorse slander\nTook it like a man\nCause the mighty stand alone\nIn the bigger ring hole\nThe penitentiary\nBarbed wire and stone was amp up\nThey locked a champ up\nEven my brains in handcuff\nThe robin hood, seasonal santa\nAnd y'all give him nothin to begin with\nDilapidated buildings\nThe drug epidemics\nHistorical stories\nPain, love and glory\nMike Tyson\nNever see another like him\n\n? voice over: Speed\nNas: strength\n? : skill\nNas: Power\n? : Accuracy\nNas: Legacy\n? : Victorious\nNas: Legendary\n\nVerse 2:\nTrue legend\nHis hands was two weapons\nUnderstand this minds a true blessing\nDesigner jewels and diamond\nA modern day Jack Johnson\nFlying private jets and fully protect'in\nAutomized with ladies Godiva complexions\nLots of sex'in\nHung with a lot of stars\nLearned a lot of lessons\nBetween dead homies and best friends\nAnd getting domed out in stretch Benz\nEducated from the hood and pestilence\nThe dead presidents don't see your pockets\nYou just gett'in\nYou got a full court press for them\nBenjamins, I've seen money be the death of men\n\nIt's a warriors world\nOnly the strong survive\nWho's next to try\nWho's next to be the next\nT-Y-S-O-N\nHe gave us hope\nMay the best man win\n\nOutro chorus:\nIron Mike is in the house\nNas: Strength\nIron Mike is in the house\nNas: Power\nIron Mike is in the house\nNas: Legacy\nIron Mike is in the house\nNas: Legendary\n(repeat)\n\nDJ Green Lantern:\nThis is an invasion man\nBest of both offices, what's good\nTeam Invasion, let's go man, let's get money!", "image": "https://images.genius.com/3407e464b90665cb8b7267df3541d089.500x500x1.jpg"}], "artist": "Nas"}