{"songs": [{"title": "Proclamation (Nigger Hatred) (iTunes Bonus Track)", "album": "Untitled", "year": "2008-07-15", "lyrics": "[Intro 1: Malcolm X sample]\nThe white power structure of today is just as much interested in perpetuating slavery\nAs the white power structure was 100 years ago\nOnly now they use modern methods of doing so\nAnd, uh\u2026\n\n[Intro 2: Paul Mooney sample]\nWhite folks made up nigga and don't want me to say it\nAin't that a bitch?\nYou made it up, you shouldn't have made it up!\nYou done fucked up, you shouldn't have made up nigga\nAnd you made up a song to go with it\nPlease don't make me sing the song\nEenie meenie minie\nYou know the god damn song I'm talking about\nAnd you change the words when you see black folks\n\n[Verse: Nas]\nThis is my opening scripture - I've been preparing this album\nMy whole life, might be uncomfortable for most you listeners\nSatan's bombarding me with propositions, but I decline\nI started in the Bridge without a pot to piss in\nI overcame all the opposition\nMy teachers told that I'd a broken mayne on a cot in prison\nCloaked in the finest drapes, not Bathing Apes\nBut we still filthy, Supreme Court say we still guilty\nThis is the Genesis, and I don't even see a worthy arch nemesis\nI get loose like the Jena Six, they put a noose on 'Pac\nNow I'm defending Vick, and free that nigga T.I.P\nI'd take the grave or a bid\nThen let some dirty clan members run up in my crib\nAnd plant cracks on the man that's going to church\nPlants packs on the man that's going to work\nAnd build cases, meanwhile they daddies and they brothers\nIs recruiting all my brothers and cousins to fill bases\nThe nerve of y'all to call Escobar a racist\nNigga, nigga, nigga, nigga, nigga, nigga hatred", "image": "https://images.genius.com/b494ca4151f14803123849b4f34be37f.700x700x1.jpg"}], "artist": "Nas"}