{"songs": [{"title": "The N", "album": "Hip Hop Is Dead", "year": "2006-12-19", "lyrics": "[Verse 1: Nas]\nIt's the late night greasy spoon patron, poolhall making\nBig bets, midsection got the 8 in\nDior Christian pimping, got that penal system diction\nRiffing, you don't want it you snitching\nSpit a few at a traitor with that new AR\nTry to kill me I'm the leader, that's coup d'etat\nStreetsweepers in that Coup\u00e9 all black, bitches want my chipped tooth back\nSteel mac, so my kufi never gets smacked\nSqueeze a fifth with a grip as I dip from the paparazzi\nStill playing numbers you can't stop me\nStill wearing bundles and spark weed\nIf I ever say 'Queens get 'em', you know they got me\nSuccess, scandal, bone deep, personal beef\nSo lead by example or get trampled\nSince Hip Hop is Dead, this is the N\nCongratulations in order 'cause we did it again\n\n[Hook: Nas]\nDon't hate me now, congratulate me now\nI'm still getting it and don't even love the doe\nDon't hate me now, congratulate me now\nI'm still ripping, and I don't even love the hoes\nStill getting it and don't even love the doe\nSteel gripping it, you know that I tug the fo'\nStay splifted cause you know that I love the dro\n\n[Verse 2: Nas]\nThe style is taboo, the chain's offensive\nBrain on airplanes, Gucci frames are vintage\nThe two Tec Don in Yukon's and Benzes\nChicks who suck other chicks tits like infants\nThe Apprentice but not Trump, I'm the nigga with Glocks and pumps\nThat you don't see much, sucker free from chumps\nHomes with cobblestones in front of 'em\nHe's got guns in cummerbunds, so understand you under son\nDon't make me have you running from a hundred guns\nDon't make me grab your only son, I'm coming from\nA place Tanqueray and weed's the only escape\nFrom phonies who hate when you rolling with papes\nThat's why the god party with juicy models\nThey mob me, the gnarly, Charlie Luciano - hardly\nHave to tell y'all, I kill y'all for spitting songs that involve me nigga\nOriginal verbal assassin, have to carve me a nigga\n\n[Hook]\n\n[Outro]\nYo this is Nas, Queens own\nHip Hop Is Dead so put this shit in your vein\nQueens Own\nQueens Own", "image": "https://images.genius.com/ff6738f83747060eafd4a7af4964cd8f.1000x1000x1.jpg"}], "artist": "Nas"}