{"songs": [{"title": "One Mic", "album": "Stillmatic", "year": "2002-04-16", "lyrics": "[Produced by Chucky Thompson and Nas]\n\n[Intro]\nOne time, yeah, yeah\n\n[Verse 1]\nYo, all I need is one mic\nOne beat, one stage, one nigga front\nMy face on the front page, only if I\nHad one gun, one girl and one crib\nOne God to show me how to do things his son did\nPure, like a cup of virgin blood, mixed with\n151, one sip'll make a nigga flip\nWritin' names on my hollow tips, plottin' shit\nMad violence, who I'm gon' body? This hood politics\nAcknowledge it, leave bodies chopped up in garbages\nSeeds watch us, grow up and try to follow us\nPolice watch us, roll up, and try knockin' us\nOne knee I ducked, could it be my time is up?\nBut my luck, I got up, the cop shot again\nBus stop glass bursts, a fiend drops his Heineken\nRicochetin' between the spots that I'm hidin' in\nBlackin' out as I shoot back\u2014fuck gettin' hit!\nThis is my hood, I'ma rep to the death of it\n'Til everybody come home, little niggas is grown\nHoodrats, don't abortion your womb\nWe need more warriors soon\nSent from the stars, sun and the moon\nIn this life of police chases, street sweepers, and coppers\nStick-up kids with no conscience, leavin' victims with doctors\nIf you really think you ready to die with nines out\nThis is what Nas is 'bout, nigga, the time is now!\n\n[Chorus]\nYo, all I need is one mic..\nAll I need is one mic..\n(That's all I need)\nAll I need is one mic..\n(All I need niggas)\nAll I need is one mic..\n(Yeah)\n\n[Verse 2]\nAll I need is\nOne blunt, one page and one pen, one prayer\nTell God forgive me for one sin\nMatter of fact, maybe more than one, look back\nAt all the hatred against me \u2013 fuck all of them!\nJesus died at age 33, there's 33 shots\nFrom twin Glocks, there's 16 apiece, that's 32\nWhich means one of my guns was holdin' 17\n27 hit your crew, six went into you\nEverybody gotta die sometime, hope your funeral\nNever gets shot up, bullets tear through the innocent\nNothin' is fair, niggas roll up, shootin' from wheelchairs\nMy heart is racin', tastin' revenge in the air\nI let this shit slide for too many years, too many times\nNow I'm strapped with a couple of MACs, too many 9s\nIf y'all niggas really with me, get busy, load up the semis\nDo more than just hold it, explode the clip until you empty\nThere's nothin' in our way: they bust, we bust, they rush, we rush\nLead flyin', feel it? I feel it in my gut\nThat we take these bitches to war, lie 'em down\n'Cause we stronger now, my nigga, the time is now!\n\n[Chorus]\nAll I need is one mic..\n(That's all I need niggas, that's all I need)\nAll I need is one mic..\n(There's nuttin else in the world)\nAll I need is one mic..\n(That's all a nigga need to do his thing y'know)\nAll I need is one mic..\n(This is all I need...)\n\n[Verse 3]\nAll I need is one life, one try, one breath, I'm one man\nWhat I stand for speaks for itself, they don't understand, don't wanna see me on top, too egotistical\nTalkin' all that slick shit the same way these bitches do\nWonder what my secrets is, niggas'll move on you\nOnly if they know what your weakness is, I have none\nToo late to grab guns, I'm blastin' \u2018cause I'm a cool nigga\nThought I wouldn't have that ass done? Fooled you niggas\nWhat you call an infinite brawl, eternal souls clashin'\nWar gets deep, some beef is everlastin'\nComplete with thick scars, brothers knifin' each other up in\nPrison yards, drama, where does it start?\nYou know the block was ill as a youngster, every night it was like a\nCop'll get killed, body found in the dumpster\nFor real a hustler, purchased my Range, niggas throwin' dirt on my name\nJealous \u2018cause fiends got they work and complain\nBitches left me \u2018cause they thought I was finished, shoulda knew she wasn't\nTrue, she came to me when her man caught a sentence\nDiamonds are blindin', I never make the same mistakes\nMovin' with a change of pace\nLighter load, see now the king is straight\nSwellin' my melon, \u2018cause none of these niggas real\nHeard they were tellin' police, how can a kingpin squeal?\nThis is crazy, I'm on the right track, I'm finally found\nYou need some soul-searchin', the time is now\n\n[Chorus]\nAll I need is one mic..\n(Yeah, yeah yeah yeah)\nAll I need is one mic..\n(That's all I ever needed in this world, fuck cash)\nAll I need is one mic..\n(Fuck the cars, the jewelry)\nAll I need is one mic..\n(To spread my voice to the whole world, baby, uh)", "image": "https://images.genius.com/c47b115fd5b2e081e89d5d9e8fb9e91b.350x349x1.jpg"}], "artist": "Nas"}