{"songs": [{"title": "Money Is My Bitch", "album": "I Am...", "year": "1999-04-06", "lyrics": "{*Kissing*}\n\n[Intro]\nI love you so much, don't ever leave me, I won't let you leave\n\n[Verse 1]\nThe hoe turned me out, green eyes, had a crush on her\nSince 5 years old, met her, fell in love with her\nI saved that hoe 'cause she bring more hoes\nShe major yo, the way she left them other dudes cold\nHeartbroken, she walked right out of mad nigga's life\nSo when I bagged her up right, I had to make her my wife\nAnd I ain't gonna lose her like those other lames did\nI keep a stash safe kid, when I proposed it made her face big\nShe keep me jig, glorifying medallions\nGot me in clothes made by Italians, feed me lobster and scallions\nWatching her pile on my bed, her body feel stacked\nShe been around for years, know the hustlers, pimps, and macks\nBankers and diplomats\nShe the scratch on my back\nHer cream I lust, now I got her I don't know how to act\nWhen she not around, I'm heated, 'bout to lay something flat\nKnow how to treat it, never take for granted, she got me trapped\n\n[Chorus]\nMy money, money, money, my bitch is my money\nOhhh money you my honey\nMoney is my bitch\nOhhh money, money, money, love her cause she keep a nigga rich\nOhhh money you my honey, but I think she got me pussy whipped\nMy money, money, money, my bitch is my money\nOhhh money you my honey\nMoney is my bitch\nOhhh money, money, money\nYeah yeah that bitch treat me like a trick\nOhhh money you my honey, she says without her I can't be rich\n\n[Verse 2]\nAll the fun we have together, I keep you in my pocket\nIt's so much of you I share you, and speak to you in private\nYou got me karats on my wrist\nI'm a savage for your kiss\nEmbarrassed when I'm not with you, I'm off guard\nNiggas always expect to see us two together, stable\nThe best couple they seen since Trump and Marla Maple\nDon't need no pre-nup\n'Cause when we hump we do it up\nMake sure we both will bust a dollar sign nut\nBefore I got to know, my life I say was mediocre\nBreak of day, slinging all night long, fiending to stroke ya\nSeeing niggas with you I wasn't happy\nWanted to stick them up to get you, heard you calling for daddy\nAnd gladly I take you as my lawfully wedded wife\nNever divorce me, I promise to treat you right\nKeep you satisfied, never lie help you grow\nMy legal tender, lovely federal reserve note\n\n[Chorus]\nMy money, money, money, my bitch is my money\nOhhh money you my honey\nMoney is my bitch\nOhhh money, money, money, love her cause she keep a nigga rich\nOhhh money you my honey, but I think she got me pussy whipped\nMy money, money, money, my bitch is my money\nOhhh money you my honey\nMoney is my bitch\nOhhh money, money, money\nYeah yeah that bitch treat me like a trick\nOhhh money you my honey, she says without her I can't be rich\n\n[Verse 3]\nI won't sell my soul to you\nWhat do I owe to you?\nMy cars, my house, my flow to you\nScrew you, before you\nReal niggas said I was cool, now I got you\nThe envy me cause I'm with you\nYou floss too much\nTurn niggas out, one touch\nFor you, my guns bust\nYou always said in GOD we trust\nIt's hard enough to keep counting on you\nYou cheat with government thugs, got the IRS pounding on you\nI think I liked you better when you were illegal\nBut you had to get professional, musical\nNow when we fuck we use prophylactic, hard plastic\nStick you in ATM's, limited cash quick\nSaid you'd give me luxury, when I asked it\nFucking me, I gave you back shots in ya assets\nPromised happiness, but really did nothing for me\nI guess bitches like you just grow on trees\n\n[Chorus]\nMy money, money, money, my bitch is my money\nOhhh money you my honey\nMoney is my bitch\nOhhh money, money, money, love her cause she keep a nigga rich\nOhhh money you my honey, but I think she got me pussy whipped\nMy money, money, money, my bitch is my money\nOhhh money you my honey\nMoney is my bitch\nOhhh money, money, money\nYeah yeah that bitch treat me like a trick\nOhhh money you my honey, she says without her I can't be rich", "image": "https://images.genius.com/73b36e02ac974c8ab4a3cd49a9cf1794.1000x1000x1.jpg"}], "artist": "Nas"}