{"songs": [{"title": "On The Real (original)", "album": null, "year": null, "lyrics": "[NAS]\nYea (House of Hits)\nFinally up in this nigga\nOn the real, all you crab niggas know the deal\nOn the real, all you crab niggas know the deal\nTo my seed, May I lead you into no breed of evil\nIn the categories and stories I breed my sequel\nYou know the money, blues, blunts, broken 22's\nMonkey see, Monkey do\nA shorty sipping sunny dew\nNow its V.S.O.P. in a G.S. thats mad smokey\nMurder tree's, Crusin gun in the stash so it won't poke me\nUp in the Marriot, Suite 3010\nDon't make no noise cause we dirty, tell the hoes to hurry in\nWe got the room lit up with perfume, and mad boom\nAnd there's video taping of booming ass's on the zooming lens\nRolling on you non descript niggas\nYour marked for death like colombians with bad coke that gip niggas\nTilt the dutch, twisting up the uwee if your skilled enough\nIn Will we trust, salute the dead the nine mili's bust\n\nChorus\nOn the Real all you crab niggas know the deal\nOn the Real all you crab niggas know the deal 2x\n\n[K-L from ScrewBall]\nNow its verbal abuse cause the mic's in use\nThis is your sorry excuse\nGet your neck put in a noose\nK-L is quick to let loose, to make your blood count reduce\nOver the snare drum\nWe reproduce like cum\nImpregnating the track, making it fatter than it was\nGiving life to idea\nThrough the verse is what he does\n\n[Kamakazee a.k.a. KL]\nSee a close call about two clicks from my fortress\nWe rolling squad deep, on the Kawasaki hourses\nQueensBridge got the drop on you niggas trying to toss us\nWe metal down now its time to show these clowns who the boss is\nWe live for the shit, Ain't trying to take no lossess\nAccumalating to much cream for you to touch\nFucking welcome to my clutches, wipe the blood on off my chuckers\nFrom the ruckus\nYour gone and your crew still love us\nCan't call it, I'm in love with this good life shit\nI'm working with jewels, car, chicken clits, paying rent\nMurdered Presidents, running wild, stacking in piles\nOnyx pendants, and Rubied down shit from the nile\nKamikaze style, sought the antique three pound\nYo Nas, lets cop this brick and let the mobb supply the town\n\nChorus 2x\n\n[Cormega]\n(Play some treats on us)\nDrugs in my shirtsleeve\nThe side bubble converti\nEyes low cause the lye blow\nFive-oh know we dirty drive slow\nWrite a line sipping a glass of wine\nThe block is mine cause I am a live criminal mastermind\nWhen I rhyme, I perfect this, niceness, I'm blessed with\nExhale precise shine like cocaine white\nIts the life of Pablo, Escobar niggas I know\nWith diamond rolexes, that drive infinit's and lexus\nSo send my enemies a message\nMy Tommy Hilfiger vest, is bullet proof, so when niggas shoot\nI'm still protected\nSo never ask why I write so violent\nMy brain storm formed on a dorm in Rikers Island\nI remained calm while you tried to bite my style and\nWhen I performed niggas mic's went silent\nTo the kid who made my man Ill Will's blood spill\n(On the real)\nWhen I catch up to your ass you know the deal\n\n[Nas and Cormega]\nOn the real\n\nChorus 4x", "image": "https://images.genius.com/23061dd2dc7e863127db561906debd27.434x434x1.jpg"}], "artist": "Nas"}