{"songs": [{"title": "Something from Nothing Art of Rap Freestyle", "album": null, "year": "2012-06-15", "lyrics": "May laughter\nFor backstabbers\nTurn to tears faster\nFor you I wish no snakes would slither past ya\nYa have ta\nKeep your vision clear\nOnly a coward lives in fear\nMy surroundings, got only real powerful niggas here\nReal friends we have a code of ethics\nNo question\nNo feminine tendencies\nWe not expecting\nNo gossip\nNo phony logic\nNo counting your homey pocket\nSpare no expense\nFor legal defense\nIf your homey locked up\nWho cares who was the last who looked out?\nSelfishness\nThat's a character flaw\nNo holding out\nYo what happened to the honor?\nYou're dealing with\nSensitive prima donna drama\nTeflon love\nFor my dudes who solid", "image": "https://images.genius.com/23061dd2dc7e863127db561906debd27.434x434x1.jpg"}], "artist": "Nas"}