{"songs": [{"title": "Hey Young World", "album": null, "year": "2010-01-01", "lyrics": "[Intro]\nThe world is yours is something is, um, something I got from Slick Rick\nBack in the days, hey young world, the world is yours\nFrom the movie Scarface where, uh, his whole thing was the world is yours\nHe sort of bluntly said the world is yours out there in the sky\nHe looked at it, uh, something from god telling him, you know, the world is yours\n\nYeah, yeah, yeah (It goes)\n\n[Chorus: x2]\nHey young world... the world is yours\nHey young world... the world is yours\nYoung world young world... the world is yours\nYoung wo-ah-huh-huh-huh-urld (It goes)\n\n[Verse 1]\nYoung people are so special\nIt's so good what god blessed you\nDeath to unethical thoughts that surpress you\nLike diseases, they conjure up inside the test tubes\nTo stress you, beaurcratic genocide\nBut maybe I'm a wreck loose\nIt's just my observation as a whole\nHuman extermination, population control\nAssuming my generation is young and out of control\nBut y'all don't understand this\nY'all out of touch and y'all old\nI promise to stay in full, try to stay on course\nAnd right the wrongs of my father with my baby boy\nLife is full of problems, don't go away when ignored\nLife is long it's important that it's played like a sport\nEvery skyscraper you see started off as a thought\nAnd Ricky Walters told me that the world could be yours\nSo hey young world, yeah hey young world\nThe world is yours\n\n[Chorus: x2]\nHey young world... the world is yours\nHey young world... the world is yours\nYoung world young world... the world is yours\nYoung wo-ah-huh-huh-huh-urld (It goes)\n\n[Verse 2]\nYou could have been arrested\nLocked down doing 10 on a fed bid\nBut you home so your know you blessed, kid\nBut trust me, I know some people who are not as lucky\nCause on the small drug beef\nGone 15 years it must be\nConspiracy, a killer sees\nNo liberty or justice\nCongress talk nonsense\nIt's consignment for us hustlers\nThere's no 401k retirement for us hustlers\nIt's one way, until death\nWe die young, it's bum luck\nYoung bruh, tell me why you want war?\nTote a gun for, whoever to pump forth\nWith tough talk, get done off\nNew York City streets they carry the worst gun law\nBut still it's real, we do it with tools\nIt's ungod, under the code of hood, play your role\nAnd maybe you'll live to grow old\nKids and a wife and household\nSlow your roll before your soul\nEject from your body and you turn cold\nTake advice yo, take a higher road\nHey young world, yeah, hey young world, yeah (It goes)\n\n[Chorus: x2]\nHey young world... the world is yours\nHey young world... the world is yours\nYoung world young world... the world is yours\nYoung wo-ah-huh-huh-huh-urld (It goes)", "image": "https://images.genius.com/23061dd2dc7e863127db561906debd27.434x434x1.jpg"}], "artist": "Nas"}