{"songs": [{"title": "Accident Murderers", "album": "Life Is Good", "year": "2012-06-21", "lyrics": "[Produced by No I.D.]\n\n[Verse 1: Nas]\nYou cocked back\nYou thought you had it planned, you thought you had your man\nHe saw you coming, he ran when you tried to blast that man\nYou missed him by inches, he sprinted\nSome of his boys on the corner was who your bullets entered\nTwo of 'em pull through but one didn't, son's finished\nYou took the life of him\nThe part about it that's crazy, you was aight with him\nTight with him, why was he in the way?\nWhy was he standing next to the enemy that specific day?\nHis style never hollas loud, stays reclusive\nGood dude, got that look like he always about to do shit\nSide of his mouth toothpick, one eyebrow raised\nGot into it with dude who still tried to live out his old wild out days\nThey never had no probs\nSomehow they rubbed each other wrong like a bad massage\nThese two different personalities had to collide\nNiggas could not aim and innocent niggas died\nYou ask why, cause of a\n\n[Chorus: Nas]\nAccident murderer, act like you killed on purpose\nLiars brag, you put work in\nYou ain't mean to murk him, your gun's a virgin\nStreets are full of 'em, read the bulletin\nAccident murderer\nYou just an accident murderer\n\n[Verse 2: Rick Ross]\nWe grew up doing graffiti, now hollow heads getting heated\nSeated in foreign cars, constantly getting weeded\nProceeded to count profits, I know they got on binoculars\nBut fuck em all, we balling 'til they come lock us up\n20 to life; I'm clubbing, blowing 20 tonight\nWe the mob, Bob Marley Marlin' all through the night\nAddicted to wealth, never cold turkey to war\nSnatch a TEC off the shelf, live forever; that's Insh'Allah\nMemoirs of a rich nigga\nSweat suits, gold chains, old drug dealers\nNew Benz, chrome rims are for show, killer\nYou niggas accidental, shoppers in back of the limo\nPay your tithes, stay alive, can't be dodging my clique\nCut a check; I use your bitch for some bargaining chips\nIn a hole, sell your home, nigga go sell your soul\nThis forty-five in control, God forgives and I don't\n\n[Chorus: Nas]\nAccident murderer, act like you killed on purpose\nLiars brag, you put work in\nYou ain't mean to murk him, your gun's a virgin\nStreets are full of 'em, read the bulletin\nAccident murderer\nYou just an accident murderer\n\n[Bridge: Nas]\nAccident murderer\nAccident murderer, you just an accident murderer\n\n[Verse 3: Nas]\nYo, for my nigga that got killed, got hit up\nVodka spills on the concrete, light a swisha, we miss ya\nAnd for that girl who never made it home, shot in the dome\nHow they gon' kill that beautiful sister?\nViolent adolescents, homicidal with weapons\nNot a lot of knowledge inside of they minds, that I'm guessing\nTell me who you impressing\nShooters I knew them when they was babies, I used to test them\nMake em throw up they hands, choke 'em out playing wrestling\nWatch em grow to a man, I see them now they repping\nBut they cold-blooded, homie, wondering where the respect went\nCan't play with these little niggas, gangsta little niggas\nCan't hang with these little niggas, they're killing, they're reckless\nWish I could build with him, but will he change really?\nSome real killers, I think of Wayne Perry\nThink of my nigga Drawz, but you aren't a name to me\nYou ain't mean to kill him, it wasn't necessary\n\n[Chorus: Nas]\nAccident murderer, act like you killed on purpose\nLiars brag, you put work in\nYou ain't mean to murk him, your gun's a virgin\nStreets are full of em, read the bulletin\nAccident murderer\nYou just an accident murderer", "image": "https://images.genius.com/d77829b400779c24c98b27bec8d6bfda.800x800x1.jpg"}], "artist": "Nas"}