{"songs": [{"title": "The Black Bond", "album": "Life Is Good", "year": "2012-07-17", "lyrics": "[Produced by Salaam Remi]\n\n[Verse 1]\nI pull a string on the lamp and shit darkens\nI'm living in an elegant Moroccan apartment\nProletarian chicks sparking\nConvo weak and I don't really care for her jargon\nBalcony is windy, looking at the stars and\nAlky on the Henny, woozy in the head, wobbling\nGucci pillow on the bed, while she giving nogging\nListening and tripping off the Maxwell album\nThinking I should leave to a European island\nBristol and Spain, bring a book about Stalin\nDinner serenaded with a violin\nBut shorty not qualified to be took to that kind of outing\nGotta be a fly bitch to hang around that fly shit\nFine dining Olive Garden\nNah bitch, Nas is In the real deal\nFood spots on the constant\nPick the right wine, a Chianti to wash it\nLifestyle encompasses top-notch watches\nRolexes, synonymous shit I'm copping\nAsk her has she been around duffle bags\nFull of that fuck you cash\nGet off the jet with me in heels, I'll cup your ass\nLooking in my eyes saying \"Nas, you're one lucky bastard\"\nGrip your clutch, you'll get finger fucked in the passenger\nI hit the dutch, blow smoke out, music and laughter\nSee us in the coupe flying passed ya\n\n[Verse 2]\nEsco, dress code, it changes\nHarrods in England\nBack to the star spangled labels in my closet hanging\nCounting wonder in the Tundra\nGet humbled or disgruntled when I come through, confront ya\nLet nothing slide, sly remarks, you must wanna die\nBut you fronting, why? When we all know you pumpkin pie\nWhen we in the bus we fly better shit than Emirates\nTo Dubai, to the Chi, I'm a crucial conflict\nHeaven sent, cause a storm, typhoon flood you out\nYou are what a thug about, I'm a fucking juggernaut\nNever sleep, never tire, keep a freak I tie up\nWho don't speak, she quiet\nSo I can think, conspire\nOn my feet's a (?), and sometimes sneakers\nWear ties at the Setai Miami\nTime-pieces are from Zurich\nIt\u2019s like I'm allergic, to Nonoxynol 9\nGive it to you raw so you can feel it", "image": "https://images.genius.com/d77829b400779c24c98b27bec8d6bfda.800x800x1.jpg"}], "artist": "Nas"}