{"songs": [{"title": "Ether (Unreleased Edition)", "album": null, "year": null, "lyrics": "[NOTE: Lyrics are not complete]\n\n[Verse 1]\nSo you call yourself a god MC, J-Hova\nDrunk the glass of blasphemy and forgot to pray over\nYour game's over\nCrossed the warpath of a brave soldier\nYou're a makeover\nMy protege trying to Takeover\nI was the shepherd that led you\nBut you bit the hand that fed you\nMad 'cause since I met you I never did respect you\nAnd as hard as it seems\nYou know that I fathered your dreams\nYou was a groupie always begging to be part of my team\nAnother case of a boy and his teacher\nI was the first to poison your speakers\nSo kill all that noise that you're preaching\nI understand, all your plans to underhand\nAired threats of you pullin' my card next Summer Jam\nLet me make this clear Hova\nYou had my left overs\nShe told me your little problem of the day when you slept over\nBut that's another subject homey\n[?] you phony\nI'm coming to collect the debt from the years that you owe me\nSo what you capitalized, only cause I allowed\nI'm taking aim at your dome\nAnd reclaiming my throne\nWho said I that I ain't still nasty?\n\n[Verse 2]\nHow you planned on facing\nThe half man half-amazing\nDon't need a fam', Nas is a one man invasion\nClaim you hot but you flopped with your R.O.C-familia\n'Cause real recognize real and you're not familiar\nCall yourself gangsta' but you were begging for pardon\nThat night in Carbon, when Terror Squad flipped on your squadron\nTried to front on their checks\nTill Pun put a gun to your chest\nYou said it yourself dog, Nas is one of the best\nDon't need to search for some dirt to expose you\nI leave it up to the flow dispose you\nWhen I oppose you\nThis is it, I'm calling ya'\nCome out and play like \u201cwarriors\u201d\nStudied my blueprint then pieced together your formula\nGuess the knowledge I speak too deep to follow\nThat's why your stomach too weak to swallow\nThe real truth that Nas is the greatest of all timers\nFuck skeletons, keep only weaponry in my closets", "image": "https://images.rapgenius.com/6cde751acc067568daf47b33aac67d8d.1000x1000x1.jpg"}], "artist": "Nas"}