{"songs": [{"title": "Teenage Thug", "album": "QB's Finest - Nas & Ill Will Records Presents: Queensbridge the Album", "year": null, "lyrics": "[Nas]\nDon't hurt nuttin..\n\n[Hook]\nA teenage thug (you can't tell them shit)\nA teenage thug (nigga just chasin his dick)\nA teenage thug (he want the world to recognize)\nA teenage thug (he's a man now, fuck his size)\nA teenage thug (can't stop him, they on the rise)\nA teenage thug (the court of law despise)\nA teenage thug (wanna fuck and puff lie)\nA teenage thug\n\n[Nas]\nDreams of bein a doctor will deteriorate\nTakin over the underworld was a clearer fate\nLuxury cars, a hundred girls at my face\nLaced the name brand, had my game plan mapped out\nLost respect for those cracked out\nMost of my elders were failures\nTo the poison that killed Len Bias from bein Celtic\nThe later I would hang, the greater my slang\nIt took my english, replaced it with game\nOnly cared about, sneakers and two-two bullets\nInfluenced by the hood, wasn't scared to pull it\nDared to do what I would\nFirst blunt they passed me tasted nasty\nThen overwhelmed in the spell the blunt had me\nEyes red, pants saggin\nMy first dime cut me off for braggin\nThat we was home alone tappin\nExperimentin liquors, doin mixes, feelin sicker\nFinish the Henn, throw the bottle, hope it hit ya\n\n[Nas]\nBlacked out, I can't see shit sober, not the least bit\nHold your head little man, y'all can't tell me shit\nTry to knock the pants off shorty, my hair just cut\nMy Timbs just bought, the chain I sport I floss\nThugs walkin through the block party, hands on my drawers\nPoppin cham' corks, posin like the man of New York\nTalk to this hottie with my niggas who quick to blast you\nIf you old cats, to these niggas, they harass you\n\n[Millenium Thug]\nHey yo cuz, growin up, I almost shattered my plans\nSome might say, I'm young at heart, but I'm a grown-ass man\nGivin food to my fam, damn, remember the first time\nA street thug showed me how to pitch dimes\nOnly twelve in this hell where kids die\nI want bricks off the scale and just slide, and let my shit fly\nMy Range shift by, I peel the road up\nWith my shirt up, sweatin, with the ice restin on my chest\nWild as a teenage thug\n\n[Hook]\n\n[Millenium Thug]\nLivin and lovin this life, cap peel pump niggas\nAnd since these thugs is trife, give 'em dap for that\nYo where your mack at? I got mine\nTwist weed pop wine shift finds, at the end of the night, it's all fine\nLivin and lovin, cash stack cousin\nYo' own fam blitz so quick, put clips through whips\nSix type shit let you hold it, ice roll with\nTwenty below with gat golden, my hand look swollen\nUnder my glove shit rocky\nUnless somebody in my life try to stop me, get popped papi\nA breddern, straight to the head that my medicine\nNo fam of mine do time, we crime settlin\nDeliverancy unbelivable, Na'shon tracks smash people\nI chill up in the regal Eagle\nAnd plus it clap happy all of them hoes that's born happy\nI rip nappy, nature's to cut the roof off of Caddies\nYou see me?\n\n[Hook w/ variations]\n\n[Nas]\nDon't hurt nuttin\nDon't-don't-don't, don't, don't hurt nuttin\nDon't hurt nuttin\nDon't-don't-don't, don't, don't hurt nuttin\nDon't hurt nuttin\nDon't-don't-don't, don't, don't hurt nuttin\nDon't hurt nuttin\nDon't-don't-don't, don't, don't hurt nuttin\nDon't hurt nuttin\nDon't-don't-don't, don't, don't hurt nuttin\nDon't hurt nuttin\nDon't-don't-don't, don't, don't hurt nuttin\nDon't hurt nuttin\nDon't-don't-don't, don't, don't hurt nuttin\nDon't hurt nuttin.. {*fades out*}", "image": "https://images.genius.com/0f9769d8dcc0630bf3631c07688bcfb5.600x600x1.jpg"}], "artist": "Nas"}