{"songs": [{"title": "Life Is What You Make It", "album": "I Am...", "year": "1999-04-06", "lyrics": "[Intro: Nas]\nYo Ill Will, Ruff Ryders\nWhat what, straight like that\n\n[Verse 1: Nas]\nYou a killer or a hustler, dealer or customer\nGangsta or buster, youngster or old nigga\nA weed head, a coke sniffer\nYou rich or a broke nigga\nKnow you all relate to this shit that I wrote niggas\nLots of my mans trapped up in a max\nPenitentiary, sending me letters I answer back\nThat eventually, we all be Bentley'ed out\nThrowing campaigns, fuck it I'm running for White House\nMy niggas control Senate, pipe seats, Jeeps tinted\nMad Lewinsky chicks, some kinky shit\nDid dirt now I knew it would come back one day\nSo I'm on point, strapped, prepare for gunplay\nStared at one face, thought it was beef he looked familiar\nReady to blast, nigga gave me daps said I feel ya\nCan't believe how my life changed\nFrom the hood, the first time in my life\nI can say I did the right thing\n\n[Chorus: Nas (DMX)]\nLife is what you make it nigga, I'ma make it\nNo matter what it takes my nigga, we gon' take it (uh)\nLife is what you make it nigga, I'ma make it\nNo matter what it takes my nigga, we gon' take it (uh-huh)\nLife is what you make it nigga, I'ma make it\nNo matter what it takes my nigga, we gon' take it (uh)\nLife is what you make it nigga, I'ma make it\nNo matter what it takes my nigga, we gon' take it (uh-huh)\n\n[Verse 2: DMX]\nUh, uh, uh, uh, uh\nEveryday shit, around the way shit got me stressed (what)\nSo I keep on the vest in case a nigga wanna test (uh)\nI got no time for games 'cause I'm all grown up\nYou wanna joke nigga? Laugh when you get blown up (come on)\nSee how funny it is when your kids ain't got no father\nCause you played it sweet now you floating in the harbor (for real)\nShit is hectic so respect it for your health (what)\nDidn't think it was right, you should've checked it yourself (come on)\nLife is too short to get caught up in some dumb shit\nWake up one day, 40 years old on some bum shit\nTime flew by, you was too fly to see the light\nEveryday it's getting darker then comes the night\nNow what? (what) Realize that you ain't got shit (uh)\nNot long ago you was the man on some hot shit\nSo just peep the flow yo, 'cause you already in this\nMake sure your shit is right kid and handle your business (uh huh)\n\n[Chorus: Nas (DMX)]\nLife is what you make it nigga, I'ma make it\nNo matter what it takes my nigga, we gon' take it (uh)\nLife is what you make it nigga, I'ma make it\nNo matter what it takes my nigga, we gon' take it (uh-huh)\nLife is what you make it nigga, I'ma make it\nNo matter what it takes my nigga, we gon' take it (uh)\nLife is what you make it nigga, I'ma make it\nNo matter what it takes my nigga, we gon' take it (uh-huh)\n\n[Verse 3: Nas]\nMake history before you go\nFuck the misery, you living po' we gettin dough\nExcept the dollars other reasons why I'm living yo (why?)\nTime is valuable\nLow and behold the young, black, and powerful\nGot to eat yo, everyday my daughter feet grow\nYou wack and cheap with the doe, my heat could blow\nPaying doctors when I'm born, a preacher if I'm buried\nThat's why cash is needed for my kids to inherit\nGotta pay just for living, tax life is a bid'ness\nIf you catch a bad deal, watch your life diminish\nDeals made by God and the Devil, and we in it\nPawns in the game, can't complain or say shit\nJust strap up and hold on, hope for the best\nPrepare for the worst, no fears no nothing on earth\nNo tears if I'm dumped in a hearse, I won't be the first\nNor the last, nigga, let's get this cash, nigga\n\n[Chorus: Nas (DMX)]\nLife is what you make it nigga, I'ma make it\nNo matter what it takes my nigga, we gon' take it (uh)\nLife is what you make it nigga, I'ma make it\nNo matter what it takes my nigga, we gon' take it (uh-huh)\nLife is what you make it nigga, I'ma make it\nNo matter what it takes my nigga, we gon' take it (uh)\nLife is what you make it nigga, I'ma make it\nNo matter what it takes my nigga, we gon' take it (uh-huh)", "image": "https://images.genius.com/73b36e02ac974c8ab4a3cd49a9cf1794.1000x1000x1.jpg"}], "artist": "Nas"}