{"songs": [{"title": "2nd Childhood", "album": "Stillmatic", "year": "2001-12-18", "lyrics": "[Intro]\nYeah, hahaha\n\"When I flow for the street..\" - \".. who else could it be\"\n\"Nas..\"\n\n[Verse 1]\nYo, explode, my thoughts were drunken from quarts of beers\nWas years back, before Nasir would explore a career in rap\nAs a music dude, I mastered this Rubik's Cube\nGodzilla, fought Gargantua, eyes glued to the tube\nWas a, long time ago, John Boy Ice\nGeronimo po-lice jumpin' out Chryslers, e-z wider paper\nPops puffin' his cess, punchin' his chest like a gorilla\nOutside was psychoes, killers\nSaw Divine, Goon, and Chongo, Lil' Turkey\nR.I.P. Tyrone, 'member no cursin front of Ms. Vercey\nBig Percy, Crazy Paul, the Sledge Sisters\nMy building was 40-16, once in the blue, hallways was clean\nI knew, all that I'd seen had meant somethin'\nLearned early, to fear none little Nas was huntin'\nLivin carefree laughin', got jokes on the daily\nY'all actin' like some old folks y'all don't hear me\nYo, I'm in my second childhood\n\n[Chorus: scratches by DJ Premier]\n\"When I flow for the street..\" - \".. who else could it be\"\n\"N-A-S\" - \"Nas..\"\n\"Resurrect, through the birth of my seed..\" - \"Queensbridge\"\n\"Make everything right..\" - \"Get yours, nigga\"\n\"When I flow for the street..\" - \".. who else could it be\"\n\"N-A-S\" - \"Nas..\"\n\"Resurrect, through the birth of my seed..\" - \"Queensbridge\"\n\"Make everything right..\" - \"Get yours...\"\n\n[Verse 2]\nYo, dude is 31, livin' in his moms crib\nEx-convict, was paroled there after his long bid\nCornrows in his hair, still slingin', got a crew\nThey break his moms furniture, watchin' Comicview\nGot babies by different ladies high smokin' L's\nIn the same spot he stood since eighty-five, well\nWhen his stash slow, he be crazy\nSay he by his moms, hit her on her payday\nJunior high school dropout, teachers never cared\nThey was paid just to show up and leave, no one succeeds\nSo he moves with his peers, different blocks, different years\nSittin' on, different benches like it's musical chairs\nAll his peoples moved on in life, he's on the corners at night\nWith young dudes it's them he wanna be like\nIt's sad but it's fun to him, right? He never grew up\n31 and can't give his youth up, he's in his second childhood\n\n[Chorus: scratches by DJ Premier]\n\"When I flow for the street..\" - \".. who else could it be\"\n\"N-A-S\" - \"Nas..\"\n\"Resurrect, through the birth of my seed..\" - \"Queensbridge\"\n\"Make everything right..\" - \"Get yours, nigga\"\n\"When I flow for the street..\" - \".. who else could it be\"\n\"N-A-S\" - \"Nas..\"\n\"Resurrect, through the birth of my seed..\" - \"Queensbridge\"\n\"Make everything right..\" - \"Get yours...\"\n\n[Verse 3]\nBaby girl she's always talkin', name droppin', hangin' late\nDrinkin', smokin', hates her baby daddy, craves shoppin'\nE poppin' Ecstasy takin', won't finish her education\nBest friend she keeps changin', stuck with limitations\nLustin' men, many hotels, Fendi, Chanel\nWith nothin' in her bank account frontin' she do well\nHer kid suffers he don't get that love he deserve\nHe the Sun, she the Earth, single mom, even worse\nNo job never stay workin', mad purty\nShorty they call her the brain surgeon\nTime flyin', she the same person\nNever matures, all her friends married doin' well\nShe's in the streets yakkety yakkin' like she was 12\nHoney is twenty-seven, argues fights\nSelfish in her own right for life\nGuess she's in her second childhood\n\n[Chorus: scratches by DJ Premier]\n\"When I flow for the street..\" - \".. who else could it be\"\n\"N-A-S\" - \"Nas..\"\n\"Resurrect, through the birth of my seed..\" - \"Queensbridge\"\n\"Make everything right..\" - \"Get yours, nigga\"\n\"When I flow for the street..\" - \".. who else could it be\"\n\"N-A-S\" - \"Nas..\"\n\"Resurrect, through the birth of my seed..\" - \"Queensbridge\"\n\"Make everything right..\" - \"Get yours...\"\n\n[Outro]\n\"Who else could it be..\" - \"N-A-S\" - \"Nas, Nas..\"", "image": "https://images.genius.com/b568e8d559c7ba98ef485809d81c1d79.1000x1000x1.jpg"}], "artist": "Nas"}