{"songs": [{"title": "You Know My Style", "album": "Street's Disciple", "year": "2004-06-29", "lyrics": "[Verse 1: Nas]\nCup'a Hen', cup'a Goose, cup'a Cris'\nWhite chain, colored watch on a wrist\nSwitch lanes in monster whips, ambience\nSpecially dressed, guess who? -- Nas, it's obvious\nStep to bars, we just order dark liquors\nClear liquors, y'all niggas are s-e-x\nYes we get respected, eclectic messages\nLeft our brains, straight into a female's estrogen\nShe feels electric, her breasts she's touchin' them\nWet 'tween the legs from this thug seduction\nN-a-s, bend they ass, over-spank it\nWhisperin' she loves intelligent gangstas\nCall fatties 'bubbles', call head 'skull'\nBefore I get either I need some Red Bull\nShe'll scream as I pushed in her freezing cold pool\nWhen she piss she gon' bleed in the whole stool\nThat's how much I wanna bang and touch her pretty thing\nWon't pluck no chicken wing, don't fuck with just anything\nGotta come up, run up and get touched up\nSuicide, that's if you confront us\n\n[Hook]\nDon't talk, just hold your breath (breath)\nBeen here a while, only one nigga left (left)\nAnd all'a y'all know my style (style)\nI spend dough but I still let it pile (pile)\nMama shake ya thing\nCoochie get wet while the bass beat bang (bang)\nYou put it on and on and on and on\nEverybody talkin' 'bout the new Nas song\n\n[Verse 2: Nas]\nUh, from a boy to a king\nLove to rock diamonds and fancy rings\nI'm a thoroughbred, real heavy mayn\nI'm fuckin' something tonight that's on everything\nFellas who beat bodies with me\nKidnappers and stick-up kids, they all poli' with me\nPop bottles with me, button-up shirts and throwbacks\nOld cats only roll when I'm in the city\nAnd the dance floor it's disgustin'\nMove your waistline to the basic percussion\nI'm that, cool laid-back don who won't say nuttin'\nAnd laugh when a nigga start frontin'\n\n[Hook]\n\n[Verse 3: Nas]\nRock Tims, rock Chucks, rock Bapes\nHer light eyes, pretty lips, fly face\nFirst you said you would spread for me in an instant\nSee me with the next chick, now you act different\nPower of the stick shift, now I embarrass her\nPlay your position, you way outta character\nDo the knowledge, graduated hood college with honors\nPay homage to Nas, Dickies and Converse\nOn the eyes shades in the nighttime regardless\nThe army's so thick you can't harm us\n\n[Hook]", "image": "https://images.genius.com/65c98702fc773f6dafd41563fe5c5485.500x500x1.jpg"}], "artist": "Nas"}