{"songs": [{"title": "On The Road Again", "album": "American Epic: The Sessions", "year": "2017-05-12", "lyrics": "[Verse 1]\nI wouldn't marry a black woman here's the reason why\n(Why)\nBlack women's evil, do things on the sly\n(No)\nYou look for your supper to be good and hot\n(Hot)\nShe never put the neck bone in the pot\n\n[Hook 1]\nShe's on the road again\n(Just as sure as you're born)\nLord, a natural-born eastman\n(She's on the road again)\nShe's on the road again\n(Just as sure as you're born)\nLord, a natural-born eastman\n(On the road again)\n\n[Verse 2]\nI went to my window, my window was propped\nI went to my door, my door was locked\nI stepped right back, I shook my head\nA big black nigga's in my folding bed\nI shot through the window, I broke the glass\nI never seen a little nigga run so fast\n\n[Hook 2]\nHe's on the road again\n(Just as sure as you're born)\nLord, a natural-born eastman\n(On the road again)\nHe's on the road again\n(Just as sure as you're born)\nGod, a natural-born eastman\n(On the road again)\n\n[Verse 3]\nYour friend at your house just to rest his hat\nNext thing he wanna know where your husband's at\nShe says \"I don't know he's on his way to the pen\"\nCome on mama, let's get on the road again\n\n[Hook 3]\nShe's on the road again\n(Just as sure as you're born)\nLord, a natural-born eastman\n(She's on the road again)\nHe's on the road again\n(Just as sure as you're born)\nLord, a natural-born eastman\n(On the road again)\n\n[Verse 4]\nI'm with my black woman let me tell you\n(Why)\nBlack women's evil, do things on the sly\n(No)\nYou look for your supper to be good and hot\n(Hot)\nShe never put the neck bone in the pot\n\n[Hook 1]\nShe's on the road again\n(Just as sure as you're born)\nLord, a natural-born eastman\n(She's on the road again)\nShe's on the road again\n(Just as sure as you're born)\nLord, a natural-born eastman\n(On the road again)\n\n[Outro]\nYeah!\nUh-huh\nYeah", "image": "https://images.genius.com/03ebaa2577c1b04eef67f029b56d79b8.500x500x1.jpg"}], "artist": "Nas"}