{"songs": [{"title": "Summer On Smash", "album": "Life Is Good", "year": "2012-07-12", "lyrics": "[Produced by Swizz Beatz]\n\n[Intro: Miguel & Nas]\nBad bitches, champagne wishes\nFreaks only, baby -- let me take pictures\nLife is good, life is good, life is good\nLife is good, life is good\nLife is good, li-life is good\nSwizzy!\n\n[Chorus: Swizz Beatz & Miguel]\nC\u00ceROC on splash (splash), summer on smash (smash)\nTop all gone, got the on summer on smash\nTank top on (on) summer on smash\nMy neck got a whole lot of glass\nGot the summer on smash, summer on smash\nY\u2019all know who got the summer on smash (WE DO!)\nLook at baby girl showing that ass\nShould let the world know that summer on smash\nGot the summer on smash, summer on smash\nLife is good, life is good\nEverybody get the summer on smash\nLife is good, li-Life is good\nWe got the summer on smash (smash)\nSummer on smash (smash)\nY'all know who got the summer on smash\nLife is good! (we do!)\n\n[Verse 1: Nas]\nGot the summer on smash, eighteen karats\nLil' overweight, hit the gym\nLet's go get the abs in\nLouis belt hangs on the waist, it ain't even fastened\nI'm trying to get every number from every woman passing me by\nShe's fly; Black, Asian, Boricua\nItalian, mixed chicks, Middle Eastern\nEritrean, Ethiopian, how you opening?\nJust rolled four with them, 'bout to smoke again\nRose-gold Rollie, riding the top down\nHow does Pucci bathing suits on a yacht, sound?\nSend a massive Email to the females\nTell 'em where to meet us, give 'em the details\n\n[Chorus: Swizz Beatz & Miguel]\nC\u00ceROC on splash (splash), summer on smash (smash)\nTop all gone, got the on summer on smash\nTank top on (on) summer on smash\nMy neck got a whole lot of glass\nGot the summer on smash, summer on smash\nY\u2019all know who got the summer on smash (WE DO!)\nLook at baby girl showing that ass\nShould let the world know that summer on smash\nGot the summer on smash, summer on smash\nLife is good, life is good\nEverybody get the summer on smash\nLife is good, li-Life is good\nWe got the summer on smash (smash)\nSummer on smash (smash)\nY'all know who got the summer on smash\nLife is good! (we do!)\n\n[Verse 2: Nas]\nWe got the jam here, check it\nIt's the summertime, women damn near naked\nIt's single season, they choosing who to mess with\nI just smashed another belt for the record, respect it\nNas get you out your seats, play this in your Jeeps\nMy people in the streets, I make it feel like it\u2019s the beach\nMy goons close by, I'm daring one of y'all to reach\nI\u2019m protected like the President, ain't gotta give a speech\nGot a compass on the wrist, Illmatic on the feets\nAnd they ain't even out yet, she like C\u00ceROC peach\nChain-smoke cigars, count a whole lot of cash\nAnd y\u2019all already know who got the summer on smash\n\n[Chorus: Swizz Beatz & Miguel]\nC\u00ceROC on splash (splash), summer on smash (smash)\nTop all gone, got the on summer on smash\nTank top on (on) summer on smash\nMy neck got a whole lot of glass\nGot the summer on smash, summer on smash\nY\u2019all know who got the summer on smash (WE DO!)\nLook at baby girl showing that ass\nShould let the world know that summer on smash\nGot the summer on smash, summer on smash\nLife is good, life is good\nEverybody get the summer on smash\nLife is good, li-Life is good\nWe got the summer on smash (smash)\nSummer on smash (smash)\nY'all know who got the summer on smash\nLife is good! (we do!)\n\n[Verse 3: Miguel]\nI gotta do something kinda unexpected, huh?\nBad bitches, champagne wishes\nFreaks only baby, let me take pictures\nSkin, sin, wait, do you know whose pool you're in?\nBeaches in Brazil, steaks on a grill\nYour body is a weapon that you can\u2019t conceal\nReal make money when the freaks call\nSummer on Mars, it\u2019s totally Total Recall\nLike, pura vida, she wanna flyyyy\nCaliente, mami vente, vente comigo, ayooooooooooooo\n\n[Chorus: Swizz Beatz & Miguel]\nC\u00ceROC on splash (splash), summer on smash (smash)\nTop all gone, got the on summer on smash\nTank top on (on) summer on smash\nMy neck got a whole lot of glass\nGot the summer on smash, summer on smash\nY\u2019all know who got the summer on smash (WE DO!)\nLook at baby girl showing that ass\nShould let the world know that summer on smash\nGot the summer on smash, summer on smash\nLife is good, life is good\nEverybody get the summer on smash\nLife is good, li-Life is good\nWe got the summer on smash (smash)\nSummer on smash (smash)\nY'all know who got the summer on smash\nLife is good! (we do!)\n\n[Outro: Miguel]\nLife is good, life is good\nLife is good, li-life is good!", "image": "https://images.genius.com/45f91df35c8401e4bc8342304de2e558.1000x1000x1.jpg"}], "artist": "Nas"}