{"songs": [{"title": "Squeeze", "album": null, "year": null, "lyrics": "[Intro: Nas]\nSqueeze!\nSqueezin' on ya; real niggas creepin' on ya\n\n[Verse 1: Nas]\nI got cream, some ganja trees, and fronto leaves\nHonda bikes, diamond dykes, rubbin' me, lovin' me\nDon't let my seed hear this, cover her ears\nReal shit; no surrender, no fear, we pioneers\nOf all this ice shit, biscuits, and tight whips, rims\nBangin' blends in the S-Class, half a thousand\nSlap pounds with cats who shot down shit\nReal niggas who stay around chips, and down Cris\nSips of Henny; chicks who bless you, finessin' it, professional\nSlob with ice cubes, just like Vanessa do\nReppin Q, smoke amazing Thai\nShit that givin' you triple Asian eye\nYeah, bitch, a nigga stayin' fly\nFrom tube socks and Timbs, to blue rocks, a Benz\nWho got the ends?\nThe type'll make 2Pac [?]\nTo all niggas who shine; yes, who got revenge\nI won't showboat, my flow choke you\nAnd if it don't, the fo' fo'll smoke you\nLeft your seed reminiscin' on ya\nMC's I'm pissin' on ya\nShine cause my chips are longer\nIt's gremlins I'm sic'n on ya\nShots your dodgin'\nWhile Esco could rock the whole fuckin' Garden\nReal niggas always gon' play this shit..", "image": "https://images.genius.com/23061dd2dc7e863127db561906debd27.434x434x1.jpg"}], "artist": "Nas"}