{"songs": [{"title": "Hardest Thing Is to Stay Alive", "album": null, "year": null, "lyrics": "So many niggas get fucked up in the game\nSee that's where they get caught out there in that word \"Game\"\nCause its not no fuckin game\n\nWhen you hear shells coming at cha\nHot Ones from a shotgun I bet nigga runs faster\nLoose a shoe to get away from a blaster\nThink about that casket you don't wanna be in that shit\nQuick to take his signin you taking every bodies package\nMoney over Bitches was a loyal practice\nSo you act as if money was no object\nSpinin 5 zues trips for your whole projects\nEpcot center linins for ya bitches, roli's for dogs\nNow we in the mall slayin by his bitches\nEveryday I reminiscing how he was living having fun\nCause any day could have led to prison\nNot for a short bid cause if the feds ever caught kid\nIt be like 25 years conspiracy\nAnother 25 for rico snatching up him and his people\nHe had his jeep bullet proof with silencers on the desert eagle\nFlipping bricks in Gary Indiana\nHe had it locked down from the streets to the slammer\nOnly trusted Two things his trigger and his hammer\nUsed to be a bum till had a six month run\nHad a law suit three G's the case was won\nMet with Mexican hoya cop boya\nBought barber shop named it after c shaday\nThere where they found his body\nIn a barber chair face down, bullets in his chest\nSliced apart from the waist down\nPlanned to sell his shop stick hoya for everything he got\nTake jewels and his 5\nThen his shoes where cemented\nDrop his body in the tide but hoya was wise\nEven when he ain't around he got ears and eyes\nGotta stay a step ahead of this game to stay alive\n\nChorus (X2)\n\nAlways wanted things always wanted cash\nTo Live fast get the girls with tha biggest ass\nFuck her 9 to 5 gotta drive a 5\nNow that I got it the Hardest Thing To Do Is Stay Alive\n\nCoke head Saundra she grew in Gruwana\nHer man was large and Saundra was his baby mama\nStayed in drama Fighting with hood rats that he was fucking\nNo job all day she did nothing\nThey son was 7 years old, she really was a wifey\nFirst should she would transport blow overnight for a G\nHe paid up front they laid up once\nShe got pregnant she would dead it\nShe had a boy, named her son infinite after his father who did dirt\nShe didn't noses after would follow\nCapsules and bottles and crack in the back of his baga\nHe let her drive while he drove the burgandy 5\nHe often talked about how he wants to murder these guys\n]From off of burger street, had nat workin the street\nLifestyle richest nigga from how he use to be\nNever thought he'd rock diamonds never took weakness for kindness\nThat's how he gradually grew\nDid a Favor for a favor now the nigga in with the crew\nAnd Now he live major house in dix hills next to Brook Shields\nWith the cook and the maid shit was real\nSaved his first bill, maid, and his bodega\nGood Luck playa sign on the paper taped to the window\nEscaped from a would be kidnap\nAnd slept and thought niggas fearless rep until he got wet\nWould had the world in his hands his girl did a scam\nThe owners rich is boning niggas to get rid of her man\nWelcome To The Game Baby\n\nChorus (X2)\n\nThe Hardest Thing To Do Is Stay Alive...\nThe Hardest Thing To Do Is Stay Alive...\nThe Hardest Thing To Do Is Stay Alive...", "image": "https://images.genius.com/23061dd2dc7e863127db561906debd27.434x434x1.jpg"}], "artist": "Nas"}