{"songs": [{"title": "Watch Dem Niggas", "album": "It Was Written", "year": "1996-07-02", "lyrics": "[Produced by Trackmasters]\n\n[Verse 1: Nas]\nThey never realized how real Nas is so decisive\nIt's just the likeness of Israelites mist that made me write this\nA slight twist of lime rhyme, be chasing down your primetime\nFood for thought or rather mind wine\nThe Don Juan features the freak shit, my thesis\nOn how we creep quick, fucking your wife that ain't so secret\nIt's mandatory, see that pussy, they hand it to me\nI got no game it's just some bitches understand my story\nThere ain't no drama that my niggas never handle for me\nMy gator brand is Mauri, walking through rough land before me\nWhere the snakes put a smile on they face\nHoping and praying I'm stuck\nScoping they lay in the cut, weighing my luck\nPlayer haters play this in cell blocks and rock stages\nWinking at some females cops with cocked gauges\nReally it's papers I'm addicted to\nWasn't for rap then I'll be sticking you\nThe Mag inside the Triple Goose\nFace down on the floor's the routine\nDon't want hear nobody blow steam\nJust cream or it's a smoke screen\nImagine that, that's why I hardly kick the bragging raps\nI zone, to each his own in this ghetto inhabitant\n\n[Chorus: Nas and Foxy Brown]\nWatch dem niggas that be close to you\nAnd make sure they do what they supposed to do\nCause you know they be thinking 'bout smoking you\nNever personal, nowadays, it's the ways\nWatch dem niggas that be close to you\nAnd make sure they do what they supposed to do\nCause you know they be thinking 'bout smoking you\nNever personal, nowadays, it's the ways\n\n[Verse 2: Nas]\nNow how can I perfect this? (Uhh, what?)\nLiving reckless, die for my necklace\nCrime infected, driving a Lexus with a death wish\nJetting, checking my message on the speaker\nBopping to \"Mona Lisa\", brown reefer, ten G's, gun and my Visa\nCD cranking, doing 90 on the Franklin D. Roosevelt\nNo seatbelt, drinking and thinking\nMy man caught a bad one son, niggas is frightened\nSecret indictments, as on to one seeking enlightment\nMy Movado says seven, the God hour that's if you follow\nTraditions started by the school not far from the Apollo\nMy 'fuck tomorrow' motto through the eyes of Pablo\nEscobar, the desperado, word to Cus D'Amato\n\n[Chorus: Nas and Foxy Brown]\nGotta watch dem niggas that's close to you\nAnd make sure they do what they supposed to do\nCause you know they be thinking about smoking you\nNever personal, nowadays, it's the ways\nWatch dem niggas that's close to you\nAnd make sure they do what they supposed to do\nCause you know they be thinking about smoking you\nNever personal, nowadays, it's the ways\n\n[Verse 3: Nas]\nSome niggas watch you (uhh)\nSee you when you think you on the low\nAin't hard to spot you, you swore to keep it real after you blow\nThree keys, new V's, went to Anguilla with your ho\nStayed around the hood, smoothest cat getting the dough\nThem old timers advise you to them problems that's ahead\nDrama with the Feds, not listening just bobbing your head\nYour Rollie shining, thinking to yourself 'nobody's taking mine'\nAt the same time your ho is getting snatched from behind\nPut in a van, where's the hundred grand, strippin' her hand\nFrom all the ice, wouldn't you know\nYou knew these niggas all your life\nWhat made them mark you victim\nYou fucked up somewhere down the line\nNow they had to target your Wisdom\nShe took 'em to your place, straight to your safe\nYou doubted it could happen, sick of yapping\nJump in your ride, headed to your side\nPuffin' ganja, get to your crib, can't find her\nJust a reminder: shouldn't have your stash house where you crash out\nCould have passed out, your coke was gone, now you ass out\nDead bitches tell no lies, you should use your eyes\n\n[Chorus: Nas and Foxy Brown]\nGotta watch dem niggas that's close to you (uhh)\nAnd make sure they do what they supposed to do (what, hah)\nCause you know they be thinking 'bout smoking you (uh)\nNever personal, nowadays, it's the ways\nWatch dem niggas that's close to you (uhh)\nAnd make sure they do what they supposed to do\nCause you know they be thinking 'bout smoking you (uh-huh)\nNever personal, nowadays, it's the ways (uhh)", "image": "https://images.genius.com/525377dd6bd0f221ead9371b7b53d9a8.1000x1000x1.jpg"}], "artist": "Nas"}