{"songs": [{"title": "Life's a Bitch (Remix)", "album": null, "year": null, "lyrics": "[Intro: Nas and AZ]\nAiyyo, wassup wassup let's keep it real son\nCount this money, yaknowhatI'msayin?\nYea yea\nAiyyo, put the Grant's over there in the safe yaknowhatI'msayin?\nYea yea\nCause we spendin these Jackson's\nThe Washington's go to wifey, you know how that go\nI'm sayin, that's what this is all about right?\nClothes, bankrolls, and hoes yaknowhatI'msayin?\nYo then what man, what?? *echoes*\n\n[Verse 1: AZ]\nVisualizin the realism of life in actuality\nFuck who's the baddest, a person's status depends on salary\nAnd my mentality is money-orientated\nI'm destined to live the dream for all my peeps who never made it\n'Cause yeah, we were beginners in the hood as five percenters\nBut somethin must of got in us cause all of us turned to sinners\nNow some restin' in peace and some are sittin' in San Quentin\nOthers such as myself are tryin' to carry on tradition\nKeepin this effervescent street ghetto essence inside us\nCause it provides us with the proper insight to guide us\nEven though, we know somehow we all gotta go\nBut as long as we leavin thievin', we'll be leavin with some kind of dough\nSo, until that day we expire and turn to vapors\nMe and my capers'll be somewhere stackin plenty papers\nKeepin it real, packin' steel, gettin' high\nCause life's a bitch and then you die\n\n[Chorus: AZ]\nLife's a bitch and then you die; that's why we get high\nCause you never know when you're gonna go\nLife's a bitch and then you die; that's why we puff lye\nCause you never know when you're gonna go\nLife's a bitch and then you die; that's why we get high\nCause you never know when you're gonna go\nLife's a bitch and then you die; that's why we puff lye\n\n[Verse 2: Nas]\nI woke up early on my born day, I'm twenty years of blessing\nThe essence of adolescence leaves my body now I'm fresh in\nMy physical frame is celebrated cause I made it\nOne quarter through life some God-ly like thing created\nGot rhymes 365 days annual plus some\nLoad up the mic and bust one, cuss while I puffs from\nMy skull causes pain in my brain vein money maintain\nDon't go against the grain simple and plain\nWhen I was young at this I used to do my thing hard\nRobbin' foreigners take they wallets they jewels and rip they green cards\nDipped to the projects flashing my quick cash\nAnd got my first piece of ass smoking blunts with hash\nNow it's all about cash in abundance, niggas I used to run with\nIs rich or doing years in the hundreds\nI switched my motto -- instead of saying fuck tomorrow\nThat buck that bought a bottle could've struck the lotto\nOnce I stood on the block, loose cracks produce stacks\nI cooked up and cut small pieces to get my loot back\nTime is Illmatic keep static like wool fabric\nPack a four-matic that crack your whole cabbage\n\n[Chorus: AZ]\nLife's a bitch and then you die; that's why we get high\nCause you never know when you're gonna go\nLife's a bitch and then you die; that's why we puff lye\nCause you never know when you're gonna go\nLife's a bitch and then you die; that's why we get high\nCause you never know when you're gonna go\nLife's a bitch and then you die; that's why we puff lye\nCause you never know when you're gonna go\nLife's a bitch and then you die\n\n*Olu Dara plays trumpet until fade*", "image": "https://images.genius.com/23061dd2dc7e863127db561906debd27.434x434x1.jpg"}], "artist": "Nas"}