{"songs": [{"title": "It Ain't Hard To Tell (Live)", "album": "Illmatic: Live From The Kennedy Center", "year": "2018-04-20", "lyrics": "[Spoken: Nas]\nThank you, for giving me 20 years\nThank you, thank you\nSo, we now conclude with the final song of Illmatic\nThis one is the end of the cassette\nIt was just 9 songs\nYeah, this song right here, I got you though\nThis one my joint 'cause I'm a big Michael Jackson fan and he\nI'll tell you something that I never said\nFor my album cover, you see me with the afro, that was kinda inspired by Michael Jackson, the little, the little kid picture, right?\nSo, I never told that anyone before\nSo, this is uhh, \"It Ain't Hard To Tell\"\nThe sample's from \"Human Nature\"\nYeah, I see y'all right here\nYeah\n\n[Verse 1: Nas]\nIt ain't hard to tell\nThe mic is contacted\nMy mic check is life or death, breathin' a sniper's breath\nI exhale the yellow smoke of buddha through righteous steps\nDeep like The Shining, sparkle like a diamond\nSneak a Uzi on the island in my\nHit the Earth like a comet\u2014invasion!\nNas is like the\n\u2018Cause in my physical I can express through song\nDelete stress like Motrin, then extend strong\nI drink Mo\u00ebt with Medusa, give her shotguns in Hell\nFrom the spliff that I lift and inhale; it ain't hard to tell\nWhoa, whoa, whoa\nIt ain't hard to tell\n\n[Interlude: Nas]\nSome of y'all was like 5 years old when this album came out\n\n[Verse 2: Nas]\nThe buddha monk's in your trunk, turn the bass up\nNot stories by Aesop\nPlace your loot up, parties I shoot up\nNas, I analyze, drop a jew-el, inhale from the L\nSchool a fool well, you feel it like Braille\nIt ain't hard to tell, I kick a skill, like Shaquille holds a pill\nVocabulary spills, I'm Ill plus Matic\nI freak beats, slam it, like Iron Sheik\nJam like a TEC with correct techniques\nSo analyze me, surprise me, but can't magmatize me\nScannin' while you're plannin' ways to sabotage me\nI leave 'em froze, like heroin in your nose\nNas will rock well; it ain't hard to tell\nYeah, yeah\n\n[Interlude: Nas]\nIf you was there with me in '94, make some noise\nI love you for that\n\n[Verse 3: Nas]\nThis rhythmatic explosion\nIs what your frame of mind has chosen\nI'll leave your brain stimulated, niggas is frozen\nSpeak with criminal slang, begin like a violin\nEnd like Leviathan, it's deep; well, let me try again\nWisdom be leakin' out my grapefruit, troop\nI dominate break loops, givin' mics men-e-strual cycles\nStreet's disciple, I rock beats that's mega trifle\nAnd groove even smoother than moves by Villanova\nYou're still a soldier, I'm like Sly Stone in Cobra\nPackin' like a Rasta in the weed spot\nVocals will squeeze Glocks\nMCs eavesdrop, though they need not to sneak\nMy poetry's deep, I never fell\nNas' raps should be locked in a cell; it ain't hard to tell\nIt ain't hard to tell\nIt ain't hard to tell\n\n[Nas]\n20 years, yes\nSpecial thanks to everyone up in here\nI thank you from the bottom of my brave heart\n\n[Spoken: Nas]\nThank you, special thank you to The National Symphony Orchestra\nThank you to my man Tim Davis\n[?]\nHe's also the composer, bass, and orchestrations\nDerrick Harsh\nTravis Sells\nDJ Green Lantern\nPlease make some noise for my man, the composer Steven\nRyan Hakim\nOne time, National Symphony Orchestra\nWe thank you from the bottom of our brave hearts\nFor keeping it Illmatic with me through the years\nThank you for looking beautiful tonight\nI love you forever, stay real", "image": "https://images.genius.com/9fb8160b2c6d56c5e7237de79281fbdc.807x807x1.jpg"}], "artist": "Nas"}