{"songs": [{"title": "'91 Freestyle", "album": null, "year": null, "lyrics": "Yo, this is Nas, the rebel to America\nI load the clips 'til my lips are crass, cracked\nLike a vet buggin' out from flashbacks\nMy raps, I shoot at your skull and leave ya sprung\nI'm wavin' automatic guns at nuns\nParagraph wizard makin' mics malfunction\nI blow the fuse with the style I choose\nScience is dropped, my raps are toxic\nMy voice-box locks and excels like a rocket\nNas assassinates the Pope with a scope\nI mutilate mics 'til my voice-box is broke\nTry to battle me and gasp for breath\nWords I speak is a step beyond death\nA rappin' Charles Manson, I'm just that odd\nI'm so strong, long enough to box with God\nI throw a pitch at your brain so try and catch it\nMy thought are bugged\nMy brains should be put in a straitjacket\nI'm nastier than cannibalism\nI'm as sharp as a shank in prison, thoughts abrupt, risen\nMy rap is a ritual of Satan\nThough I'm not demonic, my voice is electronic\nMy brain is deranged\nIn a metamorphic change, my sound waves are strange\nMany say that I'm propelled to Hell\nBut I met the Devil and wrecked his brain cell\nPolice murderer, I love to kill a black cop\nNasty Nas is as deadly as a crack spot\nAnd smoke a mic like a fiend\nI use a TEC 9 like I was ???????\nI go on till the break of dawn\nBreakin' raps in half, my word is bond\nIt's like that and, uh, I go on and on\nAkinyele, rock the mic till the mic is torn", "image": "https://images.genius.com/23061dd2dc7e863127db561906debd27.434x434x1.jpg"}], "artist": "Nas"}