{"songs": [{"title": "Me & You (dedication to destiny", "album": null, "year": null, "lyrics": "I\u2019d like to dedicate this one here\nTo my star\nThis the one I cherish\nShe loves me unconditionally\nNo matter what\nMy love will always be here for you baby\nYeah\nSo for god, who gave me this gift\nYou\nI give you this\n\n[Hook:]\n(if i had it all)\nBa ba ba ba ba\nBa-de-da-de-da-de-da\nBa ba ba ba ba ba ba\nBa-de-da\nWoah\nYeah\nTrust me your my little one\nTrust me your my little one\nWoah\n(if i had it all)\n\n[Verse 1: Nas]\nEven though we don\u2019t live in the same home\nAnd i might have missed your graduation\nAnd no matter how many miles i am away from\u2026 you\nYou know, that i, love you\nYou hear daddy on every station\nThinking, im loving my occupation\nI know i got you home waiting\nDessy, i do, it all, for you\n\n[Hook:]\n(if i had it all)\nBa ba ba ba ba\nBa-de-da-de-da-de-da\nDaddy\u2019s little girl\nBa ba ba ba ba ba ba\nI would give you the world\nBa-de-da\nWoah\nLittle girl, give you the world\nYeah\nTrust me your my little one\nTrust me your my little one\nI\u2019ll give you the world\nWoah\n(if i had it all)\n\n\n[Verse 2: Nas]\nEven though you\u2019ll be grown soon\nYou gotta stand on your own two\nPlease listen what daddy told you\nI know, you think, that i\u2019m old school\nYou\u2019ll see that i was right soon\nOne day, you will meet the right groom\nAnd then, you will see your life bloom\nAnd then you know, what\u2019s right, for you\n\n[Hook:]\n(if i had it all)\nBa ba ba ba ba\nBa-de-da-de-da-de-da\nDaddy\u2019s little girl\nBa ba ba ba ba ba ba\nBa-de-da\nWoah\nDaddy\u2019s little girl\nI would give you the world\nYeah\nTrust me your my little one\nTrust me your my little one\n(if i had it all)\nWoah\n\n[Verse 3: Nas]\nRespect your mom, no one will replace her\nShe\u2019s the one who went through the labor\n(if i had it all)\nBut you don\u2019t owe her no favor\nBut her respect is due\nSee, daddy just wanna show you\n(if i had it all)\nAll the heartache i go through\n\nFor you\n\n[Hook:]\n(if i had it all)\nThis world of mine\nI\u2019ll give it all to you\nBa ba ba ba ba\nBa-de-da-de-da-de-da\nBa ba ba ba ba ba ba\nIts your world baby girl\nBa-de-da\nWoah\nYeah\n(if i had it all)\nTrust me your my little one\nTrust me your my little one\nWoah\n(if i had it all)\n(if i had it all)", "image": "https://images.genius.com/23061dd2dc7e863127db561906debd27.434x434x1.jpg"}], "artist": "Nas"}