{"songs": [{"title": "Top Down", "album": null, "year": "2007-08-08", "lyrics": "[Intro: Swizz Beatz]\nSwizzy!\nWherever you are (Shine)\nWhoever you are (Shine)\nWherever you are (Shine)\nWhoever you are (Shine)\nWherever you are (Shine)\nWhoever you are (Shine)\nHey, Hey, I told ya\n\n[Hook]\nRidin\u2019 with my top down, and my jewelry on\nHey, I\u2019m just getting my hood on\nI\u2019m just, I\u2019m just, doing my thing\nI\u2019m just, I\u2019m just, (pimp) doing my thing\nHey (yup) hey (yup) hey (yup) hey\nI said I\u2019m ridin with my top down, and my jewelry on\nHey, I\u2019m just getting my hood on\n\n[Verse 1: Nas]\nIt\u2019s the late night greasy spoon patron\nPoolhall making\nBig bets, midsection got the 8 in\nDior Christian pimpin\u2019\nGot that penal system diction\nRiffing, you don\u2019t want it you snitchin\u2019\nSpit a few at a traitor with that new AR\nTry to kill me I\u2019m the leader, that\u2019s coup d\u2019etat\nStreetsweepers in that Coup\u00e9 all black\nBitches want my chipped tooth back\nSteel mac, so my kufi never gets smacked\nSqueeze the fifth with a grip as I dip\nFrom the paparazzi\nStill playing numbers (you can\u2019t stop me)\nStill wearing bundles, and spark weed\nIf I ever say \u201cQueens get \u2018em\u201d, you know they got me\nSuccess, scandal, bone deep, personal beef\nSo lead by example, or get trampled\nSince Hip Hop Is Dead, this is the end\nCongratulations in order \u2019cause we did it again\n\n[Hook]\n\n[Verse 2: Nas]\nThe chain\u2019s offensive\nBrain on airplanes, Gucci frames are vintage\nThe two Tec Don in Yukon\u2019s and Benzes\nChicks who suck other chicks tits like infants\nThe Apprentice but not Trump\nI\u2019m the nigga with Glocks and pumps\nThat you don\u2019t see much\nSucker free from chumps\nHomes with cobblestones in front of \u2018em\nHe\u2019s got guns in cummerbunds, so understand you under son\nDon\u2019t make me have you running from a hundred guns\nDon\u2019t make me grab your only son\nI\u2019m coming from\nA place Tanqueray and weed\u2019s the only escape\nFrom phonies who hate\nWhen you rolling with papes\nThat\u2019s why the God party with juicy models\nThey mob me, Denali, Charlie Luciano \u2013 hardly\nHave to tell y\u2019all, I kill y\u2019all\nFor spitting songs that involve me nigga\nOriginal verbal assassin, have to carve me a nigga\n\n[Hook]\n\n[Verse 3: Nas]\nI got the armour tucked with the no drama luck\nTatted up, everywhere, my neck, arms and stuff\nLike I roll my body around on wet comic books\nThe Dalai Lama prodded up, lighting chronic up\nUgh, of course I\u2019m at it again\nWhen I do it you know N, I throw caution to the wind\nI talk about the life I\u2019m in\nBut I swear to God I may never write again\nBut if I hit em hard, they say the World must kneel\nBaddest girls gon lick my Tim\u2019 boot heel\nSayin\u2019 Nas running out of time\nThis is my last chance\nGotta shoots to kill, this is my last dance\nI say hell nah, don dadda\nGoons act fly, fly swat ya\nRapping ducks, modern day dracula\u2019s\nWhat you coming out your caskets for\nThis game been dead but guess who came back for more\n\n[Hook]", "image": "https://images.genius.com/23061dd2dc7e863127db561906debd27.434x434x1.jpg"}], "artist": "Nas"}