{"songs": [{"title": "Smokin'", "album": "Stillmatic", "year": "2001-12-18", "lyrics": "[Intro]\nBis-Mi-Allah A-Rahman A-Rahim\n(To the Gods.. to the Gods.. to the Earths)\nPass that shit homie\n\n[Chorus]\nNow tell me what y'all smokin'\nWhat kinda heat y'all holdin'\nWell is your creep move potent?\nI got a bunch of bullets in the bag of guns\nI pass 'em to my niggas c'mon\nWe bi-coastin', keepin our po-ckets bulgin'\nWe got the plan in motion\nI got a bunch of bullets in the bag of guns\nI pass 'em to my niggas c'mon\n\n[Verse 1]\nZoom, from outer space he comes\nBlunt in his mouth with his hand on his gun\nBitches flappin' they gums, do he be clappin' and shootin' guys\nActor or a movie star, rapper revolutionized\nWhat is his race, nation, or creed?\nIs he Arabic, Black, Latin, Asian they read\nMagazines say I walked on water, talked to the heavens\nSpit at judges, stepped on peasants\nBut in reality, I just entered your galaxy\nSeptember '73, up in these wild streets\nFuckin' these wild freaks, a harem of hoes (God damn)\nAnd my mystique got 'em tearin' my clothes\n\n[Chorus]\nNow tell me what y'all smokin'\nWhat kinda heat y'all holdin'\nWell is your creep move potent?\nI got a bunch of bullets in the bag of guns\nI pass 'em to my niggas c'mon\nWe bi-coastin', keepin our po-ckets bulgin'\nWe got the plan in motion\nI got a bunch of bullets in the bag of guns\nI pass 'em to my niggas c'mon\n\n[Verse 2]\nMy nigga smoke with one lung\nIf he cough he might die, passin' me trees\nThe liquor bottle's almost empty\nWe about to collide, with the enemy\nOnly way you die if it's meant to be\nYou fuckin' with a general\nNo discussion is the principle we bust and it's the end of you\nNow we knockin' on your mama door\nLike we came to fix the sink; my kind of war\nDeath, angels coming for you\nSpirit horse runnin' from your body like Young Guns 1 and 2\nParamedics fightin' for you, who's gon' win?\nThe hands of time, or the hands of medicine\nDon't cry, witness your fate, this is your wake\nWalk by your casket, spit in your face\nEnter the fog dog, the light is your guide\nAnd when you're gone all your niggas gon' light it with Nas\n\n[Chorus]\nNow tell me what y'all smokin'\nWhat kinda heat y'all holdin'\nWell is your creep move potent?\nI got a bunch of bullets in the bag of guns\nI pass 'em to my niggas c'mon\nWe bi-coastin', keepin our po-ckets bulgin'\nWe got the plan in motion\nI got a bunch of bullets in the bag of guns\nI pass 'em to my niggas c'mon\n\n[Verse 3]\nPardon but I gotta question of life now\nLook at the nigga next to you right now\nIs he real, fake or scared?\nDo it like this niggas right hands in the air\nBall it to a fist and put it over your heart\nNow let's say it all together let the ceremony start\n\"I shall - stay real stay true stay holdin figures\nNever put a bitch over my niggas\nI shall never, cooperate with the law\nNever snake me I always hold you down in war\nIf they take one of mine, I take one of theirs\nI never break the oath to the death I swear\"\nI swear that's how we pledge allegiance, to the alliance\nOf underworlds killers and thugs, though the science\nOf a nigga still yet to be found\nSo light up some green, and pass it around, pass it around\n\n[Chorus]\nNow tell me what y'all smokin'\nWhat kinda heat y'all holdin'\nWell is your creep move potent?\nI got a bunch of bullets in the bag of guns\nI pass 'em to my niggas c'mon\nWe bi-coastin', keepin our po-ckets bulgin'\nWe got the plan in motion\nI got a bunch of bullets in the bag of guns\nI pass 'em to my niggas c'mon\n\n[Outro]\nWanna get high, come smoke with me\nSmoke with me, light it up\n\n[During outro]\nDamn, nigga, take this weed, I'm 'bout to go over to my bitch house, get my fuck on, nigga! Y'all niggas stay up!\n\n[During fade]\nCome here, bitch, come smoke with a nigga...", "image": "https://images.genius.com/b568e8d559c7ba98ef485809d81c1d79.1000x1000x1.jpg"}], "artist": "Nas"}