{"songs": [{"title": "The Don", "album": "Life Is Good", "year": "2012-03-15", "lyrics": "[Produced by Heavy D, Da Internz & Salaam Remi]\n\n[Intro: Super Cat]\nHe's the heartbeat of the people\nThe ghetto people, and when I say ghetto people\nThe people who cannot afford to go to big concert\nSome of these people do not even have TV, so they can't afford cable\nSome of them can afford a radio\nSo the only thing they can listen to is the music\nPeople the ghetto, people from the projects, street people\nHortical ghetto youth who know what it is to sing about suffering and reality\n\n[Sample from \"Dance Inna New York\" by Super Cat]\nNew York girl, dem a mad over we\nNew York girl, dem a mad over we\nNew York girl, dem a mad over we\nNew York girl, dem a mad over we\n\n[Chorus: Sample from \"Dance Inna New York\" by Super Cat (Nas)]\nNas di don Nas di don Nas di don Nas di don\nNas di don Nas di don Nas di don, dance\nInna New York City-city, New York City-city (YEAH!)\n(YEAH!) New York City-city, New York City-city\n\n[Verse 1: Nas]\nSmoking a escubano, guzzle my second bottle\nHope I don't catch a homo\nGrossing our net, simultaneously making me climb higher\nHeinous crimes behind me, search but can't find me, fuck sadness\nHad this been you having this lavish\nHabitual happiness, at me you wouldn\u2019t look backwards\nYou would have sex on condominium roof decks\nSo anyone move next, I'll hit you with two TECs\nRocking Roberto Cavalli, no shirt on, convertible Mazi\nMy Colombiana mommy riding beside me\nEvery tat mean something, that\u2019s my word on my body\nI\u2019ll have to lean something with that Mossberg shotty\nMy niggas is ignant, put lead in your pigment\nJust 'cause y'all was mad at all the years I was getting it\nIn '97 the six, '98 the Bentley\nNow it\u2019s the Ghost Phantom, and y'all can't stand him but\n\n[Chorus: Super Cat sample (Nas)]\nNas di don Nas di don Nas di don Nas di don\nNas di don Nas di don Nas di don, dance\nInna New York City-city, New York City-city\nNew York City-city, New York City-city (yeah)\n\n[Verse 2: Nas]\nArmy jacket swag, army jacket green and black\nWith the square top pocket that snaps\nWhere the gas at?\nPass that, not you, you hold cracks in your ass crack\nI never did that, my sock's where my stash was at\nYo, I used to listen to that Red Alert and Rap Attack\nI fell in love with all that poetry I mastered that\nCutting school where Preme team and Fat Cat was at\nFuture not crystal clear yet, Baccarat\nNow I'm the one who repping Queens\nWay beyond your wildest dreams\nBottles on bottles with sparklers surround my team\nThat long cash get the baddest bitches out they jeans\nTwenty years in this game, looking seventeen\nI don't lean: no codeine, promethazine\nI just blow green, pick which bitch to bless the king\nAlthough he\u2019s on to another chapter\nHeavy D gave this beat to Salaam for me to rap to, raaaahhh\n\n[Chorus: Super Cat sample]\nNas di don Nas di don Nas di don Nas di don\nNas di don Nas di don Nas di don, dance\nInna New York City-city, New York City-city\nNew York City-city, New York City-city\n\n[Verse 3: Nas]\nYeah, yeah\nNew York is like an Island, a big Rikers Island\nThe cops be out wilding, all I hear is sirens\nIt's all about surviving\nSame old two-step, try to stay alive when they be out robbing\nI been out rhyming since born knowledge\nLike prophet Muhammad said the ink from a scholar\nWorth more than the blood of a martyr, so I'ma\nKeep it on 'til I see a billion dollars\nKeep your friends close and your enemies closer\nLove model chocha, mommy pop it like she 'pose to\nEyes red shot like I'm never sober\nBig time smoker, Indonesian doja\nMini me's you can hold up\nBefore you end up wet up from my soldier\nDon shit, under fire I remain on some calm shit\nThis for every ghetto in the hood\nNas the Don, Super Cat the Don Dada, understood\n\n[Chorus: Super Cat sample]\nNas di don Nas di don Nas di don Nas di don\nNas di don Nas di don Nas di don, dance\nInna New York City-city, New York City-city\nNew York City-city, New York City-city, New York...", "image": "https://images.genius.com/4770b1cbb4031b8d0b6df380f53bdce5.500x500x1.jpg"}], "artist": "Nas"}