{"songs": [{"title": "Ether (9th Wonder Remix)", "album": null, "year": null, "lyrics": "[Produced by 9th Wonder]\n\n[Intro]\nFuck Jay Z!\n(What's up niggas, ayo, I know you ain't talking 'bout me, dog, you? what?)\nFuck Jay Z!\n(You been on my dick nigga, you love my style, nigga)\nFuck Jay Z!\n\n[Hook]\n(I) Fuck with your soul like ether\n(Will) Teach you \u2013 the king \u2013 you know you\n(Not) God's Son across the belly\n(Lose) I prove you lost already\n\n[Verse 1]\nBrace yourself for the main event, y'all impatiently waiting\nIt's like an AIDS test \u2013 what's the result? Not positive\nWho's the best? Pac, Nas and B.I.G\nAin't no best \u2013 East, West, North, South, flossed out, greedy\nI embrace y'all with napalm, blowed up, no guts left, chest/face gone\nHow could Nas be garbage? Semi-autos at your cartilage\nBurner at the side of your dome, come out of my throne\nI got this locked since 9-1\nI am the truest; name a rapper that I ain't influenced\nGave y'all chapters but now I keep my eyes on the Judas\nWith Hawaiian Sophie fame, kept my name in his music\n\n[Hook]\n\n[Verse 2]\nI've been fucked over, left for dead, dissed and forgotten\nLuck ran out, they hoped that I'd be gone, stiff and rotten\nY'all just piss on me, shit on me, spit on my grave\nTalk about me, laugh behind my back but in my face\nY'all some well wishers, friendly acting, envy hiding snakes\nWith your hands out for my money, man, how much can I take\nWhen these streets keep calling, heard it when I was sleep\nThat this Gay-Z and Cock-a-Fella Records wanted beef\nStarted cocking up my weapon, slowly loading up this ammo\nTo explode it on a camel and his soldiers\nI can handle this for dolo and his manuscript just sound stupid\nWhen KRS already made an album called Blueprint\nFirst Biggie's your man, then you got the nerve to say\nThat you better than B.I.G, dick-sucking lips\nWhy don't you let the late, great veteran live\n\n[Interlude]\nI... will... not... lose\nGod's son across the belly, I prove you lost already\nThe king is back, where my crown at\nIll Will rest in peace, let's do it niggas\n\n[Hook]\n\n[Verse 3]\nY'all niggas deal with emotions like bitches, what's sad is I love you\nCause you're my brother, you traded your soul for riches\nMy child, I've watched you grow up to be famous\nAnd now I smile like a proud dad, watchin' his only son that made it\nYou seem to be only concerned with dissing women\nWere you abused as a child, scared to smile, they called you ugly\nWell life is harsh; hug me, don't reject me\nOr make records to disrespect me, blatant or indirectly\nIn '88 you was getting chased through your building\nCalling my crib and I ain't even give you my numbers\nAll I did was gave you a style for you to run with\nSmiling in my face, glad to break bread with the God\nWearing Jaz chains, no Tecs, no cash, no cars\nNo jail bars Jigga, no pies, no case\nJust Hawaiian shirts, hanging with little Chase\nYou a fan, a phony, a fake, a pussy, a Stan\nI still whip your ass, you thirty-six in a karate class\nYou Tae-bo ho, tryna work it out, you tryna get brolic\nAsk me if I'm tryna kick knowledge\nNah, I'm tryna kick the shit you need to learn though\nThat ether, that shit that make your soul burn slow\nIs he Dame Diddy, Dame Daddy or Dame Dummy?\nOh, I get it, you Biggie and he's Puffy\nRocafella died of AIDS, that was the end of his chapter\nAnd that's the guy y'all chose to name your company after?\nPut it together, I rock hoes, y'all rock fellas\nAnd now y'all try to take my spot, fellas\nFeel these hot rocks fellas, put you in a dry spot, fellas\nIn a pine box with nine shots from my Glock, fellas\nFoxy got you hot, cause you kept your face in her puss\nWhat you think, you getting girls now cause of your looks\nNe-gro please, you no mustache having\nWith whiskers like a rat, compared to Beans you wack\nAnd your man stabbed Un and made you take the blame\nYou ass, went from Jaz to hanging with Kane, to Irv, to B.I.G\nAnd Eminem murdered you on your own shit\nYou a dick-riding faggot, you love the attention\nQueens niggas run you niggas, ask Russell Simmons, ha\n\n[Outro]\nR-O-C get gunned up and clapped quick\nJ.J. Evans get gunned up and clapped quick\nYour whole damn record label gunned up and clapped quick\nShawn Carter to Jay-Z, damn you on Jaz dick\nSo little shorty's getting gunned up and clapped quick\nHow much of Biggie's rhymes is gonna come out your fat lips\nWanted to be on every last one of my classics\nYou pop shit, apologize, nigga, just ask Kiss", "image": "https://images.genius.com/23061dd2dc7e863127db561906debd27.434x434x1.jpg"}], "artist": "Nas"}