{"songs": [{"title": "Nas Outro", "album": null, "year": null, "lyrics": "Ei sais kokeiluu kielt kerta ei johda minnekkn\nVaikka s kyll muistat lupaukset joista luistat\nYhteen hetkeen s heitt pottiin kaiken muun\nSeint sulkee ympyrs kun juokset karkuun itses\nPidempn jos et n s trmt esteeseen ennen pitk\nSun tytyy saada hengitt pelkt et tuhlaat elms\nEt tahdo tuntee varmaa roihussa poltat karmaa\nTiedt s ne liekit levii pian sun siltoihin\nSeint sulkee ympyrs kun juokset karkuun itses\nPidemp jos et n s trmt esteeseen ennen pitk\nJuhlan jlkeen vieraat lhtee tyhjt kuoret j\nSient sulkee ympyrs kun juokset karkuun itses\nPidempn jos et n niin s esteeseen trmt\nSeint sulkee ympyrs kun juokset karkuun itses\nPidenpn jos et n s trmt esteeseen ennen pitk", "image": "https://images.genius.com/23061dd2dc7e863127db561906debd27.434x434x1.jpg"}], "artist": "Nas"}