{"songs": [{"title": "Who Are You", "album": "Last Real Nigga Alive (The Lost Album Vol. 1)", "year": null, "lyrics": "[Intro]\nYo it's your boy Rodney Darkchild\nCracking it up..\nWith my favorite DJ, DJ Stolen\nYou already know..\n\n[Verse 1]\nHeard you got your master's, did college up\nNever looked back, now that's what's happening\nAnd it's good to see you made it out the hood\nWith a degree, a true man with passion\nNow you could enter the so-called\n\"White Man's Society\" and go right past them\nLooking in the Wall Street Journal for your face\nBut it's always absent\nYou know that's him eating foie and ambrosia\nWatch on his arm, golden, Latin\nTry to get his attention\nBut he's flinching, guess my grimy clothes threw him off, so I mention\nWe were neighbors some time ago\nHe was kinda cold, in this restaurant\nFull of his kind and more\nHe sighed, tried to look surprised, I know\nHis side of the city where he resides, so\nI had to go\nI heard him laugh hard at some sad black jokes\nHate so-called \"intellectuals\"\nNo balls, he suggests we vote\nHe stand all proud, speaking to correct his folks\nHe want to lecture folks\nCause he professional and he suggest that we don't sell dope\nSuggest that we don't sell dope\nAnd I guess it's true, but who the fuck are you?\n\n[Hook]\nWho are you, tryna tell me who I am?\nTryna tell me who I am?\nWho are you, tryna tell me what I'm not?\nTryna tell me what I'm not\nWho are you, tryna tell me who I am?\nTryna box me in, tryna find who I am\n\n[Verse 2]\nI'm Idi Amin, Marcus Garvey, H. Rap Brown\nI'm Muhammad Ali, I'm Reginald Lewis\nGeorge Washington Carver, I'm Nas with incredible music\nLet's do it, thinking of a master plan\nSipping on disaster, smoking on gangster\nWatching niggas argue, killing like a boss do\nWith my hell up in Harlem, hat in hand\nWith a girl named Pat, she more than a waitress\nTo order a drink with. She divorced a banker, and bought the bar\nShe got an automobile, she gives an order to kill\nYou get caught and robbed\nWe could see your walk is off, you could lose your rhythm\nWhen you walk in the gutter for a while\nYou easily go to soft from hard\nNow we all about hustlers, number runners\nHoes and sharks and we all know the code of the block\nAnd you talking some gibberish, anti-nigga shit\nCause you marched back with Rosa Parks\nBrother don't start, go build your Noah's Ark\nYou could float to the end of the world\nAnd pretend what you not, but I know what you are\nWhile I roll in my car, and I'm spending my knot\nWhile my enemies plot, you ain't out of the shot\nMatter of fact, you're an easier target\nAnd I respect everything you accomplished\nBut I hope I never get old and talk that nonsense\nSo who the fuck are you?\n\n[Hook]\n\nShe Queen of Nzinga\nWinnie Mandela, Ida B. Wells\nSo why can't you tell? Why can't you tell?", "image": "https://images.genius.com/bdef3baf7c20cefc912de562b0b87535.500x500x1.jpg"}], "artist": "Nas"}