{"songs": [{"title": "Thief's Theme", "album": "Street's Disciple", "year": "2004-06-29", "lyrics": "[Intro]\nOne, two\nCheck, one, two\nOne, two, who got more style, the son do\nOne, two\nCheck, one, two\nOne, two, who got more style, the son do\nCheck, one, two\n\n[Verse 1]\nYo, I'm hot like 95 Fahrenheit\nOn a summer night, tight spot where bodies rot\nRats drink from water drops, in the streets, niggas\nLittle kids scared cops, with red dots\nPhilosophical gangsta, with violent priors\nGoing back like black and white TVs with pliers\nLeaning on broke down cars with flat tires\nFlash iron on anybody trying on the blocks I'm supplying on\nMadicon, my peeps, tie ballons up\nAnd swallow 'em, and the P now got goons, lots of 'em\nCops see them and run, don't want no drama\nCertain parts of the streets, the beast don't want a part of\nMartyr, hood haunted like the Dakota\nWhere John Lennon was shot up, but he sang for peace\nHe begged for freedom, hanged with wild Jamicians\nFrom Kingston, who drink Irish Moss\nListening to Peter Winston, Machintosh\nLightning hits the top of the church steeple\nWhen I'm writing, semi-automatic, no hyphen\nIt's frightening\n\n[Hook x4]\nThe thief's theme, play me at night, they won't act right\nUnderstandable smooth shit, that murderers move with\n\n[Verse 2]\nI take summers off 'cause I love winter beef\nStarted '87, with the shotty in the sheep\nThree-quarter length, beige, dressed to kill\nBust a shell at the ground, pellets hit the crowd\nNobody like a snitch, everybody shut they mouth\nWoolrich, Carhart, gun powder stains\nSmelling like trees, sensimille on the brain\nScheming on your girls, bamboos on your chain\nGot ill up on the train\nTwisting off a cap of a English in my vein\nMight've pushed you on the tracks\nDeaf crack fiends who can't speak, scream noises\nCause she bought a jum of soap from one of my boys\nIt's just another day in the hood\nAnd I'm with some wild brothers, up to no good\nWe saw the movies, like Tony Montana, and 'em\nBut our style was let them pile, then we robbin 'em\nMoney dudes, make 'em come up out they shoes\nRun they jewels, word is bond, where my man Nino going\nAnd I had to make a song, speaking on my old life\nFor the thieves who come out at night\n\n[Hook x4]\n\n[Outro]\nOne, two\nCheck, one, two\nOne, two\nCheck, one, two\nOne, two, who got more style, the son do", "image": "https://images.genius.com/65c98702fc773f6dafd41563fe5c5485.500x500x1.jpg"}], "artist": "Nas"}