{"songs": [{"title": "Hip hop", "album": null, "year": null, "lyrics": "If hip hop should die before I wake\nI'll put an extended clip inside of my AK\nRoll to every station, murder the DJ\nRoll to every station, murder the DJ\nIf hip hop should die before I wake\nI'll put an extended clip inside of my AK\nRoll to every station, murder the DJ\nRoll to every station, murder the DJ\nHip hop just died this mornin'\nAnd she's dead, she's dead\nYeah, niggas smoke, laugh, party, and die in the same corner\nGet cash, live fast, body their man's mama\nRich-ass niggas is ridin' with three llamas\nRevenge in their eyes, Hennessey and the ganja\nWord to the wise with villain state of minds\nGrindin', hittin' Brazilian dimes from behind\nGrindin', hittin' Brazilian dimes from behind\n(Grindin', hittin' Brazilian dimes from behind)\nWhenever, if ever, I roll up, it's sown up\nAny ghetto will tell ya Nas helped grow us up\nMy face once graced promotional Sony trucks\nHundred million in billin', I helped build 'em up\nGave my nigga my right, I could have gave left\nSo like my girl Foxy, a nigga went Def\nSo, nigga, who's your top ten?\nIs it MC Shan?\nIs it MC Ren?\nIf hip hop should die before I wake\nI'll put an extended clip inside of my AK\nRoll to every station, murder the DJ\nRoll to every station, murder the DJ\nIf hip hop should die before I wake\nI'll put an extended clip inside of my AK\nRoll to every station, murder the DJ\nRoll to every station, murder the DJ\nHip hop just died this mornin'\nAnd she's dead, she's dead\nThe bigger the cap, the bigger the peelin'\nCome through, something ill, missin' the ceilin'\nWhat influenced my raps? Stick-ups and killings\nKidnappings, project buildings, drug dealings\nCriticize that, why is that?\n'Cuz Nas rap is compared to legitimized crap\n'Cuz we love to talk on ass we gettin'\nMost intellectuals will only half listen\nSo you can't blame jazz musicians\nOr David Stern with his NBA fashion issues\nOh, I they like me in my white tee\nYou can't ice me, we here for life, B\nOn my second marriage, hip hop's my first wifey\nAnd for that we not takin' it lightly\nIf hip hop should die, we die together\nBodies in the morgue lie together\nAll together now\nIf hip hop should die before I wake\nI'll put an extended clip inside of my AK\nRoll to every station, murder the DJ\nRoll to every station, murder the DJ\nIf hip hop should die before I wake\nI'll put an extended clip inside of my AK\nRoll to every station, murder the DJ\nRoll to every station, murder the DJ\nEverybody sound the same, commercialize the game\nReminiscin' when it wasn't all business\nIf it got where it started\nSo we all gather here for the dearly departed\nHip hopper since a toddler\nOne homeboy became a man then a mobster\nIf the guys let me get my last swig of Vodka\nR.I.P., we'll donate your lungs to a Rasta\nWent from turntables to mp3s\nFrom \"Beat Street\" to commercials on Mickey D's\nFrom gold cables to Jacobs\nFrom plain facials to Botox and face lifts\nI'm lookin' over my shoulder\nIt's about eighty niggas from my hood that showed up\nAnd they came to show love\nSold out concert, and the doors are closed shut", "image": "https://images.genius.com/23061dd2dc7e863127db561906debd27.434x434x1.jpg"}], "artist": "Nas"}