{"songs": [{"title": "Let There Be Light", "album": "Hip Hop Is Dead", "year": "2006-12-19", "lyrics": "[Intro]\nYeah, check check, testing\nIt's clear out there, yeah\nIt's like I'm hang glidin' over the hood, ha\nNever worry (ohhh, no, no, no)\n\n[Verse 1]\nCheck, let there be light\nNo gang bangin' in New York tonight\nJust murals of Biggie Smalls, bigger than life\nTurn up the kid mic \u2018cause ya'll ain't listenin' right\nWhat's all this talk that Nas got bought?\nI'd rather outline my body in white chalk\nAin't nobody been where I been, they at a stand still\nThis is all overseen by my man Will\n\n[Hook: Tre Williams]\nAs I walk through the valley of the shadow of death\nI know that I ain't got much time left\nAnd they don't really wanna see the good in me\nAin't satisfied until they see the fool in me\nAnd I know my business, so my sins great\nAnd I thank the hood for all the love they gave\nAnd I forgive 'em all, they did they best to hate\nOh, let there be light!\n\n[Verse 2]\nThis ain't to glorify, just painting a street picture\nThere's no guidance or Bibles, just blunts and swishers\nGillettes cut 'caine in kitchen\nNow every rapper wanna claim he hang with Kenneth \"Supreme\" McGriff, and\nIt's like the same difference except when niggas get arraigned\nThey don't want the same sentence, niggas get to snitchin\nIf I could reverse demises and turn falls to rises\nAnd bring back the niggas who was livest\nOld hustlers, reminiscing on better days\nThey home, doing nothing, might as well be in a cage\nHating on young brothers, one foot in the grave\nThey used to love us\nTill we found our own way through the maze\nNew York, set trippin' and flaggin'\nGot the West Coast laughin'\nNow Esco's askin', \"What happened?\"\nMy homegirl from upper Manhattan; she remembers the quarters that's Latin, a lot of rat-a-tat-tattin'\n\n[Hook: Tre Williams]\nAs I walk through the valley of the shadow of death\nI know that I ain't got much time left\nAnd they don't really wanna see the good in me\nAin't satisfied until they see the fool in me\nAnd I know my business, so my sins great\nAnd I thank the hood for all the love they gave\nAnd I forgive 'em all, they did they best to hate\nOh, let there be light!\n\n[Verse 3]\nThe son of the audio cassette era, TEC wearer\nBullets and baguettes, Benz Bose Speaker Terror\nDeman I get mine till I'm dead, so I can drive somethin' red\nLike that horse standing on it's hind legs\nSince Arnold and Willis in they bunk beds\nI wanted bread like Wonder\nNot Ned the Wino like the parents of Lionel\nNas is the Ghetto American Idol\nNo matter what you do you're never getting my title\nI can't sound smart, \u2018cause y'all will run away\nThey say I ain't hungry no more and I don't talk about yay\nLike there's no other way for a ex-hustler\nCake getter, the ex-wig splitter to touch you, I beg to differ\nWhen you're four years into the game\nWe can have a conversation\nEight years in the game, I invite you on vacation\nTen years in the game, after I've enjoyed my fame\nOnly then I let you pick my brain, niggas\n\n[Bridge: Nas + (Tre Williams)]\n[And I] Right about now [And I] (They don't really know)\n[And I] (They don't really see)\nI don't even deal with all that garbage\n(No, no, no) We getting real right, you know?\n[And I] (Though I walk through the valley)\nThat is Tre Williams, ladies and gentlemen\n[And I] (They should fear no) [And I] (no, no-oh)\nFocus on good things, man, good times, heh-heh, alright\n\n[Hook: Tre Williams]\nAs I walk through the valley of the shadow of death\nI know that I ain't got much time left\nAnd they don't really wanna see the good in me\nAin't satisfied until they see the fool in me\nAnd I know my business, so my sins great\nAnd I thank the hood for all the love they gave\nAnd I forgive 'em all, they did they best to hate\nOh, let there be light!\nAs I walk through the valley of the shadow of death\nI know that I ain't got much time left\nAnd they don't really wanna see the good in me\nAin't satisfied until they see the fool in me\nAnd I know my business, so my sins great\nAnd I thank the hood for all the love they gave\nAnd I forgive 'em all, they did they best to hate\nOh, let there be light!\n\nOh let it be, let it be, yeah\nLet it be, let it be", "image": "https://images.genius.com/ff6738f83747060eafd4a7af4964cd8f.1000x1000x1.jpg"}], "artist": "Nas"}