{"songs": [{"title": "Take It In Blood Pt. II", "album": null, "year": null, "lyrics": "[Hook x2]\nI made it like that, I bought it like that, I'm livin' like that\n(Street rules and jewels to help teach a hungry crew)\nI made it like that, I bought it like that, I'm livin' like that\nFor, you wack MC's!\nI made it like that, I bought it like that, I'm livin' like that\n(In a world of the monkey-see, monkey-do)\nI made it like that, I bought it like that, I'm livin' like that\nFor, you wack MC's!\n\n[Verse 1]\nYeah, yeah, Italiano model, trained like Cus D'Amato\nGuard ya plan, recline low, black Milano\nI'm blessed, God, feelin' Kosher\nOne in the top of the toaster, proper ghost ya\nMy gun is cocked in the holster, dumped quick\nChasin' my dick made a bum bitch rich, stylish\nHeard ya naked in jail flicks\nMamacita, Black Widow, Turner be a back seater\nSatin pillows, a pimpstress in willow\nCookin' my blow and head slow, eyes swellin'\nDisorder the grain, I gotta split my wife melon\nSo I can see the seven seas of my circumference\n???, polish ya pistols like a gunsmith\nClever, my mama told me, \"Take cheddar\nBy slugs and drugs, whatever calculate better\"\nWhen cake's measured, lock the front door, secure\nSee the gleamin' white crystal when it's pure\n\n[Hook]\n\n[Verse 2]\nYeah, yeah, fuck the snake hoes\nAnd jealous ass niggas that smash your Benz windows\nDetectin' fake nigga signals, yo, live niggas get it too\nScarin' rappers like the Fed time Gotti was acquitted to\nBlood-shot red eyes, high, yellow envelopes of lye\nOpenin' cigars, let tobacco fly\nKicks matchin' my shit my gun on\nThinkin' a name for my man's Umbro, spillin' Puerto Rican rum on Imaginary graves, put my hat on my waves\nLatter Day Saints, scream religious praise\nHeat graze the baby, yo, foul shit made a welfare mom crazy\nMo' bodies drop by the ratio, paces blow\nGrizzly thoughts for makin' doe\nHaitian bitch cast a spell on my life for cash-flow\nSo, now it's on, never wasted a slug\nTime is money, when it comes to mine, take it in blood\n\n[Hook]\n\n[Outro]\nYeah, yeah, foggy and shit, trees lit up errywhere\nIt's like that there, yanahmean? Executive class material\nMost official Queens representative on the motherfuckin' ji-doint\nThis is how it's goin' down, sun-up to sun-down, put ya gun down", "image": "https://images.genius.com/23061dd2dc7e863127db561906debd27.434x434x1.jpg"}], "artist": "Nas"}