{"songs": [{"title": "One Time 4 Your Mind (Live)", "album": "Illmatic: Live From The Kennedy Center", "year": "2018-04-20", "lyrics": "[Intro: Nas]\nSlow it down\nThis shit feel good up here\nYeah, it's Illmatic\nIt's Illmatic\nLet's go back a little bit\n\n[Chorus: Nas]\nOne time for your mind, one time\nYeah, whatever\nOne time for your mind, one time\nYo, whatever\nOne time for your mind, one time\nYo, whatever\nHey one, check, check it out\n\n[Verse 1: Nas]\nWhen I'm chilling, I grab the buddha\nGet my crew to buy beers\nAnd watch a flick, illin' and root for the villain, huh\nPlus every morning, I go out and love it sort of chilly\nThen I send a shorty from my block to the store for Phillies\nAfter being blessed by the herb's essence\nI'm back to my rest, ten minutes, some odd seconds\nThat's where I got the honey at, spends the night for sexin'\nKeep lubrication, Magnum protection\nHitting up my stereo's remote control quickly\nRon G's in the cassette deck, rocking the shit, G\nI try to stay mellow, rock, well a cappella rhymes'll\nMake me richer than a slipper made Cinderella, fella\nGo get your crew, Hobbes, I'm prepared to bomb troops\nRip in peace to my mom dukes\nWhen I was ten I was a hip-hoppin' shorty wop\nKnown for rocking microphones and twisting off a 40 top\n\n[Chorus: Nas]\nOne time for your mind, one time\nYeah, whatever\nOne time for your mind, one time\nYeah, whatever\nOne time for your mind, one time\n\n[Verse 2: Nas]\nYou know the hard times, kid\nShit, cold, be starving make you wanna do crimes kid\nBut I'ma lamp, \u2018cause a crime couldn't beat a rhyme\nMuslims yelling \"Free the mind\"\nAnd I'm from Queensbridge, been to many places\nAs a kid when I would say that out of town, niggas chased us\nBut now I know the time, got a older mind\nPlus control a 9, fine, see now I represent mine\nI'm new on the rap scene, niggas never heard of me\nYet I'm a menace, yo, police wanna murder me\nHeini Dark drinker, represent the thinker\nMy pen rides the paper, it even has blinkers\nThink I'll dim the lights, then inhale, it stimulates\nFloating like I'm on the North 95 Interstate\nNever plan to stop, when I write my hand is hot\nAnd expand a lot from the Wiz to Camelot\nThe parlayer, I'll make your heads bop, pa\nI shine a light on perpetrators, like a cop's car\nFrom day to night, I play the mic and you'll thank God\nI wreck shit so much, the microphone'll need a paint job\nSee, my brain is incarcerated\nLive at any jam, I couldn't count all the parks I've raided\nI hold a MAC-11, and attack a reverend\nI contact eleven L's and max in heaven\n\n[Chorus: Nas]\nOne time for your mind, one time\nYeah, whatever\nOne time for your mind, one time\nYeah, whatever\nOne time for your mind, one time\n'92 to 2099\nOne time for your mind, one time\nOne time for your mind, one time\nOne time for your mind, one time", "image": "https://images.genius.com/9fb8160b2c6d56c5e7237de79281fbdc.807x807x1.jpg"}], "artist": "Nas"}