{"songs": [{"title": "Courthouse", "album": "Last Real Nigga Alive (The Lost Album Vol. 1)", "year": null, "lyrics": "[Intro]\nOrder in court, order in the court\nNo one else but Mr. Jones has the right to be speaking right now\nOrder in the court or I\u2019m gonna start making some arresting here\nYou don\u2019t belong in the court house anyway, your rap concert has been canceled\nOrder in my court, \u2026\n\n[Verse 1: Nas]\nI wake up, wake up in the morning shake my third leg in the toilet\nUzi on my night stand, I\u2019m the man you go to war with\nNot the man you go to war against,\nPatience I get you if that means I can\u2019t sleep a whole year\nI get you, I'm official not a tisket, a tasket\nI put you in the casket with a biscuit\nThe ratchet, the smoke a biscuit, the planted trees advanced weed\nDoomed forsakers you fucking fake bloods like movie makeup\nI flow tight as tootie bracers, who he hating us\nI\u2019ll be on the state bus, shackles is my eight bus\nCause y'all some tellers, opposite of bankers\nI\u2019m the shit for ages, my clip steel wheel \u2026 gangsters\nClick still move like free masons, so we\u2019re from on the flow from the law\nCause large is all across the nation, Nas is bread for the plan\nThe hold the grand dragon head in his hand\nCome and get me, here I am\nPok\u2019em, pok\u2019em\n\n[Hook]\nI\u2019m not a law prayer, so you could tell your mayor\nI\u2019m a non-stop driven by poetry slayer\nOne, two, three, down for the count\nThe result my lyrics oh yes, no doubt (X2)\nPok\u2019em, pok\u2019em\n\n[Verse 2: Chuck D]\nThe good man in me gets money and stay on the path\nBut the Pimp shit in me says yo, keep looking for ass\nMy daughter gave me a gift, something to hold\nA little city in water, when you shake it, it snows\nI told her never let a sucker nigga take off her clothes\nBetter wait till\nYou\u2019re grown, when in love you will know\nEverybody\u2019s gotta dream I hope to wish to own a six times two\n\u2026 against who I don\u2019t know\nSo one who fed you won\u2019t blow, you won\u2019t eat, you won\u2019t cake\nPay mistake, blaming me for their failures I'm fresh\nGetting tale single breasted\nA lip brush is sense less some pimp shit\nA women hates a man and stays with him for many years\nTell him she loves him and be jealous of him\nNow lame is how the ghetto judge him, cause he\u2019s still with her\nShe take his cash give it to some other real nigga, like me\nPok\u2019em, pok\u2019em, pok\u2019em\n\n[Intro Repeated]", "image": "https://images.genius.com/bdef3baf7c20cefc912de562b0b87535.500x500x1.jpg"}], "artist": "Nas"}