{"songs": [{"title": "Hey Nas", "album": "God's Son", "year": "2002-12-13", "lyrics": "[Verse 1: Nas]\nThe phone rings\nAnother peaceful moment is lost\nLatifah's chest jingle in Set It Off\nI press pause in the bed as a king\nI let it ring 4 or 5 times\nAnswer while I'm puffin' my green\nIt's Tamika sayin', \"Hi Nas\"\nI caught a flashback of her askin' me was I asthmatic 'fore I tapped that\nShe offered me dinner under the moon\nI said, \"Sorry I made plans at Ray's Boom-Boom Room\"\nNine push-ups, strength's gone at the tenth one so why hook up\nThe pimp's gone off the Patron Tequila\nPut on my Lee's and the original Filas\nSedated from L's, 380 cocked, naked ladies laid up in tels\nLike Whodini I chose, gazelles don't lean on my nose\nDrivin' by the clubs gleamin' and go\nHeads turn it's a freak show\nI need them to know, when will they learn\nNas need a queen not a ho to\nPoint out my enemies, a girl who's into me\nBut not a hype chick, someone with proper energy\nSomeone who's into me but won't fuck with my enemies\nAnd you can sing along 'cause I'm feelin' ya energy\n\n[Chorus: Claudette Ortiz]\nHey Nas, how ya doin'?\nTake my name, and my number\nMeanwhile, we'll be groovin'\nBut let's take, it, slow\n\n[Verse 2: Nas]\nOne for the honies who roll blunts up but don't smoke\nTwo for the few who see potential in you when you broke\nThree for the G they got, they game is hot I give it to you\nDouble life wife, play with the man that's livin' with you\nHere's the issue, a woman gotta be stunnin'\nGet to a man's heart through his stomach\nYou gotta be skilled in the culinary arts\nKnow a brother stay mad hungry when he spark\nHit the museum, maybe Central Park, you mentally smart\nPicture we in Tiffany, you becomin' my counterpart\nIf I want Chinese then you buy me a wok\nIf you want barbecue I call Professor and Ak\n'Cause you point out my enemies, someone who's into me\nBut not a hyper chick- someone with the proper energy\nA girl that's into me who won't fuck all my enemies\nAnd you could be the one 'cause I'm lovin' ya energy\n\n[Chorus: Kelis]\nHey Nas, how ya doin'?\nTake my name, and my number\nMeanwhile, we'll be groovin'\nBut let's take, it, slow\n\n[Verse 3: Nas]\nSlow is the way\nHoldin' hands, tongue and hickeys\nHope and I pray where I run at you run away with me\nThat's if my gun get busy we gotta get outta there\nHear sirens jump in the stick drop a Sedan and hide for years\nLike no one else in the world did this except for us two\nYou gotta trust me, I gotta trust you\nIf coppers bust me it's me you rescue, this to the death boo\nYou rep me respectfully that's how I rep for you\nRetired from pimpin', perspire is drenchin'\nAs we suck and fuck each other's minds out commission\nTime's out forbidden\nUntil we pass out, that's when we stop\nWe give it all we got, give it all we got- we hot\nGive it all we got, give it all we got- we rock\nGive it all we got, give it all we got\nYou 'bout the baddest thing\nSince Michael had Billie Jean\nAnd Prince gave you diamond's and pearls\nBut to be my queen you must...\nPoint out my enemies, a girl who's into me\nBut not a hype chick, someone with proper energy\nSomeone who's into me who won't fuck all my enemies\nAnd you can be the one 'cause I'm feelin' ya energy\n\n[Chorus: Claudette Ortiz & Kelis]\nHey Nas, how ya doin'?\nTake my name, and my number\nMeanwhile, we'll be groovin'\nBut let's take, it, slow\n\n[Outro: Claudette Ortiz]\nI can be, what you said\nThat you need, I can be, all that\nI can be, I can have your back, baby\nI can be, what you said\nThat you need, I can be, all that\nI can be, I can have your back, baby", "image": "https://images.genius.com/3a2b5d523ed4c1887dcd3d37b71c01d9.1000x1000x1.jpg"}], "artist": "Nas"}