{"songs": [{"title": "Intro (The Nigger Tape)", "album": "The Nigger Tape", "year": null, "lyrics": "[Intro: Nas]\nINVASION!\n\n[Spoken: Samples]\n\u201cWatch closely. You are about to experience a \u2018nigga moment.\u2019 Webster defines the \u2018nigga moment\u2019 as a moment when ignorance overwhelms the mind of an otherwise logical Negro man.\u201d\n\n\u201cWhat did you say, bitch nigga?\u201d\n\n\u201cDie, nigga! *gunshot*\u201d\n\n\u201cBrothers and sisters using the word nigga\u2026\u201d\n\n\u201cNigga, nigga, nigga\u2026\u201d\n\n\u201cHE\u2019S A NIGGER! HE\u2019S A NIGGER!\u201d\n\n\u201cI ain\u2019t no nigga!\u201d\n\n\u201cWhat kind of message are you hoping to send with\u2014 with that new album?\u201d\n\n\u201cFUCK THE NIGGERS! (Oh, my God!)\u201d\n\n\u201cA NIGGER, LOOK! IT\u2019S A NIGGER!\u201d\n\n\u201cHow you call yourself a nigga and be proud of it?\u201d\n\n\u201cFlatline!\u201d\n\n\u201cThere goes the neighborhood!\u201d", "image": "https://images.genius.com/3407e464b90665cb8b7267df3541d089.500x500x1.jpg"}], "artist": "Nas"}