{"songs": [{"title": "Angels with Dirty Faces", "album": "The Get Down, Pt. 2 (Original Soundtrack from the Netflix Original Series)", "year": "2017-04-07", "lyrics": "[Intro (Sampled)]\nAngel Dust\nYeah, Angel Dust\nYeah\nYeah, Angel Dust\n\n[Verse]\nAngels with dirty faces, angels with broken wings\nThe devil's dust, PCP invading bloodstreams\nPeople lining up to get it, fantastic, knew how to flip it\nIllegal substance constructed and plus addictive\nTrusted and respected, almost got me arrested\nAll the time I invested in school is now of question\nChild prone to violence like a dog returns to its own vomit\nA fool for chaos, taking what we could salvage\nHustling is a art, I'm just tryna be smart\nStrung out bodies found in the park, Shaolin was my heart\nWe stood for loyalty, all we had was each other's back\nMy raps were like crystallized powder before crack\nRaw, uncut, like what is sold in front of the storefront\nThe sidewalk was my brother's office\nWe cut our losses, I had choices\nI took a pen, became the voice for the voiceless\nMy people walking in a zombie state\nLife is short, even mine's at stake\n\n[Interlude]\n\"The government says that angel dust can kill you if you take it or it can cause you to kill others.\"\n\n\"The scourge of angel dust has been linked to psychosis, violence, schizophrenia, and the epidemic runs especially rampant in the Bronx. My administration will hunt down these poison pushers and arrest them one my one until we get directly to the source.\"", "image": "https://images.genius.com/0093bec737413dc10ab493f567614db7.1000x1000x1.jpg"}], "artist": "Nas"}