{"songs": [{"title": "The World Is Yours (10th Anniversary Remix)", "album": "Illmatic 10th Anniversary Platinum Edition", "year": "2004-04-19", "lyrics": "[Intro]\nIt's yours\n\n[Verse 1]\nI sip the Dom P, watching Gandhi til I'm charged\nThen writing in my book of rhymes, all the words past the margin\nTo hold the mic I'm throbbin', mechanical movement\nUnderstandable smooth shit that murderers move with\nThe thief's theme - play me at night, they won't act right\nThe fiend of hip-hop has got me stuck like a crack pipe\nThe mind activation, react like I'm facing time like\nPappy Mason, with pens I'm embracing\nWipe the sweat off my dome, spit the phlegm on the streets\nAnd the Nikes on my feet makes my cipher complete\nWhether cruising in a Sikh's cab or Montero Jeep\nI can't call it; the beats make me falling asleep\nI keep falling, but never falling six feet deep\nI'm out for presidents to represent me\nI'm out for presidents to represent me\nI'm out for dead fuckin' presidents to represent me\n\n[Hook]\nWhose world is this\nThe world is yours, the world is yours\nWhose world is this\nThe world is yours, the world is yours\nWhose world is this\nThe world is yours, the world is yours\nWhose world is this\nThe world is yours, the world is yours\n\n[Verse 2]\nTo my man Ill Will, God bless your life\nTo my peoples throughout Queens, God bless your life\nMy insight enlights vision words of wisdom\nNiggas pay me in tuition to listen\nThe murder paragraphs of mysticism\nMan plants seeds that bring forth multiple breeds\nSo many cultures on one planet but one culture's free\nSon I need weed to proceed\nChange the flow speed\nI'm gettin' vexed Giuliani at 666\nThere's no days for broke days sellin' smoke pays\nI tote the chocolate potent Phillies never wrote roach-sprayed\nShit is a hassle, The Bridge is like a haunted Castle\nThe mic's my religion the system is the devil's lasso\nAnd yo, the trife life is most influential\nThe colors on mens skin and pens is coincidental\nHow you livin', large or broker\nYou wastin' time extortin' papers from smokers\nCatchin' court papers gettin' broker\n\n[Hook]\nWhose world is this\nThe world is yours, the world is yours\nWhose world is this\nThe world is yours, the world is yours\nWhose world is this\nThe world is yours, the world is yours\nWhose world is this\nThe world is yours, the world is yours\n\n[Verse 3]\nI'm the young city bandit, hold myself down single-handed\nFor murder raps - I kick my thoughts alone, get remanded\nBorn alone, die alone, no crew to keep my crown or throne\nI'm deep by sound alone, caved inside, 1,000 miles from home\nI need a new nigga for this black cloud to follow\nCause while it's over me it's too dark to see tomorrow\nTrying to maintain, flip, fill the clip to the tip\nPicturing my peeps not eating can make my heartbeat skip\nAnd I'm amped up, they locked the champ up, even my brain's in handcuffs\nHeaded for Indiana, stabbing bitches like the Phantom\nThe crew is lampin', Ill Will style\nCheck the gold-toothed smile, plus I profile wild\nStash loot in fly clothes, burning dollars to light my stove\nWalk the blocks with a bop, checkin' dames\nPlus the games people play\nI check the dames plus the games people play\nBust the problems of the world today\n\n[Hook]\nWhose world is this\nThe world is yours, the world is yours\nWhose world is this\nThe world is yours, the world is yours\nWhose world is this\nThe world is yours, the world is yours\nWhose world is this\nThe world is yours, the world is yours\nWhose world is this\nThe world is yours, the world is yours\nWhose world is this\nThe world is yours, the world is yours\nWhose world is this\nThe world is yours, the world is yours\nWhose world is this\nThe world is yours, the world is yours", "image": "https://images.genius.com/ffe91cf8806703f8a4c4cba11c0ceed7.1000x1000x1.png"}], "artist": "Nas"}