{"songs": [{"title": "Where Are They Now", "album": "Hip Hop Is Dead", "year": "2006-12-19", "lyrics": "[Produced by Salaam Remi & Nas]\n\n(\"HIT MEH!!\")\n\n[Verse 1]\nRedhead Kingpin, Tim Dog, have you seen 'em?\nKwame, King Tee or King Sun\nSuper Lover Cee, Casanova Rud\nAntoinette, Rob Base never showin up\nYou see Black Sheep, Group Home, Busy Bee?\nAsk Ill and Al Skratch, \"Where My Homiez?:\nLeave it to y'all, these niggas left for dead\nLast week my man swore he saw Special Ed\nRap is like a ghost town, real mystic\nLike these folks never existed\nThey the reason that rap became addictive\nPlay they CD or wax and get lifted\nI recommend when your kid turn ten\nLet him hear Spice 1, made plenty noise\nPositive K, Father MC, the Skinny Boys\n\nWhere are they now?\n\n[James Brown sample]\n\n[Verse 2]\nSee I remember them forever\nThe original Spinderella\nLakim Shabazz, 9 MM\nFu-Schnickens, Buckshot, Finesse & Synquis\nWho was a \"Rappin' Duke?\" Da-ha!\nSilk Tymes Leather was cute\nBody & Soul was Dee from Pump It Up's group\nOaktown 357, J.J. Fad too\nHad pop hits and gold ropes\nWhere my man Young MC and Tone Loc?\nKris Kross, the BO$$, Divine Styler\nDef Jef of course let's break it down ta\nMic Geronimo, Pharcyde and Coolio\nI heard Craig Mack back in the studio\nHave you seen these lost MCs?\nFunky Four Plus One, Force M.D.'s\nMiss Melody, I hope she packin' a bankroll\nAs well as Educated Rapper, Ice and Kangol\nShant\u00e9, she from around my way yo\nEPMD, K-Solo, where are they now?\n\n[Verse 3]\nQB\nFirst off this ain't no diss record\nThis for some of my homies that were misrepresented\nLegends of the game, y'know?\nWhat up to Moe Dee the legend? Rest in peace Cowboy!\nYeah, all the rappers...male, female, DJ's, e'rybody!\nRest in peace Jam-Master Jay, the whole crew, word up\nJuice Crew All-Stars, MC Shan, Tragedy, Craig G\nYeah nigga, yeah nigga\nShan whaddup baby?\nWhere are they now?", "image": "https://images.genius.com/ff6738f83747060eafd4a7af4964cd8f.1000x1000x1.jpg"}], "artist": "Nas"}