{"songs": [{"title": "Money Over Bullshit", "album": "Hip Hop Is Dead", "year": "2006-12-19", "lyrics": "[Verse 1]\nMy niggas got scarred grills, skully hats and gats be fully's\nBrrrat, cars peel, the East Coast cartel\nRats get their tails snapped and trapped\nThe snitches in the streets and the snitches who rap\nPure euphoria, a dose of death to all of ya\nCoroner choruses sung from The Bridge to Astoria\nDreams of fallin' in the elevator, passin' floors\nSuddenly stop, the doors open up to a brick wall\nI can smell the haters, wishful thinkers, bad luck prayers\nPicture your tarot cards and bodyguards getting sprayed up\nSabotagin' my makeup, my watches get laced up\nEven if they indicted Jacob\nForensics, paramedics, carry cowards off\nDefibrillators shock to your chest, try to cough\nThey die and hit Hell from an iron\nI'm fly in YSL, I'm paid from this shit\nGot bitches high as hell, and they fucking like AIDS don't exist\nThey get sent to your hotel, a maid and shit\nPut a barrel in a capo mouth, 'til his scalp come out\nYou a kid, you don't live what you rap about\nKing poetic, too many haters to count\nToo much paper to count, QB, bitch!\n\n[Chorus]\nJoin me in war, many will live, many will mourn\nMoney Over Bullshit, pistols over brawn\nAfraid not of none of you cowards but of my own strength\nAfraid not of none of you cowards but of my own strength\n(My own strength nigga, that's what I'm scared of, ha-ha)\nJoin me in war, many will live, many will mourn\nMoney Over Bullshit, pistols over brawn\nAfraid not of none of you cowards but of my own strength\nAfraid not of none of you cowards but of my own strength\n\n[Verse 2]\nGot seven candles lit, black wallpaper, black carpet\nThinking about which nigga to target\nYou kill a nigga today, he lives forever\nSo I plotted out smarter, there'll be no martyrs\nBlack TEC on the table, Mag .44\nBlack negligee on my bitch, she's at the door\nBlack fish eggs, nigga, that's the caviar\nYou niggas fish-made, y'all niggas is fifth grade\nNiggas, it's fifty ways to dissect the General\nIf I give ya the top five, you will not survive\nRule 1: cocksucker, keep my name from your tongue\nRule 2: thought you knew don't fuck with God's Son\nRule 3: see, matter fact, I just wait\nIf y'all reach top five, then I'ma eat y'all alive\nEach one of you guys that claim Hip-Hop is still alive\nLike y'all ain't in agreement with Nas\nThat shit is dead motherfucker, it's dead, bitch\u2026\n\n[Chorus]\nJoin me in war, many will live, many will mourn\nMoney Over Bullshit, pistols over brawn\nAfraid not of none of you cowards but of my own strength\nAfraid not of none of you cowards but of my own strength\n(My own strength nigga, that's what I'm scared of, ha-ha)\nJoin me in war, many will live, many will mourn\nMoney Over Bullshit, pistols over brawn\nAfraid not of none of you cowards but of my own strength\nAfraid not of none of you cowards but of my own strength\n\n[Verse 3]\nFrom crack pushers to Lac' pushers and ambushers\nAnd morticians to fortresses, case-dismisses\nLaced in riches, cake ridiculous\nFrom nickel and dimin' to trickin' them diamonds\nVegas, places in Switzerland\nFrom non-blastin' to auto, I don't have to blast mine\nThey blast mine, black 9, you flatline, my cash climb\nBuy rare art, antique pieces, Mona Lisa's, own no leases\nFive-star restaurant eaters; don't forget who your peeps is\n'Sposed to dine with you, sip that good wine with you\nOnly if they grind with you or slang for ya\nSeen niggas live, laugh, party and die in that very same corner\nPretty girls glance at us, status unconceivable\nPrivate planes landed out in Teterboro, weed I twirl\nOnce even gave me a phobia, that I be in a spot trapped like Madame Zenobia's with this kid eyein' my Rollie, y'all\n\n[Chorus]\nJoin me in war, many will live, many will mourn\nMoney Over Bullshit, pistols over brawn\nAfraid not of none of you cowards but of my own strength\nAfraid not of none of you cowards but of my own strength\n(My own strength nigga, that's what I'm scared of, ha-ha)\nJoin me in war, many will live, many will mourn\nMoney Over Bullshit, pistols over brawn\nAfraid not of none of you cowards but of my own strength\nAfraid not of none of you cowards but of my own strength\n\n[Outro]\nThere it is, QB, bitch! Yeah\u2026\nQB, bitch! Yeah, yeah\u2026 QB, bitch!", "image": "https://images.genius.com/ff6738f83747060eafd4a7af4964cd8f.1000x1000x1.jpg"}], "artist": "Nas"}