{"songs": [{"title": "My Will (Honeymoon is Over)", "album": null, "year": null, "lyrics": "[Intro]\nAiyyo whattup niggas?\nFresh off the honeymoon\nThe honeymoon's over\nFresh off vaca' (Yeah, yeah)\nI'm jet-laggin', still jet-laggin'\nBut this just a preview\nLet's get it on again y'all\n\n[Verse]\nI designed it, rhymed it, flow classic\nYou askin' who am signed with?\nThe real deal's Ill Will, stay scomit\nWhy's drama when other artists pay homage\nYou hatin any rapper I do a song with\n\"What's wrong with Nas helpin' crews get stronger\"\nYou selfish, wantin' me to yourself\nBut prophets need help too, y'all see Nas get insulted\nI ride for the real shit, High as the Lock's get melted\nTwelve Years, givin' you nuttin' but big moments\nHow can Murda Inc not wanna fuck wit\nThe top hustler - R.O.C. crusha\nNas a legend 'fore BIG & Pac left us\nBubbled wit Dr. Drizze, you heard it on Makaveli\nSayin': \"Nas is ring leader, brings Ether, brings heater\"\nYour dream teamer scream, \"He's the Supreme Teacher\"\nSimilar to anybody you know\nOh, I created, cremated, bodied that flow\nAnyone you think is fuckin' wit me\nBetter be vets, better be Ra, better be Kool G, or KRS\nBetter be LL, or Slick or them\nNeva put me in the Top Ten, bitch!\nIt's disrespect to the life that burnt the verses\nOr nigga writes who comes first\nIt's the Ice Cube, MC Shan, them type dudes\nSo BET's list was wrong, don't get me wrong\nI did chill in the throne alone so long\nThis is my My Will\n\n[Outro]\nYeah, Escobaro Cigars, that's how we doin' it\nAyyo Quan, welcome to the game!\nShot-out to Ill Will (This is my my will)\nBravehearts stand up! Whuttup Scarface?\nWhuttup Tre Williams? (This is my will)\nIll Will '05, what y'all know 'bout that?\nQueens, Queens I know you miss me\nI gotchu, I gotchu Queens, New York stand up!\nAha, I gotchu baby, let's do it again!", "image": "https://images.genius.com/23061dd2dc7e863127db561906debd27.434x434x1.jpg"}], "artist": "Nas"}