{"songs": [{"title": "Life's a Bitch (Arsenal Mix)", "album": "Illmatic XX", "year": "2002-06-04", "lyrics": "[Verse 1: AZ]\nVisualizing the realism of life in actuality\nFuck who's the baddest, a person's status depends on salary\nAnd my mentality is money-orientated\nI'm destined to live the dream for all my peeps who never made it\nCause yeah, we were beginners in the hood as 5 percenters\nBut somethin' musta got in us cause all of us turned to sinners\nNow some rest in peace and some are sittin' in San Quentin\nOthers such as myself are trying to carry on tradition\nKeeping this Schweppervescent street ghetto essence inside us\nCause it provides us with the proper insight to guide us\nEven though, we know somehow we all gotta go\nBut as long as we leaving thievin'\nWe'll be leavin' with some kind of dough, so\nUntil that day we expire and turn to vapors\nMe and my capers, will be somewhere stackin' plenty papers\nKeeping it real, packing steel, getting high\nCause life's a bitch and then you die\n\n[Hook: AZ]\nLife's a bitch and then you die\nThat's why we get high\nCause you never know when you're gonna go\nLife's a bitch and then you die\nThat's why we puff lye\nCause you never know when you're gonna go\n\n[Bridge 1: Nas]\nTimes is Illmatic\nTimes is Illmatic\nTimes is Illmatic\n(Destined to live the dream for all my peeps who never made it)\n\n[Bridge 2: ?]\nYou gotta get the ground beneath your feet partner\nGet the wind behind your back\nRide the blades of Glory if you got to\nOtherwise you ain't shit\nYou might as well be (?) your damn self\n\n[Verse 2: Nas]\nI woke up early on my born day; I'm 20, it's a blessing\nThe essence of adolescence leaves my body, now I'm fresh and\nMy physical frame is celebrated cause I made it\nOne quarter through life some Godly-like thing created\nGot rhymes 365 days annual plus some\nLoad up the mic and bust one, cuss while I pus from\nMy skull cause it's pain in my brain vein, money maintain\nDon't go against the grain, simple and plain\nWhen I was young, at this I used to do my thing hard\nRobbin foreigners, take their wallets, their jewels, and rip their green cards\nDipped to the projects flashing my quick cash and\nGot my first piece of ass smokin blunts with hash\nNow I think about cash in abundance\nNiggas I used to run with is rich or doing years in the hundreds\nI switched my motto; instead of saying \"fuck tomorrow\"\nThat buck that bought a bottle could've struck the lotto\nOnce I stood on the block, loose cracks produce stacks\nI cooked up and cut small pieces to get my loot back\nTimes is Illmatic, keep static like wool fabric\nI Pack a 4-matic to crack your whole cabbage\n\n[Hook: AZ]\n\n[Bridge 1: Nas]\n\n[Outro: Arsenal]\nYea, you know the flavor, Nas and AZ on the remix joint\nThis is another explosion from the Arsenal\nYes, man", "image": "https://images.genius.com/1ab51dbafd9e2abb1817cfbf10dd00a5.1000x1000x1.jpg"}], "artist": "Nas"}