{"songs": [{"title": "I Can (Remix)", "album": null, "year": null, "lyrics": "[Hook : Kids]\nI know I can\nBe what I wanna be\nIf I work hard at it\nI'll be where I wanna be\n\nI know I can (I know I can!)\nBe what I wanna be (be what I wanna be!)\nIf I work hard at it (If I work hard it!)\nI'll be where I wanna be\n\n[Verse 1 : Rakim]\nI'm from the home of a million legends and trend settin\nA lot of footsteps to follow, I've been steppin\nMind stressin tryin to find direction, crime spreading\nTime precious, I ain't have rest since 9/11\nI live fast, hustle like today is my last\nI get cash, the struggle's like a day on the Ave\nCrack, D and raw, gats squeezin off\nManhattan streets in awe from casualties of war\nThe eve of the Apocalypse, evil people in politics\nEvery block is at risk, the metropolitan metropolis\nThe opposite of Liza Minelli and Frank Sinatra\nAlicia Keys, Nas and Ra the gangsta's opera\nSo New York City walk with me, talk gritty\nIt's up to us New York it's our city\nHere the man come with the anthem, hands up\nIt's time the thrill is back New York, let's stand up\n\n[Hook : Kids]\nI know I can\nBe what I wanna be\nIf I work hard at it\nI'll be where I wanna be\n\nI know I can (I know I can!)\nBe what I wanna be (be what I wanna be!)\nIf I work hard at it (If I work hard it!)\nI'll be where I wanna be (I'll be where I wanna be!)\n\n[Verse 2 : Nas]\nFor brothers who died from black-on-black violence\nFrom here to the Dark Continent were rebels sell diamonds\nTo clients all over the world, got little Black girls dyin'\nAnd can we please pour some more liquors?\nFor Will, Bokeem, Bar, Pappy -- my niggas\nHere's another Warrior Song from Nasty and Quan\nIt's to him I pass the baton to carry this on\nStreet's Disciple, salute to those who's gone with bullets\nAnd I promise through rhymin' Quan gon' rep his life to the fullest\nAnd can we please have a moment of truth?\nFor soldiers and troops away with helmets and boots\nAnd families back home who pray they make it home safe\nHopin' that they don't get hit with a stray or missiles\nThis is just a moment to let you all know that we miss you\nMommy I'm still here, wishin' I was there with you\nLet's take 'em home\n\n[Hook : Kids]\nI know I can\nBe what I wanna be\nIf I work hard at it\nI'll be where I wanna be\n\nI know I can (I know I can!)\nBe what I wanna be (be what I wanna be!)\nIf I work hard at it (If I work hard it!)\nI'll be where I wanna be (I'll be where I wanna be!)\n\n[Verse 3 : 2Pac]\nI want money in large amounts, my garage full of cars that bounce\nMovin' my tapes in major ways cause every dollar counts\nBusters is jealous and half these niggas is punks\nThey runnin' off at the mouth 'til I fill it up with my pump\nThey jump, my automatic keep 'em wary\nWhy you frontin' like you Billy bad-ass, nigga you scary\nI've been knowin' you for years, we was high school peers, in junior high\nI was itchin' to kill, and you was, ready to die\nWhile you bullshittin', niggas was dyin' and catchin' cases\nBustin' my automatics at motherfuckers in foreign places\nLeavin' no trace, they see my face and they buried\nThem bitches die in a hurry, still I ride, I'm never worried\nMr. Makaveli tell me to ride, and I'mma ride\nPick my enemies out the crowd, and motherfuckers die\nIt's not the way I wanna live, my nigga it's how it is\nHomey got into a fight last night, that killed his kids\nIn this life I lead\n\n[Hook : Nas + Kids]\nI know I can (I know I can!)\nBe what I wanna be (be what I wanna be!)\nIf I work hard at it (If I work hard it!)\nI'll be where I wanna be (I'll be where I wanna be!)\n\n[Hook : Kids]\nI know I can (I know I can!)\nBe what I wanna be (be what I wanna be!)\nIf I work hard at it (If I work hard it!)\nI'll be where I wanna be (I'll be where I wanna be!)\n\n[Bridge : Kids]\nOoohh\n\n[Outro : Nas]\nSave the music y'all, save the music y'all\nSave the music y'all, save the music y'all\nSave the music", "image": "https://images.genius.com/23061dd2dc7e863127db561906debd27.434x434x1.jpg"}], "artist": "Nas"}