{"songs": [{"title": "White Label", "album": "NASIR", "year": "2018-06-15", "lyrics": "[Intro: Mano]\nY'all niggas better not be coming around me with that fugazi no more, you know? Got that thang for your ass, you know?\n(I'm gonna, I'm gonna, I'm gonna, I'm gonna, I'm gonna\nI'm gonna have to leave you)\n\n[Verse 1]\nA vet stylin' in Met Gala, tuna salad from La Scala\nBlack sweats, swallow a lot of reefer\nGod, it hard to quit the bottom feeder, lobster eater\nWhen I fast, I see Elijah's features\nA million cash for a Nas feature\nNah it's cheaper, do it for free if you do it for me\n52 bar verse if the beat is movin' me\nStumble through customs, coppin' Cubans at the Duty Free\nLayin' on the most expensive beds, still I'm losin' sleep\nNext to Jet's Beauty of the Week 1993\nChin-grabber, neck-choker, in-her-mouth-spitter\nBlouse-ripper, ass-gripper, that dig-you-out nigga\nI ain't gon' hold you, old head gave me old news\nI don't owe you, shoulda heard when I told you\nYou are an extension of what I've worked hard to build\nYou believe in your own lies, can't be real\nAnd the odds is that what you love can kill you\nLike a heart physician who dies from a heart attack\nI know the consumer behavior, I target that\nYou impressed with what they wearin', I started that\n\n[Verse 2]\nIt's kinda terrific, the product of Slick Rick\nSomebody woulda told me then I would come outta this shit rich\nAnd start up a business, I woulda thought they was playin'\nAll them niggas I ran with, all that weight they was weighin'\nA light bulb switched in my mind at the classes I cut\nJust a spazz, puttin' wax in the blunt\nThe baddest I want, she wear Lipmatic to front\nWe building businesses, you can be mad if you want\nIt's bubbly 'til it's bubbles we see\nDrinkin' like Dean Martin is nothin' to me\nThe spirits is somethin' I can't part and it's fun to be me\nSo cheers, here's to the Kanye production this eve\nWar of the Roses, it's war, baby\nMy nigga High said it's me, I drive 'em all crazy\n\n[Outro: Sample]\n(I'm gonna, I'm gonna, I'm gonna\nI'm gonna, I'm gonna, I'm gonna, I'm gonna\nI'm gonna, I'm gonna, I'm gonna)", "image": "https://images.genius.com/a9abb4468d35dbcbb121cd5e44c6c989.1000x1000x1.jpg"}], "artist": "Nas"}