{"songs": [{"title": "Nas' Angels... The Flyest", "album": "Charlie's Angels: Full Throttle", "year": "2003-06-24", "lyrics": "Word word word word\n\n[Nas]\nI come through in a new double R listening to smiling faces\nCheck out my jewelry piled in your faces\nItalian air forces leather laces with the basket weave\nIron in your face so fast from the draft so sneeze\nIt's the nastiest, flashiest, turn girls to masochist\nCause I be giving them pain, it's a cold world, I laugh as if\nBernie Mac will be snappin' on you\nBut I ain't a joke; you think I'm here to entertain you\nFallen angel after them halos\nNobody moves until I say so, take the money out the safe slow\nEscape route and I'm out, I cake out like Entenmann's and Breyers\nThe flyest\n\n[Hook]\nYou got to be the flyest\nI know your ass is mean, like you be strappin them\nJeans, but you can work it like that\nYou got to be the flyest\nYou just take my pumps while standing in your pumps\nCause you can work it like that\nYou got to be the flyest\nYou just breathe and stare while I'm pulling your hair\nCause you can work it like that\nYou got to be the flyest\nYou can be Nas's angel, let the largest train you but\nYou work it like that\n\n[Nas]\nUh, Philly rap a hydro, puffing on a line slow\nYour CD needs me, keep it kickin' like Del Greco\nPull up at the Delano South Beach I know\nFor King Solomon jury security in the Tahoe\nSpandex for money, I stay on the tight\nG-packs and weed stacks stay on the flight\nElbow out the left window, K's on the right\nCanary out her ears, you know she playing them right\nHilton style, Billionaire Boys club\nBraveheart, y'all don't want no war with us\nDump a semi out a Maybach, I made girls bust\nWhen I hit them full thrust, full throttle\n\n[Hook]\n\n[Nas]\nBig living, what it tastes like, tapes right, used to hate life\nTo move an eight, every night was my passion\nPipe bombs safe from stashes, Aston's, Rolls Royces\nCold oysters and many sorts of women shake like horses\nI got them peeling out their clothes, really about this dough\nProblem, hear me out just scone from my pistol poppin'\nIt's at my mind, just a mystery school\nBrainwash them, then fix them with my tools\nMami hit me with some moves\nI'm addicted to spinning, dipping these women in different waters\nWatching for dudes with tape recorders on them cause they informants\nI been okay with these warmers\nGirls harass me and gas me and say that I'm enormous\n\n[Hook]\n\nMove your waist girl.. Yeah yeah (x2)\nYou got to be Nas's Angel\nYou can be Charlie's Angel\nYou can be Nas's Angel", "image": "https://images.genius.com/ec0a8599f80c7c8e636e2c62a3e1711c.500x500x1.jpg"}], "artist": "Nas"}