{"songs": [{"title": "Hate Me Now", "album": "I Am...", "year": "1999-04-06", "lyrics": "[Produced by D Moet, Pretty Boy & Trackmasters]\n\n[Intro: Nas and Puff Daddy]\nEscobar Season has returned\nIt's been a long time, been a long time comin'\nIt's life or death for me now\nBut you know, there's no turnin' back now\nThis is what makes me, this is what I am\nFeel me? Let's go\n\n[Chorus 1: Puff Daddy and Nas]\nYou can hate me now, (Q.B.)\nBut I won't stop now (Real niggas)\n'Cause I can't stop now, (Bravehearts)\nYou can hate me now (C'mon)\nBut I won't stop now\n'Cause I can't stop now\nYou can hate me now\nYou can hate me now\n\n[Ad-lib over Chorus: Puff Daddy (Nas)]\nWell, you hate me, I'm gon' hate you too\nIt's as simple as that\nDie motherfucker, die motherfucker, die!\nYou don't give a fuck, I don't give a fuck\nGo down any way you want it to go down (do it now)\nWeak, jealous motherfuckers! (do it now, do it now)\nFuck y'all!\n\n[Verse 1: Nas]\nDon't hate me, hate the money I see, clothes that I buy\nIce that I wear, flows that I try\nClose your eyes, picture me rollin', Sixes, money foldin'\nBitches, honeys that swollen to riches, Nas get in ya\nMost critically acclaimed Pulitzer Prize winner\nBest storyteller, thug narrator, my style's greater\nModel dater, big threat to a lot of you haters\nCommentators ringside try watchin' my paper\nAlmost a decade, quite impressive\nMost of the best is in the essence for this rap shit that I stand for\nExpandin' more to the big screen, Bill Gates dreams\nBut it seems you'd rather see me in jail with state greens\nWant me off the scene fast, but good things last\nLike your favorite MC still makin' some mean cash\nFirst rapper to bring a platinum plaque back to the projects\nBut you still wanna hate, be my guest, I suggest\n\n[Ad-libs: Puff Daddy]\nMoney is power, motherfucker!\nI got millions of thugs on salary, bitch!\n\n[Chorus 2: Puff Daddy]\nYou can hate me now, (I won't stop)\nBut I won't stop now (I can't stop)\n'Cause I can't stop now, (You can hate me)\nYou can hate me now (I hate you too)\nBut I won't stop now (You can hate me now)\n'Cause I can't stop now (You can hate me now)\nYou can hate me now\nYou can hate me now\n\n[Ad-Libs: Nas and Puff Daddy]\nDo it now! I told you, do it now!\nLet's go\n\n[Verse 2: Nas]\nYou wanna hate me, then hate me; what can I do\nBut keep gettin' money? Funny, I was just like you\nI had to hustle hard, never give up, until I made it\nNow y'all sayin': \"That's a clever nigga, nothin' to play with.\"\nHate on me, I blew but I'm the same O.G.\nPeople warn me, when you're on top there's envy\nTook my niggas out the hood, but you doubt on us\nSayin' we left the hood but can't get it out of us\nMy bad, should I step out my shoes, give 'em to you?\nHere's my cars and my house, you can live in that too\nCriticize when I flow for the streets, hate my dress code\nGucci this, Fendi that \u2013 what you expect, ho?\nNickname Esco, took this game to its threshold\nBest flow, I bet the whole U.S. know\nTry to make it like you the realest, but who the illest?\nThink we all know the answer to that, 'cause niggas feel this, right?\n\n[Ad-libs: Puff Daddy]\nYou think I'ma come this far\nAnd let you niggas stop me now?\nI hate you too!\n\n[Chorus 2: Puff Daddy]\nYou can hate me now, (I won't stop)\nBut I won't stop now (I can't stop)\n'Cause I can't stop now, (You can hate me)\nYou can hate me now (I hate you too)\nBut I won't stop now (You can hate me now)\n'Cause I can't stop now (You can hate me now)\nYou can hate me now\nYou can hate me now\n\n[Ad-libs: Puff Daddy]\nI like this, I like the way this feels\n\n[Verse 3: Nas]\nIt's a thin line between paper and hate\nFriends and snakes, nine milli's and thirty-eights\nHell or the Pearly Gates; I was destined to come\nPredicted, blame God, he blew breath in my lungs\nSecond to none, wicked turn wives to widows\nShoot through satin pillows, the desolate one\nTook a little time to claim my spot\nChairman of the board until this game stop, and I side with the Lord\nRide for the cause while drivin' niggas shot at my doors\nPlottin' I'm sure, to catch me with they Glocks to my jaws\nTried stickin' me up, but I flipped on these ducks\nInstead of me, ambulances were pickin' them up\nNiggas fear what they don't understand\nHate what they can't conquer, guess it's just the theory of man\nBecame a monster, on top of the world, never fallin'\nI'm as real as they come, from day one, forever ballin', c'mon!\n\n[Ad-libs: Puff Daddy]\nYou ain't never seen a nigga like me ever in your life\nAnd that's what you can't understand!\n\n[Chorus 2: Puff Daddy]\nYou can hate me now, (I won't stop)\nBut I won't stop now (I can't stop)\n'Cause I can't stop now, (You can hate me)\nYou can hate me now (I hate you too)\nBut I won't stop now (You can hate me now)\n'Cause I can't stop now (You can hate me now)\nYou can hate me now\nYou can hate me now\n\n[Outro: Puff Daddy and Nas]\nYou can hate me now, (C'mon, niggas!)\nBut I won't stop now (Do it now! Get this shit over with!)\nIt ain't gon' never stop, niggas!", "image": "https://images.genius.com/df0314fafd47c463dc48d70452e32a38.200x200x1.jpg"}], "artist": "Nas"}