{"songs": [{"title": "Getting Married", "album": "Street's Disciple", "year": "2004-11-30", "lyrics": "[Intro: Nas + crowd]\n\"Picture us married, you and me,\" what?\n\"K-I-S-S-I-N-G\"\n\"I remember the first time, girl you and me . . .\"\n\n[Verse 1: Nas]\nThis ain't no sucka-for-love shit\nThis ain't no Huxtable-kisses-and-hug shit\nFirst night we fuck, shit, and don't call the next day\nThis a thug's wedding day, in love\nWill we make it? Let us pray\nIn the limo my niggas, my father, my brothers\nEverybody in tuxes gettin' blunted\nHard bottles, mob costumes this ain't no act though\nFactual, the pimp shall scoop no more\nYes I'm absolutely sure\nI know that she love me, I know that she faithful\nWe spoke on a prenumptial agreement\nCuz Will and Jada ain't need it\nSpoke on eloping, but then I deaded the thought\nCuz she deserves cinderella's ball and the whole shit\nBut know this\nYou fuckin' wit' a slit your throat quick\nVehicular explosion, cigar smokin', dark minded, chart climbin\nWell spokin say farewell to broke men or rich ones\nThrow them phone numbers away cuz this is it hun\nHeaded to the chapel, my niggas laughin, and its baffling\nCuz just a year ago, it's weird though, I knew I'd get married\nTo who I knew not\nThought of snatchin Halle up from the dredlock\nPumpin Sade, my head nod\nFinally I met the perfect bitch, pardon my French\nRephrase that, someone who make my heart stop\nCouldn't wait to blaze that\nTired of hoppin' from honey to honey, HIV spreadin'\nEverybody bump the same bunnies\nThe game, will put niggas in they grave\nRight before they part ways, with the street\nI want a son to greet, every mornin'\nDaughters and more sons tickle my feet\nWife smilin, tellin me it's time to eat\nI'm getting married\n\n[Hook: Nas] (3X)\nSay hello to the man, goodbye to the gigalo\nIt was difficult for me to find the chick I want\n\n[Verse 2: Nas]\nIt was my dream for my queen to put the ring on and ride\nEven Martin Luther King had a fling on the side\nThat's what the negative one's say\nKnew my wedding would be one day, but quickly its this day\nI know the hoes gonna miss me\nLookin' at ol' photos, sayin' damn he used to twist me\nStart chokin' up since I woke up\nBachelor party was crazy, tryin' hard just to sober up\nFather saw me in a daze, nudged me wit' his left arm\nTold me how him and moms went to city hall, dressed norm\nSaid she would love me in my Ozwald Boateng\nCustomized in London by guys who suitup kings\nGirl, you get the rings young, you behave\nMaxwell he gon' sing, invited Lauryn Hill and the gang\nBaltimore, North Cacky, Mississippi\nFamily packed in, My nigga L is crazy tipsy\nSpilled Pepsi on the cuflings, ginger ale got it out\nWalked in the church, chest all big to thug it out\nMy girl walked in, glistenin', different stones\n'Bout to go from my fiance' to Mrs. Jones\nThat's a union that nobody could touch\nI gotta be cool, wit ur crazy aunts and uncles\nCuz I love you much, cuz you put up wit' my shit\nCourt cases, baby mamas\nI make a honest woman outta you yet\nEverybody starin' at you, I'm at the alter standin\nHeart poundin out my chest like a canon\nI'm happy, One of my groomsmen, under the music, says don't do it\nBut they just jokes, some crew shit, they playin', I'm gleeful\nI'm stayin I'm sayin vowels all true\nWill you take music as your wedded wife? I DO\nSike, this ain't about music, y'all know who I'm talkin to\nI'm getting married\n\n[Hook]\n\nI'm getting married\n\n[Produced by Chucky Thompson]", "image": "https://images.genius.com/65c98702fc773f6dafd41563fe5c5485.500x500x1.jpg"}], "artist": "Nas"}