{"songs": [{"title": "Fetus", "album": "The Lost Tapes", "year": "2002-09-23", "lyrics": "[Intro]\nYeah..\nI want all my niggas to come journey with me\nMy name is Nas, and the year is 1973\nBeginning of me, therefore, I could see\nThrough my belly button window, who I am...\n\n[Verse 1]\nI existed in a womb, just like an abyss\nCame from behind the sun, my hands balled in a fist\nPunching on my moms stomach, kicking on her cervix\nTwitching 'cause I'm nervous, though my intended purpose\nWas to be born to reign, not in scorn or vain\nBut to take on a name, my pops chose for me\nBloodstream full of indo, developing eyes\nNine-months process, infant size\nA prophet in his early stages, mother in her early thirties\nWas married to pops, wishing what she carried would drop\nI'm not worthy to come from a woman so pure, Ann Jones\nFlesh of her flesh, blood of her blood, her blood and bones\nHearing prayers, she asking for my good health\nThat I'd become a man and learn to make a way for myself\nNervous she was, and her paranoia got in my blood\nMixed with marijuana from my daddy's genes\nLot of screams I'm hearing, it's crazy, both parents is scrapping\nI'm not even a baby, a miscarriage could happen\n\n[Chorus]\nI shot my way out my mom dukes\nI shot my way out my mom dukes\nI shot my way out my mom dukes\nI shot my way out my mom dukes\n\n[Verse 2]\nYo, they must wanna keep me, 'cause four months pass, I'm still alive\nGuess I got what you call an Ill Will to survive\nWhen I look hard, the lights is killing my eyes\nI know when moms layin down, I get bored, start to get live\nMove side to side, hear loud music and vibe\nAll black babies are born with rhythm, that's no lie\nSolar energize, mineralize food flowing through my mother's tube\nI'm covered in this thick layer of goo\nMonth two was the least most comfortable\nMy umbilical cord choking me, but month three was closer, see\nThat's when pops took moms to see the doc at the clinic\nBut I was saved, he changed his mind in the last minute\nWatching 'em yell, heard my moms voice well\nFeared fist fights, so terrified when we fell\nWhile they broke up furniture and smashed plates on the wall\nI wondered, \"If I am born, will I be safe at all?\"\nThis place they call the world though my view was so large\nCouldn't wait to get up, grow up and take charge\nMonth five, month six went by, hoping I'm born in July\nBut the Lord already figured out a date and time\nSeptember 14th, 73\nGet ready, world, doctor's in the front waiting for me\nArms open 'cause they know when I drop, a lot of shit's gon' stop\nSee how the government start retraining cops\nMonth nine, I'm a week overdue, the labor induced\nPops told my moms to push and take deep breaths too\nSaid \"Stay calm,\" holding her arm, I'm trying to hold on\nSurgical gloves touching my scalp, my head pops out\nEverything is blurry, my first breath screams out\nTears pouring down my pops face, he's so proud\nWanting to hold me, but I was so bloody\nThey washed me off and he say, \"At least that nigga ain't ugly\"\nPlaced me in his arms snugly, laid me on my mother\nFinally, I got to see who held me in her body, she loved me\nAnd yo, I plan to overthrow the Devil\nAnd y'all bout to see this world in trouble, motherfuckers\n\n{*Doctor slaps the baby; the baby screams*}", "image": "https://images.genius.com/6438e249e54997f8504fca57219b4738.1000x1000x1.jpg"}], "artist": "Nas"}