{"songs": [{"title": "March Madness (Remix)", "album": null, "year": "2016-01-30", "lyrics": "[Intro: Future]\nDress it up and make it real for me\nWhatever that fucking means\n\n[Hook: Future]\nDirty soda in a styrofoam\nSpend a day to get my mind blown\nDress it up and go to Nassau\n200 miles on the dash\nAnd gotta roll a pound up and gas it\nSwitching lanes in a Grand Rapide\nWe the ones that kept it cool with all these niggas\nTil these niggas start acting\nShoot a nigga like a film in a movie\nNigga, gone let 'em have it\nBallin' like the March Madness\nAll these cops shooting niggas, tragic\nI'm the one that's living lavish\nLike I'm playing for the Mavericks\nI didn't wanna fuck the bitch, the molly made me fuck her even though she average\n\n[Verse: Nas]\nReflect with radiance\nRising consciousness of my people in the stadiums\nOr I can get ignorant like that nigga Maury Povich portray us as\nI'm hip hop baby dad\nAnd all of y'all my litter, my little kids\nAnd my label's Mass Appeal\nA blunt, a pill and some liquor\nI get to my hitters, they spray your ass\nGet money fast, R.I.P. the check, smell my kilo breath\nI spit and I freeze you to death\nCuban tobacco mouth, trap nigga cologne\nBeen had the OG respect\nPick the city, I knock four of ya' baddest\n16 chillin' with Supreme Magnetic\nFort Greene nigga with a little Queens bastard\nNow I'm in a Ghost or a Benz or an Aston, icon status\nAnd we still strapped case you niggas want static\nStill ballin', still mackin'\nNiggas ain't a 100, he 60/40\nWe 50/50, that's automatic\nMy niggas got open cases\nBut niggas got watches and bracelets\nAnd cee-lo, I never throw aces\nDon't give a fuck about racists\nPray that my niggas come out of the FEDs\nShout to my niggas who dead\nWe got the stripes\nAll I got is my real niggas for life\nNas pour henny, Future pour dirty sprite\n\n[Hook: Future]\nDirty soda in a styrofoam\nSpend a day to get my mind blown\nDress it up and go to Nassau\n200 miles on the dash\nAnd gotta roll a pound up and gas it\nSwitching lanes in a Grand Rapide\nWe the ones that kept it cool with all these niggas\nTil these niggas start acting\nShoot a nigga like a film in a movie\nNigga, gone let 'em have it\nBallin' like the March Madness\nAll these cops shooting niggas, tragic\nI'm the one that's living lavish\nLike I'm playing for the Mavericks\nI didn't wanna fuck the bitch, the molly made me fuck her even though she average", "image": "https://images.genius.com/ddbe54439c9cf240d87ca3a075a47e78.715x715x1.jpg"}], "artist": "Nas"}