{"songs": [{"title": "Nastradamus", "album": "Nastradamus", "year": "1999-10-26", "lyrics": "[Produced by L.E.S]\n\n[Intro]\nUh, 2000 G\n\n[Verse 1]\nYo, I need an encore y'all, you should welcome me back\nYou wanna ball 'till you fall, I can help you with that\nYou want beef? I could let a slug melt in your hat\n'Cause I'm a wild barbarian, too hard, I'm scaring 'em\nCentury 21 solar eclipse\nWhile you listening to the words that I wrote on the disc\nThelonius, my description is doo-rags, pants sag down to my feet\nAK is my heat, everyday in the street 'til I lay six feet\nQB, PJs, and we playing for keeps\nJewelry, cars and Jeeps is my motto\nFour-fives with the hollows, silencers on the nozzles\nPop bottles with those who left here\nThe best years, wearing a bulletproof vest years\nThe aim for the head and chest years\nWhat's your name? Make your name known\nFor the next year's, better rep, yeah\n\n[Chorus]\nNasty, Nas to Esco to Escobar\nNow he is Nastradamus\nNasty, Nas to Esco to Escobar\nNow he is Nastradamus\nNasty, Nas to Esco to Escobar\nNow he is Nastradamus\nNasty, Nas to Esco to Escobar\nNow he is Nastradamus\n\n[Verse 2]\nI let y'all niggas bang my shit before Saddam hits\nLet Nastradamus tell us what time it is\nI was the first one on that Don shit\nFirst nigga to sing a hook on some TJ Swan shit\nBlack ski masks up in the projects, camoulflage, full clips\nRun up in your crib, tie up your bitch\nWeigh the bricks and we loco, so broke, brown coke won't sell\nSpending your money on weed, smoke and hotels\nHood rats and bullet wound up females\nGot babies by hustlers and niggas in jail\nSlinging for chips and fiends with burnt finger tips\nBase heads, killed cab drivers just for a hit\nA week later, sporting Gators, getting thrills\nOur honies wearing Gucci high heels\nShe come to scoop me, I chill\nLeave the streets alone for a sec\nHit the sky bar on sunset, then the sex is so high-tech\nUh\n\n[Chorus]\nNasty, Nas to Esco to Escobar\nNow he is Nastradamus\nNasty, Nas to Esco to Escobar\nNow he is Nastradamus\nNasty, Nas to Esco to Escobar\nNow he is Nastradamus\nNasty, Nas to Esco to Escobar\nNow he is Nastradamus\n\n[Verse 3]\nNow, lounge homeboy, you in the Godly zone\nRest in peace, Ill Will, now your name's on the throne\nAnd we gon' rep it the best that we can\nPhysically, you was killed by the weapons of man\nBut where you at now, you lamp, laid and max now\nWhere Bravehearts put they rap down in honor of your name, you a legend\nAnd they don't understand how you CEO from heaven\nBut that's another level, brethren\nTwo G's, we got the type fam with MAC-11's\nWe do squeeze, thought it's not right\nBut that's the zone that we left in\nBentleys, Porches, Piaget watches\nSick with the bread, Lamborghini trucks topless\nLaptops with 100 gigabytes, ninja bikes\nAnd we all roll dice, for each other's ice\nAnd how does one guy multiply to more than five wise guys?\nBut only one man, only the mind's eye can understand that I'm...\n\n[Chorus]\nNasty, Nas to Esco to Escobar\nNow he is Nastradamus\nNasty, Nas to Esco to Escobar\nNow he is Nastradamus\nNasty, Nas to Esco to Escobar\nNow he is Nastradamus\nNasty, Nas to Esco to Escobar\nNow he is Nastradamus\n\n[Outro]\nIll Will\nNastradamus\nNew LP for the 2G\nUh\nBravehearts\nNation\nBig Things\nLucciano\nOh, the Lord again\nM-O-B-B Deep\nZaire\nJungle\nWiz, horse\nL-E-S, L-E-S", "image": "https://images.genius.com/4a3e1ac5e38a56d18f21e5cf9b55ea07.500x500x1.jpg"}], "artist": "Nas"}