{"songs": [{"title": "The World is Yours (Q-Tip Remix)", "album": null, "year": "1994-05-31", "lyrics": "(Who's world is this?) 2x\n\n[Verse 1: Nas]\nI sip the Dom P, watching Gandhi 'til I'm charged\nWriting in my book of rhymes, all the words past the margin\nTo hold the mic I'm throbbing, mechanical movement\nUnderstandable smooth shit that murderers move with\nThe thief's theme, play me at night, they won't act right\nA fiend of hip-hop, it's got me stuck like a crack pipe\nThe mind activation, react like I'm facin' time like\n'Pappy' Mason with pens I'm embracin'\nWipe the sweat off my dome, spit the phlegm on the streets\nAnd the Nikes on my feet keep my cipher complete\nWhether cruising in a Sikh's cab, or Montero Jeep\nI can't call it, beats make me falling asleep\nI keep falling, but never falling six feet deep\nI'm out for presidents to represent me (Get money)\nI'm out for presidents to represent me (Take money)\nI'm out for dead fucking presidents to represent me\n\n[Hook]\n(Whose world is this?)\nThe world is yours\nDisciple of the projects slash verbal murderer\n(Whose world is this?)\nYeah, the world is yours\nTo the philly bluntheads, crack-pumping drug murderers\n(Whose world is this?)\nThe world is yours\nTo my niggas coming home from lockdown with new plans\n(Whose world is this?)\nFuck it, the world is mine\nHolding a stolen cop's Glock with G-notes in my hand\n(Whose world is this?)\n\n[Verse 2: Nas]\nTo my man Ill Will, God bless your life\nTo my peoples throughout Queens, God bless your life\nMy insight enlights vision\nWords of wisdom, niggas pay me intuition to listen\nTo murder paragraphs of mysticism\nMan plant seeds that brings forth multiple breeds\nSo many cultures on one planet but one culture's free\nSon, I need weed to proceed\nChange the flow speed and I'm getting vex Giuliani you 6-6-6\nThere's no days for broke days selling smoke pays\nI toke the chocolate potent philles never roach-sprayed\nShit is a hassle, the bridge is like a haunted castle\nThe mic's my religion, the system is the Devil's lasso\nAnd yo, the trife life is the most influential\nThough colors on men's skins and pens is coincidental\nHow you living, large or broker?\nYou're wasting time extorting papers from smokers\nCatching court papers getting broker\n\n[Hook]\nThe world is mine\nPersona of late Tony Montana yet gettin' mine\n(Whose world is this?)\nThe whole world is mine\nWho want it, I never front it, I'm forever blunted, gettin' lye\n(Whose world is this?)\n\nHenny up with the lye (La la la)\nNever stop, we don't stop (La la la)\nThe hennylo, puffin' lye y'all (La la la)\nDon't stop the hennylo (La la la)\nWho puff the lye? (La la la)\nEveryday, puff the lye plus the hennylo (La la la)\n\n[Verse 3: Nas]\nI'm the young city bandit, hold myself down single-handed\nFor murder raps, I kick my thoughts alone, get remanded\nBorn alone, die alone, no crew to keep my crown or throne\nI'm deep by sound alone, caved inside a thousand miles from home\nI need a new nigga, for this black cloud to follow\n'Cause while it's over me it's too dark to see tomorrow\nTrying to maintain, flip, fill the clip to the tip\nPicturing my peeps not even could make my heartbeat skip\nAnd I'm amped up, they locked the champ up, even my brain's in handcuffs\nHeaded for Indiana stabbin' bitches like the Phantom\nThe crew is lampin' Ill Will style\nCheck the gold-toothed smile, plus I profile wild\nStash through the fly clothes, burnin' dollars to light my stove\nWalk the blocks wit a bop\nChecking dames plus the games people play\nI check the games plus the games people play\nBust the problems of the world today\n\n(Who's world is this?) 5x\n(La la la, la la la, la la la la la) (Repeated until end)\n\n[Outro]\nYeah yeah, yeah Wizard, keep that lye in the air\nYo, I wanna give a shout out to the whole fuckin' Queens\nMy man Tipster on the boards, keepin' it real Lord\nThe Queensbridge nation, get it on\nFakin' no fuckin' jacks, fuck around and get your wig pushed back\nAnd big shoutout to my man Killa, Ron Du, it's on you\nL.E.S. on another murder quest\n'94, we out\nKeep the lye in the air, Hennessy everywhere\nKeep the la la goin'...", "image": "https://images.genius.com/8a1b9e66a8dd4fd330f86eef68d929a0.349x351x1.jpg"}], "artist": "Nas"}