{"songs": [{"title": "Salute Me (The General)", "album": null, "year": null, "lyrics": "[Intro: Swizz Beatz & Nas]\nYo man, it's a real game out here man\nKnow what I'm sayin' Nas?\nBeats back in effect man\nSwizz Beatz da monsta' (what's poppin'?)\nGet in line, everybody get in line\nListen the fuck up, to what's going down\nPay attention, aight?\n\n[Hook: Nas]\nNiggas salute me, bitches salute me\nThe block salute me, the hood salute me\nYou should salute me, they should salute me\nSo fuck who you are\nI'm the motherfuckin general\nNiggas salute me, bitches salute me\nThe block salute me, the hood salute me\nYou should salute me, they should salute me\nSo fuck who you are\nI'm the motherfuckin' general\n\n[Nas: Verse 1]\nWhen I walk through everything stops, silence\nRemain quiet, babies don't cry thugs don't buss\nCops cut off sirens, oxygen freeze\nNoises to a minimun nigga, I pop and I squeeze\nI represent the pain and struggle\nCut out your eyeballs then brain-fuck you\nYo you testin with death\nI'm confronting the justice, expressing my voice to the public\nThey got to free some brothas or we kidnap the judges\nThey got to free some sistas or we kidnap the judges\nThey got to beat the system that's enslaving the poor\nOur practicing, gun rages, they R's and .44's\nMany fought teams and for green this is war\nThis is life and I'm the hardest, got ya label all scared\nCallin up the radio, don't want my records to air\nY'all ain't playin fair, to every rapper in the game\nI'm comin fo y'all blood, make room for the king...Nas\n\n[Hook: Nas]\nNiggas salute me, bitches salute me\nThe block salute me, the hood salute me\nYou should salute me, they should salute me\nSo fuck who you are\nI'm the motherfuckin' general\nNiggas salute me, bitches salute me\nThe block salute me, the hood salute me\nYou should salute me, they should salute me\nSo fuck who you are\nI'm the motherfuckin' general\n\n[Nas: Verse 2]\nI'm the leader, that's it, nobody higher\nNobody touchin' my crown, nobody dyin'\nNobody smoother, harder, tougher, believe it\nI'm much more smarter, much more strategic\nScholarships and hollow tips, a lot of walkin' caskets\nThey talk a good one but there's never no action\nAnd I'm the type to poison ya sista, twist her\nThrough wit' her put the gun in your face and make you hit her\nMake you quiver -when they silhouette of a Don, Benson\nLight up a Cu-ban, recite a few psalms\nEnlighten you quick, teach you how a king wins wars\nKeep your ears to the street, love your enemies more\n'Cuz hate can frustrate, and confuse\nToo eager you lose, patience, plan your attack then you move - ghetto\nGreen Berets, got freaks got hoes\nWho be jumpin' out of movin' cars and land at my feet - because\n\n[Hook: Nas]\nNiggas salute me, bitches salute me\nThe block salute me, the hood salute me\nYou should salute me, they should salute me\nSo fuck who you are\nI'm the motherfuckin' general\nNiggas salute me, bitches salute me\nThe block salute me, the hood salute me\nYou should salute me, they should salute me\nSo fuck who you are\nI'm the motherfuckin' general\n\n[Outro: Nas]\nUh, Nas\nKnow what I'm sayin'?\nLast year I had to smack niggas up\nAnd this year imma have to smack a whole lot of muh'fucka's up again\nKnow why?\nCause I'm the motherfuckin' general\nYa'll niggas see it, it's all in the streets\nYa man know it, ya girl know it\nYa moms know it, ya pops know it, the world know it\nThe motherfuckin' general\nGet high, get ya drink on, relax\nWhy? Cause I'm the motherfuckin' general", "image": "https://images.genius.com/8e9a2b67a71adbf2c826c2741a428d79.500x500x1.jpg"}], "artist": "Nas"}