{"songs": [{"title": "Me & You (Dedicated to Destiny)", "album": "Street's Disciple", "year": "2004-11-30", "lyrics": "[Intro]\nI'd like to dedicate this one here, to my star\nSomeone I cherish, she loves me unconditionally\nNo matter what, our love will always be here for you baby\nYeah\nSo from God, he gave me this gift, you (ha ha)\nAnd I give you this, the world (If I had it all)\n\n[Hook]\n(If I had it all) daddy's little girl I would give you the world\nLittle girl I'd give you the world (If I had it all)\nYeah, just me and my little one\nJust me and my little one (If I had it all)\nI'd give you the world\n\n[Verse 1]\nEven though we don't live in the same home\nAnd I mightta miss your graduation\nAnd no matter how many miles I'm away from you\nYou know that I love you\nHear daddy on every station\nThinking, I'm loving my occupation\nI know I got you home waitin', Desy\nI do it all for you (if I had it all)\n\n[Hook]\n(If I had it all) daddy's little girl I would give you the world\nLittle girl I'd give you the world (If I had it all)\nYeah, just me and my little one\nJust me and my little one (If I had it all)\nI'd give you the world\n\n[Verse 2]\nEven though you'll be grown soon\nYou gotta stand on your two\nPlease listen what daddy told you\nI know you think that I'm old school\nYou'll see that I was right soon\nOne day, you will meet the right groom\nAnd then, you will see your life bloom\nAnd then you'll know what's right for you (If I had it all)\n\n[Hook]\n(If I had it all) daddy's little girl I would give you the world\nLittle girl I'd give you the world (If I had it all)\nYeah, just me and my little one\nJust me and my little one (If I had it all)\nI'd give you the world\n\n[Verse 3]\nRespect your mom, no one will replace her\nShe's the one who went through the labour (If I had it all)\nBut you don't owe her no favours\nBut her respect is due\nSee, daddy just wanna show you (If I had it all)\nAll the heartache I go through (If I had it all)\nIt's for you\n\n[Outro]\nIf this world were mine, I'd give it all to you (If I had it all)\nYeah, (If I had it all)\nIt's your world baby girl\nYeah!\nYeah, just me and my little one (If I had it all)\nJust me and my little one (If I had it all)\n\n(If I had it all)\n(If I had it all)", "image": "https://images.genius.com/65c98702fc773f6dafd41563fe5c5485.500x500x1.jpg"}], "artist": "Nas"}