{"songs": [{"title": "Life's Like A Dice Game", "album": null, "year": null, "lyrics": "Yo... yeah...\nIt's that Queens shit, the real shit...\nIllmatic...\nIt's the N-A-S, yes... yo...\nI wake up every morning\nThinking what we gon' do today\n(What we gon' do today)\nThere's got to be a better way\n(Got to be a better way)\nTo maintain is the price of fame\nLife is like a dice game\n(Maintain is the price of fame)\nLife is like a dice game\n1, 2...\nI never knock a brother\nI'm anti-jail for real\nSmooth criminal skill\nLocked in a human flesh shield\nWatching niggas get rich beside me\nPushing a 5 B-Y me\nUp in the passenger seat\nBut I see me as Hallie Selassie in my kingdom\nSipping Asti Spumante\nDripped in, reality kicks in\nI need the papes to start clicking\nGot a connect out in Richmond\nEvery nigga in the fam will pitch it\nIt's on, word is bond\nThat's my name, big Nas\nAll wise to civilize\nFrom the Northern Hemisphere of the earth\nPeace to my seed and thanks for her birth\nDestiny, that's her name\nIt's going on\nYou know my name\nBig Nas in the house, y'all\nOn the freestyle tip\nWhen I finish this shit\nIt's sure to be a hit\nPeace...", "image": "https://images.genius.com/23061dd2dc7e863127db561906debd27.434x434x1.jpg"}], "artist": "Nas"}