{"songs": [{"title": "Where Y'all At", "album": "Hip Hop Is Dead", "year": "2006-12-19", "lyrics": "[Intro]\nNew Nas... woo!!!\n\n[Chorus]\nWhere them gangsters at?\nWhere them dimes at?\nWhere where them gangsters at?\nWhere them dimes at?\n(Just ride with it)\n\nWhere them gangsters at?\nWhere them dimes at?\nWhere where them gangsters at?\nWhere them dimes at?\n(All my niggas gon' ride with it)\n\nWhere them gangsters at?\nWhere them dimes at?\nWhere where them gangsters at? (yeah)\nWhere them dimes at?\n(Fuck them other niggas)\n\nWhere them dimes at?\nWhere them dimes at?\n(Word to mother, niggas)\nWhere where them dimes at?\nWhere where them dimes at?\n\n[Verse 1]\nI slow dance with the Devil\nSnow setting in the bezzle\nMo' sipping, phantom, bumping Aaron Neville\nPolo black scented, eyes squinted\nAir Force One's, with my own pattern in it\nFresher than a star, glowing up in the galaxy\nPagan holidays, are way far from my reality\nFart through Evisu jeans, lethal green\nOliver peoples shades when I creep through Queens\nWith no AKs, I'm the ambassador\nRobin Hood in the Aston Mart\nLot of blood gon' splash in war\nTask force homicide, federalies gon' harass\nBut y'all ain't never seen nothing\nNot a word not a hint, on the kid from the Project Bench\nThat went Sony-BMG, to that new conglomerate\nIsland Def Jam, guess how many dollars was spent\nTo get the best man, y'all niggas ain't silencing shit\nYa bitch been wanna polish the dick\nThe big Benz, I'ma model ya chick\nWith Zac Posen, cash froze her\nCats stroke her, once I smash it's over\nCold like ice, more chains than slaves\nDangerous ways, Poltergeist change the channel\nRoll the dice, I bring change when I gamble\nI could sell sand to a Arab, hiding my gun handle\n\n[Chorus]\nWhere them gangsters at?\nWhere them dimes at?\nWhere where them gangsters at?\nWhere them dimes at?\n(Just ride with it)\n\nWhere them gangsters at?\nWhere them dimes at?\nWhere where them gangsters at?\nWhere them dimes at?\n(All my niggas gon' ride with it)\n\nWhere them gangsters at?\nWhere them dimes at?\nWhere where them gangsters at? (yeah)\nWhere them dimes at?\n(Fuck them other niggas)\n\nWhere them dimes at?\nWhere them dimes at?\n(Word to mother, niggas)\nWhere where them dimes at?\nWhere where them dimes at?\n\n[Verse 2]\nThe ill whip pusher, my spit wet ya\nIf you stand close to the woofer\nBetcha get sprayed by my lecture\nAny club with ladies or dimes, I'm a regular\nGive it up smooth, I ain't begging ya\nIntelligent brainiac, brains maniac\nBack of the Maybach, taste that, don't waste that\nEat with my elbows top of the table\nStreet etiquette with speech impediments\nAnd still see presidents, no matter who paid\nCause you ain't take the last dollar made\nLong as they keep printing it, there's chances of getting it\nMoney's my bitch, and we stay intimate\nAsk about Nashwan, could ask about Jung'\nAsk about Bravehearts, and ask where I'm from\nQ-Boro, specifically The Bridge\nDon't ask no more questions, y'all know what it is\n\n[Chorus]\nWhere them gangsters at?\nWhere them dimes at?\nWhere where them gangsters at?\nWhere them dimes at?\n(Just ride with it)\n\nWhere them gangsters at?\nWhere them dimes at?\nWhere where them gangsters at?\nWhere them dimes at?\n(All my niggas gon' ride with it)\n\nWhere them gangsters at?\nWhere them dimes at?\nWhere where them gangsters at? (yeah)\nWhere them dimes at?\n(Fuck them other niggas)\n\nWhere them dimes at?\nWhere them dimes at?\n(Word to mother, niggas)\nWhere where them dimes at?\nWhere where them dimes at?\n\n[Verse 3]\nWhether chrome sparking or loan sharking\nBusting rachets or numbers rackets or drug traffic\nMy funds are wrapped up, no concerns who has what\nFinancier, skull doo wrapped up\nMob life, prizefights, plasma TV's or first roll\nDiversified dough in my circle\nAmid the most sickest groom the proof swiftness\nNumero uno, annuit coeptis\nThat's the language of our Latin ancestors\nOn the back of a dollar, the plan and the message\nIn the Rolls Royce like the King of Nigeria\nMy criteria, smoke cigars\nChange rap like Jimi Hendrix changed Rock and Roll\nWith a broke guitar, diamonds flashing\nAlmost put a million cash in my mommy casket\nSeen more green than St. Patrick, trick\n\n[Chorus]\nWhere them gangsters at?\nWhere them dimes at?\nWhere where them gangsters at?\nWhere them dimes at?\n(Just ride with it)\n\nWhere them gangsters at?\nWhere them dimes at?\nWhere where them gangsters at?\nWhere them dimes at?\n(All my niggas gon' ride with it)\n\nWhere them gangsters at?\nWhere them dimes at?\nWhere where them gangsters at? (yeah)\nWhere them dimes at?\n(Fuck them other niggas)\n\nWhere them dimes at?\nWhere them dimes at?\n(Word to mother, niggas)\nWhere where them dimes at?\nWhere where them dimes at?\n\nWhere them gangsters at?\nWhere them dimes at?\nWhere where them gangsters at?\nWhere them dimes at?\n(Just ride with it)\n\nWhere them gangsters at?\nWhere them dimes at?\nWhere where them gangsters at?\nWhere them dimes at?\n(All my niggas gon' ride with it)\n\nWhere them gangsters at?\nWhere them dimes at?\nWhere where them gangsters at? (yeah)\nWhere them dimes at?\n(Fuck them other niggas)\n\nWhere them dimes at?\nWhere them dimes at?\n(Word to mother, niggas)\nWhere where them dimes at?\nWhere where them dimes at?\n\n[Outro]\nJust ride with it\nAll my niggas gon' ride with it\nYeah, fuck them other niggas\nWord to mother, niggas", "image": "https://images.genius.com/ff6738f83747060eafd4a7af4964cd8f.1000x1000x1.jpg"}], "artist": "Nas"}