{"songs": [{"title": "Another Black Girl Lost", "album": null, "year": null, "lyrics": "[Hook]\nI'm pregnant, don't know who the dad is\nI'm happy, but this shit's the saddest\nI'm maintaining, still keeping my status\nFuck what you haters say, my ass is still the fattest\nRoll with the baddest, my girls in Gucci glasses\nHow could you pass this? Your loss\nBut I ain't tripping - I'm still the boss\nI won't be another black girl lost\nLost, lost, lost, lost, Lost, lost\nI won\u2019t be another black girl lost\n\n[Verse 1]\nBrown and beautiful, black and stunning, light and delicious\nChocolate colored strawberry kisses and cherry lipstick\nVery mystic, bald stitches her wig\nKinky curly and dread, goddess gon' grant my wishes\nTantalizing touches, succulent skin, we should wed\nStart off broke then stay together 'til we make it big\nMy queen is english, Sojourner Truth, I could learn from you\nNever Ike Turner you, but look what you turn and do like\nGet out of order, you're not a supporter of my dream\nRich girl fantasy schemes, a good man she needs\nBut she young and she speeding, honey now, what's the reason?\nYou just met this nigga, think you owe him a fucking threesome\nSo you lustin' to have a baby by a Denver Nugget\nYou don't love him, you want security, baby, your bugging\nFinancial liberty you're after, it's how you live\nBut the blood test shows it's not even his kid\n\n[Hook]\n\n[Verse 2]\nChanel bags, everything\nShe shopping every time she gets a wedding ring\nThis her 3rd marriage, 4 carats\nBrand new Jag, deserves to have it\nTemptation, she can't let go her dirty habits\nMid 30's, spendin' dough at Magic\nShe's dancin', romancin', she's up at Mansion\nShe fucks all my mans, and they pop the magnums\nSo now what you gonna do, the morning-after pill is way overdue\n'Posed to get married, now you embarassed\nWho does this kid belong to?\nPromiscuous, cuz' she got touched by step-dad, sex at\nSuch a young age, if you was a virgin, I'd get mad\nSick society, blaming yourself so wrong\nI highly respect you, bet that, strong, intelligent\nThis song ain't to poke fun of you, to get laughs\nI just love you, really love you\nHere for you, wanna trust you\nWanna cuff you, be my lady\nBut first, I gotta see the baby\n\n[Hook]\n\n[Outro]\nLadies, I believe in you\nWe gotta stop this craziness out here, though\nWe gotta get right\nBecause when we both get right, we both take flight\nUs real men need you, for real", "image": "https://images.genius.com/23061dd2dc7e863127db561906debd27.434x434x1.jpg"}], "artist": "Nas"}