{"songs": [{"title": "The Genesis", "album": "Illmatic", "year": "1994-04-19", "lyrics": "[Produced by Faith N & Nas]\n\n[Nas]\nStreet's disciple, my raps are trifle\nI shoot slugs from my brain just like a rifle\nStampede the stage, I leave the microphone split\nPlay Mr. Tuffy while I'm on some Pretty Tone shit\nVerbal assassin, my architect pleases\nWhen I was 12, I went to\u2026\n\n[Hector]\nAnd you're sitting at home doing this shit\nI should be earning a medal for this\nStop fuckin' around and be a man\nThere ain't nothin' out here for you\n\n[Zoro]\nOh yes, there is\u2026 This\n\n[Jungle]\nYo, Nas, yo, what the fuck is this bullshit on the radio, son?\n\n[Nas]\nChill, chill! That's the shit, God, chill\n\n[AZ]\nAyo, yo, pull down the shade, man\nLet's count this money, nigga\nAyo, Nas, put the Jacksons and the Grants over there!\nYou know what I'm sayin'?\n\u2018Cause we spendin' the Jacksons\nYou know how we get down, baby\n\n[Nas]\nTrue, true\n\n[Jungle]\nNas, yo, Nas, man\nShit is mad real right now in the projects\nFor a nigga, yo, word to mother\nAll them crab-ass rappers be comin' up to me\nMan, word to mother, man\nI think we need to let them niggas know it's real, man\n\n[Nas]\nTrue indeed, knamsayin'?\nBut when it's real you doin' this\nEven without a record contract, knamsayin'?\n\n[AZ]\nNo question\n\n[Nas]\nBeen doing this since back then\n\n[AZ]\nI'm sayin' regardless how it go down we gon' keep it real\nWe tryin' to see many mansions and Coupes, kid\n\n[Nas]\nNo doubt, we gon' keep it real, true, true\n\n[Jungle]\nAyo, where's Grand Wizard and Mayo at, man?\nTakin' niggas a long time, man\n\n[Nas]\nWho got the Phillies? Take this Hennessy\n\n[AZ]\nAyo, dunn\nC'mon, c'mon, man, stop wavin' that, man!\nStop pointin' that at me, dunn, take the clip out!\n\n[Nas]\nNigga, alright, but take this Hennessy, man!\n\n[AZ]\nI'm sayin' take the clip, man, c'mon, take it out!\n\n[Nas]\nLight them Phillies up, man!\nNiggas stop fuckin' burnin' Phillies, man\nLight some Phillies up then!\n\n[Jungle]\nPass that henrock, pass that henrock!\nNigga, act like you know!\n\n[AZ]\nYo, we drinkin' this straight up with no chaser\nI ain't fuckin' with you, nigga\n\n[Nas]\nI'm saying though, man\n\n[AZ]\nWhat is it, what is it, baby?\n\n[Jungle]\nWhat is it, son, what is it?\n\n[AZ]\nYou know what time it is\n\n[Nas]\nI'm saying, man, you know what I'm saying?\nNiggas don't listen, man\nRepresentin', it's Illmatic", "image": "https://images.genius.com/df5cad3e1898fff244519348e1dee09f.1000x1000x1.jpg"}], "artist": "Nas"}