{"songs": [{"title": "Revolutionary Warfare", "album": "God's Son", "year": "2002-12-13", "lyrics": "[Produced by The Alchemist]\n\n[Intro: Nas & (Lake)]\n(Uh uh huh, lets go, yeah!)\nUh, ghetto children singing (singing, what up?)\nSee they eager to learn (uh hum)\nHow to become the next world leaders, Bravehearts\n\n[Chorus: Nas]\nRevolutionary warfare, it's all fair in love and war\nFor the cause, I gotta take you off here\nRevolutionary warfare, it's all fair in love and war\nFor the cause, I gotta take you off here\n\n[Verse 1: Nas]\nBook one, strategy, tactics, techniques\nLook dumb, but massively notice the weakness\nIn all them, gotta shoot only if necessary\nHomie vest is very real if enemies carrying heavy steal\nBeware the thugs who ain't scared of blood or jail time\nWhen Aryan nations ain't having integration\nWe so blind, the beauty of life\nWas when my mom said nigga you could be Christ\nI wasn't old enough to hold my dick and pee right\n\"Jesus\", what is he like?\nI picture him standing with diamonds on him\nLittle different from the way my mommy saw him\nPractice your aiming, physical training in difficult terrain and\nTest your endurance, try to keep your stamina banging\nSplitting dutches up, strap up\nThe armies is school teaching smart ways to kill\nI'm thinking Gandhi was a fool, the chronic's a fool\nGot me thinking out loud, fuck it\nSleep on my drunkenness I'll blow your brains out\n\n[Chorus: Nas]\nRevolutionary warfare, it's all fair in love and war\nFor the cause, I gotta take you off here\nRevolutionary warfare, it's all fair in love and war\nFor the cause, I gotta take you off here\n\n[Verse 2: Lake]\nMy revolution is as real as Bobby Seale's\nI build with dudes and cribs worth a quarter mill in Dix Hills\nFor fishscale, to cop guns, the time come\nI'll mask up and get my comrade off the bus\nFuck the beef, I'll snatch your seed from Chuckie Cheese\nAnd feed him to the rats in the back of the P's\nBlack fatigues and AR-15s on the sofa\n50 inch flat screen, Louie Vuitton holsters\nMy motions don't appeal to appellate divisions\nI did it strong for 7 long years in prison, fuck the system\nI'm like a modern day Hitler\nBlack gorilla, Crip and Blood in one nigga\nOnly killers know my face\nI beat a case for shooting at the police, nigga, the name Lake\nThough simultaneously the street revolution\n21 gun salute the new Huey Newton\n\n[Chorus: Nas]\nRevolutionary warfare, it's all fair in love and war\nFor the cause, I gotta take you off here\nRevolutionary warfare, it's all fair in love and war\nFor the cause, I gotta take you off here\n\n[Verse 3: Nas & Lake]\nTeach y'all women how to hold the family down in case something happens to it's fathers\nProtect the children, grab revolvers\nThe women plays important part of our life force\nSo what we fight for, my heart goes to you, beautiful wife in war\nUh, and listen more and talk less\nWatch all and trust none, demand your respect\nAnd be ready to die for what you believe in\nAnd ride all the time not just when convenient\nJustice and freedom, wisdom and understanding\nWe the lost children of Israel in this western world region\nYou ain't a man, you a coward if you can't support the girl you put a seed in\nStrong rule the weak, but the wise rule the strong\nIt's more to a war than just getting it on\nConceal your form, cover your tracks, stay prepared\nI don't care if no one's spared in..\n\n[Chorus: Nas]\nRevolutionary warfare, it's all fair in love and war\nFor the cause, I gotta take you off here\nRevolutionary warfare, it's all fair in love and war\nFor the cause, I gotta take you off here\nRevolutionary warfare, it's all fair in love and war\nFor the cause, I gotta take you off here\nRevolutionary warfare, it's all fair in love and war\nFor the cause, I gotta take you off here", "image": "https://images.genius.com/3a2b5d523ed4c1887dcd3d37b71c01d9.1000x1000x1.jpg"}], "artist": "Nas"}