{"songs": [{"title": "Not For Radio", "album": "NASIR", "year": "2018-06-15", "lyrics": "[Intro: Nas & Puff Daddy]\nEscobar season begins\nAyo, we ain't posin' for no pictures in 2018\nCandid shit only\nScared motherfuckers\n\n[Verse 1: Nas & Puff Daddy]\nBlack Kemet gods (yeah), black Egyptian gods (let's go)\nSummoned from heaven, blessed, dressed in only Goyard\nHomie go hard like Stone and Robert in a stolen car\nShoot the ballot box, no voter card, they all are frauds\nSenegal's finest, minerals, diamonds\nThe Earth is cursed but I survive many climates\nCalm and thoroughly, they try to Hyman Roth me\nJohn Fitzgerald me, the industry never bought me\n(You know God sent me here)\nFear will make you reveal who you really are\nFeel me God? Be solid, your foes hold you in ill regard\nThis ain't knowledge, this is not intense\nFor honored men, women too\nUs who can see the same thing, but have a different view (let's go)\nAll of a sudden, frontin' niggas knew you from your past\nGot all kinds of guys sayin' we go way back\nAnd who y'all comparin' me to is nonsense\nShow gratitude in the presence of dominance\n\n[Chorus: 070 Shake & Nas]\nI think they scared of us, yeah\nI think they scared of us\nI think they scared of us, yeah\nI think they scared\nTo Catholics\u2026\n\n[Verse 2: Nas & Puff Daddy]\nTo Catholics, Moors and Masons (motherfuckers!)\nJohn Hanson was not the first black pres to make it\nAbe Lincoln did not free the enslaved\nProgress was made 'cause we forced the proclamation\n(Fuck your proclamation!)\nSWAT was created to stop the Panthers\nGlocks were created for murder enhancement\nFor hunting men, circumstances\nEdgar Hoover was black\nWillie Lynch is a myth, Colombians created crack\nThe government made stacks (welcome to America, niggas!)\nReagan had Alzheimer's, that's true\nFox News was started by a black dude, also true (fuck you too!)\nConvinced my experiences were meant to be\nHelps me navigate as they validate they treachery\nFelt established, fake as he smile, handshake questionable\n\"Am I good?\" he ask, thinkin', \"But is he testin' you?\"\n(Is he testin' you?) In my hood, fear does a few things\nMake you pussy, make you a snitch\nMake irrational moves or even turn you to food\n\n[Chorus: 070 Shake & Puff Daddy]\nI think they're scared of us, yeah\nI think they're scared of us\nI think they're scared of us, yeah\nI think they scared\nI think they scared of us, yeah\nI think they scared of us\nSee, we don't care about what you think about us\nI think they scared of us, yeah\nWhat you say about us\nI think they scared\nYou bitch ass, yeah\n\n[Outro: Puff Daddy]\nAyo, that's why they be killing us and shooting us\nThat's why they feel uncomfortable around us\n'Cause of our greatness\nYou're lucky God made us compassionate\nAnd forgiving\nPssh, man, they scared of us, Nas\nWe see that bitch in your eyes", "image": "https://images.genius.com/a9abb4468d35dbcbb121cd5e44c6c989.1000x1000x1.jpg"}], "artist": "Nas"}