{"songs": [{"title": "One Love", "album": "Illmatic", "year": "1994-10-25", "lyrics": "[Produced by Q-Tip]\n\n[Verse 1]\nWhat up, kid? I know shit is rough doin' your bid\nWhen the cops came you shoulda slid to my crib\nFuck it, black, no time for lookin' back, it's done\nPlus, congratulations, you know you got a son\nI heard he looks like ya, why don't your lady write ya?\nTold her she should visit, that's when she got hyper\nFlippin', talkin' about he acts too rough\nHe didn't listen, he be riffin' while I'm tellin' him stuff\nI was like, \"Yeah,\" shorty don't care, she a snake too\nFuckin' with them niggas from that fake crew that hate you\nBut yo, guess who got shot in the dome-piece?\nJerome's niece, on her way home from Jones Beach\nIt's bugged, plus little Rob is sellin' drugs on the dime\nHangin' out with young thugs that all carry 9's\nAnd night time is more trife than ever\nWhat up with Cormega? Did you see him? Are y'all together?\nIf so, then hold the fort down, represent to the fullest\nSay what's up to Herb, Ice and Bullet\nI left a half a hundred in your commissary\nYou was my nigga when push came to shove\n(One what?) One love!\n\n[Hook: Q-Tip]\nOne love, one love, one love, one love\nOne love, one love, one love, one love\nOne love, one love, one love, one love\nOne love, one love, one love, one love\n\n[Verse 2]\nDear Born, you'll be out soon, stay strong\nOut in New York the same shit is goin' on\nThe crackheads stalkin', loudmouths is talkin'\nHold, check out the story yesterday when I was walkin'\nThat nigga you shot last year tried to appear\nLike he hurtin' somethin'\nWord to mother, I heard him frontin'\nAnd he be pumpin' on your block\nYour man gave him your Glock\nAnd now they run together \u2014 what up, son? Whatever\nSince I'm on the streets I'ma put it to a cease\nBut I heard you blew a nigga with a ox for the phone piece\nWildin' on the Island, but now in Elmira\nBetter chill, \u2018cause them niggas will put that ass on fire\nLast time you wrote you said they tried you in the showers\nBut maintain, when you come home the corner's ours\nOn the reals, all these crab niggas know the deal\nWhen we start the revolution all they probably do is squeal\nBut chill, see you on the next V-I\nI gave your mom dukes loot for kicks, plus sent you flicks\nYour brother's buckwildin' in 4-Main, he wrote me\nHe might beat his case, 'til he come home I'll play it lowkey\nSo stay civilized, time flies\nThough incarcerated your mind dies\nI hate it when your moms cries\nIt kinda makes me want to murder, for reala\nI even got a mask and gloves to bust slugs, but one love\n\n[Hook: Q-Tip]\nOne love, one love, one love, one love\nOne love, one love, one love, one love\nOne love, one love, one love, one love\nOne love, one love, one love, one love\n\n[Verse 3]\nSometimes I sit back with a Buddha sack\nMind's in another world, thinkin'\n\"How can we exist through the facts?\"\nWritten in school text books, bibles, et cetera\nFuck a school lecture, the lies get me vexed-er\nSo I be ghost from my projects\nI take my pen and pad for the weekend\nHittin' L's while I'm sleepin'\nA two-day stay, you may say I need the time alone\nTo relax my dome, no phone, left the 9 at home\nYou see the streets had me stressed somethin' terrible\nFuckin' with the corners have a nigga up in Bellevue\nOr HDM, hit with numbers from 8 to 10\nA future in a maximum state pen is grim\nSo I comes back home, nobody's out but Shorty Doo-Wop\nRollin' two phillies together: in the Bridge we call 'em oo-wops\nHe said: \"Nas, niggas caught me bustin' off the roof\nSo I wear a bulletproof and pack a black tre-deuce.\"\nHe inhaled so deep, shut his eyes like he was sleep\nStarted coughin', one eye peeked to watch me speak\nI sat back like The Mack, my army suit was black\nWe was chillin' on these benches\nWhere he pumped his loose cracks\nI took the L when he passed it, this little bastard\nKeeps me blasted and starts talkin' mad shit\nI had to school him, told him don't let niggas fool him\n\u2018Cause when the pistol blows\nThe one that's murdered be the cool one\nTough luck when niggas are struck, families fucked up\nCoulda caught your man, but didn't look when you bucked up\nMistakes happen, so take heed, never bust up\nAt the crowd, catch him solo, make the right man bleed\nShorty's laugh was cold-blooded as he spoke so foul\nOnly twelve, tryin' to tell me that he liked my style\nThen I rose, wipin' the blunt's ash from my clothes\nThen froze, only to blow the herb smoke through my nose\nAnd told my little man I'ma ghost, I broze\nLeft some jewels in his skull that he can sell if he chose\nWords of wisdom from Nas: try to rise up above\nKeep an eye out for Jake, Shorty Wop, one love\n\n[Hook: Q-Tip]\nOne love, one love, one love, one love\nOne love, one love, one love, one love\nOne love, one love, one love, one love\nOne love, one love, one love, one love\n\n[Outro]\nTo all my niggas locked up\nFrom Queensbridge and all over\nTo my man [Goon?], one love\nTo my man Herb, one love\nTo my man [Lake Gucciano?], one love\nCan't forget my motherfuckin' heart, Big [Bo?], one love\nTo [Oogie?], yeah, one love", "image": "https://images.genius.com/e1a991f466fb4bbefc00e5b7ab6e735c.600x600x1.jpg"}], "artist": "Nas"}