{"songs": [{"title": "The escobar", "album": null, "year": null, "lyrics": "Honies, cash, weed, cars\nGhetto celebrities, hood movie stars\nGat slingers now rap singers are who we are\nWent from Nasty to Nas, to Nas to Escobar\n\nThe path we all walk, starts out long it's like a boardwalk\nMonopoly, some make it around, some go down, it's prophecy\nHappy days balancing with life's atrocities\nHoppin' in V's, knowin' some day I got to lead properly\n\nHigh up in a five realizing the price paid\nFor this life laid in the light shade\nOne might say, top of the world's two whips, a crib and a girl\nQuick to celebrate it, poppin' corks like they made it\n\nPretentious, arrogant niggas is senseless\nPro-ball players with white wives, peep they night lives\nWhile you could catch me in a crisp white five\nDark tinted, dijon-scented, with Al Green on, my theme song\nLove and happiness, how can it seem wrong?\n\nI mean before this, I used to rock a taurus with the donuts\nNow I grown up, got it chromed up\nGot the rap game sewn up, sho-nuff\nNiggas acting cool but it's really no love\nI feel a slow buzz, off the dutch\n\nThis is everyday, every second\nGot to make it pay, every lesson I learnt\nGot me open while most of these rappers'll stay burnt\n\nHonies, cash, weed, cars\nGhetto celebrities, hood movie stars\nGat slingers now rap singers are who we are\nWent from Nasty to Nas, to Nas to Escobar\n\nMoney, cash, weed, cars\nGhetto celebrities, hood movie stars\nGat slingers now rap singers are who we are\nWent from Nasty to Nas, to Nas to Escobar\n\nWith so much drama in QBC\nIt's kinda hard being Escobarro\nElderado Red, sippin' Dom out the bottle\nMy life is like a Donald Goines novel\nWe wave glasses like bravo\n\nDrunk niggas with mad problems, and shot pockets\nMy niggas from the block rock this\nBox cocaine, cook it and chop it\n\nLooking to profit, in different ways\nGoin' through this difficult stage, called life\nBut each year my physical's praised\n\nSome fell beyond the reach of help\nCut in the street, thinkin' they could teach theyself\nWhen all we wanted was a piece of wealth\nAnd randomly, feed our family, the streets are insanity\n\nAmply, living in this thug's fantasy\nRichest nigga in show biz is what I plan to be\nHeavy chain and my QB sway, living this king's life\nMagazines write about me, in this dream it's all tight\n\nHonies, cash, weed, cars\nGhetto celebrities, hood movie stars\nGat slingers now rap singers are who we are\nWent from Nasty to Nas, to Nas to Escobar\n\nMoney, cash, weed, cars\nGhetto celebrities, hood movie stars\nGat slingers now rap singers are who we are\nWent from Nasty to Nas, to Nas to Escobar\n\nNow the main thing that boggle my brain be all the bottles of pain\nIced the chain and all the followers came\nThey tried to throw me off track but I caught that\nThey thought I lost that but I'm continuing to make more stacks\n\nHalftime, New York state of mind, it was written was hittin'\nTrips overseas, southeast, diamond and riches\nSleepin' on the plane wake up when we land\nFeelin' real scared, on the ground\nRollie flush, princess cuts, and large rounds\n\nThe crews up, findin' time to shine rocks\nIt's real, you violate, be in a pine box\nIf it go there, I lay you before you lay me, it's crazy\nI didn't make the game, the game made me\nRecords for the babies so they raised up in mansions\nHaters keep hating, and ladies'll keep glancing\n\nY'all know the routine out this [Incomprehensible], word up", "image": "https://images.genius.com/23061dd2dc7e863127db561906debd27.434x434x1.jpg"}], "artist": "Nas"}