{"songs": [{"title": "The World", "album": "Last Real Nigga Alive (The Lost Album Vol. 1)", "year": null, "lyrics": "[Verse 1]\nWhere we met, I had to give her her respect\nShe was with her man, he took a drag from her cigarette\nHe told her he'll be back\nHe jumped in the meter cab, just took her cell and told her where to meet him at\nNow she was mad, And I was looking for my car\nShe had some plastic bags, coming from the supermarket\nCooking for his ass..how she gone get to the projects?\nShe ain\u2019t got no cash, and she struggling while walking\nSo I drive past, \"Yo\" I say \"I ain\u2019t no stalker wit yo big ole ass\nHere\u2019s my help I\u2019m tryna offer, I give you a lift\"\nWho woulda knew it turn to this? Now we in the mix\nBaby moved up in my crib and she left my ex, damn we speedin\n\n('Now girl, you mean the world to me' repeats)\n\nI\u2019m a king, you the queen\nHis and her 6\u2019s and diamond rings\nYou don\u2019t have to look back at him\nJust get your bags packed and then..\nA new life soon begins\nLike I told you when I\u2019m in, I\u2019m in\n\n[Verse 2]\nBaby girl had a son\nHe was 3, yea I took him in\nNow she call him little me, I even look like him\nNaw, I mean he look like me, a couple shades darker\nShe be calling him Blackie..that\u2019s cause his real father jet black\nSo she treat him like it\u2019s a setback..\nI don\u2019t respect that\nNow his pops calling collect at the new crib on the new number\nNow how he get that?\nSee, now I knew we was a mismatch\nI\u2019m laid back, you too used to getting pimp smacked\nI see where I went wrong at\nI just tried to bring out the queen in you..\nBut when you make a girl leave a man..\nYou never really know where she stand..\nHow you know she really yours?\nSomebody could do the same to you..!", "image": "https://images.genius.com/bdef3baf7c20cefc912de562b0b87535.500x500x1.jpg"}], "artist": "Nas"}