{"songs": [{"title": "Tick Tock", "album": "Last Real Nigga Alive (The Lost Album Vol. 1)", "year": null, "lyrics": "[Intro - Nas]\nUhh yeah yeah yo\nIt goes Tick Tock this is for my niggas in the Bridge, blocks\nComin' through better hide your wristwatch\nBecause niggas well live they shits pop\nHey hey\nTick Tock this is for my hoes make your hips rock\nLight a L baby let the Crys' pop\nGet your Tick Tock from this hip hop, anyday\n\n[Verse 1 - Nas]\n5'8\" with double-X-L pen saggin' blunts draggin'\nBut never lived well, imagine, a felon on a two-way street\nOne way is where blood money coke and homicide leap\nThe other street opportunity the chance to live sweet\nThink positive k-nowledgement k-cypher complete\nSo you can be an architect design appartments and shit\nOr you can wind up on a jail bus dirty in clip\nSoon as I'm on the set I'm never on a chick I play it cool\nBut still ain't pussy muscles get wet it's just the booze\nCheck my niggas, what's the gossip, what's the word\nPuff some herb, all I see is niggas runnin', chin shots\nAll I heard, dip behind the car, see somebody on the ground\nAmbulance came and got 'em they start calmin' down\nNow it's back to the same old shit, you know, the Tarzan and Jane-o shit\nIn the jungle swingin' on vines, I saw the gat with the same old clip\nAnother nigga layin' the hit, bloodied up, scream that I'm dyin'\nI be in Queens where the famous hood rats and ghetto stars are\nPimps do the shuffle at night with slutty bars pah\n\n[Hook - Nas]\nTick Tock this is for my niggas in the Bridge, blocks\nComin' through better hide your wristwatch\nBecause niggas well live they shits popped\nHey hey\nTick Tock this is for my hoes make your hips rock\nLight a L baby let the Crys' pop\nGet your Tick Tock from this hip hop, anyday\n\n[Verse 2 - Prodigy]\nIt's like this nigga\nIt's on, toilet up for me, roll that shit big\nWhile I reveal the story of a wild street kid\nCock your seat back, relax, while I spit\nThe spittin' image of how I live\nWell first I was hollyin' for years by them old timer clicks\nI was like twelve, they was like, blood, listen\nKeep your mouth closed and your eyes and your ears wide open\nGangsta, I soaked it all in, my first ammo was a one shot\nDeuce deuce, had my pockets full of bullets I was real loose\nThug parties out in wave crash always got shot up\nThug parties out in Queensbridge always got shot up\nNo wonder we bugged out it gets so frantic\nNiggas aim on the fight, we cut yo melon\nDrinkin' that old english red bull and blue bull\nMean I draggin' with that cheap shit fuck it we was broke\nLittle badass, my nigga Rap sat me down, like this\nHe said: P you gon' wind up dead\nYou and Hav' real good with that music shit\nYou need to stick to it, dunn, get your mind of the street\nAnd it stuck in the back of my head, though\nI still did my little bit of menacin'\nEvery now and then bang-outs in broad daylight\nLike these things really happen niggas get cut up\nI put it in my rappin'\nIt's non fiction it's the real deal fiscale\nIt couldn't get more graphic I'm so trail\nI said it's non fiction it's the real deal fiscale\nCity you havin' let me touch that ass\n\n[Hook]", "image": "https://images.genius.com/1021aef37ee8310ae6a31c1d044210e5.457x457x1.jpg"}], "artist": "Nas"}