{"songs": [{"title": "Don't hate me now", "album": null, "year": null, "lyrics": "[Verse 1: Nas]\nIt's the late night greasy spoon patron\nPoolhall making\nBig bets, midsection got the 8 in\nDior Christian pimpin'\nGot that penal system diction\nRiffing, you don't want it you snitchin'\nSpit a few at a traitor with that new AR\nTry to kill me I'm the leader, that's coup d'etat\nStreetsweepers in that Coup\u00e9 all black\nBitches want my chipped tooth back\nSteel mac, so my kufi never gets smacked\nSqueeze a fifth with a grip as I dip\nFrom the paparazzi\nStill playing numbers you can't stop me\nStill wearing bundles, and spark weed\nIf I ever say \"Queens get 'em\", you know they got me\nSuccess, scandal, bone deep, personal beef\nSo lead by example, or get trampled\nSince Hip Hop Is Dead, this is the N\nCongratulations in order 'cause we did it again\n\n[Hook: Nas]\nDon't hate me now, congratulate me now\nI'm still getting it and don't even love the doe\nDon't hate me now, congratulate me now\nI'm still ripping, and I don't even love the hoes\nStill getting it and don't even love the doe\nSteel gripping it, you know that I tug the fo'\nStay splifted 'cause you know that I love the dro\n\n[Verse 2: Nas]\nThe style is taboo, the chain's offensive\nBrain on airplanes, Gucci frames are vintage\nThe two Tec Don in Yukon's and Benzes\nChicks who suck other chicks tits like infants (wow)\nThe Apprentice but not Trump\nI'm the nigga with Glocks and pumps\nThat you don't see much\nSucker free from chumps\nHomes with cobblestones in front of 'em\nHe's got guns in cummerbunds, so understand you under son\nDon't make me have you running from a hundred guns\nDon't make me grab your only son\nI'm coming from\nA place Tanqueray and weed's the only escape\nFrom phonies who hate\nWhen you rolling with papes\nThat's why the god party with juicy models\nThey mob me, Denali, Charlie Luciano - hardly\nHave to tell y'all, I kill y'all\nFor spitting songs that involve me nigga\nOriginal verbal assassin, have to carve me a nigga\n\n[Hook: Nas]\nDon't hate me now, congratulate me now\nI'm still getting it and don't even love the doe\nDon't hate me now, congratulate me now\nI'm still ripping, and I don't even love the hoes\nStill getting it and don't even love the doe\nSteel gripping it, you know that I tug the fo'\nStay splifted 'cause you know that I love the dro", "image": "https://images.genius.com/23061dd2dc7e863127db561906debd27.434x434x1.jpg"}], "artist": "Nas"}