{"songs": [{"title": "Colors", "album": null, "year": null, "lyrics": "He's a kaleidoscope to look in; a black men and white women\nSometimes together make exotic looking children\nBut mixed race kids become fixated on separating themselves from the hatred\nYour grandma on the black side make you slam the station\nYour grandma on the white side was educated in schools that were segregated; maybe she was racist\nMaybe you can't, today, school her on some brand new today shit\nIf I grew up a rich boy, like this boy, this white boy, like you boy, the Christmas toys, the privileged joys\nI think I'd be less stressed, the whole family at home, the ideal address\nBut he's dealing with self mutilation, dungeons and dragons, Ouija boards, rituals with satan\nYeah, we grew up with similar anger", "image": "https://images.genius.com/23061dd2dc7e863127db561906debd27.434x434x1.jpg"}], "artist": "Nas"}