{"songs": [{"title": "My Book Of Rhymes", "album": null, "year": null, "lyrics": "Alchemist you know me man\nI'm the type of nigga that write rhymes right on the spot in the studio\nSoon as I hear the track, you know what I'm sayin'?\nWord but I wanted to bring a couple of books to the studio today\n\nMan I found these shits up in the crib man in boxes man\nI don't even remember when I was writing these shits\nOor what's in these shits man probably a bunch of bullshit man\nFuck it check it\n\nHow can I trust you when I can't trust me?\nPicture myself a old man a O.G\nSome niggas will conversate with lairs all day time pass\n(Nah lemme start somethin' else)\n\nSoul on ice death threats given by clowns\nI guess livin' is prison when you live around clowns\nI'm hexed cursed worse I been blessed first I thought I was abnormal\n'Cause I would overcome any tasked called to\n\nSo there it is I'ma prince I'ma get slain\nSome do minor shit swear they on the top of they game\nYa rhymin' is called \"Vagina Monologue\"\nIt kinda supports theories of scary niggas who should lie in the morgue\n\nRarely y'all come in contact with the real\nSince Pun passed he was the last shine of sun I could feel\nYo said there's a few left since music's expressions of life\nDamn I wish I took more time to write in my book of rhymes\n\nOh shit Tina, I been lookin' for this bitch number damn\nNo this rhyme is weak, this is week I remember this bullshit right here\n(My book of rhymes)\nGandhi was a what the fuck?\n\nGandhi was a fool, nigga fight to the death\nThe US Army is a school that teach ya plights of conquest\n(I wonder when I wrote this, nah it's weak)\nThe money's ya religion sky the limit live life\nNumbers is big business makes the poor live strife\n\nThe glimmers of hope provoke those without dollars to dream\nThrough your existence become wealthy knowledge is king\nPimps and card sharks\nThieves murderers with hard luck\n\nAddicts and fiends prostitutes passin' for teens is my society\nCops that shoot blacks is routine for notoriety\nGrow up watchin' well dressed niggas with charms\nBeautiful ladies on their arms\n\nDangerous new cars was my fantasy for Nas\nRubbing my lips with Campophenique\nStill behind the ears wet turned out to be\nPioneers vets amongst hustlers crack sellers and lairs and squares\n(Nah that was weak there)\n\nMy people be projects or jail never Harvard or Yale\nPardon me type in my two way while I'm chargin' my cell\nIt's hard to be iced up with Gucci\nGod poverty's real I can't fight you\n'Cause you would sue me niggas be groupies\n\nI see imitators tryin' to make albums spittin' my style\nAnd they don't even realize that I notice they stealing Nas' shit\nI pump some Rick James with that Teena Marie\nMy Nina lean on me like Swoop it's crap this can't be\nMy book of rhymes\n\nThis can't be my book of rhymes writing this bullshit\n(My book of rhymes)\nNah neva that fuck that, aw why you laughin' Alchemist?\nHuh you a funny nigga, naw yeah\n(My book of rhymes)\n\nI'm tellin' you I'ma come up with some new shit now\nFuck that I'ma write again now fuck that\nI musta been high on some shit\nMmm what the fuck is this?\n\nLook how we treat pregnancy women in the 'hood\nOur values so low our values are no good\nThings our mothers told us we shoulda heeded\n'Cause now we need it, we older almost able t\n\nI'm jealous of you how come you so beautiful?\nSmelling fresh youthful intelligent while I'm stressin' and shit\nAiyo I envy you 'cause all you do is smile and things come your way\nSuch a innocent child is what some say\n\nI get upset 'cause I just want to be treated the way you are\nLike a star not a worry in this world thus far\nBut wait a minute we both need ya mother's attention\nI must be crazy jealous of my own baby infant\n(Kinda crazy)", "image": "https://images.genius.com/23061dd2dc7e863127db561906debd27.434x434x1.jpg"}], "artist": "Nas"}