{"songs": [{"title": "Last Words", "album": "Nastradamus", "year": "1999-11-23", "lyrics": "[Produced by L.E.S]\n\n[Chorus: Nas & Nashawn]\nThese are last words of a hanging slave\nHow could I forget this\nI rob you, put you on my hit list\nUnder my nails are dirty look at the grime\nMy burnt lips from the roach clips\nHow can I shine\nBeing broke and bag a dope bitch\nPowerful minds, we brave men\nI blow smoke and I'ma keep sayin'\nThese are last words of a hanging slave\nHow could I forget this\nI rob you, put you on my hit list\nUnder my nails are dirty look at the grime\nMy burnt lips from the roach clips\nHow can I shine\nBeing broke and bag a dope bitch\nPowerful minds, we brave men\nI blow smoke and I'ma keep sayin'\n\n[Verse 1: Nashawn]\nI wanna be more than that bullet that go through ya zone\nWanna be the lead that tear through ya skin and crack bones\nWanna be the heat you feel makin' ya moan\nWanna be the hospital bed that you lay on\nWanna be the god you feel when you pray-on\nIt's Nashawn the type that get the hyper calm\nI'm gonna kill somethin', rap cats be real frontin'\nFuck shootin' legs, cock back put his brains on the pave\nNigga how 'bout that, close range with the gauge get payed\nFirst rapper to shoot off stage\nTurn the front page the next day, my life is like a book\nA twenty four hour song without no hook\nMillennium Thug computer chips up in my slug\nTurn corners when you turn corners, know who to plug\nThugs around me outside its grimy outside\nBetter slide before you get bodied outside\n\n[Chorus: Nas & Nashawn]\nThese are last words of a hanging slave\nHow could I forget this\nI rob you, put you on my hit list\nUnder my nails are dirty look at the grime\nMy burnt lips from the roach clips\nHow can I shine\nBeing broke and bag a dope bitch\nPowerful minds, we brave men\nI blow smoke and I'ma keep sayin'\nThese are last words of a hanging slave\nHow could I forget this\nI rob you, put you on my hit list\nUnder my nails are dirty look at the grime\nMy burnt lips from the roach clips\nHow can I shine\nBeing broke and bag a dope bitch\nPowerful minds, we brave men\nI blow smoke and I'ma keep sayin'\n\n[Verse 2: Nas]\nI'ma prison cell six by nine\nLivin' hell stone wall metal bars for the gods in jail\nMy nickname the can, the slammer, the big house\nI'm the place many fear 'cause there's no way out\nI take the sun away put misery instead\nWhen you with me most folks consider you dead\nI saw too many inmates fallin' apart\nCall for the guards to let them out at night when it's dark\nConvicts think they alone but if they listen close\nThey can hear me groan touch the wall feel my pulse\nAll the pictures you put up is stuck to my skin\nI hear ya prayers (even when ya whisperin')\nI make it hotter in the summer, colder in the winter\nIf the court parole ya then another con enters\nNo remorse for your tears I seen 'em too often\nWhen you cry I make you feel alive inside a coffin\nWatch you when you eat play with you mind when you sleep\nMake you dream that you free then make you wake up to me\nFace to face with a cage no matter your age\nI can shatter you turn you into a savage in rage\nChange ya life that's if you get a chance to get out\n'Cause only you and I know what sufferings about\nYo it's stunnin' when bed sheets become your woman\nAnd I'm the one that gotcha weapons when the beef is comin'\nMaybe one day I'll open up my arms to release you\nYou'll always be my property nigga stay legal...\n\n[Chorus: Nas & Nashawn]\nThese are last words of a hanging slave\nHow could I forget this\nI rob you, put you on my hit list\nUnder my nails are dirty look at the grime\nMy burnt lips from the roach clips\nHow can I shine\nBeing broke and bag a dope bitch\nPowerful minds, we brave men\nI blow smoke and I'ma keep sayin'\nThese are last words of a hanging slave\nHow could I forget this\nI rob you, put you on my hit list\nUnder my nails are dirty look at the grime\nMy burnt lips from the roach clips\nHow can I shine\nBeing broke and bag a dope bitch\nPowerful minds, we brave men\nI blow smoke and I'ma keep sayin'\nThese are last words of a hanging slave\nHow could I forget this\nI rob you, put you on my hit list\nUnder my nails are dirty look at the grime\nMy burnt lips from the roach clips\nHow can I shine\nBeing broke and bag a dope bitch\nPowerful minds, we brave men\nI blow smoke and I'ma keep sayin'", "image": "https://images.genius.com/d23a600c139bca90fa38b331a4e93acd.1000x1000x1.jpg"}], "artist": "Nas"}