{"songs": [{"title": "Star Wars", "album": "Illmatic 10th Anniversary Platinum Edition", "year": "2004-03-30", "lyrics": "[Produced by Large Professor]\n\n[Intro]\nYeah, yeah, yo, yeah, yeah\n\n[Verse 1]\nFor niggas up in they mom's crib listenin\nTo this unadulterated Nas shit wishin it was them\nInstead of, me on this track on this beach with palm trees\nDrinks with umbrellas straws telling it raw\nJungle of concrete killers and snakes I was amongst that\nBundles of crack through this funnel that's black\nI want you to vision through my telescope see the hell I wrote\nIt's Reynolds when I Wrap it like a envelope package\nAnd they was into dope back then\nNumbers, pimpin and robbin, well they still robbin and pimpin\nBut it's small change compare to hip hoppin\nAnd did I mention millions because of lip poppin\nTrips expensive gift shoppin whip drivin\nBenzes, Jeeps, see, them and they bitch got one\nIt's shockin you thinkin naw it's just rhymin\nBut all this time it's like organized crimin\nFor instance, there was a time when there was a line\nBetween streets and business, but now peep how it's mixed in\nThe beef is now sickenin, everybody got paper\nWords of power, because of it the cops hate ya\nThe government watchin all of those who thuggin it\nThey wanna lock us up cause they kids are lovin it\nNot knowin that most rappers are straight ass\nThe shots ring out, whenever we clash it's Star Wars\n\n[Hook]\nWe call it Star Wars\nWhat happens when the shots ring out, Star Wars\nWe call it Star Wars\n\n[Verse 2]\nCaviar never, I rather the Cajun blacken\nCatfish no snails simple nigga to please\nMet a bad bitch dimples in her cheeks\nShe remembers Busy Bee battles when it was peace\nCaught myself driftin in thought, cause now it's different I thought\nNiggas was raised off the shit I record\nLike I was brought up off that Planet Rock\nKurtis Blow, James Todd Smith, Shan and Scott LaRock in the jams\nWhy would they fuck with a don, Jehovah witness\nHim and his co-defendants, I eat 'em like Lucky Charms\nWith two percent low fat milk, five percent pro black built\nIt's nothin mother had a motherfucker\nI don't think about it niggas talkin there's a lot of gossip\nThat I'm a prophet or I can't go back to my projects\nCan I? Does a plant grow from a pot yes\nDo trees grow from a forest MC's y'all are clitoris\nY'all niggas roll with any click that's winnin any crew\nDoin whatever's trendy, even they leave me too\nAin't enough room in this town\nWhat is beef between ghetto word spitters with crowns, Star Wars\n\n[Hook]\nCause this is Star Wars, shots ring out everywhere, Star Wars\nCause this is Star Wars, shots ring out\n\n[Verse 3]\nThis ain't, no Oscars or MTV or Joan Rivers fashion police\nNot what you read in tabloid seats\nThese are MC's that live by the code, it's hard for me to spit it\nBecause the game was supposed to be sold, we live it\nCame from the streets we the voice of the youth\nAmerica's nightmare was given a mic booth\nNike boots, leathers and jean, jewelry, cribs and cars\nRappers not dependin on your nine to five jobs\nEntertainment, this is our world this is our language\nDifferent regions speakin east and west gang shit\nYou got your positive shit like, Common Sense\nBut even he had drama with the Don Mega Cube\nAcknowledge the words get twisted at times it's rules\nWhat you think is different from the block whenever we feud\nFuck your pictures and your plaques your tours and autographs\nDon't trust bitches and niggas who tell you your all of that\nCause, they'll be in your enemies face, sayin it's safe\nTo run in your release party sprayin the place\nOr catch you when you least on point, putting your keys in the door\nBehind you with your seeds in KB Toys store\nMaybe the words get disrespectful now your niggas check you\nYou 'gon let that nigga play you, you know we 'gon rep you\nNext mornin every news channel and front page\nHeadlines another rapper was slayed, this is Star Wars", "image": "https://images.genius.com/ffe91cf8806703f8a4c4cba11c0ceed7.1000x1000x1.png"}], "artist": "Nas"}