{"songs": [{"title": "Play on Playa", "album": "Hip Hop Is Dead", "year": "2006-12-19", "lyrics": "[Produced by Scott Storch]\n\n[Intro]\nUh, light somethin', stop frontin'\n\n[Verse 1: Nas]\nHow much money's enough? Think maybe like a trillion figures\nPray my daughter don't wild like the Hilton sisters\nThat'd kill me yo, filthy rich\nMy daughter pass it onto the next generation\nThrowing carnations at my tombstone\nIn my new home, meet Mom's in my Yves Saint Laurent suit on\nThen we do a dance\nLike my man Luther jam, but my verse came first\nI stole change out her purse, now I wanna dig her up\nOutta the earth, too morbid, lean forward\nToward a new paragraph, Blue carrots, D-class\nStrictly that kush in the weed bags\nTryna' figure out what Barry Gordie had put in production\nStudio's smokey now, hard like Davin Ruffin\nHit a spliff through a seance, and uh, play on, playa\n\n[Hook: Snoop Dogg]\nFinest females I spit game on, I sprayed her\nGotta' get your papes on, play on, playa\nBefore it's all gone, sip Don, tip waiters\nDo y'all thing, m\u00e9nage, swing, baby\nSpend dubs on your bruhs, gotta live crazy\nFinest females I spit game on, I sprayed her\nGet your papes on, play on, playa\nGet your papes on, play on, playa\n\n[Verse 2: Nas]\nRuby red grapefruit juice with Grey Goose\nRubies in the Jesus piece, pimped out like Snoopy\nBut a East Coast thing, my girl's stocking\nTied up in a knot top of my bean head\nBillion dollar dream head, went from triple beams to digitals\nServin' fiends to minimal, sixty G's\nNo criminal, no mo', just mo' dough\nMimosas pouring, Oprah's earrings\nOn fingers while your girl performs cunnilingus\n\u2018Cause this big money aroma lingers\nBarber cleans his blade, then they give me a fade\nHot towel on the face, hot models who vomit\nAfter they eat so they can stay lightweight\nSwallowin' my protein like an Ovaltine shake\nCome through like Mo Green from Godfather, so clean\nWhere I step I 'Clorox it', keep twenty G's\nOn both sides of the thighs, that's four pockets\nEighty thou to browse for the nicest price\nBut we ain't into buyin' conflict ice\nThat's the shit they stole from the Congo, and other black soil\nTrue mack fo' you, nappy hair just spinning\nHoney gave me a massage with a happy ending\nFinest females, I just came on and sprayed her\nGot to get your papes on, play on, playa\n\n[Hook]\n\n[Verse 3: Snoop]\nIt's kinda hard for a playa like you\nBut let me show you how a nigga like me get revenue\nWhat you never do is punk out, what you better do\nNever let the game get ahead of you, get a better view\nBetter yet, a better crew, praise God, I'm a marry you\nGet ya holy, carry you, bury you, slowly\nRoll me another blunt, stuff it\nLick it, puff it, tuck it, fuck it\nThat man, that game, that thing it busts\nIn D-O-Double-G we trust\nYup, yup, young loc with the two steps\nHe creepin' with two TEC's, they sleepin' with two chicks\nRight before we blast, all you heard was two clicks (Bloaw!)\nEnd of existence, for instance\nRewind, replay it, re-chop it, remix it, re-twist it\nGoddamn, D-O-Double-G, cuz, we missed it\nTravel slow, I'm an Indian, but not a Navajo\nI smoke the big leaf, end all the big beefs\nMy hair in two braids, I'm the big chief\nLa-da-da, be-da-ba-da\u2026\nYeah, break that down, how fresh you are?\nThe king from Queens, Mr. Escobar\nConnect with the best from the West, yes-yes, you are\nOh my God, it's Snoop Dogg and Nas; playa, play on", "image": "https://images.genius.com/ff6738f83747060eafd4a7af4964cd8f.1000x1000x1.jpg"}], "artist": "Nas"}