{"songs": [{"title": "Gangsta Tears", "album": "Exit Wounds (Soundtrack) ", "year": null, "lyrics": "[Produced by Bud'da]\n\n[Hook x2]\n(I'm cryin gangsta tears) Only a few can feel my pain\n(I'm cryin gangsta tears) Only if I could show you\n(I'm cryin gangsta tears) Only if you was in this game\n(I'm cryin gangsta tears) You'd feel the whirlwind blow you\n\n[Verse 1]\nMy daily dose is ferocious\nI smoke dope, just as strong as opium\nHopin I'm close to just breakin frustration;\nSpeakin on podiums\nFacin this cold world head-on, dead on arrivals\nYoung black, poor education guns crack\nThe gang violence done that\nNighttime, the guns blow, streets got snitches\nDealers, bitches, killers and blunt smoke, clubs open\nBenzes, Jeeps, dubs pokin out tires\nThugs with heat, pay security, to let them slide in\nHuh, I'm at the corner driftin, sippin, Cognac\nTo' back, know dat soldiers is packin no secret\nThough I'm broken hearted women done left me hopeless in darkness\nSmokin, driftin in sickness, stand by oceans watch the sun glisten\nI'm soul-searchin, I'm soul-hurtin\nWhat happens when money don't make you happy\nI wish this on no person\nAte at the classy places, made all my fashion statements\nI got no friends I'm lonely, don't want no pity save it\n\n[Hook]\n\n[Verse 2]\nYo, ride in the nighttime, I'm high, got on my flight suit\nHood with the Nike sign, dark colors on\nPull up the block my brother's on\nI hug him and we blow trees (sup nigga?) Scopin for police\nGuns on our hip, fiends want a fix, stumblin tricks (right here)\nWe left the drug game alone\nBrothers is jealous cause we still call the hood our home\nWhat could you tell us?\nAt funerals my eyes swell up (damn)\nLook at my dog lay in the casket\nTwin shotgun barrels had blasted\nAnd rest in peace Barkin, is all I could whisper\nAs I paid respect, kissed his face and felt hard skin\nIt's part of God's plan, but why so many niggas have to die?\nIt's crowded in this place, let the priest and pastor by\nBandana covers my eye, I'm scopin through the room\nI see killers and thieves, mob bosses and goons\nAnd yet I feel responsible when my nigga's pronounced dead\nInside the hospital, I wish there's somethin I could do, but..\n\n[Hook]", "image": "https://images.genius.com/68da5323119808598947700ce0ae4ba8.500x500x1.jpg"}], "artist": "Nas"}