{"songs": [{"title": "The Get Down: Episode 2 - Seek Those Who Fan Your Flame", "album": "The Get Down: Season One", "year": "2016-08-12", "lyrics": "Click, BOOM!, that's what I heard\nThings crash\n\nListen up to what my soul conjures up\nMy tear ducts dry, can't cry, I conceal it, I die\nMy index finger and thumb push the pin to the drum\nYou ask where I've been, New York City, BX where I'm from\nNo figment of my imagination, sad situation for my dad\nKiller came in my pad and started sprayin'\nFather layin' on the floor, he breathin' no more\nShot to death, the reaper came like a thief through the door\nShaolin, he helps me, he wealthy in street knowledge\nHe deep in the path of drug dealin' and violence\nDay in and day out, drama, we couldn't stay out\nLivin' in my aunt's house, music the only way out\nCause we was in the broke down belly\nOf a hungry beast\nWe stayed true, then we made up a crew\nShaolin gave me the name Book, I became a ragin' bull\nBack when I was first enchanted by Grandmaster Flash\nYou had to be there, imagine him scratchin' wax\nUp in his habitat in the Bronx, he got it on\nThe birth of a new group has spawned", "image": "https://images.genius.com/e0b99235142e9f90620adeb6e5ac627e.512x512x1.jpg"}], "artist": "Nas"}