{"songs": [{"title": "Nature Shines", "album": "For All Seasons", "year": null, "lyrics": "[Verse 1]\nQueensbridge, 41st side\nYo yo yo\nI gots no birth records, no next of kin\nKnow a lot of mothafuckers, got no best friends\nKnow the weather checkin 1010 WINS AM\nFirst and fifteenth I'm layin at the check cashing\nThink I'm playin, blink and I'm sprayin\nWrong move, ask yourself what leg you wanna lose cuz you gon' lose\nI cripple niggas, from the complex to simple niggas\nKeep showin y'all what difficult is\nHalf the world sayin \"Dunn\" but never been to the Bridge\nWhat type of shit is that, fraudulence, what's the cause of it\nNature came threw erasing all of it, stop the presses\nGoofy niggas ask a lot of questions\nI repeat this is not a question\nIf you don't reply quick enough I gotta press em\nKeep the Glock by the intestines, .38 waist\nWit a belt, regardless of your stats you can catch a shell\n\n[Hook]\nBelieve me when I tell you this (Believe me when I tell you this)\nThere's nuttin y'all can do for me (There's nuttin y'all can do for me)\nI don't believe in selfishness, this time I want my crew to eat (My crew)\nWe comin through a hundred strong (Comin through a hundred strong)\nWe comin wit a hundred miles (A hundred miles)\nBumpin shit all summer long (Bump that)\nWe want it dead and want it now (We want it now)\n\n[Verse 2]\nYo aiyyo I rap for my niggas and rap for the hoes\nRap when I'm gettin dressed, when I iron my clothes\nDepressed, I kick raps that change your whole mood\nAnd somehow stick to your ribs like soul food\nRap for wheelchairs, rap for canes\nAce bandages and niggas wit sprain, stay limpin in pain\nI rap for math, english, even rap for science\nGotta try to laugh, keep myself from cryin\nI rap for Giants, the Jets, the Yankees, the Mets\nIt's New York New York, from Clue to Flex\nNew cassettes stay poppin up, your boo let me throw my cock in her\nRappin got me two proper nuts\nIt's crazy, I even rap for high school coach\nWhite folks fiend out like in Michael Doates\nCreamed out, dope stashin\nFor those askin, I flow for TV, HBO and closed caption\n\n[Hook]\n\n[Verse 3]\nAiyyo aiyyo aiyyo aiyyo\nDon't go to Texas, don't go to Watts\nDon't go to Queensbridge, nigga don't go to cops\nDon't snitch when you're gettin bagged\nIn the penns, don't bitch when you gettin stabbed\nJust hold that, I pose for Kodak's, rose to stardom\nHoes in Harvard, sophmores get knocked off, nigga watch yours\nI watch the game like it's Saint John's\nIt ain't wrong, take a blank piece of paper, a pen paint songs\nType colorful, writin that shit a thug'll do\nIn the heat of the moment, type to make a sudden move\nSome'll snooze, some'll snore, they won't admit that dunn is pure\nOnce I quit, niggas wanted more\nCop my shit once it come in store\nThe first week be at the top of the charts, got it jumpin off\nHot verses wit a hundred thoughts\nOne theme, gettin caught in my zone you'll become a corpse\n\n[Hook", "image": "https://images.genius.com/e4f501fdfa584d29ce2e2706f76e3bf6.500x500x1.jpg"}], "artist": "Nas"}