{"songs": [{"title": "Desert Storm", "album": null, "year": null, "lyrics": "Yo this Nas niggas whuttup?\nQB Album coming, niggas ill Will, Bravehearts\nMy nigga DJ Clue - put this shit on these niggas\nDesert Storm baby 2000!\n\nA Drug dealers dream - flip his last Ki, get out the game\nCause entertainment money now is off the chain\nI put blunts in niggas caskets, lost in the game\nI learned about pain, bodies burnt in drug game\nBut I'm never gon' die, I never heard of death\nEnergy could never be destroyed, only the flesh\nSo when you niggas try to murder me with bullets to my head\nThis is why you can't kill me niggas I'm already dead, BRING IT!\nI'm busting, bodies fall in the cemetery\nBlack blood raining on the street\nAll you niggas, buried y'all!\nNiggas just came home, fresh out the state greens\nFive time felon, thinking he jelling in Queens\nIt's pitiful - what a bid could do, especially federal\nY'all young thugs wilding, see prison\nGot a bed for you waiting, I clapped that Satan\nBut thought I was dreaming\nI woke up masturbating in the bed with demons\nI cried with every bit of strength of my small body\nThis is the life I chose, under God I'm tiny\nHard to find me, I popped up, lock shot-up\nYou can't B.I., see I'm eternal, not luck\nYou get shot-up, boxed-up next for the grave\nYour flow is one dimensional, your level is 2nd grade\nYou on top - WHAT?\nCopying fuck, I said it first, you repeated\nYour false crown covered in dirt - defeated\nY'all niggas all hail, the King is dead\nHe running like a bitch with his tail between his legs\nStill-matic, still eye 4 an eye, wannabe God\nYou're just the next rapper to die, fucking with Nas", "image": "https://images.genius.com/23061dd2dc7e863127db561906debd27.434x434x1.jpg"}], "artist": "Nas"}