{"songs": [{"title": "Find Ya Wealth", "album": "QB's Finest - Nas & Ill Will Records Presents: Queensbridge the Album", "year": "2000-11-21", "lyrics": "[Intro]\nCrime, life, bitches, money\nTime..\nFor my Braveheart's.. my Braveheart's\nUhh, uhh, uhh.. what, what, what?\nOne time.. two times..\n\n[Verse 1]\nFrom \"Breaking Atoms\" to \"Illmatic\", to goin platinum\nShit did change course since rippin it with Main Source\nNine-one, nine-two, time flew\nOut of the blue, time for a new young king to rule\nYounger frame, older state of mind\nFind my name on a page in your Qu'ran, I learned that, in '89\nWhen I was slingin cocaine and baby 9's\nPut it in rap and I gave y'all a way to rhyme\nGod guides us, from public assistance to high rises\nCondos, houses where y'all can't find us\nMove on your cliques in silence, and wet it up\nMy meal everyday was a slice and 7-Up\nTook advice from a street legend\nIdentities have been changed, to protect the innocent\nWitnessin niggas mistakes, visits at niggas wakes\nCause jealousy infiltrates and seals your fate\n\n[Hook]\nLook way deep inside yourself\nDiscover the diamond inside, find ya wealth\nOnce you get it, you gotta live it the limit\nNiggas never wanna see you with it, FUCK THEM THO'\nNiggas can't come close enough to touch the dough\nThe lifestyle I live is untouchable\nSo we clutch a few, guns that'll touch your crew\nCause we learned to do what the hustlers do\n\n[Verse 2]\nDifferent ways to come out the hood - in cuffs or a casket\nOr crazy, or shootin three pointer baskets\nOr maybe - it's the rap shit, all type of tactics\nWe use to get dough, some choose kickin in doors\nI asked a reverand, my mother and a best friend\nLess than ten years ago for me to get dough\nWhat y'all recommend is either dope weed or blow\nCause high school was slow, and jewelry was hot\nDuckin truancy cops, trains I hopped, to make it downtown\nCisco in my veins, pissed between trains\nCanal Street, just lookin at rings\nOutside through a glass, went in the store and asked\nHow much it cost, Korean man brushin me off\nFor some other big time customer, probably a hustler\nWho looked down at my small chain and chuckled up\nI said, \"I'll be just like you soon, motherfucker what?\"\n\n[Hook]\nLook way deep inside yourself\nDiscover the diamond inside, find ya wealth\nOnce you get it, you gotta live it the limit\nNiggas never wanna see you with it, FUCK THEM THO'\nNiggas can't come close enough to touch the dough\nThe lifestyle I live is untouchable\nSo we clutch a few, guns that'll touch your crew\nCause we learned to do what the hustlers do\n\n[Verse 3]\nTo them niggas who get life and throw a smile at the judge\nWildest thugs, who blow trial, exiled from the hood\nKeepin bitches, comin through on visits\nYou will survive, them weak freaks think you finished\nYou first time in you known for poppin your toast\nBy your third year in you forgotten by most\nNiggas wife cut them out of they life, niggas don't write\nFriends actin like they don't be gettin your kites\nIt be ill, niggas coming home and no time, they get killed\nNot even home a month and they get peeled, backwards\nIn they own backyard or in the park\nOne to the head, two to the heart, you should be smart\nIn the projects, who gon' die next?\nHoodrats know who let the gats blow and who keep cashflow\nLike the niggas know the rats, with some good asshole\nBlunts be a good-ass roll while passin your 'dro\n\n[Hook]\nLook way deep inside yourself\nDiscover the diamond inside, find ya wealth\nOnce you get it, you gotta live it the limit\nNiggas never wanna see you with it, FUCK THEM THO'\nNiggas can't come close enough to touch the dough\nThe lifestyle I live is untouchable\nSo we clutch a few, guns that'll touch your crew\nCause we learned to do what the hustlers do\n\n[Outro]\nFeel me?\nOne time, huh, two times, uhh uhh uhh\nWhat what what? Uhh uhh uhh..", "image": "https://images.genius.com/0f9769d8dcc0630bf3631c07688bcfb5.600x600x1.jpg"}], "artist": "Nas"}