{"songs": [{"title": "Good Morning", "album": null, "year": null, "lyrics": "[Intro: Nas (Ron Isley sample)]\nGood morning, yeah\n(Yeah, yeah well, well yee-aah)\n\n[Verse 1: Nas]\nGood morning, the same old jerks goin' to work\nGarbage man pick up the dirt, the birds don't chirp\nThere's this nice lady I know, she always speak\nWith her two children, headed to the school building\nThen rush home again to lit housin'\nAnd they are puttin' out the new ceilings\nCause her shits is leakin'\nWater keep drippin' down, so she beefin'\nHusband keep cheatin', he've been out all-evenin'\nGood morning, police shifts the hood is on-in'\nSo they drive around all-day with bench warrants\nEatin' donuts and sippin' on coffee\nOoops! Sudden stop, it spills on the walkie-talkie\n\"Damn, this nigga is a creep\"\nWhispers the police at the Wino in the middle of the street\nWith missin' front teeth twistin' blunts deep in the cut\nIt's my nigga so I holla what up, niggas good morning\n\n[Chorus: singer (Ron Isley sample)]\nGood morning 'cause I'm still here (yeah)\nI didn't get a wake-up call from out there\n(Yeah, yeah well, well yee-aah)\nSo I'ma head back to the street for a lesson\nAnd only live by God's blessing\n\nGood morning 'cause I'm still here (yeah)\nI didn't get a wake-up call from out there\n(Yeah, yeah well, well yee-aah)\nSo I'ma head back to the street for a lesson\nAnd only live by God's blessing, good morning\n\n[Verse 2: Nas]\nGood morning, yawnin', dawn is now gone and\nNew day, toothpaste brushin' my screwface\nFollow the light, it's just a great feelin'\nAnd I love life, every minute is pure healin'\nCan't you tell I'm much happy nowadays\nNo more child play, livin' life the foul way\nMy man just came home speedin'\nTryin' to catch up with 9 years of no freedom\nThe paper say, \"They finally caught him\"\nHe back in, I guess street life got too borin'\nKind of quiet, half the hood is still sleep\nIf you saw the night before you won't believe it's the same street\nPut on my 'lands and, leave the Phantom\nTake the low-whip for a trip up to Pan Pan's\nScramble egg whites and turkey bacon\n\"Ma, pass the hot sauce from out your apron\"\nUh, good morning\n\n[Chorus: singer (Ron Isley sample)]\nGood morning 'cause I'm still here (yeah)\nI didn't get a wake-up call from out there\n(Yeah, yeah well, well yee-aah)\nSo I'ma head back to the street for a lesson\nAnd only live by God's blessing\n\nGood morning 'cause I'm still here (yeah)\nI didn't get a wake-up call from out there\n(Yeah, yeah well, well yee-aah)\nSo I'ma head back to the street for a lesson\nAnd only live by God's blessing, good morning\n\n[Outro: Ron Isley sample]\nYeah, yeah well, well yee-aah\nYeah, yeah well, well", "image": "https://images.genius.com/23061dd2dc7e863127db561906debd27.434x434x1.jpg"}], "artist": "Nas"}