{"songs": [{"title": "One Love (Remix)", "album": null, "year": null, "lyrics": "Verse One:\nWhat up kid? I know shit is rough doing your bid\nWhen the cops came you shoulda slid to my crib\nFuck it black, no time for looking back it's done\nPlus congratulations you know you got a son\nI heard he looks like you, why don't your lady write you?\nTold her she should visit, that's when she got hyper\nFlippin, talkin about he acts too rough\nGe didn't listen he be riffing while I'm telling him stuff\nI was like yeah, shorty don't care, she a snake too\nFucking with them niggas from that fake crew that hate you\nBut yo, guess who got shot in the dome-piece?\nJerome's niece, on her way home from Jone's beach, it's bugged\nPlus little rob is selling drugs on the dime\nHanging out with young thugs that all carry 9's\nAt night time it's more trife than ever\nWhattup with Cormega, did you see 'em, are y'all together?\nIf so then hold the fort down, represent to the fullest\nSay whassup to herb, ice and bullet\nI left a half a hundred in your commissary\nYou was my nigga when push came to shove\nOne what? 'One Love'\n\nVerse Two:\nDear born, you'll be out soon, stay strong\nOut in New York the same shit is going on\nThe crack-heads stalking, loud-mouths is talking\nHold, check out the story yesterday when I was walking\nThe nigga you shot last year tried to appear like he hurting something\nWord to mother, I heard him fronting\nAnd he be pumping on your block your man gave him your Glock\nAnd now they run together, what up son, whatever\nSince I'm on the streets I'ma put it to a cease\nBut I heard you blew a nigga with an ox for the phone piece\nWiling on the island but now with el mara\nBetter chill 'cos them niggas will put that ass on fire\nLast time you wrote you said they tried you in the showers\nBut maintain when you come home the corner's ours\nOn the reals, all these crab niggas know the deal\nWhen we start the revolution all they probably do is squeal\nBut chill, see you on the next VI\nI gave your mom dukes loot for kicks plus sent your flicks\nYour brother's buck wiling in four maine he wrote me\nHe might beat his case, 'til he come home I play it low key\nSo stay civilized, time flies though incarcerated your mind dies\nI hate it when your mom's cries\nIt kinda wants to make me murder, for real-a\nI've even got a mask and gloves to bust slugs but One Love\n\nVerse Three:\nSometimes I sit back with a Buddha sack\nMind's in another world thinking how can we exist through the facts\nWritten in school text books, bibles, etcetera\nFuck a school lecture, the lies get me vexed-er\nSo I be ghost from my projects\nI take my pen and pad for the weekend hitting Ls while I'm sleeping\nA two day stay, you may say I needed time alone\nTo relax my dome, no phone, left the 9 at home\nYou see the streets have me stressed something terrible\nFucking with the corners have a nigga up in Belle Vue\nOr h.d.m., hit with numbers from 8 to 10\nA future in a maximum state pen is grim\nSo I comes back home, nobody's out but shorty doo-wop\nRolling two phillies together, in the bridge we call them oowops\nHe said Nas, niggas could be busting off the roof\nSo I wear a bullet proof and pack a black tres-deuce\nHe inhaled so deep, shut his eyes like he was sleep\nStarted coughing when i peeked to watch me speak\nI sat back like the mack, my army suit was black\nWe was chilling on these benches where he pumped his loose cracks\nI took the L when he passed it, this little bastard\nKeeps me blasted and started talking mad shit\nI had to school him, told him don't let niggas fool him\n'Cause when the pistol blows the one that's murdered be the cool one\nTough luck when niggas are struck, families fucked up\nCould've caught your man, but didn't look when you bucked up\nMistakes happen, so take heed never bust up\nAt the crowd catch him solo, make the right man bleed\nShorty's laugh was cold blooded as he spoke so foul\nOnly twelve trying to tell me that he liked my style\nThen I rose, wiping the blunts ash from my clothes\nThen froze only the blow the herb smoke through my nose\nAnd told my little man that I'm a go cyprose\nLeft some jewels in the skull that he can sell if he chose\nWords of wisdom from Nas try to rise up above\nKeep an eye out for Jake shorty I'm out 'One Love'", "image": "https://images.genius.com/23061dd2dc7e863127db561906debd27.434x434x1.jpg"}], "artist": "Nas"}