{"songs": [{"title": "World's An Addiction", "album": "Life Is Good", "year": "2012-07-17", "lyrics": "[Produced by Salaam Remi]\n\n[Intro: Anthony Hamilton]\nLies and the pain\nBetrayal; life\n\n[Bridge: Anthony Hamilton]\nIn danger\u2019s face\nLook what you\u2019re facing, gave your heart away\nAnd all the remedies couldn\u2019t ease the pain\nAll the hurt and betrayal; need to get away\nIn a world so cold\nYou gain your life just to lose your soul\nNever thinking twice bout what the future holds\nAll the lies and the games not worth fighting for\n\n[Refrain: Anthony Hamilton]\nThe world is an addiction\nServing up a fix\nThe world is an addiction\nIt's way too much for me\n\n[Verse 1: Nas]\nUhh, snitches and rapists in the street, crime to the fullest\nAsking niggas if they got any extra nine bullets\nThey deny me that, they know the bullets they loan me\nBe the same ones that probably had them lying flat\nStretched out, letter T, it's better to dead a beef\nThan let it breathe, then we don't succeed\nCause then you gotta murder dummies\nWaste your time, they allergic to money\nI'm never squirmish to blood\nWe can thug and get out of hand; what\u2019s the options?\nOnly conclusion is shooting, bullets popping, hoodlums dropping\nFear any day that the Feds will come knocking\nWas young and nervous, asking myself what\u2019s my purpose?\nIn the back of a paddy wagon, bracelets aching me\nPigs ignoring, I'm asking what precinct they taking me\nThese cops can\u2019t relate to me, death to prison, empty vacancy\n\n[Refrain: Anthony Hamilton]\nThe world is an addiction\nServing up a fix\nThe world is an addiction\nIt's way too much for me\n\n[Verse 2: Nas]\nThou shall not be selfish, real nigga commandments\nKnow a billionaire, he has everything but a fam\nGuess how angry this man gets\nHad so many bad chicks in his bed, strange sex, same sex\nHas addictions that are sadistic, chain of events, habits\nHe puts cocaine on his prick and acts sick\nSelf-esteem needs boosting, alcohol consumption\nNicotine fusion, some athletes juicing\nPastors quote biblical chapters, Psalms\nAll along he\u2019s into bestiality porn\nAnd it\u2019s wrong, so I keep the Cali weed in the bong\nAnd I'm strong but the female anatomy got me sprung\nAnd these women need shoes and baddest cars and condos\nFine clothes and these fiends needs to get high\nSo they find dough to mainline dope, and y'all know\n\n[Refrain: Anthony Hamilton]\nThe world is an addiction\nServing up a fix\nThe world is an addiction\nIt's way too much for me\n\n[Verse 3: Nas]\nSo many vices, habits, mine of course, bad chicks\nMy response to any advice on what is the essentials of life\nI'm just rebellious, not selfish\nGuess we all share different definitions of what wealth is\nI need the best things in life, that's women, that\u2019s cars, cigars\nA vintage bottle on ice that\u2019s priceless\nThe other night, just in the emergency room\nA patient said she needs to see a doctor soon\nDoctor busy operating on a lady who's sedated\nHe can barely concentrate cause he\u2019s newly separated\nHis estranged wife likes entertaining her acquaintance\nIn the house they were married in, mad people waiting\nSome young some old, heads and stomachs aching\nFilling out an application cause they all need medication\nBut the doctor need love or a quick vacation\nCalling up his travel agent, same time, premeditating\nMurdering his ex wife; life, savage ain't it\nSome need Xanax just to maintain it\nWe all need faith cause the world keep changing\nLet go of the illusion, start some restraining\n\n[Outro: Anthony Hamilton]\nOooooooooooh-ahhhhhhhhh....\nAhhhhhhhh-ahhhhhh-ahhhhhh...ahhh..\nJust hold on (just hold on)\nJust hold on (just hold on)\nJust hold on (just hold on)\nJust hold on (just hold on)\nJust hold on (just hold on)\nJust hold on (just hold on)\nJust hold on (just hold on)\nJust hold on (... hold on)", "image": "https://images.genius.com/45f91df35c8401e4bc8342304de2e558.1000x1000x1.jpg"}], "artist": "Nas"}