{"songs": [{"title": "Just Another Day In The Projects", "album": "Original Demo Tape", "year": null, "lyrics": "[Verse 1: Nas]\nI had a dream, I was a gangster drinking Moets, holding Tecs\nMaking sure the cash is correct, then I stepped\nInvestments in stock, sewing up the blocks\nTo sell rocks, winning gun fights with the cops\nCustom-made suits, hands full of ice and gold\nMaking thousand dollar bets on the dice I rolled\nGirls working night patrol, the whore market\nWhen I walk, niggas is rolling out the red carpet\nNow how good could a black man have it?\nLiving like a king, is a habit I keep an automatic\nThe whole crew life is love above word\nRumors about the way we make niggas well heard\nNicknamed the \"Killa Clan\"\nSoon to kill a man\nIf there is still a gram\nI shake my left hand\nAnd not do a minute on the rock\nCause if I do a minute on the rock\nThe juries getting knocked\nI'm 'bout girls, that kept braggin'\nCause I own all the runner-ups in every state's beauty pagent\nInside a lamborgini, called the Martini\nLittle kids in the streets, they wanna be me\nI'm living in a mansion, hold a niggas wife for ransom\nI'm like a rich Charles Manson\nA view, backyard, about 40 acres\nYou read about me in the papers\nI hit the jackpot\nEvery night from all my crack spots\nWe attack cops for props\nI got sons with guns, they all done crimes\nThey so wild, they even scare my ass sometimes\nOther niggas on the blocks is so corny\nI got my dime, I'm lookin like someone smoke for me\nBad bitches kissing my ass\nI got a few mill. in the stash\nWith beds made of cash\nBut on my head was a price\nI made the bad-guys in Miami-Vice, look nice\nAll of a sudden, I got raided\nMy crib was invaded\nBut, the Nas still made it...\nTo the getaway car\nAnd now my driving skills got to be up to par\nThe cops parked the car\nAnd sprayed till it was smoked up\nThat's when I woke up\n\n[Hook: Piano hook]\n\n[Jungle]\nYea Nas, nigga\nWord Life Kid\n\n[Verse 2: Nas]\nThe whole thing was a nightmare\nI fell asleep watching Scarface\nLaying in the chair\nStanding on the block\nIt was flooded with cops\nThrough the parks... Was the D's and the Narcs\nWatching me walking out my building\nStaring and hawkin shit\nBut I as fortunate\nI usually be going out with the 9\nInstead, I had 10 bucks to buy a dime...\nBag of weed\nNever cracks I ain't with that\nI bought buddha, some phillies, and a Kit-Kat\nNow I'm walking back, through the drug infested area\nWhich is filled with hysteria\nWhen a cop yelled, \"Come here black.\"\nI thought to myself, \"what part of the game is that? \"\nI didn't do no crime, for you to be wasting your time\nWith your antagonistic mind\nHe said that I was being smart and I better run\nHe looked like a Klans-man with a gun\nSo I started floating\nPolice in Queensbridge, they don't be joking\nI ran up my crib, in the nick of time\nRolled up a philly and stashed the 9\nPolice later left, I was outta breath\nAnd what not\nSomebody got shot, that why it's hot\nI called my man and told him the adventure\nAnd later, I meet him at the community center\nI need a six pack of Beck's\nIt's Just Another Day in the Projects!\n\n[Hook: Piano Hook]", "image": "https://images.genius.com/97123154978861a3d3049746802fbb84.300x300x1.jpg"}], "artist": "Nas"}