{"songs": [{"title": "The Prediction", "album": "Nastradamus", "year": "1999-11-23", "lyrics": "[Rich Nice]\nWhat's happening brothers and sisters?\nWelcome to our time\n\n[Jessica Care Moore]\nAfro-Angels hide my weapons in tangles\nBlack Star Spangled, fragile like hematite with the East oils I write\nDespite the lack of sunlight, got my battle boots tight\nNow that the government's gone, can't tell your left from your right\nWinged assassins laughin while the New World's collapsing\nMother Earth's ribs crashed in, armed with cowries, I'm blasting\nAs the Earth rebels my womb swells\nThe birth of Black Magic, savin my people force of habit\nYou can't find if you ain't never had it\nSpiritually crafted black-listed hair-twisted ghetto embargo lifted\nPower-shifting comb-fisting I predict Goddesses you running after witches\nI kiss my fourteen stitches\nKeep all my baby girl wishes\nI predict all the oceans turn dry\nNot one baby girl will cry as you attempt to grow broccoli from the desert\nWe will take our pregnant bodies, drink from underground rivers\nWash your face between our legs\nWhile recreating humanity, we will summon yemanja\nSearch for our fertility, ban all pink and yellow pills\nBan all pink and yellow pills\nI predict killing fields of ghetto armpatch anti-Hatch\nHate groups will be bombed\nChildbirth becomes outlawed\nAlways will be branded numbered and logged\nAll paper money is gone\nConfused scholars can't interpret our scrolls\nYour sky has holes\nWe know the young is old\nNastradamus tell us how the story gets told", "image": "https://images.genius.com/d23a600c139bca90fa38b331a4e93acd.1000x1000x1.jpg"}], "artist": "Nas"}