{"songs": [{"title": "It Ain't Hard to Tell", "album": "Illmatic", "year": "1994-01-18", "lyrics": "[Produced by Large Professor]\n\n[Verse 1]\nIt ain't hard to tell, I excel, then prevail\nThe mic is contacted, I attract clientele\nMy mic check is life or death, breathin' a sniper's breath\nI exhale the yellow smoke of buddha through righteous steps\nDeep like The Shining, sparkle like a diamond\nSneak a Uzi on the island in my army jacket linin'\nHit the Earth like a comet\u2014invasion!\nNas is like the Afrocentric Asian: half-man, half-amazin'\n\u2018Cause in my physical I can express through song\nDelete stress like Motrin, then extend strong\nI drink Mo\u00ebt with Medusa, give her shotguns in Hell\nFrom the spliff that I lift and inhale; it ain't hard to tell\n\n[Verse 2]\nThe buddha monk's in your trunk, turn the bass up\nNot stories by Aesop\nPlace your loot up, parties I shoot up\nNas, I analyze, drop a jew-el, inhale from the L\nSchool a fool well, you feel it like Braille\nIt ain't hard to tell, I kick a skill, like Shaquille holds a pill\nVocabulary spills, I'm Ill plus Matic\nI freak beats, slam it, like Iron Sheik\nJam like a TEC with correct techniques\nSo analyze me, surprise me, but can't magmatize me\nScannin' while you're plannin' ways to sabotage me\nI leave 'em froze, like heroin in your nose\nNas will rock well; it ain't hard to tell\n\n[Verse 3]\nThis rhythmatic explosion\nIs what your frame of mind has chosen\nI'll leave your brain stimulated, niggas is frozen\nSpeak with criminal slang, begin like a violin\nEnd like Leviathan, it's deep? Well, let me try again\nWisdom be leakin' out my grapefruit, troop\nI dominate break loops, givin' mics men-e-strual cycles\nStreet's disciple, I rock beats that's mega trifle\nAnd groove even smoother than moves by Villanova\nYou're still a soldier, I'm like Sly Stone in Cobra\nPackin' like a Rasta in the weed spot\nVocals will squeeze Glocks\nMCs eavesdrop, though they need not to sneak\nMy poetry's deep, I never fell\nNas' raps should be locked in a cell; it ain't hard to tell", "image": "https://images.genius.com/272159dfa09c1254ce3ea5612ae9ff59.300x300x1.jpg"}], "artist": "Nas"}