{"songs": [{"title": "Escobar '97", "album": "Men in Black - The Album ", "year": null, "lyrics": "[Hook]\nHonies, cash, weed, cars\nGhetto celebrities and hood movie stars\nGat slingers, now rap singers are who we are\nWent from Nasty to Nas to Nas to Escobar\n\n[Verse 1]\nThe path we all walk starts out long, it's like a boardwalk\nMonopoly, some make it around, some go down, it's prophecy\nHappy days balancin' with life's atrocities\nHoppin' in V's, knowin' some day I got to lead properly\nHigh up in a five, realizin' the price paid\nFor this life laid in the light shade\nOne might say, top of the world's two whips, a crib and a girl\nQuick to celebrate it, poppin' corks like they made it\nPretentious, arrogant niggas is senseless\nPro ball players with white wives, peep they night lives\nWhile you could catch me in a crisp white five\nDark tinted, Dijon-scented with Al Green on\nMy theme song, Love and Happiness, how can it seem wrong?\nI mean, before this, I used to rock a Taurus with the donuts\nNow, I grown up, got it chromed up\nGot the rap game sewn up, sho 'nuff\nNiggas actin' cool but it's really no love\nI feel a slow buzz off the dutch\nThis is everyday, every second, got to make it pay\nEvery lesson I learnt got me open\nWhile most of these rappers'll stay burnt\n\n[Hook x2]\n\n[Verse 2]\nWith so much drama in QBC, it's kinda hard bein' Escobarro\nEl Derado Red, sippin' Dom out the bottle\nMy life is like a Donald Goines novel, we wave glasses like bravo\nDrunk niggas with mad problems and shot pockets\nMy niggas on the block rock this, box cocaine, cook it and chop it\nLookin' to profit in different ways, goin' through this difficult stage\nCalled life, but each year my physical's praised\nSome fell beyond the reach of help\nCut in the street, thinkin' they could teach theyself\nWhen all we wanted was a piece of wealth\nAnd randomly, feed our family, the streets are insanity\nAmply, livin' in this thug's fantasy\nRichest nigga in show biz is what I plan to be\nHeavy chain and my QB sway, livin' this king's life\nMagazines write about me in this dream, it's all tight\n\n[Hook]\n\n[Verse 3]\nNow, the main thing that boggle my brain be all the bottles of pain\nIce, the chain and all the followers came\nThey tried to throw me off track but I caught that\nThey thought I lost that but I'm continuin' to make more stacks\nHalftime, New York State of Mind, It Was Written was hittin'\nTrips overseas, southeast, diamond and riches\nSleepin' on the plane, wake up when we land, feelin' real scared\nOn the ground, Rollie flush, princess cuts and large rounds\nThe crews up, findin' time to shine rocks\nIt's real, you violate, be in a pine box\nIf it go there, I lay you before you lay me, it's crazy\nI didn't make the game, the game made me\nRecords for the babies so they raised up in mansions\nHaters keep hatin' and ladies'll keep glancin'\n\nY'all know the routine out this muthafucka, word up", "image": "https://images.rapgenius.com/e2b8f3e1aed93e4c5d7bf94dcda87c4d.500x500x1.jpg"}], "artist": "Nas"}