{"songs": [{"title": "It's a Tower Heist", "album": null, "year": "2011-10-11", "lyrics": "[Verse 1: Nas]\nBorn in NYC beastin', the lord left me no choice\nChristian pendants, Islamic thoughts, criminal courts\nFather forgive, I wanna die like Godfather did\nStanding in lineups I'm paying lawyers, ain't trying to bid\nAlliances surveillance watching 'em careful when plottin'\nMy boys were captured on video, farewell to my partners\nSki masks and fake tags in case the car was spotted\nLavish hotels, Central Park West, fly apartments - let's rob it\nForensics get us sentenced so we the smartest\nIt's livest as Saturday night as I load up a cartridge\nLet off the fully, got alibis, no need to worry\nDone right, we don't see the prosecutors or grand jury\nReputed mobster style, take the money and run\nCount it in warehouses, leave town and live 100 years like crocodiles\nStraight up NYC like a Mets fitted\nThis a tower heist, even Donald Trump can get it\n\n[Hook x2: Nas]\nYou want respect, money and power, right?\nWell let's ride tonight; it's a tower heist\n\n[Verse 2: Rick Ross]\nI got my shades on, got my money in my pocket\nGot my J's on, spend a hundred for my watch\nI feel amaz-on, it's a jungle in these streets\nChoppers be going \"bang\", your people need be deceased\nEveryday is war, living legends you must applaud\nSo light my cigar, or for the foreigners living large\nDealin' straight raw, the Mercedes in my garage\nYour girl on my dick and I may just feel like menage\nI came for the cash, me and Nas behind the mask\nCause, bitch, it's a heist, give me ice or lose your life\nMy profit's so nice me and dog gon' count it twice\nIt's poppin' tonight, roll the weed, give me a light - UGH!\n\n[Hook]", "image": "https://images.genius.com/36052983ff9a9dc0a17755146408bbbf.600x600x1.jpg"}], "artist": "Nas"}