{"songs": [{"title": "I Want to Talk to You", "album": "I Am...", "year": "1999-04-06", "lyrics": "[Chorus]\nI wanna talk to the mayor, to the governor, to the motherfuckin' president\nI wanna talk to the FBI, and the CIA, and the motherfuckin' congressman\nI wanna talk to the mayor, to the governor, to the motherfuckin' president\nI wanna talk to the FBI, and the CIA, and the motherfuckin' congressman\nCan I talk to ya?\n\n[Verse 1]\nStep up to the White House let me in\nWhats my reason for being I'm ya next of kin\nAnd we built this motherfucker\nYou wanna kill me because my hunger?\nMr. America young black niggas want ya\nI wanna talk to the man, understand?\nUnderstand this motherfuckin' G-pack in my hand\nLook what happened to San Fran\nYoung girl hit by policeman\nTwelve shots up in her dome, damn\nNiggas thought we slept but the architect sent\nThe Pentagon's from Egypt, government secret\nThe 99 to 2-G computer shutdown, what now\nExtension on Earth, human cutdown\nNiggas play with PlayStations, they build a spacestations\nOn Mars plottin' civilizations\nDissin' us discriminatin' different races\nTax payers pay for more jail for Black Latin faces\n\n[Chorus]\nI wanna talk to the mayor, to the governor, to the motherfuckin' president\nI wanna talk to the FBI, and the CIA, and the motherfuckin' congressman\nI wanna talk to the mayor, to the governor, to the motherfuckin' president\nI wanna talk to the FBI, and the CIA, and the motherfuckin' congressman\nCan I talk to ya?\n\n[Verse 2]\nI'm just a black man why y'all made it so hard, damn\nNiggas gotta go create his own job\nMr. Mayor imagine if this was your backyard\nMr. Governor imagine if it was your kids that starved\nImagine your kids gotta sling crack to survive\nSwing a mack to be live cardiac to get high\nIt's the ghetto life, yeah I celebrate it I live it\nAnd all I got is what you left me with I'ma get it\nAnd y'all combinin' all the countries we goin' do the same\nCombine all the cliques to make one gang\nIt ain't a black and white thing\nIt's to make the change, citizens of a higher plane\n\n[Chorus]\nI wanna talk to the mayor, to the governor, to the motherfuckin' president\nI wanna talk to the FBI, and the CIA, and the motherfuckin' congressman\nI wanna talk to the mayor, to the governor, to the motherfuckin' president\nI wanna talk to the FBI, and the CIA, and the motherfuckin' congressman\nCan I talk to ya?\n\n[Verse 3]\nWhat y'all waitin' for the world to blow up\nBefore you hear this rewind this 4 minutes before we timeless\nLet y'all niggas bang my shit before Saddam hits\nLet Nastradamus tell us what time it is\nThey try to buy us with dough\nFake black leaders of puppets always talkin' 'bout the city budget\nThe news got it all confused lyin' to the public\nThey eyes watchin' stay wise move above it\nWater floods predicted, hurricanes, twisters\nIts all signs of the Armageddon, three sixes\nPeople reverse the system, politics verse religion\nHoly war, muslim verse christians\nNiggas in high places, they don't got the balls for this\nPeople in power sit back and watch them slaughter us\nMr. President I assume it was negligence\nThe streets upside down, I'm here to represent this\n\n[Chorus]\nI wanna talk to the mayor, to the governor, to the motherfuckin' president\nI wanna talk to the FBI, and the CIA, and the motherfuckin' congressman\nI wanna talk to the mayor, to the governor, to the motherfuckin' president\nI wanna talk to the FBI, and the CIA, and the motherfuckin' congressman\nCan I talk to ya?\n\n[Outro]\nCan I talk to you Mr. President\nNiggas tryin to get with the computers\nWe ain't John Henry\nBanging down fuckin'..? fighting against the machines\nWe want to be Part of the establishment nigga\nThat's what we are steppin up for\nAin't no cartoon out here\nThis shit is real\nTotal Package in this nigga\nLES in this nigga\nIll Will nigga\nMr. President wanna keep us from establishment\nNiggas are american baby\nAmerican Made", "image": "https://images.genius.com/73b36e02ac974c8ab4a3cd49a9cf1794.1000x1000x1.jpg"}], "artist": "Nas"}