{"songs": [{"title": "Favor for a Favor", "album": "I Am...", "year": "1999-04-06", "lyrics": "[Intro: Scarface]\nYo Nas\nI don't think they wanna fuck with this\nGangsta shit, fo' sho'\nDanger, danger\nCheck it out\n\n[Verse 1: Scarface]\nIt's on, and once again I bring niggas the rough\nFuckin' with us, that get you motherfuckers touched\nHit in the darkest alleys, where the Super Sports rally\nBeatin' up the block, leavin' these motherfuckers shot\nThey ain't ready for the Nakamici\nI flip this shit like I'm Comaneci\nNow dey a motherfuckin' see me\nThey try to breeze me, but I got niggas in New York\nComin' kama-kize, sparkin' this shit that keep me off the heezee\nGame over, he with my man came over\nTo scoop me, blowin' dukey, in the black Range Rover\nNasir, tell these motherfuckers what we came for\nTell these niggas why we here\n\n[Verse 2: Nas]\nNuttin' but the New York to Texas connection\nNuttin' but some real shit, what y'all expected\nSpaz out, some times dreamin', think I'm awoke\nHarsh realities of life, hit me after I smoke\nMoney satisfy half of my mood, then there's a part of me\nThat's distant, quiet, the most dangerous side of me\nI'm twisted like, Dr. Death, Kevorkian\nFlip shit, white gun handle, made of porcelain\nMy, Houston niggas, come through for niggas\nScarface get a call and we shootin' niggas\nFavor, for a favor, that's how we do business\nTryin' to make future figures, we two of the illest, what?\n\n[Chorus: Nas]\nYou wet who I want wetted, I'll wet who you want wetted\nAny nigga can get it (a favor for a favor)\nYou wet who I want wetted, I'll wet who you want wetted\nAny nigga can get it (a favor for a favor)\nYou wet who I want wetted, I'll wet who you want wetted\nAny nigga can get it (a favor for a favor)\nI'll wet who you want wetted, you wet who I want wetted\nAny nigga can get it\n\n[Verse 3: Scarface]\nYou say you got a problem? Then tell a nigga where he at\nSo I can study his motions and peel his motherfuckin' cap\nWhere his brother go to school at? Find out some more information\nBout that bitch and hit a nigga right back\nCause when it come down to the come down;\nI'ma pull the motherfuckin' plug on him\nWalk up to his face and then gone\nSet a example, send these hoes a little message:\nThey need to be more careful who they mess with, don't even stress it\nLeaded, I pull these capers all the time\nWith the ugliest AK, I blow his motherfuckin' mind\nHim and whoever standin' by, I'll tell these niggas, \"Let's go\"\nAnd then we fin' to ride, and he fin' to die\nHe fin' to die, throwin' up his own blood\nWith a slug in his motherfuckin' mug\nI do this outta love, cause your money ain't no good here\nJust consider that as favor, until I need a favor\n\n[Chorus: Nas]\nYou wet who I want wetted, I'll wet who you want wetted\nAny nigga can get it (a favor for a favor)\nYou wet who I want wetted, I'll wet who you want wetted\nAny nigga can get it (a favor for a favor)\nYou wet who I want wetted, I'll wet who you want wetted\nAny nigga can get it (a favor for a favor)\nI'll wet who you want wetted, you wet who I want wetted\nAny nigga can get it\n\n[Verse 4: Nas]\nA killer code, secret untold, how we bury beef with a rose\nTo his wake we send a wreath that explodes\nBeneath us sleep with the Reaper, they sleep eyes closed\nThat's how real Brad Jordan keep it, to him I owe\nFive fo-fo's ready, five masks, five machetes\nAttack 'em like Freddy, then we toastin' over spaghetti\nI share withcha drama, you share with mine\nThat's how we killin' two birds at the same time\nSend my enemy's ear, I'll send your enemy's finger\nWith a pinkie ring, that's just a present my nigga\nEither way the heat is grave, fuck with 'Face we bring war\nEither, you feel these bullets or the Texas chainsaw\nNot for popularity reasons, but for the love of the art\nAnd you my heart, I leave casualties bleedin'\nCause we keep it death for a death, life for a life\nMurder for a murder, and I got you it's vice versa\n\n[Chorus: Nas]\nYou wet who I want wetted, I'll wet who you want wetted\nAny nigga can get it (a favor for a favor)\nYou wet who I want wetted, I'll wet who you want wetted\nAny nigga can get it (a favor for a favor)\nYou wet who I want wetted, I'll wet who you want wetted\nAny nigga can get it (a favor for a favor)\nI'll wet who you want wetted, you wet who I want wetted\nAny nigga can get it\n\n[Outro: Nas]\nA favor for a favor\nA favor for a favor\nA favor for a favor", "image": "https://images.genius.com/73b36e02ac974c8ab4a3cd49a9cf1794.1000x1000x1.jpg"}], "artist": "Nas"}