{"songs": [{"title": "Gangsta Rap (Remix)", "album": "The Nigger Tape", "year": null, "lyrics": "[Chorus: Nas (Curtis Mayfield)]\n(\"Niggas!\") If they call you a nigga\nAin't nothin' to it, tell 'em Nas made you do it\n(\"Rappers!\") If they call you a nigga\nAin't nothin' to it, tell 'em Nas made you do it\n(\"Niggas!\") If they call you a nigga\nAin't nothin' to it, tell 'em Nas made you do it\n(\"Rappers!\") If they call you a nigga\nAin't nothin' to it, tell 'em Nas made you do it\n\n[Verse: Nas]\nFelonious, Thelonious Monk melodic\nMonster Cody OG, hard as the Ramparts police\nWarring like the Answars and Sunni\nI never pull my pants up, sagging my Gucci, and what?\nI give a fuck who you bidded with, or where you cop coke\nThe bitch you with or the reason you not broke (\"Rappers!\")\nI don't count your money, don't want none of your smoke\nI don't feel your pain, I ain't none of your folk (\"Niggas!\")\nIt's easy to put a gun in your throat\nBut I ain't on that, trying to sip Coladas where it's warm at\nCognac, crushed ice, y'all know how it is\nElijah said a women half your age plus seven years\nIs a plush way to live, this is for the blunted\nFor the niggas who keep it one hundred\nWho hunted by DAs and judges (\"Green Lantern!\")\nThis is for the drunkards, stuck in the ghetto, for winos\nAnd old ladies with high sugar levels\nWho am I? I'm here to murder the devil\nI survive through the struggle and perils, I'm thorough (\"Nas!\")\nWho am I? I'm here to murder the devil\nI survive through the struggle and perils, I'm thorough\n\n[Chorus: Nas (Curtis Mayfield)]\n(\"Niggas!\") If they call you a nigga\nAin't nothin' to it, tell 'em Nas made you do it\n(\"Rappers!\") If they call you a nigga\nAin't nothin' to it, tell 'em Nas made you do it\n(\"Niggas!\") If they call you a nigga\nAin't nothin' to it, tell 'em Nas made you do it\n(\"Rappers!\") If they call you a nigga\nAin't nothin' to it, tell 'em Nas made you do it\n\n[Outro: MC Ren Sample]\n\"Why do I call myself a nigga, you ask me?\nBecause police always wanna harass me!\"\n\n[Interlude: Sample Collage]\n\"This is once again proof that no routine police stop is actually routine. We saw that last week, of course, in Brooklyn, with the tragedy over there, and then again last night, another police shooting.\"\n\"Here's what they think about you!\"\n\"I hate motherfuckers like you. You niggas ain't shit! Think you tough, huh? I could blow your head off with the Smith and Wesson and you couldn't do shit! How you feel now?\"", "image": "https://images.genius.com/3407e464b90665cb8b7267df3541d089.500x500x1.jpg"}], "artist": "Nas"}