{"songs": [{"title": "I Can", "album": "God's Son", "year": "2003-02-11", "lyrics": "[Produced by Salaam Remi]\n\n[Hook: Children's Choir]\nI know I can\nBe what I wanna be\nIf I work hard at it\nI'll be where I wanna be\nI know I can (I know I can!)\nBe what I wanna be (be what I wanna be!)\nIf I work hard at it (If I work hard it!)\nI'll be where I wanna be (I'll be where I wanna be!)\n\n[Verse 1]\nBe, b-boys and girls, listen up\nYou can be anything in the world, in God we trust\nAn architect, doctor, maybe an actress\nBut nothing comes easy, it takes much practice\nLike, I met a woman who's becoming a star\nShe was very beautiful, leaving people in awe\nSinging songs, Lena Horne, but the younger version\nHung with the wrong person, got her strung on that heroin\nCocaine, sniffing up drugs, all in her nose\nCould've died, so young, now looks ugly and old\nNo fun 'cause when she reaches for hugs, people hold their breath\n'Cause she smells of corrosion and death\nWatch the company you keep and the crowd you bring\n'Cause they came to do drugs and you came to sing\nSo if you gonna be the best, I'ma tell you how\nPut your hands in the air, and take the vow\n\n[Chorus]\nI know I can (I know I can!)\nBe what I wanna be (be what I wanna be!)\nIf I work hard at it (If I work hard it!)\nI'll be where I wanna be (I'll be where I wanna be!)\nI know I can (I know I can!)\nBe what I wanna be (be what I wanna be!)\nIf I work hard at it (If I work hard it!)\nI'll be where I wanna be (I'll be where I wanna be!)\n\n[Verse 2]\nBe, b-boys and girls, listen again\nThis is for grown-looking girls who's only 10\nThe ones who watch videos and do what they see\nAs cute as can be, up in the club with fake ID\nCareful, 'fore you meet a man with HIV\nYou can host the TV like Oprah Winfrey\nWhatever you decide, be careful, some men be\nRapists, so act your age, don't pretend to be\nOlder than you are, give yourself time to grow\nYou thinking he can give you wealth, but so\nYoung boys, you can use a lot of help, you know\nYou thinking life's all about smoking weed and ice\nYou don't wanna be my age and can't read and write\nBegging different women for a place to sleep at night\nSmart boys turn to men and do whatever they wish\nIf you believe you can achieve, then say it like this\n\n[Chorus]\nI know I can (I know I can!)\nBe what I wanna be (be what I wanna be!)\nIf I work hard at it (If I work hard it!)\nI'll be where I wanna be (I'll be where I wanna be!)\nNow, go\u2026\nI know I can (I know I can!)\nBe what I wanna be (be what I wanna be!)\nIf I work hard at it (If I work hard it!)\nI'll be where I wanna be (I'll be where I wanna be!)\n\n[Verse 3]\nBe, be-fore we came to this country\nWe were kings and queens, never porch monkeys\nThere was empires in Africa called Kush\nTimbuktu, where every race came to get books\nTo learn from black teachers who taught Greeks and Romans\nAsian Arabs and gave them gold, when\nGold was converted to money it all changed\nMoney then became empowerment for Europeans\nThe Persian military invaded\nThey heard about the gold, the teachings, and everything sacred\nAfrica was almost robbed naked\nSlavery was money, so they began making slave ships\nEgypt was the place that Alexander the Great went\nHe was so shocked at the mountains with black faces\nShot up they nose to impose what basically\nStill goes on today, you see?\nIf the truth is told, the youth can grow\nThey learn to survive until they gain control\nNobody says you have to be gangstas, hoes\nRead more, learn more, change the globe\nGhetto children, do your thing\nHold your head up, little man, you're a king\nYoung Princess when you get your wedding ring\nYour man is saying \"She's my Queen\"\n\n[Chorus]\nI know I can (I know I can!)\nBe what I wanna be (be what I wanna be!)\nIf I work hard at it (If I work hard it!)\nI'll be where I wanna be (I'll be where I wanna be!)\nI know I can (I know I can!)\nBe what I wanna be (be what I wanna be!)\nIf I work hard at it (If I work hard it!)\nI'll be where I wanna be (I'll be where I wanna be!)\n\n[Outro]\nSave the music, y'all\nSave the music, y'all\nSave the music, y'all\nSave the music, y'all\nSave the music", "image": "https://images.genius.com/6fcc7562110ec2265ac8aedbaccee077.500x500x1.jpg"}], "artist": "Nas"}