{"songs": [{"title": "Blaze a 50", "album": "The Lost Tapes", "year": "2002-09-23", "lyrics": "[Verse 1]\nBlaze a 50, sit back in the drop top Azure Bentley\nOf course with me, this chick'll make Bobby divorce Whitney\nBrazilian candy, from Miami\nMasseuse, wedding ring on, loving Celine Dion\nHate rap, told me where she get cake at\nShe's a part-time dancer, part time romancer\nTries to be a mother when she gets a chance to\nLeft her husband alone to raise they son, he's in Pampers\nModeled for a year, got her bachelors degree\n33, recovering from plastic surgery\nWent from 34B to 36 double D\nMet her in San Diego at tha Super Bowl party\nHad the Henny, sipped it up with Terrell Davis\nMVP, we flicked it up from Sports Illustrated\nI was silked out, flossing with Stoute, he had the gators\nWhen she walked in, she lit up the room like Las Vegas\nTerrell said her man's a fullback for the Raiders\nA drunk who'd fuck cheerleaders and wind up in the papers\nIt's easy to get the pussy, just don't fall in love\nNext thing you know I'm hugged up with this bitch in the tub\nPalm Springs, Al Capone's Suite washing her feet\nIs this love? Somebody's wife fucking a thug\nHitting it raw, tasting it, wilding out of my character\nTaping it, Tyra Banks face and Faith's lips\nGiving head like she knew me for years\nPillow talk, she let out tears, told me bout her husbands affairs\nMillions she would get if his neck got slit\nShe rolled the equality, then passed the la to me\nTold me 'bout her man's life insurance policy\nHe stays on the golf course, wears Le Coq Sport\nEvenings he drinks his wines on his private resort\nYou can take him there, here go the keys, you can slip in the rear\nChop a nigga up, yo, meet me somewhere\nSo we can make more money, then you could ever see rapping\nSplit the cash and move to Venezuela, adapting\nP-11's, ACP shells for blasting\nCaught him with his Spanish maid\nHe had a lighter with a can of spray, burning her legs\nShe tied to the bed, sex S&M, sadomasochistic\nSadistic, yoked her from behind, blew him out existence\nHis maid cried \"No\", lucky she was blindfold\nNaked with mad burn marks all on her thighs, yo\nTwelve point five million, he kept his funds\nIn the Lloyd's of London, goes to his wife and his children\nYo, I thought \"What if shorty gets scared, electric chair's all I envision\nAll she'll probably get is psychiatric supervision\"\nI switched the plan, the maid flied to Switzerland\nFake ID, forged his wife name, catch the next flight\nThe same night, headed to Spain, nice game\nNow we're back to where we meet again...\n\n[Verse 2]\nBlaze a 50, sit back in a drop-top Azure Bentley\nOf course with me, this chick'll make Bobby divorce Whitney\nTop down, night air blow her hair\nSky black, stars glow, the face on the moon stare\nFast lane on the nine-five, honey laughs about the cash\nTook a blast out of her coke bag\nSnorted it, started screaming, yo we almost crashed\nEarlier I took the coke out, replaced it with crushed up glass\nHer head nodded down to her chest, slowly she fell asleep\nOverwhelmed by greed, put to death", "image": "https://images.genius.com/6438e249e54997f8504fca57219b4738.1000x1000x1.jpg"}], "artist": "Nas"}