{"songs": [{"title": "Suicide Bounce", "album": "Street's Disciple", "year": "2004-11-30", "lyrics": "[Intro: Busta Rhymes]\nAy fellas\nI-I think you might wanna s-s-s-sneak your ratchet in here for this one\nAy ladies\nPut the petroleum jelly on your face\nAyo Nas, we got a big bet in the streets that you knock their ass out in the first 30 seconds of the first round\nGet them!\n\n[Verse One: Nas]\nSitting up drunk, shuffling thoughts\nGot paper but I'm lost\nLosing focus, what a nigga still hustling for?\nMy seed is straight, the family's settled\nIdle time get the man in trouble\nWhen wifey tourin', my life get borin'\nStart to remember all types of torment\nThe devil's callin', but I don't answer\nMom passed from cancer, leaving behind\nTwo granddaughters, two grandsons, two nines\nNext to me in the Phantom, who lying?\nBig screen documentaries of Idi Amin\nDada, trying to stay away from creeps\nWith their bullshit, trying to put me back in the streets\nWar stories, funerals\nWhere Feds be laying, from a dreadful slaying\nBody viewings, at the wake\nNigga sit stiff in his Ferrari, no casket\nWith his eyelids still open, it's kinda spooky\nIceman watch on, the suit Gucci\nI'm above the standard\nBut dudes is more zealous than Branford\nThinking you're too rich, they want to gun ya\nKidnap ya, cause of they hunger, but you fucking with hunters\nCamouflaged in black hoods that dump clips\nCause real niggas die over dumb shit\nCamouflaged in black hoods that dump clips\nCause real niggas die over dumb shit\n\n[Hook (x2): Busta Rhymes]\nFight, fists, dance, sucker\nSuicide, bounce, brother\nIce, whips, cash, nigga\nWatch your, big, ass, momma\n\n[Verse Two: Nas]\nTo your, power structure, Nas is dangerous\nY'all the antithesis, the opposite\nTwitching shit, all up in your body language\nMean mugging your bitch, because she leans over\nTo look closer, told you: \"Y'all sloppy gangsters\", saying:\n\"Nas is this, and Nas is that\"\nYour eyes go front, your eyes go back\nSurprised I'm at the same place y'all be at\nIt's obvious you don't know how I react\nLike, I don't know where the party's at\nYou're foaming at the mouth, losing breath\nLike a cardiac arrest, but I ain't impressed\nBecause the fact is, y'all don't really want it\nTwo to the head, four to the stomach\nCall more security because, I come off\nAnywhere you at, you scary cats\nIf you dare squeeze back, guns shall rain\nA thousand times harder, than when I first came\nY'all not relentless, y'all dumb\nAnd y'all just forgot about the consequences\nNot a jail sentence, but see\nThe nigga you feed'll kick it to dude, that kick it to me\nWe posess, the recipes for death, because jealousy destroys\nFeed the dog first, watch out for Salmonella poisoning\nI know a kid who'll throw shit in your food\nAnd say: \"That's the way you kill a man\nAvoid the shooting\", hey {*echo* x4}\n\n[Hook (x2): Busta Rhymes]\nFight, fists, dance, sucker\nSuicide, bounce, brother\nIce, whips, cash, nigga\nWatch your, big, ass, momma\n\n[Outro: Quan, (Busta Rhymes)]\nYou smile, in my face\nSecretly I know, you want my place\nYou waiting on me to choke, don't want a nigga to breathe\nWant to come cut my throat, you want to get rid of me\nBut before I let it happen, them guns going to start clapping\nAnd y'all going to rest in peace, because death is the recipe\nBefore I let it happen them guns going to start clappin\nAnd y'all going to rest in peace, because death is the recipe\n\n(Suicide, bounce, brother) (x4)", "image": "https://images.genius.com/65c98702fc773f6dafd41563fe5c5485.500x500x1.jpg"}], "artist": "Nas"}