{"songs": [{"title": "You Wouldn't Understand", "album": "Life Is Good", "year": "2012-07-17", "lyrics": "[Produced by Buckwild]\n\n[Intro: Nas]\nYeah, Harlem, Bronx, Brooklyn\n\n[Verse 1: Nas]\nLet's make a bet, I know the reason you ain't make it yet\nYour stage was set, but you ain't see the tedious ingredients\nThat go inside of a rider, you hiding from problems and\nYou never knew how to make dollars\nYou couldn't make orders at a drive-through McDonald's\nI was fly at the Apollo with Black Jason, '89 with a bottle\nNiggas jealous of Jason, dark green seven forty, no tint\nRollie on wrist, gleaming, he rock the baldy\nUsed to ride with him to Brooklyn, Lewis and Halsey\nCop chocolate Thai, Vernon style and burn it down\nMy nigga Hype in the federal joint, verdict out\nTwenty years getting money in the Dirty South\nThat's alleged, you see my nigga's a stand up dude\nSo I'm yelling, \"Free my nigga!\"\nMy nephew godfather Malik, he jammed up too\nFor what his hands usually call for, but he ain't do it\n\n[Chorus: Victoria Mon\u00e9t]\nWho you are ain't in the recipe of what I am\n'Cause where I'm from\nMan, what I see, you wouldn't understand\nWhere I been and what I do\nNo matter how you try you never can\n'Cause where I'm from\nAnd what I see, you wouldn't understand\nWhere I been, where I been\n\n[Verse 2: Nas]\nYou ever been on the other end of a robber's revolver?\nNot me, call me Lucky Nas Castellana\nOr been shot in the medulla oblongata\nAnd survived and praise God with a bullet I never collided\nSome did and they lived, I salute the Gods\nMo\u00ebt spilling, splashed by mistake on my Timb boots for y'all\nN.Y. nigga, Adidas, jogging suit\nShell toes, slim, fly nigga\nHudson River, rent a boat, t-shirt with a dinner coat\nA vintage Fila like I'm the ghost of Domencio\nOn any day getting throat in a tinted vehicle\nLike a old BK gangsta, but I'm the CEO\nOf Nasty Nas Enterprises, mastermind, made men\nMy success symbolizes loyalty, great friends\nDedication, hard work, routine builds character\nIn a world full of snakes, rats and scavengers\nNever make choices out of desperation, I think through it\nBreak through walls like Pink Floyd\nAnd drink fluids, of all kind of alcohol, y'all\nVineyards in France, yachts out in Cannes\n\n[Chorus: Victoria Mon\u00e9t]\nWho you are ain't in the recipe of what I am\n'Cause where I'm from\nMan, what I see, you wouldn't understand\nWhere I been and what I do\nNo matter how you try you never can\n'Cause where I'm from\nAnd what I see, you wouldn't understand\nWhere I been, where I been\n\n[Verse 3: Nas]\nNow holla at a millionaire\nRollie, Hublot and Audemar, deciding which one to wear\nWho to screw, what to drive\n550 with the cream guts inside\nOr the Super Sport Range truck is fly\nDiamond ring on my knuckles, like fire, bitch\nGats on us, I don't really trust these guys\nSpend a couple bucks a night on bottles on cuties\nIf she beautiful, the lustful type, I'll hit it and bust inside\nFuck it, I'ma die one day\nThey gon' probably make that day a holiday\nUntil then, let's go on a shopping spree\nSpeaking for my real niggas\nOnly OG's, certified who kill niggas\nWhen put in that seat, but tonight we on chill, nigga\nChill mode, spill more Spades\nListen to Yeezy and Hov, some Rozay\nIt's like we always on the grind with no brakes\nSo tonight we gon' act like we on vacation with this on rotation\n\n[Chorus: Victoria Mon\u00e9t (Nas)]\nWho you are ain't in the recipe of what I am (word)\n'Cause where I'm from (yeah)\nMan, what I see you wouldn't understand\nWhere I been and what I do\n(Y'all wouldn't understand, huh)\nNo matter how you try you never can\n(You wouldn't last a day in my shoes, homie)\n'Cause where I'm from (yeah)\nAnd what I see, you wouldn't understand\nWhere I been, where I been\n\n[Outro: Nas]\nTrue B nigga, yeah, uhh\nFor my hood niggas, yeah, yeah\nTo my man Eric B, what up, yeah\nThe whole city, I see you\nTo my man Big Slate in the fed joint\nMy man Spunk, free my niggas\nAll my niggas, yeah\nClub Vernon, I see you, I see you, yeah\nAnd Baltum, I see you", "image": "https://images.genius.com/d77829b400779c24c98b27bec8d6bfda.800x800x1.jpg"}], "artist": "Nas"}