{"songs": [{"title": "The Get Down: Episode 3 - Darkness Is Your Candle", "album": "The Get Down: Season One", "year": "2016-08-12", "lyrics": "Now on July 13th, 1977\nThe blackout, streets is lookin' like Armageddon\nSwelterin' heat, suffocate in this Hell within' the 5 boroughs\nIt's like the Sun roastin' the Earth\nThe hood was called turf, my girl was thrown out of her church\nOut of her home, and by her family, she's disowned\n\nShe's the love of my life, up to us to go on\nAnd everything's burnin', buildings illuminated by the fire\nAnd the city was lost, we tryna save it, the cross\nThe Star of David we lost\nWe started prayin' to governor, he a gangster\nIn cahoots with the mayor, the roof startin' to cave in\nNo, it's not a game, all is dark except the flame\nNow nothin' will be the same\nNow the whole world's changed\nMusic is soundin' different\nRadio stations don't pump us up in their mix yet\nDisco still gettin' that air time for big checks\n\nYo, somethin' gotta give\nAnd somethin' gotta die so somethin' new can live", "image": "https://images.genius.com/e0b99235142e9f90620adeb6e5ac627e.512x512x1.jpg"}], "artist": "Nas"}