{"songs": [{"title": "Sinful Living", "album": null, "year": null, "lyrics": "Situations I be kicking just you get you pacing\nThat attentive, parental supervision, you should do the diction\nStreet chronicles, struggles and losses\nCan make a nigga's moms hang up crosses and horseshoes\nI brought you, to that state of mind you needed\nBy now your weeded, bob your head, recline seated\nAnd put your life inside the shoes of the shiestiest crews\nWith sports cars and the iciest jewels, y'all know the rules\nIn this street life, by now the beasts might be least white\nStash your heat right, my pop passed the peace pipe\nAnd shed light on, he put me right on\nTo be an icon, cuz dead niggas got they name wrote up in krylon\nThe fast life, fistfights that shit could like amuse me\nSome chose a road some niggas died so what's to choosing?\nAt nighttime, it especially addresses me\nPreferably, around 10, when my weed cipher begin\nWe start bugging on facts, half the facts that's for sure\nPut your zone in my world if we adapt, crack, and pour\nMake a toast yo that's how we break bread together\nProbably when we dead be better, the problems ahead whatever\nCourvoisier sipping, whipping' out-of-state missions\nAnd just in case you're snitching, the safe's hidden\nWith these conniving things, niggas make it to obvs (obvious) to bring\nHatred to enterprising cream, advise your team to wiser schemes", "image": "https://images.genius.com/23061dd2dc7e863127db561906debd27.434x434x1.jpg"}], "artist": "Nas"}