{"songs": [{"title": "Nas Will Prevail", "album": "Original Demo Tape", "year": null, "lyrics": "[Verse 1]\nIt ain't hard to tell, I excel and prevail\nThe mic comes in contact with the third rail\nMy raps react, they attack the whack just like a maniac\nWith this, see I'm a brainiac\nI'll call you tattoo, you never come off\nI flip the script with a sawed-off, boss\nA modern Shakespeare\u2014reincarnated\nBrains are elevated, I'm bein' R rated\nThis style is terror, drastic\nMeltin' the plastic, and I eat mics just like acid\nBurn your pen and pads, mics you'll need not\n'Cause I be packin' like a Rasta in a weed spot\nHittin' your heart with a hollow-tip verbally illin'\nMinds manipulated, my raps are nickel-plated\nI execute raps like I'm swingin' an axe around\nThis is a mic shut down\nNotify the President\u2014that I'm bombin' your residence\nAnd I'm leavin' no evidence\nVoice box yells, lyrics'll excel\nRappers gettin' smoked, you can smell the hot shells\nYour style is fake, snake, well dramatized\nYou might as well be a singer but ain't harmin' Nas\nHere's the break, I can translate lyrics so well\nI excel, it ain't hard to tell\n\n[Hook]\nIt ain't hard to tell\n\n[Verse 2]\nI got a case of vocal fever, I'm here to make you a believer\nNas wrecks the tweeters and receivers\nLyrics will explode, my brain overloads\nGimme a Grammy, competition is dead just like Sammy\nI leave minds magnetized like slaves\nYour style is old fashion like waves\nHoldin' a pistol at a pastor, pullin' the trigger faster\nTell 'em I was sent by his Master\nBut that topic's too deep for your ear\nHere's the science you can comprehend clear\nAdvanced intellectual, a time bomb speeder\nI'll know your whole card just like a palm reader\nNon-stop, I'm bustin' heads like the FEDs baby pops\nThis is not the Kindergarten Cop\nPut on your blindfold, I'ma release and stand tall\nI detonate bombs at the Policeman's Ball\nThis is art from the heart, I leave 'em marked for death\nIn each breath, in this game, I'm the ref\nAlready I'm ill but I can only get better\nWith lyrics as pretty as a nickel-plated Beretta\nI master dialects, of uncommon languages\nA black man caught by the Klan couldn't hang with this\nThese are proverbs, copy cat attackers, huh\nI'm wanted dead 'cause I'ma genocide to rappers\nBattlin' Nas is dead when my brain reacts\nYou might as well have fell asleep on a train track\nThis ain't the same track that you're used to\nThis is rhythmatic, automatic, try it, you oughta have it\nSlaughter your tape recorder; givin' thanks to my supporters\nAnd keep flowin' like water\nNo matter the obstacle, Nasty Nas will prevail\nAyo, it ain't hard to tell\n\n[Hook]\nIt ain't hard to tell\n\n[Verse 3]\nCheck it\nI catch wreck with my intellect, suckers are incorrect\nI'm gonna win 'cause you slept\nOn Nas, word is bond, I leave the microphone torn\nFalse rappers, you need to write your own song\nMetaphors are murder, man, hittin' like Roberto Duran\nHold the mic in my hand, my life span\nImitators will sweat me like gym class\nYour raps are fat, shit, then I'll be Slim Fast\nNew rap recruits I salute then delete 'em\nVerbally eat 'em, because my ears don't need 'em\nNas is a terrorist, analyst\nSwingin' my fists like a nigga breakin', possessed by Satan\nYou couldn't compete with a beat that was fast or slow\nBrothers is gettin' shipped out like I was Castro\nI can eat your flavor but I'm not a candy lover\nI use a Lethal Weapon, just like Danny Glover\nExecute monologues, sabotage entourage\nMutilate mics like a maniac at large\nI talk with slang, and use my brain\nGenerate pain, penetrate your vein\nMove like a maniac, Nas is nice, son\nTalk to your conscience and hit like Tyson\nNo competition, 'cause I cause wonders\nNas will battle rappers by the football numbers\nA motor mouth killer, rhyme writin' thriller\nHold a Mac-11, and attack a reverend\nDon't sleep 'cause you might not wake\nI speak deep, dialects I translate\nMe and friends commit sins on the regular\nMurder my competitors, and et cetera\nNas is a gypsy Egyptian\nFlippin' the script and microphone manufacturers are victims\nMy voice makes your ear drums swell\nIt ain't hard to tell", "image": "https://images.genius.com/97123154978861a3d3049746802fbb84.300x300x1.jpg"}], "artist": "Nas"}