{"songs": [{"title": "Deja Vu", "album": "Original Demo Tape", "year": null, "lyrics": "[Verse 1]\nThrough the lights, cameras, and action, glamour, glitters, and gold\nI unfold the scroll, plant seeds to stampede the globe\nWhen I'm deceased, by then the beast arise like yeast\nTo conquer peace leaving savages to roam in the streets\nLive on the run, police paying me to give in my gun\nTrick my wisdom with the system that imprisoned my son\nSmoke a gold leaf, I hold heat, nonchalantly\nI'm raunchy, but things I do is real it never haunts me\nWhile, funny style niggas roll in the pile\nRooster heads profile on a bus to Rikers Isle\nHoldin\u2019 weed inside they pussy with they minds on the pretty things in life\nGettin' props is a true thug's wife\nIt's like a cycle, niggas come home, some'll go in\nDo a bullet, come back and do the same shit again\nFrom the womb to the tomb, I presume the unpredictable\nGun salute life rapidly, that's the ritual\n\n[Hook]\nHere's a toast to my foes, trees, & women\n(D\u00e9j\u00e0 Vu)\nIt's like a whole new beginning...\nHere's a toast to my foes, trees, & women\n(D\u00e9j\u00e0 Vu)\nIt's like a whole new beginning...\nHere's a toast to my foes, trees, & women\n(D\u00e9j\u00e0 Vu)\nIt's like a whole new beginning...\nHere's a toast to my foes, trees, & women\n(D\u00e9j\u00e0 Vu)\nIt's like a whole new beginning...\n\n[Verse 2]\nBlunts, thugs and alcohol, what a mixture\nJust picture, ya life as a whole judged in court they convict ya\nThey telling you your state of mind, like you worthless\nSo he curses, his mom saying Bible verses\nThat's all she works with\nBut miracles never leave the churches\nInstead, it hits the pockets of the Preacher just to purchase\nA house, with a swimming pool, labels me a sinning fool\nI'm just a nigga who inherited a winning jewel\nTo be a trendsetter, whenever subject to\nRespect this and all respect due is the essential\nTo street life, hustlin\u2019, the struggle, broke ghettos\nBoiling coke settles slow inside a glass kettle\nDarren Levy on my TV, lifestyles of living easy\nGot my crew tense, plottin\u2019 to jips, to get whips with BBs\nPushing cakes, knew anorexics with ten plates\nCelebrating elevation in the seeds that we make\nSo How You Like That?\n\n[Hook]\nHere's a toast to my foes, trees, & women\n(D\u00e9j\u00e0 Vu)\nIt's like a whole new beginning...\nHere's a toast to my foes, trees, & women\n(D\u00e9j\u00e0 Vu)\nIt's like a whole new beginning...\nHere's a toast to my foes, trees, & women\n(D\u00e9j\u00e0 Vu)\nIt's like a whole new beginning...\nHere's a toast to my foes, trees, & women\n(D\u00e9j\u00e0 Vu)\nIt's like a whole new beginning...\n\n[Verse 3]\nEscobar life, gems and raw Tims\nGators for pretty boy haters\nIn Vegas with chicks trickin\u2019 fortunes\nI'm glistening, housing cops whistling\nStill I'm drifting in a high, blunts is like insulin\n95-I, I drive high, zoning\nStash box zone in my trunk, I flash not, teeth golden\nLook at me now, Ma\nBlowin\u2019 but for how far?\nCars, cash, and bitches got me out more\nAnd things you never dreamed I can vouch for\nSnake niggas slither on the A-alikes\nI ain't a Christian, but I find that we pray alike\nNever the one to ask for the time to a saint\nA mask and nine, I think, will make my problems sink\nDown a canal, similar to how we drink\nDistinct diamond-flooded Sphinx shines on my links\nDrug money, snortin\u2019 bitches, in the end of times\nGot my nine, 'til I flatline, nigga, give me mine\n\nD\u00e9j\u00e0 vu....", "image": "https://images.genius.com/97123154978861a3d3049746802fbb84.300x300x1.jpg"}], "artist": "Nas"}