{"songs": [{"title": "Nazareth Savage", "album": "Street's Disciple", "year": "2004-11-30", "lyrics": "*Man laughing*\n\n[Verse 1: Nas]\nI had bad chicks that blow cum bubbles like bubblegum\nPlus they ass lick, summer house be sippin' rum\nLayin' lazy in the recliner, couple days\nIn my ashtray, smoke signals from the haze\nI stick my finger through it, the ring of smoke broke\nThat symbolize weak guys, pop the strong link off\nThe infrastructure caves in, amazin'\nI ain't have to read The Art of War to slay men\nServe niggas, bird niggas speakin' reckless\nWhen their momma love the kid's records I made\nYou gutless, you don't know struggle\nThrow a couple shells at you, hell grabs you\nNail stabs a hand of the Nasirine\nI carried the cross to help you afford that plasma screen\nGave you chumps a path to walk, hold my hand\nI'mma guide you like the OG, but don't talk, don't get it confused\nCause none of y'all can fit in my shoes\nY'all made of chemicals, artificial actions\nGod'll forgive you bastards\nOnly if you repent to the Nazareth Savage\n\n[Verse 2: Nas]\nI squeeze nipples like pimples to get the puss, get it?\nForm a crew, swallow forty cal. bullets after dinner's finished\nWash it down with a shot of tequila, pocket full of scrilla\nCan't come close to, Francis Coppola, Samson -- no Delilah\nYou're pint-sized, I'm Mike's eyes with the gladiator tattoos on it\nYou scared to look too long at, sit on a don's lap\nTell you a story shorty, spicy like Lawry's\nChickenheads and orgies, criminals that draw heat in their late forties\nDrug habits, love grabbin' kids up like yours\nSendin' you a picture of them in their drawers with black eyes\nSavage guys, you hire Magnum PI's to bag up my guys\nSaid you was a thug with a good disguise, try to protect your cabbage\nYou're runnin' from the Nazareth Savage\n\n[Verse 3: Nas]\nSon's back with flows, they say mine is very scary\nSmell fear like a canine that finds buried babies\nAnd all of y'all wear that same aroma\nHow to blow on your eighth LP, I'll show ya\nYou're wack nigga, face it\nIn the history of the game, you have no placement\nLiquor and weed just massacred their mind, or thee celebrity\nOr they couldn't change with time, so now they run they mouth\nBut when the sun go south, them guns come out\nMy cavalry woulda been through ten in your skin\nCasualty you don't wanna be, don't want it with me\nStraight savage", "image": "https://images.genius.com/65c98702fc773f6dafd41563fe5c5485.500x500x1.jpg"}], "artist": "Nas"}