{"songs": [{"title": "Hope", "album": "Hip Hop Is Dead", "year": "2006-12-19", "lyrics": "[Intro: Chrisette Michele]\nHip Hop\nIt will never die\nHip Hop\nIt will never, never die\n\n[Verse 1: Nas]\nGhetto nigga strutting, with nothing but dreams in Queens broke\nMac-10s, you can smell the PCP smoke\nMelle Mel told it real, in the music he wrote\nThose were the days I remember, we used to be close\nThen I was nine, coldest winter I remember\nWas slipping in December, two feet of snow\nYeah, that's the East Coast, that black ice\nSymbolize the rap life, it was slick and smooth\nI understood I had to come from the hood\nDoing the Pee Wee Herman, the Smurf\nBefore them phones chirped\nThe block's drugs flowing, didn't have your own work\nYou had to have somebody else's, a small chrome on your pelvis\nStarter jacket, Blue Georgetown or Green Celtic\nYour girl's too expensive, she want shellfish\nRed Lobster was popping, standing on that line forever\nI wish someone would step on my Bally leathers\nNow it's whatever\nHip Hop's forever\n\nKept my radio on 98 or BLS\nHad a pre-pubescent lyric gift, but niggas never hear me spit\nMy little brother tried to warn them, I was a tornado coming\nHe knew from the inside like the eye of a storm, and told my pops about it\nHe gave us tickets to that Wild Style flick\nDouble Trouble retarded, we was the proudest\nI never had a summer job\nSweeping leaves, socks to my knees\nHome-made shorts, cut off Lee's\nI ain't work a day in my life\nWiping away eraser off the paper, man\nI'm just trying to say it right\nBig radio, tape's slowing down\nLower the lights go, battery dead\nI got to freeze them 'till they're ice cold\nIn the freezer later, I'm staring at the speaker\nSunk in them 808s deeper, cleaning my sneakers\nWith the bristles of a toothbrush, soap and water\nI let the shoestrings soak in water\n\n[Outro: Nas (Chrisette Michele)]\n(Live Hip Hop, Live) Ain't got nothing to do with Old School\n(Live Hip Hop, Live) New School, Dirty South\n(Give Hip Hop, Give) West Coast, East Coast, this about us\n(Give Hip Hop, Give) This our thing, you know what I'm saying\n(Stay Hip Hop, Stay) This came from the gut, from the blood\n(Stay Hip Hop, Stay) From the soul, right here, man\n(I Pray Hip Hop, Pray) This is our thing, man\n(I Pray Hip Hop, Stays) You know? so I say what I say\n\n(Live Hip Hop, Live) And I say what I say, and I mean it\n(Live Hip Hop, Live) Y'all take it how you want to take it\n(Give Hip Hop, Give) Because if you asking: \"Why is Hip Hop dead?\"\n(Give Hip Hop, Give) It's a pretty good chance, you the reason it died, man\n(Stay Hip Hop, Stay) It's a pretty good, chance your lame ass, corny ass\n(Stay Hip Hop, Stay) Is the reason it died, man\n(I Pray Hip Hop, Pray) You don't give a fuck about it, you don't know nothing about it\n(I Pray Hip Hop, Stays) You want this paper, be a hustler\n\n(Live Hip Hop, Live) You a hustler, you ain't a rapper, get your paper man\n(Live Hip Hop, Live) You know what I'm saying, but this rap shit is real\n(Give Hip Hop, Give) Bitch, this shit is real: bitch\n(Give Hip Hop, Give) *laughs*\n(Stay Hip Hop, Stay)\n(Live)\n(Stay Hip Hop, Stay)\n(Live)\n(I Pray Hip Hop, Pray)\n(Give)\n(I Pray Hip Hop, Stays)\n\n(Live Hip Hop, Live)\n(Stay)\n(Live Hip Hop, Live)\n(Give Hip Hop, Give)\n(Give Hip Hop, Give)\n(Stay Hip Hop, Stay)\n(Stay Hip Hop, Stay)\n(I Pray Hip Hop, Pray)\n(I Pray Hip Hop, Stays)", "image": "https://images.genius.com/ff6738f83747060eafd4a7af4964cd8f.1000x1000x1.jpg"}], "artist": "Nas"}