{"songs": [{"title": "Mastermind", "album": "God's Son", "year": "2002-12-13", "lyrics": "[Intro]\nUh, uh, uh, uh, uh-uh...\n\n[Chorus]\n(A mastermind) sees it coming before it comes\n(A mastermind) before he go to war he counts his ones\n(A mastermind) everything planned out perfect\nIn case y'all niggas got to get murdered\n(A mastermind) sleeps at night real easy\n(A mastermind) 'cause everything he does is by the book\n(A mastermind) never do a thing irrational\nLives forever, these tales are classical\n\n[Verse 1]\nVelvet bow ties\nBulletproof's in the tux, when I roll by\nIn a car similar to Osama's, in my diamonds\nAnd my principal is to study drama\nLook what happened in Manhattan\nA couple of, years ago when guns started clappin'\nTwo of my dogs fell, two of my niggas ran\nThey was amateurs in beef with a grown man\nIt taught me the lessons of how the strong stand\nAnd how the weak end up in a coffin\nPlay it cool, that's the old school rule, man\nKeep your ears to the street, you'll never lose, man\nMake your enemies believe there's love there\n'Cause in war, belief is all fair\nRock them to sleep, shots in your Jeep\nAnd you ain't never know the plot was from me\nIt's from my masterminds\n\n[Chorus]\n(A mastermind) sees it coming before it comes\n(A mastermind) before he go to war he counts his ones\n(A mastermind) everything planned out perfect\nIn case y'all niggas got to get murdered\n(A mastermind) sleeps at night real easy\n(A mastermind) 'cause everything he does is by the book\n(A mastermind) never do a thing irrational\nLives forever, these tales are classical\n\n[Verse 2]\nIt ain't a game it's the life\nThink it's a game, you lame\nAnd I'm nice on that black stone Merlot\nToast to my hero Nat Turner\nWeather below zero, gave the keys to Kelis\nWhispered in her earlobe, \"drive home\"\n'Cause she the wife and they the freaks\nThe underneath my girl caliber\nThey smiled at her and said \"Goodbye\"\nWith niggas who thug or die, they wild as us\nMy bodyguards in my Denali truck\nKnowing that I'm surrounded by OGs\nThat I don't really get down with\nThey got a separate table for their freaks bought them drinks\nSo we could talk man-to-man so real niggas could link\nI knew, they kill hoes too like Rae Carruth\nThey used to spray troops, now they managing groups\nThe main nigga Sonny had big money since '82\nHad two of my dogs whacked, nothing I could do\nThat was back when I had no crew, I switched that\nNow I'm strong with niggas who feel Sonny was wrong\nMy money's long, his money is weak, he's losing sleep\nTrying to feel me out, to see what it's gon' be\nBut I'm a mastermind\n\n[Chorus]\n(A mastermind) sees it coming before it comes\n(A mastermind) before he go to war he counts his ones\n(A mastermind) everything planned out perfect\nIn case y'all niggas got to get murdered\n(A mastermind) sleeps at night real easy\n(A mastermind) 'cause everything he does is by the book\n(A mastermind) never do a thing irrational\nLives forever, these tales are classical\n\n[Verse 3]\nI live a clean life, I don't even steal cable\nI speak for myself, my niggas'll slay you\nLucky us, this rap done worked out fine\nFeds, check me out, it's no dirt y'all find\nThis King of New York shit only last 15 minutes\nEvery nigga get burned, but it's what you did with it\nNiggas who brilliant, came in and killed it\nMade millions every three months, new jury\nI'm low, smoking Blueberry with a ho\nThat know a few scary individuals, it's eerie as she get into it\nSquares, they into voodoo\nShe says a Hail Mary, then she said she knew who\nWould come and try to kill you too\n\n[Chorus]\n(A mastermind) sees it coming before it comes\n(A mastermind) before he go to war he counts his ones\n(A mastermind) everything planned out perfect\nIn case y'all niggas got to get murdered\n(A mastermind) sleeps at night real easy\n(A mastermind) 'cause everything he does is by the book\n(A mastermind) never do a thing irrational\nLives forever, these tales are classical", "image": "https://images.genius.com/3a2b5d523ed4c1887dcd3d37b71c01d9.1000x1000x1.jpg"}], "artist": "Nas"}