{"songs": [{"title": "Who Killed It? [Clean]", "album": null, "year": null, "lyrics": "Look here see\nPretty Mike shanked Two-Face Al over some gal\nFound the body dead in the isles\nDeath by strangulation, microphone cord, a dirty broad\nGuess they'll never play it again Sam\nDamn that was my jam, now she's on the lamb\nShe made it out with 200 grand, what a scam!\nWhile these two compete on who's the star of the show\nGolden legs there makes off with the dough\nI read the paper there with Joe the Butcher\nHe says one glance is all it took ya, she's a real looker\nThey say her old man's a bootlegger\nTransporting in any weather, and at this rate we'll never get her\nFellas, think it's time to call it a night\nAll this talk of this mystery dame's gettin' me tight\nThought I saw her in my eyesight, right\nHate to spoil the party, what are you guys havin', the same?\nWaiter another round for the gang\nIt's strange how I always felt outta place\nJoe The Butcher's my ace, but in comes Freckle Face\nSo I said 'Ssee you later'\n'Fore I hurt him and his two ugly thumb breakers\nHe met them in Louisiana wrestling gators\nAn idiot can tell they're involved with the caper\nSo I pulled the revolver on my waist up\nBetween the patrol car and the gray truck\nBehind the street lamp was a silhouette\nWhite gloves and a real long cigarette\nWhat do ya know all this time she's got me in her scope\nShe spoke says the Devil got you guys by the throat\nYour conspiracy theories won't work without evidence\nThat's the reason why Eric B is not president\nWell, what do ya say\nYa see?\nYa see?\nYa see?\nLook here see\nI know you got soul you're trying to hide it\nHow did you kill a man out in Cypres\nOne Eyed Charlie, he only hangs with the criminal minded\nSays you guys did it **** is he lyin'\nShe says, 'Walk this way I'll tell you a children's story'\nWe hit the bodega got her a few 40's\nWe jumped in my ride we drove and she cried\nTwisted off the cap there and opened her mouth wide\nSwallowed it, whole bottle's half empty\nDrinks like a fish now she's past tipsy\nThe truth came out as we got to her suave house\nChopped and screwed, her mouth and sat me on the couch\nI said it's gettin late c'mon give it to me straight\nWho's ya sponsor lady? She says Bill Gates\nWhat are ya born '77 or '78?\nShe said, \u00e2\u20ac\u00bdNah it goes way to an earlier date\u00e2\u20ac\u009d\nSlave times, claims the slaves said rhymes\nBut she fell in love with some fella named Clive\nWho? Clive Campbell from Sedgwick Ave\nThe Bronx, now she shows me the cash\nI said who's Clive, don't play with me skirt\nShe said Clive Campbell, he's Kool Herc\nListen up sweetheart, now we gettin' somewhere\nAs she's talkin' she starts vanishing in thin air\nBut before she drops the money bag on the floor and died\nShe said, \u00e2\u20ac\u00bdIf you really love me I'll come back alive\u00e2\u20ac\u009d\nHip hop is so **** dead!", "image": "https://images.genius.com/23061dd2dc7e863127db561906debd27.434x434x1.jpg"}], "artist": "Nas"}