{"songs": [{"title": "Simple Things", "album": "NASIR", "year": "2018-06-15", "lyrics": "[Intro: Justin Vernon sample]\nAnd I know where I'm going to\n\n[Verse 1: Nas]\nI'm lookin' in Longevity's eyes\nI play with Infinity's mind, Forever's my guy\nMy pedigree, above your ass, you'll never see I\nI love the past, but see where I'm goin', I get to fly\nNever sold a record for the beat, it's my verses they purchase\nWithout production I'm worthless\nBut I'm more than the surface\nWant me to sound like every song on the Top 40\nI'm not for you, you not for me, you bore me\nI drop lines prestigious schools read to their students\nLook at my album plaques, somebody agrees with the music\nWas lovin' women you'll never see\nAll you know's my kids' mothers, some celebrities\nDamn, look at the jealousy!\nLucky me, I meet some beauties\nMake you wanna shoot me\nHate to brag, my worst batch kills off your best cutie\nFacts is deep, we break up, they hook up with athletes\nGet married 'cause we wasn't that match, my G\nDon't attach me to the games, I'm lucky, I'm blessed\nOne of my exes could be your next, dog\u2014trust me, don't test\n\n[Chorus: Nas]\nIt's the simple things in life, simple things in life\nSimple things in life, simple things in life\nIt's the simple things in life, simple things in life\nSimple things in life, simple things in life\n\n[Verse 2: Nas]\nRollin' dice, throw no aces\nWith my gangsters, we discussin' buyin' acres\nOther safe bets, nothin' regular or basic\nRidin' back to back, me and Jungle in some spaceships\nWhere the squad at?\nYou can see us on the ave, chop it up as always\nStand up Queensbridge, now the world know us\nEverybody sayin' my humility's infectious\nI just want my kids to have the same peace I'm blessed with", "image": "https://images.genius.com/a9abb4468d35dbcbb121cd5e44c6c989.1000x1000x1.jpg"}], "artist": "Nas"}