{"songs": [{"title": "WJLB 1998 Promo", "album": null, "year": null, "lyrics": "[Verse 1: Slim Shady]\n\nIt's the Bushman with art in a dart\nIt\u2019s six o clock sharp you hear them dogs startin to bark\nAnd while they're carving a mark in ya arm, with teeth sharper than sharks\nIm out in the parking lot stripping ya car for ya parts\nBoy I was rhyming when you was mispronouncing my name\nLike E-minem, now you look for my tapes and can\u2019t find em\nBack in the day I'da killed for some radio play\nBut now i\u2019m with Dre, and I still don\u2019t give a fuck either way\nBut ima trust Bush to give me a thrust and a push\nWhile these other radio stations are busy playin\u2019 puss\nSo look to the next man and if he ain\u2019t clapping his hands\nThrow him in the bush so fast he gets stabbed in his back with a branch\nIt\u2019s 98 the one station that runs town\nAnd two DJs rippin\u2019 from sun up to sun down\nFrom sun down to sun up\nSlim shady still don\u2019t give a thumbs down\nWith three fingers and keep the middle one up\nIt\u2019s 98 WJLB\nWatch in October for the Slim Shady LP\n\n[Outro]\nBushman art in a dart\nBushman art in a dart", "image": "https://images.genius.com/b379811c1415017b9f3e3a71b9d26060.400x400x1.jpg"}], "artist": "Eminem"}