{"songs": [{"title": "Eminem Freestyle On The Farmclub", "album": null, "year": null, "lyrics": "[Verse 1]\nIt's the mothafuckin' Farm Club\nThis little girl 'bout to get a arm rub\nWho wanna see me on this mothafuckin' fiction board\nWho wanna see me on a mothafuckin' diction lore\nAnd I'll be kicking source to mothafuckin' camera looking right in it\nI can kick twenty dope rhymes in one minute\nAnd y'all don't understand cause my rhymes are Infinite\n\n[Refrain]\nWhat's the Farm Club?\nIt's the mothafuckin' *chika-chika* Farm Club\nIt's the mothafuckin' *chika-chika* Farm Club\n\n[Verse 2]\nIs this shit there wasn't be bleeped out?\nI don't know but I feel it is and it's like *eeh-eh*\nAnd I will kicking rhyme until it stops to *eeh-eh*\n\n[Outro]\nWhat? Wha-what? It's the Farm Club?\nWhat? Wha-what? Wha-what? It's the Farm Club?", "image": "https://images.genius.com/b379811c1415017b9f3e3a71b9d26060.400x400x1.jpg"}], "artist": "Eminem"}