{"songs": [{"title": "Tylenol Island", "album": null, "year": null, "lyrics": "[Intro]\nSlim motherfuckin' Shady... alright!\nMissy Elliott, Timbo, c'mon, yo!\n\n[Verse 1: Eminem]\nI'm homicidal, and suicidal, with no friends\nHolding a gun with no handles, just a barrel at both ends\nSprayin' tecs at you\nUntil you see your fuckin' legs\nWith the bullet holes and the exit wounds layin' next to you\nFuckin' mad dog, foamin' out the mouth\nFuck mouth, my whole house is foamin' out the couch\nJumped out of the 93rd floor of a buildin'\nAnd shot every window out on the way down to the ground (Keep filmin'!)\nWoke up to a hospital staff\nGot up and laughed\nChopped 'em in half\nAnd suffocated your oxygen mask\nShit, if I get any higher\nI'm a get the East and West beefin' again\nFly back to Detroit and stand in the crossfire\n\n[Interlude]\nKen Kaniff: Oh fuck, oh shit\nKen Kaniff: I got the hotel room ready\nKen Kaniff: What time are you getting off, work\n(Ken Kaniff: Or shall I say) Eminem: Aight, yo, yo, yo one more time, yo\n(Ken Kaniff: What time are you comin' home)\n\n[Verse 2: Eminem]\nYo, yo, I'm only smilin' when I'm violent\nGot on the plane wildin'\nTold the pilot to fly me to Tylenol Island\nStewardess like, \"You restless?\"\n\"Nah, bitch, I'm restful, so hold this fuckin' jet still so I can eat these pretzels\"\nForget school\nThe other kids are disrespectful\nThey hold me down and play connect-the-dots with my freckles\nI can't take it\nI'm tryin' to gain weight\nSo I eat steak\nAnd swallow the whole plate\nAnd weigh myself, naked\nPut out albums\nTo teach kids family values\n'Cause every mom and dad should allow you to pop valiums\nAnd never hit someone unless you got a reason\nAnd if there ain't a reason\nMake one up, then start swingin'", "image": "https://images.genius.com/b379811c1415017b9f3e3a71b9d26060.400x400x1.jpg"}], "artist": "Eminem"}