{"songs": [{"title": "Ass Like That", "album": "Encore", "year": "2005-06-07", "lyrics": "[Intro]\nWow, baby\n\n[Chorus]\nThe way you shake it, I can't believe it\nI ain't never seen an ass like that\nThe way you move it, you make my pee-pee go\nD-doing, doing, doing\nI don't believe it, it's almost too good to be true\nI ain't never seen an ass like that\nThe way you move it, you make my pee-pee go\nD-doing, doing, doing\n\n[Verse 1]\nThe way she moves, she's like a belly-dancer\nShe's shaking that ass to the new Nelly jams, I\nThink someone's at the door but I don't think I'ma answer\nPolice saying \"freeze\" (oh!), d-doing, doing, doing\nWhat do you mean, \"freeze\"? Please, I'm a human being\nI have needs! I'm not done, not till I'm finished peeing\nI am not resisting arrest, I am agreeing\nMr. Officer, I'm already on my knees\nI can't get on the ground any further, it's impossible for me\nAnd do not treat me like a murderer, I just like to pee\nPee, pee, yes, I make R&B, I sing song\nIt go ring-a-chong, a-ching-chong-chong-chong-ching\nSike, I joke, I joke! I kid, I kid!\nIf I offend, I'm sorry! Please, please, forgive!\nFor I am Triumph, the Puppet Dog, I am a mere puppet\nI can get away with anything I say and you will love it\n\n[Chorus]\nThe way you shake it, I can't believe it\nI ain't never seen an ass like that\nThe way you move it, you make my pee-pee go\nD-doing, doing, doing\nJessica Simpson looks oh, so tempting\nNick, I ain't never seen an ass like that\nEvery time I see that show on MTV, my pee-pee goes\nD-doing, doing, doing\n\n[Verse 2]\nMary-Kate and Ashley used to be so wholesome\nNow they getting older, they're starting to grow bum-bums\nI go to the movies and sit down with my popcorn\nPolice saying \"freeze\" (oh!), d-doing, doing, doing\nWhat do you mean, \"freeze\"? Geez, I just got my seat\nI have ticket, look, I put it away, my zipper's zipped\nPlease do not remove me from this movie theater, please\nI did not even get to see Mary-Kate shower scene\nI didn't mean to be obscene or make a great, big scene\nAnd don't treat me like I'm Pee-wee Herman, this movie's PG\nMr. Officer, I demand to see my attorney\nI will simply plead innocent, cop a plea, and be free\nFree, yes, free, right back on the streets\nWhat do you mean my lawyer's with Michael, he's too busy?\nI am Triumph, Britney Spears has shoulders like a man\nAnd I can say that and you'll laugh\n'Cause there's a puppet on my hand (hahaha!)\n\n[Chorus]\nThe way you shake it, I can't believe it\nI ain't never seen an ass like that\nThe way you move it, you make my pee-pee go\nD-doing, doing, doing\nHilary Duff is not quite old enough, so\nI ain't never seen a butt like that\nMaybe next year I'll say, \"ass\" and she'll make my pee-pee go\nD-doing, doing, doing\n\n[Verse 3]\nThe way she moves, she dances like a go-go\nIn that video, she sings, \"Get out, you bozo\nI need a new boyfriend!\" Hi, my name is JoJo\nPolice saying \"freeze\" (oh!), d-doing, doing, doing\nWhat do you mean, \"freeze\"? My computers will be seized\nAnd my keys to my ranch, I just bake cookies\nMr. Officer, lookie, take a whiff of this\nHere, I make Jesus juice, take a sip of this\nNobody is safe from me, no, not even me\nI don't even know if I can say the word \"pee-pee\"\nPee, on the radio, but I think I did\nJanet, is that a breast? I think I just saw a tit!\nSike, I joke, I joke! I kid, I kid!\nI don't think my joke is working, I must flee quick\nGet to the chopper, everybody get out\nI am not Triumph, I am Arnold, get down!\n\n[Chorus]\nThe way you shake it, I can't believe it\nI ain't never seen an ass like that\nThe way you move it, you make my pee-pee go\nD-doing, doing, doing\nSo Gwen Stefani, will you pee-pee on me, please?\nI ain't never seen an ass like that\n'Cause the way you move it, you make my pee-pee go\nD-doing, doing, doing\n\n[Outro: Eminem, Dr. Dre, & Triumph]\nWoo!\nFuck is wrong with you?\nHa!\nHey blondie, I saved your peroxide ass again!", "image": "https://images.genius.com/8505bd4c72746d051e600f95e3ccba93.1000x1000x1.png"}], "artist": "Eminem"}