{"songs": [{"title": "Almost Famous", "album": "Recovery", "year": "2010-06-18", "lyrics": "[Intro]\nI can almost taste it\nThis shit makes no sense to me\nWhat does it all mean?\nI can almost taste it\nI can almost see it\nThis shit makes no sense to me\nWhat does it all mean?\nI can almost taste it\nI can almost taste it\n\n[Spoken: Eminem]\nYeah, can't stop now\nThis might be the last chance I get to be famous\n(I just wanna be famous)\n\n[Chorus: Liz Rodrigues & Eminem]\nYou dream of trading places, I have been changing faces\nYou cannot fill these shoes, there is too much to lose\nWake up behind these trenches, you run around defenseless\nThere is too much to lose, you cannot fill these shoes\nI just wanna be famous, but...\nBe careful what you wish for\n\n[Verse 1: Eminem]\nI stuck my dick in this game like a rapist\nThey call me Slim Roethlisberger\nI go berserker than a fed-up post office worker\nI murk her with a Mossberg, I'm pissed off, get murdered\nLike someone took a ketchup squirter, squirted a frankfurter\nFor a gangster, you sure did shit your pants\nWhen you saw the chainsaw get to waving like a terrible towel\nHow thangs turn around when his fangs come out\nGet your brains blown out, that's what I call blowin' your mind\nWhen I come back, like nut on your spine\nI'm a thumb tack that you slept on, son\nNow here I come, screaming \"Attack!\" like I just stepped on one\nLow on the totem 'til he showed 'em defiance, giant scrotum\nHe don't owe them bitches shit, his britches, he outgrowed 'em\nHe's so out cold, he's knocked out at the South Pole\nAnd nobody fucks with him, rigor mortis and post mortem\nHe's dyin' of boredom\nTake your best rhymes, record 'em, then try to thwart him\nHe'll just take your punch lines and snort 'em\nShit-stained drawers, you gon' fuck with a guy\nWho licks the blades of his chainsaws\nWhile he dips 'em in P.F. Chang's sauce?\nGame's up, homie, hang it up like some crank calls\nYou think I'm backin' down?\nYou must be out of your dang skulls; I'm almost famous\n\n[Chorus: Liz Rodrigues & Eminem]\nYou dream of trading places, I have been changing faces\nYou cannot fill these shoes, there is too much to lose\nWake up behind these trenches, you run around defenseless\nThere is too much to lose, you cannot fill these shoes\nI just wanna be famous, but...\nBe careful what you wish for\n\n[Verse 2: Eminem]\nI'm back for revenge, I lost a battle, that ain't happenin' again\nI'm at your throat like strep, I step, strapped with a pen\nMetaphors wrote on my hand, some are just stored in my memory\nSome I wrote on a napkin; I do what I have to to win\nPullin' out all stops, any who touch a mic prior's\nNot even Austin Powers, how the fuck are they Mike Myers?\nAnd tell that psycho to pass the torch to the wacko\n'Fore I take a shit in his Jack-O-Lantern and smash it on his porch\nNow get off my dick! 'Dick''s too short of a word for my dick\nGet off my antidisestablishmentarianism, you prick!\nDon't call me the Champ, call me the Space Shuttle Destroyer\nI just blew up the Challenger; matter fact, I need a lawyer\nI just laced my gloves with enough plaster to make a cast\nBeat his ass naked and peed in his corner like Verne Troyer\nY'all are Eminem backwards: you're Mini Mes\nSee, he's in a whole nother weight class\nHe's slugs, you're BBs: you're bean-bag bullets\nYou're full of it, you were dissin' his CD's, laughed at Infinite\nNow he's back like someone pissed in his Wheaties\nNo peace treaties, he's turned into a beast\nHis new Slim Shady EP's got the attention of the mighty D.R.E\nHe's almost famous\n\n[Chorus: Liz Rodrigues & Eminem]\nYou dream of trading places, I have been changing faces\nYou cannot fill these shoes, there is too much to lose\nWake up behind these trenches, you run around defenseless\nThere is too much to lose, you cannot fill these shoes\nI just wanna be famous, but...\nBe careful what you wish for\n\n[Verse 3: Eminem]\nNow there he goes in Dre's studio, cuppin' his balls\nScreamin' the wood off the panelin', cussin' the paint off the walls\nSpewin' his hate to these haters, showin' no love for these broads\nHe ain't givin' them shit, he says he'll pinch a penny so hard\nHe'll leave a bruise on the bronze so dark you can see the mark\nWith the scars, 'til Abraham Lincoln is screamin' out, \"Ahh!\"\nThese metaphors and similes ain't similar to them, not at all\nIf they don't like it, they can all get fucked\nInstead of suckin' him off\nThey can go get a belt or a neck tie to hang themselves by\nLike David Carradine, they can go fuck themselves and just die\nAnd eat shit while they at it, he's fuckin' had it\nHe's mad at the whole world\nSo go to hell and build a snowman, girl\nThe bullies become bullied, and pussies get pushed\nThen they better pull me, take me back to 9th grade to school me\n'Cause I ain't lookin' back, only forward, this whole spot blowin'\nWho coulda known he'd grow to be a poet and not know it?\nAnd while I'm bein' poetic, let me get it stoic and raise the bar\nHigher than my opinion of these women's been lowered\nSo bear witness to some biblical shit, there's a cold wind blowin'\nThis world ain't gonna know what hit it\nHe did it, he made it, he's finally famous", "image": "https://images.genius.com/7b93181ae4ed594c902bf7e4e2149ca7.1000x1000x1.jpg"}], "artist": "Eminem"}