{"songs": [{"title": "Not Alike", "album": "Kamikaze", "year": "2018-08-31", "lyrics": "[Intro: Lil Juice]\nTay Keith, fuck these niggas up!\nYeah\n\n[Pre-Chorus: Eminem]\nBrain dead, eye drops\nPain meds, cyclops\nDaybed, iPod\n\"May-back\", Maybach\nTrainwrecks, sidewalks\nPayless, high-tops\nK-Fed, iHop\nPlaytex, icebox\n\n[Chorus: Eminem]\nThat's how much we have in common (yah!)\nThat's how much we have in common (whoa!)\nUp on this mic when we're on it (yah)\nThat's how much we have in common (yuh!)\nThat's how much we have in common (woo!)\nThat's how much we have in common\nWe are not alike, there's nada like us on the mic (yah!)\n\n[Verse 1: Royce da 5'9\"]\nI don't do Jordans and Audemars\nI do explosions and Molotovs\nY'all blowin' smoke as if y'all ain't washed\nI blow the smoke from the car exhaust\nFlyin' to a party I am not invited to, feelin' like the streets need me\nI ain't gotta dance long as my Ferrari Spider move like C Breezy\nI don't gotta hire goons\nI'd rather try to buy the moon and breathe freely\nThe sky is blue, the tires is new\nThe Maserati white and cool like G-Eazy\nWhy these dudes tryna figure out\nHow to do a freestyle as fly as me? (why?)\nI'm confused tryna figure out how to do Kapri Styles and Mya G\nEverybody doin' chick joints\nProbably rob these little dudes at fist point\n'Member everybody used to bite Nickel\nNow everybody doin' Bitcoin\nWe don't got nothin' in common (no!)\nWe don't got nothin' in common (no!)\nY'all into stuff like doubled-up Styrofoam cups\nOn them uppers-and-downers (woo!)\nI'm into stuff like doublin' commas\nFind me a brother who's solid\nTo count the shit up and then bust the shit down\nWhen the cops hit us up, we can flush the shit down\nWe cannot give a fuck, shit, a fuckin' colonic\nSellin' your cock and your butt for a follower\nPossible couple of dollars, you powder sniff\nNow you slippin', call it a power trip, a product of politics\nY'all went from profit and toppin' the charts\nTo dropped in the park in a pile of shit\nKnowledge is power, but powerless\nIf you've got it and you do not acknowledge it\nY'all music sound like Dr. Seuss inspired it\nHirin' strippers, prostitutes retirin'\nWe can spit it for ya advance\nI'm fit to be king, you're cut out to fit in Prince pants\nYou niggas\u2014\n\n[Pre-Chorus: Eminem]\nBrain dead, eye drops\nPain meds, cyclops\nDaybed, iPod\n\"May-back\", Maybach\nTrainwrecks, sidewalks\nPayless, high-tops\nK-Fed, iHop\nPlaytex, icebox\n\n[Chorus: Eminem]\nThat's how much we have in common (yah!)\nThat's how much we have in common (whoa!)\nUp on this mic when we're on it (yah)\nThat's how much we have in common (yuh!)\nThat's how much we have in common (woo!)\nThat's how much we have in common\nWe are not alike, there's nada like us\u2014\n\n[Verse 2: Eminem]\nYou say you're affiliated with murderers, killas (ayy!)\nThe people you run with are thuggin' (gang!)\nBut you just a wannabe gunna (gang!)\nLike you was gonna do somethin'\nActin' like you catchin' bodies (ayy!)\nAnd you got juice, lil youngin, you buggin'\nYou ain't never even been charged in connection with battery\nBitch, you ain't plugged in to nothin'\nRap God spit lyrical bullets (pew!)\nAnd gats cock, your partners better tool up\nThis has not to do with muscular\nBut have guns for sure, you better put a\nStrap on, other words if you're gonna\nRoll up with your (gang!) you're gon' need a arsenal\n'Cause this bar is over your head\nSo you better have arms if you're gonna pull up (skrrt!)\nOh, you run the streets, huh?\nNow you wanna come and fuck with me, huh?\nThis little cock-sucker, he must be feelin' himself\nHe wants to keep up his tough demeanour\nSo he does a feature, decides to team up with N9na\nBut next time you don't gotta use Tech N9ne\nIf you wanna come at me with a sub, Machine Gun\nAnd I'm talkin' to you\nBut you already know who the fuck you are, Kelly\nI don't use sublims and sure as fuck don't sneak-diss\nBut keep commenting on my daughter Hailie\nI keep on telling you motherfuckers\nBut just in case you forgot really and need Ja memories\nJarred like strawberry or pineapple, apricot jelly\nI respond rarely, but this time Shady 'bout to sound off\nLike a fuckin' cocked semi-Glock demi-god\nLet me put a fuckin' silencer on this little\nNon-threatening blond fairy cornball takin' shots at me\nYou're not ready, fool, break yourself like Rock Steady Crew\nObviously, I'm not gettin' through\nWe can get it poppin' like Redenbach, lettin' off like Remy Ma\nHeavy artillery, Godzilla, harsh with a hard shell\nWith a motherfucking heart bigger than Bizarre's belly\nOnly time you'll ever say I lost\nYou'll be talkin' 'bout Fetty Wap, better call Diddy\nJust to try to get me off, and you better hope I don't call Trick Trick\nBitch, this shit don't fly in our city\nPunk, you don't disrespect OGs, R.I.P. Prodigy\nSold Dre my soul and then told him the moment he signed me\nThat I'll be the most hated, though made it\nSo that there's no shame, it's okay to own it\n'Cause life is a bitch, she's a bow-legged ho\nBut now those days are over\nI Harvey Weinstein a bathrobe hanging open\nMy code name is groper, I role play with lotion\nI fuck the whole world then I throw away the Trojan\nOld lederhosen with home-made explosives\nI blow eighty holes in you\nDon't make me go in, I OJ the flows and\nI'm insult to injury, Rolaids to Goldman\nI'm throat spray and Motrin, I throated Nicole\nAs they both there to choke and my whole blade is soakin'\nI double-edge sword it 'cause one place I poke and\nI stick and I turn in a rotating motion\nInvisible with the pen, I'm at the pinnacle of sick individuals\nStick my dick and put the tip in at minimal\nI'm fuckin' these syllables, I let 'em lick on my genitals\nI'm a fucking invincible, indefensible, despicable, difficult prick\nA little bit unpredictable, I spit the formidable\nThat you bitches fuckin' with, the original\nI consider me and Nickel identical\u2014but not us\nThe only thing we have in common is I'm a dick and you suck\nOtherwise one has nothin' to do with the other\nNone come close to skunk, bug, soldier\nTongue, shrub, shoulder, one month older\nSponge, mug, folder, nun, rug, holster\nLug nut, coaster, lung, jug, roaster\nYoung Thug poster, unplugged toaster!\n\n[Chorus: Eminem]\nThat's how much we have in common (yah!)\nThat's how much we have in common (whoa!)\nUp on this mic when we're on it (yah)\nThat's how much we have in common (yeah!)\nThat's how much we have in common (woo!)\nThat's how much we have in common\nWe are not alike, there's nada like us\u2014\n(Man, fuck this shit, let's go)", "image": "https://images.genius.com/160b53c324c4cdeb709b605d3a591598.1000x1000x1.png"}], "artist": "Eminem"}