{"songs": [{"title": "Like Toy Soldiers", "album": "Encore", "year": "2004-01-24", "lyrics": "[Intro]\nStep by step, heart to heart\nLeft, right, left\nWe all fall down\n\n[Hook]\nStep by step, heart to heart\nLeft, right, left\nWe all fall down like toy soldiers\nBit by bit, torn apart\nWe never win\nBut the battle wages on for toy soldiers\n\n[Verse 1]\nI'm supposed to be the soldier who never blows his composure\nEven though I hold the weight of the whole world on my shoulders\nI ain't never supposed to show it, my crew ain't supposed to know it\nEven if it means goin' toe-to-toe with a Benzino\nIt don't matter, I never drag 'em in battles that I can't handle\n'Less I absolutely have to, I'm supposed to set an example\nI need to be the leader, my crew looks for me to guide 'em\nIf some shit ever does pop off, I'm supposed to be beside 'em\nThat Ja shit, I tried to squash it, it was too late to stop it\nThere's a certain line you just don't cross, and he crossed it\nI heard him say Hailie's name on a song and I just lost it\nIt was crazy, the shit went way beyond some JAY-Z and Nas shit\nAnd even though the battle was won, I feel like we lost it\nI spent so much energy on it, honestly I'm exhausted\nAnd I'm so caught in it that I almost feel I'm the one who caused it\nThis ain't what I'm in hip-hop for, that's not why I got in it\nThat was never my object, for someone to get killed\nWhy would I wanna destroy something I helped build?\nThat wasn't my intentions, my intentions were good\nI went through my whole career without ever mentionin' ****\nAnd that was just outta respect, for not runnin' my mouth\nAnd talkin' about somethin' that I knew nothin' about\nPlus Dre told me stay out, this just wasn't my beef\nSo I did, I just fell back, watched and gritted my teeth\nWhile he's all over TV, down-talkin' the man\nWho literally saved my life, like fuck it, I understand\nThis is business, and this shit just isn't none of my business\nBut still knowin' the shit could pop off at any minute, \u2018cause\u2014\n\n[Hook]\nStep by step, heart to heart\nLeft, right, left\nWe all fall down like toy soldiers\nBit by bit, torn apart\nWe never win\nBut the battle wages on for toy soldiers\n\n[Verse 2]\nThere used to be a time when you could just say a rhyme and\nWouldn't have to worry about one of your people dyin'\nBut now it's elevated, \u2018cause once you put someone's kids in it\nThe shit gets escalated \u2014 it ain't just words no more, is it?\nIt's a different ballgame, you call names and you ain't just rappin'\nWe actually tried to stop the 50 and Ja beef from happenin'\nMe and Dre had sat with him, kicked it and had a chat with him\nAnd asked him not to start it, he wasn't gonna go after him\nUntil Ja started yappin' in magazines how he stabbed him\nFuck it, 50, smash him! Mash on him, let him have it\nMeanwhile my attention's pulled in another direction\nSome receptionist at The Source who answers phones at his desk\nHas an erection for me and thinks that I'll be his resurrection\nTries to blow the dust off his mic and make a new record\nBut now he's fucked the game up 'cause one of the ways I came up\nWas through that publication, the same one that made me famous\nNow the owner of it has got a grudge against me for nothin'?\nWell, fuck it, that motherfucker could get it too, fuck him then!\nBut I'm so busy bein' pissed off, I don't stop to think\nThat we just inherited 50's beef with Murder Inc.\nAnd he's inherited mine, which is fine, ain't like either of us mind\nBut we still have soldiers that's on the front line\nWho's willin' to die for us as soon as we give the orders\nNever to extort us, strictly to show they support us\nAnd maybe shout 'em out in a rap or up in a chorus\nTo show 'em we love 'em back and let 'em know how important it is\nTo have Runyon Avenue soldiers up in our corners\nTheir loyalty to us is worth more than any award is\nBut I ain't tryna have none of my people hurt or murdered\nIt ain't worth it, I can't think of a perfecter way to word it\nThan to just say that I love y'all too much to see the verdict\nI'll walk away from it all 'fore I let it go any further\nBut don't get it twisted, it's not a plea that I'm coppin'\nI'm just willin' to be the bigger man if y'all can quit poppin'\nOff at the jaws, well, then I can, \u2018cause frankly I'm sick of talkin'\nI'm not gonna let someone else's coffin rest on my conscience\n\u2018Cause\u2014\n\n[Hook]\nStep by step, heart to heart\nLeft, right, left\nWe all fall down like toy soldiers\nBit by bit, torn apart\nWe never win\nBut the battle wages on for toy soldiers", "image": "https://images.genius.com/8c821101a9cad32c6c82a92deb5da5a5.1000x1000x1.png"}], "artist": "Eminem"}