{"songs": [{"title": "Don't Chew With Your Mouth Full", "album": null, "year": null, "lyrics": "(Ed. Note: Please help finish transcribing.)\n\n[Verse 1]\nLivin' like a sleuth\n... ingenuity\n... voraciously ... acuity\n...\n\n[Hook]\nBut don't chew with your mouth full\nDon't chew with your mouth full\nCause if you chew with your mouth full\nYou'll end up biting your toes\n\n[Verse 2]\n...\nTossin' curves that are nerve-wrackin'\n[Irv?] slackin' I'm throwin' pitches uh switches\nWhich is trickery, victory's repetitious\nThough weaker ones and overeager ones that just get ate up\nThough many will often try to duplicate the style I made up\nIf my weight up it wouldn't matter, you're slow as a paraplegic\nWhoops you missed, here's my fist, eat it\n\n[Hook]\n\n[Verse 3]\n...\nFrostbite\n\n[Verse 4]\nYou take out crews by yourself take out this one\nI'm a soloist chaos is a soloist pick one\nHe's about to put more tracks in your soul\nAnd put your crew in a pile and jack em up like a totem pole\nI give you a dance and make you change direction or\nHave a spot reserved in a handicapped parking section\nHow the hell can you leave when your trainless?\nYour smooth sailing hit a storm and looks likes your failing\nLeft a band stranded empty handed\nPut so much as a toe in my way and get branded\nI'm standing colossal drag you out like a fossil\nWith a rap so hot it will cause a snot in your nostril\nTake you out take you out with simplicity\nI'm shocking so bad I'll make you shit electricity\nTry flip me or whip me you fucking fed bon appetite eat the concrete dick head\n\n[Hook]\n\n[Outro]\n...\nWhen will he ever learn?\nI guess never", "image": "https://images.genius.com/b379811c1415017b9f3e3a71b9d26060.400x400x1.jpg"}], "artist": "Eminem"}