{"songs": [{"title": "Nut Up (T\u00fcrk\u00e7e \u00c7eviri / Unreleased)", "album": null, "year": null, "lyrics": "[NAKARAT:]\n\nNe yapaca\u011f\u0131n\u0131 biliyorsun bayanlar i\u00e7in yapt\u0131\u011f\u0131n zaman\n\u00f6yleyse l\u00fctfen, mikrofona \u00e7\u0131kmayacak m\u0131s\u0131n bebek ?\n\n[VERSE:]\n\nBu biraz s\u0131k\u0131c\u0131 olmaya ba\u015flad\u0131 son zamanlarda\nZehirli sarma\u015f\u0131kla oynuyor ve i\u015fiyordum\nKa\u015f\u0131n\u0131yordum biraz B-O-K almak i\u00e7in\nNe dedi\u011fimi DUY-DUN!\nBu klube mi? San\u0131r\u0131m onlar kimlikli\nAma kimliksiz girmeme izin veriyorlar, san\u0131r\u0131m beni be\u011fendiler\nEn iyisinden bol beyaz ti\u015f\u00f6rt\u00fcm\u00fc giydim\nFakat..\n\n\n\u00c7eviren: Berkant Kantar (Shady 3.0)", "image": "https://images.genius.com/eb1a734b70d7fe892bba617a1d94f45b.663x1000x1.jpg"}], "artist": "Eminem"}