{"songs": [{"title": "Amityville", "album": "The Marshall Mathers LP", "year": "2000-05-23", "lyrics": "[Intro: Eminem]\n(Kill, kill, kill)\nDahh-dum, dahh-dum... dum\nDahh-dum, dahh-dum, duh-da-da-da-da\n(Kill, kill, kill)\nDahh-dum, dahh-dum... dum\nDahh-dum, dahh-dum, dumm...\n(Kill, kill, kill)\n\n[Hook: Eminem]\nMentally ill from Amityville (He'll)\nAccidentally kill your family still\nThinking he won't, goddammit he will (He's)\nMentally ill from Amityville (He's)\n\n[Verse 1: Eminem]\nI get lifted and spin til I'm half-twisted\nFeet planted and stand with a grin full of chapped lipstick\nPen full of ink, think sinful and rap sick shit\nShrink, pencil me in for my last visit\nDrink gin til my chin's full of splashed whiskers\nHash, whiskey, and ash til I slap bitches\nAsk Bizzy, he's been here the past six years\nMash with me again and imagine this\n\n[Hook: Eminem]\nMentally ill from Amityville (He'll)\nAccidentally kill your family still\nThinkin' he won't, goddammit he will (He's)\nMentally ill from Amityville (He's)\nMentally ill from Amityville (He'll)\nAccidentally kill your family still\nThinkin' he won't, goddammit he will (He's)\nMentally ill from Amityville (He's)\n\n[Verse 2: Bizarre]\nI fucked my cousin in his asshole, slit my mother's throat\nGuess who Slim Shady just signed to Interscope\nMy little sister's birthday, she'll remember me\nFor a gift I had ten of my boys take her virginity\nAnd bitches know me as a horny-ass freak\nTheir mother wasn't raped, I ate her pussy while she was sleep\nPissy-drunk, throwing up in the urinal\n(You fuckin' homo!) That's what I said at my dad's funeral\n\n[Hook: Eminem]\nMentally ill from Amityville (He'll)\nAccidentally kill your family still\nThinkin' he won't, goddammit he will (He's)\nMentally ill from Amityville (He's)\nMentally ill from Amityville (He'll)\nAccidentally kill your family still\nThinkin' he won't, goddammit he will (He's)\nMentally ill from Amityville (He's)\n\n[Verse 3: Eminem]\nThat's why the city is filled with a bunch of fucking idiots still\nThat's why the first mothafucker popping some shit, he gets killed\nThat's why we don't call it Detroit, we call it Amityville (Ville)\nYou can get capped after just having a cavity filled (hahahaha!)\nThat's why we're crowned the murder capital still\nThis ain't Detroit, this is motherfuckin' Hamburger Hill\nWe don't do drive-bys, we park in front of houses and shoot\nAnd when the police come we fuckin' shoot it out with 'em too\nThat's the mentality here, that's the reality here\nDid I just hear somebody say they want to challenge me here?\nWhile I'm holding a pistol with this many calibers here?\nPlus a registration that just made this shit valid this year?\n'Cause once I snap, I can't be held accountable for my actions\nThat's when accidents happen, when a thousand bullets come at your house\nAnd collapse the foundation around you and they found you\nAnd your family in it Goddammit he meant it when he tells you\n\n[Hook: Eminem]\nMentally ill from Amityville (He'll)\nAccidentally kill your family still\nThinking he won't, goddammit he will (He's)\nMentally ill from Amityville (He's)\nMentally ill from Amityville (He'll)\nAccidentally kill your family still\nThinkin' he won't, goddammit he will (He's)\nMentally ill from Amityville (He's)\n\n[Outro: Eminem]\nDum, tahh-dum; ta-dah-da\nDum, tahh-dum; ta-dah-da\nDum, tahh-dum; ta-dah-da\nDum, tahh-dum; ta-dah-da\nDum, tahh-dum; ta-dah-da\nDum, tahh-dum; ta-dah-da\nDum, tahh-dum; ta-dah-da\nDum, tahh-dum; ta-dah-da\nDum", "image": "https://images.genius.com/e7f2305258d668431f8e250a41f3459f.1000x1000x1.png"}], "artist": "Eminem"}