{"songs": [{"title": "The Slim Shady Show Freestyle", "album": null, "year": "2000-01-01", "lyrics": "[Eminem]\nI fucking hate you, I can't stand you\nI'll rip your titties off, and them, I'll hand you\nYou're ugly, you won't hug me, you're dumb, you're stupid\nI'm fat, lazy and crazy, you think I'm Shady?\nI am Shady, you stupid bitch\nTake your silicone implants, now you gotta Slim chance of\nFuckin' with me ever again\nI got your silicone, you can't fuck with me\nBut I'm still alone, in my cell, mad as hell\nMight as well give you some more shit to sell\nFuck!", "image": "https://images.genius.com/b379811c1415017b9f3e3a71b9d26060.400x400x1.jpg"}], "artist": "Eminem"}