{"songs": [{"title": "8 Mile: Lyckety-Splyt vs B-Rabbit", "album": "8 Mile (Battles, Cyphers & Freestyles)", "year": "2002-09-08", "lyrics": "[Lyckety Splyt (Strike)]\nThis guy's a choke artist, you'll catch a bad one\nYou're better off shooting yourself with Papa Doc's handgun\nClimbing up this mountain, you're weak\nI'll leave you lost without a paddle, floating shit's creek\nYou ain't Detroit, I'm the D, you're the new kid on the block\n'Bout to get smacked back to the boondocks\nFucking Nazi, this crowd ain't your type\nTake some real advice and form a group with Vanilla Ice\nAnd what I tell you, you better use it\nThis guy's a hillbilly, this ain't Willie Nelson music\nTrailer trash, I'll choke you to your last breath\nAnd have you looking foolish\nLike Cheddar Bob when he shot himself\nSilly Rabbit, I know why they call you that\n'Cause you follow Future like you got carrots up his ass crack\nAnd when you acting up that's when you got jacked up\nAnd left stupid like Tina Turner when she got smacked up\nI'll crack your shoulder blade\nYou'll get dropped so hard that Elvis will start turning in his grave\nI don't know why they let you out in the dark\nYou need to take your white ass back across 8 Mile to the trailer park\n\n[B-Rabbit (Eminem)]\nThis guy raps like his parents jerked him\nHe sounds like Erick Sermon, the generic version\nThis whole crowd looks suspicious\nIt's all dudes in here, except for these bitches\nSo I'm a German, eh?\nThat's okay, you look like a fuckin' worm with braids\nThese Leaders of the Free World rookies\nLookie, how can 6 dicks be pussies\nTalkin' 'bout shits creek\nBitch, you could be up piss creek with paddles this deep\nYou're still gonna sink, you're a disgrace\nYeah, they call me Rabbit, this is a turtle race\nHe can't get with me, spitting this shit wickedly\nLickety shot suspicious spickety split lickety\nSo I'ma turn around with a great smile\nAnd walk my white ass back across 8 Mile", "image": "https://images.genius.com/8b0796f6920cbb54e1b8f5f4622ed422.768x768x1.jpg"}], "artist": "Eminem"}