{"songs": [{"title": "Shady Narcotics", "album": "Eminem Presents: The Re-Up", "year": "2006-12-04", "lyrics": "[Intro / Spoken: Eminem]\nYeah!\nGod damn!\nFeels like a long time don't it?\nDid you miss us?\nWe missed you!\nHa!\nShady Narcotics\nIt's the Re-Up\nPussies!\nAnd we're back\nMyself\nD12\n50 Cent\nObie Trice\nStat Quo\nAnd I would also like to introduce\nThe two newest members of the family\nOne goes by the name of Bobby Creek\nThe other goes by the name of Ca$his, from Orange County\nAnd I think it's about time we just cut the bullshit, let's go!", "image": "https://images.genius.com/86576cfe4dc7027bc0fed03da7e37e9a.900x900x1.jpg"}], "artist": "Eminem"}