{"songs": [{"title": "Got it Twisted Freestyle", "album": null, "year": null, "lyrics": "[Hook: Proof]\nShady records\nAin't nobody better than us\nShady records\nMore cheddar than us\nShady records\nAin't nobody better than us\nShady records\n\n[Verse: Eminem]\nI done figured this rap shit out, I map shit out strategically\nTiming is everything and it seems to be the key\nTo my success I've murked for me-uh... (slurs words) repeatedly\n(Laughter and slurs words) to beat MCs\nTiming is everything and it seems to be the key\nLet 'em diss you first and respond immediately\nIn order to master the art of war, don't start a war\nShit not no more, we done scared 'em off, there are no more\nVictims to sic, I'm fixin' to pick some and start shit\nAin't got no pictures to rip and shit to throw darts in\nAin't got no more targets, shit Irv and Jeff\nWe done beat 'em to death, Benzino in debt\nIt seems to just be no one left to bully, Bush is pussy\nWhy the fuck you think his name's Bush? Bush is bushy\nAin't shit going on, shit I been gettin' so bored lately\nI'm thinkin' of doing some shit to get you to go and hate me again\nTell the truth I like the shit better then\nShit I can spit better, I'm bout to kick that shi-shit again\nLook, the game just ain't the same, it's changin'\nShit Dre's quittin', Jay's quittin', now it's just wanksta\nSayin' the same shit, it's fake and it's ancient\nIt's makin' me so bored I'ma just make a new language\nFubba you cubba cubba, ubbu you ubbu ooba\nYooba can subba my dibidick through a tubba\nSuma newma lama, I'm not a human\nI'm a suicidal super sonic suicidal uni-bomber\nYou think I'm the new Osama, press think I'm the new Madonna\nJeffrey Dahmer left me with his legacy to carry on, uh\nLotta talk and rumors on us, who's the hottest? To be honest\nHip-hop ain't been the same since 2Pac moved to Cuba on us\n\n[Hook: Proof]\nAyy yo\nShady records\nThey ain't better than us\nShady records\nThey ain't getting more cheddar than us\nShady records\nThey ain't better than us\nShady records\nMotherfucker more cheddar than us", "image": "https://images.genius.com/b379811c1415017b9f3e3a71b9d26060.400x400x1.jpg"}], "artist": "Eminem"}