{"songs": [{"title": "Survival", "album": "The Marshall Mathers LP 2", "year": "2013-10-08", "lyrics": "[Hook: Liz Rodrigues]\nThis is survival of the fittest\nThis is do or die\nThis is the winner takes it all\nSo, take it all, a-all, a-all, a-all\n\n[Verse 1: Eminem]\nWasn't ready to be no millionaire, I was ill-prepared\nI was prepared to be ill though, the skill was there\nFrom the beginning it wasn't 'bout the ends\nIt was 'bout bustin' raps\nAnd standin' for somethin': fuckin' acronym\nCut the fuckin' act like you're happy, I'm fuckin' back again\nWith another anthem \u2013 why stop when it doesn't have to end?\nIt ain't over 'til I say it's over, enough when I say enough\nThrow me to them wolves and close the gate up\nI'm afraid of what will happen to them wolves\nWhen the thought of being thrown\nInto an alligator pit, I salivate at it, wait is up\nHands up like it's 12 noon\nNah, homie, hold them bitches straighter up\nWave 'em 'til you dislocate a rotator cuff\nCame up rough, came to ruffle feathers\nNah, egos, I ain't deflate enough\nLast chance to make this whole stadium erupt, \u2018cause\u2014\n\n[Hook: Liz Rodrigues]\nThis is survival of the fittest\nThis is do or die\nThis is the winner takes it all\nSo, take it all, a-all, a-all, a-all\n\n[Verse 2: Eminem]\nI can see the finish line with each line that I finish\nI'm so close to my goals, I can almost pole vault over the goal post\nAnd if I don't got enough in the tank\nMaybe I can just siphon enough\nTo fill up this last can, man, will I survive in this climate or what?\nThey said I was washed-up and got a bloodbath\nI'm not a rapper, I'm an adapter: I can adjust\nPlus, I can just walk up to a mic and just bust\nSo, floor's open if you'd like to discuss\nTop 5 in this muh'fucka, and if I don't make the cut\nWhat? Like I give a fuck!\nBut I light this bitch up like I'm driving a truck\nThrough the side of a pump, 0 to 60, hop in and gun it\nLike G-Unit without the hyphen, I'm hyping 'em up\nAnd if there should ever come a time where my life's in a rut\nAnd I look like I might just give up, eh, might've mistook\nMe for bowin' out, I ain't takin' a bow\nI'm stabbin' myself with a fuckin' knife in the gut\nWhile I'm wipin' my butt\n\u2018Cause I just shitted on the mic and I like gettin' cut\nI get excited at the sight of my blood\nYou're in a fight with a nut\n\u2018Cause I'ma fight 'til I die or win, bitin' the dust\nIt'll just make me angrier; wait, let me remind you of what\nGot me this far, picture me quittin'\nNow draw a circle around it and put a line through it, slut!\nIt's survival of what?\n\n[Hook: Liz Rodrigues]\nThis is survival of the fittest\nThis is do or die\nThis is the winner takes it all\nSo, take it all, a-all, a-all, a-all\nSo, take it all, a-all, a-all, a-all\n\n[Verse 3: Eminem]\nSo, get your ideas, stack your ammo\nBut don't come unless you come to battle\nNow mount up, jump in the saddle\nThis is it\u2014it's what you eat, sleep, piss and shit\nLive, breathe, your whole existence just consists of this\nRefuse to quit, fuse is lit, can't defuse the wick\nIf I don't do this music shit, I'll lose my shit\nAin't got shit to lose, it's the moment of truth\nIt's all I know how to do: as soon as I get thrown in a booth, I spit\nBut my respect is overdue\nI'm showin' you the flow no one do\n\u2018Cause I don't own no diploma for school, I quit\nSo there's nothin' for me to fall back on, I know no other trade\nSo you better trade your fuckin' mics in for some tool-box-es\n\u2018Cause you'll never take my pride from me\nIt'll have to be pried from me\nSo, pull out your pliers and your screwdrivers!\nBut I want you to doubt me, I don't want you to buh-lieve\n\u2018Cause this is somethin' that I must use to succeed\nAnd if you don't like me, then fuck you! Self-esteem\nMust be fuckin' shootin' through the roof, \u2018cause trust me\nMy skin is too thick and bulletproof to touch me\nI can see why the fuck I disgust you, I must be\nAllergic to failure, \u2018cause everytime I come close to it\nI just sneeze, but I just go achoo then a-chieve!\n\n[Hook: Liz Rodrigues]\nThis is survival of the fittest\nThis is do or die\nThis is the winner takes it all\nSo, take it all, a-all, a-all, a-all\nSo, take it all, a-all, a-all, a-all", "image": "https://images.genius.com/0c496468de3457b84accb4de08b32dfd.1000x1000x1.png"}], "artist": "Eminem"}