{"songs": [{"title": "Drop the Bomb on 'Em", "album": "Relapse: Refill", "year": "2009-12-21", "lyrics": "[Intro]\nYeah, boy\nThem better ring the alarm, boy\nThem know what's coming, boy\nBuh! Buh-Buh! Haha\nYeah, yeah, yeah, yeah\n\n[Verse 1]\nOh my God, fuckin' bumbaclot\nI'm hard as Kenard, the little boy who shot Omar in The Wire\nTie a whore up with barbed wire, you're nothing but a brah, boy\nI'm the real deal, and Charbroiler on the bonfire\nAnd bon voyage, bitch, I'm like Chef Boyardee in this bitch\nSend a bomb to my mom's lawyer\nI'm a problem for you, boy, you think you're Tom Sawyer\nUntil I pull you out the fuckin' storybook and stomp on ya\nFuckin' fictitional characters and fairy tales\nPrepare yourself for Captain America on Ferris wheels\nBut it ain't fiction, it's fact, boy, beware, it's real\nThem lyrics you wield equal zero to a hero's shield\nMr. Fly by the seat of his pants parasail\nFall, hit the trampoline, bounce, and grab a pair of stilts\nAnd I ain't wearing zilch, zip, zero, nothing; no, nada\nLike your father fucking your mother\n\n[Chorus]\nDrop the bomb on 'em\n(Please don't drop the bomb on me\nShady, please, please don't drop the bomb on me)\nDrop the bomb on 'em\n(I don't want no doggone beef, see\nAin't no reason to sick the dogs on me)\nDrop the bomb on 'em\n(Please don't drop the bomb on me\nShady, please, please don't drop the bomb on me)\nDrop the bomb on 'em\n(I don't want no doggone beef, see\nAin't no reason to sick the dogs on me)\n\n[Verse 2]\nBoy, I'm the Real McCoy, you little boys can't even fill voids\nParty's over, kids, kill the noise, here come the killjoys\nMe and Dre the steel alloys, the rap Crown Royals\nThat scalp cowboys, now, how that sound for you?\nYeah, boy, you know we're about to put it down for you\nSo kick your shoes off in the foyer, have a sound voyage\nAnd sayonara, see you fuckers tomorrow\nGet some R&R and marinate in some marinara\nAnd have a Coke and a smile, don't make me open a jar\nOf whoop-ass on you, that's the last straw you're hopin' to draw\nYeah, you're fresher than most, boy, I'm just doper than all\nBoy, I'm that boy, boy, them boys, them no up to par\nI just show up, go up to the stage, and blow up the spot\nThere ain't no boy who can do what I do, boy, I'm a star\nBoy, I told you, boy, I'm a soldier boy, I'm Deshaun\nHolton in this bitch, I'm the Proof, boy, you're a fraud\nI'll destroy you, boy, fuck around and blow you to sod\nOh my God, boy, you didn't go there, no, you did not\nI got a whole storyboard for you, boy, you're the plot\nYou're gettin' got, whether you try to avoid it or not\nApology not accepted, boy, Detroit is a rock\nWe get to beefin', ain't no tellin' at what point it'll stop\nAll I got to do is point to the spot\nWhen the bomb drops, boy, does it drop\nAnd when it does, boy, there's a problem\n\n[Chorus]\nDrop the bomb on 'em\n(Please don't drop the bomb on me\nShady, please, please don't drop the bomb on me)\nDrop the bomb on 'em\n(I don't want no doggone beef, see\nAin't no reason to sick the dogs on me)\nDrop the bomb on 'em\n(Please don't drop the bomb on me\nShady, please, please don't drop the bomb on me)\nDrop the bomb on 'em\n(I don't want no doggone beef, see\nAin't no reason to sick the dogs on me)\n\n[Verse 3]\nBoy, don't jinx yourself, boy, I'm Micheal Spinks with the belt\nStringer Bell, boy, my name rings bells for itself\nI'm sick as hell, boy, you better run and tell someone else\nBringin' hell, boy, sing 'em telegrams and get dealt\nAnd to that boy on them sedative meds who said he was better\nI bet he never seen Freddy in a black and red little sweater\nBack, better than ever, the cheddar shredder, the grater\nThe beef grinder, I'll settle vendettas a little later\nGivin' haters incubators, think you made a mistake\nBy saying Shady was ghost, I ain't even close to the gate\nYou got one foot in the grave, just stay put and behave\nI'm 'bout to turn this fuckin' place to Beirut in a day\nSo, hey, wouldn't you say I'm the shit?\nCouldn't agree with you more\nIf you were to say that my fuckin' shit doesn't stink\nShady-fuckin'-Aftermath, boy, the ship doesn't sink\nIt just floats in the fuckin' water 'til we fill up the tank\n\n[Chorus]\nDrop the bomb on 'em\n(Please don't drop the bomb on me\nShady, please, please don't drop the bomb on me)\nDrop the bomb on 'em\n(I don't want no doggone beef, see\nAin't no reason to sick the dogs on me)\nDrop the bomb on 'em\n(Please don't drop the bomb on me\nShady, please, please don't drop the bomb on me)\nDrop the bomb on 'em\n(I don't want no doggone beef, see\nAin't no reason to sick the dogs on me)", "image": "https://images.genius.com/8310711ee35987f5ac1df5217a0e5917.1000x1000x1.png"}], "artist": "Eminem"}