{"songs": [{"title": "Puke", "album": "Encore", "year": "2004-11-12", "lyrics": "[Intro]\n*Eminem pukes into the toilet*\n*Eminem hocks and spits into the toilet*\n*Toilet flush*\nThere I go, thinking of you again\n\n[Hook]\nYou don't know how sick you make me\nYou make me fucking sick to my stomach\nEvery time I think of you I puke\nYou must just not kno-o-o-o-o-o-ow\nYou may not think you do, but you do\nEvery time I think of you I puke\n\n[Verse 1]\nI was gonna take the time to sit down and write you a little poem\nBut off of the dome would probably be a little more\nMore suitable for this type of song, whoa\nI got a million reasons off the top of my head that I could think of\nSixteen bars just ain't enough to put some ink to\nSo fuck it, I'ma start right here, I'll just be brief, I'm\n'Bout to rattle off some of the reasons\nI knew I shouldn't go and get another tattoo\nOf you on my arm, but what do I go and do?\nI go and get another one, now I got two (Ooh-ooh-ooh-ooh-ooh-ooh-ooh)\nNow I'm sitting here with your name on my skin\nI can't believe I went and did this stupid shit again\nMy next girlfriend, now her name's gotta be Kim (Shi-i-i-i-i-i-it)\nIf you only knew how much I hated you\nFor every motherfucking thing you've ever put us through\nThen I wouldn't be standing here crying over you (Boo-oo-oo-oo-oo-oo-hoo)\n\n[Hook]\nYou don't know how sick you make me\nYou make me fucking sick to my stomach\nEvery time I think of you I puke\nYou must just not kno-o-o-o-o-o-ow\nYou may not think you do, but you do\nEvery time I think of you I puke\n\n[Verse 2]\nI was gonna take the time to sit down and write you a little letter\nBut I thought a song would probably be a little better\nInstead of a letter that you'd probably just shred up, yeah\nI stumbled on your picture yesterday and it made me stop and think of\nHow much of a waste it'd be for me to put some ink to, a stupid piece of\nPaper, I'd rather let you see how\nMuch I fucking hate you in a freestyle\nYou're a fucking cokehead slut, I hope you fucking die\nI hope you get to hell and Satan sticks a needle in your eye\nI hate your fucking guts, you fucking slut, I hope you die (Di-i-i-i-i-i-ie)\nBut please don't get me wrong, I'm not bitter or mad\nIt's not that I still love you, it's not 'cause I want you back\nIt's just that when I think of you it makes me wanna yack (A-a-a-a-a-a-ack)\nBut what else can I do? I haven't got a clue\nNow I guess I'll just move on, I have no choice but to\nBut every time I think of you now all I wanna do is pu-u-u-u-u-u-uke\n\n[Hook]\nYou don't know how sick you make me\nYou make me fucking sick to my stomach\nEvery time I think of you I puke\nYou must just not kno-o-o-o-o-o-ow\nYou may not think you do, but you do\nEvery time I think of you I puke\n\n[Outro]\n*Eminem pukes into the toilet*\n*Eminem hocks and spits into the toilet*\n*Toilet flush*\n*Eminem burps*\nAh, damn!\nFucking bitch", "image": "https://images.genius.com/919ae1469415f282320db93bbcbd620c.1000x1000x1.png"}], "artist": "Eminem"}