{"songs": [{"title": "FACK", "album": "Curtain Call: The Hits", "year": "2005-12-06", "lyrics": "[Chorus]\nOwwww, owwww, owwww (Oh, god damn!)\nI'm gonna facking cum! (Oh, shit!)\nFack, fack, fack (Fuck, I am!)\nI am, I'm going to cum (I'm cumming!)\n\n[Verse 1]\n(Oh yeah, god!) I never seen no chick like this\nThis bitch can twist like a damn contortionist\nCondom on my dick? Of course it is\nThis bitch don't know what abortion is\nSo I can't cum in her, fucks like a porn star\nLooks like Jenna, fuck I'm gonna\nCum, I think my rubber's comin' off\nBut oh, it's so fucking wet and soft\nFuck, I'm gonna start lettin' off\nI'm squirting and she's not gettin' off\nAnd she's on top, I'm gonna facking\nOh, god, oh, don't do that\nDon't, stop, stop, don't, I don't mean \"don't stop\"\nOw, wait a minute, ow, ow, fuck\nI, I'm gonna fucking cum! *squirt squirt squirt*\n\n[Chorus]\nOwwww, owwww, owwww (Oh, god damn!)\nI'm gonna fucking cum! (Oh, shit!)\nFack, fack, fack (Fuck, I am!)\nI am, I'm going to cum (I'm cumming!)\n\n[Verse 2]\nOoh, wow, boom that pow\nOoh, ow, I need a cigarette now\nOw, I'm so fucking hot\nAnd you're so fucking hot\nOh my god, I wanna facking fack\nNo not \"fuck\", I said \"fack\"\nF-A-C-K, F-A-C-K\nFack, fack, fack, facking freak me!\nOh yeah, girl see, baby, they call me Mr. Freaky\nLet's call your sister, three-way\nHave some threesome, me so horny\nAnd you're such a fucking babe\nI wanna go down on you, fuck, you shaved?!\nOh, god damn, here I go again\nI'm gonna cum, I am!\n\n[Chorus]\nOwwww, owwww, owwww (Oh, god damn!)\nI'm gonna facking cum! (Oh, shit!)\nFack, fack, fack (Fuck, I am!)\nI am, I'm going to cum (I'm cumming!)\n\n[Interlude]\nI\u2019m Slim Shady, uh uh uh\nI\u2019m Slim Shady, uh uh uh\nI\u2019m Slim Shady, uh uh uh\nI\u2019m Slim Shady, uh uh uh\n\n[Verse 3]\nOkay, I'm done, I already came twice\nYou ain't gonna make me cum\nI'm all outta gas, not so fast\nUh, your finger just went in my ass\nOw, that hurts, take it out now\nOh, wait a minute, aw\nPut it back in, in-in-in\nThis don't mean I'm gay, I don't like men\nI like boobs, boobs, boobs\nNow see that gerbil, grab that tube\nShove it up my butt\nLet that little rascal nibble on my asshole, uhh\nYeah, right there, right there\nAhh, I'm cumming, oh, yeah\nFack, I just came again\nOkay, pull it out now, enhh\nOh, fuck yeah\nWait, he's not out, he's still crawling around up there\nOw, fuck, I think it's stuck\nOw, but it feels so fucking good\n\n[Chorus]\nOwwww, owwww, owwww (Oh, god damn!)\nI'm gonna facking cum! (Oh, shit!)\nFack, fack, fack (Fuck, I am!)\nI am, I'm going to cum (I'm cumming!)\n\n[Outro]\nShove a gerbil in your ass through a tube\nShove a gerbil in your ass through a tube\nShove a gerbil in your ass through a tube\nShove a gerbil in your ass through a tube\nEw, ew, ew, ew", "image": "https://images.genius.com/6ab0f1ddce59fca347d370ba6d081a81.1000x1000x1.png"}], "artist": "Eminem"}