{"songs": [{"title": "Get You Mad (T\u00fcrk\u00e7e \u00c7eviri)", "album": null, "year": null, "lyrics": "Giri\u015f:\nYo, ses kontrol (Sikim!)\nSes, bir, iki\u2026 Siktir\nSikim, ta\u015f\u015faklar\u0131m!\n\nVerse 1:\nTutumum N.W.A\u2019inkinden daha k\u00f6t\u00fc\nSeninle sa\u00e7ma bir \u015fey \u00fcst\u00fcne sava\u015faca\u011f\u0131m\nVe yapacak bir \u015feyi olmayan insanlar\u0131 dissleyece\u011fim\nAyn\u0131 Cool J\u2019in yapt\u0131\u011f\u0131 gibi (d\u00f6vmem!)\nBeni evinin d\u0131\u015f\u0131nda durmu\u015f\n\u2018\u2019Puffy iyi ama Slim Shady \u00e7ocuklar i\u00e7in!\u2019\u2019 diye ba\u011f\u0131r\u0131rken g\u00f6r\u00fcyorsun\nHayat\u0131ma yeni bir \u0131\u015f\u0131kla bak\u0131yorum\nSiktir et bana ik mikrofon ver\n\u015eark\u0131lar\u0131 kendim i\u00e7in yaz\u0131yorum, ne d\u00fc\u015f\u00fcnd\u00fc\u011f\u00fcn\u00fc siklemiyorum\nBeni b\u00fcy\u00fck ihtimal yar\u0131m yamalak rap yaparken duyacaks\u0131n\n\u00c7\u00fcnk\u00fc art\u0131k rapi sevmiyorum\nPorno kariyerimin ba\u015flamas\u0131 i\u00e7in u\u011fra\u015f\u0131yorum\nHer yerde ve her olayda bulundum\nSiktir, Dre beni giderken valizin i\u00e7ine t\u0131kad\u0131\nAnla\u015fmak m\u0131 istiyorsun? Bu 5 derse \u00e7al\u0131\u015f\nDers 1: Anla\u015fmal\u0131 rapperlara bolca demo g\u00f6nder\nDers 2: Kar\u015f\u0131lar\u0131na \u00e7\u0131k ve onlar\u0131 dissle (Naber adam\u0131m?)\nOnlara demo g\u00f6nderme, onlar\u0131 ka\u00e7\u0131r\nVe onlar\u0131 mekan\u0131na gelip, dinlemeye zorla. (Hadi orospu \u00e7ocu\u011fu benimle geliyorsun, \u015funa bi kulak ver)\nDers 3: St\u00fcdyoda bir i\u015f bul\nDemolar\u0131 Canibus ile de\u011fi\u015f ve kendi demolar\u0131n\u0131 patronun masas\u0131na koy\nDers 4: Bunu daha \u00f6nce duydun\n\u2018\u2019Hey, bana numaran\u0131 ver, seni yar\u0131n arayaca\u011f\u0131z!\u2019\u2019\nE\u011fer bir anla\u015fma imzalamak istiyorsan asla hayran gibi davranma\nA&R \u015firketindeki en beyaz ki\u015fiyi bul (hey dostum, gel buraya)\nOnu tut ve yapabilece\u011fin en boktan rapi yap\nDers 5: Jive st\u00fcdyosundan biriyle tan\u0131\u015f\nI.C.P gibi giyin ve onlar\u0131n gelip seni canl\u0131 izlemesini sa\u011fla\nVe i\u015fte anahtar, ama beni e\u011fer sokakta g\u00f6r\u00fcrsen\nSiklemeyece\u011fim orospu, yan\u0131ma gelmeye \u00e7al\u0131\u015fma\nTuvalet suyu g\u00f6t\u00fcme s\u0131\u00e7r\u0131yor \u00e7\u00fcnk\u00fc ben rap yaparken s\u0131\u00e7\u0131yorum\nAyn\u0131 Master P gibi (U\u011f\u011f\u011f)\nPaula Jones\u2019a blowjob yapt\u0131rd\u0131m ve a\u011fz\u0131na k\u00f6kledim\nToplar\u0131m, iki k\u00f6pr\u00fcc\u00fck kemi\u011finide k\u0131rd\u0131\nMya\u2019ya s\u00f6yle t\u00fcm bu olanlar ehh-i\u015fteydi\nAlyssa Milano\u2019ya sifilis ve belso\u011fuklu\u011fu ver\nVe tak\u0131ld\u0131\u011f\u0131m \u00fc\u00e7 k\u0131zda bana \u2018\u2019G\u00f6r\u00fc\u015f\u00fcr\u00fcz!\u2019\u2019 diyor\n\u2018\u00c7\u00fcnk\u00fc Brandy ve Monica beni Aaliyah\u2019\u0131 sikerken yakalad\u0131\nBanyoda suyla oynuyorum\nBir avu\u00e7 dolusu hap\u0131, ortadan ikiye b\u00f6l, i\u00e7 ve g\u00fcl\nBeyaz serseri, sen \u00e7im bi\u00e7me makinene gaz doldururken\nKar\u0131n\u0131 g\u00f6t\u00fcnden sikiyor\n\nNakarat:\nYani ben \u00f6zg\u00fcvenini zedeledim ve seni \u00e7ok k\u00f6t\u00fc dissledim? (Hey, neden beni dissledin?)\nBiliyorsun bunu sadece seni k\u0131zd\u0131rmak i\u00e7in s\u00f6yl\u00fcyorum\nVe ben senin olmas\u0131n\u0131 istedi\u011fin boktan \u015feylerden bahsederken (B\u00fcy\u00fck bir sik)\nBiliyorsun ki sadece seni k\u0131zd\u0131rmak i\u00e7in s\u00f6yl\u00fcyorum\nBu \u015fark\u0131y\u0131 dinleyemem, bu \u00e7ok \u00fcz\u00fcc\u00fc\nBiliyorsun ki sadece seni k\u0131zd\u0131rmak i\u00e7in s\u00f6yl\u00fcyorum\nO ba\u015faramayacak, bile\u011findeki kesik \u00e7ok k\u00f6t\u00fc (Hem\u015fire! Hem\u015fire!)\nBiliyorsun ki sadece seni k\u0131zd\u0131rmak i\u00e7in s\u00f6yl\u00fcyorum\n\nVerse 2\nNe g\u00fczel bir g\u00fcn! D\u0131\u015far\u0131 \u00e7\u0131k\u0131p, oynamal\u0131y\u0131m\nEvde oturup, k\u0131\u015f uykusuna yatmak i\u00e7in bir sebebim yok\nHey, Renee! Yoluna bir bomba f\u0131rlatmak \u00fczereyim o y\u00fczden yoldan \u00e7ekil\nJiletten yap\u0131lm\u0131\u015f AIDS\u2019li bir k\u0131l\u0131\u00e7tan korkuyor musun?\n\u00dczerinden kan daml\u0131yor\nKarn\u0131n\u0131 de\u015fiyor ayn\u0131 tutkal gibi\nBir \u00e7ok \u015fey s\u00f6yl\u00fcyorsun ama asla iyi de\u011filsin\nBen seni bir yast\u0131kla bo\u011fabilecek kadar deliyim\n\u0130nekleri \u00f6ld\u00fcrd\u00fcm s\u0131rf \u015faka olsun diye\nZ\u0131plad\u0131m ve bir z\u00fcrafay\u0131 bo\u011fdum\nBoynunu k\u0131rd\u0131m ve ikiye ay\u0131rd\u0131m\nAf diliyorum, sahneye \u00e7\u0131k\u0131yorum\nVe Cage\u2019e Ajan Orange ile sayd\u0131r\u0131yorum\nSonrada k\u0131\u00e7\u0131m\u0131 onun Source\u2019taki sayfas\u0131yla siliyorum\n\u015eeytan burada, bu sene ortaya \u00e7\u0131k\u0131yor\nSes kutusunu par\u00e7alad\u0131m ve kula\u011f\u0131na ba\u011f\u0131rd\u0131m\nBu hile de\u011fil, orospu bu bir imaj\nSikliyor muyum? Siklemek ne demek bilmiyorum\n\u2018\u2019Evet, bu adam\u0131n iyi oldu\u011funu d\u00fc\u015f\u00fcnm\u00fcyorum\u2019\u2019\nKafam \u00e7ok iyi,  seni canl\u0131 bir kediyle \u00f6ld\u00fcr\u00fcr\u00fcm\nBen senin\u2026 Ben senin\u2026 Ta\u015f\u015faklar\u0131n\u0131 dolab\u0131na koyar\u0131m\nTa\u015f\u015faklar\u0131na \u00e7ivili sopayla vururum\nBoynunu keser, kafan\u0131 arkaya \u00e7eviririm\nVe seni \u00f6yle b\u0131rak\u0131r\u0131m\nSen seni Chris-stiff-er Reeves\u2019ten bile bi\u00e7imsiz bir \u015fekilde b\u0131rakmaya can atan\nLik\u00f6rleri kar\u0131\u015ft\u0131ran bir serseriyi tetikledin\nAnnen emzirirken ona et yiyen bakteriler verece\u011fim\nBen bir \u00e7eki\u00e7 al\u0131p, dizlerini k\u0131racak\nSonrada South Central L.A.\u2019de dizleri kanarken y\u00fcreyecek birinden daha hastay\u0131m\n(Ben Blood muyum yoksa Crip mi?)\nErtesi g\u00fcn solunum makinesinde uyan\u0131yorsun\nVuruldu\u011fun an akl\u0131na geliyor ve sahne tekrarl\u0131yor\nE\u011fer ya\u015farsan bunu anlatmaktan korkacaks\u0131n\nAyn\u0131 Biggie ve Pac \u015fakas\u0131 gibi\n\nNakarat:\nYani ben \u00f6zg\u00fcvenini zedeledim ve seni \u00e7ok k\u00f6t\u00fc dissledim? (Hey, neden beni dissledin?)\nBiliyorsun bunu sadece seni k\u0131zd\u0131rmak i\u00e7in s\u00f6yl\u00fcyorum\nVe ben senin olmas\u0131n\u0131 istedi\u011fin boktan \u015feylerden bahsederken (B\u00fcy\u00fck bir sik)\nBiliyorsun ki sadece seni k\u0131zd\u0131rmak i\u00e7in s\u00f6yl\u00fcyorum\nBu \u015fark\u0131y\u0131 dinleyemem, bu \u00e7ok \u00fcz\u00fcc\u00fc\nBiliyorsun ki sadece seni k\u0131zd\u0131rmak i\u00e7in s\u00f6yl\u00fcyorum\nO ba\u015faramayacak, bile\u011findeki kesik \u00e7ok k\u00f6t\u00fc (Hem\u015fire! Hem\u015fire!)\nBiliyorsun ki sadece seni k\u0131zd\u0131rmak i\u00e7in s\u00f6yl\u00fcyorum\n\n\u00c7\u0131k\u0131\u015f:\nBiliyorum bu seni \u00e7ok k\u0131zd\u0131r\u0131yor, de\u011fil mi? (Uh, huh)\nBu do\u011fru\nSlim Shady (Yo)\nSway & Tech\nOrospu\nBiz siklemiyoruz, umursam\u0131yoruz\nO zaman sikimi yala\n\nShady 3.0", "image": "https://images.genius.com/991638c450233e792c047bd0161a96f5.1000x670x1.jpg"}], "artist": "Eminem"}