{"songs": [{"title": "8 Mile: 313 Cypher (Chin Tiki Girls)", "album": "8 Mile (Battles, Cyphers & Freestyles)", "year": "2002-11-09", "lyrics": "[Parking Lot Rapper #2 (Obie Trice)]\n[?] use my voice to spit the fiery frame\nTry and refrain, dying in vain\nSoon as I reply in [?]\nI be the nigga in the Shelter who be eyeing your chain\n\n[Parking Lot Rapper #3 (Njeri Earth)]\nThree-one-three area, bound to bury ya with vengeance\nMy rhymes sentences'll put an end to your existence with the rigorousness\nNiggas, I'm serious, delirious, cause a curious... pause\nThe fury calls from my jaws from devouring y'all raw\n\n[Future (Mekhi Phifer)]\nYou forced to listen to the individual, the metaphysical\nThe Mac Mitten, rhyme ritual, heterosexual\nSyllables they sound complex to you, lines perplexing you\nWith words that could put a hex on you, snap that neck on you\nMurder you, boil you, we keep a white boy or two\nLet my man grab the mic, you see how Bunny Rabbit do\n\n[B-Rabbit (Eminem)]\nYour style is generic, mine's authentic made\nI roll like a renegade, you need clinic aid\nMy technique's bizarre and ill; I scar and kill\nYou were a star until I served you like a bar and grill\nAs I proceed to cook and grill ya, that\u2019s all it took to kill ya\nYou better recognize me like I look familiar\nYou wanna battle? You beat around the bush\nLike you're scared to lick pussy so you eat around the tush\nI need a clown to push, someone that I can bully\nWait a minute, I don\u2019t think you understand fully\nSee me without a style's like mustard without the Heinz\u2019s\nI lead the new school, you're a Busta without the rhymes\nI crush the shit out your line\n\n[Sol George (Omar Benson Miller)]\nNow I'm the Rashiki smoking the lick licky\nTen freaky girls inside The Chin Tiki\nGirl, when you see me you better believe me\nThis ain't a game and pimping ain't easy\nAnything goes when it comes to hoes\nI'm the kingpin when it comes to flows\nYou better ask someone if you don't know\nWhen you see me girl, say what up doe\nTen freaky girls, ten, ten, ten freaky girls", "image": "https://images.genius.com/8b0796f6920cbb54e1b8f5f4622ed422.768x768x1.jpg"}], "artist": "Eminem"}