{"songs": [{"title": "Freestyle, Canibus Impression", "album": null, "year": null, "lyrics": "[Sound effect: gunshot]\n\n[EMINEM]\n\nI\u2019m a kick it\nThe motherfuckin\u2019 liquid\nThat I be spittin\u2019\nInfinite ammunition\nYeah you wishin\u2019\nYou try to step to this but you died\nYou tried to fuck with my style but get denied\nAnd get hit\nAnd get pushed back to the fuckin lab\nWhen I stab you in the abdomen\nWhen I grab a pen and jab it in\n\n[EMINEM begins CANIBUS impression]\n\nTravelin like an abdomen and gag you with it\nJavelin when I\u2019m stabbing it and grabbin it\nWith the Canibus animal animus\nElement jam it is\nWhatever lattice magnanimous\nAnd the shadow is adamant\nThe equilibrium will lay on top of these mathematics\nIn alphabetical order, Destroyer!", "image": "https://images.genius.com/b379811c1415017b9f3e3a71b9d26060.400x400x1.jpg"}], "artist": "Eminem"}