{"songs": [{"title": "Intro (Curtain Call)", "album": "Curtain Call: The Hits", "year": "2005-12-06", "lyrics": "[Eminem]\n*burps* Woo!\nHey, how you guys doin'?\nYou want more? Alright\nThen SHUT UP!\n\nShooby doo (Shoody doo)\nShooby doo (Shoody doo)\nShooby doo (Shoody doo)\nShooby doo (Shoody doo)\n\nSkibbidy bee bop\nGirl (Girl, girl, girl)\nYou're my world (World, world, world)\nYou're my pearl (Pearl, pearl, pearl)\nYou're my world (Woooorld)\nHey yo, here's a song for the ladies...", "image": "https://images.genius.com/6ab0f1ddce59fca347d370ba6d081a81.1000x1000x1.png"}], "artist": "Eminem"}