{"songs": [{"title": "Eminem Freestyle (Hollywood Homicide)", "album": null, "year": "2008-09-23", "lyrics": "Hey yo, what do you think about two grown ass men\nLiving together?\nAlright. What do you think about another grown ass man\nLiving right upstairs from them?\nWell those two grown ass men\nLiving together on my nuts\nAnd that shits right above them\n\nWhen I rhyme somehow I think I must subliminally\nThrowing viagra at these fags who got these hard-ons for me\nBut I suppose anything goes when it comes to my flows\nNothing is off limits except for Michaels' nose!\nI didn\u2019t know, I'm so sorry please tell me what I can do\nTo make it up to those of you who I offended. Ooh!\nI got it, I got it, apology for Steve Harvey too, it\u2019s in my pocket\n(Oh wait, here it is)\nFUCK YOU!! Hey!\nWhat do you say Andre whats new? Life is good man I\u2019m chilling, 50 how 'bout you?\nYayo's out of jail, Buck is out on bail, we\u2019ll make it through, we always do\nODB, rest in peace, G-G-G-UNIT!", "image": "https://images.genius.com/b379811c1415017b9f3e3a71b9d26060.400x400x1.jpg"}], "artist": "Eminem"}