{"songs": [{"title": "It's Okay", "album": "Infinite", "year": "1996-11-12", "lyrics": "[Intro: Proof & Eminem]\nCheck it out!\nHey, Kyu!\n\n[Hook: Eye-Kyu]\nIt's a broke day, but everything is okay\nI'm up all night, but everything is alright\nIt's a rough week, and I don't get enough sleep\nIt's a long year, pretendin' I belong here\nIt's a broke day, but everything is okay\nI'm up all night, but everything is alright\nIt's a rough week, and I don't get enough sleep\nIt's a long year, pretendin' I belong here\n\n[Verse 1: Eminem]\nOne day I plan to be a family man, happily married\nI want to grow to be so old that I have to be carried\n'Til I'm glad to be buried, and leave this crazy world\nAnd have at least a half a million for my baby girl\nIt may be early to be plannin' this stuff\n'Cause I'm still strugglin' hard to be the man, and it's tough\n'Cause man, it's been rough, but still I manage enough\nI've been taken advantage of\nDamaged and scuffed, my hands have been cuffed\nBut I don't panic and huff, frantic and puff, or plan to give up\nThe minute shit hits the fan, it erupts\nI'm antein' up, double or nothin'\nI've been troubled enough and\nI'm sick of strugglin' and sufferin'\nSee, my destiny's to rest at ease\n'Til I'm impressed and pleased\nWith my progress I won't settle for less than cheese\nI'm on a quest to seize all, my own label to call\nWay before my baby is able to crawl\nI'm too stable to fall, the pressure motivates\nTo know I hold the weight of boulders on my shoulder blades\nI see the golden gates to Heaven on Earth\nWhere they don't pull a weapon on you\nWhen you're steppin' on turf, Kyu\n\n[Hook: Eye-Kyu]\nIt's a broke day, but everything is okay\nI'm up all night, but everything is alright\nIt's a rough week, and I don't get enough sleep\nIt's a long year, pretendin' I belong here\n\n[Verse 2: Eminem]\nI'm goin' for broke, gamblin' and playin' for keeps\nEvery day in the streets, scramblin' and payin' for cheap\nPrayin' for sleep, dreamin' with a waterin' mouth\nWishin' for a better life for my daughter and spouse\nIn this slaughterin' house\nCaught up in bouts with the root of all evil\nI've seen it turn beautiful people crude and deceitful\nAnd make them do shit illegal for these Grants and Jacksons\nThese transactions explain a man's actions\nBut in the midst of this insanity, I found my Christianity\nThrough God and there's a wish he granted me\nHe showed me how to cope with the stress\nAnd hope for the best, instead of mope and depressed\nAlways gropin' a mess of flyin' over the nest\nTo sellin' dope with the rest\nI quit smokin' cess to open my chest\nLife is stressful inside this cesspool\nTryin' to wrestle, I almost bust a blood vessel\nMy little brother's tryin' to learn his mathematics\nHe's asthmatic, runnin' home from school away from crack addicts\nKids attract static, children with automatics\nTakin' target practice on teens for Starter jackets\nI'm usin' smarter tactics to overcome this slum\nI won't become as dumb as some and succumb to scum\nIt's cumbersome, I'm tryin' to do well on this Earth\nBut it's been hell on this Earth since I fell on this Earth\n\n[Hook: Eye-Kyu]\nIt's a broke day, but everything is okay\nI'm up all night, but everything is alright\nIt's a rough week, and I don't get enough sleep\nIt's a long year, pretendin' I belong here", "image": "https://images.genius.com/eda31ba0169a98076608e99c8f5f8ef7.590x590x1.jpg"}], "artist": "Eminem"}