{"songs": [{"title": "12 Days of Diss-Mas", "album": null, "year": "2018-12-25", "lyrics": "1. \"Hit 'Em Up\" by 2Pac (Ft. Outlawz)\n2. \"Diss Fe Liar\" by YZ\n3. \"Real Muthaphuckkin G's\" by Eazy-E (Ft. B.G. Knocc Out & Dresta)\n4. \"The Bitch in Yoo\" by Common\n5. \"Fuck Compton\" by Tim Dog\n6. \"Fuck wit Dre Day (And Everybody's Celebratin')\" by Dr. Dre (Ft. Jewell, RBX & Snoop Dogg)\n7. \"No Vaseline\" by Ice Cube\n8. \"Fuck tha Police\" by N.W.A\n9. \"Jack the Ripper\" by LL Cool J\n10. \"10% Dis\" by MC Lyte\n11. \"Roxanne's Revenge\" by Roxanne Shant\u00e9\n12. \"The Bridge Is Over\" by Boogie Down\n\n- Honorable Mentions:\n13. \"Wack M.C.'s\" by Del The Funky Homosapien\n\n- Bonus Track:\n14. \"Your Life's on the Line\" by 50 Cent", "image": "https://images.genius.com/458fd943e3de23ccaafd422fba08f761.1000x1000x1.jpg"}], "artist": "Eminem"}