{"songs": [{"title": "Just Rhyming with Proof", "album": null, "year": null, "lyrics": "* this song was a free download on his official website\n\n[Eminem]\nAre we supposed to shut up or talk...I'll cut your butt up and walk\nAround with my ass showing all over the fuckin town\n\n[Proof]\n....Then you get done up in chalk\nYo\n\n[Eminem]\nWe ready...we ready .. we ready.. we ready ?\nReady to hold it steady....Speakin of hold it steady\nYou can hold my nuts steady and then\nI can stick my dick in you like a machette...If you're a girl\nIf you're a girl then you're my world...And I will kill anybody\nThat means... you, her or him\nIt doesnt matter cause I'm Eminem\nAnd I'm Slim...I'm also slim and your future's Whim\n\n[Proof]\nHa ha....don't stop\nD-12 y'all...yea we bust it off the top\nWe get in that ass Preparation-H style\nKnock more boots than that group H-Town (Booo!)\nEverybody tryina tell us to wait now\nYou look dumb as fuck...Like Puffy in his video on that breakdown (hahaha)\nTryin to dance around\nHow the fuck it feel lock in hand set now\nSever your style .. Divide and Parish\nPart ish...when my cart is bustin thru this\nWassup to Bizarre Kid\nTargets get hit and liftoff\nHere it is we bout to rip off\nLick shots...no time...we gettin dick snot\nEmzy\n\n[Eminem]\nSpeakin of lift off\nI'm blastin off...your ass is soft...so I'm startin to jack off\nCuz I'm so horny...and your lyrics are so corny\nThat they bore me and I woke up too late this morning\nOr too early...wait a minute there goes Shirley\nThe girly I fucked last year when her hair was curly\nCouldn't remember it cuz I was Infinite\nAnd I met Ken Kaniff in Connecticut\nHe said his predicates and pronouns and wanted to throw down\nAnd he said \u201cI like you\u201d...and then he walked up and said \u201cLet me snake bite you\u201d\nAnd I said hell no...kicked him with my shell toe\nGave him a elbow...Ayo Proof ...go\n\n[Proof]\nYo it's the D to the 1 - 2\nWhat you wanna get done to\nYour chest plate...eradicate\nGet your flesh ate...easily done..Here it is\nFreestyle...no need to write shit...cuz when we write shit\nY'all like to buy shit...that why street light up when we write stuff\nIt's time to be the champions at this...it's D-12\n1-2 True crew...Slim Shady and Big Proof\nKnockin over igloos in Alaska when we blast ya\nA massacre creator, one time for data\nDarker than Vader...go anybody hot as the Equator\nIt's time to get down one time for those that dont know us\nGirls wanna blow us like Monica....Lewinsky\nCome against me\n\n[Eminem]\nGo and see I'm an invincible MC\nIf you dont believe it then you wanna try to convince me\nThat you're doper than me...which we'll hope\nYou would hope to be....but hopefully I will rock globaly\nAnd nationwide...thats why my ass is wide\nThats why your ass just died on the passenger side\nLike a fuckin ride...when it got shot up by a drive-by\nWhen I drove by 5 times and gave it five tries\nAnd still missed it\nI got a fuckin' mental illness a gentle stillness\nViolence...complete silence is what I need in the room while I freestyle\nWhat I need is to do...what is need is smoke weed and brew\nAnd......smoke brew ? You don't smoke brew\nIf you do I'll choke you and then I guarantee I'll out smoke you\nYou're crew's a joke too and I can stick my dick in a bitch and poke you\n\n[Proof]\nStick it in there....rock with my cock on sky rock\nKnock ya eye out the sock...(sock)\nGet..(get) yeah we come to rock....(it)\nSo don't get in the way cuz we gon drop....(shit)\nNow how you feel right now we bust yo..op....(tic)....(tock)\nWe lunatics with mics and we dont stop we come to rock\nThe dirty dozen is non-stop\nTo the top from tree tops to ewoks that pop Reeboks\nAnd men with pre-ops\nYo now there is 3-Pac's\nMaster P....Thug Life and now it's 2pac\nGet back to that one...here goes the rhyme that you dropped\n\n[Eminem]\nThe rhyme that I dropped is stickin up IHOP\nIn high tops and walking around like a one-eyed Cyclops\nAnd you can't see me....I only got one eye and I can still see you\nYou can even give it a dumb try...If you're a dumb guy then come try this\nBut I rock the microphone with my flyness\nSo get off my jock..get of my cock..when I sky rock ...it in sky\nRock..shit...bitch\n\n[Proof]\nAyo...a lot of people always try to tell us...that we gonna be better or failures\nBut me or Slim yo you can't tell me\nYou try to freestyle son we gon' put these verses on your LP\nSlow down with that old stuff....I heard the most of y'all is Mos Def\n\n[Eminem]\nMy LP...my whole LP...tha last one was screaming help me\nYou couldn't melt me if you was Vanilla Ice...Yo guess what\nMy Nuuuuuuuuutz!!\nHere I go with the lyrical miracle...spiritual spirital...you dont wanna hear it though\nI rickety rock the microphone\nDon't do it dont do it cuz that shit is stupid...I knew it\nI take a beat and loop it...I take a beat and troop it\nWhat the fuck did that mean...I dont know but I got phat jeans on\nAnd I already said that but I dont know where my head's at\nAll I wanna do is go back to the hotel and know where my bed's at\n\n[Proof]\nYo wheres the beds at so we can relax and catch Ease\nY'all dont want none of tha dirty Deez\nFrom the 3-1 its for the three of thirds\nOne third MC yo we smoke y'all like herbs\nUnder the curb early morn take it to born\nY'all get broke up...put back together ...re-enactment\nSome times you see this...you just a faggot\nNo need to tag it...wit more loot that Jimmy Swagart\n\n[Eminem]\nFaggot....uh oh...was that homophobic...?\nBut no one knows it...and I'm so homophobic\nI won't even throw clothes in the closet\nFuck it...I've lost it....I'm holocausted...see my face it's written all\nAcrossed it\nThis beer makes me wanna disappear this year\nI'm so high I'm 'bout to die...and I'm so tired I'm 'bout to fry\nYou're so fired you're down\n\n[Proof]\nHey....it's me...it's the hamster man\nComing all the way from Amsterdam\nAnd I come to tell you all a little secret\nSo you can ........eat it ....you got to grab your crackers\n{mumbling}\n\n[Eminem]\nQuit spittin your writ shit bitch I'll kill you and kick you\nIn your motherfuckin' dick and your clit...you little pussy\nHermaphrodite with no appetite\nAnd you ain't rappin' right but you was taking rapid bites\nOf my dick when you was on it...my brain is haunted\nI walk up in a place in a T-shirt wit my stains on it\nBut I dont give a damn...give a fuck...give a shit...give a hell\nGive a piss give a dick give a lick\n\n[Proof]\nYea....live and direct it's us\nYou better back up\n\n[Eminem]\nYou better back up before I jack off\nBack off before I jack off\n\n[Proof]\nYou better back off before he jack off (laughing)\nYou better back off before I jack off\n\n[Eminem]\nColder than Jack Frost...smack you across your face\nWhile I'm still jackin off\nSittin' in the closet beatin' my shit\nAin't got nuttin' else to do cuz I'm thinkin' of a bitch\nWait a minute ...oh shit she's here\nLook who walked in the door....come in it's Britney Spears!!!!\n(Ken Kaniff)\nOh....come here little girl\nCome here little girl\n\n[Eminem]\nWhat happened? (I dunno)\nWe stopped rappin' (Oh it's clappin')\nGun clappin' ...and all I need is one napkin to wipe the cum off\nWhen I come off with the drum off\nWhatever the hell that meant...but I can still speak wit' a accent\nA French accent\nExcuse my French but\nSuck my dick touche le le poo...uhh....bitch\n\n[Proof]\nBonjour...I'm here with the cure...Oh yea lets rock it for the drawer\nHey Em...how you doin this is me...The Em jock...get off my\nDamn cock\n\n[Eminem]\nYo while you're spraying verbs...you ain't even fuckin' saying words\n(THuuuG) Pronounce your words right...and you can ride around curbs\nAnd bounce your herbs tight\nWhat the fuck ? (Yo somethin' is in the beat that keeps talkin')\nYo put another beat on before you get peed on\n\n[Proof]\nYo are we done or what? They want us to freestyle for 45 min\u2014\n\n[Eminem]\nHi...Hi.... My name is ...my name is...my name is\nSlim Shady...Slim Shady...Bitch you're little just like that Kim lady\nAnd I'm in sky rock radio...the shadiest bro on the radio\nBut you dont hear me though", "image": "https://images.genius.com/b379811c1415017b9f3e3a71b9d26060.400x400x1.jpg"}], "artist": "Eminem"}