{"songs": [{"title": "Light Speed (Freestyle)", "album": "The Marshall Mathers LP (Snippet Tape) ", "year": null, "lyrics": "I stay higher than racial tension, with a facial expression\nTensed up like I'm suffering from a case of nasal congestion\nEyes hazel, complexion beige, age still in question\nCritics hate my tape, kids can't wait for the next one\nAs long as there's rejects, my tape never ejects the deck\nThat's the level of respect each CD gets\nWhile ya'll graspin at straws like me snorting crushed Aspirin\nAnd gasping at air and collapsing in malls\nI'm just a realistic impression of artistic expression\nWhose tape was in the deck when kids shot up the delicatessen\nSo when I launch a verse full of controverse\nThat'll haunt you worse than Ma$e before he joined a church (P Diddy!)\nI'm sorry kids I dismissed this class\nI'm going back in the broom closet to sniff this gas\nUm, Mr. Mathers just missed the bathroom\nPissed his pants and the world still kissed his ass\nThis is my last album cause this is my last Valium\nJust pick my ass up when I pass out in the bathroom\nIf ya'll don't like the shit that you're hearing\nThen blow me til your lipstick is smearing\nAnd I can see my dick disappearing\n\nMay 23rd\nThat means we're taking over this year, you heard? (x2)\nYo, May 23rd", "image": "https://images.genius.com/7592b9ffb6253a995347b497d73ac378.590x373x1.png"}], "artist": "Eminem"}