{"songs": [{"title": "C'mon Everybody", "album": null, "year": "1998-01-01", "lyrics": "[Intro]\nGet down tonight\nGet down tonight\nGet down tonight\nGet down tonight\nWhat up? What up? What up? Get down tonight\nOutsidaz. Get down tonight\nOutsidaz. Get down tonight\n[?] Young D. Get down tonight\n[?]\n\n[Verse 1]\nMy favorite color is red, like the blood shed\nFrom Kurt Cobain's head when he shot himself dead\nWomen all grabbin' at my shish kabab\nBought Lauryn Hill's tape so her kids could starve\nYou thought I was ill and now I'm even more so\nShit, I got full-blown AIDS and a sore throat\nI got a wardrobe with an orange robe\nI'm in the fourth row, signin' autographs at your show\nI just remembered that I'm absent-minded\nNo, I mean I've lost my mind, I can't find it\nI'm freestylin' every verse that I spit\n\u2018Cause I don't even remember the words to my shit (one, two)\nI told the doc I need a change in sickness\nAnd gave a bitch herpes in exchange for syphilis\nPut my EP on your Christmas gift list\nYou want to get high? Here, bitch, just sniff this!\n\n[Hook]\nCome on everybody (Get down tonight)\nCome on everybody (Get down tonight)\nCome on everybody (Get down tonight)\nCome on everybody (Get down tonight)\nCome on everybody (Get down tonight)\nCome on everybody (Get down tonight)\nCome on everybody (Get down tonight)\nCome on everybody (Get down tonight)\n\n[Verse 2]\nI tried suicide once and I'll try it again\nThat's why I write songs where I die at the end\n\u2018Cause I don't give a fuck, like my middle finger was stuck\nAnd I was wavin' it at everybody, screamin' \"I suck!\"\nI go on stage in front of a sell-out crowd\nAnd yell out loud: \"All y'all get the hell out now!\"\nFuck rap, I'm givin' it up, y'all, I'm sorry\n\"But Eminem, this is your record release party!\"\nI'm bored out of my gourd, so I took a hammer\nAnd nailed my foot to the floorboard of my Ford\nGuess I'm just a sick, sick bastard\nWho's one sandwich short of a picnic basket\nOne Excedrin tablet short of a full medicine cabinet\nI feel like my head has been shredded like lettuce and cabbage (oh)\nAnd if you ever see a video for this shit\nI'll probably be dressed up like a mummy with my wrists slit\n\n[Hook]\nCome on everybody (Get down tonight)\nCome on everybody (Get down tonight)\nCome on everybody (Get down tonight)\nCome on everybody (Get down tonight)\nCome on everybody (Get down tonight)\nCome on everybody (Get down tonight)\nCome on everybody (Get down tonight)\nCome on everybody (Get down tonight)\n\n[Verse 3]\nGot bitches on my jock out in East Detroit\n\u2018Cause they think that I'm a motherfuckin' Beastie Boy\nSo I told 'em I was Mike D, they was like, \"Gee\nI don't know, he might be!\"\nI told 'em, \"Meet me at Kid Rock's next concert\nI'll be standin' by the Loch Ness Monster.\" (okay, bye)\nPeace out, then I jetted to the weed house, smoked out\n'Til I started bustin' freestyles, broke out\nThen I dipped quick back to the crib, put on lipstick\nCrushed up the Tylenol and ate it with a dipstick\nMade a couple of crank calls collect (bring)\nI want to make songs all the fellas dub\nAnd murder every rich rapper that I'm jealous of\nSo just remember when I bomb your set\nYo, I only cuss to make your mom upset\n\n[Hook]\nCome on everybody (Get down tonight)\nCome on everybody (Get down tonight)\nCome on everybody (Get down tonight)\nCome on everybody (Get down tonight)\nCome on everybody (Get down tonight)\nCome on everybody (Get down tonight)\nCome on everybody (Get down tonight)\nCome on everybody (Get down tonight)\nCome on everybody (Get down tonight)", "image": "https://images.genius.com/b379811c1415017b9f3e3a71b9d26060.400x400x1.jpg"}], "artist": "Eminem"}