{"songs": [{"title": "Bad Meets Evil Original", "album": null, "year": null, "lyrics": "[Produced by Dr. Seuss]\n\n[Eminem]\nArsonist, blocking a fire hose where the nozzle is\nGo to hospitals, steal the blood that tests positive\nTake it home, pour it in a cup and drink lots of it\nTrying on your mother's clothes, trying to get these bras to fit\nWhen she comes home, I'm waiting in the closet, with\nA\ufeff knife, hiding so quiet she'll probably hear the faucet drip\nAll my life I've been a foster kid\nSo if I die an early death suicide's gon' be the cause of it\n\n[Royce Da 5'9]\nWho hard? yo I done heard worse\nWe can get in two cars and accelerate at each other\nTo see which one'll swerve first\nTwo blind bandits panic, whose mental capacity holds\nThat of a globe on top of nine other planets\nKissed the cheek of the devil\nIntelligence level is hell-ier than treble peakin on speakers in the ghetto\nDismissal, I'm not a fair man, disgraced the race of a atheist\nIntercepting missles wit my bare hands like a patriot\nOne track sliced without swords, I buried the Christ corpse\nIn my past life when the Black Knight mounted the white horse\nThen one get at you, dash you in the back of a Chevrolet\nSpittin shit at you faster than your eardrum could ever play\n\n[Eminem]\nCuz this is what happens when Bad Meets Evil\nWe hit the trees till we look like Vietnamese people\nHe's Evil, and I'm Bad like Steve Seagal\nAbove the Law cuz I don't agree wit police either (shit, me neither)\n\n[Eminem]\nWe ain't eager to be legal\nSo please leave me wit the keys to your Jeep Eagle\nI breathe ether in three lethal amounts\nWhen I stab myself in the knee with a diseased needle\nReleasin rage on anybody in squeezing range\nCold enough to make the seasons change into freezing rain\n(He's insane) No I'm not, I just want to shoot up and I'm pissed off\nCuz I can't find a decent vein\n\n[Royce Da 5'9]\nThe disaster wit dreds\nI'm bad enough to commit suicide and survive long enough\nTo kill my soul after I'm dead\nWhen in danger it's funny actually my flavor's similar to a waiter\nCuz I serve any stranger wit money\nI spray a hundred, man until they joint chains\nWhile slippin bullets at point blank range like they was punches\nI got a lot of evil; I got knowledge peeking out of my cerebral now that I got people locked and rock evil\nWhile still on the beat, I hit you in your ribs so hard to think its just a touch to the floor, while your still on your feet\nI'm blazin MC's, at the same time amazin MC's Somehow MC's ain't that eye-brow raisin to me\nDestroying the track, un-employing the whack, exploring the facts while my man Eminem is withdrawing from crack\n\n[Girl voice crying]\nI just love him..\nI just love him..\n\n[Royce Da 5'9]\nWho hard? yo I done heard worse\nWe can get in two cars and accelerate at each other\nTo see which one'll swerve first\nTwo blind bandits panic, whose mental capacity holds\nThat of a globe on top of nine other planets\nKissed the cheek of the devil\nIntelligence level is hell-ier than treble peakin on speakers in the ghetto\nDismissal, I'm not a fair man, disgraced the race of a atheist\nIntercepting missles wit my bare hands like a patriot\nOne track sliced without swords, I buried the Christ corpse\nIn my past life when the Black Knight mounted the white horse\nThen one get at you, dash you in the back of a Chevrolet\nSpittin shit at you faster than your eardrum could ever play\n\n[Eminem]\nCuz this is what happens when Bad Meets Evil\nWe hit the trees till we look like Vietnamese people\nHe's Evil, and I'm Bad like Steve Seagal\nAbove the Law cuz I don't agree wit police either (shit, me neither)\n\n[Eminem]\nWe ain't eager to be legal\nSo please leave me wit the keys to your Jeep Eagle\nI breathe ether in three lethal amounts\nWhen I stab myself in the knee with a diseased needle\nReleasin rage on anybody in squeezing range\nCold enough to make the seasons change into freezing rain\n(He's insane) No I'm not, I just want to shoot up and I'm pissed off\nCuz I can't find a decent vain\n\n[Royce Da 5'9]\nThe disaster wit dreds\nI'm bad enough to commit suicide and survive long enough\nTo kill my soul after I'm dead\nWhen in danger it's funny actually my flavor's similar to a waiter\nCuz I serve any stranger wit money\nI spray a hundred, man until they joint chains\nWhile slippin bullets at point blank range like they was punches", "image": "https://images.genius.com/b379811c1415017b9f3e3a71b9d26060.400x400x1.jpg"}], "artist": "Eminem"}