{"songs": [{"title": "Curtains Up [2004]", "album": "Encore", "year": "2004-11-12", "lyrics": "*Crowd cheering*\n*Eminem humming to himself*\n*Checking mic*\n\nWe still on?\n*Machinery starting*\nYo, is the mic on?\nCheck, check, check, aight, it's good, let's go, come on\n\n*Machinery working*\n*Cheering intensifies*\n(Eminem, Eminem, Eminem!\nEminem, Eminem, Eminem!\nEminem, Eminem, Eminem!\nEminem, Eminem, Eminem!)", "image": "https://images.genius.com/919ae1469415f282320db93bbcbd620c.1000x1000x1.png"}], "artist": "Eminem"}