{"songs": [{"title": "8 Mile: Sweet Home Alabama Freestyle", "album": "8 Mile (Battles, Cyphers & Freestyles)", "year": "2002-09-08", "lyrics": "[Future (Mekhi Phifer)]\nWell, Jimmy moved in with his mother\n'Cause he ain't got no place to go\n\n[Rabbit (Eminem)]\nAnd now I'm right back in the gutter\nWith a garbage bag that's full of clothes\n\n[Future (Mekhi Phifer)]\nBuss it, buss it, 'cause\nYou live at home in a trailer\nWhat the hell you gonna do?\n\n[Rabbit (Eminem)]\n'Cause I live at home in a trailer\nMom, I'm comin' home to you\n\n[Future (Mekhi Phifer)]\nUh, break it down, uh\n\n[Rabbit (Eminem)]\nWell, my name is Jimmy, his name's Greg Buehl\nMe, him and you we went to the same school\nThis ain't cool, I'm in a rage\nHe's tappin' my mom we're almost the same age\nOn the microphone I drop bombs\nLook at this car, thanks a lot, mom\nHere, happy birthday, Rabbit\nHere's a brand new car, you can have it\nA nineteen-twenty-eight Delta\nThis shit won't even get me to The Shelter\nAnd I can't even say I'm from Motown\n'Cause I'm back in the eight-one-oh now\n\n'Cause I live at home in a trailer\nMom, I'm comin' home to you", "image": "https://images.genius.com/8b0796f6920cbb54e1b8f5f4622ed422.768x768x1.jpg"}], "artist": "Eminem"}