{"songs": [{"title": "Infinite", "album": "Infinite", "year": "1996-11-12", "lyrics": "[Produced by Mr. Porter & Jeff Bass]\n\n[Intro]\nAw, yeah (It's like this, like this)\nIt's Eminem, baby\nBack up in that motherfuckin' ass\n(Till forever, till forever)\nOne time for your motherfuckin' mind (For MC's, MC's)\nWe represent the 313\u2014you know what I\u2019m sayin'?\nYo, they don\u2019t know shit about this, for the '96\n\n[Verse 1]\nAyo, my pen and paper cause a chain reaction\nTo get your brain relaxin', the zany actin' maniac in action\nA brainiac in fact, son, you mainly lack attraction\nYou look insanely wack when just a fraction of my tracks run\nMy rhymin' skills got you climbin' hills\nI travel through your mind and to your spine like siren drills\nI'm slimin' grills of roaches, with spray that disinfects\nAnd twistin' necks of rappers 'til their spinal column disconnects\nPut this in decks and check the monologue\nTurn your system up, twist 'em up\nAnd indulge in the marijuana smog\nThis is the season for noise pollution contamination\nExamination of more car-tunes than animation\nMy lamination of nar-er-ration, hits a snare and bass\nOn a track for duck rapper interrogation\nWhen I declare invasion, there ain't no time to be starin' gazin'\nI turn the stage into a barren wasteland; I'm Infinite\n\n[Hook]\nYou heard of Hell, well, I was sent from it\nI went to it, servin' a sentence\nFor murderin' instruments\nNow I'm tryin' to repent from it\nBut when I hear the beat, I'm tempted\nTo make another attempt at it; I'm Infinite\n\n[Verse 2]\nBust it, I let the beat commence\nSo I can beat the sense in your elite defense\nI got some meat to mince\nA crew to stomp, and then two feet to rinse\nI greet the gents and ladies, I spoil loyal fans\nI foil plans and leave fluids leakin' like oil pans\nMy coiled hands around this microphone are lethal\nOne thought in my cerebral\nIs deeper than a jeep-full of people\nMC's are feeble, I came to cause some pandemonium\nBattle a band of phony MC's, and stand the lonely one\nImitator, intimidator, stimulator\nSimulator of data, eliminator\nThere's never been a greater since the burial of Jesus\nFuck around and catch all the venereal diseases\nMy thesis'll smash a stereo to pieces\nMy a cappella releases classic masterpieces\nThrough telekinesis, it eases you mentally\nGently, sentimentally, instrumentally\nWith entity, dementedly meant to be Infinite\n\n[Hook]\nYou heard of Hell, well, I was sent from it\nI went to it, servin' a sentence\nFor murderin' instruments\nNow I'm tryin' to repent from it\nBut when I hear the beat, I'm tempted\nTo make another attempt at it; I'm Infinite\n\n[Verse 3]\nMan, I got evidence, I'm never dense\nAnd I've been clever ever since my residence was hesitant\nTo do some shit that represents the MO\nSo I'm assumin' all responsibility\n\u2018Cause there's a monster real in me\nThat always wants to kill emcees\nMic nestler, slammin' like a wrestler\nHere to make a mess of a lyric-smugglin' embezzler\nNo one is specialer, my skill is intergalactical\nI get cynical, act a fool\nThen I send a crew back to school\nI never packed a tool or acted cool, it wasn't practical\nI'd rather let a tactical, tactful track tickle your fancy\nIn fact, I can't see, or can't imagine\nA man who ain't a lover of beats or a fan of scratchin'\nSo this is for my family, the kid who had a cameo\nOn my last jam, plus the man who never had a plan B\nBe all you can be, \u2018cause once you make an instant hit\nI'm tensed a bit, and tempted\nWhen I see the sins my friends commit; I'm Infinite\n\n[Hook]\nYou heard of Hell, well, I was sent from it\nI went to it, servin' a sentence\nFor murderin' instruments\nNow I'm tryin' to repent from it\nBut when I hear the beat, I'm tempted\nTo make another attempt at it; I'm Infinite\nYou heard of Hell, well, I was sent from it\nI went to it, servin' a sentence\nFor murderin' instruments\nNow I'm tryin' to repent from it\nBut when I hear the beat, I'm tempted\nTo make another attempt at it; I'm Infinite\n\n[Outro]\n'95, '96 ('96)\nAnd on and on and on (and on and on)", "image": "https://images.genius.com/796d0881ff1f81b747f2cc1f9df0f077.1000x1000x1.jpg"}], "artist": "Eminem"}