{"songs": [{"title": "'97 Blazer", "album": null, "year": null, "lyrics": "Weed lacer\n'97 burgundy Blazer\nWanted for burglary\nHad to ditch the Mercury Tracer\nI'm on some Loc shit\nSome fed up wit the 'being broke' shit\nI'm not to joke with\nBitch, I don't sell crack\nI smoke it\nHaving a coke fit and going through withdrawals daily\nShoot up with mescaline in front of my baby daughter Hailey\nMy brains dusted\nI'm disgusted at all my habits\nToo many aspirin tablets\nEmpty medicine cabinets\nLosing battles to wack rappers because I'm always too blunted\nWalking up in the cypher smoking\nTalking about, \"Who want it\"\nThug and a crook\nEvery drug in the book\nI've done it\nMy 9's at your brain\nIs that your chain\nRun it\nCrews die from an overdosage of excessive flavour\nAggressive nature's got me sticking you for your progressive pager\nSpectacular\nBattle rap manufacturer\nStole your mama's Acura\nWrecked it and sold it back to her\nCruise in Nike jackets\nEscaped from psychiatrics\nTold the nurse to save my bed for me\n\"I might be back quick\"\nSo barricade your entrance\nPut up some extra fences\nA woman beater\nWanted for repeated sex offences\nChasing dips\nTake them on long vacation trips\nKidnapping them and trapping them in abusive relationships\nMess up your face and lips\nSlit your stomach and watch your gut split\nGot you with that razor that I use to shave my nuts with\nMama don't you cry\nYour son's too far gone\nI'm so high\nI don't even know what label I'm on\nI'm messed up\nI feel just like an overworked plumber\nI'm sick of the crap\nWhat's Jack Kevorkian's phone number", "image": "https://images.genius.com/b379811c1415017b9f3e3a71b9d26060.400x400x1.jpg"}], "artist": "Eminem"}