{"songs": [{"title": "The People's Champ (Intro)", "album": null, "year": "2011-12-18", "lyrics": "I told the world one day I would pay it back\nSay it on tape, and lay it, record it so that one day I could play it back\n\nThey ask me am I okay, they ask me if I'm happy\nAre they asking me that because of the shit that's been thrown at me\n\nThis is a beat with no words at first, it\u2019s a blank painting\nExercising the mind, it\u2019s brain strength training\n\nMy motto is live by the bottle\nSo why is my supply low? Bring in a truckload with a high-low\n\nMy name is Chauncey Billups, I'm kind of like a raunchy Phillips\nScrewdriver, my crew's live when you can't sleep and you're still up\n\nI came in this game with, bad intentions\nAnd I ain't budged, not even an inch since then\n\nLava on my lips I flips, wake up think I have a cramp\nI'm trying to shove the lava lamp up my father's ass\n\nGot my self esteem back, got my confidence up\nI'm gonna step up on this stage now, I'm gonna strut\n\nShady man, I done told you once homie to easy up\nBut you just won\u2019t listen will ya? Nah, I guess not", "image": "https://images.genius.com/b379811c1415017b9f3e3a71b9d26060.400x400x1.jpg"}], "artist": "Eminem"}