{"songs": [{"title": "Verse 1", "album": "The Slim Shady LP (Snippet Tape)", "year": "1999-01-01", "lyrics": "[Intro]\nUh, uh, uh, uh, alright, alright\nUh, Slim Shady, yo, yo, yo\n\n[Verse 1]\nIt's only fair to warn I was born with a set of horns\nAnd metaphors attached to my damn umbilical cord\nWarlord of rap that'll bash you with a 2 by 4 board\nAnd smash into your Honda Accord with a 4-door Ford\nBut I'm more toward droppin' an acapella\nTo chop a fella to mozzarella worse than a helicopter propeller\nGot you locked in a cellar, with your skeleton showing\nDevelopin' anorexia, while I'm standin' next to ya\nEating a full course meal watching you starve to death\nWith an IV in your vein feeding you liquid Darvocet\nPumping you full of drugs, pull the plugs on the gunshot victims full of bullet slugs\nWho were picked up in an ambulance and driven\nTo receiving with the asses ripped out of they pants\nAnd given a less than 20-percent chance of livin'\nHave a possible placement as a hospital patient\nStoring the dead bodies in grandma's little basement\nDoctor Kevorkian has arrived to perform an autopsy on you while you scream \"I'm still alive!\"\nDriving a rusty scalpel in through the top of your scalp\nAnd pulling your Adam's apple out through your mouth\nBetter call the fire department\nI've hired a arson to set fire to carpet\nAnd burn up your entire apartment\nI'm a liar to start shit\nGot your bitch wrapped around my dick so tight you need a crowbar to pry her apart with\n\n[Outro]\nMotherfucker! Slim Shady, bitch!\nRecognize, for the '99! Album February 23rd!\n\n(dialing tone)", "image": "https://images.genius.com/0b1c9568017c50ed4a1b0e810ff2a60c.480x360x1.png"}], "artist": "Eminem"}