{"songs": [{"title": "313", "album": "Infinite", "year": "1996-11-12", "lyrics": "[Hook: Eye-Kyu]\nNow, what you know about a sweet MC from the 313?\nNone of these skills you 'bout to see come free\nSo you wanna be a sweet MC, you gotta become me\nIf you ever wanna be one, see\n\n[Hook: Eminem]\nMan, what you know about a sweet MC from the 313?\nNone of these skills you 'bout to see come free\nSo you wanna be a sweet MC, you better become me\nIf you ever wanna be one, see\n\n[Verse 1: Eye-Kyu]\nYo, some people say I'm whack, now if that's right I'm\nThe freshest whack MC that you ever heard in your lifetime\nMy slick acapella sounds clever with the beats, boy\nI'm the deepest thing since potholes to ever hit the streets\nForget a gold digger's succubus\nMy soul's thick with ruggedness\nWith the mic I'm like a dyke: can't no nigga fuck with this\nI got more different strokes than Philip Drummound\nOn open mic I bone your woman\nJust to keep my lyrics comin' (bitch)\nWe elevated to new heights, premeditated\nLet it be that I stated, they hate it\nNow that they see that I made it\nThe escalated can be put to the test of greatness\nSnatch the heart from MC's and I ate it\nSo I take it, that's the reason I'm hated\nTo represent's my temperament\nIf rap was a dick, all you so called hard MC's would not be impotent, but pimpin' it\nAnd actin' like you could rock a show\nHarder than LL's rock the bells, and you's a hoe\nEverything that you collaborate I lacerate\nMy rhymes they keep comin'\nLike nymphomaniacs that masturbate\nAt a faster rate, yeah, I got somethin' for your ass to hate\nI blast your hate, and have you all runnin' past the gates\nAnd as for face clutchin' and touchin' the flows\nI got them open like marijuana smoke up in your nose\nBuckin' these hoes, I got that shit down to a science\nLeavin' them hot and bothered, turned on, like an appliance\nDefiance? No, we won't have that\nYou want your shit to blow up?\nWell, I'ma stuff some dynamite in your ass crack\nAnd blast that shit to kingdom come\nThen bring them some of this real hip-hop\nI drop beats and you ain't singin' or gonna do a thing but run\nAnd you all knew from Meeko\nThat you couldn't hold your own\nWith the strength of Lou Ferrigno\nSo, stop that bullshit flow, yo\nYou need to come with the real skills and act like you know\n\n[Hook: Eminem]\nNow, what you know about a sweet MC from the 313?\nNone of these skills you 'bout to see come free\nSo you wanna be a sweet MC, you better become me\nIf you ever wanna be one, see\n\n[Hook: Eye-Kyu]\nNow, what you know about a sweet MC from the 313?\nNone of these skills you 'bout to see come free\nSo you wanna be a sweet MC, you gotta become me\nIf you ever wanna be one, see\n\n[Verse 2: Eminem]\nSo what you know about a sweet MC in the 313?\nYou don't know shit, so when you see one, flee\nYou can be Run-D, you'll never be the MC\nI stopped the alphabet at S and got it down to a T\nI'm sure you're bound to agree, a sweet MC crash the spot\nI'll make the roof hot like I was Rock Master Scott\nYour ass forgot, so just in case you don't remember me\nI'll run your brain round the block to jog your fuckin' memory\nIt's either them or me, man, kill or be killed\nYour will'll be sealed, your casket closed, you still'll be billed\nMy facilities filled with fans, packed to capacity\nI'll send a rapper back with the crack of his ass shitty\nIf he's actin' soft and he cowers, he better come cleaner\nThan Jeru jackin' off when he showers\nYou flowers got no clout with a thing\nYou could date a stick of dynamite\nAnd wouldn't go out with a bang\nI shout with a slang, simple as ABC's\nSkip over the D's and rock the microphone with ease\nDethrone MC's, and I'ma max alone\nRelax your dome, like a solo from a saxophone\nSo facts are known, biters get treated with shots\nI rock a beat harder than you could beat it with rocks\nI'm greeted with flocks of fellow followers' singers\nYou couldn't make the fans throw up their hands\nIf they swallowed their fingers\nBut you can bring yours, let's see what you got\nBut don't front, and never try to be what you're not\n'Cause you can be quick\nJump the candlestick, burn your back\nAnd fuck Jill on a hill, but you still ain't jack\n\n[Hook: Eye-Kyu]\nNow, what you know about a sweet MC from the 313?\nNone of these skills that you just seen come free\nSo you wanna be a sweet MC, you never become me\nSo you ain't never gonna be one, see\n\n[Hook: Eminem]\nNow, what you know about a sweet MC from the 313?\nNone of these skills you 'bout to see come free\nSo you wanna be a sweet MC, you never become me\nIf you ever wanna be one, see", "image": "https://images.genius.com/eda31ba0169a98076608e99c8f5f8ef7.590x590x1.jpg"}], "artist": "Eminem"}