{"songs": [{"title": "Fight Music Remix", "album": null, "year": null, "lyrics": "[Eminem hook]\nThis kind of music, use it, and you get amped to do shit\nWhenever you hear some shit and you can't refuse it\nIt's just some shit for these kids to trash they rooms with\nJust refuse whenever they asked to do shit\nThe type of shit that you don't have to ask who produced it\nYou just know that's the new shit\nThe type of shit that causes mass-confusion\nAnd drastic movement of people acting stupid\n\n[Eminem Verse 1]\nYou 'bout to witness hip-hop in it's most purest, most rawest form, flow almost flawless, most\nHardest, most honest known artist, chip off the old block, but ol' Doc is, {back}, looks like\nBatman brought his own Robin, oh God, Sadam's got his own Laden, with his own private plane, his\nOwn pilot, set to blow college dorm rooms doors off the hinges, oranges, peach, pears, plums\nSyringes, {vnn vnn}, yeah here I come, i'm inches, away from you, dear fear none, hip-hop is in\nA state of 911, so\n\n[eminem hook]\nThis kind of music, use it, and you get amped to do shit\nWhenever you hear some shit and you can't refuse it\nIt's just some shit for these kids to trash they rooms with\nJust refuse whenever they asked to do shit\nThe type of shit that you don't have to ask who produced it\nYou just know that's the new shit\nThe type of shit that causes mass-confusion\nAnd drastic movement of people acting stupid\n\n[obie trice verse 2]\nNiggas, I'm still grinding, (yeah...)\nI'm still hearing those sirens\nI'm still getting chased by those lights\nOnly the light's mine and my mic's on\nAnd my time is none because I'm writing more\nAnd I ain't here to meet a soul in this buisness\nI'm here to eat, speak, until these hoes feel this, (for sure...)\nAnd I can't let y'all derail me man\nI got young Kobe, homie, you gotta let go of Obie\nCause Obie be back, (ain't goin' nowhere man...)\nWe got them craps going on\nAnd that yak going on\nSoon as a nigga touch down back from tourin'\nIt's whateva, put that on the chedda man\nBut in the meantime, it's Jimmy Ivene time\nChase cheese, rhyme till my voice give out\nThis is it my nigga, this what we boast about\nNow I'm here so shut your motherfuckin mouth\n\n[eminem hook]\nThis kind of music, use it, and you get amped to do shit\nWhenever you hear some shit and you can't refuse it\nIt's just some shit for these kids to trash they rooms with\nJust refuse whenever they asked to do shit\nThe type of shit that you don't have to ask who produced it\nYou just know that's the new shit\nThe type of shit that causes mass-confusion\nAnd drastic movement of people acting stupid\n\n[eminem verse 3]\nThere's a certain mystique when I speak\nThat you notice that it's sorta unique\nCause you know it's me, my poetry's deep\nAnd I'm still matic the way I flow to this beat\nYou can't sit still, it's like tryin to smoke crack\nAnd go to sleep, I'm strapped\nJust knowing any minute I could snap\nI'm the equivalent of what would happen if Bush rapped\nI bully these rappers so bad lyrically\nIt ain't even funny, I ain't even hungry\nIt ain't even money, you can't pay me enough\nFor you to play me, it's cockamamie\nYou just ain't zany enough to rock with Shady\nMy noodle is cockadoodle, my clocks cuckoo\nI got screws loose, yeahhh, the whole kitten-kaboodle\nI'm just brutal. It's no rumor, I'm numero uno, assume it\nThere's no humor in it no more, you know\nI'm rollin with a swollen bowling ball in my bag\nYou need a fag to come and tear a new hole in my ass\n\n[eminem hook]\nThis kind of music, use it, and you get amped to do shit\nWhenever you hear some shit and you can't refuse it\nIt's just some shit for these kids to trash they rooms with\nJust refuse whenever they asked to do shit\nThe type of shit that you don't have to ask who produced it\nYou just know that's the new shit\nThe type of shit that causes mass-confusion\nAnd drastic movement of people acting stupid", "image": "https://images.genius.com/b379811c1415017b9f3e3a71b9d26060.400x400x1.jpg"}], "artist": "Eminem"}