{"songs": [{"title": "Venom", "album": null, "year": "2018-10-05", "lyrics": "I got a song filled with shit for the strong willed\nWhen the world gives you a raw deal\nSet you off 'til you\nScream, \"piss off, screw you\"\nWhen it talks to you like you don\u2019t belong\nOr tells you you're in the wrong field\nWhen something's in your mitochondrial\n\u2019Cause it latched on to you, like\nKnock knock, let the devil in, malevolent\nAs I've ever been, head is spinnin', this medicine\nScreaming, \"L-l-l-let us in\"\nL-l-lick like a salad bowl, Edgar Allen Poe\nBedridden, shoulda been dead a long time ago\nLiquid Tylenol, gelatins, think my skeleton's meltin'\nWicked, I get all high when I think I've smelled the scent\nOf elephant manure\nHell, I meant Kahl\u00faa, screw it, to hell with it\nI went through hell with accelerants and blew up\nMy-my-myself again, Volkswagen, tailspin\nBucket matches my pale skin, mayo and\nWent from Hellmann's and being rail thin, Filet-o-Fish\nScribble Jam, Rap Olympics '97 Freaknik\nHow can I be down? Me and Bizarre in Florida\nProof\u2019s room slept on floor of \u2019da motel then\nDr. Dre said, \"Hell yeah\"\nAnd I got his stamp like a postcard, word to Mel-Man\nAnd I know they're gonna hate but I don\u2019t care, I\nBarely can wait to hit 'em with the snare and the bass\nSquare in the face, this fuckin' world better prepare to get laced\nBecause they're gonna taste my\nVenom\n(I got that) Adrenaline momentum (venom)\nNot knowing when I\u2019m\nEver gonna slow up and I'm\nReady to snap any moment-um\nThinkin' it's time to go get 'em\nThey ain't gonna know what hit 'em\n(When they get bit with the)\nVenom\n(I got that) Adrenaline momentum (venom)\nNot knowing when I'm\nEver gonna slow up and I'm\nReady to snap any moment-um\nThinking it's time to go get 'em\nThey ain't gonna know what hit 'em\n(When they get bit with the)\nI said knock knock, let the devil in\nShotgun p-p-pellets in the felt pen\nCocked, fuck around and catch a hot one\nI-i-it's evident I'm not done\nV-venomous, the thoughts spun like a web and you just caught in 'em\nHeld against your will like a hubcap or a mud flap\nBe strangled or attacked\nSo this ain't gonna feel like a love tap\nEat painkiller pills, fuck up the track\nLike, what's her name at the wheel?\nDanica Patrick\nThrew the car into reverse at the Indy, end up crashin'\nInto ya, look back and it's just mangled steel\nMy Mustang and the Jeep Wrangler grill\nWith the front smashed, much as my rear fender, assassin\nSlim be the combination of an actual kamikaze and Gandhi\nTranslation, I will probably kill us both when I end up\nBack in India\nYou ain't gonna be able to tell what the fuck's happened\nEnd of ya, when you're bit with the\nVenom\n(I got that) Adrenaline momentum (venom)\nAnd I'm not knowin' when I'm\nEver gonna slow up and I'm\nReady to snap any moment I'm\nThinkin' it's time to go get 'em\nThey ain't gonna know what hit 'em\n(W-W-When they get bit with the)\nVenom\n(I got that) Adrenaline momentum (venom)\nAnd I'm not knowin' when I'm\nEver gonna slow up and I'm\nReady to snap any moment I'm\nThinking it's time to go get 'em\nThey ain't gonna know what hit 'em\n(W-W-When they get bit with the)\nI said knock knock, let the devil in, alien\nE-E-Elliot phone home, ain't no telling when this chokehold\nOn this game will end, I'm loco\nBecame a Symbiote, so\nMy fangs are in your throat, hoe\nYou're snake-bitten with my\nVenom\nWith the ballpoint pen I'm\nGun cocked, bump stock, double-aught, buckshot\nTire thumper, a garrote\nTie a couple knots, fired up and caught fire\nJuggernaut\nPunk rock, bitch, it's goin' down like Yung Joc\n'Cause the Doc put me on like sunblock\nWhy the fuck not?\nYou only get one shot\nAte shit 'til I can't taste it\nChased it with straight liquor\nThen paint thinner, then drank 'til I faint\nAnd awake with a headache and I take anything in\nRectangular shape, then I wait\nTo face the demons I'm bonded to\n'Cause they're chasin' me but I'm part of you\nSo escapin' me is impossible\nI latch onto you like a\nParasite, and I probably ruined your parents' life\nAnd your childhood too\n'Cause if I'm the music that y'all grew up on\nI'm responsible for you retarded fools\nI'm the supervillain dad and mom was losin' their marbles to\nYou marvel that? Eddie Brock is you\nAnd I'm the suit, so call me\nVenom\n(I got that) Adrenaline momentum (venom)\nNot knowing when I'm\nEver gonna slow up and I'm\nReady to snap any moment I'm\nThinking it's time to go get 'em\nThey ain't gonna know what hit 'em\n(W-W-When they get bit with the)\nVenom\n(I got that) Adrenaline momentum (venom)\nAnd I'm not knowin' when I'm\nEver gonna slow up and I'm\nReady to snap any moment I'm\nThinkin' it's time to go get 'em\nThey ain't gonna know what hit 'em\n(W-W-When they get bit with the)", "image": "https://images.genius.com/b379811c1415017b9f3e3a71b9d26060.400x400x1.jpg"}], "artist": "Eminem"}