{"songs": [{"title": "Harsh Truth", "album": null, "year": "2018-11-02", "lyrics": "Yeah! (one)\nAs we proceed to give you what you need\n(One, two...)\nIt's all fucked up now\nWhat the fuck y\u2019all gonna do now?\n\nBack with Andre the Giant, Mr. Elephant Tusk\nFix your musk, you'll be just another one bit the dust\nJust one of my mother's sons who got thrown under the bus\nKiss my butt, lick fromunda cheese from under my nuts\nIt disgusts me to see the game the way that it looks\nIt\u2019s a must, I redeem my name and haters get mushed\nBitches lust, man, they love me when I lay in the cut\nFisticuffs, the lady give her eighty-some paper cuts\nNow picture us; it's ridiculous, you curse at the thought\n'Cause when I spit the verse the shit gets worse than Worcestershire sauce\nIf I could fit the words, it's picture perfect, works every time\nEvery verse, every line, as simple as nursery rhymes\nIt's elementary, the elephants have entered the room\nI venture to say we're the center of attention, it's true\nNot to mention back with a vengeance, so hence the signal\nOf the bat symbol, the platinum trio's back on you hoes\n\nSometimes I feel like it\u2019s so hard for me\nTo come up with shit to say, ayy\nI\u2019m at a loss for words, 'cause y\u2019all already said it all\nI think I'm runnin' outta clich\u00e9s\nI'm gettin\u2019 writers block\n'Cause sometimes I feel like it's so hard for me\nTo come up with shit to say, ayy\nI'm at a loss for words, 'cause y'all already said it all\nI think I'm runnin' outta clich\u00e9s\nI'm gettin' writers block\n(Sometimes, sometimes, sometimes)\n\nI put a kick in the backbones of clones with microphones\nNever satisfy my rhyme jones\nSpraying bright day over what you might say\nMy blood type's Krylon, technicolor type A\nOn highways, bright with road rage\nPages of wind in cages of tin that bounce all around\n(Surround sound) Devouring the scene\nSubliminal gangrene paintings, overall the same thing\nSing-song karaoke copy bullsh**\nBreak bones verbally with sticks-and-stone tactics\nFourth dimension combat convention\nWrite rhymes at ease while the track stands at attention\nMeant to put you away, with a pencil pistol official\nSixteen-line, the rhyme missile\nWhile you risk your all, I pick out all your flaws\nSpittin' rah blah blah blah, you can say you some-\n\nSometimes I feel like it's so hard for me\nTo come up with shit to say, ayy\nI'm at a loss for words, 'cause y'all already said it all\nI think I'm runnin' outta clich\u00e9s\nI'm gettin' writers block\n'Cause sometimes I feel like it's so hard for me\nTo come up with shit to say, ayy\nI'm at a loss for words, 'cause y'all already said it all\nI think I'm runnin' outta clich\u00e9s\nI'm gettin' writers block\n(Sometimes, sometimes, sometimes)\n\nMy mind state, raise the crime rate\nBreak a whole brick down for old times sake\nPush an avalanche, the alpine shake\nThe coupes, vanilla beam\nDeceased as pound cake\nIn my condo bitches with tatties on\nWalls full of mirrors, heaven for it at it long\nMy life the fast lane, getting my Andretti on\nBlow it all, you can't take it when you dead and gone\nYou can't hide it, I smell the fear\nI can't either, you smell a millionaire\nAll crack money, now rap money\nPoor platinum niggas, fuckin' rap dummies\nI rap mummies, that's kilograms\nMy brother's keeper like Nino's man\nThat's G money, ghetto D money\n1996, Master P money, gone\n\nSometimes I feel like it's so hard for me\nTo come up with shit to say, ayy\nI'm at a loss for words, 'cause y'all already said it all\nI think I'm runnin' outta clich\u00e9s\nI'm gettin' writers block\n'Cause sometimes I feel like it's so hard for me\nTo come up with shit to say, ayy\nI'm at a loss for words, 'cause y'all already said it all\nI think I'm runnin' outta clich\u00e9s\nI'm gettin' writers block\n(Sometimes, sometimes, sometimes)", "image": "https://images.genius.com/b379811c1415017b9f3e3a71b9d26060.400x400x1.jpg"}], "artist": "Eminem"}