{"songs": [{"title": "Eminem Freestyle", "album": null, "year": null, "lyrics": "Artist: Tony Touch f/ Eminem\n\n[Eminem]\nIf I'm elected for ten terms\nI'm renewing the staff after the inagural\nAnd hiring all girls as interns\nIf I don't like you, I'll snatch you outta your mic booth\nWhile you're rappin and pull your right through the window and fight you\nI'll take you straight to the pavement\nUppercut you, and scrape your face wit a bracelet\nLike a razor that shaved it\nThree drinks and I'm ready to flash\nRunnin on stage in a G-string, wit a bee sting on my ass (Look!)\nIt's probably all cuz I ain't awkward at all\nI just like to walk through the mall, stop, and talk to the wall\nAnd have a relapse after I just fought through withdrawal\n(Hop in the car little girl, I just bought you a doll)\nThe Bad and Evil movement is comin\nPlus the music is pumpin like a pill freak wit a tube in his stomach\nI write a rhyme a day\nSo it's no wonder how come your whole album\nIs soundin like a bunch of shit that I would say\nWhether it's one verse or one letter\nI'll probably be the cleverest one that never gets spun ever\nIt's Slim Shady and Tony Touch, it's only us\nThe rest of y'all are just stuck in the middle wit Monie Love", "image": "https://images.genius.com/b379811c1415017b9f3e3a71b9d26060.400x400x1.jpg"}], "artist": "Eminem"}