{"songs": [{"title": "Space Bound", "album": "Recovery", "year": "2011-06-18", "lyrics": "[Verse 1: Eminem]\nWe touch, I feel a rush; we clutch, it isn't much\nBut it's enough to make me wonder what's in store for us\nIt's lust, it's torturous, you must be a sorceress\n'Cause you just did the impossible: gained my trust\nDon't play games, it'll be dangerous\nIf you fuck me over, \u2018cause if I get burnt, I'ma show ya\nWhat it's like to hurt, \u2018cause I been treated like dirt before ya\nAnd love is evil \u2014 spell it backwards, I'll show ya\nNobody knows me, I'm cold, walk down this road all alone\nIt's no one's fault but my own, it's the path I've chosen to go\nFrozen as snow, I show no emotion whatsoever so\nDon't ask me why I have no love for these muh'fuckin' hoes\nBloodsuckin' succubuses, what the fuck is up with this?\nI've tried in this department, but I ain't had no luck with this\nIt sucks, but it's exactly what I thought it would be like\nTryin' to start over, I got a hole in my heart\nBut some kind of emotional roller coaster\nIs something I won't go on\nSo you toy with my emotions, so it's over\nIt's like an explosion every time I hold ya\nWasn't joking when I told ya\nYou take my breath away, you're a supernova, and I'm a\u2014\n\n[Chorus: Steve McEwan]\nI'm a space-bound rocket ship and your heart's the Moon\nAnd I'm aimin' right at you, right at you\n250,000 miles on a clear night in June\nAnd I'm aimin' right at you\nRight at you, right at you\n\n[Verse 2: Eminem]\nI'll do whatever it takes, when I'm with you, I get the shakes\nMy body aches when I ain't with you, I have zero strength\nThere's no limit on how far I would go, no boundaries, no lengths\nWhy do we say that until we get that person that we think's\nGonna be that one? And then once we get 'em, it's never the same\nYou want 'em when they don't want you\nSoon as they do, feelings change\nIt's not a contest and I ain't on no conquest for no mate\nI wasn't lookin' when I stumbled on to you, musta been fate\nBut so much is at stake, what the fuck does it take?\nLet's cut to the chase 'fore the door shuts in your face\nPromise me if I cave in and break and leave myself open\nThat I won't be makin' a mistake, \u2018cause I'm a\u2014\n\n[Chorus: Steve McEwan]\nI'm a space-bound rocket ship and your heart's the Moon\nAnd I'm aimin' right at you, right at you\n250,000 miles on a clear night in June\nAnd I'm aimin' right at you\nRight at you, right at you\n\n[Verse 3: Eminem]\nSo, after a year and six months, it's no longer me that you want\nBut I love you so much it hurts, never mistreated you once\nI poured my heart out to you, let down my guard, swear to God\nI blow my brains in your lap, lay here and die in your arms\nDrop to my knees and I'm pleadin', I'm tryna stop you from leavin'\nYou won't even listen, so fuck it, I'm tryna stop you from breathin'\nI put both hands on your throat, I sit on top of you squeezin'\n'Til I snap your neck like a Popsicle stick, ain't no possible reason\nI can think of to let you walk up out this house and let you live\nTears stream down both of my cheeks\nNow I let you go and just give\nAnd 'fore I put that gun to my temple, I told you this\n\n[Bridge: Eminem]\nAnd I would've done anything for you\nTo show you how much I adored you\nBut it's over now, it's too late to save our love\nJust promise me you'll think of me\nEvery time you look up in the sky and see a star, \u2018cause I'm a\u2014\n\n[Chorus: Steve McEwan]\nI'm a space-bound rocket ship and your heart's the Moon\nAnd I'm aimin' right at you, right at you\n250,000 miles on a clear night in June\nAnd I'm so lost without you\nWithout you, without you", "image": "https://images.genius.com/ab1340cb260059194d9b6e04cb96707a.1000x1000x1.png"}], "artist": "Eminem"}