{"songs": [{"title": "Westwood", "album": null, "year": null, "lyrics": "[Mr. Porter]\nWelcome to the ill world of Mr. P yo\nHey keep the talk B\nI'm tryna see dough\nIf it ain't about bread then what we gon\n\n\n[Intro]\nI'm like a white Michael, Vick\nPsycho enough to stick Michael J Fox in a microwave with a rock\n\n[Verse 1]\nI might like a little Alize with a side of NyQuil and ride a motorcycle bike right through the side of my high school\n\nSatan's disciple with a sniper rifle and a knife in a white diaper liable the shit on you while I snipe you\n\nSo dope begits of opiates, what an appropriate way to start off his day, he may just smart off to Dre\n\nHe may be hard to contain cause his rages so hard to gauge. See Hannibal ate his face and made Jason gnaw off his leg\n\nAmazing hard-on for razors and blades and anything sharp, even poisonous darts it all plays a major part of his game\n\nHoly water won't ward him off, crucifixes won't do the trick he's so sick it's ridiculous saw the crazy part off his brain and he's still insane, why is there blood stains on his carpet mane?\nIt's some crazy shit going on in Shady's apartment again\n\n[Verse 2]\nNews flash I'm still trash, them pills should have killed my ass but they didn't they just made me stronger\nIt's like they rebuilt my ass, like the six-million dollar man after the crash, it's Aftermath, bitch in my milk glass it's still half empty\nYeah tempt me, hell isn't enough they need to invent somewhere new to send me. As sick as I'm getting they'll stick me in a conventional oven with the rotisserie setting and won't even notice me sweating-\nShit, I done laid a verse, said some foul shit tried to go back fix it fucked around and just made it worse\nYeah I'm back, lookin' no worse for wear, got these faggots mad enough to rip out their hair and start punching the air\nPanties so in a bunch that they can't function, it's Shady and Royce yeah, fuck what a dysfunctional pair\nSo stop acting like a punk get a pair, take a pill and fall the fuck out spill your lunch in the chair\n\n[Verse 3]\nI'll do a hundred yard dash\nJust to slash Kim Kardash\nIn the ass with a shard of glass from nick hogans car crash\nYou'll end up like the passenger of that, don't be a smartass\nYeah laugh when you sit there thinkin that the hard part passed\nYou haven't seen pain till leatherface flips mane I'll cut your fucking balls off homie my saws off the chain, I chop the bitch in half with it, sawed off her legs and the top half of her torso fucking crawled off insane\nI ain't seen shit like that since I went to mike jacks took the Elephant Man's Skull, fucked it and put it right back, handed my dick to Bubbles while he sucked it and licked my nut sack, can't even reach around while I fucked him right in his butt crack\n\n[Outro]\nNah, I ain't takin it back faggot fuck that, I give a fuck about nothin so here's where you fucked up at, don't go touching that can man you don't wanna open up that wait ahh Alchemist, cut that", "image": "https://images.genius.com/b379811c1415017b9f3e3a71b9d26060.400x400x1.jpg"}], "artist": "Eminem"}