{"songs": [{"title": "Eminem Music Videos", "album": null, "year": null, "lyrics": "1998\"Just Don't Give a Fuck\"\n1999\"My Name Is\"\n\"Guilty Conscience\" (feat. Dr. Dre)\n\"Role Model\"\n2000\"The Real Slim Shady\"\n\"The Way I Am\"\n\"Stan\" (feat. Dido)\n2002\"Without Me\"\n\"Cleanin' Out My Closet\"\n\"Lose Yourself\"\n2003\"Superman\"\n\"Sing for the Moment\"\n2004\"Mosh\"\n\"Just Lose It\"\n\"Like Toy Soldiers\"\n2005\"Mockingbird\"\n\"Ass Like That\"\n\"When I'm Gone\"\n2006\"Shake That\" (feat. Nate Dogg)\n\"You Don't Know\" (feat. 50 Cent, Cashis & Lloyd Banks)\n2009\"We Made You\"\n\"3 a.m.\"\n\"Beautiful\"\n2010\"Not Afraid\"\n\"Love the Way You Lie\" (feat. Rihanna)\n\"No Love\" (feat. Lil Wayne)\n2011\"Space Bound\"\n2013\"Berzerk\"\n\"Survival\"\n\"Rap God\"\n\"The Monster\" (feat. Rihanna)\n2014\"Headlights\" (feat. Nate Ruess)\n\"Guts Over Fear\" (feat. Sia)", "image": "https://images.genius.com/b379811c1415017b9f3e3a71b9d26060.400x400x1.jpg"}], "artist": "Eminem"}