{"songs": [{"title": "Weed Lacer", "album": null, "year": null, "lyrics": "[Verse 1: Eminem]\nYo, weed lacer, 97 burgundy Blazer\nWanted for burglary, had to ditch the Mercury Tracer\nI\u2019m on some loced shit, some fed up with the bein\u2019 broke shit\nI\u2019m not to joke with, bitch I don\u2019t sell crack, I smoke it\nHavin' a coke fit, goin' through withdrawals daily\nShoot up with mescaline in front of my baby daughter Hailie\nMy brain\u2019s dusted, I\u2019m disgusted at all my habits\nToo many aspirin tablets, empty medicine cabinets\nLosin' battles to wack rappers cause I\u2019m always too blunted\nWalkin\u2019 up in the cypher smokin\u2019, talkin\u2019 about \u201cWho want it?\u201d\nThug and a crook; every drug in the book I\u2019ve done it\nMy 9\u2019s at your brain, is that you chain? run it\nCrews die from an overdosage of excessive flavor\nAggressive nature got me stickin\u2019 you for your Progressive pager\nSpectacular, battle rap manufacturer\nStole your momma\u2019s Acura, wrecked it, and sold it back to her\nBoostin\u2019 Nike jackets, escaped from psychiatrics\nTold the nurse to save my bed for me, I might be back trick\nSo barricade your entrance, put up some extra fences\nA woman beater, wanted for repeated sex offenses\nChasin\u2019 dips \u2013 take \u2018em on long vacation trips\nKidnappin\u2019 \u2018em and trappin\u2019 \u2018em in abusive relationships\nMess up your face and lips, slit your stomach and watch your gut split\nGut you with that razor that I use to shave my nuts with\nMama, don\u2019t you cry, your son is too far gone\nI\u2019m so high, I don\u2019t even know what label I\u2019m on\nI\u2019m messed up, I feel just like an overworked plumber\nI\u2019m sick of the crap, what\u2019s Jack Kevorkian\u2019s phone number?", "image": "https://images.genius.com/b379811c1415017b9f3e3a71b9d26060.400x400x1.jpg"}], "artist": "Eminem"}