{"songs": [{"title": "No Love", "album": "Recovery", "year": "2010-10-05", "lyrics": "[Intro: Haddaway, Eminem, & Lil Wayne]\nLove, love\nLove, love, love\n[Mumbling chorus]\nDon't hurt me\nDon't hurt me no more\nYoung Money, yeah\nNo more\nLove\n\n[Verse 1: Lil Wayne & Haddaway]\nThrow dirt on me and grow a wildflower\nBut it's \"Fuck the world,\" get a child out her\nYeah, my life a bitch, but you know nothing 'bout her\nBeen to hell and back, I can show you vouchers (no love)\nI'm rollin' Sweets, I'm smokin' sour\nMarried to the game, but she broke her vows\nThat's why my bars are full of broken bottles\nAnd my nightstands are full of open Bibles\nUh, I think about more than I forget\nBut I don't go around fire expectin' not to sweat\nAnd these niggas know I lay 'em down, make your bed\nBitches try to kick me while I'm down, I'll break your leg\nMoney outweighin' problems on a triple beam\nI'm stickin' to the script, you niggas skippin' scenes\nUh, be good or be good at it\nFuckin' right, I got my gun, semi-Cartermatic\nYeah, put a dick in they mouth, so I guess it's fuck what they say\nI'm high as a bitch, up, up and away\nMan, I'll come down in a couple of days\nOkay, you want me up in the cage?\nThen I'll come out in beast mode\nI got this world stuck in the safe, combination is the G code\nIt's Weezy, motherfucker, Blood gang, and I'm in bleed mode\nAll about my dough, but I don't even check the peephole\nSo you can keep knockin', but won't knock me down\nNo love lost, no love found\n\n[Chorus: Eminem, Lil Wayne, Both, & (Haddaway)]\nIt's a little too late to say that you're sorry now (yeah)\nYou kicked me when I was down\nBut what you say just don't (hurt me)\nThat's right, it don't (hurt me)\nAnd I don't need you (no more)\nDon't wanna see you (no more)\nHa, bitch, you get no (love)\nYou showed me nothing but hate (haha!)\nYou ran me into the ground\nBut what comes around goes around (yeah)\nAnd I don't need you (don't hurt me)\nThat's right, you don't (hurt me)\nAnd I don't need you (no more)\nDon't wanna see you\nHa, bitch, you get (no love)\nNo! (No love) No! (No love) No! (No love)\nHa, bitch, you get (no love)\nNo! (No love) No! (No love)\nAnd I don't need you (no more)\nGet 'em!\n\n[Verse 2: Eminem, Lil Wayne, & Both]\nI'm alive again, more alive than I have been\nIn my whole entire life, I can (yeah)\nSee these people's ears perk up as I begin to spaz with the pen\nUh, I'm a little bit sicker than most\nShit's finna get thick again, they say the competition is stiff\nBut I get a hard dick from this shit and I stick it in\nI ain't never giving in again (yeah)\nCaution to the wind, complete freedom\nLook at these rappers, how I treat 'em\nSo why the fuck would I join 'em when I beat 'em? (yeah!)\nThey call me a freak, 'cause I like to\nSpit on these pussies 'fore I eat 'em (haha)\nMan, get these whack cocksuckers off stage!\nWhere the fuck is Kanye when you need him? (oh!)\nSnatch the mic from 'em, bitch, I'ma let you finish in a minute\nYeah, that rap was tight, but I'm (yeah!)\n'Bout to spit the greatest verse of all time\nSo you might want to go back to the lab tonight and, um (yeah!)\nScribble out them rhymes you were gonna spit\nAnd start over from scratch and write new ones\nBut I'm afraid that it ain't gonna make no difference\nWhen I rip this stage and tear it in half tonight\nIt's an adrenaline rush to feel the bass thump\nFrom the place all the way to the parking lot, fellow\nSet fire to the mic and ignite the crowd (yeah)\nYou can see the sparks from hot metal (yeah)\nCold-hearted, from the day I Bogarted\nThe game, my soul started to rot, fellow (yeah)\nWhen I'm not even in my harshest\nYou can still get roasted, \u2018cause Marsh is not mellow\n'Til I'm topplin' from the top, I'm not gonna stop\nI'm standin' on my Monopoly board (uh)\nThat means I'm on top of my game\nAnd it don't stop 'til my hip don't hop anymore (shit)\nWhen you're so good that you can't say it\n\u2018Cause it ain't even cool for you to sound cocky anymore (shit)\nPeople just get sick \u2018cause you spit\nThese fools can't drool or dribble a drop anymore (ow!)\nAnd you can never break my stride (nope)\nYou'll never slow the momentum at any moment\nI'm 'bout to blow, you'll never take my pride\nKillin' the flow, slow venom\nAnd the opponent is gettin' no mercy, mark my words\nAin't lettin' up, relentless, I smell blood\nI don't give a fuck, keep givin' them hell\nWhere was you when I fell and needed help up?\nYou get no love\n\n[Chorus: Eminem, Lil Wayne, Both, & (Haddaway)]\nIt's a little too late to say that you're sorry now (uh)\nYou kicked me when I was down\nBut what you say just don't (hurt me)\nYeah, that's right, it don't (hurt me)\nAnd I don't need you (no more)\nDon't wanna see you (no more)\nHa, bitch, you get no (love)\nYou showed me nothing but hate (yeah!)\nYou ran me into the ground\nBut what comes around goes around\nAnd I don't need you (don't hurt me)\nThat's right, you don't (hurt me)\nAnd I don't need you (no more)\nDon't wanna see you\nHa, bitch, you get (no love)\nNo! (No love) No! (No love) No! (No love)\nHa, bitch, you get (no love)\nNo! (No love) No! (No love)\nAnd I don't need you (no more)\nHa, bitch, you get (no love)", "image": "https://images.genius.com/0f0ae47f814074e0aa3e5523bcef8e9b.1000x1000x1.png"}], "artist": "Eminem"}