{"songs": [{"title": "Superman (Cry Me A River Remix)", "album": null, "year": "2003-01-27", "lyrics": "[Intro]\n\"SLIM!\"\nHI MY NAME IS...\n...Bitch you make me hurl\n\n[Verse 1]\nThey call me superman, leap tall hoes in a single bound\nI'm single now, got no ring on this finger now\nI'd never let another chick bring me down, in a relationship\nSave it bitch, babysit, you make me sick\nSuperman ain't savin' shit, girl you can jump on Shady's dick\nStraight from the hip, cut to the chase, I tell a muthafuckin' slut, to her face\nPlay no games, say no names, ever since I broke up with what's her face\nI'm a different man, kiss my ass, kiss my lips, bitch why ask\nKiss my dick, get my cash, I'd rather have you whip my ass\nDon't put out, I'll put you out, won't get out, I'll push you out\nPuss blew out, poppin' shit, wouldn't piss on fire to put you out\nAm I too nice, buy you ice, bitch if you died, I wouldn't buy you life\nWhat you tryin' to be my new wife, what you Mariah, fly through twice...\n\n[Pre-Chorus]\nBut I do know one thing though, bitches, they come they go\nSaturday through Sunday, Monday, Monday through Sunday yo'\nMaybe I'll love you one day, maybe we'll someday grow\nTill then just sit your drunk ass on that fuckin' runway ho'...\n\n[Chorus A]\nCause I can't be your Superman (Cry me a River)\nCan't be your Superman\nCan't be your Superman (Cry me a River-er)\nCan't be your Superman\nI can't be your Superman\nCan't be your Superman (Cry me a River)\nCan't be your Superman\nYour Superman, your Superman... (Cry me a River-er, yeah, yeah)\n\n[Verse 2]\nDon't get me wrong, I love these ho's\nIt's no secret, everybody knows\nYeah we fucked, bitch so what, that's about as far as your buddy goes\nWe'll be friends, I'll call you again, I'll chase you around every bar you attend\nNever know what kind of car I'll be in, we'll see how much you'll be partying then\nYou don't want that, neither do I, I don't want to flip when I see you with guys\nToo much pride, between you and I\nNot a jealous man, but females lie\nBut I guess that's just what sluts do, how could it ever be just us two\nI'd never love you enough to trust you, we just met and I just fucked you...\n\n[Pre-Chorus]\nBut I do know one thing though, bitches, they come they go\nSaturday through Sunday, Monday, Monday through Sunday yo'\nMaybe I'll love you one day, maybe we'll someday grow\nTill then just sit your drunk ass on that fuckin' runway ho'...\n\n[Chorus B]\nCause, I know you want me baby, I think I want you too (Cry me a River, Cry me a River-er)\n\"I think I love you baby\", I think I love you too (Cry me a River)\nI'm here to save you girl, come be in Shady's world (Cry me a River-er)\nI want to grow together, let's let our love unfurl\nYou know you want me baby, you know I want you too (Cry me a River)\nThey call me superman, I'm here to rescue you (Cry me a River-er)\nI want to save you girl, come be in Shady's world (Cry me a River)\n\"Ooooh boy you drive me crazy\", bitch you make me hurl... (Cry me a River-er, yeah, yeah)\n\n[Verse 3]\nFirst thing you say, \"I'm not fazed, I hang around big stars all day\nI don't see what the big deal is anyways\nYou're just plain old Marshall to me\"\nOoh ya' girl run that game\n\"Hallie Jade, I love that name, love that tattoo, what's that say?\"\n\"Rot in pieces, uh, that's great.\"\nFirst off you don't know Marshall, at all so don't grow partial\nThat's ammo for my arsenal, I'll slap you off that barstool\nThere goes another lawsuit, leave handprints all across you\nGood Lordy whoadie, you must be gone off that water bottle\nYou want what you can't have, ooh girl that's too damn bad\nDon't touch what you can't grab, end up with two backhands\nPut anthrax on a tampax, and slap you till you can't stand\nGirl you just blew your chance, don't mean to ruin your plans...\n\n[Pre-Chorus]\nBut I do know one thing though, bitches, they come they go\nSaturday through Sunday, Monday, Monday through Sunday yo'\nMaybe I'll love you one day, maybe we'll someday grow\nTill then just sit your drunk ass on that fuckin' runway ho'...\n\n[Chorus B]\nCause, I know you want me baby, I think I want you too (Cry me a River, Cry me a River-er)\n\"I think I love you baby\", I think I love you too (Cry me a River)\nI'm here to save you girl, come be in Shady's world (Cry me a River-er)\nI want to grow together, let's let our love unfurl\nYou know you want me baby, you know I want you too(Cry me a River)\nThey call me superman, I'm here to rescue you (Cry me a River-er)\nI want to save you girl, come be in Shady's world (Cry me a River)\n\"Ooooh boy you drive me crazy\", bitch you make me hurl... (Cry me a River-er, yeah, yeah)\n\n[Chorus A]\nCause I can't be your Superman (Cry me a River)\nCan't be your Superman\nCan't be your Superman (Cry me a River-er)\nCan't be your Superman\nI can't be your Superman\nCan't be your Superman (Cry me a River)\nCan't be your Superman\nYour Superman, your Superman... (Cry me a River-er, yeah, yeah)\n\n[Outro]\nCry me a river, oh (Cry me, cry me)\nCry me a river, oh (Cry me, cry me)\nCry me a river, oh (Cry me, cry me)\nCry me a river, oh (Cry me, cry me)\nCry me a river, oh (Cry me, cry me)\nCry me a river, oh (Cry me, cry me)\nCry me a river, oh (Cry me, cry me)\nCry me a river (Cry me, cry me)\n\n(Cry me, cry me)", "image": "https://images.genius.com/b379811c1415017b9f3e3a71b9d26060.400x400x1.jpg"}], "artist": "Eminem"}