{"songs": [{"title": "Letter to Tupac's Mother", "album": null, "year": null, "lyrics": "Dear Afeni\n\nSorry if it looks a little sloppy, I could've done a little better if I had the right pencils. Instead, I had to draw it in pen. Plus, I just kind of thought of the idea a little too late. But I've been drawing since I was 10, and I thought you might like it. Anyways, thank you for always being so kind to me. You are a true Queen, and I mean that in every sense of the word. I will never forget the opportunities you have given me. You will always be in my heart, my thoughts, and my prayers. As I have said before, you have no idea how much your son and his music has inspired, not only the \"Hip Hop\" world, but, speaking for myself, has inspired my whole career. He was, and still is, the true definition of a \"Soldier.\" When I was feeling at my worst; (before fame, before Dre) I knew I could put that \"2Pac\" tape in, and suddenly, things weren't so bad. He gave me the courage to stand up and say \"F**k the world!\" \"This is who I am! And if you don't like it, go f**k yourself!\" Thank you for giving us his spirit, and yours! God Bless you!\n\nLove\n\nMarshall", "image": "https://images.genius.com/b379811c1415017b9f3e3a71b9d26060.400x400x1.jpg"}], "artist": "Eminem"}