{"songs": [{"title": "Invasion (The Realest)", "album": "Shady Times: Invasion, Pt. 1", "year": null, "lyrics": "\"So let's get down to business\nI don't got no time to play around, what is this?\"\n{*scratching*} What is this? What is this?\n\n[Intro]\nThe Invasion! (Invasion yeah)\nGreen Lantern! The infiltration, we comin'! (yeah)\n\n[Bridge: Eminem]\nI got 50 Cent, I got G-Unit\nD-Tweezy in this bitch, with Obie Trice!\nSo watch what you say, 'fore you call our name\nCause you say one more thing and it won't be nice!\n\n[Verse: Eminem]\nWhoa, here we go, I shoulda' known\nI was bound to get pulled into some bullshit\nSooner or later you little haters\nAre too jealous of us to love us\nYou hate it G-Unit made it and Obie's coming\nD-Tweezy's coming you're sick to your stomach\n50 percent of it's 50 cent\nThe other 50 percent of it's who's color of skin it is\nBut if you even considerin' taking our label down\nYou better find our building and fly a fucking plane into it\nBut I ain't trying to get too intricate into it\nI'm just trying to you give you a little hint for your own benefit\nCause then it's gonna get to the point\nWhere it escalates into some other shit\nThen I'm a flip, then I'm a get to\n\"Stomping in my Air Force Ones\"\nBut you won't be able to tell if it's two pairs or it's one\nIt's just gonna feel like so many feet kicking you\nYou'd think Nike just made these into cleats in this shoe\nI don't know what it is or what it could be\nBut I get a woody when these pussies try to push me\nThinking they gonna put me in a position to pickle me\nY'all tickle me pink, I think I'd just rather have P!nk tickle me\nHickory dickory dock, tickety tock tickety\nA little bit of the diggedy doc diggedy\nMixed with a little bit of the Jigga-J-Jigga\nWit a small pinch of Biggie\nLook at me, I'm just the bomb diggedy\n\n[Hook: Eminem]\nWe the realest label\nDon't try to act like you don't feel our label\nCause we gon' fuck around and kill your label\nObie, D-Tweezy, G-Unit, 50, Shady records, we the label fa' sho!\nWe the realest label\nDon\u2019t try to act like you don\u2019t feel our label\nCause we gon' fuck around and steal your paper\nObie, D-Tweezy, G-Unit, 50, we gon' kill your fuckin' label fa' sho!\n\n[Post-Hook: Eminem]\nShady in the place to be see\nAnd I got what it takes to +Roc The Mic+ right!\nStill watch what you say to me punk\nCause I'm off probation in less than six months {*gun cocked*}\n\n[Outro]\nHaha, Shady Records\nStill Aftermath, and don't think we don't\nHear you motherfuckers talkin'!\nCause we do. We see y'all\nBut we just gon' sit back for a minute\nWhile I see what the FUCK y'all do", "image": "https://images.genius.com/54c32c8e16bf9e92656a64e41b67f157.1000x1000x1.jpg"}], "artist": "Eminem"}