{"songs": [{"title": "Radio Freestyle 2", "album": "Infinite", "year": null, "lyrics": "[Intro]\nYo, yo\n(Huh, huh, huh, huh)\nAight, aight (huh)\nSlim Shady\nYo, yo, yo\n\n[Verse]\nIt's only fair to warn, I was born with a set of horns\nAnd metaphors attached to my damn umbilical cord\nWarlord of rap that'll bash you with a 2 by 4 board\nAnd smash into your Honda Accord with a 4 door Ford\nBut I'm more towards droppin' an a cappella that'll chop a fella\nTo mozzarella, worse than a helicopter propeller\nGot you locked in the cellar with your skeleton showin'\nDevelopin' anorexia while I'm standin' next to ya\nEatin' a full course meal watchin' you starve to death\nWith an IV in your veins feedin' you liquid darvocet\nPumpin' you full of drugs, pull the plugs\nOn the gunshot victims full of bullet slugs\nWho were picked up in an ambulance and driven\nTo receivin' with the asses ripped out of they pants and given\nA less than 20 percent chance of livin'\nHave a possible placement, it's a hospital patient\nStorin' the dead bodies in grandma's little basement\nDoctor Kevorkian has arrived\nTo perform an autopsy on you while you scream, \"I'm still alive!\"\nDrivin' a rusty scalpel in through the top of your scalp\nAnd pullin' your Adam's apple out through your mouth\nBetter call the fire department, I've hired an arson\nTo set fire to carpets and burn up your entire apartment\nI'm a liar to start shit\nGot your bitch wrapped around my dick\nSo tight, you need a crowbar to pry her apart with\n\n[Outro]\nMotherfucker\nSlim Shady, bitch\nRecognize\nFor the 99\nI'm on February 23rd", "image": "https://images.genius.com/eda31ba0169a98076608e99c8f5f8ef7.590x590x1.jpg"}], "artist": "Eminem"}