{"songs": [{"title": "Fuck You", "album": null, "year": null, "lyrics": "[Intro: Noreaga]\nYea, yea, we back again, we doin' our shit, yo\nWord up, I wanna hear some fly shit\nYou know what I'm sayin', some get high shit\nWord up, I wanna hear some white boy shit, man\nYo, I wanna hear some Eminem, man\nTalkin' about all that shit he be doin'\n\n[Hook: Slim Shady]\nYou ain't into fuckin' drugs, fuck you\nYou don't do ecstasy, fuck you\nYou don't pop mushrooms, fuck you\nIf you don't wanna tab of acid, fuck you\n\n[Verse 1: Slim Shady]\nI'm nauseous in this place, I need some office space\nThe boss is late, I wanna slap the mustache right off his face\nI'm ready to go postal, I'm so close\nI can almost feel his throat with no pulse when I choke him\nIn ten seconds I'mma turn into Hulk Hogan\nWith a cigarette in his mouth\nHe tells me there's no smokin'\nI'm sick of this shit, it's ridiculous\nAll I picture is kickin' his ass\nWhen he's taking his ashes and flickin' 'em\nI'm sick of these stamps\nI'm sick of lickin' 'em, sick of stickin' 'em\nI'm sick of lookin' at 'em, I'm sick of 'em\n\"Alright, Mr. Mathers, pick 'em up!\"\nNo you pick 'em up! Bitch, stick 'em up\nGet against the wall, senior citizens and all\nI can't take this shit no more, everybody hit the floor\nGet the door, close it and lock it\nPut your wallets back in your pocket, I don't want dollars\nAin't none of us walkin' out of this office\n\n[Hook: Slim Shady]\nFaggot, fuck you, work at the post office, fuck you\nTalkin' shit to me, tellin' me to take out\nThe goddamn garbage, fuck you\nIf you're a fuckin' dick, fuck you\nIf you're a white rapper, fuck you\nTalk shit about Stretch? You're cool\nBut if you don't talk shit about Stretch, fuck you\nIf you're a fuckin' punk, fuck you\nTalk shit about me, fuck you\nYou wanna battle me, fuck you\nI ain't got to say shit to you but fuck you", "image": "https://images.genius.com/b379811c1415017b9f3e3a71b9d26060.400x400x1.jpg"}], "artist": "Eminem"}