{"songs": [{"title": "Freestyle Power 92.3", "album": null, "year": "2002-01-01", "lyrics": "[Verse: Eminem]\nCome in spittin', with not writtin', non-fiction\nRappers try to step to this, with no prediction\nIt doesn't matter cause I'm smashin' and bashin' and crashin'\nI hate rappers with a passion when I'm chilling with DJ Fashion\nYo, I need a frickin' kleenex, so I die like River Phoenix\nWhen I'm chillin with Phoneix, with two Coronas\nI'm on the microphone and I'm a own this\nYo, and I'm a bone this in Arizona\nYo, rappers that ain't able\nThat can't stay stable, I'm on two turn tables\nWith my man, but he doesn't matter cause he kicks lyrics galore\nAnd he's only five foot four\nYo check it out I bust rhymes and get, groovy\nMy man got carded at a rated R movie\nBut it really didn't matter, he wasn't insulted\nHe said I'm 27 years old, yo, I'm an adult, kid\nBut, yo still, Slim Shady gets ill with the skill\nAnd I'm a always bill and kill, my baby's mama\nJust to piss the world off, just to piss the girls off\nYo I earl off\nThe top of the building, kill women and children\nAnd then it hit me\nSuddenly my wrists tried to slit me\nCouldn't believe it, yo, ya'll can't conceive it\nIt's Slim Shady, I'll fuck a girl in her cleavage\nBleep that out, and you can keep it, just bleep it\nYo, y'all keep it a secret\nI'm top secret, like pop secret\nRappers they don't wanna see\nSlim Shady, I'm from the motherfucking, D\nHa-ha-ha-ha-ha-ha-ha-haha-ha-ha\nHa-ha-ha-ha-ha-ha-ha-haha-ha-ha\nYo, yo Slim Shady", "image": "https://images.genius.com/b379811c1415017b9f3e3a71b9d26060.400x400x1.jpg"}], "artist": "Eminem"}