{"songs": [{"title": "I'm Having a Relapse", "album": null, "year": "2008-10-16", "lyrics": "[Narrator]\nTorture chambers, secret passageways, vats of acid, and deadly vaults\n\n[Intro]\nI said, ohh\nDamn, it feels good to be back\nI'm having a Relapse\n\n[Eminem]\nHow the hell did he manage to get more felony charges?\nHe's already got life in jail man, what the hell is his problem?\nWell to be honest, the smell of these chronic leaves make me hella demonic\nThey've compelled me to kill this elderly man\nAnd I get these panic attacks, pop a Xanax, relax\nTrying to stick my fucking dick inside a mannequin's ass\nThen I get manic depressed, see the orthodontist, get gassed\nMan, it's kick ass, the first thing I put on is the mask\nSpeaking of masks, man, it ain't too late to have a change of pace\nAnd take it off and show my face, so you can see the things you face\nAnd slice you up and cook you after you're murdered by strangulation\nThat's bacon souffle you making, ain't you? Well, thank you, Jason\nThere goes one more coma, due to blunt force trauma\nJust give me one more Soma and I'll be done for mama\nGo in the damn broom closet, another Valium, lost it\nShoving the vacuum nozzle, down the bathroom faucet\nIt seems like everyday I get a little flakier\nThe medication is making my hands a little shakier\nHand me that eighteen-month-old baby to shake him up\nIt'll only take me a second to choke his trachea\nBreaking his neck in eighty-some places baby, here Shady comes, lady\nHe's got the razor b-blades and the ch-ch-chainsa-saw, baby\nYou b-b-blundering, bumbling, m-m-mumbling dum-dums\nYeah, here I come-come, you hear the rumbling vrumm-vrumm?\nThere's something inside of that blue tub and that drum, drum\nA head and torso of someone, where'd it come from?\nWho's it belong to? Maybe the girl with the long, blonde\nHair who disappeared and left her cheerleader pom-poms\nClearly there's somethin' wrong, cause she didn't come home\nShe's missing, where is she? Something fishy is going on\nI guess he stuck the bitch with the pitchfork with the long prongs\nNow everybody get your dance on to my damn song, come on", "image": "https://images.genius.com/b379811c1415017b9f3e3a71b9d26060.400x400x1.jpg"}], "artist": "Eminem"}