{"songs": [{"title": "I Live At Home In A Trailer Freestyle", "album": null, "year": null, "lyrics": "[Future]\nWell Jimmy moved in with his mother\nCuz he ain't got no place to go\n\n[Jimmy]\nAnd now I'm right back in the gutter\nWith a garbage bag that's full of clothes\n\n[Future]\nCuz you live at home in a trailer\nWhat the hell you gonna do?\n\n[Jimmy]\nCuz I live at home in a trailer\nMom I'm coming home to you\n\nWell my names Jimmy, and his name's Greg Buel\nAnd me him and you went to the same school\nThis ain't cool, I'm in a rage\nHe tapping my mom, we're almost the same age!\nOn the microphone I drop bombs\nLook at this car, thanks a lot mom!\n\"Here happy birthday Rabbit\nHere's a brand new car, you can have it\"\nA 1928 delta, this shit won't even get me to the shelter!\nAnd I can't even say I'm from Motown\nCause I'm back in the 8-1-0 now\n\nCuz I live at home in a trailer\nMom I'm coming home to you", "image": "https://images.genius.com/b379811c1415017b9f3e3a71b9d26060.400x400x1.jpg"}], "artist": "Eminem"}