{"songs": [{"title": "Drop It Like It's Hot Freestyle", "album": null, "year": null, "lyrics": "What I wanna do, let me see right here, yo\n\nNot many people that I label\nWould be able to display table\nManners but my plan this\nTo make this beat rock like scanners\nAnd make the fans just go bananas\nYo, get our Planters\nThat means our nuts for the sluts who don't understand this\nYo, my clan is\nYeah right, and y'all gon' stand there\nAnd act like you don't understand it\nLike my name is Janet, my titty fell out and I ain't plan it\nCheck, check this out\nAnd if you're rockin' with your necklace out\nThat's my breakfast now\nI'mma snatch it, yo my style is rechid, you can't fetch it\nNo you can't stretch it\nAnd yo, it doesn't really matter\nCause your name I can't even pronunciate\nYou're the sa-same type-a mo'fucker\nTo go and suckerpunch Dre at the Vibe Awards\nBut he right behind the boards the next day\nSo, kiss an ass\nOr kiss a dick, lick a dick\nEat my ass\nWhatever you wan' do, it's on you\nBig Proof comin' through..", "image": "https://images.genius.com/b379811c1415017b9f3e3a71b9d26060.400x400x1.jpg"}], "artist": "Eminem"}