{"songs": [{"title": "No Apologies", "album": "King Mathers", "year": "2006-12-06", "lyrics": "[Verse 1]\nIn my mind I'm a fighter, my heart's a lighter\nMy soul is the fluid, my flow sparks it right up\nAn arsenic writer, author with arth-r-itis\nCarpal-tunnel, Marshall with start-shit-itis\nHard-headed and hot-headed\nBull-headed and pig-headed, dick-headed, a prick\nA big headache, I'm sick, quick-witted for every lyric spitted\nThere are six critics who wait for me to slip with it\nSo quick, this dynamite stick, bury the wick\nIt's gonna explode any minute\nSome lunatic lit it, and it's not Nelly\nDo not tell me to stop yelling\nWhen I stop selling I'll quit, so stop dwelling!\nI am not failing, you fuckers are not ready\n\u2018Cause I got jelly, like Beyonc\u00e9's pot belly\nThis is destiny; yes, money, I'm off running\nSo get off of me, I'm not slowing or softening\n\n[Hook]\nNo apologies! Nah, suckers, I'm not sorry\nYou can all sue me, y'all could be the cause of me\nNo apologies! Y'all feeling the force of me\nNo remorse for me, like there was no recourse for me\nNo apologies! Not even acknowledging you at all\n'Til I get a call that God's coming\nNo apologies! Laugh, fuckers, it's all funny\nI can spit in your face while you're standing across from me\nNo apologies!\n\n[Verse 2]\nMy head hits the pillow, a weeping willow\nI can't sleep, a pain so deep it bellows\nBut these cellos help just to keep me mellow\nHands on my head, touch knees to elbows\nI'm hunched over, emotion just flows over\nThese cold shoulders are both frozen, you don't know me\nI keep saying it, I can't stress it enough\nSo keep playing it, and stand next to the subs\nI choke mics like asphyxiation\nWhen I'm strangling my own throat masturbatin'\nFuck yeah, I'm a basket case and\nI master this rap shit 'til my ass gets wasted\n'Til my assassination\n'Til I'm slain because of some fag's infatuation\n.44 mag's fascination\nA taste for disaster, and if that's the case, then\u2014\n\n[Hook]\nNo apologies! Nah, suckers, I'm not sorry\nYou can all sue me, y'all could be the cause of me\nNo apologies! Y'all feeling the force of me\nNo remorse for me, like there was no recourse for me\nNo apologies! Not even acknowledging you at all\n'Til I get a call that God's coming\nNo apologies! Laugh, fuckers, it's all funny\nI can spit in your face while you're standing across from me\nNo apologies!\n\n[Verse 3]\nThis song isn't for you, it's for me\nA true MC, it's what he'll do just to see\nIf he still has it and if his skills mastered\nHe's able to spill raps long after he's killed, that's a\nReal MC, got you feelin' me\nWhether willing or unwillingly, you still agree\nAs long as there's still this hunger and will in me\nThen expect a longer life expectancy\nI'd be a savage beast If I ain't had this\nOutlet to salvage me inside\nI'd be exploding, soaked in self-loathing\nAnd mourning, so I'm warning you don't coax me\nIt's silly, I\u2019m really a sheep in wolf's clothing\nWho only reacts when he gets pushed, don't be\nFooled, the press blows up this whole thing\nIt's stupid, they don't know, \u2018cause they don't see\nThat I'm wounded, all they did was ballooned it\nI'm sick of talkin' about these tattoos Cartoon did\nThat's why I tuned it out, I'm sick of dukin'\nThey can suck my dick while I'm pukin'\nAnd you too, you can\u2014\n\n[Outro]\nExpect no sympathy from me\nI'm an MC, this is how I'm supposed to be\nCold as a G, my heart's frozen\nIt don't even beat, so expect no apologies\nExpect no sympathy from me\nI'm an MC, this is how I'm supposed to be\nCold as a G, my heart's frozen\nIt don't even beat, so expect no apologies", "image": "https://images.genius.com/86576cfe4dc7027bc0fed03da7e37e9a.900x900x1.jpg"}], "artist": "Eminem"}