{"songs": [{"title": "Broken Rubber", "album": null, "year": null, "lyrics": "Broke the rubber\nBusted a nut up in your mother\nSo how you feel about having another little brother\nNasty motherfucker\nTalking like a trucker\nSnatch your bitch up out of your track\nI Smack her up and fuck her\nAlways talk shit high\nSmoking chocolate Thai\nSo y'all can die\nJust by walking by giving an awkward eye\nI've lost my motherfreaking marbles\nSmelling like a brewery\nJewelling at the way your jewellery sparkles\nHead full of charcoals\nSmoked out brain particles\nBurning holes in clothes articles\nA retarded fool since I started school\nBurned the weed before I learned to read\nDisregarded rules\nSkip the classes to blaze the blunt ashes\nKissing front dashes and smashing up cars like stunt crashes\nHall passes for restrooms\nChewing mushrooms\nDoing rush fumes in the lunch room\nLooking nervous\nLiquor in my thermos\nHung with hermits who carry guns without permits\nStaring at the bitch with firm tits\nJacking off\nAiming straight for both lips when my sperm spits", "image": "https://images.genius.com/b379811c1415017b9f3e3a71b9d26060.400x400x1.jpg"}], "artist": "Eminem"}