{"songs": [{"title": "It's Only Fair to Warn [Freestyle]", "album": "Shady Classics Mixtape", "year": "2010-01-01", "lyrics": "It's only fair to warn\nI was born with a set of horns\nAnd metaphors attached to my dang umbilical cord\nWarlord of rap that'll bash you with a 2 by 4 board\nAnd smash into your Honda Accord with a four door Ford\nBut I'm more toward droppin' an acapella\nTo chop a fella to Mozzarella worse than a helicopter propeller\nGot you locked in a cellar\nWith your skeleton showing\nDeveloping anorexia while I'm standing next to ya\nEating a full course meal watching you starve to death\nWith an IV in your vein feeding you liquid Darvocet\nPumping you full of drugs\nPull the plugs on the gunshot victims full of bullet slugs\nWho were picked up in an ambulance and driven\nTo Receiving with the asses ripped out of they pants\nAnd given a less than 20 percent chance of living\nHave a possible placement as a hospital patient\nStoring the dead bodies in Grandma's little basement\nDoctor Kevorkian has arrived\nTo perform an autopsy on you\nWhile you scream \"I'M STILL ALIVE!\"\nDriving a rusty scalpel in through the top of your scalp\nAnd pulling your Adam's apple out through your mouth\nBetter call the fire department\nI've hired an arson to set fire to carpet\nAnd burn up your entire apartment", "image": "https://images.genius.com/54c32c8e16bf9e92656a64e41b67f157.1000x1000x1.jpg"}], "artist": "Eminem"}