{"songs": [{"title": "Sway In The Morning Freestyle", "album": null, "year": "2015-07-23", "lyrics": "[Verse: Eminem (Paul Rosenberg/Sway)]\nLet's take them back to the future (bars)\nBars, like Paul Rosenberg\nThe small frozen turd (don't censor me man)\nAlright look, I had class, I just got expelled\nI excelled at nothing in school\nSo if you're tryna test my patience it just failed\nBut King Mathers, I still get hailed\nSo call me sire, like I exhaled\nAfter I had a deep ass breath held\nI guess well, that'll make my size double XL\nSo kiss your highness's hinded ass\nWhile I'm trying to stretch, it's time to exercise\nI'm flexing, isometrics\nTwice the reps 'til I get extra-sized\nAnd set my bis and pecs and triceps on fire\nCause I'm coming out guns blazing\nLike flaming pythons, my suggestion is parental discretion\nBe advised, due to this mental aggression\nWe advise you to back up, like Byron Leftwich\nI'm infectious, I rhyme like I got a sinus infection\nA virus, I'm congested and I just ingested\nFive Allegras but the side effects from these anti-depressants, they're tryna mess with my mind\nI'm a regular Hyde and Jekyll\nWhite with freckles but I silence hecklers\nYou might wanna head for the fire exits\nI'm coming through like a wrecking ball\nYou would swear I think highly of Miley\nAnd I respect her, the way I backhand her\nExcuse my French, Montana, but I am worried about nutting\nGod damn it, I'm a sexist, I drive a Lexus\nTextses out of her mind, and I'm in Texas\nWith a chainsaw, wait, what did I forget this\nTime, oh, my machetes getting upset, he said\nHe was ready for me to come get him from inside the shed\nIt was time, he's restless\nHe wants to make blood shed like a storage unit\nBut before I do it, let me think this through\nCause if I behead this bitch then I'd be headless [slurping noise]\nMic check, one, two\nI ain't barely check the mic just yet\nAnd I just sweared like twice as many times\nIn less than ninety seconds\nThan Andrew fucking Dice ever did in his fucking life\nBut I guess I'm expected to make these kinds of violent records\nIt's why I keep rhyming reckless\nFuck it, I swear, like a diamond necklace\nSince freestyling over phone tap, my line's connected\nWith rhymes that kept in touch with the fans, that's why the more bars, the better my reception\nAnd I give a fuck about sales, and fuck pop, I don't even like refreshments\nCindy Crawford tryna fend me off with a bendy straw\nAt the waffle house, awful mouth\nBut if you don't like what I'm talking about then block me out\nJust then Foxy Brown, walks up and knocks me down\nKicks me and socks me, ow\nApparently still mad over what I said last year\nOn that Vegas track, I just look stupid and stand there\nAnd try to act like I can't hear\nWhat? Sorry dear, but I think Pam Grier just stuck a tampon in my damn ear\nThat's when my man Denaun Porter ran behind me to pantomime\nThat if you wanna kick his ass, stand in line\nHands inside my pants as I fantasize taking advantage\nOf Brandy and Janet by grabbing my Spanish Fly\nLike a blind Hispanic guy with his zipper stuck\nGive a fuck, it's all part of my grand design\nTo get Amanda Bynes to come and fucking blow me like a dandelion\nBetter watch your step, you 'bout to cross an outlandish mine\nI'm what you get if Aaron Hernandez rhymed\nSo stand aside unless you plan to find out how handy I am with a branding iron\nFuck talking clear so you all can hear\nI'd rather rap like a fucking auctioneer\nFuck around and walk from here to the Southpaw premier\nGet on Paul's back, rapping \"Paul Revere\"\nSo call me queer, cause I'm always weird\nSo praise a Genius, hope this don't get taken out of text\nBut Hillary, I promise to wipe my server clean if you face subpoenas\nGot a name that speaks for itself like Anthony Weiner\nHands in between my pants in a theater, jacking my meat\nA fan of Trina, Angelina, and Christina and Serena and Selena\nScarlett Johansson, Tiffani Amber Thiessen\nGive me a damn good reason and not wanna slip an Ambien in the Cappuccino\nAnd try to have a 3-sum with Janet Reno\nI'm fucked worse than Donald Trump\nOn Lexapro in Mexico across from a Texaco in McDonald's drunk\nBroke and out of gas, busted water pump\nGetting fondled up by Ronald, feeling him on his rump\nOh yeah, and me and Alyssa Milano hump\nWe do\nBringing the horror to emcees like the aura of the Run DMC fedora\nAddidas and Diadoras but I need at least three to four of those Rita Oras\nIn a four seater Taurus but tell them my face is the best seat in the house\nI\u2019ll let them bleed in my mouth while I\u2019m eating them out (that\u2019s disgusting, ow Jesus)\nHeat seeking missile, duck, demented, sick, hate and see who gives a fuck\nI invented prick, and that\u2019s a true statement, I see the bitch in you Caitlyn\nI keep the pistol tucked like Bruce Jenner\u2019s dick\nNo disrespect though, not at all, no pun intended, that took a lot of balls (ay God damn)\nOh and Azealia Banks just wanna tell you thanks\nNow I got trailer skanks sending me ballpark franks in the mail as pranks\nAnd hot pockets, thanks a lot\nAwful, I made monopoly off misogyny\nSodomy, how many chocolatey jell-o pops can he possibly lace, walking atrocity\nNo wonder you scoff at me, it\u2019s still obvious I\u2019m as off-putting as Bill Cosby is\nTreat women like property, possessive like a noun with an apostrophe\nS\u2019s, I\u2019d probably stalk broccoli, yes it\u2019s\nSocrates with a block of cheese and a dollar stuck in this soda pop machine\nGot emcees dropping to knees, copping a plea bargain\nThey keep sobbing, like, \u201cplease stop it\u201d\nAftermath, bitch, still Detoxing\nLooking for us? We over here\nLike we\u2019re eavesdropping", "image": "https://images.genius.com/7f67a2cf49be3622b923698eab0c98d1.1000x667x1.jpg"}], "artist": "Eminem"}