{"songs": [{"title": "8 Mile Background Music", "album": null, "year": null, "lyrics": "Shook Ones, Pt II\nTime's Up\nInsane In the Brain\n8 Mile\nSweet Home Alabama\nJuicy\nGotta Get Mine\nGang Stories\nThis is How we Do It\nFeel Me Flow\nPlayers Ball\nGet Money\nI'll Be There for You\nShimmy Shimmy Ya\nBring the Pain\nLose Yourself (Instrumental)\nC.R.E.A.M.\nNext Level (Nyte Tyme Mix)\nTemptations\nPlayer's Anthem\nLose Yourself", "image": "https://images.genius.com/b379811c1415017b9f3e3a71b9d26060.400x400x1.jpg"}], "artist": "Eminem"}