{"songs": [{"title": "Rap God - The Fast Part", "album": null, "year": "2013-10-15", "lyrics": "[Intro]\nLyrics comin' at you at supersonic speed (J.J. Fad)\n\n[Verse]\nUh, summa-lumma, dooma-lumma, you assumin' I'm a human\nWhat I gotta do to get it through to you I'm superhuman?\nInnovative and I'm made of rubber so that anything you say is ricochetin' off of me and it'll glue to you and\nI'm devastating, more than ever demonstrating\nHow to give a motherfuckin' audience a feeling like it's levitating\nNever fading, and I know the haters are forever waiting\nFor the day that they can say I fell off, they'll be celebrating\n'Cause I know the way to get 'em motivated\nI make elevating music, you make elevator music", "image": "https://images.genius.com/6f7cda09514abaa1c82f2ac41bb12ad9.400x400x1.jpg"}], "artist": "Eminem"}