{"songs": [{"title": "Soldier", "album": "The Eminem Show", "year": "2002-05-21", "lyrics": "[Intro]\nI'm a soldier\nI'm a soldier (la-de-dah-dah, dah-dah, dah-dah)\nI'm a soldier\nI'm a soldier\nYo...\n\n[Verse 1]\nNever was a thug, just infatuated with guns\nNever was a gangsta 'til I graduated to one\nAnd got the rep of a villain for weapon concealing\nTook the image of a thug, kept shit appealing\nWillin' to stick out my neck for respect\nIf it meant life or death, never live to regret what I said\nWhen you're me, people just wanna see if it's true\nIf it's you\u2014what you say in your rap's what you do\nSo they feel it's part of your obligation to fulfill\nWhen they see you on the streets, face to face, are you for real?\nIn confrontation, ain't no conversation, if you feel\nYou're in violation, any hesitation'll get you killed\nIf you feel it, kill it; if you conceal it, reveal it\nBeing reasonable'll leave you full of bullets\nPull it, squeeze it 'til it's empty; tempt me, push me, pussies\nI need a good reason to give this trigger a good squeeze\n\n[Hook]\n(I'm a soldier) These shoulders hold up so much\nThey won't budge, I'll never fall or fold up\n(I'm a soldier) Even if my collarbones crush or crumble\nI will never slip or stumble\n(I'm a soldier) These shoulders hold up so much\nThey won't budge, I'll never fall or fold up\n(I'm a soldier) Even if my collarbones crush or crumble\nI will never stumble\n\n[Verse 2]\nI love pissing you off,  it gets me off\nLike my lawyers when the fucking judge lets me off\nAll you motherfuckers gotta do is set me off\nI'll violate and all the motherfucking bets be off\nI'm a lit fuse, anything I do, bitch, it's news\nPistol whip a motherfucking bouncer 6'2\"\nWho needs bullets? As soon as I pull it, you sweat bullets\nAn excellent method to get rid of the next bully\nIt's actually better 'cause instead of you murderin'\nYou can hurt 'em and come back again and kick dirt at 'em\nIt's like pouring salt in the wounds, assault and get sued\nYou can smell the lawsuits soon as I waltz in the room\nEverybody halts and stops, calls the cops\nAll you see is bitches coming out their halter tops\nRunning and ducking out the Hot Rocks parking lot\nYou'll all get shot, whether it's your fault or not, 'cause I'm a\n\n[Hook]\n(I'm a soldier) These shoulders hold up so much\nThey won't budge, I'll never fall or fold up\n(I'm a soldier) Even if my collarbones crush or crumble\nI will never slip or stumble\n(I'm a soldier) These shoulders hold up so much\nThey won't budge, I'll never fall or fold up\n(I'm a soldier) Even if my collarbones crush or crumble\nI will never stumble\n\n[Verse 3: Eminem]\nI spit it slow so these kids know that I'm talkin' to 'em\nGive it back to these damn critics and sock it to 'em\nI'm like a thug with a little bit of Pac influence\nI spew it, and look how I got you bitches rocking to it\nYou motherfuckers could never do it like I could do it\nDon't even try it, you'll look stupid, do not pursue it\nDon't ever in your life try to knock the truest\nI spit the illest shit ever been dropped in two-inch\nSo ticky-tock, listen as the sound ticks on the clock\nListen to the sound of Kim as she licks on the cock\nListen to the sound of me spillin' my heart through this pen\nMotherfuckers know that I'll never be Marshall again\nFull of controversy until I retire my jersey\n'Til the fire inside dies and expires at thirty\nAnd Lord, have mercy on any more of these rappers that verse me\nAnd put a curse on authorities, in the face of adversity, I'm a\n\n[Hook]\n(I'm a soldier) These shoulders hold up so much\nThey won't budge, I'll never fall or fold up\n(I'm a soldier) Even if my collarbones crush or crumble\nI will never slip or stumble\n(I'm a soldier) These shoulders hold up so much\nThey won't budge, I'll never fall or fold up\n(I'm a soldier) Even if my collarbones crush or crumble\nI will never stumble\n\n[Outro]\nYo left, yo left, yo left, right, left\nYo left, yo left, yo left, right, left\nYo left, yo left, yo left, right, left\nYo left, yo left, yo left, right, left", "image": "https://images.genius.com/c43578375ef2ac32c140cc35dfe2fef1.1000x1000x1.png"}], "artist": "Eminem"}