{"songs": [{"title": "My Mom", "album": "Relapse", "year": "2009-05-15", "lyrics": "[Intro]\nYeah\nYeah, yeah, yeah, yeah, yeah, yeah\nOkay\nAlright, a'ight, a'ight, a'ight, a'ight\nYo, yo\nAlright, I'mma lay the chorus first\nHere we go now\n\n[Chorus]\nMy mom loved Valium and lots of drugs\nThat's why I am like I am 'cause I'm like her\nBecause my mom loved Valium and lots of drugs\nThat's why I'm on what I'm on 'cause I'm my mom\n\n[Verse 1]\nMy mom, my mom, I know you're probably tired\nOf hearing 'bout my mom, oh-ho, whoa-ho\nBut this is just a story of when I was just a shorty\nAnd how I became hooked on Va-aliu-um\nValium was in everything, food that I ate\nThe water that I drank, fuckin' peas on my plate\nShe sprinkled just enough of it to season my steak\nSo every day I'd have at least three stomachaches\nNow tell me, what kind of mother would want to see her\nSon grow up to be an undera-fuckin'-chiever?\nMy teacher didn't think I was gonna be nothin' either\n\"What the fuck you stickin' gum up under the fucking seat for?\"\n\"Mrs. Mathers, your son has been huffing ether\nEither that or the motherfucker's been puffin' reefer\"\nBut all this huffin' and puffin' wasn't what it was either\nIt was neither, I was buzzing but it wasn't what she thought\nPee in a teacup? Bitch, you ain't my keeper, I'm sleeping\nWhat the fuck you keep on fucking with me for?\nSlut, you need to leave me the fuck alone, I ain't playin'\nGo find you a white crayon and color a fucking zebra\n\n[Chorus]\nMy mom loved Valium and lots of drugs\nThat's why I am like I am 'cause I'm like her\nBecause my mom loved Valium and lots of drugs\nThat's why I'm on what I'm on 'cause I'm my mom\n\n[Verse 2]\nWait a minute, this ain't dinner, this is paint thinner\n\"You ate it yesterday, I ain't hear no complaints, did I?\nNow here's a plate full of painkillers\nNow just wait 'til I crush the Valium and put it in your potatoes\nYou little motherfucker, I'll make you sit there and make\nThat retarded fucking face without even tasting it\nYou better lick the fucking plate, you ain't wasting it\nPut your face in it 'fore I throw you in the basement again\nAnd I ain't givin' in, you're gonna just sit there\nIn one fucking place, finnickin' 'til next Thanksgiving\nAnd if you still ain't finished it I'll use the same shit again\nThen when I make spinach dip it'll be placed in the shit\nYou little shit, wanna sit there and play innocent?\nA rack fell and hit me in K-Mart and they witnessed it\nChild support, your father, he ain't sent the shit\nAnd so what if he did? It's none of your dang business, kid\"\n\n[Bridge 1]\nMy mom\nThere's no one else quite like my mom\nI know I should let bygones be bygones\nBut she's the reason why I am high what I'm high on\n\n[Chorus]\n'Cause my mom loved Valium and lots of drugs\nThat's why I am like I am 'cause I'm like her\nBecause my mom loved Valium and lots of drugs\nThat's why I'm on what I'm on 'cause I'm my mom\n\n[Bridge 2]\nMy mom loved Valium, now all I am\nIs a party animal, I am what I am\nBut I'm strong to the finish with me Valium spinach\nBut my buzz only lasts about two minutes\nBut I don't wanna swallow it without chewin' it\nI can't even write a rhyme without you in it\nMy Valium, my Vaaaaaa-liummmm, ohh\n\n[Verse 3]\nMan, I never thought that I could ever be\nA drug addict, naw, fuck that, I can't have it happen to me\nBut that's actually what has ended up happening\nA tragedy, the fucking past ended up catching me\nAnd it's probably where I got acquainted with the taste, ain't it?\nPharmaceuticals are the bomb, Mom, beautiful\nShe killed the fuckin' dog with the medicine she done fed it\nFeed it a fuckin' aspirin and say that it has a headache\n\"Here, want a snack? You hungry, you fuckin' brat?\nLook at that, it's a Xanax, take it and take a nap, eat it\"\nBut I don't need it \"Well fuck it then, break it up\nTake a little piece and beat it before you wake Nathan up\"\nAlright Ma, you win, I don't feel like arguin'\nI'll do it, pop and gobble it and start wobblin'\nStumble, hobble, tumble, slip, trip, then I fall in bed\nWith a bottle of meds and a Heath Ledger bobblehead\n\n[Chorus]\nMy mom loved Valium and lots of drugs\nThat's why I am like I am 'cause I'm like her\nBecause my mom loved Valium and lots of drugs\nThat's why I'm on what I'm on 'cause I'm my mom\n\n[Outro]\nMy mom, I'm just like her\nMy mom, my mom, my mom\nMy mom, my mom, my mom\nMy mom, my mom, my mom\nMy mom, my momma\nMe momma, I like-a da momma\nHaha, sorry Mom\nI still love you though\nDr. Dre, 2010\nAy, this shit is hella hard, homie\nYo, take us on outta here\nWoo!", "image": "https://images.genius.com/3e2c5f364cd05485f143e708d7608b3c.1000x1000x1.png"}], "artist": "Eminem"}