{"songs": [{"title": "Conglomerate", "album": null, "year": null, "lyrics": "I wasn't born mean I was pushed to treachery\nI walked the streets looking for some puss to fetch me\nI like a veggie brain, turn to mush, I'm edgy\nEdgy enough to give Reggie Bush a wedgie\nIf he don't give me Kim things could get messy\nSo pass that ass to me, let me squish the left cheek\nAnd pressed against the right one till it's smushed against me\nAnd leave a dead body in the woods the MC\nWith the Christopher Reeves beef, we started off on the wrong foot\nOr should I say fake leg, made outta wood? I shouldn't, yes I should\nRiding through the hood, I'm chilling with Westwood\nI'm quite mellow, a white fellow\nMy pee is bright yellow, I like jello, I'm like hello\nTo a cute little dike on the mic, I'm kinda like\nIron Mike cos I bite earlobes\n\nMe and Westwood blasting off\nJacking off in a pair of Acid Wash, bumping Asher Roth\nCrusin Gratiot till I damn near\ufeff crash the car\nTryna smash a moth on the dash, hit the overpass-went off\nOver the bridge, into on coming traffic\nCaused a massive 42 car pile up, not a scratch at all\nHocked up holding a axe and saw\nJason mask is off but my face is plastered in Tabasco sauce\nSpitting flames, kicking fire out ya ass\nYa little bastard, you can pass it on, I'm battery acid dog\nYou don't wanna get my ass ticked off\nI'm harder than playing basketball when I'm going through crack withdraw\nDick's so big it's like elastic\nI tie it in a knot and it looks like Mr. Fantastic\nCrossed the path of plastic man, with a drastic force and went spastic\nPut my penis on Classic Sports", "image": "https://images.genius.com/b379811c1415017b9f3e3a71b9d26060.400x400x1.jpg"}], "artist": "Eminem"}