{"songs": [{"title": "Nice Guy", "album": "Kamikaze", "year": "2018-08-31", "lyrics": "[Chorus: Jessie Reyez]\nYou're such a nice guy, a nice guy\nYou're faithful, you don't lie\nAfter the club, you go back home, right?\nRI-I-IGHT?! PSY-Y-YCH!\n\n[Post-Chorus: Jessie Reyez]\nSuck my dick, you fuckin' suck, man\nSuck my dick, you fuckin' suck, man\nI hope that your heart get hit by a semi-truck\nSuck my dick, you fuckin' suck, man\n\n[Verse 1: Jessie Reyez]\nI hop in your whip and take a sip, then I gun it\nI don't, I don't got much self-control, I hope that you runnin'\nI'm bipolar with the switch-up just as quick like you cummin'\nI don't, I don't got much self-control, I hope that you runnin'\n\n[Verse 2: Eminem]\nI'm not a cheater, but if I'ma be accused, might as well be\nYou tell me you'll take me back when hell freezes, but females be Rushin' me outside my telly, temptation overwhelms me\nLike my monthly bill from Sprint, they chargin' me for a selfie\nChargin' me, so I gave my hotel key\nEh, I was tryna be nice\n\n[Chorus: Jessie Reyez & Eminem]\nYou're such a nice guy, a nice guy\nYou're faithful, you don't lie\nAfter the club, you go back home, right?\nRI-I-IGHT?! PSY-Y-YCH!\n\n[Post-Chorus: Jessie Reyez & Eminem]\nSuck my dick, you fuckin' suck, bitch\nSuck my dick, (bi-) you fuckin' suck, man\nI hope that your heart get hit by a semi-truck (bi-)\nSuck my dick, you fuckin' suck, bitch\n\n[Verse 3: Jessie Reyez]\nI play your music while you suffer like I'm Carmine Coppola\nYou're tied up in the basement while I chill on your sofa\nLa pr\u00f3xima yo s\u00e9 que mejor me quedo sola\nEst\u00e1s de buenas que yo ya vend\u00ed mi pistola\n\n[Verse 4: Eminem]\nI'm an emotional wreck, weak (uh-huh)\nEverything over-affects me (yeah)\nWhen you joke, it upsets me (yeah)\nYou say I'm no good at sex\nAnd you think I'm gross and unsexy (uh-huh)\nI need Scope 'cause my breath stinks (yep)\nYou hope I choke on a Pepsi (yep)\nBitch, you was supposed to correct me! (oh)\nBeen textin' you since three, I still get no fucking reply\nYou say you sleep alone, but yet your mattress is king size\nFuck you goin' in those knee-high boots? Cut it out, bitch\nI doubt that you're goin' to house sit\nIn that outfit, and those skin-tight Levi's\nEvery word that comes out your mouth's a fucking lie\nOh, it's spring time, time for you to have a fling like a slingshot\nYou say don't come over 'cause you got pink eye\nBut I think I got just the thing, why\nDon't I bring my fuckin' bat and just swing by?", "image": "https://images.genius.com/160b53c324c4cdeb709b605d3a591598.1000x1000x1.png"}], "artist": "Eminem"}