{"songs": [{"title": "Good Guy (Spanish)", "album": null, "year": null, "lyrics": "[Verso: Eminem]\nAqu\u00ed vamos de nuevo, de h\u00e9roes a villanos\nSol\u00eda \u200b\u200bser tu Romeo pero ambos est\u00e1bamos abandonados\nUn par de veces, por lo que tuvimos una pendiente resbaladiza para hacer frente a\nPero a\u00fan as\u00ed, me dio la esperanza de que obtendremos\nA trav\u00e9s de ella, un l\u00f3bulo cortado\nEnviado a usted en un S-O-B-re\nSer\u00eda drogadicto, pero \u00bfa qu\u00e9 tipo de longitud puedes ir?\nTire de un Vincent van Gogh, solo para convencer a un maldito ho\nSer una ama de casa que miente abiertamente\nElla est\u00e1 borracha, ahora est\u00e1 de vuelta en mi camino\nSal\u00ed corriendo, \u00bfpor qu\u00e9 est\u00e1 intentando actuar?\nElla es casi de mi tama\u00f1o, me golpe\u00f3 en la boca dos veces\nChicos, cuando alguien por quien morir\u00edas\nPega un cuchillo de carne en tu coraz\u00f3n, \u00bfintentas m\u00e1s?\nOtra tarde en la noche, ella tropieza a trav\u00e9s de mi puerta\nDeja entrar la luz del d\u00eda y todo lo que hacemos es luchar m\u00e1s\nY no soy violenta, pero ella est\u00e1 revisando mis cajones\nPara plantar el K-Y, una puta me est\u00e1 acusando\nQuien huele a San Ides y quien probablemente haya jodido cinco mas\nChicos, chuparon ocho / nueve hombres\nMe llevo dos por cuatro a nuestro ocho por diez\nPerra, eres t\u00fa, arranqu\u00e9 el marco, gano\nPoner un nuevo puntaje alto, venci\u00f3 a este juego en el que estoy\nY aqu\u00ed hay algunos de dos capas para cuando salgas con mis amigos\nPara limpiarte el culo cuando moviste tus entra\u00f1as\nCuando renovamos nuestros votos, este es el agradecimiento que recibo?\nEstoy esperando el d\u00eda que pueda\nTe oigo decir: \"Marshall, \u00a1qu\u00e9 gilipollas he sido!\nY hay un chico nuevo, est\u00e1s siendo reemplazado por \u00e9l \"\nTengo sus tubos atados para \u00e9l, tengo ese trabajo de tetas para \u00e9l\nMe duele hasta la m\u00e9dula, pero el dolor en el que estoy\nDespu\u00e9s de ti, jur\u00e9 hacer cesar los cielos grises\nAqu\u00ed vienen los rayos, como cuando se obtiene una subida de sueldo y\n\u00bfSoy el chico bueno o solo juego como \u00e9l?\n\u00bfY espero que te deje?\nEs como un sue\u00f1o hecho realidad, solo para gritar \"\u00a1Vete a la mierda!\"\nSupongo que tomas la vida de la misma manera que juegas dados\nPorque solo me miras y les pones los ojitos de serpiente\nYa que-\n\n[Coro: Jessie Reyez]\nDesde que compraste el jurado, me llamar\u00e1n culpable\nMe van a llamar culpable\nUsted compr\u00f3 el jurado, me llamar\u00e1n culpable\nAunque sabes el verdadero yo\nNo puedes vencer a un tramposo, convence a un no creyente", "image": "https://images.genius.com/b379811c1415017b9f3e3a71b9d26060.400x400x1.jpg"}], "artist": "Eminem"}