{"songs": [{"title": "1996 Underground Freestyle", "album": null, "year": "1996-02-17", "lyrics": "Any rapper saying those kind of rhymes\nIn this day and age in this period of time\nTryna battle Eminem is worse than\nDavid Starr tryna battle Proof, Eye-Ku, BFlat and Bizarre\n(unintelligible)\nThat's why you beg to differ me,you ain't got no style\nPlus you lack delivery, not to brag\nI don't need to boast\nLook, my face is pale, but you look like you seen a ghost\n(unintelligible)\nYou couldn't slip up in the zone, if I put banana peels\nAround this fucking microphone\nSo get a bulldozer, start from bottom to top\nAnd tear this building down\n'cause that's the only way you 'recking shop", "image": "https://images.genius.com/92aac577ca29ed58f3ebed13295ca7cd.1000x1000x1.jpg"}], "artist": "Eminem"}