{"songs": [{"title": "Tonite", "album": "Infinite", "year": "1996-11-12", "lyrics": "[Produced by Mr. Porter]\n\n[Verse 1]\nI'm givin' mad love, I'm snugglin' hugs\nStrugglin' thugs, smugglin' drugs\nJugglin' jobs, guzzlin' jugs\nSo here's a toast to federal checks\nHetero sex, unaffordable medical debts\nWe travel in packs, unravelin' facts\nAnd gravel in cracks to find babblin' max, gafflin' tracks\nI grapple an axe for them bafflin' acts\nOf mysterious stab-in-the-backs who dabble in wax\nStealin' my art when I sculpt it\nThe culprit that stole shit'll end up with his skull split\nThen I buried the hatchet, I carry the fat shit\nButterfingers is here when it's necessary to scratch it\nBaby, all I wanna do is swallow one or two\nSmoke a little bit and follow one of you\nBack home when the party ends\nSo tonight I'm droppin' naughty hints\nTo the finest women in the audience\n\n[Hook]\n\u2019Cause we came here to do this tonight\nWe don't wanna fight\nWe don't want no one feelin' uptight\n\u2019Cause we came here to do this tonight\n\u2019Til the morning light\nHope that everyone's feelin' all right\n\n[Verse 2]\nAyo, biters are like tarantulas, vandalous\nLivin' as scandalous as a television evangelist\nBut I can handle this; I'm the rhyme biter, crime fighter\nCaped crusader, takin' care of undeservin' lime lighters\nI think we live in era meant for me\nExperimentally I found a way to spread the terror mentally\nWhen I stumbled upon this resolution\nBy usin' a special fusion\nOf chemical solution for this fresh illusion\nYou couldn't see me with binoculars\nI'm armed like an octopus\nStep on stage and you'll get socked and pushed\nTalkin' that junk like you had Black Bart at your back\nCome to battle me and you get smacked hard as you act\nWhen I rep-a-resent it, and will have a referee in it\nEvery minute, so when I win it you never resent it\nI'm forever demented\nCome up with funk, I'll never be scented\nYou got the point when I cleverly sent it\n\n[Hook]\n\u2019Cause we came here to do this tonight\nWe don't wanna fight\nWe don't want no one feelin' uptight\n\u2019Cause we came here to do this tonight\n\u2019Til the morning light\nHope that everyone's feelin' all right\n\n[Verse 3]\nEminem is headed skyward\nFor those who thought that I would\nMake you bored and treat you like a piece of plywood\nI've got miracle lyrical capability all in me\nWith the agility to escape a killer bee colony\nSo get your cameras and capture how miraculous\nI rap for all you Draculas\nAnd showed you all how wack you was\nI meant it as a diss\n\u2018Cause you don't posses the pizazz of this\nI'm hazardous enough already as it is\nWithout you addin' fuel to the fire; I'm cruel to the liar\nWho fails to recognize my reign and hail rule to the sire\nClinical studies show that I'm cynical\nThere's no one who's identical\nTo my fresh and authentic flow\nI'm sure the party people can agree\nThat I'm enchantin' rhythm romantically\nFreakin' vocals so frantically\nSo throw your hands up in the atmosphere\nAnd let them know the only party that was phat was here\n\n[Hook]\n\u2019Cause we came here to do this tonight\nWe don't wanna fight\nWe don't want no one feelin' uptight\n\u2019Cause we came here to do this tonight\n\u2019Til the morning light\nHope that everyone's feelin' all right", "image": "https://images.genius.com/eda31ba0169a98076608e99c8f5f8ef7.590x590x1.jpg"}], "artist": "Eminem"}