{"songs": [{"title": "Brainless", "album": "The Marshall Mathers LP 2", "year": "2013-11-05", "lyrics": "[Intro]\nOr Eminem has a full line of chainsaws\nEminem, Eminem, Eminem, Eminem, Eminem, Eminem\nMarshall Mathers, Eminem, the rapper Eminem\n\"Who can say for sure? Perhaps a frontal lobotomy would be the answer. If science could operate on this distorted brain and put it to good use, society would reap a great benefit.\"\n\n[Verse 1]\nI walk around like a space cadet, place your bets\nWho's likely to become a serial killer? Case of Tourettes\nFuck, fuck-fuck, can't take the stress\nI make a mess as the day progresses\nAngry and take it out on the neighbors' hedges\nLike this is how I'll cut your face up, bitches\nWith these hedge-trimmin' scissors with razor edges\nImagination's dangerous\nIt's the only way to escape this mess\nAnd make the best of this situation, I guess\n'Cause I feel like a little bitch\nThis predicament's despicable, I'm sick of just gettin' pushed\nIt's ridiculous, I look like a frickin' wuss\nA pussy, this kid just took my stick of licorice\nAnd threw my sticker books in a picker bush\nI wanna kick his tush, but I was six and shook\nThis fucker was twelve and was six foot, with a vicious hook\nHe hit me, I fell; I got back up, all I did was book\nNow there's using your head, Momma always said\u2014\n\n[Hook]\nIf you had a brain, you'd be dangerous\nA brain, you'd be dangerous\nI'ma prove you wrong\nMomma, I'ma grow one day to be famous\nAnd I'ma be a pain in the anus\nI'ma be the bomb\nI'ma use my head as a weapon\nFind a way to escape this insaneness\nMomma always said\n\"Son, if you had a brain, you'd be dangerous.\"\nGuess it pays to be brainless\n\n[Verse 2]\nFast forward some years later, a teenager; this is fun, sweet\nI just got jumped twice in one week, it's complete\nIt's usually once a month, this is some feat\nI've accomplished, they've stomped me\nInto the mud, gee, for what reason you stumped me?\nBut how do you get the shit beat out of you\nBeat down and be upbeat when you don't have nothing?\nNo valid shot at life, chance to make it or succeed\n'Cause you're doomed from the start\nIt's like you grew up on Jump Street, from jump street\nBut if I could just get my head out my ass\nI could accomplish any task, practicin' trash-talkin'\nIn a trance locked in my room\nYeah, but I got some plans, Momma\nThese damn rhymes are falling out of my pants pocket\nI can't stop it, and I'm starting to blend in more\nIn school this shit helps for sure\nI'm getting more self-assured than I've ever been before\nPlus no one picks on me anymore\nI done put a stop to that, threw my first punch \u2013 end of story\nStill, in my skull\u2019s a vacant empty void\nBeen usin\u2019 it more as a bin for storage\nTake some inventory: in this gourd there\u2019s a Ford engine\nDoor hinge, syringe, an orange\nAn extension cord, and a Ninja sword\nNot to mention four linchpins, an astringent stored\nIronin\u2019 board, a bench, a wrench, an ORU\nWinch, an attention whore\nEverything but a brain\nBut dome's off the fuckin' chain like an independent store\nSomething's wrong with my head\nJust think if I had a brain in it, thank God that I don't\n'Cause I'd probably be Dahmer, 'cause Momma always said\u2014\n\n[Hook]\nIf you had a brain, you'd be dangerous\nA brain, you'd be dangerous\nI'ma prove you wrong\nMomma, I'ma grow one day to be famous\nAnd I'ma be a pain in the anus\nI'ma be the bomb\nI'ma use my head as a weapon\nFind a way to escape this insaneness\nMomma always said\n\"Son, if you had a brain, you'd be dangerous.\"\nGuess it pays to be brainless\n\n[Bridge]\nNow my mom goes wahm-wahm-wahm\n'Cause I'm not that smart, but I'm not dumb\nI was on a bottom of the pile, gettin' stomped\nBut somehow I came out on top\n\n[Verse 3]\nI told you one day, I said they'd have that red carpet rolled out, yo\nI'm nice, y'all, fuck it, I'm out cold\nNow everywhere I go they scream out, \"Go!\"\nI'm 'bout to clean house, yo\nI'm Lysol, now I'm just household\nOutsold the sell-outs\nFreak the hell out Middle America, hear 'em yell out\nIn terror, they were so scared\nAnd those kids just about belted out\nWhatever spouted or fell out\nOf my smart aleck mouth, it was so weird\nInappropriate? So be it, I don't see it\nMaybe one day when the smoke clears, it won't be as\nMotherfuckin' difficult, ch-yeah\n'Til then, hopefully you little homos\nGet over your fears and phobias\nIt's okay to be scared straight\nThey said I provoke queers 'til emotions evoke tears\nMy whole career's a stroke of sheer genius\nSmoke and mirrors, tactical, practical jokes, yeah\nYou motherfuckin'\u2014insert insult here\nWho the fuck woulda thunk that one little ole MC'd\nBe able to take the whole culture and re-upholstery it?\nAnd boy, they did flock; can't believe this little hick locked\nThis hip-hop shit in his hip pocket, and still the shit got\nThat white-trash traffic in gridlock\nShit hoppin' like six blocks\nFrom a Kid Rock/Insane Clown Posse concert in mid Oc-\n-tober, and God forbid I see a wizard\nAnd get a brain in my titanium cranium, y'all, 'cause\nI'll turn into the Unabomber, Momma always said\u2014\n\n[Hook]\nIf you had a brain, you'd be dangerous\nA brain, you'd be dangerous\nI'ma prove you wrong\nMomma, I'ma grow one day to be famous\nAnd I'ma be a pain in the anus\nI'ma be the bomb\nI'ma use my head as a weapon\nFind a way to escape this insaneness\nMomma always said\n\"Son, if you had a brain, you'd be dangerous.\"\nGuess it pays to be brainless\n\n[Outro]\n\"Insaneness\" ain't even a word, you stupid fuck!\nNeither is \"ain't\"", "image": "https://images.genius.com/2c354260f9edc6b2e9bf6b06c935a0b8.1000x1000x1.png"}], "artist": "Eminem"}