{"songs": [{"title": "Guilty Conscience (Snippet)", "album": "The Slim Shady LP (Snippet Tape)", "year": null, "lyrics": "[Interlude: Mark Avery]\nMeet Stan, 21 years old. After meeting a young girl at a rave party, things start getting hot and heavy in an upstairs bedroom. Once again, his conscience comes into play\n\n[Verse 2: Eminem]\nNow listen to me, while you're kissing her cheek\nAnd smearing her lipstick, slip this in her drink\nNow all you gotta do is nibble on this little bitch's earlobe\n(Yo, this girl's only fifteen years old\nYou shouldn't take advantage of her, it's not fair)\nYo, look at her bush, does it got hair?\nFuck this bitch right here on the spot, bare\n'til she passes out and she forgot how she got there\n(Man, ain't you ever seen that one movie, Kids?)\nNo but I seen the porno with Sun Doobiest!\n(Shit, you wanna get hauled off to jail?)\nMan, fuck that, hit that shit raw dog and bail", "image": "https://images.genius.com/0b1c9568017c50ed4a1b0e810ff2a60c.480x360x1.png"}], "artist": "Eminem"}