{"songs": [{"title": "Wanksta (Eminem's Version)", "album": "The Singles", "year": null, "lyrics": "[Intro]\nWoooo! It's Shady aka the Army Shady Records\nBreak it down\n\nI do a lotta spittin' and I don't gotta try\nBut I ain't got rhymes to waste so let's make it\nI ain't no gangsta, I ain't gotta start frontin'\nI just call Banks up when I need to pop something\n\n[Verse 1]\nI got a friend of mine, named 50 Cent I signed\nThis shit's official now, the deals is finished and it's time\nTo get down to this business, let's get these nicks and dimes\nSo hurry up and cop, G-Unit shit before it's gone\nIts like a gold mine for my man to take nine\nAnd bounce right back, he gotta be like Michael Myers\nThis shit must be a sign, these labels must be blind\nColumbia, I know this must be fucking with they mind\nThey know they 'bout to cry cause they missed out\nBut I know how to get the dough cause Dre gave me a business mind\nI said in my line, I hit 'em with a nine\nI had a empty clip but they ain't check the chamber\n\n[Chorus]\nI ain't no gangsta, I ain't gotta start frontin'\nI just call Banks up when I need to pop somethin'\nBut you gon' feel my shit, you gonna hit the stop button\nWe fuck you up a long time, you gon' get stomped stuntin'\nI ain't no gangsta, I ain't gotta start frontin'\nI just call Banks up when I need to pop somethin'\nBut you gon' feel my shit, you gonna hit the stop button\nWe fuck you up a long time, you gon' get stomped stuntin'\n\n[Verse 2]\nDamn 50, this shit's about to hit the fan 50\nFuck happened to Ja?\nHe got the sickest vendetta, he must think that you betta\nHe bought to play with his paper, you gonna fuck with this chedda\nNow homie think we gon' sweat 'em but we just gon' forget 'em\nIf he don't shut up we'll dead'em, let Yayo stomp his head in\nIt's all good cause we'd rather rap then to let a\nPussy play us outta pocket homie, so tell 'em\nHe better be easy\nStart some bullshit, he'll get his whole crew wet\nD-Twizzy, Obie, 50 Cent and G-Unit\nYo, he don't want it cause he's always drugged out\nYou won't see one picture where his pupils ain't bugged out\n\n[Chorus]\nI ain't no gangsta, I ain't gotta start frontin'\nI just call Banks up when I need to pop somethin'\nBut you gon' feel my shit, you gonna hit the stop button\nWe fuck you up a long time, you gon' get stomped stuntin'\nI ain't no gangsta, I ain't gotta start frontin'\nI just call Banks up when I need to pop somethin'\nBut you gon' feel my shit, you gonna hit the stop button\nWe fuck you up a long time, you gon' get stomped stuntin'", "image": "https://images.genius.com/40ebb43e7d534ce34282bdc8027ea273.1000x1000x1.png"}], "artist": "Eminem"}