{"songs": [{"title": "Puke (T\u00fcrk\u00e7e \u00c7eviri)", "album": null, "year": "2004-11-12", "lyrics": "[Intro]\n[Kusma sesleri]\n[T\u00fck\u00fcr\u00fck sesleri]\n[Sifon sesi]\nAl i\u015fte...\nYine akl\u0131ma geldin\n\n[Hook]\nBeni ne kadar hasta etti\u011fini bilmiyorsun\nLanet midemi buland\u0131r\u0131yorsun\nNe zaman akl\u0131ma gelsen, kusuyorum\nBunu biliyor olmal\u0131s\u0131-\u0131-\u0131-\u0131-\u0131-\u0131n\nBilmezden geliyorsun, ama biliyorsun\nNe zaman akl\u0131ma gelsen kusuyorum\n\n[Verse 1]\nZaman\u0131mdan feragat edip sana bir \u015fiir yazacakt\u0131m\nAma d\u00fc\u015f\u00fcnd\u00fcm ki bir freestyle patlatmak\nB\u00f6yle bir \u015fark\u0131 i\u00e7in biraz daha uyumlu olurdu (whoa)\nKafamda d\u00fc\u015f\u00fcnebilece\u011fim milyonlarca sebep var ve\n16 bar hi\u00e7birini s\u0131\u011fd\u0131rmaya yeterli olmuyor\nO y\u00fczden siktir et, \u015fimdi ba\u015flay\u0131p k\u0131sa kesece\u011fim\nSebeplerimden baz\u0131lar\u0131n\u0131 saymaya ba\u015fl\u0131yorum;\nKalk\u0131p koluma senin ad\u0131n\u0131 tekrar\nD\u00f6vme yapt\u0131rmamam gerekti\u011fini biliyordum\nAma ne yapars\u0131n i\u015fte, salakl\u0131k; gideyim de\nBir d\u00f6vme daha yapt\u0131ray\u0131m, \u015fimdi de iki tane oldu\nOo-oo-oo-oo-oo\n\u015eimdi tenimin \u00fczerinde senin ad\u0131nla oturuyorum\nKalk\u0131p bu aptal boku tekrar yedi\u011fime inanam\u0131yorum\nS\u0131radaki k\u0131z arkada\u015f\u0131m\u0131n ad\u0131 \u015fimdi Kim olmal\u0131\nSikti-i-i-i-i-i-ir\nBize ya\u015fatt\u0131\u011f\u0131n \u015feylerden dolay\u0131 senden ne kadar nefret etti\u011fimi bir bilseydin\nBurada oturup arkandan a\u011f\u0131t yakmak zorunda kalmazd\u0131m\nD\u0131-\u0131-\u0131-\u0131-\u0131-\u0131-\u0131-\u0131-\u0131m\n\n[Hook]\nBeni ne kadar hasta etti\u011fini bilmiyorsun\nLanet midemi buland\u0131r\u0131yorsun\nNe zaman akl\u0131ma gelsen, kusuyorum\nBunu biliyor olmal\u0131s\u0131-\u0131-\u0131-\u0131-\u0131-\u0131n\nBilmezden geliyorsun, ama biliyorsun\nNe zaman akl\u0131ma gelsen kusuyorum\n\n[Verse 2]\nZaman\u0131mdan feragat edip sana k\u00fc\u00e7\u00fck bir mektup yazacakt\u0131m\nAma sonra d\u00fc\u015f\u00fcnd\u00fcm ki muhtemelen bir \u015fark\u0131 yapmak\nY\u0131rt\u0131p ataca\u011f\u0131n bir ka\u011f\u0131t par\u00e7as\u0131ndan daha iyi olurdu, evet\nGe\u00e7en g\u00fcn resminin \u00fcst\u00fcnde t\u00f6kezledim ve bu beni bir an d\u00fc\u015f\u00fcnd\u00fcrd\u00fc;\nSenin i\u00e7in bir ka\u011f\u0131t par\u00e7as\u0131nda m\u00fcrekkep ziyan etmek tam bir zaman kayb\u0131 olurdu\nBunun yerine senden ne kadar nefret etti\u011fimi freestyle'da g\u00f6rmeni isterdim\nSeni sikti\u011fimin kokain ba\u011f\u0131ml\u0131s\u0131 kalta\u011f\u0131, umar\u0131m geberip gidersin\nUmar\u0131m cehenneme gidersin ve zebaniler g\u00f6zlerine i\u011fne bat\u0131r\u0131r\nSenden oldum olas\u0131 nefret ediyorum, seni fahi\u015fe, umar\u0131m \u00f6l\u00fcrs\u00fcn\n\u00d6l\u00fcrs\u00fc-\u00fc\u00fc-\u00fc\u00fc-\u00fc\u00fc-\u00fcn\nAma l\u00fctfen beni yanl\u0131\u015f anlama, k\u0131zg\u0131n veya \u00fczg\u00fcn de\u011filim\nSeni hala sevdi\u011fimden veya geri istedi\u011fimden de\u011fil\nSadece seni ne zaman d\u00fc\u015f\u00fcnsem, midemi buland\u0131r\u0131yorsun\nBuland\u0131r\u0131yors-uu-uu-uu-uu-un\nBa\u015fka ne yapabilirim? Hi\u00e7bir fikrim yok\nSan\u0131r\u0131m \u015fimdi hayat\u0131ma devam etmem gerekiyor, ba\u015fka se\u00e7ene\u011fim yok\nAma seni \u015fu s\u0131ralar ne zaman d\u00fc\u015f\u00fcnsem, tek yapmak istedi\u011fim \u015fey;\nKusma-aa-aa-aa-ak\n\n[Hook]\nBeni ne kadar hasta etti\u011fini bilmiyorsun\nLanet midemi buland\u0131r\u0131yorsun\nNe zaman akl\u0131ma gelsen, kusuyorum\nBunu biliyor olmal\u0131s\u0131-\u0131-\u0131-\u0131-\u0131-\u0131n\nBilmezden geliyorsun, ama biliyorsun\nNe zaman akl\u0131ma gelsen kusuyorum\n\n[Outro]\n[Kusma sesleri]\n[T\u00fck\u00fcr\u00fck sesleri]\n[Sifon sesi]\n[Ge\u011firik]\n\nBak sen \u015fu i\u015fe yahu!\nSikti\u011fimin orospusu", "image": "https://images.genius.com/018cd8aaa019dc2225eb95eac001753c.220x220x1.jpg"}], "artist": "Eminem"}