{"songs": [{"title": "Never Enough", "album": "Encore", "year": "2004-11-12", "lyrics": "[Verse 1: Eminem]\nThere's not much you could do or say to phase me\nPeople think I'm a little bit crazy\nI get it from all angles, even occasionally Doc Dre-zie\nWill have to step in every once in a while to save me\nTo make me stop and think about it 'fore I just say things\nSometimes I forget what other people just may think\nA lot of rappers probably wouldn't know how to take me\nIf they heard some shit, I'd lay the tape 'fore they erased me\nI may be a little too fast-paced and racy\nSometimes the average listener rewinds and plays me\nTwenty times 'cause I say so many rhymes it may seem\nLike I'm goin' too fast 'cause my mind is racing\nAnd I could give a fuck what category you place me\nLong as when I'm pushing up daisies\nAnd gone as long as you place me amongst one of them greats\nWhen I hit the heavenly gates I'll be cool beside Jay-Z\nFor every single die-hard fan who embraced me\nI'm thankful for the talent in which God gave me\nAnd I'm thankful for the environment that he placed me\nBelieve it or not, I thank my mom for how she raised me\nIn the neighborhood daily that jumped and chased me\nIt only made me what I am today, see\nRegardless of what anybody believes who hates me\nYou ain't gonna make or break me\nTryna strip me of my credibility and make me look fake, G\nYou're only gonna be in for a rude awakening\n'Cause sooner or later you haters are all gonna face me\nAnd when you face me with all the shit you've been saving\nTo say to me, you had all this time to think about it\nNow don't pussy out and try to about face me\n'Cause I've been patiently waiting for the day\nThat we finally meet in the same place to see\n\n[Hook: Nate Dogg]\nNo matter how many battles I been in and won\nNo matter how many magazines on my nuts\nNo matter how many emcees I eat up\nOh, it's never enough\nNo matter how many battles I been in and won\nNo matter how many magazines on my nuts\nNo matter how many emcees I eat up\nOh oh, it's never enough\n\n[Verse 2: 50 Cent]\nMy flow's untouchable, now you gotta face it\nUh oh, it gets worse when I go back to the basics\nYou gon' say the wrong shit and get your whole face split\nThe smell of victory, love it so much I can taste it\nI spot my target, blaze it, direct hit\nGraze it, your peace talk, save it\nYour shit sounds dated, you're overrated\nI'm obligated to study your moves then crush you motherfuckers\nIf I'm the best and the worst, then God's gift is a curse\nSoldier trained to destroy \u2013 you payin' attention, boy?\nI spit shit, slick shit, so quick you miss it\nTo be specific I go ballistic as hieroglyphic\nMy music is a drug, press play, you ain't gotta sniff it\nShoot it or pop it, roll it, bag it or chop it\nIt'll get you high over and over, but you gotta cop it\nWhen it's hot, it's hot, your hatin' is undeniable, stop it\n\n[Hook: Nate Dogg]\nNo matter how many battles I been in and won\nNo matter how many magazines on my nuts\nNo matter how many emcees I eat up\nOh, it's never enough\nNo matter how many battles I been in and won\nNo matter how many magazines on my nuts\nNo matter how many emcees I eat up\nOh oh, it's never enough", "image": "https://images.genius.com/919ae1469415f282320db93bbcbd620c.1000x1000x1.png"}], "artist": "Eminem"}