{"songs": [{"title": "Anger Management", "album": "Anger Management 3", "year": "2005-06-28", "lyrics": "[Intro]\nAlright, let's go\nYeah! Welcome to the official\nShade 45 Anger Management 3 Exclusive Mixtape (It's familiar!)\nBrought to you by none other than the mother fuckin'\nNotorious, infamous, DJ Clinton Sparks!\nWhoo!\n\n[Verse]\nOnce again it's the kid, yeah, eat a dick up\nPick up them nuts boy, lick up 'til you hiccup\nSick mo'fucka, yeah, same sick mug, it's the stick up\nHis middle finger and go chica-chica-chica\nHi! My name is Chica-chica-chica\nChica-chica-chica-chica-chica-chica-chica\nTill this shit was stuck in your head\nSo much you were sick of I'mma teach love\nIn these boys say fuck a bitch say your daughter\nAnd so we took this shit more\nChoke a slut, smack a bitch whore\nBeat a bitch up\nLook at these kids they eat this shit up\nAnd this was before I even knew what this shit was\nIt's affecting what it does\nParents come picking at us\nMeanwhile ticket sales have just skyrocketed up\nSo shit fuck, shit fuck, shit fuck\nFuck you suck a dick slut\nBut I gotta go, it's time for me to go and pick up\nJessica, it's official I just broke her and Nick up", "image": "https://images.genius.com/5b4e4107970d86992883eef26d8c871a.400x400x1.jpg"}], "artist": "Eminem"}