{"songs": [{"title": "Hot 100 Chart History", "album": null, "year": "2016-01-10", "lyrics": "1999\n\"My Name Is\"\n2000\n\"The Real Slim Shady\"\n\"The Way I Am\"\n2001\n\"Stan\"\n2002\n\"Without Me\"\n\"Cleanin' Out My Closet\"\n\"Lose Yourself\"\n2003\n\"Superman\"\n\"Sing For The Moment\"\n2004\n\"Just Lose It\"\n2005\n\"Encore\"\n\"Like Toy Soliders\"\n\"Mockingbird\"\n\"Ass Like That\"\n\"When I'm Gone\"\n2006\n\"Shake That\"\n2007\n2008\n2009\n\"We Made You\"\n\"3am\"\n\"Old Time's Sake\"\n\"Beautiful\"\n\"Insane\"\n2010\n\"Elevator\"\n\"Hell Breaks Loose\"\n\"Music Box\"\n\"Not Afraid\"\n\"25 to Life\"\n\"Talkin' 2 Myself\"\n\"Cold Wind Blows\"\n\"Won't Back Down\"\n\"No Love\"\n\"Love The Way You Lie\"\n2011\n2012\n2013\n\"Beautiful Pain\"\n\"The Monster\"\n2014\n\"Survival\"\n\"Rap God\"\n\"Berzerk\"\n\"Headlights\"\n\"Guts Over Fear\"\n2015\n\"Phenomenal\"\n\"Kings Never Die\"", "image": "https://images.rapgenius.com/059d3d9dc3f98c6683c8cf61b30f3be8.1000x667x1.jpg"}], "artist": "Eminem"}