{"songs": [{"title": "What Time You Sucking It*", "album": null, "year": "2016-12-20", "lyrics": "Lyrics will be available when/if the song is released. Stay tuned!\n\n[From snippet]\n\n[Hook]\nTell me what time, what time, what time\nWhat time you sucking it?\nWhat time you sucking it?\nTell me what time (tell me what time)\nWhat time, what time\nWhat time you sucking it?\nWhat time you sucking it?", "image": "https://images.genius.com/b379811c1415017b9f3e3a71b9d26060.400x400x1.jpg"}], "artist": "Eminem"}