{"songs": [{"title": "Good Guy", "album": "Kamikaze", "year": "2018-08-31", "lyrics": "[Verse: Eminem]\nHere we go aga-ain, from heroes to villains\nUsed to be your Romeo but we both were jilted\nA couple of times, so we had a slippery slope to deal with\nBut still, it gave me hope that we'll get\nThrough it together, a severed earlobe\nMailed to you in a E-N-V-elope\nWould be dope, but what kind of lengths can you go?\nPull a Vincent van Gogh, just to convince a damn ho\nTo be a housewife who outright lies\nShe's blackout drunk, now she's backin' out my drive\nI ran outside, why is she tryna act out?\nShe's just about my size, hit me in the mouth twice\nGuys, when someone you'd die for\nSticks a steak knife in your heart, do you try more?\nAnother late night in, she stumbles through my door\nLets the daylight in and all we do's fight more\nAnd I ain't violent, but she's goin' through my drawers\nTo plant the K-Y in, I'm gettin' accused by a whore\nWho smells like St. Ides and who's prob'ly screwed five more\nGuys, sucked eight/nine men\nI'm takin' two-by-fours to our eight-by-tens\nBitch, it's you I tore out the frame, I win\nPut up a new high score, beat this game I'm in\nAnd here's some two-ply for when you date my friends\nIn order to wipe your ass when you moved your bowels\nWhen we renewed our vows, this the thanks I get?\nI'm waitin' for the day I can\nHear you say, \"Marshall, what a skank I've been!\"\n\"And there's a new guy, you're being replaced by him.\"\nGot your tubes tied for him, got that boob job for him\nHurts me to my core, but the pain I'm in\nAfter you, I swore to make the gray skies end\nHere come the rays like when you get a pay hike and\nAm I the good guy or do I just play like him\nAnd hope that he dumps you?\nIt's like a dream come true, just to scream \"Fuck you!\"\nGuess you take life in the same way you play dice then\n'Cause you just look at me and roll them little snake eyes in\nSince\u2014\n\n[Chorus: Jessie Reyez]\nSince you bought the jury, they'll call me guilty\nThey'll call me guilty\nYou bought the jury, they'll call me guilty\nEven though you know the real me\nYou can't beat a cheater, convince a nonbeliever\nAnd I ain't in my feelings, I'm out\nBut I'll let you say that you're the good guy\n'Cause this ain't what love looks like\nYou can't beat a cheater, convince a nonbeliever\nI ain't in my feelings, I'm out\nBut I'll let you say that you're the good guy\nPlay like you're the good guy\nPlay like, play like, play like you're the good guy", "image": "https://images.genius.com/160b53c324c4cdeb709b605d3a591598.1000x1000x1.png"}], "artist": "Eminem"}