{"songs": [{"title": "My Salsa", "album": null, "year": "2004-03-14", "lyrics": "[Intro]\nMy Salsa, Salsa, Salsa, Salsa, my Salsa\nMy Salsa, Salsa, Salsa, Salsa, my Salsa\nMy Salsa, Salsa, Salsa, Salsa, my Salsa\nMy Salsa, Salsa, Salsa, Salsa, my Salsa\n\n[Verse]\nI'm the lead singer of my band\nI get all the girls to take off their underpants\nI'm the lead singer of my band\nMy salsa makes all the pretty girls want to dance\nMy salsa, look out for my next single, it's called \"My Salsa\"\nMy salsa, salsa, salsa, salsa\nMy salsa makes all the pretty girls want to dance\nAnd take off their underpants\nMy salsa makes all the pretty girls want to dance\nAnd take off their underpants, my salsa\nMy salsa\nI'm the lead singer of my band\nI get all the girls to take off their underpants\nI'm the lead singer of my band\nMy salsa makes all the pretty girls want to dance\nMy salsa, look out for my next single, it's called \"My Salsa\"\nMy salsa, salsa, salsa, salsa\nMy salsa makes all the pretty girls want to dance\nAnd take off their underpants\nMy salsa makes all the pretty girls want to dance\nAnd take off their underpants, my salsa\nI'm the lead singer of my band\nI get all the girls to take off their underpants\nI'm the lead singer of my band\nMy salsa makes all the pretty girls want to dance\nMy salsa, look out for my next single, it's called \"My Salsa\"\nMy salsa, salsa, salsa, salsa\nMy salsa makes all the pretty girls want to dance\nAnd take off their underpants\nMy salsa makes all the pretty girls want to dance\nAnd take off their underpants, my salsa\nI'm the lead singer of my band\nI get all the girls to take off their underpants\nI'm the lead singer of my band\nMy salsa makes all the pretty girls want to dance\nMy salsa, look out for my next single, it's called \"My Salsa\"\nMy salsa, salsa, salsa, salsa\nMy salsa makes all the pretty girls want to dance\nAnd take off their underpants\nMy salsa makes all the pretty girls want to dance\nAnd take off their underpants, my salsa\nMy salsa\n\n[Outro]\nWhere'd everybody go?", "image": "https://images.genius.com/356d11b4d909eb04f43cd5e73808e7d8.640x480x1.jpg"}], "artist": "Eminem"}