{"songs": [{"title": "Murder, Murder", "album": "Slim Shady EP", "year": "1997-12-06", "lyrics": "[Scratches: DJ Lenn Swann]\n\"All I see is murder murder, my mindstate\"\n\"Makes it too late for cops to try and stop the crime rate\"\n\"All I see is murder murder, my mindstate\"\n\"Murder, murder, murder and kill, kill, kill\"\n\"All I see is murder murder, my mindstate\"\n\"Makes it too late for cops to try and stop the crime rate\"\n\"All I see is murder murder, my mindstate\"\n\"Murder, murder, murder and kill, kill, kill\"\n\n[Verse 1: Eminem]\nLeft the keys in the van with a gat in each hand\nWent up in Eastland and shot a policeman\nFuck a peace plan if a citizen bystands\nThe shit is in my hands, here's your lifespan\nAnd for what your life's worth, this money is twice than\nGrab a couple grand and lay up in Iceland\nSee, I'm a nice man, but money turned me to Satan\nI'm thirsty for this green so bad I'm dehydratin'\nHurry up with the cash, bitch, I got a ride waitin'\nShot a man twice in the back when he tried skatin'\nI want the whole pie, I won't be denied Nathan\nMaybe I need my head inside straightened\nBrain contemplatin', clean out the register\nDip before somebody catches ya\nOr gets your description and sketches ya\nThen connects you as the prime suspect\nBut I ain't set to flee the scene of the crime just yet\n'Cause I got a daughter to feed\nAnd two hundred dollars ain't enough to water the seed\nThe best thing would be for me to leave Taco Bell\nAnd hit up Chess King and have the lady at the desk bring\nMoney from the safe in the back, stepped in wavin' a MAC\nCo-operate and we can operate and save an attack\nThis bitch tried escapin' the jack\nGrabbed her by the throat, it's murder she wrote\nYou barely heard a word as she choked\nIt wasn't nothin' for her to be smoked\nThen I slammed her on her back 'til her vertebrae broke\nJust then the pigs bust in yellin', \"Freeze!\"\nBut I'm already wanted for sellin' ki's\nAnd a bunch of other felonies from A to Z like spellin' bees\nSo before I dropped to the ground and fell on knees\nI bust shots, they bust back\nHit me square in the chest, wasn't wearin' a vest\n\n[Scratches: DJ Lenn Swann]\n\"All I see is murder murder, my mindstate\"\n\"Makes it too late for cops to try and stop the crime rate\"\n\"All I see is murder murder, my mindstate\"\n\"Murder, murder, murder and kill, kill, kill\"\n\"All I see is murder murder, my mindstate\"\n\"Makes it too late for cops to try and stop the crime rate\"\n\"All I see is murder murder, my mindstate\"\n\"Murder, murder, murder and kill, kill, kill\"\n\n[Verse 2: Eminem]\nLeft the house, pullin' out the drive, backin' out\nBlew the back end out this lady's Jag, started blackin' out\nPulled the MAC-10 out\nStuck it in her face: \"Shut your yackin' mouth\n'Fore I blow the brain from out the back ya scalp!\"\nDrug her by her hair, smacked her up\nFigured, \"Fuck it\u2014mug her while you're there,\" jacked her up\nStole her car and made a profit\nGrabbed the tape from out the deck and loft it\nOut the window like the girl in Set It Off did\nJetted off kid, stole the whip, now I'm a criminal\nDrove it through somebody's yard, dove into they swimmin' pool\nClimbed out and collapsed on the patio\nI made it out alive, but I'm injured badly though\nParents screamin', \"Johnny, go in and call the police!\nTell 'em there's a crazy man disturbing all of the peace!\"\nTried to stall him at least long enough to let me leap up\nRun in they crib and at least leave with some little cheap stuff\nActin' like they never seen nobody hit a lick before\nSmashed the window, grabbed the Nintendo 64\nWhen they sell out in stores, the price triples\nI ran up the block jumpin' kids on tricycles\nAnd collided with an eighty-year-old lady with groceries\nThere goes cheese, eggs, milk and Post Toasties\nStood up and started to see stars\nToo many siren sounds, it seemed like a thousand police cars\nBarely escaped, musta been some dumb luck\nJumped up and climbed the back of a movin' dump truck\nBut I think somebody seen me maybe\nPlus I lost the damn Nintendo and I musta dropped a Beanie Baby\nFuck it, I give up, I'm surrounded in blue suits\nCame out with a white flag hollerin', \"truce-truce!\"(Don't shoot!)\nAnd surrendered my weapon to cops\nWasn't me, it was the gangster rap and the peppermint Schnapps\n\n[Scratches: DJ Lenn Swann]\n\"All I see is murder murder, my mindstate\"\n\"Makes it too late for cops to try and stop the crime rate\"\n\"All I see is murder murder, my mindstate\"\n\"Murder, murder, murder and kill, kill, kill\"", "image": "https://images.genius.com/f3d1acbead162cf3bf222d2ec76cdf8f.1000x1000x1.png"}], "artist": "Eminem"}