{"songs": [{"title": "Fallin", "album": null, "year": "2012-05-29", "lyrics": "[Hook: Lazie Boi]\nCause Baby I'm Lonely\nCan Somebody Hold Me\nIt Feel Like I'm Fallin Now, I Can't Hold My Ground\nIt Feels Like I'm Only\nTrying But Slowly\nIt Feels Like I'm Fallin Now, I Can't Hold My Ground\nNo More\n\n[Verse 1: Tyga]\nProbably one of my realest loves ever, four page letters\nIn time it\u2019s all better, \u2018cause time heal whatever\nI'mma need a moment cause moments last forever\nCars with cream leather, females are on regular\nWhat\u2019s the point in titles, we liking it how they tell us\nI\u2019d rather stay friends with benefits 'til we ready\nNow ready, Sean Don got me feeling heavy\nShe like one more chance, more problems, no Biggie, ah\nIt\u2019s all good, don\u2019t take it the wrong way\nAin\u2019t nothing personal, but who this nigga in your face?\nWe can leave together or you can take your space\nThe night young, we should head over to my place\nHa, now we laughing and all that\nTell your friend they can fall back\nAin\u2019t even gotta ask twice\nShe said what you feeling like?\nI'm like...\n\n[Hook]\n\n[Verse 2: Eminem]\nJimmy can crack corn but I don't care\nMy enemies crack corn but I don't care\n\nYou can be black white or albino yeah\nYou can have cornrows inside your hair\nI give a fuck if I don't like your stare\nThis bottle of wine goes upside your head\n\nA little bit psycho but I know that\nThink you just don't say it and I won't say it\nSee if you don't brag then I don't brag\nI know I'm bad as long as I know I'm bad\nI don't need ya'll to co-sign no shit\nYou can just keept making them tired old threats\nLittle bit like the boy who cried wolf did\nSee me but don't dare to try no shit\nCuz you know that somewhere inside those layers\nThe rattlesnakes right there to bite your ass\nAnd I can be so quite and strike so fast\nLike lightening bolts right out the sky go blast\n\n[Hook]\n\n[Outro: Lazie Boi]\nCause Baby I'm Lonely\nCan Somebody Hold Me\nIt Feel Like I'm Fallin Now, I Can't Hold My Ground\nIt Feels Like I'm Only", "image": "https://images.genius.com/b379811c1415017b9f3e3a71b9d26060.400x400x1.jpg"}], "artist": "Eminem"}