{"songs": [{"title": "Whoo Kid Freestyle", "album": null, "year": null, "lyrics": "Step right up, i'm about to light up the skyline\nSo bright i'm about to fuck your whole night up\nLight up your glow sticks, go stick a stick in your ass\nThis is the ghost of christmas past\nThis is your host, you're supposed to kiss his ass\nThis is gross, but listen close\nStick your whole nose in his crack then lets one go\nAnd blows your whiskers back, then get a great whole whiff\nCause if you last it out, without passing out\nYou'll be on the next episode of fear factor\nYea back to, back to what?\nI don't know, smack a little child actor's butt\nMike Jackson, what?\nWhat the fuck you want? i got a blunt and some jesus juice\nWho needs a excuse these days? the way they rally around\nPedophiles you're lucky i don't pee in your face\nI can do anything and apologize for it later\nAs long as it isn't a racist tape from 88'\nThat cannot be forgave\nIf i drank pee for 18 years straight\nAnd eat shit everyday on a porcelain plate\nThat was shaped like a toilet with a fork, and steak knife\nFor the rest of my life, i had to watch my wife\nGet fucked by Vanilla Ice, twice a day\nCause i said N-I-G-G-A, when i was a teenager\nBlah blah Shade-a 45\nShorty let me get your number baby, maybe\nI can hump your leg, with something\nBut it's time for me to go, so i stopped\nJumped in the vehicle, it's like this\nBecause i", "image": "https://images.genius.com/b379811c1415017b9f3e3a71b9d26060.400x400x1.jpg"}], "artist": "Eminem"}