{"songs": [{"title": "Castle", "album": "Revival", "year": "2017-12-15", "lyrics": "[Chorus: Liz Rodrigues and Eminem]\nI built this castle\nNow we are trapped on the throne\nI'm sorry we\u2019re alone\nI wrote my chapter\nYou'll turn the page when I'm gone\nI hope you\u2019ll sing along\nThis is your song\nI just want you to know that I ain't scared\nWhatever it takes to raise you, I'm prepared\nTo do whatever, to do whatever\nDecember 1st, 1995, dear Hailie\nThis is your song\n\n[Verse 1: Eminem]\nYou'll be coming out of Mommy's stomach soon\nI better do something quick if I'ma be able to support you\nI can barely support me, but as long as you're healthy\nThat's all that matters for the time being\nBut obviously assuming you will be\nJust thinking ahead, I\u2019ma make it if it kills me\nLet\u2019s see how far I can take it with this music\nI'm getting sick of chasing this illusion (ha!)\nSorry for sloppy writing\nThe pen in my hand is shaking, please excuse me\nDad\u2019s a little nervous, but at the same time excited\nIf I use this same energy while I'm saying rhymes and write them\nWith the same passion and the same exact enthusiasm\nAs I'm using in this letter, maybe they can feel me as I'm\nTrying to build these castles out of sand, baby girl\nFor you to sit on the throne, I got plans, baby girl\nWelcome to Mom and Dad\u2019s crazy world\nLove, Daddy, maple-flavored kisses, buttered pancakes, and syrup\n\n[Chorus: Liz Rodrigues and Eminem]\nI built this castle\nNow we are trapped on the throne\nI'm sorry we're alone\nI wrote my chapter\nYou'll turn the page when I'm gone\nI hope you'll sing along\nThis is your song\nI just want you to know that I ain't scared\nWhatever it takes to raise you, I'm prepared\nTo do whatever, to do whatever\nDecember 1st, 1996, dear Hailie\n\n[Verse 2: Eminem]\nYou got your momma's personality, same eyes as I got\nHer beautiful smile, but your ears are the same size as mine are\nSorry for that, a little minor mishap\nBut you'll grow into them, baby, I'm on the grind now\nI'm doing little shows, open mics, all-nighters at studios\nWhile I'm tryna keep the lights on\nWhy does it seem like I'm so close to this dream, yet so far?\nI just keep steering, I'ma turn into someone\nI haven't the slightest clue what I'ma do if it falls through\nYou took your first steps today, you'll probably walk soon\nMy Infinite CD flopped, too many soft tunes\nThey're talking bad about Dad, it's ticking me off too\nMakes me feel like I don't belong or something, ooh\nI think I might have just stumbled onto something new\nGot a prediction for the future, I'm hoping that you\nOpen this envelope when you're older and it holds true\n\n[Chorus: Liz Rodrigues and Eminem]\nI built this castle\nNow we are trapped on the throne\nI'm sorry we're alone\nI wrote my chapter\nYou'll turn the page when I'm gone\nI hope you'll sing along\nThis is your song\nI just want you to know that I ain't scared\nWhatever it takes to raise you, I'm prepared\nTo do whatever, to do whatever\nDecember 24th, 2007, dear Hailie\n\n[Verse 3: Eminem]\nNow if you found these letters, I guess I better try to explain\nA lot's happened in between them since I rised to this fame\nI've said your name but always tried to hide your face\nThis game is crazy, I wanted to claim my love for you, but dang\nI never knew it'd be like this, if I did I wouldn't have done it\nYou ain't asked for none of this shit, now you're being punished?!\nThings that should've been private with me and your mother is public\nI can't stomach, they can take this fame back, I don't want it\nI'll put out this last album then I'm done with it\nOne-hundred percent finished\nFed up with it, I'm hanging it up, fuck it\nExcuse the cursing, baby, but just know\nThat I'm a good person, though they portray me as cold\nAnd if things should worsen, don't take this letter I wrote\nAs a goodbye note, but your dad's at the end of his rope\nI'm sliding down a slippery slope\nAnyways sweetie, I better go\nI'm getting sleepy, love, Dad\u2026 shit, I don't know\n\n[The sound of a bottle of pills being opened is heard. Eminem ingests them and collapses over the floor]", "image": "https://images.genius.com/edd76153e7ac3ec36be997aea55f32ed.1000x1000x1.png"}], "artist": "Eminem"}