{"songs": [{"title": "Phone Tap (Freestyle)", "album": null, "year": null, "lyrics": "I'm ice grilling you, staring you down with a gremlin grin\nI'm Eminem, you're a fag in a women's gym\nI'm Slim, cause Shady is really a fake alias\nTo save me with in case I get chased by space aliens\nA brainiac with a cranium packed full of more uranium\nThan a maniac Saudi Arabian\nA highly combustible head, spasmodic\nStrapped to a Craftmatic adjustable bed\nLaid up in a hospital in critical condition\nI flat lined, jumped up and ran from the mortician\nHigh speed, IV full of Thai-weed\nLooking Chinese with my knee's, stuck together like Siamese\nTwins, joined at the groin like lesbians\nPins and needles, hypodermic needles and pins\nI hope god forgives me for my sins\nIt probably all depends on if I keep on killing my girlfriends", "image": "https://images.genius.com/b379811c1415017b9f3e3a71b9d26060.400x400x1.jpg"}], "artist": "Eminem"}