{"songs": [{"title": "Business (Kevin WiRE Remix)", "album": "Kevin WiRE Remixes Part 2", "year": "2016-12-08", "lyrics": "[Intro]\nMarshall, sounds like an SOS...\n\nHoly wack, unlyrical lyrics Andre, you're fuckin' right...\n\nTo the rapmobile, let's go...\n\n{Marshall, Marshall}, bitches and gentlemen, it's showtime, hurry hurry, step right up\nIntroducing the star of our show, his name is, {Marshall}, you wouldn't want to be anywhere else\nIn the world right now, so without further ado, I bring to you, {Marshall}...\n\n[Verse 1]\nYou 'bout to witness hip-hop in it's most purest, more rawest form, flow almost flawless, most\nHardest, most honest known artist, chip off the old block, but ol' Doc is, {back}, looks like\nBatman brought his own Robin, oh God, Sadam's got his own Laden, with his own private plane, his\nOwn pilot, set to blow college dorm rooms doors off the hinges, oranges, peach, pears, plums\nSyringes, {vnn vnn}, yeah here I come, i'm inches, away from you, dear fear none, hip-hop is in\nA state of 911, so...\n\n[Chorus:]\nLet's get down to business, I don't got no time to play around, what is this, must be a circus in town\nLet's shut the shit down on these clowns, can I get a witness, {hell yeah}\nLet's get down to business, I don't got no time to play around, what is this, must be a circus in town\nLet's shut the shit down on these clowns, can I get a witness, {hell yeah}...\n\n[Verse 2]\nQuick gotta move fast, gotta perform miracles, gee willikers Dre, holy bat syllables, look at\nAll the bullshit that goes on in Gotham when I'm gone, time to get rid of these rap criminals\nSo skip to your lou while I do what I do best, you ain't even impressed no more, you're used to\nIt, flows too wet, nobody close to it, nobody says it, but still everybody knows the shit, the\nMost hated on out of all those who say they get hated on in eighty songs and exaggerate it all\nSo much, they make it all up, there's no such thing, like a female with good looks, who cooks\nAnd cleans, it just means so much more to so much more people when you're rappin' and you know\nWhat for, the show must go on, so I'd like to welcome y'all to Marshall and Andre's carnival\nC'mon now...\n\n[Chorus]\nLet's get down to business, I don't got no time to play around, what is this, must be a circus in town\nLet's shut the shit down on these clowns, can I get a witness, {hell yeah}\nLet's get down to business, I don't got no time to play around, what is this, must be a circus in town\nLet's shut the shit down on these clowns, can I get a witness, {hell yeah}...\n\n[Verse 3]\nIt's just like old times, the dynamic duo, two old friends, why panic, you already know who's\nFully capable, the two capped heroes, dial straight down the center eight-zero-zero, you can\nEven call collect, the most feared duet, since me and Elton played career Russian Roulette, and\nNever even see me blink or get to bustin' a sweat, people steppin' over people just to rush to\nThe set, just to get to see an MC who breathes so freely, ease over these beat's and be so\nBreezy, Jesus how can shit be so easy, how can one Chandra be so Levy, turn on these beats\nMC's don't see me, believe me BET and MTV are gonna grieve, when we leave, dog fo' sheezy\nCan't leave rap alone, the game needs me, 'till we grow beards, get weird, and disappear into\nThe mountains, nothin' but clowns down here, but we ain't fuckin around round here, yo' Dre\nWhat up, can I get a hell, hell yeah, now...\n\n[Chorus]\nLet's get down to business, I don't got no time to play around, what is this, must be a circus in town\nLet's shut the shit down on these clowns, can I get a witness, {hell yeah}\nLet's get down to business, I don't got no time to play around, what is this, must be a circus in town\nLet's shut the shit down on these clowns, can I get a witness, {hell yeah}...\n\n[Outro]\nSo there you have it folks, {Marshall}, has come to save the day, back with his friend Andre\nAnd to remind you that bullshit does not pay, because, {Marshall}, and Andre are here to stay\nAnd never go away until our dying day until we're old and grey, {Marshall}, so until next time\nFriends, same blonde hair, same rap channel, good night everyone, thank you for coming, your host for the evening, {Marshall}, oh, ha...", "image": "https://images.genius.com/20c930ec3640d01d3073843993343c1d.1000x1000x1.jpg"}], "artist": "Eminem"}