{"songs": [{"title": "Remember Me?", "album": "The Marshall Mathers LP", "year": "2000-05-23", "lyrics": "[Chorus: RBX]\nRemember me? Seven executions\nRemember me? I have no remorse\nRemember me? I\u2019m high-powered\nRemember me? I drop bombs, like Hiroshima\n\n[Verse 1: RBX]\nFor this one, they scream \"X, you retarded?!\"\n\u2019Cause I grab the mic and get down like syndrome\nHide and roam into the masses\nWithout boundaries, which qualifies me\nFor the term \u201cuniversal,\u201d without no rehearsal\nI leak words that\u2019s controversial\nLike I\u2019m not the one you wanna contest, see\n\u2019Cause I\u2019ll hit your ass like the train did that bitch\nThat got banned from TV, heavyweight getup\nHit you, watch your whole head split up\nLoco is the motion, we comin\u2019 through\nHollow-tips is the lead the .45 threw\n\n[Chorus: Sticky Fingaz]\nRemember me? Throw ya gunz in the\u00a0air!\nRemember me? Slam! Slam!\nRemember me? Nigga, bacdafucup!\nRemember me? Chka-chka-Onyx!\n\n[Verse 2: Sticky Fingaz]\nNiggas that take no for an answer get told\u00a0no\nYeah, I been told no, but it was more like \u201cNo! No! No!!!\u201d\nLife\u2019s a bitch, met her, fuck you if you let her\nBetter come better than better to be a competitor\nThis vet is ahead of the shit, it\u2019s all redder, you deader and deader\nA medic instead of the cheddars and credda\nSettle vendetta with metal Beretta from ghetto to\u00a0ghetto\nEvidence, nope, never leave a shred of\nI got the soul of every rapper in me, love me or hate me\nMy moms got raped by the industry and made me\nI\u2019m the illest nigga ever, I told you\nI get more pussy than them dyke bitches Total\nWant beef, nigga? Pbbt, you better dead that shit\nMy name should be Can\u2019t-Believe-That-Nigga-Said-That-Shit\nProbably sayin\u2019 he ain\u2019t a killer, but I\u2019m killin\u2019 myself\nSmoke death, fuck bitches raw on the kitchen floor\nSo think what I\u2019ma do to you, have done to you\nGot niggas in my hood who\u2019d do that shit for a blunt or two\nWhat you wanna do? Cocksuckers, we Glock busters\n\u2019Til the cops cuff us, gon' start ruckus and drop blockbusters\nRound the clock hustlers, you cannot touch us\nI\u2019m gettin\u2019 wires, niggas wantin\u2019 me dead\nWantin\u2019 my head, you think it could be somethin\u2019 I\u00a0said?\n\n[Chorus: Eminem]\nRemember me? I just don\u2019t give a\u00a0fuck!\nRemember me? Yeah, fuck you too!\nRemember me? I\u2019m low down and I\u2019m shifty!\nRemember me? I\u2019m Shady!\n\n[Verse 3: Eminem, (Dr.\u00a0Dre)]\nWhen I go out, I\u2019ma go out shootin\u2019\nI don\u2019t mean when I die, I mean when I go out to the club, stupid!\nI\u2019m tryin\u2019 to clean up my fuckin\u2019 image\nSo I promised the fuckin\u2019 critics\nI wouldn\u2019t say \u201cfuckin\u2019\u201d for six minutes\nSix minutes, Slim Shady, you\u2019re on!\nMy baby\u2019s mom, bitch made me an angry blonde\nSo I made me a song, killed her and put Hailie\u00a0on\nI may be wrong, I keep thinkin\u2019 these crazy thoughts\nIn my cranium, but I\u2019m stuck with a crazy mom\nIs she really on as much dope as you say she\u2019s on?\nCame home and somebody musta broke in the back window\nAnd stole two loaded machine guns and both of my trenchcoats\nSick, sick dreams of picnic scenes\nTwo kids, sixteen, with M-16\u2019s and ten clips each\nAnd them shits reach through six kids each\nAnd Slim gets blamed in Bill Clint\u2019s speech to fix these streets?!\nFuck that! Pbbt, you faggots can vanish to volcanic\u00a0ash\nAnd reappear in hell with a can of gas and a\u00a0match!\nAftermath, Dre, grab the gat! Show \u2019em where it\u2019s at!\n(What the fuck you starin\u2019 at, nigga?!)\n\n[Outro: Eminem]\nDon't you remember me?\nRemember me? Remember me?\nRemember me? (Slim Shady!)", "image": "https://images.genius.com/e7f2305258d668431f8e250a41f3459f.1000x1000x1.png"}], "artist": "Eminem"}