{"songs": [{"title": "Just Don't Give a #?@! (Radio Edit)", "album": "Slim Shady EP", "year": "1997-12-06", "lyrics": "[Intro: Frogg]\nWoah, uh get your hands in the air\nAnd get to clapping 'em and, like, back and forth\nBecause this is what you thought it wasn't\nIt be's the brothers representin' the Dirty Dozen\nI be the F-R-O the double G\nAnd check out my man, he goes by the name of um, er\u2026\n\n[Verse 1: Eminem]\nSlim Shady, brain dead like Jim Brady\nI'm an M-80, you little like that Kim lady\nI'm buzzin', Dirty Dozen, naughty rotten rhymer\nCursin' at you playas worse than Marty Schottenheimer\nYou wacker than the motherfucker you bit your style from\nYou ain't gon' sell two copies if you press a double album\nAdmit it, fuck it, while we coming out in the open\nI'm doing acid, crack, smack, coke and smoking dope then\nMy name is Marshall Mathers, I'm an alcoholic\n\"Hi, Marshall!\"\nI have a disease, and they don't know what to call it\nBetter hide your wallet\n'Cause I'm coming up quick to strip your cash\nBought a ticket to your concert just to come and whip your ass\nBitch, I'm coming out swingin', so fast it'll make your eyes spin\nYou getting knocked the fuck out like Mike Tyson\nThe proof is in the pudding, just ask DeShaun Holton\nI'll slit your motherfucking throat worse than Ron Goldman\n\n[Hook: Eminem]\nSo when you see me on your block with two Glocks\nScreaming \"Fuck the world\" like 2Pac\nI just don't give a fuck\nTalking that shit behind my back\nDirty macking, telling your boys that I'm on crack\nI just don't give a fuck\nSo put my tape back on the rack\nGo run and tell your friends my shit is wack\nI just don't give a fuck\nBut see me on the street and duck\n'Cause you gon' get stuck, stoned, and snuffed\n'Cause I just don't give a fuck\n\n[Verse 2: Eminem]\nI'm nicer than Pete, but I'm on a search to crush a milkbone\nI'm everlasting, I melt vanilla ice like silicone\nI'm ill enough to just straight up diss you for no reason\nI'm colder than snow season when it's 20 below freezin'\nFlavor with no seasonin', this is the sneak preview\nI'll diss your magazine and still won't get a weak review\nI'll make your freak leave you, smell the Folgers crystals\nThis is lyrical combat, gentlemen, hold your pistols\nBut I form like Voltron and blast you with my shoulder missiles\nSlim Shady, Eminem was the old initials\nExtortion, snortin', supportin' abortion\nPathological liar, blowing shit out of proportion\nThe looniest, zaniest, spontaneous, sporadic\nImpulsive thinker, compulsive drinker, addict\nHalf animal, half man\nDumping your dead body inside of a fucking trash can\nWith more holes than an afghan\n\n[Hook: Eminem]\nSo when you see me on your block with two Glocks\nScreaming \"Fuck the world\" like 2Pac\nI just don't give a fuck\nTalking that shit behind my back\nDirty macking, telling your boys that I'm on crack\nI just don't give a fuck\nSo put my tape back on the rack\nGo run and tell your friends my shit is wack\nI just don't give a fuck\nBut see me on the street and duck\n'Cause you finna get stuck, stoned, and snuffed\n'Cause I just don't give a fuck\n\n[Verse 3: Eminem]\nSomebody let me out this limousine! I'm a caged demon\nOn stage screamin' like Rage Against the Machine\nI'm convinced I'm a fiend\nShooting up while this record is spinnin'\nClinically brain dead, I don't need a second opinion\nFuck droppin' a jewel, I'm flippin' a sacred treasure\nI'll bite your motherfuckin' style, just to make it fresher\nI can't take the pressure, I'm sick of bitches\nSick of nagging bosses bitchin' while I'm washin' dishes\nIn school I never said much, too busy having a headrush\nDoing too much rush had my face flushed like red blush\nThen I went to Jim Beam, that's when my face grayed\nWent to gym in 8th grade, raped the women's swim team\nDon't take me for a joke, I'm no comedian\nToo many mental problems got me snortin' coke and smokin' weed again\nI'm going up over the curb, driving on the median\nFinally made it home, but I don't got the key to get in\n\n[Hook: Eminem]\nSo when you see me on your block with two Glocks\nScreaming \"Fuck the world\" like 2Pac\nI just don't give a fuck\nTalking that shit behind my back\nDirty macking, telling your boys that I'm on crack\nI just don't give a fuck\nSo put my tape back on the rack\nGo run and tell your friends my shit is wack\nI just don't give a fuck\nBut see me on the street and duck\n'Cause you gon' get stuck, stoned, and snuffed\n'Cause I just don't give a fuck\n\n[Outro: Eminem]\nShit, fuck everybody!\nOutsidaz, Pacewon, Young Zee\n(Fuck the entire world!) DU", "image": "https://images.genius.com/f3d1acbead162cf3bf222d2ec76cdf8f.1000x1000x1.png"}], "artist": "Eminem"}