{"songs": [{"title": "You're Never Over", "album": "Recovery", "year": "2010-06-18", "lyrics": "[Chorus]\nThe days are cold, livin' without you\nThe nights are long, I\u2019m growin' older\nI miss the days of old, thinkin' about you\nYou may be gone, but you\u2019re never over\n\n[Verse 1]\nIf Proof could see me now, I know he\u2019d be proud\nSomewhere in me deep down, there\u2019s somethin' in me he found\nThat made him believe in me, now no one can beat me now\nYou try, it\u2019ll be them doors on Dre's Phantom, believe me, clowns\nThat means \"suicide,\" homie\nYou\u2019ll never throw me off of this course, blow me!\nBitch, I do this all for the sport only\nBut I want it all, I\u2019m not just talkin' awards, homie\nAnd the ball's in my court and it\u2019s lonely\nOn top of the world, when you\u2019re the only one\nWith the balls in your shorts\nTo leave their jaws on the floors with no remorse\n'Member that when they get to doggin' you boy, homie\nSo y\u2019all can just get to bloggin' about bologna\nI\u2019m not gonna stop, the saga continues, no stoppin' the force, Obi\nI\u2019m moppin' the floors with 'em\nI keep tryna pass it, but they keep on droppin' the torch\nAnd it won\u2019t be long 'til this sport is O-V-E-R\nJust Blaze and me, we are knockin' on doors\nAnd no, we ain\u2019t pumpkins on Halloween\nBut we\u2019ll show up on your porch, so be\nCareful what you say, there ain\u2019t no punks over here, so follow me\nThrough the fog like I\u2019m S-N-double-O-P\nLet me guide you through the smoke, G\nIf only I wasn\u2019t travelin' down this road by my lonely\nNo one who knew me like you will ever know me\nI don\u2019t think you understand how much you meant to me\n\n[Chorus]\nThe days are cold, livin' without you\nThe nights are long, I\u2019m growin' older\nI miss the days of old, thinkin' about you\nYou may be gone, but you\u2019re never over\n\n[Bridge]\nAnd it don\u2019t stop, oh-oooh\nAnd it don\u2019t quit, oh-oooh\nAnd it don\u2019t stop, oh-oooh\nAnd it don\u2019t quit, oh-oooh\nAnd I miss you, oh-oooh\nI just miss you, oh-oooh\nI just miss you, oh-oooh\nAnd homie, I\u2019ll never forget you, nooo\n\n[Verse 2]\nFor you, I wanna write the sickest rhyme of my life\nSo sick it\u2019ll blow up the mic, it\u2019ll put the \"dyna\" in mite\nYeah, it\u2019ll make the dopest MC\nWanna jump off a bridge and shit himself\nTap dancin' all over the beat, it\u2019ll jump off the page and spit itself\nGuess that the best thing I can do\nRight now, Doody, for you is to rep\nSo I\u2019m gonna fuck 'til I die, yeah, I'ma do it to death\nAnd instead of mournin' your death\nI\u2019d rather celebrate your life, elevate to new heights\nStep on the gas and accelerate, I'ma need two mics\n'Cause the way that I\u2019m feelin' tonight\nEverything I can just do right\nThere\u2019s nothin' that I can do wrong\nI\u2019m too strong and I\u2019m just too hype\nJust finish the rhyme and I bust it\nExcuse the corny metaphor, but they\u2019ll never ketchup\nTo all this energy that I\u2019ve mustard\nSo God, just help me out while I fight through this grievin' process\nTryna process this loss is makin' me nauseous\nBut this depression ain't takin' me hostage\nI\u2019ve been patiently watchin' this game\nPacin' these hallways, you had faith in me always\nProof, you knew I\u2019d come out of this slump\nRise from these ashes, come right back on their asses\nAnd go Mike Tyson on these bastards\nAnd I'ma show 'em, blow 'em out the water, slaughter 'em, homes\nI\u2019ma own so many belts, only place they can hit me is below 'em\nHomie, I know I\u2019m never gonna be the same without you\nI never woulda came in this game, I\u2019m goin' insane without you\nMatter fact, it was just the other night\nHad another dream about you\nYou told me to get up, I got up, I spread my wings and I flew\nYou gave me a reason to fight, I was on my way to see you\nYou told me, \"Naw, Doody, you\u2019re not!\"\nLayin' on that table, I knew\nI was gonna make it soon as you said, \"think of Hailie\", I knew\nThere wasn\u2019t no way that I was ever gonna leave them babies\nAnd Proof, not many are lucky enough\nTo have a guardian angel like you, Lord, I\u2019m so thankful\nPlease don\u2019t think that I don\u2019t feel grateful, I do\nJust grant me the strength that I need\nFor one more day to get through\nSo, homie, this is your song, I dedicate this to you\nI love you, Doody\n\n[Chorus]\nThe days are cold, livin' without you\nThe nights are long, I\u2019m growin' older\nI miss the days of old, thinkin' about you\nYou may be gone, but you\u2019re never over\n\n[Bridge]\nAnd it don\u2019t stop, oh-oooh\nAnd it don\u2019t quit, oh-oooh\nAnd it don\u2019t stop, oh-oooh\nAnd it don\u2019t quit, oh-oooh\nAnd I miss you, oh-oooh\nI just miss you, oh-oooh\nI just miss you, oh-oooh\nAnd homie, I\u2019ll never forget you, nooo", "image": "https://images.genius.com/161b63f5a1814a72b3d376fb039006c5.200x200x1.jpg"}], "artist": "Eminem"}