{"songs": [{"title": "Shake That", "album": "Curtain Call: The Hits", "year": "2005-12-17", "lyrics": "[Intro: Eminem & Nate Dogg]\nShady, Aftermath\n(Look at that bitch, shit \u2013 hey!)\nThere she go, shakin' that ass on the flo'\nBumpin' and grindin' that pole\nThe way she's grindin' that pole\nI think I'm losin' control\n\n[Verse 1: Eminem]\nGet buzzed, get drunk, get crunk, get fucked up\nHit the strip club, don't forget ones, get your dick rubbed\nGet fucked, get sucked, get wasted, shit faceted\nPasted, plastered \u2013 puke, drink, throw up\nGet a new drink, hit the bathroom sink, throw up\nWipe your shoe clean, got a routine goin'\nStill got a few chunks on them shoestrings showin'\nI was dehydrated 'til the beat vibrated\nI was revived as soon as this bitch gyrated\nThem hips and licked them lips, and that was it\nI had to get Nate Dogg in to sing some shit\n\n[Verse 2: Nate Dogg]\nTwo to the one, from the one to the three\nI like good pussy and I like good tree\nSmoke so much weed, you wouldn't believe\nAnd I get mo' ass than a toilet seat\nThree to the one, from the one to the three\nI met a bad bitch last night in the D\nLet me tell you how I made her leave with me:\nConversation and Hennessy\nI've been to the motherfuckin' mountaintop\nHeard motherfuckers talk, seen 'em drop\nIf I ain't got a weapon I'ma pick up a rock\nAnd when I bust yo' ass I'm gon' continue to rock\nGet your ass off the wall with your two left feet\nIt's real easy, just follow the beat\nDon't let that fine girl pass you by\nLook real close 'cause strobe lights lie\n\n[Bridge: Nate Dogg]\nWe 'bout to have a party (Turn the music up!)\nLet's get it started (Go 'head and shake your butt!)\nI'm lookin' fo' a girl with a body and a sexy strut\nWanna get it poppin', baby? Step right up\nSome girls, they act retarded\nSome girls are 'bout it, 'bout it\nI'm lookin' fo' a girl that will do whatever the fuck\nI say, every day she be givin' it up\n\n[Hook: Nate Dogg]\nShake that ass for me, shake that ass for me\nCome on, girl, shake that ass for me, shake that ass for me\nOh, girl, shake that ass for me, shake that ass for me\nCome on, girl, shake that ass for me, shake that ass for me\n\n[Verse 3: Eminem]\nI'm a menace, a dentist, an oral hygienist\nOpen your mouth for about four or five minutes\nTake a little bit of this fluoride rin-inse\nSwish, but don't spit it; swallow it and now finish\nYeah, me and Nate D-O Double-G\nLookin' for a couple bitches with some double D's\nPop a little champagne and a couple E's\nSlip it in her bubbly, we-\n\n[Bridge 2: Nate Dogg]\nWe finna have a party (Turn the music up!)\nLet's get it started (Go 'head and shake your butt!)\nI'm lookin' fo' a girl I can fuck in my Hummer truck\nApple Bottom jeans and a big ol' butt\nSome girls, they act retarded\nSome girls are 'bout it, 'bout it\nI want a bitch to sit at the crib with no panties on\nKnows that she can, but she won't say no\n\n[Verse 4: Nate Dogg & Eminem]\nNow look at this lady all in front of me, sexy as can be\nTonight I want a slut, would you be mine?\nHeard you was freaky from a friend of mine\nNow, I hope you don't get mad at me\nBut I told Nate you was a freak\nHe said he wants a slut, hope you don't mind\nI told him how you like it from behind\n\n[Hook: Nate Dogg]\nShake that ass for me, shake that ass for me\nCome on, girl, shake that ass for me, shake that ass for me\nOh, girl, shake that ass for me, shake that ass for me\nCome on, girl, shake that ass for me, shake that ass for me\n\n[Bridge: Nate Dogg]\nWe 'bout to have a party (Turn the music up!)\nLet's get it started (Go 'head and shake your butt!)\nI'm lookin' fo' a girl with a body and a sexy strut\nWanna get it poppin', baby? Step right up\nSome girls, they act retarded\nSome girls are 'bout it, 'bout it\nI'm lookin' fo' a girl that will do whatever the fuck\nI say, every day she be givin' it up\n\n[Outro: Eminem & Nate Dogg]\nThere she go, shakin' that ass on the flo'\nBumpin' and grindin' that pole\nThe way she's grindin' that pole\nI think I'm losin' control\nGod! I ain't leavin' without you, bitch!\nYou're comin' home with me!\nAnd my boy, and his boy \u2013 and his boy, and his girl\nHaha, Nate Dogg!", "image": "https://images.genius.com/aa87349486ad7059d9f15d97c32aef96.1000x1000x1.png"}], "artist": "Eminem"}