{"songs": [{"title": "Zucker im Kaffee (Sugar in the coffee)", "album": null, "year": "2015-03-25", "lyrics": "[Verse 1: Eminem]\nHere I go, lyrical\nI have no Idea what I'm doin' but I'm spiritual\nOn the microphone I tear you up in stereo\nI'm like the grand wizard, yes, I'm the imperial\nI have no fuckin' clue what the fuck I'm doin'\nBut \"Freifick, Muschi\", your whole life is ruined\nIf you try to step to me your life's a jeopardy\n'Cause I will seek you out wit'\n\n[Speaking: Stefan Raab to Eminem]\n\"Now it's my part!\"\n\n[Hook: Stefan Raab]\nZucker im Kaffee\nUnd Zitrone oder Sahne in den Tee\nUnd dazu den ganzen Tag lang nur Amor\nDas ist wunderbar, Se\u00f1or\n\n[Speaking: Stefan Raab to Eminem]\n\"And now it's your part again, it's your part again, it's your part again!\"\n\n[Verse 2: Eminem]\nYes, here we go \u2013 break it down\nI got the crown, I'm 'bout to take it now\nYo, I got my man and he's on the guitar\nAnd when it comes to lyrics I go so far\nLike a car that I'm drivin', survivin' of Vivarin\nI'm alive, I'm like eye of the tiger\nAnd I kick it so, so, fuckin' hard\nNow \"Freifick, Muschi\", don't diss me \u2013 regard it, come on!\n\n[Speaking: Stefan Raab to Eminem]\n\"And now it's my part again, here we go!\"\n\n[Hook: Stefan Raab]\nZucker im Kaffee\nUnd Zitrone oder Sahne in den Tee\nUnd dazu den ganzen Tag lang nur Amor\nDas ist wunderbar, Se\u00f1or\nNochmal!\nZucker, Zucker, Zucker, Zucker ...\nZucker im Kaffee\nUnd Zitrone oder Sahne in den Tee, aha!\nUnd dazu den ganzen Tag lang nur Amor\nDas ist wunderbar, Se\u00f1or\n\n[Outro: Stefan Raab]\nGive me some noise! Make some noise!", "image": "https://images.genius.com/b379811c1415017b9f3e3a71b9d26060.400x400x1.jpg"}], "artist": "Eminem"}