{"songs": [{"title": "I Kissed a Boy", "album": null, "year": "2008-09-17", "lyrics": "[Intro]\nAnother motherfucking exclusive!\n\n[Chorus: Eminem]\nI kissed a boy\nAnd I liked it\nThe taste of his hairy fat dick\n\n[Pre-Chorus]\n(Hahahaha, that's the remix)\nShade 45\n\n[Chorus: Eminem]\nI kissed a boy\nAnd I liked it\nThe taste of his hairy fat dick\n\n[Verse 1: Eminem and Masta Ace]\n(Ken Kaniff Voice)\nPeace!\nI am the man\nBut I'm not the one with the can in his hand\nI'm down with a different kind of street band\nAnd I appear from place to place as the Music Man aka Masta Ace", "image": "https://images.rapgenius.com/7d0178a1a211b4419eada4a4eef8c2e9.300x169x1.jpg"}], "artist": "Eminem"}