{"songs": [{"title": "Radio Freestyle 3", "album": "Infinite", "year": null, "lyrics": "[Verse]\nMet a retarded kid named Greg with a wooden leg\nSnatched it off and beat him over the fuckin' head with the peg\nGo to bed with the keg, wake up with the 40\nMix it with Alka Seltzer and Formula 44D\nFuck an acid tab, I'll strap the whole sheet to my forehead\nWait until it absorbed in and fell to the floor dead\nNo more said, case closed, end of discussion\nI'm blowin' up like spontaneous human combustion\nLeavin' you in the aftermath of holocaust and traumas\nCross the bombers? We blowin' up your house killin' your parents\nAnd comin' back to get your foster mommas\nAnd I'm as good at keepin' a promise as Nostradamus\n'Cause I ain't makin' no more threats\nI'm doin' drive-bys in tinted Corvettes on Vietnam war vets\nI'm more or less sick in the head\nMaybe more 'cause I smoked crack today, yesterday and the day before\nSaboteur, walk the block with a labrador\nStrapped with more corral for war than El Salvador\nFoul style galore, verbal cow manure\nComin' together like an eyebrow on Al B. Sure!\nMotherfucker!", "image": "https://images.genius.com/eda31ba0169a98076608e99c8f5f8ef7.590x590x1.jpg"}], "artist": "Eminem"}