{"songs": [{"title": "The Real Slim Shady (Murda Mixtape Version)", "album": null, "year": null, "lyrics": "[Over intro]\n'Eyo, what's going on, my name is Eminem and you're listening to the Stretch Armstrong and Whoo Kid mixtape, stupid\nThe Murda Mixtape; if you don't like it suck my penis\nYou know that little thing\n\n[Intro]\nMay I have your attention, please?\nMay I have your attention, please?\nWill the real Slim Shady please stand up?\nI repeat, will the real Slim Shady please stand up?\nWe're gonna have a problem here\n\n[Verse 1]\nY'all act like you never seen a white person before\nJaws all on the floor like Pam\nLike Tommy just burst in the door\nAnd started whoopin' her ass worse than before\nThey first were divorced, (Whoo Kid!) throwin' her over furniture {Aww!}\nIt's the return of the\u2026 \"Ah, wait, no way, you're kidding\nHe didn't just say what I think he did, did he?\"\nAnd Dr. Dre said... nothing, you idiots\nDr. Dre's dead, he's locked in my basement (Ha ha!)\nFeminist women love Eminem\n\"Chicka, chicka, chicka, Slim Shady, I'm sick of him\nLook at him, walkin' around, grabbin' his you-know-what\nFlippin' the you-know-who,\" \"Yeah, but he's so cute though.\"\nYeah, I probably got a couple of screws up in my head loose\nBut no worse than what's goin' on in your parents' bedrooms\nSometimes I wanna get on TV and just let loose\nBut can't, but it's cool for Tom Green to (What!?) hump a dead moose\n\"My bum is on your lips, my bum is on your lips\"\nAnd if I'm lucky, you might just give it a little kiss (Get back!)\nAnd that's the message that we deliver to little kids\nAnd expect them not to know what a woman's clitoris is\nOf course they're gonna know what intercourse is\nBy the time they hit fourth grade\nThey've got the Discovery Channel, don't they?\nWe ain't nothing but mammals\u2014well, some of us, cannibals\nWho cut other people open like cantaloupes\nBut if we can hump dead animals and antelopes, then there's no reason that a man and another man can't elope (Eugh)\nBut if you feel like I feel, I got the antidote\nWomen, wave your pantyhose, sing the chorus, and it goes\u2026\n\n[Hook]\nI'm Slim Shady, yes, I'm the real Shady\nAll you other Slim Shadys are just (Stretch Armstrong is now in your world) imitating\nSo won't the real Slim Shady please stand up\nPlease stand up, please stand up?\nI'm Slim Shady, yes, I'm the real Shady\nAll you other Slim Shadys are just imitating\nSo won't the real Slim Shady please stand up\nPlease stand up, please stand up?\n\n[Verse 2]\nWill Smith don't gotta cuss in his raps to sell records\nWell, I do, so fuck him and fuck you too! (Ha ha!)\nYou think I give a damn about a Grammy?\nHalf of you critics can't even stomach me\nLet alone stand me\n\"But Slim, what if you win, wouldn't it be weird?\"\nWhy, so you guys could just lie to get me here?\nSo you can sit me here next to Britney Spears?\nShit, Christina Aguilera better switch me chairs\nSo I can sit next to Carson Daly and Fred Durst\nAnd hear 'em argue over who she gave head to first\nLittle bitch put me on blast on MTV\n\"Yeah, he's cute, but I think he's married to Kim, hee-hee.\"\nI should download the audio on MP3\nAnd show the whole world how you gave Eminem VD\nI'm sick of you little girl and boy groups\nAll you do is annoy me\nSo I have been sent here to destroy you\nAnd there's a million of us just like me\nWho cuss like me, who just don't give a fuck like me\nWho dress like me; walk, talk, and act like me\nAnd just might be the next best thing, but not quite me\n\n[Hook]\nI'm Slim Shady, yes, I'm the real Shady\nAll you other Slim Shadys are just imitating\nSo won't the real Slim Shady please stand up\nPlease stand up, please stand up?\nI'm Slim Shady, yes, I'm the real Shady\nAll you other Slim Shadys are just imitating\nSo won't the real Slim Shady please stand up\nPlease stand up, please stand up?\n\n[Verse 3]\nI'm like a head trip to listen to\n\u2018Cause I'm only givin' you things you joke about with your friends inside your livin' room\nThe only difference is I got the balls to say it in front of y'all\nAnd I don't gotta be false (Hah!) or sugarcoat it at all\nI just get on the mic and spit it\nAnd whether you like to admit it\nI just shit it better than 90% of you rappers out can\nThen you wonder: \"How can\nKids eat up these albums like Valiums?\"\nIt's funny, \u2018cause at the rate I'm going, when I'm 30\nI'll be the only person in the nursing home flirting\nPinching nurse's asses when I'm jacking off with Jergens\nAnd I'm jerking, but this whole bag of Viagra isn't working\nAnd every single person is a Slim Shady lurking\nHe could be working at Burger King\nSpittin' on your onion rings\nOr in the parking lot, circling, screamin', \"I don't give a fuck!\"\nWith his windows down and his system up\nSo will the real Shady please stand up\nAnd put one of those fingers on each hand up?\nAnd be proud to be outta your mind and outta control\nAnd one more time, loud as you can, how does it go?\n\n[Hook]\nI'm Slim Shady, yes, I'm the real Shady\nAll you other Slim Shadys are just imitating\nSo won't the real Slim Shady please stand up\nPlease stand up, please stand up?\nI'm Slim Shady, yes, I'm the real Shady\nAll you other Slim Shadys are just imitating\nSo won't the real Slim Shady please stand up\nPlease stand up, please stand up?\nI'm Slim Shady, yes, I'm the real Shady\nAll you other Slim Shadys are just imitating\nSo won't the real Slim Shady please stand up\nPlease stand up, please stand up?\nI'm Slim Shady, yes, I'm the real Shady\nAll you other Slim Shadys are just imitating\nSo won't the real Slim Shady please stand up\nPlease stand up, please stand up? (Haha!)\n\n[Outro]\nHa ha, I guess there\u2019s a Slim Shady in all of us\nFuck it, let\u2019s all stand up", "image": "https://i.genius.com/67ab486d03c47912849703d150f054da3296c097?url=https://static.wixstatic.com/media/b6ac8c_8946e6faa7124da78eefac8c831de245.jpg/v1/fill/w_600,h_610,al_c,q_85,usm_0.66_1.00_0.01/b6ac8c_8946e6faa7124da78eefac8c831de245.webp"}], "artist": "Eminem"}