{"songs": [{"title": "Lose Yourself (Original Demo Version)", "album": "Shady XV", "year": "2014-11-24", "lyrics": "[Intro]\nYo, if you could just, for one minute\nOr one split second in time, forget everything\nEverything that bothers you\nAll your problems, everything, and follow me\n\n[Verse 1]\nIf I was froze inside of a moment\nIf I could capture time inside a capsule, an hourglass full\nOf sand in the palm of my hand, it passes through it\nIf I can grasp it and just control what happens to it\nThen I can trap it, so no more time elapses through it\nIf raps could do it, maybe I could tap into it\nThen I could try to channel it through Cadillacs and Buicks\nTo transmit through 'em, to make you put your ass into it\nAnd that's when you hit the roof because you can't sit through it\nYour passions too much for you to not be dancin' to it\nAnd as you do it, your movements become fast and fluent\nYou're mashin' to it, moshin' 'til you're black and bluish\nYou're actin' foolish, this music it has influenced\nYou to be rowdy but in an orderly fashion, true it's\nChaotic but it's got your body movin' as a unit\nUnitin' together tonight, so make it last and you better just\u2014\n\n[Hook]\nLose yourself in this music, this moment\nWe own it, we won't never let it go (go)\nYou better move yourself 'cause tomorrow's ass can wait\nThere is no time to sit there and procrastinate (you better)\nLose yourself in this music, this moment\nWe own it, we won't never let it go (Go)\nYou better move yourself 'cause tomorrow's ass can wait\nThere is no time to sit there and procrastinate\nYou better\u2014\n\n[Verse 2]\n'Cause when we descend together, we begin to move as one\nIn perfect unison just like the moon and sun\nIlluminate the room and humans soon become aluminum\nRhythmically in sync, if you'll excuse the pun\nBut if you could lose it once, I mean if you could let shit go\nRelax, take a breath, and just let it exit slow\nTo rest your soul, you could leave the rest to me\nIf I could give the world a hit of ecstasy\nTo make 'em feel the feelin' that I'm feelin' right this minute\n'Cause I feel like the night won't end 'til I get finished\nSo close the shades, makin' sure no light gets in it\nThe sky's the limit tonight because the night's infinite\nA high percentage of black people and white mixed in it\nBut no one really gives a fuck 'cause they just like what's spinnin'\nHis life was spinnin', the whole entire night just spinnin'\nLike life's beginning\nSo come out from inside your skin and quit hidin' in it\n\n[Hook]\nLose yourself in this music, this moment\nWe own it, we won't never let it go (go)\nYou better move yourself 'cause tomorrow's ass can wait\nThere is no time to sit there and procrastinate (you better)\nLose yourself in this music, this moment\nWe own it, we won't never let it go (Go)\nYou better move yourself 'cause tomorrow's ass can wait\nThere is no time to sit there and procrastinate\nYou better\u2014", "image": "https://images.genius.com/acc348ccdf6bd18c7aee7ae7c6c3d865.1000x1000x1.png"}], "artist": "Eminem"}