{"songs": [{"title": "Keeping It Raw", "album": null, "year": null, "lyrics": "[Verse 1: Eminem]\nI'm keepin' it raw, illegal like Malik and Jamal\nCause I don't believe in the law, like I'm Steven Seagal\nFlippin' off the police while I'm leapin' a wall\nTake some Tylenol, then fall asleep in a mall\nI got ya little son, you'll be receivin' a call\nYou lucky this little punks still breathin' at all\nFuck the world, this how I get even at y'all\nPop shit, get rolled up and leave in a ball\nI hit you in your mouth and sink ya teeth in ya jaws\nYou won't be able to eat shit, not even a malt\nThis lethal assault, is givin' you a reason to stall\nI'm cockin' this deuce deuce and I'm squeezin' it off\nAt the first burp, fart sniffle a sneeze and a cough\nGet your arm chewed off like you was teasin' a dog\nI'm cold enough and hot enough to freeze and unthaw\nI'll kick my girl out, in 10 degrees in her bra\nYou faggots turn yellow like the trees in the fall\nI'm shittin' on rappers, (Where's Shady?) he's in the stall\nAll that's left of your niece is a piece of her doll\nAnd all that's left of her puppy is a leash and a paw", "image": "https://images.genius.com/b379811c1415017b9f3e3a71b9d26060.400x400x1.jpg"}], "artist": "Eminem"}