{"songs": [{"title": "Untitled", "album": "Recovery", "year": "2010-06-18", "lyrics": "[Intro]\nNah, man, not quite finished yet\nHaha, woo!\n\n[Verse 1]\nGirl, I think you just might've tried\nTo pull a motherfuckin\u2019 fast one, I\u2019m mad\nYou just hurt my goddamn feeling and that was the last one I had\nDoes this look like an arcade?\nTryna play games? See this saw blade?\nSee this silhouette of a stalker in your walkway?\nBetter cooperate or get sauteed\nAnd rotisseried while you\u2019re hog-tied\nMC\u2019s get so quiet\nYou can hear a motherfuckin' dog whistle when I walk by\nColt Seavers on a mule, stuntin' on that ass like the fuckin\u2019 Fall Guy\nI don\u2019t gas my Mercedes after midnight, I treat it like a Mogwai\n'Cause it will turn into a Gremlin\nAnd run over kids, women, and men \u2013 Vrinn-Vrinn!\nMotor so big, you can fit a midget in his engine\nBitch, give me them digits, why you cringin\u2019?\nNot by the hair on my chinny-chin-chin\nWill I spend-spend even ten cents on you, since when\nDo you think it\u2019s gonna cost me a pretty penny?\nShit, if I think a penny\u2019s pretty\nJust imagine how beautiful a quarter is to me\nEenie-meenie-miney-mo\nCatch an Eskimo by his toe while he\u2019s tryin' to roll a snowball\nBut don\u2019t make him lose his cool\nIf he hollers, better let him go, y\u2019all\n\n[Chorus]\nYou don't own me\nNow here we go, go, go\n\n[Verse 2]\nGet up, baby, get a move on like a U-Haul\nYou can rack your brain like pool balls\nYou won't ever think of this shit \u2013 yeah, honey, you called?\nWell, here I come, Havoc on the beat, I wreak it\nEvil \u2013 I see, hear, and speak it\nLady, put your money on Shady, fuck that other weak shit\nPut your eggs in the same basket\nYou can count every motherfuckin\u2019 chicken 'fore it hatches\n'Cause you can bet your ass that we gonna get it crackin\u2019\nLike the Kraken and Titans when they're clashin'\nGet your brains bashed in\nSo bad, you will have Kurt Cobain askin\u2019\nTo autograph a bloodstained napkin\nUnfashionable, and 'bout as rational as a rash on a fag\u2019s asshole\nNow let\u2019s take that line, run it up the flagpole\nWith Elton, see if he\u2019s cool with it\nDon\u2019t stand there and look stupid at\nMe, bitch, I ain\u2019t in the mood for this shit\nGet my dick, Google it 'til it pops up\nY\u2019all are so motherfuckin\u2019 full of shit that you're stopped up\nMe, I\u2019m always shittin' diarrhea of the mouth\n'Til your speakers crap out Pfft, huh, what?\nGirl, you got a hot butt\nLike a lit cigarette (chig-chigga-ret-ret)\nBut you won\u2019t get a hot fudge sundae from me\nSo do not strut my way, slut, because\u2013\n\n[Chorus]\nYou don't own me\nNow here we go, go, go\n\n[Verse 3]\nAnd now that I got your panties in a bunch\nAnd your bowels in an uproar\nI'ma show you why I came, so you stop askin' me what the fuck for\nNow look you little slut, cunt, whore, I know you want more\nBitch, it\u2019s time to put the math back into Mathers\n'Cause I\u2019m a fuckin\u2019 problem \u2013 run, boy!\nEvery flow, got it mastered\nSo every last word that you fuckin\u2019 fags heard\nComes straight from the fish's ass\nYeah, in other words, I\u2019m a bass-turd\nLookin' at me like I killed Kenny, gas in the tank, yeah, still plenty\nNo morals are instilled in me, so remorse, I really don\u2019t feel any\nEat your heart out, Hannibal, understandable why you're jealous\nFuck an animal, I got cannibal magnetism\nCan't resist him now \u2013 can you, ho?\n\u201cShady, I don\u2019t understand your flow\u201d\nUnderstand my flow? Bitch, I flow like Troy Polamalu\u2019s hair, boy\nDon\u2019t you dare try to follow or compare, boy\nI\u2019m raw, you ain\u2019t even medium-rare\nStay the fuck outta my hair, boy\nYou can look, you can stare, and point\nBut you can\u2019t touch, I\u2019m too clairvoyant\nI don\u2019t get it, man, is there a void?\nAll this weak shit, what am I, steroids?\nWell, bitch, I\u2019m back with some shit for that ass\nAnd your trunk, elephant hemorrhoids\nAnd remember, boys\u2013\n\n[Chorus]\nYou don't own me\nNow here we go, go, go\n\n[Outro]\nThank you for coming out\nI hope you enjoyed the show\nUntil next time\nPeace", "image": "https://images.genius.com/7b93181ae4ed594c902bf7e4e2149ca7.1000x1000x1.jpg"}], "artist": "Eminem"}