{"songs": [{"title": "8 Mile: B-Rabbit vs Supa Emcee", "album": "8 Mile (Battles, Cyphers & Freestyles)", "year": null, "lyrics": "[B-Rabbit]\n...\n\n[Supa Emcee]\nHey yo, What up, trailer trash!\n\nYo Future, how'd you get whitey to battle the Savior\nThat's like Darth Vader battling Obey Taylor\nYou can't mess around with the horror\nI grab the mic and Ima murder you, now you'll die tomorrow!\nYou can't kick with the lyrics I spit\nI blow your head off and leave you dying in your blood, you bitch!\nYou still a trick and a hoe and Ima roll\nI fucked your mama; she's a prostitute bro!\nYou thinking you white, but you ain't light\nIma murder you in the gang again, and blast you in de night!\nIm still ill, I'm still for real with Ken Loraine;\nI got a gun on your boy, Ima blow out his brain!\nYou run with a bunch of whack faggots\nIma eat out your meat like I'm in your body; I'm a maggot!\nAnd yo matter of fact, you gettin' played\nYou ain't nothing but a white-boy dying of fucking aids!", "image": "https://images.genius.com/8b0796f6920cbb54e1b8f5f4622ed422.768x768x1.jpg"}], "artist": "Eminem"}