{"songs": [{"title": "Everybody's Looking at Me", "album": null, "year": null, "lyrics": "[verse 1: Eminem]\nLights, action, cameras flashing\nManagers, sponsors, concerts, monster mashing\nFlashing type of mic\nThat was unaware of trash like Marilyn Manson\nUpdated Axle Rose\nWhite version of shaft pimp slappin' hoes\nPull up like a Mac, jet black limo\nStrecth so far back you can't see the back windows\nStepping out pink hats, furs and minks\nChicks on each arm, what the fuck you think?\nRight arm go that kid from N'Sync's chick on it\nLeft arm got that little pink chick on it\nMe and Dre at the VMA's again\nPissin' off all these lesbians and gays again\n\n[Verse 2: Proof]\nLet me show you what the clip does\nCause D12 are harder than virgins inside strip clubs\nYo, we bust thugs\nYou beatin us is like 20 inch doves on glove buzz\nIt won't happen don't take the satisfaction\nWith funk flex you got your back spittin'\nActin' like you harder than life\nPeace to Obie Trice\nRock a mic is on the right\nObie Trice has been around the globe twice\nHow it feel with the shine show was\nPeace to Mark Labelle, Flex and Paul Rosenburg\nYo Em Diddy save me\nAyo, I think my dad's going crazy", "image": "https://images.genius.com/b379811c1415017b9f3e3a71b9d26060.400x400x1.jpg"}], "artist": "Eminem"}