{"songs": [{"title": "Breaking News", "album": null, "year": "2007-02-23", "lyrics": "\"Breaking news: Detroit rapper Eminem cancels his sold-out European tour to check himself into rehab after admitting an addiction to sleep medication. We'll have more on this story as it develops.\"\n\"Shady Records recording artist Obie Trice has apparently survived a gunshot to the head in what appears to be a random drive-by shooting. Meanwhile, Eminem is rumored to be alienated--\"\n\"On again/off again relationship with...\"\n\"This just in, a tour bus involving Eminem's bus...\"\n\"Updating a story we brought you earlier about gunfire at an after-hours club, we've learned that the rapper Proof has been fatally shot.\"\n\"Shady/Aftermath recording artist...\"\n\"Long-time best friend of Eminem and a member of the rap group D12\"\n\"D12, back in the news again today...\"\n\"Is it a sabbatical or the end? The rumors and speculation continue to swirl around Eminem. He insists he's just taking a break, but doubters believe he's retiring, leaving us all to ask, 'Will the real Slim Shady please stand up?'\"", "image": "https://www.google.com/search?q=eminem+king+mathers&rlz=1CASMAI_enUS781US781&source=lnms&tbm=isch&sa=X&ved=0ahUKEwim2fnl9O7aAhVihuAKHfm8BNkQ_AUICygC&biw=1366&bih=654#imgrc=EIrNR4vzLVl6ZM:"}], "artist": "Eminem"}