{"songs": [{"title": "Demon Inside", "album": null, "year": null, "lyrics": "I'm possessed by evil demons that torture me while I'm sleeping\nI keep dreaming of death and I'm hearing people screaming\nThe devil's spirit's trapped inside me and I want it out\nI'm on the couch bleeding to death in a haunted house\nWith both of my wrists slit, I'm lifted up in the air\nAnd suspended in animation like someone's holding me there\nI feel somebody's cold hands wrapping around my neck\nWhile I choke on my own blood that I swallow and drown to death\nBut I found a breath and somehow managed to slip the clutches\nNearly blacking out from dizziness and head rushes\nTripping over OD'd bodies of dead lushes\nBloodstains paint the plush carpet like red blushes\nDoor's open and close by themselves\nBooks fly off shelves, curtains catch fire, the house melts\nMy skin blisters and sticks together like twin sisters\nThe wind blows and shatters windows like ten twisters\nCaught a piece of shrapnel in the Adam's apple\nTwo cups of holy water and I'm looking at 'em half full\nBut as soon as I go to touch 'em they turn into red rum\nIt got silent, then all these voices said\n\"Come follow me into the gates of Hell\"\nI heard 'em yell \"Welcome to the Norman Bates Motel!\"\nI ring the bell for service and I was greeted by his mother\nCovered in dry blood, head still dented from the shovel\nI said I need a room so I could try to get some rest\nShe gave me the keys to the best suite and a bag of cess\nAnd told me that's just for starters, Satan'll be in to see me later\nTo see if I'm interested in being partners", "image": "https://images.genius.com/b379811c1415017b9f3e3a71b9d26060.400x400x1.jpg"}], "artist": "Eminem"}