{"songs": [{"title": "Emulate", "album": "King Mathers", "year": "2011-12-18", "lyrics": "[Verse 1: Obie Trice]\nObie the person that came up introverted\n'Cause of nervousness, that was solely the only verdict\nIt was worth it 'cause he changed, became so observant\nServin' such of a purpose\nIf you knew him earlier in his days, it's like a different version\nSo much hurtin' and pain gave him game for certain\nThat's why it's curtains in this murder, if you get him worked up\nI'm so assertive on these muthafuckas acting tougher\nHad enough of isolatin' myself in a room\nWriting poems and songs, doing the same in school\nNow look what he became, a fool\n'Cause he learned how to sustain his tool and obtain fame from you\nLivin' hard but still Julliard\nA god walks and ain't spend a day in the pew\nRegardless of this I draw visual, pictures when a nigga vents\nSo welcome to the art department\n\n[Verse 2: Eminem]\nI stimulate the brain, mimic, emulate the sane\nCynics keep on thinkin' it's a fuckin' gimmick when it ain't\nClinically insane, brain is on Venus, up Uranus\nLabel me a genius if you ever seen us you would say\n\"He may seem as though he's plain normal\" if you ever meet him\nGreet him with a shake, see he ain't as mean as what they say\nSee the thing is maybe he can't always think of things to say\nSo he's vague, so they mistake him for bein' crazed\nYou part ways, your impression of him changed\nYou don't think he's strange, you turn around and tell him; \"Peace and thanks\"\nYou catch him flippin' you off, with his pants down\nHands around his scrotum, tuckin' his fuckin' penis between his legs\n\n[Verse 3: (Verse 1 Repeated): Obie Trice]\nObie the person that came up introverted\n'Cause of nervousness, that was solely the only verdict\nIt was worth it 'cause he changed, became so observant\nServin' such of a purpose\nIf you knew him earlier in his days, it's like a different version\nSo much hurtin' and pain gave him game for certain\nThat's why it's curtains in this murder, if you get him worked up\nI'm so assertive on these muthafuckas acting tougher\nHad enough of isolating myself in a room\nWriting poems and songs, doing the same in school\nNow look what he became, a fool\n'Cause he learned how to sustain his tool and obtain fame from you\nLivin' hard but still Julliard\nA god walks and ain't spend a day in the pew\nRegardless of this I draw visual, pictures when a nigga vents\nSo welcome to the art department\n\n[Verse 4: Eminem]\nIt's all psychologic, why am I so maniacal?\nAm I a psycho or some kind of psychotic shtick?\nOr am I truly psychotic? Or my molecules just diabolical?\n'Cause biologically, I defy logic, by golly, haul me off on a trolley\nProbably want a quack, or I'm back on that whacky tobacca\nI'ma step away from crack, Obie smacked the shit out of me\nI'm so slap happy, man, snap me back to reality\nI'm a walkin' art gallery, a science museum\nElephantitis of the nuts, you'd probably die if you see them\nI pull them out, they hit the ground and probably crack the cement\nI need an ambulance, I can't just put them back in my pants (Help me!)", "image": "https://images.genius.com/5b4e4107970d86992883eef26d8c871a.400x400x1.jpg"}], "artist": "Eminem"}