{"songs": [{"title": "Never 2 Far", "album": "Infinite", "year": "1996-11-12", "lyrics": "[Intro: Eminem and Denaun Porter]\nDenaun, what up, man?\nWhat up, dawg?\nYou alright?\nChillin', cold as hell\nYes, it is. Hey, bus didn't come here, didn't he?\nNo. Hey look, you got 15 cent?\nNah, I got just enough to get on the bus, I'm broke\nWe gotta go to the store. Alright, man?\nQuick, \u2018cause I'm short\nYeah, we gonna have enough time to go to the store?\nNah, look\nYou should just, how much you got there?\nI only got 75, I'm sure I got a dollar, know what I mean?\nJust throw it in there, they ain't gonna know. You know what? Aye look, I'm sick of takin' this damn bus everywhere, man\nYou gotta make some moves or somethin'\nI know, look, I'm tryna get rich\nI got a baby on the way, I don't even got a car. You know what I'm sayin'?\nI still stay with my moms, 21 and still with my moms\nYeah, look, hey, we gotta make some hit records or somethin', you know what I'm sayin'?\n\u2018Cause I'm tired of bein' broke\n\n[Verse 1: Eminem]\n\u2018Cause all I do is yearn a life without a concern\nAnd dream of havin' a turn to earn money to burn\nMappin' out my strategies to get rich, huh\nMy desire is like a scratch that needs to get itched, huh\n\u2018Cause, man, I live in the D, this shit ain't given for free\nNothin' is different to me, so what else is there to see?\nI'll be the prisoner to flee from all of this misery\nI'm not wishin' to be another fish in the sea\nBut just an MC, so listen to me for this and agree\nYou're missin' the key, you ain't even in the vicinity\nUnconditionally, my aspects to cash checks\nMy objects were never to swab decks\nIt's up to you, the decision is yours\nIf what you vision is tours, or a missionless course\nWhen your shit is in the stores, \u2018cause you can be a star\n\n[Hook: Eminem]\nNo matter wherever you are\nYou're never too far from revenue par\n\u2018Cause you can be king\nYou can rule the world, you can do anything\nIt's on you, baby, \u2018cause you can be a star\nNo matter wherever you are\nYou're never too far from revenue par\n\u2018Cause you can be king\nYou can rule the world, you can do anything\nIt's on you, baby, \u2018cause you can be a star\nNo matter wherever you are\nYou're never too far from revenue, huh\n\n[Interlude: Eminem and Denaun]\nEm: You know what I'm sayin'? See what I'm talkin' about, man? \u2018Cause that's it. Yeah.\nA million dollars ain't even that far away, man.\nDe: Yo, we got to get the money, man!\nI can't be broke for the rest of my life!\nEm: Yeah, I hear what your sayin'. Look, there's got to be somethin' better, you know what I'm sayin'?\nDe: I can't live like this for the rest of my life, man.\nBummin' rides everywhere I go.\nEm: Yeah, what's up with Lexus's and Land Cruisers?\n\n[Verse 2: Eminem]\nYo, I'm not about to chance it and dismiss handlin' business\nI'm cancelin' Christmas to gamble and risk this\nFinancial interest is the matter at hand\nI got an adequate plan for stab at a grand\nI grab what I can and do what I must\nPursue what I lust, it's true that I just\nChoose the few that I trust\nThem's the people that I still got\nFuck with gangsta Philpot, get your grill shot\nThe 5 Ela for life: my man Thyme\nProof, Kyu and Denaun, we move through in the nine\nMy crew's true and divine, we never fronted\nWe just wanted to be funded, and live to be a hundred\nInstead of hunted or bein' wanted as fugitives\nIt's all about a man plannin' what his future is\nWhat he can do for his to be a star\n\n[Hook: Eminem]\nNo matter wherever you are\nYou're never too far from revenue par\n\u2018Cause you can be king\nYou can rule the world, you can do anything\nIt's on you, baby, \u2018cause you can be a star\nNo matter wherever you are\nYou're never too far from revenue par\n\u2018Cause you can be king\nYou can rule the world, you can do anything\nIt's on you, baby, \u2018cause you can be a star\nNo matter wherever you are\nYou're never too far from revenue, huh\n\n[Outro: Eminem and Denaun]\nEm: That's what I'm talkin' about.\nI'm not tryna be the player, I'm tryna be the mayor.\nI want to be president.\nDe: Yo, forgot that president, man.\nI'm tryna be king, makin' dead presidents.\nYou know what I'm sayin'?\nGettin' money any time I want, ownin' my own businesses and all that. You know what I'm sayin'?\nEm: Yeah, I'm tryna be a millionaire, man.\nDe: Hahaha, but don't all, you know?\nYou only live once, '96, baby", "image": "https://images.genius.com/eda31ba0169a98076608e99c8f5f8ef7.590x590x1.jpg"}], "artist": "Eminem"}