{"songs": [{"title": "When the Music Stops", "album": "The Eminem Show", "year": "2002-05-21", "lyrics": "[Intro: Bizarre]\nMusic, reality\nSometimes it's hard to tell the difference\nBut we as entertainers\nHave a responsibility to these kids... Psych!\n\n[Verse 1: Eminem]\nIf I were to die, murdered in cold blood tomorrow\nWould you feel sorrow, or show love? Or would it matter?\nCould never be the lead-off batter\nIf there ain't shit for me to feed off, I'm see-saw battlin'\nBut there's way too much at stake for me to be fake\nThere's too much on my plate\nI done came way too far in this game to turn and walk away\nAnd not say what I got to say\nWhat the fuck you take me for, a joke? You smokin' crack?\n'Fore I do that, I'd beg Mariah to take me back\nI'll get up 'fore I get down\nRun myself in the ground, 'fore I put some wack shit out\nI'm tryna smack this one out the park: five-thousand mark\nY'all steady tryna drown a shark\nAin't gon' do nothin' but piss me off\nLid to the can of whoop-ass, just twist me off\nSee me leap out, pull a piece out\nFuck shootin', I'm just tryna knock his teeth out\nFuck with me now, bitch; let's see you freestyle!\nTalk is cheap, motherfucker, if you really feelin' froggish, leap\nYo, Slim, you gon' let him get away with that?\nHe tried to play you, you can't let him skate with that\nMan, I hate this crap, this ain't rap\nThis is crazy, the way we act when we confuse hip-hop\nWith real life when the music stops\n\n[Verse 2: Swifty McVay]\nAin't no gettin' rid of McVay, if so, you would've tried\nThe only way I'm leavin' this bitch is suicide\nI have died clinically arrived back at my enemies' crib with Hennessy, got drunk then I finished him\nI'm every nigga's favorite archenemy\nPhysically fitted to be the most dangerous nigga with beef\nI spark willingly, with a Dillinger in the dark, diligently\nI'm not what you think, I appear to be fucked up\nMentally endangered; I can't stay away from a razor\nI just want my face in a paper\nI wish a nigga had a grenade to squeeze tight\nTo awake neighbours for acres\nI'll murder you; I gauge and have me turn into a mad man\nSon of Sam; bitch, I'm surgical\nI'm allergic to dyin' \u2013 you think not?\nYou got balls? We can see how large, when the music stops\n\n[Verse 3: Kon Artis]\nI was happy havin' a deal at first\nThought money would make me happy\nBut it only made my pain worse\nIt hurts when you see your friends turn their back on you, dawg\nAnd you ain't got nothin' left but your word and your balls\nAnd you're stressed from the calls of your new friends\nBeggin' with their hands out, checkin' for your record when it's sellin'\nWhen it ain't, that's the end: no laughs, no friends\nNo girls, just the gin you drink till your car spin\nYou think \"Damn!\" when you slam into the wall\nAnd you fall out the car and try to crawl with one arm\nI'm 'bout to lose it all in a pool of alcohol\nIf my funeral's tomorrow\nWonder would they even call? When the music stops\n\n[Verse 4: Kuniva]\nLet's see how many of your men loyal, when I pull up\nLookin' for you with a pistol, sippin' a can of Pennzoil\nI'm revved up; who said what? When lead bust\nYour head just explode with red stuff, I'm handcuffed\nTossed in the paddy-wagon\nBraggin' about how you shouted like a coward\nBullets devoured you, showered you niggas\nIf I was you niggas, I'd run while given the chance\nUnderstand, I can enhance the spirit of man\nDeath itself, it can't hurt me\nJust the thought of dyin' alone that really irks me\nYou ain't worthy to speak thoughts of cheap talk\nBe smart and stop tryna walk how Gs walk before we spark\nHug the floor while we playin' tug-of-war with your life\nFuck a tour and a mic, I'd rather fuck a whore with a knife\nDeliver that shit that coroners like\nYou hype, poppin' shit in broad daylight\nNigga, you're a goner at night; when the music stops\n\n[Verse 5: Proof]\nInstigators turn pits in cages\nLet loose and bit the neighbors; wrist to razors\nY'all don't want war, y'all want talk\nIn the dark, my dogs all bark, like, \"Woof!\"\nProof, nigga, I'm a wolf\nGet your whole roof caved in, like reindeer hoofs\nStomp the booth, shake the floor tiles loose\nThe more y'all breathe, shit, the more I moves\nIt's Hill Street: this is hardcore blues\nPut a gun to rap, check in all our dues\nNigga, or make the news, bet you all y'all move\nWhen the Uzi pop, you better drop, when the music stop\n\n[Verse 6: Bizarre]\nMusic has changed my life in so many ways\nBrain's confused, been fucked since the 5th grade\nLL told me to \"Rock the Bells\"\nN.W.A said \"Fuck the Police,\" now I'm in jail\n'93 was strictly R&B\nFucked up haircut, listened to Jodeci\nMichael Jackson \u2013 who gon' tell me I ain't Mike?\nAss cheeks painted white, fuckin' Priscilla tonight\nFlyin' down Sunset, smokin' crack\nTransvestite in the front, Eddie Murphy in the back\nM.O.P. had me grimy and gritty\nMarilyn Manson: I dyed my hair blue, and grew some titties\nLudacris told me to throw them bows\nNow I'm in the hospital with a broken nose\nAnd a fractured elbow\nVoices in my head, I'm goin' in shock\nI'm reachin' for the Glock, but the music stops [blam]", "image": "https://images.genius.com/c43578375ef2ac32c140cc35dfe2fef1.1000x1000x1.png"}], "artist": "Eminem"}