{"songs": [{"title": "Wicked Shit Freestyle", "album": null, "year": null, "lyrics": "Eminem:\n... grab the mic and I am kickin 'em\nWhile I'm getting wicked with the wicked shit\nAbout to be kicking it with ridiculous skits\nWhen I be flipping 'em\nTaking mic's and ripping them\nWhen I come equipped to grab\nAnd I stab shit\nI stab motherfuckers bad\nThey go back to the lab\nIt's like a crack to the crab\nOr crack to the crack\nIt doesn't matter, cause I'm kicking mad data\nIt doesn't matter who's fatter\nCause if I had a gun, then I would add a whole to your bladder\nKicking the mad fuckin' shit and I ?\nMotherfuckers are scared of\nIn all kind of ways when I rewind blind ...", "image": "https://images.genius.com/b379811c1415017b9f3e3a71b9d26060.400x400x1.jpg"}], "artist": "Eminem"}