{"songs": [{"title": "I\u2019m Back", "album": "The Marshall Mathers LP", "year": "2000-05-23", "lyrics": "[Chorus]\nThat's why they call me Slim Shady (I'm back)\nI'm back (I'm back), I'm back\nThat's why they call me Slim Shady (I'm back)\nI'm back (I'm back), I'm back\nThat's why they call me Slim Shady (I'm back)\nI'm back (I'm back), I'm back\nThat's why they call me Slim Shady (I'm back)\nI'm back (I'm back), I'm back\n\n[Verse 1]\nI murder a rhyme, one word at a time\nYou never heard of a mind as perverted as mine\nYou better get rid of that 9, it ain't gonna help\nWhat good's it gonna do against a man that strangles himself?\nI'm waitin' for Hell, like hell, shit, I'm anxious as hell\nManson, you're safe in that cell, be thankful it's jail\nI used to be my mommy's little angel at twelve\nThirteen, I was puttin' shells in a gauge on a shelf\nI used to get punked and bullied on my block\n'Til I cut a kitten's head off and stuck it in this kid's mailbox (Hey Ma', Ma'!)\nI used to give a fuck, now I could give a fuck less\nWhat do I think of success? It sucks, too much press\nI'm stressed, too much cess, depressed\nToo upset, it's just too much mess\nI guess I must just blew up quick (yes)\nGrew up quick (no) was raised right\nWhatever you say is wrong, whatever I say's right\nYou think of my name now whenever you say, \"Hi\"\nBecame a commodity 'cause I'm W-H-I-\nT-E, \u2018cause MTV was so friendly to me\nCan't wait 'til Kim sees me!\nNow, is it worth it? Look at my life, how is it perfect?\nRead my lips, bitch! What, my mouth isn't workin'?\nYou hear this finger? Oh, it's upside down\nHere, let me turn this motherfucker up right now\n\n[Chorus]\nThat's why they call me Slim Shady (I'm back)\nI'm back (I'm back), I'm back\nThat's why they call me Slim Shady (I'm back)\nI'm back (I'm back), I'm back\nThat's why they call me Slim Shady (I'm back)\nI'm back (I'm back), I'm back\nThat's why they call me Slim Shady (Shady!)\nI'm back (I'm back), I'm back\n\n[Verse 2]\nI take each individual degenerate's head and reach into it\nJust to see if he's influenced by me, if he listens to music\nAnd if he feeds into this shit, he's an innocent victim\nAnd becomes a puppet on the string of my tennis shoe\n(*Scratches*) My name is Slim Shady\nI been crazy way before radio didn't play me\nThe sensational (*scratch*) \"Back is the incredible!\"\nWith Ken Kaniff, who just finds the men edible\nIt's Ken Kaniff on the Internet\nTryin' to lure your kids with him into bed\nIt's a sick world we live in these days\n\"Slim, for pete's sakes, put down Christopher Reeve's legs!\"\nGeez, you guys are so sensitive\n\"Slim, it's a touchy subject, try and just don't mention it.\"\nMind with no sense in it, fried schizophrenic\nWhose eyes get so squinted\nI'm blind from smoke in 'em, with my windows tinted\nWith nine limos rented, doin' lines of coke in 'em\nWith a bunch of guys hoppin' out, all high and indo-scented\nAnd that's where I get my name from, that's why they call me\u2014\n\n[Chorus]\nThey call me Slim Shady (I'm back)\nI'm back (I'm back), I'm back\nThat's why they call me Slim Shady (I'm back)\nI'm back (I'm back), I'm back\nThat's why they call me Slim Shady (I'm back)\nI'm back (I'm back), I'm back\nThat's why they call me Slim Shady (I'm back)\nI'm back (I'm back), I'm back\n\n[Verse 3]\nI take seven {kids} from {Columbine}\nStand 'em all in line, add an AK-47, a revolver, a 9\nA MAC-11 and it oughta solve the problem of mine\nAnd that's a whole school of bullies shot up all at one time\n\u2018Cause I'm Shady, they call me as crazy\nAs the world was over this whole Y2K thing\nAnd by the way, NSYNC, why do they sing?\nAm I the only one who realizes they stink?\nShould I dye my hair pink and care what y'all think\nLip sync and buy a bigger size of earrings?\nIt's why I tend to block out when I hear things\n\u2018Cause all these fans screamin' is makin' my ears ring (Ahh!)\nSo I just throw up a middle finger and let it linger\nLonger than the rumor that I was stickin' it to Christina\n\u2018Cause if I ever stuck it to any singer in showbiz\nIt'd be Jennifer Lopez\u2014and, Puffy, you know this\nI'm sorry, Puff, but I don't give a fuck\nIf this chick was my own mother\nI'd still fuck her with no rubber and cum inside her\nAnd have a son and a new brother at the same time\nAnd just say that it ain't mine\u2014what's my name?\n\n[Chorus]\nI'm Slim Shady (I'm back)\nI'm back (I'm back), I'm back\nThat's why they call me Slim Shady (I'm back)\nI'm back (I'm back), I'm back\nThat's why they call me Slim Shady (I'm back)\nI'm back (I'm back), I'm back\nThey call me Slim Shady (I'm back)\nI'm back (I'm back), I'm back\n\n[Outro]\nGuess who's b-back, back\nGue-gue-guess who's back (hi, Mom!)\n{\u200b\u200b*scratch*}\u200b\u200b Guess who's back\n{\u200b\u200b*scratch*}\u200b\u200b Gue\u2014 {\u200b\u200b*scratch*}\u200b\u200b guess who's back\nD-12 {\u200b\u200b*scratch*}\u200b\u200b Guess who's back\nGue, gue-gue-gue, guess who's back\nDr. Dre {\u200b\u200b*scratch*}\u200b\u200b Guess who's back\nBack back {\u200b\u200b*scratch*}\u200b\u200b back {\u200b\u200b*scratch*}\u200b\u200b\nSlim Shady, 2001\nI'm blew out from this blunt (*sighs*) fuck", "image": "https://images.genius.com/33ec387ed29cf471886e4e0201fe2fec.1000x1000x1.png"}], "artist": "Eminem"}