{"songs": [{"title": "The Watcher (Freestyle)", "album": "The Marshall Mathers LP (Snippet Tape) ", "year": null, "lyrics": "[Verse 1: Eminem]\nThings just ain't the same for psychos\nGuns and rifles, sharp knifes, I like those\nI might just O.D. by the end of tonight's show\nWith the right dose I might wipe out this light pole\nBut, the strangest things can happen from jabbin'\nPregnant women in the abdomen so they can't have children\nBitches get slapped up and drastic ass kicks\nGay-bashin' fags with tire irons and ratchets\nI seen 'em come, I've watched 'em go\nVersace \"Whoa, hey!\" Liberace \"ho!\" (echoes)\nI might have bashed of somebody you probably know\nBuncha' faggots in your clique screamin' \"It's not me! No!\"\nDrag 'em out the closet and across the floor\nWent you paid 'em a visit in the hospital\nStab 'em in the fuckin' tonsils with a popsicle\nStick, and sit back and watch 'em choke\n\nCause every chair that I throw\nPeople sue me for dough\nThey press charges on me\nTill I can\u2019t fight anymore\nBut every girl that I choke\nI got lawyers I know\nWho got judges they know\nSo I suggest you stay home\n\nHa ha\nSon of a bitch \"what, what, what, what, what, what\"\nSlim Shady, album May 23rd\nDr. Dre\n\n(Imitating Dr. Dre)\nDamn bitches, I just took some ecstasy\nI'm an extraterrestrial lesbian with a...\nHa ha\n\nCut that shit off, I'm outta here, peace", "image": "https://images.genius.com/7592b9ffb6253a995347b497d73ac378.590x373x1.png"}], "artist": "Eminem"}