{"songs": [{"title": "Arose", "album": "Revival", "year": "2017-12-15", "lyrics": "[Part I: Arose]\n\nIf I could rewind time like a tape\nInside a boombox, one day for every pill or Percocet that I ate\nCut down on the Valium, I'da heard everything\nBut death is turning so definite\u2014wait!\nThey got me all hooked up to some machine\nI love you, Bean, didn't want you to know I was struggling\nFeels like I'm underwater submerged like a submarine\nJust heard that nurse say, my liver and kidneys aren't functioning\nBeen flirtatious with death, skirt-chasing, I guess\nIt's arrivederci, same nurse, just heard say they're unplugging me\nAnd it's your birthday, Jade, I'm missing your birthday\nBaby girl, I'm sorry, I fucking hate when you hurt, Hai\nAnd sweeties, thank you for waiting to open gifts\nBut, girls, you can just open 'em\nDad ain't making it home for Christmas\nWish I had the strength to just blow a kiss\nI go to make a fist, but I can't make one, I'm frozen stiff\nI yell, but nothing comes out, I'm crying inside, I shout\nMy vocal cords won't permit me, I scream, but it's not aloud\nYou put your arm around Momma to calm her, wow\nI just thought about the aisle I'll never get to walk us down\nNever see you graduate in your caps and gowns\nIt's 'bout to be 2008, how's this happening now?\nI've got so much more to do\nAnd, Proof, I'm truly sorry if I let you down, but this tore me in two\nThe thought of no more me and you\nYou gave me shoes, Nikes like new for me for school\nDoody, I'm trying, but you, you were the glue that binded\nSo many things\u2014time, I'd give anything to rewind it\nI had to walk down my halls and constantly be reminded\nBy pictures all on my walls and I couldn't sleep at night 'cause\nThat image burned in my brain of you on that table\nMe falling across your body, not able to stand to save you\nGod, why did you take him?\nI'm tryna keep his legacy alive, but I'm dying, where's Nathan?\nLittle ladies, be brave, take care of your mother\nSmile pretty for pictures, always cherish each other\nI'll always love ya, and I'll be in the back of your memory\nAnd I know you'll never forget me\nJust don't get sad when remembering\nAnd, little bro, keep making me proud\nYou better marry that girl 'cause she's faithfully down\nAnd when you're exchanging those sacred vows\nJust know that if I could be there, I would\nAnd should you ever see parenthood, I know you'll be good at it\nOh, almost forgot to do something, thank my father too\nI actually learned a lot from you\nYou taught me what not to do\nAnd, Mom, wish I'd have had the chance\nTo have one last heart-to-heart honest and open talk with you\nDoody, I see you, I go to walk to you\nAnd I can feel my soul leave my body and float across the room\nNurses lean over the bed, pulling tubes out\nThen the sheet over my head, shut the room down\nGirls, please don't get upset\nI see them cheeks soaking and wet\nAs you squeeze hold of my neck, so forcibly, don't wanna let\nMe go, pillow drenched, emotional wrecks\nWith every second, each closer to death\nBut suddenly I feel my heart begin to beat slow\nThen a breath, machines go (*beep beep beep*)\nMust've guessed the cheat codes to this shit\nI'm tryna rewind time like a tape\nFind an escape, make a beeline, try and awake\nFrom this dream, I need to re-find my inner strength\nTo remind me, even if a steep climb I must take\nTo rewrite a mistake, I'm rewinding the tape\n\n[Part II: Castle Extended]\n\n(I don't want it!)\nI'll put out this last album, then I'm done with it\nOne hundred percent finished, fed up with it\nI'm hanging it up, fuck it!\nExcuse the cursing, baby, but just know\nThat I'm a good person, though they portray me as cold\nAnd if things should worsen, but I bet you they won't\nI'm pledging to throw this methadone in the toilet\nShred these old letters I wrote\nAll that old pathetic loathing, closing credits can roll\nI'm proud to be back\nI'm 'bout to, like a rematch, outdo Relapse\nWith Recovery, Mathers LP2\nHelp propel me to victory laps\nGas toward 'em and fast forward the past\nConsider them last four minutes as\nThe song I'da sang to my daughters\nIf I'da made it to the hospital less than 2 hours later, but I fought it\nAnd came back like a boomerang on 'em\nNow a new day is dawnin'\nI'm up, Tuesday, it's mornin'\u2014now I know\n\nToilet flush", "image": "https://images.genius.com/edd76153e7ac3ec36be997aea55f32ed.1000x1000x1.png"}], "artist": "Eminem"}