{"songs": [{"title": "8 Mile: Cheddar Bob Freestyle", "album": "8 Mile (Battles, Cyphers & Freestyles)", "year": "2002-09-08", "lyrics": "[B-Rabbit (Eminem)]\nCheddar, I can rip you to a shred a\nCheddar cheese, there's not a better MC than me\nI'm B-Rabbit, bitch, sting like a bee\nFloat like a butterfly, what am I, so what if I\nCut a guy, did I s-s-stutter guy\nLeave you punch drunk from lunch truck to Shelter\nYou never felt the wrath or felt the skelter, melt ya\nGot the belt for the welterweight champ\nYou got in with a fake stamp\nGarbage bag full of clothes, still pullin' hoes\nRip you from head to toe, from leg to bullet hole\nNext gun pull it slow\nAnd aim at the Free World 'fore you let it go\nInstead of \"Oh, I just shot my dick head\"\nAnd yes, you do got a big head\nI can't call it, Cheddar where's your wallet?\nYou're so drunk, you can outdrink the alcoholics\nMake 'em say \"Damn, Cheddar's the man\nHe needs a can surgically removed from his hand\"", "image": "https://images.genius.com/8b0796f6920cbb54e1b8f5f4622ed422.768x768x1.jpg"}], "artist": "Eminem"}