{"songs": [{"title": "I Remember (Everlast Diss)", "album": null, "year": null, "lyrics": "[Intro]\nYour mother.. you fuckin' faggot\nAyo, this next song is dedicated to the memory of Erik Shrody\nRest in peace, we ain't forget about you, you fuckin' homo, we still remember\n\n[Verse 1]\nThere once was a man who liked to jump around\nBut he got too old to jump up and down\nSo he put the mic down and picked the guitar up\nStarted singin the blues like there was no tomorrow\nLeft his boys in the House of Pain\nIt was the wisest decision he ever made\nBut the dumbest thing he could ever do\nWas try to buck a .380 on those that act shady\nTell me now what you gonna do\n\n[Hook]\nCause I remember all those years, how it was when you were here\nI remember how it was, how it was when you were young\nYesterday was so long ago, Kid Rock and Limp Bizkit came along now\nDon't nobody wanna hear your old ass sing no more\n\n[Verse 2]\nI remember back when you had the Knack\nAnd I remember when you had your first heart attack\nI was right there laughin when I heard the news\nI just wish the cardiac woulda murdered you\nMaybe Ice-T's right, you are a bitch\nYou come around when you're broke and you leave when you're rich\nBut the dumbest thing you could ever do\nWas try to buck a 380 on those who act shady\nTell me now what you gonna do\n\n[Hook]\nCause I remember all those years, how it was when you were here\nI remember how it was, how it was when you were young\nYesterday was so long ago, Kid Rock and Limp Bizkit came along now\nDon't nobody wanna hear your old ass sing no more\n\n[Verse 3]\nRemember back in '94, like right before Ms. Everlast was Whitey Ford\nBefore his heart attack had him on life support\nWhen House of Pain was outta fame like someone doused the flame\nAnd they became destined to never jump around again\nOr even further back, when I first had heard \"The Knack\"\nAnd you were down with Syndicate, I went to get your shit, man I was into it\nBut then you went and took your style and switched the shit\nNow you sound ridiculous, you dickless piece of shit\nHow could you diss me, bitch?\nI liked you, thought you was alright for a white dude\nRemember Sway and Tech when I came up and sat beside you\nStarted rhymin, then you left the room and didn't say goodbye or nothin'?\nLike you mad that someone else was white and tried to rhyme or somethin\nI'm sorry man, I wasn't tryin to steal your light or nothin\nBut you're a homosexual, white rappin Irish (Muslim)\nMan I wish I was Irish, I could be a *Muslim* too\nThen I'd be confused as you, and I wouldn't know what to do\nWhat's up with you? I never fucked with you, why would you fuck with me?\nKnowin' I could rap circles around you, what, are you as nuts as me?\nPlus I can sing better than you and I don't fuckin' sing\nAnd probably play guitar better, and I ain't never touched a string\nBut I ain't mad at you, I'd hate me too if I was you\nI'm what you used to be, shit you was me in '92\nSo everytime I write a lyric, I'mma think of you\nAnd maybe that will help me know what it's like to sing the blues\n\n[Hook]\nCause I remember all those years, how it was when you were here\nI remember how it was, how it was when you were young\nYesterday was so long ago, Kid Rock and Limp Bizkit came along now\nDon't nobody wanna hear your old ass sing no more\n\n[Outro]\nYou fuckin' punk pussy, you fuckin faggot, sissy fuck\nAnd by the way, a .380's a fuckin' sissy gun\nIf you're gonna shoot somebody use a fuckin' real gun, you little bitch\nNext time say my fuckin' name in a song, don't be subliminal about it\nYou wanna fuckin' diss me, diss me you fuckin' faggot\nYou fuckin' punk pussy, you fuckin' little bitch, fuckin' cunt", "image": "https://images.genius.com/80fdb6f9c162a3849e2c111cba08a234.500x476x1.jpg"}], "artist": "Eminem"}