{"songs": [{"title": "Verse 2", "album": "The Slim Shady LP (Snippet Tape)", "year": "1999-01-01", "lyrics": "[Verse 1]\nMet a retarded kid named Greg, with a wooden leg\nSnatched it off and beat him over the fucking head with the peg\nGo to bed with the keg, wake up with the forty\nMixed it with Alka-Seltzer and Formula 44D\nFuck an acid tab, I strapped the whole sheet to my forehead\nWaited until it absorbed in, and fell to the floor dead\nNo more said, case closed, end of discussion\nI'm blowin' up like spontaneous human combustion\nLeaving you in the aftermath of holocaust and traumas\nCross the bombers, we blowin' up your house, killing your parents\nAnd coming back to get your foster mommas\nAnd I'm as good at keeping a promise as Nostradamus\nCause I ain't making no more threats\nI'm doin' drive-bys in tinted Corvettes on Vietnam war vets\nI'm more or less sick in the head\nMaybe more cause I smoked crack today, yesterday, and the day before\nSaboteur, walk the block with a Labrador\nStrappin' more corral for war than El Salvador\nFoul style galore, verbal cow manure\nComin' together like the eyebrow on Al B. Sure!\nMotherfucker!", "image": "https://images.genius.com/0b1c9568017c50ed4a1b0e810ff2a60c.480x360x1.png"}], "artist": "Eminem"}