{"songs": [{"title": "Encore / Curtains Down", "album": "Encore", "year": "2004-11-12", "lyrics": "[Intro: 50 Cent & Eminem]\nSh-sh-sh, Shady! Aftermath! Haha!\nG-G-G-G, G-Unit! Haha!\n\n[Chorus: Eminem & 50 Cent]\n\u2019Cause we came here to set this party off right\nLet\u2019s bounce tonight\nAnd if they don\u2019t let us in through the front\nWe\u2019ll come through the side\n\u2019Cause I don\u2019t ever wanna leave the game\nWithout at least saying goodbye\nSo all my people on the left, all my people on the right\nSwing one last time\n\n[Introduction: Eminem]\nGet your ass up for the doctor, one more time\nGet your ass up for the doctor, come on now\nHere we go, cliff hanger, it\u2019s another club banger\nGot ya hangin\u2019 on the edge of your seat, get on down\n\n[Verse 1: Dr. Dre & Eminem]\nTime\u2019s up, game\u2019s over, you lose, I\u00a0win\n\u2019Bout to show these knuckleheads how to do this here\nOh yeah, new year, next phase, begin\nLook who\u2019s got you goin\u2019 crazy again\nI\u2019m a trend, I set one every time I\u2019m in\nI go out and just come back full circle again\nYou a fad, that means you something that we already had\nBut once you\u2019re gone, you don\u2019t come back\nToo bad, you\u2019re off the map now, radar can\u2019t even find you\nWe stay on the grind, you slip, we out-grind you\nYou walk around mad, you let your anger blind you\nWe walk around just playin\u2019 the violin behind you\nEnough with all the pissin\u2019 and moanin\u2019, wining and bitchin\u2019\nSit and observe, listen, you\u2019ll learn if you pay attention\nWhy ten multi-platinum albums later, three diamond\nWorldwide, we\u2019re on the charts with a bullet and still climbin\u2019\n\n[Chorus: Eminem & 50 Cent]\n\u2019Cause we came here to set this party off right\nLet\u2019s bounce tonight\nAnd if they don\u2019t let us in through the front\nWe\u2019ll come through the side\n\u2019Cause I don\u2019t ever wanna leave the game\nWithout at least saying goodbye\nSo all my people on the left, all my people on the right\nSwing one last time\n\n[Introduction: Eminem, Dr. Dre & 50\u00a0Cent]\nWhen Dr. Dre says crunk, you will get it crunk\nGet it crunk! Crunk! Crunk! Crunk!\nAnd when 50 Cent says jump, you get on one foot and jump\nJump! Jump! Jump! Jump!\n\n[Verse 2: Dr. Dre & Eminem]\nThe buzz is tremendous, we drop you all to sense it\nI don\u2019t gotta promote it, for you to know that Doc is off the benches\nWe keep the party rockin\u2019 off the hinges\nWe ain\u2019t showin\u2019 off, we just going off popular consensus\nBut critics say that Doc is soft, Doc is talk\nDoc is all washed up, knock it off, who the fuck is Doc impressin\u2019?\nDoc is this, Doc is that, you got the wrong impression\nYou must be on the cock of Doc, \u2019cause Doc left you all guessin\u2019\nSo DJ take the needle and just drop it on the record (What?!)\nWe gon\u2019 have this motherfucker hoppin\u2019 in a second (Bump, bump!)\nThat\u2019s why we always save the best cut last\nTo make you scratch and itch for it like fresh cut grass\n\u2019Cause we done swam with the sharks, wrestled with alligators\nSpoke to a generation of angry teenagers\nWhom if it wasn\u2019t for rap to bridge the gap may be raised to be racist\nWho may have never got to see our faces\nGraced the cover of Rolling Stone pages\nBroke down barriers of language and races\nJust call on the caped crusaders and leave it to me and Dre\nTo pass the mic and we can play the\nBack and forth all day like the hot potato game\nThat\u2019s why we came to\u2026\n\n[Chorus: Eminem & 50 Cent]\n\u2019Cause we came here to set this party off right\nLet\u2019s bounce tonight\nAnd if they don\u2019t let us in through the front\nWe\u2019ll come through the side\n\u2019Cause I don\u2019t ever wanna leave the game\nWithout at least saying goodbye\nSo all my people on the left, all my people on the right\nSwing one last time\n\n[Introduction: Eminem]\n50 Cent, come on!\n\n[Verse 3: 50 Cent, Dr. Dre & Eminem]\nBounce now, hands up, you know how we do\nWe make the club jump everywhere we go\nIt\u2019s no secret, everybody know\nWhen Dre\u2019s involved, there\u2019s plenty of money involved\nAnd plenty honey\u2019s involved and sunny Sundays and palm trees\nCali, everyday is just another party\nFrom the valleys all the way to them 8\u00a0Mile alleys\nLet\u2019s rally, hands up for the grand finale\nNow raise up out your seat, Dre\u2019s about to speak\nBlaze a pound of weed six days up out the week\nYou can catch me in the studio, bangin\u2019 out the beats to\nProvide you with the heat that keep blazing out your speakers\nSo never say never \u2019cause Shady, Aftermath together\nAlong with G-Unit Records presents the return of the\nThe Doc and Shady, no one can do it better\nWe tear the club up and leave without a shred of evidence that\u00a0a\u2026\n\n[Chorus: Eminem & 50 Cent]\nWe came here to set this party off right\nLet\u2019s bounce tonight\nAnd if they don\u2019t let us in through the front\nWe\u2019ll come through the side\n\u2019Cause I don\u2019t ever wanna leave the game\nWithout at least saying goodbye\nSo all my people on the left, all my people on the right\nSwing one last time\n\n[Outro: Eminem & 50\u00a0Cent]\nYeah, haha! Still Aftermath, 2006! And don\u2019t worry about that Detox album, it\u2019s comin\u2019\u2026 We gon\u2019 make Dre do it! Haha! 50 Cent, G-Unit, Obie Trice, D-Twizzy, Stat Quo, Dr.\u00a0Dre! We ain\u2019t leaving, let\u2019s go, haha! Ladies and gentlemen, thank you all for coming out! Peace!\n*People chanting Eminem\u2019s name*\n*Footsteps*\nOh shit! I almost forgot\u2026\n*Girl screams as Eminem pulls out a\u00a0gun*\nYou\u2019re coming with me!\n*Eminem cocks the gun and starts shooting at the audience*\n*People start to scream terrified and run*\n*Gunshots and shouting*\nHa ha ha. Bye, bye!\n*Eminem shoots himself*\nSee you in hell, fuckers", "image": "https://images.genius.com/51f884720f927560dc38aa3288232b7c.1000x1000x1.png"}], "artist": "Eminem"}