{"songs": [{"title": "Crack a Bottle", "album": "Relapse", "year": "2009-02-02", "lyrics": "[Intro: Eminem]\nOh! Ladies and gentlemen\nThe moment you've all been waiting for\nIn this corner, weighing 175 pounds\nWith a record of 17 rapes, 400 assaults, and 4 murders\nThe undisputed, most diabolical villain in the world\nSlim Shady!\n\n[Chorus: Eminem]\nSo crack a bottle, let your body waddle\nDon't act like a snobby model, you just hit the lotto\nO-oh, o-oh, bitches hoppin' in my Tahoe\nGot one ridin' shotgun and no, not one of 'em got clothes\nNow, where's the rubbers? Who's got the rubbers?\nI noticed there's so many of 'em\nAnd there's really not that many of us\nAnd ladies love us, my posse's kickin' up dust\nIt's on 'til the break of dawn\nAnd we're starting this party from dusk\n\n[Interlude: Eminem]\n(Okay, let's go!)\n\n[Verse 1: Eminem]\nBack with Andre the Giant, Mr. Elephant Tusk\nFix your musk, you'll be just another one bit the dust\nJust one of my mother's sons who got thrown under the bus\nKiss my butt, lick fromunda cheese from under my nuts\nIt disgusts me to see the game the way that it looks\nIt's a must, I redeem my name and haters get mushed\nBitches lust, man, they love me when I lay in the cut\nFisticuffs, the lady give her eighty-some paper cuts\nNow picture us; it's ridiculous, you curse at the thought\n'Cause when I spit the verse the shit gets worse than Worcestershire sauce\nIf I could fit the words, it's picture perfect, works every time\nEvery verse, every line, as simple as nursery rhymes\nIt's elementary, the elephants have entered the room\nI venture to say we're the center of attention, it's true\nNot to mention back with a vengeance, so hence the signal\nOf the bat symbol, the platinum trio's back on you hoes\n\n[Chorus: Eminem]\nSo crack a bottle, let your body waddle\nDon't act like a snobby model, you just hit the lotto\nO-oh, o-oh, bitches hoppin' in my Tahoe\nGot one ridin' shotgun and no, not one of 'em got clothes\nNow, where's the rubbers? Who's got the rubbers?\nI noticed there's so many of 'em\nAnd there's really not that many of us\nAnd ladies love us, my posse's kickin' up dust\nIt's on 'til the break of dawn\nAnd we're starting this party from dusk\n\n[Interlude: Eminem]\n(Ladies and gentlemen, Dr. Dre!)\n\n[Verse 2: Dr. Dre]\nThey see that low rider go by, they're like, \"Oh my!\"\nYou ain't got to tell me why you're sick, 'cause I know why\nI dip through in that Six-Trey, like, \"Sick 'em, Dre!\"\nI'm an itch that they can't scratch, they're sick of me\nBut hey, what else can I say? I love L.A.\u00a0\n\u2018Cause over and above all, it's just another day\nAnd this one begins where the last one ends\nPick up where we left off and get smashed again\nI'll be damned, just fucked around and crashed my Benz\nDrivin' 'round with a smashed front end, let's cash that one in\nGrab another one from out the stable\nThe Monte Carlo, El Camino, or the El Dorado?\nThe hell if I know, do I want leather seats or vinyl?\nDecisions, decisions, garage looks like Precision Collision\nOr Maaco, beats quake like Waco\nJust keep the bass low, speakers away from your face though\n\n[Chorus: Eminem]\nSo crack a bottle, let your body waddle\nDon't act like a snobby model, you just hit the lotto\nO-oh, o-oh, bitches hoppin' in my Tahoe\nGot one ridin' shotgun and no, not one of 'em got clothes\nNow, where's the rubbers? Who's got the rubbers?\nI noticed there's so many of 'em\nAnd there's really not that many of us\nAnd ladies love us, my posse's kickin' up dust\nIt's on 'til the break of dawn\nAnd we're starting this party from dusk\n\n[Interlude: Eminem]\n(And I take great pleasure in introducing: 50 Cent!)\n\n[Verse 3: 50 Cent]\nIt's bottle after bottle\nThe money ain't a thang when you party with me\nIt's what we into, it's simple\nWe ball out of control like you wouldn't believe\nI'm the napalm, the bomb, the Don, I'm King Kong\nGet rolled on, wrapped up and reigned on\nI'm so calm, through Vietnam, ring the alarm\nBring the Chandon, burn marijuan', do what you want\nNigga, on and on, 'til the break of what?\nGet the paper, man, I'm cakin', you know I don't give a fuck\nI spend it like it don't mean nothin'\nBlow it like it's supposed to be blown\nMotherfucker, I'm grown\nI stunt, I style, I flash the shit\nI gets what the fuck I want, so what I trick?\nFat-ass Birkin bags, some classy shit\nJimmy Choo shoes; I say, \"Move,\" a bitch move\n\n[Chorus: Eminem]\nSo crack a bottle, let your body waddle\nDon't act like a snobby model, you just hit the lotto\nO-oh, o-oh, bitches hoppin' in my Tahoe\nGot one ridin' shotgun and no, not one of 'em got clothes\nNow, where's the rubbers? Who's got the rubbers?\nI noticed there's so many of 'em\nAnd there's really not that many of us\nAnd ladies love us, my posse's kickin' up dust\nIt's on 'til the break of dawn\nAnd we're starting this party from dusk", "image": "https://images.genius.com/c7c668375776c76be99ffb3a7ae9d9dd.1000x1000x1.jpg"}], "artist": "Eminem"}