{"songs": [{"title": "'99 Tim Westwood Freestyle", "album": null, "year": null, "lyrics": "[Intro]\nBlastin' off(Aw yeah!)\nYo, I'm sayin' though, you understand what's going on London?\n\n[Pre-Performance Ad-Libs]\nOne two, one two\nOne two, one two, one two\nY'all done started something that you can't undo\nYo, yo\n\n[Verse 1: Eminem]\nI'm up in the spot with Tim Westwood\nYou wanna step to this? You better use your best foot\nFlawless freestyles I drop right off the top\nTake a bottle of beer and bite off the top\nRight of the block, straight to your neighbourhood\nThe flavor's good in London and I'ma stay for good\nYo, check it out, it's Slim Shady\nI rip the radio right off of the S baby\nY'all can't see me 'cause y'all don't wanna even be it\nY'all don't understand these freestyles when I MC it\nOriginal bad boy on the case, cover your face\nCame in the place, blowed and sprayed Puffy with mace\nI lace the weed with insect repellent, better check the smelly\nEminem starts with E, better check the spellin'\nWith a capital, somebody grab me a Snapple\nI got an aspirin capsule trapped on my Adam's apple\nSomebody dropped me on my head and I'm for sure\nThat my mother did it, but the bitch won't admit it was her\nI slit her stomach open with a scalpel when she was 6 months\nAnd said I'm ready now bitch, ain't you feeling these kicks, cunt?\nThe world ain't ready for me yet, I can tell\nI'll probably have a cell next to the furnace in hell\nI'm sicker than sperm cells with syphilis germs\nAnd I'm hotter than my dick is, when I piss and it burns\nI kick you in the tummy until you're sick to your stomach\nAnd vomit so much blood that your clothes stick to you from it\nHit you in the head with a brick till you plummet\nIf y'all don't like me you can suck my dick till you numb it\nAnd all the gibberish you were spittin', you need to kill it\n'Cause your style is like dying in my sleep, I don't feel it\nAnd any MC that try to step to this I'll throw you right off of the roof\nAyo, bust it Proof!\n\n[Verse 2: Proof]\nOne of a kind and I come with the time\nHaving fun with the rhyme until I'm done with your mind\nListen, now every MC got a story\nWell mine is me and my story is an [?] before me\nI'm sorry [?] the style to be proved\nAyo since Big Daddy Kane fell off they don't know how to be smooth\nYo, I seen a fat rodent walk in with Paul Rosen\nWith a gat in holding, talking 'bout he DeShaun Holton\nIt's the same thing, we bust when it come through\nWith Tim Westwood, your best foot forward\nCan't do that, here it is, put your good foot\nWe mack y'all, like y'all was some hoes on Wood wood\nNo time for that, flatbacks when you rap, counterattack\nWith a battle axe, you collapse from them whack raps\nYou try to spit to me, I make you all know I'm a genius\nA [?]\nCome back holding my\u2015yo, no need to cuss, bust (penis!)\nYo we can't say that keep it the cleanest, the meanest\nSlim Shady, next thing it was my fault\nY'all caught outlined in chalk, incredible as the Hulk\nWhile I settle for [?], it's the P-R-letter O\nSex is hetero, cash more checks than federal, you better know\nHow you feel about they got a dope cheddar flow\nAnd my man Dee Teezy, straight from Stress magazine\nBag a scene, we drag your queen\nLike she's a man dressed up, how you feel you get pressed up\nLeft up, it's time for that P-R-O-O, you get F'd up\nYeah it's time for that mind combat\nNext up my man Slim Shade when we rhyme at\n\n[Verse 3: Eminem]\nLast night I OD'd on rush, mushrooms and dust\nAnd rushed to the hospital to get my system flushed\nShucks, I'm an alcoholic and that's all I can say\nI've called in to work cause all I do is frolic and play\nI swallow grenades and take about a bottle a day\nOf Tylenol 3 and talk about how violent I'll be\nGive me 11 Excedrin and my head will spin\nMedicine will get me reving like a 747 jet engine\nScratched my balls till I shred the skin\nDoctor check this rash, look how red it's been\nIt's probably AIDS, forget it then\nI'll strike a still pose and hit you with some ill flows\nThat don't even make sense like dykes using dildos\nSo reach in your bill folds for 10 duckets\nAnd pick up the Slim Shady stuff that's on Rawkus\nSome'n some'n some'n some'n, I can't read it\nMy daughter scribbled over that rhyme, I couldn't read it\n\n[Verse 4: Proof]\nAyo, the truth hurt when Proof hurt\nMove the whole Earth beneath your feet just like loose dirt\nSo F your politics if you swallow, feel the hollow tips rip\nThrough your collar disc, learn your knowledges\nThen burn your colleges, I touch your grill\nWith the skill of a dermatologist, your turn to follow this\nAcknowledge this head cracker, ho smacker\nWhack rapper attacker, internet hacker\nNo slacker, best factor, Midwest bracket\nYeah you know about it, it's us on your jacket\nDJ Headscratcher like a hatchet, who can match it?\nMake you go-go like Gadget, perform magic\nWithout a wand, I drop bombs without Saddam\nA vet' without 'Nam, I make sense without common ground\nI'm still down y'all with my first crew\nYou got a fly style, I down that just like curfew\nYo I'm worth two ears and a mind full of attention\nPlus I'm CEO of the whack MC prevention\nListen to the real gift over ill riffs\nCause you on the mic, me and Em aren't tryna hear like Will Smith\nYour career's not over with, come here to cope a spit\nWe heat the sub y'all before the supernova hit\nI know the truth, so now I\u2019m baring all\nI make R. Kelly confess he stole his first style from Aaron Hall\nA whack MC with a gun, I'm not one\nAnd when see Kurt Cobain tell him \"bring back my shotgun\"\nI got one style for all y'all bazooka\nAyo if I was 2Pac I'd come back from Cuba\nRhyme with me when I push on her tooters\nTryna get wild and then we bust like Lugers\nMe and my man Slim Shady, we pen great-y\nTake our 80 MC's, West you know what, what\nWhat, what, what, what\nWhat\n\n[Verse 5: Eminem]\nYo yo yo\nOne more time I come back\nSlinging the wack, yo\nI'm the illest rapper to hold a cordless, patrolling corners\nLooking for hookers to punch in the mouth with a roll of quarters\nI'm meaner in action than Roscoe beating James Todd Senior\nAnd smackin his back with vacuum cleaner attachments\nI grew up in the wild hood, as a hazardous youth\nWith a messed up childhood, that I use as an excuse\nAnd ain't nothing changed, I kept the same mindstate\nSince the third time that I failed 9th grade\nYou probably think that I'm a negative person, don't be so sure of it\nI don't promote violence, I just encourage it\nI laugh at the sight of death as I fall down a cement flight of steps\nAnd land inside a bed of spider webs\nSo throw caution to the wind, you and a friend\nCan jump off of a bridge and if you live, do it again\nPfft, why not? Blow your brain out, I'm blowing mine out\nForget it, you only live once you might as well die now\n\n[Verse 6: Proof]\nYeah, best do like it is\nRoll your tape recorders, we came to the London borders\nWalk in a caster store, put on a master score\nBlast your four, then I trash your store\nYour woman start to scream so I stab your whore\nJet out your door faster than a Labrador\nYeah, yeah\n\n[Verse 7: Eminem]\nSmoking herb and still we spit\nOn this microphone, they say I'm allowed to say 'shit'\nSo I'ma say it as much as I can\nCause it don't matter cause I'm the man\nWith a fricking beer in my hand\nI said frick cause I was respect to Tim Westwood\nY'all wanna step to this, yo I come from the best hood\nDetroit, the Motown, where it goes down\nKick the flow sound, rappers they know now\nBut kick a pro now\n\n[Verse 8: Proof]\nBack and forth, me and Em don't need to practice\nY'all lack this, we stick you like a cactus\nYou scream like a actress, the fact is\nY'all can't see us in '99, 2000\n3000, 4000 arousing styles\n\n[Verse 9: Eminem]\nAnd 3 plus, y'all wanna be us\nBut none of y'all can see us\nEven if y'all had some new bifocals, I try locals\nSo y'all die [?] cause I smoke you\nPlus I provoke you and then I bust\nFreestyles y'all can't trust, I'm like Canibus\nI bust, can I bust? No you can't\nWell yes I can cause I'm Slim Shady and I'm the man\n\n[Verse 10: Proof]\nWe flex styles like a bicep\nI found out where Canibus money went\nI borrowed a dollar from Wyclef\nRhyme deaf MC's need to try this\nYou can't get with this, make you one of my\nPlus that, we bust back, yo F that\nRap that, step up and get flat\nAnd it's time for y'all to hear what this year's around\nDetroit been quiet long enough\nYo Slim, I need you to back me up\nMy freestyles ain't connecting\nThey better start respecting\n\n[Verse 11: Eminem]\nWell I'ma check then with dirty needles\nIt's two of us but we're not the Beatles\nCause there was three of them, and I am seeing them\nBut yall ain't seeing Em even if I was driving in the BM in the PM\nWith the top up and the top down, don't matter cause I rock now\nYo y'all can hear the Glock sound, 2Pac now\nYo that's what I am when I bust, this lyrical image\nY'all can't just betray the scrimmage\nThat I be killing when I be busting and I'm crushing\nAny MC leave em with no freaking discussion\n\n[Verse 12: Proof]\nRun up in your house then I shot your wife\nAyo Em, hold these Tylenol 3's while I rock the mic\n\n[Verse 13: Eminem]\nWeed lacer, ninty-seven burgundy blazer\nWanted for burgulary, had to ditch the mercury Tracer\nI'm on some loc shit, some fed up with this being broke shit\nI'm not to joke with, yo I don't sell crack, I smoke it\n\n[Break]\nAight?\nBlastin' off, aight?\nWe blastin' off right now, London!\nTim Westwood baby, you don't understand right now!\nWe bombing the whole land on some Vietnam shit yo!\nWhere we [?] yo!\n\n[Verse 14: Eminem]\nHand me an .8, beam me up and land me in space\nI'ma sit on top of the world and spit on Brandy and Ma$e\nI'm more than ill, scarier than a white person\nTrapped in a room with Lauryn Hill, human horror film\nBut with a lot funnier plot, and people that feel me\nCause I'ma still be Madd Rapper, whether I got money or not\nAs long as I'm on pills, and I got plenty of pot\nI'll be in a canoe paddling, makin fun of your yacht\nBut I would like an award\nFor the best rapper to get one mic in The Source\nAnd a wardrobe I can afford\nOtherwise I might just end up back-striking a Ford\nAnd you wonder what the hell I need more Vicodin for\nEverybody's pissing me off; even the No Limit Tank\nLooks like a middle finger sideways flipping me off\nNo duh I'm a great danger to my health\nWhy else would I kill you then jump in the grave and bury myself?\nYou can hate me now\n\n[Verse 15: Proof]\nNeed to run for cover\nEminem is white but he still my brother\nSlim Shady, known to go and smoke crack\nBut you and Charli Baltimore got something in common, you both whack\nHow you feel about that? No need to jock 'em\nYou so whack you make Master P sound like Rakim\nWhen it's time to bust y'all, when we trust y'all, we dust y'all\nWho y'all? Break your balls like cue balls\nI know who you are, you RuPaul\nDo stall, for those try to fall and try to brawl\nAll y'all get bust up and banged up, framed up\nHow many MC's bring my name up?\nThe same slut said the same thing, it's freestyle\nNo need to rehearse, my verse is universal\nCurse a flow, crush you like Hershel Walker\nAllie Sparker, three day sparker highland Parker chalker\nYou MCs can't get darker than the Midwest bracket\nIt's us, me and Emzee\nCome right there, we feeling flimsy\nTipsed up, one time lifetime we ripped up\nIt's bad to the evil, met that, now it's all to say\nDeath rap, fuck hoes, don't even say get blast away, passed away\nBlasted ass, hey yo, they say we're Aftermath\nSlim Shady, you heard that, my words black\nBut bust you up because you preferred that\nTo hear me now, preferred that, the surgical snipe\nPreserved you with life, I'll make you allergic to life\nYou die for this, don't even battle us\nSee us at the\u2015what's that?\u2015Subterreanean\nWe knock your brain in\n\n[Outro]\nFlows are hmm delly-lah like Arabian!\n(Proof mimicking Arabian speech)\nAyo, ayo\nWe don't wanna hear that best white rapper, we be talking 'bout\nBest rapper\nGet all that out, you know what I'm sayin' ?\nNo doubt, never\nBlastin' off\nExplosions left and right(left and right)\nThis is legendary(Legendary)\nLegendary!(Remember this show!)\nThis is John Lennon, this is John Lennon, legendary\nRemember this show\nHistory, baby\nWe on some John Lennon\nBlowin', blowin'\nWe blowin' the spot right now London\nWhere it's war yo!\nBlowin'!\nIt doesn't even matter\nSlim Shady, Big Proof\nCmon Tim Westwood\nWe blowin' up the spot right now London!\nLondon's done, it's gone!\nWhat did ya think baby?\nThanks for having us Tim\nNo doubt, no doubt, we blowin' up the spot\nWe blastin' off with Tim Westwood now\nYou understand what's going on London?\nNo doubt!\nBig up New York, big up Paris, big up London\nBig up Jersey, big up Brooklyn, Queens, Bronx, Manhattan\nBig up Tim Westwood\nWe makin' it happen yo!\nTim Westwood, where it's born!\nThank you everybody, have a good night's sleep", "image": "https://images.genius.com/b379811c1415017b9f3e3a71b9d26060.400x400x1.jpg"}], "artist": "Eminem"}