{"songs": [{"title": "The Equalizer : Soundtrack", "album": null, "year": null, "lyrics": "Eminem riddled everyone by posting the squared picture of \"The Equalizer\" on Instagram - the movie with his favorite actor, Denzel Washington.\n\nJust a day later, trailer has arrived.\n\nIt features Sia's singing and Eminem, most likely, singing a bridge to song. This snippet would be from their second collabo, with \"Beautiful Pain\" being first.\n\nEminem is most likely to do a full soundtrack, maybe even a music video for this song and/or make a cameo.\n\nStay tuned for more info on the song. As for the movie, it's coming 26th September.", "image": "https://images.genius.com/b379811c1415017b9f3e3a71b9d26060.400x400x1.jpg"}], "artist": "Eminem"}