{"songs": [{"title": "Game Over", "album": null, "year": null, "lyrics": "[Royce Da 5'9']\nRyan\u2019s a homocidal misfit\nI write the solution of biophysics\nOn the side of a cliff and some hieroglyphics\nThis my admission to having violence psychotic\nWith the vile polish politics by the way I\u2019m higher than the Eiffel tower tip\nI like writing but I will stick this pencil in your ass before I write ya shit\nPause, inhale hell n kush, us and Yelawolf like a heavy foot gas pedal push\nFelon\u2019s, crooks, going door to door like he\u2019s selling books, Dolly Parton style, melons mush\nNow my bitch dancer, I\u2019m bout as sick as cancer\nIf you could swallow my style, you probably rip ya pants off\nIf you could bottle my style and sell it to somebody\nIt\u2019d probably smell like cologne made out of bits of panther\nThey call me anchor man, I\u2019ll hold down the ship\nLeave you niggas floating in water and go and drown a fish\nFuck I\u2019m fucking heinous, I\u2019ll make you fucking famous\nThem lead showers is coming, fuck is you sayin\u2019\n\n[Eminem]\nFuck, it\u2019s fucking raining, shit, it\u2019s lightening\nBitch, its thundering, cause I\u2019m hushing up I\u2019m a storm if you wonderin\u2019\nShit, shit you could muster up a thought, to take a toter? and a brain fart\nWant urine in your face, all you had to do was say it\nYou wish you woulda just stayed pissed off in the first place\nWe came to monopolise the game\nIlluminati is here, yeah, human oddities\nAt odds with us, just whats gotta be\nCause we started out cold and it snowballed\nWe froze, soon as we rolled up on these hoes\nAll\u2019s we know is you over the bar like Limbo/ Limbaugh\nYou know who you are\nSo quit fucking the dark before we start callin\u2019 you bizaare\nShit screw the boots, ya\u2019ll dun raped a pitbull\nFell in love with Shih-tzu\nThis is directed directly at you\nAnd as for these hoes who don\u2019t know me from a can of paint\nYou must be huffin\u2019, fuck a ballsack if the taints can\u2019t take you on a date\nYou mistake me for a gentleman, your 2000 and late man, Will-I-ain't\nI\u2019m the bad guy, type of guy that will drag 5 girls up on stage\nPour ice in their pants and the first one who pee\u2019s gets a black eye\n\n[Hook - Eminem]\nYou must be outta ya mind\nYou think you fucking with us\nSuck on these nuts\nBitch hang it up, this game is over\n\n[Joell Ortiz]\nPuffing loosies, watching I Love Lucy with Gary Busey\nCrazy, how the fuck could you son me? I\u2019m Shady\nWill there ever come a day when they could slay me?\nI don\u2019t know, fifth month, black and yellow insect, maybe\nTil then I kill the bad man tryna slay me\nEverything you kick weak, your speak kung fu yazy\nAll my homeboys, 2.0 boys\nNickle, I just picked up a Phantom, look how it rolls, Royce!\nEven if I wanted to quit, I ain\u2019t got no choice\nVerses keep coming, I should invoice my own voice\nYou should see the kind of asses that my pole hoist\nHoes be like diamonds in your chain, man, so moist\nBang bang bang bang, house gang, chainsaw\nHere to kill you pussy\u2019s, don\u2019t ask what we came for\nI write til my right arm vein\u2019s sore\nForearm feel like Thor\u2019s arm in a gang war\nYou hear that Yaowa, you know who finna file out\nDefinitively finish you, my fist stick out that eyeball\nPiranha mentality with a jaws bite all night\nComing up, never saw light, but never lost sight\n\n[Joe Budden]\nJets and movers, cess-poolers, meth abusers\nYou step to us, text rugers to respect the shooters\nMy men think in sync, roll with the best crew\nMove to the beat of the same drum without Lex Luger\nWelcome to nay hood, bigger than jects, G\nCheated death multiple times without riggin the deck\nSo I\u2019m well prepped if you just want war\nThere\u2019ll be blood everywhere, you be laying on the Louboutin floor\nIt\u2019s raw, you keep acting like you don\u2019t know Mouse, nigga\nAnd you gon\u2019 need the best doctors, house nigga\nGuard your jewels and avoid large tools\nCause after I spill you at the light, you be in a car pool\nKeep your distance from idiots, cause the truth told\nThey food for thought\u2019s rotten, they gems are fool\u2019s gold\nNeed results from my actions, mistakes I\u2019ll exonerate\nI\u2019m Martin King staring at a picture of Obama\u2019s face\nTalking funds, niggas ain\u2019t never seen stock\nI don\u2019t need the key to the game, I pick a mean lock\n\n[Hook - Eminem]\nYou must be outta ya mind\nYou think you fucking with us\nSuck on these nuts\nBitch hang it up, this game is over\n\n[Crooked I]\nTakeoff, you invited inside of the mind of a psychotic rhymer\nI\u2019m kind of a Dahmer, I\u2019m grinding\nNow rappers are lining up jackers, I\u2019m climbing up ladders\nI buy enough clappers to retire you factors, fire at drama\nYou liars and actors, I\u2019m the genuine article\nBut read me wrong, get my gun and split you to particles, particles\nTell me when and I\u2019m there\nNot only heir to the throne, but my chair is suspended in air\nStay fly like a limited fare\nYou got us pegged wrong, my circle don\u2019t fit in with squares\nI smell shit and piss, know where it\u2019s coming from\nYou stepped on number two just to be number one\nNow I\u2019ma step on you, bring it to yo yard\nBogart for arts, we go hard\nYou frauds just blow hard like broads, I coast guard the west\nI\u2019m Mozart, I compose dark shit with no heart\n\n[Yelawolf]\nI got no Jim Beam in the liver\nGetting head like clean clippers, with haters on my dick like a jeans zipper\nWhen I throw up 16\u2032s like I drink liquor\nYou think you seen sick? Well, bitch, you ain\u2019t seen sicker\nThen I\u2019ll crack, and then I\u2019ll hop around in a hospital gown\nPopping the trunk, my pumper stay cocking the round\nI shit logs and I piss river brown\nCause I drink creek water and spit the river Nile\nAnd that\u2019s as close as I get to a pyramid\nShit, they think I\u2019m Illuminati, so f-ckin\u2019 ignorant\nSick with a grin, here with this pen, so innocent\nBut when you win, they say you a sin, but in the end\nThey jump on the bandwagon and dance to the band playing\nSkinny-ass pants sagging, it\u2019s only yourself you playing\nCall me a clown, but you love where the clown\u2019s hanging\nAnd the freakshow\u2019s at the county carnival then you pay\nBitch, I\u2019m on a trapeze with no legs in the dark\nYelling \u201cGo Shady\u201d driving slower than an old lady\nIn an old \u201989, no piece if you pay me\nGimme peace sign on my grill, no Mercedes\nI\u2019m getting paid for these shows that I throw lately\nSame shows a year ago woulda broken most of you crazies\nThey call me crazy cause I made it\nBitch, you crazy cause you quit, look at my clique lately\nYou ain\u2019t fucking wit\u2019 Budden, you ain\u2019t got no choice with Royce\nYou don\u2019t wanna see the Crooked I, well, listen to Ortiz voice\nThat dirt road hit the 8 Mile, the porno boys\nAnd if Marshall want me to clap, then homie, I deploy\nGame over\n\n[Eminem]\nYo, I don\u2019t think they heard you, tell \u2018em again\n[Yelawolf]\nGame Over", "image": "https://images.genius.com/b379811c1415017b9f3e3a71b9d26060.400x400x1.jpg"}], "artist": "Eminem"}