{"songs": [{"title": "8 Mile: Maurice Grant vs B-Rabbit", "album": "8 Mile (Battles, Cyphers & Freestyles)", "year": "2002-11-08", "lyrics": "[Maurice Grant]\nThe Shelter\nLet me get up in this nigga like smashin'\nWith a red beam Johny blastin'\nEvil is the rhyme assassin\nGet a guy runnin', like haulin' ass\nBury you pink rabbits for askin'\nClosed caption nigga don't say a word\nWhen these flames get to burnin' up\nBurnin' you down\nLeavin' you ground tore up\nFrom the pressure\nWanna frown\nDon't want the nigga known pullin' triggers\nHoist this fool on my neck back-break this nigga\n\n[B-Rabbit]\nYo\nCheck it out\nLook, look\nYo, I gotta flow\nI'm from the Mo, you ain't Detroit, hoe\nTalkin' about seven mile, change your style\nI read your bio, you're really from Ohio\nI'm vile\nThis guy's so fuckin' fat I can't even see his eyes when he smiles\nYo, listen to this\nMotherfuckin' rhyme, yo chicken, we can do this\nAs a matter of fact have another beer\nI'll be right back, dawg, I'ma set the mic right here", "image": "https://images.genius.com/8b0796f6920cbb54e1b8f5f4622ed422.768x768x1.jpg"}], "artist": "Eminem"}