{"songs": [{"title": "Bully", "album": "Straight from the Lab", "year": "2003-11-07", "lyrics": "[Intro]\nYo, check it out\nWhat's fucked up... is I don't see either one of us budging\n\n[Verse 1]\n\"I'm withholding my anger\nThough I'd like to be the strangler\nOf this punk ass little pussy's puny neck\nIt's my right to insist\nThat he acknowledge my existence\nBut he just displays complete lack of respect\"\nThat's what he says to himself\nAs he use his magazines to trash me\nAs he sits with both his feet up at his desk\nSmokes a bag of his weed\nAnd starts imagining things\nAnd he just can't see that he's manically depressed\nAnd in his jealousy and envy\nIt just whirls him in a frenzy\nAs he turns on MTV and sees my face\nHe don't exist in this world\nSo he just twists and he twirls\nSpirals and spins 'til he hurls himself into rage\nAnd it's destroying him slowly\n'Cause he does not even know me\nEven though he sees me everywhere he goes\nSo he just tortures himself, he has no fortune and wealth\nSo he extorts someone else to get his dough\nAnd now he's acting like a bully so he tries to push and pull me\nBut he knows that he can't fool me so he's mad\nAnd he has no choice but to scream and raise his voice up at me\n'Cause it annoys him to see that I ain't scared\n\n[Hook]\nYou ain't no motherfucking (bully)\nAnd I ain't bowing to no motherfucking (bully)\nI won't allow it, ain't gon' cower to no (bully)\nI'll be damned if I don't stand up to a (bully)\nFight like a man and throw my hands up to a (bully...)\nAnd I know it must be fucking with you emotionall(y...)\n\n[Verse 2]\nNow I'm not trying to make no more enemies, no more unfortunately\nThere's so many other motherfuckers that just are\nThey just keep hounding at me\nNow that I'm down with 50\nSuddenly now I got beef with this faggot Ja\nBut his ass is such a puppet, Irv could shove his whole hand up it\nAnd just make him say what he wants him to say\nBut Suge has Irv's on a string and Irv's so nervous that he\nSays anything to this man to keep him at bay\nSo now Ja thinks that he's so tough and Murder Inc.'s the big bad wolf\nAnd they go huff and puff and blow our label down\nBut our building's made out of bricks so you ain't taking out shit\nAnd dawg you just did a song with Bobby Brown\nSo now you try to pull the race card and it backfires in your face hard\n'Cause you know we don't play that black and white shit\nPlus this stylist that you fucked when you was ecstasied up\nWas just a man who's dressed up as a white bitch\n\n[Hook]\nYou ain't no motherfucking (bully)\nAnd I ain't bowing to no motherfucking (bully)\nI won't allow it, ain't gon' cower to no (bully)\nI'll be damned if I don't stand up to a (bully)\nFight like a man and throw my hands up to a (bully...)\nYou must be taking too much (E...)\n\n[Verse 3]\nNow what bothers me the most about hip-hop is we so close\nTo picking up where we left off with Big and Pac\nWe just lost Jam Master J, Big L got blasted away\nPlus we lost Bugz, Slang Ton, and Freaky Tah\nIt's like a never-ending cycle that just seems to come full circle\nEverybody's gotta be so fucking hard\nAnd I'm not excluding myself 'cause I been stupid as well\nI been known to lose it when someone says something smart\nBut as we grow as men, we learn to let shit go, but then again\nThere's only so much bullshit we can really stand\nWe all got reps to uphold when someone steps on our toes\nIt's no exception, it goes for every man\nBut if I really gave a fuck about Ja like he claims he does\nHe'd wake him up and make his boy get off them drugs\nBut he just keeps feeding him pills so if that E doesn't kill him\nSomeone from G-Unit will and I ain't buzzed\nDawg, I'm talking to you straight if the situation escalates\nAny worse, we're gon' lose another soldier to this game\nAnd if I get killed for this rap I got a million in cash\nThat says I will get you back in Hailie's name\n\n[Hook]\nYou ain't no motherfucking (bully)\nAnd I ain't bowing to no motherfucking (bully)\nI won't allow it, ain't gon' cower to no (bully)\nI'll be damned if I don't stand up to a (bully)\nFight like a man and throw my hands up to a (bully...)\nIrvine, get your boy off that (E...)\n\n[Outro]\nGet at me, dog\nHolla", "image": "https://images.genius.com/8dd03ebbf724e2b4d4bafbddf8c3c2f1.1000x1000x1.png"}], "artist": "Eminem"}