{"songs": [{"title": "DJ Fashion Freestyle", "album": null, "year": "1999-01-01", "lyrics": "[Verse]\nCome here spittin' with non written\nNon fiction\nRappers try to step to this with no prediction\nIt doesn't matter cause I'm smashing and bashing and crashing\nI hate rappers with a passion when I'm chilling with DJ Fashion\nYo, I need a frickin' Kleenex or I die like River Phoenix\nWhen I'm chilling with Phoenix\nWith two Coronas I'm on the microphone and I'mma own this\nYo and I'mma bone this\nIn Arizona\nYo, rappers that ain't able\nThat can't stay stable\nI'm on two turntables\nWith my man\nBut he doesn't matter cause he kicks lyrics galore\nAnd he's only 5'4\"\nYo check it out, I bust rhymes and get groovy\nMy man got carded at a rated R movie\nBut it really didn't matter he wasn't insulted\nHe said \"I'm 27 years old. Yo, I'm an adult kid.\"\nBut yo, still\nSlim Shady gets ill with the skill\nAnd I'mma always gonna build and kill\nMy baby's mama just to piss the world off\nJust to piss the girl's off\nYo, I hurl off\nThe top of the building\nKill women and children\nAnd then it hit me\nSuddenly my wrist's tried to slit me\nCouldn't believe it\nYo, y'all couldn't conceive it\nIt's Slim Shady\nI'll fuck a girl in her cleavage\nBleep that out and you can keep it\nJust bleep it\nYo, y'all keep it a secret\nI'm top secret\nLike Pop Secret\nRappers, they don't wanna see\nSlim Shady, I'm from the motherfuckin' D", "image": "https://images.genius.com/b379811c1415017b9f3e3a71b9d26060.400x400x1.jpg"}], "artist": "Eminem"}