{"songs": [{"title": "Mystical Diss", "album": null, "year": "1997-01-01", "lyrics": "Want some water?\nNo, I think I'm okay\nRainshine\n\nI don't care how sick you say it's gonna get\nMy big ass bubble has not busted yet\nBecause I feel\nI feel fine, I feel fine\nYes I feel\nI feel fine, I feel fine\nYes I feel, I feel fine, I feel fine\nYes I feel, I feel fine\n\nNew time again, dis a new time again\nFor de time now, de dodge a man him come through and then\nMe no want no war, me say between no man\n'Cause this hear time dodge a no work for satan\nLord have mercy\nLord have his mercy\nLord have mercy\nLord have his mercy\n\nYou know what?\nI've got nothing to complain about\nMy breath is bad\nBut my beer is stout\nSo take my hand and let us jump about\n'Cause we got nothing to complain about\nThe sky is grey\nI think it's gonna rain\nBut that's okay\n'Cause hell, I like the rain\nSo join me here in this here refrain\nAnd shut your shit\nAnd don't complain\nWhat?\n'Cause we got nothing to complain about\nAnd you got nothing to complain about\nSo c'mon\nIt ain't that difficult to figure out\nThat we've got nothing to complain about\nSo c'mon\n\nA man a shot upon him, life through the dark\nWhen you check it out, it's a natural fact\nJah jah have good judgement when you do all you want\nAnd if...\n\nYou can speak of babylon while you're around me\n'Cause every single little thing I see astounds me\nRainshine...\n\nInna this time, me no fight 'gainst no man\nMe no want no man come try to test dodge\n'Cause when you check it out and go upon one mission\nAnd God and the Father and me inspiration\nMe test upon a mission and a one-way plan\nMe no want no man try disrespect me fashion\n'Cause when you check it out and put inspiration\nAnd that is how a you go reach Mount Zion\n\nI feel magical, mystical, motherful, logistical\n\nLord have his mercy\n\nMagical, mystical, motherful, logistical\nMagical, mystical\nMagical\nMagical, mystical\n\nLook around X3\nOn the ground X2\nThere's a finger on my blister", "image": "https://images.genius.com/b379811c1415017b9f3e3a71b9d26060.400x400x1.jpg"}], "artist": "Eminem"}