{"songs": [{"title": "Beautiful Pain", "album": "The Marshall Mathers LP 2", "year": "2013-11-05", "lyrics": "[Intro: Eminem and Sia]\nI can feel the heat risin'\nEverything is on fire\nToday is a painful reminder\nOf why we can only get brighter\nThe further you put it behind ya\nBut right now I'm on the inside\nLookin' out, \u2018cause\u2014\n\n[Hook: Sia]\nI'm standin' in the flames\nIt\u2019s a beautiful kind of pain\nSettin' fire to yesterday\nFind the light, find the light, find the light\nI'm standin' in the flames\nIt\u2019s a beautiful kind of pain\nSettin' fire to yesterday\nFind the light, find the light, find the light\n\n[Verse 1: Eminem]\nYesterday was the tornado warning, today's like the morning after\nYour world is torn in half, you wake in its wake to start the\nMourning process, and rebuilding, you're still a work in progress\nToday's a whole new chapter, it's like an enormous asthma\nThunderstorm has passed ya, you weathered it\nAnd poked its eye out with the thorn bush that you used to smell the roses\nStopped to inhale, can't even tell your nose is\nStuffed, so focused on the bright side then you floor the gas pedal\nAnd hit the corner faster, more assertive, never looking back\nMay hit the curb, but every day is a new learning curve as you\nSteer through life, sometimes you might not wanna swerve, but you have to\nTo avert a disaster, lucky no permanent damage\n\u2018Cause they hurt you so bad it's like they murdered your ass\nAnd threw dirt on your casket but you've returned from the ashes\nAnd that hurt that you have, you just converted to gasoline\nAnd while you're burning the past standing at inferno and chant\n\n[Hook: Sia]\nI'm standin' in the flames\nIt\u2019s a beautiful kind of pain\nSettin' fire to yesterday\nFind the light, find the light, find the light\nI'm standin' in the flames\nIt\u2019s a beautiful kind of pain\nSettin' fire to yesterday\nFind the light, find the light, find the light\n\n[Verse 2: Eminem]\nYou're so familiarized with what having to swallow this pill is like\nIt happens all the time, they take your heart and steal your life\nAnd it's as though you feel you've died \u2018cause you've been killed inside\nBut yet you're still alive, which means you will survive\nAlthough today you may weep \u2018cause you're weakened\nAnd everything seems so bleak and hopeless, the light that you're seekin'\nIt begins to seep in; that's the only thing keepin'\nYou from leapin' off the mothafreakin' deep end\nAnd I'm pullin' for you to push through this feeling\nAnd with a little time that should do the healing and by tomorrow\nYou may even feel so good that you're willing to forgive 'em\nEven after all the shit you been put through, this feeling of resilience is building\nAnd the flames are burning quick as fire would through this building\nYou're sealed in, but you're fireproof, flame retardant, you withstood it\nAnd as you climb up to the roof, you're just chillin', you look down\n\u2018Cause you're so over 'em you could put the heel of your foot through the ceiling\n\n[Bridge: Eminem]\nAs time passes, things change every day\nBut wounds, wounds heal, but scars still remaining the same\nBut tomorrow, today's going down in flames\nThrow the match, set the past ablaze\n\n[Verse 3: Eminem]\nSo feel the fire beneath your feet as you barely even\nPerspire from the heat, exhale deep and breathe a sigh of relief\nAnd as you say goodbye to the grief it's like watching the walls\nMelt in your prison cell, but you've extinguished this livin' hell\nStill a little piece of you dies as you scream\u2014\n\n[Hook: Sia]\nI'm standin' in the flames\nIt\u2019s a beautiful kind of pain\nSettin' fire to yesterday\nFind the light, find the light, find the light\nI'm standin' in the flames\nIt\u2019s a beautiful kind of pain\nSettin' fire to yesterday\nFind the light, find the light, find the light\n\n[Bridge: Sia]\nI feel the burn, watch the smoke as I turn\nRising, a phoenix from the flames\nI have learned from fighting fights that weren't mine\nIt's not with fists, but with wings that I will fly\n\n[Hook: Sia]\nAnd I'm standin' in the flames\nIt\u2019s a beautiful kind of pain\nSettin' fire to yesterday\nFind the light, find the light, find the light\nI'm standin' in the flames\nIt\u2019s a beautiful kind of pain\nSettin' fire to yesterday\nFind the light, find the light, find the light", "image": "https://images.genius.com/a24c8428273f315c50a002663b515ffb.1000x1000x1.png"}], "artist": "Eminem"}