{"songs": [{"title": "The Re-Up", "album": "Eminem Presents: The Re-Up", "year": "2006-12-04", "lyrics": "[Intro: Eminem]\n[Eminem beatboxing.]\nWe should do something like that, yeah\n\n[Hook - 50 Cent]\nBoom boom chuck, boom b-boom chuck!\nBoom boom chuck, Yeah, that's what's up!\nBoom boom chuck, boom b-boom chuck!\nBoom boom chuck, b-boom, Shady!\n\n[Verse 1 - Eminem]\nThere's never been this, much of a menace in this game as this\nAnd it's the, most sinister duo in the business\nOnce again its the, illest and realest killas\nThe most villainous, Dre protege, Shady apprentice\nDrop them zeros and get with these heroes\nDo you want losers or winners, this music is in us, and it's\nNot over till we say it's finished and G-Unit spinners\nWill keep spinnin', this is Hip Hop when it's in it's\nTruest form, the greatest, Hate us or love us\nMake voodoo dolls of us and keep sticking them pins in us\nThick as his skin is or as short as his wick is\nThe trick is to be able to walk big as his dick is\nAnd as sick as his music is, or was, still is\nWhatever, forever, he will be the illest\nTo ever sh-shock the world, what to do next\nHe's already reconciled with his {ex}, a chainsaw and an axe\nChoke a bitch to death, strangle her neck\nWhile we have sex, while Bill Clinton plays the sax\nI sprays the facts, yeah, bring Shady on back\nThe maniac of rap, devil baby on crack\nResurrect, I never left, baby, I'm bad\nI've gone mad, my comrade Dre-zie automatically\nSays I'm too broke to fix, way beyond that\nI may be off drugs, but it's made me off track\nIn fact, this right here very well could be the last rap\nI ever do spit, I'll never do shit, that's that\nFuck it, I quit, suck on a dick, jackass\nI'm done with this whack ass rap, kiss my black ass!\n\n[Verse 2 - 50 Cent]\nNah, Em, tell them to kiss my black ass, the clean parts, the shitty parts\nMy bullet wounds, my beauty marks, the Fif'll tear you're ass apart\nI came in this game crushin' motherfuckers from the start\nShady paid me, Shady crazy, Fifty crazy rich, bitch\nDifferent day, nothing change, it's the same shit, trick\nTeflon wrapped on, case I get clapped on\nD's searching the whip, glad I left the MAC home\nStill grinding, still shining, nigga lord knows\nYou rocking with the kid to spit sicker sick flows\nI carried Game's style for nine months and gave birth to it\nNow I'm feeling like a proud father watching him do it\nEveryday Dre day, front and cause a melee\nTurn the town upside down with a frown upside down\nI smile through something fowl, and watch my money pile\nI'm fucking with straight stacks, I'm kicking you straight facts\nI hit you with it, bag it, pump it, bring me mines right back!\n\n[Hook - 50 Cent (Eminem)]\nBoom boom chuck, boom b-boom chuck!\nBoom boom chuck, Go 'head front, get fucked up!\nBoom boom chuck, boom b-boom chuck!\nBoom boom chuck, Yeah, that's what's up!\nNow boom boom chuck, boom b-boom chuck!\nBoom boom chuck, I hit your ass up!\nBoom boom chuck, boom b-boom chuck!\nBoom boom chuck, Yeah, that's what's up! (Yeah!)\nBoom boom chuck, boom b-boom chuck!\nBoom boom chuck, (It's the Re-Up!)\nShady, Shady", "image": "https://images.genius.com/86576cfe4dc7027bc0fed03da7e37e9a.900x900x1.jpg"}], "artist": "Eminem"}