{"songs": [{"title": "KILLSHOT (Polskie T\u0142umaczenie)", "album": null, "year": "2018-09-14", "lyrics": "[Intro]\n*Brzmisz jak suka, suko*\nZamknij ryj!\n*Twoi fani staj\u0105 si\u0119 twoimi hejterami*\nSko\u0144czy\u0142es?\n*Dziwna, kurwa, broda*\nDobra\n*Drzesz si\u0119 do mikrofonu, pieprzony dziwnobrody*\nZrobimy to raz\n*Drzesz si\u0119 do mikrofonu, twoja broda jest dziwna*\nCzemu ty si\u0119 do niego drzesz? (Illa)\n\n[Verse]\nRihanna w\u0142a\u015bnie wys\u0142a\u0142a mi wiadomo\u015b\u0107\nWczoraj w nocy zostawi\u0142em na jej szyi malinki\nChwila, zdissowa\u0142e\u015b mnie? Jestem zdumiony\nL\u017cysz mnie w jednym wersie, w drugim komplementujesz\nKurde, przykro mi, \u017ce chcesz \u017cebym dosta\u0142 ataku serca\nOgl\u0105da\u0142em *8 Mile* na moim NordicTracku\nPrzypomnia\u0142em sobie \u017ce zapomnia\u0142em do ciebie oddzwoni\u0107\nTu jest autograf dla twojej c\u00f3rki, napisa\u0142em go na czapce z daszkiem\nStan, Stan, synu\nS\u0142uchaj, ch\u0142opie, Tata si\u0119 nie w\u015bcieka\nAle jak planujesz nazwa\u0107 si\u0119 od cholernego karabinu\nI mie\u0107 m\u0119skiego koka?\nGigant si\u0119 obudzi\u0142, oczy otwarte, niezaprzeczalnie\nDostarcza dymu, ogie\u0144 ju\u017c buzuje\nM\u00f3wisz, \u017ce masz mnie na muszce, ale mnie tylko musn\u0105\u0142e\u015b\nJeden telefon do Interscope i jest z ciebie Swayze\nTwoja odpowied\u017a sprawi\u0142a, \u017ce t\u0142um krzyczy \"Woo!\"\nWi\u0119c zanim zdechniesz zobaczmy kto przema\u0142ostkuje kogo\nZ twoimi banalnymi wersami (\"Slim, jeste\u015b stary\")\u2014\u0142a\u0142, Kelly, oo!\nAle mam 45 lat i dalej sprzedaj\u0119 wi\u0119cej od ciebie\nMaj\u0105c 29, ju\u017c trzy moje albumy wybuch\u0142y\nWi\u0119c pogadajmy teraz o czym\u015b, czego specjalnie nie robi\u0119\nNie id\u0119 do ust czyjej\u015b c\u00f3rki, kradn\u0105c jej jedzenie\nAle ty jeste\u015b kretowiskiem\nTeraz zrobi\u0119 z ciebi\u0119 g\u00f3r\u0119, woo!\nDziwko, spok\u00f3j, zachowujesz si\u0119 jakby\u015b przy\u0142o\u017cy\u0142 chromowan\u0105 luf\u0119 do mojego szpiku\nArtylerzysta? Suko, nie jeste\u015b \u0142ukiem ni strza\u0142\u0105\nM\u00f3wisz \u017ce do mnie dojedziesz, jak rachunek za telefon, rzygaj\u0105c o\u0142owiem (brrt)\nUdawanie martwego to jedyne kiedy si\u0119 nie ruszasz (chwilka)\nJesz chrupki, czy owsiank\u0119?\nCo jest w pieprzonej misce, mleko? Wheaties czy Cheerios?\nBo sram do niej, Kelly, potrzebuj\u0119 materia\u0142\u00f3w do czytania\n\u2026S\u0142ownika\u2026\n\"Yo, Slim, twoje ostatnie cztery albumy ssa\u0142y\nWracaj do Recovery,\" a, psiakrew, ono by\u0142o trzy albumy temu\nKt\u00f3\u017cby si\u0119 spodziewa\u0142? Ups\nWiedz o czym gadasz zanim do mnie wystartujesz, g\u0142uptasie\nLuksus, a, ty jeste\u015b, kurwa, sp\u0142ukany? Taa, mia\u0142em wystarczaj\u0105co kasy w '02\n\u017beby j\u0105 przed tob\u0105 spali\u0107, dziwko\nM\u0142odszy ja? Nie, ty jeste\u015b gorszym mn\u0105, to zabawne, ale tak prawdziwe\nWola\u0142bym by\u0107 osiemdziesi\u0119cioletnim mn\u0105, ni\u017c dwudziestoletnim tob\u0105\nA\u017c dotr\u0119 do wieku starczego\nDalej mog\u0119 zape\u0142ni\u0107 ca\u0142\u0105 stron\u0119 w\u015bciek\u0142o\u015bci\u0105 dziesi\u0119ciolatka\nMam wi\u0119cej fan\u00f3w ni\u017c ty w twoim w\u0142asnym mie\u015bcie, dzieciaczku, id\u017a si\u0119 pobawi\u0107\nZupe\u0142nie jak opiekowanie si\u0119 Lil Tay'em\nMasz Diddy'ego, okej, wi\u0119c sp\u0119dzasz ca\u0142y dzie\u0144\nNagrywaj\u0105c wideo tylko \u017ceby wykopa\u0107 sw\u00f3j w\u0142asny gr\u00f3b\nJeste\u015b na w\u0142asnej stypie, ja jestem kozio\u0142kiem\nA ty nigdy nie wyl\u0105dowa\u0142e\u015b na li\u015bcie, obok Biggie'ego, ani Jay'a\nObok Taylor Swift i tej dziwki Iggy, zaraz dopiero jebniesz\nKelly, b\u0119d\u0105 wk\u0142ada\u0107 twoje imi\u0119\nKo\u0142o Ja, ko\u0142o Benzino'a\u2014zdychaj, skurwielu!\nJak ostatni skurwysyn bior\u0105cy imi\u0119 Hailie na daremno\nKosmiczny m\u00f3zg, ty satanisto (taa)\nMoje najwi\u0119ksze klapy to twoje najwi\u0119ksze hity\nHip-hop jest znowu m\u00f3j, nie zmieni\u0142o si\u0119 niz poza zamkami\nWi\u0119c zanim zar\u017cn\u0119 t\u0119 suk\u0119, daj\u0119, cmok, buziaka Jade\nMusz\u0119 wsta\u0107 w Labor Day tylko po to (kurwa, co?)\nZa bogactwo s\u0105dzi mnie jaki\u015b kutas u\u017cywaj\u0105cy mojego imienia jako clickbait'u\nW roskoszy, bo powiedzia\u0142em jego pieprzone imi\u0119\nWi\u0119c teraz musz\u0119 zarepetowa\u0107, wycelowa\u0107\nTaa, suko, otw\u00f3rz szampana do tego! (pop)\nTo tw\u00f3j moment\nTo jest to, tak du\u017cy jaki kiedykolwiek b\u0119dziesz, wi\u0119c si\u0119 nim naciesz\nMusia\u0142em stworzy\u0107 ci karier\u0119, by j\u0105 zniszczy\u0107\n\u015amiertelny zastrzyk\nId\u017a spa\u0107 dwa metry pod ziemi\u0105, dam ci czw\u00f3r\u0119 za pr\u00f3b\u0119\nAle nawej jakbym mia\u0142 metr dwadzie\u015bcia\nDalej by\u015b mnie podziwia\u0142, i, gwoli przypomnienia\nSsa\u0142by\u015b pa\u0142\u0119 \u017ceby, kurwa, by\u0107 mn\u0105 przez sekund\u0119\nPoliza\u0142by\u015b jaja \u017ceby dosta\u0107 si\u0119 na m\u00f3j kana\u0142\nOdda\u0142by\u015b \u017cycie, \u017ceby tak odwiecznie si\u0119 odbi\u0107\nTen sukinsyn jest jak Rambo, kiedy temu sko\u0144czy\u0142y si\u0119 naboje\nWi\u0119c na co komu karabin maszynowy, kiedy sko\u0144czy\u0142a mu si\u0119 amunicja?\nMia\u0142em dosy\u0107 tego wytatuowanego be\u0142kot-rapera\nJak niby mo\u017ce, kurwa, on walczy\u0107 ze mn\u0105?\nB\u0119dzie musia\u0142 rucha\u0107 Kim w mojej flaneli\nI b\u0119d\u0119 musia\u0142 da\u0107 mu moje sanda\u0142y\nBo on wie, \u017ce dop\u00f3ki ja jestem Shady, on b\u0119dzie musia\u0142 \u017cy\u0107 w moim cieniu\nWyczerpuj\u0105ce, walenie sobie do mojego potomstwa\nPoli\u017c luf\u0119, suko, i spadaj!\nTa\u0144czysz dooko\u0142a tego tematu jak sombrero, ale wszyscy widzimy\n\u017be masz gorzko w ustach\nBo Young Gerald gest po jaja g\u0142\u0119boko w Halsey\nTw\u00f3j czerwony sweter, twoja czarna sk\u00f3ra\nTy si\u0119 lepiej ubierasz, ja lepiej rapuj\u0119\nTo gro\u017aba \u015bmierci, czy li\u015bcik mi\u0142osny?\nMa\u0142ej bia\u0142ej wyka\u0142aczce\nWydaje si\u0119, \u017ce jest lepsza od d\u0142ubania w z\u0119bach, po prostu ci\u0119 nie lubi\u0119, bucu\nDzi\u0119ki za dissowanie mnie\nTeraz mia\u0142em wym\u00f3wk\u0119 \u017ceby wbi\u0107 na mikrofon i napisa\u0107 \"Not Alike\" [\"Niepodobni\"]\nAle, tak na prawd\u0119, nie obchodzi mnie kto ma racj\u0119\nAle przegrywasz bitw\u0119, kt\u00f3r\u0105 sam zacz\u0105\u0142e\u015b\nKto jeszcze chce dosta\u0107? Kells\u2014pr\u00f3ba nieudana! Budden\u2014przegrywa!\nJebane gwo\u017adzie w tych trumnach mi\u0119kkich jak Cottonelle\n\u015amiertelny strza\u0142, nie zawiod\u0119, dalej jestem z Doc'iem\nAle szef tego idioty bierze pigu\u0142ki i m\u00f3wi mu, \u017ce jest dobry\nAle, Kells, w tym samym dniu w kt\u00f3rym ty wypu\u015bcisz hit, Diddy przyzna si\u0119\n\u017be to on zleci\u0142 zab\u00f3jstwo Pac'a, ah!\nDosy\u0107 mam tego \u017ce jeste\u015b s\u0142aby\nI dalej urzywasz tego pieprzonego Auto-Tune'a\nWi\u0119c pogadajmy o tym (Pogadajmy o tym)\nDosy\u0107 mam twojego be\u0142kot-rapowego ryja\nPotrzebujesz wyci\u0105gn\u0105\u0107 z niego tego kutasa\nZanim w og\u00f3le b\u0119dziemy mogli o tym pogada\u0107 (o tym pogada\u0107)\nDosy\u0107 mam twoich blond-w\u0142os\u00f3w i kolczyk\u00f3w\nTylko po to \u017ceby\u015b jak patrzysz w lustro m\u00f3g\u0142 pomy\u015ble\u0107\n\u017be jeste\u015b Marshall Mathers (Marshall Mathers)\nNie znaczy, \u017ce nim jeste\u015b, ani nawet nie w rejonie\nWi\u0119c zostaw mojego kutasa w twojej g\u0119bie i trzymaj si\u0119 z dala od mojej c\u00f3rki\n\n[Outro]\nTy jebany\u2014ech\nA, i po prostu igram, Diddy\nWiesz, \u017ce ci\u0119 kocham", "image": "https://images.genius.com/b379811c1415017b9f3e3a71b9d26060.400x400x1.jpg"}], "artist": "Eminem"}