{"songs": [{"title": "Wake Up Show Freestyle", "album": null, "year": null, "lyrics": "[Eminem]\nYo, speed racer, 97' burgundy Blazer\nWanted for burglary, had to ditch the mercury tracer\nI'm on some low ish\nI'm fed up wit the being broke ish\nI'm not to joke wit\nBitch, I don't sell crack, I smoke it\nMy brains dusted; I'm disgusted at all my habits\nToo many asprin tablets and empty medicine cabinets\nLosing battles to wack rappers cause I'm always too blunted\nWalking up in the cypher smoking, talking like, \"Who want it?\"\nThug and crook; every drug in the book I've done it\nMy 9's at your frame,is that your chain? Run it\nWho wants to die of an overdose of excessive flavor?\nAggressive nature got me sticking you for your Progressive pager\nSpectacular, battle rap manufacturer\nStole your mom's Acura, wrecked it, then sold it back to her\n( Right right right ! ! ! ) (( Ding ! ! ! ))\nThe doctors you'll need after our battle are known as psychiatrists\nI'll tell the nurses to hold a bed for you\nAnd I'ma make sure you come back for it\nSo barricade your infants, put up some extra fences\nA woman beater, wanted for repeated sex offenses ( Ooh )\n..Take em' on long vacation trips\nKidnappin' em' and trappin' em' in abusive relationships\nMess up your face and lips\nSlit your stomach and watch your gut split\nGut you wit that razor that I use to shave my nuts wit ((Laughter))\nMama don't you cry, your son's too far gone\nI'm so high, I don't even know what label I'm on\nI'm messed up, feeling like an over worked plumber\nI'm sick of the crap, what's Dr. Kevorkian's phone number? (Ha.. Hot )", "image": "https://images.genius.com/b379811c1415017b9f3e3a71b9d26060.400x400x1.jpg"}], "artist": "Eminem"}