{"songs": [{"title": "Square Dance", "album": "The Eminem Show", "year": "2002-05-26", "lyrics": "[Produced by Eminem & Jeff Bass]\n\n[Intro]\nPeople, it feels so good to be back!\nLadies and gentleman\nIntroducing the new and improved you-know-who\n\n[Verse 1]\nNever been the type to bend or budge\nThe wrong button to push, no friend of Bush\nI'm the centerpiece, you're a Maltese\nI'm a pitbull off his leash, all this peace talk can cease\nAll these people I had to leave in limbo\nI'm back now, I've come to release this info\nI'll be brief, and let me just keep shit simple\nCan-I-Bitch don't want no beef with Slim, nooo!\nNot even on my radar\nSo won't you please jump off my dick, lay off and stay off?\nAnd follow me as I put these crayons to chaos\nFrom seance to seance, aw-a-aw-ch-a-aw\n\n[Hook]\nC'mon now! Let's all get on down!\nLet's do-si-do now! We gon' have a good ol' time\nDon't be scared, \u2018cause there ain't nothin' to worry about\nLet your hair down, and square dance with me!\nC'mon now! Let's all get on down!\nLet's do-si-do now! We gon' have a good ol' time\nDon't be scared, \u2018cause there ain't nothin' to worry about\nLet your hair down, and square dance with me!\n\n[Verse 2]\nYeah, let your hair down to the track, yeah, kick on back\nBoo! The boogie monster of Rap, yeah, the man's back\nWith a plan to ambush this Bush administration\nMush the Senate's face and push this generation\nOf kids to stand and fight for the right\nTo say somethin' you might not like\nThis white hot light that I'm under, no wonder I look so sunburnt\nOh no, I won't leave no stone unturned\nOh no, I won't leave, won't go nowhere\nDo-si-do, oh, yo, ho, hello there!\nOh yeah, don't think I won't go there\nGo to Beirut and do a show there\nYeah, you laugh 'til your mothafuckin' ass gets drafted\nWhile you're at band camp thinking that crap can't happen\n'Til you fuck around, get an Anthrax napkin\nInside a package wrapped in Saran Wrap wrappin'\nOpen the plastic and then you stand back gaspin'\nFuckin' assassins hi-jackin' Amtraks, crashin'\nAll this terror, America demands action\nNext thing you know you've got Uncle Sam's ass askin'\nTo join the army or what you'll do for their Navy\nYou just a baby gettin' recruited at 18\nYou're on a plane now, eatin' their food and their baked beans\nI'm 28, they gon' take you 'fore they take me\nCrazy insane or insane crazy?\nWhen I say Hussein, you say Shady\nMy views ain't changed, still inhumane, wait\nArraigned two days late, the date's today, hang me!\n\n[Hook]\nC'mon now! Let's all get on down!\nLet's do-si-do now! We gon' have a good ol' time\nDon't be scared, \u2018cause there ain't nothin' to worry about\nLet your hair down, and square dance with me!\nC'mon now! Let's all get on down!\nLet's do-si-do now! We gon' have a good ol' time\nDon't be scared, \u2018cause there ain't nothin' to worry about\nLet your hair down, and square dance with me!\n\n[Verse 3]\nNothin' moves me more than a groove that soothes me\nNothin' soothes me more than a groove that boosts me\nNothin' boosts me more or suits me beautifully\nThere's nothin' you can do to me\u2014stab me, shoot at me!\nPsychotic, hypnotic product, I got the antibiotic\nAin't nobody hotter and so on and yada yada\nGod, I talk a lot of hem-de-lay-la-la-la\nOochie walla walla um da dah da dah da, but you gotta gotta\nKeep movin', there's more music to make\nKeep makin' new shit, produce hits to break\nThe monotony, what's gotten into me?\nDrugs, rock and Hennessy, thug like I'm 'Pac on my enemies\nOn your knees, got you under siege\nSomebody you would give a lung to be\nHungry like a fuckin' younger me\nFuck the fee, I can get you jumped for free\nYeah, buddy, laugh! It's funny: I have the money\nTo have you killed by somebody who has nothin'\nI'm past bluffin', pass the K-Y\nLet's get ready for some intense serious ass-fuckin'!\n\n[Hook]\nC'mon now! Let's all get on down!\nLet's do-si-do now! We gon' have a good ol' time\nDon't be scared, \u2018cause there ain't nothin' to worry about\nLet your hair down, and square dance with me!\nC'mon now! Let's all get on down!\nLet's do-si-do now! We gon' have a good ol' time\nDon't be scared, \u2018cause there ain't nothin' to worry about\nLet your hair down, and square dance with me!\n\n[Outro]\nDr. Dre wants to square dance with me\nNasty Nas wants to square dance with me\nX to the Z wants to square dance with me\nBusta Rhymes wants to square dance with me\nCani-bitch won't square dance with me\nFan-a-bitch won't square dance with me\nCanada-bis don't want no parts of me\nDirty Dozen wants to square dance with you\nYeeehawww!", "image": "https://images.genius.com/c43578375ef2ac32c140cc35dfe2fef1.1000x1000x1.png"}], "artist": "Eminem"}