{"songs": [{"title": "Not Afraid", "album": "Recovery", "year": "2010-04-29", "lyrics": "[Chorus]\nI\u2019m not afraid (I\u2019m not afraid)\nTo take a stand (To take a stand)\nEverybody (Everybody)\nCome take my hand (Come take my hand)\nWe\u2019ll walk this road together, through the storm\nWhatever weather, cold or warm\nJust lettin' you know that you\u2019re not alone\nHolla if you feel like you\u2019ve been down the same road\n\n[Intro]\nYeah, it's been a ride\nI guess I had to go to that place to get to this one\nNow some of you might still be in that place\nIf you're tryna get out, just follow me\nI'll get you there\n\n[Verse 1]\nYou can try and read my lyrics off of this paper before I lay 'em\nBut you won't take the sting out these words before I say 'em\n'Cause ain't no way I'ma let you stop me from causin' mayhem\nWhen I say I'ma do somethin', I do it\nI don't give a damn what you think, I'm doin' this for me\nSo fuck the world, feed it beans\nIt's gassed up if it thinks it's stoppin' me\nI'ma be what I set out to be, without a doubt, undoubtably\nAnd all those who look down on me\nI'm tearin' down your balcony\nNo ifs, ands or buts, don't try to ask him why or how can he\nFrom Infinite down to the last Relapse album he's still shittin'\nWhether he's on salary, paid hourly\nUntil he bows out or he shits his bowels out of him\nWhichever comes first, for better or worse\nHe's married to the game\nLike a \"fuck you\" for Christmas, his gift is a curse\nForget the Earth, he's got the urge to pull his dick from the dirt\nAnd fuck the whole universe\n\n[Chorus]\nI\u2019m not afraid (I\u2019m not afraid)\nTo take a stand (To take a stand)\nEverybody (Everybody)\nCome take my hand (Come take my hand)\nWe\u2019ll walk this road together, through the storm\nWhatever weather, cold or warm\nJust lettin' you know that you\u2019re not alone\nHolla if you feel like you\u2019ve been down the same road\n\n[Verse 2]\nOkay, quit playin' with the scissors and shit, and cut the crap\nI shouldn't have to rhyme these words in a rhythm\nFor you to know it's a rap\nYou said you was king, you lied through your teeth\nFor that, fuck your feelings\nInstead of gettin' crowned, you're gettin' capped\nAnd to the fans, I'll never let you down again, I'm back\nI promise to never go back on that promise\nIn fact, let's be honest, that last Relapse CD was \"ehh\"\nPerhaps I ran them accents into the ground\nRelax, I ain't goin' back to that now\nAll I'm tryin' to say is get back, click-clack-blaow\n'Cause I ain't playin' around\nThere's a game called circle and I don't know how\nI'm way too up to back down\nBut I think I'm still tryin' to figure this crap out\nThought I had it mapped out, but I guess I didn't\nThis fuckin' black cloud still follows me around\nBut it's time to exorcise these demons\nThese muh'fuckers are doin' jumpin' jacks now\n\n[Chorus]\nI\u2019m not afraid (I\u2019m not afraid)\nTo take a stand (To take a stand)\nEverybody (Everybody)\nCome take my hand (Come take my hand)\nWe\u2019ll walk this road together, through the storm\nWhatever weather, cold or warm\nJust lettin' you know that you\u2019re not alone\nHolla if you feel like you\u2019ve been down the same road\n\n[Bridge]\nAnd I just can\u2019t keep livin' this way\nSo startin' today\nI\u2019m breakin' out of this cage\nI\u2019m standin' up, I'ma face my demons\nI\u2019m mannin' up, I'ma hold my ground\nI\u2019ve had enough, now I\u2019m so fed up\nTime to put my life back together right now\n\n[Verse 3]\nIt was my decision to get clean, I did it for me\nAdmittedly I probably did it subliminally for you\nSo I could come back a brand-new me\nYou helped see me through\nAnd don't even realize what you did, believe me you\nI've been through the wringer\nBut they can do little to the middle finger\nI think I got a tear in my eye, I feel like the king of\nMy world, haters can make like bees with no stingers\nAnd drop dead: no more beef lingers\nNo more drama from now on, I promise\nTo focus solely on handlin' my responsibilities as a father\nSo I solemnly swear to always treat this roof like my daughters\nAnd raise it, you couldn't lift a single shingle on it\n\u2018Cause the way I feel, I'm strong enough to go to the club\nOr the corner pub and lift the whole liquor counter up\n\u2018Cause I'm raisin' the bar\nI'd shoot for the moon, but I'm too busy gazin' at stars\nI feel amazin', and I'm\u2014\n\n[Chorus]\nI\u2019m not afraid (I\u2019m not afraid)\nTo take a stand (To take a stand)\nEverybody (Everybody)\nCome take my hand (Come take my hand)\nWe\u2019ll walk this road together, through the storm\nWhatever weather, cold or warm\nJust lettin' you know that you\u2019re not alone\nHolla if you feel like you\u2019ve been down the same road", "image": "https://images.genius.com/5a90643f449127e284717627d1e28ca8.1000x1000x1.png"}], "artist": "Eminem"}