{"songs": [{"title": "Bump Heads (Ja Rule Diss)", "album": "Straight from the Lab", "year": "2003-07-07", "lyrics": "[Eminem]\nHere we go again\n\n[50 Cent]\nDoes it make you mad when I switch my flow\nYou can't understand how I get my dough\n50 Cent, I'm on fire cause Shady said so\nI'm on Fire\n\n[Verse 1: Eminem]\nEverybody's in a rush try to get the throne\nI just get on the track and try to set the tone\nI ain't trying to use nobody as a steppin' stone\nBut don't compare me, I'm better off just left alone\nAnd I ain't even trying to go there with record sales\nI'm just trying to keep it humble and respect myself\nSay what up, keep stepping, and just rep D12\nKeep my nose clean, stay away from weapons, jail\nAnd living reckless\nBut if you go check my belt\nYou may see something else I used to protect myself\nA vest, to stop a Rueger and deflect the shells\nAnd send 'em back at you faster than they left the barrel\nAnd I don't even carry guns no more, I don't got to\nGot undercover cops that'll legally pop you\nAnd I done seen a lot of people cross the line\nBut this motherfucker Ja must have lost his mind\nThat X, got him thinkin' he was DMX\nThen he switched to 'Pac now he's tryna be him next\nSo which one are you? X, Luther, Pac or Michael\nJust keep singin' the same song, recycled\nWe'd all much rather get along than fight you\nMe and Hailie dance to your songs, we like you\nAnd you don't really wanna step inside no mic booth\nC'mon now, you know the white boy'll bite you\nI hurt your pride dawg and you know I don't like to\nBut I will if I have to, with syllable after syllable I just slap you\nKillin' you fasta than you poppin' pill after little pill of them tabs of that shit you on\nBut if you want it you got it you'd bump this shit too, if we ain't diss you on it\nBut if we lock horns we can charge harder than Busta\nWe bump heads wit any motherfucker that wants to\nSo whats the, deal where was all the tough talk?\nWhen I walked up to you like, Ja what up dawg?\nHow come you didn't say you had a problem then?\nWhen you was standin' there wit all your men, we coulda solved this then\nI'mma grown man dawg come holla\nAll you did was slap hands, smile and swallow\nAnother one of them little X pills in front of me\nAnd tell me 50 Cent was everything you wanna be come on\n\n[Hook: 50 Cent]\nI know you don't want it with me, you know you don't want it with me\nYou, talk an', soon you gon' see, you don't wanna bump heads with me\nI know you don't want it with me, tou, talk an' you soon you will see\nYou know you don't want it with me\n\n[Verse 2: Tony Yayo]\nYou couldn't son me if my father helped you\nMy punchlines is hot, my bars will melt you\nJa you Stuart Little, shells'll lift you\nEvery other week I'm buyin' a new pistol\nI clap at your ass with this chrome 38\nAnd put six thru your hats, a seven and 3/8's\nIrv you ain't Suge Knight, you should shook night\nI put my knife in ya wind pipe and breeze through the turnpike\nYou know and I know who took ya chain\nYou got robbed two times so ya ass is lame\nI'm down to die for this shit all I need is bail\nYou better stick to the movies with Steven Segal, bitch\n\n[Hook: 50 Cent]\nI know you don't want it with me, you know you don't want it with me\nYou, talk an', soon you gon' see, you don't wanna bump heads with me\nI know you don't want it with me, tou, talk an' you soon you will see\nYou know you don't want it with me\n\n[Verse 3: Lloyd Banks]\nFuck that, I'm miles away\nAnd these industry niggas startin' to get outta hand\nLike I won't find your whereabouts by stompin' 'em out ya man\nWe killin' New York, even in Compton they understand\nI'm on the block where you was raised doin' chocolate up out your van and\nThey see me pop a boy for icey cause I could\nBut you been gone so long you probably forgot your way around the hood (hood)\nCause when you paranoid it's hard to make a song\nHow you want it wit' us, half of your artists got make-up on\nEvery magazine I own your on your knees takin' prayer pictures\nAnd you ain't even got shot yet, you scared bitches\nYou don't know nothin' about what pain is sucka\nI'll put your ass underground like a train conductor, muh'fucker\n\n[Hook: 50 Cent] 2X\nI know you don't want it with me, you know you don't want it with me\nYou, talk an', soon you gon' see, you don't wanna bump heads with me\nI know you don't want it with me, tou, talk an' you soon you will see\nYou know you don't want it with me", "image": "https://images.genius.com/8dd03ebbf724e2b4d4bafbddf8c3c2f1.1000x1000x1.png"}], "artist": "Eminem"}