{"songs": [{"title": "Lose Yourself", "album": "The Singles", "year": "2002-10-28", "lyrics": "[Intro]\nLook, if you had one shot, or one opportunity\nTo seize everything you ever wanted, in one moment\nWould you capture it, or just let it slip?\n\n[Verse 1]\nYo! His palms are sweaty, knees weak, arms are heavy\nThere's vomit on his sweater already: Mom's spaghetti\nHe's nervous, but on the surface he looks calm and ready\nTo drop bombs, but he keeps on forgetting\nWhat he wrote down, the whole crowd goes so loud\nHe opens his mouth, but the words won't come out\nHe's choking, how? Everybody's joking now\nThe clock's run out, time's up, over\u2014blaow!\nSnap back to reality, ope there goes gravity, ope\nThere goes Rabbit, he choked, he's so mad but he won't\nGive up that easy, no, he won't have it, he knows\nHis whole back's to these ropes, it don't matter, he's dope\nHe knows that but he's broke, he's so stagnant, he knows\nWhen he goes back to this mobile home, that's when it's\nBack to the lab again yo, this whole rhapsody\nBetter go capture this moment and hope it don't pass him, and\n\n[Chorus]\nYou better lose yourself in the music\nThe moment, you own it, you better never let it go\nYou only get one shot, do not miss your chance to blow\nThis opportunity comes once in a lifetime, yo\nYou better lose yourself in the music\nThe moment, you own it, you better never let it go\nYou only get one shot, do not miss your chance to blow\nThis opportunity comes once in a lifetime, yo\nYou better\u2026\n\n[Verse 2]\nHis soul's escaping through this hole that is gaping\nThis world is mine for the taking, make me king\nAs we move toward a New World Order\nA normal life is boring; but superstardom's\nClose to post-mortem, it only grows harder\nHomie grows hotter, he blows, it's all over\nThese hoes is all on him, coast-to-coast shows\nHe's known as the Globetrotter, lonely roads\nGod only knows, he's grown farther from home, he's no father\nHe goes home and barely knows his own daughter\nBut hold your nose, 'cause here goes the cold water\nThese hoes don't want him no mo', he's cold product\nThey moved on to the next schmoe who flows\nHe nose-dove and sold nada, and so the soap opera\nIs told, it unfolds, I suppose it's old, partner\nBut the beat goes on: da-da-dom, da-dom, dah-dah, dah-dah\n\n[Chorus]\nYou better lose yourself in the music\nThe moment, you own it, you better never let it go\nYou only get one shot, do not miss your chance to blow\nThis opportunity comes once in a lifetime, yo\nYou better lose yourself in the music\nThe moment, you own it, you better never let it go\nYou only get one shot, do not miss your chance to blow\nThis opportunity comes once in a lifetime, yo\nYou better\u2026\n\n[Verse 3]\nNo more games, I'ma change what you call rage\nTear this motherfuckin' roof off like two dogs caged\nI was playin' in the beginning, the mood all changed\nI've been chewed up and spit out and booed off stage\nBut I kept rhymin' and stepped right in the next cypher\nBest believe somebody's payin' the Pied Piper\nAll the pain inside amplified by the\nFact that I can't get by with my nine-to-\nFive and I can't provide the right type of life for my family\n'Cause man, these goddamn food stamps don't buy diapers\nAnd there's no movie, there's no Mekhi Phifer, this is my life\nAnd these times are so hard, and it's gettin' even harder\nTryna feed and water my seed, plus teeter-totter\nCaught up between bein' a father and a prima donna\nBaby mama drama, screamin' on her, too much for me to wanna\nStay in one spot, another day of monotony's\nGotten me to the point I'm like a snail, I've got\nTo formulate a plot or end up in jail or shot\nSuccess is my only motherfuckin' option\u2014failure's not\nMom, I love you, but this trailer's got\nTo go; I cannot grow old in Salem's Lot\nSo here I go, it's my shot: feet, fail me not\nThis may be the only opportunity that I got\n\n[Chorus]\nYou better lose yourself in the music\nThe moment, you own it, you better never let it go\nYou only get one shot, do not miss your chance to blow\nThis opportunity comes once in a lifetime, yo\nYou better lose yourself in the music\nThe moment, you own it, you better never let it go\nYou only get one shot, do not miss your chance to blow\nThis opportunity comes once in a lifetime, yo\nYou better\u2026\n\n[Outro]\nYou can do anything you set your mind to, man", "image": "https://images.genius.com/ce61c1b2664c5952984e30f9b59f1346.1000x1000x1.png"}], "artist": "Eminem"}