{"songs": [{"title": "Armaggedon (The Invasion Part 3)", "album": "Countdown To Armageddon (Invasion Vol. 3)", "year": null, "lyrics": "[Intro:]\n[DJ Green Lantern]\nFucker\nYeah\nOh shit, it's the evil genius\n[Eminem]\nGreen lantern\nYeah\n[DJ Green Lantern]\nA yo Em\nHa ha\nWhat we call this shit right here\n[Eminem]\nThe invasion\nYou have part one u got part two now its\nPart three\nThe final chapter mother fuckers\nArmageddon, lets go\n\n[Hook]\nI got a riddle what's little and talks big\nWith midget arms and creamy white fillin' in the middle\nThat will do anything to throw dirt on my name\nIf it means walkin' the whole Mediterranean\nIs he an Albanian, Armenian, Iranian, Tasmanian no\nHis name's Raymond and oh, so sorry yo, Osorio\nBut that was a long time ago when I was just Joe Shmoe\nRappin' in Joe Blows basement I apologized for it befo', so\nEither accept it or you don't and lets move on\nIf I've shown that I've grown and get the bone\nKeep lickin' these nuts you industry mutts\nKeep walkin' around sniffin' each others butts\nOr should I say asses\nWhat would be the more politically correct term to use for the masses\n\n[Lloyd Banks]\nHold up hold up hold up\nNew york city man\nIt's the kid Lloyd Banks\nAnd if you hearin' what I'm hearin' right now\nYou know this ain't no regular shit homy\nThis something special and we gotta bring this back\nGreen come on\nCountdown to\n\n[Eminem]\nArmageddon\nLets go\n\n[Hook]\nI got a riddle what's little and talks big\nWith midget arms and creamy white fillin' in the middle\nThat will do anything to throw dirt on my name\nIf it means walkin' the whole Mediterranean\nIs he an Albanian, Armenian, Iranian, Tasmanian no\nHis name's Raymond and oh, so sorry yo, Osorio\nBut that was a long time ago when I was just Joe Shmoe\nRappin' in Joe Blows basement I apologized for it befo', so\nEither accept it or you don't and lets move on\nIf I've shown that I've grown and get the bone\nKeep lickin' these nuts you industry mutts\nKeep walkin' around sniffin' each others butts\nOr should I say asses\nWhat would be the more politically correct term to use for the masses\n\n[Verse 1:]\nThe question I ask is\nHow can I explain this\nHow can I swing this in English language\nIf I switch to slang and turn man to mayn\nDo I do it in vain or simply to entertain\nAm I being real or am I being fake\nAm I just a fraud or am I truly genuine\nOr am I caught up in this hot water wody on my daughter\nI told ya I love this culture don't let em' insult ya\nI'm tell ya one more (a)gain this is the environment that I was brought up in\nBut every now and then I use my pen to get rid of some frustration\nOr should I say or should I say shun\nIs it just another one of my subliminal ways of racism\nYour face is numb your stunned your look is cold\nLike that of a man of seventy some years old\nAnd it only gets colder which Is why I understand\nAnd can't be mad at a forty four year old fan\nWith a chip on his shoulder who only owns a half of a magazine\nAnd the only way to have it seen is to put me on the front of it again\nOnly thing that makes him grin is to see me frown\nPapa can't stand me papa needs to take his medication and sit the fuck down\nIn his new chair that goes round and round\nThat he bought from new money in his bank account\nThat I get him every issue when the thang comes out\nSit back and let his puffy clown hair come out\nAnd let his black side arm wrestle his white side\nYell Apartheid loud enough that he might slide\nHe might find someone dumb enough who might ride\nBut ain't nobody over here buyin' two white guys disguised as pro black\nThere is no slack\nFar heart for college grad. In a fitted hat and a hunch back\nStandin' by the clearance coat rack\nIn some old slacks and tomorrows old throw backs\nYeah\n\n[Outro:]\nShady in the place to be seen\nAnd i got what it takes  to rock the mic right\nStill not gonna cater these punks\nFuckin' cocksuckin' pussy lips haters dicks cunts", "image": "https://images.genius.com/b2fc4394cc56a6f77214822bce31cd00.600x600x1.jpg"}], "artist": "Eminem"}