{"songs": [{"title": "Nut Up", "album": null, "year": null, "lyrics": "[Hook]\nYou know what you're doing when you do it for the ladies\nSo won't you please step up to the mic baby?\n\n[Verse]\nIt's been a little boring lately\nI've been playing in poison ivy and pee\nI've been itching to get in some S-H-I-T\nYou heard what I S-A-I-D\nThis club? I guess they I.D\nBut they just let me in without it so I guess they like me\nI put on my best dang white tee\nBut the...", "image": "https://images.genius.com/b379811c1415017b9f3e3a71b9d26060.400x400x1.jpg"}], "artist": "Eminem"}