{"songs": [{"title": "The Real Slim Shady (Clean)", "album": null, "year": "2000-05-16", "lyrics": "[Produced by Dr. Dre & Mel-Man]\n\n[Intro]\nMay I have your attention please\nMay I have your attention please\nWill the real Slim Shady please stand up\nI repeat, will the real Slim Shady please stand up\nWe're gonna have a problem here\n\n[Verse 1]\nY'all act like you never seen a White person before\nJaws all on the floor like Pam, like Tommy just burst in the door\nAnd started whoopin' her butt worse than before\nThey first were divorced, throwin' her over furniture\nIt's the return of the... \"ah wait, no way, you're kidding\nHe didn't just say what I think he did, did he\"\nAnd Dr. Dre said...nothin' you idiots\nDr. Dre's dead, he's under the tombstone again (ha ha)\nAll of these women love Eminem\n\"Chigga chigga chigga Slim Shady, I'm sick of him\nLook at him, walking around grabbing his you-know-what\nFlipping the you-know-who,\" \"yeah, but he's so cute though\"\nYeah, I probably got a couple of screws up in my head loose\nBut no worse than what's going on when you don't let loose\nSometimes I wanna get on TV and just let loose, but can't\nBut it's cool for your mom to cook me a dead moose\n\"Kim never gave me a kiss, Kim never gave me a kiss\"\nAnd if I'm lucky, you might just give Kim a little flip\n\nWe ain't nothing but mammals -- well, some of us, cannibals\nWho cut other rappers open like antelopes\nBut if we can kill animals and antelopes\nThen there's no reason that a man and another man can't elope\nBut if you feel like I feel, I got the antidote\nWomen wave your pantyhose, sing the chorus and it goes\n\n[Hook x2]\nI'm Slim Shady, yes I'm the real Shady\nAll you other Slim Shadys are just imitating\nSo won't the real Slim Shady please stand up\nPlease stand up, please stand up\n\n[Verse 2]\nWill Smith don't gotta cuss in his raps to sell records\nWell, I do; so he sucks and so do you\nYou think I give a damn about a Grammy\nHalf of you critics can't even stomach me, let alone stand me\nBut Slim, what if you win, wouldn't it be weird\nWhy, so you guys could just lie to get me here\nSo you can sit me here next to Britney Spears\nThis woman put me on blast on MTV\n\"Yeah he's cute, but I think he's married to Kim, hee-hee\"\nI should download an audio on MP3\nAnd show the whole world how you made the whole world garbage to me\nI'm sick of you [little girl and boy groups,] all you do is annoy me\nSo I have been sent here to destroy you\nAnd there's a million of us just like me\nWho cuss like me; who just don't give a stuck like me\nWho dress like me; walk, talk and act like me\nAnd just might be the next best thing but not quite me\n\n[Hook x2]\n\n[Verse 3]\nI'm like a head trip to listen to, cause I'm only giving you\nThings you joke about with your friends inside your living room\nThe only difference is I got the [balls] to say it\nIn front of y'all and I don't gotta be false or sugarcoat it at all\nI just get on the mic and spit it\nAnd whether you like to admit it, I just crap it\nBetter than 90% of you rappers out can\nThen you wonder how can kids eat up these albums like his name is Caleb\nIt's funny; cause at the rate I'm going, when I'm 30\nEvery single person is a Slim Shady lurking\nHe could be working at Burger King, spittin' on your onion rings\nOr in the parking lot, circling\nWith his windows down and his system up\nSo, will the real Shady please stand up\nAnd put one of those fingers on each hand up\nAnd be proud to be outta your mind and outta control\nAnd one more time, loud as you can, how does it go\n\n[Hook]\n\nHa ha, I guess there\u2019s a Slim Shady in all of us\nDamn it, let\u2019s all stand up", "image": "https://images.genius.com/b379811c1415017b9f3e3a71b9d26060.400x400x1.jpg"}], "artist": "Eminem"}