{"songs": [{"title": "Must Be the Ganja", "album": "Relapse", "year": "2009-05-15", "lyrics": "[Intro]\nYeah, ohh, yeah yeah, ohh\nI feel like dancing, I feel like dancing\nI smell something in the air that's making me (High!)\nI said, I smell something in the air that's making me high\n\n[Verse 1]\nOkay, here we go, do-re-mi-fa-so, fa-so-la-ti-da-so\nLyrical rascal, kick back the Tabasco\nYou motherfuckers must just not know the tick-tock, so\nTime to show you the most kick-ass flow in the cosmos\nPicasso with a pick axe, a sick asshole\nTic-tac-toe comes with six-pack with Exacto\nKnives, strangling wives with thick lasso\nBig bags of the grass, Zig-Zags, I'm with the Doc, so\nYou know how that go, skull and the crossbones\nThis is poison to boys and girls who do not know\nYou do not want to try this at home, my lil' vato\nThis is neither the time nor the place to get macho\nSo crack a six-pack, sit back with some nachos\nMaybe some popcorn and watch the show and just rock slow\nIt's not what you expected, not what you thought, so\n'Bout time that you wake the fuck up, smell the pot smoke\n\n[Chorus]\nIt must be the ganja, it's the marijuana\nThat's creeping up on me, why I'm so high\nMaybe it's the Henny that has gotten in me\nWhatever's got into me, I don't mind\nIt must be the ganja, it's the marijuana\nThat's creeping up on me, why I'm so high\nMaybe it's the Henny that has gotten in me\nWhatever's got into me, I don't mind\n\n[Verse 2]\nYour dreams are getting fulfilled\nOoh, I'm literally getting a chill, spitting at will\nMe and Dre have just finished splitting a pill\nYou're submitting to skill, sitting still\nI'm admitting I'm beginning to feel like I don't think anyone's real\nFaced with a dilemma: I can be Dalai Lama\nAnd be calm or bring drama, a step beyond of Jeffrey Dahmer\nPlease don't upset me, mama, you're looking sexy, mama\nDon't know if it's the lala or the rum and Pepsi, mama\nDon't wanna end up inside my refrigerator freezer\nBe used as extra topping the next time I make a pizza\nHow many people you know\nWho can name every serial killer who ever existed in a row?\nPut 'em in chronological order, beginning with Jack the Ripper\nName the time and place; from the body, the bag, the zipper\nLocation of the woods\nWhere the body was dragged and then dumped\nThe trunk that they were stuffed in, the model, the make, the plate\nAnd which model, which lake they found her in\nHow they attacked the victim\nSay which murder weapon was used to do what in which one\nWhich knife and which gun, what kid, what wife, and which nun\nDon't stop, I like this, it's fun, the fucking night's just begun\n\n[Chorus]\nIt must be the ganja, it's the marijuana\nThat's creeping up on me, why I'm so high\nMaybe it's the Henny that has gotten in me\nWhatever's got into me, I don't mind\nI said it's the ganja, it's the marijuana\nThat's creeping up on me, why I'm so high\nMaybe it's the Henny that has gotten in me\nWhatever's got into me, I don't mind\n\n[Verse 3]\nWhen I'm behind the mic, dynamite's what it's kinda like\nYou're stuck with the same stick that you're tryna light\nBehind the board sits Dre, legends are made this way\nIsn't it safe to say this is the way it should be?\nMaybe you need some lyric syrup serum for your symptoms\nHere's a dosage of the antidote, now you give him some\nHe can give her some, she can give them some\nGet behind a LinnDrum\nMake up a beat and kill the sucker syndrome\nThe spinning drum when it comes to lyrics and penning some\nStarting from scratch and then ending up at the ending of\nCapable of winning a Pulitzer\nSo unbelievable, it's a titanium cranium that's full of sur\u2013\n\u2013prises when the smoke rises right before your very own eyes\nYou stare into your stereos (high)\nGood evening, this isn't even a weed thing\nI ain't even smoke anything, I ain't even drinking\n\n[Chorus]\nIt must be the ganja, it's the marijuana\nThat's creeping up on me, why I'm so high\nMaybe it's the Henny that has gotten in me\nWhatever's got into me, I don't mind\nIt must be the ganja, it's the marijuana\nThat's creeping up on me, why I'm so high\nMaybe it's the Henny that has gotten in me\nWhatever's got into me, I don't mind", "image": "https://images.genius.com/3e2c5f364cd05485f143e708d7608b3c.1000x1000x1.png"}], "artist": "Eminem"}