{"songs": [{"title": "Searchin'", "album": "Infinite", "year": "1996-11-12", "lyrics": "[Intro: Angela Workman]\nAin't no one special, special like you\nAin't no one special, special like you\nAin't no one special, special like you\nAin't no one special, special like you\nI been searchin'\nBut you're the one I want in my life, baby\nI been searchin'\nBut you're the one I want in my life, baby\nI been searchin'\nBut you're the one I want in my life, baby\nI been searchin'\nBut you're the one I want in my life, baby\n\n[Verse 1: Eminem]\nI'm reminiscin' on your tenderness\nAnd the snugglin' and teasin'\nMissin' what I remember\nKissin' and huggin' and squeezin'\nBuggin' and wheezin'\nI'm havin' trouble when breathin'\nIt's even tougher when sleepin'\nBut there's a couple of reasons that I'm sufferin' and grievin'\nFor lovin' and leavin'\nYou're all I'm thinkin' of in the evenin'\nYou got my knees bucklin' and weakenin'\nThoughts of nothin' but freakin'\nThat I'm strugglin' to keep in\nAnd interrupt when I'm speakin'\nI got some game that I'm preparin' to run\nThe way your lips sparkle and they glare in the sun\nYou got your hair in a bun\nNo matter what you're wearin' you stun\n'Cause you're comparin' to none\nI want to share in the fun, I feel a passionate lust\nWhen I imagine it just alone at last when it's us\nI see you graspin' to trust\nBut my intentions are good, let's leave the past in the dust\nI'm not askin' to rush\nAnd answer me immediately\nI just wanna be there for you and you to be there for me\nIf you agree to repeat after me\n\"I love you\" (I love you, baby)\n\u2018Cause I just need you to see\nHow much I'm eager to be your man legally wed\nYour love's keepin' me fed\nThis is easily said, so you can lead or be led\nIf you care to be down\n\u2018Cause ain't nobody like you nowhere to be found\n\n[Hook: Angela Workman]\nI been searchin'\nBut you're the one I want in my life baby\nI been searchin'\nBut you're the one I want in my life baby\nI been searchin'\nBut you're the one I want in my life baby\nI been searchin'\nBut you're the one I want in my life baby\n\n[Verse 2: Mr. Porter]\nBaby, it's all on you, it's you I call on, boo\nLet's set a day up so you can fall on through\nWe'll take a spin in a Lexus\nYou can chill for dinner and breakfast\nLong enough to see how this gentleman sexes\nWe'll start it off with caviar, Dom P\u00e9rignon\nAnd then when it's a fact we are warm, carry on\nWe'll take it slow, see, nobody will hurry things\nI got the Izze, the Bacardi and Hurricane\nIf Daiquiris are in debate and not your thang that day\nIt's still all right \u2018cause I got Minute Maid and Tangeray\nYou're an incredible one that's rare\nI bet in edible underwear\nYou'll look impeccable, none compare\nI dream of freakin' you, the women that I'm speakin' to\nIt seems that there is not an end to things that we can do\nSo, now we all set to play, only thing left to say\nIs when you step away, baby, look over in the n\u00e9glig\u00e9e\n\n[Hook: Angela Workman]\nI been searchin'\nBut you're the one I want in my life baby\nI been searchin'\nBut you're the one I want in my life baby\nI been searchin'\nBut you're the one I want in my life baby\nI been searchin'\nBut you're the one I want in my life baby\nAin't no one special, special like you\nAin't no one special, special like you", "image": "https://images.genius.com/eda31ba0169a98076608e99c8f5f8ef7.590x590x1.jpg"}], "artist": "Eminem"}