{"songs": [{"title": "Nowhere Fast", "album": "Revival", "year": "2017-12-15", "lyrics": "[Chorus: Kehlani]\nAshes blowin' in the air\nOur world\u2019s on fire, but we don't care, yeah\nWasted youth, always on the road\nNever lookin' back and we\u2019re never gettin' old\n'Cause the skies are black\nBut our heart's made of gold\nFuck doin' what you're told\nWe're goin' nowhere fast\n\n[Verse 1: Eminem]\nI feel sorry for this beat, sympathy pains for this track\nThis road is takin\u2019 me back\nDown memory lane with this rap\nI can still look out in this crowd, be wowed and be taken aback\nI\u2019m simply stating a fact\nI had Wembley Stadium packed\nBut now we're on a path headed to nowhere and fast\nAnother terrorist attacks\nLike a tariff, blows half of Madison Square up, alas\nWe perish in the blast\nBut that isn\u2019t scaring us, we pass\nNowhere we're fearless, 'cause we're just\u2014\n\n[Pre-Chorus: Kehlani & Eminem]\nAshes blowin\u2019 in the air\nOur world's on fire, but we don't care, yeah\n(We don't give a\u2026\u00a0no, no)\nWasted youth, always on the road\nNever lookin' back and we're never gettin' old\n'Cause the skies are black\nBut our heart's made of gold (golden)\nFuck doin' what you're told (what we're told)\nWe're goin' nowhere fast\n\n[Post-Chorus: Kehlani]\n'Cause we're goin' no, goin' no\nGoin' no, goin' no\nGoin no, goin' nowhere\nWe're on the run of our lives\nGoin' nowhere fast\n\n[Verse 2: Eminem]\nFuck doin' what you're told, act like a two-year old\nShit is soon to go kaboom and blow\nAnyways; for MC's it's a funeral\nWhen I'm devisin' this rhyme\n'Cause I'm awake and you're mourning\nThat's why I rise and I shine\nLike a new day has dawned on me\nGusto, guts, bravado\nNuts and plus I kick up dust and cuss a lot\nI musta got you in somewhat of a debacle\n'Cause some stuff that's awful\nReally don't mean nothin' although\nThere's a lot of shit I said in jest that's tough to swallow\nBut if at times my heart it seems\nLike it's in the wrong place, it's probably 'cause it's on my sleeve\nKeanu Reeves speed of life, avoid or veer\nOr just steer toward it, we're only lookin' forward\nBut where we're goin', we have no idea\nNowhere to go, but hysterical, it's gettin' warm in here\nI set the world on fire, was born to be an arsonist\nJust one spark and it's lit\nBut I'ma still get dark on this shit\nTold you I'd leave my mark on this bitch\u2014war machine\nBut you forced me in a corner\nI'm sure to have somethin' for your rear\nAnd in the course of the assault as torture gets more severe\nGo to war with me, you'll end up blew to Timbuktu\nI send at you a ten-ton nuke like Kim Jong-Un\nAnd end up ruinin' your career\nBut when all is said and done\nAnd at the end of my run I'll just rewind clocks, forever young\nMake time stop, will I ever fall off? That day will never come\n'Til the pine box, bitch, fuck you! I'm better than I ever was\n'Til the bomb drops, hope it never does\nBut I'm not gonna sweat it 'cause\nThis world's screwed, it's already fucked\nAnd I'm on top, so everyone's just\u2014\n\n[Chorus: Kehlani & Eminem]\nAshes blowin' in the air (so we're\u2026)\nOur world's on fire, but we don't care, yeah\n(We don't give a\u2026\u00a0no, no)\nWasted youth, always on the road\nNever lookin' back and we're never gettin' old\n'Cause the skies are black\nBut our heart's made of gold (golden)\nFuck doin' what you're told (what we're told)\nWe're goin' nowhere fast\n\n[Post-Chorus: Kehlani]\n'Cause we're goin' no, goin' no\nGoin' no, goin' no\nGoin' no, goin' nowhere\nWe're on the run of our lives\nGoin' nowhere fast\n\n[Bridge: Eminem & Kehlani]\nYou can't tell us nothin'\nHard-headed and we're stubborn\nSo, one ear and out the other when we're young, we're young\n(We're on the run of our lives)\nWho knows what the future for us could hold\nAnother shooter? Uh oh\n(We're on the run of our lives)\nNo more tomorrows, we're done\nAnd all we are is\u2014\n\n[Chorus: Kehlani & Eminem]\nAshes blowin' in the air (so we're\u2026)\nOur world's on fire, but we don't care (don't care, yeah)\n(We don't give a\u2026\u00a0no, no)\nWasted youth, always on the road\nNever lookin' back and we're never gettin' old\n'Cause the skies are black\nBut our heart's made of gold (golden)\nFuck doin' what you're told (what we're told)\nWe're goin' nowhere fast\n\n[Post-Chorus: Kehlani]\n'Cause we're goin' no, goin' no\nGoin' no, goin' no\nGoin' no, goin' nowhere\nWe're on the run of our lives\nGoin' nowhere fast", "image": "https://images.genius.com/edd76153e7ac3ec36be997aea55f32ed.1000x1000x1.png"}], "artist": "Eminem"}