{"songs": [{"title": "Kamikaze", "album": "Kamikaze", "year": "2018-08-31", "lyrics": "[Intro]\n(Fack) Okay, (Fack) how do I say this? (Fack)\nLast year (Fack) didn't work out so well for me (Fack)\n(Fack last year!) (Fack) (Last year can eat a dick!)\n2018, (Fack) well (Fack)\n\n[Verse 1]\nHah, yeah, I'm a fuckin' kamikaze crashin' into everything\nYou beat me, Islamic Nazi, that means there is no such thing\nI've been goin' for your jugular since Craig G \"Duck Alert\"\nWedgie in my underwear, the whole bed sheet and the comforter\nStuck up in my rectal crack, kiss my disrespectful ass\nI'll ride through your cul-de-sac\nWindow cracked, bumpin' your reference tracks\nY-You collaborative effort rap, I-I have never said his raps\nO-Overstayed my welcome, stepped in crap\nAnd ruined your welcome mat\nSo spit that shit from the heart, you didn't write like you wrote it (Wrote it) (Yeah)\nWhile I teabag the microphone 'cause I go nuts on it (On it) (Yeah)\nLike a fighter jet lined with explosives that'll strike any moment\nHeaded right at opponents and I'm the fuckin' pilot that flown it\nI'm 'bout to\u2014\n\n[Chorus]\nSmash into everyone, crash into everything\nBack and I've just begun, \"FACK\" 2017\nFack, fack on everyone\nFack, fack on everyone\nFack, fack on everyone\nI'm a Kamikaze, gonna\nSmash into everyone, crash like an F-15\nDamage already done, y'all shoulda let me be\nFack, fack on everyone\nFack, fack on everyone\nFack, fack on everyone\nI'm a Kamikaze, gonna\n\n[Verse 2]\nI turned to rap 'cause it made me feel tough when I wasn't (Wasn't)\nFrom the moment I heard rappers cussin', I was in (Was in)\nWhich is why I identify with the guy\nWho I was invented by, Dre's Frankenstein\nEnergized like a nine volt\nIce cold like Snake Eyes, twice in a row on a dice roll\nBut if the only reason I blowed is 'cause I'm white though\nWhy don't every other white rapper sell what I sold? (Ooh)\nKamikaze pilot, I wrote my suicide note\nHere come the guys in white coats tryin' to stop me\n'Fore I jump behind the controls and try to fly into foes\n'Cause I'm takin' y'all with me when I go cyclone\nI don't think this typhoon's lettin' up any time soon, here I go\nEyes closed, blindfolded, I'm 'bout to\u2014\n\n[Chorus]\nSmash into everyone, crash into everything\nBack and I've just begun, \"FACK\" 2017\nFack, fack on everyone\nFack, fack on everyone\nFack, fack on everyone\nI'm a Kamikaze, gonna\nSmash into everyone, crash like an F-15\nDamage already done, y'all should've let me be\nFack, fack on everyone\nFack, fack on everyone\nFack, fack on everyone\nI'm a Kamikaze, gonna\n\n[Bridge]\nSmash\nKamikaze, kamikaze\nKami, kami-kamikaze, kamikaze, kami-kamikaze (kamikaze)\nTake a look at what I've done\n\n[Verse 3]\nI heard your freestyle on Shade 45, that shit was embarrassing\nThere is no way we ever air that shit again, I guarantee that\nWait, that shit was so ass it's somethin' we wouldn't dare re-air it\nThe shit's embarrassing as me rear-ending Tara Reid bare\nIn my therapy chair, my dick is the hair length of Cher\nEach nut is the chair width of an Acorn stairlift, beware of me\nLyrically I'm terrible, better get your lyrics prepared\nRichard Ramirez is here, serial killin' every beat there is\nWait, wait, got the eeriest feelin'\nSomethin' evil is lurkin', I'm no conspiracy theorist\nBut somethin' here is a foot\u2014oh yeah, it's my dick\nGet the measurin' stick (What?), twelve inches of wood (Haha)\nWait, but I've been goin' for your jugular since Craig G \"Duck Alert\"\nAnd I've come to pay respects\n'Cause if you sleep you're fucked\u2014other words\nYou get laid to rest and I hope your butt is hurt\nPut me on a track, I go cray on it like a color book\nYou got some views, but you're still below me\nMine are higher, so when you compare our views, you get overlooked\nAnd I don't say the hook unless I wrote the hook\nAnd now I'm just freestylin' in the vocal booth\nAnd you know I've always spoke the truth\nYou're lyin' through your teeth so much you broke a tooth\nAnd it ain't somethin' I need a phone to do\nWhen I say I can't wait 'til I get ahold of you\nAnd I don't know what I'm s'posed to do\nLine up the rappers, take my pic like a photo shoot", "image": "https://images.genius.com/160b53c324c4cdeb709b605d3a591598.1000x1000x1.png"}], "artist": "Eminem"}