{"songs": [{"title": "The Monster", "album": "The Marshall Mathers LP 2", "year": "2013-10-29", "lyrics": "[Intro: Rihanna]\nI'm friends with the monster that's under my bed\nGet along with the voices inside of my head\nYou're tryin' to save me, stop holdin' your breath\nAnd you think I'm crazy, yeah, you think I'm crazy\n\n[Verse 1: Eminem]\nI wanted the fame but not the cover of Newsweek\nOh well, guess beggars can't be choosey\nWanted to receive attention for my music\nWanted to be left alone in public, excuse me\nFor wantin' my cake, and eat it too, and wantin' it both ways\nFame made me a balloon \u2018cause my ego inflated\nWhen I blew, see, but it was confusing\n\u2018Cause all I wanted to do's be the Bruce Lee of loose leaf\nAbused ink, used it as a tool when I blew steam\nWhoo! Hit the lottery, ooh-wee\nBut with what I gave up to get it was bittersweet\nIt was like winnin' a used mink\nIronic \u2018cause I think I'm gettin' so huge I need a shrink\nI'm beginnin' to lose sleep: one sheep, two sheep\nGoin' coo-coo and kooky as Kool Keith\nBut I'm actually weirder than you think, \u2018cause I'm\u2014\n\n[Chorus: Rihanna (Bebe Rexha)]\nI'm friends with the monster that's under my bed\nGet along with the voices inside of my head\nYou're tryin' to save me, stop holdin' your breath\nAnd you think I'm crazy, yeah, you think I'm crazy\nWell, that's nothin' (Ooh-ooh-ooh-ooh)\n(Ooh-ooh-ooh-ooh, ooh-ooh-ooh-ooh)\nWell, that's nothin' (Ooh-ooh-ooh-ooh)\n(Ooh-ooh-ooh-ooh, ooh-ooh-ooh-ooh, ooh-ooh-ooh-ooh)\n\n[Verse 2: Eminem]\nNow, I ain't much of a poet\nBut I know somebody once told me to seize the moment\nAnd don't squander it \u2018cause you never know when it all\nCould be over tomorrow, so I keep conjurin'\nSometimes I wonder where these thoughts spawn from\nYeah, ponderin'll do you wonders, no wonder\nYou're losin' your mind, the way it wanders\nYodel-odel-ay-hee-hoo! I think it went wanderin' off down yonder\nAnd stumbled onto Jeff VanVonderen\n\u2018Cause I need an interventionist\nTo intervene between me and this monster\nAnd save me from myself and all this conflict\n\u2018Cause the very thing that I love's killin' me and I can't conquer it\nMy OCD's conkin' me in the head, keep knockin'\nNobody's home, I'm sleepwalkin'\nI'm just relayin' what the voice in my head's sayin'\nDon't shoot the messenger, I'm just friends with the\u2014\n\n[Chorus: Rihanna (Bebe Rexha)]\nI'm friends with the monster that's under my bed\nGet along with the voices inside of my head\nYou're tryin' to save me, stop holdin' your breath\nAnd you think I'm crazy, yeah, you think I'm crazy\nWell, that's nothin' (Ooh-ooh-ooh-ooh)\n(Ooh-ooh-ooh-ooh, ooh-ooh-ooh-ooh)\nWell, that's nothin' (Ooh-ooh-ooh-ooh)\n(Ooh-ooh-ooh-ooh, ooh-ooh-ooh-ooh, ooh-ooh-ooh-ooh)\n\n[Verse 3: Eminem]\nCall me crazy, but I have this vision, one day that\nI'll walk amongst you a regular civilian\nBut until then, drums get killed and I'm comin' straight at\nMC's, blood gets spilled and I'll\nTake you back to the days that I'd get on a Dre track\nGive every kid who got played that pumped-up feelin'\nAnd shit to say back to the kids who played him\nI ain't here to save the fuckin' children, but if one kid\nOut of a hundred million who are goin' through\nA struggle, feels it and relates, that's great!\nIt's payback, Russell Wilson fallin' way back\nIn the draft, turn nothin' into somethin'\nStill can make that straw into gold chump\nI will spin Rumpelstiltskin in a haystack\nMaybe I need a straightjacket\nFace facts: I am nuts for real, but I'm okay with that!\nIt's nothin', I'm still friends with the\u2014\n\n[Chorus: Rihanna]\nI'm friends with the monster that's under my bed\nGet along with the voices inside of my head\nYou're tryin' to save me, stop holdin' your breath\nAnd you think I'm crazy, yeah, you think I'm crazy\n\n[Bridge: Rihanna (Eminem)]\nI'm friends with the monster that's under my bed\n(Get along with) Get along with the voices inside of my head\n(You're tryin' to) You're tryin' to save me, stop holdin' your breath\n(And you think) And you think I'm crazy, yeah, you think I'm crazy\nWell, that's nothin'\n\n[Outro: Rihanna (Bebe Rexha)]\n(Ooh-ooh-ooh-ooh)\n(Ooh-ooh-ooh-ooh, ooh-ooh-ooh-ooh)\nWell, that's nothin' (Ooh-ooh-ooh-ooh)\n(Ooh-ooh-ooh-ooh, ooh-ooh-ooh-ooh, ooh-ooh-ooh-ooh)", "image": "https://images.genius.com/f8e3befb0dfae2eaa6833b4374f1b372.1000x1000x1.png"}], "artist": "Eminem"}