{"songs": [{"title": "Cinderella Man", "album": "Recovery", "year": "2010-06-18", "lyrics": "[Intro: Eminem]\nYeah, you know, technically\nI'm not even really supposed to be here right now\nSo fuck it, might as well make the most of it\n(Amen, Amen)\nYeah! Ha ha, feels good\nGuess I'm lucky\nSome of us don't get a second chance\nBut I ain't blowin' this one\nNah, man, ha ha\nShit, I feel like I can do anything now\n\n[Bridge: Eminem]\nWho can catch lightning in the bottle, set fire to water\nComin' out the nozzle on the fire hose, flyer than swatters\n(Cinderella Man, Cinderella Man\nCinderella Man, Cinderella Man)\nSmash an hourglass, grab the sand\nTake his hands and cup 'em\nSpit a rhyme and freeze the clock\nTake the hands of time and cuff 'em\n(Cinderella Man, Cinderella Man\nCinderella Man, Cinderella Man)\n\n[Verse 1: Eminem]\nThere's a storm comin' that the weatherman couldn't predict\nI start to bug, prick, you better flee, 'cause I get ticked\nIt's a wrap, I was down when I was down, I was kicked\nI got up, I'm back to punch you to the ground, you trick!\nIt's a trap, fuck my last CD, the shit's in my trash\nI'll be goddamned if another rapper gets in my ass\nI hit the gas and I spit every rap as if it's my last\nYou can die in the blink of an eye, so bat your eyelashes\nAnd keep winkin' and blowin' kisses\n'Cause you're flirtin' with death\nI'm destroyin' your livelihood, I ain't just hurtin' your rep\nI catch a flow and get goin'\nNo remorse I'm showin', ain't slowin' for no one\nKnowin' there's nothin' you can do about it\nZero in on the target like a marksman, the target is you\nI shut your lane down, took your spot, parked in it too\nArsenic flow, lighter fluid saliva\u2014what can you do?\nGo get your crew to hype you up\nStand behind you like \"Whooo!\"\nThat boy's hot enough to melt Hell, burn Satan too\nFry his ass and put his ashes back together with glue\nSee, you can hate him, he don't blame you\nFrankly, he would too\nThis game could ill afford to lose him, how 'bout you?\n\n[Refrain: Eminem]\nNow guess who? (Hey!) Here's a clue (Hey!)\nHe came to the ball in his wife beater, lost his Nike shoe\nIt's in your ass, (Hey!), he's in your ass\nHe's all up in your psyche too\nNow, what's his name?\n\n[Chorus: Kobe]\n(Cinderella Man, Cinderella Man\nCinderella Man, Cinderella Man)\nIf I had a time machine, I'd be Cinderella Man\n(Cinderella Man, Cinderella Man, Cinderella Man)\nMusic is my time machine, so call me\n(Cinderella Man, Cinderella Man\nCinderella Man, Cinderella Man)\n\n[Bridge 2: Eminem]\nFuck catchin' lightning, he struck it\nScreamed \"Shut up!\" at thunder\nThen flipped the world upside down\nAnd made it rain upward\n(Cinderella Man, Cinderella Man\nCinderella Man, Cinderella Man)\nRewound the future to the present\nPaused it \u2013 don't ask how\nFuck the past, mothafucka\nHe's the shit right now, he's\n(Cinderella Man, Cinderella Man\nCinderella Man, Cinderella Man)\n\n[Verse 2: Eminem]\nCinderella man, Cinder Fellow, Shady dane\nCame to wrap the game up in cellophane\nRaise hell, from Hell he came\nBut didn't come to bore you with the Cinderella story\nNor did he come to do the same old\nCan't afford to be a lame-o\nIn this day and age and at this stage of the game\nMediocrity can no longer be allowed to fly\nSo say bye to the old, H-I to the new\nQue ser\u00e1, consider it his last hurrah\nThe coup de gr\u00e2ce, raise 'em high\nIn the sky, keep 'em up, time to bring the place alive\nThanks for bein' patient, I\nWill make no more mistakes, shit, my\nPotato's baked, homie, the veggies on my plate can fly\nMy filet is smokin' weed\u2014yeah, faggot, the steaks are high\nShit, I ain't even suppose to be here by the grace of God\nThe skin of my teeth and the hair on my nuts, I skated by\nNow y'all are on thin ice with ankle weights, I'd hate to lie\nHow fuckin' irritated are you? How much in your face am I?\nIt ain't shit you could do but fear it, Proof is here in spirit\nAnd I'm the spittin' image, I mirror it when I stand near it\nYour pussy lyric, I \"cunt\" hear it\nWho forms pyramids and raps circles around square lyricists\n\n[Refrain: Eminem]\nWho? Here's a clue (Hey!)\nHe came to the ball in his wife beater, lost his Nike shoe\nIt's in your ass, (Hey!), he's in your ass\nHe's all up in your psyche too\n(Hey!) Now, (Hey!) what's his name?\n\n[Chorus: Kobe]\n(Cinderella Man, Cinderella Man\nCinderella, Cinderella Man, Cinderella Man)\nIf I had a time machine, I'd be\n(Cinderella Man, Cinderella Man\nCinderella Man, Cinderella Man)\nMusic is my time machine, so call me\n(Cinderella Man, Cinderella Man\nCinderella Man, Cinderella Man)", "image": "https://images.genius.com/ab1340cb260059194d9b6e04cb96707a.1000x1000x1.png"}], "artist": "Eminem"}