{"songs": [{"title": "Love Me", "album": "8 Mile: Music from and Inspired by the Motion Picture", "year": "2002-10-29", "lyrics": "[Intro: Obie Trice]\nYou don't see me in the hood\nThat's 'cause I'm doin' this, man\n\n[Verse 1: Obie Trice]\nNiggas, I'm still grindin' (yeah), I still hearin' those sirens\nI'm still gettin' chased by those lights\nOnly the light's lime, and my mic's on\nAnd my time is none, because I'm writin' more\nAnd I ain't here to meet a soul in this business\nI\u2019m here to eat, speak, until these hoes feel this (for sure)\nAnd I can\u2019t let y'all derail me, man\nI got Young Kobie, homie, you gotta let go of Obie\n'Cause Obie be back, (going nowhere, man) we got them craps goin' on\nAnd that 'ac goin' on, soon as a nigga touch down, back from tourin'\nIt's whatever, put that on the cheddar, man\nBut in the meantime, it's Jimmy Iovine time\nChase cheese, rhyme 'til my voice give out\nThis is it my niggas, this what we boast about\nNow I'm here, so shut your motherfuckin' mouth, and show me love, bitch\n\n[Hook]\nI just wanna love ya\nFor the rest of my life (I don't love you, bitch)\nI wanna hold you in the mornin'\nHold you through the night\nI just wanna love ya\nFor the rest of my life\nI wanna hold you in the mornin'\nHold you through the night\n\n[Interlude: Obie Trice]\n(I don't love you, bitch)\nRight we wanna love alcohol\nWe wanna love guns, we wanna love money\nWe don't love no bitches, though\n\n[Verse 2: Eminem]\nThere's a certain mystique when I speak, that you notice\nThat's sorta unique 'cause you know it's me\nMy poetry's deep, and I'm Stillmatic, the way I flow to this beat\nYou can't sit still, it's like tryna smoke crack and go to sleep\nI'm strapped, it's known any minute I could snap\nI'm the equivalent of what would happen if Bush rapped\nI bully these rappers so bad lyrically\nIt ain't even funny, I ain't even hungry, it ain't even money\nYou can't pay me enough for you to play me\nIt's cockamanie, you just ain't zany enough to rock with Shady\nMy noodle is cock-a-doodle, my clock's cuckoo\nI got screws loose, yea the whole kit and caboodle, I'm just brutal\nIt's no rumor, I'm numero uno, assume it\nThere's no humor in it no more, you know\nI'm rollin' with a swollen bowlin' ball in my bag\nYou need a fag to come and tear a new hole in my ass, you better love me, bitch\n\n[Hook w. (Obie Trice adlibs)]\nI just wanna love ya\nFor the rest of my life\nI wanna hold you in the mornin'\nHold you through the night (and all the bitches say)\nI just wanna love ya\nFor the rest of my life\nI wanna hold you in the mornin'\nHold you through the night\n\n[Verse 3: 50 Cent]\nMy buzz is crazy in the hood, they holla my name\nIf it ain't about the flow, it's 'bout the stones and the chain\nIf I was you, I'd love me too, I roll like a boss\n911 Porsche same color as cranberry sauce\nI ain't gon' front, I thought R. Kelly was the shit\nLet me find out he fuckin' 'round with Bow Wow bitch\nNiggas eatin' popcorn right, rewindin' the tape\nNow shorty mama in precinct, hollerin' rape\nI'm convinced, man, somethin' really wrong with these ho's\nI thought Lil' Kim was hot, 'til she start fuckin' with her nose\nI used to listen to Lauryn Hill, and tap my feet\nThen the bitch put out a CD and didn't have no beats\nThat boy D'Angelo, he determined not to fail\nThat nigga went butt-ass, for his record to sell\nMy back shots 'll help Ashanti hit them high notes\nAnd Big been taught Charli B'More to deep throat (yea)\n\n[Hook]\nI just wanna love ya\nFor the rest of my life\nI wanna hold you in the mornin'\nHold you through the night (and all the bitches say)\nI just wanna love ya\nFor the rest of my life\nI wanna hold you in the mornin'\nHold you through the night\n\n[Collision: 50 Cent]\nI love the burners\nThe money, the bunnies, I just wanna hold ya\nI just wanna love ya", "image": "https://images.genius.com/e4a1bd93e045b909843de21d49a9bb97.1000x1000x1.jpg"}], "artist": "Eminem"}