{"songs": [{"title": "Maxine", "album": "Infinite", "year": "1996-11-12", "lyrics": "[Produced by Eminem & Mr. Porter]\n\n[Intro: Maxine & Denuan Porter]\nMaxine!\nHello\nCan I speak to Maxine?\nYeah, this is me, what's up?\nWhat up?\nWho dis?\nDenaun\nYeah, what's up?\nWhat are you doing?\nNothing, just laying in bed\nHuh?\nNothing, just laying in bed\nWhy?\nI don't know, thinking about something freaky to do\n\n[Verse 1: Eminem]\nI know this crack fiend, Maxine, who needs a vaccine\nShe tests positive, but tells you that her act's clean\nPlus she got a sugar daddy\nGassin' every hooker that he takes in to crook her badly\nIf you mistook her, sadly, on her reputation\nYou're in jeopardation, if you ain't got no preparation\nWhen you stepped away, son, she got her face done\nLookin' provocative, she'll let you knock it if\nYou press the issue, and get undressed to kiss you\nIf you match the price, otherwise she won't look at you twice\nBut when you catch the lice, or get the urgency\nTo go to the emergency \u2018cause it burns to pee\nDon't bring your germs to me, \u2018cause I ain't tryna hear it\nWhile you're fightin' your fuckin' disease, tryna clear it\n\n[Verse 2: Kon Artis]\nSometimes I wonder, what's your purpose in life?\nThat is to get with every brother\nAnd unveil one of his kids\nShit, you livin' trife\nGot three kids at home, and club-hoppin' every night\nYou say it's gonna stop\nBut it just\u2026 slows\u2026 down\u2026\nAnd then speeds back to a regular pace\nThere is no end to this\nMystery, whatever your reason even is to be\nYou say you wanna be with me, but how can you say that\nWhen you got niggas hidin' in your closet?\nI refrain from gettin' angry\nBut you keep on actin' strangely\n\n[Verse 3: 3]\nI met this girl last week\nShe was a freak, and she liked me\nSo I stepped on it and then asked my homies\nAnd chilled on the side and then watched they niggas\nBig game over there and take notes, while I get this number\nI stepped to her, first I cleared my throat\nAnd said: \"Hey, bitch, haven't I seen you before?\"\nLooked at my nigga, turned around and got slapped\nThroughout my hands, and said: \"Oh, it's like that?\"\nShe said she just broke up with her nigga and shit\nShe started cryin', and asked me to forgive her and shit\nShe said her name was Maxine\nSo I told her I wanted her number\nShe asked could I give her mine too\nGot to the crib and called her up\nWe got into a good conversation\nThat's when she asked me could I fuck\nI said: \"Maxine, check this out\nGive me your address I'll be through and you'll find out.\"\nGot to the crib, she let me in\nShe didn't waste time, she grabbed my hand\nAnd proceeded to the bedroom\nI said \"Hold up, and stop proceedin', you rushin' things\"\nWhat the fuck are you doin'?\nSo I went for my protection\nTook off my clothes and started flexin'\nAs she went for my midsection\nI threw her down as I tore off her shirt\nPulled out my jimmy and I thought about puttin' in work\nBefore I hit it she said: \"3, don't get mad\nBut there's somethin' that I gotta tell your ass.\"\nI said \"What is it? Another nigga? It's okay.\"\nShe said: \"No I forgot to tell you\nThat I got AIDS, I got a problem.\"\n\n[Outro: Maxine & Denaun Porter]\nHey, Maxine\nWhat?\nYou thinkin' about suckin' my dick?\nYeah, for a small price\nFor a small price? What you mean?\nYou know, money, nigga\nYou don't need no damn money; I can't give you no money anyways, I heard you got some shit\nWhat you, what you hear I got?\nAIDS\nWho told you that bullshit?\nMy nigga Kyu, he wouldn't lie\nWell, if that's the case, Kyu got it then\nOh for real, it's like that?\nWell, I ain't got shit, so he ain't got shit\nAnd if he do, he ain't get that shit from me\nI ain't fuckin' around with no third nigga\nFuck that, I ain't fuckin' with you\nNo, see\u2026\nYou got that shit, I ain't gotta fuck with you\nHold on, why it ain't even like that\nI want y'all to get paid, fuckin'", "image": "https://images.genius.com/eda31ba0169a98076608e99c8f5f8ef7.590x590x1.jpg"}], "artist": "Eminem"}