{"songs": [{"title": "Stan", "album": "The Marshall Mathers LP", "year": "2000-11-21", "lyrics": "[Produced by Mark the 45 King]\n\n[Chorus: Dido]\nMy tea's gone cold\nI'm wondering why I got out of bed at all\nThe morning rain clouds up my window\nAnd I can't see at all\nAnd even if I could it'd all be gray\nBut your picture on my wall\nIt reminds me that it's not so bad, it's not so bad\nMy tea's gone cold\nI'm wondering why I got out of bed at all\nThe morning rain clouds up my window\nAnd I can't see at all\nAnd even if I could it'd all be gray\nBut your picture on my wall\nIt reminds me that it's not so bad, it's not so bad\n\n[Verse 1: Eminem (as Stan)]\nDear Slim, I wrote you, but you still ain't callin'\nI left my cell, my pager and my home phone at the bottom\nI sent two letters back in autumn, you must not've got 'em\nThere probably was a problem at the post office or somethin'\nSometimes I scribble addresses too sloppy when I jot 'em\nBut anyways, fuck it, what's been up, man? How's your daughter?\nMy girlfriend's pregnant too, I'm 'bout to be a father\nIf I have a daughter, guess what I'ma call her?\nI'ma name her Bonnie\nI read about your Uncle Ronnie too, I'm sorry\nI had a friend kill himself over some bitch who didn't want him\nI know you probably hear this every day, but I'm your biggest fan\nI even got the underground shit that you did with Skam\nI got a room full of your posters and your pictures, man\nI like the shit you did with Rawkus too, that shit was phat\nAnyways, I hope you get this, man, hit me back\nJust to chat, truly yours, your biggest fan, this is Stan\n\n[Chorus: Dido]\nMy tea's gone cold\nI'm wondering why I got out of bed at all\nThe morning rain clouds up my window\nAnd I can't see at all\nAnd even if I could it'd all be gray\nBut your picture on my wall\nIt reminds me that it's not so bad, it's not so bad\n\n[Verse 2: Eminem (as Stan)]\nDear Slim, you still ain't called or wrote, I hope you have a chance\nI ain't mad, I just think it's fucked up you don't answer fans\nIf you didn't want to talk to me outside your concert\nYou didn't have to\nBut you coulda signed an autograph for Matthew\nThat's my little brother, man, he's only six years old\nWe waited in the blisterin' cold\nFor you, for four hours, and you just said no\nThat's pretty shitty, man, you're like his fuckin' idol\nHe wants to be just like you, man, he likes you more than I do\nI ain't that mad, though I just don't like being lied to\nRemember when we met in Denver?\nYou said if I'd write you, you would write back\nSee, I'm just like you in a way: I never knew my father neither\nHe used to always cheat on my mom and beat her\nI can relate to what you're sayin' in your songs\nSo when I have a shitty day, I drift away and put 'em on\n\u2018Cause I don't really got shit else\nSo that shit helps when I'm depressed\nI even got a tattoo of your name across the chest\nSometimes I even cut myself to see how much it bleeds\nIt's like adrenaline, the pain is such a sudden rush for me\nSee, everything you say is real, and I respect you \u2018cause you tell it\nMy girlfriend's jealous 'cause I talk about you 24/7\nBut she don't know you like I know you, Slim, no one does\nShe don't know what it was like for people like us growin' up\nYou gotta call me, man\nI'll be the biggest fan you'll ever lose, sincerely yours, Stan\nP.S.: We should be together too\n\n[Chorus: Dido]\nMy tea's gone cold\nI'm wondering why I got out of bed at all\nThe morning rain clouds up my window\nAnd I can't see at all\nAnd even if I could it'd all be gray\nBut your picture on my wall\nIt reminds me that it's not so bad, it's not so bad\n\n[Verse 3: Eminem (as Stan)]\nDear Mr. I'm-Too-Good-to-Call-or-Write-My-Fans\nThis'll be the last package I ever send your ass\nIt's been six months, and still no word\u2014I don't deserve it?\nI know you got my last two letters\nI wrote the addresses on 'em perfect\nSo this is my cassette I'm sendin' you, I hope you hear it\nI'm in the car right now, I'm doin' 90 on the freeway\nHey, Slim, I drank a fifth of vodka, you dare me to drive?\nYou know the song by Phil Collins, \"In the Air of the Night\"\nAbout that guy who coulda saved that other guy from drownin'\nBut didn't, then Phil saw it all, then at a show he found him?\nThat's kinda how this is: you coulda rescued me from drownin'\nNow it's too late, I'm on a thousand downers now, I'm drowsy\nAnd all I wanted was a lousy letter or a call\nI hope you know I ripped all of your pictures off the wall\nI loved you, Slim, we coulda been together\u2014think about it!\nYou ruined it now, I hope you can't sleep and you dream about it\nAnd when you dream I hope you can't sleep\nAnd you scream about it; I hope your conscience eats at you\nAnd you can't breathe without me\nSee, Slim\u2014shut up, bitch! I'm tryin' to talk\nHey, Slim, that's my girlfriend screamin' in the trunk\nBut I didn't slit her throat, I just tied her up, see I ain't like you\n\u2018Cause if she suffocates she'll suffer more and then she'll die too\nWell, gotta go, I'm almost at the bridge now\nOh, shit, I forgot\u2014how am I supposed to send this shit out?!\n\n[Chorus: Dido]\nMy tea's gone cold\nI'm wondering why I got out of bed at all\nThe morning rain clouds up my window\nAnd I can't see at all\nAnd even if I could it'd all be gray\nBut your picture on my wall\nIt reminds me that it's not so bad, it's not so bad\n\n[Verse 4: Eminem]\nDear Stan, I meant to write you sooner, but I just been busy\nYou said your girlfriend's pregnant now, how far along is she?\nLook, I'm really flattered you would call your daughter that\nAnd here's an autograph\nFor your brother; I wrote it on a Starter cap\nI'm sorry I didn't see you at the show, I must've missed you\nDon't think I did that shit intentionally just to diss you\nBut what's this shit you said about you like to cut your wrists too?\nI say that shit's just clownin', dawg, come on, how fucked up is you?\nYou got some issues, Stan, I think you need some counselin'\nTo help your ass from bouncin'\nOff the walls when you get down some\nAnd what's this shit about us meant to be together?\nThat type of shit'll make me not want us to meet each other\nI really think you and your girlfriend need each other\nOr maybe you just need to treat her better\nI hope you get to read this letter\nI just hope it reaches you in time\nBefore you hurt yourself, I think that you'll be doin' just fine\nIf you relax a little, I'm glad I inspire you, but Stan\nWhy are you so mad? Try to understand that I do want you as a fan\nI just don't want you to do some crazy shit\nI seen this one shit on the news\nA couple weeks ago that made me sick\nSome dude was drunk and drove his car over a bridge\nAnd had his girlfriend in the trunk\nAnd she was pregnant with his kid\nAnd in the car they found a tape, but they didn't say who it was to\nCome to think about it, his name was\u2026 it was you, damn", "image": "https://images.genius.com/1609e20f168b44cfa44f3e1c76c13152.1000x1000x1.png"}], "artist": "Eminem"}