{"songs": [{"title": "Anger Management (Turkish Translation)", "album": null, "year": null, "lyrics": "[Giri\u015f]\n*Tabancan\u0131n \u00e7ekili\u015fi / s\u00fcng\u00fc sesi*\nTamam, hadi gidelim\nEvet!\nResmi SHADE45 Anger Management 3 \u00f6zel mixtape 'ine ho\u015fgeldiniz\n(O tan\u0131d\u0131k!) Size ba\u015fka hi\u00e7biri taraf\u0131ndan getirilmeyen\nKahrolas\u0131 ad\u0131 \u00e7\u0131kan, rezil, DJ Clinton Sparks!\nWhoo!\n\n[Verse]\nBir kere daha bu \u00e7ocuk, evet, yarra\u011f\u0131 yedin\nOnu ta\u015faklar\u0131yla al olum, h\u0131\u00e7k\u0131ran'a dek yala\nTiksin\u00e7 sikik, evet, ayn\u0131 i\u011fren\u00e7 kupa, onu kald\u0131r\u0131yor\nOrta parmaklar\u0131 ve gidiyor; Chika-Chika-Chika\n''Merhaba! Benim ad\u0131m Chika Chika Chika\nChika-Chika-Chika-Chika-Chika-Chika-Chika''\nBu bok kafan\u0131n i\u00e7ine s\u0131k\u0131\u015fana kadar\n\u00e7ok fazla hastal\u0131kl\u0131yd\u0131n bu o\u011flanlara a\u015fk\u0131 \u00f6\u011fretmem i\u00e7in\nOrospuyu sikmemi s\u00f6yle, senin k\u0131z\u0131n de\nVe bu y\u00fczden bu boktan dahas\u0131n\u0131 ald\u0131k\nSalla bu s\u00fcrt\u00fc\u011f\u00fc, orospu \u00e7ocu\u011funu \u015faplakla\nBir orospuyu yen\n\u015fu \u00e7ocuklara da bak\u0131n, bu boku yediler\nVe bu, Bunun ne bok oldu\u011funu bile bilmeden \u00f6nceydi\nBu, neyin oldu\u011funu etkiliyor\nEbeveynler bize geliyor\nBu arada bilet sat\u0131\u015flar\u0131 da havaya u\u00e7tu\nLanet olsun bok, lanet bok, lanet bok!\nSikiyim seni, sikimi em orospu\nAma gitmeliyim,  benim i\u00e7in gitme ve Jessica'y\u0131 alma vakti\nBu resmi, onu ve Nick'i yeni ay\u0131rd\u0131m\n\n[Kapan\u0131\u015f]\n[G\u00fcl\u00fc\u015fmeler]\n\u015eimdi, e\u011fer g\u00f6steriden ayr\u0131l\u0131r isen\nVe bu CD lerden birini almaz isen\nResmi olarak t\u00fcm \u015fovu deneyimleyemedin demektir\nBir kez daha; 50 CENT! G-UNIT! NATE DOGG! ALCHEMIST!\nVe Lil Jon 'a \u00f6zellikle te\u015fekk\u00fcrler\nUnutmadan; DR. DRE! D-TWIZZY! OBIE TRICE! STAT QUO ve\nKendi ad\u0131ma, hepinize geldi\u011finiz i\u00e7in te\u015fekk\u00fcr etmek istiyorum\nG\u00f6steriyi be\u011fenece\u011finizi umuyoruz..\n\n\u00c7eviren: Berkant Kantar / Shady 3.0", "image": "https://images.genius.com/c31a7d03819bd5bfda7ce77b9340fbe0.360x360x1.jpg"}], "artist": "Eminem"}