{"songs": [{"title": "Hail Mary", "album": "Invasion Part II: Conspiracy Theory", "year": "2003-04-15", "lyrics": "[Intro: Eminem]\nMakaveli rest in peace\nIrv Gotti, too much Bacardi in his body\nMouth like a 12-gauge shotty (Feel me!) (Come get me)\nAnd Ja said he shall be (Motherfuckers if you want Shady)\nThe lost forgotten seed of 2Pac (If Pac was still here now)\nTo lead this industry into the ways of the man (He would never ride with Ja)\nFollow me! (Na-na-na-na-na-na-na-na)\nKeep my mesh vest as Pac's vest\n\n[Hook: Eminem]\nCome get me\nIf you motherfuckers want Shady\nIf Pac was still here now\nHe would never ride with Ja\nNa-na-na-na-na-na-na-na\n\n[Verse 1: Eminem]\nYou ain't no killa, you a pussy\nThat Ecstasy done got you all emotional and mushy\nBitches wearin' rags in photos, Ja's words bein' quoted\nIn The Source, stealin' Pac's shit like he just wrote it\nYou loud mouths pray to God, hopin' no one's listenin'\nSee 50 comin' for me, oh my god ma\u2014my position\nNo one'll pay attention to me\nPlease Gotti, here I go, give me this pill\nEcstasy done got me feelin' so invincible\nAnd now all of a sudden I'm a fuckin' madman who screams\nLike I'm Pac, but I'm not, enemies, Hennessey\nActin' like I'm great, but I'm fake, I'm crazy\nSweat drip, get me off this trip, someone stop this train\nSome say my brain is all corrupted, fucked from this shit\nI'm stuck, I'm addicted to these drugs, I'ma quit\nSayin' motherfuckers names before somebody fucks me up\nAin't no pussies over here, partner, see you in hell, fucker\n\n[Hook: Eminem]\nCome get me\nMotherfucker if you want Shady\nIf Pac was still here now\nHe would never ride with Ja\nNa-na-na-na-na-na-na-na\n\n[Hook 2: Eminem]\nGet off that E\nBefore you try to come and fuck with me\nIt's Aftermath here now\nShady Records got it locked\nLa-la-la-la-la-la-la-la-locked\n\n[Verse 2: 50 Cent]\nPenitentiaries is packed with promise makers\nNever realized the precious time that bitch niggas is wastin'\nInstitutionalized, my bitches bring me product by the bundles\nHustle hard from a cell, G-Unit motherfucker, we ballin'\nCatch me countin' cheese and when I'm callin', can you accept my call\nCEO let me sip on Hennessey, can I sip some more\nHell, I done been to jail, I ain't scared\nMama checkin' in my bedroom, I ain't there\nI got a head with no screws in it\nMotherfuckers thinkin' they can stop 50, they losin' it\nLil' nigga named Ja think he live like me\nTalkin' 'bout he left the hospital, took 9 like me\nYou live in fantasies nigga, I reject your deposit\nWhen your lil' sweet ass gon' come out of the closet?\nNow he wonderin' why DMX blowed him out\nNext time grown folks talkin' bitch, close your mouth\nPeep me, I take this war shit deeply\nDone seen too many real niggas ball to let these bitch niggas beat me\nBlack, you's a motherfuckin' punk and you can see me with gloves\nQuit scarin' them fuckin' kids with your ugly ass mug (Ha-ha-ha)\nAnd you can tell them niggas you roll with whatever you want\nBut you and I know what's goin' on\nNigga payback, Tah, I know your bitch ass from way back\nWitnessed me strapped with Macs, you know I don\u2019t play that\nAll these old rappers tryin' to advance\nIt's all over now, take it like a man (Ha-ha)\nIrv lookin' like Larry Holmes, flabby and sick\nTryna play hate on my shit, man, eat a fat dick\nLovin' this shit that's how you made me\nFeelin' like I got you niggas crazy (Huh-uh)\nAgainst all odds, hopin' my thug motherfuckers know\nThis be the realest shit I ever wrote\nAgainst all odds, up in the studio gettin' blow\nTo the truest shit I ever spoke\n21 gun salute\n\n[Verse 3: Busta Rhymes]\nI've been one of the most humble, rep the streets to the core\nHey Jeffrey, what the fuck you come involvin' me for\nIt's been a long time comin', like a bless and a check\nYou see 106 and Park fans don't even fuckin' respect you\nIt's kinda funny, wannabe Pac, wanna fake like you thug\nRunnin' around talkin' shit that he ain't capable of\nNow let me off this cocksucker whilst we handle you, nigga\nIf I recall, Violator use to manage you, nigga\nThen took a closer look and realized you was an imposter\nThere's never been a Violator on a Murda Inc. roster\nDumb ass, now who's shootin'? Ah made you look\nYou said Bus singin' the same old hook, you stupid\nIf y'all shootin', I take a look at your man\nThe bitch shot himself in front of Def Jam\nCheddar Bob ass nigga start adjustin' your plan\nYou let the streets down nigga, 'pologize to your fans\nWatch you pull a little stunt like we ain't know what it was\nLittle faggot desperate tryin' to re-establish a buzz\nI know the shit is drivin' you crazy, you wonderin' how\nThe streets ain't never want you Beatrice, what you gonna do now?\nNow if you wanna beef with me, then I'm beefin' with you\nI think about the game and what it's like and what would it be without you\nI'm finished, I ain't tryin' to repeat this\nJust cause I'm cool, you shouldn't take my kindness for weakness\n\n[Outro: Busta Rhymes]\nOh shit, it was fun\nNext time you got a problem with me\nAddress me before you try to make shit a public issue, homie\nNow I'ma return back to my regular self\nAnd have fun again\nOne\n\n[50 Cent]\nHahaha, BITCH! Haha\nOUTLAWZ, haha\nMakaveli the don, haha\nSince you want to be 2Pac, motherfucker, hahaha\n2Pac shoes too big for you to walk in you lil' faggot, hahaha\n\n(What do we have here now?)", "image": "https://images.genius.com/122cd8af36c7e358044505becdc88f24.700x700x1.png"}], "artist": "Eminem"}