{"songs": [{"title": "Despicable", "album": null, "year": "2010-04-27", "lyrics": "[Verse]\nI come around like what goes around\nWhat goes up must come down\nAnyone who comes up must go down\nMight as well go for the gusto now\nBetter not let up, better not let them breathe\nLast shot, give it all you got\nTry to turn me down, bitch, get fucked with a volume knob\nFuck all you snobs\nHoes, I hope all you rot\nTwo bottles of Lubriderm and a box of condoms\nIs that all you brought? And you want a m\u00e9nage \u00e0 trois, you twats?\nFuck that, I'd rather turn this club to a bar-room brawl\nGet rowdy as Roethlisberger in a bathroom stall\nLike a leech stuck in a vacuum y'all\nAin't nothing but a whole lot of sucking going on in rap\nYeah but I'm home, bad to the bone\nBack in the zone, let him alone, you don't want to go eggin' him on\nIt'll never be my chair that you own, crown so tight that it cuts off\nCirculation to the brain, no oxygen\nOther words, there's no heir to the throne\nWhen I die so does hip-hop, Hitchcock of the shit, bitch ask Doc\nGot it ziplocked in a bag, you fags ain't been able to fade me\nSince Kid Rock had a high top, keep bloggin' while I mind-boggle\nAnd I zone like I'm in the twilight, dog, get off my bone\nThis is my mic, doggonit; I like hoggin' it\nFlow's so wet I'mma take this beat tobogganin', I'm waterloggin' it\nI'm soggin' it, pull your verse out the beat and stomp on it\nSuplexing it on cement\nLike I'm on some \"Straight Outta Compton\" shit\nTake this dick and chomp on it, I'm so bad I can bitch-slap\nA back-handed compliment, jackass, eat a donkey dick\nThe game I just about conquered it\nLike Donkey Kong, I'm bonkers, bitch\nI'm the king of this honkey shit, I reign supreme in this honkey shit\nNo sense screaming and arguing, makes no difference\nWhether a Benz or Bentley or a Beamer's the car you in\nYou think you ball? Well, I palm it, I throw up bombs when I vomit\nBoy, I throw down in the kitchen\nMight hit your mom with my omelette\nBut you got egg on your face, now watch me drop an atomic\nI should be strapped to the chest of a kamikaze\nBitch, I'm as batshit as Ozzy, it's obvious\nYou can tell right off the bat\nNo pun intended, but come any closer, I'll bite off your head\nTryna give me the finger's kinda like giving a spider the web\nI'm just gonna spin it and try to use it to my advantage\nI'll catch a fly in that bitch, you think you fly, you just food\nI give as much of a flying fuck as that Superman dude\nGuess I just do what you can't do\nAnd make you look stupid and bamboozled\nConfused as usual and you can get whipped\nShe can open a can too\nBut you better hope you can handle the heat or stay the fuck\nOutta Hell's kitchen, I came to cock block like a square\nFucking male chicken, yeah, it's Shady, slut\nThe rest can suck on a big one\n'Cause I'm as despicable as Daffy Duck when I'm spittin'", "image": "https://images.genius.com/5b1972630fd7ae6595a8788791ff967d.1000x1000x1.png"}], "artist": "Eminem"}