{"songs": [{"title": "Greg", "album": "The Slim Shady LP", "year": "1999-02-23", "lyrics": "Met a retarded kid name Greg with a wooden leg\nSnatched it off and beat him over the fucking head with the peg\nGo to bed with the keg, wake up with a 40\nMix it with Alka Seltzer and formula 44-D\nFuck an acid tab, I strapped the whole sheet to my forehead\nWaited 'til it absorbed in and fell to the floor dead\nNo more said, case closed, end of discussion\nI'm blowin' up like spontaneous human combustion\nLeavin' you in the aftermath of holocaust and traumas\nCross the bombers, we blowin' up your house\nKillin' your parents, and comin' back to get your foster mommas\nAnd I'm as good at keepin' a promise as Nostradamus\n'Cause I ain't makin' no more threats\nI'm doin' drive-bys in tinted Corvettes on Vietnam war vets\nI'm more or less sick in the head, maybe more\n'Cause I smoked crack today, yesterday, and the day before\nSaboteur, walk the block with a Labrador\nStrapped with more corral for war than El Salvador\nFoul style galore, verbal cow manure\nComin' together like an eyebrow on Al B. Sure!", "image": "https://images.genius.com/fcc762ae394b4bf0ea50ad2f6ae0ef97.953x953x1.jpg"}], "artist": "Eminem"}