{"songs": [{"title": "Killshot Remix", "album": null, "year": "2018-09-18", "lyrics": "Intro:\nAll y'all niggas I don't give a fuck who you're runnin' with, this is thug life nigga, the new generation motherfucker, you ain't killing' ease with me..\n\nVerse 1 Eminem:\n\nYou're looking at Attila, the psychopathic killer, the caterpillar\nDon't tell me when I'm supposed to rap until\nEspecially when your favorite rapper ain't even half as ill\nA savage still, the track's a banana peel, attack of the silverback gorilla\nYou're havin' a little trouble fathomin' this is actually happenin'\nLike Anderson Silva back when he snapped his shin in half\nAnd then had the shit hangin' by a flap of skin\nAfter he tried to plant the shit back on the mat again\nPad to pen I\u2019m batty like eyelids when they're blinkin' a lot\nYou copy me, but you're not\nYou can't be butterflies, my offsprings are just moths\nI see that thing I'ma squash it and rip the wings of it off\nSo ring the alarm, pull the extinguishers off of the wall\nSet the sprinklers off like Jada Pinkett and Queen Latifah\n'Till the shingles come off the roof we'll shout at the ceiling\nSlaughterhouse in the building, middle fingers aloft\nSay what I think when I rhyme, in ink-pen I talk\nAnd the language I speak is my mind\nKingpin and Penguin combined\nSpit like it's King of the Dot\nA singular thought I think of will help you distinguish apart\nThe frauds from the cream of the crop\n(Wait a minute) Hold up like a flashcard\nDamn dawg, is that copyin' or payin' homage?\nIt's sad because dad taught you to rap as a damn toddler\nMy dad is your grandfather, I'll have to re-hatch on you\nCome back as a black wasp, half yellow jacket, you can't swat a\nSasquatch dancing on top of an ant trample it and stomp it\nSmash it and stand on it, dammit, I can't stop it\nThe rap is a vag' and I'm goin' in like a tampon in this bitch\nIt's a manslaughter\nStampin' out grasshoppers, you can't be no Rap Gods\nIn fact you're exact opposites, you make a wack song\nAnd can't hold a candle but even Daniel-san whacks off\nYou jack-offs need to come to grips like a hand job\nThe boom bap is coming back with an axe to mumble rap\nLumberjack with a hacksaw\nNumber one, but my pencils are number twos\n'Cause that's all I dos with 'em, poop is my pseudonym\nOn the john like a prostitute when I'm droppin' a deuce\nAnd when I'm producing them lyrical bowel movements\nThese beats are like my saloons\n'Cause these bars always got my stools in 'em\nAnd I don't need Metamucil to loosen 'em\nBitch, shit is real like I pooped Jerusalem\nI'm 'bout to go spin another cocoon\nThen I'm cuttin' you from your mother's womb\nThen I'm flushin' you!\n\nVerse 2 Busta Rhymes:\n\nBusta Rhymes, word mother y'all, check it out y'all\nJust swing to the left, swing to the right\nMake ya feel good, feel alright\nOne time, feel good yeah y'all\nBusta Rhymes in the place y'all\nMakin' you feel real good y'all\nFlipmode is the Squad in the place y'all\n\nBuckwild to all of my niggas who don\u2019t care\nFloss like a bunch of young black millionaires\nMakin ya run, me and my Dunn, stackin my ones\nFloss a lil', invest up in a mutual fund\nBlowin the horn, a sense of every day I was born\nNever dream I see a nigga landscaping my lawn\nDangerous, my nigga shit be accurate\nHave to get, the flow be so immaculate\nAyo, ayo, watchin' my dough, sippin' my Moe'\nSlippin in slow, them pretty bitches sayin hello\nAnyway go \u2018head and diss, play your Oil of Olay\nLittle honeydip within a little Cariola\nI don\u2019t mean to hold you up but I got somethin' to say\nSwear to only give you hot shit everyday\nAfraid of us, you know this ain\u2019t no game to us\nYou strange to us, that\u2019s when we gettin' dangerous, come on\n\nThis, is, serious\nWe could make you delirious\nYou should have a healthy fear of us\n'Cause too much of us is dangerous\nSo dangerous, we so dangerous\nMy Flipmode Squad is dangerous\nSo dangerous, we so dangerous\nMy whole entire unit is dangerous\n\nHold your breath, we swingin it from right to left\nWord to Wyclef, nigga shit be hot to death\nStayin Alive, you know only the stronger survive\nHoldin my heat, under my seat, whippin my five\nBassline for all of my people movin around\nGive me a pound, all of my niggas holdin it down\nCuttin you up, the new shit, ruckin you up\nFuckin you up, my black hole, suckin you up\nBack in the days, a nigga used to be ass out\nNow a nigga holdin' several money market accounts\nBlaze the street, and then I would just like to announce\nFeelin' my groove, my jigga jigga makin' you bounce\nOthers is fair, me and my niggas breakin the bread\nStraight gettin it, we got you niggas holdin your head\nAfraid of us, you know this ain\u2019t no game to us\nYou strange to us, that\u2019s when we gettin' dangerous, come on\n\nThis, is, serious\nWe could make you delirious\nYou should have a healthy fear of us\nCause too much of us is dangerous\nWe so dangerous, we so dangerous\nMy Flipmode Squad is dangerous\nWe so dangerous, we so dangerous\nMy whole entire unit is dangerous\n\nVerse 3 DMX:\nDon't making an ease with me, fuck nigga, young motherfucking thugs, this how with do it, don't make it an ease nigga\nSix number one albums, imagine that\nCats is sick, cause dog got his swagger back\nIf that shit go, nah I ain't havin' that\nBut they don't want it, I'mma still grab the bat\nShit ain't the same, cats done changed the game\nFuck it, all y'all niggas is lame, what's my motherfuckin' name?\n(Come on) Twenty million records sold\nWhile y'all niggas is strugglin' to go gold!\nCome on papi! Can't none of y'all niggas stop me\nYahmean? Y'all niggas is sloppy\nWhat would the game be without me? Nada!\nCats talkin' about a whole lotta, Prada\nGucci and scota, Louie Vuitton\nCome on, what up with what's really goin' on?\n\"What's hood?\" You don't wanna fight yo, I get's my strap on\nPut niggas' lights out {*clapping noise*} clap on!\n\nVerse 4 2Pac:\n\nWe the realest\nFuck 'em, we Bad Boy killas!\nFirst off, fuck yo' bitch and the clique you claim\nWestside when we ride, come equipped with game\nYou claim to be a player, but I fucked your wife\nWe bust on Bad Boys, niggas fucked for life\nPlus, Puffy tryna see me, weak hearts I rip\nBiggie Smalls and Junior M.A.F.I.A. is some mark-ass bitches\nWe keep on comin' while we runnin' for your jewels\nSteady gunnin', keep on bustin' at them fools, you know the rules\nLil' Caesar, go ask your homie how I'll leave ya\nCut your young-ass up, leave you in pieces, now be deceased\nLil' Kim, don't fuck around with real G's\nQuick to snatch yo' ugly ass off the streets, so fuck peace!\nI'll let them niggas know it's on for life\nDon't let the Westside ride tonight (ha ha ha)\nBad Boy murdered on wax and killed\nFuck with me and get yo' caps peeled, you know\n\nSee, grab your Glocks when you see 2Pac\nCall the cops when you see 2Pac, uh\nWho shot me? But you punks didn't finish\nNow you 'bout to feel the wrath of a menace\nNigga, I hit 'em up!\n\nCheck this out, you motherfuckers know what time it is\nI don't even know why I'm on this track\nY'all niggas ain't even on my level\nI'ma let my little homies ride\nOn you bitch-made ass Bad Boy bitches, feel it!\n\nSee, grab your Glocks when you see 2Pac\nCall the cops when you see 2Pac, uh\nWho shot me? But you punks didn't finish\nNow you 'bout to feel the wrath of a menace\nNigga, we hit 'em up!\n\nPeep how we do it, keep it real as penitentiary steel\nThis ain't no freestyle battle, all you niggas gettin' killed\nWith your mouths open\nTryna come up off of me, you in the clouds hopin'\nSmokin' dope, it's like a sherm high\nNiggas think they learned to fly\nBut they burn, motherfucker, you deserve to die\nTalkin' about you gettin' money, but it's funny to me\nAll you niggas livin' bummy while you fuckin' with me\nI'm a self-made millionaire\nThug livin', out of prison, pistols in the air (ha ha)\nBiggie, remember when I used to let you sleep on the couch\nAnd beg a bitch to let you sleep in the house?\nNow it's all about Versace, you copied my style\nFive shots couldn't drop me, I took it and smiled\nNow I'm back to set the record straight\nWith my AK, I'm still the thug that you love to hate\nMotherfucker, I hit 'em up!\nNow you tell me who won\nI see them, they run, ha ha\nThey don't wanna see us\nWhole Junior M.A.F.I.A. clique dressin' up tryna be us\nHow the fuck they gonna be the mob\nWhen we always on our job?\nWe millionaires\nKillin' ain't fair, but somebody gotta do it\nOh yeah, Mobb Deep, you wanna fuck with us?\nYou little young-ass motherfuckers\nDon't one of you niggas got sickle-cell or somethin'?\nYou're fuckin' with me, nigga\nYou fuck around and have a seizure or a heart attack\nYou better back the fuck up\nBefore you get smacked the fuck up\nThis is how we do it on our side\nAny of you niggas from New York that wanna bring it, bring it!\nBut we ain't singin', we bringin' drama\nFuck you and yo' motherfuckin' mama!\nWe gon' kill all you motherfuckers!\nNow when I came out I told you it was just about Biggie\nThen everybody had to open their mouth\nWith a motherfuckin' opinion\nWell, this is how we gonna do this: fuck Mobb Deep! Fuck Biggie!\nFuck Bad Boy as a staff, record label and as a motherfuckin' crew!\nAnd if you wanna be down with Bad Boy, then fuck you too!\nChino XL, fuck you too!\nAll you motherfuckers, fuck you too!\n(Take money, take money)\nAll of y'all motherfuckers, fuck you, die slow!\nMotherfucker, my .44 make sho' all y'all kids don't grow!\nYou motherfuckers can't be us or see us\nWe motherfuckin' Thug Life ridas\nWestside 'til we die!\nOut here in California, nigga, we warned ya\nWe'll bomb on you motherfuckers! We do our job!\nYou think you mob? Nigga, we the motherfuckin' mob!\nAin't nothin' but killas\nAnd the real niggas, all you motherfuckers feel us\nOur shit goes triple and 4-quadruple\nYou niggas laugh 'cause our staff got guns under their motherfuckin' belts\nYou know how it is: when we drop records, they felt\nYou niggas can't feel it, we the realest\nFuck 'em, we Bad Boy killas!", "image": "https://images.genius.com/b379811c1415017b9f3e3a71b9d26060.400x400x1.jpg"}], "artist": "Eminem"}