{"songs": [{"title": "XL Show Freestyle", "album": null, "year": "1998-01-01", "lyrics": "Hand me an eighth, beam me up and land me in space\nI'mma' sit on top of the world and spit on Brandy and Ma$e\nI'm more than ill\nScarier than a white person trapped in a room with Lauryn Hill\nHuman horror film\nBut with a lot funnier plot, and people that feel me\nCause I'mma' still be the Madd Rapper\nWhether I got money or not\nAs long as I'm on pills, and I got plenty of pot\nI'll be in a canoe paddlin', makin' fun of your yacht\nBut I would like an award\nFor the best rapper to get one mic in The Source\nAnd a wardrobe I can afford\nOtherwise I might just end up back striking at Ford\nAnd you wonder what the hell I need more Vicodin for?\nEverybody's pissin' me off; even the No Limit Tank\nLooks like a middle finger sideways flippin' me off\nNo wonder I'm a great danger to my health\nWhy else would I kill you then jump in a grave and bury myself?\n\nAre you afraid of a blade made of a razor with AIDS\nBlood dripping from it\nRipping your stomach up from the waist up?\nYou talk a lotta' junk but you was never ill though\nI'm strong enough to beat you to death with a feather pillow\nTipped over some cows, just for a joke and a laugh\nJumped up, choked a giraffe\nSnapped his neck and broke it in half\nWaging wars, went on stage\nAnd sprayed Cage with Agent Orange\nAnd wiped my ass with his page in Source\nThe demon is here, I'm steaming this year\nI rip Mystikal's voice box out and scream in his ear\nIt's not a gimmick trick; it's an image, I live it\nGive a damn, I don't know what a damn is to give it\nMan I don't think this guy is well, I'm high as hell\nI'll beat you with a live cat when I'm swinging him by his tail\nI'll friggin', I'll friggin', lay your nuts on the dresser\nJust your nutsack by itself\nAnd bang them stuffs with a spiked bat\nCut your neck off and glue your head right back\nAnd leave you like that\nYou just triggered a prick who just mixed liquor\nWho's itching to leave you disfigured\nAnd stiffer than Chris-stiff-er Reeves\nI was teething with strep throat\nWhile your mother was breastfeeding\nAnd gave her the flesh-eating disease\nI'm iller than takin' a hammer and beating your knees\nAnd walking through South Central L.A., bleeding in jeans\nFlashing back to being shot and repeating the scenes\nOn how you just got smoked\nAnd if you do live, you'll be too scared to tell it like a Biggie and Pac joke\n\nThe one man on the planet that'll drive off of the Grand Canyon, hop out of a Grand Am and land in it hand-standing\nAny man planning to battle will get snatched outta his clothes\nSo fast it'll look like an invisible man standing\nI'm headed for Hell, I'd rather be dead or in jail\nBill Clinton, hit this, and you better inhale\nCause any MC that chooses to go against me\nIs getting taking advantage of like Monica Lewinsky\nCame home in a frenzy, pushing a ten speed\nScreaming to Aunt Peg with three spokes\nSticking outta my pant leg\nForget a headache, give me a migraine, dammit I like pain\nAnd you should be anywhere that a mic ain't\nYou rap knowing you wack, you act up and I'm throwing you\nDown a flight of steps then I'm throwing you back up them\nIf they don't like the track, f- them, the rap struck 'em harder\nThan getting hit by a Mack truck and then backed up on\nAnd any half-assed known rapper to trespass\nBetter be ready for the second Celebrity Deathmatch\nSo tell the medic to bring the medication and quickly\nI'm sicker than a 2Pac dedication to Biggie\nI'm free-falling feet first out of a damn tree\nTo stampede your chest 'til you can't breathe\nAnd when I'm down to my last breath\nI'mma' climb the Empire State Building\nAnd get to the last step and still have half left", "image": "https://images.genius.com/b379811c1415017b9f3e3a71b9d26060.400x400x1.jpg"}], "artist": "Eminem"}