{"songs": [{"title": "Verse 3", "album": "The Slim Shady LP (Snippet Tape)", "year": "1999-01-01", "lyrics": "[Intro]\nIts like this and like that and like this (x2)\n\n[Verse 1]\nI'm the illest rapper to hold a cordless\nPatrolling corners, looking for hookers\nTo punch in the mouth with a roll of quarters\nI'm meaner in action than Roscoe beating James Todd Sr. and smackin' his back with vacuum cleaner attachments\nI grew up in the wild hood, as a hazardous youth\nWith a fucked up childhood that I used as an excuse\nAnd ain't shit changed but kept the same mindstate\nSince the third time that I failed ninth grade\nYou probably think that I'm a negative person, don't be so sure of it\nI don't promote violence, I just encourage it\nI laugh at the sight of death\nAs I fall down a cement flight of steps\nAnd land inside a bed of spider webs\nSo throw caution to the wind\nYou and a friend can jump off of a bridge and if you live, do it again\nShit, why not? Blow your brain out, I'm blowing mine out\nFuck it, you only live once you might as well die now", "image": "https://images.genius.com/0b1c9568017c50ed4a1b0e810ff2a60c.480x360x1.png"}], "artist": "Eminem"}