{"songs": [{"title": "Just Don't Give a Fuck (A Cappella)", "album": "The Slim Shady LP (Expanded Edition)", "year": "2019-02-22", "lyrics": "[Verse 1: Eminem]\nSlim Shady, brain dead like Jim Brady\nI'm a M-80, you little like that Kim lady\nI'm buzzin', Dirty Dozen, naughty rotten rhymer\nCursin' at you players worse than Marty Schottenheimer\nYou wacker than the motherfucker you bit yo' style from\nYou ain't gon' sell two copies if you press a double album\nAdmit it, fuck it, while we comin' out in the open\nI'm doin' acid, crack, smack, coke, and smokin' dope then\nMy name is Marshall Mathers, I'm an alcoholic\nI have a disease and they don't know what to call it\nBetter hide your wallet 'cause I'm comin' up quick to strip yo' cash\nBought a ticket to yo' concert just to come and whip yo' ass\nBitch, I'm comin' out swingin' so fast it'll make yo' eyes spin\nYou gettin' knocked the fuck out like Mike Tyson (Pshh)\nThe proof is in the puddin', just ask DeShaun Holton\nI'll slit yo' motherfuckin' throat worse than Ron Goldman\n\n[Chorus: Eminem]\nSo when you see me on yo' block with two Glocks\nScreamin', \"Fuck the world\" like 2Pac (I just don't give a fuck)\nTalkin' that shit behind my back, dirty mackin'\nTellin' your boys that I'm on crack (I just don't give a fuck)\nSo put my tape back on the rack, go run and tell your friends\nMy shit is wack (I just don't give a fuck)\nBut see me on the street and duck\n'Cause you gon' get stuck, stoned, and snuffed\n('Cause I just don't give a fuck)\n\n[Verse 2: Eminem]\nI'm nicer than Pete, but I'm on a search to crush a milkbone\nI'm everlastin', I melt vanilla ice like silicone\nI'm ill enough to just straight up diss you for no reason\nI'm colder than snow season when it's 20 below freezin'\nFlavor with no seasoning, this is the sneak preview\nI'll diss yo' magazine and still won't get a weak review\nI'll make yo' freak leave you, smell the Folgers crystals\nThis is lyrical combat, gentlemen, hold your pistols\nBut I form like Voltron and blast you with my shoulder missiles\nSlim Shady, M&M was the old initials (Bye-bye)\nExtortion, snortin', supportin' abortion\nPathological liar, blowin' shit outta proportion\nThe looniest, zaniest, spontaneous, sporadic\nImpulsive thinker, compulsive drinker, addict\nHalf animal, half man\nDumpin' yo' dead body inside of a fuckin' trash can\nWith more holes than an afghan\n\n[Chorus: Eminem]\nSo when you see me on yo' block with two Glocks\nScreamin', \"Fuck the world\" like 2Pac (I just don't give a fuck)\nTalkin' that shit behind my back, dirty mackin'\nTellin' your boys that I'm on crack (I just don't give a fuck)\nSo put my tape back on the rack, go run and tell your friends\nMy shit is wack (I just don't give a fuck)\nBut see me on the street and duck\n'Cause you finna get stuck, stoned, and snuffed\n('Cause I just don't give a fuck)\n\n[Verse 3: Eminem]\nSomebody let me out this limousine (Hey, let me out)\nI'm a caged demon\nOn stage screamin' like Rage Against the Machine\nI'm convinced I'm a fiend\nShootin' up while this record is spinnin'\nClinically brain-dead, I don't need a second opinion\nFuck droppin' a jewel, I'm flippin' a sacred treasure\nI'll bite yo' motherfuckin' style just to make it fresher\nI can't take the pressure, I'm sick of bitches\nSick of naggin' bosses bitchin' while I'm washin' dishes\nIn school, I never said much, too busy havin' a head rush\nDoin' too much rush, had my face flushed like red blush\nThen I went to Jim Beam, that's when my face grayed\nWent to gym in eighth grade, raped the women's swim team\nDon't take me for a joke, I'm no comedian\nToo many mental problems got me snortin' coke and smokin' weed again\nI'm goin' up over the curb, drivin' on the median\nFinally made it home but I don't got the key to get in\n\n[Chorus: Eminem]\nSo when you see me on yo' block with two Glocks\nScreamin', \"Fuck the world\" like 2Pac (I just don't give a fuck)\nTalkin' that shit behind my back, dirty mackin'\nTellin' your boys that I'm on crack (I just don't give a fuck)\nSo put my tape back on the rack, go run and tell your friends\nMy shit is wack (I just don't give a fuck)\nBut see me on the street and duck\n'Cause you finna get stuck, stoned, and snuffed\n('Cause I just don't give a fuck)", "image": "https://images.genius.com/97eed2387a2b09818d8ef4a723d5dbfc.1000x1000x1.jpg"}], "artist": "Eminem"}