{"songs": [{"title": "Public Service Announcement", "album": null, "year": null, "lyrics": "(Same announcer as the first Public Service Announcement on the Slim Shady\nLp)\n\nAnnouncer: This is another public service announcement brought to you, in\nPart, by Slim Shady\n\nEminem: (whispered): Tell 'em I don't give a fuck\n\nAnnouncer: Slim Shady does not give a fuck... What you think!\n\nEminem: Tell 'em to suck it\n\nAnnouncer: If you don't like it, you can suck his fucking c***!\nEminem: Tell 'em they kissed my ass\n\nAnnouncer: Little did you know, upon purchasing this album, you have just\nKissed his ass!\n\nEminem: Tell 'em I'm fed up\n\nAnnouncer: Slim Shady is fed up with your shit... And he's going to kill you!\n\nEminem: Yeah\n\nAnnouncer: Uh... Anything else?\n\nEminem: Yeah... Sue me", "image": "https://images.genius.com/b379811c1415017b9f3e3a71b9d26060.400x400x1.jpg"}], "artist": "Eminem"}