{"songs": [{"title": "Criminal", "album": "The Marshall Mathers LP", "year": "2000-05-23", "lyrics": "[Intro]\nA lot of people ask me stupid fuckin' questions\nA lot of people think that what I say on a record\nOr what I talk about on a record\nThat I actually do in real life or that I believe in it\nOr if I say that I wanna kill somebody\nThat I'm actually gonna do it or that I believe in it\nWell, shit, if you believe that, then I'll kill you\nYou know why? \u2018Cause I'm a criminal!\nCriminal! You're goddamn right\nI'm a criminal! Yeah, I'm a criminal!\n\n[Verse 1]\nMy words are like a dagger with a jagged edge\nThat'll stab you in the head, whether you're a fag or lez\nOr a homosex, hermaph or a trans-a-vest\nPants or dress, hate fags? The answer's yes\nHomophobic? Nah, you're just heterophobic\nStaring at my jeans, watching my genitals bulgin'\nThat's my motherfuckin' balls, you'd better let go of 'em\nThey belong in my scrotum, you'll never get hold of 'em!\n\"Hey, it's me, Versace! Whoops, somebody shot me!\nAnd I was just checkin' the mail\nGet it? Checkin' the male?\"\nHow many records you expecting to sell\nAfter your second LP sends you directly to jail?\nCome on, relax, guy! I like gay men\nRight, Ken? Give me an amen! (A-men!)\n\"Please Lord, this boy needs Jesus\nHeal this child, help us destroy these demons\nOh, and please send me a brand new car\nAnd a prostitute while my wife's sick in the hospital\"\nPreacher, preacher! Fifth grade teacher!\nYou can't reach me, my mom can't neither\nYou can't teach me a goddamn thing \u2018cause\nI watch TV and Comcast cable\nAnd you ain't able to stop these thoughts\nYou can't stop me from toppin' these charts\nAnd you can't stop me from droppin' each March\nWith a brand new CD for these fuckin' retards (\"duhh\")\nAnd to think, it's just lil old me\nMr. Don't-Give-a-Fuck still won't leave\n\n[Hook]\nI'm a criminal!\n\u2018Cause every time I write a rhyme\nThese people think it's a crime\nTo tell 'em what's on my mind\nI guess I'm a criminal!\nI don't gotta say a word\nI just flip 'em the bird and keep goin'\nI don't take shit from no one\nI'm a criminal!\n\u2018Cause every time I write a rhyme\nThese people think it's a crime\nTo tell 'em what's on my mind\nI guess I'm a criminal!\nI don't gotta say a word\nI just flip 'em the bird and keep goin'\nI don't take shit from no one\n\n[Verse 2]\nThe mother did drugs, hard liquor, cigarettes and speed\nThe baby came out, disfigured ligaments, indeed\nIt was a seed who would grow up just as crazy as she\nDon't dare make fun of that baby, \u2018cause that baby was me\nI'm a criminal, an animal caged who turned crazed\nBut how the fuck you supposed to grow up when you weren't raised?\nSo as I got older and I got a lot taller\nMy dick shrunk smaller, but my balls got larger\nI drink malt liquor to fuck you up quicker\nThan you'd wanna fuck me up for sayin' the word ******\nMy morals went *pffft* when the president got oral\nSex in his Oval Office on top of his desk off of his own employee\nNow, don't ignore me, you won't avoid me\nYou can't miss me: I'm white, blonde-haired, and my nose is pointy\nI'm the bad guy who makes fun of people that die\nIn plane crashes and laughs as long as it ain't happened to him\nSlim Shady, I'm as crazy as Eminem and Kim combined\n\"The Maniac's in\" in place of the Doctor\n\u2018Cause Dre couldn't make it today\nHe's a little under the weather, so I'm takin' his place\nOh, that's Dre with an AK to his face\nDon't make me kill him too and spray his brains all over the place\nI told you, Dre, you should've kept that thang put away\nI guess that'll teach you not to let me play with it, eh?\nI'm a criminal!\n\n[Skit]\nROBBER: Aight look, just go up in that motherfucker, get the motherfucking money and get the fuck up outta there\nEMINEM: Alright\nROBBER: I\u2019ll be right here waiting on you\nEMINEM: Aight\nROBBER: Yo, Em\nEMINEM: What?!\nROBBER: Don't kill nobody this time\nEMINEM: Awwright\u2026 goddamn, this motherfucker gets on my fuckin' nerves!\n{*Whistling*} How you doin'?\nTELLER: Hi, how can I help you?\nEMINEM: Yeah, I need to make a withdrawal\nTELLER: Okay\nEMINEM: Put the fucking money in the bag, bitch, and I won\u2019t kill you!\nTELLER: What? Oh my God, don\u2019t kill me!\nEMINEM: I\u2019m not gonna kill you, bitch, quit looking around\nTELLER: Don\u2019t kill me, I've got two kids at home don't kill me!\nEMINEM: I said I\u2019m not gonna fucking kill you\nTELLER: Don't kill me!\nEMINEM: Hurry the fuck up! {*Gunshot*} Thank you!\nGo, go, go!\n\n[Verse 3]\nWindows tinted on my ride when I drive in it\nSo when I rob a bank, run out and just dive in it\nSo I'll be disguised in it\nAnd if anybody identifies the guy in it, I hide for five minutes\nCome back, shoot the eyewitness\nFire at the private eye hired to pry in my business\nDie bitches, bastards, brats, pets\nThis puppy's lucky I didn't blast his ass yet\nIf I ever gave a fuck, I'd shave my nuts\nTuck my dick in between my legs and cluck\nYou motherfuckin' chickens ain't brave enough\nTo say the stuff I say, so just tape it shut\nShit, half the shit I say, I just make it up\nTo make you mad, so kiss my white naked ass\nAnd if it's not a rapper that I make it as\nI'ma be a fuckin' rapist in a Jason mask\n\n[Hook]\nI'm a criminal!\n\u2018Cause every time I write a rhyme\nThese people think it's a crime\nTo tell 'em what's on my mind\nI guess I'm a criminal!\nI don't gotta say a word\nI just flip 'em the bird and keep goin'\nI don't take shit from no one\nI'm a criminal!\n\u2018Cause every time I write a rhyme\nThese people think it's a crime\nTo tell 'em what's on my mind\nI guess I'm a criminal!\nI don't gotta say a word\nI just flip 'em the bird and keep goin'\nI don't take shit from no one\nI'm a criminal!\n\u2018Cause every time I write a rhyme\nThese people think it's a crime\nTo tell 'em what's on my mind\nI guess I'm a criminal!\nI don't gotta say a word\nI just flip 'em the bird and keep goin'\nI don't take shit from no one\nI'm a criminal!\n\u2018Cause every time I write a rhyme\nThese people think it's a crime\nTo tell 'em what's on my mind\nI guess I'm a criminal!\nI don't gotta say a word\nI just flip 'em the bird and keep goin'\nI don't take shit from no one\n(I am) A criminal!", "image": "https://images.genius.com/e7f2305258d668431f8e250a41f3459f.1000x1000x1.png"}], "artist": "Eminem"}