{"songs": [{"title": "W.E.G.O. (Interlude)", "album": "Infinite", "year": "1996-11-12", "lyrics": "[Intro: Proof]\nYeah Soul Intent, checking in\n#1 baby this week\nYou know what I'm sayin'?\nThis is M.C. Proof\n\n[DJ Head]\nAnd DJ Head!\n\n[Proof]\nCheckin' in on W.E.G.O\nYou know what I'm sayin'?\nAy yo we got the #1\nRequested song, of the day\nComing up next\nIt's a local 313 talent\nHe goes by the name of Eminem\nAnd it's called \"It's Okay\"", "image": "https://images.genius.com/eda31ba0169a98076608e99c8f5f8ef7.590x590x1.jpg"}], "artist": "Eminem"}