{"songs": [{"title": "8 Mile: D'Phuzion vs B-Rabbit", "album": "8 Mile (Battles, Cyphers & Freestyles)", "year": "2002-09-08", "lyrics": "[D'Phuzion]\nYo, B-Rabbit\nThis silly rabbit don\u2019t like lettuce I heard he like dicks\nFaggot niggas, with ponytails and lipstick\nI'm for real; don\u2019t give a fuck, what\nWhat, ohh\nIt\u2019s like this; east side is where I'm from\nYou got beef hit me on the streets with a badge and a gun\nFuck the badge; I'm coming through with black mags\n'Bout to do this B-Rabbit nigga 'cause he's a fag\nLike I said earlier in the clause\nI stated that in my, oh shit\n\n[B-Rabbit (Eminem)]\nA'ight look\nI can see that I\u2019m put to the test\nBattling this chick, with no breasts\nAnd why I gotta battle a chick\nEspecially one that\u2019s whack, wit' a dick?\nSo you a dope MC?\nDon\u2019t get mad, start taking' your period out on me\n\u2018Cause I ain\u2019t done shit to you\nWhat\u2019s your name, Diffusion? Well then I guess I gotta diffuse you\nThis ain\u2019t something I\u2019m used to\nWhy the fuck did Future even introduce you?\nI really don\u2019t understand\nWhy this chick is up here right now and wants to be a man\nOn this mic it\u2019s rat-a-tat-tat\nWhy the fuck am I standing here battling Da Brat?\nYou don\u2019t really even wanna see this\nOn this microphone I will eat your fucking fetus\nYo", "image": "https://images.genius.com/8b0796f6920cbb54e1b8f5f4622ed422.768x768x1.jpg"}], "artist": "Eminem"}