{"songs": [{"title": "Chloraseptic", "album": "Revival", "year": "2017-12-15", "lyrics": "[Verse 1: Eminem]\nInstinctive nature to bring the anguish (Yeah)\nTo the English language\nWith this ink, you haters get rode on like a piece of paper\nThis rap shit got me travelin' place to place\nYou barely leave your house\n'Cause you're always stuck at your pad, it's stationary\nYeah, that's why when I brainstorm, gotta write it out\nSimon Cowell of rhymin' foul, that's why you sound so shook\nWire bound notebook got tied around your throat\nHook it inside your mouth, go\u2014hruh\nThat's what it's like when the mic is out\n'Cause I'm tearin' at your flesh with it\n'Til your larynx and neck are split\nWith these lyrics, weapons, expert with\nLike hair extensions, extra clips\nAnd you're scared to effin' death of it\nBitch, you're starin' at a legend that\nIn a pair of Skechers, sweatshirt ripped\nAnd hoodie black, should be strapped\nTo a chair or stretcher, electric, swear on every record, bitch\nFinger so high in the air, I'll bet your senses flip\nLike a barometric pressure switch\nCarin' less who I offend with this\nI'm at your neck like Pez dispense\nGo 'head, spit your flow, bitch!\n\n[Chorus: PHresher]\nI'm at your throat like Chloraseptic, 'septic\nAnd you got strep, I'm too complex with it, 'plex with it\nThis shit I wrote is on some next shit, next shit\nI'm at your throat, I'm feelin' reckless, reckless, yeah\n\n[Post-Chorus: Eminem & PHresher]\nAnd I'll take a hundred of you, hundred of you\nAll at once like I had nothin' to lose, what can I do?\nMy appetite for destruction is loose, destruction is loose\nAnd all it wants is to have somethin' to chew\nSomethin' to chew, somethin' to chew\n\n[Verse 2: Eminem]\nYeah, uh (Haha), and still conjoined at\nThe hip with hop, still on point and poignant\nSkilled as Floyd is\nIn this field, and still no filter, boy\nI'll put you in your place (Yeah) like a realtor, boy\nYou still ain't in the buildin', boy\nI will destroy shit, even as I build it\nGet the drill bit, pen is filled with poison\nWhich is the source, easy to still pinpoint it\n(Like what?) Like a real thin joint it\n(What?) Comes on Quilted Northern\n(And what?) In a built-in toilet\n(Yeah) Bitch, I told you I'm a dog (Woof)\nI wouldn't heal with ointment\nWay I'm kickin' these fairies' tails\nShould write a children's storybook (Yeah, yeah, yeah)\nMillion voices in my head\nBut still get a little bit of thrill and some real enjoyment\n(Off what?) Off the feel of going in\n(Like?) Like your bitch when she gives me brain\nLike she thinks I'm dumb\nGrabs the crown of my dick and blows me to kingdom come\n'Til I feel anointed\nShe makes iller noises\nWhen she's with me, must be from the Windy City\nPretty apparent, she's a MILF when blowin' me\n'Cause I conned her into\nRippin' the condom in two (Woo!)\nDick is a bargainin' tool\nNow I'm gettin' blew like Klonopins, Rude Jude\nI go there, you wouldn't\nWell, I still have a few views in common with you\nJust not YouTube, 'cause\u2026\n\n[Chorus: PHresher]\nI'm at your throat like Chloraseptic, 'septic\nAnd you got strep, I'm too complex with it, 'plex with it\nThis shit I wrote is on some next shit, next shit\nI'm at your throat, I'm feelin' reckless, reckless, yeah\n\n[Verse 3: Eminem]\nYou're a has-been\nThat has been the case since back when\nYou last went and threw your hat in the race\nYou've been trash (Bitch!)\nStick your raps in the trash bin\nOr end up in my next rhyme\nYou're a fuckboy, so next time\nIt's gonna be heads flyin' like Dez Bryant\nWith a TEC-9 against Rex Ryan (Yeah!)\nNow watch me set it like correct time\nAll you get is sloppy seconds like a Timex, I\nClock rejects into the next life\nTalking reckless, but it's just my\nStrongest suit, but you can get my Colombian necktie\nProstitute, just climb in the Humvee and let's ride\nWhy you hitching at night?\nI put an end to your life, sex crime\nKidding aside, insidious vibe\nGirl, you know you got the prettiest eyes\nBut all you're getting is bribed\nAny old lie to try to get you inside\nThen we gon' end up spending the night\nAnd I'm skinning your hide like an Indian tribe\nWhat kind of nut drives a Budweiser truck\nFinds a slut, tries to surprise her, cuffs, ties her up\nBinds up, cuts, slices her twice?\nBut the muff diver must just like it rough\nFuck right in her vagina, blood\nFlies up on the visor, like a geyser, uh\n(Music, please!) Enthusiast of the roofie\nGoal is to get a floozy inside the Jacuzzi\nAnd have a loosey-goosey as Cool C is with an Uzi\nBut I am to rap what blue jeans mean to Bruce Springsteen\nGlued we be, I'm truTV, you're too PG\nI'm Schoolly D, you're Spoonie Gee!\nNo diss there, just notice there\nAre no similarities that we share\nBesides the fact we breathe air\nHappily married to rap and I'm glad that we buried\nThe hatchet and patched it up\nNow I'm back to ratchet up my attack\nAnd I'm at your mothafuckin' throat like\u2026\n\n[Chorus: PHresher]\nI'm at your throat like Chloraseptic, 'septic\nAnd you got strep, I'm too complex with it, 'plex with it\nThis shit I wrote is on some next shit, next shit\nI'm at your throat, I'm feelin' reckless, reckless, yeah\n\n[Post-Chorus: Eminem & PHresher]\nAnd I'll take a hundred of you, hundred of you\nAll at once like I had nothin' to lose, what can I do?\nMy appetite for destruction is loose, destruction is loose\nAnd all it wants is to have somethin' to chew\nSomethin' to chew, somethin' to chew", "image": "https://images.genius.com/edd76153e7ac3ec36be997aea55f32ed.1000x1000x1.png"}], "artist": "Eminem"}