{"songs": [{"title": "Freestyle gone crazy", "album": null, "year": null, "lyrics": "[Eminem freestyling]\n\nDie Bitches, Check it out bitches\nAll you bitch ass rappers\nNeed to get your clit repierced, Look at me, hip, I'm Britney Spears\nLook at the way I wear my mascara\nHow you doing\nI'm Pristina Gaguilera, And I sing songs about a genie in a bottle\nAnd I'm Britney Spears\nI got big tits, I'm a role model\nTo all little kids\nBut I got breast implants\nThat was the only way to get my chest enhanced\nAnd here I go with the lyrical, miracle, spiritual everytime im incredible\nWith freestyles from the top that I drop\nAnd my instinct\nIs to kill N'Sync\nAnd the Backstreet Boys\nIt really doesn't matter coz' I got a scratchy voice\nYo, check it out\nBut you ask me I ain't gonna be happy til' I see every member of the Backstreet Boys\nGetting their ass beat\nIn the back seat of a taxi, And dropped of on the real backstreet\nAnd somebody black sees five little rich white boys\nLooking like faggots\nWith the N painted on the back of their jackets\n\n[Proof]\n\nOhhhhh\nAnd god damn it\nCan't stop there\nWhat's up?\nIt's over\nAnd this just Some Bacardi and Mountain Dew\n\n[Eminem]\n\nAnd wonder how we tune is\nTen million", "image": "https://images.genius.com/b379811c1415017b9f3e3a71b9d26060.400x400x1.jpg"}], "artist": "Eminem"}