{"songs": [{"title": "I'm A Big Deal", "album": null, "year": null, "lyrics": "I need Christopher Reeves to come and lay his verse\nI think he can spit it better on Medicine Ball\nFirst off, I did not even realize the guy died\nSo I guess them Christopher Reeves jokes ain't gonna fly\nWhoa, I'm on a roll, don't get me started\nEllen got pissed at me tried to push me and pussy farted\nWith such accuracy he aims and he shoots the target\nCupid's arrow and Portia ??? now look, sweetheart it's\nThe kissin' bandit on a mission to leave, Miss Degeneres\nDisenchanted by men now just listen damn it\nMiss De Rossi, I need no posse, now single-Hand-ed-ly\nWill steal your heart with a kiss\nWhere should I plant it? Mm-wha! Baby, it's *moi*\nAnd my repertoire's runnin' around in pink panties and leopard bra\nAnd negligar, negligee, you say tomayto I say TOMato\nI\u2019m Tommy Mottola Mariah don`t stop me I`m on a roll, ohh\nY'all know what it is", "image": "https://images.genius.com/b379811c1415017b9f3e3a71b9d26060.400x400x1.jpg"}], "artist": "Eminem"}