{"songs": [{"title": "Syllables (Remix)", "album": "Straight From The Lab Part 2", "year": "2009-01-01", "lyrics": "It\u2019s not about lyrics anymore, it\u2019s about a hot beat and a catchy hook\n\n[Eminem]\nIf we gotta dumb down our style and ABC it\nThen so be it\nCause nowadays these kids, jeez\nDon\u2019t give a shit bout lyrics\nAll they wanna hear is a beat and thats it\nLong as they can go to the club and get blitzed\nPick up some chicks and get some digits\nAnd the DJ\u2019s playing them hits\nOh this my jam, this my shit\nWe dont know a word to a verse\nAll we know is the chorus\nCause the chorus repeats the same four words for us\nAnd the songs ginormous, the whole formula\u2019s switched\nCause we don\u2019t know anymore, what are hits\nIs it the beat, is it the rap\nIs it a finger snap or the same 808 clap\nAnd how do we adapt and get TRL votes\nWhen 13 year olds control the remote\nAnd Ashley\u2019s got a brand new nose\nWe gotta put some new em-phasis on our syllables\n\n[Jay-Z]\nIf the emphasis on the compact disc isn\u2019t the beat\nThan I\u2019m gon feature EM and get rich\nAnd let Dre mix the shit and drive off in the Range Rove\nCause everywhere I go they love the bling bling flow\nBang bang look at the way my chain glow\nThe ring on my fing\u2019 cost ya man lot of dough, oh\nThe fuck am I busting my brain for?\nIts just the way the game go, oh, it takes two to tango\nYou call this a lame flow\nYou bought the shit\nI guess you to blame too\nI just found the angle\nNo more reality flow\nI\u2019m tryna time my album dropping with a reality show\nCock the Mac 11 in front of Hot 97\nAnd call my publicist tell her \u201cwe in press heaven\u201d\nNo one gives a shit except some kids who just got into sex on the internet\nSo you want the chat room or the house of Malibu Em?\nYour emphasis is on the wrong Syllable\n\n[Dr Dre]\nThey said 30\u2032s the new 20\nFunny, must mean 40\u2032s the new 30\nInteresting cause ever since then it\u2019s been in a sense\nAn extension for veteran rappers that are better than half\nOf the shit coming out right now\nIts all trash\nThe torch is gonna burn out before it gets passed\nJay said it\u2019s his last and 50 and Em\nThen what? Detox drops what we got then\nSo now our whole camps is running around scrambling over what to do\nGambling everytime we put a record out\nJust looking for that hook\n\n[Eminem]\n(Wait Dre look)\nShorty I love you\nAnd you love me too\nWe were meant to be cause shorty\nYou love me\nAnd I love you too\nAnd I promise I\u2019ll be true to you\n\n[50 Cent]\nGo shorty, its your birthday\nYou made it just in time to hear my wordplay\nIts the kid that flip flows who used to flip O\u2019s\nAnd run G for days used to see how I get hoes\nI\u2019m international, I get my dick licked round the globe\nI\u2019m sick right into show, riding on lolo\u2019s\nPuffing on coco, my bitch in Manolo\u2019s\nDon\u2019t fuck with the dodo\u2019s, I sling for dumb hoes\nI playing, I ain't got time to joke, joke\nYou fuck around, you could get your ass smoked\nLook, its not a game, me B, I ain't playing\nBeep behind me player, so you here anyway\nYou don\u2019t hear what I\u2019m saying\nMe fin-nini-na\nFee-fi-dididee-yay\nJust give me my check and I\u2019ll be on my way\nSunny bunny money and funny\nYou ain't even listening and I just took your money\n\n[GR Lynch]\nThis ain't top 40 or hit list shit\nNot for TRL, no Rick Dees' picks\nThis is straight GRL ski mix bitch\nCall me Strasburg when I pitch this shit\nI leave these other rappers so tongue-tied\nThey just local, GR's worldwide\nYou sound like cabbage, ya wilted outside\nI spit tomatoes straight from the vine\nLeave these other artists lookin all sundried\nA bunch of little stains, to them I'm Tide\nKeep a stain stick in my Subaru ride\nGlass all black can't see us igniting\nPaint white out like you fucked up writing\nMount baker bout to get a boost in style\nIn the parking lot they can't help but smile\nMa'am please cover the eyes of your child\nGunz come out you know bumpin 50\nSubie 2 shes covered with bitties\nSnowpants blue like the sign for thrifty\nSo baggy what are those a fuckin size 60?\nBurrito legs bitch, call me big shitty", "image": "https://images.genius.com/92a4caddb38548f811a9d5b5599e4304.1000x1000x1.png"}], "artist": "Eminem"}