{"songs": [{"title": "Off The Dome Freestyle", "album": null, "year": "2010-02-18", "lyrics": "[Intro]\nUh, uh, uh, play that shit\nWhat the fuck you doing Stretch\nGotta stretch your neck\nYou better protect it\nI\u2019mma Inspectah Deck\nHa, ha, ha, ha, ha, ha, ho, ho\n\n[Verse 1]\nPaul Where\u2019s my words at\nYo see Slim Shady yo, where the birds at\nMe and Flip the middle ones\nRappers get these little ones in they mouth\nThese little nuts, yeah\nShit, I don\u2019t care I ain\u2019t afraid to admit it\nI got a little dick yeah, but so do you\nYou scared to admit it\nYou won\u2019t spit it on this mother friggen mic\nCause I will strike and smack your ass like a friggen fag\nAnd I don\u2019t care if you get offended\nI never pretended to rock this microphone beef\nYou wanna start it now we\u2019ll end it\nCause when I slip in the zone up on this microphone\nPeople want me to do a written rap but fuck that go home\nI don\u2019t really give a damn I\u2019ll kick right off of the top\nAnd everything that I drop always gonna remain hot\nLet on the spot, Slim, I mean woops, Grim it\u2019s when im dim\nYo, I\u2019m in affect mode\nRappers get they neck sewed\nGet they whole threshold fucked up\nGet they damn fleshed sewed\nHa, ha\nI busted, I kill it, I crush it, I do it, the fluid, I spill it, I\u2019m ill wit\nThese motherfucking rhymes that I be coming with there running with me\nKick you in the motherfucking stomach shit\nCause you don\u2019t want none of it\nRappers always try but they always die\nAnd rappers always stuck to me and tried to lie\n(Arf, Arf)\nYo, where my dogs at\nYo (err, ribbit) where my frogs at\nIn the house, It really doesn\u2019t matter cause I still turn it out\nWhen I step on this mic, smacking your spouse\nHa, Ha\nThe illest MC to come off the top\nWhen I get this drum off\nYo Strech give me a break, let me catch my friggen breath\nAnd till` the death, bust rhymes till` there\u2019s none left\nI\u2019m wanted for theft and robbery\nAnd probably smack a bitch up in the lobby G\nCause she don\u2019t want none of me\nI\u2019m the illest MC to ever hold a cordless on the planet earth and you\u2019ll see\nThat I\u2019m from the friggen D\nYa\u2019ll don\u2019t get my point I\u2019m from Detroit\nSmoking fake grass like a joint\nThat\u2019s the first simplest rhyme I ever said in my life\nBut, at the end of the night I\u2019ll still be fucking your wife\nShit, I really don\u2019t care your style needs to switch\nCause you ain\u2019t rich, that\u2019s why you ain\u2019t rich\nRemain underground, can\u2019t come off the top\nYou can\u2019t drop rhymes nonstop like this\nI might twist my friggen dick up in your ear\nRappers always wanna stand clear\nI\u2019m a motherfucking landmine\nYa\u2019ll don\u2019t understand mine\nI\u2019m Slim Shady showing out like my tan line\nHa, ha\nThe illest MC to rhyme\nEvery time the illest MC of our time\nI rhyme time and time twice but I\u2019m nice\nWith this mic device I slice right through your Adams apple\nI had a Snapple and a motherfriggen syringe\nUp in the bathroom I shouldn\u2019t have but yo I boinked\nTo any MC up in this shit who want some\nTo any MC who wanna step up and get some\nGet done, fuck competition\nLet me catch my breath one more time\nYo, I\u2019m on a mission\nTo stomp any MC comp I just trunked\nAnd swamp is this truamp a word?, no its not\nYo, but here I go with this lyrical, lyricols, spiritual flows, that I slow\nDriving MC\u2019s crazy, Slim Shady, up in your motherfucking radio baby", "image": "https://images.genius.com/b379811c1415017b9f3e3a71b9d26060.400x400x1.jpg"}], "artist": "Eminem"}