{"songs": [{"title": "Murder Murder (Remix)", "album": null, "year": null, "lyrics": "[Hook] (repeat 4X)\nIt's murder she wrote (it's murder she wrote)\nIt wasn't nuttin for her to be smoked (for her to be smoked)\n\n[Eminem]\nLeft the keys in the van, with a gat in each hand\nWent up in Eastland and shot a policeman\nFuck a peace plan, if a citizen bystands\nThe shit is in my hands, here's yo' lifespan\nAnd for what yo' life's worth, this money is twice than\nGrab a couple grand and lamp in Iceland\nSee I'm a nice man but money turned me to Satan\nI'm thirsty for this green so bad I'm dehydratin\nHurry up with the cash bitch, I got a ride waitin\nShot a man twice in the back when he tried skatin\nI want the whole pie, I won't be denied nathan\nMaybe I need my head inside straightened\nBrain contemplatin, clean out the register\nDip before somebody catches ya\nOr gets your description and sketches ya\nThe connection was the prime suspect\nBut I ain't set to flee the scene of the crime just yet\nCause I got a daughter to feed\nAnd $200 ain't enough to water the seed\nThe best thing would be for me to leave Taco Bell and hit up Chess King\nAnd have the lady at the desk bring\nMoney from the safe in the back, stepped in wavin the Mac\nCooperate, and we can operate, and save an attack\nThis bitch tried escapin the jack\nGrabbed her by the throat, it's murder she wrote\nYou barely heard a word as she choked\nIt wasn't nuttin for her to be smoked\nBut I slammed her on her back til her vertebrae broke\nJust then the pigs bust in yellin \"Freeze\"\nBut I'm already wanted for sellin ki's\nAnd bunch of other felonies from A to Z like spellin bees\nSo before I dropped to the ground and fell on knees\nI bust shots, they bust back\nHit be square in the chest, wasn't wearin a vest\nLeft the house, pullin out the drive backin out\nBlew the back end out this lady's Jag, started blackin out\nPulled the Mac-10 out, stuck it in her face\nShut your yackin mouth, 'fore I blow the brain from out the back ya scalp\nDrug her by her hair, smacked her up\nThinkin fuck it, mug her while you're there, jacked her up\nStole her car, made a profit\nGrabbed the tape from out the deck and offed it out the window\nLike the girl in \"Set It Off\" did\nJetted off kid, stole the whip, now I'm a criminal\nDrove it through somebody's yard, dove into they swimmin pool\nClimbed out and collapsed on the patio\nI made it out alive but I'm injured badly though\nParents screamin: \"Son, go in and call the police\nTell em there's a crazy man disturbing all of the peace!\"\nTried to stall him at least long enough to let me leap up\nRun in they crib and at least leave with some little cheap stuff\nActin like they never seen nobody hit a lick before\nSmashed the window, grabbed the Nintendo 64\nWhen they sell out in stores the price triples\nI ran up the block jumpin kids on tricycles\nAnd collided with an 80-year old lady with groceries\nThere goes cheese, eggs, milk and Post Toasties\nStood up and started to see stars\nToo many siren sounds, it seemed like a thousand police cars\nBarely escaped, must-a been some dumb luck\nJumped up and climbed the back of a movin dump truck\nBut I think somebody seen me maybe\nPlus I lost the damn Nintendo and I musta dropped the Beanie Baby\nFuck it I give up, I'm surrounded in blue suits\nCame out with a white flag hollerin \"TRUCE TRUCE\"\nAnd surrendered my weapon to cops\nWasn't me! It was the gangster rap and the peppermint Schnapps\n\n[Hook]\n(repeats again to fade)", "image": "https://images.genius.com/b379811c1415017b9f3e3a71b9d26060.400x400x1.jpg"}], "artist": "Eminem"}