{"songs": [{"title": "Male Prostitute", "album": null, "year": null, "lyrics": "[Vocal Intro: Eminem]\nYo, Manix man, I think I just spotted my prey\nThere she is; check her out\nYea I know she's with her man and everything but...\nI can still get her man, 'cause you know me\nJust drop a couple of smooth rhymes on her\nAnd I got her you know what I'm saying?\nAight, I'll tell you what I'mma do about her man!\nAight, Check this out...\n\n[Verse]\nHey baby, let me have a word with your man\n(comic-like slap sound) - now lemme show ya exactly where I stand\nI'd like you to enter my fortress\nJust cause you are just the most gorgeous\nWoman I've ever seen and for just\nThe next few hours of ya life I'd like to\nBring out the real woman inside you despite you\nMight be in love and all that with your, man\nBut lemme get chat with you\nWhy don't we get to know each other, haven't you\nEver wondered what it was like to date an M.C.?\nNow what's a woman like you, without a man like me?\nAnd someone like yourself I can grow very fond of\nBeyond a doubt and I would always hold onto your\nLove, and be faithful I promise\nCause I'm as\nLoyal as a puppy, and I'd treat you like a goddess\nThat we would've stumble onto each other but first, wait\nBefore you're lured, I want to know if you're insured\nAnd if you're sure, you're gonna be able to endure\nA tremendous amount of pain that seems endless\nStrenuous brawn and brain, but yet when this\nWhole thing is over and I make it through the ride\nThen I'd gladly stand by your side", "image": "https://images.genius.com/b379811c1415017b9f3e3a71b9d26060.400x400x1.jpg"}], "artist": "Eminem"}