{"songs": [{"title": "Eminem, Paul Rosenberg Intro", "album": "Shady Classics Mixtape", "year": "2014-11-22", "lyrics": "['My Name Is' plays in the background]\n\n[Eminem:]\nPaul, you're obviously not going to help me with this. I can see that. So...\nNah it's cool, don't worry about it\n\n[Paul:]\nI'm Sorry, I'm just trying to organize it\n\n[Eminem:]\nOkay, well I'm just trying to do some fucking drops that got fucked up that... Sorry\n\n[Paul:]\nReally?\n\n[Eminem:]\nYeah\n\n[Paul:]\nAlright, well, maybe... maybe... uh... you wanna start over? What do you wanna do?\n\n[Eminem:]\nI don't know. Are. You probably haven't been listening. I think that this one is okay\n\n[Vocal Scratching]\n[Public Enemy #1 starts playing in the background]\n\n[Eminem:]\nGood Morning! Welcome to the Shady Classics Mixtape with DJ Whoo Kid", "image": "https://images.rapgenius.com/7247b788f662695e6396e18b460caf22.660x660x1.jpg"}], "artist": "Eminem"}