{"songs": [{"title": "Food Stamp", "album": null, "year": null, "lyrics": "Yo yo yo\n\nMy mom sent me up to the store with a food stamp\nFor a pack of cigarettes and a book at the news stand (Here)\nTwo dudes ran up, jumped out of a blue van\nI looked down at the ground and picked up a huge branch\nI swung it at the first dude, the other one with him\nSeen it snap so fast it looked like it broke before it hit him\nSo he tried to rush, I swept his legs, pinned him and bit him\nHe came back with six or seven dudes screaming \"Get him!\"\nI grabbed one, lit him on fire, pinned and bit him\nThe next faggot gave me his shoes like they didn't fit him\nOne by one I just kept droppin' 'em in a rhythm\nThen I woke up swingin' in the middle of the kitchen\n\n(Damn... damn... damn...)", "image": "https://images.genius.com/b379811c1415017b9f3e3a71b9d26060.400x400x1.jpg"}], "artist": "Eminem"}