{"songs": [{"title": "W.T.P. (Remix)", "album": null, "year": "2011-01-19", "lyrics": "[Intro]\nYow supa dupes, yuh nuh see a vybz\nKartel ah represent eminem...doah\nGyal ah spin dem waist like rims\nMan a wave dem hand (ah ah awoah)\nWhen dem see the kartel\nDem see the gaza don ..an oh (lets go)\n*Better watch out now here we come* (doah)\n*So er'body come on get up on the floor now*\n*And grab someone*\n\n[Verse 1: Vybz Kartel]\n\nEminem you ah the boss (awoah)\nBut mi ah the dadz (oh)\nDi club ago tun up dem put the gaza pon the adz\nThe thugs inna the white toyota strap up wid di mags\nSix pack unda mi sweater but mi nah talk bout nuh abs\nMi nuh play like likle Ze inna the City of Gods\nPull up inna di club mi sharper dan a scissors\nGyal ah offer menage a trois an three sums and blow jobs\nIn condom fi safety like pistols in holsters\nCorey ah our building so the club can turn off\nStreet vybz and champaign and redbull and smirnoff\nHigh grade popcaan roll out and light and burn off\nNotnice frass a seh teecha gi mi one of your laugh Aha-ah\nPimpin seh me is di world boss every liqour inna di buildin\nWe drink an flass off till di thugz dem eye purple like bb broadcast\nAn ah seh badmine cyah stop wi we have di last laugh (heh heh)\n\n\n[Chorus]\n\n[Eminem]\nNow you can do this on your own but everyone knows\nThat no one likes to be alone\nSo get on the floor (oh) and grab somebody\nAin't nothin but a white trash party (white trash party) (awoah)\n\n\n[Vybz Kartel]\nStreet vybz a raise high grade a blaze\nDrop di bomb gyal al qaeda ways\nWeh di yaad gyal weh di yaad man deh\nKartel ah have a badman party (badman party)\n\n\n[Verse 2: Eminem (Vybz Kartel)]\nPull a fifth of Bacardi from outta my underwear\nAnd walk around the party without a care\nLike a body without a head (oh)\n(Mix up the street vybz overproof di white di red)\nAn tomorrow probably still be too high to get outta bed\n(Now proably di way mi frass mi neeven recognize ma momma)\nMixin' Hennessey and Fanta with Pepto and Mylanta (oh)\n(Suh mi fling offa santa wid a thirty-two spanna)\nMiss the tree and hit Rudolph and two innocent bystanders(awoah)\nSo quit tryin' ta play the wall like you pawlin'\n(mi ah di hero di dancehall Marcus Garvey)\nThey call me the Stephon Marbury of rap, darlin'\nCuz as soon as they throw on some R-Kelly I start ballin'(oh)\n(Mi dash weh miney pon di gyal dem mi nuh busines)\nBut I'm not throwin' ones, fives, tens, or even twenties\nI'm throwin' quarters, nickels, dimes (mi ah throw nannies)\nMan I do this for them bunnies up at Denny's\nFrom the north, east and west(oh), but when\nIt comes to them trailers in them South Parks\nMuffle it, cuz homie that hood's tighter then Kenny's (heh heh)\nSo ladies if your belly button's not an innie then I'm outie\n(Now jump inna di s-class fi dadi\nC'mon)\n\n[Eminem]\nNow you can do this on your own but everyone knows\nThat no one likes to be alone\nSo get on the floor and grab somebody\nAin't nothin but a white trash party (white trash party) (oh)\n\n[Vybz Kartel]\nStreet vybz a raise high grade a blaze\nDrop di bomb gyal al qaeda ways\nWeh di yaad gyal weh di yaad man deh\nKartel ah have a badman party (badman party)\n\n\n[Bridge]\n\n[Eminem]\nNow whether you're black, white or purple\nIf you're misunderstood\nBut you don't give a fuck\nYou weren't doin' shit that you should\nLong as you know you're up to evil\nAnd you're no damn good\nGet on the floor, man, and rep your 'hood (ah ah awoah)\n\n\n[Chorus]\n\n[Eminem]\nNow you can do this on your own but everyone knows\nThat no one likes to be alone\nSo get on the floor and grab somebody\nAin't nothin but a white trash party (white trash party) (oh)\n\n[Vybz Kartel]\nStreet vybz a raise high grade a blaze\nDrop di bomb gyal al qaeda ways\nWeh di yaad gyal weh di yaad man deh\nKartel ah have a badman party (badman party) (awoah)\nParty party party", "image": "https://images.genius.com/58183c6572521af2dd072b71c74e23a9.480x360x1.jpg"}], "artist": "Eminem"}