{"songs": [{"title": "So Much Better", "album": "The Marshall Mathers LP 2", "year": "2013-11-05", "lyrics": "[Intro]\nYou fuckin' groupie!\nPick up the goddamn phone!\n\n[Verse 1]\nBitch, where the fuck were you Tuesday?\nWith who you say?\nI wasn't at the studio, bitch, what'd you do? Screw Dre?\nYou went there lookin' for me? Boo, that excuse is too lame\nKeep playin' me, you're gonna end up with a huge goose egg\nYou fake, lyin' slut, you never told me you knew Drake\nAnd Lupe? You want to lose two legs?\nYou tryin' to flip this on me?\nIf I spent more time with you, you say\n\"Okay, yeah, and I'm coo-coo, eh?\", well, screw you\nAnd I'll be the third person who screwed you today\nOh, fourth\u2014Dre, Drake, Lupe\u2014oohm, touch\u00e9\nYou were too two-faced for me\nThought you was my number one true-blue ace, but you ain't\nAnd I can't see you when you make that wittle boo-boo face\n'Cause I'm hanging up this phone, boo\nYou make my fuckin' Bluetooth ache\nYou're feeling blue? Too late; go smurf yourself!\nYou make me wanna smurf and puke blue Kool Aid\nHere's what you say to someone you hate\n\n[Chorus]\nMy life would be so much better\nIf you just dropped dead\nI was layin' in bed last night, thinkin'\nAnd this thought just popped in my head\nAnd I thought, wouldn't shit\nJust be a lot easier if you dropped dead?\nI would feel so much better\n\n[Verse 2]\nThink I just relapsed, this bitch pushed me over the brink\nHop on the freeway tryna get some time alone and just think\n'Til the cops pulled me over\nBut they let me go, 'cause I told 'em I'm only drivin' drunk\n'Cause that bitch drove me to drink\nI'm back on my fuck hoes, with a whole new hatred for blondes\nBut bias? I hate all bitches the same, baby, come on!\nExcuse the pun, but bitch is such a broad statement, and I'm\nChannelin' my anger through every single station that's on\n'Cause a woman broke my he-art\nI say he-art 'cause she ripped it in two pa-arts\nAnd threw it in the garbage; who do you think you a-are?\nBitch, guess it's time for me to get the dust off\nAnd pick myself up off the carpet\nBut I'll never say the L-word again\nI Lo-Lo-Lo-Lo\u2026 Lesbian! Aaahhh!\nI hope you hear this song and go into a cardiac arrest\nMy life'd be so much better if you just\u2014\n\n[Chorus]\nMy life would be so much better\nIf you just dropped dead\nI was layin' in bed last night, thinkin'\nAnd this thought just popped in my head\nAnd I thought, wouldn't shit\nJust be a lot easier if you dropped dead?\nI would feel so much better\n\n[Bridge]\n'Cause you told me\nYou'd love me forever\nBitch, that was a lie\nNow I never wanted someone\nTo die so bad in my fuckin' life\nBut fuck it, there\u2019s other fish in the sea\n\n[Verse 3]\nAnd I'ma have a whale of a time, bein' a single sailor\nFor the night, bitch, on a scale of\nOne to ten, shit, I must be the Holy Grail of\nCatches, ho, I got an Oscar\nAttached to my fuckin' name (De La)\nI might hit the club, find a chick that's tailor-\nMade for me, say fuck it\nKick some shots back, get hammered, and nail her\nThese bitches tryin' to get attached, but they're failin'\nTo latch onto the tail of\nMy bumper, they're scratchin' at the back of my trailer\nLike I'm itchin' to get hitched\nYeah, I'm rich as a bitch\nBut bitches ain't shit, I'd rather leave a bitch in a ditch\nBitch, you complain when you listen to this\nBut you still throw yourself at me: that's what I call pitchin' a bitch\nThat's why I'm swingin' at this chicks on-site\nLong as I got a bat and two balls it's foul, but my dick's on strike\nSo all that love shit is null and void, bitch, I'm a droid\nI avoid Cupid, stupid! Wasn't for blow jobs, you'd be unemployed\nOye-yoy-yoy, man-oh-man, your boy-boy-boy's\nGettin' sick of these girls-girls-girls, oink-oink-oink\nYou fuckin' pigs, all you're good for is doink-doink-doink\nI got 99 problems and a bitch ain't one\nShe's all 99 of 'em, I need a machine gun\nI'll take 'em all out, I hope you hear this song\nAnd go into a cardiac arrest, have a heart attack and just\nDrop dead, and I'ma throw a fuckin' party after this, 'cause yes\n\n[Chorus]\nMy life would be so much better\nIf you just dropped dead (I hate you)\nI was layin' in bed last night, thinkin'\nAnd this thought just popped in my head (you made me like this way)\nAnd I thought, wouldn't shit\nJust be a lot easier if you dropped dead? (bitch)\nI would feel so much better\n\n[Outro]\nI'm just playin', bitch\nYou know I love you", "image": "https://images.genius.com/2c354260f9edc6b2e9bf6b06c935a0b8.1000x1000x1.png"}], "artist": "Eminem"}