{"songs": [{"title": "Shade 45 Freestyle", "album": null, "year": null, "lyrics": "[Intro]\nComin' to you live at Shade 45 Invasion\nThe only radio station that plays in rotation\nThe Shady the slash with the Aftermath with the little Jay on the...\n\n[Verse 1]\nComin' to you live at Shade 45 Invasion\nThe only radio station that plays in rotation\nThe Shady the slash with the Aftermath with the little Jay on occasion\nMaybe you may hear some Jada mixed with a plate of some D Block\nSplash of 2Pac\nOne being that we don't cater cause we gonna play the fuck\nOutta whatever we want this is Shady\nAnd we gonna pump, pump the fuck out our own shit\nFrom 50, Obie, Twizzy, Stat Quo\nAnd we won't quit fuckin' you up\nAnd we can keep sayin' fuckin' you up\nEven till the FCC sayin' shut this dude up\nDuck tape a his mouth a do somethin'\nQuick fucka do fuck poppa do pop\nSkippy dippy pop shit bitch asshole you son of a bitch! Chinga tu madre!\nI start drama all day hemm delala\nComin' across your scanners it's the brand new station\nShade 45, motherfuckin' Slim Shady bitch and Green Lantern\nShady in the place to be, see\nAnd it takes what I got to rock the mic right\nAnd that was a freestyle too bitch so suck my dick if you do not like", "image": "https://images.genius.com/b379811c1415017b9f3e3a71b9d26060.400x400x1.jpg"}], "artist": "Eminem"}