{"songs": [{"title": "Dirty Steve", "album": null, "year": "2005-01-01", "lyrics": "[Eminem]\nGood morning children!\nMy name is Dirty Steve, I'll be your substitute teacher for today\n(Clinton Sparks!)\n\nCome with me, don't be so mad, angry little man\nDirty Steve will be here soon, he will hold your hand\nWalking through the forest, he will show you porno mags\nYou can beat his dick while he sucks yours, cuz he's a fag", "image": "https://images.genius.com/b379811c1415017b9f3e3a71b9d26060.400x400x1.jpg"}], "artist": "Eminem"}