{"songs": [{"title": "Beautiful", "album": "Relapse", "year": "2009-08-11", "lyrics": "[Intro]\nLately I've been hard to reach\nI've been too long on my own\nEverybody has a private world\nWhere they can be alone\nAre you calling me?\nAre you trying to get through?\nAre you reaching out for me\nThen I'm reaching out for you\n\n[Verse 1]\nI'm just so fuckin' depressed\nI just can't seem to get out this slump\nIf I could just get over this hump\nBut I need somethin' to pull me out this dump\nI took my bruises, took my lumps\nFell down and I got right back up\nBut I need that spark to get psyched back up\nIn order for me to pick the mic back up\nI don't know how or why or when\nI ended up in this position I'm in\nI'm starting to feel distant again\nSo I decided just to pick this pen\nUp and try to make an attempt to vent\nBut I just can't admit or come to grips with the fact\nThat I may be done with rap, I need a new outlet\nAnd I know some shit's so hard to swallow\nBut I just can't sit back and wallow\nIn my own sorrow, but I know one fact:\nI'll be one tough act to follow, one tough act to follow\nI'll be one tough act to follow\nHere today, gone tomorrow\nBut you'd have to walk a thousand miles\u2014\n\n[Chorus]\nIn my shoes, just to see what it's like to be me\nI'll be you, let's trade shoes\nJust to see what it'd be like to\nFeel your pain, you feel mine\nGo inside each other's minds\nJust to see what we find\nLook at shit through each other's eyes\nBut don't let 'em say you ain't beautiful\nThey can all get fucked, just stay true to you\nDon't let 'em say you ain't beautiful\nThey can all get fucked, just stay true to you\n\n[Verse 2]\nI think I'm starting to lose my sense of humor\nEverything's so tense and gloom\nI almost feel like I gotta check the temperature\nOf the room, just as soon as\nI walk in, it's like all eyes on me\nSo I try to avoid any eye contact\n\u2018Cause if I do that, then it opens a door\nFor conversation like I want that\nI'm not lookin' for extra attention\nI just wanna be just like you\nBlend in with the rest of the room\nMaybe just point me to the closest restroom\nI don't need no fuckin' man-servant\nTryna follow me around and wipe my ass\nLaugh at every single joke I crack\nAnd half of 'em ain't even funny, like, \"Ha!\nMarshall, you're so funny, man\nYou should be a comedian, goddamn!\"\nUnfortunately I am\nI just hide behind the tears of a clown\nSo why don't you all sit down?\nListen to the tale I'm about to tell\nHell, we don't gotta trade our shoes\nAnd you ain't gotta walk no thousand miles\u2014\n\n[Chorus]\nIn my shoes, just to see what it's like to be me\nI'll be you, let's trade shoes\nJust to see what it'd be like to\nFeel your pain, you feel mine\nGo inside each other's minds\nJust to see what we find\nLook at shit through each other's eyes\nBut don't let 'em say you ain't beautiful\nThey can all get fucked, just stay true to you\nDon't let 'em say you ain't beautiful\nThey can all get fucked, just stay true to you\n\n[Verse 3]\nNobody asked for life to deal us\nWith these bullshit hands we're dealt\nWe gotta take these cards ourselves\nAnd flip 'em, don't expect no help\nNow, I could've either just sat on my ass\nAnd pissed and moaned\nOr take this situation in which I'm placed in\nAnd get up and get my own\nI was never the type of kid\nTo wait by the door and pack his bags\nAnd sat on the porch and hoped and prayed\nFor a dad to show up who never did\nI just wanted to fit in in every single place\nEvery school I went, I dreamed of being that cool kid\nEven if it meant acting stupid\nAunt Edna always told me:\n\"Keep making that face, it'll get stuck like that.\"\nMeanwhile, I'm just standin' there\nHoldin' my tongue, tryin' to talk like this\n'Til I stuck my tongue on that frozen stop sign pole\nAt eight years old; I learned my lesson then\n\u2018Cause I wasn't tryin' to impress my friends no mo'\nBut I already told you my whole life story\nNot just based on my description\n\u2018Cause where you see it from where you're sittin'\nIt's probably 110% different\nI guess we would have to walk a mile\nIn each other's shoes at least\nWhat size you wear? I wear 10's\nLet's see if you can fit your feet\u2014\n\n[Chorus]\nIn my shoes, just to see what it's like to be me\nI'll be you, let's trade shoes\nJust to see what it'd be like to\nFeel your pain, you feel mine\nGo inside each other's minds\nJust to see what we find\nLook at shit through each other's eyes\nBut don't let 'em say you ain't beautiful\nThey can all get fucked, just stay true to you\nDon't let 'em say you ain't beautiful\nThey can all get fucked, just stay true to you\n\n[Bridge]\nLately I've been hard to reach\nI've been too long on my own\nEverybody has a private world\nWhere they can be alone\nAre you calling me?\nAre you trying to get through?\nAre you reaching out for me\nThen I'm reaching out for you\n\n[Outro]\nYeah, to my babies: stay strong\nDaddy'll be home soon\nAnd to the rest of the world\nGod gave you them shoes to fit you\nSo put 'em on and wear 'em\nBe yourself, man, be proud of who you are\nEven if it sounds corny\nNever let no one tell you you ain't beautiful", "image": "https://images.genius.com/d14fd7b44108ca26b96497381e016ca8.1000x1000x1.png"}], "artist": "Eminem"}