{"songs": [{"title": "Jesse", "album": "The Slim Shady LP (Snippet Tape)", "year": "1999-01-01", "lyrics": "(dialing tone)\n\n[Eminem and (Jesse)]\n*Ends off I'm Shady snippet and instrumental still plays*\nAnd that's my name!\n*Phone rings*\nHelllo (Hi) Hi, Jesse?\n(Speaking) Hi, how you doing\nI'm-I'm-I'm, my name is Marshall (Hi)\nHi, how are you doin'? (Good)\nOh, my God, you sound sexy\n(Oh, thank you) Aw, God...\nUm, listen, I was just, I-I\nI don't know, I don't do this a lot, it's like, my second time\nI swear to God, um, listen, it says\nI don't know im reading this over in the paper and-and\nIt says you're, I don't know, a ch-a-transexual\n(A shemale, uhuh) A shemale, oh my God...\n(Yeah) *sighs* Um, listen, what t-what\nWhat type of, I don't know, what type of s-\n(I give you body rubs, and I, and I go down on you)\nAight, do you wanna, do you wanna attend to your dog?\n(I got somebody at the dog, I have to massage somebody now)\n(Call me later) I wanna fuck (Huh?)\nI wanna fuck (*hangs up*) Aw, God, don't hang up, bitch\nYou fucking slut, oh God...", "image": "https://images.genius.com/0b1c9568017c50ed4a1b0e810ff2a60c.480x360x1.png"}], "artist": "Eminem"}