{"songs": [{"title": "8 Mile: The Lunch Truck Battle", "album": "8 Mile (Battles, Cyphers & Freestyles)", "year": "2002-09-08", "lyrics": "[Vanessa (Miz-Korona)]\nMan, I\u2019m gettin' so sick and tired of fuckin' with this steel\nThey only give us 30 minutes to eat lunch and chill\nMy body achin' just to get a buck\nI\u2019m sick of eatin' this shit off this fuckin' lunch truck\nNasty-ass food, I\u2019m in a nasty-ass mood\nI should\u2019ve called in sick, shit, I had somethin' to do\n\n[Mike (Xzibit)]\nI can\u2019t believe that I\u2019m hearing all this ravin' and rantin'\nFrom Vanessa up in here at the New Detroit stampin'\nYou need to get your food and take your ass back to work\nYou're dreamin' if you think them corny-ass raps will work\nLook at y\u2019all standin' out here, freezin' like dumb fucks\nRappin' away for food off this ragedy lunch truck\nWho want what? Who pumped up to get rolled up?\nI spit venom in every direction, soak some up\nLook at this fat-ass nigga, sloppy sucker\nYou're a ugly motherfucker, your pop should\u2019ve wore a rubber\nStop rhymin', keep your day job, Vanessa\nNext time leave that bullshit home on the dresser\nSpeaking of dresses, take a look at Paul the fruitcake\nWhen you travel you probably pack panties in your suitcase\nMade out of lace from Victoria\u2019s secret\nIf ten men came in a cup you\u2019d probably drink it\n\n[Jimmy (Eminem)]\nOkay, folks, enough with the gay jokes\nEspecially from a gay broke bitch yourself, hey lo'\nThis guy's a doo-doo\nYou've worked here longer than me\nAnd I get paid more than you do\nDawg, take a seat\nWhat\u2019s this guy standing in line for? He ain\u2019t got money to eat!\nCheck this out, yo yo\nThis guy cashed his whole check and bought one ho-ho\nFuckin' homo! Little maggot\nYou can\u2019t hack it; Paul\u2019s gay, you're a faggot\nAt least he admits it, don\u2019t even risk it\nThis guy's starvin' to death, someone get him a biscuit!\nI don\u2019t know what they told you, Mike\nYou must had them cornrows rolled too tight\nThis job, you wanna quit, but you can\u2019t\nYou\u2019ve worked at this plant so long, you're a plant\nLook at your goddamn boots!\nFor Christ sakes, they\u2019re starting to grow roots!\nOn this mic you get faded\nYou look like a pissed-off rapper who never made it\nAnd why you fuckin' with the gay guy, G?\nWhen really you're the one who's got the HIV\nMan, I\u2019m done with this clown, he's soft\nFuck it, I\u2019ll let homegirl finish you off\n\n[Vanessa (Miz-Korona)]\nA guy like you would never get a real woman\nYou jackass, go jack off; that's the only way you cumin'", "image": "https://images.genius.com/8b0796f6920cbb54e1b8f5f4622ed422.768x768x1.jpg"}], "artist": "Eminem"}