{"songs": [{"title": "Crazy in Love", "album": "Encore", "year": "2004-11-12", "lyrics": "[Intro: Heart (Sampled)]\nTell myself that I was doing alright\nThere's nothing left to do tonight\nBut go crazy on you\nCrazy on you\nLet me go crazy, crazy on you\n\n[Verse 1]\nCan't you see what you do to me, baby?\nYou make me crazy, you make me act like a maniac\nI'm like a lunatic, you make me sick\nYou're truly the only one who can do this to me\nYou just make me get so crazy\nI go schizo, I get so insane, I just go schizophrenic\nOne minute I wanna slit your throat, the next I wanna sex\nYou make me crazy, the way we act\nLike two maniacs in the sack\nWe fuck like two jackrabbits\nAnd maybe that's a bad habit\n'Cause the next day we're right back at it\nIn the same exact pattern\nWhat the fuck is the matter with us?\nWe can't figure out if it's lust or it's love\nWhat's that that's attractin' us to each other?\nThey say that every man grows up to marry his own mother\nWhich would explain why you're such a motherfuckin' bitch\nBut I stay and still stick it out with you\nEven though I just hit you today\nBut you deserve it, you hit me first and provoked me to choke you\nJust 'cause I came home late last night\nCrawled in bed and I woke you\nBut if there's one thing about you that I admire it's, baby\nBecause you stay with me, maybe 'cause you're as crazy as I am\n'Cause when I look at you I can see an angel in your eyes\nBut if I look deeper inside I see your freakish little side\nLike a devil in disguise, you're always full of surprises\nAlways pullin' devices out your purse: little vibrators and dildoes\nYou fucked yourself so much you barely feel those anymore\nYou're only twenty-four, but you're plenty more ma-ture\nThan those other little hoes who just act like little girls\nLike they're in middle school still\nYou're crazy, sexy, cool, chill\nAnd you play your position, you never step outta line\nEven though I stay in your business you've always kept outta mine\nI wonder what's on your mind\nSometimes they say love is blind\nMaybe that's why the first time\nI dotted your eye you ain't see the sign\nOr maybe you did, maybe you like being shoved\nMaybe 'cause we're crazy in love\n\n[Hook: Heart (Sampled)]\nGo crazy on you\nCrazy on you\nLet me go crazy, crazy on you\n\n[Verse 2]\nYou are the ink to my paper, what my pen is to my pad\nThe moral, the very fiber, the whole substance to my rap\nYou are my reason for being, the meaning of my existence\nIf it wasn't for you I would never be able to spit this\nAs intense as I do, and the irony is you rely on me\nAs much as I rely on you to inspire me like you do\nYou provide me the lighter fluid, the fuel to my fire\nYou're my entire supply: gas, the match, and igniter\nThe only way that I am able to stay so stable\nIs you're the legs to my table\nIf you were to break I'd fall on my face\nBut I'm always gonna make you feel I don't need you as much\nAs I really need you so you don't use it to your advantage\nBut you're essential to me, you're the air I breathe I believe\nIf you ever leave me I'd probably have no reason to be\nYou are the Kim to my Marshall, you're the Slim to my Shady\nThe Dre to my Eminem, the Alaina to my Hailie\nYou are the word that I'm lookin' for\nWhen I'm tryin' to describe how I feel inside\nAnd the right one just won't come to my mind\nYou're like the pillar that props me up, the beam that supports me\nThe bitch who never took half, the wife who never divorced me\nYou're like the root to my evil, you let my devil come out me\nYou let me beat the shit out you before you beat the shit out me\nAnd no matter how much, too much is never enough\nMaybe 'cause we're crazy in love\n\n[Hook: Heart (Sampled)]\nGo crazy on you\nCrazy on you\nLet me go crazy, crazy on you", "image": "https://images.genius.com/919ae1469415f282320db93bbcbd620c.1000x1000x1.png"}], "artist": "Eminem"}