{"songs": [{"title": "Fuck That Shit (Rapture)", "album": null, "year": null, "lyrics": "[Eminem (Mr. Porter)]\nYea!\n(What was that?)\nFuck that shit, I've got shit I'm doing (say)\nFuck that shit, I've got shit I'm doing (say)\nFuck that shit, I've got shit I'm doing (say)\nFuck that shit, I've got shit I'm doing (say)\nFuck that shit, I've got shit I'm doing\nFuck that shit, I've got shit I'm doing\nFuck that shit, I've got shit I'm doing\nFuck that shit, I've got shit I'm doing\nI'm busy\nI'm busy\nI'm busy\nI'm busy\nDon't bother me, not me\nMr Porter, I'm busy\nI'm busy\nTryin' to talk to the crowd (okay)\nGoddamnit, you win\n\n\n(This annonation was posted on unofficial lyrics of snippet)", "image": "https://images.genius.com/b379811c1415017b9f3e3a71b9d26060.400x400x1.jpg"}], "artist": "Eminem"}