{"songs": [{"title": "Hazardous Youth", "album": "The Slim Shady LP", "year": "1999-02-23", "lyrics": "It's like this and like that and like this\nI'm the illest rapper to hold the cordless, patrollin' corners\nLookin' for hookers to punch in the mouth with a roll of quarters\nI'm meaner in action than Roscoe beatin' James Todd Senior\nAnd smackin' his back with vacuum cleaner attachments\nI grew up in a wild hood, as a hazardous youth\nWith a fucked up childhood that I used as an excuse\nAnd ain't shit changed, I kept the same mind state\nSince the third time that I failed ninth grade\nYou probably think that I'm a negative person\nDon't be so sure of it\nI don't promote violence, I just encourage it\nI laugh at the sight of death\nAs I fall down a cement flight of steps\nAnd land inside a bed of spider webs\nSo throw caution to the wind\nYou and a friend can jump off of a bridge\nAnd if you live, do it again\nShit, why not? Blow your brain out, I'm blowin' mine out\nFuck it, you only live once, you might as well die now", "image": "https://images.genius.com/fcc762ae394b4bf0ea50ad2f6ae0ef97.953x953x1.jpg"}], "artist": "Eminem"}