{"songs": [{"title": "Respect My Conglomerate", "album": null, "year": null, "lyrics": "[Eminem]\nI wasn't born mean I was pushed to trechary\nI walked the streets looking for some puss to fetch me\nI like a veggie brain, turn to mush, I'm edgy\nEdgy enough to give Reggie Bush a wedgie\nIf he don't give me Kim things could get messy\nSo pass that ass to me, let me squish the left cheek\nAnd pressed against the right one till it's smushed against me\nAnd leave a dead body in the woods the mc\nWith the Christopher Reeves beef, we started off on the wrong foot\nOr should I say fake leg, made outta wood? I shouldn't, yes I should\nRiding through the hood, I'm chilling with Westwood\nI'm quite mellow, a white fellow\nMy pee is bright yellow, I like jello, I'm like hello\nTo a cute little dyke on the mic, I'm kinda like...\nIron Mike cos I bite earlobes\n\n[Mr.Porter]\nWell, I must must say well uh\nI'm just not gay well I\nI'm must must say um well\nSee I'm the first to class and the last to leave\nI mean I'm the first one to leave out of class, believe\nThat I'm a mailbox pimp in my heart til' I die\nEven after I'm all gone and my ashes fry\nWent from ashy guy, class clown this high\nTo a grown ass man\nRunyons ave's the click, D12's the gang\nWe been spitting; this shit since we was little baby's\nGaga googoo nana, nanny booboo? never\nWord to my homie Em, I'm just too too clever\nA 45 shot'll leave a motherfuckers face lop-sided\nThe kick from the barrel make you think I'm cock eyed-ed\nWhen I bust it off in the crow, you start diving\nGreg Louganis in over the bar, I ain't lyin'\nHot I ain't equal, it's not defying a soldier\nRunyons Ave soldier equals death when it's over\nThere's nothing colder than niggas than understranded struggle\nFly the street muscle, We been had the hussle\nWe been had the hussle, We been had the hussle\nFly the street muscle, We been had the hussle\n\n[Eminem]\nMe and Westwood blasting off\nJacking off in a pair of Acid Wash, bumping Asher Roth\nCrusin Gratiot till I damn near\ufeff crash the car\nTryna smash a moth on the dash, hit the overpass-went off\nOver the bridge, into on coming traffic\nCaused a massive 42 car pile up, not a scratch at all\nHocked up holding a axe and saw\nJason mask is off but my face is plastered in Tabasco sauce\nSpitting flames, kicking fire out ya ass\nYa little bastard, you can pass it on, I'm battery acid dog\nYou don't wanna get my ass ticked off\nI'm harder than playing basketball when I'm going through crack withdraw\nDick's so big it's like estlastic\nI tie it in a knot and it looks like Mr. Fantastic\nCrossed the path of plastic man, with a drastic force and went spastic\nPut my penis on Classic Sports\n\n[Mr. Porter]", "image": "https://images.genius.com/b379811c1415017b9f3e3a71b9d26060.400x400x1.jpg"}], "artist": "Eminem"}