{"songs": [{"title": "Mancow (Freestyle)", "album": null, "year": "1999-01-01", "lyrics": "[Eminem]\nHi, my name is, my name is nobody famous\nGuess what? I'm an anus\nI'm here with Mancow, haha\nYou know how I do it, cause I kick this fluid when i do it\nI bust it, I kill it and I crush it with Mancow\nYou don't understand how we do it\nWe land now with hits and freestyle flows\nCuz we the ish, I said ish backwards and guess what that is...\nShhh, yea I can't say that, yo, hit the playback\nCheck it, cause rappers don't know how to display that\nRhymes that I be kicking, freestyle when I be kicking\nSticking these, ribs sticking out, poverty stricken\nI'm all hungry cause I ain't ate in ten minutes\nI'm infinite, oh, hey, check it out, I'm Ken Kaniff\n\nOh, hi there man, oh yeah\nHell no bro, oh yeah, no, yeah\nOh here I am I'm chillin' with Mancow\nYou know how we do it man you know we got the know how\nMancow kick a freestyle", "image": "https://images.genius.com/b379811c1415017b9f3e3a71b9d26060.400x400x1.jpg"}], "artist": "Eminem"}