{"songs": [{"title": "Let It Rain", "album": null, "year": null, "lyrics": "Leaving on a Mayday, fine summer pain\nIn his heart on his tounge, the taste is sweet again\nLeaving on a Mayday, fine summer pain\nBut he said a feather, and his mind can take all, his feet are moving again\n\nLet it rain, on me, let it rain\nLet it rain, on me, let it rain\n\nMorning comes, wakes him up, he looks out at the parking lot\nSees the house, he was born, almost 57 years ago\nWhere his brother lives, where his sister moved, and all three went to unfinished school\nWhere the father died, in '59, and mother did in 63'\nHe's reminded of her when he looks at me\n\nLet it rain, on me, let it rain\nLet it rain, on me, let it rain\nLet it rain, on me, let it rain\nLet it rain, on me, let it rain\nThat's how, that's how all things grow\nThat's how, that's how all things grow\n\nI've been waiting for the noosy set, 20 years I've been waiting\nFor the last pages in a book I read, of love, death and endless need\nAbout you, your sister your mother and me, even the happiest families bleed\nI want to get even, making it last, get every bastard from the past\n\nLet it rain, on me, let it rain\nLet it rain, on me, let it rain\nLet it rain, on me, let it rain\nOh let it rain, on me, that's how\nThat's how all things grow, that's how\nThat's how all things grow, that's how\nThat's how all things grow, that's how\nThat's how all things grow\n\nWant to get even, making last, get every bastard from the past\nWant to get even, making last, get every bastard from the past\nWant to get even, making last, get every bastard from the past", "image": "https://images.genius.com/8c99dd335733f9c3cf16f57c9f589cfb.361x361x1.jpg"}], "artist": "Snoop Dogg"}