{"songs": [{"title": "Doggyland", "album": "Tha Doggfather", "year": "1996-11-12", "lyrics": "[Chorus]\nCome and go with me to Doggylaaaaaaaaaaaaand!!\n(Here ye, Here ye, Come one come all)\nTo a place that be, call it LBC\n(I'm ridin' wit'cha baby)\nCome and go with me to Doggylaaaaaaaaaaaaand!!\nTo a place that be, call it LBC\n\n[Verse 1]\nNow if you tired of the hard work\nTears and sweat\nAnd you breakin' your neck\nAnd you still up in debt\nWalkin' round town all strapped in\nNiggas be havin' more bad times than Captain Rat did\nTwo strikes none left, out of breath\nLivin' in the city it's a jungle yo\nAll this deception on top of stress\nYou havin' more problems than a algebra test\nYou can't seem to come up, wit yo' money for rent\nAnd now yo' baby momma trippin' she want fifty percent\nIt's a thin line, between yours and mine\nThe difference is you gotta scratch to a get nickel and dime\nNow I know a place where\nYa' might wanna be and I can take you there\nPop goes the nine, We'll go right behind\nYou can slide off your shoes sit back and recline\n\n[Chorus]\nCome and go with me to Doggylaaaaaaaaaaaaand!!\n(Here ye, Here ye, Come one come all)\nTo a place that be, call it LBC\n(I'm ridin' wit'cha baby)\nCome and go with me to Doggylaaaaaaaaaaaaand!!\nTo a place that be, call it LBC\n\n[Verse 2]\nOh your homies think you're funny?\nDoin' stick ups for moneys\nJust to impress the honeys (This is for the honeys)\nGot yo' rocks, so you keep'em in the sack\nYou got two strikes, but you right back up to bat\nYou all about yo' money and got something to sell\nBut if you bail for a robber you'll be back in the jail cell\nYou chillin' wit yo' feet up\nSomeone hated but baby without the homies and\nThat's when you got beat up\nBecause you can't be out there doin' low\nAnd then right gather up yo' crew and roll\nAin't no rules when you out there doin' dirt\nSomebody's always layin' in the cut to get ya' hurt\nBut see, I know a place where\nYou might wanna be\nAnd I can take you there\nPop goes the nine, We'll go right behind\nYou can slide off your shoes sit back and recline\n\n[Chorus]\nCome and go with me to Doggylaaaaaaaaaaaaand!!\n(Here ye, Here ye, Come one come all)\nTo a place that be, call it LBC\n(I'm ridin' wit'cha baby)\nCome and go with me to Doggylaaaaaaaaaaaaand!!\nTo a place that be, call it LBC\n\n[Bridge]\nHere ye, Here ye, come one, come all\nTo a place that be, call it LBC\n(I'm ridin' wit' ya' baby)\nLemme holla to a little home boy real quick\nKnow what I'm sayin'?\nCuz he travelin' in the fast lane\nStop the life it seem that we are on\nTime to slow your roll\nLet Doggyland be your new home\nStop the life you save may be your own\nTime to slow your roll\nLet Doggyland be your new home\n\n[Verse 3]\nDoggyland is the town where it's goin' diz-owne\n(It's goin' down)\nEverything is free\nAnd ain't no HIV. (What?)\nAnd niggas don't kill one another\n(Oh really why is that?)\nBecause a brother is a brother\n(And what about the mothers?)\nThey queens\nRighteous\nMan\nHeaven must be like this\nGreen aroma like the grass in the summertime\nAin't no peneteneries and ain't nobody doin' time\nAnd oh yeah, I'm the big O-K'er\nI'm smarter than the senator\nBigger than the mayor\nHeaven on Earth\nIt's like a prayer\nAnd you can't get in without yo' gold card you got\nTo be a player\nNow you know a place where\nYou gots to be and I took you there\nPop goes the nine, we'll go right behind\nYou can slide off your shoes sit back and recline\n\n[Chorus]\nCome and go with me to Doggylaaaaaaaaaaaaand!!\n(Here ye, Here ye, Come one come all)\nTo a place that be, call it LBC\n(I'm ridin' wit'cha baby)\nCome and go with me to Doggylaaaaaaaaaaaaand!!\nTo a place that be, call it LBC", "image": "https://images.genius.com/ecb7c80ab44a68c9d33f60b5fccd0a70.1000x1000x1.jpg"}], "artist": "Snoop Dogg"}