{"songs": [{"title": "Ain't Nut'in Personal", "album": "Da Game is to be Sold, Not to be Told", "year": "1998-08-04", "lyrics": "[Intro: Snoop Dogg]\nKill kill kill\nHow many killas you got on your mother fuckin pay roll nigga?\nSnoop Dogg, C-Murder, and Silkk the Shocker\nNo limit  (biatch)\n\n[Verse 1: C-Murder]\nNigga nigga I'ma rida\nRide with G's\nAnd ship keys overseas by the three's\nKeep an eye on my enemies\nSnoop and Silkk\nIn da back of the Lac\nWith that AK\nIn da blue tint, with a infared\nMother fucker gonna die tonight\nThat's why I smoke weed, get high tonight\n'Cause I'm a No Limit soldier\nWith TRU tatted in blood\nI went to jail for years, for movin, burnin da drugs\nMurda murda, kill kill\nIf you put me in danger\nI ain't trippin noo\nNo limit niggas no strangers\nI'ma tank representer 'til I'm history\nMaking playa hatas into a mother fucking memory\nSo throw 'em up if you a soldier\nAnd Snoop Dogg pass tha mother fucking dolja\nI know you mother fucking feel me\nC-murder ain't gonna die, 'til a bitch nigga kill me\n\n[Chorus: Snoop Dogg]\nKill-kill-kill\nMurda-murda-murda\nAin't nut'in personal junior\nSee it's all about respect\nKill-kill-kill\nMurda-murda-murda\nI'm never caught slippin'\nKeep my heat on the dash\nKill-kill-kill\nMurda-murda-murda\nAin't nut'in personal junior\nSee it's all about respect\nKill-kill-kill\nMurda-murda-murda\nI'm never caught slippin'\nKeep my heat on the dash\n\n[Verse 2: Snoop Dogg]\nNow, how many niggas you know that can fuck around\nAnd die and come back\nThey get hooked up with the number one rap label\nAnd rap, like that\nShit I can't be duplicated\nBut I'm highly playa hated\nAnd I been reinstated\nAnd I thank god that I finally made it\nFated many niggas, just to get one back\nRemember im that young nigga\nThat put gangsta rap on the map\nNever craps, only five duices\nMix that Moet, white star, with them orange juices\nI hang out with real niggas\nLike Silkk and C-Murder\nTRU niggas, do niggas\nLike you niggas\nGhetto ass, lower class\nNever hesitate to blast\nAnd im so serious about my hustlin\nGots to have my cash\nCan you imagine if I was broke\nShit I wouldn't be bustin no raps\nId have my strap, running up in your door\nTakin all your dough and your gold and your cars\n'Cause big Snoop Dogg, Ain't no mother fucking rap star\nSee ima gangsta(gangsta) and you a notch(you a notch)\nAnd you a sucka(bitch ass nigga), and I rock\nI'm draped in my army fatigue\nBlowing on green trees\nIn the navigator, and keep the heat for them playa hatas\n\n[Chorus: Snoop Dogg]\nKill-kill-kill\nMurda-murda-murda\nAin't nut'in personal junior\nSee it's all about respect\nKill-kill-kill\nMurda-murda-murda\nI'm never caught slippin'\nKeep my heat on the dash\nKill-kill-kill\nMurda-murda-murda\nAin't nut'in personal junior\nSee it's all about respect\nKill-kill-kill\nMurda-murda-murda\nI'm never caught slippin'\nKeep my heat on the dash\n\n[Verse 3: Silkk the Shocker]\nNow look at murda, murda, murda\nAnd this kill, kill, kill\nThis shits real\nStay strapped and capped, to get pealed\nAnd mama always told me\nIf you ain't down to ride with god\nDown to die with god\nYou ain't no mother fucking soldier\nNo limit tatted on my back and my stomach\n'Cause ima mother fucking fool\nUhhh, show me love\n'Cause when I make music with thugs, I make moves\nWell I'm coming out hard\nI was coming out large\nSeen this guy named van\nI bring the pain\nLook everybody coming out stars\nSee now me, C, and Snoop in da coupe\nIn da house thinking about loop\nI told niggas\nRap shit isn't bad, I blast'em, So I ask'em, I shoot\nJust a young nigga bout raising hell and makin mail\nIf you a trip\nI told you I was making this shit on bail (that's cool)\nBack up nigga, can't flame that shit like drugs\nAnd see ima nigga, I'm gonna hang like a nigga\nBang that shit like it was crips and bloods\nNow deal weed nigga\nStrapped up in my fatigue\nCan't hold me down\nDon't even trip my nigga Snoop\nIf you a soldier now\nDo what ya think bitch\nFor this tank bitch\nI stay quick and work\nAnd I got No Limit scattered on my fucking forehead\nThat's why I do so much dirt", "image": "https://images.genius.com/cc7312525ce26f443efc158446aeedc3.1000x1000x1.jpg"}], "artist": "Snoop Dogg"}