{"songs": [{"title": "Sho You Right", "album": "Cuzznz", "year": "2016-01-15", "lyrics": "[Chorus]\nSho you wrong, sho you right\nYou ain\u2019t sum\u2019 wrong\nThink you just the kind I like\nSho you wrong, sho you right\nI wanna freak with you till the morning light\nSho you wrong, sho you right\nUp and down, round and round (yeah)\nSho me wrong, sho you right\nBaby, won\u2019t you come with me\nAnd we gon\u2019 have a party tonight\n\n[Verse 1]\nYou\u2019re so dedicated, and elated, celebrated\nBeen through so much, so much\nBut yet we made it\nYou\u2019re so bad, you\u2019re so fly\nAnd I know why\nYou blow my mind\nYou\u2019re one of a kind\nYou\u2019re more than a dime\nYou\u2019re fine\n\n[Chorus]\nSho you wrong, sho you right\nYou ain\u2019t sum\u2019 wrong\nThink you just the kind I like\nSho you wrong, sho you right\nI wanna freak with you till the morning light\nSho you wrong, sho you right\nUp and down, round and round\nSho me wrong, sho you right\nBaby, won\u2019t you come with me\nAnd we gon\u2019 have a party tonight\n\n[Verse 2]\nSho me right the definition of a woman\nI don\u2019t wanna stop (stop)\nI want it to keep on coming (coming)\nYour elegance is stunning and marvelous (marvelous)\nI luv the ya ain\u2019t so hard to get (hard to get)\nStuffin\u2019 from Gucci, now that you\u2019re moody (hey)\nYou ridin\u2019 the groove, you shakin\u2019 that booty (booty)\nIt\u2019s my duty to give it to ya with insight (insight)\nYeah, I might tonight, aight (aight)\n\n[Chorus]\nSho you wrong, sho you right\nYou ain\u2019t sum\u2019 wrong\nThink you just the kind I like\nSho you wrong, sho you right\nI wanna freak with you till the morning light\nSho you wrong, sho you right\nUp and down, round and round\nSho me wrong, sho you right\nBaby, won\u2019t you come with me\nAnd we gon\u2019 have a party tonight\n\n[Verse 3]\nWe together again just for the second time (second time)\nThey let me know this shorty here is all mine (all mine)\nHer mind, body, and soul just what I\u2019m loving up\nHer compassion, let me know yeah, what\u2019s up with us\nSee my Twitter and my Instagram followers\nShowing love to my music and that\u2019s how i got with her\nA comment, I complement a bad bitch\nShe my shorty and that\u2019s who I\u2019m damned with\n\n[Chorus]\nSho you wrong, sho you right\nYou ain\u2019t sum\u2019 wrong\nThink you just the kind I like\nSho you wrong, sho you right\nI wanna freak with you till the morning light\nSho you wrong, sho you right\nUp and down, round and round (yeah)\nSho me wrong, sho you right\nBaby, won\u2019t you come with me\nAnd we gon\u2019 have a party tonight\n\n[Bridge]\nYou\u2019re so dedicated, and elated, celebrated\nBeen through so much, so much\nBut yet we made it\nYou\u2019re so bad, you\u2019re so fly\nAnd I know why\nYou blow my mind\nYou\u2019re one of a kind\nYou\u2019re more than a dime\nYou\u2019re fine\n\n[Chorus]\nSho you wrong, sho you right\nYou ain\u2019t sum\u2019 wrong\nThink you just the kind I like\nSho you wrong, sho you right\nI wanna freak with you till the morning light\nSho you wrong, sho you right\nUp and down, round and round\nSho me wrong, sho you right\nBaby, won\u2019t you come with me\nAnd we gon\u2019 have a party tonight\n\n[Outro]\nUp and down, round and round you go\nAnd we gon\u2019 have a party tonight\nUp and down, round and round you go\nAnd we gon\u2019 have a party tonight\nUp and down, round and round you go\nAnd we gon\u2019 have a party tonight\nUp and down, round and round you go\nAnd we gon\u2019 have a party tonight", "image": "https://images.genius.com/6a211625bd0f5b5e08154b6e1059e3fa.640x640x1.jpg"}], "artist": "Snoop Dogg"}