{"songs": [{"title": "Just Dippin'", "album": "No Limit Top Dogg", "year": "1999-05-11", "lyrics": "[Snoop]\nYeah, uhh\nWanna say whattup to all them riders\nAll them siders, all them gangstas, and all them beotches\nYeah, we keep it gangsta\nYeah, we keep it gangsta\n\nDippin down Long Beach Coulevard\nI only rides with my Doggs\nAnd I don't give a fuck about none of y'all\nI'm ridin til the wheels fall off\nI only rides with my Doggs\n\n[Dr. Dre]\nDippin down Compton Boulevard\nI only rides with my Doggs (say what)\nI don't give a fuck about none of y'all (fuck y'all)\nI'm ridin til the wheels fall off\nI only rides with my Doggs\n\n[Snoop]\nBeware of the big mash, you knew he wasn't finished witcha ass\nHe'll stay on it til it's burnt out, looked how it turned out\nNuttin you can do, can't help you out\nSo fall down, Dr. Dre done fell back into the House (DPG)\nWith the Pound, bitches keep throwin pussy at us\nWe don't want it, yea bitch it don't matter\nIt's all about the money, if you got it, throw THAT up (throw it up)\nHmm, ride along witcha set (Eastsiiide)\nAnd watch us, you motherfuckers can't do that yet\nI skirt out, I hit a corner on ya, fuck doin halfway\nI do it to the fullest, I'll probably catch bullets on my last day\nI hope a prayer come through so I can eat\nMy shoes lookin like about a buck fifty each (but I ain't trippin)\nBut I'mma come up, that's on my momma\nNow that's on me, cause that's a burden on my momma\nAnd she done suffered, the shit's gettin rougher\nAnd when the goin get tough, the tough get a strap\nAnd low-ridin's on the map\nSnoop Dogg's #1 the whole Pound's got snaps (nigga)\nYeahh, tell me, have you seen us?\n\nBendin corners on gold Daytona's, we heated, so beat it\nHowever you want it, naw however you need it, we just dippin!\nBendin corners on gold Daytona's, we heated, so beat it\nHowever you want it, naw however you need it, we just dippin!\nBendin corners on gold Daytona's, we heated, so beat it\nHowever you want it\n\n[Dr. Dre]\nUhh, actin a fool, nigga done paid his dues\nAnd got my receipt in return, so I recline the leather seats\nWith a trunk full of beats and, chronic filled leafs to burn\nNo concern as I make a left turn on the 'Shaw (sup nigga?)\nOff of Jefferson, feelin awfully naked at the U-turn\nShit, left my gun, that's a no-no\nFuck Bernard Parks, I'm my own po'-po'\nNigga talkin dirty after dark, startin stuff\nMay have to mark up a nigga FUBU logo\nLettin off like a Ruger promo\nAnd even though I'm about the hoes, I never doubt the dulos\nYou know the rule goes, where there's a ho there's a hater\n(Fuck them niggas!) Well there's some hoes over there\nAnd I concentrate on the haters later (what?)\nGive these bitches numbers to the pager\nInvite em to the next Dre function as party favors\nWho said pimpin's hard labor?\n\n[Snoop]\nBendin corners on gold Daytona's, we heated, so beat it\nHowever you want it, naw however you need it, we just dippin!\nBendin corners on gold Daytona's, we heated, so beat it\nHowever you want it, naw however you need it, we just dippin!\nBendin corners on gold Daytona's, we heated, so beat it\nHowever you want it, naw however you need it, we just dippin!\n\n[Jewell]\nHeyyy, ohh yeah, ohh yeah\nBetter watch out, cause here we come\nAlways, dippin\nBetter watch out, cause here we come\nAlways, dippin\nBetter watch out, cause here we come\nAlways, dippin\nBetter watch out, cause here we come\nWe're always, dippin\nBetter watch out, cause here we come\nAl-always, dippin\nBetter watch out, cause here we come\nWe're always, we're dippin (dippin)\nBetter watch out, cause here we come\nIn them streets, dippin (dippin)\nBetter watch out, cause here we come\nHittin them corners, dippin (dippin)\nBetter watch out, cause here we come\n\n[Snoop]\nBendin corners on gold Daytona's, we heated, so beat it\nHowever you want it, naw however you need it, we just dippin!\nBendin corners on gold Daytona's, we heated, so beat it\nHowever you want it, naw however you need it, we just dippin!\nBendin corners on gold Daytona's, we heated, so beat it\nHowever you want it", "image": "https://images.genius.com/96262525a2f5c48018386a9b9ec0e619.500x498x1.jpg"}], "artist": "Snoop Dogg"}