{"songs": [{"title": "Head Doctor", "album": "Dead Man Walkin", "year": "2000-10-31", "lyrics": "Chorus:\nYou remind me of somebody\nI used to know, I used to know\n\nSnoop ***talkin w/ chorus***\nYa'll ain't even gonna believe this shit man\nRemember that bitch I had\nThat little light skined bitch\nYea this bitch was a trip\nYou know how she loved to sucked a niggas dick\nEvery once in a while this bitch got to the point to\nWhere she thought she was gonna be getting\nSome here and there\nI told her I wasn't tryin to have that\nAnd the bitch wipped out\nSo check this out\n\nVerse One: Snoop Doggy Dogg\n\nI'm at home, layin low\nEverything is everything waitin on my hoe\nI know its hard to imagne that a nigga on my status\nHad a night like tonight look here I'm glad\nCame to an end\nMy girlfriend slid into the bedroom with a woman\nCome in, is what she said closed the door and jumped in the bed\nBaby would of gave a nigga head insted of flippin and trippin\nI run along with the PG, hm\nAnd that's on DP\nI mean what could I say, what could I do\nAnything I say and do is a catch 22\nAnd I knew I had a clue\nOf some type of suspion\nTuesday night when I see you up at peanuts fishin'\nI wasn't really trippin\nAt first I wasn't gonna go dippin\nThen I said damn look at all these bitches\nI went inside couldn't believe my eyes\nSnatch up four fly bitches, time to ride\nTell by the earl pull the Bently in front\nHit me with a G thang, fuck a blunt\nRidin at the highway, thangs is going my way\nTell the bitches that we be goin to my place\nFellin like Teddy Pendagrass on the freeway\nGet my dick knocked off, in a G way\nYea they know the program is set\nAnd lovin each other and lovin my dick\nIt's a trip but I don't see nothin wrong with it\nSo you can work your thang which is Snoop\nAnd I'ma sip this drank, thank and recoop\nCuz when you close the bar down\nYou know what {you know what}\nBaby you a star know\n\nHook 2X: Snoop w/ chorus\nI can't fuck no head doctor\nI don't give a fuck even if the bitch is proper\nShe might be cute, she might be thick\nBut she will get G'd if she don't suck dick\n\nVerse Two: Swoop G\n\nMan I wanted to fly\nWhen it come to what these women say\nYou know I'm the coldest\nCuz I spit that shit you niggas thank\nLike proper, pimpin', prevence for preformances\nI have my baddest bitch go get my grip\nGo walk the strips, her ten toes touch the payment for mine\nYou know the time, cuz when it's time to make the payment  of mine\nMy bitch grind, make that G's stack come back and gimme that\nAll of that proper amount yea, my full count\nAnd now she wants to have sex with me\nI told her please sell my piece make my portion a fee\nAnd I'm put you in position for victory\nAs long as you follow directions carefully\nSo I flossed her for a month, nephew you know whats up\nI keep a bad broad servin that raw and uncut\nSo I send her up in peanuts for the trickin\nShe ran into this nigga and some bitches\nWho talkin bout he gone pay in a real way\nNo more be said, break off the big heads\nAnd you can get that, hit that, and split that\nBoss up muthafucka and you can pimp that\n\nHook: Swoop G w/ chorus\nI can't fuck no head doctor\nI don't give a fuck even if the bitch is proper\nShe might look cute, she might be thick\nBut she fuck with Swoop\nThe bitch gon get pimped\n\nI can't fuck no head doctor\nI don't give a fuck even if the bitch is proper\nShe mignt look cute, she might be thick\nBut she fuck with Swoop\nSo you know she gettin' pimped\n\n**Snoop & {Swoop} talkin**\n\nHook 2X: Snoop w/ chorus\nI can't fuck no head doctor\nI don't give a fuck even if the bitch is proper\nShe might be cute, she might be thick\nBut she will get G'd if she don't suck dick", "image": "https://images.genius.com/e7d84865e8d21f7778aa93228a899a2c.599x623x1.jpg"}], "artist": "Snoop Dogg"}