{"songs": [{"title": "Drop It Like It's Hot Edited Version", "album": null, "year": null, "lyrics": "[Intro] Scooooooooooooooooooooooop itup\nScooooooooooooooooooooop itup\n\n[Chorus - Snoop Dogg]\nWhen the pimp's in the crib ma\nDrop it like it's hot\nDrop it like it's hot\nDrop it like it's hot\nWhen the pigs try to get at ya\nPark it like it's hot\nPark it like it's hot\nPark it like it's hot\nAnd if a --- get a attitude\nPop it like it's hot\nPop it like it's hot\nPop it like it's hot\nI got the rolly on my arm and I'm pouring CHANDON\nAnd I poo out the best --- cause I got it going on\n\n[Verse - Pharrell Williams]\nUh! I'm a nice dude, with some nice dreams\nSee these ice cubes, see these Ice Creams?\nEligible bachelor, million dollar boat\nThat's whiter than what's spilling down your throat\nThe Phantom, exterior like fish eggs\nThe interior like suicide wrist red\nI can excercise you, this can be your Phys. Ed\nCheat on your man ma, that's how you get ahizzead\nKiller wit the beat, I know killers in the street\nWit the steel that'll make you feel like Chinchilla in the heat\nSo don't try to run up on my ear talking all that raspy ---\nTrying to ask me ---\nWhen my --- fill ya vest they ain't gon pass me ---\nYou should think about it, take a second\nMatter fact, you should take four beat\nAnd think before you --- wit lil skateboard P\n\n[Chorus]\nWhen the pimp's in the crib ma\nDrop it like it's hot\nDrop it like it's hot\nDrop it like it's hot\nWhen the pigs try to get at ya\nPark it like it's hot\nPark it like it's hot\nPark it like it's hot\nAnd if a --- get a attitude\nPop it like it's hot\nPop it like it's hot\nPop it like it's hot\nI got the rolly on my arm and I'm pouring CHANDON\nAnd I roll the best --- cause I got it going on\n\n[Verse - Snoop Dogg]\nI'm a gangsta, but y'all knew that\nDa Big Bo$$ Dogg, yeah I had to do that\nI keep a blue flag hanging out my backside\nBut only on the left side, yeah that's the --- side\nAin't no other way to play the game the way I play\nI cut so much you thought I was a DJ\n{*scratches*} \"two!\" - \"one!\" - \"yep, three!\"\nS-N double O-P, D-O double G\nI can't fake it, just break it, and when I take it\nSee I specialize in ALL THE GIRLS GETTIN NAKED\nSo bring your friends, all of y'all come inside\nWe got a world premiere right here, now get live!\nSo don't change the dizzle, turn it up a little\nI got a living room full of fine dime brizzles\nWaiting on the Pizzle, the Dizzle and the Shizzle\nG's to the bizzack, now ladies here we gizzo\n\n[Chorus]\nWhen the pimp's in the crib ma\nDrop it like it's hot\nDrop it like it's hot\nDrop it like it's hot\nWhen the pigs try to get at ya\nPark it like it's hot\nPark it like it's hot\nPark it like it's hot\nAnd if a --- get a attitude\nPop it like it's hot\nPop it like it's hot\nPop it like it's hot\nI got the rolly on my arm and I'm pouring CHANDON\nAnd I roll the best --- cause I got it going on\n\n[Verse - Snoop Dogg]\nI'm a Bad Boy, wit a lotta ---\nDrive my own cars, and wear my own clothes\nI hang out tough, I'm a real Bo$$\nBig Snoop Dogg, yeah he's so sharp\nOn the TV screen and in the magazines\nIf you play me close, you're on a red beam\nOh you got a gun so you wanna pop back?\n--- now ---, stop that!\nC mid shoes, now I'm on the move\nYou're family's crying, now you on the news\nThey can't find you, and now they miss you\nMust I remind you I'm only here to --- you\nPistol whip you, dip you then flip you\nThen dance to this --- music we --- to\nSubscribe ---, get yo issue\nBaby come close, let me see how you get loose!\n\n[Chorus]\nWhen the pimp's in the crib ma\nDrop it like it's hot\nDrop it like it's hot\nDrop it like it's hot\nWhen the pigs try to get at ya\nPark it like it's hot\nPark it like it's hot\nPark it like it's hot\nAnd if a --- get a attitude\nPop it like it's hot\nPop it like it's hot\nPop it like it's hot\nI got the rolly on my arm and I'm pouring CHANDON\nAnd I roll the best --- cause I got it going on\n\n[Outro]\nSnooooooooooooooop\nSnooooooooooooooop..", "image": "https://images.genius.com/8c99dd335733f9c3cf16f57c9f589cfb.361x361x1.jpg"}], "artist": "Snoop Dogg"}