{"songs": [{"title": "Ten Toes Down", "album": "COOLAID", "year": "2016-06-28", "lyrics": "[Excerpt from Paid In Full]\nA nigga like me man, I love the game, I love the hustle man\nI be feeling like one of them ball player niggas you know\nLike Bird, Magic or something\nYeah you know a nigga got dough a nigga can leave the league\nBut if I leave\u2026 the fans still gone love me man?\n\n[Hook]\nTold you I was bout to do it big, huh?\nCame in this game as a kid, huh?\nStill down Ten toes in this shit, huh?\nFirst nigga talk that crippin\u2019 to your kids, huh?\nFirst nigga talk that crippin\u2019 to your kids, huh?\nFirst nigga talk that crippin\u2019 to your kids, huh?\nStill down Ten toes in this shit, huh?\nKeep a shooter at the gate on my crib, huh?\n\n[Verse 1]\nI ain\u2019t do it, people said I did, huh?\nRap music ain\u2019t what's fuckin' up they kids, huh?\nGangster rap is fuckin\u2019 up the biz, huh?\nMy influence, something that I said, cuh?\nLike I\u2019m jewish, all about the bread, huh\nFrom the sewage, tryin\u2019 to get ahead, huh\nI\u2019m bout to do it, fuckin\u2019 up they head, huh?\nThese opportunist, fuckin\u2019 up they bread, huh?\nCorporate America stance is irregular\nReady Cuz, rap sheet, impeccable\nMulti plats, my past\nWhat we have here is unprofessional\nMy metal, undetectable, my style, unselectable\nNiggas runnin\u2019 they mouth thats unacceptable\n21st street, Long Beach 'til the death of you\n\n[Hook]\nTold you I was bout to do it big, huh?\nCame in this game as a kid, huh?\nStill down Ten toes in this shit, huh?\nFirst nigga talk that crippin\u2019 to your kids, huh?\nFirst nigga talk that crippin\u2019 to your kids, huh?\nFirst nigga talk that crippin\u2019 to your kids, huh?\nStill down Ten toes in this shit, huh?\nKeep a shooter at the gate on my crib, huh?\n\n[Verse 2]\nKeep shootin\u2019, thats what the people tell me, huh\nGet the biggest dope sack that you can sell me, huh\nAnd your homegirl do it, huh\nI make the whole world do it, huh\nAin\u2019t no limit to the dog and that's real talk\nI\u2019m the one that showed you how a real crip walk\nResume, document, G-File\nRecollect, reflect, and let me break it down\nTake it out the bag, lay it on the table quick\nCall my handlers, I handle and disable this\nTickin\u2019 time bomb, made crippin\u2019 look fun\nCan\u2019t walk around without your motherfuckin\u2019 gun, that's a no no\nReal hood redemption, my tiny Lokos is really on a mission\nNiggas runnin\u2019 they mouth thats unacceptable\n21st Street, Long Beach 'til the death of you\n\n[Hook]\nTold you I was bout to do it big, huh?\nCame in this game as a kid, huh?\nStill down Ten toes in this shit, huh?\nFirst nigga talk that crippin\u2019 to your kids, huh?\nFirst nigga talk that crippin\u2019 to your kids, huh?\nFirst nigga talk that crippin\u2019 to your kids, huh?\nStill down Ten toes in this shit, huh?\nKeep a shooter at the gate on my crib, huh?\n\n[Verse 3]\nDo anybody in the house remember?\nWhen it wasn\u2019t no Snoop Dogg? (Hell yeah!)\nIt wasn\u2019t no rappers talking\u2019 bout the LBC, am I trippin y'all?(Hell nah)\nSo its safe to say, I put it on the map, huh\nSo if you see me on the block, yeah, I\u2019m back, huh\nAnd if you don\u2019t think you know where I\u2019m at, huh\nYou wanna battle, little homie, get your racks up\nBoy you need to kit kat, make you niggas get back\nSplit you like a kit kat, the big homie did that\nRollin\u2019 like a rebel though, I\u2019m on a whole \u2018nother level though\nMy heart, my hair, My G, my seat, that part right there\nI\u2019m more than a rapper though, pure intellectual\nSmooth as a criminal, you hear me though?\n\n[Hook]\nTold you I was bout to do it big, huh?\nCame in this game as a kid, huh?\nStill down Ten toes in this shit, huh?\nFirst nigga talk that crippin\u2019 to your kids, huh?\nFirst nigga talk that crippin\u2019 to your kids, huh?\nFirst nigga talk that crippin\u2019 to your kids, huh?\nStill down Ten toes in this shit, huh?\nKeep a shooter at the gate on my crib, huh?", "image": "https://images.genius.com/a417abe2f61213b3db18f28de7cdbc86.1000x1000x1.jpg"}], "artist": "Snoop Dogg"}