{"songs": [{"title": "Bitches Ain't Shit", "album": null, "year": null, "lyrics": "Bitches ain't shit but hoes and tricks\nBitches ain't shit but hoes and tricks\nLick on these nuts and suck the dick\nGet's the fuck out after you're done\nAnd I hops in my ride to make a quick run\nBitches ain't shit but hoes and tricks\nLick on these nuts and suck the dick\nGet's the fuck out after you're done\nAnd I hops in my ride to make a quick run\nI used to know a bitch named Eric Wright\nWe used to roll around and fuck the hoes at night\nTight than a motherfucker with the gangsta beats\nAnd we was ballin' on the motherfuckin' Compton streets\nPeep, the shit got deep and it was on\nNumber 1 song after number 1 song\nLong as my motherfuckin' pockets was fat\nI didn't give a fuck where the bitch was at\nBut she was hangin' with a white bitch doin' the shit she do\nSuckin' on his dick just to get a buck or 2\nAnd the few ends she got didn't mean nothin'\nNow she's suing cause the shit she be doin' ain't shit\nBitch can't hang with the streets, she found herself short\nSo now she's takin' me to court\nIt's real conversation for your ass\nSo recognize and pass to Daz\nNow as I'm rollin' with my nigga Dre and Eastwood\nFuckin' hoes, clockin' dough up to no good\nWe flip flop and serve hoes like flap jacks\n(But we don't love them hoes) Bitch, and it's like that\nThis is what you look for in a ho who got cash flow\nYa run up in them hoes and grab the cash\nAnd get your dash on\nWhile you're chillin', with your homies and shit\nAnd how my niggas kick the anthem like this, bitch!\nBitches ain't shit but hoes and tricks\nLick on these nuts and suck the dick\nGet's the fuck out after you're done\nAnd I hops in my ride to make a quick run\nTo the store, to get me a 4-0\nSnoop Doggy Dogg paged, that must mean more hoes\nSo I head down the street to Long Beach\nJust so I could meet, a freak\nTo lick me from my head to my feet\nAnd I'm here, now I'm ready to be done up\nNothin' but homies around so I puts my gun up\nBitches on my nuts like clothes\nBut I'm from the pound and we don't love them hoes\nHow could you trust a hoe? (Why?)\n'Cause a hoe's a trick\nI don't love them tricks (Why?)\n'Cause a trick's a bitch\nAnd my dick's constantly in her mouth\nAnd turnin' them trick ass hoes the fuck out, now\nI once had a bitch named Mandy May\nUsed to be up in them guts like everyday\nThe pussy was the bomb, had a nigga on sprung\nI was in love like a motherfucker lickin' the pearl tongue\nThe homies used to tell me that she wasn't no good\nBut I'm the maniac in black, Mr. Snoop Eastwood\nSo I figure niggas wouldn't trip with mine\nGuess what? Got gaffled by one time\nI'm back to the motherfucking county jail\n6 months on my chest, now it's time to bail\nI get's released on a hot sunny day\nMy nigga D.O.C. and my homey Dr Dre\nScooped in a coupe, Snoop we got news\nYour girl was trickin' while you was draped in your county blues\nI ain't been out a second\nAnd already gotta do some motherfucking chin checking\nMove up the block as we groove up the block\nSee my girl's house, Dre, pass the Glock\nKick in the do', I look on the flo'\nIt's my little cousin Daz and he's fuckin' my hoe, yo (Bitches ain't shit)\nI uncocked my shit, I'm heart-broke but I'm still loc'ed\nMan, fuck a bitch!\nBitches ain't shit but hoes and tricks\nLick on these nuts and suck the dick\nGet's the fuck out after you're done\nAnd I hops in my ride to make a quick run\nBitches ain't shit but hoes and tricks\nLick on these nuts and suck the dick\nGet's the fuck out after you're done\nAnd I hops in my ride to make a quick run\n(Bitches ain't shit) I don't give a fuck about a bitch\nBut I and her know that they can't fade this\n'Cause I'm doing my own thing down with the swing\nI'm hangin' with Death Row like it ain't no thing\nI say you know can't deal\n'Cause I'm a bitch that's real\nMotherfucker need to step back, hell yeah\nThey need to chill\nBecause I don't give a fuck\nAnd I don't give a fuck\nAnd I don't give a fuck\nI don't give a fuck\nAnd now I gotta do some\nI gotta do some shit that's clean\nBut when I'm on a dick, hell yeah, I get real mean\nLike a washing machine\nI can wash the clothes\nAll the hoes knows\nThat I'm on the flow ho\nBut they can't hang with my type og swing\nI ain't tryin' to say I suck every ding-a-lang\nBut just the juicy ones\nWith he tip of the tongue\nAnd then their sprung\nWith the nuts hung\nBitches ain't shit", "image": "https://images.genius.com/8c99dd335733f9c3cf16f57c9f589cfb.361x361x1.jpg"}], "artist": "Snoop Dogg"}