{"songs": [{"title": "Ups & Downs", "album": "R&G (Rhythm & Gangsta): The Masterpiece", "year": "2004-11-16", "lyrics": "Every dog has it's day\n\nAnother dirty 9 inch dick classic, yeah\nYeah yeah yeah yeah yeah yeah...\nGirrrrl... As I sit here sit here thinkin' to myself\nThere is no one for you but me and I mean that\nAnd I've think about all the things we been through\nLike all gettin' fightin' for example\nYou know the love we have for each other\nIt tends to out weight what we would do to one another\nYou know my grand daddy used to always say\nYou know he used to say it like this..\n\n[Hook]\nThere will be ups and downs, smiles and frowns\nShare with me fairy tales or make-believe\n\n[Verse 1: Snoop]\nWhat up motherfuckers, this is Snoop Dogg\nI'm tryin' to figure out how the fuck I'mma do y'all\nHangin' with my homie from the turf, that's young q-ball\nGivin' me the words on the street heres to scoop y'all\nThe niggas from the East Sidaz are split up (split up)\nAnd one of 'em try to fuck your shit up (what?)\nNah cuz, don't believe that - that's my nigga for life\nI'm out with the bullshit, I mean with the real shit\nI'm at the church doing work, spittin' game for the pulpit\nAnd that's the bidness and God is my witness\nLBC, 213, hell yeah we in this - It's so relentless\nAnd all my dogs up against the life sentence\nI love y'all like I love no bitch and that's real shit\nOn some Crip shit - homie dig this\n\n[Hook 2X]\n\n[Verse 2: Snoop]\nI used to have a lot broads that I don't fool with\nI used to have a lot homeboys I ain't cool with\nA lot of people that nigga went to school with\nHappy as hell to see the big dog doin' it\nBut would none of them believe it though (What?)\nThat I would be bigger than Kurtis Blow\nI guess he was right these are the breaks\nDespite my mistakes and aches I'm getting cake\nTo realize your fate through faith\nCause we all gonna get that day (For what?)\nTo see if our lives was straight\nAnd see if we would be able to walk through the pearly gates (Yeah?)\nTo see the man upstairs on some real talk homie\nI'm tired of bein' stuck here\nIf I could I would fly to moon (zoom)\nY'all probably think I'm trippin' off these mushrooms\nI know\n\n[Hook 4X]\n\nNow, as I think back to the words my grand daddy used to say\nI've never seen him in church, but he always had the word\nHe always would tell me; \"sometimes you gotta take the good with the bad\"\n\"You gotta to do bad in other to do good\"", "image": "https://images.genius.com/e3b5bf4000c3dd40d3fb0787ef072d13.220x225x1.jpg"}], "artist": "Snoop Dogg"}