{"songs": [{"title": "You Thought", "album": "Tha Doggfather", "year": "1996-11-12", "lyrics": "[Jewell]\nBaby Do You Smoke enough, smoke enough, smoke enough, smoke enough bud!\n\n[Intro: DJ E-Z Dick]\nThat's right, that's right\nDo yo' thang baby, do yo' thang huh\nAh ha ha, yeah... And it don't quit\nBut bitch please get yo' hand off my grip\nNow that's right... and it don't stop right here on W-Ballz\nNothin' but a come up - the real Mackadosious, the real McCoy\nThat's right, DJ E-Z Dick\nThis one is strictly for the pimps, players, true money makers\nNothin' but a players ball right here on W-Ballz\nPimp fun under the sun, that's right we doin' it live\nWith Soopafly, Too $hort, and my main man Doggy Dogg\n\n[Soopafly]\nI had this bitch locked on to me like she was way too clever\nMan, Soopafly never ever ever\nFell for the do-low, and you know I'm -\nToo swift on my toes and it gives a pose\nIt's too much for me to be givin' to you\nUh, all I'm givin' is some dick in you\nNow she agreed, I told the bitch to blaze the weed\nNow she blazed it but that ain't all she blew\nHey, I got knocked off on the bar\nIn my room, got knocked off in the car\nGave it to me until I reached my peak\nBaby flipped, talkin' 'bout lovin' me in the week\nI said that's too damn quick and that's too damn fast\nYou've been givin' up too much cock and givin' up too much ass\nNah nah nah, you ain't gettin' me like that...\nSoopafly ain't even called the bitch back\nEver since she tripped, I went on one\nStepped in the club, caught me a homerun\nBaby was bad and all, she said \"give me a call\"\nI wanted to break that bitch like a law\nPicked her up at the bus stop, she was soft and smooth\nTalkin' 'bout what could pop out and hit the groove\nThen she said somethin' about the cost\nMan, that same bus stop is where I dropped that bitch back the fuck off\nYou can't ride my bird, so I kicked that bitch to the curb\nYou best to believe...\nYou ain't got no trick up your sleeve that can get with your weave\n\nYou thought you had my grip\nBut Soopafly never ever slips\nYou thought you had my cash\nTil' I turned around and whooped yo' ass\n(like a pimp, and that's for real)\n\n[Snoop Doggy Dogg]\nI came through in a zoot suit, pin stripe, lookin' too cute\nTryin' to get my shoot on, so I'm a scoot on -\nOver to the next bitch, say her name is Texas\nShe fly but she wasn't the sexiest\nShe had a ho with her named 'Bama, short for Alabama\nA big bad mama-jamma, now look here\nI like big bitches cause they large\nAnd big bitches always take charge\nWanna grab a skinny nigga like Snoop Dogg\nCause you like it tall, go and work it baby doll\nNow a great big girl got a hell of a grip to grab a hold of\nGot a lot of cash for a little love\nAll they wanna do is take you down to the mall\nFloss a little bit and get a t-shirt that say Ms. Snoop Dogg\nI don't see a god damn thang that's stoppin' you from buyin' me that god damn ring\nIt'd look nice on my finger, I'ma buy you a zinger\nCause you make me feel like a real hip-hop singer\nYour homegirl - bring her, cause I've been dyin' to meet her\nYou know I won't cheat her, don't mistreat her\nShe only get the dick, I'll never ever eat her\nBut I'll drop her ass cause you know I don't need her...\nIt was fun while it lasted\nYou know what they say, big things come in small packages baby\n\nYou thought you had my grip\nBut Snoop Dogg never ever slips\nYou thought you had my cash\nUntil I turned around and whooped yo' ass\nTrick beyotch\n\n[Too $hort]\nI said beyotch, what are you smokin'\nA big fat dick comin' from East Oakland\nThere must be some kind of misunderstandin'\nHit the parking lot, bitch I'll be standin' by the Benz\nYou think a nigga rich, bitch\nGold diggin' tramps tryin' to get with this dick\nFor all the wrong reasons\nNiggas ain't trickin' durin' pimp season\nBut you still jumped your fast ass in anyway\nIf any other nigga picked you up it'd be payday\nI rolled to my house with the bitch\n(What'd you do $hort?) Introduced her mouth to my dick\nGlad to meet ya, make yourself comfortable\nYou fuckin' with a dogg bitch, you ain't fin' to come up ho\nSo you might as well enjoy the ride\nAnd serve this nigga from the Eastside\nNot much for the game that I'm sellin'\nAin't no tellin' like Jack told Helen\nI know sex sells but I'ma tell you though\nCan't spend on shit that ain't valuable\nFucked all night, woke up the next mornin'\nTold her I'm a pimp but the bitch kept on\nWantin' me to do somethin' for the time she spent\nIt's funny, cause now she can't find the rent money\n\nYou thought you had my grip\nBut Too $hort never ever slips\nYou thought you had my cash\nUntil I turned around and whooped yo' ass\n(trick beyotch)\n\nI got family members, homeboys\nMotherfuckers I look out way before you...", "image": "https://images.genius.com/ecb7c80ab44a68c9d33f60b5fccd0a70.1000x1000x1.jpg"}], "artist": "Snoop Dogg"}