{"songs": [{"title": "You Betta Ask Somebody", "album": null, "year": null, "lyrics": "Intro:\n\nGood morning boys and girls\nI'm your substitute teacher, Mister Buckworth\nThe topic fo' today is, ''What you wanna be when you grow up?''\nYou, over there in the jean shirt, what you wanna be when you grow up?\n\n- I wanna be a police officer\nAlright, that's a pretty good profession\n\nYou over there in that black shirt\nWhat you wanna be when you grow?\n\n- I wanna be a fireman\nAlright, that's a pretty good profession too\n\nYou, back there in those french braids, what's yo name?\n- My name is Snoop\n\nAlright Snoop, what you wanna be when you grow up?\n- I wanna be a motherfuckin' hustla, ya betta ask somebody!", "image": "https://images.genius.com/8c99dd335733f9c3cf16f57c9f589cfb.361x361x1.jpg"}], "artist": "Snoop Dogg"}