{"songs": [{"title": "Gin And Juice 2", "album": "Death Row Greatest Hits", "year": null, "lyrics": "Ahh-haaa\nGet your motherfuckin' glass\nCus it's a blast from the past\nYou didn't think would touch it two times nigga\nGin and Juice up in this bitch, yahhh\nSome of that Beats By the Pound flavor, you feel me (you heard me)\nGet your ice, get your cups, Cus we about to get fucked up in here\nYah (yah), Straight up, Uhmm (uhmm), Yah (yah)\n\nI'm still smokin', driftin', swifta than a mothafucka\nTwisted off a cup of that 'ole ignat juice\nHeated in the seat cup fulla drank\nBeatin' up the block in the dark blue tank\nBullet proof vest on my chest for the cause\nDiggin' in my draws for dem muthafuckin' laws\nHarrassin' a nigga, blastin' a nigga\nI ain't seen shit, so why you askin' nigga\nTo fucked up off that G-I and juice\nC-I get loose, nigga what chall wanna do\nI got a crew, but I choose to roll solo\nEspecially on Sundays dippin' in my low-low\n??? Spot for the Glock, I ain't fuckin' with the hen dogg\nSo toss out the ???\nPut my shit on three wheels for thrills\nI hit a corner and make sure my drink don't spill, that's real\n\n[Chorus]\nRollin down the street, smokin indo\nSippin' on Gin and Juice\n(Laid Back) With my mind on my money and my money on my mind\n\nNow trip dis', I'm on Interstate 10 fuckin' with this Creole\nShe said she knows NINO, now stop me loc\nCup of that Gin and Juice, I blank a bitch out\nThen turn the bitch out, look here\nThere ain't no need for you to be wastin' my time\nSee I picked you up, now I'm gunna stick you up, And dick you up!\nGive you what you need, then bring you back down to reality\nWith that California weed, she seemed trouble at first\nAnd then it got worse, cus now I got my hand up and down her mini-skirt\nTwerkin' that shit while riddin' up the highway\nDoin' it my way, hella highway, the fly way\nSwervin' in another lane, tryin' to maintain\nAnd baby girl steady takin' dick to the brain\nNow it ain't no thing, cus she swallowed it up\nThen she wanted to take a puff, I said \"Look here bitch you've had\nEnough\"\n\n[Chorus x2]\nSomebody say, I wanna get fucked up\n(Say What, Say What)\nCome on, Now\nEverybody say, I wanna get fucked up\n(What Chew Say, What Chew Say) YAH\n\nI'm hopped by the ice cream shop, The cops saw me, stopped me, heard me\nWere's Serv-D, well serve me, since you got that big bad ass dangle\nNigga you know I'm know for havin' that big ass bank\nTryin' to find all your dope, cus your a smoker\nI'll find that indo weed even when I'm on the East Coast\nCus times gettin' hard on the boulevard, but I refuse to loose ?!?!?!\nLil' Jimmy's sent me something, I need to cop something\nGot Some (Got Some), I know you got some\nNigga stop frontin', get at your boy\nHook it up like Master P (Ughh)\nWould it be a tragedy to fill me the best weed\n\n[Chorus x2]", "image": "https://images.genius.com/9b791e9e8865e577e788752e38145914.1000x1000x1.jpg"}], "artist": "Snoop Dogg"}