{"songs": [{"title": "Can U Control Yo Hoe", "album": "R&G (Rhythm & Gangsta): The Masterpiece", "year": "2004-11-16", "lyrics": "[Intro] (talking)\nNiggas, get ya Miller Genuine Draft, cause it's Miller Time\nWe 'bout to go hard on these hoes with this one right here\n\n[Hook]\nCan you control yo ho?\nYou got a bitch, that won't do what you say\nYou can't control yo ho\nShe hard-headed and she just won't obey\nCan you control yo ho?\nYou got to know what to do and what to say\nListen\n\nYou got to put that bitch in her plaaacce\nEven if it's slappin' her in her face\nYou got to control yo ho..\n\nCan you control yo ho?\n\n[Verse]\nI went to your house\nYour girl came in and started cussin' you out\nYou shoulda slapped her in her face\nI wanted to tell you, but it wasn't my place\nI kept on the low\nCause I knew that you was gonna check that ho\nBut you were quiet as a mouse\nMade me start to think that it wasn't your house\nCause she was acting like a nut\nYou got the kind of bitch that will kick your butt\nWhat kind of pimp holds back\nNever met a bitch that a pimp can't slap\nWhat's wrong with the pimpin'\nWhy you gettin' a whippin'\nAll I see is simpetttes\n\n[Hook]\nCan you control yo ho?\nYou got a bitch, that won't do what you say\nYou can't control yo ho\nShe hard-headed and she just won't obey\nCan you control yo ho?\nYou got to know what to do and what to say\nListen\n\nYou got to put that bitch in her plaaacce\nEven if it's slappin' her in her face\nYou got to control yo ho..\n\nCan you control yo ho?\n\n[Hook]\nThis is what you made me do\nI really didn't wanna put hands on you\nBut, bitch you playing with fi-ire\nI'm so sick and ti-ired\nOf loud mouth bitches like you\nA nigga had to go and put tips on you\nCause bitch you playing with fi-ire\nI'm so sick and ti-ired\n\nThis is what you made me do\nI really didn't wanna put hands on you\nBut, bitch you playing with fire\nI'm so sick and tired\nOf loud mouth bitches like you\nSo a nigga had to go and put tips on you\nCause bitch you playing with fire\nI'm so sick and tired\n\n[Hook]\nCan you control yo ho?\nYou got a bitch, that won't do what you say\nYou can't control yo ho\nShe hard-headed and she just won't obey\nCan you control yo ho?\nYou got to know what to do and what to say\nListen\n\nYou got to put that bitch in her plaaacce\nEven if it's slappin' her in her faaace\nYou got to control yo ho..", "image": "https://images.genius.com/22daab0632e506300bab596c589dcfb2.1000x1000x1.jpg"}], "artist": "Snoop Dogg"}