{"songs": [{"title": "I Wanna Rock (The Kings G-Mix feat. Jay Z)", "album": null, "year": null, "lyrics": "Snoop Dogg, Snoop Dogg, Snoop Dogg\nWanna rock right now, rock, rock right now\n(Hey, hey, hey, hey)\nI wanna rock right now, rock, rock right now\n(Hey, hey, hey, hey)\n\nIt's ya Eastside partner, Big Snoopy D-O\nTurned like D-Lo, catch me on your TiVo\nLong Beach with me, the city and the turf, chump\nGet turf stomped, fuckin' with the turf punk\n\nI'm geeked up, I'm on my tip ho\nTurn it up bitch, what you here for?\nI'm goin' all in, that's what I do\nMy little niggas jerkin', what's up with you?\n\nThis little rappin' ass, niggas tappin' out\nI'm almost twenty in, the fuck you rappin' 'bout?\nMy niggas peeled-up, the homies growin' big\nI'm all in the club rollin' twenty crip\n\nYou see a G, you better know the deal\nYou see the fellas, fool? I'm in the streets for real\nI'm kickin' on these ho's, do 'em like dominoes\nI slam 'em on they back, and tell 'em vamanos\n\nI wanna rock right now, rock, rock right now\nI wanna rock right now, rock, rock right now\nI wanna rock right now, rock, rock right now\n(Snoop Dogg)\nI wanna rock right now, rock, rock right now\n(Snoop Dogg, Snoop Dogg)\n\nI wanna rock right now, rock, rock right now\n(Hey, hey, hey, hey)\nI wanna rock right now, rock, rock right now\n(Hey, hey, hey, hey)\n\nI see 'em comin' huh, that's what I heard 'em said\nThe .38 the same color's the Chevrolet\n501s' on, gangsta lookin' good\nI'm in the club holmes, chuckin' up the hood\n\nWe the West boy, yeah, you see the shirt\nSmokin' on that Kobe, fuckin' wit that purp\nI gotta get 'er man, baby hella thick\nShe said her name was Seven, call me Michael Vick\n\nCause I'm a dog, hoe, give 'em the dick and dash\nFuck whatchu called fo', if I ain't hit that ass\nI'm Snoopy D-O-Dubb, I get it poppin' cous'\nAnd when I'm in the buildin', they get to poppin' up\n\nThey get to spendin' cash, screamin' T-I-U\nNow gon' turn it up, lil' mama look at you\nI'm giggin' on these ho's, do 'em like dominoes\nAnd slam 'em on they back, and tell 'em vamanos\n\nI wanna rock right now, rock, rock right now\n(Snoop Dogg)\nI wanna rock right now, rock, rock right now\n(Snoop Dogg, Snoop Dogg)\n\nI wanna rock right now, rock, rock right now\n(Hey, hey, hey, hey)\nI wanna rock right now, rock, rock right now\n(Hey, hey, hey, hey)\n\nBoss Dogg chillin', lookin' like a million\nYeah, nigga got it, I'ma leave it to my children\nTonight I'm on some other shit, and baby lovin' it\nHella fast, grip they ass like the oven mitt\n\nI'm gooned up, boy, rich as fuck, boy\nBlack and gold brakes, that's my truck, boy\nI'm on my Eastside, shit, I'm workin'\nI got the party goin' and it's jerkin'\n\nMy niggas all long, we rollin' out deck\nHo's gettin' in, you better pick a bitch\nCause when I shut it down, the party's over wit\nShe call me Superman, I'm on my soulja shit\n\nBoss Dogg, get 'em, I sick 'em and take 'em home\nWest Coast bitch, I'm on my fuckin' throne\nI'm giggin' on these ho's, do 'em like dominoes\nAnd slam 'em on they back, and tell 'em vamanos\n\nI wanna rock right now, rock, rock right now\n(Snoop Dogg)\nI wanna rock right now, rock, rock right now\n(Snoop Dogg, Snoop Dogg)\n\n(Hey, hey, hey, hey)\nI wanna rock right now, rock, rock right now\n(Hey, hey, hey, hey)\nI wanna rock right now, rock, rock right now\nI wanna rock right now", "image": "https://images.genius.com/8c99dd335733f9c3cf16f57c9f589cfb.361x361x1.jpg"}], "artist": "Snoop Dogg"}