{"songs": [{"title": "Super Crip", "album": "COOLAID", "year": "2016-07-01", "lyrics": "[Intro]\nTurn me up, turn me up\nJust Blaze\n\n[Verse 1]\nWhat's up, what's happening?\nBig Snoop in this bitch, get it crackin'\nDickies creased up and they saggin'\nGat in the right side, left side flag\nNiggas running at the lip again\nGot me feelin' I'ma trip again\nAnd you thought I wasn't listenin'\nBitches talking shit, got me walkin' like a Crip again\nGotta hit you with the re-up\nI'm married to the streets, fuck a prenup\nAyy lil' nigga roll the weed up\nDrank in my cup, we about to get G'd up\n\n[Interlude]\nLong Beach on my right side\nCPT on my left side\nI got Watts in this bitch\nIt be dogs from the 'jects still screaming out West Side\nLong Beach on my right side\nCPT on my left side\nI got Watts in this bitch\nTiny loccs from the third and they screaming out East Side\n\nBitch niggas still bang on 'em\n50 Cal shots, let it rang on 'em\nAnd if a square ass nigga tried to get up in my circle\nWe gon' have to put them thangs on 'em\nBitch niggas  still bang on 'em\n50 Cal shots, let it rain on 'em\nAnd if a square ass nigga tried to get up in my circle\nWe gon' have to put them thangs on 'em\nStill say fuck 'em cause ain't no love for 'em\nTell 'em come and see me, I got a slug for 'em\nBut then again I ain't brainless\nI'll have my little loccs hit you with the stainless\nStill say fuck 'em cause ain't no love for 'em\nTell 'em come and see me, I got a slug for 'em\nBut I ain't tryna make ya famous\nI'll have my tiny locos hit you with the stainless\n\nBitch you know who I be\nD-O double G, super C-R-I-P\nCreepin' through the fog\nAnd steppin' through the smog\nAnd you know I'm high as shit\nAnd my bitches fly free\nShit you know who I be\nD-O double G, super C-R-I-P\nCreepin' through the fog\nAnd steppin' through the smog\nAnd you know I'm high as shit\nAnd my bitches fly free\n\n[Hook]\nSuper Crip, what?\nSuper Crip, who?\nSuper Crip, what?\nSuper Crip, who?\nSuper Crip, what?\nIt's still 187 if you bitch niggas wanna trip, who?\nSuper Crip, what?\nSuper Crip, who?\nSuper Crip, what?\nSuper Crip, who?\nSuper Crip, what?\nIt's still 187 if you bitch niggas need that\n\n[Verse 2]\nIt's enough of that to go around\nReal G's make the hood go 'round\nKeep the planet spinnin' on it's axis\nHow is he so hood? How can you ask this?\nI guess you can say I put in practice\nOn the strip, under lights, now I'm back bitch\nAnd even if I'm blown on my own\nWith the chrome to your dome\nMake you stretch like elastic\nI need my real G's to the left\nBitch niggas staying to the right\nI need my hoes front and center\nHard on these hoes from the Summer to the winter\nSpring to the Fall, hoes still on my balls\nIt's the number one nigga from the hood  Doggy Dogg\nStill pull up on a nigga when I need to be heard\nI'm a killer and a stealer, but I ain't from Pittsburgh\nReal shit on the set, I get your whole clique served\nYou best observe, a B chalked out on the curb\nWith your momma and your people sayin' \"Supercrip did it\"\nThey won't testify, so he got away with it\nNow I'm sttin' on my throne, on my Bat phone\nI'm talkin' to Iron man, while smokin' some fire, man\nLook up in the sky, it's a bird, it's a plane\nWalkin' through the clouds with a Crip stick cane\n\n[Hook]\nSuper Crip, what?\nSuper Crip, who?\nSuper Crip, what?\nSuper Crip, who?\nSuper Crip, what?\nIt's still 187 if you bitch niggas wanna trip, who?\nSuper Crip, what?\nSuper Crip, who?\nSuper Crip, what?\nSuper Crip, who?\nSuper Crip, what?\nIt's still 187 if you bitch niggas need that", "image": "https://images.genius.com/a417abe2f61213b3db18f28de7cdbc86.1000x1000x1.jpg"}], "artist": "Snoop Dogg"}