{"songs": [{"title": "Freaky Tales", "album": "In Tha Beginning... There Was Rap", "year": null, "lyrics": "Artist: Snoop Doggy Dogg\nAlbum:  In Tha Beginning... There Was Rap\nSong:   Freaky Tales\n\nThese are the tales, the freaky tales\nThese are the tales that I tell so well\nThese are the tales, the freaky tales\nThese are the tales that I tell so well\nI met this girl, her name was Joan\nShe loved the way I rocked on the microphone\nWhen I met Joan, I took her home\nShe was just like a doggie all on my bone\nI met another girl, her name was Ann\nAll she wanted was to freak with a man\nWhen I met Ann, I shook her hand\nWe ended up freakin by a garbage can\nThe next young freak, I met was Red\nI took her to my house and she gave me head\nShe like blowin dicks, is all she said\nWe jumped in the sheets and we broke my bed\nThere's another girl, her name is Sherry\nYou talk about sex and the girl acts scary\nI heard she was freakin from my big brother Jerry\nTook her to my crib and I popped that cherry\nYoung and tender, sweet Denise\nGet her in the bed and the girl's a beast\nI tell you homeboy if you get a piece\nShe'll only start talkin bout signin a lease\nI met a young tender, her name is Lori\nAn X-Rated movie wouldn't tell her story\nShe had a twin sister, her name was Lisa\nAnd just like Lori she's a real dick pleaser\nMy girlfriend's name, was Michelle\nHer booty was bigger than the tail on a whale\nWhen I freaked Michelle, I freaked her well\nHer pussy got hotter than the flames of Hell\nI G'd this girl, her name was Tammi\nI didn't wanna do it cause the bitch was ?flantly?\nShe had a best friend, her name was Janet\nI pulled her to the side and I spit that game\nI had a lot of freaks, in my lifespan\nI freaked one night, with this girl named Pam\nThe very next day, I saw her with her man\nOne week passed, and I was in her again\nI had an old tender, her name's Jeanine\nShe was thirty-eight and I was only seventeen\nShe likes to freak, she's just a fiend\nIt really didn't matter when I saw her in jeans\nI want a big freak, fat and sloppy\nI kick on back, and watch the ho just mop me\nTwo tons of fun, Big Mad Magenta\nA country broad from Alabama\nI met this freak, her name was Beth\nHer pussy got wet and it smelled like death\nI was tired as Hell, I was drippin sweat\nBut I was all up in her tryin to hold my breath\nBake, and, shake, ups\nI met this freak in Vegas\nShe she said her name was Don-na\nShe was a ?belt? lil' freak from Chi-na\nI said, \"I don't pimp, or gigolo\nI'm havin so much paper I don't need a ho\nYou can break yourself, but you can't break me\nYou never met a player like Snoop baby\"\nI knew a dick sucker named Betty Joe\nI took her to my house and we did it on the flo'\nThe girl got freaky let me tell you mo'\nShe was down on her knees, beggin to blow\nShe's like another freak, named Renee\nYou get her all alone and she'll make your day\nLike Burger King, she knows the play\nAnd with a freak like Renee you can Have It Your Way\nThese are the tales, the freaky tales\nThese are the tales that I tell so well\nThese are the tales, the freaky tales\nThese are the tales that I tell so well!", "image": "https://images.genius.com/fe8aada78f9aa9e48b6c14b0b7ee2fd9.301x300x1.jpg"}], "artist": "Snoop Dogg"}