{"songs": [{"title": "Swivel", "album": "Neva Left", "year": "2017-05-15", "lyrics": "[Hook: Stresmatic & Snoop Dogg]\nI can send a missile\nI got my head on a swivel, swivel\nI got my head on a swivel\nEyes peeled when I wiggle\nI got my head on a swivel, swivel\nI got my head on a swivel\nThis is not a starter pistol (No, no)\nI got my head on a swivel, swivel (Yeah)\nI got my head on a swivel\nIf you need me just whistle\nI got my head on a swivel, swivel\nI got my head on a swivel\n\n[Verse 1: Snoop Dogg]\nFrom the depths of the sea\nBlowing trees in the big leagues\nI got a plan, I'm going ham on all you DBs\nYou better double me up, safety cover me up\nSingle coverage won't work boy, I'll burn him up\nGive me the damn ball, move the chains at the same time\nDressed to impress when it's game time, flame mine\nI'm wide open, hoping, scoping out the scene\nCatch a quick screen, cake walk on your whole team\nWill he beam, will he run,  will he walk, talk, or will he lean\nI need riders and goons when I build a team\nI get it cracking with the snap of the wrist\nIt's nothing less than a championship, now peep this\n\n[Pre-Hook: Snoop Dogg]\nCall a few plays then break the huddle\nCheck that D, they in the zone no rebuttal\nI can throw a strike down the pipe about 80\nHand full of rings, I'm shady like Brady\n\n[Hook: Stressmatic & Snoop Dogg]\nI can send a missile\nI got my head on a swivel, swivel\nI got my head on a swivel\nEyes peeled when I wiggle\nI got my head on a swivel, swivel\nI got my head on a swivel\nThis is not a starter pistol (No, no)\nI got my head on a swivel, swivel (Yeah)\nI got my head on a swivel\nIf you need me just whistle\nI got my head on a swivel, swivel\nI got my head on a swivel\n\n[Verse 2: Snoop Dogg]\nI'm in full beast mode, too cold to be cut down\nLifting weights, staying in shape, won't be shut down\nAntonio Brown or Julio Jones\nOne on each side, now who do you zone\nThey on me like a bloodhound cause I won't go down\nIt's like a merry-go-round the way I'm bending my routes\nI'm so sick with this, they can't stick me\nStick to to this\nSports Illustrated, get a flick of this\nLost him, cross him, quarterback toss\nHighest point homie had the Randy Moss him\nOne hand as I shook him off me\nSome OBJ with a dab of that DJ coffin, get off me\n\n[Pre-Hook: Snoop Dogg]\nCall a few plays then break the huddle\nCheck that D, they in the zone no rebuttal\nI can throw a strike down the pipe about 80\nHand full of rings, I'm shady like Brady\n\n[Hook: Stressmatic & Snoop Dogg]\nI can send a missile\nI got my head on a swivel, swivel\nI got my head on a swivel\nEyes peeled when I wiggle\nI got my head on a swivel, swivel\nI got my head on a swivel\nThis is not a starter pistol (No, no)\nI got my head on a swivel, swivel (Yeah)\nI got my head on a swivel\nIf you need me just whistle\nI got my head on a swivel, swivel\nI got my head on a swivel\n\n[Verse 3: Snoop Dogg]\nIf you play wing back, slot end, or receiver\nYou got to outwork your opponent or you won't receive a\nPass from the quarterback cause he's under pressure\nThey get a couple 1DB's about to press up\nLooking apart from the start, on the dress up\nCoach on the play, I'm hoping that he don't mess up\nAyy back up off me, you playing me close\nYou bout to be hot buttered on a breakfast toast\nI rock it out and find my way into the endzone\nA couple cheerleaders want to be in my friendzone\nI tell 'em \"Cool,\" I keep my head in the game\nCause I'm ahead of the game and I'm a veteran man\n\n[Pre-Hook: Snoop Dogg]\nCall a few plays then break the huddle\nCheck that D, they in the zone no rebuttal\nI can throw a strike down the pipe about 80\nHand full of rings, I'm shady like Brady\n\n[Hook: Stressmatic & Snoop Dogg]\nI can send a missile\nI got my head on a swivel, swivel\nI got my head on a swivel\nEyes peeled when I wiggle\nI got my head on a swivel, swivel\nI got my head on a swivel\nThis is not a starter pistol (No, no)\nI got my head on a swivel, swivel (Yeah)\nI got my head on a swivel\nIf you need me just whistle\nI got my head on a swivel, swivel\nI got my head on a swivel\nA swivel", "image": "https://images.genius.com/60bf707949edab977c5ad8da61ef82a2.1000x1000x1.jpg"}], "artist": "Snoop Dogg"}