{"songs": [{"title": "Check Yo Self (Snoop Dogg G-Mix)", "album": "Snoop Dogg Presents: The West Coast Blueprint", "year": "2010-02-23", "lyrics": "[Intro: Snoop Dogg + Hustle Boyz]\n1500, let's take 'em back\nYeah, Bigg Snoop Dogg\nHustle Boyz\nYou better check yo self before the wreck yo self (Yeah)\nWest Coast\nSo come on and chickity-check yo self before you wreck yo self\nReal talk lil homie, finna check yo self fool\n\n[Verse 1: Snoop Dogg]\nYou better check yo self before you wreck yo self\nCause I'm bad for ya health, I come real stealth\nDroppin' bombs on ya moms, kill car alarms\nDo a foul crime, I'm the brother with the alpine\nSo down for our sets though, always let tricks know\nAnd friends know, we got the indo\nYo, I'm not a sucka, sittin' in the house of pain\nAnd no I'm not the butler, I'll cut ya\nHeadbutt ya, just so you can't touch this\nAnd I wouldn't touch ya punk, youse a sucka\nHere to let you know boy, oh boy\nI make dope, but don't call me dopeboy\nThis ain't no kind of motion picture\nI've got a trick-a, the homie get witcha\nAnd hit ya, crankin' that yak to the neck\nSo ya better run a check\n\n[Chorus: Hustle Boyz]\nCome on and chickity-check yo self before you wreck yo self\nChizzy-check yo self before you wreck yo self\nCome on and chickity-check yo self before you wrickity-wreck yo self\nCause shotgun bullets is bad for ya health\n\n[Bridge: Snoop Dogg + Hustle Boyz]\nChickity-check, yeah\nWest Coast\nChickity-check, yeah\nMmm...yeah, better check yo self fool\nYeah, you too...bitch\n\n[Verse 2: Snoop Dogg]\nTricks wanna step to Snoop and then they get played (why?)\nCause they trick-made, pullin' out a switchblade\nThat's kinda trife hoe, cause that's a knife hoe, AK-47 assault rifle\nHold the 50, I'm nifty, how? got a new style\nI hate when suckas be claimin' that they foldin' bank\nBut steady talkin' mess in the holdin' tank\nFirst you wanna step to me, and now yo' ass screamin' for the deputy\nThey send you to Charlie Baker [?]\nAnd now they runnin' up in ya slow\nDear God, used to be Don Juan, and now your name is just 'twan\nSwitchin' it, snappin' it, rollin' yo' eyes in it\nYou better run a check\n\n[Chorus 2: Hustle Boyz]\nSo chickity-check yo self before you wreck yo self\nCome on and check yo self before you wrizzy-wreck yo self\nSo chickity-check yo self before you wrickity-wreck yo self\nBig D's in ya mouth, it's bad for ya health\n\n[Bridge 2: Snoop Dogg + Hustle Boyz]\nChickity-check, yeah\nWest Coast\nChickity-check, yeah\nMmm...yeah, BC powder, yeah\nSee my priority is to keep it real West Coast right about now\nMatter of fact, my priority is the West Coast...yeah\n\n[Verse 3: Snoop Dogg]\nIf you're foul, you better run a make on that license plate\nYou could've had a V8, instead of a trey 8 slug to yo' cranium\nI got 6, and I'm aiming 'em\nWill I bust or will I keep you guessing?\nF-U-N that noise you stressing\nTrick, get off the wood, you no good, there goes the neighborhood\nRat, go ahead and keep ya draws\nGivin' up the claps and who needs applause?\nAt a time like this, pop ya coochie and ya did\nThe girl is a Mi-ami Hurr-icane head\nSprung, homies call her lips and lungs\nNappy dug out, you should get out\nCause women like you gets no respect\nTrick, you better run a check\n\n[Chorus: Hustle Boyz]\nSo chickity-check yo self before you wreck yo self\nChizzy-check yo self before you wreck yo self\nCome on and check yo self before you wrickity-wreck yo self\nCause tricks like you is bad for my health\n\n[Bridge 3: Hustle Boyz]\nYeah, chick-check\nYeah, puff the grass\n\n[Chorus: Hustle Boyz]\nSo come on and chickity-check yo self before you wreck yo self\nChizzy-check yo self before you wreck yo self\nCome on and check yo self before you wrickity-wreck yo self\nSo chickity-check yo self before you wreck yo self\nChizzy-check yo self before you wreck yo self\nCome on and check yo self before you wrickity-wreck yo self", "image": "https://images.genius.com/e2f858ce2e3e1526a1ceeb02be51f0c9.522x522x1.jpg"}], "artist": "Snoop Dogg"}