{"songs": [{"title": "Slow Down", "album": "Da Game is to be Sold, Not to be Told", "year": "1998-08-04", "lyrics": "[Intro: Snoop Dogg]\nSlow down\nSlow your role, junior\nSlow down\nSlow your role, junior\n\n[Chorus]\nSlow down, I can't take the heat\nSlow down, it's wicked in these streets\nSlow down, I can't take the heat\nSlow down, it's wicked in these streets\n\n[Verse 1: Snoop Dogg]\nLife ain't nothing but a big old twist\nA lot of times when I'm smoking, I'm doing that just to reminisce\nIt's funny, on how shit be\nA lot of money, make y'all wanna come get me\nBut look here, I work hard for all the things I got\nAnd to hang with a niggas just an intricate plot\nYou smoke my weed, you try to bang my hoes\nAnd talk bad about a nigga, behind closed doors\nBut look here, dog, a ho once told me loc\nBite the hand that feeds you, and you'll wind up broke\nBitch niggas don't deserve to kick it\nWith rich niggas, nigga we seven figure niggas\nAnd we bigger than the biggest hip hop, niggas of rap\nAnd when we get to spittin', make sure y'all step back\nYou with that? Cause if you ain't clown\nWe from the D-O double G, we groupie true and slow down\n\n[Chorus]\nSlow down, I can't take the heat\nSlow down, it's wicked in these streets\nSlow down, I can't take the heat\nSlow down, it's wicked in these streets\n\n[Verse 2: Mia X]\nAyyo Snoop, I used to kick up dope, ride with niggas\nKnow about the hits, hang with killas\nTake the broads down for jailhouse visits\nKeep my bed warm with a cutthroat nigga\nHave the card parties where the stakes was high\nGo shopping, hit the club, and then start come by\nI never had a day without no drama\nHalf the OG's age but they call me mama\nHad the ganja overstuffed in the hefty bag\nOrange peels to kill the smell slanging with my dad\nI never thought about my life I swear y'all for real\nUntil my best friend Jill got killed\nAnd then I, dropped to my knees and called on the Lord\nPlease change my ways cause I'm living too hard\nAnd too foul, how I'm gon' raise a child\nWhen I'm out here buck wild?\nDamn I had to slow down\n\n[Chorus]\nSlow down, I can't take the heat\nSlow down, it's wicked in these streets\nSlow down, I can't take the heat\nSlow down, it's wicked in these streets\n\n[Verse 3: Mia X]\nYeah, I slow my roll down to a pimp strut\nAnd started putting all this game on records\nFor my come up from sun up to sun down\nI'm trying to get my money\nHaters ain't gon' stop me cause haters can't run me\nIt's funny when a bitch was livin' foul\nEverybody seemed glad but now they mad\nCause I'm flossing, boss ballin' guilt free\nAnd feds can't take shit from me, so slow down\n\n[Verse 4: Snoop Dogg]\nI got niggas, shot niggas, drop niggas for fun\nI swap from these shoulders, I don't need no gun\nBut it's the 90's and niggas don't bump by the end of the round\nThe clown bound to dump, young chump\nYou don't wanna get caught up in the mix\nCause I'm a soldier, blasting at the rollers, bitch\nWe don't, never ever, talk no shit\nUnless we back that shit up, nigga you get lit\n\n[Chorus]\nSlow down, I can't take the heat\nSlow down, it's wicked in these streets\nSlow down, I can't take the heat\nSlow down, it's wicked in these streets\n\n[Outro: Snoop Dogg]\nSlow down I can't take the heat\nSlow your roll, tuck your heat and watch the haters\nSlow down I can't take the heat\nSlow your roll, tuck your heat and watch the haters", "image": "https://images.genius.com/cc7312525ce26f443efc158446aeedc3.1000x1000x1.jpg"}], "artist": "Snoop Dogg"}