{"songs": [{"title": "Edibles", "album": "Bush", "year": "2015-05-12", "lyrics": "[Hook Snoop Dogg]\nAnd once it all dissolves (to the left)\nAnd it mixes with the music (to the right)\nAnd it makes you wanna do it (to the left)\nIn a way you never knew it (to the right)\nAnd once it all dissolves (to the left)\nAnd it mixes with the music (to the right)\nAnd it makes you wanna do it (to the left)\nIn a way you never knew it (to the right)\n\n[Bridge Snoop Dogg]\nPass the dutchie to the left\nLike it is 4/20\nPass the dutchie to the right\nLike it is 4/20\nPass the dutchie to the left\nLike it is 4/20\nPass the dutchie to the right\nLike it is 4/20\nPass the dutchie to the left\n\n[Verse 1 Snoop Dogg]\nCome aboard the friendly skies and let it go (cupcakes)\nHere's my metaphor (cookies)\nYou so edible (girls)\nLemme know for sure, you squint your eyes and let it go (chocolate)\nYou already know (brownies)\nIts that edible, girl\n\n[Hook Snoop Dogg]\nAnd once it all dissolves (to the left)\nAnd it mixes with the music (to the right)\nAnd it makes you wanna do it (to the left)\nIn a way you never knew it (to the right)\nAnd once it all dissolves (to the left)\nAnd it mixes with the music (to the right)\nAnd it makes you wanna do it (to the left)\nIn a way you never knew it (to the right)\n\n[Bridge Snoop Dogg]\nPass the dutchie to the left\nLike it is 4/20\nPass the dutchie to the right\nLike it is 4/20\nPass the dutchie to the left\nLike it is 4/20\nPass the dutchie to the right\nLike it is 4/20\nPass the dutchie to the left\n\n[Verse 2 Snoop Dogg]\nCome along to the friendly skies and enjoy the ride (cupcakes)\nIt makes the music life (cookies)\nTo get that body high girl\nCome along to the friendly sky's you'd be occupied (chocolate)\nOff the point of your mind (brownies)\nWithout you feeling inside (cookies)\n\n[Hook Snoop Dogg]\nAnd once it all dissolves (to the left)\nAnd it mixes with the music (to the right)\nAnd it makes you wanna do it (to the left)\nIn a way you never knew it (to the right)\nAnd once it all dissolves (to the left)\nAnd it mixes with the music (to the right)\nAnd it makes you wanna do it (to the left)\nIn a way you never knew it (to the right)\n\n[Verse 3: T.I.]\nBadabang badabang\nGot a chain you can see through\nGraduated to a Range from a Regal\nHit the club and I leave with it 82\nThat's the difference between me and you\nJust how we do it, Remy straight to the head and you chase yours\nOn a worldwide tour me and Skateboard\nAte more bitches in the lobby on the molly\nPretty sexy yet exotic fill em all in my Ferrari yep\nI\u2019ll probably be menage in before I put the car in parkin'\nGot 'em running upstairs got 'em coming in pairs\nMay I relieve you of your jacket can I touch you there\nShe took off her underwear, it ain't no hair under there\nI solemnly swear, I will not share\nThis game with a lame, let him learn for himself\nI don't owe a nigga shit,  better earn for himself\nQuit tripping on me, be concerned with yourself\n\n[Hook Snoop Dogg]\nAnd once it all dissolves (to the left)\nAnd it mixes with the music (to the right)\nAnd it makes you wanna do it (to the left)\nIn a way you never knew it (to the right)\nAnd once it all dissolves (to the left)\nAnd it mixes with the music (to the right)\nAnd it makes you wanna do it (to the left)\nIn a way you never knew it (to the right)\n\n[Bridge Snoop Dogg]\nPass the dutchie to the left\nLike it is 4/20\nPass the dutchie to the right\nLike it is 4/20\nPass the dutchie to the left\nLike it is 4/20\nPass the dutchie to the right\nLike it is 4/20\nPass the dutchie to the left\nLike it is 4/20\nPass the dutchie to the right\nLike it is 4/20\nPass the dutchie to the left\nLike it is 4/20\nPass the dutchie to the right\nLike it is 4/20", "image": "https://images.genius.com/b70a8dcc62d2fed742fc6406b5d60520.1000x1000x1.jpg"}], "artist": "Snoop Dogg"}