{"songs": [{"title": "Come Up To My Room & Fucc", "album": null, "year": null, "lyrics": "I told the bitch I'd cry for you\nI'd die for you, I lied to you\nBut getting the pussy is all I tried to do\nIt's me Kurupt bitch, and i'm a rider\nI'll ride ya roll up beside ya\nServe ya dick like an appetizer\nTasty as fuck\nYa know ya wanna fuck me\nBitch, my name's Kurupt\nI told ya, see gotcha ya Feenin like Jodeci\nIt's Dat Nigga Daz, bitch did ya notice me?\nYeah, see we out with tha crew\nWhen we chillin in the back bitch\nSo what ya wanna do?? (Whatcha wanna do?)\nI wanna fuck him\nI wanna fuck him\nAnd I wanna fuck you\nSo what's your name? Devante Swing...\nAnd that's K-Ci, and that's my brother Dalvin...\nAnd that's Jo-Jo, so, whats happenin???\nAnything can happen from the way these hoes is acting\nI see it like a picture, It's all up in my mind\nSee all i see is ass, and me hittin it from behind\n(I wanna uhhhh--ahhhh) Pumpin like the old days\nBitch ya got your hooks in me just like the O'Jays\nIf you come up, get done up...\nInside let me run up\nIf you come up, get done up...\nInside let me run up\nIf you come up, get done up...\nInside let me run up\nIf you come up, get done up...\nInside let me run up\nCome up to my room\nI recognize you\nYou was in the hotel lobby\nYou were lookin damn good\nI was sweatin' at the after party\nI told you to go with me\nI wanted you to freak with me\nKeep the message from your mama\nI dont need no drama\nA piece of mind\nA piece of mind\nA piece of mind\nIs hard to find\nSo dont waste time\nNo, no, no, no, no, no\nFrom the side\nFrom behind\nIn your eye\nHow ever you want it\nThere's no tellin what I'll do\nWhen you come into my room\nIf you come up, get done up...\nInside let me run up\nIf you come up, get done up...\nInside let me run up\nIf you come up, get done up...\nInside let me run up\nIf you come up, get done up...\nInside let me run up\nCome up to my room\nI'm feelin kinda lonely tonight\nI need someone to do me so right\n(I'm lookin for a woman, i'm lookin for my baby)\nDon't be afraid to come to my room\nJust be prepared to stay until noon\nIf you come up, get done up...\nInside let me run up\nIf you come up, get done up...\nInside let me run up\nIf you come up, get done up...\nInside let me run up\nIf you come up, get done up...\nInside let me run up\nCome up to my room\nIf you come up, get done up...\nInside let me run up\nIf you come up, get done up...\nInside let me run up\nIf you come up, get done up...\nInside let me run up\nIf you come up, get done up...\nInside let me run up\nCome up to my room", "image": "https://images.genius.com/8c99dd335733f9c3cf16f57c9f589cfb.361x361x1.jpg"}], "artist": "Snoop Dogg"}