{"songs": [{"title": "Platinum", "album": "Doggumentary", "year": "2011-03-29", "lyrics": "[R.Kelly]\n\u2019bout to make the night shine\nSnoop\nKellz\n\nPlatinum through the doors\n\nV12 rollin\u2019 nigga goin\u2019 platinum\nV12 rollin\u2019 nigga goin\u2019 platinum\nV12 rollin\u2019 nigga goin\u2019 platinum\nV12 rollin\u2019 nigga goin\u2019 platinum\n\n[R.Kelly]\nSwag like a lighter\nAnd I keep my swag lit\nMan I\u2019m on fire\nThat can\u2019t tell a nigga shit\nV12 rolling\nGot some honeys up in it\nSay your pussy golden\nBut I only fuck with platinum chicks\nOnly talk platinum shit\nOnly swallow platinum spit\nSpeak my own slang-uage\nStill I am the real-iest\nSurrounded by Ciroc but your boy sipping Hennessy\nLoves is a hospital and I was born in V.I.P\nSick and there\u2019s no cure\nBad case of V.I.P\nStill in the game killing you can call us M.V.P\nWhole fucking club jump in your cars and follow me\nIt\u2019s dude from the Chi and the D.O. double G\n\n[R.Kelly]\n[Hook]\nWe platinum\nPlatinum stars\nPlatinum\nPlatinum chicks\nPlatinum\nPlatinum clothes\nPlatinum\nPlatinum rich\nPlatinum\nPlatinum shots\nPlatinum\nPlatinum flights\nPlatinum\nPlatinum cribs\nPlatinum\nPlatinum lights\n\n[Snoop Dogg]\nLet a muthafucker know from the ghetto\nLimping, crimping and pimping mixing \u2018em all\nFixing the ball drifting listen dawg\nMy rap is that, my Cadillac is dripping wet\nYou can bet, turn it up, roll it up, burn it up\nGive it back to me let me show you how to move that groove that weed that do that\nAll in fallin\u2019 ballin\u2019 yellin\u2019 doggy do that chew that\nRecord sales, ho sales, detail, retail, you fail, we sell\nDing dong get your momma ring your bell\nBack in the club with my nephew Kellz\n25 girls in the Dogg cartel and they do what the Dogg say grifted or walkway\nPimping on them all day can\u2019t you tell\nI\u2019m liking it loving it cubbin\u2019 it gubbin\u2019 it drinks up blunts lit platinum boss shit\nNigga you know how we do this\n\n[Hook]\n\n[Snoop Dogg]\nTake it back in the back of the car\nMack-mack like macking them hard, like that, quote backing them hard\nRich nigga with a platinum card in a platinum car with mink on the seat\nHoes on the street cause they all wanna make that trip to the promised land\nLittle mama can give it to me like I\u2019m the man\nGive it to me like I told you\nGrab you, flip you, hold you, break you down\nStop depress, drop your dress, cause I\u2019m gon\u2019 take you down\nWhat d\u2019you think I got drink and you won\u2019t drink right now\nTwo shots and now you ready for that tat-tat-toawww\nAnd I\u2019m gon\u2019 give you that\nI know that you diggin\u2019 that\nPlatinum smile on your face yeah they know I\u2019m diggin\u2019 that\nAnd i\u2019m liking it, loving it, cubbin\u2019 it, gubbin\u2019 it, drinks up blunts lit platinum\nBoss shit\nYou know how we do this\n\n[Hook]\n\n[R.Kelly]\nLook at us mob we at the bar\nWe going crazy woah\nEarth is our turf\nWe on them jets\nLeaving them haters woah\nSnoop poppin\u2019 bottles I got models\n\u2019bout to mix it woah\nI see your man he causing problems \u2019bout to fix it woah\nYou cats is sloppy\nCall me the clean up man\nPimpin\u2019s my hobby\nFirst love mic in hand\nI got a platinum car\nI got a platinum chain\nI got a platinum chick\nAnd she give me platinum brain\nI ain\u2019t gonna bullshit ya ladies\nThis the real thing\nWhile they going gold\nWe done went platinum man\n\n[Hook]", "image": "https://images.genius.com/bf66457764b32165c7cdb2908ea44580.1000x1000x1.jpg"}], "artist": "Snoop Dogg"}