{"songs": [{"title": "Whoop your ass", "album": null, "year": null, "lyrics": "Whoop that ass So I came in late like at 3 a.m\nMy nigga said,\"Bitch where the hell you been?\"\nHe better end that sentence with no disrespect\nOr Ima have to kill that bitch\nWhoop that ass Whoop it, Whoop it, Whoop it real good I tried to calm down and not kick his ass\nMaybe we could leave that bull shit in the past\nUntil a blond bitch peaked out of the covers and said\n\"Baby come back to bed, asap\"\nHis face went from brown to red\nHe said to the her, \"I said shut the fuck up Trish!\"\n\"You're both done for, you little dumb whores,\"\nI got up and locked all the doors\n\"Wait baby I'm sorry, but don't blame this all on me\nI heard you at the club calling Trey daddy,\"\n\"Lets forget this ever happened,\" I said\n\"Agreed\"\nGuess I don't have to\nWhoop that ass Whoop it, Whoop it, Whoop it real good After the ho was out the door\nWe both said \"we won't do this no more,\"\nWe shared a laugh, were off to bed\nAs for me, not yet\nWhoop that ass Whoop it, Whoop it, Whoop it real good Went to the drawer, grabbed a forty four\nPicked up the pillow case along with the mace\nTook his safe, I wasn't staying for this case\nThen I packed my shit\nI'm reversed, run and hit\nSo I went over and\nWhooped that ass Whooped it, Whooped it, Whooped it real good Damn, guilt was killing me\nBut his death got me finally feeling free\nAn accident is what it'll seem to be\nThat's what his ass gets for cheating on me\nBut it's crazy because I only meant to\nWhoop that ass Whoop it, Whoop it, Whoop it real good R.I.P I just murked yo ass\nYou was taking up oxygen, only used me to smash\nYour mind went blank and empty went your bank\nBut in the end, I really just Lesson to be learned, never cheat\nIn the end, they all get burned", "image": "https://images.genius.com/8c99dd335733f9c3cf16f57c9f589cfb.361x361x1.jpg"}], "artist": "Snoop Dogg"}