{"songs": [{"title": "Oh Na Na", "album": "COOLAID", "year": "2016-06-28", "lyrics": "[Intro]\nHere we go\nIt\u2019s time\n\n[Hook: Wiz Khalifa]\nIf it ain\u2019t KK what you smoking on\nIf it ain\u2019t Ros\u00e9 tell \u2018em carry on\nIt ain\u2019t \u2018bout mine \u2018less the money long\nOh na na na na na na\nOh na na na na na na\nOh na na na na na na\nOh na na na na na na\nOh na na na na na na\n\n[Verse 1: Snoop Dogg]\nFat sack in hand, Mac and Dev\nBack in dreads, stacking bread\nKush in the air errywhere I be\nWord is Doggy Dogg got that 10 a key\nYou can believe what you wanna loc\nSee I\u2019ma pee on the tree when I wanna smoke\nUnderground to the top shelf\nAnd I can do it by my goddamn self\nI put some fire on the tip\nHigh when I trip, still fly on a bitch\nI\u2019ma ease on by\nTip top, don\u2019t stop, why not, not why\nSee I\u2019ma regulate it\nReal shit, real niggas, real weed separated\nAnd put the match on the tip\nSo quick, so fast like that, you bitch\n\n[Hook: Wiz Khalifa]\nIf it ain\u2019t KK what you smoking on\nIf it ain\u2019t Ros\u00e9 tell \u2018em carry on\nIt ain\u2019t \u2018bout mine \u2018less the money long\nOh na na na na na na\nOh na na na na na na\nOh na na na na na na\nOh na na na na na na\nOh na na na na na na\n\n[Verse 2: Wiz Khalifa]\nCame in this thang, blowing on the strongest Mary Jane\nMake sure everybody know my name\nNiggas know we go hard so we young bosses in the game\nNow I\u2019m getting weed on the plane\nIt\u2019s such a shame, your bitch with us\nHatin\u2019 on me \u2018cause you probably can\u2019t get rich with us\nProbably run around claim you a real nigga too\nBut I\u2019ma fuck her, never call like real niggas do, ooh\nNo pain, no gain\nI be on the yacht drunk sipping champagne\nPartying with Snoop Dogg, smoking propane\nScreaming rest in peace June Bug with my whole gang\nUhh, niggas hate but I just laugh at that\nA milly first quarter, you ain\u2019t half of that\nTalking trees, we can go pack for pack\nAll day, we just smoke back to back\n\n[Hook: Wiz Khalifa]\nIf it ain\u2019t KK what you smoking on\nIf it ain\u2019t Ros\u00e9 tell \u2018em carry on\nIt ain\u2019t \u2018bout mine \u2018less the money long\nOh na na na na na na\nOh na na na na na na\nOh na na na na na na\nOh na na na na na na\nOh na na na na na na", "image": "https://images.genius.com/a417abe2f61213b3db18f28de7cdbc86.1000x1000x1.jpg"}], "artist": "Snoop Dogg"}