{"songs": [{"title": "Fly", "album": null, "year": null, "lyrics": "Only one queen of a hip-hop so\nLove and write, lets do it\n\nYeah, welcome to the church volume two\nExclusive two one three\n\nBrand new Snoop Dogg Nate Dogg word g\n\nChorus: (Nate Dogg)\nRidin' in my car\nAnd im listening to the radio\nIm listening to a sad girl sing\nSang about how she got her heart broke\nPeople reachin' for stars\nI just won't be somethin' that you wrote\nWhen you're alone it gets mighty cold\nDon't act as if you did not know\nShe let me play with her heart\nIm working late\nI said i'd soon be home\nAll the while the girl was home alone\nLet me tell you what she cryin' for\n(why) Cause im fly yeah you super fly Nate dogg\nOooooowwwaaooooo Im fly yeah\n(yeah you super fly but me im super duper and im super duper fly)\n\n(Snoop Dogg)\nI'll be the great at this\nI know you waited this\nAnd I wanted this\nTo be alaberate and so stringuis\nThen you just slide by\nAnd we say you want another kisza\nIs that the way you gone for his eeh?\nI know you feelin' all hurt inside\nBut won't you talk to a playa\nLet me help out your pride\nI'm like the countsla, a pasta, a pretcher or phycologist\nA sherk on a freak\nP my technique\nI where mink skater boots\nAnd im the rit leg is scaloo\nAnd I ain't afriad to shoe\nAnd I love to two two\nFeet deep as I slide up the street\nIm from the LBC\nAnd I don't know what ya'll been heard about me\nBut im a c-r-i-p with some p-i-m-p too\nIm a real pimp playa from the two one three crew\nNow look here fool if you gon bang or hang with the dog\nYou best to get in\nHolla at er Nate Dogg\n\n(Chorus 1x)\n(W)\nThree peice wit her mate in me\nGotta think my s*i* stinks\nStacie Adams wit a drink\nPocket paddles they come from brink\nSo what, the ladies wink\nYou the one in mercedes, shot gun with the thang\nCold chiller watchin' the lion king\nCryin' and thangs\nCause im with Snoop and Nate\nSingin' rymin' and thangs\nIm out late cause im ground of the change\nI ain't wit dime for games\nCock back and im tryin' to aim\nAt everythang that be hatin' my fame\nSo stregulatin been lacin' the game\nAin't no mistake in the game\nTo one mother f-in thrizzle\nShippin on the sizzle\nAnd thats for shizzle\nFo times for the riddle\nYou know these bahrs\nEvery where we go, you know who us are\nYou could tell by the car\nSampain, Caviare\nBubble bath, I say I love you and I laugh\n\n(Chorus 1x)", "image": "https://images.genius.com/8c99dd335733f9c3cf16f57c9f589cfb.361x361x1.jpg"}], "artist": "Snoop Dogg"}