{"songs": [{"title": "Can't Say Goodbye (Promo Only clean edit)", "album": null, "year": null, "lyrics": "CHORUS (CHARLIE WILSON):\nI'm a man I gotta take care of my family\nFighting these pressures in my life\nI know my mind should be on shining and getting grammies\nBut these streets won't say goodbye\n\nI can't say goodbye\nTo the blocks\nGoodbye\nTo the hood\nGoodbye\nTo the streets (to my problems)\nCharlie: I can't say goodbye\nTo the hood\nGoodbye\nTo the blocks\nGoodbye\nTo the streets\nI can't say goodbye\nTo the blocks\nGoodbye\nTo the streets\nGoodbye\nTo the hood\nI can't say goodbye\nTo the hood\nGoodbye\nTo the blocks\nGoodbye\nTo the homies\n\nVERSE (SNOOP DOGG):\nI guess it's true, you can't take the hood out a homeboy\nPlus, my hood just lost another homeboy\nAnother one got life, and we don't know, if he coming home boy\nThey in the street tell me \"just leave it alone boy\nLet them do them take care of your own boy\"\nBut I said back brake a bound, before I was grown boy\nYou had dreams of being a dope boy\nYeah, I was runnin' from the po po\nBanging for the turf, late night huntin'\nPuttin' me in work, good day comin', airbrush, shirt\nPay day, got the spot, got my hair cut first\nMade mom sick when I wouldn't go to church\nYeah I live in the burbs, but I think 21st\nI know since I left that it's gotten much worse\nBut I'd still be there, if I couldn't write a verse\n\nCHORUS (CHARLIE WILSON):\nI'm a man I gotta take care of my family\nFighting these pressures in my life\nI know my mind should be on shining and getting grammies\nBut these streets won't say a goodbye\n\nVERSE (SNOOP DOGG):\nTo the blocks that raise me, the enemies and the homies that made\nMe, tough enough to hang on the corners that would mould me\nCritics wonder if I'm tryna be the old me\nBut if they think the old me ever left, then they don't really know me\nAnd don't know, we don't change, we just become OG, you always addicted\nTo the life, you just don't OD, shit I owe the streets before they owe me\nTook me in when my momma didn't want me, to wild to be a child, and pops\nNot around now, all I got now is the homies, to teach me, how to be a man\nIn what not, how to brake ounces in the grams in what not\nThe reason I'm so nice with my hands in what not shit, you think I forgot, man naw\n\nCHORUS (CHARLIE WILSON):\nI'm a man I gotta take care of my family\nFighting these pressures in my life\nI know my mind should be on shining and getting grammies\nBut these streets won't say goodbye\n\nVERSE (SNOOP DOGG):\nThank god every day that the boy could spit\nAnd all around the world they enjoyin' my shit\nI know I got plenty more wars to get\nI got a, beautiful wife and some gorgeous kids\nBut it wouldn't be right if I ignore the shit\nThey made me how I am, the music in the man\nTold me that I can for the world gave a damn\nIf it wasn't for my niggas sayin' stick to the plan\nProbably be a gun instead of a pen in my hand\nProbably be doin' a dub and the pen with my man\nThe say leaders streets but they don't really understand\nAll I had was the block, when I didn't have fans\nRapped on the corners when I couldn't get spins\nAll I had was the homies when I didn't have kids\nIf it all come down and my career was to end, I'm sure my name\nWould live.. in these streets\n\nCHORUS (CHARLIE WILSON):\nI'm a man I gotta take care of my family\nFighting these pressures in my life\nI know my mind should be on shining and getting grammies\nBut these streets won't say goodbye\n\nI just can't say goodbye\n\nI can't say goodbye\nGoodbye\nGoodbye\nGoodbye\nI can't say goodbye\nGoodbye\nGoodbye\nI can't say goodbye\nGoodbye\nGoodbye\nGoodbye\nI can't say goodbye\n\nYou can take the man out the streets\nBut you can't take the streets out the man", "image": "https://images.genius.com/8c99dd335733f9c3cf16f57c9f589cfb.361x361x1.jpg"}], "artist": "Snoop Dogg"}