{"songs": [{"title": "It Could Be Easy", "album": null, "year": null, "lyrics": "It could be easy\nIt could be easy\nIt could be easy\nIt could be easy\nIt could be easy\nIt could be easy\nIt could be easy\nIt could be easy\n\nBut you probably won't believe me\nThat's why I smoke around\nDoggy style they see me on TV\nTrying had just to beat me\nShe knows who I am plus my team is undefeated\nI am the man in my city if you wanna it I got the key\nWhat you wanna ? without a ? everything you see I own I ain't got to lease\nIf you feel out of control better put that hoe on a leash\n\nIt could be easy\nIf you are listen to what I am trying to tell you\nEvery dime pays but they catch ? messing with their ?\n? tell her you win her heart ? cross kind of familiar\nI ain't tripping I am ? another one I got a couple of problems with my bitches\n? pimping it could be easy\nI am rolling ? police and don't ask where I have been got ?\nHaters talk when I leave they just ? when they see what they want and they need me\nI am a fucking game genie young nigga but I make it look easy\nIt could be easy\nMoney too stay fly\n\nIt could be easy\nIt could be easy\nIt could be easy\nIt could be easy\nIt could be easy\n\nFlying on a plane plane\n? to this fame fame\nNever the same game\nAsk me if a game bang\nIf a ?\nThe track is where I kick it\nUntil you start to pick up I look your ?\n? is real hard but you can make it easy\nI ain't questionable now baby please me\nAnd once I get independent I make you need me\nLike I roll weed baby start with now she need me\nBelieve me you complete me protect the spite\n? school lay low ? on my ? English ? kush low\nI am gonna go home baby ? be home alone\nNow she is sucking on her own ?\nIt could be easy\nBut small things make it so hard\nIt could be easy\nTell me what you really do\nWho you are\nIt's been down before\nIt could be easy\nIt could be easy\nIt could be easy\nIt could be easy\n\nIt could be easy\nBut small things make it so hard\nIt could be easy\nIt's been down before i think you should know", "image": "https://images.genius.com/8c99dd335733f9c3cf16f57c9f589cfb.361x361x1.jpg"}], "artist": "Snoop Dogg"}