{"songs": [{"title": "Ain't No Love", "album": null, "year": null, "lyrics": "Now $hort! I know you didn't think that shit was over\nYou little ugly ass nigga!\n\nToo $hort...\nNothin' can save ya\nAin't no love, $hort (4x)\n\nNow mickity mic down\nGuns out, mothafuckas\nLowin' the holes\nIt's the kid from the gutter\nPunks get on tapes\nAnd they sound so real\nBut real niggas don't get in court and squeal\nYeah, regard all that punk ass Racia shit\nGot on the stand and ran your mouth\nLike a bitch, little snitch\nPooh-Man did it! Pooh-Man did it!\nHe made me with it!\nCourt is in session, $hort\nAnd you've been indicted\nHoe trusta Oakland busta\nAnd you gets no love from the gutter\nSee we remember when you had to have\nA baserock cawy and a nice hot bath\nSmokin' and chokin', Sir Too $hort\nJust thinkin' about the day before\nSee you never shouldn't fuck\nWith the real killa\nI goes deep on you dopefiend nigga\nGot on the mic and called me a punk\nAnd funk is what you want\n\nSo there it is, junk\nDirty, tired, fucked around\nAnd get my foot off in his ass\nLet's hood ride, mob, fuck talkin' bad\nNo punk let?s me check myself, partner\nI ain't gonna bust ya\nI rather ride up and drop ya\nBut the rappin' is weak shit\nAnd I'm down with this street shit\nAnd you ain't shit but a weak bitch\nThe ugliest nigga in rap\nTry to cap on the nigga\nFrom the mothafuckin' hood\nSo when I see you it's all good\n\nToo $hort...\nNothin' can save ya\nAin't no love, $hort (4x)\n\nAnt Banks: read this...\n\nI boarded to your ass last year\nBut you didn't hear me dough\nIt's 94 and Banks need a little more\nLips lookin' hell of luscious\nDigidy down goes my zipper\nNigga, you can suck this\nAnd you must like slurpin' dicks\nBecause you ridin' on $hort's tip\nLike a jockin' little bitch\nRidin' around in your too-$hort-hand-me-down\nI left the Dangerous Crew\nAnd that's why you're clownin' now\nThe bigidy Banksta ain't no gigidy gigidy gangsta\nWhen the truth comes out you ain't shit but a pranksta\nTry to hang in my hood lookin' out of place\nWith that blank ass look on your face:\n(What should I do? What should I do?)\nNow get in where you fit in, chunk\nCan't hang on the block\nCause you ain't shit but a punk\nSo I ain't givin' no rule\nTo assume you want some mothafuckin' funk\nThen bring it to the crew\nSo bring it on if your ass want to trip\nAnd to this hollow-tip, bitch\nBlast that ass, yes I would\nCause on the streets, nigga, it's all good\n\nToo $hort...\nNothin' can save ya\nAin't no love, $hort\n\nBeep, beep, beep\nOh, there goes my pager\nAnd it's your bitch, yo, I think I best to fade her\nTook her to the motel parking lot\nLittle light skinned bitch got just a little too hot\nIt's goin' down, pannies comin' off\nAnother tramp bitch got automatically toasted\nI think you found out and got jealous\nCause I was diggin' your bitch\nAnd runnin' back tellin' all the fellas\nBut you took her home\nAnd wanted to marry the bitch\nI would dig her in this, mister\nAnd bury the bitch\nStop spendin' all your cash and fix your teeth\n$hort Dog must like bein' ugly\nCame at a nigga wrong\nLittle cavity creep walkin' around with Nikes on\nBitch ass nigga ain't got no heart\nBe ready to finish anythin' your punk ass started\nCause I did funk with the best\nSo when you ridin' in your lexus\nNigga, put on the vest\nAnd stay the fuck out my hood\nCause death is a factor and it's all good\n\nToo $hort...\nNothin' can save ya\nAin't no love, $hort (4x)", "image": "https://images.genius.com/8c99dd335733f9c3cf16f57c9f589cfb.361x361x1.jpg"}], "artist": "Snoop Dogg"}