{"songs": [{"title": "Ridaman", "album": null, "year": null, "lyrics": "Ridahman, Ridahman, does whatever a rida can\nWhat\u0092s with that in your socks? And you fuckin\u0092 niggas all want Siroc\nRidahman, Ridahman, keep a big getup inside my hand\nWhat\u0092s with that in your socks? Grab this motherfucker in your sight\nLook out (look out!) bitch here comes the Ridahman\n\nNow there once was a man who lived in my hood\nTo some people bad but to me he was good\nHe wore pindletens and 501 jeans\nAnd the black Chuck Taylors with black yellow strings\nHe loved makin\u0092 poise and smokin\u0092 up blunts\nAnd the weed that he be smokin\u0092 have you flowin\u0092 for months\nYou could smell the dealer comin\u0092 from a mile away\nAnd if he see the kids snoopin\u0092 he be down to play\nBut if a nigga got to trippin\u0092 he be down the sprets\nThat be AK\u0097K-K-K-K-K\nBut this one time, this one guy\nThought he could come to our town and drive\nAnd go against the ridah but Ridah is the ridah\nHe hit it with 11 and he knockin\u0092 with the rida\nHe usually wore the shot but he gave the boy an ass\nSaid if you\u0092ll come back nigga, that\u0092ll be your ass\nBut the young nigga laughed, he didn\u0092t seem to be scared\nBut he definitely took a car and got his ass up outta there\nAnd we later found out that the guy\u0092s name was Tommy\nAnd Ridahman used to mess with his son\u0092s mommy\n\nRidahman, Ridahman, does whatever a rida can\nWhat\u0092s with that in your socks? And you fuckin\u0092 niggas all want Siroc\n\nRidahman, Ridahman, keep a big getup inside my hand\nWhat\u0092s with that in your socks? Grab this motherfucker in your sight\nLook out (look out!) bitch here comes the Ridahman\n\nNow Tommy went home and told his homeboy Ronny\nAnd Ronny told Johnny and Johnny got money\nAnd Lonny was a shooter and his weapon was a Tommy\nHe didn\u0092t care about life, he\u0092ll shoot anybody\nSo they came back to my neighborhood to drive\nAnd found Ridahman and he ran \u0091em for their lives\nUsed his rida senses to go behind the mine\nWhat kind of car they drive? So he what (\u0085)\nAnd there they go. See him pass a nigga Black Reeker\nSo he reached into his pocket and pulled out a Desert Eagle\nRida start bussin\u0092, I think he hit somethin\u0092\nTommy falls out the car with his whole bullshit\nAnd his homie didn\u0092t make it, Ridahman got \u0091em all\nEven Lonny gave the kid a chance to bust the Tommy off\nRidahman goes over to Tommy and then he laughs\nAnd he laughs \u0091bout the nigga but my gun start blastin\u0092\nYea, how\u0092d you know that I was comin\u0092 with my people?\nAnd you even knew the car, how\u0092d you knew it was a Reegle?\nWell, besides me being the Ridahman\nYour son\u0092s mom told me, now okay, bye my man\n\nRidahman, Ridahman, does whatever a rida can\nWhat\u0092s with that in your socks? And you fuckin\u0092 niggas all want Siroc\nRidahman, Ridahman, keep a big getup inside my hand\nWhat\u0092s with that in your socks? Grab this motherfucker in your sight\nLook out (look out!) bitch here comes the Ridahman", "image": "https://images.genius.com/8c99dd335733f9c3cf16f57c9f589cfb.361x361x1.jpg"}], "artist": "Snoop Dogg"}