{"songs": [{"title": "Check Yo Self Interlude", "album": "Snoop Dogg Presents: The West Coast Blueprint", "year": "2010-02-23", "lyrics": "[Snoop Dogg]\nYeah, Bigg Snoop Dogg on this West Coast Blueprint\nAnd you know what I'm doin\u2019, gettin' it in for the West Coast\nTwo-times, you know what I'm talkin\u2019 about\nSo what I'ma do right now, I'ma do a remake, I gotta do a remake I mean, cause what would this CD be if I didn't remake some of these songs or one of these songs\nSo, one of my favorite songs from this uh...West Coast Blueprint\nYeah, Ice Cube, Das EFX, Check Yo Self Before You Wreck Yo Self\nYeah, remixed by DJ Pooh, but we got a G-Mix by 1500 and Battlecat featuring The Hustle Boyz\nCheck Yo Self Before You Wreck Yo Self on this Snoop Dogg Presents: The West Coast Blueprint\nHope you enjoyed the CD mane, and be on the lookout for more products from Snoop Dogg, Priority Records, and everythang that I do\nOn some real talk mane, check this out, we gone", "image": "https://images.genius.com/e2f858ce2e3e1526a1ceeb02be51f0c9.522x522x1.jpg"}], "artist": "Snoop Dogg"}