{"songs": [{"title": "Bible of Love (Interlude)", "album": "Bible of Love", "year": "2018-03-16", "lyrics": "For those who don't know just what to do\nHere's the Bible of love for you\nLet it be a blessing every day\nEvery step of the way\nYou don't have to be in fear of rejection\nKnow that it's only God's direction\nNo matter the religion or your faith\nIt's the Bible of love\nBible of love, Bible of love\nTill the haters get the message\nBible of love, Bible of love, Bible of Love", "image": "https://images.genius.com/c9dee508f81bde784b713142dc6009e9.600x600x1.jpg"}], "artist": "Snoop Dogg"}