{"songs": [{"title": "Everything", "album": "220 - EP", "year": "2018-02-09", "lyrics": "[Pre-Chorus: Jacquees]\nYou got everything you want\nYou got everything you need\nYes I remember the times\nWhen you caught me in lies\nYou knew other women weren't mine\nSo you stuck by my side\nSo everything\n\n[Chorus: Jacquees]\nEverything you want and need\nI'll comfort you, give you all of me\nCause everything you want and need\nI'll be, I'll be\n\n[Post-Chorus: Jacquees]\nIt'll be you and me\nFor eternity\nI give you my love everyday\nI'ma be yours either way\n\n[Verse 1: Snoop Dogg]\nYou and your niece, me and Jacquees\nWe can make love in between them sheets\nAll you can eat on me, it's a feast\nHave fun wit' me while I run these streets\nSo sweet, so rough, so tough, so bad\nGet whatchu want, throw it in the bag\nStayed down wit' me even when I did wrong\nThat's probably why I'm singin' this song\nA boss hit, a boss lady, that's you\nPut your face on my right arm, tattoo\nMet you, gotchu, get you\nYou're my angel, god bless you\nWho am I in love with? Just you\nFloat on the boat, just us two\nSmokin' and strokin', just us two\nThis is splendid, flex it and bend it\nLay it out for ya\nNow let me play it out for ya\nYou get what she won't 'cause she don't compare\nYou get what you want 'cause you have been there for me\nCarefully, prepared to lay down your life for me\nMy life would be nothin' wit' outchu\nAnd I ain't doin' nothin' wit' outchu\n\n[Pre-Chorus: Jacquees]\nYou got everything you want\nYou got everything you need\nYes I remember the times\nWhen you caught me in lies\nYou knew other women weren't mine\nSo you stuck by my side\nSo everything\n\n[Chorus: Jacquees]\nEverything you want and need\nI'll comfort you, give you all of me\n'Cause everything you want and need\nI'll be, I'll be\n\n[Post-Chorus: Jacquees]\nIt'll be you and me (that's all it will be)\nFor eternity (yeah)\nI give you my love everyday\nI'ma be yours either way (either way)\n\n[Verse 2: Dreezy]\nHe was gettin' money outta town (O.T.)\nI was in the city 'bout mine (you know how I do)\nAnd I knew he was a dog, had to put him on pause\nBut it happened at the right time (it worked out)\nAnd I know you got drip, fast whips and the mansions\nBut you really need a girl who understands you (for real)\nLike when you cash out, know I can too\nYeah I run through the money, I ain't ran through\nAnd I keep it a hunnid\nGood head, down bitch, let him get in my stomach (uh-huh)\nFirst lady, still married to money\nIt was like a blind date 'cause I ain't see it comin'\nDamn, I was on deep, he was still playin'\nWe was both young till I turned him into a man\nBitches do it for the 'Gram but this really who I am\nIf you get up in a jam, I'ma come through with the bands\nYeah, my type, no stereo (my nigga)\nI love you like that woman that carried you\nBack and forth, no merry-go, die for you like burials\nI ain't speakin' it up, just givin' you a scenario (just playin')\nYeah, I'm goin' to war if it's 'bout you (all day)\nIt ain't for me then it's not true (no it ain't)\nI wanna be the last one you gotta lie to\nI got everything I need if I gotchu\n\n[Pre-Chorus: Jacquees]\nYou got everything you want\nYou got everything you need\nYes I remember the times\nWhen you caught me in lies\nYou knew other women weren't mine\nSo you stuck by my side\nSo everything\n\n[Chorus: Jacquees]\nEverything you want and need (everything)\nI'll comfort you, give you all of me (all of me)\nCause everything you want and need\nI'll be, I'll be\n\n[Post-Chorus: Jacquees]\nIt'll be you and me\nFor eternity\nI give you my love everyday\nI'ma be yours either way", "image": "https://images.genius.com/0bfa6f0f48b2b56b3a8919b7a4e29ee2.355x355x1.jpg"}], "artist": "Snoop Dogg"}