{"songs": [{"title": "I Get High (Interlude)", "album": "Smokin' Day 2 (G-Unit Radio Part 1)", "year": null, "lyrics": "[Intro: 50 Cent]\nAyo what's up, yo this the kid 50 Cent man\nIt\u2019s time to get high man, I need the blunt res, I need somethin'\nMan, I'm finna roll this shit in newspaper\nI don\u2019t give a fuck nigga\n\n[Snoop Dogg]\nCan't forget Shadyville Queens\nBigg Snoop Dogg, live and direct\nPlease believe it when I tell you this\nShadyville Queens is in the muthafucka\n\n[Chorus: Snoop Dogg]\nEvery time you see me I be blowin' good dope\nI'm always known for having nothin' but the endo\nEvery time you see me I be blowin' good dope\nI'm always known for having nothin' but the endo\nEvery time you see me I be blowin\u2019 good dope\nI\u2019m always known for having nothin' but the endo\nSo if you see me in your hood tryna lay low\nI\u2019m more than likely, I'm just tryna buy a bag of endo\n\n[Snoop Dogg]\nAyo, anybody got a lighter?", "image": "https://images.genius.com/1b884ca5d64dceca3c26e802a05cb117.600x610x1.jpg"}], "artist": "Snoop Dogg"}