{"songs": [{"title": "Two Or More", "album": "COOLAID", "year": "2016-06-28", "lyrics": "[Verse 1]\nYou niggas don't hear me though\nTurn it up, nigga, this shit's in stereo\nI walked in with a philly ho\nLet me give it to you, young locc, on the really though\nHands, the keys, the Benz, the trees\nThe birds, the bees, the C's, the G's\nI get it like I'm 'posed to, you should be close to me\nRight up under my wing\nWords I sing, verbs I bring\nBread to the park, head in the dark\nReady with art, I said it with heart\nMerely distorted, dearly departed\nLook what you started\nI'm cool as a mother and you acting retarded\nJust what the motherfuckin' doctor ordered\nIt's the d-o-g with the p-o-p\nNot one, not two, but three\n\n[Chorus]\nI gotta have two or more\nTwo or more, baby\nMaybe even three or four\nLike three, like four\nListen to me, baby\nI need two or more\nYeah\nMaybe even three or four\nShe likes love, drugs, and sex\nLove, drugs, and sex\nShe likes love, drugs, and sex\n\n[Verse 2]\nHave a seat and don't say one word\nCause you will never catch Snoop Dogg with just one bird\nAnd if I do, I'll probably kick it to the curb\nAnd come anew\nRunnin' back, I'm-a keep runnin' through\nHut one, hut two\nDown set, hike two, three, four\nWe go overtime\nI'm-a give you something that's gonna blow your mind\nAnd take your time, relax a bit\nI came here to mack a bitch\nThis P is so immaculate\nI rap a bit just to taste\nPuttin' hair to the snare to the bass\nSnap that, Snapchat, flick it up\nOne of me, three of ya'll, so lick it up\nI'm back to the hangin' again, bangin' again\nNigga, could you sing it again?\n\n[Chorus]\nI gotta have two or more\nTwo or more, baby\nMaybe even three or four\nLike three, like four\nListen to me, baby\nI need two or more\nYeah\nMaybe even three or four\nShe likes love, drugs, and sex\nLove, drugs, and sex\nShe likes love, drugs, and sex\n\n[Verse 3]\nFreak-a-leek, I speak the truth\nI got girls lined up trying to get in the booth\nOriginal, more like a miracle\nHigh definition visual, digital, minimal\nBut it can be maxed out\nTrack meet, more meat blow your back out\nI had to pull the 'lac out\nCause there was too many of ya'll to be left out\nI stepped out mackish with the whole package\nBread with the cabbage, me and a bad bitch\nOr two, make it three\n31 flavors, nigga\nIt gets no better than this\nNow, who in the world can get you more wetter than this?\nI'm back to the hangin' again, bangin' again\nNigga, could you sing it again?\n\n[Chorus]\nI gotta have two or more\nTwo or more, baby\nMaybe even three or four\nLike three, like four\nListen to me, baby\nI need two or more\nYeah\nMaybe even three or four\nShe likes love, drugs, and sex\nLove, drugs, and sex\nShe likes love, drugs, and sex\n\n[Outro]\nTwo or more", "image": "https://images.genius.com/a417abe2f61213b3db18f28de7cdbc86.1000x1000x1.jpg"}], "artist": "Snoop Dogg"}