{"songs": [{"title": "We Will Rock You", "album": null, "year": null, "lyrics": "* cover of Queen's song of the same name\n\nWhat, what\nRock on, rock on\nWhat\nCheck this out\n\nBuddy, you a boy make a big noise playin in the streets\nGonna be a big man someday, you got mud on ya face\nYou big disgrace, I'm kickin ya can all over the place\nSing it\n\n(Chorus) X 2\nWe will, we will rock you, rock you (Rock on, rock on)\n\nBuddy, you a young man, a hard man, suffering in the streets\nGonna take on the world someday, you got mud on your face\nYou big disgrace, you moving your banner all over the place\nSing it\n\n(Chorus) X 2\n\nBuddy, you an old man, a poor man, pleading with your eyes\nGonna make ya see someday, you got mud on ya face\nYou big disgrace, somebody better put you back into ya place\nSing it\n\n(Chorus) X 4\n\nBreakdown\nYeah", "image": "https://images.genius.com/8c99dd335733f9c3cf16f57c9f589cfb.361x361x1.jpg"}], "artist": "Snoop Dogg"}