{"songs": [{"title": "Drop It Like It's Hot", "album": "R&G (Rhythm & Gangsta): The Masterpiece", "year": "2004-09-12", "lyrics": "[Produced by The Neptunes]\n\n[Refrain]\nSnoop\nSnoop\n\n[Chorus: Snoop Dogg]\nWhen the pimp's in the crib, ma\nDrop it like it's hot, drop it like it's hot, drop it like it's hot\nWhen the pigs try to get at you\nPark it like it's hot, park it like it's hot, park it like it's hot\nAnd if a nigga get a attitude\nPop it like it's hot, pop it like it's hot, pop it like it's hot\nI got the Rolly on my arm, and I'm pourin' Chandon\nAnd I roll the best weed \u2018cause I got it goin' on\n\n[Verse 1: Pharrell]\nI'm a nice dude, with some nice dreams\nSee these ice cubes? See these Ice Creams?\nEligible bachelor, million dollar boat\nThat's whiter than what's spillin' down your throat\nThe Phantom, exterior like fish eggs\nThe interior like suicide wrist red\nI can exercise you, this can be your Phys. Ed\nCheat on your man, ma, that's how you get ahizzead\nKiller with the beat, I know killers in the street\nWith the steel that'll make you feel like Chinchilla in the heat\nSo don't try to run up on my ear\nTalkin' all that raspy shit, tryin' to ask me shit\nWhen my niggas fill your vest they ain't gon' pass me shit\nYou should think about it, take a second (Ding)\nMatter fact, you should take four, b\nAnd think before you fuck with lil Skateboard P\n\n[Chorus: Snoop Dogg]\nWhen the pimp's in the crib, ma\nDrop it like it's hot, drop it like it's hot, drop it like it's hot\nWhen the pigs try to get at you\nPark it like it's hot, park it like it's hot, park it like it's hot\nAnd if a nigga get a attitude\nPop it like it's hot, pop it like it's hot, pop it like it's hot\nI got the Rolly on my arm, and I'm pourin' Chandon\nAnd I roll the best weed \u2018cause I got it goin' on\n\n[Verse 2: Snoop Dogg]\nI'm a gangsta, but y'all knew that\nDa Big Boss Dogg, yeah I had to do that\nI keep a blue flag hangin' out my backside\nBut only on the left side, yeah, that's the Crip side\nAin't no other way to play the game the way I play\nI cut so much you thought I was a DJ\n\"Two, one, yep, three!\"\nS-N double O-P, D-O double G\nI can't fake it, just break it, and when I take it\nSee, I specialize in makin' all the girls get naked\nSo bring your friends, all of y'all come inside\nWe got a world premiere right here, now get live!\nSo don't change the dizzle, turn it up a little\nI got a livin' room full of fine dime brizzles\nWaitin' on the Pizzle, the Dizzle and the Chizzle\nG's to the bizzack\u2014now, ladies, here we gizzo!\n\n[Chorus: Snoop Dogg]\nWhen the pimp's in the crib, ma\nDrop it like it's hot, drop it like it's hot, drop it like it's hot\nWhen the pigs try to get at you\nPark it like it's hot, park it like it's hot, park it like it's hot\nAnd if a nigga get a attitude\nPop it like it's hot, pop it like it's hot, pop it like it's hot\nI got the Rolly on my arm, and I'm pourin' Chandon\nAnd I roll the best weed \u2018cause I got it goin' on\n\n[Verse 3: Snoop Dogg]\nI'm a bad boy, with a lot of hoes\nDrive my own cars, and wear my own clothes\nI hang out tough, I'm a real boss\nBig Snoop Dogg, yeah he's so sharp\nOn the TV screen and in the magazines\nIf you play me close, you're on a red beam\nOh you got a gun, so you wanna pop back?\nAK-47 now, nigga, stop that!\nCement shoes, now I'm on the move\nYour family's cryin', now you on the news\nThey can't find you, and now they miss you\nMust I remind you, I'm only here to twist you\nPistol-whip you, dip you, then flip you\nThen dance to this mothafuckin' music we Crip to\nSubscribe, nigga, get your issue\nBaby, come close, let me see how you get loose!\n\n[Chorus: Snoop Dogg]\nWhen the pimp's in the crib, ma\nDrop it like it's hot, drop it like it's hot, drop it like it's hot\nWhen the pigs try to get at you\nPark it like it's hot, park it like it's hot, park it like it's hot\nAnd if a nigga get a attitude\nPop it like it's hot, pop it like it's hot, pop it like it's hot\nI got the Rolly on my arm, and I'm pourin' Chandon\nAnd I roll the best weed \u2018cause I got it goin' on\n\n[Refrain]\nSnoop\nSnoop", "image": "https://images.genius.com/7e9ba0483c0bc00d4bdcf5b4e5bbf289.650x650x1.jpg"}], "artist": "Snoop Dogg"}