{"songs": [{"title": "Christmas Intro", "album": "Christmas in tha Dogghouse", "year": "2008-12-16", "lyrics": "[Snoop Dogg]\nYeah, haha\nYeah, yeah, yeah\nGreetings loved ones\nIt's your boy\nThe one and only\nYeah, haha\nAnd uh\nWhat I'mma do for y'all right now\nI'm finna give y'all a very special Christmas\nYeah, brought along a couple of my friends\nTo make it funky for you\nYeah, oh this beat right here\nI did it about five minutes ago\nI had to do it\nHaha, yeah\nIt's Christmas time in the city y'all\nYeah, it's Christmas time in the city y'all\nBrought to you by Bigg Snoop Dogg\n\n[Hook: Snoop Dogg]\nIt's Christmas time\nIn the city\nWhere the folks get nutty\nAnd they greedy\nIt's Christmas time\nIn the city\nWhere the folks get nutty\nAnd greedy\n\n[Snoop Dogg]\nYeah, what it do\nI guess I'm the hip-hop Santa Claus\nBarin' gifts\nSlidin' through the sky, yeah\nBut I don't have no reindeers\nI got two blue-nosed pitbulls\nTo guide me through the night, yeah\nA very special Snoop Dogg Christmas\nOh boy\nSo getcha landy, and getcha eggnog\nYeah, it's all hood y'all\nNuh-uh\nI want y'all just to groove to this right here\nUh\nCause you know most CDs just be like slow music\nCan't really getcha groove on\nOh, I'mma let you groove on this one right here tho\nCome on, yeah", "image": "https://images.genius.com/e00df0a8dfdae29f5a3d1ad41324e546.700x700x1.jpg"}], "artist": "Snoop Dogg"}