{"songs": [{"title": "On TDE: \"They're Not Death Row\"", "album": null, "year": null, "lyrics": "No, they're not the new Death Row\n\n\n\nBecause TDE did it completely different than Death Row did it. Death Row did it with a gangster approach. We...we were smashin on niggas, we was fuckin people up. We was..determined to be the hardest, meanest, baddest, coldest, roughest toughest in the game. That was our mission. Uhh..TDE. Rappers. They're peaceful, they love, they get down. They got rappers from everywhere and they represent hip-hop and they don't represent negativity and violence. And tryin to mash and disrespect it. So it's like, that how Death row came.. We came out disrespectin' Eazy E and anyone who had a problem with Dr. Dre.\n\n\n\nThat was our first get down. It was \"fuck dem niggas up first\". That's not TDE mentality. Their mentality is cool with everybody. Kendrick Lamar flipped out on everybody. That's that Death Row influence, that may have cause him to backslide and feel a certain way. Which I support fully and his thoughts in what he said...Cause I'm from the West Coast, fuck errbody who got a problem with it.\n\n\n\nBut I don't feel like TDE and Death Row are the same thing in any way. I feel like Death Row paved the way for TDE...To do it in their own way... So they can stay around 20 years from now.\n\n\n\nCan ya dig that?", "image": "https://images.genius.com/8c99dd335733f9c3cf16f57c9f589cfb.361x361x1.jpg"}], "artist": "Snoop Dogg"}