{"songs": [{"title": "Motivation", "album": "220 - EP", "year": "2018-01-12", "lyrics": "[Intro]\nMotivation, this is motivation\nBen Billions\nThis is motivation, nephew\nYeah!\nIt's 2018 and I got something to motivate you\nI got something to get you right\n(Yeah, yeah, oh, oh, oh, Snoop Dogg)\n\n[Pre-Chorus]\nBefore you go to work, I get your mind right\nBefore you shoot your shot, I get your mind right\nBefore you hit the field, I get your mind right\nBefore you get you, I get your mind right\n\n[Chorus]\nI get you, I get you, I get your mind right\nI get you, I get you, I get your mind right\nI get you, I get you, I get your mind right\nI get you, I get you, I get your mind right\n\n[Pre-Chorus]\nBefore you go to work, I get your mind right\nBefore you hit the field, I get your mind right\nBefore you shoot your shot, I get your mind right\nBefore you get you, I get you\n\n[Chorus]\nI get you, I get you, I get your mind right\nI get you, I get you, I get your mind right\nI get you, I get you, I get your mind right\n(mind right, mind right)\nI get you mind right\n\n[Pre-Chorus]\nBefore you go to work, I get your mind right\nBefore you shoot your shot, I get your mind right\nBefore you hit the field, I get your mind right\n\n[Chorus]\nI get you, I get you, I get your mind right\nI get you, I get you, I get your mind right\nI get you, I get you, I get your mind right\nI get you, I get you, I get your mind right\n(oh, oh, oh)\n\n[Bridge]\nThis is motivation\nYou gotta get your mind right\n'Cause when you get your mind right\nThey say the body will follow (mind right)\nSee, my mind is clear (mind right)\nIt's a whole new year! (right)\nIt's motivation, baby\nThis is straight motivation! (feel me, oh)\nLet's go champ, let's go champ (get 'em, yeah)\nLet's go champ, yeah (get it, get it)\nMotivation, baby\nAy Ben Billions, we did it again, kuh\nWe got their mind right, we got it goin' on\nOne more time, let me hit that shit (oh)\n\n[Pre-Chorus]\nBefore you go to work, I get your mind right\nBefore you shoot your shot, I get your mind right\nBefore you hit the field, I get your mind right\nBefore you get you, I get you, I get you\n\n[Chorus]\nI get you, I get you, I get your mind right\nI get you, I get you, I get your mind right\nI get you, I get you, I get your mind right\nI get you, I get you, I get your mind right\n\n[Outro]\nMotivation (right on, right on), real motivation\nShoutout to all the players out there (play on, play on)\nLet's go champ (right on, right on)\nLet's go champ (right on, right on)\nLet's go champ (right on, right on)\nLet's go get 'em, let's go get 'em\nLet's go get 'em, let's go get 'em", "image": "https://images.genius.com/a3c66012d598b55a5202ebcefec79543.1000x1000x1.jpg"}], "artist": "Snoop Dogg"}