{"songs": [{"title": "Whats The Difference", "album": "That's My Work Vol. 2", "year": "2013-10-29", "lyrics": "[Verse 1]\nOh, it can't be right...\n\"How come?\" meets the end...\nBefore you leave me, say a word...\nAnd it's a waste of time\nI know that I change\nThe way your heart picks the ones you love\n\n[Hook]\nWhat's the difference when you say all the words?\nYou'll still be with her, and I'll be fighting for more\nWhat's the difference when you explain she's the one?\nNo, I don't think straight - 'cause I'm a woman who's madly in love\n\n[Verse 2]\nYou should say goodbye\nBut baby, it wouldn't even matter\n...the way I'm losing love\nThey say it'll pass...\nBut lately I don't even bother to leave the light on...\n\n[Hook x2]", "image": "https://images.genius.com/46b2706e09558ef97fa25e88b3d002ec.500x500x1.jpg"}], "artist": "Snoop Dogg"}