{"songs": [{"title": "Pronto (G-Mix)", "album": null, "year": null, "lyrics": "Feat. Bun B, Soulja Boy Tell 'Em\n[Intro: Snoop Dogg]\nWhat it do? Comin at you live\nIt's your boy Bigg Snoop Dogg\nGot my nephew Soulja Boy in this motherfucker\nAnd we need you to move like... pronto, like expeditiously\nMatter of fact, Soulja Boy, holla at 'em nephew\nYa diiiiiig?\n\n[Chorus: Soulja Boy]\nPronto; you know that's how we ball\nShe dancin on my drawers with my back against the wall\nS.O.D. boys got our money sittin tall\nWhile yo' money sittin small, then we make a phone kiz-zall\nKiz-zall, I'm callin all my boys\nThey gonna bring the noise when we hit the dance floor\nMy team hardcore, all the girls do adore\nI'm 'bout to do the game right til my feet get siz-zore, siz-zore\n\n[Soulja Boy]\nStepped on the scene, make the haters say damn it\nSoulja Boy Tell 'Em, hottest rapper on the planet\nYour girl love me, and I know you cain't stand it\nGotham City girls got your boy Bat-Mannered\nYour girl go hard like Dikembe Mutombo\nSoulja number one but I ain't talkin 'bout the combo\nS.O.D. boss yeah, I'm the head honcho\nWalk inside the club I need V.I.P. pronto\n\n[Chorus]\n[Snoop Dogg]\nGet it in, get it out, turn it up, turn it out\nBigg Snoop Dogg and Soulja Boy, told ya boy, in ya mouth\nMake it bang, make it bounce, break it up, take it out\nNigga what you talkin 'bout? Snoop Dogg, walk it out\nGo to work, do the jerk, do it 'til yo' head hurt\nWe the west, kiss the turf, known throughout the universe\nSuperman and kryptonite, all on the same mic\nSend us some bad bitches like... (pronto)\n\n[Chorus]\n[Bun B]\nChurch on the move, L7's yellin mayday\nRap-A-Lot and \"II Trill\" lookin fo' a payday\nRollin to \"The Chronic,\" it's feelin like it's +Dre Day+\nI'm cooler than an +Ice Cube+ and you can ask Day Day\nBun B, an O.G. from out the dirty\nI'm comin down candy and I'm sittin on them 30's\nYour girlie's kinda purty, she actin kinda flirty\nI'ma have to take her to the crib and flip her like a birdie\nPut on for my city (city) rep it for my block (block)\nLike Hook from outta Brooklyn, or Cap from outta Watts (Watts)\nThem knots up in my Levis, them Jordans on my toes (toes)\nThat Coogi's on my back and I'm just tryin to get chose (chose)\nS.O.D. Money Gang, sittin on them stacks (stacks)\nThat LBC O.G. with boppers on the track (track)\nAnd last but never least the Underground King is back\nAnd we tryin to make it crack, that's a fact, pronto (pronto)\n\n[Chorus]\n[Snoop Dogg]\nAll black hooded up, nigga we can get it up\nYeah you can set it up, cause we will never let it up\nAnd I'll do it 'til you get enough\nAnd I'll leave you dead and red and stuff\nWhat it do, what it is\nI see you haven't read enough\nThis is the life I chose for me, and this is the way I chose to be\nA lot of fools is cold to me, but that's just the way it's 'sposed to be\nNever went against the grain, always bang 20 Gang\nStand for something dog or you gon' fall for anything but\nLater for that, yeah I got my swag back\nI'm with the Soulja Boy, now nigga back back\nFor them G.C.'s and T.C.'s we in the V.I.P\nBlowin on some Laker purple trees, jerkin these\nWorkin these cute bad bitches, I think they Vietnamese\nWe gon' get them for they cheese\nBreak it down, spread it 'round, buy a pound\nPut it in the air right now~! Like pronto (pronto)\n\n[Chorus]", "image": "https://images.genius.com/8c99dd335733f9c3cf16f57c9f589cfb.361x361x1.jpg"}], "artist": "Snoop Dogg"}