{"songs": [{"title": "Stacey Adams", "album": "Tha Last Meal", "year": "2000-12-19", "lyrics": "Yeah\nA little something for all the O.G.s out there\nThat put the foundation together\nWas doin' this thang\nBefore I knew what to do with this thang right here\nYa know\nBut just to let them know what time it is\nAnd how we get down\nMe, Kokane, and Battlecat\nGone let y'all know how we do this thang here\nCheck this out y'all\n\nWe stay on point like Stacey Adams\n\n24 hours a day,7 days a week, can ya dig it?\nThat's real talk baby\nYou know what\nWe stay on point like Stacey Adams\nThat's real talk right there baby\n(Stacey Adams)\n\nVerse 1:\n\nI'm in a three piece suit\nLooking too cute\nMashin' flashin'\nLookin' for a prostitute\nBoo boo, you got that loot\nI'm watchin' you, you watchin' me\nIt's all to the gravy cuz it's V.I.P\nAnd everythang in here movin' belong to me\nThat component set, was given to me\nBy a pimp buddy of mine Disco D\nHe told me, Frisco E\nThis here gone be\nThe baddest pimp nigga that you ever gone see\nColder than Fillmore Slim\nTilt that brim\nSnoop Dogg gone sell that trick\nKeep it crackin' like pistachios\nGet that money\nAnd continue to mash these hoes\nAnd when the Player's Ball roll around again\nI'm guaranteed to win\nYou know why?\nCuz we\n\nChorus:\n\nWe stay on point like Stacey Adams\n24 hours a day, 7 days a week\nYea, yea\n\nYou know why?\nWe stay on point like Stacey Adams\nYou know that's all we know how to do\n(Stacey Adams)\nGee'd up to the feet up\n\nVerse 2:\n\nNot only that but uhh\nMake it spectacular\nPut on my black cape\nAnd look like Blackula\nSmack ya up with the shit that I drop\n911, call the cops\nThere's a bitch, snitch\nAin't that a bitch\nI can't trust nobody in this sonofabitch\nI get rich on the fakers who hate\nBakin' my cake\nAnd catch the Lakers at 8\nOn channel 9\nPop a bottle of wine\nThen at 10 hit the club\nWith my nephew Dub\n11:30, talkin' dirty to this little birdy\nI'm trying to get mine early\nI can't be seen with your girly\nContinue to mash these hoes\nI keep it crackin' like pistachios\nI get the money first\nWith no rehearsal\nSnoop D-O double G\nStill controversial\nAahhh\n\nChorus 3x", "image": "https://images.genius.com/1abc5e5fc609da0014a0675d49a1a15f.953x953x1.jpg"}], "artist": "Snoop Dogg"}