{"songs": [{"title": "Pop Pop Bang", "album": "Thats My Work Vol. 3", "year": "2014-02-27", "lyrics": "[Intro]\n\n[Hook x2]\nPop Pop Bang\nDo my Diddy\nClaim my gang\nRep my city\n\n[Verse 1]\nOne, two, three it's me\nBaby bopper, I'm hot as lava, I gotta be\nEight bottles, a lot of models, a pot of bean[?]\nTop dollar, the blue impala, know what I mean?\nDrifting away, you, you can't keep running away\nI wanted to say, we play the original way\nEither you stay, lay the pistol or pay\nWe official, okay?\nI got cooked up dope sent down from the bay\nFrom my cousin Ricky, with the sticky icky\nWest coast baby girl, come and fuck with me\n\n[Hook x2]\n\n[Verse 2]\nPeople come from everywhere to get a dose of the Cali life\nLike palm trees and bomb weed\nRiding on that sunset night\nHome of the crips, yeah cuz that's us\nRelative, gotta live, what it do blood?\nOnly grind one time, yeah that's the digs[?]\nBetter get some heat, when you're creeping through the beach\nTo each his own, the leash is long\nTurn it up and get your T.C on\nAnd tell em' Snoop Dogg sent him to the block\nLet it rock while it not\nMotherfucker, show you how to west coast\n\n[Hook x2]\n\n[Verse 3 - Daz]\nHomie keep it gangster, tell me how do these feel\nPop pop bang, swing it on three wheels\nHouse party g[?], we raised off of g-shit\nWhen it's time to get at it, you know we get sea-sick\nWe with the business by any means necessary\nYou can't fuck with us homie, we'll [?] and make it scary\nI popped her cherry, and she gave it up in a flash\nWe wanna bang with Snoop, we wanna bang with Daz\nHop inside a g-ride and glide, take a voyage\nBack to the east side, east side's where we're going\nWhere the hustlers [?] us raw with no worries at all\nWhen you learn to see [?] before you learn to crawl\n\n[Hook x2]\n\n\n[Outro]", "image": "https://images.genius.com/84ac60e2e266a0d4d5eaa555a3450fe0.500x500x1.jpg"}], "artist": "Snoop Dogg"}