{"songs": [{"title": "Class Room Intro", "album": "Doggystyle", "year": "1993-11-23", "lyrics": "Intro:\n\nGood Morning boys and girls, I'm your substitute teacher, Mr. Buckwort. The topic fo' today is, what you wanna be when you grow up. You, over there in the jean shirt, what you wanna be when you grow up?\n\n\"I wanna be a police officer\"\n\nAlright, that's a pretty good profession\nYou over there in that black shirt, what you wanna be when you grow up?\n\n\"I would like to be a fire man\"\n\nAlright, that's a pretty good profession too\nHey, you in the back with those french braids, what's yo name?\n\n\"My name is Snoop\"\n\nAlright Snoop, what you wanna be when you grow up?\n\n\"I wanna be a motherfuckin hustla, ya betta ask somebody\"", "image": "https://images.genius.com/d31a03639b8f8f4259b9b9da07972d52.996x1000x1.jpg"}], "artist": "Snoop Dogg"}