{"songs": [{"title": "Gold Rush", "album": "Tha Doggfather", "year": "1996-11-12", "lyrics": "[Verse 1: Snoop Dogg]\nJosey Wales was known for robbin' trains and banks\nLayin everybody down for diamond rings and chains\nIt remains the same in the year you live in, see\n'Cause if I pull out some heat, nigga, you'll go kick in\nAnd that's just the rules set by the fool from the ol' school\nWhen it's time to duel, you get two men\nTwo heaters, one street, one clock\nAnd when it strike twelve one of y'all gon' drop\nIf you're quick on the draw you're gon' see the morgue\nBut if you're too slow\nI catch you on the downlow (Oh no)\nOh no, you mean The Kid, shit's real\nI ain't no John Wayne, these niggas gangbang\nThe Four Horsemen, that's the click I'm wit\nYou mean the little bitty niggas with the itchy trigger fingers\nYeah, we're on a mission ta Kansas, slippin thru Texas\nWe stopped at Bonanza to get us some hot cakes\nBacon and eggs, and then we slip in the whorehouse to get us some leg\nHop back on the horses, enforcers of courses\nThe niggas in black, the fearless Four Horsemen\nSearchin for this location on the map\nThe gold rush, baby, got ta have it (I gots ta have it)\nIt feels just like it's 1865\nAnd a trigger look-a-day is how I ride\n\n[Verse 2: Kurupt]\nOn and on and on it's more strange\nTime to heat, shootin range\nQuick with the heat on their hip\nYoung Jesse James come to test your aim\nI seen you at th e Wild Horny Corral\nI hearda ya name\nTha forcify, nigga you ain't never lie\nBesides I'm in the mood so at high noon we ride\nFrom coast to coast, niggas mash on every stage coach\nMy disciples with rifles lethal in whole posts\nThe off-the-rocker roller coaster\nOn a six-shooter holster\nWith DPG on every Wanted poster\nLet me think about which bank to gank\nWhich fellow ta shoot and which teller to shank\nI want all the shit you got in stacks\nAttached to this skirt in the corner\nSo I snatched the bitch in the back\nThe Dogg in me feels for the lust\nBut the hogg in me makes me wanna bust\nBack to the drawin down board\nNowadays we drawn down more\nTo survive thru all the round wards\nBattle up or saddle up and shake the scene\nOr get'cha pockets shaken, clean the slugs in ya spleen\nI can't help it, I'm heartless, ya can't hack it\nWith my six-shooters on my hips and dusty jacket\nLike that cock back\nQuick to pull my strap\nJust to put the Horsemen on the map\n(The gold rush)\n\n[Verse 3: Techniec]\nBorn is Doggystyle, individual, James got the hots\nI got the six shots for all the plans and plots\nI gots lots o' cash stashed in money bags\nWorthy workers for all the Russian blabbermouths and gags\nI got stacks so my stacks excell\nHop in the coach wit my twelve Clydesdales and bells\nI'm on the move, smooth, to my decoy horse\nA 30-30 on my side to shoot a nigga o' course\nIt ain't no stoppin young Josey\nBox all the nosey\nHeaded to the saloon with my platoon where all the hoes be\nLeft a dusty trail, bailed in swell\nGold spurs on the Gators, set back the clientele\nOh well, for the recop I drop my bet\nDivide between my homies and ride the sunset\n\n[Verse 4: Bad Azz]\nTwo sacks o' money from the train heist\nThey ain't even counted it up\nJust mounted it up\nRode west toward the coaster, six-shooters in the holster\nPass thru a run-down town whose walls hold my poster\nCloser I get ta death which is every second makes me sweat\nSo I gotta have what I can get\nHeard word about the gold rush and headed West\nOn my white horsey with three straps in my napsack\nGiddy up, the next town I rode thru\nI had to threaten to blow their city up\nUndebts with Chief Black, caught five miles west\nSell us some beads and hail us some weed\nHe offered me a toke\nHe didn't have a 20 he had they peace-pipe smoke\nI almost choked\nBreak him for the get, right, I'm off into the sunset\nTryin ta reach my destiny fast\nIt's these two bags o' cash\n44's cocked I ain't makin no mo' stops\nTill I hit the spot, I made it twelve on the dot\nI slid off my boots, counted my loot\nFive minutes after the strike of midnight\nI counted 200 Gs, I cocked my strap and slept tight\n(At the gold rush, at the gold rush\nAt the gold rush, at the gold rush\nAt the, at the, at the)", "image": "https://images.genius.com/ecb7c80ab44a68c9d33f60b5fccd0a70.1000x1000x1.jpg"}], "artist": "Snoop Dogg"}