{"songs": [{"title": "Let Me See Em Up", "album": "COOLAID", "year": "2016-06-28", "lyrics": "[Intro: Swizz Beatz & Snoop Dogg]\nGo! Swizzy! Snoop Dogg!\n\n[Verse 1: Snoop Dogg]\nI\u2019m in the zone like, lockin\u2019 alone like\nNiggas keep talkin\u2019 but I\u2019m sittin' on the phone like\nPicking a bone like, sittin\u2019 on my throne like\nNiggas is wrong like, singing\u2019 my song like\nMy nigga I\u2019m so tight, spitin' with gold mic\nWalk through a dark cloud, came out in a strobe light\nRockin\u2019 a robe like, Hef with his hoes like\nHeavy is the head but to me it's just so light\nEat with the rich and get back to the low lifes\nCup with his Cool-Aid the flavor is so right\nDip in and floss like, ship it in one night\nFuck what it cost like, livin\u2019 the boss life\n\n[Hook: Swizz Beatz & Snoop Dogg]\nLemme see em, lemme see em, lemme see em up\nLemme-lemme see em, lemme see em, lemme see em up\nSnoop Dogg!\nAye, lemme see em, lemme see em, lemme see em low\nLemme-lemme see em, lemme see em, lemme see em low\nSnoop Dogg!\nAye, now that's what's up\n\n[Verse 2: Snoop Dogg]\nI\u2019m back in my zone like\nLiving a long life, stuffin\u2019 the bone like\nPuffin\u2019 a long night, pingin\u2019 the pong like\nSingin\u2019 a song like, King of the Kong like\nGodzilla fo'realla, my killas is so right\nIf it don\u2019t go right, make sure you all ride\nDeuce deuce and a Tec-9 with a .4-5\nNiggas is so dead, my nigga I\u2019m so live\nBack in my zone like niggas hittin\u2019 my phone like\nShoot him some bail like, cuz he won\u2019t tell right?\nThe homies don\u2019t act like, the homies don\u2019t act right\nUnder interrogation becomes cooperation\nThat's why I dealt like, solo and bolo like\nKick a little ass and talk shit like I\u2019m Dolomite\nDip in and floss like, ship it in one night\nFuck what it cost like, livin\u2019 the boss life\n\n[Hook: Swizz Beatz & Snoop Dogg]\nLemme see em, lemme see em, lemme see em up\nLemme-lemme see em, lemme see em, lemme see em up\nSnoop Dogg!\nAye, lemme see em, lemme see em, lemme see em low\nLemme-lemme see em, lemme see em, lemme see em low\nSnoop Dogg!\nAye, now thats whats up\n\n[Interlude: Snoop Dogg & Swizz Beatz]\nYeah yeah yeah yeah yeah\nYeah yeah yeah, yeah yeah yeah\nYeah yeah yeah yeah yeah, yeah yeah\nNow that's what's up\nYeah yeah yeah yeah yeah\nYeah yeah yeah yeah yeah\nYeah yeah yeah, yeah yeah yeah\nYeah yeah yeah yeah yeah\nNow that's what's up\nSnoop Dogg, Dogg, Dogg, Dogg!\nSnoop Dogg, Dogg, Dogg, Dogg! Yeah!\nSnoop Dogg, Dogg, Dogg, Dogg!\nSnoop Dogg, Dogg, Dogg, Dogg!\nDogg, Dogg, Dogg, Dogg!\nSnoop Dogg, Dogg, Dogg, Dogg!\nSwizzy, Swizzy, Swizzy! Aye\n\n[Hook: Swizz Beatz & Snoop Dogg]\nLemme see em, lemme see em, lemme see em up\nLemme-lemme see em, lemme see em, lemme see em up\nSnoop Dogg!\nAye, lemme see em, lemme see em, lemme see em low\nLemme-lemme see em, lemme see em, lemme see em low\nSnoop Dogg!\nAye, now thats whats up", "image": "https://images.genius.com/a417abe2f61213b3db18f28de7cdbc86.1000x1000x1.jpg"}], "artist": "Snoop Dogg"}