{"songs": [{"title": "Blessed & Highly Favored (Remix)", "album": "Bible of Love", "year": "2018-02-01", "lyrics": "[Verse 1]\nHe brought me through hard trials\nHe brought me through tribulations\nNever let a day go by and not realize\nHad not been for the Lord who was on my side\nBack was against the wall\nHe looked out for me\nHe heard my cry and rescued me\nNever let a day go by and not realize we are blessed\n\n[Chorus]\nDon't take it for granted that we are here today\nJust know that we're blessed and highly favored\nJust know that we're blessed and highly favored\n\n[Verse 1 (repeated)]\nHe brought me through hard trials\nHe brought me through tribulations\nNever let a day go by and not realize\nHad not been for the Lord who was on my side\nBack was against the wall\nHe looked out for me\nHe heard my cry and rescued me\nNever let a day go by and not realize we are blessed\n\n[Chorus]\nDon't take it for granted that we are here today\nJust know that we're blessed and highly favored\nJust know that we're blessed and highly favored\n\n[Bridge]\nAs I look back through the years\nIt's amazing how He kept me\nWhat the devil mean't for evil\nGod turned it around\nTurned it around just for my good\nI know that I am blessed and highly favored\nJust know that we're blessed and highly favored\n\nLet us think about it for a minute\n\n[Refrain (7x)]\nIt coulda' been me\nIt shoulda' been me\nIt woulda' been me if it wasn't for the blood\n\n[16x]\nGrace, mercy\nGrace, mercy\n\n[Outro]\nI am blessed and highly favored\nI-I am blessed and highly favored\nI-I am blessed and highly favored\nI am blessed-blessed and highly favored\nFavored-favored\nI-I am blessed and highly favored\nFavored-favored\nI am blessed and highly favored\n(I-I) I am blessed and highly favored\nI am blessed-blessed\nI am blessed and highly favored\nFavored-favored\nI am blessed and highly favored", "image": "https://images.genius.com/c9dee508f81bde784b713142dc6009e9.600x600x1.jpg"}], "artist": "Snoop Dogg"}