{"songs": [{"title": "Chronic", "album": null, "year": null, "lyrics": "Can we get a motherfuckin moment of silence, for the small chronic break?\nA-hah, niggas be brown-nosing these hoes and shit\nTakin bitches out to eat, and spendin money on these hoes, knowhatI'msayin?\nI treat a bitch like 7-Up I never have I never well\nI tell a bitch like this\nBitch, you without me is like Harry Melvin without Bluenotes\nYou'll never go platinum\nHey Daz, give me a light nigga", "image": "https://images.genius.com/8c99dd335733f9c3cf16f57c9f589cfb.361x361x1.jpg"}], "artist": "Snoop Dogg"}