{"songs": [{"title": "The Game", "album": null, "year": null, "lyrics": "Everywhere I Go\nWhen everyone who knows me\nKnows that I would stand alone\nIt's all part of the game\nThe game, the game, the game\n\nWhen you said I could move on and go\nYou said I'm weak and it shows\nI couldn't go on without you\nNow you're sitting in your house alone\nWondering why I left home\nAnd I'm hoping that you know\n\nHad to fake it till I made it\nAnd you try to break it\nNow you try to take it back\nBut you know that\nI've been doing my thing\nI've been running my game\nAnd you know I won't look back\n\nEverywhere I go\nWhen everyone who knows me\nKnows that I would stand alone\nIt's all part of the game\nThe game, the game, the game\n\nI'm standing on my toes\nTo the sky I know\nAnd you know you're the one to think\nIt's all part of the game\nThe game, the game, the game\nWe all play it the same\n\nAs you looked, you saw me walking out\nYou tried to knock me down\nI would go on without you\nNow you're sitting in the mess you made\nNow you're feeling my pain\nAnd I'm hoping that you know that\n\nI'm stronger cause you made me\nYou will never faze me\nYou can never take me down\nCause you know that\nI've been doing my thing\nI've been running my game\nAnd you know I won't look back\nYou know that\n\nEverywhere I go\nWhen everyone who knows me\nKnows that I would stand alone\nIt's all part of the game\nThe game, the game, the game\n\nI'm standing on my toes\nTo the sky I know\nAnd you know you're the one to think\nIt's all part of the game\nThe game, the game, the game\nWe all play it the same\nWe all play it the same", "image": "https://images.genius.com/8c99dd335733f9c3cf16f57c9f589cfb.361x361x1.jpg"}], "artist": "Snoop Dogg"}