{"songs": [{"title": "None of Mine", "album": "Make America Crip Again - EP", "year": "2017-10-27", "lyrics": "[Chorus]\nNone of my niggas (none of mine niggas)\nNone of my niggas snitchin' (none of mine niggas snitchin')\nNone of my niggas (all of my niggas)\nAll of my niggas shooters (all of my niggas shooters)\nNone of mine niggas (none of mine niggas)\nNone of mine niggas tellin' (none of mine niggas tellin')\nAll of my niggas (all of my niggas)\nAll of my niggas fellas (all of my niggas fellas)\nThrow bands, throw, nigga\nI don't know who shot\nSomebody got shot, nigga, I don't know did it (I don't know did it)\nNone of mine niggas (none of mine niggas)\nNone of mine niggas snitchin' (none of mine niggas snitchin')\nAll of my niggas (all of my niggas)\nAll of my niggas shooters (all of my niggas shooters)\n\n[Verse 1]\nNone my niggas ever snitched on a nigga\nEver told on a nigga but we stole on a nigga\nPop two shots for the worst lockdown\n'Cause the shit's getting hot on the block right now\nA lotta niggas don't know, bust with the 44\nTook his whole stack, now back with the coco\nCookin' it up, peepin', lookin' and cookin' it up\nI plan for the worst, stick the bitch up with the bands in the purse\nThen I get away, no one seen a thing\nShut your mouth or kiss the beam\nRace supreme like a New York nigga\nGet you clipped off, I'm a New York nigga\nWall renounce, bust you down\nWithout a sound, that's how I get down\nAnd dirty, fly 'round with it, birdy\nTouch my first 25 mill' when I turn 30\nYa heard me? And I'm still gettin' money homie\nNigga don't run up on me\n'Cause that'll be\nTake ten steps and battle me\nTurn, face and draw\nAll you saw was holopoints at yo' motherfuckin' jaw\n\n[Chorus]\nNone of my niggas (none of mine niggas)\nNone of my niggas snitchin' (none of mine niggas snitchin')\nAll of my niggas (all of my niggas)\nAll of my niggas shooters (all of my niggas shooters)\nNone of mine niggas (none of mine niggas)\nNone of mine niggas tellin' (none of mine niggas tellin')\nAll of my niggas (all of my niggas)\nAll of my niggas fellas (all of my niggas fellas)\nThrow bands, throw, nigga\nI don't know who shot (I don't know who shot)\nSomebody got shot, nigga, I don't know did it (I don't know did it)\nNone of my niggas (none of mine niggas)\nNone of my niggas snitchin' (none of mine niggas snitchin')\nAll of my niggas (all of my niggas)\nAll of my niggas shooters (all of my niggas shooters)\n\n[Verse 2]\nNigga talkin' shit, got shot in his motherfuckin' face\nThey ask me what I saw, I ain't seen a motherfuckin' thang\nWhat I look like, news nigga?\nMoved nigga? Used nigga?\nHoes, the game's to be sold\nNot to be told, \"for once to behold.\"\nGame with aggression, oppression\nLife is a lesson\nDon't fuck with Cuz, if he thinkin', talkin' or guessin' (snitch)\nClose your trap, in my area, we'll bust yo' gap\nHold you back from takin' a stand\nBeing a bitch and pointin' out your mans\nThat's some hoe shit we don't fuck with\nThis ain't made for all\nNigga, not y'all, just my dawgs\nThe game bang-related, non-negotiated\nReal as fuck, the bitch niggas hate it, so what?\nBlaze up, pour up, know what?\nWe gettin' fucked up\nFor all the real niggas worldwide, that ain't never snitch\nThink that a bitch?\n\n[Chorus]\nNone of my niggas (none of mine niggas)\nNone of my niggas snitchin' (none of mine niggas snitchin')\nAll of my niggas (all of my niggas)\nAll of my niggas shooters (all of my niggas shooters)\nNone of my niggas (none of mine niggas)\nNone of my niggas tellin' (none of mine niggas tellin')\nAll of my niggas (all of my niggas)\nAll of my niggas fellas (all of my niggas fellas)\nThrow bands, throw, nigga\nI don't know who shot (who? who?)\nSomebody got shot, nigga, I don't know did it (I don't know did it)\nNone of my niggas (none of mine niggas)\nNone of my niggas snitchin' (none of mine niggas snitchin')\nAll of my niggas (all of my niggas)\nAll of my niggas shooters (all of my niggas shooters)\n\n[Outro]\nShooters, shooters, shooters", "image": "https://images.genius.com/922ec31d9fecb22a0842e9ee65d6ee7c.637x637x1.jpg"}], "artist": "Snoop Dogg"}