{"songs": [{"title": "I Wanna Rock (Remix)", "album": null, "year": null, "lyrics": "[Intro: Sample courtesy of \"It Takes Two\" by Rob Base & DJ EZ Rock]\nRight about now!!!!!\n\n[Crowd Chanting] (Busta Rhymes):\nSNOOP!!!!! DOGG!!!!! (REMIX! BUSTA BUS! REMIX!)  SNOOP!!!!! DOGG!!!!!\n\n[Chorus: Crowd Chanting] (*Busta Rhymes)\n(Sample courtesy of \"It Takes Two\" by Rob Base & DJ EZ Rock)\n(*REMIX! BUSTA BUS! REMIX) (Rock-right now)\nHEY!!! HEY!!! HEY!!! HEY!!! (I wanna rock right now, rock-rock-right now)\n\n[Verse One: Busta Rhymes]\nBlame me, think they wired up because of Bus\nBack up in this bitch see I been quiet long enough\nIt's crack when I spit like you sniffed a little line of dust\nIn fact in this shit make your bitch wanna come and slide with sss!!!!!!!\n(YES!) Now close your blinders while I overshine\nReplay my sudden death rules fuck your overtime\nAlot of strippers in this bitch get on the pole and grind\nYou reach with a option of purchase while I'm ownin mine\n(YES!!!) Peep how I'm paradin this like no other\nSkatin like I'm roller bladin on this motherfucker!!!\nEvery single word I utter niggas know it's butter\nIf you uncomfortable you'll probably need to hold your motthhhherrrrr!!!!!\n(YES!!!) See when I go you know I always stick\nI got 'em rockin like a crackhead with a quart of brick\nBusta Bus Snoop Dogg you know we always sick\nThe greatest movie ever hope you enjoyin the flick\n\n[Chorus: Sample of \"It Takes Two\" by Rob Base & DJ EZ Rock] (Crowd Chanting)\nI wanna rock right now, rock-rock-right now\nI wanna rock right now, rock-rock-right now\nI wanna rock right now, rock-rock-right now\n(SNOOP!!!!! DOGG!!!!!)\nI wanna rock right now, rock-rock-right now\n(SNOOP!!!!! DOGG!!!!! SNOOP!!!!! DOGG!!!!!)\n(HEY!!! HEY!!! HEY!!! HEY!!!)\nI wanna rock right now, rock-rock-right now\n(HEY!!! HEY!!! HEY!!! HEY!!!)\nI wanna rock right now, rock-rock-right now\n\n[Verse Two: Snoop Dogg]\nIt's ya Eastside partner, Big Snoopy D-O\nTurned like D-lo, catch me on your TiVo\nLong Beach with me, the city and the turf chump\nGet turf stomped, fuckin with the turf punk\nI'm geeked up, I'm on my tip hoe\nTurn it up bee-itch, what you here foe?\nI'm goin all in, that's what I do\nMy little niggas jerkin, what's up with you?\nThis little rappin ass, niggas tappin out\nI'm almost twenty in, the fuck you rappin 'bout?!\nMy niggas peeled up, the homeys growin big\nI'm all in the club rollin twenty crips\nYou see a G, you better know the deal\nYou see the fellas fool, I'm in the streets for real\nI'm kickin on these hoes, do 'em like dominos\nI slam 'em on they back, and tell 'em vamanos\n\n[Chorus: Sample of \"It Takes Two\" by Rob Base & DJ EZ Rock] (Crowd Chanting)\nI wanna rock right now, rock-rock-right now\nI wanna rock right now, rock-rock-right now\nI wanna rock right now, rock-rock-right now\n(SNOOP!!!!! DOGG!!!!!)\nI wanna rock right now, rock-rock-right now\n(SNOOP!!!!! DOGG!!!!! SNOOP!!!!! DOGG!!!!!)\n(HEY!!! HEY!!! HEY!!! HEY!!!)\nI wanna rock right now, rock-rock-right now\n(HEY!!! HEY!!! HEY!!! HEY!!!)\nI wanna rock right now, rock-rock-right now\n\n[Verse Three: Snoop Dogg]\nI see 'em comin huh, that's what I heard em said\nThe .38 the same color's the Chevrolets'\n501s' on, gangsta lookin good\nI'm in the club holmes, Chuck'n up the hood\nWe the West boy, yeah you see the shirt\nSmokin on that Kobe, fuckin wit that purp\nI gotta get 'er mayne, baby hella thick\nShe said her name was Seven, call me Michael Vick {*panting*}\n'Cause I'm a dog, hoe, give 'em the dick and dash\nFuck whatchu called fo', if I ain't hit dat ass\nI'm Snoopy D-O-Dubb, I get it poppin cuz\nAnd when I'm in the buildin, they get to poppin up\nThey get to spendin cash, screamin T.I.U\nNow gon' Turn It Up, lil' mama look at you!\nI'm giggin on these hoes, do 'em like dominoes\nAnd slam 'em on they back, and tell 'em vamanos\n\n[Chorus: Sample of \"It Takes Two\" by Rob Base & DJ EZ Rock] (Crowd Chanting)\nI wanna rock right now, rock-rock-right now\n(SNOOP!!!!! DOGG!!!!!)\nI wanna rock right now, rock-rock-right now\n(SNOOP!!!!! DOGG!!!!! SNOOP!!!!! DOGG!!!!!)\n(HEY!!! HEY!!! HEY!!! HEY!!!)\nI wanna rock right now, rock-rock-right now)\n(HEY!!! HEY!!! HEY!!! HEY!!!)\nI wanna rock right now, rock-rock-right now)\n\n[Verse Four: Snoop Dogg]\nBoss Dogg chillin, lookin like a million\nYeah, nigga got it, I'ma leave it to my chil'ren\nTonight I'm on some other shit, and baby lovin it\nHella fast, grip dey ass like the oven mitt\nI'm gooned up, boy! Rich as fuck, boy!\nBlack and gold brakes, that's my truck, boy\nI'm on my Eastside, shit I'm workin\nI got the party goin, and it's jerkin\nMy niggas all long, we rollin out deck\nHoes gettin in, you betta pick a bitch\n'Cause when I shut it down, the party's over wit\nShe call me Superman, I'm on my +Soulja+ shit (YOOOOOOOU!)\nBoss Dogg, get 'em, I sick 'em and take 'em home\nWest Coast bitch, I'm on my fuckin throne\nI'm giggin on these hoes, do 'em like dominoes\nAnd slam 'em on they back, and tell 'em vamanos\n\n[Chorus: Sample of \"It Takes Two\" by Rob Base & DJ EZ Rock] (Crowd Chanting)\nI wanna rock right now, rock-rock-right now\n(SNOOP!!!!! DOGG!!!!!)\nI wanna rock right now, rock-rock-right now\n(SNOOP!!!!! DOGG!!!!! SNOOP!!!!! DOGG!!!!!)\n(HEY!!! HEY!!! HEY!!! HEY!!!)\nI wanna rock right now, rock-rock-right now\n(HEY!!! HEY!!! HEY!!! HEY!!!)\nI wanna rock right now, rock-rock-right now\nI Wanna rock right now", "image": "https://images.genius.com/8c99dd335733f9c3cf16f57c9f589cfb.361x361x1.jpg"}], "artist": "Snoop Dogg"}