{"songs": [{"title": "Hoes, Money & Clout", "album": "Da Game is to be Sold, Not to be Told", "year": "1998-08-04", "lyrics": "[Intro]\nDogg Pound\nDon Corleone, whatever, whatever, Dogg Pound, East Side\nDon Corleone whatever, whatever, Dogg Pound, East Side\nDon Corleone, whatever, whatever, Dogg Pound, East Side\n\n[Verse 1]\nFor all my homies with the eight tray Regals (ride on)\nAnd all the playas in the '79 Coupes (ride on)\nFor all of my gang affiliates in tha hoppin' '68\nThis ones from me to you (ride on)\nWell, not the Under Dogg, call me the Wonder Dogg\nI keep it crackin' while I'm stackin' in this game called rappin'\nNow I kick up my feet like I kick a rhyme to a beat\nAnd everytime you see me on the streets ,I gots some heat\nHell, yeah, then pass the beat\nAnd everybody wanna know what's up with me and Master P (ughh)\nFor your concern, you knew there wann't no gimmick\nWhen I got into some gangsta shit and told you wann't No Limit\nTo the thangs I'm gon' do\nNow it's really goin' down with the DPGC\nWell, Daz did the beat, and Kurupt got the heat\nAnd Tray Dee, he laid the hook and Supafly played the keys (woo, woo)\nUghh, it get no realer than this from the LB to the Down South\nAdd more killers to this entourage\nSouth, West, oh, yes\nWe in charge and we'll pull your cards\nNo disrespect or disregards\nLife in the big LB is gettin' hard (so what)\nSo my squad gon' mob and drop bombs\nRing the alarm, we causin' everybody harm\n\n[Chorus]\nI make ya scream (ahhhhhh)\nI make ya shout (ooooohhh)\nC'mon all you party people\nLet me turn ya out\nCuz you know I'm all about\nThe hoes, money, and clout\nAnd I rock a Long Beach City (heyyyyyy)\nAll the way down South\nI make ya scream (ahhhhhh)\nI make ya shout (ooooohhh)\nC'mon all you party people\nLet me turn ya out\nCuz you know I'm all about\nThe hoes, money, and clout\nAnd I rock a Long Beach City (heyyyyyy)\nAll the way down South\n\n[Interlude]\nCan you feel me?\nI can dig it\nHoes, take me to the bridge\nSnoop Dogg, Snoop Dogg (who)\nSnoop Dogg, Snoop Dogg (what)\nSnoop Dogg, Snoop Dogg (who)\nSnoop Dogg, Snoop Dogg\n\n[Verse 2]\nWhether in a Khaki suit or a pimped stripe\nI'm a G for G and dat there's for life\nYou can bet your bottom biscuit\nYou get twisted if you dwellin' in my felon intuition (what up)\nTha Doggfather is a household name\nFrom basketball to alcohol, everybody love the Dogg\nI'm sure Billy Clinton probably got a Doggystyle tape\nSomewhere hidden in his briefcase\nNewsweek, Rolling Stone, major magazines\nDope fiends, prom queens, we too clean\nTake a look you ain't ever seen\nOne hip-hop rapstar drop this West Coast rap-cord\nBack to the spot up top\nWest Hills for real, give it up to him (WC)\nI hoo-bang with diamond\nTake a hit with B-Legeezy or 40 Fonzereezy\nWith blue Colion playin' in the background\nOn the behind line with big style\nHitting P, LIG tell him let it go\nGame strong, no longer in the roll\nJust a few names from the respected files\nLBC styles, DPG ale\nI bought a house with a lake in the back\nMy big holey stack just like that\n\n[Chorus]\nI make ya scream (ahhhhhh)\nI make ya shout (ooooohhh)\nC'mon all you party people\nLet me turn ya out\nCuz you know I'm all about\nThe hoes, money, and clout\nAnd I rock a Long Beach City (heyyyyyy)\nAll the way down South\nI make ya scream (ahhhhhh)\nI make ya shout (ooooohhh)\nC'mon all you party people\nLet me turn ya out\nCuz you know I'm all about\nThe hoes, money, and clout\nAnd I rock a Long Beach City (heyyyyyy)\nAll the way down South", "image": "https://images.genius.com/cc7312525ce26f443efc158446aeedc3.1000x1000x1.jpg"}], "artist": "Snoop Dogg"}