{"songs": [{"title": "One More Day", "album": "Bible of Love", "year": "2018-02-22", "lyrics": "[Verse 1: Charlie Wilson]\nIt's just one more day\nThe lord has kept me (woah-woah-woah)\nOh, don't rush, keep the pace\nI'm focused on my goal\nI need to tell the story, yeah\n\n[Pre-Chorus: Charlie Wilson]\nGet together in a state to make me great\nEven when I fell flat on my face\nYou gave me grace\nLord knows that, I haven't been an angel and I'm no saint\nBut I'll always take the time to give you face\nFor all you've done for me\n\n[Chorus: Choir + (Charlie Wilson)]\nOne more day (one more day)\nOne more day (God)\nGod has given us (one more day)\nOne more day (one more day)\nOne more day (come on children)\nOne more day (God)\nGod has given us (one more day)\nOne more day (God)\nGod has given us (one more)\nOne more\n\n[Verse 2: Charlie Wilson + (Choir)]\nIt's just one more day\nThat the lord has kept me (woah-oah-oah)\nAnd I take this special moment (special moment)\nTo tell you about my life, the ups and downs\nYou don't know the half, it was almost a wrap for me\n\n[Pre-Chorus: Charlie Wilson]\nGet together in a state to make me great\nEven when I fell flat on my face\nYou gave me grace\nLord knows that, I haven't been an angel and I'm no saint\nBut I'll always take the time to give you face\nFor all you've done for me\n\n[Chorus: Choir + (Charlie Wilson)]\nOne more day (ooh-wee)\nOne more day (oh-a)\nGod has given us (one more day)\nOne more day (can you sing it again?)\nOne more day (oh-oh, one more)\nOne more day (God)\nGod has given us (has given us)\nOne more day (sing it again)\nGod has given us (one more)\nOne more (one more day)\n\n[Verse 3: Charlie Wilson]\nHe picked me up\nAnd he turned me around\nAnd he placed my feet\nAnd I'm looking pretty good right now\nFirst crackhead, that you ever did see\n\n[Refrain: Charlie Wilson + (Choir)]\nBut listen, I got a feeling (I got a feeling)\nIt's gonna be alright (it's gon' be alright)\nI got a feeling (I got a feeling)\nIt's gonna be alright (it's gon' be alright)\nI got a feeling (I got a feeling)\nIt's gonna be alright (it's gon' be alright)\nWith you by my side (you by my side)\nWe gonna win the fight (we gon' win the fight)\nOh, I got a feeling (I got a feeling)\nI got a feeling (I got a feeling)\nI got a feeling (I got a feeling)\nI got a feeling (I got a feeling)\nI got a feeling (I got a feeling)\nIt's gonna be alright (it's gon' be alright)\nI got a feeling (I got a feeling)\nIt's gonna be alright (woah-woah-woah)\nWith you by my side (you by my side)\nWe gonna win the fight (we gon' win the fight)\nI got a feeling (I got a feeling)\nIt's gonna be alright (it's gon' be alright)\nI got a feeling (I got a feeling)\nIt's gonna be alright (it's gon' be alright)\nI got a feeling (I got a feeling)\nI got a feeling (I got a feeling)\nI got a feeling, feeling, yee, yeah\nOh-oh, yeah", "image": "https://images.genius.com/c9dee508f81bde784b713142dc6009e9.600x600x1.jpg"}], "artist": "Snoop Dogg"}