{"songs": [{"title": "Don't Let Go", "album": "Da Game is to be Sold, Not to be Told", "year": "1998-08-04", "lyrics": "[Verse 1]\nI'm the coldest of the coldest, the dopest of the dopest\nThe smoothest of the smoothest and the locest of the locest\nThe whole world on point for this new joint that I just put together\nSo kindly, and you can find me on the Coast with the most, layin' high post\nPlayin' it close with a bunch of thug niggas, drug dealers\nProject fools, C-Murder pass them tools\nShit I'm 'bout to make these motherfuckers get up\nI draw the line between yours and mines and make sure you don't get lit up\nHit up the motherfuckin' set when I dip\n(Where you from?)\nDogg Pound motherfuckin' Gangsta Crip\nSplit wigs for a livin', everyday's Thanksgiving\nMotherfuck y'all rides, we slides, nigga we dippin'\nThe tank's driven by the colonel Mr. Master P\nLil' Silkky, Mystikal, C, and me and Fiend\nNigga don't be trippin', cause we got my lil' homie in the cut\nThat's Soulja Slim nigga, he known for dippin', what's up?\n(Don't let go)\nWe love to bang bang\nAnd the rap game is just like the dope game\nThe minute you forget it - forget it, you bit it\nBut them niggas know when you ain't with it\nThat's when they get ignant'\n(Don't let go)\n\n[Chorus]\nLife will twist ya like a twista, get twisted with this\nIt seems it's on, but it's off, I keep missin' and shit\nI'm high but I try to stay focused, wide eyed\nLookin' dead at the chips, I blink, they dip\n(Don't let go)\nLife will twist ya like a twista, get twisted with this\nIt seems it's on, but it's off, I keep missin' and shit\nI'm high but I try to stay focused, wide eyed\nLookin' dead at the chips, I blink, they dip, it's hard to hang on\n(Don't let go)...\n(Don't let go)...\n\n[Verse 2]\nCheck this out man -\nI'm the hardest of the hardest, the realest of the realest\nSee but I don't fuck with nothin' but G's, ballers, and killers\nSo pardon my expression G\nIf yo' bitch is seen with one of my niggas in the click\nYou best believe she done ate a gangsta dick\nAnd you can't fault one of my niggas for that\nShit, we just a bunch of thug niggas, ex-drug dealers\nThe kind of gangsta ass niggas that your bitch love niggas\nBut don't do that to yourself cause I'ma tell ya\nI love to plug niggas with the slug niggas\nNow if yo' bitch way out of line\nAnd you think about steppin' to Doggy Dogg, you better take your time\nCause you out on a limb fuckin' with Slim\nAnd you don't even know that, cause ain't nobody told him that\nI need to just show him that\nCause I'm a pistol packin', car jackin', hoe smackin' MC\nI don't know why all y'all bitches is fuckin' with me\nFuck all my enemies, I'm chasin cheese with G's\nServin' tapes and CD's by the three's and ki's\nNigga, Biggie was large, and 2Pac was too real\nThey had homies with heat on the street and they still got killed\nNow how the fuck did that happen?, I thought them niggas was rappin'\nBut in this real world, shit, murder keep thangs crackin'\nHomicides, drive-by's, and kidnappin'\nShit, when you head up out the door, nigga don't forget your fo'-fo'\nNever leave home without it, shit, why dogg?\nCause niggas everywhere gettin' rowdy and bout it, and don't doubt it\nReal violence aside, just don't forget it\nCause like I said, when you ain't with it, them niggas get ignant'\n\n[Chorus]\nLife will twist ya like a twista, get twisted with this\nIt seems it's on, but it's off, I keep missin' and shit\nI'm high but I try to stay focused, wide eyed\nLookin' dead at the chips, I blink, they dip\n(Don't let go)\nLife will twist ya like a twista, get twisted with this\nIt seems it's on, but it's off, I keep missin' and shit\nI'm high but I try to stay focused, wide eyed\nLookin' dead at the chips, I blink, they dip, it's hard to hang on\n(Don't let go)...\n(Don't let go)...\n(Don't let go)...", "image": "https://images.genius.com/cc7312525ce26f443efc158446aeedc3.1000x1000x1.jpg"}], "artist": "Snoop Dogg"}