{"songs": [{"title": "Snoop's Upside Ya Head", "album": "Tha Doggfather", "year": "1996-09-14", "lyrics": "[Intro]\nI think it's bout' time that we hit these niggas upside\nTheir head with some of that west coast\nGangsta' shit......... Ooh.....Wee!!!!!!!!!!\n\n[Verse 1]\nIt's a whole 'nother day\nI'm back up in ya'\nSnoop D-O-Double G\nI representa'\nBeen away for a while but you all know\nI'm still doggystylin' on Death Row\nGot shit locked down\nSewed up\nSo If you plan on comin' out nigga hold up\nThis a stick up\nDick up\nThey got yo' shit on the shelf, oh mine is too\nAnd guess who they gon' pick up?\nSome niggas think they know they shit\nBut they don't\nSome M-A's escape\nSome won't\nBumpin' heads with niggas\nWhere you from?\nEast Side Long Beach, nigga, 2-1\nThe homie just got paroled\nAnd he got more stories than the Highway Patrol\nTellin' me about the money Suge Knight stole\nBut don't let that shit leak, 'cause nigga I get swole\nNiggas tryin' to get in to get at me\nPut me up on game, tellin' me who gon' jack me\nBut ever since I was a puppy 'til I was full grown\nI never had no other dog pullin' on my bone\n\n[Chorus]\nSay Snoop's upside yo' head\nSay Snoop's upside yo' head\nSay Snoop's upside yo' head\nSay Snoop's upside yo' head\nSay Snoop's upside yo' head\nSay Snoop's upside yo' head\nSay Snoop's upside yo' head\nSay Snoop's upside yo' head\n\n[Verse 2]\nNiggas in the game be doin' way too much\nAkin' tough with this east-west coast stuff\nSee Me\nI'm all about my money mane\nI stay fly and dry\nI don't get caught up in the rain\nCuz game recognize game\nNo matter where you from\nWe all can get dumb, insane and\nTurn the party out\nWithout a doubt\nUnless\nYou them niggas who ain't got no clout\nLBC and B what?\nUh, my crew\nCuz uh, we out there smokin' on the krazy glue\nUpside yo' head like oops\nSnoop's\nThe shit, that you hear them bumpin' in the hoops\nCan't afford it\nHomeboy\nThis is finished\nI represented\nFrom V-A to Venice\nSo when it's timid\nAnd cold outside\nRely on the Doggy Dogg\nTo put the heat in yo' life\n\n[Chorus]\nSay Snoop's upside yo' head\nSay Snoop's upside yo' head\nSay Snoop's upside yo' head\nSay Snoop's upside yo' head\nSay Snoop's upside yo' head\nSay Snoop's upside yo' head\nSay Snoop's upside yo' head\nSay Snoop's upside yo' head\n\n[Verse 3]\nIt takes a whole lot\nTo be number one\nI can't walk down the street\nWithout my gun\nI can't trust these niggas fool\nIt ain't no fun\nI'm sittin' up in court\nCuz somebody got dumped\nWhat really counts is how the crowd bounce\nGo home and say\nSnoop rocked the parte`\nNobody got kilt\nIt's what got annouced\nI guess they got a chance to see Dr. Bombay\nBut I keep my heat in case niggas get cold\nWarm you up with the sheet\nZip you up and roll\nNow Doggystyle records is now official\nGettin' money at the Pliz-ate with my initials\nShippin' weapons overseas\nI'm makin' G's\nWhat who you make call enemies\nBut I\nSee nothing funny about\nMakin' money\nCuz uh\nWe all know it don't grow on trees\nSo I\nGotta' get what I gotta' get when I can\nUp early in the mo'ning wit' the Gap Band\nBurning rubber down to get a new car\nSo don't get jealous when you see me in the\nDouble R\n\n[Chorus]\nSay Snoop's upside yo' head\nSay Snoop's upside yo' head\nSay Snoop's upside yo' head\nSay Snoop's upside yo' head\nSay Snoop's upside yo' head\nSay Snoop's upside yo' head", "image": "https://images.genius.com/ecb7c80ab44a68c9d33f60b5fccd0a70.1000x1000x1.jpg"}], "artist": "Snoop Dogg"}