{"songs": [{"title": "Batman and robin - feat. lady of rage, rbx", "album": null, "year": null, "lyrics": "To the Batmobile, let's go\nAtomic batteries to power\nTurbines to speed\nRoger, ready to move out\nNo one can save the day like Batman\nRobin will make you sway like that and\nBeat for beat, rhyme for rhyme\nDeep in Gotham, fightin' crime\nNo one can save the day like Batman\nCommissioner X here\nBatman and Robin, we have a bit of a problem\nThere's trouble brewing in Gotham City\nYou must act fast\nHoly mackerel Batman, I think these clowns need a back hand\nLet's be the Gap Band and drop the bomb on 'em\nAnd make 'em scat man\nWhen you say \"scat man\" like the brother called brother\nWhen it's on, it's cold, so bring the coroner cover\nWe can take it to the basement, live with Tigger\nGo get The Riddler, to watch me play that nigga like a fiddler\nOn a hot tin roof, I got them watchin who?\nShe who spits it like she was sippin' rotten brew, ooh\nWe Marvel at you Comics, you ain't no Superhero\nYou just a stupid zero, you ain't hard like DeNiro\nSurprise, The Dynamic Duo\nBatman and Robin, gats set for squabbin'\nSplat, hit 'em like forty-five shells\nPlat, means more than one million sales\nThat's nuff shot to lick, you get done up\nPlus we got the Bat gats, so why would you run up?\nBatman, Batman, Batman\nAnd you're about to find out\nNo one, can save the day like Batman\nRobin, will make you sway like that and\nBeat for beat, rhyme for rhyme\nDeep in Gotham, fightin' crime\nNo one, can save the day like Batman\nAnd you're about to find out\nYeah, when it's beef in Gotham City I, gots to flip and\nHit 'em with the pow, bam, biff, whoa\nPick up your lips, don't trip, tie your shoelace\nWhen I spit, I split it, turn Harvey Dent into Two-Face\nRobin, I'm more than a sidekick, I'm more like the livest\nThey wanna go head up and collide\nAnd like collision, hope your moms made provisions\nSee, you ain't got no wins baby, not even a smidgen\nMad hostility dealt, now I'ma really be felt\nSwitch on my utility belt, make yo' facility melt\nI go Mad on yo' Hatter, watch yo' whole shit splatter\nGet wicked on yo' case like Detective Van Adder\nSo the, sayin' goes, if you snooze you lose\nTrust you do, me and Batman the Dynamic Two\nNo one, can save the day like Batman\nRobin, will make you sway like that and\nBeat for beat, rhyme for rhyme\nDeep in Gotham, fightin' crime\nNo one, can save the day like Batman\nCold day in Gotham in the Bat Cave chillin'\nCatnip for Catwoman so she caught the feelin'\nHuh, talk about flavor for a Pringle\nA favor for a favor maybe later we can mingle\nDamn, just then, the Bat Phone ringin'\nThey hoo-bangin' in Gotham, I got to do my thing\nBatman, war is on the brink\nIt seems that the Penguin is causing a stink\nCall up Robin quick, you know what to do\nAdd dye to the water and splash the town blue\nShit I'm there in a flash, Batmobile on 3's\nTrust me buddy, got heat for Mr. Freeze\nAnd Clayface will catch the embrace\nOf napalm when I drop my Bat Bomb\nAnd don't you forget it\nTakin' out you suckers and you don't know how I did it\nNo one can save the day like Batman\nRobin will make you sway like that and\nBeat for beat, rhyme for rhyme\nDeep in Gotham, fightin' crime\nNo one, can save the day like Batman\nRobin will make you sway like that and\nBeat for beat, rhyme for rhyme\nDeep in Gotham, fightin' crime\nDirty Dinkins Batman\nDid you see those crispy khaki creases on that rugged wretched?\nAiy-yo-yo-yo kick back Robin\nGet Alfred and tell him to have barbecued buffalo wings\nAnd a pitcher of Kool-Aid on chill\nIt's about to get real in the field\nLeapin' Lo-lo's, over there Batman, that's a no-no\nLet's hop out this fo'-do'\nYeah yeah yeah, systems engaged\nStart the Bat Engine, hit the Bat Switches\nYou ready Robin? Let's dip\nLet's dip! Holy Hoodrat Sally smokin' crack in the alley\nLet's dip! I mean, crazy kinfolk in Kingsville Batman!\nWe must, we must Batman! Listen to me\nHoly Leapin' Lizards and Gizzards and all that shit that come with it\nAnd potatoes on top with gravy in the middle\nGoddamn it Batman\nBatman!", "image": "https://images.genius.com/8c99dd335733f9c3cf16f57c9f589cfb.361x361x1.jpg"}], "artist": "Snoop Dogg"}