{"songs": [{"title": "A Pimp's Christmas Song", "album": "Christmas in tha Dogghouse", "year": "2008-12-16", "lyrics": "[Verse 1: Snoop Dogg]\nYeah this Pimps Christmas\nYeah this Pimps Christmas\nYeah this Pimps Christmas\nYeah this Pimps Christmas\nDecember 25th a pimp Christmas\nLet me check my gift list, I'm on some pimp shit\nYes indeed, I proceed to roll up the trees\nSnoopy DO-Double G aw nigga please\nLet me show you how it is what we lookin' for\nWe tryna get the dough I'm at the liqour store\nI'm tryna crack a hoe, you know I'm gettin' dough\nI'm in a Bentley you know that motherfucker snow\nIt's all white delight, you know its extra tight\nI'm tryna crack a bitch til I get my money right\nYou know I'm extra tight, I'm takin' hella flight\nCatch a bad bitch I'm just like Dolomite\nIt's a pimp Christmas, that's what it is nigga", "image": "https://images.genius.com/e00df0a8dfdae29f5a3d1ad41324e546.700x700x1.jpg"}], "artist": "Snoop Dogg"}