{"songs": [{"title": "Secrets", "album": "Malice N Wonderland", "year": "2009-12-08", "lyrics": "[Kokane] (Battlecat)\nWoah woah woah woah woah woah woah\nI got to snoop, so cold\nBig Snoop (Battlecat, Snoop Dogg)\n\n[Hook - Kokane]\nI hear the secrets that you keep\nWhen you're talking in your sleep\nI hear the secrets that you keep\nWhen you're talking in your sleep\n\n[Kokane]\nWhen you close your eyes and you go to sleep\nThat's when I ride, late night I be on the creep\nI'mma get you before you get me\nThem niggas that you hang with are so weak\nYou're talking shit about me\nTurn around and you're the homie\nMan that shit is phoney\nTried to set me up bro\nBut you were singing to my ho\n\n[Hook]\n\n[Snoop Dogg]\nFrom a nigga to a dub\nFrom a g to a scrub\nI'm a vet on the set\nI'mma show you what it was\nY'all flipping out, trippin' out\nCause I took a different route\n6-2 rag, hell yeah come dippin' out\nBeach city rider, 85'er, eastsider\nAin't none of y'all niggas live-er\nI hear the bad shit that y'all talk\nYou want to catch me out of pocket but I can't get caught\nI'mma show you what a bitch thought, a bitch taught\nA nigga got played out and layed out in chalk\nIt's a cold game\nIt's like a rap riddle\nNine times out of ten a bitch was in the middle\nMost neighborhoods started off cool\nIn the eighties it was Long Beach fool\nWith no seperation\nHere's a toast to the real shit, the foundation\nYou know my game is amazing\nI keep blazing\nEastside niggas is the craziest and the shadiest\nYeah dawg, tell 'em again\nWhat you talking 'bout loc?\nI got hell of a ends\n\n[Kokane] (Battlecat)\nHell boss\nHoping that her smiling exes fall (ego hustling loopholes)\nI'd always thought that you would've never have stabbed me everywhere\n\n[Snoop Dogg]\nMore rumors, more lies\nMore money, more time\nI don't really give a fuck cause you all gon' shine\nSo you better get yours and quit worrying 'bout mine\nI see it in your voice and I hear it in your eyes\nSo jealous, so envious\nWhat a drag\nReal talk loc, you ain't acting like a man\nYour message is how blessed you is\nI guess you is\nLook at the mess you in\n\n[Hook]\n\n[Kokane]\nWhen you close your eyes and you go to sleep\nThat's when I ride, late night I be on the creep\nI'mma get you before you get me\nThem niggas that you hang with are so weak\n\n[Hook]", "image": "https://images.genius.com/a9730b160b9e646d986f0b4659d2dc40.800x800x1.jpg"}], "artist": "Snoop Dogg"}