{"songs": [{"title": "Heaven", "album": null, "year": null, "lyrics": "[Intro]\n\n[Hook x2]\nHeaven\u2026 it wouldn\u2019t be the same without you\nWouldn\u2019t be the same without you\u2026 my, oh my\nI said heaven, it wouldn\u2019t be the same without you\nWouldn\u2019t be the same without you\u2026 my, oh my\n\n[Verse 1: Snoop Dogg]\nWhen I think of all the friends I lost\nTears fall from my eyes\nTears fall from my eyes\nFrom my eyes\u2026\nIf I could only bring \u2018em back\nIf I could only bring \u2018em back\nBring \u2018em back\u2026 and I would\nIt\u2019s so much goin\u2019 through in life\nBy and by\u2026 my, oh my\nYou don\u2019t know what I\u2019ve been goin\u2019 through\nThings ain\u2019t the same, and I miss you\nThey say you in a better place\nThey say you in a better place\n\n[Hook]\nHeaven\u2026 it wouldn\u2019t be the same without you\nWouldn\u2019t be the same without you\u2026 my, oh my\nI said heaven, it wouldn\u2019t be the same without you\nWouldn\u2019t be the same without you\u2026 my, oh my\n\n[Bridge: Snoop Dogg]\nYeah man\u2026\nWanna dedicate this song to a few of my loved ones\nThat went on to Heaven\nBig Herk\nMagic and Chastity Johnson\nNate Dogg\n2Pac\nAnd if you\u2019ve every lost somebody\nAnd you feel like we feel\nSing along with us right now\n\u2018Cause they in Heaven\u2026\n\n[Hook]", "image": "https://images.genius.com/8c99dd335733f9c3cf16f57c9f589cfb.361x361x1.jpg"}], "artist": "Snoop Dogg"}