{"songs": [{"title": "Doghouse", "album": null, "year": null, "lyrics": "Dogghouse\nGimme some of that G shit Goldie Loc\nYeah, that's what I'm talkin 'bout\nYeah, check this out y'all, uh huh huh\nSnoop Dogg\nWe got Snoop Dogg in the house tonight, with the\nHomeboy Tray-Deee\nWaniac, Trip Loc and Goldie, 4 Tay from the bay, what\nYou say\nWhat you say, huh? (we do this like everyday)\nDid ya get the dank, did ya get the dank?\nYeah I got the dank, you got the gas in the tank?\nV.I.P. status, don't need an apparatus\nCuz the niggas I fuck wit, they all about the cabbage\nDown in yellobrick road my destination, the DoggHouse\nToastin Remys, fillin' jimmies, we goin all out\nLookin for the wizard, creepin through the fog\nGot some bad ass bitches, headed to the player's ball\nThey gon be strippin and wigglin ass\nHope you brought your playa pass\nTray-Deee, Goldie half dead, the twins blaze sacks\nBigger than big everyday in L.A\n4 Tay representin for the whole damn yae, Beeyotch\n2ND Dogg\nDoggHouse, turnin it out, and if you ain't dope you\nGots to get\nThe fuck out, that's on the O G D P, (say what)\nAnd that's how it is when you fuckin wit me\nDon't matter how you come, use all angles\nTies become tangled when the cutthroat strangles\nMy hookup, long rangers\nBetter float like a nationwide sky pager\nThem hoes save us, talk about bein playas\nOn the real we can deal wit you playa haters\nWe hit the spot, every city got a block\nWhat you makin when you take it to a different type of\nLevel that it pops\nKnow the dogg keep the hip rocks, steady bangin\nHoes steady sangin from the gang that we claimin\nYo, it's Waniac, the maniac, Trip Loc won't you spit\nThat rap\nPark my shit and jump out, I'm at the homies spot\nTo see if he floatin with me up to the DoggHouse\nHit the weed he lightin, outside little niggas is\nFightin\nThis bomb, I'm likin\nHolla at my folks I know up in the complex\nNigga ready to ride as soon as he get dressed\nNow we ready to roll, hit the store, then the carpool\nLane\nOnce again it's on, big chiefin\nRemind me of the noisiest place\nLadies all over the place, and niggas super laced\nHow we like it, saggin in my 5 0 1\nKillin my lungs, keepin these homies and bitches on\nOne\nMan I got warrants, bad tax, still sayin fuck it\nHeaded up to DoggHouse swervin in a bucket\nPuffin on some bomb from my comrade Blue\nAnd got my little bitch catch a contact too\nHouse shoes with the blue khaki suit and my locs on\nSwoopin to some Soopafly, gettin my smoke on\nNigga Goldie Loc got the heat on roast it\n4 Tay on the way plus the twins is posted\nBout to set it off bet it's off the hook\nStraight crooks, gettin money off the books\nMakin nothin but that gangsta shit that niggas lovin\nThuggin at the house party, fuck goin clubbin\n2ND me hear you say pimps, banks, hustlers\nLet's all get the money then murder these\nMotherfuckers\nCocksuckers, they can't stop us\nNow put up your choppers, just in case they rollin wit\nThem coppers\nI shut em down, DoggPound for them bitches\nI be seein you with snitches everytime I'm hittin\nSwitches\nIce skatin over dicthes\nI'm true to the game, plus I'm out to get them riches\nI be mobbin down the road tryin to bag up my bags\nI'm saggin so hard I'm tearin up the back of my khakis\nI'm tryin to reach my dogg Dirty Red\nBut this hoe won't let me know, which way to go\nI'm movin slow\nMy chucks only come wit a hundred miles of walkin\nHundred miles of runnin smellin funny and I'm gunnin\nNigga\nDoggPound gangsta crip for life\nAnd we gon party in this motherfucker all damn night", "image": "https://images.genius.com/8c99dd335733f9c3cf16f57c9f589cfb.361x361x1.jpg"}], "artist": "Snoop Dogg"}