{"songs": [{"title": "Tru Tank Dogs", "album": "Da Game is to be Sold, Not to be Told", "year": "1998-08-04", "lyrics": "[Intro - Mystikal]\nWe been holding back too muthafuckin' long\nNigga fuck the dumb shit\nIt's time to represent nigga\nIt's time to represent nigga\nIt's time to let you niggas now man\nMystikal\n\n[Verse 1 - Mystikal]\nI'm the conscience in the toolbox that's coming for the carpenter\nI'm the leerer they call me clipping the suits flipping the car and they call me the godfather\nI'm one of the brand new number two pencils out the pencil sharpener\nI'm the scarlet water out the delta faucet\nI'm the rhyming I'm the artist\nI'm the vomit in the toilet\nI'm the comet when it charges\nI'm the drama in New Orleans\nI'm the vegetables that grow in the garden\nAll the weed, dope, coke, and alcohol at the parties\nI'm the M-I-A-C-H-E-L Tyler\nI'm the loud blakka, blakka, wakka, wakka, coming from behind ya\nI'm the stitches of the shirt that make the polo man trill in the side of the Timberland\nI'm the bells on trigger man\nWho? Me that's who!\nI'm the voice in the microphone coming from the booth\nI'm the ground when you think\nI'm the file on the shank\nI'm the pile in the bank\nI'm the round out the tank\n\n[Chorus - Mystikal and Snoop]\nI'm that nigga, Mystikal! (and I'm the Dogg)\nThat's that nigga (I like to hustle and ball)\nWe them niggas (yeah TRU tank dogs)\nThey them niggas (you don't want to fuck with at all)\nI'm that nigga, Mystikal! (and I'm the Dogg)\nThat's that nigga (I like to hustle and ball)\nWe them niggas (yeah, TRU tank dogs)\nThey them niggas (you don't want to fuck with at all)\n\n[Verse 2 - Snoop Dogg]\nKnuckle up nigga, knuckle up nigga\nIf you sleeping I'm creepin', so buckle up nigga\nKnuckle up nigga, knuckle up nigga\nIf you sleeping I'm trippin' buckle up nigga\nSnoop Dogg\nI'm in the club in New Orleans\nJust got finished eating a batch of chicken wings with some collard greens\nI'm down south in the house straight turning it out\nGot bitches in my face and I can slap they mouth\nWith all the shit that they be tweaking\nSome niggas be speaking\nGame leaking, but I'm streaking\nSnoop Dogg ain't leaking\nMy game is tough and tight\nSee ain't nothing like\nThis G shit nigga, this LBC shit nigga\nI'm thinking I'mma fall off in this club tonight\nWhere my old lady at? I'm tryna find a fight\nI'm in this muthafucka mad, drunk, stupid and shit\nReady to take off on a muthafuckin' trick-ass bitch\nOld pussy-ass nigga looking at me strange\nLike he don't know which gang I claim\nI'm a Dogg Pound gangsta till I fall off the planet, god damn it\nDon't take it for granted, biatch!\n\n[Outro - Mystikal and (Snoop Dogg)]\n(Bitch get your mind right, get your mind right)\n(Bitch get your mind right, get your mind right)\n(Bitch get your mind right, get your mind right)\n(Bitch get your mind right, get your mind right)\n(Bitch get your mind right, get your mind right)\n(Bitch get your mind right, get your mind right)\nPut up or shut up (pussy-ass nigga)\nPut your set up or shut up, (bitch-ass nigga)\nPut your set up or shut up, (bitch-ass nigga)\nPut your set up or shut up, (bitch-ass nigga)\nPut your set up or shut up, (bitch-ass nigga)\n(Where they at, hoe?)\n(Where they at, hoe? Where they at, where they at, where they at, hoe?)\n(Where they at, hoe, where they at, hoe? Where they at, where they at, where they at, hoe?)", "image": "https://images.genius.com/cc7312525ce26f443efc158446aeedc3.1000x1000x1.jpg"}], "artist": "Snoop Dogg"}