{"songs": [{"title": "Beautiful (Radio Edit)", "album": null, "year": null, "lyrics": "Ohh, ohh, oh, ohh, ohh\n(Oh, ooh)\nYeah, yeah, yeah, yeah\n(Oh, yeah, there's something about you)\nOhh, ohh, oh, ohh, ohh\n(Oh, ooh)\nYeah, yeah, yeah, yeah\n(Oh, yeah, there's something about you)\nBeautiful, I just want you to know\n(Oh, ooh)\nYou're my favorite girl\n(Ehh, oh yeah, there's something about you)\nBeautiful, I just want you to know\n(Oh, ooh)\nYou're my favorite girl\n(Ehh, oh yeah, there's something about you)\nI know you gon' lose it, this new Snoop shit\nCome on, baby boo, you gots ta get into it\n(Oh, ooh)\nDon't fool wit the playa with the cool whip\nYeah, yeah, you know I'm always on that cool shit\nWalk to it, do it how you do it\nHave a glass, lemme put you in the mood and\n(Oh, ooh)\nLil' cutie looking like a student\nLong hair, wit'cha big fat booty\nBack in the days, you was a girl I went to school wit\nHad to tell your moms and sister to cool it\n(Oh, ooh)\nThe girl wanna do it, I just might do it\nHere to walk wit some pimp-pimp fluid\nMami, don't worry, I won't abuse it\nHurry up and finish, so we can watch 'Clueless'\n(Oh, ooh)\nI laugh at these niggas when they ask who do this\nBut everybody know who girl that you is\nBeautiful, I just want you to know\n(Oh, ooh)\nYou're my favorite girl\n(Ehh, oh yeah, there's something about you)\nBeautiful, I just want you to know\n(Oh, ooh)\nYou're my favorite girl\n(Ehh, oh yeah, there's something about you)\nWhen I see my baby boo, shit, I get foolish\nSmack a nigga that tries to pursue it\n(Oh, ooh)\nHomeboy, she taken, just move it\nI asked you nicely, don't make the Dogg lose it\nWe just blow 'dro and keep the flow moving\nIn a '64, me and baby boo cruising\n(Oh, ooh)\nBody rag interior blue and\nHave them hydraulics squeaking when we screwing\nNow she's yelling, hollering out Snoop and\nHooting, hollering, hollering, hooting\n(Oh, ooh)\nBlack and beautiful, you the one I'm choosing\nHair long and black and curly like you're Cuban\nKeep grooving, that's what we doing\nAnd we gon' be together until your moms move in\n(Oh, ooh)\nOh yeah, there's something about you\nBeautiful, I just want you to know\n(Oh, ooh)\nYou're my favorite girl\n(Ehh, oh yeah, there's something about you)\nBeautiful, I just want you to know\n(Oh, ooh)\nYou're my favorite girl\n(Ehh, oh yeah, there's something about you)\nOhh, ohh, oh, ohh, ohh\n(Oh, ooh)\nYeah, yeah, yeah, yeah\n(Oh, yeah, there's something about you)\nOhh, ohh, oh, ohh, ohh\n(Oh, ooh)\nYeah, yeah, yeah, yeah\n(Oh, yeah, there's something about you)\nSee, I just want you to know\nThat you are really special\nOhh, why, oh, why, oh, why, oh, why?\nSee, I just want you to know\nThat you are really special\nOhh, why, oh, why, oh, why, oh, why?\nSnoop Dogg Clothing, that's what I'm groomed in\nYou got my pictures on the wall in your room-in\n(Oh, ooh)\nGirls be complaining you keep me booming\nBut girls like that wanna listen to Pat Boone\n(Ehh, oh yeah, there's something about you)\nYou's a college girl but that don't stop you from doing\nCome and see the Dogg in a hood near you-in\n(Oh, ooh)\nYou don't ask why I roll wit a crew and\nTwist up my fingers and wear dark blue-in\n(Ehh, oh yeah, there's something about you)\nOn the Eastside, that's the crew I choose\nNothing I do is new to you\n(Oh, ooh)\nI smack up the world if they rude to you\n(Ehh)\n'Cause baby girl, you so beautiful\nBeautiful, I just want you to know\n(Oh, ooh)\nYou're my favorite girl\n(Ehh, oh yeah, there's something about you)\nBeautiful, I just want you to know\n(Oh, ooh)\nYou're my favorite girl\n(Ehh, oh yeah, there's something about you)\nSee, I just want you to know\nThat you are really special\nOhh, why, oh, why, oh, why, oh, why?\nSee, I just want you to know\nThat you are really special\nOhh, why, oh, why, oh, why, oh, why?\nSee, I just want you to know\nThat you are really special\nOhh, why, oh, why, oh, why, oh, why?\nSee, I just want you to know\nThat you are really special\nOhh, why, oh, why, oh, why, oh, why?\nOh yeah, there's something about you, oh, ooh\nOh yeah, there's something about you, oh, ooh\nOh yeah, there's something about you, oh, ooh\n...", "image": "https://images.genius.com/8c99dd335733f9c3cf16f57c9f589cfb.361x361x1.jpg"}], "artist": "Snoop Dogg"}