{"songs": [{"title": "Signs", "album": "R&G (Rhythm & Gangsta): The Masterpiece", "year": "2004-11-16", "lyrics": "[Chorus: Justin Timberlake, Charlie Wilson & Snoop Dogg]\nI'm not sure what I see\nCupid don't fuck with me!\nAre you telling me this is a sign?\nShe's looking in my eyes, and I don't see no other guys\nAre you telling me this is a sign? (Oh)\nDon't think about it, boy leave her alone (Ooh wee)\nNigga you ain't no G!\nShe likes my tone, my cologne and the way I roll, you ain't no G!\n\n[Verse 1: Snoop Dogg]\nIt's legit, you know it's a hit\nWhen The Neptunes and the Doggy Dogg fin to spit\nYou know he's in - tune with the season\nCome here baby, tell me why you leaving?\nTell me if it's weed that you need\nIf you wanna breathe, I got the best weed minus seeds\nAin't nobody tripping, VIP they can't get in\nIf something go wrong then you know we get to Cripping\n\n[Chorus: Justin Timberlake + Snoop Dogg]\nI'm not sure what I see\nCupid don't fuck with me!\nAre you telling me this is a sign?\nShe's looking in my eyes, and I don't see no other guys\nAre you telling me this is a sign?\nDon't think about it, boy leave her alone (Oh, oh, yeah!)\nNigga you ain't no G!\nShe likes my tone, my cologne and the way I roll\n(Do-do-do-do-do-do) You ain't no G!\n\n[Verse 2: Snoop Dogg with Justin Timberlake]\nNow you stepping with a G, from Los Angeles\nWhere the helicopters got cameras\nJust to get a glimpse of our Chucks\nAnd our Khakis and our bouncing cars\nYou wit you friend right? (Yeah!)\nShe ain't trying to bring over no men right? (No!)\nShit, she ain't gotta be in the distance\nShe could get high all in an instant\n\n[Chorus: Justin Timberlake + Snoop Dogg]\nI'm not sure what I see\nCupid don't fuck with me!\nAre you telling me this is a sign?\nShe's looking in my eyes, and I don't see no other guys\nAre you telling me this is a sign?\nDon't think about it, boy leave her alone (Oh, oh, yeah!)\nNigga you ain't no G!\nShe likes my tone, my cologne and the way I roll\n(Do-do-do-do-do-do) You ain't no G!\n\n[Verse 3: Snoop Dogg]\nMami, mamacita, have you ever flown on G5s\nFrom London to Ibiza? You gotta have cake to\nYou'll have Sunday's with chiquitas\nYou'll see Venus and Serena, in the Wimbledon Arena\nAnd I can take you\n\n[Bridge: Charlie Wilson + Justin Timberlake]\n(Uncle Charlie, preach)\nNigga don't be young and foolish\nYou don't know what you're doing\nYou don't know what you've lost until she's gone (til she's gone)\nShe got a pretty face, drove you wild\nBut you ain't have that Snoop Doggy Dogg Style\n\n[Chorus: Justin Timberlake, Charlie Wilson & Snoop Dogg]\nI'm not sure what I see\nCupid don't fuck with me!\nAre you telling me this is a sign?\nShe's looking in my eyes, and I don't see no other guys\nAre you telling me this is a sign? (Oh)\nDon't think about it, boy leave her alone (Ooh wee)\nNigga you ain't no G!\nShe likes my tone, my cologne and the way I roll, you ain't no G!\n\n[Outro: Charlie Wilson]\nOoh wee!! Heeeeeee, hey!\nOoh wee!! Heeeeeee, hey!", "image": "https://images.genius.com/138d7fb65b21654d17c8a581a502af5a.628x630x1.jpg"}], "artist": "Snoop Dogg"}