{"songs": [{"title": "Around The World", "album": "Thats My Work Vol. 3", "year": "2014-02-27", "lyrics": "[Hook]\nAround the world, around the world\nAround the world, around the world\nAround the world, around the world\nAround the world, around the world\n\n[Verse 1 - Snoop Dogg]\nCatch us in M.I.A\nCleveland and Dallas\nWe be European, D-P-Gin' in malice\nRoll up the best dro, we here now\nTurn up, when you get down\nRoll call, all my dogs, spent 10 g's at the strip mall\n\n[Verse 2 - Daz]\nRound and round we go\nWhere we stop, no-one will know\nBaby it's [?] Austria, Beli[?], [?] Tokyo\nThen I, spin the globe, putting my fingers on it\nLike a G-6, pop a[?] flight then I'm [?]'in on it\nThen I zoom straight to [?], UK, Belgium, then back to France\n\n[Hook]\n\n[Verse 3 - Snoop Dogg]\nIt was all on you, now it's all on me\nAll around the world, this is volume three\nMe and my cousin, D-a-z\nAin't too many spots that we don't be\nMad when I play us[?]\nCute lil' Egyptian, met her in Arabia\nMad when a nigga stop paging her\nI had to let her know, I ain't saving ya\n\n[Verse 4 - Daz]\nYou know, we know the flight's [?]\nStrap it/traffic[?], ten [?]s with the flyest beach\nIn Dubai, you know we don't [?] smoking, we high\nAnd then we fly over to the states with the cars we drive\nAnd then we end up at the leopard nine[?]\nThis guy[?] gon' party like all day long\nWho gon' tell him when we end up next?\n[?] [?] [?] [?] beach cmon\n\n\n[Hook]\n\n[Bridge]\nAll around the world babe\nPeople say the same things\nPeople say they on they own\nBut they do the same thing\nAll around the world mayne\nEverything's the same game\nPeople say they on they own\nBut they do the same thing\n\n[Hook] x2", "image": "https://images.genius.com/84ac60e2e266a0d4d5eaa555a3450fe0.500x500x1.jpg"}], "artist": "Snoop Dogg"}