{"songs": [{"title": "Story to tell", "album": null, "year": null, "lyrics": "[Intro]\nYou're back now at the jack-off hour\nThis is DJ Eaazy Dick\nOn W-Balls\nRight now something new by Snoop Doggy Dogg\nAnd this one goes out to the ladies from all the guys\nA big bow wow wow\nCause we gonna make it a little misty here tonight\nThis is DJ Eazy Dick\nOn the station that slaps you across your fat ass\nWith a fat dick\n\n[Verse 1: Nate Dogg]\nWhen I met you last night, baby\nBefore you opened up your gap\nI had respect for you lady\nBut now I take it all back\nCause you gave me all your pussy\nAnd you even licked my balls\nLeave your number on the cabinet\nAnd I promise baby, I'll give you a call\nNext time I'm feeling kinda horny\nYou can come on over\nAnd I'll break you off\nAnd if you can't fuck that day baby\nJust lay back and open your mouth\nCause I have never met a girl\nThat I love in the whole wide world\n\n[Verse 2: Kurupt]\nWell if Kurupt gave a fuck about a bitch I'd always be broke\nI'd never have no motherfucking endo to smoke\nI gets loc'ed and loony\nBitch you can't do me\nDo we look like BBD, you hoochie groupie\nI have no love for hoes\nThat's something that I learned in tha Pound\nSo how the fuck am I supposed\nTo pay this ho just to lay this ho\nI know the pussy's mine\nI'mma fuck a couple more times\nAnd then I'm through with it\nThere's nothing else to do with it\nPass it to the homie, now you hit it\nCause she ain't nothing but a bitch to me\nAnd y'all know that bitches ain't shit to me\nI gives a fuck\nWhy don't y'all pay attention\nApproach her with a different proposition\nI'm Kurupt ho\nYou'll never be my only one, trick ass bitch\n\n[Hook]\nIt ain't no fun if the homies can't have none\n\n[Verse 3: Snoop Dogg]\nGuess who back in the motherfucking house\nWith a fat dick for your motherfucking mouth\nHoes recognize, niggas do too\nCause when bitches get scandalous and pull a voodoo\nWhat you gon do\nYou really don't know\nSo I'd advise you not to trust that ho\nSilly of me to fall in love with a bitch\nKnowing damn well I'm too caught up with my grip\nNow as the sun rotates and my game grows bigger\nHow many bitches wanna fuck this nigga named Snoop\nDoggy, I'm all the above\nI'm too swift on my toes to get caught up with you hoes\nBut see it ain't no fun\nIf my homies can't get a taste of it\nCause you know I don't love em\n\n[Verse 4: Warren G]\nHey now you know\nInhale, exhale with my flow\nOne for the money, two for the bitches\nThree to get ready and four to hit the switches\nIn my Chevy, '64 -- red to be exact\nWith bitches on my side and bitches on my back\nSo back up, bitch, because I'm struggling\nSo get on your knees and then start juggling\nThese motherfucking nuts in your mouth\nIt's me, Warren G the nigga with the clout", "image": "https://images.genius.com/8c99dd335733f9c3cf16f57c9f589cfb.361x361x1.jpg"}], "artist": "Snoop Dogg"}