{"songs": [{"title": "Snoop Dogg (What's My Name Part 2)", "album": "Tha Last Meal", "year": "2000-10-17", "lyrics": "[Intro]\nS-N-double-O-P D-O-double-gi-zee\nD-O-double-gi-zee, D-O-double-gi-zee!\nS-N-double-O-P D-O-double-gi-zee\nD-O-double-gi-zee, D-O-double-gi-zee!\n\n[Snoop talks over Intro]\nIzzle kizzle, fo' schizzle\nMy nizzle, what you sizzle?\nFo' schizzle bizzle, ha ha\n\n[Snoop Dogg]\nMe and my partner, in my Impala\nPoppin our collars, tossin up dollars\nA truck on the side of with hoes that wanna follow\nBet a hundred dollars that they all wanna swallow\nDoggy Doggfather\nI do it to you real hard then it gets harder\nIt's nada - thang on mine, I bang on mine\nI smoke an ounce and bounce at the same time\nIt's off the limbo with Timbo, you motherfuckin bimbo\nSo quit knockin at my window, you nympho-maniac\nBring it back, now shake it up\nPut it on the table, now break it up\nGive it to me, now put a lighter on the end of it\nIt really don't matter what you spent on it\nAs long as you're gettin what you paid for\nThat's what it made for, ain't that what you stayed for?\n\n[Hook]\nWho's that dippin' in the Cadillac? (Snoop Dogg)\nSmoke 'til your eyes get cataracts (Snoop Dogg)\nWho got a girl layin on her back? (Snoop Dogg)\nWho's that makin that paper stack? (Snoop Dogg)\n\n[Snoop Dogg]\nYou play me and I'll play you\nYou pay me and I'll pay you\nHold on boo, you got the game all wrong\nThis ain't yo' thang, this my song\nMove on, we in the club at the Shark Bar\nValeted my keys and park my car\nNo snap shots cause I might get popped\nAs I slide by security, givin 'em props (whattup, whattup)\nFirst thing I do, when I get in\nLet me take you back to when I first slid in\nGrab my gi-din, get my pid-in\nPut my bid in, no bullshittin (no bullshittin)\nWe be sittin, in the corner\nWith smoke comin' from up under us like we sittin in the sauna\nBurnin up the charts (burnin up the charts)\nBreak a bitch heart, lil' mama don't you start\n\n[Hook]\n\n[Interlude: repeat 2X]\nS-N-double-O-P D-O-double-gi-zee\nD-O-double-gi-zee, D-O-double-gi-zee!\n\n[Snoop Dogg]\nTick tock, the ice on my watch\nSlap me 'cross the face around two o'clock\nBut the party don't stop till we blow up (ka-boom!)\nNow every lil' bitch wanna show up\nManuev'in to this, groovin to this\nDippin to this, flippin to this, trippin to this\nAin't no skippin to this, trust this\nBust this, it's too hot to touch this (ahh!)\nHe say, she say, I say no way\nDon't need foreplay, okay, obey\nEverything that I say..\nAnd every day'll be like a holiday\nI put you in the front seat of my car\nAnd roll you 'round town like a superstar\nRecline your seat and turn up the beat\nNumber one with a bullet, rollin down the motherfuckin backstreets\n\n[Hook] - repeat 2X\n\n(Timbaland making vocal scratches to fade)", "image": "https://images.genius.com/e2849817aa918943576340e36e712387.301x301x1.jpg"}], "artist": "Snoop Dogg"}