{"songs": [{"title": "On The Boulevard", "album": null, "year": null, "lyrics": "You in the office of the good doc again, let's walk again\nIt's like clock again, the hood rock again\nYou should pop it in,ain't take it out\nThat shit play on, you can't make it out\nThe world ain't set for what I'm about to do\nNinety-six tracks mixed down to two\nI stepped out the booth, called up Snoop\nLike toucan, Dre got colorful loops\n\nWe can shoot, we can scrap\nWe can rap, we can act\nWe can mack these bitches, whatever you want\nOl' bitch ass niggas think it's better to front\n\nHow it be on the West, forever the hunt\n\nBut I won't wear no bull's eye (Bull's eye eye)\nBull's eye is how these fools die (Die die)\nWaitin' on school by (By by)\nHave you on the news by (By)\n\nY'all know how the story goes\nWe give a fuck about award shows\n\nSame shit about hoes\n\nReal niggas own platinum balls\nI ain't got it on my neck nigga check my walls\nI think y'all just tryin' to insight us\nYo I see how the world can't see these Eastsidaz\nAll y'all wanna criticize, fuckin' with us tryin' to get a ride\nThat's when my shit flies\n\nAnd here's where the pimp lies\n\nI spit game at the globe\nFirst week deuce five\n\n[Chorus]\nI'd rather be ridin' than walkin'\nWhile all you loud mouth niggas keep talkin'\nAll you high paid niggas stay fly\nI'ma slide left, fly right on by\nI'ma do it on the boulevard\nFast bitches, fast cars and stars\nStayin' boxed up eatin' caviar\nLookin' for the next play to have it all, ah nah\n\nIt's funny how the game goes\nNew face but they look like the same hoes\nI try to get away, everybody wanna hit of Dre\nStay focused, bang I done hit a day\n\nNigga fuck what cha' heard, shit is all lies\nNiggas mad Dre and Snoop stayin' multi\n\nMy career in fifth gear while y'all's dyin'\n\nYou thinkin' California all sun and surf, for sho'\nI can see you walkin' under the Earth\n\nMy gun burst em'\n\nAnd I still got my first mil'\nStill bounce till I feel like the Earth tilt\n\nEvery club, Dre and Snoop loudest\nG-Funk, get it crunk like the Dirty South\nHold ya mouth, you ain't worth a third of me\n\nA word from me, exclusive as a surgery\nBut I don't use a scalpel, chainsaw shoppin'\n\nLike that\n\nWhole staff'll come through and spin\nEither on the film or the two-inch wheel\nBehind the wheel of a sixty-four\nI can't stop till I done fifty totes\n\nY'all motherfuckers know me\nI smoke a lot of weed, sayin' fuck a pass like Kobe\n\n[Chorus]\n[Repeat x4]\nRock on, rock on keep movin' on\nGroovin' on and hold ya on\n\n[Chorus]", "image": "https://images.genius.com/8c99dd335733f9c3cf16f57c9f589cfb.361x361x1.jpg"}], "artist": "Snoop Dogg"}