{"songs": [{"title": "Happy Birthday Pt. 2", "album": "Thats My Work Vol. 3", "year": "2014-02-27", "lyrics": "[Intro: Snoop Dogg]\nYea, sound good too\nThe piano man\nYea\nCome around my way\n\n[Hook]\nLet [?] stay, everday's a holiday\nEverything's a [?]\nYou should come around my way!\nLet [?] stay, everyday's a holiday\nAlready know we don't play\nBut you could come around my way\n\n[Verse 1: Snoop Dogg]\nPimpin' in the worst way\nI fall up in this bitch so quick\nHappy birthday!\nCelebrate, drink up, get your cake up\nBaby pick up your bank up\nThe music is cranking\nI blew one bleezy, had the whole speezy stankin'\nLaws outdoors plotting and thinking\nDip off through the backdoor in a 7, 6, lincoln\nFlammable, flavour, flavourfull baby\nInterchangeable and available, baby\nListen, intermission, for wishin', [?] in a mansion\nSeventeen room expansion\nScott Storch on The keys\nBlond bitches with palm trees and bomb weed\nLord have mercy\nBaby baby please\nCome dip out with some real motherfucking OG's\n\n[Hook]\n\n[Verse 2: Snoop Dogg]\nI party like Mick Jagger\nA go-getter\nMy Nigga Imma go get her\nI walk through the living room\nSee that trick door right there?\nYea that lead to the swimming pool\nI got about 30 whips\nBaby say dogg, if we strip can we skinny dip?\nI oblige fool, I'm from the eastside\nNigga we reside, eyes on the [?]\nTalk to me baby boo it's your world\nIce you out now they call you a snow girl\nUh, lincoln with the range rover\nBoss dog, Boss lady, game over\nYea, these are the pimpalympics\nLet me lay down these new linguistics\nCombination like fries with fishsticks\nOr a good girl with some bad intensions\n\n[Hook]\n\n[Verse 3: Snoop Dogg]\nWalk your tips off now talk your lips off\nIt's my birthday, so break my gifts off\nComputers screens and buddha green\nDoggy Dog is the king, baby boo you the queen\nAnd I'm, I'm much meaner than [?]\nI'm feaning her body\nLodi dodi convening her potty\nExtremely naughty\nGo ahead and beam me a [?]\nCause this is a D.P.G.C party\nHappy birthday!\n\n[Hook]\n\n[Outro: Snoop Dogg]\nEveryday's your birthday if you fuck with me\nHappy birthday\nYeah, it's your birthday\nHappy birthday", "image": "https://images.rapgenius.com/9f6a3d8005a0d9e5cf68cb3e457b3c95.128x128x1.jpg"}], "artist": "Snoop Dogg"}