{"songs": [{"title": "World Class", "album": null, "year": null, "lyrics": "[Chorus]\nI'm not trying to be right try to be wrong\nI'm just try to make it out here on my own\nI said I do a lot of things but I probably never change\nI'm not trying to be right try to be wrong\nI just try to make it on my own\nI said I do a lot of things but I probably be the same\n\nEvery time I try to get my life to get to someone it seems\nWhat you are doing try to ruin my hopes and my dreams\nPush away and always go get away\nKeep some grams in my pants have a hit a day\nAm I wrong am I right\nDo I care living life\nOn my own papa's home what am I feeling like\nMusician premonition what you call it...\nDo your thing with... back upon it\nLucky... oh how I used to be I am probably the same way cook\nAs I will probably keep the g secretly you all are backing with me\nSo we... expecting to get their photo come back stage and hit my...\nCool individual I am never too good... is from hood\nNever from hollywood\n\n[Chorus]\nGrowing up I don't know as much\nI was too busy chasing money and all the stuff till I was old enough\nGetting every dollar before... so they could know it's us\nEvery party we are showing up bagging full of... never too long nigga\nMatter of fact you can have it the one in rotation my motivation is savage\n... and nigga think they are but they ain't no comparing\nAnd they are not doing no harm but I think there is no comparing\nI keep making deposits and no way no interference\nI am your broadcast I just... just smell... when I go past\n... I am kind of hot but you should know that\n\n[Chorus]", "image": "https://images.genius.com/8c99dd335733f9c3cf16f57c9f589cfb.361x361x1.jpg"}], "artist": "Snoop Dogg"}