{"songs": [{"title": "Hit Rocks", "album": "Smokefest Underground", "year": "2000-10-31", "lyrics": "[Chorus:3X]\nCuz were all a little strong\nIn the beach where the paper's long\nBut as for me my only G is when I'm buss'n rocks\n\nNow when I wake up in the morining\nAnd I get up out my bed\nI fell good, oh yes I do\nCause I still can give it up for you {What up cuz}\n\n[Chorus]\nCuz where all a little strong\nIn the beach where the papers long\nBut as for me I only G when I'm buss'n rocks {Dogg Pound}\n\nCuz were all a little strong\nIn the beach where the papers long\nBut as for me I only G when I'm Buss'n rocks {So take that}\n\n[Verse One:]\nYou know you gotta have heart\nI told you niggas from the start\nIf I'm still in it I'm in it for life\nAlways stay down and keep my muthafucking game tight\nCuz ever since elementary or was it pre school cool\nI was a muthafuckin fool\nI had to have papers it was routine\nA young nigga on a mission for them collard greens\nI shake niggas, break niggas, make niggas , shank theyselves\nFor fuckin with my wealth\nAnd it'll catch on\nCuz if it don't it's on\nAnd cuz I ain't even slippin when I'm all alone\nSittin back laughin' in the chronic zone\nClown me, you're wrong\nSurround me, you're gone\nAnd it's the same old song\nNigga paper so long\nThey call him Snoop Capone\nSo if you want me, get him, got him\nShoot him, shot him\nBut now they call me Snoop Gotti\nAnd that's all I LBC betta yet\nThat's all I DPGC\n\n[Chorus:2X\nHook w/ chorus]\n\nYea Eastside\nYea Westside\nYea Eastside, for life\n\n[Verse Two]\nI'm slappin bones\nTryin to get some bones\nWith some dogg pound gangstas in front of my home\nBigg 6, bigg 5 3's with ya bitches\nMy girls in the kitchen cookin up some fish\nI'm blastin at this nigga that was trippin\nKnuckle head nigga, thought I was slippin\nBut I wasn't slippin I was on deck\nI blast his ass, peck peck know his shirts wet\nDead gone lights out\nWith no remorse, I had to take him out\nI'm laughin at this shit cause it was funny\nFuckin with the dogg I take your life and your money\nAnd now I dip too my spot\nAnd set up shop with yo rocks\nAnd bet nobody speak on the 8-7\nCuz still all doggs go to heaven\nFrom my hood to your hood\nGame reconize it's all to the good\nSo here's a toast to the indo\nDoing it like it's the thang to do\nI thought you knew\n\n[Chorus: 2X\nHook  w/ chorus]\n\nEastside, westside\nYea\nEastside for life\n\n[Chorus:2X]\n\n[Verse Three]\nFreestylin, C-stylin\nSnoop and Pooh comin through fixin to take you to the island\nWhere the bitches and the bud come free\nAnd everybody listen to the D-O double G\nHoes on my dick, niggas on my nuts\nPeople be lovin me because I drop cuts\nThat makes sense and make big money\nSnoop is that nigga who don't half to play funny\nBut I got your honey up under my wing\nCuz she like that song that the bow wow sing\nI'll put her in a cling\nI won't buy her a ring\nBut I'll put her on a hoe stroller, make me some green\nAnd even if she never even saw me before\nThere's just no way that she can tell me no\n'Cause my game's unbelievable baby\nAnd it's strong enough to make your grandmama pay me\n\n**Snoop talking**\nYou know what I'm sayin\nIs this the question that you have to ask?\nOnly the strong survive\nBut you gotta ask the questions:\nWho are the survivors? Eastsidaz yea\n\n[Chorus:4X\nHook 2X w chorus]\n\nYea Eastside Westside\nYea\nEastside for life\n\n**Snoop talkin**\nDPGC\nWest coast\nGangsta shit\nDJ Pooh\nThat nigga Snoop Dogg\nDPGC yea\nOld school to the new school\nWest Coast rules fool\nYou betta ask sombody\nDPGC ya\nYea\n\n[Chorus to fade]", "image": "https://images.genius.com/e7d84865e8d21f7778aa93228a899a2c.599x623x1.jpg"}], "artist": "Snoop Dogg"}