{"songs": [{"title": "Been Around Tha World", "album": "Ego Trippin'", "year": "2008-03-07", "lyrics": "[Intro: Snoop Dogg]\nYeah, this record is for my baby, my baby boo\nI know I'm always on the road, I'm always gone\nAnd you say I don't ever make records for you no mo'\nWell this record is from me to you baby\nYeah, real talk\n\n[Chorus: Latonya Givens]\nBeen around the worrrrrld\nI done been to many places, seen some unfamiliar faces\nBut baby none of them compares to youuuuu\nSoon as I get home I'm racin' to unplug my phone\n\n[Verse 1: Snoop Dogg]\nI seen everything twice\nBeen around the world I seen every scene twice\nStompin' down in Tokyo, dippin' in the rice\nI'm a boss at the wind, I cracked every color dice\nI do it big, fuck the rumors\nRich and infamous with the blue and gray Pumas\nGangstas don't die they just move to Miami\nI did all that, I was voted my (?)\nI'm somethin' like Sammy\nSmoother than Marvin, I need me a Tammi\nSippin' Chardonnay, makin' bills on my hands-free\nFather Hood, now the actors can't stand me\nCause I own rap and I'm comin' for your day job\nUntil then, I'm chillin' at the day spa\nRelax my mind and just chill\nCause without you, none of this is real\nBaby you know I\n\n[Chorus: Latonya Givens]\nBeen around the worrrrrld\nI done been to many places, seen some unfamiliar faces\nBut baby none of them compares to youuuuu\nSoon as I get home I'm racin' to unplug my phone\n\n[Verse 2: Snoop Dogg]\nYeah, but now I'm back across the water\nI'm in Sydney with somebody's daughter\nBlowin' sticky by the zips\nAnd they can tell by how my rag hang, nigga this Crip\nBut I'm chillin'; it feels so good to get away\nEspecially when your name is D-O-double-Gizzee\nCoast to coast jettin', man I been doin that\nWhat y'all just start ballin' Cuz? I been up out the trap\nPoppin' P's with the bosses\n300 for the yacht, the third deck got an office\nDockin' down in Monaco, churchin' with my folks\nBad Lucc had me dyin' when he fell up out that boat\nMy life is like a movie\nBut the bad guy don't die at the end, so sue me\nThen I relax and chill\nCause without you, none of this is real\nBaby you know I\n\n[Chorus: Latonya Givens]\nBeen around the worrrrrld\nI done been to many places, seen some unfamiliar faces\nBut baby none of them compares to youuuuu\nSoon as I get home I'm racin' to unplug my phone\nBeen around the worrrrrld\nI done been to many places, seen some unfamiliar faces\nBut baby none of them compares to youuuuu\nSoon as I get home I'm racin' to unplug my phone\n\n[Outro: Snoop Dogg]\nSee you baby\nYeah I'm on my way home right now\nI'm on my way right now!\nI'm leavin' the studio right now\n(None of them, none of them, yeahhhhhh)\nYeah, soon as I get home I'ma, I'ma go unplug it\nMatter fact I ain't even gon' bring it in the house\nSee you in a minute", "image": "https://images.genius.com/fd5ace5214e5da1f374653720da7d1c1.1000x1000x1.jpg"}], "artist": "Snoop Dogg"}