{"songs": [{"title": "Sad But True", "album": null, "year": null, "lyrics": "Hey I'm your life\nI'm the one who takes you there\nHey I'm your life\nI'm the one who cares\nThey, They betray\nI'm your only true friend now\nThey, They'll betray\nI'm forever there\nI'm your dream, make you real\nI'm your eyes when you must steal\nI'm your pain when you can't feel\nSad but true\n(Fast, fast, fast!)\nSad but true!", "image": "https://images.genius.com/8c99dd335733f9c3cf16f57c9f589cfb.361x361x1.jpg"}], "artist": "Snoop Dogg"}