{"songs": [{"title": "Wet (Snoop Dogg vs. David Guetta) [Remix]", "album": "Doggumentary", "year": null, "lyrics": "Big Snoop Dogg\nCan you be my doctor?\nCan you fix me up?\nCan you wipe me down?\nSo I can lick you up\nMake you give it up, Give it up\nTil you say my name\nLike a jersey, jersey\nSh-ttin' down the game\nBe my head coach\nSo you can put me in\nAnd never take me out\nTil you can taste the win\nDo it again and again\nTil you say my name\nAnd by the way I'm so glad that you came\n\nTell me baby are you wet (wet, wet, wet, wet, wet)\nI'm wanna get you wet (wet, wet, wet, wet, wet)\nTell tell me baby are you wet (wet, wet, wet, wet, wet)\nI just wanna get you wet wet wet (wet, wet, wet, wet, wet)\n\nDrip, drip, drip, drip, for me mami\nCan you drip, drip, drip\nDrip drip, drip, drip for me mami\nCan you drip, drip, drip\n\nShe's hot on a rainy day\nDon't drown\nCall me up\nI can save you now\nLick your feet and kiss your mouth\nSwisha sweet, I got your wrap\nThere's only one way we can stop the drought\nCome with me take a trip down south\nI can tell she's thirsty\nI'm in the hole like a birdie\nWhat you wanna do tonight\nIt's still early\nWanna get some food tonight\nShe's lost 30\nI'm in between your lips\nLike a cigarette\nShe wanna quit\nBut she wanna make it, make it, make it wet\n\nI'm wanna get you wet\n\nTell tell me baby are you wet\nI just wanna get you wet wet wet\n\nDrip, drip, drip, drip, for me mami\nCan you drip, drip, drip\nDrip drip, drip, drip for me mami\nCan you drip, drip, drip\n\nCan you, can you get me up?\nLike I'm late for the first class\nSo I can give it to you rough\nLike a first draft\nFold you like a paper plane\nYou know 'bout that paper babe\nBut fuck them dollar bills\nGirl make it rain\nHoliday Inn\nCome meet me on the 8th floor\nDamn it feels good but I feel bad for them maids though\nAnd I, and I I apologize\nBut when I slip inside I turn girls into slip n slides\nIt's a flood in your heart love\nGirl let me pop up in your hot tub, aye\nEvery night every day\nSippin' on a different drink\nDifferent chicks different days\nI do it different ways\nWhere you going\nWhatcha say\nI want her river flowing to another lake\nAnother ocean another ocean\nOn the beach on the beach\nI'm bout to take a swim\nLet let me dip my feet and get wet\n\nI wanna get you wet\nTell tell me baby are you wet\nI just wanna get you wet wet wet\n\nDrip, drip, drip, drip, for me mami\nCan you drip, drip, drip\nDrip drip, drip, drip for me mami\nCan you drip, drip, drip", "image": "https://images.genius.com/bf66457764b32165c7cdb2908ea44580.1000x1000x1.jpg"}], "artist": "Snoop Dogg"}