{"songs": [{"title": "Sensual Seduction - Album Version (Edited) FINAL", "album": null, "year": null, "lyrics": "I'm gonna take my time\nShe gon' get hers before I\nI'm gonna take it slow\nI'm not gonna rush the stroke\n\nSo she can get a sensual seduction\nSo I can get a sensual seduction\nSo we can get a sensual seduction\nSensual seduction\n\nShe might be with him\nBut she's thinking 'bout me, me, me\nWe don't go to the mall\nWe don't go out to eat, eat, eat\n\nAll that we ever do\nIs play in the sheets, sheets, sheets\nSmoke us a cigarette\nAnd go back to sleep, sleep, sleep\n\n'Cuz we done got a sensual seduction\nSensual seduction\nSensual seduction\nSensual seduction\n\nI'm gonna take my time\nShe gon' get hers before I\nI'm gonna take it slow\nI'm not gonna rush the stroke\n\nIf ya don't know by know\nDoggy Dogg is a freak, freak, freak\nI keep a bad bitch with me\nSeven days out the week, week, week\n\nAnd all that we ever do\nIs play in the sheets, sheets, sheets\nThen smoke us a cigarette\nThen go back to sleep, sleep, sleep\n\n'Cuz we done got a sensual seduction\nSensual seduction\nSensual seduction\nSensual seduction\n\nI was all in da club, havin' a drink, no one on the suite\nWhen I peeped this little freak out\nI was all on the bar when drifter Shawty Redd came over\nThen she hit the floor, now\n\nWith a see through dress, long hair, light brown eyes\nLookin' like Miss Bo Peep\nAnd a playa know if I take her home, with them real big hips\nShe's so right I'm gon' beat\n\nSo I approached the chick with the real pretty face\nNice curves although with a little bitty waist\nI whispered in her ear, \"Lil' mama, what you drink?\nI know that you're a freak but you know that I ain't gon' say sh[it]\"\n\nSee my game is outrageous\nI got her to the crib and exchanged some love faces\nBut it was no need for me to rush to bust one\n'Cuz I wanted her to have an eruption\n\nSensual seduction\nSensual seduction\nSensual seduction\nSensual seduction\nSensual seduction\nSensual seduction", "image": "https://images.genius.com/8c99dd335733f9c3cf16f57c9f589cfb.361x361x1.jpg"}], "artist": "Snoop Dogg"}