{"songs": [{"title": "Buss'n Rocks", "album": "No Limit Top Dogg", "year": "1999-05-11", "lyrics": "Another smoke session up in this motherfucker\nBlaze some shit up for me Q\nYea, wussup Dogg, this is whut I'm talkin bout\nSome of that gangsta shit (Eastside)\nShuttin these niggas up (Shut em up shut em up dogg)\nWestcoast nigga, Quik and Snoop Dogg (Forever)\n9-9 nigga\n\nWhen I wake up in the morning and I get up out my bed\nI feel good, o yes I do\nCause I still can give it up for you\n\nChorus:\nCause we're all a little strong\nIn the Beach, where the paper's long\nBut as for me\nI only G when I'm buss'n rocks\nDogg Pound\n(repeat)\n\nVerse One:\nNigga, you know you gotta have heart\nI told you niggas from the start\nIf I'm still in it, I'm in it for life\nAlways stay down and keep my motha fuckin' game tight\nCause ever since Elementary, or was it Pre-school Quik?\nI was a motha fuckin' fool\nI had to have papers it was routine\nA young nigga on a mission for them collard greens\nI, shake niggas\nBreak Niggas\nMake niggas, shank theyselves\nFor fuckin with my wealth (nigga)\nAnd it'll catch on\nCause if it don't, it's on\nAnd, cuzz, I ain't even slippin' when I'm all alone\nSittin' back loungin' in the Chronic Zone\nClown me ya gone\nSurround me, it's on\nGet the money you're gone\nMy niggas' paper so long\nThey call him Snoop Capone\nSo if you want me, get me, got me\nShould have shot him\nBut now they call me Snoop Gotti\nAnd that's all I LBC\nBetta yet, that's all I DPGC\n\nChorus (2x)\n\nVerse Two:\nI'm slappin' bones\nIn front of my home\nChoppin' game on the phone\nSmokin' a zone\nBig 6, big 5-3's with ya bitches\nMy girls in the kitchen, cookin' up some fish and\nI'm blastin' at this nigga that was trippin'\nO, knuckle head nigga, thought I was slippin'\nBut I wasn't slippin', I was on deck\nI blast his ass, peck peck now his shirt's wet\nDead, gone, light's out\nWith no remorse, I had to take him out\nI'm laughin' at this shit cause it was funny\nFuckin' with the dogg I take your life and your money\nAnd then I dip to my spot (dip dip)\nAnd set up shop with yo rocks (motha fucka)\nAnd nobody gon' speak on the 8-7\nCause still, all doggs go to heaven\n\nChorus (2x)\n\nVerse 3:\nI'm freestylin'\nC-stylin'\nSnoop and Quik comin' through we fin' to take you to the island\nWhere the bitches and the bud come free\nAnd everybody listen to the D-O double G\nHoes on my dick, niggas on my nuts\nPeople be lovin' me because I drop cuts\nThat makes sense, it make big money\nSee Snoop is that nigga who don't hafta play funny\nBut I got yo honey, up under my wing\nCause she like the song that the bow-wow sing\nI'll put her in a cling\nI won't buy her a ring\nBut I'll put her on the ho-stroll to make me some green\nAnd even if she never even saw me befo'\nThere's just no way that she can tell me no\nYou know my game's unbelievable baby (uh uh, uh uh)\nAnd it's strong enough to make your grandmama pay me\n\nChorus (2x)\n\nWest coast, gangsta shit\nMy nigga DJ Q\nYea\nLike I told y'all\nDPG for the 9-9\nDPG, yea Top Dogg, fo sho'\nSmoke y'all", "image": "https://images.genius.com/96262525a2f5c48018386a9b9ec0e619.500x498x1.jpg"}], "artist": "Snoop Dogg"}