{"songs": [{"title": "Voices of Praise", "album": "Bible of Love", "year": "2018-03-16", "lyrics": "[Intro: Snoop Dogg]\nSee, a lot of you brothers and sisters\nAre so busy pointing the finger at someone else\nInstead of looking in the mirror at your own self\n\n[Verse 1: Snoop Dogg (Chorus)]\n(I see you playing games with that smile on your face)\nI see you playing games with that smile on your face\n(It takes a dedicated person to run this race)\nYou got to be dedicated to run this race\n(You're telling everybody how to live their lives)\nHow you gon' tell me how to live my life?\n(But you treat your fellow man like a thief in the night)\nBut treat your brother man like a thief in the night\nYou know you ain't right\n(You wanna be a Christian but you won't pay the price)\nOh, you wanna be saved but you don't wanna pay the price\n(You're duckin' and dodgin' like cheese-eatin' mice)\nDuckin' and dodgin'. Hidin'\n(You're straddling the fence and you can't make a choice)\nWhat'choo gon' do?\n(If you don't get your soul right, you're gonna be lost)\nYou better get your life right", "image": "https://images.genius.com/c9dee508f81bde784b713142dc6009e9.600x600x1.jpg"}], "artist": "Snoop Dogg"}