{"songs": [{"title": "Tune in to Doggy's Station", "album": null, "year": null, "lyrics": "[Warren G]\nWell it's the Dub-A double R-E-N\nPower 106 in the mix again\nIt's the Dogghouse servin 48\nSo grab your Gin and bounce rock skates\n\n[Snoop Dogg]\nWhat's up with you Warren G ?\nEverything on me, it's your homie Snoop Dogg from the DPG\nEverything is everything in the LBC\nGrass green in the douce lookin way too ???\n\n[Warren G]\nWell homie ain't No Limit to what you do\nYou got the Longbeach malician ride with you\nSo we gonna ??? on every block\nSo you better run and grab your Glock\nCause I'm lookin for you and I'm lookin for you\nAnd when I snatch your ass, your ass is trough\n\n[Snoop Dogg]\nI had my show for a minute\nMy hands all in it\nNow everybody wanna know what's up with me and No Limit\nHellyeah I get paid with the homie Master P\nAnd I never forget where I'm from; G-Dub\n\n[Warren G]\nWell I'm gonna get it\nAnd I'm gonna spit it\nWeither there is No Limit or G-Funk\nAll the homies is with it\n\n[Snoop Dogg]\nThe sky is all grey and I'm drinkin Brew\nWe're 3 million deep and I'm the leader of the crew\nAsk Kurupt he got game like Coopie(?)\nI ain't nothing but a playa, that's what your mamma told me\nWhen you're all alone and you're sitting at home\nAnd you feel like hollaring at the Dogg on the phone\nNever hesitate to call 411845059\nGangsta's ride ??? ??? drank\nHitting on the chronic as a ??? smash the sun\nFeels good to be a westcoast representer\nA long way from me on the TV dinner(?)\nGot my own show like Jerry Springer\nAnd it's quite off the hook, in fact it's off the ???\nSo L-O-C's and D-O-G's: 310 714 213, we out\n\n[Chorus, Snoop Dogg]\nWhen you're at home\nAnd you're alone\nTune In To Doggy's Station\nWhen you're at home\nAnd you're alone\nTune In To Doggy's Station", "image": "https://images.genius.com/8c99dd335733f9c3cf16f57c9f589cfb.361x361x1.jpg"}], "artist": "Snoop Dogg"}