{"songs": [{"title": "Snooperman", "album": null, "year": "1995-01-01", "lyrics": "[Intro]\nLook up in the sky, it's a bird, it's a plane\nNo that's... Snooperman\n\n[Verse 1]\nI said some pimp juice\nI lay low to get loose\nWord on the streets is Doggy Dogg got the goose\nOn the moon\nCause he got a lot to prove\nHe never tasted the fever this one he gon' lose\nOn the deuce\nI once wanted the truce\nBut fuck that, this nigga think he bulletproof\nI can't talk him, so I brought chalk to him\nI had the lame on the asphalt, bitch nigga ask how\nDPGC, L-O-N-G-B-E-A-C-H\nIs the only way that we play\nI catch a nigga by the collar\nAct like we need to holler\nI let you slide when you fuck me up the million dollars\nBought me a bitch, a house and a Impala\nAnd that they call me top dollar\n\n[Hook]\nI do like I do it, can't nobody do it like I can\nI'm Snooperman\nLook up in the sky, real high like a bird so I'm fly\nI'm Snooperman\nI do like I do it, can't nobody do it like I can\nI'm Snooperman\n\n[Verse 2]\nIt was December 18th seven days before Christmas\nI was at the pad putting together my wish list\nBack then I mean my game was so vicious\nI had to shoot a nigga, just cause he was on bitch shit\nI mean it seemed so senseless\nBut I'm a superhero so my life is relentless\nBiting rhymes nah, I be biting grinds\nAnd fucking niggas up accross of the line\nFlying through the sky like a bird off that purple light\nYou niggas can't wait for me to turn it out\nI flip a style, crip a while, gon' honey child\nRan up about a hundred miles\nThrew about a hundred styles\nYou can check my file I'm the one and only\nI make records for the girls and the lil homies\n\n[Hook]\nI do like I do it, can't nobody do it like I can\nI'm Snooperman\nLook up in the sky, real high like a bird so I'm fly\nI'm Snooperman\nI do like I do it, can't nobody do it like I can\nI'm Snooperman\n\n[Interlude]\nWow Snooperman is totally awesome\nI used to wanna be Batman, The Incredible Hulk\nSpiderman fuck them\nI wanna be Snooperman\nHe is the greatest superhero of all time\nI love you Snooperman, you're the greatest\nWoah Snooperman my hero\n\n[Hook]\nI do like I do it, can't nobody do it like I can\nI'm Snooperman\nLook up in the sky, real high like a bird so I'm fly\nI'm Snooperman\nI do like I do it, can't nobody do it like I can\nI'm Snooperman", "image": "https://images.genius.com/8c99dd335733f9c3cf16f57c9f589cfb.361x361x1.jpg"}], "artist": "Snoop Dogg"}