{"songs": [{"title": "Life Goes On", "album": "Snoop Dogg presents Tha Eastsidaz", "year": "2000-02-01", "lyrics": "[Chorus Kokane (Snoop Dogg)]\nLife Goes on (Life, Life, Life, Yeah)\nLife Goes on (Life, Life)\n\n[Snoop Dogg]\nLil Tone, Lil Loc Half Dead ken folk\nPapa Loc, gun smoke, beer bottles & dope\nRemines twist shit blaze it up and spit this real shit\nFor the homies that R.I.P\nDon't trip on crip we keep ya'll alive\nMeech dogg bigg Ernest, Fred dogg 3 times\nLike bub Scarface, T-Loc 1 & 2\nBig 40 mick dogg this ones for you\nSammy Parker we ain't forgot about you O.G. cuzz\nI'mma show these niggas how it's supposed to be done\nG-Bo gator, you know I ain't no hater\nI'mma holla at you later\nTic toc don't stop big East slap rock\nRemember Boot, Murf & Dale - I miss the homies a lot\nD-O-Dubb you the realest nigga I feel it dogg\nMan my love ones I miss yall (miss yall)\n\n[Chorus: Kokane (Snoop Dogg)]\nLife Goes on (Life, Life, Life)\nLife Goes on (Life, Remember, Remember Ya'll)\nRemember tha G'z that were, here now there gone\nLife goes on (Life, Life, Life)\n\n[Snoop Dogg]\nPancake Lil man, Lil Tray & Jay dogg\nGod bless ya'll souls and listem may ya'll\nKids live a long life, live a strong life\nNot the wrong life, let em live they own life\nG'dub, Jeff hogin we keep it rollin\nPancho loc & my homeboy Nollan\nBig blue from the rear block\nYou keep it real wit a nigga since the pop loc, you bought me soda pop\nMy nigga cartoon, Lil Noock & Pete Both from the north\nWe meet in 7th grade on the B-Ball court\nJust like the homie Demon Loc\nDamn too many of my homies got smoked\nBefore I lost 2Pac I lost my Grand Pa\nTha Raw dogg, I called him pa pa, aah naw\nNot Reverend Harris too\nDear God, tell me what our church gone do\n\n[Chorus]\n\n[Snoop Dogg]\nIf you think that's bad, well that ain't all\nI gotta give a couple of shouts out to my doggz\nEazy E\nRoger Troutman & The Notorious, B.I.G\nMy Big Homeboy Mooch you know I love your moms to death\nIn Heaven she rest\nH.D. - Mary was your pride & Joy\n& Warren G ya'll my Mutha Phukkkin homeboyz\nHe lost Ola Mae the same way\nSee I be lookin at yall, & wantin to touch my momma everyday\nI don't know what I'm goin through but I'm there for you\nSee on some real shit homie I care for you\nRough times, Rough Rhymes, Heart-ache\nMan I ease the pane with a glass of bacarda\nBut how could I, & why should I\nCause on the real folks it's hard to say good-bye (good-bye)\n\n[Chorus]", "image": "https://images.genius.com/9f24060e4dbe3f71e4b95529de08830b.220x217x1.jpg"}], "artist": "Snoop Dogg"}