{"songs": [{"title": "My Last Name", "album": "Make America Crip Again - EP", "year": "2017-10-27", "lyrics": "[Chorus: October London]\nGirl what you tripping for\nI don't care 'bout these hoes\nI ain't still living in the fast lane\nBaby, I've changed a lot\nI still deserve a shot\nI still want you to have my last name\n\n[Verse 1: Snoop Dogg]\nI gave it to you cause you gotta have it\nThe broadest family is so magic\nT-Bone, You the baddest\nMeet the one of us\nGlad us had us ring in mind\nI'm 'bout to sing a line\nI'm all about you when I'm doing my time\nWith you on my mind\nRock around a clock, Jay and Beyonce\nMichelle and Barack, all of the above\nThis is black love at its purest\nBaby we done been through the forest\nI'm talking about growing old with you\nSitting on the porch\nGoing through storage looking through old photos\nWhen I used to rock the Death Row logo\nAnd you was right there, you still here\nSo all that arguing, fighting\nLet's toast to the night and I need you in my life\nAnd and\n\n[Chorus: October London]\nGirl what you tripping for\nI don't care 'bout these hoes\nI ain't still living in the fast lane\nBaby, I've changed a lot\nI still deserve a shot\nI still want you to have my last name\n\n[Verse 2: Snoop Dogg]\nI don't think I want to be with no one else but you\nCause you make my life so complete\nAnd that's just how I feel right now for you\nSo you can take these words as what I say\nWhat I mean\nDon't think I'm playing, I'm saying it's truth\nThis is a lil' something from me to you\nFlashy back\nTrying to get the passion back\nFirst girl I ever fell in love with\nOn some East Side long beach dove shit\nYou wouldn't understand it, even if I told you\nBaby boo, nigga really love you\nAs clear as the sky is blue\nAin't nobody in this whole world ride for Snoop, but you\nYou're so, so\n\n[Chorus: October London]\nGirl what you tripping for\nI don't care 'bout these hoes\nI ain't still living in the fast lane\nBaby, I've changed a lot\nI still deserve a shot\nI still want you to have my last name\n(No love no love no no no no)\nI still want you to have my last name\n(Last name last name last name)", "image": "https://images.genius.com/922ec31d9fecb22a0842e9ee65d6ee7c.637x637x1.jpg"}], "artist": "Snoop Dogg"}