{"songs": [{"title": "Cadillacs", "album": "Thats My Work Vol. 3", "year": "2014-02-27", "lyrics": "[Hook]\nCadillacs, croker sacks\n501's, policies and golf hats\nI go see, the homies is deep\nBanging out, hanging out onto our street\nRules of the game, if you choose to bang\nYou can't be a snitch, don't be a bitch, nigga, make your name\nCadillacs, croker sacks\n501's, policies and golf hats\nI go see, the homies is deep\nBanging out, hanging out onto our street\nRules of the game, if you choose to bang\nYou can't be a snitch, don't be a bitch, nigga, make your name\n\n[Verse 1]\nI remember when I was young, I had a whole lot of fun\nMy mama bought me everything, even a toy gun\nComing when it's dezark, I'm up with the pizark\nPlaying quarterback and it's a must that I stezart\nAnd I'm a fool on point like a dezart\nAnd with the little mamas yea I'm breaking the hezeart\nYou know, time won't tell\nHalf of my homies is dead or in jail\nSo I'mma stick to the script like OG go-carts\nBitches scrap on, stole me out, you got no heart\n\n[Hook]\nCadillacs, croker sacks\n501's, policies and golf hats\nI go see, the homies is deep\nBanging out, hanging out onto our street\nRules of the game, if you choose to bang\nYou can't be a snitch, don't be a bitch, nigga, make your name\nCadillacs, croker sacks\n501's, policies and golf hats\nI go see, the homies is deep\nBanging out, hanging out onto our street\nRules of the game, if you choose to bang\nYou can't be a snitch, don't be a bitch, nigga, make your name\n\n[Verse 2]\nFootwear shit, yeah nigga, I'm in it\nAuthentic, business, I represent it\nTo the tippy, keep it so crippy\nSmoke a whole zippy, put bread to the Skippy\nBow Wow yippie, long stocking like Pippy\nReal G's fuck with me\nRare breed, different cut\nWest coast motherfuckers get up\nZip, yeah\n\n[Hook]\nCadillacs, croker sacks\n501's, policies and golf hats\nI go see, the homies is deep\nBanging out, hanging out onto our street\nRules of the game, if you choose to bang\nYou can't be a snitch, don't be a bitch, nigga, make your name\nCadillacs, croker sacks\n501's, policies and golf hats\nI go see, the homies is deep\nBanging out, hanging out onto our street\nRules of the game, if you choose to bang\nYou can't be a snitch, don't be a bitch, nigga, make your name", "image": "https://images.genius.com/84ac60e2e266a0d4d5eaa555a3450fe0.500x500x1.jpg"}], "artist": "Snoop Dogg"}