{"songs": [{"title": "Take U Home", "album": "Doggumentary", "year": null, "lyrics": "[Kokane scats for the first 18 seconds]\n\n[Chorus: Kokane]\nYou want a good look and grown, with your sexy skirt on\nLet me take you home, let me take you home\nI'll make you scream and moan, you know that it's on\nI can be yo' best friend; let me stick it in\n\n[Too $hort]\nAnd not just the tip\nI wanna give you all of it\nShe's a model, all tall and shit\nI'm Too $hort, but I ain't got a small dick\n... Just ask around\nI fucked a lot of hoes in this town\nI get down, I come long and wide\nAnd when I pull it out they all wanna ride\nThe sun's comin up, we started at 4\nI spit so much game it's hard to absorb\nAnd everything you believe she hates\nLike pimpin, she appreciates\nCause my women, knows to understand the game\nIt's all about the money, give a fuck about the fame\nYou never get a chance to go out with me\nIf you a broke bitch, and you not a real freak\n\n[Chorus]\n[Snoop Dogg]\nYou came with your friend but she fat as fuck\nAnd nann one of my homies wanna fuck, and now she wanna front\nFrom the get-go I figured this is how it gon' be\nTell that little punk bitch that you ride with me\nDon't stop, fo' hop\nHollywood Hills back to Too $hort's spot\nYou wanna roll let's get ghost and jet\nI wanna see if I can make you wet\nCause you need it, let me beat it\nYour lil' fat friend, actin conceited\nSittin in the corner; leave her, the bitch is a loner\nDancin, givin me a boner (ooh)\nMm... I pull a pole on out\nMe and you boo, we need to roll on out\nYou sit here, in the bed where\nI need to just wanna put the head in, biatch!\n\n[Chorus]\n[Daz Dillinger]\nShe wanna be my B-F-F\nI'm on a time limit, got no time left\nSee I'm a mathematician, you can add the bed\nSubtract your clothes then divide your legs\nWhen it all equals out you can moan in bed\nShe gave me the P, gave her the D instead\nSee you a hot mess with that booty and thang thang\nSwangin in the club when you drinkin that drink drink\nSmoke in the air, chillin all in the zone\nFuck me on the dance floor with my clothes on\nToo $hort, Snoop Dogg! Uhh, imagine that\nShe threw me the pussy, I threw the dick right back\nSee I just wanna hit it and stick it in\nCause I don't wanna be yo' boyfriend\nAnd you don't wanna be my girlfriend\nI touch her once, so I'ma say it again\n\n[Chorus]\n[Kokane scats to the end]", "image": "https://images.genius.com/bf66457764b32165c7cdb2908ea44580.1000x1000x1.jpg"}], "artist": "Snoop Dogg"}