{"songs": [{"title": "Murder Was the Case", "album": "Doggystyle", "year": "1993-11-23", "lyrics": "[Skit: Heron and Joe Cool]\n(\"Indo Smoke\" Plays in Background)\nAye, aye,  JC\n'Sup Enron\nAin't that Snoop Dogg over there?\nThat nigga with that blue coat on?\nYeah\nYeah, oh yeah, that's that nigga\nNigga roll up on the side of him, man\nRoll your window down\nMan, hand me my motherfucking Glock man, give me another clip\nCause I'm gonna smoke this fool\nYeah roll the windows down\nYeah, okay there you go\nAye man, you Snoop Dogg?\nSnoop, Snoop Doggy Dogg?\nMan he's Snoop Dogg\nMan fuck that nigga (Gun Shots)\nNigga man\nGet that nigga man\nMan get up fool man, get up man, don't be trying to run man\nGet up on that fool man, I don't give a fuck\nWhat set you got now?\nFuck you nigga\nYeah nigga, what's up?\nNigga\nYeah mothafucka\nYeah nigga, one less nigga\nYeah nigga, you's a dead motherfucker now\n\n[Verse 1]\nAs I look up at the sky\nMy mind starts tripping, a tear drops my eye\nMy body temperature falls\nI'm shaking and they break in trying to save the Dogg\nPumping on my chest and I'm screaming\nI stop breathing, damn I see demons\nDear God, I wonder can you save me\nI can't die my boo boo's bout to have my baby\nI think it's too late for praying, hold up\nA voice spoke to me and it slowly started saying\n(Bring your lifestyle to me, I'll make it better)\nHow long will I live? (Eternal life and forever)\nAnd will I be the G that I was?\n(I'll make your life better than you can imagine or even dreamed of\nSo relax your soul, let me take control\nClose your eyes my son) my eyes are closed\n\n[Hook]\nMurder\nMurder was the case that they gave me\nMurder\nMurder was the case that they gave me\n\n[Verse 2]\nI'm fresh up out my coma\nI got my Momma and my Daddy and my homies in my corner\nIt's gonna take a miracle they say\nFor me to walk again and talk again but anyway\nI get fronted some keys to get back on my feet\nAnd everything that nigga said came to reality\nLiving like a baller loc\nHaving money and blowing hella chronic smoke\nI bought my Momma a Benz, and bought my boo boo a Jag\nAnd now I'm rolling in a nine-trizzay El Do-Rag\n(Just remember who changed your mind\nCause when you start set-tripping, that ass is mine)\nIndeed, agreed proceed to smoke weed\nNever have a want, never have a need\nThey say I'm greedy but I still want mo'\nCuz my eyes wanna journey some mo', really doe (check it out)\n\n[Bridge]\nNow I lay me down to sleep\nI pray the Lord, my soul to keep\nIf I should die, before I wake\nI pray the Lord, my soul to take\n\n[Verse 3]\nNo more indo, gin and juice\nI'm on my way to Chino, rolling on the grey goose\nShackled from head to toe\nTwenty-five with an izz-el, with nowhere to gizzo, I know\nThem niggas from the other side recognize my face\nCause it's the O.G. D-O-double-G, L-B-C\nMad dogging niggas cause I don't care\nRed jumpsuit with two braids in my hair\nNiggas stare as I enter the center\nThey send me to a level three yard, that's where I stay\nLate night I hear toothbrushes scraping on the floor\nNiggas getting they shanks, just in case the war, pops off\nCause you can't tell what's next\nMy little homie Baby Boo took a pencil in his neck\nAnd he probably won't make it to see twenty-two\nI put that on my Momma; I'ma ride for you Baby Boo\n\n[Hook]\nMurder\nMurder was the case that they gave me\nMurder\nMurder was the case that they gave me", "image": "https://images.genius.com/d31a03639b8f8f4259b9b9da07972d52.996x1000x1.jpg"}], "artist": "Snoop Dogg"}