{"songs": [{"title": "10 Lil' Crips", "album": "Tha Blue Carpet Treatment", "year": "2006-11-21", "lyrics": "[Hook: Snoop Dogg]\nTen little Crip niggas runnin outside\nAll from the turf and they bangin out lives\nFar from a scrub cuzz from the Eastside\nWhere they don't die they just multiply\nSo.. don't give them niggas a reason\nTo turn it into spray season\nDon't give them niggas a reason\nBecause they'll turn it into Crip season\n\n[Snoop Dogg]\nThe gangsta's back, the bank is fat\nThe gangsta MAC, in a gangsta 'llac\nHmm.. fools be like, \"Break off some cheese\"\nFriends and enemies, aww nigga please\nFuck, you thought who pumped you up\nStop, you stuck too much, pop, drop, you plucked\nIt's all similar to gettin laaaid\nOn ya back when the motherfuckin K spraaays\nI grind for my shine about my bidness\nLunatic on the shit and I get ignit (ignit)\nGonna proceed to squeeze with ease\nOne of these, they can't believe how I leave 'em\nLook into a mind of a nigga that's crazy\nSeventeen years old and still a baby\nGangstas real, they pop the pill\nYou cap back, young motherfucker it's like that\n\n[Hook]\n\n[Snoop Dogg]\nWake up in the morning lookin funny and shit\nFuck a honey dip.. cause I got money to get\nAin't no books, ain't no help, ain't no role to this\nStay focused young homey, that's the code to this\nKeep a strap in ya pocket when you trip through the towns\nThere's a million motherfuckers tryna get you down\nA lot of pain in this game, cocaine is the thang\nIf ya money right then you might get you a chain\nBut if ya money is low, there's only one way to go\nJack a rapper at a local rap radio show\nSo mean, so green, crip back to the block\nThen brag to the homies, show 'em what you got\nIt's a gangsta jack (gangsta jack), in gangsta black (black)\nAnd they thought we just gangsta rapped\nYeah nigga, we take your snaps\nYour shooby dooby, hooroobies, and your Scooby snacks (It's like that?)\nIt's like that!\n\n[Hook]\n\n[Snoop Dogg]\nIt's a whole lot of fillin when you on the Eastside\nOn the Eastside, nigga we ride\nAnd it's a whole lot of dealin when you on the Eastside\nOn the Eastside, nigga we ride\nAnd it's a whole lot of stealin when you on the Eastside\nOn the Eastside, nigga we ride\nAnd it's a whole lot of killin when you on the Eastside\nEastside, yeah nigga we ride\n\n[Hook]\n\n[Snoop Dogg (singing)]\nThey say it's crazy out here, it ain't no more fun\nI can't walk down the street without my gun, gun", "image": "https://images.genius.com/9eeff8d4aa3579798c6d6f74d21fad47.1000x1000x1.jpg"}], "artist": "Snoop Dogg"}