{"songs": [{"title": "Going Home", "album": "Bible of Love", "year": "2018-03-16", "lyrics": "[Pre-Chorus: Uncle Chucc & The Zion Messengers]\nSoon I will be done\nWith the trouble of the world\nI'm going home (Going home with Jesus)\nI'm going home (Going home with the Lord)\n\nSoon I will be done\nWith the trouble of this world\nI'm going home (Going home with Jesus)\nI'm going home (Going home with the Lord)\n\nSoon I will be done\nWith all this sickness and pain\nI'm going home (Going home with Jesus)\nI'm going home (Going home with the Lord)\n\nSoon I will be able\nTo see my Jesus face\nI'm going home (Going home with Jesus)\nI'm going home (Going home with the Lord)\n\n[Chorus :Uncle Chucc & The Zion Messengers]\nI'm going home (Going home with Jesus)\nI'm going home (Going home with the Lord)\nI [d/w]on't know about you\nI'm going home (Going home to Jesus)\nYeah, I'm going home (Going home with the Lord)\nI'm going home (Going home to Jesus)\nOne of old days (Going home with Jesus)\nWon't ever cry (Going home with Jesus)\nI'm going home (Going home to Jesus)\n(Yeah) Going home, (Going home), Going home\nThis world (I'm going home)\nIs not my home (I'm going home)\nOne of these days (I'm going home)\nThe doctor will (I'm going home)\nClean my tongue (I'm going home)\nTo the roof of my mouth (I'm going home)\nTape my eyes (I'm going home)\nMy eyelids, yeah (I'm going home)\nThat's when (I'm going home)\nI make my transition (I'm going home)\nGoing home (I'm going home)\nTo see Jesus (I'm going home)\nI'm going home (I'm going home)\nTo see Jesus (I'm going home)\nOh, I'm going (I'm going home with Jesus)\nWill you beat me (I'm going home with Jesus)\nWill you meet me there (I'm going home with Jesus)\nI'm living on edge (I'm going home with Jesus)\n\n[Outro: Uncle Chucc & The Zion Messengers]\nSoon I will be done\nWith the troubles of the world\nI'm going home (Going home with Jesus)\nI'm going home (Going home)\nWith the Lord (With the Lord)\nGood evening, good evening", "image": "https://images.genius.com/c9dee508f81bde784b713142dc6009e9.600x600x1.jpg"}], "artist": "Snoop Dogg"}