{"songs": [{"title": "French Inhale", "album": null, "year": null, "lyrics": "French inhale, I like the way you French inhale\nDo it again\nFrench inhale, I like the way you French inhale\nDo it again\n\nYou don't gotta sell it, 'cause it's already sold\nAnd you don't gotta roll one 'cause its already rolled\nCheck out my technique, just weed let it fold\nShit I've been smokin' since I was fourteen years old\nI had a dime who never smoked blunts just bowls\n\nTaught me how to blow O's, inhale threw my nose\nSo if you see me smoking, blow my high\nUh, so I roll one and we both gonna fly\nYou smell it all in my clothes\nI'm taking in all the smoke when I\n\nFrench inhale, I like the way you French inhale\nDo it again\nFrench inhale, I like the way you French inhale\nDo it again\n\nI take it to the face, inhale it threw my nose\nBlowin' with the homies on the low, man fuck these hoes\nIt crack-alack, peel it back\nWhatcha call that mack who crack a bad bitch like that?\nA cracker jack\n\nI'm like a florist, touring like a tourist, Godzilla flying on a pegasaurus\nNiggas know about it, even 'fore I pull it out\nI put some fire on it, and now there beggin' me to put it out\nI'm in the hallway rolling on the purple sky\nI know the in's and out's, so I'ma do what the fuck I like\n\nFrench inhale, I like the way you French inhale\nDo it again\nFrench inhale, I like the way you French inhale\nDo it again", "image": "https://images.genius.com/8c99dd335733f9c3cf16f57c9f589cfb.361x361x1.jpg"}], "artist": "Snoop Dogg"}