{"songs": [{"title": "Betta Ask Somebody", "album": null, "year": null, "lyrics": "Intro:\n\nGood Morning boys and girls, i'm your\nSubstitute teacher, Mr. Buckwort\nThe topic Fo' today is, what you wanna be when you grow up\nYou, over there in the jean shirt, what you wanna\nBe when you grow up?\n- I wanna be a police officer\nAlright, that's a pretty good profession\nYou over there in that black shirt\nWhat you wanna be when you grow?\n- I wanna be a fire man\nAlright, that's a pretty good profession too\nYou, back there in those french braids, what's yo name?\n- my name is Snoop\nAlright Snoop, what you wanna be when you grow up?\n- I wanna be a motherfuckin hustla, ya betta ask somebody", "image": "https://images.genius.com/8c99dd335733f9c3cf16f57c9f589cfb.361x361x1.jpg"}], "artist": "Snoop Dogg"}