{"songs": [{"title": "This City", "album": "Bush", "year": "2015-05-12", "lyrics": "[Intro]\nA yes sir, radio station, BUSH69 when you're down\nTake me to the streets, shout out to the people out there in the city living that life\nWe 'bout to get off into that brand new Snoop Dogg produced by Pharrell\nSo everybody in the city tonight, I want to you roll your window down and turn the music up loud, enjoy\nRadio station BUSH69, holdin it down\n\n[Verse 1]\nGrab your money, we're getting out this neighbourhood\nMilk and honey, we're gonna burn up Hollywood, ooh\n\n[Pre-Chorus]\nBeach of Fortune and the neon sky\nYou know while back with us will be gold tonight\nThat's what they told us and they must be right, so let's ride\nThey built this city for you and me yeah\n\n[Chorus]\nSnooooooop\nThey built this city for you and me yeah\nSnooooooop\nThey built this city for you and me yeah\nSnooooooop\nThey built this city for you and me yeah\nSnooooooop\n\n[Verse 2]\nChampagne wishes, taste like American pie (American pie)\nRags to riches, you never know unless you try (know unless you try)\n\n[Pre-Chorus]\nBeach of Fortune and the neon sky\nYou know while back with us will be gold tonight\nThat's what they told us and they must be right, so let's ride\nThey built this city for you and me yeah\n\n[Chorus]\nSnooooooop\nThey built this city for you and me yeah\nSnooooooop\nThey built this city for you and me yeah\nSnooooooop\n\n[Verse 3]\nAll day wanna play, wanna rock with her\nAll day, every day on the block with her\nMy city, oh really be popping huh?\n64s, hip hop and locking up\nWe changed the lane, remained the bain\nLittle bit of joy with a lot of pain\nIs he Snoop Lion or Doggy mayne?\nAsk me again, I tell you the same\nDO Dubb with the key to the city\nMe and P, we go DYD\nRip down, put my foot down\nAnd if I'm in your town then I got to get down\nFight nights in Vegas\nBright lights we made it\nSlayed it, slightly faded\nCalifornicated and highly motivated\n\n[Chorus]\nSnooooooop\nThey built this city for you and me yeah\nSnooooooop\nThey built this city for you and me yeah\nSnooooooop\nThey built this city for you and me yeah\nSnooooooop\nThey built this city for you and me yeah", "image": "https://images.genius.com/b70a8dcc62d2fed742fc6406b5d60520.1000x1000x1.jpg"}], "artist": "Snoop Dogg"}