{"songs": [{"title": "Waste of Time", "album": "Ego Trippin'", "year": "2008-03-07", "lyrics": "[Snoop Dogg]\nYo, this next record right here, is a dedication\nThis dedicated to those, who've come to an end\nQuit like Gladys Knight...\nYou know neither one of us wants\nTo be the first one to say goodbye\nSo, hopefully this record will help you\nGet to the conclusion, ya dig?\n\nI love this girl but I don't know about her\n.As a matter of fact, I could go without her\nBut she got my daughter, I don't know why I bother\nTo try to make it work when she make it so harder\nWake up and break up and do the same thing tomorrow\nI get tired of fightin', I feel no sorrow\nFor you, to keep it movin' in that Monte Carlo\nThat's what I get for fuckin' with a video model\n\n[Raphael Saadiq]\nWaste of time, waste of time, waste of time\nGo your way and I'll go mine\nI'm alright, I'm alright, I'll be alright\nGo your way and I'll go mine\n\n[Snoop Dogg]\nYou don't love me, you just love my Doggystyle\nI used to put it on yo' ass, you ain't had it in a while\nInstead of crackin' smiles, you'd rather cramp a nigga style\nYou act too wild, I won't walk you down the aisle\nWhat you thought? Yeah, we could chill, we could talk\nWhen I look you in your eyes I no longer see sparks\nSo it's, best we go our seperate ways and stay apart\nNo more me and you boo, I done had a change of heart\n\n[Raphael Saadiq]\nWaste of time, waste of time, waste of time\nGo your way and I'll go mine\nI'm alright, I'm alright, I'll be alright\nGo your way and I'll go mine\nWaste of time, waste of time, waste of time\nGo your way and I'll go mine\nI'm alright, I'm alright, I'll be alright\nGo your way and I'll go mine\n\nI'm not sayin' I don't got love for you\nBut I'm not in love with you\n(I'm just not in love with you baby)\nI'm not sayin' I don't got love for you\nBut I'm not in love with you\nAnd feels like such a...\n\nWaste of time, waste of time, waste of time\nGo your way and I'll go mine\nI'm alright, I'm alright, I'll be alright\nGo your way and I'll go mine\nWaste of time, waste of time, waste of time\nGo your way and I'll go mine\nI'm alright, I'm alright, I'll be alright\nGo your way and I'll go mine\n\n[Outro: Snoop Dogg]\nSorry it had to end this way\nBut uh, it is what it is\nI'm alright, don't worry about me\nI'm cool, ha ha, yeah\nYou go your way and I'll go mine\nReal talk, I'm cool, I ain't even trippin'\nI'mma roll out with Raphael\nYeah, fo sho, I'mma roll with him\nI'm cool, you go your way, I go mine\nI guess I'll see ya next lifetime\nSee ya, wouldn't wanna be ya", "image": "https://images.genius.com/fd5ace5214e5da1f374653720da7d1c1.1000x1000x1.jpg"}], "artist": "Snoop Dogg"}