{"songs": [{"title": "Never Had It Like This", "album": "Thats My Work Vol. 3", "year": "2014-02-27", "lyrics": "[Intro]\nYou never had it like this\nYou never had it like this\nYou go get another if you want\n\n[Hook]\nYou never had it like a nigga finna give it\nYou'll love it in a minute\nGlass so full, team got pull[?] with c club full of women\nYou never had it like a nigga finna give it\nYou love it when I'm in it\nGlass so full, team got pull with a club full of women\nThat's how we living\n\n[Verse 1: T-Fly]\nGirl I do you the way, you want me to\nPut them panties right to a side\nI ain't got a problem picking you down [?]\nKeep going I have to tell your homegirl, do you over\nThe best it's on the west side baby\nAnd these niggas over here keep you goin crazy\nYeah, yeah\n\n[Hook]\nYou never had it like a nigga finna give it\nYou'll love it in a minute\nGlass so full, team got pull[?] with c club full of women\nYou never had it like a nigga finna give it\nYou love it when I'm in it\nGlass so full, team got pull with a club full of women\nThat's how we living\n\n[Verse 2: Snoop Dogg]\nWalked in the club with it\nGave her straight dick, you in love with her\nMy homie G-d up at the club with her\nEight seven six months, sold drugs with her\nA good girl, is what she wants, no molly, no drink, and no bud\nSo I don't really wanna try to learn you on\nA lot of things I'm tryna do is just to turn you on\nIf I can get you to my flat on my futon\nTake your dress [?] off slow and get my groove on\nHit you with the bife [?] face\nStick it to the baby in the right place\n\n[Hook]\nYou never had it like a nigga finna give it\nYou'll love it in a minute\nGlass so full, team got pull[?] with c club full of women\nYou never had it like a nigga finna give it\nYou love it when I'm in it\nGlass so full, team got pull with a club full of women\nThat's how we living\n\n[Verse 3: Warren G]\nOn the roof top she gonna need that\nEighty seven was wild I use to be that\nI'm givin the D she giving feed-back\nThe homies is wild, where the weed at?\nAnd where the home girls? I don't even know\nI had two off they cushing [?] Moscato\nA ratchet or a model, we drinking out the bottle\nMy whole act to follow, more booze than Apollo [?]\nYeah I'm a G I'm a monster baby\nI ain't see that piece of ass I can't conquer baby\nProbably hiding on these hoes like a jack rabbit\nSnoop and Warren on these hose back to back in it\n\n[Hook]\nYou never had it like a nigga finna give it\nYou'll love it in a minute\nGlass so full, team got pull[?] with c club full of women\nYou never had it like a nigga finna give it\nYou love it when I'm in it\nGlass so full, team got pull with a club full of women\nThat's how we living\nYou never had it like a nigga finna give it\nYou'll love it in a minute\nGlass so full, team got pull[?] with c club full of women\nYou never had it like a nigga finna give it\nYou love it when I'm in it\nGlass so full, team got pull with a club full of women\nThat's how we living", "image": "https://images.genius.com/84ac60e2e266a0d4d5eaa555a3450fe0.500x500x1.jpg"}], "artist": "Snoop Dogg"}