{"songs": [{"title": "So Many Pros", "album": "Bush", "year": "2015-04-14", "lyrics": "[Chorus]\nMeet me out, can you make it?\nPlease don\u2019t make me lie to you, lady\nI\u2019m in it, I\u2019m not in it, but poochie says there's women\nAt the club we finna go, sip some drink and hit some dro\nIt\u2019s ok if you don\u2019t go, I\u2019ll make sure to tell you\n'bout these pros (it\u2019s like somebody\u2019s growin\u2019 them on trees)\nSo many pros (it\u2019s like somebody\u2019s growin\u2019 them on trees)\nSo many pros (it\u2019s like somebody\u2019s growin\u2019 them on trees)\nSo many pros (it\u2019s like somebody\u2019s growin\u2019 them on trees)\nSo many...\n\n[Verse 1]\nAll the ugly people, hold on\nI can see all the pretty people, on\nNot saying that I\u2019ve never been wrong\nBut tonight I got me a hot, come on\nNow let me talk to ya, girl\n\n[Pre-Chorus]\nFor your own, for your information, baby\nI\u2019m that winner, you need to go and ask  somebody\nFor your own, for your information, baby\nI\u2019m that winner, you need to go and ask somebody\n\n[Chorus]\nMeet me out, can you make it?\nPlease don\u2019t make me lie to you, lady\nI\u2019m in it, I\u2019m not in it, but poochie says there's women\nAt the club we finna go, sip some drink and hit some dro\nIt\u2019s ok if you don\u2019t go, I\u2019ll make sure to tell you\n['bout these pros (it\u2019s like somebody\u2019s growin\u2019 them on trees)\nSo many pros (it\u2019s like somebody\u2019s growin\u2019 them on trees)\nSo many pros (it\u2019s like somebody\u2019s growin\u2019 them on trees)\nSo many pros (it\u2019s like somebody\u2019s growin\u2019 them on trees)\nSo many...\n\n[Verse 2]\nWe party to the break of dawn\nEvery girl just dance with nothin\u2019 on\nWhere we at they don\u2019t see nothin\u2019 wrong\nWell you know we were outside on the lawn\nNow let me talk to ya, girl\n\n[Pre-Chorus]\nFor your own, for your information, baby\nI\u2019m that winner, you need to go and ask  somebody\nFor your own, for your information, baby\nI\u2019m that winner, you need to go and ask somebody\n\n[Chorus]\nMeet me out, can you make it?\nPlease don\u2019t make me lie to you, lady\nI\u2019m in it, I\u2019m not in it, but poochie says there's women\nAt the club we finna go, sip some drink and hit some dro\nIt\u2019s ok if you don\u2019t go, I\u2019ll make sure to tell you\n['bout these pros (it\u2019s like somebody\u2019s growin\u2019 them on trees)\nSo many pros (it\u2019s like somebody\u2019s growin\u2019 them on trees)\nSo many pros (it\u2019s like somebody\u2019s growin\u2019 them on trees)\nSo many pros (it\u2019s like somebody\u2019s growin\u2019 them on trees)\nSo many...\n\n[Verse 3]\nWhen good music come on\nIt can get inside your head like porn\nBy yourself like whatchu grabbin\u2019 on\nThen look down, it was so much fun\nNow let me talk to ya, girl\n\n[Pre-Chorus]\nFor your own, for your information, baby\nI\u2019m that winner, you need to go and ask  somebody\nFor your own, for your information, baby\nI\u2019m that winner, you need to go and ask somebody\n\n[Chorus]\nMeet me out, can you make it?\nPlease don\u2019t make me lie to you, lady\nI\u2019m in it, I\u2019m not in it, but poochie says there's women\nAt the club we finna go, sip some drink and hit some dro\nIt\u2019s ok if you don\u2019t go, I\u2019ll make sure to tell you\n['bout these pros (it\u2019s like somebody\u2019s growin\u2019 them on trees)\nSo many pros (it\u2019s like somebody\u2019s growin\u2019 them on trees)\nSo many pros (it\u2019s like somebody\u2019s growin\u2019 them on trees)\nSo many pros (it\u2019s like somebody\u2019s growin\u2019 them on trees)\nSo many...\nHaha\nHey\nI can tell you right there\nYeah", "image": "https://images.genius.com/7e8b58b123d78ee704db4ecc544af71d.1000x1000x1.jpg"}], "artist": "Snoop Dogg"}