{"songs": [{"title": "Art Of Rap Freestyle", "album": null, "year": null, "lyrics": "Artistic as it gets is big Snoop Dogg\nSo throw a pawn in the lawn\nAnd, let me show you how it's supposed to be\nBlow up like a bomb, napalm\nLet me show you what it's supposed to be\nNow get close to me, these are groceries\nFile them in the cabinet, stab it, let it go\nThis is my art form, I'm so original\nLike Ice-T, but I don't drip, drop on the floor\nGet a ho, get the door\nLet 'em know from the door\nHere we go, let it ride\nSnoopy D-O-double-G, Eastside LBC\nShow you how it's supposed to be\nLook up at the sky\nDo you see the moon and the sun?\nIt's Snoop D-O-doub\nYes, I am the only one\nWhen it comes to freestyle, boy, I'm so cold\nMake a nigga flip to it to a whole 'nother episode\nWatch a ho, hit the stroll\nGet the money, bring it back\nIce-T got hi wife, sitting in the cadillac\nCoco, there you go\nSteal the money, steal the show\nSnoop D-O-double-G, I told you I'm original", "image": "https://images.rapgenius.com/f0aeac92b776c723b57d9503308e67c3.278x357x1.jpg"}], "artist": "Snoop Dogg"}