{"songs": [{"title": "The Bidness", "album": "R&G (Rhythm & Gangsta): The Masterpiece", "year": "2004-11-16", "lyrics": "Ay whassup my nig?\nShit, just chillin, what's happenin?\nShit nuttin, whatchu up to?\nShit, not too much - ay you ain't seen that nigga Snoop?\nMan hell naw, I been callin that nigga since Starsky & Hutch\nI ain't fin' to call that nigga no more man\nTchk, oh like that?\nMan f'real man, I ain't buyin that new album either\nI'mma download that motherfucker for free\nLet that nigga know when I see him man\nShit, there he go right there\nHuh?\n\n[Snoop Dogg]\nI don't say much\nI don't say Alize, no I don't say Dutch\nKeep yo' hands off until I say, okay touch\nI never come off tacky, I'm a boss exactly\nI'm like the slick suit Snooperfly Versace\nConversation flashy, y'all niggas can't match me\nI talk to you slow, so your game can roll\nTake advice from a player, don't love her just play her\nBoy I never could dare, to pay double the fare\nMan I swear to God it's gon' be some trouble in here\nBefore I pay that bitch, I'm like a bossy hog\nHalf dog, half gorilla, bitch Donkey Kong\nNiggas thirst for hoes, I got a thirst to ball\nTryin to knock a pimp's hustle, be the first to fall\nFuckin with a-hundred-fifty, whole can of vodka\nMixed with gangbang, got a program like Poppa (hey hold up man)\nI'mma do you a favor, let this pimpin save ya\nLeave that bitch alone, the homies call her Ms. Behavior\nBoy you move too fast, done too much talkin\nI'm too much walkin to one who keep hoes hawkin\nDon't fuck with Snoop too much cause he goes off when\nNiggas mouth too much, so please no flossin\nI step up quicker, cause the game don't pause\nI gotta stay sucka free, cause it ain't no laws\nDig this y'all\n\n[Hook: Snoop Dogg]\nThat's the bidness mayne, step my game up up in this mayne\nLong hours hard minutes mayne, with this hustle on splendid mayne\nP.A. perfect attendance mayne\n\n[Snoop Dogg]\nCause I'm a boss..\nYeah, real bossy like, and sometimes flossy\nAnd if you fuckin with that\n{\"I-I know, I, I-I-know, I know you gonna dig this\"}\n\nI had to tell you the truth homey, but you got mad\nYeah I hurt yo' feelings, FUCK IT, it's too damn bad\nI'm a major player, I got major game\nI might floss a different bitch, but the pimpin the same\nI ain't got time for no haters, I lay 'em flat on they back\nI'm from the Dogg Pound homey, I don't fuck with them cats\nI fuck with, niggas, who be bustin them shots\nI'm talkin Long Beach, Inglewood, Compton, Watts\nClose your chops, I knows your spots\nKeep talkin nigga I'll expose your knots\nYou ain't ready for daddy, boy I do this for fun\nIt's like you versus Kobe ballin one on one\nYou ain't got no chance, you ain't got no fans\nI kick the shit out you punk, look momma no hands\nI'm not a, holy roller but I pray so hard\nHelp me, I'm sendin these bitch niggas straight to God\nShit I'm too damn grown, conversation is sho't\nWhile your talk is funny, Jack I talk with money\nKeep the chain on bling, the rock is sunny\nFor you smart mouthted bitches I ain't that dummy\n{\"HELL NO,\" he replied}\n\n[Hook]\n\n{\"GOD DAMN!\"} {\"Let me tell you somethin\"}\n\n[Hook]\n\n[Snoop Dogg]\nThat's the bidness, that's the bidness\nAww, that's the bidness, can I get a witness?\nAww, yeah, that's the bidness, aww yeah, say what, yeah\nThat's the bidness, but can I get a witness?", "image": "https://images.genius.com/22daab0632e506300bab596c589dcfb2.1000x1000x1.jpg"}], "artist": "Snoop Dogg"}