{"songs": [{"title": "Pay For Pussy", "album": "Da Game is to be Sold, Not to be Told", "year": "1998-08-04", "lyrics": "[Interlude]\nThe stock market has always been 100% when it comes to pussy\nThe worlds oldest profession\nYah it's still alive\nNo matter what the consequences\nA trick 'gun still buy it\nNo matter how sick they make it\nA hard stick gunna still wanna play it\nMarching up, every day and every night\nTo the drummers beat\nTitled the oldest profession, and it never fell back\nNot even in the recession\nNo Christmas toys for the kids\nYah daddy fucked it up\nHe said he was drunk playing poker with the boys\nYah niggas pay for pussy\nRemember that Easter Sunday\nIt was so damn sunny\nWe didn't get no Easter clothes, candy, or Easter bunny\nYah, daddy fucked it up\nRollin' dice with the boys\nYah niggas pay for pussy\nWhether it's at the titty bar\nOr outta the car\nYah niggas pay for pussy\nOh yah, Some niggas pay for pussy, oh yah\nSome niggas pay for pussy, oh yah\nSome niggas pay for pussy, oh yah\nDem niggas pay for pussy, oh yah\nNiggas pay for pussy, oh yah", "image": "https://images.genius.com/cc7312525ce26f443efc158446aeedc3.1000x1000x1.jpg"}], "artist": "Snoop Dogg"}