{"songs": [{"title": "I Miss that Bitch", "album": "Paid Tha Cost To Be Da Bo$$", "year": "2002-11-26", "lyrics": "[Snoop]\nThis one right here is dedicated to a lot of famous players out there\nThat might have been in love before\nI know some of you might not think gangstas fall in love (I miss that bitch)\nBut uh, it's true\nIf you been in love like I been in love before, you know\nIt's hard to get with somebody once they gone (I miss that bitch)\nIt's hard to replace that special someone\nWhen they just up and you know\nDip dive and so socialize\nAnd what we gon do right here (I miss that bitch)\nWe go'n kick something over this HiTek beat right here\nFor all the players that lost somebody special\nAnd wonder where she at\nE. White kick that shit (I miss that bitch)\n\n[E. White]\nI got my eyes wide open\nThe whole time I'm holding on to hope with you on my mind\nIt's been a while child, I'm getting down with Dogg\nI bet my name all around your wall\nPerhaps I went to jail\nThat left us out of touch\nShoulda shot some mail or something\nAin't no telling where she at now\nI be God damn\nBaby I really wanna see what you got now\nI'm all grown up with my shit together\nI don't know if I'mma see you ever\nI got a woman and shit,but I must admit this\nYou at the top of my list\nUnforgetable\nFuck with them nigga do\nI still miss, there ain't no getting rid of you\nBut in the mean time I'mma get with cha\nUntil I get somebody with your hook up I'mma hit ya\n\n[Hook]\nI miss that bitch\nShe was a pot of gold\nHer body was cold\nI don't know where you went\nWhere did you go (I miss that bitch)\nShopping around looking around\nI'm try to see\nWhere could you be\nHow could you do this to me (I miss that bitch)\n\n[Snoop]\nMy momma got mad\nI was young when I hooked up with her\nOne hit and I couldn't stop trippin\nA long lasting relationship\nPass you around, and let my niggas take a hit\nI used to break you down just to roll you up\nYou the real, you never will slow me up\nAnd you was always on my mind\nSay no more\nI still miss you at times\nAll of a sudden you lost my interest\nI packed it up and set about my business\nYou used to have a hold on me\nSometimes to the point that they said you controlled me\nI kept going to jail and all that\nGet out, fuck with you again, I'm right back\nI guess I had to learn the hard way baby\nI'm leaving you alone cause you driving me crazy (I miss that bitch)\n\n[Hook]\n\nOhhhhh\nMary, mary, mary\nQuite contrary\nOhhhhh\nEvery time I think about that girl\nMake a nigga wanna have a wet dream\nRelease some steam\nOhhhhhh, ohhhhhhh, ohhhhhh\nI miss that bitch", "image": "https://images.genius.com/020258c5b50e382d2763d8439947dad4.1000x1000x1.jpg"}], "artist": "Snoop Dogg"}