{"songs": [{"title": "Tha Dogg In Me", "album": "That's My Work Vol. 2", "year": "2013-10-28", "lyrics": "Would you be with me if I had nothing?\n\nWuddup tho? Niggas and niggettes, this yo boy\nBig Snoop D-O-double G\nComin' at yo ass with That's My Work Volume 2\nIf you don't you work, you don't eat\nYes sir, yes sir\nComing at you live and direct with this motherfuckin gangsta music mane\nYou thought I was gone?\nNo, I'm back on my shit mane\nCan't stop, won't stop\nVolume two\nYou don't you work, you don't eat\nThat's My Work, let's go\n\nYall ready?\nOh yea\nLil something for 2013 on yo ass\nStill going strong\nOh yea\nNothing but the dogg in me nigga\n\nHave you ever seen a Venus and Serena?\nBaby wanna smoke with her, she gotta pop a green one\nHand on my Nina, leanin' in my beamer\nNo time for sleep 'cause nothing comes to dreamers\nAll I'm bout is getting it, east side reppin' it\nShout out to my homies in the hood that's on a different shit\nScrambled like I'm Robert Griff\nGon keep on drivin it\nWalk up in the strip club\nThese hoes is steady poppin' it\nI'm a cribglomerate\nI get what Obama get\nCould've been yo daddy boy 'cause I know where yo mama live\nPut the kids to bed, take a bleezy to the head\nYea, that's what the homie said\n\nWord of mouth, the streets talkin\nI'm in the C-Town, dickin' down the sea hawk\nShe love the way a G talk, conversation, demonstration\nHit er with that street walk\nCrill?\n\nYea man\nI know you thought\nYou thought you thought huh?\nI ain't went nowhere homie\nI gotta stay true to what I do, ya dig?\n\nBack up on my good foot, feelin like an actor\nBack in '88, sold yogurt out the wrapper\nThen I became a rapper\nMoney up front but I guide it up to back er\nNew shoes, new clothes\nAll for the fuck of it\nPlayed my cards right so it's safe to say I struck it rich\nGivin back, takin care of everybody\nI'm doin bad, homie don't you worry bout it\nWalk the walk and try to talk the talk\nI'm tryin to give you more than just food for thought\nIf you movin while you grooving\nHopin' that you won't get caught\nNever let em know about it\nOnly let em hear about it\nHit that paper, read about it\n\nWord of mouth, the streets talkin\nI'm in the D-Town, droppin' off a sea hawk\nHit her with some G talk\nAnd slide off with that east side long beach sea walk, ya dig?\n\nThat's my work\nI'm in overtime mode\nYou call this time and a half\nSnoop, Drama", "image": "https://images.genius.com/46b2706e09558ef97fa25e88b3d002ec.500x500x1.jpg"}], "artist": "Snoop Dogg"}