{"songs": [{"title": "Phenomenon", "album": "Thats My Work Vol. 3", "year": "2014-02-27", "lyrics": "[Intro]\nAyo Snoop Dogg\nYea\nI got a question for you\nHm?\nI wanna ask the question why\nWhy?\nDo you do the thing that you do?\nShabba\nAnd how you keep on doin the things that you do\nWhat I do?\nYea\nTell a nigga\nYou ain't know?\n\n\n[Hook](x2)\nDont stop keepin it on and on\nWhat do you see?\nSomething like a phenomenon\nBaby whatll it be?\nHey girl\n(Hey girl you know Im talkin to you over there, come on over)\nYea, you know I got that shit\n(You know we got that shit, go on and blaze up)\nDont trip\nIf you ain't bout this shit\n(If you ain't bout it, dont be about it)\nNigga tell em who I am\n\n[Verse 1]\nYou the muthafuckin man dawg, that shit ain't hard to see\nAnd what you do on the daily what them other fools try to be\nAin't comparison, Adidas yea we bearin em\nSmoking on that medicine\nTell them muthafuckas let us in\n\n[Refrain](x2)\nAyo the partys packed from the body to wall\nThis is what I need from yall\nPut your hands up in the air\nPut your hands up in the air\n\n[Bridge]\nImma give it to ya, Imma show ya what that business is\nImma give it to you like that\nImma give it to ya, Imma show ya what that business is\nImma give it to you like that\nWhat you gon do for me? What you gon do for her?\nWhat you gon do for him? What you gon do for them?\n\n[Hook](x2)\nDont stop keepin it on and on\nWhat do you see?\nSomething like a phenomenon\nBaby whatll it be?\nHey girl\nYea, you know I got that shit\nDont trip\nIf you ain't bout this shit\nNigga tell em who I am\n\n[Verse 2: Daz Dillinger]\nWhen I was a little baby boy\nMy mama gave me a brand new toy\nTwo turn tables with the mix and I learned to rhyme like a dolomite\nTime went by in a fly creation\nI knew someday I would rock the nation\nSo I made up my mind just what to do\nPut on some gray and blue and made my own crew\n\nAnd since you dig, your shit on hit and this is how we rock\nI chitty bang my city man and this is for the block\nEquipped to hit, I get you whipped and spit that shit you like\nIm on like superfly tonight\nCus I dont have no kryptonite\n\n[Bridge]\n\n[Hook](x2)", "image": "https://images.genius.com/84ac60e2e266a0d4d5eaa555a3450fe0.500x500x1.jpg"}], "artist": "Snoop Dogg"}