{"songs": [{"title": "Feel Like Heaven", "album": "Thats My Work Vol. 3", "year": "2014-02-27", "lyrics": "[Hook]\nRide with you niggas like\nSlide off that you're feeling right\nAll we got is you and me\nI know what you need, girl\nSmoke you some weed, girl\nSit back, let me take your time!\nI impress the ladies, ain't no questions, baby\nI got the answer for you and me\nI put a smile on your face, let me take you to a place\nMake you feel like Heaven!\n\n[Verse 1]\nPut your make-up and your Gucci on\nRock star like, baby, camera, lights, movie's on!\nPlus, I feel the vibe of what you want\nYou be doing that that cool thing\nAll the grown, new thing\nI got you coming back, turn around, boomerang\nUnderground doing things\nGirl, I know you like that\nDon't get tough, sweet like a\nNigga like a track store, afraid to run\nTry to catch a milly on! (Slow it down!)\nBaby, let me catch up with you\nGet that cake up, leg it down, wake up with you\nStand down, and taste the picture\nI got a cool lil' skirt because I'm damn that mister!\nI keep my plan on focus, my focus is you\nWe're cool as a one bo, we're cool as a two\nBaby had your fun and I let it do what it do\nI'm sitting in my whip outside, now step out and just\n\n[Hook]\n\n[Verse 2]\nI like your flavor, you step your game up\nWelcome to the majors with Soopafly, look alive!\nWe back at the house, swimming pool, sip or die\nLook at you, look at mine, looking good, wish you would!\nTake it off, slide on me!\nWork it like a Romeo, glide on it, make it cream\nDouble stuffed Oreo\nI'm like the Mario, I got my chest out\nMacking while I sit back, you can pull the rest out\nI'm like a star is born, and I'm the next out\nPray to get your next out, slide to the left and\nNow I'm looking at your best friend\nShe bad!! I look at the mess we're in\nAnd I don't play no games, though\nPlus, that ain't what I came for\n(No) I wanna slide out, smoke with you\nRub on your angle\nThen give me head like a bankroll\nI got a cool disposition, girl\nI like you right in this position, girl\nI'm the boss, get submissive, girl\nMake you drop, turn around, it's your world\nSo you can just\n\n[Hook]", "image": "https://images.genius.com/84ac60e2e266a0d4d5eaa555a3450fe0.500x500x1.jpg"}], "artist": "Snoop Dogg"}