{"songs": [{"title": "Love Around the World", "album": "Neva Left", "year": "2016-05-24", "lyrics": "[Hook: Big Bub]\nThis why they show me mad love all around the world\nThis why they show me mad love all around the world\nThis why they show me mad love all around the world\nThis why they show me mad love all around the world\n\n[Verse 1: Snoop Dogg]\nI'm represented by Fetti, I'm so hardcore\nFeet to the floor, up on a cord\nKick open the door, not knowing the score\nI'm tatted and matted, added, that's 4 to the 4\nNow we say, well is he good or he great?\nDon't even wait, just clean the food off your plate\nSay your grace, for the life that you make\nNow he butted and skutting, cutting the knife in the steak\nWow, I'm and out of TI, all about it\nCause I handle my BI, CI, I see you\nWanna get a flair, no faking\nLet's take it cause I love this shit\n\n[Hook: Big Bub]\nThis why they show me mad love around the world\nThis why they show me mad love around the world\nThis why they show me mad love around the world\nThis why they show me mad love around the world\n\n[Verse 2: Snoop Dogg]\nNow when I'm on tour, my spirit's unpure\nAnd there's no cure for sure but I adore\nI walk around the town and I explore\nI'm greeted by 100 fans at my front door\nEncore is what they want, much more\nI'm smooth like suede with a touch of valore\nOn the rocks, Ciroc, glass and I pour\nSnoop Dogg is the shit, get your ass on the floor\nYou can choose best and 2 step to this\nSmoked up cause my weed is the shit\nTake down and break down the verse\nPut the S in your chest when worst comes to worst\n\n[Hook: Big Bub]\nThis why they show me mad love all around the world\nThis why they show me mad love all around the world\nThis why they show me mad love all around the world\nThis why they show me mad love all around the world\n\n[Outro: Snoop Dogg]\nYeah all around the world\nBig Bub, Snoop Dogg\nReal love\nFrom the streets to the suites\nEverywhere I go\nEverywhere I been\nLove, love\nGo head, go head, go head\nSay that, say that, say that\nOh yeah they do\nAnother classic\nThat's real love right there man\nAll around the world\nShout out to the whole globe\nLove y'all, nasty piece", "image": "https://images.genius.com/60bf707949edab977c5ad8da61ef82a2.1000x1000x1.jpg"}], "artist": "Snoop Dogg"}