{"songs": [{"title": "Crip or Die", "album": null, "year": null, "lyrics": "[Intro]\nYeah...what's happenin' cuh.  Let you know a lil something bout me.  I'm Junior boy Fleetwood...from a lil city called Long Beach.  You may have heard of it.  Yeah\n\n[Hook]\n'Round here, we Crip or die...all day, we Crip or die...when you young, you Crip or die...that's the first thing you learn on the Eastside\n'Round here, we Crip or die...mamas and daddies, they Crip or die...that's all we know, is to Crip or die...so watch how you move on the Eastside\n(Watch how you move when you on the Eastside, when you on the Eastside, when you on the Eastside...Watch how you move when you on the Eastside, when you on the Eastside, when you on the Eastside)\n\n[Verse 1]\nLock n load rock n roll sock em up n watch em fold\n20 homies 2 minutes gangbang overload\nWanna be a gangsta well this the first step\nChoose who you wanna cruise with, that's your birth set\nNow get you some heat and learn to merk back\nNo rats and cat naps where you work at, for real\nMy family, they chose the shield\nBut me, I'm a Dub with the Pittsburgh Steel\nSlang drugs with them thugs that'll split your grill\nHard life late night man this shit so real\nLBC and C is bout as big as it can possible be, on me, we\nE-A-S-T-S-I-D-E, C-R-I-to the P, I is he\nGangstas, ridas and we get busy\nAnd swang them thangs like we slanging a frisbee\nPop a few shots where your moms and kids be\nPatch on my eye like Spuds McKenzie\nStrike up on the wall where your homies and friends be\nLong Beach nigga we the all Crip ci-ty\n\n[Hook]", "image": "https://images.genius.com/8c99dd335733f9c3cf16f57c9f589cfb.361x361x1.jpg"}], "artist": "Snoop Dogg"}