{"songs": [{"title": "Sensual Seduction (Skrillex Remix)", "album": null, "year": null, "lyrics": "[Bridge]\nI'm gonna take my time\nShe gon' get hers before I\nI'm gonna take it slow\nI'm not gonna rush the stroke\n\n[Chorus]\nSo she can get a sensual seduction\nSo I can get a sensual seduction\nSo we can get a sensual seduction\nSensual seduction, whoa whoa\n\n[Verse 1]\nShe might be with him but she's thinking 'bout me, me, me\nWe don't go to the mall, we don't go out to eat, eat, eat\nAll that we ever do is play in the sheets, sheets, sheets\nSmoke us a cigarette, then go back to sleep, sleep, sleep\n'Cause we done got a\n\n[Chorus]\nSensual seduction\nSensual seduction, whoa whoa\nSensual seduction\nSensual seduction, whoa\n\n[Verse 2]\nI was all in da club, havin' a drink, blowin' on a sweet\nWhen I peeped this little freakout\nI was all in the bar, wind drift up, Shawty Redd came on\nThen she hit the floor, now\nWith a see-through dress, long hair, light brown eyes\nLookin' like Miss Bo Peep\nAnd a playa know if I take her home, with them real big hips\nYou so right I'm gon' beat\nSo I approached the chick with the real pretty face\nNice curves on her with a little bitty waist\nI whispered in her ear, \"Lil' mama, what you drink?\nI know that you're a freak but you know that I ain't gon' say sh[it]\"\nSee my game is outrageous\nI got her to the crib and exchanged some love faces\nBut it was no need for me to rush to bust one\n'Cause I wanted her to have an eruption\n\n[Chorus]\nSensual seduction\nSensual seduction, whoa\nSensual seduction\nSensual seduction, whoa whoa", "image": "https://images.genius.com/8c99dd335733f9c3cf16f57c9f589cfb.361x361x1.jpg"}], "artist": "Snoop Dogg"}