{"songs": [{"title": "Brake Fluid (Biiittch Pump Yo Brakes)", "album": "Tha Last Meal", "year": "2000-12-19", "lyrics": "Woman: Ya baby\nSnoop: Ya playa\nWoman: Ya baby\nSnoop: That's some real pimp shit right here\nSnoop: These bitches is outta line man\nMan: What's the matter dog you can't control your bitches?\nSnoop: Check this out man\n\n(chorus: kokane)\nI got bitches all in my game that don't even know my name\nThen pump your brakes, you hoes\nBiotch!\nYou could talk all day behind my back, but won't say shit in my face\nThen pump your brakes, you hoes\nBiotch!\nYou are the one, you are the one\nYou are the one, you are the one, you are the one, whooo\nYou are sexy, sexy, sexy, you are so sexy\nYou are the one, you are the one\nYou are the one, you are the one, you are the one, whoo-oo\nYou are sexy, sexy, sexy, hmmm\n\n[Snoop]\nCarla, Darla, Charlene and Camina\nTereka and Erika, they love to take care of a\nReal motherfucker from the DPG\nKeesha, Resha, Tammy and Renesha\nI appreciate the way y'all skate\nWhen the clock hit eight\nNow April and Kate\nY'all be doin' too much\nRunning your mouths\nFuckin shit up, you gotta get up\nCus I done had enough\nGetting sick and tired of the same stuff\nYou told Kamil and she told Karla\nAnd she told April and now they all know\nBut I could give a fuck 'cus all y'all my hoes\nSo, all that confronting the real nigga on site\nToday is today, last night was last night\nAs I leaned with my hand on my balls\nI had to really check these bitches and tell 'em like this dog\n\n(chorus)\n\n[Snoop]\nNina do this and Tina do that\nSabrina, Sakina, nigga them all my hood rats\nBack in the days when I was on the block\nAt an early age man, I was on the cock\nNon-stop, I beat it up and tell that bitch to get ghost\n(They be like hot butter on a breakfast toast)\nHollarin' out, poppin' a collar out\nAnd talkin' shit on the phone to me at my baby-mama's house\n(who's she?) Look here bitch do you know who the fuck I am\nYou better read your motherfuckin' press telegram\nYou remind me of this bitch that used to work for me\nHad to cut the bitch up 'cus she tried to get too close to me\nAnd tried to confront me at a club one night\nFuckin' with her friend, a fake bitch (Is that right?)\nBut you know I had to stop and I paused\nAnd I put my hand on my balls and said check this out, dog\n\n(chorus)\n\n[Snoop]\nI got my own spot and I got my own keys\nSo can't no bitch talk shit to me\nLike Kiki did me, bitch changed the locks\nAnd kicked me up outta spot\nI learned a lesson, I wasn't guessin' or stressin'\nI got another bitch and she was at the convalescent home\nShe said she needed a companion\nShit I needed a chaperone plus a new home\nSnap, crack, it's on\nBut in no time at all seems she fell in love\nBut I wasn't ready for that\nTopcat had to scat\nI hit her friend from the back\nWhile she was at work workin'\nI was jerkin' that skirt\nAnd fuckin with all her friends that was flirtin'\nAnd when she found out she told me that that shit hurt (boo-hoo)\nA week later she fucked my homeboy Kurt\nBitch you a'int shit but dirt for dirt (biotch!)\n\n(chorus x2)\n\n(shoop)\nThis is a sexy bitch\n\n{*Music fades out*}", "image": "https://images.genius.com/1abc5e5fc609da0014a0675d49a1a15f.953x953x1.jpg"}], "artist": "Snoop Dogg"}