{"songs": [{"title": "Totz N da hood", "album": null, "year": null, "lyrics": "[Intro: Snoop Dogg ]\nWhat's happenin y'all? Big Snoop Dogg\nShootin a shout out to all the lil' rascals out there man\nThe lil' homies, y'knahmsayin?\nNiggas keep talkin they ain't gon' grow up to be shit\nDon't trip, I used to be a lil' rascal too\nLook at this lil' rascal now!\nYeah, the lil' rascal done became the Big Snoop Dogg\nFollow your dreams lil' homies\n\n\n\n[Bootsy Collins]\nAh check one bopper! Yeah\nWe goin back, to the hip-hop shop, non-stop baby\nA-ha ha ha ha, yeahhh\nWhere all the deejays use the turntables, like Glocks\nA-ha ha ha ha, ahhhhh\nWe just havin fun, and nobody gets shot!\n\n[Chorus]\nNow we movin on, to hip-hop and funk\nWhere Snoop & Bootsy usin music and lyric\nTo spike yo' punchberry\n\n[Bootsy Collins]\nAh yeah bopper!\nAh heavens to all blitz (all out blitz)\nI don't know your name but uhhh\nI think I want a kiss, yeah\nI know you're fine, like the wine I drink\n(And you may not get a second chance)\n(To make a first impression)\nSo take the opportunityyyyyyy!\nYeah, I pop these parties like I pop emcees\nNever need a ride cause I carry my own keys\nAnd if you wanna hang with us\nTell 'em it's all good baby\nAll we do around here is uhh\nPlay with our toys, up in the hood\nSwing down, and get that frown off your face\nNow all we do around here is uhh\nParty in the place!\n\nSwing dowwwwwwwwn\nLet me hear y'all say it - PARTY IN THE PLACE!\nPARTY IN THE PLACE!\nThat's all we do around here baby\nWe're 'bout to slow things dowwwn\nPARTY IN THE PLACE!\n(You know that's how I do)\nGet that frown off your face\nPARTY IN THE PLACE! [2X]\n\nI'm just sippin on Gin & Juice\nTryin to catch up with Mother Goose\nYeah she got that golden egg\nAnd now she trippin all in my head\n\nAhh Snoopadelic boppers!", "image": "https://images.genius.com/8c99dd335733f9c3cf16f57c9f589cfb.361x361x1.jpg"}], "artist": "Snoop Dogg"}