{"songs": [{"title": "Hydro Hit", "album": "Smokin' Day 2 (G-Unit Radio Part 1)", "year": null, "lyrics": "[Intro: Snoop Dogg]\nYeah man, it's the Bigg Snoopy D-O-double-gizzle-fo'shizzle\nAnd I'm in the hizzle with the G-Unit\nAnd the muthafuckin' DPGC\nAnd this is uh, smoke to this volume one\nAnd I'ma show you how we get down cause you know how we get down\nYou know what we do\n\n[Chorus: Snoop Dogg]\nWe like to break it up, roll it up, and blazin' it up\nSmokin' it up, takin' a puff, livin' it up, gettin' it up\nAnd stay on some pimp shit, I'm never spillin' my cup\n\n[Verse 2: Daz]\nHo, get me a hit of that hydro chronic cause I wanna get up on it\nG-Unit, The Pound, we smoke\nRoll it and smoke it, no chokin', don't hold it, control it\nDon't cough a hit till we smokin'\n\n[Verse 3: Soopafly]\nYo, what's that sound\nI got my niggas in the back fuckin' shit up, we smokin' a pound\nI got the word on the herb sometimes I swerve\nSo superb, a nigga feeling high as a bird\n\n[Snoop Dogg]\nWe got the chronic fo' sho\n\n[Verse 4: Daz]\nWhen they see that nigga Daz they like: Diggy what up?\nOrange or purple in a- put it all in the blunt\nI got the bomb-bomb nickelbag\nWho stoppin' Dat Nigga Daz?\n\n[Verse 5: Soopafly]\nWell puff puff pass it nigga, fuck it give me a charge\nI'll smoke big in a building this large\nWe gon' get high, fuck some hoes\nAfter it's over kickin' bitches out and we still smokin' doja\n\n[Chorus: Snoop Dogg]\nWe like to break it up, roll it up, and blazin' it up\nSmokin' it up, takin' a puff, livin' it up, gettin' it up\nAnd stay on some pimp shit, I'm never spillin' my cup", "image": "https://images.genius.com/1b884ca5d64dceca3c26e802a05cb117.600x610x1.jpg"}], "artist": "Snoop Dogg"}