{"songs": [{"title": "Last Man Standing [Intro]", "album": "Tha Unreleased Vol. 1", "year": "2009-12-27", "lyrics": "[Intro: Snoop]\nThrough the agony of defeat... and the thrill of victory\nSome fall, but only one remains standing\nI'm the last man standing\nI'm the last man standing\n\n[Verse 1: Snoop]\nWait, I'm thinkin' of plottin'\nTryna get my life together\nCause if I don't get it right\nI might lose my life\nI'm seeing so many killed\nMy niggas get popped, then dropped\nOn the streets for nothin', don't stop\nCan't stop, won't stop, never ever will\nI'm tellin' y'all, I'm tired of my peoples gettin' killed\nFor real, what we gon' do to make it better\nWe gotsta say som', let's write a big letter\nTo the folks up top, politicians on a mission\nCause they wishin' but they stoppin'\nAnd they really ain't doin' nothin' at all\nAnd Doggy Dogg is upset\nI'm the last man standing cause I'm a rap vet\nTakin' bullets, duckin' bullets, dodgin' bullets\nTryna find a way to get out, don't pull it\nToo quick and too fast, slow down\nCause ya might have to meet me at twelve, at the throwdown\nThe showdown, woah down\nUh nah, last man standing and I'm down for the cause\nAll in all, the last man standing\n\n[Hook: Snoop]\nSeem to be gettin' crazy everywhere\nIt's gettin' crazy outside\nIt's gettin' crazy inside\nIt's gettin' crazy everywhere\nEven over there\n\n[Verse 2: Snoop]\nNow, niggas didn't think that gangbangin' would spread down to Little Rock Arkansas\nBut indeed, it don't stop like I told you from the gettin'\nGangbangin' is everywhere, it's in everybody's city\nCan't hide it, can't cover it up\nCan't put no rug on top of it cause you can't stop it\nYou love it, niggas love it, white boys love it too now\nCause you know, hey, to have a gun is the thang now\nBut you know, you gotsta wake up and realize\nCause if you don't, you'll push a heater and push yourself in the trunk\nYou ridin' up the block thinkin' you bad\nThinkin' you tough, nigga I had enough\nStuck, so many niggas gettin' shot and popped and dropped\nStopped in their tracks, no comin' back\nFace the truth, I'm the last man standing cause I know what I'm doin'\nTakin' time and I'm planning\n\n[Hook 2: Snoop]\nI'm standing on my own two feet\nReachin' out to y'all cause I'm takin' y'all back to the streets\nWhere it all began\nStanding on my own two feet and I'm the last man\nHmm, it's gettin' crazy everywhere, even in yo town\nThought gangbangin' was a West Coast thang, but you wrong\nGangbangin' is here to stay like motherfuckin' songs\n\n[Verse 3: Snoop]\nMan, it's gettin' deeper\nI got two baby boys and I can't play them brothers cheaper\nCause if I don't teach 'em or give 'em somethin' to grow on\nThey might not be able to go on\nIt's wrong, nah it's right to see me stand on the mic\nAnd give you people somethin' meditate, and take ya life...\nTo the next stage, or the next page\nYa gotsta get yours, I mean get paid\nBut it ain't nothin' like bein' down for yourself, and down for that real\nStop tryna peel, niggas' caps, make snaps, make raps or do whatever you gotsta do\nJust rock for you and you\nAnd don't stop until ya gets what ya gotsta get\nUntil then, just keep rockin' this funky shit\nCause I'm the last man standing\nDemanding your attention, I'm on a mission\n\n[Outro: Snoop]\nLast man standing\nI'm the last man standing\nI'm the last man standing\nThe last man standing\nI wanna say peace to all my homeboys that rest in peace\nAll the fallen soldiers\nI'm the last man standing\nKeep it real out here for y'all\nYa know, they tryna knock me down\nSomeone gotta stay out here and do it\nYa feel me?\nMy nigga Mark on the beat, last man standing", "image": "https://images.genius.com/3c96f753e49ec876ef040e15a63c9c9b.280x280x1.jpg"}], "artist": "Snoop Dogg"}