{"songs": [{"title": "See What I C", "album": null, "year": null, "lyrics": "[Intro: Snoop]\nUh, huhuh, yeah\nNigga just sittin' up in there trippin' off how the Lakers went back to back on these suckas\nHuhuh, for real though\nThey say the west coast was back all-around\nWe did it in basketball, we damn sure doing it in music\nCheck me out\n\n[Verse 1: Snoop]\nIt's Friday night and I just got paid\nLet the top back and hit the highway\nSideways, blazin' bombay\nI love it, just like LA\nBack to back, Meech and Snoop is like Kobe and Shaq\nHow you love that?\nRoll up some purple young cuz\nAnd put your seat belt on while I swang these dubs\nBall in the club, they know who we was\nVIP, DHGC, pop that bottle of moet Percy\nAnd bring that thick redbone to me\nShe belong to me, opportunity\nShe wanna C down with this pimpology\nLeana, Sabrina, Zeena, and Tina\nPimpin' in this muthafucka, nigga have ya seen her?\n\n[Hook]\nAs I dip up through the scene\nTo see what I see\nI would approach you for the night\nRack that M-O-E-T\nBack in the VIP\nWhile scoping bitches from abroad\nSay you all about the green\nWhy you all up on me?\nTrying to snake me from the side\nLost and tossin' your team\nPistol-grippin' fiends\nWhy you trippin', actin' hard?\n\n[Verse 2: Snoop]\nA lotta bit of green with a lotta bit of gold\nI'm taking this game to the next episode\nI rose just like hoes on the pimp stroll\nGive a hoe a xo, she's a nympho\nShe can say what she want but the bitch know\nI run the track mack to mack like\nLet's go pimp a bitch from here to 'frisco\nThis hoe don't act like she don't blow, oh no\nYou gotsta reign, it's hectic nowadays\nBitch get down and stay down for the get down\nTake it to ya pound, spread it all around\nMida, mida this vida vida bitch\nIt's the twist that's oh so official\nI'm tryin' to leave the party with this hoe\nBack out with my hand on my pistol\nAnd do the damn thing at the disco\n\nYeah, I got this little woman at my house, I call her disco\nYou more than welcome to come through\nYou and your three friends, for real, for real, for real\n\n[Hook]\nAs I dip up through the scene\nTo see what I see\nI would approach you for the night\nRack that M-O-E-T\nBack in the VIP\nWhile scoping bitches from abroad\nSay you all about the green\nWhy you all up on me?\nTrying to snake me from the side\nLost and tossin' your team\nPistol-grippin' fiends\nWhy you trippin', actin' hard?", "image": "https://images.genius.com/8c99dd335733f9c3cf16f57c9f589cfb.361x361x1.jpg"}], "artist": "Snoop Dogg"}