{"songs": [{"title": "Sunrise", "album": "Bible of Love", "year": null, "lyrics": "[Intro: Sly Pyper]\nOh my God\nIf you\u2019re good long enough you\u2019ll know it won\u2019t need to rain\nWith just one sunrise\nMy life, bumps & bruises\nBattle scars had to prove my loyalty for my hood\nThese are better days\nVoices from vices got me standing me here\nSinging praises to Your name\nFor saving me from my yesterday\nSecond chances come with every sunrise\n\n[Chorus]\nI wake up feeling like the Most High's favorite child\nCuz he gave me you\nA breath of fresh air and a brand new morning\nPainted blue\nI wake up blessed and highly favored just to see\nAnother day was proof that\nSecond chances come with every sunrise\n\n[Verse 1: Sly Pyper]\nMy life bumps and bruises\nTribulations and trials, but I made it through\nSo it\u2019s all good\nThese are better days\nI just want you to know\nI\u2019ve been to the bottom of the barrel of my pride\nAnd I fell down by surprise\nWhy live in the dark when there's sunrise?\n\n[Chorus]\n\n[Verse 2: Snoop Dogg]\nShout it out to the world\nIG posted it\nIf you get a second chance, you better make the most of it\nI used to ride with the gun guys\nBlaze to the fun times\nBut nowadays, I just praise until the sunrise\nBeen down so long\nI\u2019m used to falling, y\u2019all\nBut I recognize, this my calling dawg\nI been ordained, anointed with the oil\nOn the battlefield\nLoyal to the soil\nI'm lookin\u2019 at the man in the mirror\nSee now things is gettin\u2019 much clearer\nI got my own church, my own choir, my own band\nI guess you could say, I\u2019m a brand new man\nSee rap guys usually don't get baptized\nBut how could you cleanse your sins without it\nMake you wanna think about it, uh\nRight reverend the reverend right recite light\nYou see today is the day to get your life right\n\n[Chorus]\n\n[Music Outro]", "image": "https://images.genius.com/c9dee508f81bde784b713142dc6009e9.600x600x1.jpg"}], "artist": "Snoop Dogg"}