{"songs": [{"title": "Caught Up", "album": null, "year": null, "lyrics": "[Kurupt]\nA xxxxx is a bitch, whether she poor or rich\nShe still gettin a gang of dicks\nIt don't matter what you do or say\nCause xxxxx you can't change my feelings no way\nI been across the whole U.S.A\nSame ol' hoes on different days\nJust ask my big homeboy Snoop de Snoop\nXxxxx you ain't cute, with all that (woop de woop)\nI might just rock ya, I ain't afraid to blast\nI might rock a fella like Dame and dash\nGrip the heater and slap your ass\nXxxx it back, automatic clap your ass\nNow this is how a gangster mash out\nThe homies in the Coupe, me and Snoop in the glass house\nBouncin (bouncin) bouncin (swervin)\nBlaze up a whole ounce and get the ramen with the cotton candy\n\nChorus: Snoop\nYeah, and all my niggas say... ride, ride on\nYeah, and all the honies say... ride on\nYeah, and all the xxxxxxx say... ride on\nYeah, and all the robbers say... ride on (can't get caught up)\n(repeat 2X except last line)\n[Snoop Doggy Dogg]\nI'm out to paper count the paper bump some xxxxxxx and move\nI take a trip with my click on a three day cruise\nSpank the corner in the fo', sittin low gettin low\nNow we headed to the sto' in the fo', hoes holler\nTop dollar with the gold flea collar\nDippin in my blue Impala\nThey say Snoop Dogg is a fool, cause he got the bitches\nAnd the little homey sellin weed up outta high school\nI never ever break the law, I just bend it\nKeep everything splendid, that's how I intend it\nClass is in session, you might get suspended (shhhh)\nIf you don't shut the xxxx UP and listen for a minute\nI been in it for life, with two kids and a wife\nWith no tattooes just stress and stripes, so\nI'ma do what I feel and do what I like\nBut I won't go to sleep without my heater at night (ride on)\nChorus\n[Kurupt]\nNigga gimme erything you got, from your hat\nTo your contacts, t-shirt to your socks\nDogg Pound affiliate? Hell naw nigga\nCertified branded Cedar Paul nigga\nMashin, grey and, blue all day\nAll night all heated with heaters, mac-11's\nNine millimeters, whattup Big Nate\nI got a xxxxx that gobble up dicks like steak\nShe lives upstate, and I don't think\nNear a one of those xxxxxxx is proper, stash the chopper\nDPology (DPG) but first call Snoop\nWhattup big homey niggas with the swoop\nThe homey jumps in whips out the four pound\nWhen we get there, we shakin all xxxxxxxxxxxx down\nIt's what I had in mind, let's get paid\nHit the spot just like a raid one of the homies got a gauge\nCome on\nChorus\n[Snoop Doggy Dogg]\nLet me holler at y'all for a minute man\nI mean this game is gettin real deep\nWe got niggas that be misrepresentin\nI mean, xxxxxxxxxxxxx you know thinkin that DPG\nIs a motherfuckin football game or a football team or somethin\nNiggas walkin on and xxxx like they free agents\nAnd just leavin when they want to\nNigga this ain't no game, this is a motherfuckin way of life\nDPGC, Dogg Pound Gangsta... nigga!\nThe xxxx wrong with these niggas man?\nNiggas be straight tryin to put they little twist down (holla at em)\nBut you know we tryin to stay two steps ahead of the game baby, y'know?\nLet me holler at y'all for a minute, especially YOU\nYou done stepped in some Dogg Shit, check your shoes\nNigga this ain't Hollywood, the House of Blues\nIt's the Dogg House, so regroup your troops\nAnd tell em... it's Kurupt and Snoop\nXxxx your crew it's on I take your Brome\nIt's Don Corleone in the Chronic zone\nI turn your dubs into nickels, while I'm chillin\nI melt your rhymes into icicles, while I'm killin\nSell em, I tell em, Kurupt, what's up\nI know you feel like, givin it up\nWe can't stop, won't stop, what foe\nCause every other day another nigga tryin to pull a dulo\nYou know, when I was xxxxxx with the hood\nIt was all bad, thought it was all good\nA nigga had to take a breather\nNow I'm Living Single, like Khadijah, cause they'll squeeze ya\nXxxx a feeding fish, I put my dick in your bitch\nAnd make a wish, ha hah\nNigga that's gangsta shit, with the gangsta twist\nYeah, Dogg Pound gangsta...", "image": "https://images.genius.com/8c99dd335733f9c3cf16f57c9f589cfb.361x361x1.jpg"}], "artist": "Snoop Dogg"}