{"songs": [{"title": "Because I'm Black", "album": "That's My Work Vol. 2", "year": "2013-10-29", "lyrics": "[Hook]\nIs it because I'm black?\nSomebody tell me, what can I do?\n(Cause their ain't enough bars\nTo hold the the drama that we've been through)\n\n[Verse 1]\nRight here, right now, I do declare\nThat I'm more than a gangster, mack, pimp or a player\nI swear I ain't never told on nobody\nIt started in '82 at a 'hood house party\nHalf Ded, Lil' Loc and my nephew D\nNot knowin' what we do, but this is RTC\nHeart sparked, puttin' flags in Tucane Park\nI leave the house for school, but I come back after dark\nYou feel me?\n\n[Hook]\n\n[Verse 2]\nMore power, more leadership - unifying Bloods and Crips\nI used to smoke a pack a day, I used to have to pack a K\nNow I've got brothers in suits in my faculty\nPushin' peace in the streets - North, West, South and East\nStudent of the game, yeah it's time to make a change\nSo I'm following, no more swine swallowin'\nI'm gon' just walk the walk of a righteous man\nTry my best to rewrite this plan\nAs-salamu alaykum, sir\nYeah, that's the plan...\n\n[Hook x2]\n\n[Verse 3]\nYeah, I'm down with Obama just to add a little drama\nAnd I'm rollin' with the Nation, but I've been doin' that\nHad a talk with my mama, had to let her know that I'mma\nMake a change, and she said: \"baby, go ahead and do that\"\nFarrakhan is a prophet and I know it cause he show it\nAnd he told me, so I'm teachin' brothers how to be peace\nWhat's wrong? We too strong, and if we all get along\nThey could never penetrate us, all they do is motivate us\nHaters...\n\nThe enemy is always watching for leadership that will rise among black people because it is only by organizing effectively that you can change the reality under which we live\n\n[Hook]", "image": "https://images.genius.com/46b2706e09558ef97fa25e88b3d002ec.500x500x1.jpg"}], "artist": "Snoop Dogg"}