{"songs": [{"title": "Gangsta\u2019s Life (feat. Nipsey Hussle)", "album": null, "year": null, "lyrics": "The baker in the bakery\nStacking bread in the bakery\nBaking fresh and soon you'll see\nBakery is the name\n\nAye, yo, Dada, why'd'you hit 'em with one of those\nMotherfucking gangster ass videos?\nAll right, aight\nRoll it x5\nI like that\nGangsta shit\nWe gon'\nReal smooth, you dig?\nThat they bossed up\nG\n\nCause my life worth more than\nThe money that I lived and died for\nAnd where I'm form, my nigga, you get shot\nFor sellin' lots, you don't really need a reason to die for\n(I ain't trippin')\nYou know they say that gangsters don't live that long\nI could not be at home if I wasn't really that strong\nI pro'ly should be long gone\nFeel me (Feel me!))\n\nTell me, what does it take to be dangerous\nEverytime I look around, the game steady changin'\nFrom coast to coast we arrange it\nBoys out west, we insist to keep it\nAh yeah, we maintain, burn enough by choice, we smart, now we blazin'\nMy young home boy, he amazing\nThe cookie, rookie, shook him and took him\nAnd now he famous (wow)\nCouldn't quite picture that, wonder what he fishin' now\nNow yo talkin' bout this and that\nBut pass that lo', I don't diss no mo'\nI made number one hitch, you know\nBelieve me, I make it look easy\nYou wanna know how to do it, then watch (???)\n\nCause my life worth more than\nThe money that I lived and died for\nAnd where I'm form, my nigga, you get shot\nFor sellin' lots, you don't really need a reason to die for\n(I ain't trippin')\nYou know they say that gangsters don't live that long\nI could not be at home if I wasn't really that strong\nI pro'ly should be long gone\nFeel me (Feel me!)\n\nYeah, cuz, the game won't wait, dismiss talk\nBut beef and shook all the haters\nAnd took on the new routine, started coaching you football\nTo go straight clean\nLike mean Joe Green(?), I step in the scene\nI want all the (???) and a pitcher, you know what I mean?\nI get to 'em, nigga, don't ask why\nWord to my people, that's just how I ride\nYeah, since I slid the dough, I been actin' %^&*(\nSome gangsta mac shit, but I did it with practice\nYeah, yeah, y'all know I get actin'\nI live to merc, taste the risk my status\nTop of the chores, have heart, have money\nHave money, you gotta have heart\n\nCause my life worth more than\nThe money that I lived and died for\nAnd where I'm form, my nigga, you get shot\nFor sellin' lots, you don't really need a reason to die for\n(I ain't trippin')\nYou know they say that gangsters don't live that long\nI could not be at home if I wasn't really that strong\nI pro'ly should be long gone\nFeel me (Feel me!)\n\nIt's been thirteen years, no pain, no tears\nRespected by all my piers\nNo matter where I'm hosted at, my hands stay close to that\nDada dadat dadat dadadadat\nAnd as a matter of fact, no beef on the streets\nNo black on black. We gon' be all on one track\nSo I fall in wild and get lost in the pack\nIt's like that, fo' real, we ain't bluffin'\nRight now it's West Coast or nothin'\nI'll push that line and in due time\nY'all gon' respect this cause out here, fool, we rhyme\nOh, yeah, we think, but out here no time\nPut up on yo nine, foreign line(?)\n(Tell 'em why)\n\nCause my life worth more than\nThe money that I lived and died for\nAnd where I'm form, my nigga, you get shot\nFor sellin' lots, you don't really need a reason to die for\n(I ain't trippin')\nYou know they say that gangsters don't live that long\nI could not be at home if I wasn't really that strong\nI pro'ly should be long gone\nFeel me (Feel me!)", "image": "https://images.genius.com/8c99dd335733f9c3cf16f57c9f589cfb.361x361x1.jpg"}], "artist": "Snoop Dogg"}