{"songs": [{"title": "California Roll", "album": "Bush", "year": "2015-05-05", "lyrics": "[Chorus: Pharrell & (Stevie Wonder)]\nBaby you could be a movie star, hey (in Los Angeles)\nGet yourself a medical card, yeah (in Los Angeles)\nCause that's how California rolls\nThey do the fingers like Redd Foxx, hey (in Los Angeles)\nYou can make it on a light blue box, yeah (in Los Angeles)\nCause that's how California rolls, yeah\n\n[Verse 1: Snoop Dogg]\nSay when I pass you that weed and I ask you can you roll?\nYou say roll, don't you know that I'm from round here?\nWell girl I like the way you roll\nEven though you from the ghetto you belong in a home in the mountains\nNot talking 'bout the view\nI'm talking 'bout me and you\nSo if you wanna go to Melrose\nLet's hit Adidas, girl we got our own shell toes\nAnd then we'll go to Venice\nYou roll so good you might as well let me hit it\nFor like 15 minutes\nGirl, you never gon' forget it\nAnd if you wanna go around town\nI could show you where all the real get it\nAnd if you wanna go downtown\nYou might as well roll with a real nigga\nI'm not talking 'bout them fools\nI'm talking 'bout me and you\n\n[Chorus: Pharrell & (Stevie Wonder)]\nBaby you could be a movie star, hey (in Los Angeles)\nGet yourself a medical card, yeah (in Los Angeles)\nCause that's how California rolls\nThey do the fingers like Redd Foxx, hey (in Los Angeles)\nYou can make it on a light blue box, yeah (in Los Angeles)\nCause that's how California rolls, yeah\n\n[Verse 2: Snoop Dogg]\nAnd when I hand you that weed and I ask if you can roll?\nYou say no, let me show you around here\nCowgirl wanna roll with a winner\nRodeo with a winner, Rodeo loud yeah\nAin't got nothing to lose\nI'm talking 'bout me and you\nAnd girl I got a home in that valley, in a rolls in that valley\nJust tell 'em what my name is\nYou heard about me, you heard all about me\nMean you heard all the hittas that I'm with gangbanging\nBut I ain't talking 'bout the news (I'm talking 'bout me and you)\nGirl you know that I'm talking 'bout you\nLet me show you all around\nI could show you where all the real get it\nAnd if you wanna go downtown\nYou might as well roll with a real nigga\nI'm not talking bout them fools\nI'm talking 'bout me and you\n\n[Chorus: Pharrell & (Stevie Wonder)]\nBaby you could be a movie star, hey (in Los Angeles)\nGet yourself a medical card, yeah (in Los Angeles)\nCause that's how California rolls\nThey do the fingers like Redd Foxx, hey (in Los Angeles)\nYou can make it on a light blue box, yeah (in Los Angeles)\nCause that's how California rolls, yeah", "image": "https://images.genius.com/ae91d8257f8004932b281e333a011e02.1000x1000x1.jpg"}], "artist": "Snoop Dogg"}