{"songs": [{"title": "Deez Hollywood Nights", "album": "Ego Trippin'", "year": "2008-03-07", "lyrics": "[Chorus]\nThose Hollywood nights\nThey drive me crazy\nThose Hollywood nights\nThey drive me crazy\n\n\n[Snoop Dogg]\nHuh, it's like that that there\nThey love it when I let down my hair\nFrom Jessica Alba to Jessica Simpson\nEven Jessica Biel wanna know how I feel\nSo I let 'em all come to my back table\nRoll up and lick the paper if they able\nBottles of everything, models and everything\nEverything goes and yes I mean everything\nCocaine castles, I ain't sniffin'\nBut baby that plate in that one movie is trippin'\nSo, I invite her over to my party\nBlonde hair, long legs, a real live Barbie\nNo autographs, I ain't signin' now\nAct like you been around a boss, bitch settle down\nMy life is like one big highlight\nWelcome to the motherfuckin' Hollywood night life\n\n\n[Chorus]\n\n\n[Snoop Dogg]\nEvery night I'm in the limo, Excursion\nWith some whites, some asians and persians\nThey flirtin', and I'm certain they suckin'\nOne night with the Dogg and it's curtains\nShe say she wanna be an actress\nSo I pointed to these nuts and then I yelled ACTION!\nTake one, take two, now cut\nNow turn around, and let the homie Damani fuck\nHuh, yeah, here we go again\nI gotta go behind the club just to get in\nThey say I'm just too much commotion\nAll the yellin' and screamin' and pushin', oh yes I got 'em open\nI'm in the back of the club gettin' a backrub\nSmokin' with one of the Marley's, \"One Love\"\nI'm higher than gas, refusin' to pass\nHollywood Night School my nigga join my class, c'mon\n\n\n\n[Chorus]\n\n\n[Snoop Dogg]\nMeet me at the Roosevelt, bass cabana room\nI'm on Sunset (where you at?) at The House of Blues\nI just stepped in for a quick cameo\nMe and Leonardo DiCaprio\nHe keep a bad ho, I keep a bad ho\nHe slide me new hoes everywhere we go\nOh the life, night after night, flight after flight\nYes, these Hollywood nights\nWill have a nigga burnt out, some hoes turned out\nYou know it's pimpin' when you see the Dogg permed out\nCameras flashin', police passin'\nEvery little model wanna give me some action\nSo I let 'em kick it, then I let 'em lick it\nGet some m_nage, durin' every visit\nI wouldn't leave it, even if they paid me\nThe L.B. raised me and Hollywood is crazy\n\n\n\n[Chorus]", "image": "https://images.genius.com/fd5ace5214e5da1f374653720da7d1c1.1000x1000x1.jpg"}], "artist": "Snoop Dogg"}