{"songs": [{"title": "Bring It On", "album": "Tha Last Meal", "year": "2000-12-19", "lyrics": "[Intro: Kokane]\nIn these times, of hate and pain\nWe need a remedy, to help us through the rain\nCan't you see, I'm straight OG (OG)\nFuck you niggas, think you can fuck with me\n\n[Suga Free]\nOh c'mon\nMake a pimp wanna jump back\nBitch, and fuck that\nShit, I'm qualified to knock a hoe no matter where ever I go\nExcuse me partner, this the pimpin' let a pimpin pimpin' let you go\nBreak the bitch you say \"I will\"\nTryin to break the bitch but you saying \"I will\"\nThen nigga, shit; since you put it like that\nI'm about to lace em right now nigga\nAnd take them straight to the track (track)\nI've never let a bitch pimp me\nTrying to tell me what to do but I'mma stay O.G\nFresh out the pen only 32 days (32 days)\nAnd I added and subtracted in a multiplied way\nNow switch worlds\nWhy did the little girl walk around with a gold fish in her pocket\nSo she could smell like the big girls\nAnd check the one with the fast mouth\nJust get your money if you have to knock her motherfucking ass out\n\n[Kokane]\nI don't care whatcha do\nLong you don't fuck with mine (C'mon sing it ya'll)\nYou think you can't be touched\nNiggas disappear all the time\n\n[Snoop Dogg]\nOld \"Blue Eyes,\" Dogg Sinatra\nMake a nigga disappear like Jimmy Hoffa (Where is he?)\nThe Glock cocker, hoe hopper, show stopper\nWatch your mouth, watch your mouth\nI'll put you in a brick in a building\nAnd separate you from your children (Daddy)\nI stay G'd up\nAll the G's from my set ain't never PC'dup (hahaha)\nIf you hit the main line\nYou gonna get stompped\nPaying motherfuckers off use a sucka duck\nMe and my niggas go hard in the paint\nPuttin paint where it ain't, makin bitch niggas faint\nIt's a clear blue sky here on the Eastside (Eastside)\nThrow your set up and wave it from (Rolling) side to c-side\nI'm talking big shit, holdin my dick\nBanging on you cuz, nigga this crip\n\n[Kokane (Suga Free)]\nI got so many tricks up my sleeve (Oh y'all ain't knowin')\nFor you hoes to disbelieve (Hoes in amazement)\nYou wanna bang let's bring it on (Oh Oh)\nWe's about thousand niggas strong\nI don't care whatcha you do (I don't care what the fuck whatcha do)\nLong as you don't fuck with mine (As long you don't fuck with mine)\nYou think you can't be touched (Uhhhhh)\nNiggas disappear all the time\n\n[Suga Free]\nNo, I don't love you bitch, you a hoe, I never will (Never will)\nCan't tell you my feelings cause the pimpin' don't feel\nBitch, matter fact be gone\nFuck around and have your Momma saying \"Baby, he wrong!\"\nTalking about he a real pimp\nBitch, is gumbo laced with the proper crop of jumbo shrimp\nStepped out the pen with my hoe, got it crackin with my hoe\nSteady mackin with my hoe, now I'm stackin with my hoe\n\n[Snoop Dogg]\nI pop a bottle of Mo\nAbout to model a hoe\nI'm working them, serving 'em and breaking 'em off (You know)\nDid the weed, man get here\nTaking too long\nBut when he get here dogg\nI'm taking a zone (Give it up nigga)\nNiggas know how D-O-double G \"doo's it\"\nKnown for making that crip hop music, don't abuse it\nJust ride to the rhythm of a pimp ass, upper class, cold motherfucker\n\n[Kokane]\n(Humming) Long you don't fuck with mine\nYou think you can't be touched\nNiggas disappear all the time (Humming)", "image": "https://images.genius.com/1abc5e5fc609da0014a0675d49a1a15f.953x953x1.jpg"}], "artist": "Snoop Dogg"}