{"songs": [{"title": "Pimp Slapp'd", "album": "Paid Tha Cost To Be Da Bo$$", "year": "2002-11-26", "lyrics": "[DJ E-Z Dick]\nW-Balls, it's your main man DJ E-Z Dick\nAbout to unleash another one of those platnum plus hits\nAnd the word is on the streets, and the word is the streets\nWe gon go to a live remote, licking wit my main man Mr Doggy Dogg\n\n[Snoop Dogg]\nA day in the life, of a Rollin' 20 Crip\nI'm just a stubborn type of fella with a head like a brick\nNow just because I sip Moet, they say that I'm hopeless\nBut I don't give a fuck, so blame it on the loc'ness\nNow this is how we do it when we checking the grip\nSnoop Dogg is in this bitch, so don't even trip\nI bust a funky composition that's as smooth as a prism\nSo check it while I kick off in this funky-ass rhythm\nIt's six dub, the phone is ringing off the deck\nAnd it's some homies talking about I disrespected they set\nAww nah, Dogg ain't diss y'all\nI got a couple relatives up off of Crenshaw\nThis is about me and Simon, not me and y'all\nI got love for a bunch of real B-Dogs\nLike K-Dub, Top Cat, B-Real, E-Rock, Boo-Lay Face\nAnd the homie Heron rest in peace\nBig Jay from Campanella Park\nHe used to blaze with his nephew after dark\nOn and on, rocking big Neckbone\nMausberg I had to put you on my song\nIt's so real, I had to show some love\nNow back to this scrub, it ain't about Crip or Blood\nIt's about you bein' jealous of what I does\nCause I does it the most, the king of the coast\nIn the paint playin' post - I back you down\nLike Shaq-Daddy, and bust on ya out the new Caddy\nAnd skirt up Wilshire Boulevard\nI'm not Xzibit, you can't \"Pull My Ho Card\"\n.. I fucked all your groupies\nWhen you was doing time in Camp Snoopy\nWith the fags and snitches, no killers just bitches\nAnd you was payin' niggas off with all my riches\nYou so hardco', why you ain't go to level fo'?\nOh I know (bitch!)\nBut I walk the mainline every time I go down\nYou can check my G Files I do it L.B.C. style\n.. I got the word on you Simon\nYou need to just start rhymin'\nCause you the biggest star on your label\nAnd them other niggas just crumbs off my table\nYou're not able, to compete with the heat that I drop\nAnd I still ain't been paid, for \"1-8-7 on a cop\"\nI started yo' shit and I will end yo' shit\nIf you keep talkin shit on Crip!\n\n[Hook 1: repeat 2X]\nIt all boils down to the fact\nThat you're jealous of my paper stack (jealous ass nigga)\nIt all boils down to the fact\nThat you're jealous of my paper stack (gon' get pimp slapped)\n\n[Hook 2: repeat 2X]\nMoney, I get it, paper I got it\nI got the dope\nHeaters, I keep em, bitches I got em\nRun up, ya get done up, I stay one up\n\n[Snoop Dogg]\nIf I shoot you, I'll be brainless, and you'll be famous\nAnd I'll be spending money out the anus\nYour only gain is to try to get me to fall down to your level\nMan you worse than them devils\nAlotta niggas should've said it, fuck em\nBut I'ma say it for em, stop it, pop it, rewind and play it for em\nThis nigga's a bitch like his wife\nSuge Knight's a bitch, and that's on my life\nAnd I'ma let the whole world see\nCause you fucked up the industry, and that's on me\nWe can go head up, nigga, set it up\nOr we can do the other thing, I love to wet it up\nYour rappers and artists, tell em, shut it up\nCause I'll fuck every last one of 'em up, especially Kurupt (shshshsh)\nSee that's my lil homeboy, so he knows what's up (what's up)\nHe better keep it Crippin', and slip his clip in\nCause these niggas trippin', this is official business\nDo the same way, leave no witnesses\nThis is that unexpected misdirected, sprayed, covered and protected\nStrip you butt naked, chicky-check-check-it\nIt's all to the good again\nYou can catch Snoopy Do Double in the hood again (Eastside)\nSpinning that real times, spitting that real shit\nTo make the whole world feel it (feel it)\nSo put the bacon in the skillet (hahaha), and try to peel it\nCause Doggystyle Records is the realest, nigga\n\n[Hook 1]\n\nMoney, I get it, paper I got it\nHeaters, I keep em, bitches I got em\nMoney, I get it, paper I got it\n\nJealous ass nigga", "image": "https://images.genius.com/020258c5b50e382d2763d8439947dad4.1000x1000x1.jpg"}], "artist": "Snoop Dogg"}