{"songs": [{"title": "What's Your Pleasure", "album": null, "year": null, "lyrics": "(Intro: Children's song)\nThe baker in the bakery\nStacking bread in the bakery\nBaking fresh and soon you'll see\nBakery is the name\n(Intro: Snoop Dogg)\nAye, yo, Dada, why'd'you hit 'em with one of those gangster ass videos?\nLay low, getting' this weed money, me and my cous'\nYeah, you know how we do\nBut I wanna hold that baby for a minute now\nSee, about to knock 'er\nSee what it takes for her to be knocked\nWhat it is, trip\n\n(Hook)\nBaby, what's yo' pleasure?\nI be there for you, baby!\nEven through stormy weather\n\n(Verse)\nHuh, what did you prefer, let me accommodate\nTo get your head up, to get your head straight\nWe started out with a quote, and now it's starting eight(?)\nWhen you and Ali back, I blow it in ya face\nI can tell that ya high because you' laughing\nNow quit your babblin', girl, you blasting\nShe wants some cake in her system, she wants a shot of that\nMoscato with the lemon, yeah, with a shot of yeah\nMan, that's a hell of commendation, put you on your back\nShe take three more shots, she already did that\nNow she in the mood tonight to get freaky\nI can tell that she buzzing, she getting kinky\nYes, she loving and dabbing, she getting wild\nIn with more than one girl, Snoop in dial\nHit the stormy weather, yeah, it's fifty below\nWe in a smoke storm, baby, light it up and let's go!\n\n(Hook)\nSee, that's why we push it\nAnd go faster\nTell me how to get it on\nIf you got the septic on the phone\nWe go and smoke it off to this door?\nGirl I wanna smoke wit ya\nYou wanna smoke wit me\nThe first time I'm feelin out your fantasy\nIt's the man in me\nAnd the woman in you\nTo make us do the things we do\nWe got something in common\nI don't know what it is\nWe can be lost or we can be free\nNow I did like many ladies in my day\nBut just like the smoke, they get blown away\nLike a glass of wine, sit back and rewind\nBut back into time, let the feeling rewind\nI don't know what it is and I don't know what it was\nBut it's DPG, me and my big cous'", "image": "https://images.genius.com/8c99dd335733f9c3cf16f57c9f589cfb.361x361x1.jpg"}], "artist": "Snoop Dogg"}