{"songs": [{"title": "Only In California", "album": null, "year": null, "lyrics": "[Ice Cube]\nSpeak on it my nigga, speak on it (and my heat go)\n\n[Chorus]\nOnly in California\nWhere niggas pull heat and run up on ya (get your grind on)\nOnly in California (California)\nWhere niggas pull heat and run up ya (run up on ya)\n\nIce Cube the motherfucking don\nSnoop Doggy Dogg a.k.a. The Doggfather\nMack 10 alias the Chicken Hawk\nGangstas with rules\nCause you'se the niggas with no rules\nAin't got nothing to lose, we got everything to lose\n\nThrew his ass in, he feel the fin of the barracuda\nI negotiate Mack is the shooter\nYou the nigga on the journey strapped to this gurney\nWe break breads with accountants and attorneys\nCurrency never worry me (never)\nWho's got the balls to murder me\nDegree higher than a 33\nTell em what you drank (Hennessy)\nNever tell em what you thinking\nNever tell em where the body stinking\nFuck Lincoln, fuck Jackson, banking Franklin what you thanking\nHope your man come with the ransom\nLet me see you dance on, no longer handsome\nIf you don't drop off than walk off, watch him, watch him\n\n[Chorus]\n[Snoop Doggy Dogg]\nThem west coast niggas is real set trippas\nWill get you for them zippers, on a quest for them chippas\nSliding while we riding, not even hitting switches\nHanging at the high school getting at them young bitches\nI got the dove sacks, homies love that (who got the bud)\nWhere the bud at, hollering at my big homeboy who fresh out\nHanging at my grand mama house, homie burnt out\nWhat you gonna do when you get out of jail (speak on it)\nI'm gonna have some fun\nWhat do you consider fun a ounce and about five hun\nSo I put him on a move that I know about\nHooked him with a home girl from the South (good looking out)\nMoney made, plug a player in the game\nEspecially when he represent the same thing I claim\nDamn they don't make niggas like they used to\nThat's probably why I keep a tight grip on my deuce deuce (that's real)\nCause everybody wanna be a star\nIn the city of dope, a.k.a. caviar\n\n[Chorus]\n[Mack 10]\nWhat have we a house full of cavi (no stress)\nWell known riders from different sides of the West\nGot the hi-zoes licking up so hard we sticking up niggas\nTired of the bullshit so we clicken up\nNigga please we ain't tripping off C's and B's\nIt's the West side Connect with the DPG's\nFor the cheese we jab with the gift of the gab\nAlways capping, Mack, Cube and Snoop rapping\nNow how did that happen it's all good (fool)\nSo peep game If you could\nSnoop be from Long Beach and I be from Inglewood\nNow you despise cause it came to yo surprise\nTwo well known enemies now becoming allies\nIn Californ-I-A we parlay the G way\nSome wear red and black and some sport blue and gray\nSo gangsta's don't dance we hang boogie and bang\nSo it's the Westside Connect with the Dogg Pound Gang\n\n[Chorus]\n[Ice Cube]\nThere we have it, Ice motherfucking Cube\nThe big fish, rolling with the atomic dog\nSnoop Doggy Dogg, down with the ring leader\nMack motherfucking 10, coming back once again\nNigga we make and spend nigga\n\nAnd my heat goes boom boom boom boom boom boom", "image": "https://images.genius.com/8c99dd335733f9c3cf16f57c9f589cfb.361x361x1.jpg"}], "artist": "Snoop Dogg"}