{"songs": [{"title": "Faddin", "album": "That's My Work Vol. 2", "year": "2013-10-28", "lyrics": "[Hook:]\nGirl you got me fadin away\nAnd I can\u2019t go another day\nYou make it hard to stay awake\nGirl you got me fadin away\nGirl you got me fadin away\nAin\u2019t no other words to say\nYou make it hard for me to stay\nGirl you got me fadin away\nFadin away\n\n[Verse:]\nAnd my mind is all about you\nI don\u2019t know what to do cuz you have got me confused\nWe\u2019re talkin on the phone\nWe fuss and fight, you bout that life\nI just wanna love you right\nLove you right\n\n[Hook:]\nGirl you got me fadin away\nAnd I can\u2019t go another day\nYou make it hard to stay awake\nGirl you got me fadin away\nGirl you got me fadin away\nAin\u2019t no other words to say\nYou make it hard for me to stay\nGirl you got me fadin away\nFadin away\n\n[Verse:]\nMake time to make love\nThat\u2019s what we made\nLookin nowadays, lookin like it\u2019s gon fade\nTee Wee when they see he a G so\nIf he lose baby he gon gain another though\nWhat a brother know? Keep it on the low\nThat\u2019s what my grandma say\nIt\u2019s supposed to go\nFeel the same, we toastin, post\nAnd if it all works out then we Casper the ghost\nMe and Dan Funk, we capture the fun\nCommune shit and lose shit, we set it all for\nPlayin with me, oh you best let it all go\nThe vish, in the wind you blow\n\n[Hook:]\nI\u2019m fadin away\nAnd I can\u2019t go another day\nYou make it hard to stay awake\nGirl you got me fadin away\nGirl you got me fadin away\nAin\u2019t no other words to say\nYou make it hard for me to stay\nGirl you got me fadin away\nFadin away\n\nYea\nThis is uh\nSnoopy Collins\nLong time, no hear from\nCan you smell me?\nThat\u2019s Dan Funk\nUh\nGirl\u2026 you got me fadin away\nThe love you used to love\nJust doesn\u2019t appear anymore\nFind and you shall seek\nSeek and you shall find\nFind time to unwind\nYea baby\n\n[Hook:]\nFadin away\nAnd I can\u2019t go another day\nYou make it hard to stay awake\nGirl you got me fadin away\nGirl you got me fadin away\nAin\u2019t no other words to say\nYou make it hard for me to stay\nGirl you got me fadin away\nFadin away\n\nIt\u2019s hard to stay wit you girl\nIt\u2019s so hard to stay wit you girl\nAnd even harder to play wit you girl\nIt\u2019s so hard to stay wit you girl\nAnd even harder to play wit you girl\nFadin away\nFadin away\nFadin away\nFadin away\nFadin away\nFadin away\nFadin away", "image": "https://images.genius.com/46b2706e09558ef97fa25e88b3d002ec.500x500x1.jpg"}], "artist": "Snoop Dogg"}