{"songs": [{"title": "Don Doggy", "album": "Paid Tha Cost To Be Da Bo$$", "year": "2002-11-26", "lyrics": "[Intro:]\n\nWe'd like to welcome y'all to the fabulous Carolina West\nI own this motherf**ker and my name is Taa-Dow\nY'all niggas know who I am y'all niggas tearin up shit\nBut we got somethin old, and somethin new for y'all tongiht\nPut your hands together for Snoop Doggy Dogg\nThe Dogg Pound, and the fabulous Dramatics\n\n[Verse One: Snoop Doggy Dogg]\nIt's like everywhere I look, and everywhere I go\nI'm hearin motherf**kers tryin to steal my flow\nBut it ain't no thang cause see my nigga Coolio\nPut me up on the game when I step through the do'\nYa know, some of these niggas is so deceptive\nUsin my styles like a contraceptive\nI hope ya get burnt, it seems ya havn't learnt\nIt's the nick nack patty wack, I still got the bigger sack\nSo put your gun away, run away, 'cause i'm back (why?)\nHit em up, get em up, spit em up, now\nTell me what's goin on\nIt make me wanna holler, 'cause my dollars come in ozones\nLone for the break-up, so take off your clothes\nAnd quit tryin to spit at my motherf**kin hoes\nSeakin of hoes, I'll get to the point\nYou think you got the bomb 'cause I rolled you a joint\nYou'se a flea and i'm the big Dogg\nI'll scratch you off my balls with my motherf**kin paws\nY'alls, niggas, better recognize\nAnd see where I'm comin from it's still East Side till I die\nWhy ask why? As the world keeps spinning to the D-O-Double-G-Y\n\n[Chorus:]\nIt's a crazy mixed up world, it's a Doggy Dogg World\nIt's a Doggy Dogg World, it's a Doggy Dogg World\nThe Dogg's World\n\n[Verse Two: Kurupt]\nWell if you give me ten bitches then I'll f**k all ten\nSee my homey Snoop Doggy sippin juice and gin\nDon't slip, I'm fo' to set trip, to get papers\nStyles vary, packin flavor like Life Savors\nAin't that somethin, talk shit and I'm dumpin\nI had your whole f**kin block bumpin\nDon't sweat, but check the tecnique, I'm unique like China\nYa never find the bomb-a-rama then this Nigga behind ya\n\nSo peek-a-boo, clear the way, I'm coming through\nOne-two, three, you can't see me\nI'm a G like that strapped with hit hard tactics\nA f**kin menace, usin hoes like tennis rackets\nIt's on again, it's on and poppin\nAll I see is green, so there ain't no stoppin\nI wanna see some panties droppin\nI'm comin from L.A., she used to chill with Dre up in Compton\n(All I ever did was just use that hoe\nShow her my dickies, get with these, and kick flows)\nI'm dishin out blues, I'm upsetting like bad news\nCut off khakis, french braids, and house shoes\nKurupt, the name's often marked for catchin slugs\nAnd I smoke weed for the f**k of it\nRuff and rugged shit, it's unexplanitory how I gets wicked\nBut it's manditory that I kick it\nCheck it, I'm runnin hoes in 94, now must I prove it\nHoes call me Sugar Ray for the way I be stickin and movin\nPrepare for a war, it's on, I'm head huntin\nHit the button, and light shit up like Red Dawn\nPeep, the massicre from a verbal assassin\nMurderin with rhymes packin Tec-9's for some action\nYou really don't know, do you, you f**kin wit a hog\nYou can't do me, I'm goin out looney like O-Dog\n\n[Chorus]\n\n[Verse Three: Daz]\nTha Dogg Pound rocks the party (all night long)\nTell when (till the early morn)\nIt don't stop (and uh) it don't quit (for the)\nThe Dogg Pound clique (to drop the cavvy Dogg shit)\n\nDiggity Daz out of the motherf**kin cut once mo'\nSo grab a seat and grab your gin and juice and check out the flow\nI flip flop and serve hoes with a fat dick\nTill I die I'm still screamin that (bitches ain't shit)\nNow i'm the mack daddy, had he, not known about\nThe city where I'm from, dum diddy dum\nAs you groove to the gangster shit\nThe D-O-Double-G the P-O-U-N-D, the gangsta clique\nNow as the Pound break it down with the gangsta funk\nI can see and I can tell that's what the f**k you want\nSo I blaze up the chronic, so I can get high\nI promise I'll smoke chronic till the day that I die\n\n[Chorus]", "image": "https://images.genius.com/020258c5b50e382d2763d8439947dad4.1000x1000x1.jpg"}], "artist": "Snoop Dogg"}