{"songs": [{"title": "Dogg House America", "album": "Snoop Dogg Presents... Doggy Style Allstars Welcome To Tha House Vol. 1", "year": "2002-08-13", "lyrics": "[E white]\nIt ain't shit like ridin' wit my niggas, watchin the world time\nDown to spend every last dollar I earn\nIt ain't nothin' but a thang to a youngster\nIt wouldn't be the same if the paper wasn't amongst us\nI used to wonder what the funk was\nThe Bigg Homie said 'Give em what they want cuz'\nI can't remember gettin high as a muthafucker\nWalking by not saying hi to muthafuckers\nLittle mama told me, don't get it wrong its the truth, but I\nPrefer to have a nigga like Soopafly\nBelieve me I'm goin all out\nAnd niggas trip when they see me up at Dogg House\nAnd every time the Bigg Homie comes through they rush\nMy nigga truck windows down, not the move, givin it up\nWe live it up, so we don't stop for shit\nWe Dogg House in your mouth, where the props for it, come on\n\nChorus:\n[Mr. Kane] & {LaToiya Williams}\nDogg House America {ooohhh}\nMy home, sweet home {ooohhhooo}\nDogg House America {Dogg House America}\nMy home {my home}, sweet home {hoooommme}\n\n[Snoopafly]\nUh, like get ready for the park and jack move\nMama said super-tech the funk, back shoes\nThe white groove, S dot A dot SHOES\nA nigga like moos best not make that move\nUnless, you rockin wit the Dogg House best\nAffiliated, trust, no niggas fuckin wit us\nMany hate it but at least they strapped wit heat\nThey make it false tabloid, you froze back\nThese niggas must be on crack\nThinkin they can fuck around wit the cost of the town\nThey love to boogie, uh\nOne tough cookie chocolate chip dip\nWit the rockin this bitch hit top wit this hip-hop\nAnd it don't stop (don't stop)\nI make a lady go damn near crazy, I wanna treat ya lazy\nCos my bones tryin'a go like the disco age\nAnd when I'm finished wit your bitch I'm like get on baby\nAnd look its no maybes, about the game I pack\nName on tracks, supa dupa came on back\nO danger, niggas give me five minutes of fame\nTo show you why you should be use all kane, check it out\n\n[LaToiya Williams]\nOh I, Oh I (oohh I), (oohh I)\nOh I, Oh I (ooohhh wwoaahhhh)\nYou want the funk\nI can see it moving takin over your soul\nOver your soul (over your soul yyeaahh)\nWe got that funk\nWe see g'd up bumpin everywhere we go\nWhere we go (everywhere we gooooo)\nIt's the music gotcha feelin the groove (ooohhh clap your hands)\nClap your hands and make your body move (woooaaahhhoo)\n\n[Snoop Dogg]\nUh, Uh, we here to listen, ride and slide\nAnd we doin the hip\nCome along and ride wit this Dogg House mothership\nMy leg bone is connected to my knee bone\nMy knee bone is connected to my thigh bone\nAnd my thigh bone is connected to my hip bone\nAnd my hip bone is connected to my big bone, your house\n\n[Mr. Kane]\nThat Dogg House gangsta crew\nIt really makes you go\nIt really, it really, it really fights me to the brain\nIt really fights me to brain (wooaah, wooaah, wooaah)\nHa, thats a cut hole piece of chicken\nFinger lickin good\nThis is goin out to you and you\nIn to each and every hood\nMenacing, noooo\nWe the most bop boppin about\nDon't plant your seeds in hollow ground\nOr you'll get em all brown\n\n[Snoop Dogg]\nIs an elephant heavy?\nIs pig pork?\nAnd how did Snoop manage to keep beef off his fork\nSpeak with the folks and chief wit the loc's\nRob from the rich so I can give it to the broke\nWhen will these haters ever listen\nThat I'ma keep doin this till my casket bisurn\nYoung lisearn\nOpen your isears and pass me a beer and bang this here\nSip on the corner we pop a did in the game\nDogg House motherfucker we, do the damn thing\nWe breakin the rules cos I'm a god damn fool\nAnd I am so cool\n\n[Chorus]\n\n[Snoop Dogg]\nMy countratissifie\nMy sweet brand liberty\nG for G\nIt is who I be\nI be the one who boogie woogie oogie\nDogg House y'all\nCan you believe it\nUh, 2000 plus 2\nPyschadelically\nOriginally\nOohwee\nSomething to groove to\nIts definately gonna make you move\nIts that brand new hypadelic\nPadelic that ass can you dig it?\nUh, I can dig it", "image": "https://images.genius.com/b5bc4a34c4d389ec4f5e8cfa1460e41f.800x800x1.jpg"}], "artist": "Snoop Dogg"}