{"songs": [{"title": "Beautiful (Remix)", "album": "Smokin' Day 2 (G-Unit Radio Part 1)", "year": null, "lyrics": "[Chorus: Pharrell + Lloyd Banks]\nBeautiful, I just want you to know\nYou're my favorite girl\n(Yeah, oh yeah, there's something about you)\nYouse a hood rat\nI just want you to know\nYou get no dough\n\n[Verse 1: Lloyd Banks]\nI wonder why I captured her sight, it had to been the ice\nBrown skin, eyes weird like Russell Simmon's wife\nNow I'm thinking 'bout busting in her twice\nBrown color, corn bread, best customer in sight, aight\nHer body tight, too tough not to look\nLouis Vutton shoes, getting cuffed, [?] a book\nSmiled up the room, a Colgate grin\nSpurs throwback hat with the oak grey timbs\nBig cup full of Hennessy\nNah, that bitch ain't my girl, just whenever I'm around she pretend to be\nLook, I don't dance much (no)\nI'm in the club with the toast\nIf you're wondering why I'm pulling my pants up\nMy nympho lives on the edge and watches the WNBA\nWears braids and headbands, she cute plus her brain's sick\nAnd she don't flip when I look at another chick\nCause she's looking at the same bitch\n\n[Chorus: Pharrell + Lloyd Banks]\nBeautiful, I just want you to know\nYou're my favorite girl\n(Yeah, oh yeah, there's something about you)\nYouse a hood rat\nI just want you to know\nYou get no dough\n\n[Bridge: Charlie Wilson & Pharrell]\nSee, I just want you\nTo know that you are really special\n(Yeah, oh yeah, there's something about you)\nOh my, oh my, oh my, oh my\nSee, I just want you\nTo know that you are really special\n(Yeah, oh yeah, there's something about you)\nOh my, oh my, oh my, oh my\n(Yeah, oh yeah, there's something about you)\n\n[Verse 2: Snoop Dogg, (Pharrell)]\nSnoop Dogg Clothing, that's what I'm groomed in\nYou got my pictures on the wall in your room, and\nGirls be complaining you keep me boomin'\nBut girls like that wanna listen to Pat Boone\n(Yeah, oh yeah, there's something about you)\nYou's a college girl, but that don't stop you from doin'\nCome and see the Dogg in a hood near you in\nYou don't ask why I roll with a crew, and\nTwist up my fingers, and wear dark blue and\n(Yeah, oh yeah, there's something about you)\nOn the Eastside, that's the crew I choose\nNothing I do is new to you\nI smack up the world if they rude to you\n'Cause baby girl, you're so beautiful\n\n[Chorus: Pharrell + Lloyd Banks]\nBeautiful, I just want you to know\nYou're my favorite girl\n(Yeah, oh yeah, there's something about you)\nYouse a hood rat\nI just want you to know\nYou get no dough", "image": "https://images.genius.com/1b884ca5d64dceca3c26e802a05cb117.600x610x1.jpg"}], "artist": "Snoop Dogg"}