{"songs": [{"title": "Land of Oz", "album": "Oz: The Soundtrack", "year": null, "lyrics": "Oooh! Aoww! Well alright ch'all\nSnoopy, tell 'em where they at\n(In the Land of Oz..)\n\n[Snoop Dogg]\nIn the land of the get killed quick\nSome niggas turn bitch\nDig this, new fish, old twist\nThe way they turned a young nigga out, had him suckin dick (damn!)\nHe gangbang and slang 'caine on the streets\nWith a gang of bad bitches by his feet\nBut now, that he's, locked away\nHe can't get no love on visiting today\nHolla holla, pop yo' collar\nShit a nigga just tryin to get a wet forty dollars\nTo get a cup of soup and some woop woop\nMuch love O.G. Big Snoop\nI sent a nigga a package, on Monday\nI got a G comin at'cha on Sunday\nOne way, to do it, and that's the G way\nI'm hittin switches for ya homey on the freeway\n\n[Hook One]\nI know you caught a hot one (hot one)\nNow I'm blastin with my shotgun\nI know that stress seems kind of scary..\nPut a dub on my commisary, up on my commisary\n\n[Snoop Dogg - as inmate]\nNigga quit trippin; why you flossin hittin switches?\nYou need to send some flicks of some bitches (aoww)\nThey got a nigga workin in the kitchen\nSendin young writers on a mission\nI'm in and out the hole, way out of control\nBut shit homey, you know real dubs gon' roll\nYou know Gusto? That's how he got on parole\nBut when we catch him, you know we get the stole on\nI got that package, but I'mma need a little mo'\nCheck on my momma, my kids and my little ho\nDon't even sweat it, better yet forget it\nCause I know fo' sho' somebody gon' get it\n\n[Hook Two]\nI know you locked up in the cage room\n(I know my nigga, god damn mayne)\nAnd you ain't comin home, any time soon\n(Still I'mma keep it real and write you, y'knahmsayin)\nAll my life been runnin from the fuzz.. (cops)\nFresh meat! (Nigga) Welcome to the Land of Oz..\n\n(In the Land of Oz..)\n\n[Snoop Dogg]\nCouldn't imagine what you go through e'rynight\nYou gotta squab with the brown black and the white\nTurn off the lights and a nigga might get stuck\nIt's fucked up, at least one of us lucked up\nI keep it crooked seven days a week\nYou wanna get married? I got a little freak\nThat'll do what I tell her to do, it's on the house homey\nI owe you one, I'll throw you two\nI know life is hard in Oz\nI try to ease your pain with money cars and broads\nWhat would you do if you was me and I was you?\nMy real motherfuckers know what they gon' do\nKeep it true, so that's what I'mma do\nSnoopy D-O-double, or just Big Snoop\nDoin my thang for y'all, slangin doggs\nBrangin broads - who else gon' bang for y'all?\n\n[Hook One]\n\n.. welcome to the Land of Oz.. {*repeat to fade*}", "image": "https://images.genius.com/f54811c2c7f54daa594c3e3b8adb0293.200x196x1.jpg"}], "artist": "Snoop Dogg"}