{"songs": [{"title": "Blessing Me Again", "album": "Bible of Love", "year": "2018-02-01", "lyrics": "[Chorus: Rance Allen]\nBlessing me (blessing me)\nOh yeah (can't you see)\nBlessing me (blessing me again and)\nHappy as can be (happy as I can be)\nYou keep blessing me (blessing me again and)\nJust believe (just believe)\nTaste and see (taste and see)\nOh-wee (blessing me)\nYou're blessing me (again and)\n\n[Verse 1: Snoop Dogg]\nI got a whole lot that I can really thank him for\nWhen I was moving fast, he had to slow my role\nOut and in control, next episode (he's blessing me again)\nNow look here, ugh\nSee when you think about when everybody tells you out\nSee he the only that prolly really helps you out\nI'm talking from experience, you hearing this? (he's blessing me again)\n\n[Chorus: Rance Allen]\nBlessing me (blessing me)\nOh (can't you see)\nBlessing me (blessing me again and)\nJust believe (just believe)\nJust gotta believe (taste and see)\nOh-woah (blessing me again and)\n\n[Bridge: Rance Allen]\nOh when my soul gets hungry, and, he feeds me\nHe's blessing me again yeah (he's blessing me again)\nWhen my spirit gets a little low, oh-ooh-oh\nHe lifts me up, he's blessing me again (he's blessing me again)\n\n[Verse 2: Snoop Dogg]\nI took a chance for real, so I can dance up in heaven\nMy granny used to always tell me \"you gon' be a reverend\"\nBut how could I see what she's saying?\nWhen I was seven I didn't wanna go to hell so I kept steppin'\nReppin', for the lord, no weapon will be formed\nSunshine, on the grind, take me through the storm\nSeems like he testing me again\nBut on the flip side, it's like he blessing me again\n\n[Rance Allen]\nOh, you better come on now\nEvery time I turn around (he's blessing me again)\nBlessing me again oh, oh\nEvery time I turn around (he's blessing me again)\nOver, over and over again\nOver and over and over again\nPut yo' hands together\nYou better come on\nYou're blessing me again\nGet up, get outta yo' chair\nCome on all the way, all the way down here\nDance around the room\nHe's blessing me again\nYeah the blessing, waited on you\nYeah, you blessing me yeah (he's blessing me again)\nYou're blessed going in\nYou're blessed coming out\nEverything you have is blessed without a doubt (he's blessing me again)\nGet up, get outta yo' chair\nCome on all the way, all the way down here\nFeel the rhythm, the groove (he's blessing me again)\nDance, till you get rid of your old blues\nYou gotta dance, dance (he's blessing me again)\nYeah", "image": "https://images.genius.com/c9dee508f81bde784b713142dc6009e9.600x600x1.jpg"}], "artist": "Snoop Dogg"}