{"songs": [{"title": "Too Black", "album": "Smokefest Underground", "year": "2000-10-31", "lyrics": "(Intro)\nDo you think it is by accident that everytime\nA black leader appears on the horizon\nWith any kind of cleverness, or charisma he's cut down?\nMalcom, Martin, Leadkur, I want you to arm yourself\nAnd I've asked Josh to be your bodyguard\n\nAll right Dason\nIt might be good for Joshua to seal, like he has somethin' to do\nSo detatched from us, these are only for you\n\n(Snoop Dogg)\nDamn, cool, good, so good, gotta do wrong\nSo cold should... gotta do wrong\n\n(Chorus: Snoop Dogg)\nIt seems like I gotta do wrong before they notice me\nThe world is filled with so much jealousy\nYou don't know who to trust cause you might get shot\n\n(Snoop Dogg)\nYou might get got, and you might not\nMake it to see a whole 'nother day, you better\nWatch your hand and watch how you play\nCause you don't know how the system might get you twisted\nIf you don't pay attention, and you'll come up missin'\nI'mma give it to you - live and direct\nCause I know, a million niggas doin' bad and they check\nThey game every day but they try to find a way\nBut somehow, some way, there ain't no pay (uh)\nIt's the same game, from my town to your town\nFrom L.A. to Chi-Town, Baghdad (that's right)\nTo the rebel we deliver the true game\nAnd niggas gettin' upset cause they can't maintain (player haters)\nDon't get mad cause I was blessed with a gift\nTo give you people what you need and no more deep shit (that's right)\nLit up, get up, sit up, I write it\nThen I, put you all in the mood, you invited\nSo come on down and party with the pound (come on)\nYou ain't never heard a nigga come around and put it down\nJust like the Soopa-Doopa, with no Woopers\nGuranteed to comin' through the party, see you visual cooper\nTake her to my criz-zay, what you dizzy-in'\nI ain't gonna discuss this, no more about to bust it\nAnd when I do it, I'm gonna touch it, no discussion\nIt's Snoop Dogg, I got some languages aimin' for the Russians\nAnd the overseas g's, please\nLet me get you one of these with another ill beat (number two)\nI gots to do ya, like ya never been done\nIt's Snoop Dogg representin' Funk-2-1\nI'm about the gee-ist of 'em all\nCan you name a rapper who can fade the dog - hell nah\nAnd if you can - you're lyin' to yourself\nAnd if you lyin', you're dryin' with your cover\nAnd if you dyin, you fuckin' with your death\nI'm Snoop Dogg and I'm the top rapper, at the top of the shelf\nI leave these suckers in amazement, dazement\nAnd Death Row is still the label that pays me\n\n(Chorus: Snoop Dogg)\nSeems like I gotta do wrong before they notice me\nThis world is filled with so much jealousy\nI don't know who to trust cause\nIf I trust hey I might, end up shot (end up shot, hmm)\n\n(Snoop Dogg)\nI turn to the left and I turn to the right\nI see some motherfuckers 'bout to have a fight (whassup, whasssup?)\nWhat should I do? (should I do) Should I watch, uh?\nOr should I jump in? Or should I come with the Glock?\nI knocks on the door, plus \"Oh No\"\nI gots to avoid the drama and take the slow-mo\nType of approach - I'm the team and the coach\nI hooks a left turn - no burn, for your concern, you gots to learn\nCause Snoop is on the mic and I'mma give you what you earned\nAnd if you get it, watch me spit it\nI'm commited to do it and I'm a still aquitted\nNever ever did it, or forget it\nThis guranteed to keep the party hittin'\nAnd I'mma give you people what you need\nAnd I'mma smoke up on just like a bag of weed\nAnd if you into the mixture and into the rapture\nJust sit back and listen cause Snoop Dogg's about to catch ya\nSnatch ya and adapt ya with the shit that I got (hmm-hmm)\nI'm guranteed to rock the party non-stop (that's right)\nYou ain't never heard a rapper who can flip this script\nGuranteed to make the ho's go ahead and get whipped\nAnd when they stop rockin' - they won't\nBut if you fake the funk (youse a punk), then youse a punk (haha)\nYou gots to keep it real with yourself baby boy (boy)\nCause if you don't then you ain't labelled \"The Real McCoy\"\nI'm Snoop Dogg, yes I'm true indeed\nI'm guranteed to light it up and ride it up and side it up\nI'm guarnteed to, do my thing\nEverybody in the party if ya down to bang - sing\nWhat'cha wanna do, what ya gots to\nCause this is somethin' to rock you\n\n(Chorus: Snoop Dogg)\nSeems like I gotta do wrong before they notice me\nThis world is filled with so much jealousy\nI don't know who to trust cause\nIf I trust either I might, end up shot or (end up shot, hmm)\nSeems like, (seems like), seems like, (seems like)\nI gotta do wrong\nSeems like, (seems like, uh), I gotta do wrong", "image": "https://images.genius.com/e7d84865e8d21f7778aa93228a899a2c.599x623x1.jpg"}], "artist": "Snoop Dogg"}