{"songs": [{"title": "Talk to God", "album": "Bible of Love", "year": "2018-03-16", "lyrics": "With no shame and with confidence you're by my side\nI proclaim it not in confidence, your truth and I\nCan't stay quiet 'bout it\nNo, you know I tried, and I\nI can't hold my piece, I see the world\nThrough Zion's eyes, sing Kim\n\nKids with babies and the chosen ones are dying slow\nAnd oh, without you Lord I don't know where the world would go\nAll the brokeness is weighing down, hey, round we go\nAnd I'm now hoping this is taking long\nBut here we are Lord\n\nI'm walking the way (walking the way)\nI'm feeling the truth\nYou're the life I believe\nI believe in you (oh yes I do)\nYou're my hope every day\nWe're dependent on you (and you know you)\nWhat a price, what a name\n\nWith no shame and complete confidence\nYour word is true\nI've decided to commit my life and follow you\nAll the doctors tell us news and things we all go through\nAll i know is what your word told me and I will do\n\nWhen I can't listen to broken-hearted people crying\nI submit to you\nGive you my soul to multiply it\nAll of the valleys, desert, storms and trials\nI been through (preach)\nI have learned that through it all, all that we have is you\n\nOh, oh you made the sun to shine (you made the sun shine)\nDay to day\nLiving in your body, your mind\nAll the health and strength\nIt's God's power, to salvation\nGod's power (you Lord)\nIn difficult times, look to Him\nLook again\nMore love than you ever will know\n\nYeah with no shame, complete confidence I know you're here\nWith instruction know destruction has no power here\nAnd I can't ignore all of the signs I see on public news\nAll the headlines say the earth is done but\nI know You...\n\nMade the moon to shine in the night\nAmidst the darkness you still shine bright\nThere is salvation for come every problem\nThat's why you mention, throw every weight\nThere's so much power and love in the name\nEvery hour your name feels right\nYou have salvation, throw your tears\nYou have so much patience and loyalty\nMake that sun to make shine, through all my needs\nYou the power and glory yeah\nYeah through the fire, sinking sand\nGod hold my hand", "image": "https://images.genius.com/c9dee508f81bde784b713142dc6009e9.600x600x1.jpg"}], "artist": "Snoop Dogg"}