{"songs": [{"title": "Obrigado, Brasil", "album": null, "year": "2011-01-01", "lyrics": "[Refr\u00e3o: Snoop Dogg]\nBrasil, Brasil, Brasil\nObrigado\nWe popping bottles\nEverybody come to party\nBrasil, Brasil, Brasil\nObrigado\nWe popping bottles\nEverybody come to party\n\n[Verso 1: Snoop Dogg]\nRed wine in my glass, but a good heart\nWon't we go get to the good part\nI shuffle my feet to a superfly beat\nI'm about to beat yo, partying in Rio\nSamba, salsa\nPortuguese lover, qu\u00e9 pasa?\nAround rosie\nSnoop Sogg is the OG and everybody knows me\nI'm surround sound, high definition\nPopping in your ears, 3D sound and vision\nProvided by the morning only\nThe ladies love and wanna bone me\nAnd show me what they working with\nPop it, drop it, go ahead and flert a bit\nI gotta stay real to you\nNow, don't it feel good to you?\nTake a picture, now get it right\nI'm only here for one night\nSo, let your mind elevate\n'Cuz we gon' party, now celebrate\n\n[Refr\u00e3o: Snoop Dogg & Marcelo D2]\nBrasil, Brasil, Brasil\nObrigado\nWe popping bottles\nEverybody come to party\nBrasil, Brasil, Brasil (Qual \u00e9, Snoop?)\nObrigado (Chega a\u00ed, par\u00e7a)\nWe popping bottles\nEverybody come to party\n\n[Verso 2: Marcelo D2]\nA chapa esquenta quando o assunto \u00e9 Brasil\nMelhor ainda se a festa \u00e9 no Rio\nCidade quente se refresca na orla\nNo sapatinho enquanto a preta rebola\nE a radio Bamba ber\u00e7o do samba\nFica tranquilo que aqui n\u00e3o tem stress\nMas chega manso se n\u00e3o desanda\n\u00c9 nosso estilo todo mundo conhece\nO que eu aprendi foi nas ruas e vielas\nTamb\u00e9m no asfalto, becos e favelas\nAqui \u00e9 assim, oh, pode chegar\nPerto do Cristo de frente pro mar\nPergunto o nome e ela diz (Marcelo)\nEla de biqu\u00edni, eu de bermuda e chinelo\nSe tamo na city elas conecta a gente (T\u00e1 aonde)\nA gente vai rimando e preparando pro pente\nMas ai se ligou j\u00e1 era\nVou brincar a vera, hoje tudo pra elas (Ent\u00e3o vem)\nO papo \u00e9 reto, \u00e9 coisa de moleque\nDoggy Dogg get my back\n\n[Ponte: Snoop Dogg & Marcelo D2]\nTake a picture, now get it right (Now get it right)\nI'm only here for one night (For one night)\nSo, let your mind elevate (Elevate)\n'Cuz we gon' party, now celebrate (Celebrate)\nAonde, aonde?\n\n[Refr\u00e3o: Snoop Dogg]\nBrasil, Brasil, Brasil\nObrigado\nWe popping bottles\nEverybody come to party\nBrasil, Brasil, Brasil\nObrigado\nWe popping bottles\nEverybody come to party", "image": "https://images.rapgenius.com/7db94c01fdefd20aaccc17d7f04aa1fb.480x360x1.jpg"}], "artist": "Snoop Dogg"}