{"songs": [{"title": "Bad 4 Me", "album": "That's My Work Vol. 2", "year": "2013-11-07", "lyrics": "Yeah, gimme some gangsta shit curr\nSome of that hood shit\nComing up\nHow that sound ?\n\nI've been doing this shit since day one\nYeah nigga, day one, day one yeah\n\nLet me, let me tell you what your worth is\nWake up in the mornin with a purpose\nOnly you can make me happy, surface\nEast side long beach baby, the turf shit\nThe place where I lurked at\n13 on the scene getting bent back\nWith a whole lotta snake venom\nUsed to steal annihilators out the highway center\nUp early getting shit started\nBack flippin', trippin', tippin', Crippin' cold hearted\nWay before I got high man\nBoth double up 15s from the pie man\nHeat out the motherfucking frying pan\nLittle kids love Snoop, fuck IronMan\nI'm a vet on the set I ain't lyin man\nLet me show you how fly I am\nPlay in the school, lay in the pool\nAnd I stay in the cool\nYoung loc I ain't playin with fools\nReset, repeat\nUnlock and recock\nThe heat and it gets so fast\nSpend yo cash\nIt will get in yo ass\nNow the question is this for now\nAre you really in love with that bitch yo?\nAnother man's trash is another man's treasure\nWhat's your pleasure?\nLooking at you straight from a falcon eye\nOn my balcony, asking how can I?\n\nHow can I love somebody else\nWhen I can't love myself enough to know\nBad 4 me, a lot of G's start snitchin'\nBad 4 me, Fuckin with you hoodrat bitches\nBad 4 me\nAll that you had 4 me, was all bad 4 me\n\nCurr I used to run with struck out gon' away\nCold things is he called me on the phone today\nTold me he was up for release\nIts been about a dub since cuz seen the streets\nYeah loc, shit don' change\nLong Beach don' flipped crazy durange\nEverybody sellin' out, word of mouth, the OG's tellin' now\nI drove there the other day\nTo chop some game with my big homie Donald Ray\nIts sort of hard for me to run away\nStep out my car no gun today, underlay\nI press my luck, if I get stuck, well then thats whats up\n\nHow can I love somebody else\nWhen I can't love myself enough to know\nBad 4 me, a lot of G's start snitchin'\nBad 4 me, Fuckin with you hoodrat bitches\nBad 4 me\nAll that you had 4 me, was all bad 4 me\n\nThe true definition of that mixtape\n\nHow can I love somebody else\nWhen I can't love myself enough to know\nBad 4 me, a lot of G's start snitchin'\nBad 4 me, Fuckin with you hoodrat bitches\nBad 4 me\nAll that you had 4 me, was all bad 4 me\n\nSomebody pass that piff, grow it up\nThats My Work, 2\nWe active", "image": "https://images.genius.com/46b2706e09558ef97fa25e88b3d002ec.500x500x1.jpg"}], "artist": "Snoop Dogg"}