{"songs": [{"title": "When It's All Over", "album": "Bible of Love", "year": "2018-03-16", "lyrics": "[Patti LaBelle]\nI should wear it\nI should wear a crown when it's all over\nWhen it's all over\nI should wear a crown\nI should wear a big ol crown, yes\nWhen it's all over\nWhen it's all over\nI shall see his face\nI shall see his face\nWhen it's all over\nOver, yes\nOver, over, over\nI'm gon spread, I'm gon spread gon spread, gon spread my wings\nWhen it's, when it's, when it's, when it's all over\nWhen it's all over\nI'm gonna put on my robe\nTell the story how I made it over, how I made it over\nThis is my story, this is my story\nCan't wait to cross the river\nHow I made it over, gon wear my crown\nI'm gonna put on my robe\nTell the story how I made it over, how I made it over\nI'm gonna see my Lord, my father, my sisters, and brother\nI, I, I, I, shall\nI'll get home, home, home", "image": "https://images.genius.com/c9dee508f81bde784b713142dc6009e9.600x600x1.jpg"}], "artist": "Snoop Dogg"}