{"songs": [{"title": "California Gurls (feat. Snoop Dogg) [Passion Pit Main Mix]", "album": null, "year": null, "lyrics": "Greetings loved ones\nLet's take a journey\n\nI know a place\nWhere the grass is really greener\nWarm, wet n' wild\nThere must be something in the water\nSippin' gin and juice\nLaying underneath the palm trees\n(undone)\nThe boys\nBreak their necks\nTry'na to creep a little sneak peek\n(at us)\n\nYou could travel the world\nBut nothing comes close\nTo the golden coast\nOnce you party with us\nYou'll be falling in love\nOoh oh ooh\nOoh oh ooh\n\nCalifornia gurls\nWe're unforgettable\nDaisy dukes\nBikinis on top\nSun-kissed skin\nSo hot\nWe'll melt your Popsicle\nOoh oh ooh\nOoh oh ooh\n\nCalifornia gurls\nWe're undeniable\nFine, fresh, fierce\nWe got it unlocked\nWest coast represent\nNow put your hands up\nOoh oh ooh\nOoh oh ooh\n\nSex on the beach\nWe don't mind sand in our stilettos\nWe freak\nIn my jeep\nSnoop doggy-dog on the stereo oh oh\n\nYou could travel the world\nBut nothing comes close\nTo the golden coast\nOnce you party with us\nYou'll be falling in love\nOoh oh ooh\nOoh oh ooh\n\nCalifornia gurls\nWe're unforgettable\nDaisy dukes\nBikinis on top\nSun-kissed skin\nSo hot\nWe'll melt your Popsicle\nOoh oh ooh\nOoh oh ooh\n\nCalifornia gurls\nWe're undeniable\nFine, fresh, fierce\nWe got it on lock\nWest coast represent\nNow put your hands up\nOoh oh ooh\nOoh oh ooh\n\nToned tan\nFit and ready\nTurn it up cause its gettin' heavy\nWild, wild west coast\nThese are the gurls I love the most\nI mean the ones\nI mean like shes the one\nKiss her\nTouch her\nSqueeze her buns\nThe gurls a freak\nShe drives a jeep\nAnd live on the beach\nI'm okay\nI won't play\nI love the bay\nJust like I love L.A\nVenice beach\nAnd palm springs\nSummer time is everything\nHome boys\nBangin' out\nAll that ass\nHanging out\nBikinis, tankinis, martinis\nNo weenies\nJust a king\nAnd a Queenie\nKaty my lady\n(yeah)\nAnd looky here baby\n(uh huh)\nI'm all up on you\n'Cause you representing California\n(oh yeah)\n\nCalifornia gurls\nWe're unforgettable\nDaisy dukes\nBikinis on top\nSun-kissed skin\nSo hot\nWe'll melt your Popsicle\nOoh oh ooh\nOoh oh ooh\n\nCalifornia gurls\nWe're undeniable\nFine, fresh, fierce\nWe got it on lock\nWest coast represent\n(west coast, west coast)\nNow put your hands up\nOoh oh ooh\nOoh oh ooh\n\n(California, California)\nCalifornia gurls man\n(California, California)\n(California gurls)", "image": "https://images.genius.com/8c99dd335733f9c3cf16f57c9f589cfb.361x361x1.jpg"}], "artist": "Snoop Dogg"}