{"songs": [{"title": "A Word Witchya! (Intro)", "album": "Ego Trippin'", "year": "2008-03-07", "lyrics": "(Snoop Dogg inhaling)\n\n[Snoop Dogg]\nGreetings loved ones\nIt's the big boss dog, Snoop D-oh-double-G\nI want you just to lay back one time\nAnd let yourself unwind\nYeah, this album number nine\nI call it Ego Trippin'\nFo' shiggadal\nAin't nuttin' to it but to do it\nI know, I know, I know\nI know y'all  trippin' off how I be doin' my thug thang on TV\nBut I never forget about what I love the most, and that's makin' music\nSo uhh, I hope y'all enjoy this shit right here\nI took my time on this one\nOh yeah! Be on the lookout for QDT\nThat's Quik, Dogg and Teddy\nOh, my nigga Terrance Martin in this motherfucker too\nAy, press play homey!\nNah, on the real, press play!\nRight now-now-now-ow-ow-ow", "image": "https://images.genius.com/fd5ace5214e5da1f374653720da7d1c1.1000x1000x1.jpg"}], "artist": "Snoop Dogg"}