{"songs": [{"title": "This w**d iz mine - feat. wiz khalifa", "album": null, "year": null, "lyrics": "I wake up lonely in the morning and it feels so good\nSmokin' on some shit that you wish you could\nJealousy, envy, please don't feel bad\nThis weed iz mine, get your own bag\nA sack full of OG under lock and key\nNone for the homies, this is all for me\nI got a blunt lookin' like a jelly palm tree\nPolice roll by, I got nothin' on me\n'Cause the smoke's already in the air\nI'm loped up with two braids in my hair\nAll star with the khaki suit\nI'mma fuck around and take it back to classy suite\nOn the East Side standin' on the DIP\nBack then my only weed was E-Y-E\nYou so PYT and you're lookin' so fine\nI'm sorry, baby-girl, but tonight\nThis weed iz mine\nThis weed iz mine\nYou can't have it\nThis weed iz mine\nThis weed iz mine\nYou can't have it\nThis weed iz mine\nGet back to the episode, sacks full of honey\nOut of this world, [Incomprehensible]\nThis is church music, listen to the choir\nTo burn my kush, you must use fire\nD-O double G like never heard before\nSmokin' that bomb like TAC-4\nWest Coast worldwide, sea shore to sea shore\nWhen's the last time you seen the G in the G4\n(What?)\nDon't worry, I'll wait\nTime's tickin', I'm trippin', I'm slippin', I'll wait\nInto the zone where these whores on my dog bone\nA dog whistle and they download my ring tone\nAnd she's so hypnotized by this pimp's poem\nWhat I got here is mine, go and get your own\nI put beats to rhymes, get peace of mind\nOZ's to dimes and this weed iz mine\nThis weed iz mine\nThis weed iz mine\nYou can't have it\nThis weed iz mine\nThis weed iz mine\nYou can't have it\nThis weed iz mine\nI hear niggers talkin' 'bout what they rollin' up\nSmell what I smoke 'fore the bag open up\nGood chance if you see me down smokin' one\nLicense to get a fundamental load of shit\nReal nigga, blow a reefer, I is old enough\nIf I'm in a building, it's hard not to notice it\nHit a really sad dog, I got some whores to fuck\nI'mma fall through with the ounce [Incomprehensible] shit\nDon't trip, bitch, we go all set, load a whole zip\nLet you hit mine, plus you supplyin' your own little bit\nMy nigga get high and let the whores twist\nSay you don't fuck with [Incomprehensible] how you rolled it\nThey ain't smokin' like us\nI'm rollin' up haters, they be burnin' for hours\nAnd if it's found\nI'm smokin' the whole thing inside\nThis weed iz mine\nThis weed iz mine\nYou can't have it\nThis weed iz mine\nThis weed iz mine\nYou can't have it\nThis weed iz mine\nI got a roll for you, do you wanna smoke with me?\nI wanna smoke with you, do you wanna smoke with me?\n(I wanna smoke with you)\nI got a roll for you, do you wanna smoke with me?\n(I got a roll for you, if you wanna smoke)\nI wanna smoke with you, do you, do you\n(Oh yeah, do you?)\nDo you wanna smoke with me?\n(I said I wanna smoke with you)\nDo you wanna smoke with me?\n(I wanna smoke with you)\nThis weed iz mine\nThis weed", "image": "https://images.genius.com/8c99dd335733f9c3cf16f57c9f589cfb.361x361x1.jpg"}], "artist": "Snoop Dogg"}