{"songs": [{"title": "Cosmic Kev Freestyle", "album": null, "year": null, "lyrics": "Lean on me\nAnd all the ladies in the hallway wanna lean on me\nI'm big Snoop D O double G\nAnd now they all wanna scene on me\nSo I stand tall, do it all, never ever slip\nOn the microphone talking big shhh\nI can't cuss I'm on the radio\nHolla at the lady tho\nWith Cosmic Kev, big Snoop Dogg off the top of the head\nNeed fur on my eardrums\nHere he come, here he - here he come\nS to the N double O P to the D to the O to the double G\nSmooth with the vocal tone\nI'm rockin on the microphone\nYes this is freestyle, LBC style, G style\nShout out to ? and Michael Vick\nI know the Eagles will be back next year\nBut don't even trip, cause Snoop Dogg is packin a cold grip\nI like to flip and dip\nAnd take you on the mothership\nSo you can ride and roll and get control\nAnd lemme show you how I get cold\nI might get, I might get lifted\nI tripped it and dropped it\nNever ever flopped it\nAnd then they try to stop it\nBut you can't cause I'm hard in the paint\nWhen I bust freestyles, make the suckas faint\nIt's all off the dome\nBig Snoop Dogg and I'm halfway home\nI need to use the phone\nCould you give a dogg a bone?\nI'm leaning and everybody lookin at me screaming\nThey wanna get a picture of the D O dub\nAll the ladies in the hall love\nEven the big boss, he wanna get a picture\nCause he know it don't cost\nAnd that's how it go\nBig Snoop Dogg, I'mma start the show\nYeah, take a picture with me\nHave a seat, come and kick it with me\nIn the middle, I'm on the side\nWiz on the left so you know how we ride\nAnd when we came, we both got high\nAnd they got mad and told us put it out cause \"fire\"\nBut you know we don't quit\nWe just kept smoking and I took another hit\nWent to the kitchen and I had me some chicken wings\nAnd baby said \"Dogg can you sing?\"\nFor Cosmic Kev, I said \"cool I got a freestyle\nThat I just put on the top of my head\nAnd then I came in and dropped it for him\"\nPushed record and popped it for him\nBaby start filming it now\nShe say \"Snoop Dogg breaking it down!\"\nShe got the camera, I got the rap\nI got the wraps and I got the snaps\nI got the sack and he's got the Lac\nAnd he got the dippy-dippy scratch in the back\nCosmic Kev, this is how we do it\nBig Snoop Dogg coming through with the do-it fluid\nMy music is dope, I never ever choke\nAnd if I wasn't rapping I'd probably be broke\nNo I'm lying to y'all\nIt's only Big Snoop and I'm the Top Dogg\nThat means that I'm gonna get money\nNo matter what I'm doing it's sunny\nIt could be raining, I could be banging\nYou could be talking, I could be singing\nI could be slanging, I could be bringing\nYou what you need, but I stop and proceed\nTo give you what you want, cause I know what you need\nIt's big Snoop D O double to the G\nEase.. and when I'm done on the microphone, smell me\nI'm just like the breeze\n\nPower power, 99\nEverything is oh so fine\nYou thought I was gone, but I couldn't leave yet\nI gotta say something cause these suckers got me so upset\nI haven't won a Grammy yet\nI haven't made a call to my granny yet\nShe say \"Snoop Dogg, don't worry about it grandson!\"\nCause when it comes to rap, you the only one\nYou don't need a Grammy, you got a Soul Train Award\nAnd a BET, everthing is on cue, and you know how you be\nAnd you keep smoking reefer, and these suckas is broke\nBut you can't touch me, cause I'm just cold\nWhen it comes to the freestyle off the top of my brain\nAnd I'm 40 years old, but it sounds like I'm 17\nCause when I be rocking, I'm oh so clean\nAnd I'm on the hip-hop scene\nBeen doing this since I was about 17\nAnd niggas 16, niggas 14, it don't matter\nCause my rhyme is so clean...", "image": "https://images.genius.com/8c99dd335733f9c3cf16f57c9f589cfb.361x361x1.jpg"}], "artist": "Snoop Dogg"}