{"songs": [{"title": "When I Grow Up", "album": "Tha Doggfather", "year": "1996-11-12", "lyrics": "[Intro]\nThe Dogg Pound and the LBC, your baby is awaiting you\n\n[Female]\nThat's that damn Snoop Dogg again, he ain't nothin' but a fuckin' pimp!\n\n[Snoop Dogg & Kid]\nMan snoop you got a bad car, when I grow up I wanna be just like you!\nLook here little homeboy, let me tell you something\nDon't let me ever hear you say you wanna be like me\nYou could be a doctor, a lawyer, a football player, a Laker, anything!\nJust don't let me ever hear you say you want to be like me\nYou hear me?\nYah Huh!\nNow take these dollars and go give em to your brothers and sisters! And you run on to school!\nThanks Snoop!", "image": "https://images.genius.com/ecb7c80ab44a68c9d33f60b5fccd0a70.1000x1000x1.jpg"}], "artist": "Snoop Dogg"}