{"songs": [{"title": "Thank You For Having Me", "album": null, "year": "2018-05-13", "lyrics": "[Verse 1: Snoop Dogg]\nIf I never told you this let me say this to you properly\nMomma you my everything, you taught me how to be this way\nDevil is a liar so I'ma walk the Jesus way\nYou taught me how to lead so I'ma take the stand and lead today\nI thank you for everything you've given me\nMore precious than jewelry and you could read it in my eulogy\nEvery day you pray for me and keep them demons away from me\nI love you dearly, sincerely [?]\nLove Snoop\n\n[Chorus]\nMomma, thank you for having me\nCould've gave me up instead you raised a family\nI wanna thank you momma, thank you for having me\nCould've gave me up but you did it like a G\nMomma, thank you for having me\nCould've gave me up but you raised a family\nI wanna thank you momma, thank you for having me (Mother)\nCould've gave me up (Mother) but you did it like a G (Momma)\n\n[Verse 2]\nWhat can I say? What can I do?\nI'll sit back and admire you\nOh what a beauty you are to me\n(Woah momma)\nThis song to you I dedicate\nThe sacrifices that you made\nAnd today's your special day, oh\nSurrounded by your family and your friends\nWe want you to know you're a special lady\nYou are appreciated, oh (Momma)\nYou were always there for me (Momma)\n[?] legacy\n\n[Chorus]\nMomma, thank you for having me\nCould've gave me up instead you raised a family\nI wanna thank you momma, thank you for having me\nCould've gave me up but you did it like a G\nMomma, thank you for having me\nCould've gave me up but you raised a family\nI wanna thank you momma, thank you for having me (Mother)\nCould've gave me up (Mother) but you did it like a G (Momma)\n\n[Verse 3]\nHow bout a musical for the beautiful\nWe should do something out the usual\nGo pack a bag and we could hit the road momma\n[?] get your own\nWoah momma\nAll of my life you was the back up bone\nYou taught me life [?] blacker tones\nAnd you know poppa was a rolling stone\n(M-O-T-H-E-R)\nI wanna wish you happy mother's day\nI hate to fight [?]\nTaught me there ain't nothing like the family\n(M-O-T-H-E-R)\nMy sister, my brother\nWe wouldn't even have no birthdays\nIf you ain't love us in the first place\n[?]\n(M-O-T-H-E-R)", "image": "https://images.genius.com/de2910f056e4663fcd41da51652b99ad.355x355x1.jpg"}], "artist": "Snoop Dogg"}