{"songs": [{"title": "Friends", "album": null, "year": null, "lyrics": "[Kokane]\nLife is much mo' precious\nThan you'll think\nLike a game'll make yo chips sink\nIt's so hard\nHard to trust a smile and face\nWhen niggas got intentions already taking yo place\nKeep my head up and stand tall\nIf I stumble, then I'll fall\nWill you pick me up at all?\nWill you pick me up at all?\nI'm a keep it gangsta till my end\nCause some people do pretend\nAnd ain't too many of us that we can call friends\nThat we can call friends\nOhhhhhhh\n[Goldie Loc]\nNow all I gotta do is keep my head up\nAnd walk a straight line when fake friends won't mind\nBut I'm kind-hearted\nAnd don't like being stepped on\nIf I wasn't real, I wouldn't be in this position\nLike that, dogg, I got a whole lot to say\nI'm by myself with my rhymes when we kick it all day\nLil' Jay used to say I'd never be nobody\nBut you know what I never do?\nSmoke it off like Gotti\nFive million dollar hits puttin in saxophones\nTray Deee & Snoop, we sound good on this microphone\nI never threaten nobody to make it happen\nLet me show you how we eat a full meal off this rappin'\nBut if I had a chance to give it back\nI'd give it to the ones who helped me do that\nDo that, straight from the heart\nEastside till I die\nWe ain't no contract friends, we doggs for life\n[Tray Deee]\nIt's a trip how we Crip\nSuppose the enemies still\nWith both sides ride causing plenty of tears\nInsane's and 20's both from the same city\nA bunch of down niggas and it ain't that many\nMe, C, and the G can think back to the start\nHomies chillin', getting high, shooting craps in the park\nAnd having a heart\nTo get 'em up if it was beef\nHead up like G's, take it out in the street\nHold ya own was the code that I growed to view\nSo I fucked with and stuck with a chosen few\nBut Snoop Dogg, you can call me, whatever the case\nAnd homie that ain't nothing that the set could erase\nYou put me with the homie, Goldie, though we never had spoke\nA Insane with a 20, now we hell of a close\nAnd y'all kids, my kids, so we family now\nCause I could never see you doing bad without\nAnd that's real\n[Kokane]\nLife is much mo' precious\nThan you'll think\nLike a game'll make yo chips sink\nIt's so hard\nHard to trust a smile and face\nWhen niggas got intentions already taking yo place\nKeep my head up and stand tall\nIf I stumble, then I'll fall\nWill you pick me up at all?\nWill you pick me up at all?\nI'm a keep it gangsta till my end\nCause some people do pretend\nAnd ain't too many of us that we can call friends\nThat we can call friends...\n[fades out]", "image": "https://images.genius.com/8c99dd335733f9c3cf16f57c9f589cfb.361x361x1.jpg"}], "artist": "Snoop Dogg"}