{"songs": [{"title": "True To The Game", "album": null, "year": null, "lyrics": "[Intro: Snoop Dogg & DJ Glaze]\nWhat's up Snoop, you ready?\nYeah\nGo ahead man\nThis for all the playas and the pimps, not for the simps\nYou and the pimp getcha boogie on right about now\nLet's jam\n\n[Verse 1: Snoop Dogg]\nFrom the very first day I was put in it\nI had to tell myself that I was in it to win it\nPuttin' the mack down at an early age\nTwo steps ahead of my peers so switch to the next phase\nEarly '85 tryna clock a grip\nNo time for that wick-wack gangbang shit\nI was tryna find a way to get richer\nAnd if ya ass caught slippin', Dogg's gonna getcha\nThat's how it was and that's how it is\nYou think I'm finna change cause I'm in the hip-hop biz\nAin't nuthin' change but the weather and my shoe size\nLivin' on the streets'll make a dumb nigga wise\nThat's why I stay one-up on ya\nEverybody think them gangstas is runnin' California\nWell ya wrong and I'mma show ya\nThe game of a G, is what I'm finna throw ya\nIf you can handle it, but if ya can't, give it back\nSee this for the true hardened-macks\nThe pimps, not the wimps or the simps\nTakin' bitches out to eat steak and shrimp, dude\nBut who ya better do for these nuts\nChill out and peep out the rest of the cut\nCause I'm a young playa who's afraid to change\nI'd rather stay handlin', be true to the game\n\n[Verse 2: Snoop Dogg]\nNow I ain't sayin' I don't treat a woman right\nThere's certain extent, you better know when to get tight\nBut I ain't the one to preach and teach\nBut these trick-ass niggas took the shit outta reach\nTakin' her out to eat then takin' her out to shows\nBut when it's time to get the ass, them nuts is frozen\nAnd you know why my brother?\nBecause you let the bitch now that you love her\nAnd that's what she's supposed to do\nYa payin' a hoe to keep close to you\nYou'd do much better on the boulevard\nYou spend all ya money and dick still hard\nYou tryna go out like Babyface\nThe money was a waste and youse a disgrace\nTo the niggas who put the game down so deeply\nPumpin' up loud for the niggas that sleep G\nFor some reason they don't hear me though\nAnd this is the shit that ya gotsta know\nIf ya plan on having a woman nowadays\nBecause a woman nowadays has got to stay paid\nAnd simp-ass niggas put dents in the game\nYou know who you are, I ain't gon' say ya name\nAnd get a little fame and start conflict\nCause I'm a young mack daddy havin' shit\nSo you can go and make that change\nBut a nigga like Dogg is stayin' true to the game\n\n[Bridge: DJ Glaze]\nYeah, my nigga Snoop Doggy Dogg in the muthafuckin' house\nDJ Glaze in this muthafucka too, Foesum\n\n[Verse 3: Snoop Dogg]\nOh man, I think I got too deep on the last verse\nBut you know how I am, I really don't give a fuck\nCause a bitch is a bitch and a bitch is gonna stay a bitch\nAs long as a nigga broke, but when he get rich\nWatch how her attitude changes\nShe wanna start comin' around and then maintainin'\nA grip on you and a grip a on ya grip\nBut I ain't the one to try to trip that trick\nLet's see, cause I'm loyal to game\nThat's why I always maintain and keep my brain in the right frame\nJust in case that happens\nThe way that I live is the way that I'm rappin'\nDon't be offended because I speaks the truth\nI can't help it but I'm that OG playa they call Snoop\nYes, the fly human being, not European\nBut I managed to keep singin'\nCause ya know that I'm a G in any field I put my heart at\nI'm the mack and I'm packin'\nYeah, and what I was really talkin' about was this\nIt's somethin' that's crucial but not like a diss\nIt's just to the brothas who keep spendin'\nAin't nuthin' wrong with lendin' but you keep sendin'\nMo' money, mo' money, mo' money\nBut when ya get broke watch how she get funny\nAnd don't wanna neva eva wanna show up\nThe the words gonna get around thatcha to' up\nThen who you gonna kick it with?\nYou can't chill with the homies cause they say you a trick\nAnd ya know tricks are for kids, silly rabbit\nIt turns into a habit, now you on bankrupt status\nI ain't the Pips but I'm damn sure glad it's not a playa like me in yo' shoes\nBecause I don't wanna cry about the mack daddy blues\nNow if you upset and wanna throw them thangs\nI suggest for ya best and trust change\nAll up in crazy thoughts\nAnd for my paper, the vapors, is whatcha just caught\nDoggy Dogg feelin' a lil' pain\nI'm just a G from the Beach stayin' true to the game\n\n[Verse 4: Snoop Dogg]\nI hope I got my point across the way I wanted to\nSorry my brother, if you feel I fronted you\nBut that's how I am I don't nuttin' back\nAnd that's the number one rule of bein' a mack\nRule two, money first and that's a must\nAll gold-diggin' hoes tryna creep get crushed\nAnd the most important thang\nIs to always stay down and be true to the game", "image": "https://images.genius.com/8c99dd335733f9c3cf16f57c9f589cfb.361x361x1.jpg"}], "artist": "Snoop Dogg"}