{"songs": [{"title": "I Love to Give You Light", "album": "R&G (Rhythm & Gangsta): The Masterpiece", "year": "2004-11-16", "lyrics": "[Minister]\nSay man ay ushers, deacons, lock the do'\n\n[Singers - repeat in background of Intro w/ ad libs]\n{I love, to give you light)\n\n[Intro: Snoop Dogg]\nGeah, first of all\nGivin honor to God, and all the ministers on the pulpits\nUshers, deacons, and my lovely choir\nThey sound so beautiful, don't you agree?\nSing it sister..\nYeah, we'd like to welcome y'all inside this R&G\nRhythm & Gangsta: The Masterpiece\nSuch a, heavenly experience\nAlchemist, break it down for me nephew\nLet me preach to 'em one time, chuuch\n\n[Snoop Dogg]\nIn the beginning as a child I was chosen\nThough not knowin the reason while still my eyes opened\nWhatever the purpose, I surfaced above the fog\nLove was given to all, outside livin the ball\nAs an adolescent, one black child, I had a message\nTo reach teachin the masses, I wrote my first passage\nIt was jotted down, created in the form of a rap\nI'm young, livin in the city of jackers and gangbangin\nAnd dope dealin, cold feelin to be a product of niggas around you\nOnce you get on top they down you\nBut the temptation got me, streets caught me watchin\nI found myself grindin on the streets quite often\nWith a blue rag, bangin the dub, fo'-fifth coffin\nAt the spot, 61st, 40 blocks from the Eastside\nWhere most of the big homies had a Glock and flossed the G-ride\nNiggas throwin up hands but it wasn't no peace signs\nNever fo' a second did I think to let my light shine\nHardheaded, thought I was grown, messin up\nDisrespectin my home, not carin 'bout what moms what sayin\nAnd then I found out that mom wasn't playin\nToday, I love you for it, back then, I couldn't understand\nGet my life right, step it up, nigga be a man\nNever be a victim, of what the system might hit you with\nThrough the stripes still gotta shine my light\nI've grown, to comprehend the game; my name is Big Snoop Boss Dogg\nJust a block and a phone call away\nI've reached the status, of a modern day John Baptist\nI'm preachin just what I practice\nTo each and all, I got a word from the Beach to acros the globe\nMan woman young and old\nDon't gain the world, lose your soul to spite\nMany circumstances Doggy gon' shine my light cause I love you\n\n[Singers - repeat in background of Outro w/ ad libs]\n{I love, to give you light)\n\n[Outro: Minister]\nAnd the people that is locked up, locked down\nAnd the people that's locked dowwwwwn\nAlso God, should purchase the new, Escalade\nOn 24's, with the spinnin thangs, ha ha\nI need you to, right now, look at your neighbors\nCause a lot of y'all think y'all goin to heaven huh\nAnd you ain't gon' go!\nSo I need you right now to, look at your neighbor\nAnd say neighbor, say NEIGH-BOR, YOU AIN'T GOIN!!\nYOU AIN'T GOIN!!", "image": "https://images.genius.com/22daab0632e506300bab596c589dcfb2.1000x1000x1.jpg"}], "artist": "Snoop Dogg"}