{"songs": [{"title": "Pimpin' Ain't EZ", "album": "Malice N Wonderland", "year": "2009-12-08", "lyrics": "[R. Kelly]\nUugh, yeah\nSnoop, Kells, once again\nAnd this is for the non-believers\nThat seem to think that pimping is easy\nAiyyo Uncle Snoop\nLet's go get these knuckleheads\n\n[Hook: R. Kelly]\nPop bottles (pop bottles)\nShake hands (shake hands)\nRecognise (recognise) I'm the man\nI try to tell 'em but they won't understand that pimping ain't easy\nI got money (got money)\nI got cars (got cars)\nStill fucking with them hood superstars (superstars)\nSpend a hundred grand over by the bar like pimping ain't easy\n\n[Snoop Dogg]\nWell it ain't\nAll them faces in that laker paint\nCasa by the lake\nMake a little nigga faint\nBalling is what I does\nI ain't messing with you can'ts\nI'm a can do negro\nA real life California hero\nAbout six zeros at the end of the number in my bank account\nNigga ain't ya mad at me\nI'm so happy to see that you stopped your life to watch mine\nYeah you see it fool\nSnoop's everywhere, Italy I'm heavy there\nDid a show in Rome like ho say you ain't never there\nTalking 'bout you popping bottles\nI don't see none\nYou made it rain where?\nI don't see a wand\nGo on get it off\nThat's what they like to hear\nIt's your money pimp\nWe don't fight it here\nIt's hard enough to be me\nNot trying to be you is someting I got to see\nUntil then I'mma\n\n[Hook]\n\n[Snoop Dogg]\nThis ain't a joke a loc made it look easy to you\nI been through some shit\nI made it easy for ya\nNow you ain't got to do much, I pop at everybody\nGo unwrap a bottle, share it with them busybodies\nTell 'em what she want to hear\nHow you would like to take her out of town and shopping here\nAnd Snoopy is your homie\nNah nah girl he out of here\nYeah he just act like he don't know me when he all up in here\nYou a fool Jack\nThough I don't condone faking for a bitch\nDon't call it pimping when you're bringing home the bacon to this bitch\nGo ahead and talk money\nTalk, look at the chicks it brought\nBut know the deal you better flip her like a somersault\nSnoopy never played the role for which he wasn't built for\nNever called somebody friend that I wouldn't kill for\nI do this balling cause I can not cause it's cool\nI pop cause I'm the man\nNow watch me and Kells\n\n[Hook]\n\n[R. Kelly]\nI got pimping in my veins\nPimping in my blood\nPimping in my swag\nPimping in my cup\nWalking like a pimp when I walking through the club\nPause like a pimp so the hoes show me love\nPimp by day, pimp by night\nPimp haters make me keep my pimp game tight\nSee y'all type of fools make a nigga want thug\nLike shots of patron make a nigga want fuck\nBut I ain't on that shit so I'mma throw my hands up\nAnd keep it sexy pimping cause thats how I does\nUncle Snoop say Kells go hard or go home\nYo hating motherfuckers, I'm still here\n\n[Hook]\n\n[R. Kelly]\nTo all my honeys in the club getting money with the thugs\nKeep it pimping baby\nKeep it pimping baby\nSouthside, westside, eastside, northside\nKeep it pimping baby\nKeep it pimping", "image": "https://images.genius.com/a9730b160b9e646d986f0b4659d2dc40.800x800x1.jpg"}], "artist": "Snoop Dogg"}