{"songs": [{"title": "Gangbangin' 101", "album": "Tha Blue Carpet Treatment", "year": "2006-11-21", "lyrics": "[Intro: Snoop Dogg]\nWest Coast, it's time to stand up nigga\nWe gon' unite 'round this motherfucker one time\nI'm callin' every real Crip nigga\nAnd every real B-Dogg, to the table right now\nYeah, we gon' push a real line right now\nSee if y'all with this real gangsta guerrilla shit\n\n[Verse 1: Snoop Dogg]\nHave you ever seen 100,000 rip riders from the side\nBlue Chuck's, blue rags, grey clouds, blue skies\nOn the move, can't lose, Hill Street blues\nNiggas gotta pay they dues on the crews or with the uzi spray\nThese suckas then I cruise, my granny saw it on the news\nShe shook up, look up and then she put me on the move\nI tried to get away, but I couldn't get far\n'Cause the homies had the loop-loop that night at King Park\nAnd I got into a squab, got caught and went to jail\nStraight to the County with no motherfuckin' bail\n4800 with this Crippin', oh well\nMy big homie Boy Blue snatched me by my coattail\nHe said trip Dogg, ya better get right, Crip right\nEyes open cause niggas get stuck on seez-ight\nIt ain't no motherfuckin' problem - pop-pop, tick-tock\nNever flip-flop, 20 crippin' til I drop\n\n[Hook]\nCa-rip, Ca-rip, Ca-rip, Ca-rip\nSu-whoop, su-whoop, su-whoop, su-whoop\nCa-rip, Ca-rip, Ca-rip, Ca-rip\nSu-whoop, su-whoop, su-whoop, su-whoop\nCa-rip\n\n[Verse 2: The Game]\nIs I, in the motherfuckin' S-5\nWith the red bandana double knotted 'round the rearview\nNiggas see clear through, they know that it's Game\nCherry red Lowenhart's let 'em know that I bang\nSo bang, like Snoop in \"Deep Cover\"\nI got the seat reclined, fo-five under the white-T, smothered\nDippin' down Green Leaf, I ain't got no enemies\nBeen shot five times, now I bleed Hennessy\nAnd bang for my niggas locked up, they can't stop us\nIt ain't a gangsta party 'til we go and dig Pac up\nI'm Dr. Martin Luther King with two guns on\nHughey P. Newton with Air Force One's on\nI gangbang but I'm the opposite of Tookie Williams\nRed Lambo', red bandana print ceilin'\nMe and Snoop got the West Coast locked\nRed and blue rag tied in a knot\nWith all my motherfuckin' homies yellin' out\n\n[Hook]\nSu-whoop, su-whoop, su-whoop, su-whoop\nCa-rip, Ca-rip, Ca-rip, Ca-rip\nSu-whoop, su-whoop, su-whoop, su-whoop\nCa-rip, Ca-rip, Ca-rip, Ca-rip\nCa-rip\n\n[Verse 3: The Game]\nI ran outta gas in Long Beach, I'm stuck\nAin't no Bloods and all I see is blue Chuck's\nHopped out the '6-trey, nowhere to go\nTil' Snoop pulled up in that Pittsburgh Steeler '6-4\nWe just dippin', one Bloodin' one Crippin'\nI'm on that Bulls shit, throwback Scott' Pippen\nMoral is, my bandana hangin' from the left side\nSo if you ain't a Crip or a Blood, just throw up Westside\n\n[Verse 4: Snoop Dogg]\n(What up Blood?) Yeah cuz, we just tippin'\nMe and Game doin' thangs, switchin' lanes, Hurricanes on my feet\nStop, and C-Walk to the beat\nGame, take the wheel and turn on 21st Street\nEastside LBC, gun in my hand\nIt's the turf by the surf but we don't play in the sand\nWe just - slip and slide out, we rip and ride out\nLet it C known, nigga welcome to the Thunderdome\n\n[Hook]\nCa-rip, Ca-rip, Ca-rip, Ca-rip\nSu-whoop, su-whoop, su-whoop, su-whoop\nCa-rip, Ca-rip, Ca-rip, Ca-rip\nSu-whoop, su-whoop, su-whoop, su-whoop\nSu-whoop, su-whoop, su-whoop, su-whoop", "image": "https://images.genius.com/9eeff8d4aa3579798c6d6f74d21fad47.1000x1000x1.jpg"}], "artist": "Snoop Dogg"}