{"songs": [{"title": "Ballin'", "album": "Paid Tha Cost To Be Da Bo$$", "year": "2002-11-26", "lyrics": "[Hook 1]\nLike a star slipping out of place\nSliding from the sky\nTumbling through space\nWhen you touch my hand\nI swear I feel like I'm ballin'\n(Ballin', Ballin', Ballin', Ballin')\nYeh ballin'\n(Ballin', Ballin', Ballin', Ballin')\nLike a wheel\nWhirling round and round\nRolling down a hill (rollin' down a hill)\nSpinning on the ground (rollin' down a hill)\nYour kissing makes me dizzy yeh\nIn the head (ooh yeh)\nAnd I'm ballin'\nI'm ballin'\n\n[Verse 1]\nHmm, I love this game coz this game love me back\nI'm pushing a lac, smoking sacs like a mad mac\nBringing me back, banging the 8-track track\nThe Dramatics and Battle Cat and Snoop like that\nBig stars in big cars we pull up at the big clubs and sit at the big bars\nSippin' champaign with a bowl of cavier\nHell yeh you are, yeh you are\nSay it say it, coz they all deny it\nPlayer play it, coz you can't deny it\nAs fly as it get, as fly as I spit you know its the shit\nIt's so gangsta, gangsta bitch\nSwitch back to the old school, old fools know\nThis here thang we do so original\nI got to have it, lavish\nIs how we establish\nOn the real love one it feels good to have\n\n[Hook 2]\nLike a rose, flippin down the street\nLooking oh so sweet (lookin' oh so sweet)\nBumpin to the beat (bumpin to the beat)\nThese streets they keep me busy yeh\nMakin' bread\nAnd I'm ballin'\n(Ballin', Ballin', Ballin', Ballin')\nYeh ballin'\n(Ballin', Ballin', Ballin', Ballin')\nOh here I go!\nBallin making dough\nWorking for myself\nCoz it thrills me so\nI keep women on my line\nCoz they know\nThat I'm ballin'\n(Ballin', Ballin', Ballin', Ballin')\nYeh ballin'\n(Ballin', Ballin', Ballin', Ballin')\nOh here I go!\nDriving down the road\nI can't help myself\nBallin' Thrills me so\nYeh you blew my mind\nAnd I know , I'm ballin'\n(Ballin', Ballin', Ballin', Ballin')\nYeh ballin'\n(Ballin', Ballin', Ballin', Ballin')\n\n[Verse 2]\nDo that, who that, you that one they called on\nBaller' get your ball on\nIt's all on now fall on to a new groove\nReally ain't nothing to prove\nWe, set the mood\nOr shoot some pool\nOr blaze a Cool\nWhat? Whatup fool\nNow you can cruise if you choose but I prefer to do the cha-cha\nAnd once my small kitchen ?throw?\nYou know I gotcha\nWatch out, no need to pull your Glock out\nIt's a players affair, now\nLook at my hair and the girls wit me\nThey got the same thang on\nPimp pimp parade, my nigga get your bang on\nCoz my uncles about to get their sang on\nAnd all round the world, my nigga, it's the same song\nAnd when its time for your callin', fallin', wit no stallin'\nKeep it ballin'\n\n[Hook 3]\nHe starts to mill\nJust rollin' tru his town\nStacking dollar bills (stacking dollar bills)\nRaising dogg pound (he be raising the dog pound)\nBecasuse he's loved\nLoved in every city\nThats why he's ballin'\n(Ballin', Ballin', Ballin', Ballin')\nYeh ballin'\n(Ballin', Ballin', Ballin', Ballin')\n\n[Verse 3]\nThere it is coz it is there\nNow have a seat and come hit the game from a player\nThey say time brings change and change brings time\nIt's so genuine and so divine\nIt's been so long in fact its overdue\nNow tell me baby girl what can D-O-DOUBLE-G do for you\nI fell for you, I'll always look over you\nTheres really not much that a player would'nt do for you\nSo quit stallin' and fallin'\nAnd come get a bar of some of this ballin'\nNow quit stallin' and callin'\nAnd come get yaself a bar of this ballin'\n\n[Outro]\nYeh thats right, this is ahh, radio station 187.4 DG\nSock it to your ass\nWith something from The Dramatics\nAnd Snoop Dog\nLet them spot that ok\nIt's another one of those world premiers\nDoin' it to ya doggystyle, in ya air hole\nFor the 2000 plus 1, yeh", "image": "https://images.genius.com/020258c5b50e382d2763d8439947dad4.1000x1000x1.jpg"}], "artist": "Snoop Dogg"}