{"songs": [{"title": "Big Mouth", "album": "Neva Left", "year": "2017-05-19", "lyrics": "[Intro]\nYou know there is always some big mouth-ass motherfucker talkin' shit. There's always some big mouth motherfucker hatin'. Always a nigga hatin'. It's always somebody that is displeased with what you do. You can never make motherfuckers happy. There is always somebody unsatisfied. That feels entitled. There is always some bitch on the side line talkin' shit with her big mouth There is always some big mouth-ass nigga talkin' 'bout what you shoulda do with your money and what you coulda, woulda, shoulda - it's just... you understand me? Big Mouth with your big mouth ass!\n\n[Hook]\nYou got a big mouth (yeah nigga)\nBig mouth (you too)\nYou got a big mouth (I can't forget you)\nA big mouth, a big mouth\nYou got a big mouth (yeah nigga)\nBig mouth (you too)\nYou got a big mouth (I can't forget you)\nA big mouth, a big mouth\n\n[Verse 1]\nThere's a rumor being spread about me and my crew\nAbout something we did or supposed to do\nYou might not of heard it or maybe you have\nBut when I first heard it all I did was laugh\nI used to get angry and all uptight\nYou can say what you want, just spell my name right\nCause all I'm ever guilty of is rockin' the house\nBut that's not what the rumor was all about\nSo if you like to hate tell all your friends\nAnd if you don't wait until you see me again\nThis way I can hear it from the horses mouth\nRight then and there we can straighten it out\nBecause I don't get involved with he said she said\nSo take my advice and quit while you ahead\nBecause one day I just might not laugh\nI pull up and pop a cap in your ass\n\n[Hook]\nYou got a big mouth (yeah nigga)\nBig mouth (you too)\nYou got a big mouth (I can't forget you)\nA big mouth, a big mouth\nYou got a big mouth (yeah nigga)\nBig mouth (you too)\nYou got a big mouth (I can't forget you)\nA big mouth, a big mouth\n\n[Verse 2]\nPeople used to say that you got a big mouth\nNow I understand what they talking about\nBecause what we do is just between me and you\nNot something that you run and tell your crew\nBut you had to told Sharon and she told Carol\nThen the story rolled on just like a wheelbarrow\nCarol told Bibi and she told Pam\nAnd Pam was overheard a-talking to her man\nPam was so rookie, what she thought she heard\nAnd somehow my nigga Diddy Bop got the word\nHe told somebody I knew from fruit town\nThey called me up and put me down\nNow the whole damn story's been changed around\nAnd that's the reason why I ain't fucking with you now\n'Cause you never shoulda opened your mouth at all\nAnd I wouldn't a had no reason to make this call\n\n[Hook]\nYou got a big mouth (yeah nigga)\nBig mouth (you too)\nYou got a big mouth (I can't forget you)\nA big mouth, a big mouth\nYou got a big mouth (yeah nigga)\nBig mouth (you too)\nYou got a big mouth (I can't forget you)\nA big mouth, a big mouth\nYou got a big mouth (yeah nigga)\nBig mouth (you too)\nYou got a big mouth (I can't forget you)\nA big mouth, a big mouth\nYou got a big mouth (yeah nigga)\nBig mouth (you too)\nYou got a big mouth (I can't forget you)\nA big mouth, a big mouth\n\n[Bridge]\nNow you're the dime-dropper of the neighborhood\nAnd every time I see you up to no good\nJust like a snake rollin' on the ground\nLooking for some new dirt to spread around\nNow you're the dime-dropper of the neighborhood\nAnd every time I see you up to no good\nJust like a snake rollin' on the ground\nLooking for some new dirt to spread around\n\n[Hook]\nYou got a big mouth (yeah nigga)\nBig mouth (you too)\nYou got a big mouth (I can't forget you)\nA big mouth, a big mouth\nYou got a big mouth (yeah nigga)\nBig mouth (you too)\nYou got a big mouth (I can't forget you)\nA big mouth, a big mouth", "image": "https://images.genius.com/60bf707949edab977c5ad8da61ef82a2.1000x1000x1.jpg"}], "artist": "Snoop Dogg"}