{"songs": [{"title": "Who Got Some Gangstas? (feat. Tha Dogg Pound & Lil' Style 7 Young)", "album": null, "year": null, "lyrics": "(Lil' Style)\n\nNine in the mornin, feds at my door (my door)\nLou Cortez creakin cross the hardwood floor (right)\nDippin thru the alley I made my escape\nDidn't even get a chance to grab my Snoop Dogg tape\nMan with no music but happy he's free\nBailin fast as I can bail down 19th Street\nI got my sacks in my pocket and at least a grand\nGold on my knuckle, my pistol's closed in hand\nI'm a Dogg Pound Gangsta from the LBC\nRemotely controlled by the bomb-ity\nBut just livin in big city is a serious task\nDidn't know what the feds wanted, didn't have time to ask\n\n(Snoop Doggy Dogg)\n\nWe're comin with that G shit, that C shit that makin niggas sick\nHow does it feel to see a G from your clique?\nWake up, jumped out of bed wit my grin on (why?)\nLast night's dice game got my win on\nAbout a G and a half is what I come with\nBut twenty five G's is what I left with\n*?Teatley?* was the word I heard\nI went deep in my pockets and threw my stars on the cone\nGimme the dice so I can break you niggas\nI threw a C (C-I-X) so my point was the biggie\nSeven-four-four-tre back to back\nI sent two fools back to their lizzack\n\n(Kurupt)\n\nSee now I'm off to the graveyard shift\nAnd I gots ta pay my dues to make my grip\nBut I chill cos my ho might call\nAin't no thang cos I sleeps all day and slang when night fall\nAnd I takes a quick walk up the block\nWith my Glock cocke, ready to make a stop where I set up shop\nOn 59th and 8th Ave where all the homies be hangin\nThat's where a nigga'll be slangin\nI'm makin a cool grip of shit, this ain't me\nSo I put my chips together and cops a quarter ki\nAnd now the shops on deck\nAnd everything that's mines I protect with a Tek, I don't half step\nNow I got ends\nAnd I'm rollin a Lexus, f**k a Benz, and so many new friends\nBut I could only trust a few\nAnd unawarely I trusted you\nBut if only G\n\n(Snoop)\n\nIt's Snoop, homies from the motherf**kin get-go\nDevoted and quotin, back in '84\nI was thirteen, G was a year older\nBut I still wadn't afraid to throw him from his shoulders\nGettin good on the hood was the anticipation\nAnd yeah, King Park was the destination\nEvery nigga that I knew was at the Park that night\nEven the smokers that be levellin gettin sparked tonight\n\n(Lil' Style)\n\nBack on the streets, straight blue and grey\nCos I represent like every day\nNigga you can't tell me I don't be on the spot\nWhen I can tell you all the homies that done get shot\nFrom at least about five years ago\nWhen I was in junior high goin to Marshall\nThe homey use to come up to the school and rock\nAnd leave and have the bitches flockin his jock\nDamn them was the days of the past\nBut since the Pizzound formed we been whippin people's ass\nAnd everybody a blast\nAnd if you don't believe me nigga you can axe the homey Daz\nAnd that's your ass\nF**ked around and let Young Swoop take your cash (ha ha)\nHe didn't even run, he walked away (bust)\nCos I let it sit that day\nI wished I was there I would've clowned\nBut that's why we axed your bitch ass from the Pound\nCos he wouldn't even squad back\nMan we can't f**k with no niggas like that\nHe'll get us all cracked\nIf the police was behind us, he wouldn't even jump out with the strap\nNow that's what I call a beeyatch! (Beeiyitch!)\nI second the emotion you was dropped the clique (yeah yeah)\n\n(Snoop)\n\nSome of these nigga are bitches too\nAnd some of these niggas look just like you\nSo if you've ever been *?toetone?*\nGo out and get your roll on you punk ass nigga, you'll get stole on\n\n(Dat Nigga Daz)\n\nIt's 5:30 in the mornin, now I'm yizzawnin\nNow as I perceive to get G to a tee\nAnd before I bail to school you know I blaze up a sack\nAnother day, another dollar for the gangsta mack\nBitch act like you know, show me some sex and affection\nAnd let me dial slow, flossin, tossin a bitch (bitch)\nYeah Dogg, one more thing I forgot to mention\nShoot five niggas, shoot ten\nShoot the piece, slip to your fiends\nSeven, goddamn it, when it deal\nA '64 for the honeys, straight ho for the G\nYoung Daz, little nigga you can't f**k with me\n\n(Snoop)\n\nNow I knew that them niggas couldn't get at you\nSo what made them niggas try to spit at you\nDisrespect a gang that snitch on you\nY'all punk ass niggas, man y'all some bitches too\n\n(Young Swoop)\n\nWho got some gangsta gangsta shit? (ha ha)\nSwoop G, I heard somebody's speakin up on you\nCos when I drop mines there was no more nickels and dimes\nJust quarters, ounces, half ounces and quota\nPC is the season and I don't smoke blunt\nIt sees the indo with skunk, I might as well get drunk\nTo smoke some stress, that shit'll put a hole in your chest\nI only want another twenty dollar, sure got me f**ked up\nMy hood is gettin hot and niggas is tryin ta plottin\nCome up off a young nigga, call his shots\nSwoop G ain't the one, I do its to be done (aah)\nAl-ways have my gun and my G from 2-1\nIt's Cerritos but you don't hear me though cos you don't really know\nAbout the you-know, I'm Cerritos, silly ho\nSwoop G by the f**kin L-B's-C\nNone of these nigga wanna f**k with these (aah)\nSwoop G, Swoop G, G", "image": "https://images.genius.com/8c99dd335733f9c3cf16f57c9f589cfb.361x361x1.jpg"}], "artist": "Snoop Dogg"}