{"songs": [{"title": "W Balls", "album": "Doggystyle", "year": "1993-11-23", "lyrics": "[Skit: Ricky Harris + The Queen of Funk]\n(Radio Static)\nThat was the Dogg Pound here right on W Balls\n187.4 on your FM dial\nYou're tuned in to the biggest balls of them all: DJ Saul T. Nuts\nAye, don't forget about my homeboy Eazy Dick and the Jackoff Hour\nThat's happening at twelve o'clock tonight\nRight now we got some new Snoop Doggy Dogg for that ass\nThis one is called \"Tha Shiznit\"\nYou're about to go downtown bitch\nRight here on the station that plays only platinum hits\nThat's 187.4 on your FM dial\nIf you're licking, that's W Balls\n(Radio Static)\nEverybody's got to hear the shit, on W Balls, W Balls, W Balls", "image": "https://images.genius.com/d31a03639b8f8f4259b9b9da07972d52.996x1000x1.jpg"}], "artist": "Snoop Dogg"}