{"songs": [{"title": "Life of Da Party", "album": "Ego Trippin'", "year": "2008-03-11", "lyrics": "[Intro: Snoop Dogg]\n\nOh, boy, it's your uncle big Snoopy D-O Double G, oohweeee\nAnd I'm Ego Trippin'\nAhahaaaaaaaa\nI got my boy Mistah Fabby Davis\nI got my boy Too $hort\nAnd you know, uh\nEverywhere we go we like to say we the life of the party\nCan you dig that?\n\n[Chorus: Mistah F.A.B. & (Snoop Dogg)]\nHey look I'm only in town for a night\nAnd when I pull up man the crowd get hype\nAnd everybody love me, the browns to the whites\nYou live like a movie but a movie my life\n\nAnd I'm the life of the party\n(Every time I show up)\nYeah, I'm the life of the party\n(Every time I blow up)\nI'm the life of the party\n(Every time I show up)\nYeah, I'm the life of the party\n(Every time I blow up)\n\nNow go and roll up the Swisher\nBut don't drink all my liquor\nYou know it's all good my nigga\nGive me one second, I'll pose for your picture\nLike cheese, cheese, cheese, cheese, cheese, cheese\nNow everybody just freeze, freeze, freeze, freeze\nNow DJ bring the music please\n\n[Verse 1: Too $hort]\nI'm the life of the party\nIt don't take much, for me to get started\nEvery time you see me, I'm with a bunch of girls\nStraight to the table, in my own world\nThe ballplayers know me, movie stars too\nSee my homie Snoop, we doin' what we do\nDon't matter where we at, Miami or Vegas\nEvery time you ask me, yeah I'm a player\n(Beotch) 'Cause I'm the life of the party\nI got ten bad bitches, actin' retarded\nI'm tryin' to meet a few new ones\nWhat's up with you girl, maybe we can do somethin'\nDo you drink; do you smoke?\nI could tell by your purse and your shoes you ain't broke\nHang with me, the first thing you do is get stuck\nTake you somewhere, later on you'll get fucked, beotch!\n\n[Chorus: Mistah F.A.B. & (Snoop Dogg)]\nHey look I'm only in town for a night\nAnd when I pull up man the crowd get hype\nAnd everybody love me, the browns to the whites\nYou live like a movie but a movie my life\n\nAnd I'm the life of the party\n(Every time I show up)\nYeah, I'm the life of the party\n(Every time I blow up)\nI'm the life of the party\n(Every time I show up)\nYeah, I'm the life of the party\n(Every time I blow up)\n\nNow go and roll up the Swisher\nBut don't drink all my liquor\nYou know it's all good my nigga\nGive me one second, I'll pose for your picture\nLike cheese, cheese, cheese, cheese, cheese, cheese\nNow everybody just freeze, freeze, freeze, freeze\nNow DJ bring the music please\n\n[Verse 2: Snoop Dogg]\nI've been trappin' all day, gettin' paper\nHeaded to the club in my brand new scraper\nGators on my feet, money in my pocket\nI gotta do a show so you know I'm 'bout to rock it\nSee my homie $hort, layin' low-key\nI strolled over to him, and passed him the bleezy\nDoggy Dogg, anything goes\nSnappin' my fingers, crackin' at some hoes\nWhat do ya know, I'm in The A gettin' play all day\nA lot of y'all wanna ball and try to walk this way\nY'all want that shine-shine but that's all mine\nI'm bonafied, qualified to have a hot damn time\nNow listen, get the picture, and take a picture of me quick\nSee 'cause tomorrow I got a new city that I'm gon' hit\nA double whammy, right before I do the Grammy's\nI do a show with Puff Daddy way out in South Miami\n\n[Chorus: Mistah F.A.B. & (Snoop Dogg)]\nHey look I'm only in town for a night\nAnd when I pull up man the crowd get hype\nAnd everybody love me, the browns to the whites\nYou live like a movie but a movie my life\n\nAnd I'm the life of the party\n(Every time I show up)\nYeah, I'm the life of the party\n(Every time I blow up)\nI'm the life of the party\n(Every time I show up)\nYeah, I'm the life of the party\n(Every time I blow up)\n\nNow go and roll up the Swisher\nBut don't drink all my liquor\nYou know it's all good my nigga\nGive me one second, I'll pose for your picture\nLike cheese, cheese, cheese, cheese, cheese, cheese\nNow everybody just freeze, freeze, freeze, freeze\nNow DJ bring the music please\n\n[Outro: Too $hort]\nCount 'em mayne... there's about 12, 13, 14 bad bitches\nIt's me, two of my homies... drinkin', we smokin'\nI see all the ballers in the house, what's up mayne?\nThey doin' it big over there too, but you know mayne\nIf I wasn't here, it wouldn't be the same\n'Cause I'm the life of the party, baby\nI hope you feel the same way about yourself, beotch!", "image": "https://images.genius.com/3d050cff9dcb5f7083eff8a6aacd7d8c.500x500x1.jpg"}], "artist": "Snoop Dogg"}