{"songs": [{"title": "Who Got Some Gangsta Shit?", "album": "Murder Was the Case - The Soundtrack ", "year": "1994-10-15", "lyrics": "[Verse 1: Lil' Style]\nNine in the mornin, feds at my door (my door)\nBlue Cotez squeakin cross the hardwood floor (right)\nDippin thru the alley I made my escape\nDidn't even get a chance to grab my Snoop Dogg tape\nMad with no music but happy I'm free\nBailin fast as I can bail down 19th Street\nI got my sacks in my pocket and at least a grand\nGold on my neck, my pistol's closed in hand\nI'm a Dogg Pound Gangsta from the LBC\nRemotely controlled by the bomb-ity\nBut just livin in big city is a serious task\nDidn't know what the feds wanted, didn't have time to ask\n\n[Verse 2: Snoop Doggy Dogg]\nWe're comin with that G shit, that C shit that makin niggas sick\nHow does it feel to see a G from your clique?\nWake up, jumped out of bed wit my grin on (why?)\nLast night's dice game got my win on\nAbout a G and a half is what I came with\nBut twenty five G's is what I left with\n*?Teatley?* was the word I heard\nI went deep in my pockets and threw my stars on the curb\nGimme the dice so I can break you niggas\nI threw a 6 (C-I-X) so my point was the bigga\nSeven-four-four-tre back to back\nI sent two fools back to their lizzack\n\n[Verse 3: Kurupt]\nSee now I'm off to the graveyard shift\nAnd I gots ta pay my dues to make my grip\nBut I chill cos my ho might call\nAin't no thang cos I sleeps all day and slang when night fall\nAnd I takes a quick walk up the block\nWith my Glock cocked, ready to make a stop where I set up shop\nOn Fifty-ninath and 8th Ave where all the homies be hangin\nThat's where a nigga'll be slangin\nI'm makin a cool grip of shit, this ain't me\nSo I put my chips together and cops a quarter ki\nAnd now the shops on deck\nAnd everything that's mines I protect with a Tec, I don't half step\nNow I got ends\nAnd I'm rollin a Lexus, fuck a Benz, and so many new friends\nBut I could only trust a few\nAnd unawarely I trusted you\nBut if only knew\n\n[Verse 4: Snoop Doggy Dogg]\nG And Snoop, homies from the motherfuckin get-go\nDevoted and quotin, back in '84\nI was thirteen, G was a year older\nBut I still wasn't afraid to throw 'em from his shoulders\nGettin good on the hood was the anticipation\nAnd yeah, King Park was the destination\nEvery nigga that I knew was at the Park that night\nEven the smokers that be lovin to get sparked at night\n\n[Verse 5: Lil' Style]\nBack on the streets, straight blue and grey\nCos I represent like every day\nNigga you can't tell me I don't be on the spot\nWhen I can tell you all the homies that done get shot\nFrom at least about five years ago\nWhen I was in junior high goin to Marshall\nThe homey use to come up to the school and rock\nAnd leave and have the bitches flockin his jock\nDamn them was the days of the past\nBut since the Pizzound formed we been whippin people's ass\nAnd everybody'll  blast\nAnd if you don't believe me nigga you can axe the homey Daz\nAnd that's your ass\nFucked around and let Young Swoop take your cash (ha ha)\nHe didn't even run, he walked away (busta)\nCuz I lived to see that day\nI wished I was there I would've clowned\nBut that's why we \"x\"-ed your bitch ass from the Pound\nCos he wouldn't even squab back\nMan we can't fuck with no niggas like that\nHe'll get us all cracked\nIf the police was behind us, he wouldn't even jump out with the strap\nNow that's what I call a beeyatch! (Beeiyitch!)\nI second the motion you was dropped from the clique (yeah yeah)\n\n[Snoop Doggy Dogg]\nSome of these nigga are bitches too\nAnd some of these niggas look just like you\nSo if you've ever been told on...\nGo out and get your roll on you punk ass nigga, you'll get stole on\n\n[Verse 7: Dat Nigga Daz]\nIt's 5:30 in the mornin, now I'm yizzawnin\nNow as I perceive to get G to a tee\nAnd before I bell to school you know I blaze up a sack\nAnother day, another dollar for the gangsta mack\nBitch act like you know, show me some sex and affection\nAnd lick me down slow, flossin, tossin a bitch (bitch)\nYeah Dogg, one more thing I forgot to mention\nShoot five niggas, shoot ten\nShoot the piece, slip to your Benz\nSeven, goddamn it, went again\nA '64 for the honeys, straight ho for the G\nYoung Daz, little nigga you can't fuck with me\n\n[Snoop Doggy Dogg]\nNow I knew that them niggas couldn't get at you\nSo what made them niggas try to spit at you\nDisrespect the game and snitch on you\nY'all punk ass niggas, man y'all some bitches too\n\n[Verse 8: Young Swoop]\nWho got some gangsta gangsta shit? (ha ha)\nSwoop G, I heard somebody's speakin up on you\nCos when I drop mines there was no more nickels and dimes\nJust quarters, ounces, half ounces and quarta\nPC is the season and I don't smoke blunt\nIt sees the indo with skunk, I might as well get drunk\nTo smoke some stress, that shit'll put a hole in your chest\nI only want another twenty dollar, sure got me fucked up\nMy hood is gettin hot and niggas is tryin ta plot and\nCome up off a young nigga, callin his shots\nSwoop G ain't the one, I do its to be done (aah)\nAl-ways have my gun and my G from 2-1\nIt's Cerritos but you don't hear me though cos you don't really know\nAbout the you-know, I'm Cerritos, silly ho\nSwoop G, mothafuckin fuckin L-B's-C\nNone of these nigga wanna fuck with these (aah)\nSwoop G, Swoop G, G", "image": "https://images.genius.com/0e58d7d7abc21e0c996c27e335e08719.999x1000x1.jpg"}], "artist": "Snoop Dogg"}