{"songs": [{"title": "Pronto (G-Mix feat. Soulja Boy Tell 'Em and Bun-B)", "album": null, "year": null, "lyrics": "What it do\nComing at you live, it's your boy big Snoop Dogg\nGot my nephew Soulja Boy in this mothafucker\nWe need you to move like pronto, like expeditiously, matter fact Soulja Boy, holla at them nephew\nYou digg\n\n[Chorus]\nPronto, you know it how we ball\nShe dancin' on my drawls, with my back against the wall\nS.O.D boys, got our money sittin' tall\nWhile your money sittin' small\nLet me make a phone ciz-allll! ciz-alllll\nI'm callin up my boyz, they're gonna bring the noise\nWhen we hit the dance floor\nMy team hardcore, all the girls do adore\nBouta do the gang rock til my feet get sizzz-ore\nSizzz-ore\n\nStep on the scene, make the haters say dammit\nSoulja Boy Tell 'Em hottest rapper on the planet\nYa' girl love me and I know you can't stand it\nGoth-em city doors got ya boy Batmanin'\nYa' girl go hard like Dikembe Mutombo\nSoulja number one but I ain't talkin bout the combo\nS.O.D. boss (yeah) I'm the head hon-cho\nWalk inside the club, I need V.I.P\n\n[Chorus]\nPronto, Pronto, you know it how we ball\nShe dancin' on my drawls, with my back against the wall\nS.O.D boys, got our money sittin' tall\nWhile your money sittin' small\nLet me make a phone ciz-allll! ciz-alllll\nI'm callin up my boyz, they're gonna bring the noise\nWhen we hit the dance floor\nMy team hardcore, all the girls do adore\nBouta do the gang rock til my feet get sizzz-ore\nSizzz-ore\n\nGet it in, get it out, turn it up, turn it down\nBig Snoop dog and soulja boy, told ya boy in your mouth\nMake it bang, make it bounce, break it up take it out\nNigga what you talking about, snoop dogg walk it out\nGo to work, do the jerk, do it till your head hurt\nWe the west, just the turf, known throughout the universe\nSuperman and Kryptonite all on the same mike\nSend us some bad bitches like\n\n[Chorus]\nPronto, Pronto, you know it how we ball\nShe dancin' on my drawls, with my back against the wall\nS.O.D boys, got our money sittin' tall\nWhile your money sittin' small\nLet me make a phone ciz-allll! ciz-alllll\nI'm callin up my boyz, they're gonna bring the noise\nWhen we hit the dance floor\nMy team hardcore, all the girls do adore\nBouta do the gang rock til my feet get sizzz-ore\nSizzz-ore\n\nMike check 0 1 2 3, I don't freestyle cuz my style ain't free!\nLyrical criminal most have battled for national, Soulja no limit but I'm not talking bout Master P\nI'm in my tour bus a lot and groupies in back of me\nEvery boy'll shoot interview, video, shoot a magazine\nMy flow is so sick, the number one off of iTunes\nMy flow, quick, can lay you quicker than the fuckin' swine flu\n\n[Chorus]\nPronto, Pronto, you know it how we ball\nShe dancin' on my drawls, with my back against the wall\nS.O.D boys, got our money sittin' tall\nWhile your money sittin' small\nLet me make a phone ciz-allll! ciz-alllll\nI'm callin up my boyz, they're gonna bring the noise\nWhen we hit the dance floor\nMy team hardcore, all the girls do adore\nBouta do the gang rock til my feet get sizzz-ore\nSizzz-ore\n\nAll black let it up, nigga we can get it up\nYa, you can set it up cuz we will neva let it up\nAnd I'll do it till you get enough, and i beat you dead and red and stuff\nWhat it do, what it is, I see you haven't read enough\nThis is the life I chose for me and this is the way I chose to be\nA lot of fools is holding me but that's just the way it's supposed to be\nNever win, against the grain, always playing 20 games\nStand for something dawg or you gonna fall for anything but later for that\nYeah, I got my swag back, I'm with the Soulja Boy, that nigga bad, back\nBut them GCs and TCs begin the VIP, blowin on some liquor, purple trees\nJerkin knees, workin these cute bad bitches\nI think they bent their knees, we gonna get them for their cheese\nBreak it down, spread it round, five pound\nPut it in the air, right now like pronto\n\n[Chorus]\nPronto, Pronto, you know it how we ball\nShe dancin' on my drawls, with my back against the wall\nS.O.D boys, got our money sittin' tall\nWhile your money sittin' small\nLet me make a phone ciz-allll! ciz-alllll\nI'm callin up my boyz, they're gonna bring the noise\nWhen we hit the dance floor\nMy team hardcore, all the girls do adore\nBouta do the gang rock til my feet get sizzz-ore\nSizzz-ore\n\n\"Ladies and gentlemen, we are now approaching 35,000 feet\nHope you're enjoying your ride through Wonderland\nI am your flight attendant Boss Lady\nTurn your bottles upside down and your blunts in an upright position\nAnd please remain seated until the flight has come to a complete stop\nThanks for flying the friendly skies with your friendly captain Snoop D-O-double-G aka The Homey\"", "image": "https://images.genius.com/8c99dd335733f9c3cf16f57c9f589cfb.361x361x1.jpg"}], "artist": "Snoop Dogg"}