{"songs": [{"title": "Thug Life", "album": null, "year": null, "lyrics": "[Intro]\nWhy is there suddenly a nigga trippin' when I do it?\nWhy do everybody else gon' have a war, have beef\nWithin the music, talkin' about differences and it's ok\nIt's music it's hip-hop it's groundbreaking\nWhen I do it, it's war\n\n[Verse 1: West West Cuh]\nIn the city watch how I'm getting head with it\nShe do it with no hands and I be ghost whippin'\nOops I think I meant ghost riding\nWhen I get that vet watch how she let me slide in\nIn that pussy and you know I'm the livest\nIntroduced known to beat it up no crime man\nAnd I might leave your bae crying\nI'm so stressed out man all the homies fall in\nAnd if she let me hit, the homies all can\nAnd nigga if I'm eating it's all in one pan\n'Cause I'mma be as hungry as the last man\nA young [?] but I'm the nigga with the damn plan\nI keep it G like a crip in the '80s\nAnd man I beat your ass like a nigga in slavery\nThey say they're trying to help me but it sound like hate to me\nA young nigga, but I'm wise like Dr. King\nOn my own shit, get your own ends\nNiggas think they gettin' handouts 'cause we damn friends\nNigga put that spoon down better use your hands\nBetter get that grind right before you life ends\nAnd I ain't never had no love for a fake friend\nOr a fuck nigga, better duck nigga\nBetter hope one of them things don't get stuck in ya\n(Bbbbla) good luck nigga\n\n[Verse 2: Snoop Dogg]\nSlip this with the crip stick\nItty bitty nigga with the slick shit\nIn a room full of misfits\nPlug it in, let it bang, yea my shit bitch\nGet bread like bisquick\nYou're a soft ass nigga with a face full of lipstick\nLet me show you how a crip dip\nGet ships and flips and take low trips\nI sipps that shit ain't talking 'bout lean\nDown to Mississippi and New Orleans\nWord as a motherfucka, let me verb that\nSnoop Dogg is a hog, yea I heard that\nYou deserve that swerve that 'lac\nMake it bang, let it go, bring that back\nI blew they brain, nephew yea do that thang\n\n[Verse 3: Spanky Danky]\nLiving life in the maze it's amazing\nSo high I can levitate it's crazy\nI feel like I'm the nigga in the matrix\nI'm sipping codeine I feel like I'mma patient\nI stay dosed down off a medical blunt this ain't new\nCop a qp I blow it with lil Snoop\nBlowing smoke out the roof, hoes know we the truth\nGet the bitch loose than I make her do what it do\nPut the hole on the crew, word to [MC Duce?]\nI'm chopping real game, other niggas is goose\nAnd when I pass by the bitch she gon' know we the truth\n[HE?] gang green and we're devoted to you\nWe brought base in your face to proof\nThe realest nigga out bitch give me the juice\nThey never hate a nigga when he spittin' the truth\nI gotta keep it real gotta stick to my roots\n\n[Verse 4: West West Cuh]\nTu-Tune in, you know my slang\nMe and my niggas doing our thing and we all gon' win\nFucking these models and fucking they friends\nGot more hoes than Snoop and Prince\nPimpin' nigga, look at my hands\nGold rings on my fingers\nYoung nigga and I'm hella dangerous\nLike a lethal injection, ballers on it\nYea that's me section, getting money\nYea that's the only objection\nChrome everywhere so I see my reflections\nWest West, hold it down for Texas\nYellow diamonds on my necklace\nPretty bitches getting naked\nYoung nigga living reckless\nLike 21 guns for protection\n\n[Verse 5: Spanky Danky]\nBeen done with that fast life\nSo it was on to the thug life\nAin't no bet, but I could never love my wife\nLike I love my life I never love ya twice\nI fell in love one night still lost in the days in a major way\nI be blazed for days, like Johnny\nMobbing in the [?] lane, it's my hobby\nWe savvy, real nigga say savvy\nLooking for them bitches take them at a track meet\nDeep dig bandit she run into my canyon\nDabbin' blowing like a candle, savvy\nWoodgrain whippin' in the valley\nReal OG I'm nothing like my daddy\nFew kids on the way I'm happy\nRaw dog, and I'm learning with a passion\nOhh, didn't y'all go to school\nI'm reachin' and preachin' and teachin' the youth\nThey all in my business I'm feeling like Snoop\nBut I'm more like Pac learn a life lesson but I might get shot\nI'm spreading the message that's all that I got\nWe pray for progression and stick to the plot\nI'm feeling like Yoda my knowledge is hot\n\n[Outro]\nI see myself changing the world\nBecause my thought patterns are so opposite of the norm\nSo I will have to change the world\nOr I will have to be changed by the world", "image": "https://images.rapgenius.com/95735291818a685628a5a7e0dc2cdcf4.600x600x1.jpg"}], "artist": "Snoop Dogg"}