{"songs": [{"title": "It's Not a Secret", "album": "Cuzznz", "year": "2016-01-15", "lyrics": "[Intro]\nYou know what you just don\u2019t block me\nThe fuck wrong with you?\nYou said you\u2019ll be back soon, nigga\nYou is not home, you can block my crib\nBut you know what?\nYou can\u2019t block me out your motherfucking mind\nHow about that?\nYeah so who knows?\nYou\u2019ll be calling soon or texting\nYou\u2019ll see\nBye, asshole\n\n[Hook]\nIIt\u2019s not a secret (it\u2019s not a secret)\nIt\u2019s just not none of your business (not none of your business, bitch)\nNot much difference (not much difference)\nYou just like those other bitches (you just like them other bitches, bitch)\n\n[Verse 1]\nNow I told you one and I told you twice\nThis is my motherfucking life\nSly, working at the DMV\nBitch who are you? TMZ?\nI can\u2019t breathe with you on my neck\nBetter get a hold or the team on deck\nCall me, complaining, draining a nigga\nWith this raining, for the maintain\nI left out the back door\nAnd met lil\u2019 mama on the down low\nAnd I slid to the restroom\nAnd found out you was next door\nCheating in the next room\nWho am I to play?\u2019\nAnd what am I to say?\nFading away like a DJ\nReally don\u2019t give a fuck bout what she say\n\n[Hook]\nIt\u2019s not a secret (it\u2019s not a secret)\nIt\u2019s just not none of your business (not none of your business, bitch)\nNot much difference (not much difference)\nYou just like those other bitches (you just like them other bitches, bitch)\n\n[Verse 2]\nRound and round we go\nWhere we\u2019ll stop, nobody knows\nGuess I must have forget you see me creeping out the door\nAnd I say I\u2019m never coming back\nShe got the nerve to ask me why\nGuess she tried to play me\nI ain\u2019t crazy\nLook here baby\nHoes don\u2019t phase me\n\n[Hook]\nIt\u2019s not a secret (it\u2019s not a secret)\nIt\u2019s just not none of your business (it\u2019s just not none of your business, bitch)\nNot much difference (not much difference)\nYou just like those other bitches (you just like them other bitches, bitch)\n\n[Verse 3]\nShe looking on my Instagram trying to get some info\nStarted off a cool bitch, now the bitch is a nympho\nCrazy friends go coo-coo for the Cocoa Puffs\nSmoking on that kush, she got fucked up\nHitting my followers, stalking on my females\nCrazy bitch be lying all about our details\nFake pics that ain\u2019t you, damn she worsen\nTryna fuck again but bitch I ain\u2019t nervous\nWhat\u2019s mine is mine, find out you want\nThe conversation, kick bitch, you just word\nYou ain\u2019t learned your lesson\nSecond guessing your homie\nYou like a dog, bitch, go on, get, fetch\nTryna trap a nigga using a phony tag name\nYou see I\u2019m that nigga that got too much game\nYou ain\u2019t much different\nYou similar like always\nThe type of bitch you are\nSee them bitches all day\n\n[Hook]\nIt\u2019s not a secret (it\u2019s not a secret)\nIt\u2019s just not none of your business (it\u2019s just not none of your business, bitch)\nNot much difference (not much difference)\nYou just like those other bitches (you just like them other bitches, bitch)\n\n[Hook]\nIt\u2019s not a secret (it\u2019s not a secret) (yeah)\nIt\u2019s just not none of your business (it\u2019s just not none of your business, bitch)(you know I see you bitch, all on Instagram, Twitter)\nNot much difference (not much difference) (bitch, get a life, you know I\u2019m saying?)\nYou just like those other bitches (you just like them other bitches, bitch) (stop fucking up me and you shit, goddamn)\n\n[Outro]\nI know we ain\u2019t hanging out but umm\nDon\u2019t play with me [laughter]\nDon\u2019t play me - don\u2019t play me - play me\nYeah, I\u2019m mad - I\u2019m mad\nI showed out\nThe fuck you gon\u2019 do?\nYou ain\u2019t gon\u2019 do nothing\nYou ain\u2019t even gon\u2019 answer your goddamn phone\nNow can\u2019t nobody be nice\nSee when I\u2019m tryna be nice and delicate\nIt don\u2019t get anywhere\nYou wanna text me in the morning at 6:45\nOkay?\nYou ain\u2019t talking to me no motherfucking house\nI got way too much for your motherfucking [?]", "image": "https://images.genius.com/6a211625bd0f5b5e08154b6e1059e3fa.640x640x1.jpg"}], "artist": "Snoop Dogg"}