{"songs": [{"title": "Keep Going", "album": null, "year": null, "lyrics": "[Hook]\nWe live life like it's a party\nThen y'all stop, we keep going\nIf they ain\u2019t switch then\nSomething pop off\nWe don\u2019t stop boy, we keep\nGoing, going, going\n\n[Snoop Dogg]\nGetting high in my C-boy stance\n\n[Verse 1 - Snoop Dogg]\nBack at it\nNew day, same status\nDrop classics, all 'til I fall, Hank Gathers\nWeed addict, big blunts, zig-zag it\nRoll it hard, ride big, Six Flag it\nAutomatic, Adidas sweats is sagging\nMy seeds been planted\nAll over the planet\nWe\u2019re not the same, I ease off the plane\nPJ\u2019s Clear port in PJ's for days\nDon\u2019t know their names, I ain\u2019t ask them nothing\nBut them hoes ain\u2019t rolling if them hoes ain't fucking\nSlick back on up\nWhile I let these honeys just stack on up\nMy squad all loud: what you want to do?\nI\u2019m a 12-guage homie, you's a .22\nBut go ahead, my nigga, fly, just to what you do\nBut just know: it won\u2019t be cool when I do it to you\nI\u2019m so in control\nGod blessed the child that got his own\nAnd I got a big bone\nIt's Snoop Dizzle for shizzle with a brizzle when it's about to licked off\n\n[Hook]\n\n[Snoop Dogg]\nGetting high in my C-boy stance\n\n[Verse 2 - Snoop Dogg]\nI\u2019m stuck in my zone\n2-3-3-2, was off, now I'm on\nWave top flow, shit's clear like Patron\nYou real with me I'm real with you, you fake, then I'm gone\nFuck what you want, it's the modern day Al Capone\nGoing up for zippy of that nippy I put the hoes on\nStuck in the game it stays the same, nigga\nThe fame try to change like I'm one of these lame niggas\nMy chain to blame nigga, it do what you can\u2019t nigga\nLB, HIP hard in the paint, nigga\nHomie, it don't stop, we get to slapping niggas, bopping niggas\nTaking your girls nigga and putting Pac up in em\nHear my voice it's on point\nHigh off life, the world my joint\nXL smoke, inhale more\nSmall-time kid with them XL hoes\nI\u2019m just did what I'm supposed to do\nNow run the whole scene, crowned the king\nPow, pow, take those shots\nForever on the go and I don't make no stops\n\n[Hook]", "image": "https://images.genius.com/8c99dd335733f9c3cf16f57c9f589cfb.361x361x1.jpg"}], "artist": "Snoop Dogg"}