{"songs": [{"title": "Way I Am", "album": null, "year": null, "lyrics": "Yes\nImma do me\nImma do me\nYou gon do you\nYou gon do you\nImma do me\nImma do me\nYou gon do you\nYou gon do you\nImma do me\nImma do me\n\nI'm the most underrated rapper of all time\nSo why do you accept those that bite my rhymes\nMe and eminem rhymed for d are e\nMe and x was in da club bout to blast off heat\nQuik told me to be all I can be\nNate is my dogg him and warren g\nThey recognize the ridah in the drivers seat\nAnd even 50 cent said he'd ride with me\nWe sumthin like gangsta rap cousins\n\nOn my daughter imma die before I let you touch em\nYou know I like livin'\nEnjoyin myself and I ain't bullshittin\nYou don't move me with fat mouth and lippin\nAnd you don't want to see me out of retirement trippin\nI got a lot to live for\nAnd id be damned if I change one bit\n\nI like the way I am\nYou understand\n\n[Chorus]\nPut your hands up come off them grams\nI ain't trippin that's the way I am (the way I am)\nAnd if you see me with heat in my hand\nThen you better duck that's the way I am (the way I am)\n\nI can't believe ya got up in them pants\nSexy lady gon do that dance\nCome on over when ya sick of ya man\nAnd we can chill that's the way I am (the way I am)\n\nI don't know that girl I just met her\nSippin on sour amoretta\nShe gon do her thing a five letter\nBut imma bounce cause her friend looks better\nI like the way she knows me\nI like the way she got herself in v I p\nIf she sees k n o see\nShe gon chill\nAnd wait out front for me\nWho do you know that rides for the coast\nWith a new breed and style of rap like me\nI had the patience to study the game\nDr Dre made two chronics and this is chronic three\nI make classic hits and buy classic cars\nAnd see classic tits at classic bars\nKnoc steps in the spot and the girls all pause\nMagic stick ill break down walls\nGot my heat as shit jumps off\nReally you stepping to me is a lost cause\nParty animal here since a quarter to ten\nBaby phase 16 with an LA brim\nI got shell toes on I don't wear them tims\nGot niggas got hoes in the gaggle of gin\nAin't no telling what I might get in\nThe first night\nDo it right\nImma do it again\nC'mon\n\n[Chorus]\nYou know where we be\nIn da club\nCome find me\nI ain't trippin'\nAir is free so what ever you want to do\nFor real though\nIts just the way I am\n\n[Chorus]", "image": "https://images.genius.com/8c99dd335733f9c3cf16f57c9f589cfb.361x361x1.jpg"}], "artist": "Snoop Dogg"}