{"songs": [{"title": "Get Bout It & Rowdy", "album": "Da Game is to be Sold, Not to be Told", "year": "1998-08-04", "lyrics": "[Intro: Master P & (Snoop Dogg)]\n(LBC, New orleans ha ha) Yo dog, uh\n(Sup P?)\n(Ha ha) That's some real shit\nWhere the hot boys at? Where the hot girls at?\nWhere the hot boys at? Where the hot girls at?\nWhere the hot boys at? Where the hot girls at?\nWhere the hot boys at? Where the hot girls at?\nWhere the hot boys at? Where the hot girls at?\nWhere the hot boys at? Where the hot girls at?\nYa heard me?\nYa heard me?\nThe game is to be sold not to be told, ha ha\nNow this No Limit shit, No Limit nigga\nEverybody wanna know how this shit happens, but we ain't playa hatin\nAnd what's goin on, but ya know what?\nIt don't  get no realer than this though dog\n\n[Chorus: Master P]\nWest-side niggas gettin' 'bout it, UNGH!\nI said East-side niggas gettin' rowdy, UNGH!\nMid-west niggas gettin' 'bout it, UNGH!\nSouth-side niggas gettin' rowdy, UNGH! (yea)\nWest-side niggas gettin' 'bout it, UNGH!\nI said East-side niggas gettin' rowdy, UNGH!\nMid-west niggas gettin' 'bout it, UNGH!\nSouth-side niggas gettin' rowdy, UNGH! (yea)\n\n[Verse 1: Snoop Dogg]\nFuck that man,da game is to be sold, not to be told, 1st things 1st\nI'm a gangsta, nigga, so I'ma roll\nYa got to get bout it or without it\nI had to shake the spot cause the game got crowded\nI'm devoted and quote it, I'm rowdy and bout it\nA No Limit Soldier, and happy to shout it\nGot this tank on my neck, got my tech. on deck\nI slap raps at your caps and try to make my snaps\nNick-Nack patty-wack big cavi sack, the dealer is back\nAnd I'm ridin' through your neighborhood dippin' in my Cadillac\nI'm sellin this shit, I ain't tellin this shit\nI'm a mutha fuckin 2-time felon ya bitch\nFrom the cold hearted streets of the LBC\nTo a mansion in the south down the street from my nigga P\nSee, real niggas recognize the realness\nPut ya mutha fuckin choppers up if ya feel this\n(Bust one) Now bust one(gun shot) Not just one(2 gun shots)\nAnd if ya want some get some, I bet we got some\nBustas discuss us, niggas poppin all the Ying-Yang\nStill the Dogg Pound Gang (DPG, Man)\nBeats still funky, Beats by the Pound in the house\nAct a muthafuckin donkey\n\n[Chorus: Master P]\nWest-side niggas gettin' 'bout it, UNGH!\nI said East-side niggas gettin' rowdy, UNGH!\nMid-west niggas gettin' 'bout it, UNGH!\nSouth-side niggas gettin' rowdy, UNGH! (yea)\nWest-side niggas gettin' 'bout it, UNGH!\nI said East-side niggas gettin' rowdy, UNGH!\nMid-west niggas gettin' 'bout it, UNGH!\nSouth-side niggas gettin' rowdy, UNGH! (yea)\n\n[Verse 2: Snoop Dogg]\n(Gettin rowwwdy) Everybody in the game, say the same\nIs Snoop's still that gang bang cocaine nigga slangin everythang\nI'm tryin to get as much as I need\nWhile I fuck with these out of town hoes blowin all they weed (shut up)\nParlayin, so whatcha sayin\nBring a couple buddies witcha, girl we ain't playin\nBaby must miss read me, cause she miss lead me\nHas some niggas come by later (what?) and try to spray me (bitch)\nBut I'm just to quick, slick and sly\nWhen it's time to ride I let the bullets fly cause it's do or die(die die...)\nI wear blue 7 days out the week (for life)\nI mob the street, DP, while I'm holdin my heat\nI wanna warn you, shit they got killers on the East, Mid-West, up North, down\nSouth in California\nSo if you got your chrome, you need to stay in the zone\nAnd get a vest for your mutha fuckin dome\nCause it's on like a dog without his bone\nI'm in it to win it and No Limit is my home (for life for life)\nNigga, real niggas recognize the realness\nPut ya mutha fuckin choppers in the air if ya feel this\n(Bust one) Now bust one(gun shot) Not just one(2 gun shots)\nAnd if ya want some get some,(what up what up) I bet we got some (got some)\n\n[Chorus: Master P]\nWest-side niggas gettin' 'bout it, UNGH!\nI said East-side niggas gettin' rowdy, UNGH!\nMid-west niggas gettin' 'bout it, UNGH!\nSouth-side niggas gettin' rowdy, UNGH! (yea)\nWest-side niggas gettin' 'bout it, UNGH!\nI said East-side niggas gettin' rowdy, UNGH!\nMid-west niggas gettin' 'bout it, UNGH!\nSouth-side niggas gettin' rowdy, UNGH! (yea)\nWest-side niggas gettin' 'bout it, UNGH!\nI said East-side niggas gettin' rowdy, UNGH!\nMid-west niggas gettin' 'bout it, UNGH!\nSouth-side niggas gettin' rowdy, UNGH! (yea)\nWest-side niggas gettin' 'bout it, UNGH!\nI said East-side niggas gettin' rowdy, UNGH!\nMid-west niggas gettin' 'bout it, UNGH!\nSouth-side niggas gettin' rowdy, UNGH! (yea)\n\n[Outro: Master P]\nNigga, bout it bout it ha ha\nSnoop Dogg, Master P, and the whole No Limit mutha fuckin family nigga\nFrom the South to the West to the East to the middle\nTo the mutha fuckin WORLD!\nHa ha real niggas and bitches unite", "image": "https://images.genius.com/cc7312525ce26f443efc158446aeedc3.1000x1000x1.jpg"}], "artist": "Snoop Dogg"}