{"songs": [{"title": "Can't Say Goodbye", "album": "Ego Trippin'", "year": "2008-03-07", "lyrics": "[Hook: Charlie Wilson]\nI'm a man, I gotta take care of my family\nFighting these pressures in my life\nI know my mind should be on shinin' and gettin' Grammy's\nBut these streets won't say goodbye\n\n[Intro: Charlie Wilson] (Snoop Dogg)\nI can't say goodbye (To the blocks)\nGoodbye (To the hood)\nGoodbye (To the streets)\nI can't say goodbye (To the hood)\nGoodbye (To the blocks)\nGoodbye (To the streets)\nI can't say goodbye (To the blocks)\nGoodbye (To the streets)\nGoodbye (To the hood)\nI can't say goodbye (To the hood)\nGoodbye (To the blocks)\nGoodbye (To the homies)\n\n[Verse 1]\nI guess it's true, you can't take the hood out the homeboy\nPlus my hood just lost another homeboy\nAnother one got locked, and we don't know\nIf he comin' home boy\nThe industry tell me, just leave it alone boy\nLet them do them, take care of your own boy\nBut I sit back, think about, before I was grown boy\nThen had dreams of bein' a doe boy\nYeah I was runnin' from the po-po, bangin' for the turf\nLate night huntin', puttin' in work\nHood day comin', airbrushed shirt\nPayday at the spot, got my haircut first\nMade mom sick when I wouldn't go to church\nSee I live in the 'burbs but I think 21st\nI know since I've left that it's gotten much worse\nBut I'd still be there if I couldn't write a verse\n\n[Hook]\n\n[Verse 2]\nTo the blocks that raised me\nThe enemies and the homies that made me\nTough enough to hang on the corners that would mold me\nCritics wonder if I'm tryin' to be the old me\nBut if they think the old me ever left\nThen they don't really know me\nAnd gon' know we don't change, we just become O.G\nYou always addicted to the life, you just don't O.D\nBut shit, I owe the streets before they owe me\nTook me in when my mama didn't want me\nToo wild to be her child, and pops not around\nNow all I got now is the homies\nTo teach me, how to be a man and what not\nHow to break ounces into grams and what not\nThe reason I'm so nice with my hands and what not\nShit, you think I forgot? Nah\n\n[Hook]\n\n[Verse 3]\nThank God every day that the boy could spit\nAnd all around the world they enjoyin' my shit\nI know I got plenty more awards to get\nI got a beautiful wife and some gorgeous kids\nBut it wouldn't be right if I ignored the shit\nThat made me who I am, the music and the man\nTold me that I can before the world gave a damn\nIf it wasn't for my niggas sayin' stick to the plan\nProbably be a gun instead of a pen in my hand\nProbably be doin' a dub in the pen with my man\nThey say leave the streets but they don't really understand\nAll I had was the block when I didn't have fans\nRapped on the corners when I couldn't get spins\nAll I had was the homies when I didn't have kids\nIf it all came down, my career was to end\nI'm sure my name would live, in these streets\n\n[Hook]", "image": "https://images.genius.com/fd5ace5214e5da1f374653720da7d1c1.1000x1000x1.jpg"}], "artist": "Snoop Dogg"}