{"songs": [{"title": "Got My Own", "album": "Tha Blue Carpet Treatment Mixtape", "year": "2007-01-01", "lyrics": "This one right here goes out to everybody in this motherfucker that don't need shit from nobody. They don't need nothing from nobody. They got they own, hey!\n\nI got my own, got my own!\nI got my own, now!\nDon't need no nigga to buy me shit\nDon't need no chick to buy me shit\nHell no!\nI got my own, got my own! (Can you tell em man?)\nI got my own, got my own!\n\nSnoop, Snoop!\n\nI don't need no chick to buy me shit\nSee that whip outside? Yeah, that's my whip\nBaby girl right there? Yeah, that's my bitch\nEverything 'bout me? All brand new shit!\n\nOld 7 coupe with the blue-red top\nMoney, green shoes, man, shit don't stop\nIt goes on, and on, and on\nIndependent with the bidness\nMan, my ??'s long\n\nAnd I did it by my own\nI'm the one and only\nSnoop Don Coolio, BIATCH!\nSo break bread and fake ??\nCuz I'm throwing money in the air cuz I ??\n\n[Hook]\nDon't need no nigga to buy me shit\nDon't need no chick to buy me shit\nHell no!\nI got my own, got my own! (Can you tell em man?)\nI got my own, got my own!\nDon't need no nigga to buy me shit\nDon't need no chick to buy me shit\nHell no!\nI got my own, got my own! (Can you tell em man?)\nI got my own, got my own!\n\nI'm fresh to death like the million bucks\nI put all my Louie hat with the crip blue chucks\nI stepped out the coupe the bitch said \"Oh, no!\"\nEasy, girlfriend, bitch, I gotta go\n\nPlus! /that brand new coupe came out\nStore's sold out cuz the Snoop came out\nWhat you niggas thinking about?\nI got my own money loc, you gotta ?? in my house\n\nI got Scrooge McDuck paper, internet paper\nEven got a little bit of Bill Gates paper\nSome opera paper, some dope boy paper\nHolla at the D-O-double G about paper!\n\n[Hook]\nDon't need no nigga to buy me shit\nDon't need no chick to buy me shit\nHell no!\nI got my own, got my own! (Can you tell em man?)\nI got my own, got my own!\nDon't need no nigga to buy me shit\nDon't need no chick to buy me shit\nHell no!\nI got my own, got my own! (Can you tell em man?)\nI got my own, got my own!\n\nOne-one-two!\nAnybody gettin' paper?\nTell me who the hell's gettin' paper?\nYou don't need no paper!\nHands in the air if you really gettin' paper!\n\nThis goes out to my people gettin' money\nHustle on the block all day gettin' money\nDancin' on the pole and nothin' get money\nWrong or right my people get yo money!\n\nA lot of fake ballers has grown\nFronting in the club man you niggas is joke\nSneaking in the VIP\nGot kicked out? Cuz, you should've mentioned me!\n\n[Hook]\nDon't need no nigga to buy me shit\nDon't need no chick to buy me shit\nHell no!\nI got my own, got my own! (Can you tell em man?)\nI got my own, got my own!\nDon't need no nigga to buy me shit\nDon't need no chick to buy me shit\nHell no!\nI got my own, got my own! (Can you tell em man?)\nI got my own, got my own!\nDon't need no nigga to buy me shit\nDon't need no chick to buy me shit\nHell no!\nI got my own, got my own! (Can you tell em man?)\nI got my own, got my own!\nDon't need no nigga to buy me shit\nDon't need no chick to buy me shit\nHell no!\nI got my own, got my own! (Can you tell em man?)\nI got my own, got my own!", "image": "https://images.genius.com/b50520c49ea0b4c1554b6bce9fd66912.600x600x1.jpg"}], "artist": "Snoop Dogg"}