{"songs": [{"title": "Pocket Like It's Hot", "album": null, "year": null, "lyrics": "[Hook: Snoop Dogg]\nHungry kids in the crib, ma\nPocket like it's hot, pocket like it's hot\nPocket like it's hot, pocket like it's hot\nWhen the craving's got a hold of you\nPocket like it's hot, pocket like it's hot\nPocket like it's hot, pocket like it's hot\nAnd your munchies get a attitude\nPocket like it's hot, pocket like it's hot\nPocket like it's hot, pocket like it's hot\nI got the pockets in my arms settin' off smoke alarms\nAnd I eat them smokin' hot cause I got it goin' on\n\n[Verse 1: DeStorm]\nYo, I'm a hot dude, with some hot dreams\nGettin' fired up, lettin' off steam\nEverybody's showin' love, Herby's in the tub\nCheckin' applications for the Hot Pocket fan club\nPepperoni pizza much better than some fish eggs\nInterior too hot, let's cool it off for a few secs\nI'm runnin' for the taste, that could be my phys ed\nJumpin' hot pockets, that's how you get ahizzead\nYo, ? get the meaty-meats, winners get the cheesy eats\nThe tag-team meal that's too hot for TV\nGet off my pockets, you gotta back up\nYeah that's wassup, now sign the pre-nups\nMe and Hot Pockets is never gon' split up (Never gon' split up)\nYou should think about it, take a second\n\n[Break: Andy Milonakis]\nHot Pockets, Herbsauce (Cheesy drizzle)\n\n[Verse 2: Snoop Dogg]\nI bring the heat, but y'all knew that\nThe big sauce boss, yeah I had to do that\nI keep it fired up, even when I'm inside\nYou take what's mine, then you're gonna have to run and hide\n\n[Verse 3: Andy Milonakis]\nHe light 'em up so much that everybody talks\nThey all wanna turn in his Hot Pockets box\nTwo to the one-one, yup three\nThis Hot Pockets are so H-O double T\nSmoky tabs hittin' that three thirty-three\n(You can't stand this hot then you can't chill with me)\nSo bring your friends, we goin' on a wild ride\nHerbsauce, tender meats heat up your inside\n\n[Break: Snoop Dogg]\nSo don't change the dizzle, turn it up a lizzle\nGot some cheesy drizzle, drippin' on my shizzle\nWaitin' on the brizzle, the prizzle, the gizzle g's\nWhen the cheese hits your tongue you'll scream, \"Fo shizzle\"\n\n[Hook]", "image": "https://images.genius.com/8c99dd335733f9c3cf16f57c9f589cfb.361x361x1.jpg"}], "artist": "Snoop Dogg"}