{"songs": [{"title": "Knocc 'Em Down", "album": null, "year": null, "lyrics": "[Hook]\nGet ready for the next battle\nI fade em\nRun it\nI fade em\nI need that\nI fade em\nRun it\nI knock em down\nRun it homie\nI knock em down\nRun it homie\nI knock em down\nI need that\nI knock em down x3\nRun it homie\nI knock em down\n\n[Verse 1]\nIron fists like Tekken\nJump kick wood tips on you in a second\nReady for the battle, you can pick the weapons\nGod Fist combo, here comes the blessing\nSmash on you pronto from all directions\nLine the fade up, buttons get to pressing\nHit you with the fisticuffs, homie you're my next win\nGet you powered up and come back for revenge\nWhen I start checking chins\nYou won't last a couple seconds, busters gone in the wind\nAnd Doggie does it again\nStepping yall, repping Dogg, tip toe wrecking, this is Tekken\n\n[Hook]\n\n[Verse 2]\nPut down the sticks, survival of the fit\nYou bout to get smashed on, probably get flicked\nProbably get kicked, so you probably gonna lose, so you probably bout to quit\nRiding Dogg, almost cut your braids off\nShock a number one and I still remain boss\n2 and 0, homie, first round draft pick\nGet your jaw broke, get laid down quick\nYou gotta have hands in this fighting tournament\nSo put it on thick\nPress start to go, get punched in the lip\nThe winner keeps playing and the loser gets tipped\nSat him on his pockets, he outta here, that boy gone\n\n[Hook]\n\n[Outro]\nThis one goes out to the top selecter\nSnoop D-O-double G AKA Snoop Lion\nBob Marley reincarnated\nYah mon\nTekken\nBLAW\nYeah\nJAH\nRastafari\nTaking a second for me to blow your mind\nTekken x 2\nTaking a second for me to blow your mind\nTekken x 2\nTekken a second for me to blow your mind\nTekken x 3\nTekken a second for me to blow your mind\nTekken x 3\nYeah\nReincarnated\nSnoop D-O-double G\nJAH\nAKA Snoop Lion\nTekken x 20\nTekken a second for me to blow your mind", "image": "https://images.genius.com/8c99dd335733f9c3cf16f57c9f589cfb.361x361x1.jpg"}], "artist": "Snoop Dogg"}