{"songs": [{"title": "Freestyle on Arsenio Hall Show", "album": null, "year": null, "lyrics": "[Verse 1:Snoop Dogg]\nIt's like this, yeah, and it don't stop\nNow stand up on ya feet and peep the beats\nSnoop Doggy Dogg's on the mic I'd like to speak, preach\nTo each and all, I don't stall\nY'all know who the dopest rapper is his name is Doggy Dogg\nI freak and speak and preach to you\nCos' I'm on the microphone sportin' grey and blue\nI'm true to what I do, I don't bang at all\nI'm the smooth macadamia. Snoop Doggy Dogg, I\nMake you jump, pump, pump, grab your gat but you might find yourself slump, hump\nYou can't see me, you wanna' be me\nI got a message to the CPT- Wassup' Eazy?\nI'm getting kind of greasy with curl on your neck\nYou can't see the Dogg 'cos I'm out to chin check\nThey call me the super-duper, superb\nHit 'em up, Get 'em up, Spit 'em up, word", "image": "https://images.genius.com/8c99dd335733f9c3cf16f57c9f589cfb.361x361x1.jpg"}], "artist": "Snoop Dogg"}