{"songs": [{"title": "Got Beef", "album": null, "year": null, "lyrics": "[Snoop Dogg]\nYeah, yeah\nIt's another one of those...\nSnoop D-O-Double G, L. T. Hutton thangs\nYeah, we all off up in the hills right about now\nIt's about two in the morning!\nI got big C-Style on the grill\nEastside!!! Keepin' it way real\nDogg Dogg, lbc\n\nChorus: Snoop Dogg (repeat 4X)\nIf you got beef, with dpg\nThen holla at me, the D-O-G\n\nBridge: Charlie Wilson, Snoop\n[C. W.] Any problems any problems you can holla at my dogg....\n[S. D.] Holla, holla\n[C. W.] Holla at my dogg, you could holla at my dogg, ohhhhh\nAny problems any problems you could holla at my dogg\nHolla at my dogg, holla at my dogg, heeeeey heeeeeeey\n\nChorus 1/2\n\n[Jayo Felony]\nThe life I lead\nThe average nigga would have broke down a long time ago\nTry to bang in a show and get slumped like The Crow\nAnyday now, we gonna run at my nigga them killas is Nathal\nWe see it all like night owls and we stay on the prowl\nThey don't wanna see me shine again\nThey fuckin' with my mind again\nBut as soon as I finish this Heineken\nI gotta go get my nine again\n(It got a body on it from a party don't it?)\nYeah I been tryin' to slang it, but don't nobody want it\nThey can't help you with band-aids, we comin' with grenades\nYou ain't seen this many niggas in your life with diamonds and braids\nI'm from the home where they get sprayed and gang related raids\nFuck y'all, that start bangin' after \"Colors\" was made\nLet's C-walk to that, and never give me no hassle\nCause I come from one of the worst cottage in Paso\n\nChorus\n\n[Tray Deee]\nIt ain't no mystery you dissin' me you dissin' my clique\nAnd ain't no question we come steppin' straight to get in your shit\nSo why you actin' like a bitch? Puttin' your business on wax\nWhen we could scrap or slap a clip, if you wanted to crack\nSee in the pen we got a name for niggas runnin' they yap\nSale soldiers, roll 'em up with somethin' up in they back\nHandles ours, battle scars, Shackles, guards and all\nAnd we the last niggas standin' once they start to fall\nMake the call, or fuck it, just kick off the brawl\nCuz I'm ridin' with my doggs, win, lose, or draw\nDogg pound insane, neighborhood twenty gangin' it\nAnd every gangsta that I hang with down to bang\nFull time pull mines and I gots to bust\nFuck a pass, when I mash, anybody get touched\nSo make my name taste just like a dick in your mouth\nAnd watch the way you on my nuts when you spittin' it out\nDogghouse\n\nRepeat Bridge\n\nChorus 1/4X\n\n[Sylk E. Fine]\nYou got a muthafuckin' problem with my niggas then you got one with me\nIt's the S to the Y, the L, just drop three keys\nAs I flee, to the homie L. T. 's, to make the magic\nIt's those that talk, and those that make shit happen\nSo what'cha say? You wanna spit? You got beef?\nD. P serve the heat, straight to the street\nHoney west, I make the mission complete\nTherefore them bitches who talk that shit\nBe them bitches that's gettin' they ass beat\n\n[Snoop Dogg]\nNow don't come round here fuckin' with us\nCuz on the real homeboy, we'll be fuckin' you up\nAnd to you bitches who be thinking y'all could slide by\nWith that punk shit, bitch, biddity bye bye\nI fuck a bitch up faster than I do a nigga\nSee to me, most bitches is women but bitch you'z a nigga\nWe got rules and codes, G's and hoes\nFriends and foes, ride or get rode on\n\nChorus 1/4x)\n\n[Snoop Dogg]\nNigga, nigga, bitch", "image": "https://images.genius.com/8c99dd335733f9c3cf16f57c9f589cfb.361x361x1.jpg"}], "artist": "Snoop Dogg"}