{"songs": [{"title": "Drop it Like it's Hot Remix", "album": "Boss'n Up", "year": "2005-01-25", "lyrics": "[Hook: Pharell]\nSpin around, ma\nDrop, drop, like it's hot\nDrop, drop, like it's hot\nSpending money mang\nDrop, drop, like it's hot\nDrop, drop, like it's hot\nSpin around, ma\nDrop, drop, like it's hot\nDrop, drop, like it's hot\nI got the rollie on my arm\nAnd I'm pouring Chandon\nAnd I roll the best weed\n'Cause I got it going on\n\n[Verse 1: Pharrell]\nNo steroids can make you hit what I'm pitching\nChef boy-ar-P is back in the kitchen\nYou niggas is scratching, my niggas is itchin'\nDon't keep \"Pacin\" but these dudes blow they \"Pistons\"\nYes, nigga, P stands for polish\nNone of y'all is fucking with he, and this is obvious\nI'm Ron Artest, laying down to your garbage\nWhile my niggas in the street pushing shit like Ben Wallace\nAnd any ya'll could get it, even fans in the stands\nThese guns is a sun, you'll catch a tan with ya man\nI'm no cheeto, trust this is real/rio\nEverything is grande nothing is poquito\nSecurity's behind me, with the torpedo\nCause the wrist stay frigid\nHow you say it? Frio\nOr where I'm from, in Virgina, we say ch-ill\nAnd the Enzo's a quarter-million for each whe-el\n\n[Hook]\n\n[Verse 2: Jay Z]\nI got haters on my jizzock, plus the freaking cizzops\nAll of whom want to hit me with shizzots til I drizzop\nThank God for hip hop, or I'd be in the bizzox, uh\nJail or casket, either way you rizzot\nBut now I'm so fresh you could smell me through a Ziploc\nMr. S Dizzot, it's not gon' stizzop\nToo much pizzazz for these piss-ass niggas to get past\nToo cool for cizzops to cuff his iz-ass\nSnitch as they may, they can't get the boy\nThese niggas giving out cases like a liquor store\nRunnin' to the DA tryin' to get me for\nAll the money it made, I'm like forget the law\nI'm not 'frizzaid, it's Jizzay, homie, you got plizzayed\nTake it like a man, the flow ran you off the stizz-age (go sit down)\nWastin' ya time tryin' to sue S Dot\nTell ya lawyer \"Take that civil case and drop it like it's hot\"\n\n[Hook]\n\n[Verse 3: Snoop Dogg]\n(Worldwide)\nInternational, nah I'm universal\n'But you a gangsta, how you get to do commercials?'\nWith them big wigs, 'Yeah, cuh, you do it big'\nI stay real, stay sharp, and tell it like it is\nI never fake the funk, niggas know I ain't no punk\nThey want beef? 'Yeah, cuh,' pop the trunk\nWe go all the way, we do it life-size\nNow my life right, 'cause my wife on my right side\nYeah, and she protecting my interest\nNow I'm on the move, they got me hoppin' these fences\nAy little homie, your defense is defenseless\nA pimp apprentice, hey, come here princess\n(Come here, come here)\nI know ya tired of the chit-chatter\nIt really don't matter, it's like a seesaw platter\nI check money, check niggas, check bitches\nNow drop it like your ass on switches (Ziip)\n\n[Hook]", "image": "https://images.rapgenius.com/a27299c554989590e888f453d4af7ff7.220x300x1.jpg"}], "artist": "Snoop Dogg"}