{"songs": [{"title": "Lay Low", "album": "Tha Last Meal", "year": "2000-12-19", "lyrics": "[Intro: Snoop Dogg]\nYo what's Crip-a-lat'n, this big Snoop Dogg\nLeave your name and your number at the motherfucking beep\nIf this one of my hoes, two-way me\n\n[Dr. Dre]\nAy ay Snoop whattup, this your nigga Dre\nAy man I was thinking I ain't said shit on your whole motherfucking album\nSo check it out, put this on there:\nAll you motherfucking haters out there, can suck my motherfucking dick!\nAnd we still smoking, what?!\n\n[Hook: Nate Dogg]\nFor the nigga who be talking loud and holding his dick, talking shit\nHe better lay low\nFor the bitch that said I shot some shit up out of my dick, now she sick\nShe better lay low\nFor the niggas who be claiming my hood\nAnd really ain't from my gang, better lay low\nI hope he don't be thinking I'm just talking\nAnd I won't do a thing, really hope so\n\n[Snoop Dogg]\nLay low, nobody move until I say so\nLimo tint rolling deep like the President\nSee I don't go to clubs, I never chase a bitch\nI'm here to bang that gangsta shit to the apocalypse\nWe call it stress, some of y'all call it chocolate\nReturn of the Top Dogg, and ain't no stopping this\nWhatever the case, I ain't trying to catch it\nLay low, blow big dope, and slang records\nUnseen but well heard, do not disturb\nThe only reason you alive cause I ain't sent the word\nI flip, faster than birds, Snoop Dogg will emerge\nFrom the smoke and go loc, you shouldn't provoke\nI bring the worst from the L.B.C\nSmash motherfuckers thinking they gonna smash on me\nSnoop and Dre give a fuck about what y'all say\nFrom the World's Most Dangerous Group, N.W.A\n\n[Butch Cassidy]\nOur rise, it was no surprise\nI always knew these fools would trip\nHating, faking, scheming on mine\nAnd on the down low talkin shit\nBest move cause I refuse to lose\nNo matter which damn road I choose\nSo lay low cause you might be bruised\nTop story on the evening news\nI ain't for games, so if you wanna play 'em lay low\nLay down on the floor\nI'm in a rage, so if we gotta do this let me know\nThat's what I came fo'\n\n[Goldie Loc]\nWhere that nigga who be talking shit\nHe don't come around no more because I fucked his bitch\nI made her suck my dick, while I was squeezing the tits\nThen I hit it from the back, gripped tight on them hips\nShe tried to make me cum, but I was trying to take her home\nDropped her off and seen you fishing on your raggedy Brougham\nCoulda thumped you in your dome (you little fag)\nAnd don't sag too hard, you show everybody your thong\n\n[Tray Deee]\nBooyaka booyaka, we bring it straight to ya\nFrom 22's to Luger's the shit that shoot through ya\nWho you motherfuckers think the Top Dogg bang with\nThe same clique he came with and made the game flip\nNow niggas grow they hair, hold they stare and act hard\nThat's even tho' your CEO talk shit get slapped hard\nThe backyard is where we get our scrap on\nThe black car drive by then you get capped on\n\n[Master P]\nWhassup pimping, it's P and Snoop\nWith Dre on the beat, this ain't nothing but loot\nThey call me Jed Clampett for all the bread I got\nBut they call me Bill Clinton for all the head I got\nI keeps it realer, cause I'm all about my scrilla\nThe ladies love me cause I'm a million dolla hitta\nIt's, No Limit til I D-I-E\nC-P-3, or Richmond, Cali's where I be\n\n[Hook: Nate Dogg]\nFor the nigga who be talking loud and holding his dick, talking shit\nHe better lay low\nFor the bitch that said I shot some shit up out of my dick, now she sick\nShe better lay low\nFor the niggas who be claiming my hood\nAnd really ain't from my gang, better lay low\nI hope he don't be thinking I'm just talking\nAnd I won't do a thing, really hope so", "image": "https://images.rapgenius.com/274a653791a916906be9737a9654fe2c.220x219x1.jpg"}], "artist": "Snoop Dogg"}