{"songs": [{"title": "Intro", "album": "Tha Doggfather", "year": "1996-11-12", "lyrics": "[News Samples]\nHe could be the most successful rap star in America. His first album sold four million copies. But lately, Snoop Doggy Dogg has been spending more time at the criminal courts building than in the recording studio...\n\nThere has been no shortage of controversy for rapper Snoop Doggy Dogg...\n\nNews followers called Tha Dogg Pound to say, they're trying to present a positive image in negative times...\n\nMeantime, prosecutors say, indeed so, they are not planning to drop murder charges against rap music star Snoop Doggy Dogg...\n\nProsecutors may have to drop murder charges against Snoop Doggy Dogg...\n\n[Snoop Doggy Dogg]\nYea\nThis is dedicated to the niggas who said gangsta rap was dead\nFuck y'all", "image": "https://images.genius.com/ecb7c80ab44a68c9d33f60b5fccd0a70.1000x1000x1.jpg"}], "artist": "Snoop Dogg"}