{"songs": [{"title": "Changed", "album": "Bible of Love", "year": "2018-03-16", "lyrics": "[Verse 1: Jazze Pha]\nPhizzle Phizzle Phizzle\n(Ladies and gentlemen!)\nCame in the door like whoa\nPull up\nCan't even see no more (no more, no more)\nSomebody pull the wool up\nSurround myself with loved ones\nLater for them haters\nAnd now I'm going up y'all\nOn a escalator\n\n[Isaac Carree]\nY'all may think I'm acting brand new\nY'all need to hold up\nI'm just tryna give you something new\nI'm a different fella\nY'all keep holding me to what I used to do\nStop being judgmental\nHad to make space between us\nStepping out the middle\n\n[Chorus]\nI've changed\nWas different when you found me\nChanged everything around me\nNow you're looking at a different me\nChanged\nDown for so long\nDown for so long\nBut now I'm way up, way up\n\nI've changed\nWas different when you found me (so different)\nChanged everything around me (yeah, yeah)\nNow you're looking at a different me\nI'm not the same (I,I,I)\nDown for so long\nDown for so long\nBut now I'm way up, way up\n\n[Verse 2: Isaac]\nTried to do it my way\n(That ain't work, that ain't work)\nExcuses every Sunday\n(That ain't work, that ain't work)\nTurning up every weekend\n(That ain't work, that ain't work)\nHanging with the wrong friends\n(That ain't work, that ain't work)\n(Jazze Phizzle)\n\n[Jazze]\nGet on up out ya feelings\nCome get down with the realest\nI hear a train a'comin'\nAnd you don't even need a ticket\n\n[Both]\nYou can't accuse me of nothin\nSome people say that I did it\nI've been acquitted\nPut your hands up if you feel me\nI represent it\nY'all know my praise is relentless\n\n[Chorus]\n\n[Bridge: Isaac]\nCoulda sworn that I was having the time of my life\nI was turning up\nI was turning up (Turn it! Turn it! Turn it!)\nHad to turn it all around\nTurn my wrongs into rights\nHad to give it up\nHad to give it up\n\n[Chorus]\n\n[Outro: Jazze Pha]\n\nLadies and gentlemen\nYou are now tuned in\n(Phizzle Phizzle Phizzle Phizzle Phizzle Phizzle)\nTo the very best (to the very best)\nBlack Elvis\nPhenzel\nIke, wassup dawg?!\nAyy!\n(I changed but I ain't switching up!)\nHey! Got the praise going up!", "image": "https://images.genius.com/c9dee508f81bde784b713142dc6009e9.600x600x1.jpg"}], "artist": "Snoop Dogg"}