{"songs": [{"title": "Let the K Spray", "album": "That's My Work Vol. 2", "year": "2013-10-28", "lyrics": "[Verse 1: Snoop Dogg]\nThe king never slept on\nChrome on the wheel gang bangin get crushed on\nAny way you see it believe it nigga I rep on\nSnoop D-O-dub on dubs you get stepped on\nI see you lookin' homie, what you gon' do?\nTwenty niggas wit my they straped and they on E\nTwenty killas with me they clappin' them on you\nIts the Dogg rat-a-tat i splat it at your whole crew\nWho knew I be runnin' you suckas since nine duece\nMotherfuckers its nothin' since I was the true blue\nI do it cause I can what fuck you gon' do?\n\n[Hook 2: Snoop]\nYou and you and you and you\nLike you and you and you and you\n\n[Verse 2: Snoop]\nHit the floor its the top dogg\nI made my mark ain't a thang to the brain with this zone on I spark\nLike tic tic toc, boom boom shot\nThe bitches outta pocket Imma click click pa pa\nHoes got your wallet, niggas lookin' at your drop\nBut I wish a nigga would, you could die on the spot\n\n[Bridge]\nSee I got what it takes to make it erase ya\nThe game can't save ya, naw I'm talkin' bout\n\n[Hook x2]\nYou and you and you and you\nLike you and you and you and you\n\n[Verse 3 Snoop]\nI'm a fiend for the cheddar\nCan't stop the livin the pimpin its gon getta\nNiggas wanna bang I bangin that bowlretta Long Beach\nNiggas know what it is Im out to get ya\nThe game gon pull it shots gon fly man I put that on a bullet\nGangsters what you want, thats what you get how could he?\nGet outta hand when I control the streets while would he\nI do it like I does, scary niggas trippin they doin' it like cuz\nMy hearts in the streets you keep talkin' I go nuts\nSnoop D-O-Double G Y it's so dub\nSo keep your mouth closed youngin'\nPistols get the dumpin', bullets bigger than tongue in\nEast side up, East siders who gon' stop me?\nI wish a nigga would you could die on spot see\n\n[Bridge]\n\n[Hook 2]\n\n[Verse 4: Snoop Dogg]\nLook at they face all crooked\nMad, cause I took the word and shook it\nNiggas want beef but can't cook it\nPut it down I ain't ask for the crown nigga I took it\nI make this shit look easy\nI'm international, the whole world needs me\nThe 357 is so beefy, I lay a nigga down thinkin' its all cheesy\n[Break]\nHK, better yet I pull the AK\nGuns come out they cause may lay\nThink your safe, no way\nI got em pointed at you\n\n[Hook x2]", "image": "https://images.genius.com/46b2706e09558ef97fa25e88b3d002ec.500x500x1.jpg"}], "artist": "Snoop Dogg"}