{"songs": [{"title": "Pain", "album": "Bible of Love", "year": null, "lyrics": "[Snoop Dogg]\nA lotta times\nYou see performing for thousands of people\nFilling their hearts with love and joy\nNot knowing that I'm going through so much pain\nBut God knows...everything!\nAnd I mean everything that I'm going through\n\n[Chorus: B.Slade]\nPain\nPain\nGod knows about your pain\nPain\nPain\nGod knows about your pain\n\n[Verse 1]\nFeeling so alone...and deserted\nPeople standing all around you\nYou walk around (hey)\nWith a fake smile on your face\nCuz you don't nobody to know what you're going through (nooo)\nBut your weeping may endure for a night\nBut your joy is coming in the....morning\nBut you weeping may endure for a night\nBut your joy is coming (ohhhh)\n\n[Chorus]\nPain\nPain\nGod knows about your pain (Ohhhh)\nPain\nPain\nGod knows all about your pain\n\n[Verse 2]\nFeeling so alone...and deserted\nPeople stand all around you\nWalk around\nHead up with foolish pride\nCuz you don't want nobody to know what you're going through (ohhhh)\nBut your weeping may endure for a night\nBut your joy is coming in the....morning\nBut your weeping may endure for a night\nBut your joy comes in the morning!\n\nComes in the morning\nMorning\n(Oh yeah)\nIt comes in the morning\n[?]\n[?]\n[?]cause it holds me fast\nClouds in the sky, hurrying by\nI know it's alright, Jesus is mine\n\nJoy comes in the, joy comes in the\nJoy comes in the morning time\nJoy!\nJoy!\nJoy comes in the\n\nJoy comes in the morning\nBreak it down one more time for me\n\nBut your weeping may endure for a night\nBut your joy...comes in the morning", "image": "https://images.genius.com/c9dee508f81bde784b713142dc6009e9.600x600x1.jpg"}], "artist": "Snoop Dogg"}