{"songs": [{"title": "Whatcha Gon Do?", "album": "Da Game is to be Sold, Not to be Told", "year": "1998-08-04", "lyrics": "[Intro: Master P & (Snoop Dogg)]\nYo Snoop nigga (What's happenin?)\nI think I just seen the dog catcher around\n(Nigga what?) It go a little somethin like this here\n(Like this, woof woof) Like this here, ya heard me?\n\n[Chorus: Master P]\nWatcha gon' do when we come for you\nIf you a dog you better not run (Uhhhhh!)\nWatcha gon' do when we come for you\nIf you a dog you better not run (Uhhhhh!)\n\n[Verse 1: Snoop Dogg]\nSee I'm tired of being broke, I like to smoke\nI love the west coast but I need a vacation bro\nI took me a ride down south\nI see the dog into bigger and better thing yall know what I'm talki' 'bout\nThe game is to be sold, not to be told\nI'm a No Limit soldier and I'm off parole\nNigga, let's put the pieces to the puzzle\nNow, every nigga that you hate would hate your cousin or your brother\nNigga, let's keep it real\nKeep your eyes on your enemies cause some niggas kill\nAnd the bitches, they'll break ya\nKeep your dick in your pants nigga, cause they'll play ya\nKeep your dogs in the house\nTrill niggas from the street (woof woof) know what I'm talkin' 'bout\nNever bite the hand that feeds you\nCause you never know when your dog might need you\n\n[Chorus: Master P]\nWatcha gon' do when we come for you\nIf you a dog you better not run (Uhhhhh!)\nWatcha gon' do when we come for you\nIf you a dog you better not run (Uhhhhh!)\n\n[Verse 2: Snoop Dogg]\nWent from halves to wholes, from wood to marble floors\nFuckin with hoodrats to top notch hoes\nIn my Rolls with the sunroof top\nI told you hoes that Snoop Dogg won't stop\nTick tock, we got shit locked (say what)\nGoddamn it feel good to be sittin on top\nSo let's toast to the gin and juice and champagne\nWelcome to my world and Snoop is the name\nNigga, and pass me the green sticky\nWe only fuckin with the real nigga, you ain't gotta lie to kick it\nCause we ain't picky if you lick it\nOr stick it, girl is you down with this quicky\nI gotta show to do in Europe and one in Japan\nSo when you see me on stage Snoop Dogg is the name\nNigga, yeah, that's real, huh\nWhatch yall gonna do when we come for you\n\n[Chorus: Master P]\nWatcha gon' do when we come for you\nIf you a dog you better not run (Uhhhhh!)\nWatcha gon' do when we come for you\nIf you a dog you better not run (Uhhhhh!)", "image": "https://images.genius.com/cc7312525ce26f443efc158446aeedc3.1000x1000x1.jpg"}], "artist": "Snoop Dogg"}