{"songs": [{"title": "Good Foot", "album": "Make America Crip Again - EP", "year": "2017-10-27", "lyrics": "[Intro: Kid Capri]\nLadies and gentleman, welcome to the area. This is another east coast, west coast event. My name is the Kid Capri. I got my man right here, we slappin' vibe and shit. You know who I'm talking about! Snoop Dogg, Snoop Dogg, Snoop Dogg!!\n\n[Verse 1: Snoop Dogg]\nI'm feeling the dough, and now I'm feeling the real\nStunning with the stunner, man, I'm one in a mil\nHold on to my hands while we walk up this hill\nThere's a mountain and a fountain but the waters are still\nWalk in the light but I'm changing drill\nMe and my homies gangbang on the field\nTake a knee, make a G, follow protocol\nCan't you see us kick, Capri?\nBack with the Wonder Dog\nNot the underdog, can't you understand?\nPlease believe me, I'm with Stevie\nMental wonderland\nOr maybe Michael Jackson\nPure satisfaction\nRest in pussy, Hugh Hef\nPlayboy Mansion\nBeen a foe, mental fold\nSplit the difference punk bitch\nYou on a centerfold\nOne is soul, never told, forever G\nC'est la vie, that's me\n\n[Hook: Snoop Dogg]\nTell me what you got for me\nI'm getting on the good foot\nAnd see I'm only here to rock wit ya\nThey tell me that's a good look\nSee, I'ma keep doing me, 'cause that's all I know\nSo knick-knack, paddy-wack, Kid Capri and Snoop is back\nWe do it just it just like this that back (back)\n\n[Verse 2: Snoop Dogg]\nThey tried to run a game on a nigga\nWord to P.E, shame on a nigga\nI never paid attention\nDid I forget to mention\nI started up cooking up the cavi in the kitchen\nThen I graduated, matter of fact I made it\nReinstated but still kept it gang related\nI traveled the globe, private jets, and Versace robes\nPenthouse suites, what about phony hoes?\nTanqueray glasses, smoke fills the air\nAnd hoes with fat asses playing truth or dare\nNo bizaar, what a lovely pair\nAnd they all came here just to fuck wit a player\nAnytime I wanna jam, shit I'm runnin' through these hoes\nLike a pack at the Coliseum\nMarcus Allen, Bo Jackson, and Bo Diddley\nIf you know like I know, you come and fuck wit me, fo' real\n\n[Hook: Snoop Dogg]\nTell me what you got for me\nI'm getting on the good foot\nAnd see I'm only here to rock wit ya\nThey tell me that's a good look\nSee, I'ma keep doing me, 'cause that's all I know\nSo knick-knack, paddy-wack, Kid Capri and Snoop is back\nWe do it just it just like this that back (back)\n\n[Outro: Kid Capri]\nAnd that's just how the story goes\nAnother Kid Capri slapper\nSnoop Dogg\nWorldwide\nGood foot, on a good foot\nSnoop, we did it again, playboy\nOut", "image": "https://images.genius.com/922ec31d9fecb22a0842e9ee65d6ee7c.637x637x1.jpg"}], "artist": "Snoop Dogg"}