{"songs": [{"title": "Staxxx in My Jeans", "album": "Ego Trippin'", "year": "2008-03-07", "lyrics": "[Hook]\nStacks in my jeans, Phantom up in my garage\nStacks in my jeans, Phantom up in my garage\nMy pockets look like Rerun, your pockets look like Raj\nStacks in my jeans, Phantom up in my garage\n(I got) Stacks in my jeans, Phantom up in my garage\n(I got) Stacks in my jeans, Phantom up in my garage\nMy pockets look like Rerun, your pockets look like Raj\n\n[Snoop Dogg]\nIt's the same story, a nigga rich\nI'm on some nigga shit, and yo' nigga bitch\nYou better check him, tell him I'm off the chain\nI buck and bang, homie that's on the gang\nOh I ain't got a problem, you see me gettin' stacks\nYou see I bought the Phantom, 24's don't come with that\nI've been around the world, check grip in every state\nYo' bitch don't like me, she fake, some people might call it hate\nBut I don't give a damn, a bosses life is how I make that bread\nToss the mic and I'll still be richer than rich and have yo' bitch make my bed\nMy pockets fat as shit, you niggas mad as shit\nPumps \"Neither One of Us\", I'm on some Gladys shit\nMany have tried and failed, shit I'm out on bail\nI make more cheese than your old man and he went to Yale\nShit I went to jail, you can go to hell\nYou got some shit to tell? I got some shit for sale\n\n[Hook]\n(I got) Stacks in my jeans, Phantom up in my garage\n(I got) Stacks in my jeans, Phantom up in my garage\n(I got) Stacks in my jeans, Phantom up in my garage\nMy pockets look like Rerun, your pockets look like Raj\n\n[Snoop Dogg]\nCandypaint drippin', look at all them bags\nHad to show and brag, cause bein' broke's a drag\nI gotta get this paper, my kids they gotta eat\nWe got a lot of heat, just case them dollars cease\nBeen out for ballin', shot callin' I make that change\nAnd I don't want the Range, chop that trey on thangs\nThat's how them gangstas do it, we get our green in bricks\nWe put our green in blunts, you spend your green on chicks\nI'm on some player shit, dynasty, straight Laker shit\nCook it up on some baker shit and chop it up for some paper bitch\nI got my mind right, and my money right\nIf you ain't in the game for the money you the funny type\nAnd I'm laughin' my ass off, Phantom with the mask off\nLegal so they hatin' when I gas off\nYou know how Snoopy does it, Phantom don't bitch touch it\nOne hundred thousand a show, I'm gettin' doe like fuck it\n\n[Hook]\n(I got) Stacks in my jeans, Phantom up in my garage\n(I got) Stacks in my jeans, Phantom up in my garage\n(I got) Stacks in my jeans, Phantom up in my garage\nMy pockets look like Rerun, your pockets look like Raj\n\n[Snoop Dogg]\nLook how that flag hangin', gangbang and I ain't no punk\nMaintain 'til that thang come out the trunk, make that K go pump-pump-pump\nI'm bout my business boy, makin' money never been so smooth\nYour bitch you 'bout to lose, cause she about to choose\nAnd that's the way it goes, S-N double-One\nYou want that quiet type, I want that trouble ho\nNow go get paper girl, yeah I meant for real\nOne time I told a bitch not to come back 'til she got $2,000 in $2 bills\nThat's cold game, the whole thang\nI'm high as Soul Plane, I smoked the whole thang\nYou know how daddy do it, I'm true to it\nI take a cocaine Buick and put some blue to it\nThat's some gangsta shit, these hoes love this gangsta dick\nKhakis and some gangsta kicks, yeah bitch that's my gangsta fit\nI'm ballin' boy, and you ain't got to ask\nShe all about this pimpin', I'm all about this cash\n\n[Hook]\n(I got) Stacks in my jeans, Phantom up in my garage\n(I got) Stacks in my jeans, Phantom up in my garage\n(I got) Stacks in my jeans, Phantom up in my garage\nMy pockets look like Rerun, your pockets look like Raj\n(I got... I got... I got... I got)\nMy pockets look like Rerun, your pockets look like Raj", "image": "https://images.genius.com/fd5ace5214e5da1f374653720da7d1c1.1000x1000x1.jpg"}], "artist": "Snoop Dogg"}