{"songs": [{"title": "Dogg Collar", "album": "The Chronic Re-Lit & From The Vault", "year": null, "lyrics": "[Chorus]\nAnything you wear\nWe don't even care\nIf you come to represent the dog, then you say Yeah (Yeah)\nAll you need is your dog collar! (With Diamonds on it baby)\nAnything you wear\nWe don't even care\nIf you come to represent the dog, then you say Yeah (Yeah)\nAll you need is your dog collar! (With Diamonds on it baby)\n\n[Snoop Dogg]\nIt's not a problem That I can't fix\nCause I can do it in the mix\nIt's not a problem That I can't fix\nCause I can do it in the mix\n\n[Verse One: Snoop Dogg]\nSo Mystical, Magical\nIt's not a lamp, it's a collar\nAnd it's gauranteed to get you dollars\nMake 'em wanna holla in this hole like an impala\nIt's Snoop Dogg and you know i'm top dolla\nGroovin', and Movin', Provin' once again\nComing on through, cause Yes I gots to win\nI can't lose, I booze and cruise\nKeep it all in the ooze\nAnd leave 'em all confused\nThey losers like that\n\n[Verse Two: Bad Azz]\nLife is hard as a brick or turn\nThrough the stress, and the struggle\nBut you gotta be strong\nHave muscle, hustle, hard as you can I am\nCause I be damned if I'm broke, starving, living outta can\nMan I live my life like Puff-a-little\nGet right through\nMy mind focused on my money\nSo my shit's tight\nBest believe that's right\nAnd if I'm wrong, then the beach that I'm from ain't row\nBut it's strong, and you can see\nEven if you ain't starin'\nYou weak, You can't rap, There ain't no comparin'\nEast Side's Greatest outlaws\nNo flaws, No slips, Pump your breaks, Hit the Disc\nGet the chips, Yeah\nThe new hundred look funny\nBut this paper ain't no dope\nIt'll still get you smoked\nIt's the dope\nThat a make a nigga weak and fall asleep\nAnd can't cope with life on the streets\n\n[Verse 3: Snoop Dogg]\nAnd that's for real\nSo bow down to the Bow wow cause he coming back with a new style\nAnd it'll make you holla\nThe top dollar\nAnd all you need is your dog collar\n\n[Chorus]\nAnything you wear\nWe don't even care\nIf you come to represent the dog, then you say Yeah (Yeah)\nAll you need is your dog collar! (With Diamonds on it baby)\nAnything you wear\nWe don't even care\nIf you come to represent the dog, then you say Yeah (Yeah)\nAll you need is your dog collar! (With Diamonds on it baby)\n\n[Snoop Dogg]\nIt's not a problem that I can't fix\nCause I can do it in the mix\n\n[Verse 4: Snoop Dogg]\nNow, I see what you see\nBut you probably don't believe\nWhat I believe, You got a trick up your sleeve\nAin't too much, just to hot to rush\nSit back, relax, and let me go ahead and buzz it up\nImma get into it, Cuz you know I can\nAnd imma hit with you the hellified masterplan\nIntelligence, Elegance\nAnd what you wear is irrelevant\nSo please, don't feel hesistant\nCause you know the dogg collar is president, in his resident\nAnd the message is\nNo money, drink, no weed, all you need\nIs this prestige, collar\nThat'll make ya grandma wanna holla\nDiamonds in the bank, like an impala\nAnd I wouldn't trade mine for a million dollars\n\n[Chorus]\nAnything you wear\nWe don't even care\nIf you come to represent the dog, then you say Yeah (Yeah)\nAll you need is your dog collar! (With Diamonds on it baby)\nAnything you wear\nWe don't even care\nIf you come to represent the dog, then you say Yeah (Yeah)\nAll you need is your dog collar! (With Diamonds on it baby)\n\n\n[Snoop Dogg]\nIt's not a problem That I can't fix\nCause I can do in the mix\nIt's not a problem That I can't fix\nCause I can do in the mix\n\n[Outro]\nEveryone will see\nThat you're down with me\nWe'll have lots of fun together\nYou just wait and see\nAll you need in your dogg collar! (With Diamonds on it baby)\nEveryone will see\nThat you're down with me\nWe'll have lots of fun together\nYou just wait and see\nAll you need in your dogg collar! (With Diamonds on it baby)\n\nIt's the doggy style\nHow we doin' this\nHow we doin' this\n\nIt's the doggy style\nHow we doin' this\nHow we doin' this\nHow we doin' this\nHow we doin' this\n\nIt's the doggy style\nHow we doin' this\nHow we doin' this\nHow we doin' this\nHow we doin' this\n\nIt's the doggy style\nHow we doin' this\nHow we doin' this\nHow we doin' this\nHow we doin' this", "image": "https://images.genius.com/87d5eddfc11924051092273412b7c06d.399x399x1.jpg"}], "artist": "Snoop Dogg"}