{"songs": [{"title": "LBC And The ING", "album": null, "year": null, "lyrics": "Featuring Snoop Dogg\n\n[Snoop Dogg talking]\n\nHahaha yeah\n\nYou're about to witness something you never thought you'd witness\n\nBefore\n\nCheck this out\n\n[Snoop Dogg]\n\nWelcome to the house the D O double G built\n\nWe got honey cream silk and milk\n\nWe make that big bank and keep that big shank\n\nJust in case we get slapped into the home we take\n\nNigga don't think Dogg slips at all\n\nI make chips for crips and the beat dogs\n\nTrue niggas, do niggas, hey you niggas\n\nCan't get with us 'cause we rip shit up\n\nIt's Mack Dime, and D-O dub\n\nHere's a toast to the most, westcoast love\n\nFo sho though, I let you know from the get go\n\nPullin on my endo, rollin through the Wood with my kin dog\n\n[Mack 10]\n\nNot De La Soul, but fresh on parole\n\nNow it's all about the hustle with the pebbles on swole\n\nI'm know to the peoples as the Inglewood swanger\n\nBeen rollin gold Danas since a BG banger\n\nIt's a dog eat dog world in the city that I'm claimin\n\nAnd niggas say we bangin 'cause our colors be flamin\n\nBut I'd rather push crack, let the bank roll stack\n\nI show Snoop how to whoop and then I front him a sack\n\n[Snoop Dogg]\n\nNigga better blue tennis shoes tidy, with our body\n\nAs I fall into the Mack 10 listenin party\n\nGot greeted by some niggas who I never knew\n\nCold thing about it is that the niggas kept it true\n\nInglewood family is what they claim to bang\n\nStreet Rue and Maddog, I think that was his name\n\nBut anyway, what can I say?\n\nOh by the way, it's anybody 'kay?\n\nSo when you in LA, or nigga round my way\n\nGive me a holler on the 310 or 213, yeah\n\n[Hook:] X 3\nLong Beach, with the ING\n\n[Mack 10]\n\nI'm makin green in the rap scene from coast to coast\n\nAnd rollin three wheel motion from the woods to the ocean\n\nSee Snoop and Tray Dee in the LBC\n\nAnd wasn't nobody trippin, just cool as can be\n\nNo harm up in (?) so the hatas got bigger\n\nBut they figure platinum niggas keep a gold plated trigger\n\nAnd that's fo sho though, you know how it go\n\nJump in the low low and bang with the homies, fuck a hoe\n\nSo keep away crack and leave your bullet proof vest\n\nDogg there ain't no need for that, we headed west to the QS\n\nGame recognize game, and it always should\n\nIt's all good and you niggas got a passion, Inglewood\n\nWhoever trip get caught up in the middle like Monie\n\nThat's on the one and only I keep the big homies for the phonies\n\nSo let it be known, from my hood to your town\n\nThat connect game niggas is straight down with the Pound\n\n[Snoop Dogg]\n\nNow all my peoples in the LBC pull up a chair and have a dime bag on me\n\nSee we be DPGin this, we in this thang to make hits and bump a\n\nBitch and maintain\n\n'cause the more better you get, the more cheddar you get\n\nThe more shit you talk, the more wet up you get\n\nSee, I found out quick, don't say shit\n\nJust take care of yours, and handle it quick\n\nYeah, it don't stop for Biggie or 2Pac\n\nNiggas been gettin shot on my block\n\nBut we got to make a change and the thang is this\n\nI keep my heater by my seater just in case y'all twist\n\nBut I wish upon a star\n\nTo stay down with Mack Dime, pushin caviar\n\nThe real recognize the real, I'll kill for that nigga\n\nING DPG, deal with it nigga, for real\n\n[Hook] X 2\n[Snoop Dogg]\n\nThey live on the streets, and they hustle for fame\n\nSome claim twenty crip but most claim insane\n\nSee it's not a lifestyle, it's a full time job\n\nAnd if you live in Long Beach, it's like a macabre\n\nFrom blunt to blunt, everybody's bad\n\nAnd if you don't know where you at you better tuck in your rag\n\nPush heat on the street, with Chuck D's on his feet\n\nMakin money slangin tapes up out the Compton swap meet\n\n[Mack 10]\n\nUp jumps the boogie some niggas gang bang\n\nSo keep a big steel if it's a real G Thang\n\nBut I kick back, relax, count hundreds by the stacks\n\nAnd keep the yay on the stove till the whole key cracks\n\nAin't a busta in the crew, so I'm callin all hogs\n\nIt's connect gang rollin with the Pound and Snoop Dogg\n\nAnd everythang all gravy like it's 'posed to be\n\nIt's Long Beach with the Ingle dub O-O-D city\n\n[Hook] (till fade)", "image": "https://images.genius.com/8c99dd335733f9c3cf16f57c9f589cfb.361x361x1.jpg"}], "artist": "Snoop Dogg"}