{"songs": [{"title": "Who Am I (What's My Name)?", "album": "Doggystyle", "year": "1993-10-30", "lyrics": "[Intro]\nEeeyiyiyiyiyahtheDoggPound'sinthehou-owwse (the bomb)\nEeeyiyiyiyiyeahtheDoggPound'sinthehou-oww-owse\nSnoop Doggy, Do-owww-ohhhh-oggg (the bomb)\nSnoop Doggy, Do-owww-ohhhh-oggg (Dog)\n\n[Verse 1: Snoop Dogg & Dr. Dre]\nFrom the depths of the sea, back to the block\nSnoop Doggy Dogg, funky as the, the, The D.O.C\nWent solo on that ass, but it's still the same\nLong Beach is the spot where I serve my 'caine\nFollow me, follow me, follow me, follow me, but don't lose your grip\nNine-trizzay's the yizzear for me to fuck up shit\nSo I ain't holdin nuttin' back\nAnd motherfucker, I got five on that twenty sack\nIt's like that and as a matter of fact (rat-tat-tat-tat)\n'Cause I never hesitate to put a nigga on his back\nYeah, so peep out the manuscript\nYou see that it's a must we drop gangsta shit\nWhat's my motherfuckin name?\n\n[Hook]\nSnoop Doggy Dogg\nSnoop Doggy Dogg (the bomb)\nDah dah dah dah, hey hey hey hey hey hey hey, dah dah\n\n[Verse 2: Snoop Dogg]\nIt's the bow to the wow, creepin and crawlin\nYiggy yes y'allin, Snoop Doggy Dogg in\nThe motherfuckin house like everyday\nDroppin shit with my nigga Mr Dr. Dre\nLike I said, niggas can't FUCK with this\nAnd niggas can't FUCK with that\nShit that I drop 'cause ya know it don't stop\nMr. One Eight Seven on a motherfuckin cop\nTic toc never the Glock just some nuts and a cock\nRobbin motherfuckers then I kill dem bloodclots\nThen I step through the fog and I creep through the smog\n'Cause I'm Snoop Doggy (who?) Doggy (what?) Doggy [Dogg]\n\n[Hook]\nSnoop Doggy Dogg\nSnoop Doggy Dogg (the bomb)\nBow wow wow yuppie yo yupie ye\nBow wow wow yuppie yo\nBow wow wow yuppie yo yupie ye\nBow wow wow yuppie yo yo yo yo\n\n[Verse 3: Snoop Dogg]\nNow just throw your hands in the motherfuckin air\nAnd wave the motherfuckers like ya just don't care\nYeah roll up the dank, and pour the drank\nAnd watch your step (why?) 'cause Doggy's on the gank\nMy bank roll's on swoll\nMy shit's on hit, legit, now I'm on parole, stroll\nWith the Dogg Pound right behind me\nAnd up in yo bitch, is where ya might find me\nLayin that, playin that G Thang\nShe want the nigga with the biggest nuts, and guess what?\nHe is I, and I am him, slim with the tilted brim\nWhat's my motherfuckin name?\n\n[Outro]\nOh, Snoopy Dogg, Snoopy Dogg, Snoopy Dogg (the bomb)\nYeah yeah (Dog) I know his name\nC'mon Snoopy, c'mon Snoopy (the bomb)\nAnd the Dogg Pound\nSnoopy Dogg (the bomb) Snoopy Dogg\nSnoopy Dogg (Dog)\n(Dog, nasty dog, doggy dog)", "image": "https://images.genius.com/0467f7e927289bdf3a23ab277d61e208.600x600x1.png"}], "artist": "Snoop Dogg"}