{"songs": [{"title": "Kush Ups", "album": "COOLAID", "year": "2016-06-07", "lyrics": "[Hook: Wiz Khalifa]\nMy weed man got the hook up\nRolling up another pound every time you look up\nBig ass joints, them ones that leave you shook up\nSo much weight that now I'm doing kush ups\nKush ups, 'bout to roll a whole book up\nLooking for me, I was at the crib doing kush ups\nKush ups, 'bout to roll a whole book up\nLooking for me, I was at the crib doing\n\nDon't stop!\n\n[Verse 1: Snoop Dogg]\nTae Bo, five, four, three, two, one\nWorking out, chiefing up, creeping up, keeping up\nWith the Joneses, smoke a zone with my pen pals\nIn my neighborhood, flavor's good, roll up, put some papers to it\nStraight into it, gon' make him do it, that thing can do it fo sho\nGet my lift on, while get my spliff on, fo sho\nBreak bad, stay cool, way cool, roll a doob\nOld school, paid my dues, spray these fools, ladies drool\nCause they know what I got\nI got a bag of the Saturday pot\nAnd it'll keep you up from Thursday to Saturday night\nWhat do you like?\nWhen you smoke with the Dogg, you had the time of your life\nNow light... the fatty, jump in my Cadi\nPull your seat back, yup, I know you need that\nLet it flow, set it go, incredible\nThat ain't gold, laying low like 10 to 4, on the floor\n\n[Hook: Wiz Khalifa]\nMy weed man got the hook up\nRolling up another pound every time you look up\nBig ass joints, them ones that leave you shook up\nSo much weight that now I'm doing kush ups\nKush ups, 'bout to roll a whole book up\nLooking for me, I was at the crib doing kush ups\nKush ups, 'bout to roll a whole book up\nLooking for me, I was at the crib doing\nDon't stop!\n\n[Verse 2: Wiz Khalifa]\nDon't even trip\nAin't really gotta use a scale, I could eyeball a zip\nSo much weight you thinkin', \u201cWhy this ain't for sale?\u201d\nWeed in my lungs, weed in my nails\nShe coning joints, I'm rolling weed up myself\nDon't ever get my weed from off the shelf or my clothes\nI heard Polillo 'bout to drop some shit, order those\nPounds, I got more of those, why my eyes sorta low\nNot too many when I roll, more arms than [Goro] though\nBoys hating, I'm just counting up the money I just made\nAnd what I'm making make a nigga make a million dollars later\nSmoking getting high pays\nI like my eyes glazed\nAin't empty out my ashtray in days\nAt my house playing pool in some HUF socks and Joyrich sweats\nI roll a joint, you roll another one next\nCan't even name a nigga colder than\nAin't pay for game that mean you stole it then\nKnow it's the bomb when you hold it in\n\n[Hook: Wiz Khalifa]\nMy weed man got the hook up\nRolling up another pound every time you look up\nBig ass joints, them ones that leave you shook up\nSo much weight that now I'm doin' kush ups\nKush ups, 'bout to roll a whole book up\nLooking for me, I was at the crib doing kush ups\nKush ups, 'bout to roll a whole book up\nLooking for me, I was at the crib doing\nDon't stop!", "image": "https://images.genius.com/802e5102c4986fe59a9cb059eb04e7ab.1000x1000x1.jpg"}], "artist": "Snoop Dogg"}