{"songs": [{"title": "Poor Young Dave", "album": "The Chronic Re-Lit & From The Vault", "year": null, "lyrics": "[Verse 1]\nThere once was a kid by the name of Dave\nWho stayed in the mix and never ever obeyed\nHe paid no attention to the shit that was taught to him\nAlways stay strapped for the shit that was brought to him\nThis nigga was a motherfuckin\u2019 fool\nOnly 13, fuckin\u2019 bitches in high school\nLaid back, his game was trump tight\nHe was chillin\u2019 in the day time, clockin\u2019 at night\nMakes me wanna holla cause the dollar he kept\nAs he grows in his game, going step by step\nTo the status of an Al Capone, Mr. Big 6 in the game of bones\nBut you know what they say. What goes up must come down\nSo just peep what I speak as you focus to the sound\n\n[Hook 1]\nA little bitty nigga by the name of Dave\nWho was known through the hood cuz he misbehaved\nBut when the cavi got plucked it was time to get paid\nSack his shit out in dumps, now he\u2019s on his way\n\n[Verse 2]\nMischievous and devious, that\u2019s how his life was\nPuttin' they swerve down a cavi just to keep the pluck of bud\nSome of the money making motherfuckers from the other side\nWas thinking \u2018bout a jack move tryna hoo ride\nGettin' jealous cuz my nigga got the dope game sewn up\nThem niggas tried to trip, biddy biddy back, they got blown up\nBlown up a lot, you could still get shot\nYou don't never play a motherfucker out for his knot\nRule number 1 pay attention to the shit\nDon't be fuckin\u2019 with them little niggas, they ain\u2019t to be fucked with\nKept getting it on to the break of dawn\nNow he\u2019s known for serving more than I own\nHe\u2019s got a 187 on his motherfuckin\u2019 chest\nA strap in his lap and a bulletproof vest\nLookin\u2019 for the niggas from the night before\nSo he can blast they ass but he don\u2019t know they at his back door\n\n[Hook 2]\nDave on a mission out to set trip\nBut one of his homies is a motherfuckin\u2019 snitch\nSome nigga named Mick from around the way\nThey said we\u2019ll give you 20 G\u2019s if you show us where he stay\n\n[Verse 3]\nA dude named Dave caught up in the drive by\nTears from his mother, watchin\u2019 her son die\nSet trippin, somebody slippin\u2019, bullets zippin\u2019\nDave gone for good, now his moms is flippin\u2019\nNo need for crying nor dying Dave is dead\nPoint blank, he took a 9 slug to the head\nDavey, the wannabe gangsta from the hood\nHe wasn\u2019t that bad and he wasn\u2019t that good\nAll he understood was get crazy blitz\nSo he bought some of that to get some of this\nThis got him back but that went to them\nThem being they who made his head lay\nHe didn\u2019t obey he said he made this cash\nCrash from the gun, Dave lies in ash\nSmash, it hits the front page quick\nNow business is conducted by that fool named Mick\nMick, fell for the trick and he\u2019ll be dyin\u2019 and his moms will be cryin\u2019", "image": "https://images.genius.com/60c4365ce7082bb3222dfb3c3c824385.500x497x1.png"}], "artist": "Snoop Dogg"}