{"songs": [{"title": "Happy Birthday", "album": "Thats My Work Vol. 3", "year": "2014-02-27", "lyrics": "[Verse 1]\nEarly in the morning\nSmoking them blunts\nJump up out my bed\nWhat the fuck you want?\nRoll me a [?]\nWe [?]\nTwisted dreads in my head\nNigga just like that\nCount my cheese up\nBig big money\nOh, I'm on the move\nAin't a damn thing funny\nI really don't lose much\nWhen I'm in the streets nigga\nPoint [?] drugs\nHow the fuck you figure nigga\nYeah, I'm successful\nEvery single day, bitch\nAdmit it, I'm the best dog/doe[?]\nJust cause we rich trick\nAlways so fresh doe\nEvery single way\nAnd represent the west coast\nEvery single day\nInternationally known\nAll around the world\nHit me on the cell phone\nI'll fuck your girl\nAnd hit you right back\nThen hang up in your face\nUnless I'm getting sprayed\n\n[Hook]\nI'll take my cake to go\nHappy birthday\nI'll take my cake to go\nHappy birthday\nWhat's your side girl?\nHappy birthday\n\n[Verse 2]\n[?] It's one of those days\nA throwback Thursday\nWanna do it your way?\nBurger King bitch\nI told her she was special\nOh you know you're [?] one\nUntil she almost bust a vessel\nDoctor, doctor\nI told her, come on girl let's get it in\nCmon, get in\nAnd cut out all the bitching\nHush yo mouth\nTurn it up girl, and just listen\nBang bang\nAnd a [?] gangster we got straight pimpin' [?]\n\n\n[Hook x3]\n\n[Outro with hook]", "image": "https://images.genius.com/84ac60e2e266a0d4d5eaa555a3450fe0.500x500x1.jpg"}], "artist": "Snoop Dogg"}