{"songs": [{"title": "I Get Lifted", "album": null, "year": null, "lyrics": "Good morning niff-nods and stoners\nI would like to welcome you to Nathanael Hill High School\nThe home of the scholars, the home of the impalas\nAnd the home of the Rottweilers\nI'm your counselor, Warren G\n\n[Chorus]\nI'm just soaking up this breeze, smoking on some trees\nSmoking on this weed, this is all I need\nSmoking on this weed, this is all I need\nSmoking on this weed, this is all I need\nI get lifted, I get lifted, everyday\nI get lifted, I get lifted, I get lifted, I get lifted, everyday\nI get lifted, I get lifted, hey\n\nOverzel me, propel me, propeller, cat pilla\nRap healer, dope dealer, grip it back\nLick it back now, reseller\nExhale, inhaler, feller, Juice is poured\nDeuces for all you loud mouth bitches who adore\nI can't play on your field anymore\nTake it flight, now look at me soar\nIn and out of space with my foot to the floor\nHigher and higher, I won't retire\nHalfie don Kaya, Love smokin' fire tata like satellite\nAll on the wire\nKeep it up, speed it up, slow it up throw it up\nYour bitch is looking at me cause she probably wanna go with us\nIt's cool with me, hop in, hop in, ain't no stopping\nWe keep knocking, rocking\n\n[Chorus]\nDimes, dubs, quarter ounce oz, put it in the zag\nLet it burn slowly, everywhere I am\nNigga got a blow tree rolling every gram\nThey be like holy smokes, that man no joke\nCan tell if it's that \"ehh\" if he don't choke\nNever gonna quit, every chance I'm a toke\nZips smelling like the whole plant in my coat\nFam I don' smoked fans weed and bought bags for autographs\nComing at me with all the names of what I gotta have\nI got my own shit, and this ain't for the little kid\nThis grown shit, having a party at my crib\nBring your own bitch, I got three, so matter of fact you can take one\nAnd roll a joint baby girl let's bake one\nAnd take this weed and I can show you how to make one, ah\n\nI'm just soaking up this breeze, smoking on some trees\n\nNiggas know I get lifted it's high school\nI stay high, I mean I don't gotta get high I'm already there\nYeah, I was high when I said that, haha, whatup snoop!\n\nSmoking on this weed, this is all I need\nSmoking on this weed, this is all I need\nSmoking on this weed, this is all I need\nI get lifted, I get lifted, everyday\nI get lifted, I get lifted, I get lifted, I get lifted, everyday\nI get lifted, I get lifted, hey\n\nI'm just soaking up the breeze, smoking on some cheese\nI blame it on you, you blame it on me, we blame it on trees\nSmoking on this weed, this is all I need\nI blame it on you, you blame it on me, we blame it on trees\n\nI get lifted, I get lifted, everyday\nI get lifted, I get lifted, I get lifted, I get lifted, everyday\nI get lifted, I get lifted, hey", "image": "https://images.genius.com/8c99dd335733f9c3cf16f57c9f589cfb.361x361x1.jpg"}], "artist": "Snoop Dogg"}