{"songs": [{"title": "Shine", "album": null, "year": null, "lyrics": "[Chorus]\nShine, shine, shine\nEveryday when I\u2019m rollin thru the hood\nPlayas watch me cuz they know I\nShine, shine, shine\nHey I know I\u2019m shinin I\u2019m fresh pearl bodies in a crispy tee\nLove to hate me cuz you know I\u2019m gonna\nShine, shine, shine\n[Female Singer]\nKeep doin what you doin\nIt\u2019s ya time and its ya shine\nI love the way you ride\nI hope you shine\nThe party starts tonight\nMy friends are comin over\nI really think you fly\nTonights the night\n\n[Verse 1 \u2013 Snoop Dogg]\nI shine like Neptune, Venus, and Mars in ya face in ya state\nIn and outta cars, interstate, win a date with one of my broads\nBut you gotta hate a bitch before she gets your dick hard\nThat\u2019s what shinin about and when you get the hoe\nYou can tear her linin out, what you whinin about\nYou want the presence of pimpin, I\u2019m walkin while limpin\nAnd holdin on the drink that I\u2019m sippin, I\u2019m flippin the script an\u2019\nI\u2019m slidin while I\u2019m dippin my whip in, out of traffic\nIt\u2019s so drastic, boombastic, this shits a hit, Jadakiss\nMatter fact nephew this bitch is a classic, pass this\nAyo locie loc\u2019 let\u2019s blow some dope, better yet lets go for dough\nHoe for hoe, I\u2019m so fa sho, and so low and sensational\nYou know how I do it\n\n[Chorus]\nShine, shine, shine\nEveryday when I\u2019m rollin thru the hood\nPlayas watch me cuz they know I\nShine, shine, shine\nHey I know I\u2019m shinin I\u2019m fresh pearl bodies in a crispy tee\nLove to hate me cuz you know I\u2019m gonna\nShine, shine, shine\n[Female Singer]\nKeep doin what you doin\nIt\u2019s ya time and its ya shine\nI love the way you ride\nI hope you shine\nThe party starts tonight\nMy friends are comin over\nI really think you fly\nTonights the night\n\n[Verse 2 \u2013 DJ Quik]\nNow wuts the haps on the bottle caps I want a snow bunny\nI\u2019m rick james bitch I got fasho money and I ain't hatin for nothin\nBut it be so funny cowards be wantin see me with my eyes and nose runny\nI got nails and burbs while you got pounds of curbs, and one of us got a play\nBasically around the burbs I\u2019m fittin like a lego block, you bullshittin\nWhile I\u2019m sittin in an eight o drop, these suckaz tell me keep it gangsta\nBut they dont know, when they ain't lookin I be doin population control\nThen I\u2019m lookin for a breezy with a whole lotta soul so I can have a malfunction in my warddrobe\nTo not the jada with the Smith, its the Jada with the fo\u2019 fifth, clutchin on the fifth\nWith Snoop be in the front and his ***elry shinin all thru his clothes and little tigger\u2019s\nIn the back on the low, but I still shine though\n\n[Chorus]\nShine, shine, shine\nEveryday when I\u2019m rollin thru the hood\nPlayas watch me cuz they know I\nShine, shine, shine\nHey I know I\u2019m shinin I\u2019m fresh pearl bodies in a crispy tee\nLove to hate me cuz you know I\u2019m gonna\nShine, shine, shine\n[Female Singer]\nKeep doin what you doin\nIt\u2019s ya time and its ya shine\nI love the way you ride\nI hope you shine\nThe party starts tonight\nMy friends are comin over\nI really think you fly\nTonights the night\n\n[Verse 3 \u2013 Jadakiss]\nUh ya, uh like a African diamond that\u2019s deeper than rappin and rhymin\nSuccess happens with timin, over here I\u2019m doin low with the punk\nWhen I\u2019m over there I\u2019m in the low low with my unc and all the bitches\nLookin for us but I ain't lookin for puss, right now ma I\u2019m lookin for cush\nAnd I\u2019m strapped with the pound and ?? shoes, cackies, T shirts\nUh uh after my surrounding, air force ones, jeans, city lab\nA fitted that\u2019s when I\u2019m back in the town and dont get it confused\nI\u2019m proud to be gone, be home in a year with duffle bags out on the lawn\nSo much money my *****z be countin it wrong, so many hits\nI can\u2019t keep count of the songs and we still grindin, stainless still nine\nAnd ya\u2019ll still hate but we still shinin let\u2019s go\n\n[Chorus]\nShine, shine, shine\nEveryday when I\u2019m rollin thru the hood\nPlayas watch me cuz they know I\nShine, shine, shine\nHey I know I\u2019m shinin I\u2019m fresh pearl bodies in a crispy tee\nLove to hate me cuz you know I\u2019m gonna\nShine, shine, shine\n[Female Singer]\nKeep doin what you doin\nIt\u2019s ya time and its ya shine\nI love the way you ride\nI hope you shine\nThe party starts tonight\nMy friends are comin over\nI really think you fly\nTonights the night\nShine, shine, shine", "image": "https://images.genius.com/8c99dd335733f9c3cf16f57c9f589cfb.361x361x1.jpg"}], "artist": "Snoop Dogg"}