{"songs": [{"title": "World of A Gangsta (feat. Harvey Keitel)", "album": null, "year": null, "lyrics": "World of A Gangsta\nSnoop Dogg\nThe Game Is To Be Sold, Not To Be Told\nDP Gangsta\n(feat. C-Murder, Eddie Griffin)\n\n[Eddie Talking]\nThis is a service public announcement going out to all the paper haters\nNow sure sure sure your broke sure sure sure your having problems\nFood stamps didn't come on time and the lights have been cut off\nBut look here\n\n[Snoop]\nHere's a little something about a nigga like me\nI never should have been let out the penitentiary\nSnoop Dogg would like to say\nThat I'm a crazy motherfucker when I'm playing with my AK\nSince I was a youth I smoked weed out\nNow I'm that motherfucker y'all read about\nSmoking you and your crew, taking a life or two\nYou dont like how I'm living well fuck you\nThis is my gang nigga No Limit\nMy nigga C will fuck you up in a minute\nWith the pow pow bang bang and your dead\nAnd then we stamp that tank on your forehead\nEverywhere we go they say \"DAMN\"\nThem gangstas they be fucking up the program\nAnd then you realize we dont care\nWe dont just say no we to busy saying yeah\nAbout drinking straight out the ???? bottle\nDo I look like a motherfucking role model\nTo a kid looking up to me\nShit life ain't nothing but weed and money\nShit I'm that type of nigga that's quick to blast\nFuck with me or C and I'll put my foot in your ass\nI dont give a fuck cause I keep selling\nYo what the fuck are the yelling\n\n[Chorus x2]\nGangsta Gangsta Thats what the yelling\nNiggas living rowdy and stay bout it bout it\nGangsta Gangsta Thats what the selling\nBitches want to buy it cause they love that straight G shit\n\n[Snoop]\nHomies all standing around just hanging\nSome dope dealing some gang banging\nWe decide to roll a week deep\nSeen a nigga on Dayton so we creep\nReal slow, in you before you know\nI had my double pointing at his window\nHe got scared and hit the gas\nRight then I knew I had to smoke his ass\nHe kept rolling I jumped in the bucket\nWe couldn't catch him so I said fuck it\nThen we headed right back to ????\nSweating all the bitches in the dazzy dukes\nWe couldn't no play from the ladies\nWith seven niggas in a Nav is you crazy\nShe was scared and it was showing\nSo we all said \"FUCK YOU BITCH\" and kept rolling\nTo the hood now we was 'fen to\nFind something else to get into\nLike some pussy or in fact\nGetting rowdy, shit but we caught the rat pack\nOn a nigga cold nutting it off\nSnoop Dogg gets ignorant when I'm fucking with my tank dogs\nI might stumble and still won't lose\nNow I'm draped in my gangsta blue's\nCause I'm the type of nigga who's quick to blast\nFuck with me or C and I'll blast your ass\nSee I dont give a fuck cause I keep bailing\nYo what the fuck are they yelling\n\n[Chorus x1]\n[Snoop Talking]\nHol hold on Craig B cut that shit man\nMan fuck that we need some gangsta in this motherfucker some other that\nSouth shit know what I'm saying\nSome of that shit from the thiz-ird ya heard me\n\n[Snoop]\nHere's another gangsta down to ride\nA T-shirt and Levi's is his only disguise\nHe represents the tank but yet hard to hit\nSnoop Dogg and C-Murder with this gangsta shit\n\n[C-Murder]\nWell I'm C-Murder the one he talking about\nNigga tried to play me close and got punched in the mouth\nFed's tried to get me you know they some haters\nI said \"See you later\" jumped in the Navigator\nWith the $50's in the back with the navy blue top\nTRU niggas on the scene with the triple beam\nCause I'm the C fool I slang and Snoop bang\nAnd I'll smoke a motherfucker like it ain't no thing\nTo all my bitches, I know your jocking my crew\n\n[Girls]\nWe want to fuck you C\n\n[C-Murder]\nI want to fuck you too\nYou see No Limit niggas dont take no shit\nSo let me tell you motherfuckers who you fucking with\nCause I'm the type of nigga that's quick to blast\nIf you fuck with me, I'm a smoke your ass\nI dont give a fuck cause No Limit stay selling\nYo what the fuck are they yelling\n\n[Chorus x1]\n[Eddie Talking]\nIf you'd of just stay down and been a motherfuckers real partner you\nWouldn't have had tat problem\nBut seeing as you want to jump ship and you thought the ship would sink\nA motherfucker without turning into a submarine, went under water came\nBack up with a periscope looking at your bitch ass\nNow you have no paper, and now you on a paper caper\nNow you coming up to my face and your saying \"Hey can I hangout\" I say\nNo cause you ain't got no clout bitch get out\nNow I'm tired of all you silly as motherfucking paper chasing hoes\nUhh this has been a public service announcement from No Limit Records\nIn the Doggy Dogg world", "image": "https://images.genius.com/8c99dd335733f9c3cf16f57c9f589cfb.361x361x1.jpg"}], "artist": "Snoop Dogg"}