{"songs": [{"title": "Round Here", "album": "Tha Blue Carpet Treatment", "year": "2006-11-21", "lyrics": "[Hook] - X 2\nIt ain't safe to leave the house\nFuck around 'round here\nThese niggas quick to air ya out\nAnd lay ya down 'round here\nYou run your mouth niggas will put ya\nIn the ground 'round here\nOne-time don't even fuck around and come 'round here\n\n[Snoop Dogg]\nM.L. and 21st, where niggas worse\nQuick to put one in ya first\nBefore they search your pockets get that china\nAnd where they got ya that's where they gon' find ya\nThey rollin' out there nigga, that's that real shit\nWhere bein' slick can get you caught up real quick\nHold up homie, don't let this money blind ya\nCause you won't see me standin' right behind ya\nThen it's time's up, that's how we talkin' if he come from the Beach\nBetter watch them niggas out here if they come from the East\nDon't stop if I'm not out somewhere so niggas can see\nCause they don't give a fuck, you stuck if you ain't with me\nMy city's a beast..\nYou can't walk through the Beach unless you walk with a piece\nYou can't talk to police cause most police is like me\nThey get that cheddar like they want it, take yo' shit in the street\nThey want that paper out here\nEnough to come and take what's on your plate out here\nEnough to have somebody take your place out here\nFuckin' around without your strap sound like a bad idea\n\n[Hook] - X 2\nIt ain't safe to leave the house\nFuck around 'round here\nThese niggas quick to air ya out\nAnd lay ya down 'round here\nYou run your mouth niggas will put ya\nIn the ground 'round here\nOne-time don't even fuck around and come 'round here\n\n[Snoop Dogg]\nThis L.A. County nigga\nIf you's a bitch then get yo' ass from 'round here nigga\nBefore they come put bullets in yo' brain\nCause in the hood ain't nothin' really changed\nThey tryin' to get that paper just like Uncle Sam\nAnd just like Sam niggas just don't give a damn\nThey mission is to leave yo' ass in pain\nCause they don't give a fuck about a thing\nIt's a cold game, that's how they talkin' if they walk on the West\nBetter watch yourself without this star protectin' your chest\nThese niggas come from nowhere, get to takin' yo' shit\nYou'll get beat outside the set and then sent home in your stretch\nThis shit is a mess..\nYou can't walk in them streets unless you walk with your vest\nYou can't talk to police cause most police ain't gon' stress\nThey get that cheddar like they want it with they foot in your chest\nThey want that paper out here\nEnough to come and take what's on your plate out here\nEnough to have somebody take your place out here\nFuckin' around without your strap sound like a bad idea\n\n[Hook] - X 2\nIt ain't safe to leave the house\nFuck around 'round here\nThese niggas quick to air ya out\nAnd lay ya down 'round here\nYou run your mouth niggas will put ya\nIn the ground 'round here\nOne-time don't even fuck around and come 'round here", "image": "https://images.genius.com/9eeff8d4aa3579798c6d6f74d21fad47.1000x1000x1.jpg"}], "artist": "Snoop Dogg"}