{"songs": [{"title": "Somethin Bout Yo Bidness", "album": "No Limit Top Dogg", "year": "1999-05-11", "lyrics": "[Raphael Saadiq]\nSomethin about yo' business, I really don't understand\nBut if you keep on teasin me girl, I'm gon' be your man\nSomethin about yo' business, I really don't understand\nBut if you keep on teasin me girl, I'm gon' change your plan\n\n[Snoop Dogg]\nYou got yo' thang, and I got mine\nYou see, I can give it to you like all the time\nIf you, gimme them digits let me holla at you baby\nStop playin games, let's do this damn thang\nCause you the whole thang, with the candles and the ice\nAnd then the champagne, whoot wham bing bing bang bang!\nNow, what's love got to do with this?\nCause if you cool with this I'm through with this\nBaby is we doin this?\n\n[Raphael Saadiq]\nSomethin about yo' business, I really don't understand\nBut if you keep on teasin me girl, I'm gon' be your man\nSomethin about yo' business, I really don't understand\nBut if you keep on teasin me girl, I'm gon' change your plan\n\nI know when you'll change your mind;\nThat's when your rent is due (when your rent is due)\nAnd you're many months behind\nHow's that to treat your friend\nWith that attitude.. you can leave it all behind\n\nSomethin about yo' business, I really don't understand\nBut if you keep on teasin me girl, I'm gon' be your man\nSomethin about yo' business, I really don't understand\nBut if you keep on teasin me girl, I'm gon' change your plan\n\n[Snoop Dogg]\nYou say that you don't, you say that you won't\nI think that you will, cause girl I'm way too real\nAnd every girl need a G, and we see G\nI saw you lookin at me, when I was with Warren G\nYou peepin not speakin and that's freakin me out\nIt's somethin bout yo bidness baby and it's flippin me out\nI really can't understand why it's so easy, for you to tease me\n'Fore it's over, you'll be Miss Snoop Deezy\n\n[Raphael Saadiq]\nSomethin about yo' business, I really don't understand\nBut if you keep on teasin me girl, I'm gon' be your man\nSomethin about yo' business, I really don't understand\nBut if you keep on teasin me girl, I'm gon' change your plan\nSomethin about yo' business, I really don't understand\nBut if you keep on teasin me girl, I'm gon' be your man\nSomethin about yo' business, I really don't understand\nBut if you keep on teasin me girl, I'm gon' change your plan\nSomethin about yo' business, I really don't understand\nBut if you keep on teasin me girl, I'm gon' be your man\nSomethin about yo' business, I really don't understand\nBut if you keep on teasin me girl, I'm gon' change your plan", "image": "https://images.genius.com/96262525a2f5c48018386a9b9ec0e619.500x498x1.jpg"}], "artist": "Snoop Dogg"}