{"songs": [{"title": "Original Is Never Finished (Remix)", "album": null, "year": "2017-02-12", "lyrics": "[Verse 1]\nOne of the greatest of them all\nDogg Sinatra\nIn pocket with the rocket, I got ya\nAwe and amazement\nFlippin through my pages\nI live my life lit up\nLighting up these stages\nRidiculous, outrageous, greatness, contagious\nStill on top, lookin' ageless\nI plan my play then scheme it out\nDraped up, caked up, all day, I dream about\nProtecting my position\nI did it my way, no preventions, or no permissions\nListen\n\n[Interlude]\n\n[Verse 2]\nFingers I flick it, let you figure this out\nSnoop Dogg and I'm back in the house\nSuperstar, Snoopy hard and he came with the flow\nAdidas on my feet, hi top or low\nNo matter where I go, I get a check in a plane\nWhen you speakin' on me, dog, put respek on my name\nWorldwide with the heat life\nI was brought up the street life\nThey love it cause I does it with them 3 stripes\nThe big drug beater, gotta stay cheetah, me and my 'Didas\nYeah\nThis important\nNo Jordans\nNo-no-n-n-no!\n\n(Outro: Crowd of people and Snoop Dogg)\nYes, there were times, I'm sure you knew\nWhen I bit off more than I could chew\nBut through it all, when there was doubt\nI ate it up and spit it out\nI faced it all and I stood tall and did it my way\nIt's the only way\nYa dig?", "image": "https://images.genius.com/ea8dd5489f212ef923b2fe7a588079ff.1000x478x1.png"}], "artist": "Snoop Dogg"}