{"songs": [{"title": "Dat Bumpin", "album": null, "year": null, "lyrics": "[Intro]\nThis bumpin' ass beat from D-A-Z\n\n[Hook]\nGimme dat\nBump (15x)\nBumpin' ass beat (from who?)\nFrom the D-A-Z\nGimme dat\nBump (15x)\nBumpin' ass beat (from who?)\nFrom the D-A-Z\n\n[Verse 1: Snoop Dogg]\nI heard a new beat, somebody say they smashed it\nWell if Daz ain't do it I can't mash wit' it\nAnd that's on DP, D-A-Z always got them bumpin' bombay beats\nFor your system, in your raggedy car\nOh your lady's getting crazy at the topless bar\nAin't no stopping this hard, hip hop fanatical, beats cold\nUh-uh you know it, Dogg Pound Gangsta flavor\nMisbehavior, baby hit me on the pager\nIt's too major, the way we keep it going now\nMy cuzzn Daz hooked this groove so it's going down\n\n[Pre-Hook: Snoop Dogg]\nYou in the coupe with Snoop\nIt make you say di-du-ti-du-grid-oove\nIt can't stop till you get it, got it\nNow move to this groove\n\n[Hook]\nGimme dat\nBump (15x)\nBumpin' ass beat (from who?)\nFrom the D-A-Z\nGimme dat\nBump (15x)\nBumpin' ass beat (from who?)\nFrom the D-A-Z\n\n[Verse 2: Snoop Dogg]\nWe move mountains, flow like fountains\nMake so much paper we need four accounts\nSo keep bouncin' to that gangsta-gangsta\nWe back on the block, but we ain't come with the same stuff\nWe stacked it up differently, in fact specifically\nThe Corleone song so strong it put you in the zone of your own\nNappy-headed, dreaded, yeah I said it\nGet ya comb and uh grab ya bones\nCause the junkyard Dogg brought her back a gravy train\nAnd thangs ain't the same with this Dogg Pound Gang\nSo many niggas fell off, yeah I let 'em bell off\nCause me and spanky loco, man we doing well off\nI give a toast to you fleas who became my enemies\nWe on a mit-ash wit' hizz-ash, all about the kid-ash\n\n[Pre-Hook: Snoop Dogg]\nYou in the coupe with Snoop\nIt make you say di-du-ti-du-grid-oove\n\n[Hook]\nGimme dat\nBump (15x)\nBumpin' ass beat (from who?)\nFrom the D-A-Z\nGimme dat\nBump (15x)\nBumpin' ass beat (from who?)\nFrom the D-A-Z\n\n[Verse 3: Snoop Dogg]\nI'm known through the world as OG Snoop Dogg\nI'm known through the world for fadin' 'em all\nSee, me and my kinfolk kick ass all the time\nWit' da coldest beats and da coldest rhymes\nAll the time I gets in you when you gets geniune\nFeel the draft, as Snoop Dogg starts to combine\nUh, turn up the treble and uh turn up the bass\nCause-uh this shit bumpin' like lil style face\nSee-uh, we came wit' who got some gangsta shit like Doggystyle\nMurder was the case and Dogg Food for 9-5\nAnd 9-6 I'ma gon' be the shiznit\nDoggfather in your system nigga check dis\nI get wit' 'em, get tragic, I get 'em, got wit' 'em in all kinds of ways\nCome wit' the bombay uh\n\n[Pre-Hook: Snoop Dogg]\nYou in the coupe with Snoop\nBumpin' to the grid-oove\nI thought you knid-ew\nBi-atch\n\n[Hook]\nGimme dat\nBump (15x)\nBumpin' ass beat (from who?)\nFrom the D-A-Z\nGimme dat\nBump (15x)\nBumpin' ass beat (from who?)\nFrom the D-A-Z", "image": "https://images.genius.com/3359b09324140bfbe03baa1d73db01e2.619x630x1.jpg"}], "artist": "Snoop Dogg"}