{"songs": [{"title": "Sensual Seduction (Remix)", "album": null, "year": null, "lyrics": "I'm gonna take my time\nShe gon' get hers before I\nI'm gonna take it slow\nI'm not gonna rush the stroll\nSo she can get a sensual seduction\nSo I can get a sensual seduction\nSo we can get a sensual seduction\nSensual seduction\nShe might be with him\nBut she's thinkin' 'bout me, me, me\nWe don't go to the mall\nWe don't go out to eat, eat, eat\nAll that we ever do\nIs play in the sheets, sheets, sheets\nSmoke us a cigarette\nAnd go back to sleep, sleep, sleep\n'Cause we done got a\nSensual seduction\nSensual seduction\nSensual seduction\nSensual seduction\nI'm gonna take my time\nShe gon' get hers before I\nI'm gonna take it slow\nI'm not gonna rush the stroll\nIf you don't know by now\nDoggy Dogg is a freak, freak, freak\nI keep a bad ass with me\nSeven days out the week, week, week\nAnd all that we ever do\nIs play in the sheets, sheets, sheets\nAnd smoke us a cigarette\nAnd go back to sleep, sleep, sleep\n'Cause we done got a\nSensual seduction\nSensual seduction\nSensual seduction\nSensual seduction\nI was all in the club havin' a drink, blowin' on a sweet\nWhen I peeped this little freak out\nI was all on the bar when drifter shawty redd came on\nThen she hit the floor, now\nWith a see through dress, long hair, light brown eyes\nLookin' like Miss Bo Peep\nAnd a playa know if I take her home\nWith them real thick hips, you so right I'm gon' beat\nSo I approached the chick with the real pretty face\nNice curves on her with a lil bitty waist\nI whispered in her ear, \"Lil momma, what you drink?\nI know that you're a freak\nBut you know I ain't gon say shh\"\nSee my game is outrageous\nI got into the crib and exchanged some love faces\nBut it wasn't no need for me to rush to bust one\n'Cause I wanted her to have an eruption\nSensual seduction\nSensual seduction\nSensual seduction\nSensual seduction\nSensual seduction\n(All the time, any time)\nSensual seduction\nSensual seduction", "image": "https://images.genius.com/8c99dd335733f9c3cf16f57c9f589cfb.361x361x1.jpg"}], "artist": "Snoop Dogg"}