{"songs": [{"title": "Traffic Jam", "album": "Tha Doggfather", "year": "1996-11-12", "lyrics": "Snoop Doggy Dogg\nMiscellaneous\nTraffic Jam\nTraffic Jam\nW-Balls ya'll 187.4 FM on the dial\nReminding you to get the dick out your throat and go vote\nDJ Easssssssy Dick is still poppin like a pipe bomb\nAnd oh yah, Can you say farewell to welfare?\nCaller number 4 gets to go to doggy land, thats right\nThis next jam is dedicated to all the homies still rockin Jerry Curls\nOptimum Texturizers and gold teefas\nDJ Easy Dick will give you a Stone Cold Groove\nLets all go to Doggy Land huh", "image": "https://images.genius.com/ecb7c80ab44a68c9d33f60b5fccd0a70.1000x1000x1.jpg"}], "artist": "Snoop Dogg"}