{"songs": [{"title": "Love for God", "album": "Bible of Love", "year": "2018-03-16", "lyrics": "[Refrain]\nI got so much\nTo love God for\nSay it again\nI got so much\nTo love God for\n\n[Verse 1]\nI love you for the cloudy days, yeah\nFor the stars you send my way\n\n[Refrain]\nI got so much\nTo love God for\nI got so much\nI got so much\nOh lord, I believe\nI got so much\nI believe I got so much\nTo love, to love, to love God\nI got so much\nYes I do, to love\nTo love God for\nI got so much\nOoh\nTo love God for\nI got so\nI got so much\nSo much to love God for\n\n[Verse 2]\nI love your fall\nMy cloudy days\nFor the time I couldn't even fall down on my knees and pray\n\n[Refrain]\nI got so much\nI got so much\nTo love God for\nI got so much\nTo love\nTo love God for\nAnd I wake up early in the morning, yeah\nI got so much\nOoh\nTo love God for\nSomebody know what I'm singing about to see\nI got so much\nI got so much\nTo love God for\nWhen I'm looking in a mirror, yeah\nI got so much\nI just gotta say, thank you Jesus\nTo love God for\nI got so much\nSo much love\nTo love God for", "image": "https://images.genius.com/c9dee508f81bde784b713142dc6009e9.600x600x1.jpg"}], "artist": "Snoop Dogg"}