{"songs": [{"title": "31 Flavaz", "album": "The Big Squeeze", "year": "2007-04-24", "lyrics": "[Hook: Snoop Dogg]\nBitch you can have a link; you can have a sus\nJust don't let me catch you in my ice cream truck\nYea I got 31 flavors\nStepping out on them in these Now or Later gators\nYea I got 31 flavors\nStepping out on them in these Now or Later gators\nYea I got 31 flavors\nStepping out on them in these Now or Later gators\n\n[Verse 1: Snoop Dogg (& Kurupt)]\nMe and Kurupt with my pound to the floor\nGot a whole lot of gas but I don't know which way to go\nI'm trying to find a white bitch a little snow bunny\nCause the word on the streets is they like to give a nigga money\n(Me and big snoop nothing but some players\nLooking at the bitch except she thinking 'bout the paper\nTryna get cracking, actress with the action\nI'ma tell you with the words nigga what's happenin')\nThe police is on my dick cuz they all up on my face\nPut some yola on a nigga then they run up in my place\nGot that thang in the trunk, 3 cases in a month\nI don't give a fuck; Kurupt let me get that blunt\n(Cause we just tryna get it; the money and the game\nStepping in this motherfucker, talent tucker, undercover, bang\nAnd then bustin' on these undercover bustas\nJust to G up in the game, rollin on them thangs)\n\n[Hook: Snoop Dogg]\nBitch you can have a link; you can have a sus\nJust don't let me catch you in my ice cream truck\nYea I got 31 flavors\nStepping out on them in these Now or Later gators\nYea I got 31 flavors\nStepping out on them in these Now or Later gators\nYea I got 31 flavors\nStepping out on them in these Now or Later gators\n\n[Verse 2: Snoop Dogg (& Kurupt)]\nI got gators on my feet; khakis on my leg\nBraids in my hair, super dome, super head\nSaid she gotta lick with it, wanted me to get with it\n[?] is how we do it, moving real slick with it\n(Yea I heard she the best at it; chew it up like spinach\nChew it up 'till she finish; man this bitch is not a gimmick\nShe's a pro, super ho, she got that super throat)\nLiving on your own, jibbin' on the phone\nForgivin' when you're wrong\nYea, but that's a whole 'nother conversation\nListen to me spit it to you with this meditation\n(Yo, let's get this money bitch\nI got the now or later gators on gangsta shit\nJust a little bit, listen to this shit\nJust a little bit of game spittin' to this bitch)\n\n[Hook: Snoop Dogg]\nBitch you can have a link; you can have a sus\nJust don't let me catch you in my ice cream truck\nYea I got 31 flavors\nStepping out on them in these Now or Later gators\nYea I got 31 flavors\nStepping out on them in these Now or Later gators\nYea I got 31 flavors\nStepping out on them in these Now or Later gators\n\n[Verse 3: Snoop Dogg (& Kurupt)]\nSee you walking on the blue carpet music playing loud\nKing of the west coast Mr. Big Bow Wow\nIce cream sammich with the grab bag saggin'\nCap illar, I'ma steeler, got the gold rag flaggin'\n(I got 31 flavors\n3 of my bitches was exclusively used to be neighbors\n'Till I threw that game on they table\nNow they do whatever for me if they're able)\nMy little homie told me when he was 20 years old\nI'm in love with a bitch, I told him fuck that ho\nSee I'm his role model with happy dog bottle\nPuttin' paint where it ain't, break a bitch; you think I can't?\n(I'm just hard in the paint, I'ma do what you can't\nPimpin make a bitch faint; I'ma circle then straight\nGet the gat, get the tape nigga, 9, 38\nI'ma circle then straight, got bitches out of state)\n\n[Hook: Snoop Dogg]\nBitch you can have a link; you can have a sus\nJust don't let me catch you in my ice cream truck\nYea I got 31 flavors\nStepping out on them in these Now or Later gators\nYea I got 31 flavors\nStepping out on them in these Now or Later gators\nYea I got 31 flavors\nStepping out on them in these Now or Later gators", "image": "https://images.genius.com/443ed24688117f6ea63cbc123a45442c.953x953x1.jpg"}], "artist": "Snoop Dogg"}