{"songs": [{"title": "That's the Shit", "album": "Tha Blue Carpet Treatment", "year": "2006-10-10", "lyrics": "[Chorus 1]\n[Women Singing]\nBig Snoop Dogg, nigga that's the shit\nCris on ice, nigga that's the shit\nLlacs on dubs, nigga that's the shit\n[Snoop]\nStep into the party just to crack a biatch\n[Woman Singing]\nFor all you players who don't know\nNobody pimp em like a gangsta from the LBC\n[Snoop]\nPimpin ain't easy but its a whole lotta fun\nEast Side, Long Beach, thats where it all begun\n[Woman Singing]\nNigga thats the shit\n\n[Verse 1 - Snoop Dogg]\nTurn up the bass, hand me my blizzles I don't fuck with cigars\nI got my own clothin line, and plus my own line of cars\nI got a staple of bitches, and they all play they part\nI got a gang of ruthless homies that gt loc'd after dark\nYa get it? (get it?) Get it, got it whatever\nGot Snoop Dogg shoes suede, gator or leather\nOhhhhweeeee! and got a way to endeavour\nEven if it ain't never I can give the bitch pleasure\nMy little white bitch Heather\nShe stunning, sly, slick and oh so clever\nNever under pressure\nLeave me money on the dresser\nGive it to me baby so I can keep us together\nWhether is cold, or it might be hot\nOne things for sure, I be takin alot\nGivin alot, and when it comes to music I be makin it hot\nShakin the spot, takin the pot\nBringin it back\n\n[Chorus 2]\n[Women Singing]\nBig Snoop Dogg, nigga that's the shit\nCris on ice, nigga that's the shit\nLlacs on dubs, nigga that's the shit\n[Snoop]\nStep into the party just to crack a biatch\n[Woman Singing]\nFor all you players that don't know\nNobody pimp em like a gangsta from the LBC\n[Snoop]\nAnd for you bitches who don't know\nTill we D-I, we keep it P-I\n[Woman Singing]\nNigga thats the shit\n\n[Verse 2 - Snoop Dogg]\nDo you remember the reign\nBefore you boy had Joey and gained growin pains\nKnow this game, I flow this game\nI spit it, get it, knit it, thread it and sewed this game\n(Say Wha?) They say I came in a shady way\nWatch how I play this game\nBossin up, ain't he man\nSo do it do him Jazzy fizzle\nMy young nizzle for shizzle we keep it off the hizzle\nDo me a favor, and blaze up another bleezie\nAnd tell baby over there to come and please me\nShe won't believe me\nShe will for sheezie\nBitch, its the big Snoop D-O-double geezie\nBucket mouth breezie\nI got a staple of bitches so take it easy\nI'm only fuckin with your imagination\nTry to give you a little small conversation\nYou know what your facin\n\n[Chorus 1]\n\n[Verse 3]\n[Snoop Dogg]\nY'all niggas better sit me down now\nWelcome back to tippy tales\nSnoopy got this shit crackin, these bitches wanna lick me now\nEverybody minglin, dime pieces bring em in\nI set the trend, fly from gators to trims\n(WHY?) You haters begin to fuck around with the boss\nYou get nailed to the cross fuckin around with the boss\nI'm too hard in the paint, might as well choke up the loss\nHey baby grab my longest mink so Snoop Dogg can floss\nToss, free is the cost, I don't pay for a damn thing\nI just pop the champaigne, kick off a pimp and campaign\nMan, I got the spotlight on me jack\nNow I'ma act a damn fool and I ain't never comin back\nKing Mack-A-Ho, Sir Break-A-Bitch\nGrab my pimp glass and then I take a sip\nI look around, pull it out and then I light it up\nTake a puff, inhale it, bluff bitch now ya know it\n\n[Pharrell Williams]\nI walk with a limp, eat lobster and shrimp\nShine a spotlight down on a pimp\nPull up like a mack, in my Snoop DeVille\nAnd ride on the side, and we's dressed to kill\nYou see me stoppin girl, get your ass to the side\nIt ain't enough room to fit ya all in my ride\"\n\n[Snoop Dogg]\nDave cut the record down to the bone\nAnd Jazzy Phe got me rockin on the microphone\nNow we talkin autographs, cheers and laughs\nChampaigne, caviar and bubble baths\n\n[Chorus 1]", "image": "https://images.genius.com/9eeff8d4aa3579798c6d6f74d21fad47.1000x1000x1.jpg"}], "artist": "Snoop Dogg"}