{"songs": [{"title": "Step Yo Game Up", "album": "R&G (Rhythm & Gangsta): The Masterpiece", "year": "2004-11-16", "lyrics": "[Intro: Snoop Dogg]\nYeah man what's going on man it's really really pimpin' up in here man\nI know you ain't seen pimpin' in a long time man, I've been MIA\nYou know what I'm sayin' missin' in action\nI ain't been on no milk carton box\nBut I've been milking and boxing these bitches\nCause they got to step they game up, you know what I mean?\n\n[Hook: Snoop Dogg (Lil Jon)]\nWhat you lookin' at? (step yo game up!)\nWhat you waitin' for? (step yo game up!)\nGo on, come on in the door (step yo game up!)\nDrop it to the floor and just (step yo game up!)\nYou a kid (step yo game up!)\nYou drink gin (step yo game up!)\nIs that your friend? (step yo game up!)\nTell a nigga you with you better (step yo game up!)\n\n[Verse 1: Lil Jon]\nBreak it down bitch, let me see you back it up\nDrop that ass down low then pick that motherfucker up\nBreak it down bitch, let me see you back it up\nDrop that ass down low then pick that motherfucker up\nBack that pussy tease a motherfucker\nBack that pussy tease a motherfucker\nBack that pussy tease a motherfucker\nBack that pussy tease a motherfucker\nRub that shit it's yours bitch, grab his dick it's yours bitch\nRub that shit it's yours bitch, grab his dick it's yours bitch\nNow turn around bitch, put that ass on a nigga\nGrind on his dick make it get a little bigger\nNow turn around bitch, put that ass on a nigga\nGrind on his dick make it get a little bigger\n\n[Hook: Snoop Dogg (Lil Jon)]\nWhat you lookin' at? (step yo game up!)\nWhat you waitin' for? (step yo game up!)\nGo on, come on in the door (step yo game up!)\nDrop it to the floor and just (step yo game up!)\nYou a kid (step yo game up!)\nYou drink gin (step yo game up!)\nIs that your friend? (step yo game up!)\nTell a nigga you with you better (step yo game up!)\n\n[Verse 2: Snoop Dogg]\nBitch wanna act like she ain't never been with\nFast lane pimpin' on, the nails with the French tip\nPotato chip yup with a French dip\nSay she wanna French kiss all on my diznick\nIt's cool, go on and break fool if you have to\nWhat which you won't do bitch I'mma slap you\nStay in line ho it's a pimp affair\nIf you down to get low I can take you there\nBut you can't fake once you hit the gate\nShake till it ache, work that birthday cake\nYou say you wanna make it ho (make it)\nWell quit bullshittin' and get naked ho\nNow you always got to be hot and vicious\nSo move them biscuits and hit them tricks, bitch\nNow you got about a minute to fix this\nCuz I'm trying to find a bitch that's bootylicious\n\n[Hook: Snoop Dogg (Lil Jon)]\nWhat you lookin' at? (step yo game up!)\nWhat you waitin' for? (step yo game up!)\nGo on, come on in the door (step yo game up!)\nDrop it to the floor and just (step yo game up!)\nYou a kid (step yo game up!)\nYou drink gin (step yo game up!)\nIs that your friend? (step yo game up!)\nTell a nigga you with you better (step yo game up!)\n\n[Verse 3: Trina]\nP-U-S-S-Y, run a world, I'm the girl in the flesh, ah\nLookin' for a nigga that will suck me like a blow pop\nRun that dick to the door, do me baby don't stop\nSame nigga talkin' all that shit\nJust a little bitch, little balls, little dick\nLet me show you how to work your tongue like a hurricane\nWe ain't here to play no games, baby give me everything\nI know you like me when I drop it down low\nShow it from the back, look back, let it roll\nDrop it to the floor like a G bitch supposed to\nShake it shake it shake it make a nigga go postal\nBut that's for fucking with a Miami girl\nGet your man, take his money, and then buy the world\nSo nigga don't front, cuz fat wallets and big dicks is all I want\n\n[Hook: Snoop Dogg (Lil Jon)]\nWhat you lookin' at? (step yo game up!)\nWhat you waitin' for? (step yo game up!)\nGo on, come on in the door (step yo game up!)\nDrop it to the floor and just (step yo game up!)\nYou a kid (step yo game up!)\nYou drink gin (step yo game up!)\nIs that your friend? (step yo game up!)\nTell a nigga you with you better (step yo game up!)\n\n[Verse 4: Lil Jon]\nChuuuch, Breach, Tabernacle\nChuuuch, Breach, Tabernacle\nChuuuch, Breach, Tabernacle\nChuuuch, Breach, Tabernacle\nChuuuch, Breach, Tabernacle\nChuuuch, Breach, Tabernacle\nChuuuch, Breach, Tabernacle\nChuuuch, Breach, Tabernacle\n\n[Hook: Snoop Dogg (Lil Jon)]\nWhat you lookin' at? (step yo game up!)\nWhat you waitin' for? (step yo game up!)\nGo on, come on in the door (step yo game up!)\nDrop it to the floor and just (step yo game up!)\nYou a kid (step yo game up!)\nYou drink gin (step yo game up!)\nIs that your friend? (step yo game up!)\nTell a nigga you with you better (step yo game up!)", "image": "https://images.genius.com/22daab0632e506300bab596c589dcfb2.1000x1000x1.jpg"}], "artist": "Snoop Dogg"}