{"songs": [{"title": "James and the giant peach", "album": null, "year": null, "lyrics": "My names is James and I am a little boy\nWho used to have fun and lots of joy\nThen my parents were eaten and died\nJames was lonely and wanted to hide\nHe had to live with two aunts that was old and mean\nLittle James didn\u2019t know, \u201cBetter days was going to be seen\u201d\nJames felt sad and ran away\nThat was the beginning of a better day\nHe met an old man that gave him a gift\nThis was going to make his life great and swift\nRunning home fast as he could\nNot as careful as he should\nHis gift of green things came pouring out\nHe knew it was gone without a shadow of a doubt\nThey were absorbed in the ground\nJames was sad and didn\u2019t make a sound\nBefore their eyes, a peach began to grow\nAll his aunts could think about was making some doe\nPeople came and paid to see the peach\nIt was fenced out of everyone\u2019s reach\nJames did not get fed\nHe had to stay inside on his bed\nHe was made to go outside to clean\nIt was amazing what his eyes seen\nPeach was big as a house\nJames was quiet as a mouse\nTo his surprise there was a hole\nHe was curious so he became bold\nHe touched the peach and crawled inside\nNot knowing he would be going for a ride\nInside were some life size bugs\nAnd i thought who are these mugs\nAll of them knew my name\nAnd I thought what a crazy sick game\nThey started talking to me\nBetter life was going to be\nThere were friendly and kind\nHey, they were going to be friends of mine\nNo more sadness and tears\nI was going to have happy years\nAs the peach began to roll\nI knew a story would be told", "image": "https://images.genius.com/8c99dd335733f9c3cf16f57c9f589cfb.361x361x1.jpg"}], "artist": "Snoop Dogg"}