{"songs": [{"title": "Hi 2 U", "album": "The Brothers: Music From the Motion Picture (Soundtrack)", "year": null, "lyrics": "Wassup baby\nChorus:\n\nA nigga sayin hi to you (how you doin'?)\nI really wouldn't lie to you ( I ain't lying)\nI wanna get inside of you (mmm)\nInside of you (yes I do!)\nWhat you try to do (Can I hit it?)\nA nigga sayin hi to you (how you doin?)\nI really wouldn't lie to you (that's real)\nI wanna be inside of you\nAnd after I do, goodbye to you\n\nVerse 1:\n\nWash my clothes you hoes clean up the kitchen\nSuck me dry, let's get high, then wash the dishes\nYou get three wishes if you're cute and ambitious\nLike Tisha and Denisha, boy them bitches was vicious\nWicked, how I kick it, I stick it in the booty\nOops, slid it on the accident\nBut, when I first met her she was so innocent\nSo it made no sense how she suck dick for fuck of it\nWe did it on the wall, me and my dogg\nAnd I met her at the mall\nLakewood, so good, when I be inside of you\nI'm just tryna freak it, make it fly for you\nMake you wanna come back and get another piece\nAnd share with your peoples and tell your little niece\nMy khackis every crease with the rubber in my pocket\nRide it, devide it, and please don't knock it til you tried it\n\nChorus:\n\nA nigga sayin hi to you\nI wanna be inside of you\nI know I'm lookin fly to you\nI wouldn't lie to you, what am I to do?\nA nigga sayin hi to you\nYou know I wouldn't lie to you\nI wanna be inside of you\nAnd after I do, goodbye to you [2X]\n\nVerse 2:\n\nAy ay, baby who with cause your thang like tendin girl\nGet it wit your fit in, and welcome to my world\nFancy cars, yachts n pools, basketball courts that's made for high schools\nBackyard full of dogs, got a pawn full of fish\nBut a bad girl, I think that's all that's missin from my list\nUnless you wanna be the girl that fill that void\nAnd grow with a real G homeboy\nI take you where you wanna be\nAnd I strip you buttnaked right in front of me\nThink I hop, beauty for that there, can see\nOn the floor, at the mo' gettin low\nTwo thirty real dirty I we ain't leavin em fo'\nClose the do' and turn off the lights\nI love it when you coochie me extra tight\nGot you screamin dynamite, like Jay Jay\nHey hey, girl that's what happenen'\n\nChorus:\n\nA nigga sayin hi to you\nI wanna be inside of you\nI know I'm lookin fly to you\nI wouldn't lie to you, what am I to do?\nA nigga sayin hi to you\nYou know I wouldn't lie to you\nI wanna be inside of you\nAnd after I do, goodbye to you [2X]\n\nVerse 3:\n\nI had a chick named Shamai, she love champagne\nWhat a little twist the thing Alaine\nShe wadn't from America, so she couldn't speak English\nI wipped out my ?zizag? and baby spoked dinglish\nReminds me of the supper free, that I bumped in Frisco\nSame week buzzing another one up in Fresno\nHey ya'knaw, it seems that they knew what time it was\nI've got a glass of Hurricane to get them all buzzed\nHad them doin all type of craziness\nAnd one freak said \"All I wanna do is get a homegirl ???\"\nI flipped, for a second, look here I wrecked it\nThey gotta have that po-po, ?????????\nThey be we twisted, in case you missed it\nSee we gone keep this on the DL, It's our lil' secret\nI won't tell, if you won't tell, see\nCause you gone work your thang, BANG BANG\n\nChorus:\n\nA nigga sayin hi to you\nI wanna be inside of you\nI know I'm lookin fly to you\nI wouldn't lie to you, what am I to do?\nA nigga sayin hi to you\nYou know I wouldn't lie to you\nI wanna be inside of you\nAnd after I do, goodbye to you [2X]\n\nOutro:\n\nSee Ya!\nGoodbye\nGoodbye\nBye-bye, baby\nGoodbye, goodbye\nBbbbbaby goodbye\nBye-bye, baby goodbye\nBbbbbaby goodbye\nGoodbye, goodbye", "image": "https://images.genius.com/efb588f8acae9176c73ba2a8cadac12c.350x350x1.jpg"}], "artist": "Snoop Dogg"}