{"songs": [{"title": "Jump around (house of pain cover) - live", "album": null, "year": null, "lyrics": "Snoop:\nHear ye, hear ye, come one come all\nIt's the first annual g, nigga, and all my doggs\nAre invited, so go and enlight it\nCause it's the first time in a long time (right)\nReminiscing about the fresh fest back in '85\nWhen the dubs and the san dieg's used to hoo ride\nOn motherfuckers like it was the thing to do\nEighty-five, eighty-fo', eight-tray, in year eighty-two (eighty-two)\nYou know what the fuck I'm talking about\nAfter party on the lake at the big homie's house\nAnd bet nobody bring a motherfucking gun\nCause everybody in the house's from two-one...\nTray deee:\nTwenty-first street, burst street, where it all started\nAnd you know east side, long beach, the hardest\nNiggas coming realer than the real mccoy\nSo step with your rap and we bring the noise\nIt's the gang of fly bitches, homiez on the switches\nDice in the back if ya wanna get your riches\nNo snitches allowed inside the crowd\nCause this is the g thang, east side l.b.c. brang\nIn to have some fun represent two-one\nAnd bet nobody bring a mothafucking gun and a...\nSnoop:\nYeah, king park was the location\nAnd the bigga g that was my destination\n(we were) lookin up to niggas coming up before me\nAnd l.b.c. into my east side homies..... (it's like)\nNobody can see you, but you (yeah, the east side's perfect)\nNobody can see you, but you (ha ha, now that's worth it)\nNobody can see you, but you (hell yeah, the east side's perfect)\nNobody can see you, but you (ha ha, yeah, now that's worth it)\nTatatata.....\nSnoop (tray):\nIf ya bring a strap, then ya have to trip\n(so if you're on a mission nigga, go on and dip)\nWe got meat to eat, (freaks to meet)\nAnd chronic we can smoke on, (if I ever get a loc on)\nStrolling through the park one day\nPuffing on a fat ass j. with my homie named tray\nDeee tryin' to see if we could put this lbc thing\nBack together like it was supposed to see\nTray:\nCause ya know I'm down with ya to make 'em get the picture\nAnd if I have to sit ya down then I spit ya\nGame from the heart, I came from the start\nSee I was regulating when crackers was the daily's\nSnoop:\nNigga let me interact with my black croaker sacks*\nAnd a gray golf hat tilted to the back (what's up? )\nDitchin' Sunday school to get a pack of now and laters\nWhile I'm rolling with the stealers and killin' with the raiders\nTray:\nAnd when we bang with the saints then we ain't no joke\nCome around from outta bounds and we goes for broke\nNow we're breaking 'em up (hmm hmm), shaking em up (yeah)\nAnd just for a second we're waking 'em up\n(continue) giving up game on his tired ass feet\nWith a small dedication to two-one street", "image": "https://images.genius.com/8c99dd335733f9c3cf16f57c9f589cfb.361x361x1.jpg"}], "artist": "Snoop Dogg"}