{"songs": [{"title": "Do You Remember", "album": null, "year": null, "lyrics": "[Intro: Snoop Dogg (Charlie Wilson)]\nY'all remember?\n(Do y'all remember)\nRemember\n\n[Verse 1: Snoop Dogg]\nDid y'all remember how it useta be\nWasn't no trippin', we all family\nHold hands with me, make plans with me\nFor once in a lifetime, here's your chance to be\nNow dance for me\nLike you did when you was a kid\nIt wasn't where you was from, it was where ya lived\nI give, to the girls when they got up outta church\nPray for me, that I don't get hurt\nI gotta work, I'm tryna get some G's\nWhat you scheme?\nAs the stars are gone\n[?]\nNow tha police, gettin' tricky\nThey sent 'em, we out\nUndercover, to get me\nContradict me, but I'm just too slippery\nSomehow, someway them muthafuckas missed me\nWhile they nappin' I'm rappin', stackin'\nAnd lookin' for them niggas on the move, that's jacking\nTheir deposits hot, but ya not\nPrepare to shoot or get shot\nLong as it's from me to you or you to me\nIt really don't matter unless you say you gon' bring the thing\nCause I'm a g from the old school\nI squab from the shoulders, whole thangs over\nDon't call me Snoop or Calvin [?]\nThinking a nigga young cause a nigga getting older\n\n\n[Chorus: Charlie Wilson]\nOoooooooohhhhhhhhhh\nI keep a gat in my pants, just incase ya check\n\n[Verse 2: Snoop Dogg]\nAye, it ain't the love just cause he black\nI'll put you on the map like that\nNow, I'll give ya dap, if you's a real one\nThat kill for the right thang\nNot for the wrong thang!\nGrab [?]\nAnd get ya gangbang on mane\nAnd do it like they used to do on Soul Train\nWhen I was a little bitty nigga from the city\nThere wasn't no killin', dealin', just happy feelin's\nI'mma take it back to how it was\nIf you down wit' me can I get a right on cuz\n(right on)\n\n[Chorus: Charlie Wilson]\nI keep a gat in my pants just in case ya checkin'\n(6x)\n\n[Bridge: Charlie Wilson]\nNot just knee deep, she was going real deep when she went down on me\n(3x)\n\n[Verse 3: Snoop Dogg]\nNow I know I gots to get it cause I want it now I gots to have it\nSee this the West coast anthem\nNow is that tragic?\nIf yo' set and my set, yo' hood and my hood\nNigga it's all to the good\nThat's how we do it in the 9-8\nNo playa hate\nJust take some shades and regulate\nAnd represent the Golden State\nAnd get them muthafuckas swole in the face\nI need bank, like Dre used to make\nWhen NWA was in the muthafuckin' place\nThe case was dropped, Cristal was popped\nThen the big Dogg got snatched by the cops\nNo longer will Dogg be given ya muthafuckin' props\nI'm grown now, on my own now\nNot my daddy but pop goes the weasel\nFor tryna play me in the paint like Shaq Diesel\nSee i'm a lil man wit' a big thang\nBut I'd rather make big change in the game\nSee the block gets hot when ya not prepared to shoot or get shot\nSo for me and you or you and me\nIt really don't matter what ya say ya gonna do to me\nCause I'm a G from the old school\nI squabble from the shoulders till the whole thangs over\nDon't call me Snoopy\n[?]\nThink a nigga dumb cause a nigga gettin' older\n\n[Chorus: Charlie WIlson]\n\n[Outro: Charlie Wilson]\nI keep a gat in my pants just in case ya checkin'\n(2x)\nNot just knee deep, she was going real deep when she went down on me", "image": "https://images.genius.com/41fe8d5725f2f85c377d1d2d44348ea7.500x501x1.png"}], "artist": "Snoop Dogg"}