{"songs": [{"title": "I Need a Rolex", "album": null, "year": null, "lyrics": "[Bridge]\nSnooooooooooop\nSnooooooooooop\n\n[Hook]\nWhen the pimp's in the crib, ma\n(Drop it like it's hot, drop it like it's hot, drop it like it's hot)\nWhen the pigs try to get at you\n(Park it like it's hot, park it like it's hot, park it like it's hot)\nAnd if a nigga get a attitude\n(Pop it like it's hot, pop it like it's hot, pop it like it's hot)\nI got the Rolly on my arm and I'm pouring Chandon\nAnd I roll the best weed cause I got it going on\n\n[Verse 1: Pharrell]\nI'm a nice dude, with some nice dreams\nSee these ice cubes? See these Ice Creams?\nEligible bachelor, million dollar boat\nThat's whiter than what's spilling down your throat\nThe Phantom, exterior like fish eggs\nThe interior like suicide wrist red\nI can exercise you, this can be your Phys. Ed\nCheat on your man ma, that's how you get ahizzead\nKiller with the beat, I know killers in the street\nWith the steel that'll make you feel like Chinchilla in the heat\nSo don't try to run up on my ear\nTalking all that raspy shit, tryna ask me shit\nWhen my niggas fill ya vest they ain't gone pass me shit\nYou should think about it, take a second (Ding)\nMatter fact, you should take four B\nAnd think before you fuck with lil Skateboard P\n\n[Hook]\n\n[Verse 2]\nI'm a gangsta, but y'all knew that\nDa Big Boss Dogg, yeah I had to do that\nI keep a blue flag hanging out my backside\nBut only on the left side, yeah that's the Crip side\nAin't no other way to play the game the way I play\nI cut so much, you thought I was a DJ\n\"Two, one, yep, three!\"\nS-N double O-P, D-O double G\nI can't fake it, just break it, and when I take it\nSee I specialize in making all the girls get naked\nSo bring your friends, all of y'all come inside\nWe got a world premiere right here, now get live!\nSo don't change the dizzle, turn it up a little\nI got a living room full of fine dime brizzles\nWaiting on the Pizzle, the Dizzle and the Chizzle\nG's to the bizzack, now ladies here we gizzo\n\n[Hook]\n\n[Verse 3]\nI'm a bad boy, with a lotta hoes\nDrive my own cars, and wear my own clothes\nI hang out tough, I'm a real Boss\nBig Snoop Dogg, yeah, he's so sharp\nOn the TV screen and in the magazines\nIf you play me close, you're on a red beam\nOh you got a gun so you wanna pop back?\nAK-47 now nigga, stop that!\nCement shoes, now I'm on the move\nYou're family's crying, now you on the news\nThey can't find you, and now they miss you\nMust I remind you I'm only here to twist you\nPistol whip you, dip you then flip you\nThen dance to this mothafuckin' music we crip to\nSubscribe nigga, get your issue\nBaby come close, let me see how you get loose!\n\n[Hook] + [Bridge]", "image": "https://images.genius.com/8c99dd335733f9c3cf16f57c9f589cfb.361x361x1.jpg"}], "artist": "Snoop Dogg"}