{"songs": [{"title": "Ride 4 Me", "album": "Tha Doggfather", "year": "1996-11-12", "lyrics": "Hey, hey\nWassup little homie\nYo big homie what's goin' down?\nGet in nigga\n\nRide, this mothafucka fresh\nYa ride with me, I need ya to hit a corner with me\nLet's do this\nYeah, nigga I know you like dis, nigga\nI gonna said you one day up\nYa this be some gangsta shit right here\n\nCheck this out though lil' homie\nI got this move for ya man\nThis sucka ass nigga over here\nWe gunna pull up on this nigga house right here\nNigga, stay right here\n\nThis nigga a bitch, man\nYa you know this nigga, he's from the hood\nNigga ain't kickin' this shit\nHe got major, major chips\nWe're tryin' to have a piece of that\nCheck it out though\n\nI want you to slide up to the do'\nRight\nWhen this nigga open up the do'\nDogg, I want you to go and lay him down\nThis nigga ain't gunna do shit, he's a bitch\nYou da little homie\n\nHe can't do nothin' to you, nowhere\nThat's on everything\nNow go on in there and handle that shit, lil' homie, I'm out here waitin' out here on ya\nIt's done double OG, be right back\n\nOh, shit\nAhhh, ahhh, ahhh, ahhh, ahhh\nSlow your motherfuckin' roll nigga\nSlow your roll\nDamn", "image": "https://images.genius.com/ecb7c80ab44a68c9d33f60b5fccd0a70.1000x1000x1.jpg"}], "artist": "Snoop Dogg"}