{"songs": [{"title": "Poppin' Them Collars", "album": null, "year": null, "lyrics": "[Snoop Dogg (Master P)]\nHey yo (Ghetto Postage)\nGive me something that makes a nigga want to pop his motherfuckin' collar\n(With a lil' West Coast twist on it)\n(Master P and Snoop, ha ha, tah dow, poppin' collars)\n\n[Chorus: Master P & Snoop]\nPop those collars\nPop those collars\nPop those collars\nThat's the just the way we do it\nPop those collars\nWe changed the game\n\n[Snoop]\nSlid up in the door, get up in ya ho\nSippin' on some Mo with Big D from the mad ass 6-0\nStretched out on the couch with some Mary Jane\nDoghouse nigga, we all in the same game\nAn every nigga in my click got the platinum chain\nBlang, blang Doggy's Angel's same thing\nEastsidaz same thing, rip riders ask my nephew Kokane\n\n[Master P & Snoop]\nCause game recognize game and we got it\nNo Limit and Dogg Pound, we rowdy, get em' up\nWe bang bang\n\n[Snoop]\nOn this music that we make ho\nIn the cars, the clubs, or when we smoke dope\nWe drop that shit for you kin folk\nAnd poor folks no joke, loc loc\nBlaze a sack loc, bust a back stroke\nAnd pop ya motherfuckin' collar till ya break ya back loc\n\n[Chorus]\n[Master P]\nAh dog we off the heezy\nSnoop and P together for cheesy\nPoppin' collars from the South to the Wizest\nWe off, see the tank around our nizeck\nWe O.G. show me love\nAnd the Baker Boys started the buzz\nNow we California livin' like Dre and Pac\nAnd them No Limit boys, see we can't be stopped\nMe and E-Feezy go way on the bizack\nRemember Baby D, TRU it and Prizack\nMy essay homie, chop chop got the dizope\nWhile me and Xzibit was ballin' by cizoast\nI'm the black Slim Shady so don't try to play me\nTurn a six into a Bentley and drive em' crazy\nRoll up to Eastside back to the West\nRepresent Richmond, California to the South, respect\n\n[Chorus]\n[Snoop]\nI'll bless you before I diss you\nWhy y'all miss me, shit I miss you\nSo sweet, so sure but so low\nSo just let it all go, serious we sick of this\nDog homie, ask ya kids they put you up on it\nOn the corners they poppin' they collars\nWhile back in the days, shit niggas used to stack they dollars\nMake a nigga want to holler\nPlayers, pimp, p-poppers, impersonators\nReal rip riders, Eastsidaz and regulators\nHaters come in all shapes, sizes and colors\nBut we on top of things so they can't get above us\nHate us or love us, we rollin' with the heat huggers\nThuggers, house party niggas fuck clubbers\nWith inane in my pockets, poppin' my collar pushin' and shovin'\n\n[Chorus]", "image": "https://images.genius.com/8c99dd335733f9c3cf16f57c9f589cfb.361x361x1.jpg"}], "artist": "Snoop Dogg"}