{"songs": [{"title": "Weed N Wax", "album": "Thats My Work Vol. 3", "year": "2014-02-27", "lyrics": "[Intro]\nTell me way you smoking good out of side in the hood\nPocket's tight you should could put that money on the wood\nTake a flight, take a trip, you just might take a flip\nWe just might take a zip, we gonna ask different shit\n\n[Hook]\nI'm smoking weed n wax, weed n wax, paper shit\nI'm smoking weed n wax, wax, wax\n\n[Verse 1: Soopafly]\nBaby turn around to the other shit blow smoke\nI would into agresive just blow it enough don't make her show\nJust sit back you daddy, then I'm blind when you look at the miles\nI said yeah you've been a drip, grab a homie young teddy bear\nYour head it's fair, she ask if she can roll another blug\nI'm like I don't care, the way you try this\nNo way blood, no weed, no liedest\nA little something I'll be blow and browing\nWith a free hand, we still run and pull, I'mma G\nTook a little hit, baby look at me like I'm a bullshit\nBut I'm not, come close and show you what I got\nBaby this right here is wax\nMake it down from the crowdy\nIs it better when I smoke your sac\nHold that, but now just perform it\nTurn that ass round baby touch on it\nWhile I pull take another pull\nDon't wanna put too much on it\nBut when I look at you you're so beautiful\nSo after all this dick you get\nYou can smoke all this streaky stack\nWe'll be on the same vibe and maybe it's no coincidence\nWe like your mind take a trip\nPurple kush make it bitch\nWe're the wax paper shit\n\n[Bridge]\nWe're the wax paper shit, we'll be right smoking\nOut of side in the hood\nPocket's tight you should could put that money on the wood\nTake a flight, take a trip, you just might take a flip\nWe just might take a zip, we gonna ask different shit\n\n[Hook]\n\n[Hook]\nFresh shoose, design clothes, now hit, desing this whores\nTwo times, six ooh so fance so quick drop on the club\nI got a brand new hit\nWeed n wax it's what I blow\nAll kush and dope\nYeah that is, what that is?\nLike that bitch, there I go\nMary candy out it in the mix\nFeels so good it should be fix\nWanna get the truth fine to get\nStop getting to much low\nNow tell me what to do\nCalm it down, break it up, take a patch, now pass it on acid\nIt's dri shit, it's clasic, it's magic\nFlow and get you til\nFlatery in that hole never got me see\nThat will me breath taking, cake baking\nBread, eg, cheese and baking\nFrench toast, west coast, eath quakling, trippulating\nNever in to take it, guapalating, ..\nWhile we popping, we make it\nNow we down to make it, turn your Tv only, we on it\nTelevision station, DG air\nTell her friend we never be electronic , blowing out the G\n\n[Bridge + Hook]", "image": "https://images.genius.com/84ac60e2e266a0d4d5eaa555a3450fe0.500x500x1.jpg"}], "artist": "Snoop Dogg"}