{"songs": [{"title": "Out the Moon (Boom, Boom, Boom)", "album": "Gridlock'd (The Soundtrack)", "year": "1997-01-28", "lyrics": "[Intro] penis sucker\nHa, ha\nWhat is an MC, if he can't rap?\nWhat is a DJ, if he can't scratch?\nDon't worry about a thing cause my niggas goin' do it all just like that\n\n[Pre-Hook]\nBoom, boom, boom... boom\nAhhh, bend over, bend over\nBoom, boom, boom... boom\nAhhh, bend over, bend over\nBoom, boom, boom... boom\nAhhh, bend over, bend over\nBoom, boom, boom... boom\nAhhh, bend over, bend over\n\n[Verse 1: Bad Azz]\nIndeed I am nigga\nFlossy like gangsta shit\nI got pounds of weed and keys sittin' on G's Catch a breeze\nWhen I ride by high sittin' on 'Tonas\nTearin' up spots And blocks in my hood ain't got no corners\nCause we done chipped 'em all off a proper piece\nBustin' rocks and Glocks And gettin', ghost from the Police\nNo peace So, he gets served with no concern\nTo who gets burned\nAnd one day they'll learn\nNot to be fuckin' with the nigga buckin' with the trigga\nNothin' you could figga could help you escape\nFrom this mind state\nThat I create young nigga\nYeah! and it's just like that\n\n[Hook: Snoop Dogg]\nL.B.C. out the moon and my speakers go\nBoom, boom, boom... boom\nMy rearview mirror's vibratin' cause my speakers go\nBoom, boom, boom... boom\nL.B.C. out the moon and my speakers go\nBoom, boom, boom... boom\nMy rearview mirror's vibratin' cause my speakers go\nBoom, boom, boom... boom\n\n[Verse 2: Soopafly]\nNow I rock\nSome will talk\nIt don't stop\nWhen that funk shit drops To make your shit go pop\nNow let that beat ride In your 'G ride\nWe gettin' me right Hittin' with that Dogg Pound \"C\" life\nNow it's I, with that stylish flow\nSo niggas step back or heads get cracked, and I won't let back\nWho comin' with that gangsta shit\nThe shit that only gangsta's get gangsta with\nNow quick to bust your ass like the cop\nWaitin', debatin' for my ass to flip flop\nBut I don't flop\nI just flip the script When I did and set trip\nKeep the clip close to my hip\nAnd don't say shit\nWhen I blast\nI done told your ass\nSlow the fuck on down\nDogg Pound, Motherfucker\n\n[Hook: Snoop Dogg]\nBoom, and you know that\nD.P.G's out the moon and my speakers go\nBoom, boom, boom... boom\nMy rearview mirror's vibratin' and my speakers go\nBoom, boom, boom... boom\nBoom, and you know that\nD.P.G's out the moon and my speakers go\nBoom, boom, boom... boom\nMy rearview mirror's vibratin' and my speakers go\nBoom, boom, boom... boom\nBoom\n\n[Verse 3: Techniec]\nFrom the archives\nI arise off the Long Beach streets\nWill be comlete to the do is done to all that competes\nDon't be alarmed as I swarm through\nI warned you and your crew see wax\nSo, what's that?\nA known fact\nBattle that the habitat our men is deadly\nYou can get diluted or depends on where your head be\nStrivin' for what your in for\nAnd for your info mo' flow\nThan the tightest nigga flowed in '94\nSo, stand and deliver\nWatch nigga's shiver\nQuiver in they boots\nAs I mob with my troops\nThrough the east where the phonies get deleted\nBe seated, and all the G's I know stay heated\n\n[Verse 4: Tray Deee]\nSee I was born to be known as a thug and thief\nSo anyone with beef I gotta slug to sleep, peep\nI'm not no nigga Figga' he can come up\nBy gettin' a job so I mob, not givin' a fuck\nI'm the drama Mama warned all they kids about\nI mash up strapped get my dibs n' out\nHustler musn't trustin' a gat\nTo keep me fat\nSeekin' victims pick 'em and then I stick them in track\nMy heat black\nWith the cereal number scratched out\nDon't wear a glass shield but you'll still be assed out\nI'm Mr. Tray Deeee\nAnd since they say \"G\"\nAs my title\nMy method mainly homicidal\n\n[Hook: Snoop Dogg]\nBoom, Yeah, and you know that\n2-1 out the moon and my speakers go\nBoom, boom, boom... boom\nMy rearview mirror vibratin' cause my speakers go\nBoom, boom, boom... boom\nBoom, Yeah, and you know that\n2-1 out the moon and my speakers go\nBoom, boom, boom... boom\nMy rearview mirror vibratin' cause my speakers go\nBoom, boom, boom... boom\n\n[Verse 5: 2Pac]\nCould it be, my history livin' G like\nEnemies that wanna see me, would it be like\nPicture me practicin' perfection now hit the deck\nPlaya haters gettin' chin checked when I hit the set\nWatch how they fall When I buck 'em all\nWe Outlaw, Westside Playa, touch 'em all\nI buck 'em all then remain ballin'\nOut the moon with my Glock cocked shot callin'\nBrothers fall then they crawl and they beg for they life\nShould've never tried to rush me, you're dead here tonight\nIt's Thug Life\nGo tell them bustas up at Bad Boy records\nFat tricks got a big mouth, must've better check it\nI can see it plain as day, this game I play wide open\nI pull the trigga dead figga with his eyes open\nHis pride brokin', I tried smokin', but bailed out\nSoon as they left me at the jail house\nMobbin' in my...\n\n[Hook: Snoop Dogg]\nYeah, and you know that\nDeath Row out the moon and my speakers go\nBoom, boom, boom... boom\nOutlaw out the moon and my speakers go\nBoom, boom, boom... boom\nMy rearview mirrors vibratin' and my speakers go\nD.P.G. out the moon baby baby", "image": "https://s3.amazonaws.com/rapgenius/gridlock-d-original-motion-picture-soundtrack-2lp.jpg"}], "artist": "Snoop Dogg"}