{"songs": [{"title": "Me And My Homies", "album": null, "year": null, "lyrics": "[Chorus]\nMe and my homies tho\nYou know we kick it like everyday\nMe and my homies, kick it like everyday\n\n[Nate Dogg]\nBut I'm alone in my room\nAnd I don't have no one to talk to\nI catch a girl with my phone\nAnd cause some folks who know what I go through\nAfter I smoke a joint, come on\nTo keep my temper low\nI parlay with my friends\nThere's really no where else to go\n\n[Chorus: x2]\n[2 Pac]\nI ain't shit without my homeboys\nRather be buried, then see us party\nKeep it close to my heart\nCause we the ones that got the shit started\nYou recollect, we used to bust on snithces\nNobody come before my niggas, fuck all y'all bitches\nAll my homeboys are self sufficient\nSo be suspicious of your scandalous tricks\nGot the police taking our pictures\nLove to hang out on the corner but we known to ride\nMe and my motherfucking homeboys down to die\nFor each other, cause we closer than brothers\nIts like you came in, no forgetting the party popping\nWhen my squad walks in\nThrow up your hands baby buy me a drink, stop acting phony\nDon't forget to bring something for all my homies\nTo know me is to love a thug nigga to the fullest, ducking bullets\nSnatching guns when these trick niggas pull it\nHandle my business like a professional, the whole world knows me\nBut I ain't shit without my fucking homies\nMe and my fucking homies\n\n[Chorus]\n(Me and my homies)\nConstantly we mash\n(Me and my homies)\nGotta make that cash\n(Me and my homies)\nThere's no need to ask\n(Me and my homies)\nWe are still the best\n\n[Repeat: x8]\n(thats my homeys)\nThats my homeys\nDPGC homeys\n\n[Chorus]", "image": "https://images.genius.com/8c99dd335733f9c3cf16f57c9f589cfb.361x361x1.jpg"}], "artist": "Snoop Dogg"}