{"songs": [{"title": "Chronic Break", "album": "Doggystyle", "year": "1993-11-23", "lyrics": "Can we get a motherfuckin moment of silence\nFor this small chronic break?\nA-hah, yeah, niggas be brown-nosing these hoes and shit\nTakin' bitches out to eat, and spendin' money on these hoes, YouknowhatI'msayin?\nI treat a bitch like 7-Up, I never have, I never will\nI tell a bitch like this\n\"Bitch, you without me is like Harold Melvin without the Bluenotes;\nYou'll never go platinum\"\nHey Daz, give me a light, nigga", "image": "https://images.genius.com/d31a03639b8f8f4259b9b9da07972d52.996x1000x1.jpg"}], "artist": "Snoop Dogg"}