{"songs": [{"title": "Fuck Donald Trump Bitch (Marshawn Lynch Stream of Consciousness)", "album": null, "year": "2017-11-20", "lyrics": "[News story plays in the background]\n\nFuck Donald Trump bitch. Yep, yep. Yep, yep. Fuck you.\n\nThey should suspend your dumb ass motherfucker all the goofy shit you do every day. When you gon' get suspended motherfucker? Fuck you. I'm with Marshawn Lynch, nigga. Stand up for the Mexican president, Mexican motherfucking national anthem. We fuck with Mexicans, nigga. They the homies. Fuck you bitch.\n\nFuck you Donald Trump and everything you stand for.\n\nLaVar Ball good looking out. I want to thank that motherfucker, but fuck you. \"Should've left him in jail\", what kind of nigga is you man?\n\n[Scoffs] Garbage.\n\nAmerica y'all should be ashamed to call this piece of shit your president. He ain't mine. Fuck him.", "image": "https://images.genius.com/8c99dd335733f9c3cf16f57c9f589cfb.361x361x1.jpg"}], "artist": "Snoop Dogg"}