{"songs": [{"title": "Sumthin Like This Night", "album": "Doggumentary", "year": "2011-03-29", "lyrics": "[Intro: Snoop Dogg]\nTop selector number one Big Snoop D-O-double-G, ya!\nCome again, bo, bo!\nSomething bout this night\nSomething bout this light, yahhhhh\n\n[Verse 1: Snoop Dogg]\nIlla dilla, I'ma killer\nSnoopy Dogg with the Gorillaz\nLayin low, on the floor\nMy hands up high, I'm full of dro\nGirlies tryin to kiss me slow\nI'm leaning like a sixty-four\nThis life I live's incredible\nThese trees I breeze are medical\nTake a look, in my eyes\nHold on tight, enjoy the ride\nIf you don't feel good then you out of place\nMy universe, is outer space\nMy look, my style, my Prada case\nLil' daddy get out our face\nTrip this, sip this, hit that, now sit on back\nAnd let Dogg go and get on that\nParty people you invited\n\n[Hook: Gorillaz]\nIf you never tried it... something like this\nI can try to smoke wit'chu, something like this\nIf you never tried it... something like this\nI can try to smoke wit'chu, something like this\nSomething like this, something like this\nSomething like this light, something like this night\n\n[Verse 2: Snoop Dogg]\nWhat a night to get involved\nEverybody have a ball\nCelebrate and fill your cup\nDrink until you get enough\nHow you feel, I got that feeling\nDisco lights hang from the ceiling\nAin't nobody on the wall\nPop it, drop it, let that fall\nHey DJ, play my song\nStep back, let it bang all night long\nI need your attention, no hoping or wishing\nCome in, in high-definition\nSaid I do, right that I do\nGet up and get money, yep that I do\nRode it, ride it, lick it\nBite it, roll it, light it\nParty people you invited\n\n[Hook]\nIf you never tried it... something like this\nI can try to smoke wit'chu, something like this\nIf you never tried it... something like this\nI can try to smoke wit'chu, something like this night\n\n[Outro: Snoop Dogg and Gorillaz]\nParty people you invited\nSomething like this light, something like this\nSomething like this night, something like this\nSomething like this light, something like this night\nSomething like this light, something like this night", "image": "https://images.genius.com/bf66457764b32165c7cdb2908ea44580.1000x1000x1.jpg"}], "artist": "Snoop Dogg"}