{"songs": [{"title": "Hell Yeah [Stone Cold Steve Austin Theme]", "album": "WWF Aggression", "year": "2000-03-21", "lyrics": "Snoop Dogg: Yeah, ha ha, Snoop Dogg\nWC: Dub C, heh, yeah\nSnoop Dogg: All up in here, baby, yeah\nWC: Uh-huh\nSnoop Dogg: Straight G thang, yeah\n\nWC\nCode of the night is droppin' these thangs on your dome\nHittin' up my enemies, mad doggin' 'em with a heart full of stone\nBlam blam! Kickin' yo' door down, throwdown, dirty and low down\nIt's 'bout to go down, who ready for the showdown?\nWhich one of y'all wanna be the first to get tossed in the tussle?\nBuckle, choked up by these muscles and taste these knuckles\nLost I'm runnin' 'em all, haters, I'm gunnin' 'em all\nTricks, I done done 'em all then I ain't go no love for none of y'all\nI'm comin' through like a Brougham, givin' it up with both hands\nSlaughterin' your whole fam, rippin' up the program\nTotal chaos, deadly as snake eyes, so can't\nNone of you bustas hurt me, fool, I'm a G with no mercy\n\nSnoop Dogg\nWhen I say, \"Hell\", you say, \"Yeah\"\n(C'mon) Hell yeah (C'mon) hell yeah\n(C'mon) Hell yeah (Everybody c'mon) hell yeah\n(Everybody, body) Hell yeah\n(C'mon, c'mon) Hell yeah (Ha ha)\n\nIf you down with these hits say \"Hell yeah!\"\nIf you came to get busy say \"Hell yeah!\"\nIf you like what you see say \"Hell yeah!\"\nIf you down with me, say \"Hell yeah!\"\nIf you like what you see say \"Hell yeah!\"\nIf you came to get busy say \"Hell yeah!\"\nIf you down with Stone Cold say \"Hell yeah!\"\nParty people in the house say \"Hell yeah!\"\n\nWC\nGettin' my bail on, swell on, far from a rookie\nI spit in your face and look at ya, dare ya to say somethin' to me\nTemper tantrum, smash random, quick to put you in a casket\nThe fool that run up is that fool to get his ass kicked\n{???} you the ones, it's an open invitation\nThese ass-kickings I'm dishin', they got no discrimination\nPatience, long gone, I'ma, chalkin' em off\nWalkin' up, bombin' on sight 'cause I'm through talkin' to y'all\nHands up, loc, I'm lit up, fed up, ready to bust, shakin' 'em up\nWettin' 'em up, slangin' these knuckles, cameras, I'm gettin' 'em up\nRaised on the turf where we slay for the turf\nAnd I'm the realest rider to walk the face of this earth\nStrapped you best to be, ain't no standin' next to me\nCheckin' me, thought I warned you cowards about testin' me\nPressin' me, see the game of pain, yo I'ma plug it\nI'm so rugged, shhhh, I'm cold blooded\n\nSnoop Dogg\nIf you down with these hits say \"Hell yeah!\"\nIf you came to get busy say \"Hell yeah!\"\nIf you like what you see say \"Hell yeah!\"\nIf you down with me, say \"Hell yeah!\"\nIf you like what you see say \"Hell yeah!\"\nIf you came to get busy say \"Hell yeah!\"\nIf you down with Stone Cold say \"Hell yeah!\"\nParty people in the house say \"Hell yeah!\"\n\nWC\nYeah, y'all know what time it is\nY'all know how it's goin' down\nNo surrender, no retreat, no takedown\nBeanie Mac cookin' up the track\nThat's right, Snoop Dogg and Dub C ridin' in the back\nMake sure y'all know what time it is\nHuh huh, yeah, we gon' make this happen\nFor everybody out there, the heat bangers, and headbangers\nCheck this out, what's crackin' homey?\n\nSnoop Dogg\nIf you down with these hits say \"Hell yeah!\"\nIf you came to get busy say \"Hell yeah!\"\nIf you like what you see say \"Hell yeah!\"\nIf you down with me, say \"Hell yeah!\"\nIf you like what you see say \"Hell yeah!\"\nIf you came to get busy say \"Hell yeah!\"\nIf you down with Stone Cold say \"Hell yeah!\"\nParty people in the house say \"Hell yeah!\"\n\nAll up in this be-i-itch!", "image": "https://images.genius.com/e3957c1b312447b0d434fba5f3690936.500x500x1.jpg"}], "artist": "Snoop Dogg"}