{"songs": [{"title": "County Blues (OG Version)", "album": null, "year": null, "lyrics": "[Intro: Snoop Dogg]\nYo, uh, yeah\nDoggy Dogg back in the muthafuckin' house\nBut this time I'mma get on the realistic tip\nTake you niggas on a trip through the county jail\nYou know what I'm sayin'?\nAnd if you been you know what I'm talkin' 'bout\nBut if you haven't-\nPeep game cause I'm dropping a real on yo' ass fake\n\n[Verse 1: Snoop Dogg]\nSittin' in a overcrowded tank\nI'm tryna see which nigga these niggas plottin' to gang\nIf it's me it's on\nNote, the ese with the black Nikes just got stole on\nAnd he done fell to the ground\nThe deputies ain't around so he finna get the beatdown\nThey takin' his moneybag, now they takin' his shoes\nThe life of the county and the county gives plenty blues\nA quick come up for the black guys\nSwole him up swell, roll him up with two black eyes\nNow he's callin' for some help, see?\nBut when you at it like this every man for himself G\nEspecially if you're black as me\nWatch ya back for the niggas, the Mexicans, and the crackas, G\nAin't no love jumpin' off\nI done seen some of the biggest OGs get tossed\nYou think I'm lying?\nWell take a trip, Mr. Hardass Muthafuckin' Gangsta Crip\nOr if youse a Blood throwin' up the beef\nGet shackled up to spend a whole week in 43\nBut if you don't bang, peep the ruse\nCause sometime in ya life, ya catch the county blues\n\n[Bridge: Snoop Dogg]\nStraight up, you know what I'm sayin'\nIt ain't like you can't go nigga\nBut when ya go it's like you on death row\nSo if you got warrants you little busta-ass nigga\nYou might as well pay them muthafuckas off beore you get baffled\nYou understand what I'm sayin'?\n\n[Verse 2: Snoop Dogg]\nI see the first verse gotcho' ass scared\nBut hol' up you gotta take a trip upstairs\nWhere the fools always wonderin'\nYoung nigga, welcome to 95-hundred\nConfronted every second about where ya from\nWho ya slang with, and who ya bang with\nAnd don't try to lie like you don't bang\nCause here come one of ya homies callin' ya by ya street name\nHe got you in a pickle\nNow you sittin' on a roof just freezin' like an icicle\nYou waitin' to get transferred to a module\nOh shit, here we go another squabble\nBut this time the eses is deep\nThe niggas gettin' beat so ya creep\nStraight to the deputy\nYa thinkin' to yaself \"I hope they don't mess with me\"\nThat was disrespectful\nYou ran out on the brothers, that's what you got checked fo'\nBusta-ass punk, bitch-made nigga you be livin' in a trunk\nYou better recognize rules or every time ya come back...\nYa catch the county blues\n\n[Bridge 2: Snoop Dogg]\nStraight up\nHate on mark-ass niggas comin' in yappin' about what they got on the streets\nI got hoes, I got cars, I got this, man I'm the ballif'\nMan you ain't gotta business since you been in this muthafucka\nShut yo' lying-ass up nigga\nYa know what I'm sayin'?\nNiggas always lyin'\nNigga the county jail ain't no muthafuckin' joke nigga\nYou understand what I'm sayin'?\nI'mma break this shit down for y'all\nCould really hear what I'm sayin'\n\n[Verse 3: Snoop Dogg]\nMy message was smooth and direct G\nSo if you see me in the county jail don't check me\nYou betta check yaself before ya wreck yaself\nCause Doggy Dogg is a muthafuckin' hog\nAnd size ain't shit where ya at\nWhile ya slippin' ya get somethin' shanked in ya back\nBy me or one of my BGs\nAnd busta-ass niggas don't really wanna see me\nIn or out of the facility\nI'm kickin' it real to ya so you should real with me\nDon't come like bitch\nYou tried to play hard but we found out youse a snitch\nTellin' on niggas to get out quick\nBut when ya get caught ya get a fat dick...\nShoved up ya muthafuckin' guts\nNow youse a fag gettin' paid to like nuts\nDroppin' dimes on fools\nYou got fucked in the asshole\nWearin' county blues\n\n[Outro: Snoop Dogg]\nYou know what I'm sayin'?\nNever fails\nCounty Jail\nHang a nigga out to dry, you know what I'm sayin'?\nBut uh, I'mma kick some freestyle shit so y'all can really hear...\nWhat it's made of", "image": "https://images.genius.com/8c99dd335733f9c3cf16f57c9f589cfb.361x361x1.jpg"}], "artist": "Snoop Dogg"}