{"songs": [{"title": "Cool", "album": "Ego Trippin'", "year": "2008-03-07", "lyrics": "[Snoop Dogg]\nWhat time is it...\n\n[Snoop - singing like Prince]\nI got a penthouse in Manhattan\nTwo more in Malibu\nI bought a eight-seven Cadillac Seville\nI got a Maserati too\nI wear diamonds on my fingers\nI got a couple on my toes\nI wear the finest cologne money can buyyyy\nIt keeps me smellin like a rose\n\nIf you're wonderin how I do it\nThere's just one simple rule\nI'm just cool (cool!!)\nHoney baby can't you see\nI'm just cool (cool!!)\nAin't nobody bad like me; spelled (C, O-O-L)\nWhat's that spell? (C, O-O-L)\n\nI might dine in San Francisco\nDance all night in Rome\nI go any freakin place I want to\nAnd my Lear jet brings me home\nI got ladies by the dozen\nI got money by the ton\nJust ain't nobody better\nHeaven knows that I'm the one\n\nIt's all because of somethin\nThat I didn't learn in school\nI'm just cool (cool!!)\nHoney baby can't you see\nI'm so cool (cool!!)\nAin't nobody bad like me; spelled (C, O-O-L)\nWhat's that spell? (C, O-O-L)\n\n[Interlude]\nAnd I'm cool\nI'm just cool-coo-coo-coo-coo-coo-coo-cool\nI'm just cool, c-c-c-c-c-c-c-c-c-c-c-c-c-c\nCo-co, co-co-co, coo-coo-coo, I'm just cool, cool\nI'm just cool\nCoo-coo-cool\n\n[Snoop Dogg]\nWhen I look into the mirror\nIt just tells me somethin I already know\nI'm just cool (cool!!)\nHoney baby can't you see\nI'm just cool (cool!!)\nAin't nobody bad like me; spell it~! (C, O-O-L)\nWhat's that spell? (C, O-O-L)\n\n[Outro]\n(COOL!) Sing it baby\n(COOL-COOL!) What's that spell?\n(COOL-COOL-COOL!) That spells cool\n(COOL-COOL-COOL!) That spells cool\n{*laughing*}", "image": "https://images.genius.com/fd5ace5214e5da1f374653720da7d1c1.1000x1000x1.jpg"}], "artist": "Snoop Dogg"}