{"songs": [{"title": "One Life To Live", "album": null, "year": null, "lyrics": "One life to live... yo' yo' yo'\nHey man! wazzup? !\nDon't fight with me...\nWow\nBorn in hell\nRaised in ma' house\nWalked in this big black door\nWork as a man\nWho cleans up the trash...\nONE LIFE TO LIVE, DUDE!\nOne, one, one, one, ONE life!\nThis is me\nThat is you\nYo' ma' friends, dearest girls\nWalk with me here\nThis is like a catwalk\nONE life to live...\nHi there\nYo man\nHello dude\nGay\nGuyz\nWe're humans n hv 1 life to LIVE!\nOne, one, one, one, one, YO' man\nOne life to live...\nOne life to live...", "image": "https://images.genius.com/8c99dd335733f9c3cf16f57c9f589cfb.361x361x1.jpg"}], "artist": "Snoop Dogg"}