{"songs": [{"title": "U Name It (Holiday Anthem)", "album": null, "year": "2016-11-24", "lyrics": "[Intro: DJ Battlecat & Snoop Dogg]\nSnoop Dogg, what's up man, this Battlecat! What you havin' for the holidays?\nYeah, yeah, man, you know what I'm sayin. I was gettin' me somethin' to eat, man, but they ain't even have nothin' to eat at my girl house, man. Imma get on over to the pharmacy, man, they say they got it poppin' over there, they got the...\n\n[Hook: Shirley Caesar]\nBeans, greens, potatoes, tomatoes\nLamb, rams, hogs, dogs\nChicken, turkeys, hogs, dogs\nChicken, turkeys, rabbits, You name it!\n\n[Verse 1: Snoop Dogg]\nDoggy in the kitchen cookin' chicken and rice\nThanksgiving holiday, yeah and I'm doin' it right\nPop up, potluck, full of good food\nBirds say Thursday, I'm in a good mood\nMake a quick hood call, watch a little football\nFrom the bad bad, to the neighborhood good dog\nStood tall through it all\nPop state to state, German chocolate cake\nWith Kool-Aid in the glasses\nMy family by the masses\nMy little nephews and nieces\nRunnin' around the house\nFrom a little to a lot\nBC, we thankful for all we got\nNow what you want me to say?\nBow yo' heads for a sec, and take a moment to pray\n\n[Hook: Shirley Caesar]\nBeans, greens, potatoes, tomatoes\nLamb, rams, hogs, dogs\nChicken, turkeys, hogs, dogs\nChicken, turkeys, rabbits, You name it!\n\nBeans, greens, potatoes, tomatoes\nLamb, rams, hogs, dogs\nChicken, turkeys, hogs, dogs\nChicken, turkeys, rabbits, You name it!\n\n[Verse 2: Snoop Dogg]\nUp early with Shirley, in the kitchen, on a mission\nWith hams and yams and mac & cheese for the chicken\nCollard greens is finger-lickin'\nMean with the dip and\nBobby Jones on the television\nGranny say grace for us\nAnd Auntie makin' plates for us\nThe whole family in here now\nApple in ear now\nHappy to be around\nOne of the dogs got full, baby\nTook a whole bunch of turkeys to the hood, baby\nSee I'm about that action\nRest in peace, Mr. EJ Jackson\nSee we the gift that keep on givin'\nPraise God we keep on livin'\nBC, what you want me to say?\nBow yo' heads for a sec, and take a moment to pray\n\n[Hook: Shirley Caesar]\nBeans, greens, potatoes, tomatoes\nLamb, rams, hogs, dogs\nChicken, turkeys, hogs, dogs\nChicken, turkeys, rabbits, You name it!\n\nBeans, greens, potatoes, tomatoes\nLamb, rams, hogs, dogs\nChicken, turkeys, hogs, dogs\nChicken, turkeys, rabbits, You name it!", "image": "https://images.genius.com/63361eae0c0c4669baa5d3e4e48ae681.640x640x1.png"}], "artist": "Snoop Dogg"}