{"songs": [{"title": "Promise I", "album": "R&G (Rhythm & Gangsta): The Masterpiece", "year": "2004-11-16", "lyrics": "[Hook]\nBoy boy boy\nYou know that you got me Snoop\nYou're a joy joy joy\nIt's all the pimpin things you do\nBoy you got me in a daze\nAnd I don't if it's the haze\nCause we smoke so much\nOoh ooh, ooh ooh\n\n[Snoop]\nGet a bitch, got a bitch\nHang out with the D-O Double girl be a part of this\nNow hang up your coat\nBlaze the dope, never messin' a stroke (yay yeahi)\nNow this here is a tapeda\nYou ever seen a stretch Lear Jet two seata (no)\nIt ain't what you want, it's what you needa\nReal ass nigga to help you kick your feet up (yeah)\nNow flip the channel to Lifetime\nYou stay on my mind even when I'm writin' rhymes\nWe can chill all day until the nighttime (nightime)\nI'll let you know when to go at the right time (right time)\nI know you don't wanna go\nBut you gotta get the hell up outta here (go go)\nI say \"Go\" you say \"No\", go\n\n[Hook]\n\n[Snoop]\nHave a drink, have a toast\n\"What it do?\" Whatever you want\nAnd we don't wait until the first of the month\nWe never hesitate to blow a hundred-dollar blunt\nNigga, money is nothin' to us\nIt's big pimpin over here, baby you fuckin' with us\nStruck it rich with the struck the luck of a dutch\nTripled you up, you little late for the flush (flush)\nYou got plans for honeymoon (honeymoon)\nI got plans to move your fine ass up in my living room\nAt the studio on the d-low, is you wit it? (wit it)\n(Never leave you, no)\nYou gotta stay committed to do what I say\nNo matter how I spit it, your wit it\nIf I say \"Go\" that means go, now go\n\n[Hook]\n\n[Snoop]\nOoh ooh, ooh ooh, ooh ooh\nOoh ooh wee\nYeah, come spend a week wit the Blackjack Tripper\nUnzip your zipper\nGot a couple of bitches that's gonna help you up outta that\nI want you to sing wit 'em\nAll 'all sing together, come on - we gonna be a group\nLet me hear you say\n(Neva, ever leave you)\nAll my bitches let me hear you say\n(Neva, ever leave you)\nLet me hear you say\n(Neva...)", "image": "https://images.genius.com/22daab0632e506300bab596c589dcfb2.1000x1000x1.jpg"}], "artist": "Snoop Dogg"}