{"songs": [{"title": "Gangbang Rookie", "album": "Doggumentary", "year": "2011-03-29", "lyrics": "[Intro - Snoop Dogg (Larry King)]\nI'm not down with the republican party or the democratic party\nI represent the gangsta party\n(The gangsta party?)\nYes sir\n\n[Verse 1 - Snoop Dogg]\n\nI ain't no gangbang rookie, let that thang bang fully\nI'm a boss out here on the west\nKiller coast is my home rich rollin' on my throne with my blue bandana on my neck\nGirl, come fuck with Snoop, sign up on my team there's a little room left\nGirl, you heard all my songs, steady long, steady wrong, don't get your ass left\nChurch on the move nigga, now go and hit the turf with the news nigga (Snoop)\nI got some advice for you new niggas, you wanna be in the league well tell 'em who sent ya (Snoop)\n\n[Hook - Snoop Dogg]\n\nDO double G, hoes with double D's, in line to juggle these (Snoop)\nTwisting up the OG, about the whole P, untill I OD, (Snoop)\nThe one they all wanna come to see, hoes loving me, you niggas wanna be (Snoop, Snoop)\nEven Bloods fuck with Cuz, I hit the club, they're all showing me love\nThey like (Snoop Dogg)\n\n[Verse 2 - Snoop Dogg]\n\nCan I get you a autograph, what's up with that DPG, Doggystyle and Aftermath\nI just laugh while I'm twistin' up another zag, bad bitches kissing in the tub takin' bubblebath\nI ain't no gangbang rookie police tryna book me\nI'mma modern day Tookie on the set\nI got the whole party poppin see you hater niggas jokin all these ice cold diamonds on my chest\n\nThey see my whole team thugging, nah they mean mugging\nBut that no meant nuthin'\nCause if there's problem I pull the problem solver\nI call the .308 revolver put an end to all this drama, (Snoop)\n*?Chop fleet dollar with that gold fleet collour?*, (Snoop)\nGet them euros, get them dollars, get them zeros, get them commas, (yeaaah)\nTime to get this change guess I'm like Obama\nBut I'mma stay the same on my motherfucking mama\n\n[Hook - Snoop Dogg]\n\n(Snoop, Snoop,)\nDO double G, hoes with double D's, in line to double D's (Snoop)\nTwistin up the old G, about the whole P, untill I OD\nThe one they all wanna come to see, hoes lovin' me, you niggas wanna be (Snoop, Snoop)\nEven Bloods fuck with Cuz, I hit the club, they're all showing me love\nThey like (Snoop Dogg)\n\n[Intro 2 - Pilot]\nSo what up Locust\nLong Beach inside\n(Some names impossible to understand)\nAnd you allready know what it is\n\n[Verse 3 - Pilot]\nI ain't no gangbang rookie (whaaat?), police tryna overlook me\nLong Beach Eastide is where im at\nSkinny side and roll on\nWith my tub on the bottom, I'll be shopping on the set\nLet me hop on a Enzo\nLet a bitch hit me up for some brain bro (hit me up)\nLet them niggas now im 'bout my cake bro\nWPG young Pilot fuck with (Snoop)\nOG wath a young man, 15 got haters like a grown man\nW-Money Sa-D who I fuck with (that my niggas)\nWhen I was young my mum said I looked like (Snoop)\nAnd we ride in a cool, topback, Doggystyle bangin' out mawfackin'\nI'mma take her to my bed homie\nAnd I'm thinking crystal clear\nDiamonds on my neck shining like a shinereer\nEven Bloods fuck because, I'm in the club with big (Snoop)\nYoung Pilot\n\n[Outro - Snoop Dogg (Larry King)]\n(Are you, Snoop are you still basically a gangster at heart?)\nI am and I was\n(Is it G-A-N-G-S-T-E-R or G-A-N-G-S-T-A?)\nSay it dawg (Gangsta hehe)\nSay it like you mean it\nHaha\nGangsta", "image": "https://images.genius.com/bf66457764b32165c7cdb2908ea44580.1000x1000x1.jpg"}], "artist": "Snoop Dogg"}