{"songs": [{"title": "Dogg Pound Freestyle Session", "album": null, "year": null, "lyrics": "[Kurupt]\nThere's a lot of people out there that be talking all that\nBut I could kick a fat fat type of known rap\nSee, when you talk all that, you know I like to show up\nNiggas think they cocaine, knowing that they blow up\nPeep where I come from, so you know it's on\nBecause I brought these nuts, cause I'm all above the law\nSo when you see me stepping, understand I like to flow\nThe Pound, Dr. Dre, we equal Death Row\n\n[Daz]\nNow you know about me\nThe D to the A to the Z\nS-N-double O-P, D-R-E\nThat nigga, um, Doctor Dre\nSo we say like every day\nNow it's that P-O-U-N-D, uh\n\n[Kurupt]\nKurupt is the name that they call me\nI flow and I flow with the Snoop Doggy Dogg\nAs a nigga make bigger waves, I start flexing\nWhen niggas start stepping\nGrip with my Tec and Snoop, kick it\n\n[Daz]\nIf you're wicked, wicked I kick it\nSlick and not with them condo hoes coochie, won't you lick it\n\n[Snoop Doggy Dogg]\nIt's like this\nI don't eat them hoes cause I'm just so smooth..\nBreak the beat up for me..\n\nMotherfucking Dr. Dre's on the piano\nSnoop Doggy Dogg is on the vocals and I swing like soprano, ano\nAnd gano -- oh my god like Obano\nIt's Snoop Doggy Dogg, he's on the mic, you understand it, yo\nWhen I be growing, I be flowing with the gangsta shit\nI don't be flowing with that punk-ass punk shit\nI go for riz-eals, the reals is what I kick\nAnd when I step into the house, I'm gonna hit you with the gangsta..fat hit\nIt just don't quit, like I told you\nSo let me have the microphone so I can slowly fold you\nI told you, mold you, scold you like some water that's hot\nHeat it, beat it, Snoop Dogg, you can't defeat it, delete it\nI'm so smooth I don't have to dis you on the camera or the TV screen\nI'm funky like some collard greens\nI told you peoples, my sequels, they don't be bumping\nIt's Snoop Doggy Dogg, I'm down with D-R-E, see he's from Compton\nAnd I'm from the L the O the N the G\nThe B the E the A the C the H an'\nAnd Cali is the state an'\nDon't be waitin'\nCause I'm not hatin'\nI'm just on the microphone and I ain't perpetratin'", "image": "https://images.genius.com/8c99dd335733f9c3cf16f57c9f589cfb.361x361x1.jpg"}], "artist": "Snoop Dogg"}