{"songs": [{"title": "Blows My Mind", "album": "Welcome to tha Chuuch, Vol. 3", "year": "2003-08-19", "lyrics": "[Intro]\nYou should smokes with me\n\n[Hook]\nThe chronic's blowing\nThe chronic's blowing\nThe chronic's blowing\nThe chronic's blowing (It blows my mind)\n\n[Verse 1 - Snoop Dogg]\nBlowing chronic to me, it's like a tradition to me\nI got the pi-doun, so sit down and listen to me\nDon't go against me fool, go wit me\nWe could blow it all together like Bobby Brown and Whitney\nYeah, we got something in common\nThey could search a nigga, but they never finding my bomb and\nI got the stash, spot, my cash got\nLot of motherfuckas pulling, police shots\nI'm not \"The One\" nigga you could call me \"The Two\"\nBob Marley reincarnated, pupils dilated\nEmancipated, concentrated, debated, rated many times\nYou suprised how I made it, huh?\nYou hate it, huh, but you know, I ain't even trippin\nI'm spliting that Swisha up, plotting on the come up\nI'm living my life, and never putting my gun up\nDranking my drink, and I'mma smoke that blunt\n\n[Hook]\n\n[Verse 2 - Snoop Dogg]\nThe greener the tree, the better the bud\nThe strength of the branch, will tell you how chronic it was\nI'm - buzzing high, sliding, slippin\nGotcha listening to Snoop and now you feel like you crippin\nIt's all to the good, the dash is wood\nYou got some hoes in ya truck and now ya ready to fuck\nBut, they frontin and fakin, and time is waistin\nShe don't wanna give ya number now she hollin at Jason\nNow don't get mad, just roll to the pad\nAnd keep a G on the bitch and roll another dub bag\n(My nigga) light that shit, hit that bitch\nThen past it to ya homie like playa, pimp (blaze that bitch)\nAnd when you get dizzone, crack the do'\nAnd let me get a little snizzle\nCause ain't no fun, if the homies can't get none\nPuff, puff, pass my nigga, one lizza\n\n[Hook]\n\n[Bridge x2]\nDo you wanna smoke wit me (Do you wanna?)\nCome and keep me company\nBaby come and fuck with me\nYou should smokes with me\n\n[Verse 3 - Snoop Dogg]\nIt's the diabolical, chronical, mythological\nPsychological, make a model ho, fuck a G\nPre-medical, steady slow those, ready can get it\nTeacher taught it to those with mind apparatus\nMy status has been the baddest ever since I intro'd\nI'm that nigga that brought y'all the info\nOn the Chucks, French braids, and endo\nBig Snoop Dogg with the fog on the window\nSpell ya name in it, put ya face in it\nAnd hang with the nigga with the gang bang spinach\nDrag it, blunt wrap it, or zig-zag it\nDon't really matter even if it's in the package\nPut it to the side, so when ya boy hit the Eastside\nI'm look for the firefied cheefa\nAiyyo Pharrell, gimme that VA discount\nI'm tryna bounce wit the whole ounce (smoke me out)\n\n[Hook]\n\n[Bridge x2]\n\n[Hook]\nDo ya, do ya, do ya, do ya, do ya\nDo you think that you could fuck with weed (Star Trak)\n(Yeah Pharrell this that shit right here)\nAnd BBC - nigga\n\n[Hook x2] + {*Snoop ad-libs*}\n\n[Outro - Snoop Dogg]\nDranking our drank\nYa dig what I'm sayin?\nWe ain't gon' never sing\nWe gon' still flow\nCause we always hit the right note\n(It blows my mind)\nThat's real shit, Pharrell you my loc'\nAnd that's for life my nigga\nHaha, Gangsta Gumpo\nNeptunes, Star Trak\n(It blows my mind)\nBillionaire Boys Club, DPG\nDoggy Style Records, ooh wee\n(It blows my mind)..\n\n[Laughs]", "image": "https://images.genius.com/0edd5cede6c344003dd8a78583fa3645.600x600x1.jpg"}], "artist": "Snoop Dogg"}