{"songs": [{"title": "U Betta Recognize (Pump Pump Intro)", "album": null, "year": null, "lyrics": "Oh shit is, is that Snoop over there? Oh shit\nFuck that nigga bitch. My name is Sam Sneed you betta recognize\nAiyyo, aiy, I'm sorry, I just love that nigga he is so fine\nMan fuck that nigga\nHis music is so fuckin dope\nHey look Sam man, I gotta go pee I'll be right back aight\nYeah aight\nYeah yeah I'm just slidin you know\nGet this Henny tap in my vein\nYo Snoop whassup Snoop?\nAy, hold up, yo\nHey, how you doin?\nWhas happenin?\nYo Snoop you know I just love your shit you are just so fine to me\nAiyyo bitch, bring your black ass back over\nWhat the fuck's wrong with you?\nYo whas happenin is that your nigga or somethin?\nLook check this shit out that nigga he don't run me OK?\nI'm talkin to you that's all\nYeah whassup nigga? What the fuck's wrong with you?\nYo nigga whas happenin fool?\nYou know the name of the game, your bitch chose me\nNigga we can handle this like some gentlemen\nOr we can get into some gangsta shit\nSo whassup nigga?\nHave it your motherfuckin way\nWell whassup?\nThat's whassup nigga", "image": "https://images.genius.com/8c99dd335733f9c3cf16f57c9f589cfb.361x361x1.jpg"}], "artist": "Snoop Dogg"}