{"songs": [{"title": "Game of Life", "album": "Da Game is to be Sold, Not to be Told", "year": "1998-08-04", "lyrics": "[Chorus: Snoop Dogg]\nGAME, that's my thang\nAnd it ain't no rules when you in this game\nGAME, that's my thang\nAnd it ain't no rules when you in this game\nGAME, that's my thang\nAnd it ain't no rules when you in this game\n\n[Verse 1: Snoop Dogg]\nGunblast *gunshots* echo fast and all I seen was loose cash\nI hit the flo' and when they go I make sure I grab all the dough\nThe Scene: Long Beach yeah '86\nWhere: The liquor store nigga on some devilish shit\nI went in to grab a drink but I came out a felon\nMy homeboy got away but shit I wasn't tellin'\nSo I fell in a trap with no getback\nThey threw away the key and now I'm a OG\nIn the County jail rappin and bangin' at the same time\nAnd since I don't smoke cigarettes loc\nShit I gotta slang mine\nAnd I ain't tryin' to get on swole so I ain't fuckin' with the iron\nI got bitches bringin' me money and ain't a goddamn thing funny\nMy homeboy Devil from the HCG and Young Side Trey R.I.P\nFrom the ETG Eight-Trey and oh yeah Baby Ken Dawg\nFrom the Westside Four-O's got love for Short and my\nHomeboy J-Ball from the Seven four [?] from that gang\nAnd the homeboy Tracy D from\nThe big badass Ese gang them straight killas and they know\nI got game & that's real from a trio nigga havin' green\nGet yo' hustle on nigga 'fore you end up dead\nIt's too much paper to get Can ya dig it?\nLater on this evening I got a lick nigga is you down wit' it?\nShit...\n\n[Chorus: Snoop Dogg]\nGAME, that's my thang\nAnd it ain't no rules when you in this game\n\n[Verse 2: Crooked Eye]\nThere's ten laws to the game nigga be raised by 'em all\nGet ya respect on at all times nigga hustle 'til ya ball\nWatch them hatas and pretendas and all the shit they do\nCause nowadays some of these niggas be bitches too\nKeep the business professional get ya heat at all times\nKeep them snitches on the sideline\nCause you know pressure burst the pipeline\nKeep ya eyes on ya enemies watch those close to ya\nSee them outside niggas can't touch ya\nIt be the ones inside that do ya\nSmilin' in ya face but want to take yo' place\nFuck around and be playa let's make a deal with the D.A\nDon't be ridin' with no niggas\nWho ain't sure if he gon' get down\nCause it only take a split second\nTo get ya buck buck and lay down\nHesitation'll buy ya fate get that ass all caught up\nYa little homey might be cool\nIf them other two priors ain't brought up\nRemember took time to kill smash and don't give a fuck\nBe a hog about ya papers straight hungry for that der come up\nRespect the game feel what the soldier talkin' about\nIf you got to be in that game stack ya change\nAnd get the fuck out!\n\n[Chorus: Snoop Dogg]\nGAME, that's my thang\nAnd it ain't no rules when you in this game\nGAME, that's my thang\nAnd it ain't no rules when you in this game\nGAME, that's my thang\nAnd it ain't no rules when you in this game\n\n[Verse 3: Billy Bavgate]\nGame recognize game [?] kickin' back smokin' Mary Jane\nI'm gettin' high in the game my little\nHomey popped him with the cane\nSome niggas only in it for the fame\nNiggas ain't ready for the game\nIf you ain't down then get the fuck out the game\nOr represent yo' thang\nGhosttown LB SB Brookfield 76 Folktown & the 90's\nTwomp twomp put yo' guns up\nWhen the tank dogg roll up who got the weed nigga hold up\nI'm the King of Oakland nigga raise up\nI ain't givin' a fuck I'm still [?hugged?]\nCause my down South niggas show me love\nAnd the muthafuckin' gifts dancin' in the club\nThat's game\n\n[Chorus: Snoop Dogg]\nGAME, that's my thang\nAnd it ain't no rules when you in this game\n\n[Outro: Snoop Dogg]\nSteady Mobbin', D O double G, ain't No Limit to that shit\nNigga Carlos on the beat Beats By The Pound\n'Bout 3:34 in the morning don't even matter\nWe puffin' all night, straight game, game\nI got all my game from my momma yeah\nA nigga didn't gave me none of this shit that's real\nWanna say what up to my momma, for givin'\nMe all this game...", "image": "https://images.genius.com/cc7312525ce26f443efc158446aeedc3.1000x1000x1.jpg"}], "artist": "Snoop Dogg"}