{"songs": [{"title": "Gangsta Luv (Mayer Hawthorne G-Mix)", "album": null, "year": null, "lyrics": "[Snoop Dogg]\nRadio killa\nBig snoop d o dub\nThe american dream\nAyo nephew\nWhy don't you come up off them keys\nSing a lil something for the ladies\nYou know what I'm talkin 'bout\nLet em know how we feelin' right now\n\n[The Dream]\nEverytime I come around\nShawty love me down\nRun up on me like click clack\nThrow it out like take that\nShe make it do what it do when we doing what we do in back of the 'Lac\nI'm like I'm up all for that, and every night her body gets strapped how bout\n\nThat Gangstaa G-Gangsta, Gangsta G-Gangsta, Gangsta G-Gangsta\nThat gangsta love\n\n[Snoop Dogg]\nYeah she love it the way I put it on her\nBlowing trees summer breeze sippin Coronas\nBoss dog I give it to her right and she like it\nShe on the hip like a Sidekick, izzy\nOne of the coolest of fool on the flo\nI whispered in her ear, come here you ready to go?\nI rolled up a winna and put it up in the air\nGot that lil dress on you comin up outta there, yeah\nShe like that, you like that\nYou say you bite, well I bite back\nAnd I'm all go, we can do it till tomorrow\nI beat it up like Harpo\nSnoopy, I go hard baby yes\nKissin on ya chest and I'm diggin out your stress\nI won't stop till your finished\nBut you ain't felt love till a gangsta get up in it. Dream\n\n[The Dream]\nEverytime I come around\nShawty love me down\nRun up on me like click clack\nThrow it out like take that\nShe make it do what it do when we doing what we do in back of the 'Lac\nI'm like I'm up all for that, and every night her body gets strapped how bout\n\nThat Gangsta G-Gangsta, Gangsta G-Gangsta, Gangsta G-Gangsta\nThat gangsta love\n\n[Snoop Dogg]\nShe always cold in the middle of the night\nCoz ima dogg ima give her what she like\nShe say ma name loud, I say her name low\nThat's what I aim fo, that's how the game go\nBaby like the way I wake her up\nCause Imma gangsta I grab her by the butt\nPull her to my side, I'm in deep\nWoke that ass up, just to put her to sleep\nEveryday is the same thang, I creep in\nIt's like true blood, I sink my teeth in\nI gotta have it, the L B raise me\nWe was taught to dig em down crazy\nLights out, I'm so lit\nMama's so gone, daddy won't quit\nI won't stop till your finished\nYou never felt love till a gangsta get up in it. Dream\n\n[Dream]\nEverytime I come around\nShawty love me down\nRun up on me like click clack\nThrow it out like take that\nShe make it do what it do when we doing what we do in back of the 'Lac\nI'm like I'm up all for that, and every night her body gets strapped how bout\n\nThat Gangstaa G-Gangsta, Gangsta G-Gangsta, Gangsta G-Gangsta\nThat gangsta love\n\n[Snoop Dogg]\nThis the life that you chose\nThe loop, the coupe, the grows\nAnything goes\nIt's so good got her wiggling her toes (wow)\nThe boss, the Dream\nThe floss, the cream\nThe trips overseas\nAll these things really don't mean a thing\nWhen I'm tearing that ass up workin you like a shift\nI give it to you like a gift\nYou hear what that boy say\nYou wouldn't jack, give it up fast\nThen I hit it from the back\nSnoopy your so good, she screaming and I like that girl\nShe off in another world\nI won't stop till your finished\nShe love this gangsta, especially when I'm in it. Dream\n\n[Dream]\nEverytime I come around\nShawty love me down\nRun up on me like click clack\nThrow it out like take that\nShe make it do what it do when we doing what we do in back of the 'Lac\nI'm like I'm up all for that, and every night her body gets strapped how bout\n\nThat Gangstaa G-Gangsta, Gangsta G-Gangsta, Gangsta G-Gangsta\nThat gangsta love", "image": "https://images.genius.com/8c99dd335733f9c3cf16f57c9f589cfb.361x361x1.jpg"}], "artist": "Snoop Dogg"}