{"songs": [{"title": "Doggytail (Can't Take It)", "album": null, "year": null, "lyrics": "[Intro: Snoop]\nYuh, ayo big Percy\nPour me a glass of that moet with some orange juice\nHand me my pimp glass\nAyo, lil P\nTell them bitches to come sit right next to me\nYeah, gotta story to tell\n\n[Verse: Snoop]\nI learned to G, how to C from L.O.C\nAnd after that mac, mac I bought my first Cadillac\n7-duece, 6 seat with the danglin' thangs\nLong Beach is the city, 20 crip is the gang\nYou can hang if you wanna but I don't think you can last\nLast week in the beach, the big homie got smashed\nTried to play the young homie, tried to take his cash\nDidn't say too much, all I heard was blasts\nAsk no questions in this profession\nYou gotta view the game at your own discretion\nIt's a cold game, my niggas stop guessing\nDo the right thing cause I ain't giving no lessons\nSmokin' that stress got ya stressin'\nTake that frown of yo' face and stick yo' chest in\nUnless ya plan on restin'\nCause I'm the wrong nigga to be pressin' or testin'\nI'm a east side nigga and I just don't care\nI step up in this bitch, they say \"that nigga's a playa\"\nI might change the game, go and cut my hair\nYou niggas say I'm back but I ain't went nowhere (he's back)\nHell yeah I'm there\nAt a crip clux clan meeting, family affair\nStanding on stage, bout to do that there\nI need to be the governor (yes ya can)\nI keep a dark one, a light one, a fat one, a tight one\nI'm always lookin' for the right one\nChinese, Japanese, Lebanese on ya knees\nShit you know me, I leave with either one of these\nVietnamese, Philippines, pick a niece, yo' niece\nAnd will we still be homies\nIf I hit it and get it, quit it\nNah I stay committed, forget it\nCause I know in the end you gon' wanna fight again\nSo, I'd rather fuck with this all whitey then\nGreen eyes, blue eyes, yo' eyes\nHer eyes bring me the money, I'll just split the pita\nYou just make it, shake it, I take it\nThrow it in the oven, take my time and bake it\nIt's amazin' how they act when you get naked\nI'm so in love with the game and I just can't fake it\nCan't take it\n\n[Hook: Snoop]\nI just can't take it\nI just can't fake it\nI just can't take it no more\nI need paper and that's no lie\nBlaze my dough-dough until I die\nI say I just can't take it\nI just can't fake it\nI just can't take it no more\nI need (dough-dough) and that's no lie\nI blaze that dough-dough until I die\n\n[Outro: Snoop]\nWhat sweet sounds\nOf Meech-a-rooni\nInside the dogg house\nFor the 2000 plus 2\nCan you dig it?\nThis is some of that A-B-C R-I-P ooh-wee\nI mean, you could put a chocolate wrap around that\nAnd put a lighter on the end of it\nCause that's all foggy\nCan you dig it?\nI smell you Meech-a-rooni\nUgh", "image": "https://images.genius.com/8c99dd335733f9c3cf16f57c9f589cfb.361x361x1.jpg"}], "artist": "Snoop Dogg"}