{"songs": [{"title": "No One Else", "album": "Bible of Love", "year": null, "lyrics": "There is no one else like You\nIn spite of all the things I do\nTo the Most High, I salute\n'Cause there is no one else\n\n[Verse 1: K-Ci]\nI've traveled the world\nSeen a lot of things\nSeen a lot of sunshine\nBeen through a lot of pain, Lord (so much pain)\nI tried to depend on my friends\nTo help me make it through\nBut at the end of the day, Lord\nI found out there is no one else like You, Lord\n\n[Chorus]\nThere is no one else like You\nIn spite of all the things I do\nTo the Most High, I salute\n'Cause there is no one else\n\nNo matter what the case is\nThe mountains that I'm facin'\nYour love it never changes, I know\nThere is no one else like You\n\n[Verse 2]\nYou're the Alpha and Omega\nThe beginning and the end\nBefore anyone else\nYou're my closest friend\nWhen times got hard\nHe was always there for me\nWhen Satan thought he had me bound\nYou were there to set me free\nYes, you were, Lord\n\n[Chorus]\n\n[Bridge]\nSearched high and low\nI gotta take you wherever I go\nLook around, there's only One\nI know, I know, (listen)\nBut, Lord, You lifted me\nNow I'm walking on higher ground\nI ain't got to worry about tomorrow\nAs long as You right next to me\n\n\n[Chorus]\n\n(No one else, No one else)\nBeen around the world\n(No one else, No one else)\nCan't find nobody\n(No one else, No one else)\nNobody, nobody\nOh oh my Lordy\nOh, my Lord\nOh yeah, gonna be alright\nYes, it is", "image": "https://images.genius.com/c9dee508f81bde784b713142dc6009e9.600x600x1.jpg"}], "artist": "Snoop Dogg"}