{"songs": [{"title": "My Heat Goes Boom", "album": "No Limit Top Dogg", "year": "1999-05-11", "lyrics": "[Verse 1]\nAnother day another dolla\nFor the top dogg with the gold flea colla\nNigga make the whole dogg world wanna holla\nThe way they do my life and I'm steady tryin' to do more right\nSo trife your life could disappear\nAnd if you ain't careful who you fuckin' wit nigga\nNow reappear come here come near so you can hear what I spit\nSo sick and tired of niggas standin on that \"G\" shit\nAnd just because you on starz wit some khakis\nAnd think your rap style can out rap me and now jack me\nCome here nigga slap yo self\nThats probably why yo shit still sittin' on the motherfuckin shelf\nAnd mine sold out ever since it came out\nBlue carpet roll out, #1 no doubt, mo' clout, down south, mixin' it up\nWith dem niggas that don't never hesitate to bust\nWhat you niggas tappin' on my front door for?\nHmm, oh you lookin' for yo ho? (you heard)\nWe in the hotel room doin' the zoom\nAnd let me let you know nigga my heat goes boom\n\n[Chorus]\nAnd my heat goes boom, boom, boom, boom, boom, boom\nAnd my heat goes boom, boom, boom, boom, boom, boom\n\n[Verse 2]\nI'm back on the scene, chopping green, captain on the team Call me commissioner nigga so just listen up\nLook like you bored and our boy's bridges\nHe hangin' wit dem niggas but dem niggas straight bitches\nLeft a nigga hangin' at the club when it was scrap time\nThen a week later gave him a shot on in a rap line\nNow they in a New York rap time\nRapper turned snitch, now you livin' on a main line\nMoney's too tight to mention but let me mention\nWhen dem niggas in da kitchen find out he's snitchin'\nThey gon' get him, and when his homies find out he's snitchin\n9 times out of 10 dat nigga gon be bitchin\n(you know what) you know what? Transformin' is switchin'\nAnd oh yeah informin is snitchin\nBut I ain't one to tell you ain't heard from me\nI'm just an MC tryin to stay super free\n\n[Chorus]\nAnd my heat goes boom, boom, boom, boom, boom, boom\nAnd my heat goes boom, boom, boom, boom, boom, boom\nAnd my heat goes boom, boom, boom, boom, boom, boom\nAnd my heat goes boom, boom, boom, boom, boom, boom\n\n[Verse 3]\nLook here fool, I know this game in and out\nAnd quit tryin to tell me bout dem niggas down south\nDon't try to slide with that west side love shit\nThat dove shit, eat a dick bitch\nI can read you from the giddy\nI read you, I took you to my home and I fed you\nAnd led you upstairs to a room with 37 niggas\nThat was strapped up hatin', waitin' on you\nNigga, you the victim\nWe don't don't pick 'em, we just stick 'em and when once we get 'em, we got 'em\nWe try to rid the streets of creeps and freaks like you\nFor all y'all snitches and bitches we gonna do the world a big favor\nCuz niggas like y'all be fuckin' up the gangsta flavor\nAnd oh yeah it ain't no west coast thang\nCuz niggas out of town got birds that sing\n\n[Chorus]\nAnd my heat goes boom, boom, boom, boom, boom, boom\nAnd my heat goes boom, boom, boom, boom, boom, boom\nAnd my heat goes boom, boom, boom, boom, boom, boom\nAnd my heat goes boom, boom, boom, boom, boom, boom\n\n[Outro]\nBreakdown (breakdown)\nBreakdown (breakdown)\nTop Dogg\nNo Limit\nYeah\nLBC", "image": "https://images.genius.com/96262525a2f5c48018386a9b9ec0e619.500x498x1.jpg"}], "artist": "Snoop Dogg"}