{"songs": [{"title": "Gangsta Luv", "album": "Malice N Wonderland", "year": "2009-10-06", "lyrics": "[Intro: Snoop Dogg]\nRadio Killa, Big Snoop D-O-dub\nThe-American-Dream...\nAiyyo nephew, why don't come up off them keys\nAnd sing a 'lil somethin for the ladies\nYanuhtalkinbot? Let 'em know how we feelin right now\n\n[Hook: The-Dream]\nEverytime I come around, shawty love me down\nRun up on me like click-clack, the gun out like take-that\nShe make it do what it do\nWhen we doing what we doin in the back of the 'Llaaaaaaac\nI'm like come up off of that\nAnd every night her body get stacked\nThat-that-that gang-sta, gang gang-sta\nThat gang-sta, gang gang-sta\nGang-sta, gang gang-sta\nThat gang-sta luuuuuuv\n\n[Snoop Dogg]\nYeah, she love it the way I put it on her\nBlowin trees, summer breeze, sippin Coronas\nBoss Dogg, I give it to her right, and she like it\nShe on the hip like a Sidekick\nIs he, one of the coolest of fool on the flo'?\nI whispered in her ear, \"C'mere, you're ready to go?\"\nI rolled up a winna and put it up in the air\nGot that lil' dress on, you comin up outta there, yeah!\nShe like that -- you like that?\nYou say you bite, well I bite back\nAnd I'm all go, we can do it 'til tomorrow\nI beat it up like Harpo\nSnoopy, I go hard baby, yes!\nKissin on ya chest and I'm diggin out your stress\nI won't stop 'til you're finished\nBut you ain't felt love 'til a gangsta get up in it\n...Dream\n\n[Hook: The-Dream]\nEverytime I come around, shawty love me down\nRun up on me like click-clack, the gun out like take-that\nShe make it do what it do\nWhen we doing what we doin in the back of the 'Llaaaaaaac\nI'm like come up off of that\nAnd every night her body get stacked\nThat-that-that gang-sta, gang gang-sta\nThat gang-sta, gang gang-sta\nGang-sta, gang gang-sta\nThat gang-sta luuuuuuv\n\n[Snoop Dogg]\nShe always cold in the middle of the night\nCause I'm a Dogg, I'mma give her what she like\nShe say my name loud, I say her name low\nThat's what I aim fo', that's how the game go\nBaby like the way I wake her up (why?)\nCause I'm a gangsta, I grab her by the butt (oh)\nPull her to my side, I'm in deep\nWoke that ass up, just to put her to sleep\nEveryday, it's the same thang, I creep in\nIt's like \"True Blood\", I sink my teeth in\nI gotta have it, the L.B. raised me\nWe was taught to dick 'em down crazy\nLights out, I'm so lit\nMommy so gone, daddy won't quit\nI won't stop 'til you're finished\nYou ain't felt love 'til a gangsta get up in it\n...Dream\n\n[Hook: The-Dream]\nEverytime I come around, shawty love me down\nRun up on me like click-clack, the gun out like take-that\nShe make it do what it do\nWhen we doing what we doin in the back of the 'Llaaaaaaac\nI'm like come up off of that\nAnd every night her body get stacked\nThat-that-that gang-sta, gang gang-sta\nThat gang-sta, gang gang-sta\nGang-sta, gang gang-sta\nThat gang-sta luuuuuuv\n\n[Snoop Dogg]\n...This the life that you show\nThe loop, the Coupe, the grove\n...An'thing goes!\nIt's so good, got her wigglin her toes (WOW!)\n...The Boss, The-Dream\n...The floss, the cream\n...The trips overseas\nAll these things really don't mean a thing\nWhen I'm tearin that ass up, workin you like a shift\nI give it to you like a gift\nYou hear what that boy say?\nYou gettin jacked, give it up fast\nThen I hit it from the back\n\"Snoopy, you so good,\" she screamin and I like that girl\nShe go off in another world, I won't stop\n'til you're finished, she love this gangsta\nEspecially when I'm in it\n...Dream\n\n[Hook: The-Dream]\nEverytime I come around, shawty love me down\nRun up on me like click-clack, the gun out like take-that\nShe make it do what it do\nWhen we doing what we doin in the back of the 'Llaaaaaaac\nI'm like come up off of that\nAnd every night her body get stacked\nThat-that-that gang-sta, gang gang-sta\nThat gang-sta, gang gang-sta\nGang-sta, gang gang-sta\nThat gang-sta luuuuuuv\n\nGang-sta, gang gang-sta\nThat gang-sta luuuuuuv", "image": "https://images.genius.com/b2f1c6bc4408726606f30fb73136dc2d.220x220x1.jpg"}], "artist": "Snoop Dogg"}