{"songs": [{"title": "This Weed Is Mine", "album": "Doggumentary", "year": null, "lyrics": "[Verse 1: Snoop Dogg]\nI wake up early in the morning and it feels so good\nSmoking on some shit that you wish you could\nJealousy envy, please don't feel bad\nThis weed is mine get your own bag\nA sack full of og under locking key\nNone for the homies this is all for me\nGot a blunt looking like a Cali palm tree\nPolice roll by, I got nothing on me\nCause the smoke is already in the air\nI am loped up two braids in my hair\nAll Star with the khaki suit\nI'm gonna fuck around and take it to the classic snoop\nOn the east side standing on the vip\nBack then the only red was my DYE\nUsed to PYT and you're looking so fine\nI am sorry baby girl but tonight\n\n[Chorus: Wiz khalifa]\nThis weed is mine\nThis weed is mine\nYou can't have it\nThis weed is mine\nThis weed is mine\nYou can't have it\nThis weed is mine\n\n[Verse 2: Snoop Dogg]\nGet back to the episode, sacks for the chronic\nOut of this world, could relax on a comet\nThis is church music listen to the choir\nTo burn my kush you must use fire\nDogg like never heard before\nSmoking that bomb like THC-4\nWest coast world wide sea shore to sea shore\nWhen is the last time you've seen a g in a g4\nDon't worry i'll wait\nTime is ticking i'm tripping\nI'm slipping, i'll wait\nInto a zone where the whores on my dog bone\nA dog whistle and they download my ring tone\nAnd she so hypnotized by this pimp poem\nWhat i got here is mine go get your own\nI put this to rhymes get piece of mind\nOZs to dimes and this weed is mine\n\n[Chorus: Wiz khalifa]\nThis weed is mine\nThis weed is mine\nYou can't have it\nThis weed is mine\nThis weed is mine\nYou can't have it\nThis weed is mine\n\n[Verse 3: Wiz khalifa]\nI hear niggas talking about what they rolling up\nSmell what i smoke fore the bag open up\nGood chance if you see me there I'm smoking one\nLicensed to get a fundamental load of shit\nReal nigga blow reefer i is old enough\nIf i am in a building is hard not to notice it\nHit a really sad dog, i got some whores to fuck\nIIma follow through with a ounce of that potent shit (oh oh)\nDon't trip bitch we gonna all sit blow the whole zip\nLet you hit mine plus you supplyin your own little bit\nMy nigga get high and let the whores twist\nSay you don't fuck with twista? how you rolled it\nThey ain't smoking like  ours I'm rolling up  papers they be burning for hours\nAnd if it's fine i am smoking the whole thing inside\n\n[Chorus: Wiz khalifa]\nThis weed is mine(a a a a yeah)\nThis weed is mine\nYou can't have it\nThis weed is mine\nThis weed is mine\nYou can't have it\nThis weed is mine\n\n[Verse 4]\nI got a roll for you\nDo you wanna smoke with me\nI wanna smoke with you(i wanna smoke with you)\nDo you wanna smoke with me\nI got a roll for you(I got a roll for you)\nDo you wanna smoke with me(do you wanna smoke)\nI wanna smoke with you do you do you (do you)\nDo you wanna smoke with me(i said wanna smoke with you)\nDo you wanna smoke with me(i wanna smoke with you)", "image": "https://images.genius.com/bf66457764b32165c7cdb2908ea44580.1000x1000x1.jpg"}], "artist": "Snoop Dogg"}