{"songs": [{"title": "That's That Shit", "album": "Tha Blue Carpet Treatment Mixtape", "year": "2006-10-10", "lyrics": "[Intro: R. Kelly]\nYeah, that's right, I like that\n(\"The royal penis is clean your highness\")\nThank you, uh, uh\nSnoop, Kells\nYou know how we get down\n\n[Hook: R. Kelly]\nI pull up, whip low in the Phantom with the wheels spinnin'\nLadies like \"That's that shit\"\nI'm in the back of the club, blowin' trees\nHands up, head bobbin' like that's that shit\nIn the spot where the girls go wild\nDancing titty bar style, I'm like \"That's that shit\"\nSnoop Dizzle (hey) your boy Kells (hey)\nLet me hear you say \"That's that shit\"\n\n[Verse 1: Snoop Dogg]\nLet's get this party jumpin', me and Kel' gon' get it bumpin'\nThey humpin' like when it's over, we gon' all get into somethin'\nThe Dogg is fresh, Southside without a vest\nNothin on my chest but these ladies up out the Midwest\nI must confess that in the Chi you're so blessed\nLeaving nothing on my mind but Doggy, you and safe sex\nThis ain't a test, you fucking with a cold mess\nMeet me in Chicago, let me get you to this real west\nIt's real strong, real fat and real long\nDoggies in the building, holdin' something they can feel up on\nAnd once they get it something they can build up on\nTake that skinny nigga home, work that filling till it's gone\nGet that home grown, put that shit on Daddy long\nI know how you ladies do it, t-shirt with no panties on\nLet's get this shit crackin', Kell and Doggy Dogg in action\nIf you in here all alone, you might get this dog bone\n\n[Hook: R. Kelly]\nI pull up, whip low in the Phantom with the wheels spinnin'\nLadies like \"That's that shit\"\nI'm in the back of the club, blowin' trees\nHands up, head bobbin' like that's that shit\nIn the spot where the girls go wild\nDancing titty bar style, I'm like \"That's that shit\"\nSnoop Dizzle (hey), your boy Kells (hey)\nLet me hear you say \"That's that shit\"\n\n[Verse 2: Snoop Dogg]\nDippin' low, '64, hundred spokes and chronic smoke\nAll these ladies on the floor cause they know what we in here for\nDogg and Kelly came to ball, get your ass up off the wall\nLet that middle wiggle now make that shit fall\nNot just one but all y'all, move it like you want it all\nLet me see you bounce it for me, work that shit for Doggy Dogg\nYou gots to do it, is that your crew?\nBring 'em too, come here let me take you through it\nThen once Kelly get into it, we can get this after party\nPoppin' everybody, got themselves another body\nKnockin' out without protection though, that's my confession\nBut at the spot if you just think you want a lesson, you can drop it like it's hot\nHold up, I came to cool out, lay back and get blown\nMaybe Henny, maybe gin, a couple shots of Patron\nAnd if you didn't you missed it but now it's known\nThat this that shit, Kels sing that song, come on\n\n[Hook: R. Kelly]\nI pull up, whip low in the Phantom with the wheels spinnin'\nLadies like \"That's that shit\"\nI'm in the back of the club, blowin' trees\nHands up, head bobbin' like that's that shit\nIn the spot where the girls go wild\nDancing titty bar style, I'm like \"That's that shit\"\nSnoop Dizzle (hey) your boy Kells (hey)\nLet me hear you say \"That's that shit\"\n\n[Bridge: R. Kelly]\nSo if you think you got the bomb shit\nHolla at a playa\nHolla at a playa\nHolla at a playa\nAnd if you lookin' for some good sex\nHolla at a playa\nHolla at a playa\nHolla at a playa\nGirl if you ever in the 3-1-2\nHolla at a playa\nHolla at a playa\nHolla at a playa\nAnd if you're ever in the 2-1-3\nHolla at a playa\nHolla at a playa\nHolla at a playa\n\n[Hook: R. Kelly]\nI pull up, whip low in the Phantom with the wheels spinnin'\nLadies like \"That's that shit\"\nI'm in the back of the club, blowin' trees\nHands up, head bobbin' like that's that shit\nIn the spot where the girls go wild\nDancing titty bar style, I'm like \"That's that shit\"\nSnoop Dizzle (hey) your boy Kells (hey)\nLet me hear you say \"That's that shit\"", "image": "https://images.genius.com/859db6ce71f2fb1148fcd0b9d3b55b96.587x600x1.jpg"}], "artist": "Snoop Dogg"}