{"songs": [{"title": "Gangsta Move", "album": "No Limit Soldiers: We Can't Be Stopped", "year": "1998-12-08", "lyrics": "[Snoop Dogg talking]\nYeah. Anotha Dogg House production. My nigga Meech roll it\nWussup. We movin solo for the 9-9, 9-8, ya heard me?\nToo many flees, too many bustaz. We doin this shit solo\nDig it...\n\n[Snoop Dogg]\nCold game (cold game), new twist (new twist)\nMy niggas step back and let me do this (do this)\nCuz I'm that 5-0 with em, getting 5-0's, sittin getting in the wind\nFor all my homies in the pen\nIt's back on\nMy backbone, my wife in my life, been down wit a nigga before my paper was tite\nBoo, you's a real bitch\nI write that real shit\nThat them niggas just gots to get with\nI bounce in and out of town just like a basketball player\nPass weed to the G's\nAnd pass laws with the mayors\nSee, that's the difference between\nYou, me, and him\nNigga, I'm Silky Slim\nWith the feather in the brim\nI swim underwater and don't get wet\nThen bounce back to the hood and C-walk the set\nI keep it gangsta all the time\nAn you can ask the Dubs, Insanes, and One-9\nCuz I'm...\n\n[Hook]\nBorn gangsta, stay on the move (Keep it tru, dawgz)\nDogg Pound just for the fuck of it (Dogg Pound!)\nBorn gangsta, keepin it true\nNone of y'all can stop me now\nCuz I'm havin papers now (Dogg Pound!)\n\n[Snoop Dogg]\nI stay on em like cop cars\nMan, you watch your rabid-ass nine\nTryin to stop cars hoo-bangin this fast-lane game\nIt ain't a thang\nI was learnin this game when you was servin your cane\nIt's where my shit's at\nFlip rats tryin to get some get-back\nSit back, an holla at a playa bout... cold game\nI stay Bout It (Bout It)\nA bitch'll have you crossed up\nAn niggas get you crossed out\nI can't hang and bang wit y'all no more y'all niggas flossed out\nAn papers what I'm all about\nIt's down that bullshit roll with y'all or take the baller\nI take the baller out, he take the small amount\nLong-term big shit nigga\nThat's what I'm all about\nCall em out, stall em out\nFuck em, I twist em\nThe hardhead never listen\nThey never recognize and they never pay attention\nI stay G, and by the way did I mention... young nigga\n\n[Hook]\nBorn gangsta, stay on the move (Move on, move on)\nDogg Pound just for the fuck of it (D-P-G... Dogg Pound!)\nBorn gangsta, keepin it true\nNone of y'all can stop me now\nCuz I'm havin papers now (Get cha money, get cha money... Dogg Pound!)\n\n[Snoop Dogg]\nA-B-C-D-P-G-C\nAin't no L-I-M-I-to the T (Ain't No Limit)\nI'm fuckin wit G's that's makin moves with thugs\nYou still catch me hangin out\nIn the muthafuckin club\nOne love (One love, nigga!), sippin Moet\nHolla'in at cha bitch (Beeyatch!)\nAll by my lonely, cuz I don't give a shit\nC-walkin on the dance floor, throwin up DP (Dogg Pound!)\nAn ain't nobody gon' fuck with me\nCuz I'm a Tru Tank Dogg\nWith big bank, y'all\nLet's sample down with Snoop an watch us come back an spank y'all (Woo!)\nKeepin high, stay on top\nI'm #1 with a bullet and I'm back on top (Back on top!)\n(Say what?) Hundred proof, gold tooth with the diamond in the middle\nRolemode, millionaire, gangsta ass nigga\nWe steady mobbin while we lynchin\nStay independent, on a mission\nBy the way did I mention? (Keep it gangsta, nigga!)\n\n[Hook]\nBorn gangsta, stays on the move (Move on, Move on)\nDogg Pound just for the fuck of it (D-P-G... Dogg Pound!)\nBorn gangsta keepin it true (Keep it real, dawg)\nNone of y'all can stop me now (Yeah, stop that)\nCuz I'm havin papers now (Stop that... Dogg Pound!)\nBorn gangsta, stays on the move (Stay on the move, move on)\nDogg Pound just for the fuck of it (D-P-G... Dogg Pound!)\nBorn gangsta keepin it true\nNone of y'all can stop me now (Stop that)\nCuz I'm havin papers now (Yeah... Dogg Pound! You Know!)\n\n[Snoop Dogg talking]\nYeah Yeah Another Dogg House production. My nigga Meech on the beat. Got another smokesession goin down inside the dogghouse\nGotta say wussup to all my niggas in the house right now\nMy nigga Meech in the house\nYeah, Chop-Chop from the AGB\nYeah, GoldieLox\nFrom the LBC\nWarren G\nAww yeah\nKiddie Banks from the LBC\nJC\nAww yeah\nFrom the big LB\nThis how we do it y'all, DPG\nAnd we out....\n\n[Hook out]", "image": "https://images.genius.com/61b2864be38bbb317ac60b7a80fc5870.355x350x1.jpg"}], "artist": "Snoop Dogg"}