{"songs": [{"title": "My God", "album": "Bible of Love", "year": "2018-03-16", "lyrics": "[Intro: James Wright]\nCome on and sit down baby\nI'm gonna tell you a story\nI want to tell you a story about a man that's been so good to me\nAnd when telling this story\nI hope it bless you\nBecause I want you to sit your kids down, and tell them this story\n\n[Verse 1: James Wright]\nBack when I was a little boy, you see\nMy life wasn't always perfect (perfect)\nI remember my grandma praying\nAnd she said one day it'll be worth it (worth it)\nShe said, \"Sit yourself down and listen to me\nAnd let me tell you a little story\nThis story won't take to long\nBut I'ma tell you about his glory,\"\nShe said\n\n[Chorus: James Wright]\nMy God!\nIs the man that died for me\nMy God!\nSaid he gave me victory\nMy God!\nWill supply your every need\nMy God!\nHis love is all I need\n\n[Verse 2: James Wright]\nI said it happened sixty years ago\nWhen I was washed up in his blood\nSaved my soul and he set me free\nNow I'm praising the lord above\nI never thought that I could change\nUntil he saved a wretch like me\nNow I'm here to tell the story\nSo that that you will be set free!\n\n[Verse 3: Snoop Dogg]\nWell once upon a time in the Church of God\nThere was sinners and saints\nEvens to odds\nDo's and don'ts\nWills and won'ts\nThe haves to the have-nots\nWill be sittin' up front\nGettin' the sermon up close\n[?] the reverend [?] the offerings\nWe live in a benevolent lifetime, so stay right\nI'm preachin' 'em teachin' 'em givin' em more than a look\nMy granny raised me right about the Good Book\n\n[Chorus: James Wright]\nI said, My God!\nIs the man that died for me\nMy God!\nSaid he gave me victory\nMy God!\nWill supply your every need\nMy God!\nHis love is all I need\nMy God!\nIs the man that died for me\nMy God!\nSaid he gave me victory\nMy God!\nWill supply your every need\nMy God!\nHis love is all I need", "image": "https://images.genius.com/c9dee508f81bde784b713142dc6009e9.600x600x1.jpg"}], "artist": "Snoop Dogg"}