{"songs": [{"title": "I Don't Care", "album": "220 - EP", "year": "2018-02-20", "lyrics": "[Intro: LunchMoney Lewis]\nI don't care\nI don't care\nI don't care\nYeah\n\n[Chorus: LunchMoney Lewis]\nYou got weave in yo' hair, I don't care, I don't care\nYeah, you say you got a man, I don't care, I don't care\nYou got shots in yo' butt, I don't care, I don't care\nGirl I still wanna fuck, I don't care, I don't care\nNope, I don't care, I don't care\nNope, I don't care, I don't care\nYou got shots in yo' butt, I don't care, I don't care\nGirl I still wanna fuck, I don't care, I don't care\n\n[Verse 1: Snoop Dogg]\nLook me in my eyes and ya see that I don't care\nAnd I'm lookin' at ya edges and I see that ain't ya hair\nBut it really don't matter cause I had her at the Mondrian\nBig titties, fake ass for the ambience\nSo elegant, poppin' it, sellin' it\nAll up on ya IG in the mirror with the cell in it\nSnapshot, butt shot, think not, think so\nI don't really give a fuck, I want the bank hoe\nFake it 'till ya make it, shake it now get naked\nYou can take what I gave you as a roll and try to bake it\nIn the oven with the rest of the shit\nWhile he complainin', I'm tryna the big best of the bitch\n\n[Chorus: LunchMoney Lewis]\nYou got weave in yo' hair, I don't care, I don't care\nYeah, you say you got a man, I don't care, I don't care\nYou got shots in yo' butt, I don't care, I don't care\nGirl I still wanna fuck, I don't care, I don't care\nNope, I don't care, I don't care\nNope, I don't care, I don't care\nYou got shots in yo' butt, I don't care, I don't care\nGirl I still wanna fuck, I don't care, I don't care\n\n[Verse 2: Snoop Dogg]\nFuckin' with this girl in the south\nShe had a body out this world\nI ain't ever think that she would be my girl\nLeft the city on a mission, tryna better her position\nWhen she did, she never came back\nChase dime bitches\nSo I moved on and so did she\nShe didn't even notice me\nAt the concert backstage wit' Jodeci\nShe had a new look, a new face, a new drum beater\nAnd from the looks, I could tell she had been under the needle\nDr. Miami, used to be slim, now she all beef patty\nDamn Tammy, I see ya got it goin' on witcha weave too\nYou say it's all yours, yeah I believe you\n\n[Chorus: LunchMoney Lewis]\nYou got weave in yo' hair, I don't care, I don't care\nYeah, you say you got a man, I don't care, I don't care\nYou got shots in yo' butt, I don't care, I don't care\nGirl I still wanna fuck, I don't care, I don't care\nNope, I don't care, I don't care\nNope, I don't care, I don't care\nYou got shots in yo' butt, I don't care, I don't care\nGirl I still wanna fuck, I don't care, I don't care", "image": "https://images.genius.com/a3c66012d598b55a5202ebcefec79543.1000x1000x1.jpg"}], "artist": "Snoop Dogg"}