{"songs": [{"title": "Be Like No One", "album": null, "year": "2017-09-24", "lyrics": "Be next, Be NXT\nBE Different, Be weird\nBe huggers, Be fireflies\nBe mohawks, Be beards\n\nLike no one, Like nothing\nLike whatever, Like this\nLike Asuka, Like Charlotte\nLike Becky, Like Bliss\n\nNo tapouts, No count outs\nNo 3-counts, No friends\nNo stopping, NOstalgia\nNo now with, No then\n\n(Woooooooo)\n\nOne shot in one million\nOne versus all, One team\nOne Finn, One Balor\nOne demon, One king\n\nBe hated, Be vacant\nB-R-A-Y\n\nLike Jimmy, Like Jay\nLike even this guy\n\nNo divas, No mud fights\nNo thanks\n\nOne Sasha, One Boss\nOne word, Banks\n\nBe heard, Be seen\n\nLike Dolph, Like Dean\n\nNo guts, No glory\n\nOne shot, One story\n\nBe you\n\nLike now\n\nNo time\n\nOne run\n\nBe like no one", "image": "https://images.genius.com/8c99dd335733f9c3cf16f57c9f589cfb.361x361x1.jpg"}], "artist": "Snoop Dogg"}