{"songs": [{"title": "Boss' Life", "album": "Tha Blue Carpet Treatment", "year": "2006-11-21", "lyrics": "[Verse 1: Snoop Dogg]\nSome of 'em lie about the shit they got and what they do on the block\nSome of 'em lie about the guns they pop\nBut I don't, I don't, I don't, I don't\nThat's how it is for me cause I live a boss' life\nSo many niggas wanna play but still got dues to pay\nSome of 'em gotta beg a bitch to stay\nBut I don't, I don't, I don't, I don't\nThat's how it is for me cause I live a boss' life\nNow this is for the B's and the C's, and the D's and the H's\nAnd the G's puttin work in overseas\nAt ease with the Doggy and smoke some weed\nFuck it, if my nigga detoxing, it's more for me\nBaby this is presidential really, a pocket full of women\nUnderstanding how I'm living, show them hoes how you winning\nIt's the beginning with the pearls you're given\nThe world soft like linen and sweet like cinnamon\nBut everyday like 50 say, it's Many Men\nThey wanna take me out the spot, they want the pussy and the ends\nBut separate the paper and the Benz and the cribs\nThen the hoes, then the clothes, I'mma have to let 'em go\nYou know how the Dogg roll, don't get it twisted\nCause he bang out the East just in case you wanna visit\nA touch of the exquisite, mixed with somethin pimpish\nAnd it's comin from the Beach where them niggas is a beast\nBut I just listen, all that shit is in my past\nI'm connected to the purse first nigga, the ass last\nFrom Long Beach to Venice is the premise\nWant the green like spinach and I'm strong to the finish\n\n[Hook: Nate Dogg / Akon]\nSee me man, I'm nothin like you\nI got the kinda swagger that you ain't used to\nI'm leanin in my ride, fo' fifth, cock bangin\nMe, I'm ridin by ya on the corner, block slangin\nI'm livin that boss' life\nThe hoes come runnin when they see me comin\nI'm livin that boss' life\nYou can have anything just don't fuck with my money\n\n[Verse 2: Snoop Dogg]\nThis is for the West and the East and the Dirty South\nKhaki's and them Timbs and them niggas with the platinum mouths\nThinkin that they blessed by the actions that be comin out\nWhen you in Magic City you be carrying a lot of clout\nBut trickin ain't the route, that's even if you got it\nThere's a method to you holdin it when they can't do without it\nJust put the key up in it nigga if she 'bout it\nYou can have her and her partner, fuckin with it for a dolla\nIf she a baller, she gon' ride with a shot caller\nRoll with the Boss Dogg in the back of a blue Impala\nAnd if she follow, then she gon' swallow\nAll the game you got to give her, be a different bitch tomorrow\nBut I would never bother breakin out the Doggfather\n'less I knew that she was 'bout him, havin diamonds on his collar\nI'm just an author, spreading game to my partners\nWalkin on the blue carpet with the Doctor\n\n[Hook]", "image": "https://images.genius.com/d48487886da27bdb9138aed923b39bb1.220x220x1.jpg"}], "artist": "Snoop Dogg"}