{"songs": [{"title": "The Next Episode Bass boosted", "album": null, "year": null, "lyrics": "[Intro: Snoop Dogg and Kurupt]\nLa-da-da-da-dahh\nIt's the motherfucking D-O-double-G\nLa-da-da-da-dahh\nYou know I'm mobbing with the D-R-E\nYou know who's back up in this motherfucker\nWhat what what what\nSo blaze the weed up then\nBlaze it up, blaze it up\nJust blaze that shit up nigga\nYeah sup Snoop\n\n[Verse 1: Snoop Dogg]\nTop Dogg, bite em all\nNigga burn the shit up\nD-P-G-C my nigga turn that shit up\nC-P-T, L-B-C\nYeah we hooking back up\nAnd when they bang this in the club baby you got to get up\nThug niggas drug dealers yeah they giving it up\nLowlife, yo life\nBoy we living it up\nTaking chances while we dancing in the party for sure\nSlip my ho a forty-fo' and she got in the back do'\nBitches looking at me strange but you know I don't care\nStep up in this motherfucker just a-swanging my hair\nBitch quit talking, Crip walk, stay down with the set\nTake a bullet with some dick and take this dope from this jet\nOut of town, put it down for the Father of Rap\nAnd if yo' ass get cracked, bitch shut yo' trap\nCome back, get back, that's the part of success\nIf you believe in the S you'll be relieving your stress\n\n[Interlude: Snoop Dogg and Dr. Dre]\nLa-da-da-da-dahhh\nIt's the motherfucking D.R.E (Dr. Dre motherfucker)\nLa-da-da-da-dahhh\nYou know I'm mobbing with the D-O-double-G\n\n[Verse 2: Dr. Dre]\nStraight off the fucking streets of C-P-T\nKing of the beats you ride to em in your Fleet (Fleetwood)\nOr Coupe DeVille rolling on dubs\nHow you feeling whoopty whoop nigga what\nDre and Snoop chronic-ed out in the 'llac\nWith Doc in the back, sipping on 'gnac (yeah)\nClip in the strap, dipping through hoods (what hoods)\nCompton, Long Beach, Inglewood\nSouth Central out to the west side\nIt's California Love, this California bud got a nigga gang of pub\nI'm on one, I might bail up in the Century Club\nWith my jeans on, and my team strong\nGet my drink on, and my smoke on\nThen go home with, something to poke on\nLoc it's on for the two-triple-oh\nComing real, it's the next episode\n\n[Outro: Nate Dogg]\nHold up hey\nFor my niggas who be thinking we soft\nWe don't, play We gonna rock it til the wheels fall off\nHold up, hey\nFor my niggas who be acting too bold\nTake a, seat\nHope you ready for the next episode\nHeyyyeyyyeEYEYyyyEYYYY\nSmoke weed every day", "image": "https://images.genius.com/8c99dd335733f9c3cf16f57c9f589cfb.361x361x1.jpg"}], "artist": "Snoop Dogg"}