{"songs": [{"title": "Malice n Wonderland - Thank You's", "album": "Malice N Wonderland", "year": "2009-12-08", "lyrics": "First and foremost I would like to thank God. My beautiful wife, Shante da \"Boss Lady\", my kids: Spank, Rook, & Choc, Anthony Hayward, Moms, Pops, Grandma, my brothers Bing and Jerry, the Broadus family, the Vanardo family, the Fullers, Taylor, Tate & Martin family, my uncles, my aunts\n\nStampede Management: Ted Chung, Russell Redeaux, Justin Li, Nick Adler, Kevin Barkey, Rahia Michael... Doggy Style Records staff: Chris Jackson, Ethan Sugar, Frank Vasquez, Shon Don, Tasha Hayward, April Rooment, Kori Lewis... Ziffren Brittenham LLP: David Byrnes, Matt Johnson, Irina Volodarsky, Stephen Espinoza, La Chanda Woods, Sarah Copas, Cathy Naumann... William Morris Endeavor: Brent Smith, Molly Mattheison... Paradigm Agency: Sara Ramaker, Samuel Thornhill... Gerber & Co: Selwyn Gerber, Shannon Rollins, Shannon Richards, Goldie Elmore... Additional legal representation: Tabetha Plummer, Laney Allbritten, Hayes Michael, Donald Etra, Bert Deixler, Lawrence Apolzon, Robert A. Becker... Cashmere Agency: Seung Chung, Rona Mercado, Ryan Ford, Kosta Elchev, Isaiah Clayborne, Kate Pritchard, Kayla Isenberg... Snoop Youth Football League: Commissioner Wadu, Stacy LaChappelle, Nykauni \"Nikki\" Tademy... Snoopadelics: Soopafly, DJ LT, Mike Smoov, Los, Bubby... Ricky Palomino, Jeff Kaplan, Matt Melner, Dave Aron, Shelton Diggs, Al Gittens, Stephen Keys, Lucious May, Naem Mills, George Murdoch, Winston Francis, Joe Cool, The Hustle Boyz... Bernie Grundman Mastering: Brian\"Big Bass\" Gardner, Mike Bozzi, Marie Lewis... Throwin it up for all my DPG family worldwide!\n\nTo all the Doggy Style Records artists, producers, and family who collaborated with me on this album:\nDr. Dre, The-Dream, Tricky, The Neptunes, Jazmine Sullivan, R. Kelly, Nottz, Battlecat, Kokane, Lil Jon, Soulja Boy Tell 'Em, Danja, Terrace Martin, Bad Lucc, Problem, Nipsey Hussle, Damani, Scoop DeVille, Brandy, Teddy Riley\n\nEMI/Capitol Staff:\nNick Gatfield, Jeff Kempler, Leonard Brooks, Greg Thompson, Gary Beech, Paul Tuggey, Angelica Cob, John Bowen, Matthew Tilley, Phil Wild, Martha Braithwaite, Kisha Madrid, Cynthia Sexton, Ronette Bowie, Wanda Coriano, Nicole Frantz, Danny Lockwood, Violet Gonzalez, Catonia Whalen, Carlos Cuadros, Jill Lamothe, Chris Green, Craig Davis, Amparo Johnson, Sharon Heyward\n\nPriority Staff:\nBill Gagnon, Matt D'Amico, Jane Ventom, Jason Boyd, Aaron Streigel", "image": "https://images.genius.com/a9730b160b9e646d986f0b4659d2dc40.800x800x1.jpg"}], "artist": "Snoop Dogg"}