{"songs": [{"title": "Hardest Man in Town", "album": null, "year": null, "lyrics": "Will the hardest man please stand?\nThe homie stood right up\nSaggin' pants, gat in hand\nThe nigga was a nut\nLooney low key, O.G\nBeen bangin' from the jump\nDressed in all black, ready to jack\nAnd he still don't give a fuck\nA friend of mine he used to be\nBefore I got caught up\nHe used to roll with me, way back in '93\nWhen I was broke as fuck\nBe prepared to blast, that's all that he ask\nIf he's to ride with you\nWe gonna make some cash and dash\nYou can toss him when ya through\nThe hardest man in town\nThe hardest man in town\nThe hardest man in town\nThe hardest man around\nLittle big man, don't you see me lyin' here?\nPick me up if you dare\nI'll make your life easier\n'Cause I'll be pumpin' fear\nDisrespect, you don't have to take\nIf you see him comin' just wave me in his face\nBut you ain't the only one\nThat got a friend like me\nSo hurry up, let's go\nI'm kind of tired of being broke\nI know you gotta get paid\nI can show you the way\nSo take me home, polish the chrome\nLoad me up and put me to his dome\nI got a lot work to do\nSo toss me and be gone\nYou're a big man now\nYou're a big man now\nYou're a big man now\nYou're a big man now\nI told you once before\nI'm pumpin' fear\nNobody's gonna step to you'\nLet them know I'm here\nAnd if you have questions\nIn the corner of your mind\nPull the trigger\nAnd leave your questions behind\nThe hardest man in town\nThe hardest man in town\nThe hardest man in town\nThe hardest man around\nThe hardest man in town\nThe hardest man in town\nThe hardest man in town\nThe hardest man around\nThe hardest man in town\nThe hardest man in town\nThe hardest man in town\nThe hardest man around", "image": "https://images.genius.com/8c99dd335733f9c3cf16f57c9f589cfb.361x361x1.jpg"}], "artist": "Snoop Dogg"}