{"songs": [{"title": "Kendrick's Outro", "album": "Bush", "year": "2015-05-12", "lyrics": "[Verse 1: Kendrick Lamar]\nOverlookin' the skylines\nSky is the limit, tell 'em they can't disguise my L.A. fitted\nTop rhymin' is Chandon\nBad bitches wavin' they palm-palms and cheer for me\nA cheer for me, got to be a throne-fucker\nBlack-and-white Chuckers, 501, she blood-suckers\nBetter know just how the West was won\nI'm one step ahead of the game\nI bang like two twin Glocks\nYou either shoot back or run, that's California tactics\nYou was pissin' on your matress\nI was playin' dominoes watchin' Jordan play 'Magic'\nActin' madness, I'm a mad man\nSippin' Mad Dog, blunt, guts in the trash can\nParty on Sunset as soon as the sun set\nThe sun rise, tell the club owner we ain't done yet\nIf I die in my city, bury me a G\nMy obituary say, 'Fuck L.A.P.D.'", "image": "https://images.rapgenius.com/fe4b223de2110f9aaeab10447db0efb8.1000x1000x1.png"}], "artist": "Snoop Dogg"}