{"songs": [{"title": "The Big Squeeze Intro", "album": "The Big Squeeze", "year": "2007-04-24", "lyrics": "[Snoop Dogg]\nAnybody having a good time tonight?\nDo y'all want more?\nAnybody having a good time tonight?\nWhat up though?\nYeah, west, west y'all\nDo y'all want more?\n(Yeah I want more)\nAnybody having a good time tonight?\nHA-HA yeah\nCheck it-check it out y'all\nBigg Snoop Dogg presents... The Big Squeeze\nYeah check it out\nNow what I wanted to do on this record right here\nI wanted to produce this whole muthafuckin' record from start to finish\nAnd I wanted to put out all the niggas that I'm fuckin' with ya dig?\nSince ain't nobody else givin' 'em a shot\nI got the gauge in my hands so I'ma bust wit' 'em\nBe on the lookout for my niggas Warzone, MC Eiht, Goldie Loc, and Kam\nCan't forget about the Western Union, Damani, Bad Lucc, and Soopafly\nOh yeah, and my nigga Kurupt doin' his solo record\nOh yeah, my nigga Terrace Martin, can't forget about Uncle Chucc, J. Black, and the lovely Azur\u00e9\nYa dig? That's what it is man, Bigg Snoop Dogg, The Big Squeeze\nI'm takin' over this muthafucka for '07\nDo y'all want more?\nHolla, if you want it I got it\nDrippin' like water, Bigg Snoop Dogg nigga, the king of the west\nDo y'all want more?\nAnybody having a good time tonight?\nSmoke som' nigga\nYeah, I'ma let y'all get your groove on\nSo I'ma bang this record for y'all\nAnd I know you gon' love it\nSo uh, y'all have a good time\nDo y'all want more?\nNow we just goin' sideways on the body in there\nSlide left y'all yeah yeah\nSlide left y'all yeah\nNow enjoy this muthafuckin' record\nAye Priest stop the beat so I could uh-\nGet these niggas ready for that shit\nBang", "image": "https://images.genius.com/443ed24688117f6ea63cbc123a45442c.953x953x1.jpg"}], "artist": "Snoop Dogg"}