{"songs": [{"title": "Always Got Something to Say", "album": "Bible of Love", "year": "2018-03-16", "lyrics": "[Intro: Snoop Dogg]\nHeavenly Father, I wanna thank you for what you've done for me\nIn my life, I try so hard to be faithful, and I am faithful to you\nAnd my soul just running away to you, and I want you to grab my hand and hold me\nI know, I know, I know\nOne of these days, I'm gonna run away to you\nYes I am\nWhoah, yes I am\n\n[Chorus: Snopp Dogg]\nMake me wanna run away\nPack my bags and get away\nOn my knees at night, I pray\nThat we will live another day\nYou always got something to say\n\n[Verse 1: Snoop Dogg]\nIn the kitchen with my kinfolk, cookin'\nThey say the devil always show up when you're not lookin'\nThat's why I'm doing God's work\nI'll hook 'em with the scripture\nThen bring it all to life so everyone can get the picture\nI'm withcha (Oh)\nSee, this is for my folks who hold the fence up\nThe preachers, ministers, deacons, ushers and the sisters (What?)\nMy granny used to say \"Give us our daily bread\"\nShe put it in my heart, and now it's in my head\n\n[Chorus: Snopp Dogg]\nMake me wanna run away\nPack my bags and get away\nOn my knees at night, I pray\nThat we will live another day\nYou always got something to say\n\n[Verse 2: Snoop Dogg]\nI'm at the park, playin' ball with the children\nProviding the league so I can help restore the feeling\nIt's a blessing to give back, so let's keep giving it\nWalk by faith, and showing how we livin' it (Livin')\nLovin' it, avoiding the hate\nShout out to Ruth for giving birth to Nate\nThat's my homeboy's momma\nWe was raised in the Church\nWe take God with us\nDo right, don't fight\nOr try to squab with us\nNo weapon formed against me shall prosper\nAnd that's fact, truth mane\nThe Gospel\nSittin' on the corner, tryna figure the fall\nYou done got too high, now you're feeling so low\nI'm just a nobody, tryna tell everybody\nAbout somebody who can save anybody\nI remember what my Grandma said, \"Give us our daily bread\"\nIt's in my heart, and my head\n\n[Chorus: Snopp Dogg]\nMake me wanna run away\nPack my bags and get away\nOn my knees at night, I pray\nThat we will live another day\nYou always got something to say", "image": "https://images.genius.com/c9dee508f81bde784b713142dc6009e9.600x600x1.jpg"}], "artist": "Snoop Dogg"}