{"songs": [{"title": "Doggy pound", "album": null, "year": null, "lyrics": "[Snoop Doggy Dogg]\nAll I know and all I do is\nD-P-G with the rest of my crew\nWe thru with Milken Milli Vanilli\nSilly Niggas who be rappin but they really be actin'\nI'm smackin' niggas in they face\nFor the 9-8\nMy DJ Warren G and my homeboy Nate\nThe game won't wait\nSo we paper chase\nAnd watch out for them suckas who paper-hate\nTry to drop some shit to keep you straight\nKeep my niggas on a mission\nBut my success, oh yes it's fresh\nHere's a toast to my LB for life\nYou can call me when you wanna\nOr can catch me in the Navigator bendin' in the corner\nI representin', just like Billy Clinton\nI smack a bitch for my chips and dip\nFor Dogg Pound Gangsta Click\n\n[Chorus (x2):]\nDon't you wanna come with me to Dogg Pound Gangstaville\nWe can give you what you need in Dogg Pound Gangstaville\n\n[Nate Dogg]\nOnce upon a time in the land of the foolish man\nThere lived a man who claimed to be foldin' aces in hand\nHe played wrong once and played 'em twice\nAnd played 'em wrong again\nNow it's my turn to play the game\nAnd I guarantee I win\nVery best I have to be and I hope you understand\nI got my game from Gangstaville\nEastside of Gangsta Land\n\n[Chorus]\n[Kurupt]\nWell you can give me half your loot, nigga\nOr else I'ma shoot, nigga\nI do what Gz do- I ride\nI slide, I drips double 4's fool\nWhere's the clips\nYou'll find I hit your spine\nAnd shake your hips with hollow tips\nIt's the modern day me\nWith the state of art modern day heat\nMutherfuckin' modern day G\nNo good for for sho good\nPut this nigga on the hood\nAnd let me put him back the fuck off\nLike that, you fuckin' with the Kobe Bryant of rap\nWith a Mack 11 cocked back ready for sure, ready for war\nFor real enter if you will\nIn the land we call Dogg Pound Gangstaville\nAll we do is smoke and just so you know\nMy motto is fuck you bitch and fuck a hoe\n\n[Chorus (x3)]", "image": "https://images.genius.com/8c99dd335733f9c3cf16f57c9f589cfb.361x361x1.jpg"}], "artist": "Snoop Dogg"}