{"songs": [{"title": "Tru Tank Doggs", "album": null, "year": "1998-08-04", "lyrics": "[Intro: Mystikal]\nWe been holding back to motherfukin long\nNigga fuck the dumb shit\nIt's time to represent nigga\nIt's time to represent nigga\nIt's time to let you niggas know man\n\n[Verse 1: Mystikal]\nI'm the conscious in the toolbox that's coming for the carpenter\nI'm the mirror and the comb clipping the scissors that come from the\nBarber they think i'm the godfather\nI'm one of the brand new number 2 pencils out the pencil sharpener\nI'm the scarlet water out the delta faucet\nI'm the rhyming I'm the artist I'm vomit in the toilet\nI'm the comet when it charges I'm the drama in New Orleans\nI'm the vegetables that grow in the garden\nAll the weeds, dope,coke and alcohol at the parties\nI'm the M.I.C.H.A.E.L Tyler\nI'm the loud blackka, blackka, wakka, wakka coming from behind yah\nI'm the stitches of the shirt that make the polo man trill inside the\nTimberland I'm the bells on trigger man\nWho? me that's who\nI'm the voice in the microphone coming from the booth\nI'm the ground when you think I'm the file on the shank\nI'm the pile in the bank I'm the round off the tank\n\n[Chorus: Mystikal & Snoop Dogg]\nI'm that nigga Mystikal And I'm the Dogg\nThat's that nigga I like to hustle and ball\nWe them niggas Yeah tru tank dogs\nThey them niggas\nYou don't want to fuck wit at all\nKnuckle up nigga, knuckle up nigga\nIf you sleeping I'm sneaking buckle up nigga\nKnuckle up nigga, knuckle up nigga\nIf you sleeping I'm trippin buckle up nigga\n\n[Verse 2: Snoop Dogg]\nI'm in a club in New Orleans\nJust got finished eating a\nBatch of chicken wings with some collard greens\nI'm down south in the house straight turning it out\nGot bitches in my face and I can slap they mouth\nWith all the shit that they be tweaking Nigga be speaking\nGame leaking, but I'm streaking Snoop Dogg ain't leaking\nMy game tough and tight See ain't nothing like\nThis G-shit nigga LBC shit nigga\nI'm feeling I'ma fall of in this club tonight\nWhere my old lady at, I'm trying to find a fight\nIn this motherfucker mad drunk, stupid and shit\nReady to take off on this moteherfuckin' trick ass bitch\nOld pussy ass nigga looking at me strange\nLike he don't know what gang I claim\nI'ma doggpound gangsta 'til I fall off the planet\nGoddamnit, don't take it for granted biatch\n\n[Chorus: Mystikal & Snoop Dogg]\nI'm that nigga Mystikal And I'm the Dogg\nThat's that nigga I like to hustle and ball\nWe them niggas Yeah tru tank dogs\nThey them niggas\nYou don't want to fuck wit at all\nKnuckle up nigga, knuckle up nigga\nIf you sleeping I'm sneaking buckle up nigga\nKnuckle up nigga, knuckle up nigga\nIf you sleeping I'm trippin buckle up nigga\n\n[Outro: Mystikal & Snoop Dogg]\nBiatch get your ming right mind right, get your mind right\nBiatch get your ming right mind right, get your mind right\nBiatch get your ming right mind right, get your mind right\nBiatch get your ming right mind right, get your mind right\nBoot up, or shut up\nPussy ass nigga\nPut your set up,or shut up\nBitch ass nigga\nBitch ass nigga\nBitch ass nigga\nWhere they at ho? Where they at ho?\nWhere they at ho? Where they at ho?\nWhere they at ho? Where they at ho?", "image": "https://images.genius.com/8c99dd335733f9c3cf16f57c9f589cfb.361x361x1.jpg"}], "artist": "Snoop Dogg"}