{"songs": [{"title": "Luv Drunk", "album": "Malice N Wonderland", "year": "2009-12-08", "lyrics": "[The-Dream]\nOh oh oh\nWho is this?\nClose the door\nGon' lit it\nThat's for sure\nGonna lay you out\nAnd I know you'll love how a nigga break it down\nAnd everytime I'm with her her I get her her love drunk (lovin' you in all ways)\nAnd everytime she wit me me she get me me love drunk\n\n[Snoop Dogg - each line x2]\nYou know who I am I'm the motherfucking dogg\nThe sheets fucked up and you know it was me\nYou can hear the bed squeak all the way down the street\nAnd it sounds like a song cause we're fucking to the beat\nI put my rat tat tat in her boom boom pow\nAnd then she put her tit tit tit all up in my mouth\n\n[Snoop Dogg]\nI might've said it before I don't love them hoes\nI told you before I don't love them hoes\nBut she got that good good I can't let her go\nAnd I got to let her know that\n\n[Hook: The-Dream]\nAnd everytime I'm with her her I get her her love drunk (lovin' you in all ways)\nAnd everytime she wit me me she get me me love drunk (love drunk)\nMmmm she needs that good love is what she's fiending for\nAnd I got that fire loving\nThe more you need the more\nLet me hear you say oooh, ahah, oh yeah\nRight now everytime she's with me we all dizzy\nWe love drunk\n\n[Snoop Dogg - each line x2]\nShoot to the spot cause the spot is the lim'\nOn your lunchbreak let me hit it real quick\nAnd back to your job 'fore they know what it is\nLoving so good we done made three kids\nI don't know what it is but I love what it did\nHugging and touching and all that shit\nDrink 'til you're drunk, see my love is a fill\nYeah this for you boo, it's a gift\n\n[Hook]", "image": "https://images.genius.com/a9730b160b9e646d986f0b4659d2dc40.800x800x1.jpg"}], "artist": "Snoop Dogg"}