{"songs": [{"title": "Sweat (Snoop Dogg vs. David Guetta) [Extended Remix]", "album": null, "year": null, "lyrics": "Big Snoop Dogg\nCan you be my doctor?\nCan you fix me up?\nCan you wipe me down?\nSo I can make you give it up give it up\nUntil you say my name\nLike a Jersey Jersey shuttin' down the game\nBe my head coach\nSo you can...\nAnd never take me out\nTill you can taste the way\nDo it again, and again till you say my name\nAnd by the way\nI'm so glad\nI just wanna make you sweat\nI wanna make you sweat\nI just wanna make you sweat\nI wanna make you sweat\nSweat, sweat\nDrip drip drip for me mommy can you drip drip drip\nDrip drip drip for me mommy can you drip drip drip\nShe's hot on a rainy day\nDon't drown\nCall call me up, I I I can save you now\n(Lick your feet and kiss your lap)?\n(?)\nThere's only one way we can stop the drought\nCome with me\nWe can take a trip down south\nI can tell she's thirsty\nI'm in the whoa like a birdy\nWhatcha wanna do tonight?\nIt's still early\nWanna get some tonight\nShe's all sturdy\nI'm in I'm in\nLike a cigarette\nShe wanna quit\nI just wanna make you sweat\nI wanna make you sweat\n\nI just wanna make you sweat\nI wanna make you sweat\nSweat, sweat\nDrip drip drip for me mommy can you drip drip drip\nDrip drip drip for me mommy can you drip drip drip\nCan you, can you get me up like I'm late for my first class\nSo I can give it to you rough like a first draft\nHold you like a paper plane\nYou know I got paper babe\nThem dollar bills\nGirl I'll make it rain\nHoliday Inn\nCome and meet me on my eighth floor\nD--n it feels good but I feel bad for (them next door)?\nAnd I, I I I up on the (?)\nWhen I slip slip slip like two girls into slip n' slide\n(There's a flood in your heart love)?\nGirl, let me pop up in your hot tub\nEvery night every day\nSippin' on a different drink\nDifferent chicks, different tastes\nI do it different ways\nWhere you goin?\nWhatcha say?\nI'm why her river flowin'\nTo another lake\nBy to ocean by the ocean\nOn the beach on the beach\nI'm bout' to take a swim\nLet me dip my feet in and make you sweat\nI wanna make you sweat\nI just wanna make you sweat\nI wanna make you sweat\nSweat, sweat\nDrip drip drip for me mommy can you drip drip drip\nDrip drip drip for me mommy can you drip drip drip", "image": "https://images.genius.com/8c99dd335733f9c3cf16f57c9f589cfb.361x361x1.jpg"}], "artist": "Snoop Dogg"}