{"songs": [{"title": "Bo$$ Playa", "album": "Paid Tha Cost To Be Da Bo$$", "year": "2002-11-26", "lyrics": "[Intro: Don Magic Juan] (*echo*)\nBoss Playa ... Boss Playa\nBig Snoop Dogg is a Boss Playa\nThis is the Archbishop Don Magic Juan\nSkin in game, church\n\n[Chorus: Snoop Dogg]\nMany people don't be knowin' about this pimp game (Pimp game)\nBut I'm sure they wanna know about this pimp game (Pimp game)\nAnd to me, you know it ain't no motherfuckin' thang\nTo give it to you plain and simple 'cause you know it's played\nHolla at 'em, Doggy Dogg, go and do that thang\nOkay, \"Sa Da Tay\" like my nigga Pootie Tang\nI got that bounce, to make her booty sway\nThat little cutie thang, 'Fred, she's a beauty, mayne' (Ooh wee)\n\n[Verse 1: Snoop Dogg]\nRollin' with a player 'cause that's what he was\nAnd dedicated to his paper, Je-sus!\nOn his bitches hard as feezuck\nAnd if them law boys pull him over he won't freeze up\nHe got the heata-fa-heata and the keysa\nWith a pocket full of big faced Visas\nThey say it's cheaper to keep her, now baby, ease up\nKick back and blaze some of these trees up\nNow sit your ass in the treezuck\nAnd do me a favor and turn the music up\nShould I slap her, or should I freak her?\nI'll take the stronger, you can have the weaker\nSpeak when spoken to, yeah, I broke a few\nAnd by the way I was hoping you\nHad a freak for me and a freak for you\nI make 'em do for us\nThat thang you been wantin' her to do for months\n\n[Chorus: Snoop Dogg]\nMany people don't be knowin' about this pimp game (Pimp game)\nBut I'm sure they wanna know about this pimp game (Pimp game)\nAnd to me, you know it ain't no motherfuckin' thang\nTo give it to you plain and simple 'cause you know it's played\nHolla at 'em, Doggy Dogg, go and do that thang\nOkay, \"Sa Da Tay\" like my nigga Pootie Tang\nI got that bounce, to make her booty sway\nThat little cutie thang, 'Fred, she's a beauty, mayne' (Ooh wee)\n\n[Interlude: Don Magic Juan]\nThis is the Chairman of the Board\nThe Archbishop Don Magic Juan\nBig Snoop Dogg is a boss playa\nAs a matter a fact\nI was there when he was crowned 'Boss Playa', church\n\n[Verse 2: Snoop Dogg]\nI had three on my right arm and four on my left\nLime green and gold, we was sharp to death (Ooh wee)\nHad to catch my breath, watch my step\nPlayin' this game, you can holla at the ref\nAnd call a timeout before you put your dime out\nStop, pause, rewind before you put your rhyme out\nAnd go to the \"Wizard of Oz\"\nAnd tell 'em that your tryin' to get yourself a brand new heart\nA brand new start\n'Cause you realized that you hadn't played your part\nAnd that was smart\nIt's like a art the way I articulate\nAnd break these bitches from state to state\nSee, I've been the flyest since I came out the gate\nI ain't ask for it, homie, I just shake and bake\nI won't fake to make you buy my tape\nI say a prayer to the Lord just to keep my faith up straight\n\n[Chorus: Snoop Dogg]\nMany people don't be knowin' about this pimp game (Pimp game)\nBut I'm sure they wanna know about this pimp game (Pimp game)\nAnd to me, you know it ain't no motherfuckin' thang\nTo give it to you plain and simple 'cause you know it's played\nHolla at 'em, Doggy Dogg, go and do that thang\nOkay, \"Sa Da Tay\" like my nigga Pootie Tang\nI got that bounce, to make her booty sway\nThat little cutie thang, 'Fred, she's a beauty, mayne' (Ooh wee)\n\n[Bridge: Snoop Dogg  & (Female)]\nWill you steal for me? (Yes I will)\nWill you kill for me? (Yes I will)\nWould you lie to me? (Never)\nWould you die for me? (Whenever)\nWill you steal for me? (Yes I will)\nWill you kill for me? (Yes I will)\nWould you lie to me? (Never)\nWould you die for me? (Whenever, whenever)\n\n[Interlude: Don Magic Juan]\nBig Snoop Dogg, lets you know\nThat this game ain't for no lame\nIf you got heart, you can play this game\nBut if your heart ain't right\nWe got a remedy for that, too\nYou got to go see the wizard .. to get you some heart\nAnd the Archbishop Don Magic Juan is the Wizard\nThat's got the game ... for them lames\nBoss Playa ... Boss Playa ... that's what this game is all about\nBoss Playa\n\n[Chorus: Snoop Dogg]\nMany people don't be knowin' about this pimp game (Pimp game)\nBut I'm sure they wanna know about this pimp game (Pimp game)\nAnd to me, you know it ain't no motherfuckin' thang\nTo give it to you plain and simple 'cause you know it's played\nHolla at 'em Doggy Dogg, go and do that thang\nOkay, \"Sa Da Tay\" like my nigga Pootie Tang\nI got that bounce, to make her booty sway\nThat little cutie thang, 'Fred, she's a beauty, mayne' (Ooh wee)\n\n[Outro: Traci Nelson]\nGangsta, Gangsta, where you been?\nRound the corner messin' with brotha'n'em\nYoungsta, Youngsta, you at it again?\nPoppin' gats for the fuck of it, when you know you got ends\nI don't think that you should be in the streets like that\nYou know you the fashion type of cat\nAlways in them stores, with major whores\nDoin' things, bling bling\nWest Coast runnin', lovin', hustlin' smokin', always chokin' indo green\nWith the sticky in your hand, fo sho\nEverybody 'round ya 'cause they know you got mo'\nWet Cristal, you like to get wild\nYou like to dip in your 6' n shit\nRollin' through them streets, poppin' CPT\nLBC rollin' with me, ohh", "image": "https://images.genius.com/020258c5b50e382d2763d8439947dad4.1000x1000x1.jpg"}], "artist": "Snoop Dogg"}