{"songs": [{"title": "New Year's Eve", "album": null, "year": null, "lyrics": "[Chorus]\nWe're having a good day\nLet's make it a great night\nYou know I see you\nAnd tell you you're so tight\nMy special lady\nYou're one of a kind\nAnd every time I see you shine\nIt's like the lights of midnight\nOn New Year's Eve\nAnd I do believe\nOn New Year's Eve\nWe can make it\nWe can live forever\n\n11:59 and not a second later\nShe's stayin' in the mix like a crossfader\nIt's about to go down\nNo elevator\nLive for the moment\nLove in the air\nShe got me feeling like\nI don't wanna be your player\nReal talk\nSo I don't wanna be unfair\nNow watch the apple drop\nAnd celebrate the year\nI see you shinin' away\nFrom over there\nAnd all the other girls\nNo, they don't compare\nI whisper something bond to you\nAll up in your ear\nI infiltrate your mind\nAnd then I penetrate her\nI get it crackin' baby\nCall me the ... lady\n\n[Chorus]\nWe're having a good day\nLet's make it a great night\nYou know I see you\nAnd tell you you're so tight\nMy special lady\nYou're one of a kind\nAnd every time I see you shine\n\nIt's like the lights of midnight\nOn New Year's Eve\nAnd I do believe\nOn New Year's Eve\nWe can make it\nWe can live forever\n\nGrab a glass\nMake a toast to the good life\nBacardi, lime and Ciroc\nIt will pass the time\nLeather seats in the back of a Phantom ride\nYou stay on my mind so I had to make you mine\nMaster kush smoke for a master mind\nMy special lady\nOnly one of a kind\nI never seen it comin'\nI guess love is blind\nNew Year's watch the city come to life\nI must say girl\nYou're looking right\nYour hair did, nails did, dress\nFitting tight\nI think I just might\nSee she's the one I like\nSee we can look forever girl\nLet's get hot one night\n\n[Chorus]\nWe're having a good day\nLet's make it a great night\nYou know I see you\nAnd tell you you're so tight\nMy special lady\nYou're one of a kind\nAnd every time I see you shine\nIt's like the lights of midnight\nOn New Year's Eve\nAnd I do believe\nOn New Year's Eve\nWe can make it\nWe can live forever", "image": "https://images.genius.com/73a41380bbbf537ad92f5dfe1a0d3804.220x220x1.png"}], "artist": "Snoop Dogg"}