{"songs": [{"title": "Gin & Juice II", "album": "Da Game is to be Sold, Not to be Told", "year": "1998-08-04", "lyrics": "Ahh-haaa\nGet your motherfuckin glass, cus it's a blast from the past\nYou didn't think we gon touch ya two times nigga\nGin and Juice up in this bitch, yahhh\nSome of that Beats By the Pound flavor, you feel me (you heard me)\nGet your ice, get your cups, Cus we about to get fucked up in here\nYah (yah), Straight up, Uhmm (uhmm), Yah (yah)\n\n[Verse One]\nI'm still smokin, driftin, swifter than a motherfucker\nTwisted off a cup of that 'ole ignat juice\nHeated in the seat cup fulla drank\nBeatin up the block in the dark blue tank\nBullet proof vest on my chest for the cause\nDig in my draws for dem muthafuckin laws\nHarrassin a nigga, blastin a nigga\nI ain't seen shit, so why you askin nigga\nI'm too fucked up off that G-I and juice\nC-I get loose, nigga what chall wanna do\nI got a crew, but I choose to roll solo\nEspecially on Sundays dippin in my low-low\nConvertible top spot for the Glock\nI ain't fuckin with the hen dogg, so toss out the sauce hot\nPut my shit on three wheels for thrills\nI hit a corner and make sure my drink don't spill, that's real\n\n[Hook]\nRollin down the street, with heat\nDrankin, trees, sittin on D's\nTop rolled back so I can feel the breeze\nNever slippin, I keep my eyes on my enemies\nRollin down the street, with heat\nDrankin, trees, sittin on D's\nTop rolled back so I can feel the breeze\nNever slippin, I keep my eyes on my enemies\n\n[Verse Two]\nNow trip dis, I'm on Interstate 10 fuckin with this Creole\nShe say she knows NINO, stop lying (know Nino)\nCup of that Gin and Juice, I blank a bitch out\nThen turn the bitch out, look here\nAin't no need for you be wastin my time\nSee I picked you up, now I'mma stick you up, and dick you up!\nAnd give you what you need\nAnd then bring you back down to reality\nWith that California weed, she seemed trouble at first\nAnd then it got worse, cause now (stop)\nI got my hand up and down her mini-skirt\nTwerkin that shit while I'm ridin up the highway\nDoin it my way, the hella highway, the fly way\nSwervin in another lane, tryin to maintain\nAnd baby girl steady takin dick to the brain\nLeft no stain, cause she swallowed it up\nThen she wanted to take a puff\nI said \"Look here bitch you done had enough\" (hold up, hold up)\n\n[Hook]\nRollin down the street, with heat\nDrankin, trees, sittin on D's\nTop rolled back so I can feel the breeze\nNever slippin, I keep my eyes on my enemies\nRollin down the street, with heat\nDrankin, trees, sittin on D's\nTop rolled back so I can feel the breeze\nNever slippin, I keep my eyes on my enemies\n\nSomebody say, I wanna get fucked up\n(Say what, say what)\nCome on, now\nEverybody say, I wanna get fucked up\n(What'chu say, what'chu say) YAH\n\n[Verse Three]\nI popped by the ice cream shop\nTo cop something, pop something, ya heard me\nWhere's Serv-B, nigga well serve me\nSince you got that big bad ass dank\nNigga you know I'm known for havin that big ass bank\nTryin to buy all your dope, cause you're a smoker\nI'll find that indo weed even when I'm on the East Coast\nCause times gettin hard on the boulevard\nBut I refuse to lose by a zip of that backyard (hell no)\nLil' Jimmy's sent me something, I need to cop something\nGot Some (Got Some), I know you got some\nNigga stop frontin, get at your boy\nHook it up like Master P (Ughh)\nOr would it be a tragedy, ya feel me, the best weed nigga\n\n[Hook]\nRollin down the street, with heat\nDrankin, trees, sittin on D's\nTop rolled back so I can feel the breeze\nNever slippin, I keep my eyes on my enemies\nRollin down the street, with heat\nDrankin, trees, sittin on D's\nTop rolled back so I can feel the breeze\nNever slippin, I keep my eyes on my enemies\nBiach\nTrade mark", "image": "https://images.genius.com/cc7312525ce26f443efc158446aeedc3.1000x1000x1.jpg"}], "artist": "Snoop Dogg"}