{"songs": [{"title": "In the Name of Jesus", "album": "Bible of Love", "year": "2018-03-16", "lyrics": "[Intro]\nFor those of you that don't have anything to believe in\nThis song right here's for you\nI'm here to tell you the power of somebody I know personally\nListen to me\n\n[Chorus]\nThere is power\nGlory, faith and strength\nIn Jesus\n\n[Verse 1]\nIf you enjoyed waking up with that food on your table, say amen\nIf you enjoyed putting money in your pocket, say amen\nIf you know God is able to cure anything, say amen\nIf you know that he's able and willing to cure you, say amen\n\n[Chorus]\nThere is power\nGlory, faith and strength\nIn Jesus\n\n[Verse 2]\nDon't you enjoy waking up in the morning, period\nSay yeah\nAnd I know you gotta love when you're sick, and the doctor say it ain't serious, say yeah\nIt could be worse, you could be hurt, living in the streets, under a bridge\nDon't shoot the messenger, just tell it like it is\n\n[Verse 3]\nI'm sorry y'all, I'm just telling it like it is\nI'm just speaking my mind on behalf of the Lord\nAnd I wanna let you know, you need to get on your knees and pray and thank Him for everything, no matter what situation\n\n[Chorus]\nThere is power\nGlory, faith and strength\nIn Jesus", "image": "https://images.genius.com/c9dee508f81bde784b713142dc6009e9.600x600x1.jpg"}], "artist": "Snoop Dogg"}