{"songs": [{"title": "Introduction To The West Coast Blueprint", "album": "Snoop Dogg Presents: The West Coast Blueprint", "year": "2010-02-23", "lyrics": "[Snoop Dogg]\nWhat's crack-a-lackin\u2019? It's ya boy Bigg Snoop Dogg and you do know what I'm about to do right now\nSnoop Dogg Presents The West Coast Blueprint\nBrought to you on behalf of Priority Records\nYeah we bringin\u2019 it back to life again, 25 years of great music back to life\nTurnin' the light back on in the building, you understand what I'm sayin'?\nMy priority is the West Coast, if you don't know, you won't know\nAnd what we gon' do right here, we just gon' take it right back to the beginning of this West Coast, you know this Hip Hop thang what it started on, what it was built on, what it was based on\nAnd I got music to go from era to era, from city to city, MC to MC\nAnd kickin\u2019 it off, I\u2019ve gotta do it this way\nMy OG, your OG, Eazy-E from the city of Compton, 1988, \"Eazy-Duz-It\"\nWhat was you doin' when this record came out?\nI was goin\u2019 to Jordan cause they kicked me out of Poly\nSo you know what it is, let's check it out real quick\nEazy-E, \"Eazy-Duz-It\" on this Snoop Dogg Presents The West Coast Blueprint\nEnjoy this CD", "image": "https://images.genius.com/e2f858ce2e3e1526a1ceeb02be51f0c9.522x522x1.jpg"}], "artist": "Snoop Dogg"}