{"songs": [{"title": "Unify", "album": null, "year": null, "lyrics": "[Featuring Snoop Dogg]\n\n[Snoop Dogg]\n\nI falls off into a party in the N.Y.C\n\nNiggas lookin at me strange but they lovin my chain\n\nBang bang same thang game came when I left em\n\nI do it by my lonely now I'm the Big Homie\n\n[Slick Rick]\n\nBut I'm his Royal Slickness ghetto weakness come Rick is\n\nThe one who expose cornball rappers with the quickness\n\nUhh who bum from and who balls you hung from\n\nWouldn't give a fuck what part of the country you come from\n\n[Snoop Dogg]\n\nI'm Snoop Dogg, I'm smooth and imperial\n\nI wake up every morning to my Lucky Charms cereal\n\nTimes get drastic, yeah I'm a classic\n\nDogg Pound Gangsta chokin off that Boombastic\n\n[Slick Rick]\n\nNow put my verse on the first one-beat the herds come\n\nSo be careful cause my rap will make you eat your words son\n\n(Word to God) Scratch I? Who the hardest to match (I)\n\nBright rewrite your still Garbage to Patch\n\n[Snoop Dogg]\n\nHaven't you heard? I'm loose, shook the Feds like The Juice\n\nSnoop Dogg is a hundred-and-twenty-first proof\n\nFool usea deuce-deuce of some Genuine, Draft\n\nI'm genuine, like Vinny's whinin all about cash\n\nCash, cash, so indeed I got the weed\n\nAnd keep the lighter for the hash, has it\n\nEver been a time when you didn't have a dime\n\nAnd the only way to get it was to go and do a crime?\n\nChorus: Slick Rick (repeat 2X)\nMany underclothes hangin on the hoes\n\nSince (Snoop, Slick Rick) crushed anyone opposed\n\nLot of ladies - pop Cristal, toast to all those\n\nLike (Kid Capri) helpin to Unify both coasts\n\n[Slick Rick]\n\nI'm shredding your temple, none, 'head of the emperor\n\nWashed up, gang member? Better remember\n\nI wipe my feet upon a rapper like a doormat\n\nI hit em -- where they sit around actin hardcore at\n\nThank God for the guardians - in light of this\n\nRappers always beg for me to show them who The Mighty is\n\nGats gonna limp, snaps on a kid\n\nThat always want to start rappin (boy they're not gonna win)\n\nAnd want to dash at lethal or evil\n\nCould a King bring style and class to black people?\n\nStick a whole log in and he buggin\n\nCause I - represent self, with my man Snoop Dogg and them\n\nI drop a pile of semen on em\n\nEven in a Yugo I could take they woman from em\n\nI make the hardest chew the kewl of this\n\nKid Capri, know the part of peasant, who The Ruler is?\n\nChorus\n\n[Snoop Dogg]\n\nI'm twenty-six.. still in the mix\n\nMy hair gettin longer, my game gettin stronger\n\nA nigga been on one, I thank God\n\nCause life in the city of stars is gettin hard\n\nAnd it's odd, for a G to get a job\n\nSo I'd rather steal and rob, and mob with my squad\n\nMy homie used to bang, now we follow Farrakhan\n\nUsed to read The Source\n\nNow all he read is the Holy Qu'ran\n\nTime brings change and change brings time\n\nListen to me hit you with this gangbang rhyme\n\nNigga, whattup, who up, YOU up!\n\nDoggy Dogg is on the mic\n\nI'm here to fuck it izzzup\n\nI give it to y'all, like you really got to have it\n\nDogg Pound Gangstaz, boy this shit is gettin tragic\n\nBut I'ma make me a grip and dip quick\n\nAnd fuck with my nigga Kid Capri on this G shit\n\nDial tail and bail with my nigga Slick Rick-why\n\nAnd all you niggas talkin bullshit can just miss me\n\nCan't twist me, you fuckin paper haters\n\nI'm dippin in my nine-eight gold Navigator\n\nI'm dippin like a lo-lo\n\nBouncin, smokin ounces, fo' sho' doe\n\nChorus 1.5X", "image": "https://images.genius.com/8c99dd335733f9c3cf16f57c9f589cfb.361x361x1.jpg"}], "artist": "Snoop Dogg"}