{"songs": [{"title": "WFTV Millionaire", "album": null, "year": "2014-10-01", "lyrics": "We all know what we're all here for\nAnd what's that? Prosperity\nRight on. And what's the key to prosperity?\nMoney. Money. Right\nAnd that's why we're here tonight\nTo make money\n\nMoney, money, money\nYes, y'all, money, money, money\nMeal ticket. One meal, ya dig?\n\nUh, one million subscribers\nWho can do it liver than me?\nBig boss Dogg, Mr. MacGyver\nPut your seatbelts on, I'm the driver\nTo take you out in nor, neither or neither\nSpit slick shit, wet saliva\nDubs to the nubs, yep, I'm a ridah\nAnd for the dead, I'm a reviver\nFast-forward just to rewind ya\nOh, you must of forgot, must I remind ya?\nPlush, gold rush, like a four-niner\nCD, cut set, a viner\nBreak ya neck back, back to your spine, uh\nThis is not a test, it's the final\nJust the exam, so that I know\nWho's down with the B-I-double G\nBig \"S\" on they chest\nAnd, yes, he the best\nKush, no cess, bush, new set\nLime's loaded, beats exploded\nShit's so funky, it's corroded\nI brought it, Broadus wrote it\nQuote it, devote it\nPut it in a note, still reads: \"Don't\"\nDoctor's orders\nMiddle fingers up cause we don't give a fuck\nOne million down and we still on the come-up\nWest Fest TV, and every Tuesday\nAll of y'all can see me\nUnderground heat, too hot\nShit what we do, this is a preview\nI will GGN you, shall I continue the menu?\nIt's all green, welcome to the home team\nNo hooks, straight jabs\nAnd Todd says, \"Hey, dude, Saul back\"\nNevermind, clever mind\nI reinvented myself seven times\nGoin' on eight, wait, motherfucker\nOpen the gate and let the dogs out\nSmokin' KK in the doghouse\nLights out, go to bed\nAnd this shit was straight off the motherfuckin' head\nI'm a gladiator, Hercules\nBlowin' with the purple leaves\nBlue violets and daffodils\nReal pimp, bitch, with the mack appeal\nSignin' off, I'm through with it\nReally ain't nothin' else to do with it\nI want to thank y'all from the bottoms up\nSmoke some, and put your bottles up\nWest Fest TV, yeah\nHa ha, big Snoop Dogg and we out this bitch", "image": "https://images.rapgenius.com/6c18a7c19e5433a16a883cc4952f66b5.1000x755x1.jpg"}], "artist": "Snoop Dogg"}