{"songs": [{"title": "You Can Put It In A Zag, I'mma Put It In A Blunt", "album": null, "year": null, "lyrics": "It's the big mack, yeah\nI got this new shit right here man\nYou might wanna hit this\n\n[Chorus: x2]\nYou can put it in a zag, I'ma put it in a blunt\nYou can sit in the back I'ma sit the front\nNo stunt no punk it really don't matter\n'Cause I got what they want\n\nThey say all day we play n blow\nSee this is the only thing we know\nI blow kush again, on the push again\nWith a bad lil' cute lil' Mexican\n\nUh, zigzag how I roll mine\nYou can tell I be a G how I hold mine\nI ain't into loanin' shit, I'ma own mine\nBitch fuck with me, stumble on a gold mine\n\nBreak bread or fake dead, punk bitch this is real life\nExecutive branch, what it feel like?\nCatch me if you can I'm your local kush man\nSittin' in the stairs what a hundred grants in my pants\n\nAnd I blow so much smoke\nPure OG hit it once might choke\nSee I'ma go kick it bitch I can poke\nAnd you can ride too, high school take a toke\n\n[Chorus: x2]\nNo stems, no seeds\nMac gave me all the class that a nigga need\nJust taught my old bitch how to roll weed\nAnd the nigga ridin' wit me gettin' high with me\n\n? to my young nigga Devin\nGot to hangin' wit Mac and now we twenty-four seven\nOn the go smokin' dro, deep on the west side\nBangin' where it's hood at\nYep, you gotta love that\n\nYep, I love that\nNiggas used to offer but I wouldn't\nNow I'm all askin' where the bud at\nMakin' it happen me and Mac just got two bitches\nCrackin' ? tryna smoke weed all night I'm down for getting tatted\n\nSpat it up and tat it up\nSuit it up and boot it up\nPioneers baby ain't nothing that you can do to us\nInhale, that's the high school\nDev and Mac, we known to act a damn fool, you dig?\n\nYou know what\nIt may sound crazy but uh\nYeah, Dev and Mac\nHigh school\nIt may sound crazy but uh\nIt may sound crazy but uh", "image": "https://images.genius.com/8c99dd335733f9c3cf16f57c9f589cfb.361x361x1.jpg"}], "artist": "Snoop Dogg"}