{"songs": [{"title": "No Regrets", "album": null, "year": null, "lyrics": "Feat. T.I\n\n[Verse 1: Snoop Dogg]\nHard times and good times... when they're mixed together\nIt can only make you stronger... even live a little longer\nI see the Gs on the corner, holding steel, think they're real\nBut oh, it's only a short life...\nPennies on their eyes cause they won't see tomorrow\n\n[Hook]\nSometimes, I wanna run away, but I'm holding on to what I feel\nIn this life, we don't crush no deals, back in the day\nBack in the day when I used to be a mindless kid\nNow I'm on that holy bid, no regrets for the things I did\nIt's the only way, only way, only way...\nTo live with no regrets...\nYou know you'd better live with no regrets\n\n[Verse 2: Snoop Dogg]\nYou can roll up your problems, smoke 'em like a champion\nYou can pray for a miracle, and still nothing can happen\nI ain't never bid us over, and I'm no predictor of the future\nBut I know, it's a short life...\nPennies on their eyes cause they won't see tomorrow\n\n[Hook]\n\n[Verse 3: T.I.]\n15 with kingpin, kilogram dreams - money talks\nYou ain't talkin' money, G,? Well we ain't talkin' 'bout a damn thing\n(You know) Whip it 'til it's hard, serve it to the dope fiend\n(You know) Or bring me 21-5, get a whole thing\nOn triple-beams they weigh up\nYou owe me, homie? Best pay up\nDon't make me raise this AK up\nYou and your homie get sprayed up\nMy lifestyle wild - he ain't got a clue\nDon't let this smile fool you, bruh, this what you'd better do:\nGive me my R-E-S-P-E-C-T\n'Fore I leave you D-O-A, you won't need no D-O-C\nAbout my D-O-G, I swear to G-O-D\nI push that line with no regrets, I won't lose one night's sleep\n\n[Hook]", "image": "https://images.genius.com/8c99dd335733f9c3cf16f57c9f589cfb.361x361x1.jpg"}], "artist": "Snoop Dogg"}