{"songs": [{"title": "Psst!", "album": "Tha Blue Carpet Treatment", "year": "2006-11-21", "lyrics": "[Intro]\nSnoop D-O Double to the G\nDouble to the G\nG-G-G\nDouble to the G\nSnoop D-O Double to the G\n\n[Jamie Foxx]\nHey you, out there\nFat ass, good hair\nHell with my homies\nI wanna kick it with you\nCuz I got my swilla\nPacked to the cilla\nFor what you heard\nDon't be scared\nTell me what's the deal-ah\n\nGo, go, go, go\n[Snoop D-O Double to the G]\nGo, go, go, go\n\n[Snoop Dogg]\nAy, what's yo name\nAnd who you with?\nHave a see baby girl\nCome and limp with a pimp\nRelax, you know I got this shit\nSplit that squishy\nWhile I pop this Cris'\nYea girl, its the D-O dub\nHow you feel\nOn the real\nI wanna be yo thug\nNow\nI wanna treat it like its never been treated\nMixin and fixin and beat it and beat it\n\n[Hook]\nPsst!\nBaby let me holla at you\nPsst!\nI'm tryna throw these dollas at you\nPsst!\nBoy what you want?\n[Snoop D-O Double to the G]\nPsst!\nTell me what you want\nPsst!\nBaby let me holla at you\nPsst!\nI'm tryna throw these dollas at you\nPsst!\nBoy what you want?\nPsst!\nTell me what you want\n\n[Jamie Foxx]\nYour love so bold\nAnd so cold\nLike a fridgerator\nYou work that ass\n[Snoop D-O Double to the G]\nUp and down\nLike an elevator\n\n[Snoop Dogg]\nDont you wish yo boyfriend was a gangsta like me?\nBut he ain't\nAnd don't drink slow\nAnd think slow\nCuz hey\nI crack a bitch every motherfuckin day\nAnd I'm likin it\nLovin it\nTwerkin it\nAnd then you dippin it\nDiggin in\nWorkin it\nWhy you wanna go and do that?\nIts not T.I\nThe boss with the horse\nSnoopy D-O double G-Y\nAnd I'm settin the tone\nYou know\nMe and you we need to be gettin it on\nIn a real way\nIts so major\nMe and J. Fox wanna fly ya'll to Asia\nSo what's stoppin ya'll\nLet's get it poppin ya'll\nA little somethin for the head\nLike a tylenol\nGroove\nAnd do yo doo\nAnd don't play with it\nGo and make yo move\n\nBoy what you want\n[Snoop D-O Double to the G]\nTell me what you want\n\n[Hook]\nPsst!\nBaby let me holla at you\nPsst!\nI'm tryna throw these dollas at you\nPsst!\nBoy what you want?\nPsst!\nTell me what you want\nPsst!\nBaby let me holla at you\nPsst!\nI'm tryna throw these dollas at you\nPsst!\nBoy what you want?\nPsst!\nTell me what you want\n\n[Jamie Foxx ]\nGirl you know you're show stoppin\nWhen you get that body rockin\nLet's roll these trees on ya\n[Snoop D-O Double to the G]\nSo we can dose up on ya\n\n[Snoop Dogg]\nSnoop Dogg and J. Foxx\nWe're lookin for some dream girls\nClose your eyes baby\nAnd dream on this\nYea\n[Snoop D-O Double to the G]", "image": "https://images.genius.com/9eeff8d4aa3579798c6d6f74d21fad47.1000x1000x1.jpg"}], "artist": "Snoop Dogg"}