{"songs": [{"title": "Where\u2019z Snoop", "album": null, "year": "1993-11-23", "lyrics": "[Skit: Heron and Joe Cool]\n(\"Indo Smoke\" Plays in Background)\nAye, aye, JC\n'Sup Enron\nAin't that Snoop Dogg over there?\nThat nigga with that blue coat on?\nYeah\nYeah, oh yeah, that's that nigga\nNigga roll up on the side of him, man\nRoll your window down\nMan, hand me my motherfucking Glock man, give me another clip\nCause I'm gonna smoke this fool\nYeah roll the windows down\nYeah, okay there you go\nAye man, you Snoop Dogg?\nSnoop, Snoop Doggy Dogg?\nMan he's Snoop Dogg\nMan fuck that nigga (Gun Shots)\nNigga man\nGet that nigga man\nMan get up fool man, get up man, don't be trying to run man\nGet up on that fool man, I don't give a fuck\nWhat set you got now?\nFuck you nigga\nYeah nigga, what's up?\nNigga\nYeah mothafucka\nYeah nigga, one less nigga\nYeah nigga, you's a dead motherfucker now", "image": "https://images.genius.com/8c99dd335733f9c3cf16f57c9f589cfb.361x361x1.jpg"}], "artist": "Snoop Dogg"}