{"songs": [{"title": "Beautiful", "album": "Paid Tha Cost To Be Da Bo$$", "year": "2002-11-26", "lyrics": "[Chorus: Pharrell]\nBeautiful, I just want you to know\nYou're my favorite girl\n(Yeah, oh yeah, there's something about you)\nBeautiful, I just want you to know\nYou're my favorite girl\n(Yeah, oh yeah, there's something about you)\n\n[Verse 1: Snoop Dogg]\nI know you gon' lose it, this new Snoop shit\nCome on baby boo, you gots to get into it\nDon't fool with the player with the cool whip\nYeah, yeah, you know I'm always on that cool shit\nWalk to it, do it how you do it\nHave a glass, let me put you in the mood and\nLittle cutie looking like a student\nLong hair with ya big fat booty\nBack in the days, you was a girl I went to school with\nHad to tell your moms and sister to cool it\nThe girl wanna do it, I just might do it\nHit her up with some pimp pimp fluid\nMommy don't worry, I won't abuse it\nHurry up and finish so we can watch Clueless\nI laugh at these niggas when they ask, \"Who do this?\"\nBut everybody know, ooh girl, that you is\n\n[Chorus: Pharrell]\nBeautiful, I just want you to know\nYou're my favorite girl\n(Yeah, oh yeah, there's something about you)\nBeautiful, I just want you to know\nYou're my favorite girl\n(Yeah, oh yeah, there's something about you)\n\n[Verse 2: Snoop Dogg & Pharrell]\nWhen I see my baby boo, shit, I get foolish\nSmack a nigga that tries to pursue it\nHomeboy, she taken, just move it\nI asked you nicely, don't make the Dogg lose it\nWe just blow dro and keep the flow moving\nIn a '64, me and baby boo cruisin'\nBody rag interior blue, and\nHave them hydraulics squeaking when we screwing\nNow she's yelling, hollering out \"Snoop!\" and\nHooting, hollering; hollering, hooting\nBlack and beautiful, you the one I'm choosin'\nHair long, thin, black and curly like you're Cuban\nKeep grooving, that's what we doin'\nAnd we gon' be together until your moms move in\n(Yeah, oh yeah, there's something about you)\n\n[Chorus: Pharrell]\nBeautiful, I just want you to know\nYou're my favorite girl\n(Yeah, oh yeah, there's something about you)\nBeautiful, I just want you to know\nYou're my favorite girl\n(Yeah, oh yeah, there's something about you)\n\n[Bridge: Charlie Wilson & Pharrell]\nSee, I just want you\nTo know that you are really special\n(Yeah, oh yeah, there's something about you)\nOh my, oh my, oh my, oh my\nSee, I just want you\nTo know that you are really special\n(Yeah, oh yeah, there's something about you)\nOh my, oh my, oh my, oh my\n(Yeah, oh yeah, there's something about you)\n\n[Verse 3: Snoop Dogg, (Pharrell)]\nSnoop Dogg Clothing, that's what I'm groomed in\nYou got my pictures on the wall in your room, and\nGirls be complaining you keep me boomin'\nBut girls like that wanna listen to Pat Boone\n(Yeah, oh yeah, there's something about you)\nYou's a college girl, but that don't stop you from doin'\nCome and see the Dogg in a hood near you in\nYou don't ask why I roll with a crew, and\nTwist up my fingers, and wear dark blue and\n(Yeah, oh yeah, there's something about you)\nOn the Eastside, that's the crew I choose\nNothing I do is new to you\nI smack up the world if they rude to you\n'Cause baby girl, you're so beautiful\n\n[Chorus: Pharrell]\nBeautiful, I just want you to know\nYou're my favorite girl\nBeautiful, I just want you to know\nYou're my favorite girl\n\n[Bridge: Charlie Wilson & Pharrell]\nSee, I just want you\nTo know that you are really special\n(Yeah, oh yeah, there's something about you)\nOh my, oh my, oh my, oh my\nSee, I just want you\nTo know that you are really special\n(Yeah, oh yeah, there's something about you)\nOh my, oh my, oh my, oh my\nSee, I just want you\nTo know that you are really special\n(Yeah, oh yeah, there's something about you)\nOh my, oh my, oh my, oh my\nI just want you\nTo know that you are really special\n(Yeah, oh yeah, there's something about you)\nOh my, oh my, oh my, oh my\n\n[Outro: Pharrell]\nEhh... oh yeah, there's something about you... Oh-hooo!\nEhh... oh yeah, there's something about you... Oh-hooo!\nEhh... oh yeah, there's something about you... Oh-hooo!", "image": "https://images.rapgenius.com/df839033fa5c0c91c6583ebe4a4eba0d.300x300x1.jpg"}], "artist": "Snoop Dogg"}