{"songs": [{"title": "Praise Him", "album": "Bible of Love", "year": null, "lyrics": "[Verse 1]\nI said I woke up early this morning\nI'm nowhere near where I need to be\nBut look at me, I'm feeling free this morning\nGet out my bed, move my head, stand on my feet\nI'm thankin' Jesus this morning, yeah\nI know I don't talk to Ya much\nWhen times get rough\nI'm on my knees and I'm callin' You\nCause I know that You will always bring me through\nAnd I know the plan, yes\nSometimes I take advantage\nBut at times I try to do\nThings on my own\nAnd I make a big mess\nBut I know God got my back\nEven when self don't know how to act, yeah\n\n[Chorus]\nI'm not letting one minute, moment, second pass\nWithout saying, \"Thank You, Lord\"\nThank You, Lord\nFor Your many blessings\nGave me everything I need and more\nEven when I don't deserve it\nYou still watch over my family\nAnd keep 'em safe from all harm and danger\nA better man is what I'm tryna be\n\nSo I praise Him, praise Him, praise Him\nI just lift my hands and clap 'em, clap 'em\nPraise Him, praise Him, praise Him\nI just lift my hands and clap 'em, clap 'em\nPraise Him, praise Him, praise Him\nI just lift my hands and clap 'em, clap 'em\nThank Ya, thank Ya, thank Ya\nI just lift my hands and clap 'em, clap 'em\n\n[Verse 2]\nI know this is something I shoulda been doing\nNo excuses, I know the Word, I was raised the right way\nI was off track doing no good\nBut thank the Lord I got a second chance to make it right back\nWould I be a fools to look back to the hills\nFrom which cometh my help\nLord knows I need help\nIf not I might fail\nThought I was doing great, but\nI was just feeling myself, so\n\n[Chorus]\nI'm not letting one minute, moment, second pass\nWithout saying, \"Thank You, Lord\"\nThank You, Lord\nFor Your many blessings\nGave me everything I need and more\nEven when I don't deserve it\nYou still watch over my family\nAnd keep 'em safe from all harm and danger\nA better man is what I'm tryna be\n\nSo I praise Him, praise Him, praise Him\nI just lift my hands and clap 'em, clap 'em\nPraise Him, praise Him, praise Him\nI just lift my hands and clap 'em, clap 'em\nPraise Him, praise Him, praise Him\nI just lift my hands and clap 'em, clap 'em\nThank Ya, thank Ya, thank Ya\nI just lift my hands and clap 'em, clap 'em\n\n[Bridge]\nJesus still on the mainline\nYou just tell Him what you want\nMy God is still on the mainline\nYeah, praise Him, praise Him\nClap 'em, Clap 'em", "image": "https://images.genius.com/c9dee508f81bde784b713142dc6009e9.600x600x1.jpg"}], "artist": "Snoop Dogg"}