{"songs": [{"title": "Keep'a Nigga High", "album": "That's My Work, Vol. 1", "year": "2016-01-15", "lyrics": "[Pre-Hook]\nKeep a nigga high bitch bitch get to rollin\nKeep a nigga high bitch bitch get to rollin\nKeep a nigga high bitch bitch get to rollin\nKeep a nigga high bitch bitch get to rollin\nKeep a nigga high bitch bitch get to rollin\nKeep a nigga high bitch bitch get to rollin\nKeep a nigga high bitch bitch get to rollin\nKeep a nigga high bitch bitch get to rollin\n\n[Hook]\nBaby on appeal bitch bitch get to rollin\nBaby on appeal bitch bitch get to rollin\nBaby on appeal bitch bitch get to rollin\nIt\u2019s Keep a nigga high bitch bitch get to rollin\n\n[Verse 1]\nHold up, load up, no need for talkin baby just roll up\nIt\u2019s me and you, I\u2019m who you catta to\nThis pimpin is so real, I make her do\nWhat her mama and her granny was afraid to\nExecutive branch, bitch I made you\nI got the wheel, baby pop the pill\nTook her for a ride through Beverly Hills\nPoppin the P, on a shoppin spree\nPlayin these bitches like Monopoly\nBut done all so properly\nManipulate mass, mockery\nCoppin low, coppin plea\nKnockin new bitches while I\u2019m rockin the V\nCockin my heat, set it on my lap\nAnd bang this new slap, ride the 7-6 like a stone\nI only eat the bird if it\u2019s golden\n\n[Pre-Hook]\nKeep a nigga high, bitch bitch get to rollin\nKeep a nigga high, bitch bitch get to rollin\nKeep a nigga high, bitch bitch get to rollin\nKeep a nigga high, bitch bitch get to rollin\n\n[Hook]\nBaby on appeal, bitch bitch get to rollin\nBaby on appeal, bitch bitch get to rollin\nBaby on appeal, bitch bitch get to rollin\nIt\u2019s Keep a nigga high, bitch bitch get to rollin\n\n[Verse 2]\nPassenger seat fat asses\nOuter classes got the sounds and it\u2019s blastin\nBanged up bang up hit it like\nG\u2019s up winch I get it right\nLook I ain\u2019t with the pictures\nI\u2019m here to get ya hit ya and get my little issue\nThen slip right back to the honey cone\nLay a verse down get my money on\nNow I\u2019m gone blew up half a zone\nLeft you with a face full of chromosomes\nTwist that sack\nAnd if you suck good dick I\u2019ll get right back\nBut other than that you niggas be lovin the rack\nI had a bitch from the CPT\nUsed to love to dip with a crip\nAnd she love when I spit this shit like biatch\n\n[Pre-Hook]\nKeep a nigga high, bitch bitch get to rollin\nKeep a nigga high, bitch bitch get to rollin\nKeep a nigga high, bitch bitch get to rollin\nKeep a nigga high, bitch bitch get to rollin\n\n[Hook]\nBaby on appeal, bitch bitch get to rollin\nBaby on appeal, bitch bitch get to rollin\nBaby on appeal, bitch bitch get to rollin\nIt\u2019s Keep a nigga high, bitch bitch get to rollin\n\n[Verse 3]\nShe be on the top, she be so dramatical\nWay she bend over, she\u2019s so acrobatical\nFlop \u2018em, flip \u2018em, rub \u2018em down\nShe go coo coo for cocoa puff, bang that thing around\nLike 1 hit, 2 hit, pop 1, pop 2\nPeeka boo, molly girl\nOh shit, we got you\nI\u2019m in the zone, zoning and I\u2019m blastin\nIt\u2019s smoking in the club, non-smokers gets handsy\nWe go faster faster then we go slower\nWe don\u2019t stop, you know we keep going\nParty over here, party over there\nBad bitches to smoke, homeboy we there\nIt\u2019s 3 o\u2019clock in the morning\nI\u2019m on it girl, you all on me\nYou know you want me, pre rolls is on me\nToo many girls, for saying that you lonely\n\n[Pre-Hook]\nKeep a nigga high, bitch bitch get to rollin\nKeep a nigga high, bitch bitch get to rollin\nKeep a nigga high, bitch bitch get to rollin\nKeep a nigga high, bitch bitch get to rollin\n\n[Hook]\nBaby on appeal, bitch bitch get to rollin\nBaby on appeal, bitch bitch get to rollin\nBaby on appeal, bitch bitch get to rollin\nKeep a nigga high, bitch bitch get to rollin\nKeep a nigga high, bitch bitch get to rollin\nKeep a nigga high, bitch bitch get to rollin", "image": "https://images.genius.com/c130e782c1dcee0d745ccec5e8e07f40.500x500x1.jpg"}], "artist": "Snoop Dogg"}