{"songs": [{"title": "Snoop World", "album": "Da Game is to be Sold, Not to be Told", "year": "1998-08-04", "lyrics": "[Master P]\nAt ease\nI would like to welcome the newest No Limit Soldier\nMr. Snoop D-O Double G, and he brings to the tank\nMoney, power, respect, leadership, street knowledge and wisdom\nAHH YAH...D.P.G., yah D.P.G\nPop the Champaign\nOnce you break this of you can't get twisted\nSo pay attention and listen\n\n[Hook x6]\nWelcome to my world nigga, and its V.I.P\nAnd the bitches and the bud for free\nWelcome to my world nigga, and its V.I.P\nAnd the bitches and the bud for free\nWelcome to my world nigga, and its V.I.P\nAnd the bitches and the bud for free\nWelcome to my world nigga, and its V.I.P\nAnd the bitches and the bud for free\nWelcome to my world nigga, and its V.I.P\nAnd the bitches and the bud for free\nWelcome to my world nigga, and its V.I.P\nAnd the bitches and the bud for free\n\n[Snoop]\nWelcome to this world that you never thought existed\nAnd you got to be a soldier to be inlisted\nListen, IM gunna take your mind, your body and your soul\nOn a whole lil' trip just don't loose your grip\nWait a second (Wait a second), were is the sack\nYou don't have to ask no questions just jump in the back\nAnd leave your strap, cus there ain't none of that\nWere we goin', it ain't nuthin' but 808, beats and flauntin'\nNiggas showin' niggas love, hoes suckin' dicks\nThat's how we do it, cus everything is in the mix\nDoggy Land, Doggy World, Snoop World whatever\nIt don't matter cus we 'bout it, and homies down to do whatever\nEverything is legit, and the bitches the shit\nAnd niggas they give you love, cus dey down for it\nNow that's just how it goes, and all the hoes on me\nAnd everything is V.I.P, and that's on D.P.G\nNow nigga creep in, just like a liquor store\nNow nigga if you want a ho, nigga just let me know\nI'll send a H, and when she gets you (got you)\nShe with you forever, and a day, that's the D.P. way\n\n[Hook x 5]\nWelcome to my world nigga, and its V.I.P\nAnd the bitches and the bud for free\nWelcome to my world nigga, and its V.I.P\nAnd the bitches and the bud for free\nWelcome to my world nigga, and its V.I.P\nAnd the bitches and the bud for free\nWelcome to my world nigga, and its V.I.P\nAnd the bitches and the bud for free\nWelcome to my world nigga, and its V.I.P\nAnd the bitches and the bud for free\n\n\n[Snoop]\nWipe your feet before you enter in\nNow take a seat and peep dis beat and sip yo' gin\nCus ain't no killin', everybody chillin'\nSteady stackin' paper from the floor up to the ceilin'\nNow in my world, a bitch is a girl\nAnd mans best friend is his ends, and his mothafuckin' benz\nBut chall can't get in just cus you all say you chall down wit us\nAnd try to get around wit us, and hang around wit us, and clown wit us\nHold on, this shit here is for the establishment\nNiggas that's havin' shit, and if you ain't roll on and stroll on\nThis is the spot were the bangers at, the slangers at\nWere red and blue equals green, and we probably be black\nIn fact we stack G's for them keys, so when we finished doin' deeds\nYou all can't believe what we did\nProvide an opportunity in the community\nTryin' to spread a lil' unity between you and me\nSince IM the mayor, I think I gotta say-ahh a lil' something\nLets keep it jumpin' playa (playa)\nAin't too many places that you know about\nSo everybody in the world, welcome to the muthafuckin dogg house\n\n[Hook x 2]\nWelcome to my world nigga, and its V.I.P\nAnd the bitches and the bud for free\nWelcome to my world nigga, and its V.I.P\nAnd the bitches and the bud for free\n\n\n[Master P]\nUGGHHHH, picture me ballin' (ballin')\n3rd world hustler out the ghetto of New Orleans\nSome say life is like a fairy tail (fairy tail)\nDid a song with Snoop Dogg, and it turned into a business deal\nBut it ain't bout da ends, cus we all got matches and we all got benz's\nIt's about riddin' with the homies (homies)\nGettin rid of the fake and lookin' through the phonies\nAnd the haters can't stop this, check billboards, number one\nThe only company with a profit, So say Ughh and How You Do Dat There\nIt's No Limit and D.P.G. nigga we don't care\n\n[Hook x 4]\nWelcome to my world nigga, and its V.I.P\nAnd the bitches and the bud for free\nWelcome to my world nigga, and its V.I.P\nAnd the bitches and the bud for free\nWelcome to my world nigga, and its V.I.P\nAnd the bitches and the bud for free\nWelcome to my world nigga, and its V.I.P\nAnd the bitches and the bud for free\n\n\n[Snoop]\nYah, Snoop World\nHome of the No Limit Soldiers, Beats By the Pound\nYou know how we do dis, ain't no stoppin' this\nWe can't be stopped, we run da streets\nYou feel me, da streets is ours\nAin't no stoppin' this shit nigga\nAin't No Limit neither, your lucky\nYah, it's on for life\nYah, gunna drive this tank overseas\nGunna get these g's, while we smoke on these trees\nYAHH !\n\nWelcome to my world nigga, and its V.I.P", "image": "https://images.genius.com/cc7312525ce26f443efc158446aeedc3.1000x1000x1.jpg"}], "artist": "Snoop Dogg"}