{"songs": [{"title": "A Bitch I Knew", "album": "Tha Blue Carpet Treatment", "year": "2006-11-21", "lyrics": "Good evening ladies and gentlemen\n{*scratched*: \"Let's describe a certain female\"}\n\n[Hook: Snoop]\nBitches will be bitches as I smash in the Chevy\nIt's gettin, it's gettin, it's gettin kind of heavy\nBitches will be bitches as I smash in the Chevy\nIt's gettin, it's gettin, it's gettin kind of heavy\nBitches will be bitches as I smash in the Chevy\nIt's gettin, it's gettin, it's gettin kind of heavy\n\n[Snoop Dogg]\nIt all goes back, to '85\nWhen I start gettin pussy every day of my life\nIt really didn't matter what the bitch look like\nI remember one night, after the Sugar Ray fight\nWouldn't you believe it, Dogg like a retriever\nI went up in this big fat bitch named Treva\nShe had a best friend with titties named Vanessa\nShe told me to undress her, yessir\nAin't no pressure, later that semester\nShe put me down with her homegirl name Tanisha\nShe was so vicious, lips so luscious\nSuck a nigga dick and have it shinin like some dishes\nPatricia, Patricia, she love the way I stick her\nI take her to the movies and now, she eat the dick up\nBig bucks, no whammies\nI had to meet this white bitch, her name was Tammy\nShe lived in the Valley, she couldn't understand me\nBut she let me dig out, her homegirl named Brandi\nNow Brandi was a cute little thick bitch\nShe moved to the hood from the 2-0-6\nShe brought some new tricks, flippin them squirrels\nAnd the pearls, and turnin out the neighborhood little girls\nHmm, and I seen that, so I peep the game\nSo I put her down, bottom bitch on my team\nAnd we began makin, breakin bitches takin\nWhatever we want, see she want with the fakin\nIt's real in the field, no mistakin\nAnd crack the little bitch, yeah she Jamaican\nTime and time again she would bring me bud\nAnd let me beat it up, listenin to \"One Love\"\nOff some jerk chicken, I got mo' bitches\nNow I'm fuckin her sister it's gettin real suspicious\nBut the dick is good, so they won't tell\nAnd now they next door neighbor, Clarissa Bell\nShe been lookin at me, I think she wanna hit\nBut I'mma holla back, cause I'm on another bitch\nI'm on some other shit, I got a phone call\nFrom the motherfuckin president y'all\nHe said, \"Snoop Dogg, how could I fuck a bitch\nAnd make her suck a dick and not get caught for the fuck of it?\"\nI called and look here, this what you do\nMake the First Lady sell a little pussy for you\nI think he got it, cause he left fast\nHe left his daughters, and a lot of cash\nWell what do ya know, D-O-double-G\nMajor pimpin, out in D.C\nAnd I'm a young pimp, got a lot of growin left\nAnd you's a young ho with a lot of hoein left\nAlways keep a ho in check, blowin us a train wreck\nYeah I might have to go in depth\nSee every little ho I met\nThey're standouts, you know the ones like Yvette\nWe fucked in the car, behind a bar\nI shot it in her face and it went \"Ahhh\"\nMy homeboy Charles\nWent up in his sister, behind the garage\nI was menace, I was freaky, I was sick\nWhen y'all was tryin to hump, I was teachin them to suck dick\nAlways tryin to go up in a ho\nGot caught tryin to fuck in school they asked me what I did it fo'\nYou know just what I told her?\nI love pussy, and this dick is what I showed her\nAnd now they threw me out, now I'm at the pad\nI'm at a new school, way cool\nNew hoes, new script, fresh fish\nWalk up in the room and I bust a new bitch\nI'm in some new tail, wanna holla back\nBut for now let me holla back Impala black\nShe's a 12th grader, in my science class\nAnd I done seen the pussy, yeah boy I'm movin fast\nSee I was taught by, and I was taught I\nBetter move on somethin fast if I thought I\nCould claim a dame, or game her brain\nOr tame a man, not with the same old game\nSee on some different stuff, I'm a different cut\nIt's what I say and do to make the bitch give it up\nOh you wanna brag? I wanna brag too\nNow what you gon' do, when they ask you\nIs you gon' tell a lie, or you gon' keep it G\nOr you gon' hold it all inside or you gon' tell on me?\nShit it's all cool, cause it was all good\nIt's just another day in Doggy Dogg's neighborhood\nYou better watch your girl, cause if she on the loose\nIt's a 90 percent chance she gon' get pimp juice\nNow what it do, what it is\nNow you livin with that ho and y'all got fo' kids\n\nBitches will be bitches as I smash in the Chevy\nIt's gettin, it's gettin kind of heavy\nBitches will be bitches as I smash in the Chevy\nIt's gettin, it's gettin kind of heavy\nBitches will be bitches as I smash in the Chevy\nIt's gettin, it's gettin kind of heavy\n{*fades out*}", "image": "https://images.genius.com/9eeff8d4aa3579798c6d6f74d21fad47.1000x1000x1.jpg"}], "artist": "Snoop Dogg"}