{"songs": [{"title": "No Thang On Me", "album": "R&G (Rhythm & Gangsta): The Masterpiece", "year": "2004-11-16", "lyrics": "Ya know ive been around the world and ai ai ai\nIve met a lot of people and what ive come to find out is\nThat people are the same, they all share the same fears\nShare the same tears, and i over the years\nSo, im just gon be thankful to get what i got\nAnd hold onto what i have can you dig that?\nAnd what i do, i do for the benefit of me and my kids\nDig that\nTalk to me\n\nChorus\nIm so glad ive got my own\nSo glad that i can see\nMy life's a natural high\nAnd they can't put no thang on me\n(x2)\n\nIts something kind of funny\nHow the man take your money\nBe sure as he can be\nIts such a way you'll never see\nIts a terrible thing inside\nWhen your natural high has died\nWhat we can't turn to dope\nAnd put all aside the hope\n\nChorus (x2)\n\nTwinkling tinkling braids\n\nWe do all sorts of things\nWhile you're in a modest place\nYour conciouses only peace\n\nYeah i had to make peace with myself you know what i mean\nI been getting high for the last what 15 20 years\nSo i told myself i wanna know what it feels like to be high fo life\nAnd i mean man i tell ya it feels real good\nYou know coaching them lil kids out there on the football field\nDoing my thug thizzle still but you know\nJust being high for life is a different feeling\nYou should try it my brother im telling you its a great feeling\nCan you dig that\nI can dig it\n\nMore and more you grieve\n(sing that song nephew)\nUntil you grow another need\nYou claim this fantasy\nYou'll have no reality\n\nChorus (x2)\n\nDarling take a listen\nThis may be something that your missin\nI know your times are funky\nBut you dont have to be no junkie\n\nChorus (x2)", "image": "https://images.genius.com/22daab0632e506300bab596c589dcfb2.1000x1000x1.jpg"}], "artist": "Snoop Dogg"}