{"songs": [{"title": "Gangsta Wit It", "album": "Bones Soundtrack", "year": "2001-10-09", "lyrics": "[Nate Dogg]\nWe can get gangsta wit it\nGet gangsta wit it\nWe can get gangsta wit it\nGet gangsta wit it\nWe can get gangsta wit it\nGet gangsta wit it\n\n[Butch Cassidy]\nTell me can ya bust one line, tight as mine\nGet the bullshit up in mine, it's my time to shine\nMan I never felt this way, I hope it doesn't go away\nI won't have to display, the dopest shit I ever could say\nNever shall I meet defeat, so why should anyone compete\nI keep my shit true to the streets, check me as I'm rockin' the beat\nI got chu' on cruise control, head bobbin' whether young or old\nLet me take over ya soul, so you can listen why the story is told\n\n[Nate Dogg & Snoop Dogg]\nWe can get gangsta wit it (Gangsta, gangsta)\nGet gangsta wit it (Gangsta, gangsta)\nWe can get gangsta wit it (Stay gangsta)\nGet gangsta wit it (Gangsta, gangsta)\nWe can get gangsta wit it (Gangsta, gangsta)\nGet gangsta wit it (Gotta stay gangsta)\nWe can get gangsta wit it, (Gangsta, gangsta)\nGet gangsta wit it (Gangsta)\n\n[Snoop Dogg]\nGangsta blues with a gangsta ooze\nA whole bunch of gangstas followin' gangsta rules\nBaby girl tryin' to bring a gangsta some booze\nI over-heard her tellin' Dogg can't out drank them fools\nBring it to me, shit I ain't got nothin' to lose\nJust make sure you don't spill it on my Stacy Adams' shoes\nBad bitches usually run in twos\nAnd gangsta niggas usually run in crews\nNow take this for example, if Eve bit the apple\nWould the police still gap em', pass em'\nNow put him on a lasso\nAnd keep my foot out his motherfucking asshole\nFor all the abuse and the wrongful bookings\nDr. King and Malcolm X good lookin'\nNever will I ever forget the shit that I been through\nThe shit that y'all went through, I'mma keep it gangsta\n\n[Nate Dogg]\nWe can get gangsta wit it\nGet gangsta wit it\nWe can get gangsta wit it\nGet gangsta wit it\nWe can get gangsta wit it\nGet gangsta wit it\n\n[Butch Cassidy (repeat to fade)]\nLa, la, la\nLa, la, la", "image": "https://images.genius.com/f3dada769ecdfdad8b653713cfa4c133.500x500x1.jpg"}], "artist": "Snoop Dogg"}