{"songs": [{"title": "Life in the Projects", "album": "The PJs: Music from & Inspired by the Hit Television Series", "year": "1999-03-30", "lyrics": "[Intro]\n\t[Thurgood of PJ's]\n\tYeah, get up, get down\n\tThat's what P Funk say\n\n[Snoop]\nGet your money man, it's hard out there\nIt's hard out there, dogg\nWhat, yeah, huh\nGet yours, get yours, get yours\n\nShootin' dice on length with a couple of G's\nDust off my knees, twist off my cap and breathe\nJump in the six-four, sittin' on D\nSpit a few caps at my enemies\nPlease, freeze, there's a new sheriff in town\nLivin' in the projects, Dogg Pound Pound\nNo father figure, just gangbang nigga\nCuz they give it up quicker and they learn to pull a trigger\nAll role models on TV\nMost of us ain't got a TV, you feel me?\nShit, Michael Jordan don't come through\nI bet the nigga get the money when it time to sell his shoe\nI'm telling you, I ain't puttin' him down\nCuz I love him to death but I ain't ever seen him in my town\nBut you could see Snoop Dogg everyday\nI'm boss to the blocks like the projects in the PJ's\nYeah, for those of you who don't know\nThis is the land of the scandalous and cut throats\nChild support- that's unheard of\nNumber one crime in the motherfucker- murder\nYa heard me?  Hmm, I'ma stay down\nFor the get down, from a puppy to the big dogg\nPut that on the penthouse\nLife in the projects, bang, bang, pow, pow\nIs how it sounds\n\n[Chorus]\nLife in the projects\nWhere it's hard to get by\nBut you got it cuz your spot's gettin' hotter\nLife in the projects\nWhere grass is cheese and cheese is power\nLife in the projects\nWhere you got to have the will to know how\nKnow how to do what?  Survive\nLife in the projects\nYou got to get yours cuz I'ma get mine\n\nLife in the projects, goodness grief\nEverybody waitin' on the 1st and 15th\nThe police man is tryin' to get atcha\nCatcha, snatcha, open up your fridge\nNuttin' lookin' back atcha\nSo you open up your freeza and say 'God, please'\nI wish we had some more of this government cheese\nI'm duckin' buckshots, see, walkin' on my knees\nAin't no trees, the grass ain't green\nAnd when I say it's all bad, you know what I mean\nThere's One In Every Family- what?  A Fiend\nAnd a basketball star with no team, no dreams\nRemember good times?  JJ and Michael?\nAnd all the lil' thangs they went through despite\nNobody in the projects gave a fuck\nAin't no good, it's all badluck, shucks, shoppin' poppin'\nBack up on all the scene, from the George Down, PJ's, Cali or projects\nAnd the Cabrini Greens, my niggas get wild on they ass\nWe like to pow-pow on they ass\nHere's a toast to the coast, so take a blast\n]From the projects to the upper deck, upper class\nA long way from where I come from\nI know where I'm at, nigga, I can't forget where I came from\n\n[Chorus]\n\n[Repeat to fade]\nLife in the projects\n\n[Adlibs]\nYeah\nI know all them real niggas out there that's livin' they life in the projects\nThat's going through that bullshit, y'know\nI know how y'all niggas feel\nNigga, Doggy Dogg for ya pain\nIt's like I'm livin' in the motherfuckin' projects, too\nY'know what I'm sayin'?\nThey want y'all to throw me out my state\nSo, fuck\nI might as well move back in the projects\nThat's where my real niggas at any motherfuckin' way\nI gotta get mine, I gotta get mine\nLife in the projects\nNigga, better get yours cuz I'ma get mine\nLife in the projects, feel me?\nYou better get yours cuz I'ma get mine\nLife in the projects, yeah\nYou better get yours cuz I'ma get mine\nLife in the projects, yeah\nWe out, we out", "image": "https://images.genius.com/1432080cd8ed3328e0eab2775cc142e9.220x220x1.jpg"}], "artist": "Snoop Dogg"}