{"songs": [{"title": "Fuck yeaaah", "album": null, "year": null, "lyrics": "Yo\nNo matter how much money you make\nBrothers gon talk about you\nYeah, no matter who you are, uhh\nTalk about you..\nNiggas gon talk about you (talk about you 2x)\nDont give a fuck about you (fuck about you 2x)\nYou livin bout it bout it (bout it bout it 2x)\nJust make em read about it (read about it 2x)\nFuck what they say about me (fuck what they say about me)\nBitches gon love to doubt me (fuck em, yeah)\nIm livin bout it bout it (bout it)\nNigga this, nigga that, we do this, we do that\nTalkin that shitll get yo wig blew back\nYou knew that, we do that, like its sposed to be done\nBack up off me, you gettin too close to me son\nItd be fun if you didn't have a gun\nBut if you didn't had one youd probably run; come come\nNow spit it from the tip of your tongue, a lil wisdom\nGives em somethin to move to, groove to\nThe next time you see me again gangstad up\nChilling wit my beanie again got many of friends\nIn b-ball, football, baseball, the penetentianary, the graveyard\nThe church house and the mess hall\nThats why I address yall, express all Big Dogg\nWith no flaws, yiggy yes yall touch yall from up above\nShow big love, kept the crippin alive\nAs well as the dub, push come to shove\nYall know how it all was\n\n(Chorus)\nBut niggas still talk about me (talk about me)\nDont give a fuck about me\nI made them read about me (read about me)\nDont give a fuck about it\nIm livin rowdy rowdy\nFuck what they say about me\nLong as Im bout it bout it\nNiggas gon talk about you\nBitches gon love to doubt you\nI make em read about it\nAnd made em write about it\nFuck what they say about me\nIm livin bout it bout it\nBig D-O-Double G ya know Im livin rowdy rowdy\n(Snoop Dogg)\nLemme clear my motherfuckin throat\nThese niggas in the game is sticky as dope (oh no)\nNo joke, even ya own kinfolk\nThey say Diffrent Strokes, it takes\nDiffrent Strokes Man, fuck that bullshit\nDogg, who you cool with?\nIm down with Jay-Z, Master P, Nas, Ice Cube\nDub C, Mack-10, DMX, Mobb Deep\nRuff Ryders, Eastsidaz, Warren G, Red and Meth\nUncle L, Naughty and Treach\nThe whole Flava Unit, So So Def\nDJ Pooh, KAM, Solo, and the motherfuckin LA Zoo\nPomona, DJ Quik and Blacktone\nBut them niggas cross the street know its really on\nNow I can go on and on but I refuse to cause I might lose you\nLets cruise to the soulful sounds\nIm tryin to make yall get down\nAnd put some soul in ya ass Like James Brown (owwww!)\nI feel good now; can you feel that?\nIts like goin bare back, I thought I oughta share dat\nCompare dat, an wear dat 7 days a week\nKeep my name out ya mouth\nAnd my business out the motherfuckin streets\nYou motherfuckin geek\nYour freak is a freak, I never crept with the ho\nI shoulda though, but...", "image": "https://images.genius.com/8c99dd335733f9c3cf16f57c9f589cfb.361x361x1.jpg"}], "artist": "Snoop Dogg"}