{"songs": [{"title": "My Medicine", "album": "Ego Trippin'", "year": "2008-06-14", "lyrics": "(One, two...)\n\n[Intro: Snoop]\nYeah, I like to dedicate this record right here to my main man\nJohnny Cash, a real American gangster\nI got my nephew Whitey Ford on the guitar\nYoung Trev' on the drums\nGrand Ole Opry, here we come, uhh\n\n[Snoop Dogg]\nJack be nimble, Jack be quick\nJacked up the spoon on the candlestick\nDopestick pimpin on the one-trick pony\nYeah she kinda skinny but she gets my money\nGet my money, buy my medicine\nBuy my medicine, buy my medicine\nGet my money, buy my medicine\nBuy my medicine, buy my medicine\n\nYeah, you know I got to have that medicine\nThat prescription medicine baby\nY'know, purple, orange, green\n\n[Snoop Dogg]\nJack starts hangin 'round with some fiends\nGot strung out, sold the cow for beans\nTold young wifey, \"I love ya honey\nBut you gotta hit the streets, go and get my money\"\nGet my money, buy my medicine\nBuy my medicine, buy my medicine\nGet my money, buy my medicine\nBuy my medicine, buy my medicine\n\nYeah, the mo' dedicated the mo' medicated\nCan you feel me?\n\n[Snoop - singing]\nGirl my love's gonna last, just as long as my high\n(And I'm high all day, every day)\nYou can trust every word I'm gonna say will be a lie\n\n[Snoop Dogg]\nHaha, yeah I lie sometimes\nWhat's the use of the truth if you can't get a lie sometimes baby?\nNow dig this\n\nJack starts a track up and down the hill\nGot to walkin thinkin ace what he told to Jill\nCome rain, come shine, come snow or if it's sunny\nGet the fuck out, come and get my money\nGet my money, buy my medicine\nBuy my medicine, buy my medicine\nGet my money, buy my medicine\nBuy my medicine, buy my medicine\n\nYeah\nThey say you can't buy me love, but you damn sure can buy me bud\n\n[Snoop - singing]\nGirl my love's gonna last, just as long as my high\n(Oh I'm so high right now, how 'bout you?)\nYou can trust every word I'm gonna tell you is a lie\n(Liar liar, haha, pants on fire)\nGirl I love you (I love you though)\nYeahhhh!", "image": "https://images.genius.com/17da4d8d3f6717ab36b9e4a108e517e0.220x191x1.jpg"}], "artist": "Snoop Dogg"}