{"songs": [{"title": "Pay Ya Dues - Snoop Dogg G-Mix", "album": null, "year": null, "lyrics": "Now here we go, y'all gotta play this\n(Why?) 'Cause the others are so scared to say this\nNow tell me, what am I supposed to do\nAbout a sucker like you who ain't never paid dues?\nSlapper, hip-happer, you're gettin' wacker\nYour girl better step, or I just might jack her\nSmack her like a gangster, but I don't bang\nI gank suckers like you for thick gold chains\n(He don't deserve it) Hell nah\nSo take it off your neck\n'Cause Goddamn, you ain't comin' correct\nWhat's this, a sucker duck holdin' a mic?\nAnd like Keith Sweat said, somethin' just ain't right\nSeems nowadays everybody wanna be a rapper\nDown wit' crews\nBut they ain't never paid dues\nSuckers perpetratin', playin' hardcore\nPunks, I bet you worked at a flower store\nYou know what eats me up the most?\nIs when a sucker just started and thinks he's high post\nYou ain't pay a nann due in your life\nTalkin' 'bout a new style, you know who you sound like?\nKRS, Chuck D, Kool Moe, as one\nYellin' on the mic like ya name was Run\nYou'se a peon, went and bought a pair of Lee's\nNow all of a sudden you supposed to be an MC?\nYo, that's wack, it just ain't right\nYou only stood on one stage in your whole damn life\nNow you want respect, hey yo, you'se a fool\nEverybody wanna rap, but they ain't paid dues\n\nI can still remember way, way back in the days\nThe times me and Aladdin dreamed of gettin' paid\nStandin' outside just to pull in the jacks\nTo earn a little money to drop a dope track\nBack in the days I drove a raggedy Dodge\nCouldn't afford a studio, so we used a garage\nAladdin used to grab a gang of disco breaks\nOne turntable and a broken 808\nMy little brother Tunes and Frank, they hung around all night\nTo make sure that the demo was tight\nDidn't have an enigneer, if you know what I mean\nAladdin did it all at the age of 16\nGifted, uplifted, straight gangsta Mack\nSuckers had me playin' the back\n\nBut thanks to Ice-T I got my foot in the door\nNow I'ma rock the mutha-(uh) till it ain't no more\nWe paid dues\n\nI knew a brother who used to dress just like a faggot\nReal tight jeans, some boots and leather jackets\nHomie as hell, he never came outside\n'Cause everytime I came around, he used to run and hide\nSpoiled like a brat, had everything he wanted\nAnd when he walked, he switched like a woman\nRode a pink bike, man, the sucker was soft\nHad to be in before the street lights came on\nYo, just the other day I turned my radio on\nThe Mack Attack kicked on a brand new song\nI didn't know what it was, I never heard it before\nBut the record was smooth and hardcore\nI said to myself, \"Hey yo, I gotta see this group.\"\nSo I called up Aladdin and the rest of the crew\nGrabbed the nine wit' the hollow point tip\nStepped in the party with a gangster limp\nTook a look at the stage, and yo, whaddya know?\nThe same old faggot from a long time ago\nFrom real tight jeans and the go-go boots\nHe went to Pendeltons and a khaki suit\nNow tell me, ain't this a blip?\nSomebody need to slap the perpetrator in the lip\nYesterday he was a mamma's boy, now he's rappin?\nFoolin' the crowd because he got you all clappin'\nAnd tappin', an example of what I'm tryin' to prove\nA sucker like this who ain't never paid dues\nSo to those who wanna rap, I'm pertainin' to you\nBefore you pick up a mic, you gotta pay dues, word\n\nLet the story be told\nThat's the way it is\nYou got to pay yo' dues\n\nLow Profile definitely in the buildin', ya dig?\nW.C., DJ Aladdin\nFrank, Crazy Tunes, Jazzy D\nAbracadabra, DJ Aladdin\nWe outta here", "image": "https://images.genius.com/8c99dd335733f9c3cf16f57c9f589cfb.361x361x1.jpg"}], "artist": "Snoop Dogg"}