{"songs": [{"title": "Ain't Nobody", "album": "Thats My Work Vol. 3", "year": "2014-02-27", "lyrics": "[Verse 1]\nSnoop Dogg\nThey wonder how I do it, that's that big boy shit\n5-7 clean, that's that big boy whip\nState Seattles mean, that's them big boy kicks\nThe way I mack at a bitch, that's the big boy spit\nKing of the coach, yeah, I earned my due\nPimp hoes, pimp clothes, yeah, I earned that shoe\nBeen around the world, did my time in the pen\nNiggas in gangbangs is back on them swings\nSo how could you ever disrespect my place?\nSince '93 strong I was all in your face\nBig shows in arenas, bitches picker than Trina\nParty like rock stars at the bars where I seen her\nMade my move closely, you owe me\nI had you in the club for 10 years sipping slowly\nTo my shit classics and all it was was keeping it true\nI brought the west back, what did you do?\n\n[Hook](x2)\n\nAin't nobody better than me\nTrue hood rock star in me\nAin't nobody better than me\nS-S-N-double O-E\n\n[Verse 2]\nSlow motion in the fast lane\nFeeling so alone blowing domes in the crap game\nSitting at the top of the game where you ain't\nGot every type of car so now I just play the paint\nShow after show, bank row in the Rolls\nLiving nice, big slice, got me slamming cans a doors\nThree piece suit with a pocket watch\nSnoop comin on[?], you all riding chrome like you gotta stop soon\nDid it the G way, he say, she say\nPeer pressure to me, way to stop, bang in the seat way\nI was the hog in the streets\nGot in the game and broke the law on these beats\nThe slow flow killed and people said I rapped like I was chilling\nWay above the stars, Snoop Dogg is top feeling\nPlastics and all it was was keeping it true\nI brought the west back, what did you do?\n\n[Hook](x2)\n\n[Verse 3]\nWho get it like I done it? (Nobody)\nYou just in it, nigga, I run it\nI gave life to the game and you behind on your bills\nLike I can't get in your grill 'cause I live in the hills\nSnoopie this, Snoopie that, yeah, I heard what you said\nUngrateful ass nigga, all the kids that I've fed\nYoung ass buster, let me see your ID\nI just chunked up a bill passing VIP\nI gave niggas a lane to represent that G-A-N-G-S-T-A on me\nBeen crippin', been pimpin', been doing the do\nSee me walking and that whole world doing it too\nThey play follow the leader, boss on the move\nShot down to the shoes, man I brunk on shoes\nCotis at the mall, I've been keeping it truth\nI brought the west back, what the fuck did you do, nigga?\n\n[Hook](x2)", "image": "https://images.genius.com/84ac60e2e266a0d4d5eaa555a3450fe0.500x500x1.jpg"}], "artist": "Snoop Dogg"}