{"songs": [{"title": "Crazy", "album": "Tha Blue Carpet Treatment Mixtape", "year": "2006-11-21", "lyrics": "[Intro]\n*Gunshots*\nBlack folks can't never have no fun!\n\n[Chorus: Nate Dogg]\nThese streets be...\nWalking down the avenue\nCrazy!\nFrom Hollywood to South Central\nThese streets be...\nCrazy!\nLong Beach to Compton\nAlways up to no good\nCra... crazy! (Crazy)\nAlways up to no good\nVan Nuys to Santa Ana, crazy\nCrazy!\n\n[Verse 1: Snoop Dogg]\nHave a look outside and take a stroll with me\nCalifornia lifestyle, you wanna roll with me?\nI could take you in and out and where it's gonna be\nNow as crazy as it is, you know this home for me\nI wouldn't never leave it, you know that's wrong to me\nI'ma stay down, you see me on the corners, G\nAt your local liquor store, gettin' some Optimos\nAnd if I'm out of bounds then I gotta cock the fo'\nKeep it on the low on the W-W-W-West coast\nSign some autographs and then I do get ghost\nA-humph.. yeah, I love my folks\nBut half of y'all fools is cutthroats\nOn the real know the streets'll have you\nGuide you, lead you, mislead you, it's fragile\nYeah, see you gradually grow\nAnd when you walkin on my side I think you all need to know...\n\n[Chorus: Nate Dogg]\nThese streets be...\nWalking down the avenue\nCrazy!\nFrom Hollywood to South Central\nThese streets be...\nCrazy!\nLong Beach to Compton\nAlways up to no good\nCra... crazy! (Crazy)\nAlways up to no good\nVan Nuys to Santa Ana, crazy\nCrazy!\n\n[Verse 2: Snoop Dogg]\nOn the 110 freeway flow, back to the block\nIn the seven deuce Coupe, hoppin' hippin' the hop\nSippin on some Hen' with my nephew Infrared\nYoung pimp on the grind tryna line up some head\nHad fun, did, done, on the West we run\nDon't matter where you from, if you old or young\nSeesaw we raw like ooh-la-la\nFuck the law, we don't get caught, we just do-da-da\nYeah nigga we shakin' the cops\nYou niggas out there just be makin' it hot\nBut don't trip if you fakin' a lot\nI'll break you, shake you, and take yo' spot\n'Cause if you think that you gon' slip through California\nWithout gettin banged on.. brother you're wrong\n\n[Bridge: Nate Dogg]\n(Always up to no good!)\nI really love my dawg, grew up together and all but he\n(Always up to no good!)\nHell yeah I love, knew y'all\nThat's why I married the broad, but she's...\n(Always up to no good!)\nWe can't hang no more 'cause I'm a balla y'all and he\n(Always up to no good!)\nLet me tell you about these streeeets\n(Always up to no good!)\n\n[Chorus: Nate Dogg]\nThese streets be...\nWalking down the avenue\n(Always up to no good!)\nCrazy!\n(Always up to no good!)\nFrom Hollywood to South Central\nThese streets be...\n(Always up to no good!)\nCrazy!\nLong Beach to Compton\n(Always up to no good!)\nCra...\n(Always up to no good!)\nCrazy! (Crazy)\nAlways up to no good\nVan Nuys to Santa Ana, crazy\n(Always up to no good!)\nCrazy!\n\n[Outro: Julio G]\nFredwreck you a fool for that beat, man\nCheck it out y'all it's Julio G, Westside radio\nYou got your ears tuned to Tha Blue Carpet Treatment\nA todos los latinos los voy a llevar a la Playa Larga\nY voy a deja' que Snoop les diga lo que le pas\u00f3\nAyy Snoop, tell 'em what's up, vato", "image": "https://images.genius.com/9eeff8d4aa3579798c6d6f74d21fad47.1000x1000x1.jpg"}], "artist": "Snoop Dogg"}