{"songs": [{"title": "Crip Hop", "album": "Smokin' Day 2 (G-Unit Radio Part 1)", "year": null, "lyrics": "[Intro: Snoop dogg]\nAye Whoo Kid, this shit right here is straight 1980-something, you know what I'm sayin'\nAye Half Dead, I got my nigga Half Dead up in there\nAye Half, remember that old school shit we used to do\nKick some of that like '84 shit for these niggas\n\n[Bridge (2x)]\nCrip Hop, we break it up\nWe drop it on a table then we rake it up\nWe put it in the paper then twist it up\nAnd put a lighter on that bitch and get fucked up\n\n[Chorus: Snoop Dogg]\nBigg Dogg is back, and you know we got a hell of a sack\nI said Bigg Dogg is back and you know we got a hell of a sack\nI said Bigg Dogg is back in the Snoop Deville Cadillac\nI said Bigg Dogg is back\n\n[Verse 1: Snoop Dogg]\nWell it was just one day that I'll never forget\nI mean I tried to stop smoking but I just couldn't quit\nI called up the diggy-doc on the telephone\nBut it seems that the doctor was not home\nTo my surprise, I had to open my eyes\nI'm trying to visualize Snoop Dogg without being high\nIt's like a hell of a picture\nI used to never think weed was something I'd get addict to\nAye baby girl you know I wanna stick it to ya\nIf it's cool with you, then light it up boo\n\"Well I don't really smoke that stuff, I mean smoke that much\nOkay I guess I'll get fucked up\"\nSo everything went according to plan\nSo I went up in this bitch up off of weed and hemp\nShe told me that she liked it, I told her that I did too\nI said: you know DJ Whoo Kid? well bitch suck his dick too\nAnd turn the TV on MTV2\nSo I can watch the Osbournes cause that's what I wanna do\nHell yeah I smoke weed right in front of you\nAnd tell you whatcha gonna do, bitch that's whatchu gonna do\nBitch I'm Snoop Foxy, dropping game on yo' ass, pimpology\nCome follow me, and smoke with me\nThe bitches here nigga straight VIP\n\n\n[Bridge: Snoop Dogg]\nThe Bigg Dogg is back, and you know we got a hell of a sack\nThe Bigg Dogg is back and you know we got a hell of a sack\nThe Bigg Dogg is back in the Snoop Deville Cadillac\nThe Bigg Dogg is back", "image": "https://images.genius.com/1b884ca5d64dceca3c26e802a05cb117.600x610x1.jpg"}], "artist": "Snoop Dogg"}