{"songs": [{"title": "Riders on the Storm (Fredwreck Remix)", "album": "Need For Speed: Underground 2 Soundtrack", "year": "2004-01-01", "lyrics": "[Intro: Snoop Dogg]\nAyo, Jim, man, why don't ya\u2026\nWhy dou don't you kick some of that, you know?\nYou know how you do it, man, it's a trip\nPeople don't even believe we're together right now\n(Whoa) But tell your story\nYou know the one I like, say it for me\n\n[Hook: Jim Morrison]\nRiders on the storm\nRiders on the storm\nInto this house we're born\nInto this world we're thrown\nLike a dog without a bone\nAn actor out on loan\nRiders on the storm\nThere's a killer on the road\nHis brain is squirmin' like a toad\nTake a long holiday\nLet your children play\nIf you give this man a ride\nSweet family will die\nKiller on the road, yeah\n\n[Verse 1: Snoop Dogg]\nGoin' off of this, goin' off of that\nWith the Lizard king bumpin' in the back, how 'bout that?\nDriftin', liftin', swiftin'\nCoastin', testaroastin'\nBut the wheels won't stop\n200 on the highway, fresh up off the block\nHe's a rider? Naw, he's a killer\nDressed in all black, but his hat says Steeler\nPedal to the metal\nI gotta go hard, drive by and say hello\nHey, Fredwreck, you my mello\nNow let me hear what I sound like acapella\n(Shh) Wow, ride, dip swish now\nBring it back just like this\nLike a dog without his bone\nUnlike a G with out his chrome; it's hard to imagine\nThe homie dog in a Jag\nAnd he's checkin' for the checkered flag\nComin' in first, never in last\nCause my car too fast (Zoom, zoom)\nI never ever run outta gas\nCause I'm just too clean, I do it upperclass\nSo fasten your seat belts\nIt's so hot, it will even make heat melt\nSo get a bowl and roll and ride\nSlip through the slip and slide\n\n[Hook: Jim Morrison]\nLike a dog without a bone\nAn actor out on loan\nRiders on the storm\nThere's a killer on the road\nHis brain is squirmin' like a toad\nTake a long holiday\nLet your children play\nIf you give this man a ride\nSweet family will die\nKiller on the road, yeah\n\n[Verse 2: Snoop Dogg]\nNeed for speed, I'm tryin' to take the lead\nHold on, little homie, 'fore you run into the trees\nI've seen things that I never would've saw before\nAyo, Jim, let 'em in, let 'em in\nOpen up, my back tire smokin' up\nThe whole street, and now the police\nWanna flash their lights\nAnd chase the Dogg all night\nBut I won't pull over nor give up\n\u2018Cause I just don't give a fuck\nYeah, I'm from the side, boy\nWhere we was born and raised straight up to ride, boy\nContinuously, we get to an expeditiously\nKeep the light on, East side on\nSnoop Dogg and the Doors and, yeah, we 'bout to ride on\n\n[Hook: Jim Morrison]\nRiders on the storm\nRiders on the storm\nInto this house we're born\nInto this world we're thrown\nLike a dog without a bone\nAn actor out on loan\nRiders on the storm\n\n[Outro: Jim Morrison]\nRiders on the storm\nRiders on the storm\nRiders on the storm\nRiders on the storm\nAnd let's ride! (Wow! Yeah!)", "image": "https://images.genius.com/b4c639246bdf258b8d28502d087986db.813x813x1.jpg"}], "artist": "Snoop Dogg"}