{"songs": [{"title": "Run Up On Us", "album": null, "year": null, "lyrics": "[Chorus - Nate Dogg]\nYou got beef then go and run on up\nWe ain't worried about nothing\nHalf of y'all doing nothing but nothing\nYou got beef then go and run on up\nWe ain't worried about nothing\nHalf of y'all doing nothing but talking\nAin't it man?\n[Warren G]\nI'm strictly to street with it, listen to me\nThey speak it but we did it, they hated on my \"Ghetto Village\"\nBut if Stevie can see it, it must mean that I'm real with it\nCorporate America gotta deal with it\nI'm riding this 'til the finish line\n213 still in this 'til they give me mine\nRewind the show and watch the movie\nI'm mad as fuck I let this industry use me\n[Snoop Dogg]\nI'm a low-key OG which is well known\nSnoop Alfons Capone Corleone\nIn the streets with the elite my rap sheet is hella long\nLet it go, naw let it 'lone\nYou wanna battle when the shadows are creapin'\nAnd if you talking about beef then nigga ain't no sleepin'\nThe hood ain't got no Geneva either\nIf you run off at the mouth then I'm gonna leave you breathe-less\nBreathless, chestless, best list' ya bastard\nLooking at my homies like you wanna slide past them and get with me\nNeed I warn you I'm from Dogg House motherfucking California\nNow if you want it like you think you do\nWe can set up a head up and I bank ya boo\nDon't underestimate, a lot of suckers player-hate\nThey know about the big D-O-double, Warren G and Nate\n[Nate Dogg]\nToo much talking shit\nLet's get down to this list\nIf you got beef go and run up\nI'ma bust him in his lip\nI'm gonna shoot through that dude vest\nShut the fuck up and run run up", "image": "https://images.genius.com/8c99dd335733f9c3cf16f57c9f589cfb.361x361x1.jpg"}], "artist": "Snoop Dogg"}