{"songs": [{"title": "Words Are Few", "album": "Bible of Love", "year": "2017-09-29", "lyrics": "[Verse 1: Snoop Dogg]\nThere are times when I don't wanna speak\nGrab a pen, scratch your chin, make the beat\nMaybe not, smokin' pot on the beach\nParanoid with my boys, where my keys?\nAnd my head in the clouds, is that him?\nAnd my boys trippin' hard like nigga, chill\nSomeone new with the mouthful of boot\nNow my boys, they come in with the deal\n\n[Chorus: Snoop Dogg]\nI'm not mad at you\nThings I'm going through make me act the fool\nPlease don't think I'm cruel\nReally normally I'm cool\nThere is nothing you can do\nHey\nWhen my words are few\nThings ain't what they seem\nFeeling like I'm fooling me\nI know god is calling me\nI'm not where I'm supposed to be\nSitting here smoking trees\nWhen I should be on my knees\nWhen my words are few\n\n[Verse 2: Snoop Dogg]\nWhy you hounding me in the house of the lord?\nWatch us, guilty\nAin't no move in the parking lot prophecies\nThat's why at the benediction, you can't find me\nOh ain't no smiles, ain't no joke\nNo bitches, please\nAin't no rest for my soul til' I come clean\nI'll hear from the lord if I speak\nSo back off and let me eat, let me feast\n\n[Chorus: Snoop Dogg]\nI'm not mad at you\nThings I'm going through make me act the fool\nPlease don't think I'm cruel\nReally normally I'm cool\nThere is nothing you can do\nHey\nWhen my words are few\nThings ain't what they seem\nFeeling like I'm fooling me\nI know god is calling me\nI'm not where I'm supposed to be\nSitting here smoking trees\nWhen I should be on my knees\nWhen my words are few\n\n[Verse 3: B.Slade]\nI know that I chose to backslide\nBut now I know the way\nI was born and raised in this thing\nAnd that's something I chose to do\nChurch all my life\nI ain't stepped outside but now I feel the light calling me\nBack to the fold\n\n[Interlude: B.Slade & Snoop Dogg]", "image": "https://images.genius.com/a22c62a43fd8d9b59456d05073888f31.355x315x1.jpg"}], "artist": "Snoop Dogg"}