{"songs": [{"title": "My F**n House", "album": null, "year": null, "lyrics": "This is my mother fucking house, eh I'm by the front door\nHere about a blond haired bitch name Sisco\nShe'll do anything for daddy man the bitch go\nTell 'em what the doormat read baby big blow\n\nUh Pyrex and a digi scale\nFuck gloves I got yay all in my fingernails\nAnd I can leave a set of white fingerprints\nChris Tucker, Laurence Tate, Dead Presidents\nDead white boys spread across the coffee table\nDon't know maybe I'll start me up a record label\nFuck it get high and call what's her name\nShe like to play this little game called fuck a brain\nLord when you talk them numbers sound sophisticated\nIt ain't nothing even the pitbull's affiliated\nYeah and trust best gettin' bust on\nG shit even the coupes got Chucks on\n\nYeah\nThis is my mother fuckin' house nigga\nThis is where I do it at\nYou gotta problem with that\nYeah big dog nigga\nIf you ain't a big dog stay on the porch nigga\nDog house or nothing\nDog house everything nigga\n\nI got a whole house trap house and a flat\nI'm on parole bitch so I need my pistol back\nThese rap niggas is too soft\nI built this from the ground up pound up\nUntil I knock your roof off\n\nNew boss Snoop off and on and\nHeed him in the morning catch him while he yawnin'\nMy bitch is on the phone and my homies 'bout to zone in\nCracky smacky dippy whippy habitual potential\nStrip for your credentials\n\nMental unessential shits official like a referee with a whistle\nNah my nigga shits official like a jihad Muslim with a missile\nCatch me in the air we close to the nickel block\nNigga went platinum but I still serve that nickel rock\nHard times bad times fuck doing jail time\nCook it up rock it up bag it up and sell mine\n\nThis my mother fuckin' house\nTake your mother fuckin' shoes off when you step in my house partner\nMatter of fact take your hat off too\nNigga this the round table nigga\nIf you can't stand the heat get your punk ass up out the kitchen\nI'm in this mother fuckin'\n\nThis is my house in the middle of the trap\nI'm gonna start sweating like I ran a fucking lap\nCustomers on hold stressing they keep coming back\nThree, six, five, two, four, seven, I got Jumbo Jacks\nWould you like your cheese with that\nYeah I like my cheese with that\nCrack in the box round the clock\nOpen all night pitching rocks\nServing that goop stuck in my loop\nPitching that tragic all in the traffic\nMe and my group me and my cabinet\nGoobly goop, goobly bag it\n\nI got the key to this spot break in you don't get popped\nFuck around and get molly whopped in here better not attract no cops\nGotta hang around chop up in here who want what I got in stock\nNot from Atlanta but I got heart\nChickens birdies quails baking soda scales\nHeavy weights exhale 5 star hotels\nI'm a grinder about my grit\nTrying to increase my profit quick\n50 thou under the couch\nThis is my mother fucking house\n\nThis is my mother fucking this is my mother fucking\nThis is my mother fucking this is my fucking house\n\nThis is my mother fucking this is my mother fucking\nThis is my mother fucking this is my fucking house\n\nThis is my mother fucking this is my mother fucking\nThis is my mother fucking this is my fucking house\n\nThis is my mother fucking this is my mother fucking\nThis is my mother fucking fucking fucking house", "image": "https://images.genius.com/8c99dd335733f9c3cf16f57c9f589cfb.361x361x1.jpg"}], "artist": "Snoop Dogg"}