{"songs": [{"title": "B Please", "album": null, "year": null, "lyrics": "Yeah.. time to bring yo' ass to the table y'all\nIt's X to the Z Xzibit, yeah (Where you at?)\nSnoop double-D, uh, O.G. (West coast, Los Angeles)\nWhat, bringin it live, with Dr. Dre, what?\nThrowin up a BIG-ASS W, coverin up the world right?\nYEAHHH! Hah, listen look\n\nYou ain't tryin to hot box with me, I swing hard liquor\nGoin down by the second round, all hail the underground\nHow dat sound? Xzibit backin down from a conflict\nFuck the nonsense, terrorist, hidden bomb shit\nGlass and metal in every direction\nInnocent bystanders taught a very hard lesson\nI'm the reason there's no time to reach for that weapon\nAnd reason why niggas with problems keep on steppin\nXzibit ready to scrap, like Mike Tyson with his license back\nNine to five, minimum wage, what type of life is that\nFor me? It's blasphemy, you fuckin around\nWith the Sundance Kid and Butch Cassidy\nYou had the audacity to wanna tangle with the X\nStrangle your neck, slap you like the opposite sex\nDrunk drivin tryin to stack my loot\nWhile other rappers gettin \"Treated Like a Prostitute\"\nSo check the SoundScan\n\nAll I wanna be was a G, ha\nMy whole life, nigga please, ha\nBreakin off these motherfuckin keys, ha\nLet's get these motherfuckin G's, ha\nNigga you don't wanna fuck with this..\n\nHmm.. aww nah, big Snoop Dogg\nBack up in the heezee bay-bay\nYou jockin my style, \"You so cra-zy\"\nDre say, ain't No Limit to this\nAs long as we drop gangsta shit\nLook here bitch, you fine and I dig your style\nCome fuck with a nigga, do it +Doggystyle+\nI'll be gentle, sentimental\nShit, we fucked in the rental\nLincoln, Continental\nHmm, coast to coast, L.A. to Chicago\n(Yeah nigga you know what's happenin man)\nI get this pussy everywhere that I go\n(These bitches know what time it is)\nAsk the bitches in your hood cause they know\n(Hell yeah, hoes know about a nigga like me MAN)\nI get the pussy everywhere that I go\n(I pimp these hoes, nigga, ha ha)\nAsk the bitches in your hood cause they know\n\nBitch please, get down on your god damn knees\nFor this money chronic clothes and weed (look)\nYou fuckin with some real O.G's\nBitch please\nBitch please, get down on your motherfuckin knees\nWe came to get the motherfuckin G's\nYeah, you fuckin' with some real O.G's\nYou dick-tease!\n\nBitch, please! Now what you need to do is\nHem my coat, and roll me some dough (f'real)\nDifferent strokes (uh-huh) for different folks\nOh, you like settin niggas up and gettin them loc's\nA cute lil' bitch with a whole lotta heart\nShit gets thick when the light gets dark\n\nShe say she gots a lick for me (well hook it up)\nWorth about, two hundred G's and thirty keys\nNow check this out Dre, now if I don't move\nThen a nigga like me, shit I don't lose\nBut you know me, Dogg I'm movin\nAin't nuttin to it, but to get to groovin\nYou been, waitin on a nigga like me (whas' happenin)\nTo take that chance and rob yo' man and beat up the pussy\nA victim of the circumstance (yeah right)\nThat's the devil, they always wanna dance\nSee we go out with a bang (bang BANG!)\nI'm tryin to work this cold thang, and take this whole thang\nI get the money everywhere that I go (I go)\nI bust a bitch and take her money fo' sho (fo' sho)\nI get the money everywhere that I go (I go)\nI bust a bitch and take her money fo' sho (fo' sho)\n\nAiyyo.. aiyyo aiyyo; you don't wanna step to me\nStill claimin D.P.G. - til the day I D-I-E\n\nAiyyo.. aiyyo aiyyo; you don't wanna step to me\nStill claimin D.P.G. - til the day I D-I-E\n\nAiyyo.. aiyyo aiyyo; you don't wanna step to me\nStill claimin D.P.G. - til the day I D-I-E\n\nAiyyo.. aiyyo aiyyo; you don't wanna step to me\nStill claimin D.P.G. - til the day I D-I-E", "image": "https://images.genius.com/8c99dd335733f9c3cf16f57c9f589cfb.361x361x1.jpg"}], "artist": "Snoop Dogg"}