{"songs": [{"title": "Wrong Idea", "album": "Tha Last Meal", "year": "2000-12-19", "lyrics": "[Snoop]\nWhassup nephew?\nSittin here choppin game with my nigga Bad Azz\nNiggas get the misconception of us\nCause we so cold at what we do\nBut I really wanna let niggas know what's happenin though\nYou feel me?\n\n[Hook: KoKane, Snoop]\n[K] Now I don't want anybody\nTo get the wrong idea about me\nI don't have nothin to hide\nI want the world to see..\n[S] I'm a gangsta gangsta\nGangsta niggas do your dance\n(C-Walk, C-Walk homey, yeah)\nGangsta bitches wave yo' hands\n\n[Bad Azz]\nSee me, I'm bout my money my paper I'm bout my dollars\nPoppin collars with this mac and this slack and these two revolvers\nSee we smoke and go hoein cause this bitch ain't never shit to me\nAnd pussy stay sellin, so I never let it get to me\nThe shit to me is simple, it relies on credentials\nWe credible individuals, ahead of you we original\nBetter known as criminals, thuggin off on the stereo\nKillin 'em on the radio, some of them wanna hate me though\nFuck 'em cause they can't see me doe and here we go again\nThe jealousy took me over success, just keep you slower\nWhile, you get nothin, we keep gettin more\nPump pump the jam up, drop drop the top\nHit hit the switch and smash down the block\nAnd oh yeah this Long Beach so you know when you see a nigga\nAnd don't never get the wrong idea nigga\n(Yeah, nigga what?) Holla at 'em\n\n[Hook]\n\n[Snoop Dogg]\nI keep my khakis creased, hat tilted to the East\nOn a bitch I remain the beast, none the least\nPolice try to cuff me and stuff me in the back\nOf they patrol car, cause I'm a former parole star\nWith the cool name, this nigga here's a fool mayn\nGo on and do yo' thang, gang-bang\nIn the hood and in Hollywood\nRecord company executives think it's all to the good\nGet to showin me around they house, then he slide me in the back\nAnd had the nerve to try to buy me out, check this out mayn\nI'm down with P, and D-R-E\nA real nigga from the motherfuckin L.B.C\nI just look like this, I stay down for the twist\nI'm real with this, deep as abyss\nI gave you a pound, then I gave yo' wife a kiss\nI had to dip cause y'all was full of that bullsheeit\n\n[Hook] - 3X\n\n{*singing ad libs by KoKane to fade*}", "image": "https://images.genius.com/1abc5e5fc609da0014a0675d49a1a15f.953x953x1.jpg"}], "artist": "Snoop Dogg"}