{"songs": [{"title": "Legend", "album": "COOLAID", "year": "2016-06-28", "lyrics": "[Hook]\nMotherfucking legend\nMotherfucking legend\nEven if I die, living Legend\nLook at my reflection\nAin't no second guessing\nAlways be a legend\nA motherfucking legend\nMotherfucking legend\nUsed to whip a Lexus\nI can die right now, still a legend\nLook at my reflection\nAin't no second guessing\nBorn to be a legend\nA motherfucking legend\n\n[Verse 1]\n1996, I beat a 187 (murder was the case)\n80 million sold, and I ain't check the records\nChecked a couple rappers, told 'em not to test me\nAsk me who am I? Motherfucking legend\n50 bitches naked\nNike ain't my preference\nKhaki with the Chucks\nNow look how they dressing\nPerfected my profession\nSomeone call the reverend (Nate Dogg nigga)\nBury me alive, living legend\n\n[Hook]\nMotherfucking legend\nMotherfucking legend\nEven if I die, living Legend\nLook at my reflection\nAin't no second guessing\nAlways be a legend\nA motherfucking legend\n\n[Verse 2]\nLook, big dog, six broads, don't matter to me\nYou new niggas look madder than me\nCame up with the Doc, been around the world with 'Pac\nDon't compare another rapper to me\nWhen I came and kicked them buildings over\nSwear I always knew I'd never be the same\nWas born to be a motherfucking legend\nI ain't never do it for no fucking fame\nMotherfucking legend\nYou know what I'm repping\n20 million, 20 years ago\nCuh, you was like 7\nYou ain't gotta like it\nBitch you gon' respect it (Respek on my name!)\nLook me in my eye\nMotherfucking legend\n\n[Hook]\nMotherfucking legend\nMotherfucking legend\nEven if I die, living Legend\nLook at my reflection\nAin't no second guessing\nAlways be a legend\nA motherfucking legend\nMotherfucking legend\nUsed to whip a Lexus\nI can die right now, still a legend\nLook at my reflection\nAin't no second guessing\nBorn to be a legend\nA motherfucking legend\n\n[Outro]\nMix purple with the yella\nKobe with Vanessa\nDid it doggy style\nLike upon the dresser\nLook at my reflection\nMotherfucking legend\nEven when I die", "image": "https://images.genius.com/93e8fb86c8069da5694021569465c2b8.500x500x1.jpg"}], "artist": "Snoop Dogg"}