{"songs": [{"title": "Don't Do The Crime", "album": "Smokefest Underground", "year": "1998-05-19", "lyrics": "[Chorus, snoop singing]\nDon't do the crime if you can't do the time\nYeah\nDon't do it\n\nFell off into a party in the cpt\nNiggas looking at me strange\nBut I'm up on the game\nI ain't f**king with them niggas no mo\nShit, I feel the same way y'all feel\nNigga, f**k death row (ha ha)\nI cut em loose, send em juice\nWith visine in their cup\nCatch em slipping, all my homeys get em stuck\nIt's the tale of a whale locked in a cell\nOn the streets he was the heat cause 'cause had major mail\nHad his homeboys plugged, wearing gold chains\nHanging at the studio, splurging and thangs\nNigga f**king off money, saving them hoes\nF**ked off some money of mine\nAnd bought me a white rolls\nLiving on wilshire in a penthouse suite\nF**king bad bitches seven days a week\nColder than a motherf**ker but now I'm hot\nFloss me a brand new suit from dionne scott\nI guess I'm balling now\nMoney falling down\nI can hear them movie star bitches calling me now\nDoggy dogg come and get with the pg\nMr. calvin broadus could you please come and see me\nBut I ain't tripping, I'm just dogg pound cripping\nTalking big shit and in a bulletproof dipping\nMake my own beats, so f**k y'all too\nAnd I'm down with the niggas from the you know who\nWe get to the point\nBlaze the joint\nStep into the party and holla at everybody\nAs long as the gin get mixed with juice\nAnd the five on the crap game gon hit with deuce\nShit niggas gon be niggas so nigga, nigga what\nJust because I'm having paper don't mean f**k\nI once was in the same predicament you was\nThinking to myself \"damn should I kill 'cause? \"\nBut I know deep in my heart\n\nTwo wrongs ain't right\nAnd it started from a fist fight\nI only got one life to live\nI'm trying to see a grandfather with some grandkids\nYou dig?\nI'm trying to live long like my hair\nPut the shit down, like fred estaire\nI want to share my world\nBut how the f**k can I share it\nEverytime I throw you something\nYou look at mine and compare it\nMan, it's a cold shame\nBut it's a cold game\nI ain't make the rules to this game\nLook, all I know and all I do\nIs try to come through with something new\nBanging for you\nSo whatever you do, you like it or not\nBecause when your shit play out\nI be back on the dope spot\nMy grandpappy once sat me in his lap and he said\n\"son get your money like that\" (get your money, man)\nI sit alone in the zone\nFace of stone\nLive the live of al capone\nA don corleone\nCasually casualties, fatalities\nAnd all kind of funny looking niggas coming after me\nFunny, it's got me dodging, dipping, slipping, and sliding\nEastside up, eastsiders cause we riding (eastside up)\nThis is portable something to f**k with your ear\nDoggy dogg will appear to make it sound so clear\nI f**ks it up, like I always do\nAnd that's a trick\nI'm saying some shit\nTo make the bitches want to suck my dick\nSee it's an everyday thang\nCommunicating to y'all with the dogg pound slang\nBack up in the house and we just don't stop\nCall ya mama, f**k her fat, call the motherf**king cops\nHit roccs, yeah, you know what? you know what\nThey told me like this\n\n[refrain x 2]", "image": "https://images.genius.com/a4514b16471bd34277a2d10a7a3fe572.220x221x1.jpg"}], "artist": "Snoop Dogg"}