{"songs": [{"title": "Gangstaz Life", "album": null, "year": null, "lyrics": "[Verse 1: Snoop Dogg]\n10-20-71, the day I come out\nTwo days later, I'm runnin' my mouth\nMom's put a bottle to my grill\nI look her in the face and I say chill\nSo she puts her back up on a pillow\nFive minutes later I'm bailin' out the hoes-pital\nOn my way to the liquor store\nThe first thing I grab is some skins and a 4-0\nDropped the O-E cause it's just too cold\nI get myself some gin instead and then I stroll\nBut before I get out the door\nThe man behind the counter says hey, yo, yo\nHe picks me up and sit me on the seat\nAnd then he grabbed the phone and get to dialin' the police\nI wanna run but I can't walk yet\nCan't grapple with nothin' said, cause I can't talk yet\nFirst trip in the police car\nCameras all around me as if I was a star\nYoung black toddler, it's feeling like they dissin' me\nMom's grabbed me, and then she gets to kissin' me\nShe thanks the police for my good health\nI don't know why, I coulda done that by my muthafuckin' self\nAnd I always love my mama cause she raised me right\nAnd I must say that I'm a gangsta\n\n[Bridge: Snoop Dogg]\nLivin' in a gangsta'z life\nStraight gangsta'z life\n\n[Verse 2: Snoop Dogg]\nLet's speed the clock up and pass some time\nJune 17th, 1979\nThat's my first time being arrested\nI know I done the crime, but I ain't going to confess to this shit\nI learned that from the G's\nA G is a overseer, the overseer sees\nMore than you do cause he gets experience\nAnd besides I'm just a juvenile delinquent\n'fore I was gone, and I'm on my way home\nMy momma's coming to get me in a fleetwood brougham\nShe puts a jacket on my back and hands me a comb\nWe stop at frosty freeze for a couple of snowcones\nShe telling me that I didn't need to do what I done\nShe said: \"playing football should be your only fun son\"\nI'm like \"allright\" so we head to the house\nI mobbed through the door and pops fired to the mouth\nI couldn't do nothing but cry like a bitch\nI looked at my momma and said: \"damn, why you snitch?\"\nThey put me on punishment but that didn't work\nNow wearing khakis, wallabees, and a t-shirt\nAnd throwing up the neighborhood gang signs\nI do my first robbery and now I gotta do time\n5 feet, 6 wearin' 83\nThey sent me to a place called LP\nI bailed in the dorm lookin' hard as hell\nI told 'em who I was and where I dwell\nSome fool had beef and he ran up on me\nHear nothin' pop cause I spotted one of my homies\nWho ran the game to me in the correct manner\nAnd told me to stay down for my bandana\nTwo weeks later, I'm getting shipped to another institution\nI'm fucking up, starting confusion\nVibed on my counselor, feeling like a champ\nI finally get settled down at the junior fine camp\nI do my little time up in this home sweet home\nMy momma's coming to get me in a fleetwood brougham\nI'm on swauce, so if pops swing it's on\nBut things did change, why?, cause pops ain't home\nWhy? he couldn't take it, what? so he moved on out\nLeft my momma the car, the kids, the bills, and the house\nThat's half of my life summoned up\nThat's why young, black teens in the ghetto don't be comin' up\nThe way their ancestors did\nBecause mom plays the role of both parents to the kids\nBut when you make it, your father, he shows up shortly\nBut when thangs ain't right, they play the role like they don't know me\nBut when you play me like that ya see\nI have no other choice but playin' the role of a G\n\n[Bridge: Snoop Dogg]\nThis is a gangsta'z life\nStraight gangsta'z life\n\n[Verse 3: Snoop Dogg]\nI'm full grown, out on my own\nBut my impression is still at my momma's home\nMy baby brother, guess what y'all? he wanna be like me\nThey call him lil Snoop Dogg and he way more harder than I was\nA hog, been through YA, nellaz, and all the hogs\nHe even robbed santa claus on Christmas day\nAnd every Sunday my momma pray that he don't get caught up in gunplay\nHey, I made the bed so I guess I gotta lay\nI guess I'll slide through and ride through the hood today\nLay low, hold ya gats, and watch yaself\nStay composed, I freeze-frozed clothes, doze on O'z\nMuthafuckas who be lovin' a cup of shit of shit up\nAll they wanna do is show another nigga lit up, hit up\nNames of the homies who rest in peace\nYa got your stars on wit' ya flag, and ya khakis properly creased\nMobbin' through the way or should I say\nStrollin' through the park one day\nSippin' on the Hen do' sad'n a muthafucka\nCops raid my house, they shot my baby brother\nThey say he was strapped but they never found a strap\nThis life of a gangsta, he'll never get back\nAnd it's like that\n\n[Outro: Snoop Dogg]\nThis is a gangsta'z life", "image": "https://images.genius.com/8c99dd335733f9c3cf16f57c9f589cfb.361x361x1.jpg"}], "artist": "Snoop Dogg"}