{"songs": [{"title": "It's Getting Harder", "album": "Stoner's EP", "year": "2012-04-16", "lyrics": "You know what girl\nI have been meaning to tell you something\nI want you to listen when I tell you this\nI don\u2019t even know how to say it\nBut I am just gonna say it\nJust like this\nIt is getting harder to fuck your friends\nIt is getting harder to fuck your friends\nIt is getting harder to fuck your friends\nIt is getting harder to fuck your friends\nIt is getting harder to fuck your friends\nIt is getting harder to fuck your friends\nIt is getting harder to fuck your friends\nIt is getting harder to fuck your friends\nIt is getting harder to fuck your friends\nIt is getting harder to fuck your friends", "image": "https://images.genius.com/ba60ef32580085f132dc154656bbb9f0.1000x1000x1.jpg"}], "artist": "Snoop Dogg"}