{"songs": [{"title": "Pimp Slap", "album": null, "year": null, "lyrics": "W-Balls, it's your main man DJ E-Z Dick\nAbout to unleash another one of those platinum plus hits\nAnd the word is on the streets, and the word is the streets\nWe gon' go to a live remote, licking wit' my main man Mr Doggy Dogg\nA day in the life, of a Rollin' 20 Crip\nI'm just a stuburn type of fella with a head like a brick\nAnd just because I sip Moet, they say that I'm hopeless\nBut I don't give a fuck, so blame it on the loc'ness\nNow this is how we do it when we checking the grip\nSnoop Dogg is in this bitch, so don't even trip\nI bust a funky composition that's smooth as a prism\nNow check it as I kick off in this funky ass rhythm\nIt's six dub, the phone is ringing off the deck\nAnd it's some homies talking about I disrespected they set\nAww nah, Dogg ain't this y'all\nI got couple relatives up off of Crenshaw\nThis is about me and Simon, not me and y'all\nI got love for a bunch of real B-Dogs\nLike K-Dub, Top Cat, B-Reel, E-Rock, Boo-Lay Face\nAnd the homie Har'ron rest in peace\nBig Jay from Cappinella Park\nHe used to blaze with his nephew after dark\nOn and on, rocking big neck bone\nMauseberg I had to put you on my song\nIt's so real, I had show some love\nNow back to the scrub, it ain't about Crip or Blood\nIt's about you being jealous bout what I does\n'Cos I does it the most, the King of The Coast, in a Pink Plaint Pos\nI back ya down like Shack Daddy and bust on ya out the new Caddy\nAnd skirt up Wiltshire Boulevard\nI'm not Xzibit, you can't pull my hoe card\nI fucked all your groupies, when you was doing time and kept Snoopy\nWith the fags and snitches, no killers just bitches\nAnd you was paying niggas off of all my riches\nYou so hard caught, why ain't you go to level four? Oh, I know\n(Bitch)\nBut I walk the main line every time I go down\nYou can check my G Files, I do it LBC style\nI got the word on ya Simon, you need to just start rhyming\n(Simon)\n'Cos you the biggest star on your label\nAnd them other niggas just crumbs off my table, you're not able\nTo compete with the heat that I drop\nAnd I still ain't been paid, for One-Eight-Seven On A Cop\nI started yo shit and I'll end yo shit\nIf you keep talking shit on Crip\nIt all boils down to the fact that you're jealous of my paper stack\n(Jealous ass nigga)\nIt all boils down to the fact that you're jealous of my paper stack\n(Gon' get pimp slapped)\nIt all boils down to the fact that you're jealous of my paper stack\n(Jealous ass nigga)\nIt all boils down to the fact that you're jealous of my paper stack\n(Gon' get pimp slapped)\nMoney, I get it, paper I got it\nHeaters, I keep 'em, bitches, I got 'em\nMoney, I get it, paper I got it\nHeaters, I keep 'em, bitches, I got 'em\nIf I shoot you, I'll be brainless and you'll be famous\nAnd I'll be spending money out the anus\nYour only gain is to try to get me to fall down to your level\nMan you worser than devils\nA lotta niggas should've said it, fuck 'em\nBut I'ma say it for 'em, stop it, pop it, rewind and play it for 'em\nThis nigga's a bitch like his wife\nSuge Knight's a bitch and that's on my life\nAnd I'ma let the whole world see\n'Cos you fucked up the industry and that's on me\nWe can go head up, nigga, set it up\nOr we can do the other thing, I love to wet it up\nYour rappers and artists, tell 'em, shut it up\n'Cos I'll fuck every last one of 'em up, especially Kurupt\nSee that's my lil' homeboy, so he knows what's up\nHe better keep it Crippin' and slip his clip in\n'Cos these niggas trippin', this is official business\nDo the same way, leave no witnesses\nThis is that unexpected diss directed, sprayed, covered and protected\nStrip you butt naked, chicky-check-check-it\nIt's all to the good again\nYou can catch Snoopy Dibby Double in the hood again\nSpinning that real times, spitting that real shit\nTo make the whole world feel it\nSo put the bacon in the skillet and try to peel it\n'Cos Doggy style Records is the realest, nigga\nIt all boils down to the fact that you're jealous of my paper stack\n(Jealous ass nigga)\nIt all boils down to the fact that you're jealous of my paper stack\n(Gon' get pimp slapped)\nIt all boils down to the fact that you're jealous of my paper stack\n(Jealous ass nigga)\nIt all boils down to the fact that you're jealous of my paper stack\n(Gon' get pimp slapped)\nMoney, I get it, paper I got it\nHeaters, I keep em, bitches I got 'em\nMoney, I get it, paper I got it\nJealous ass nigga", "image": "https://images.genius.com/8c99dd335733f9c3cf16f57c9f589cfb.361x361x1.jpg"}], "artist": "Snoop Dogg"}