{"songs": [{"title": "Lodi Dodi (intro)", "album": null, "year": null, "lyrics": "Domino motherfucker what's happenin?\nAhh nigga eat a dick nigga, don't break my momma's nice ass table nigga\nYeah fuck that, fuck what they talkin bout nigga\nRack them motherfuckin dominoes up nigga\nFuck that nigga, just look, look out for the table nigga\nFuck that\nAiyyo where's Snoop Dogg?\nI don't know them niggas went upstairs with that big booty bitch man\nAhh no he ain't bustin no nuts on my momma's spread\nThat nigga up there gettin his socks blown the fuck off\nGettin his ass chewed out\nBetter ask somebody\nBalls licked up and down\nHell yeah\nAiyyo whassup with them niggas that was on the TV dissin you?\nMan fuck them niggas, man I ain't thinkin about that old shit, man\nBusta ass, HIV pussy-ass motherfuckers\nYo yo yo Daz, easy come, easy *blam*", "image": "https://images.genius.com/8c99dd335733f9c3cf16f57c9f589cfb.361x361x1.jpg"}], "artist": "Snoop Dogg"}