{"songs": [{"title": "Get Live", "album": "NBA Live 2003 Soundtrack", "year": "2002-10-08", "lyrics": "[Intro]\nGet Live, To the hoop ya'll\nGet live, 2003\nGet live, Swish, woohoo!\n\n[Verse 1]\nScribble on the wall\nGot them dribbling the ball\nIt's the number one player in the game\nHoop ya'll. Think\nAin't no thing could see my game\nIts to back you down and bang on you\nGet live\nImma bring it to your whole team\nTryin to win the whole thing\nSize me up for the ring\nHaha. I'm celebratin' while the other team mad\nWith their head down hatin\nGet live\nAnd waitin to get another rematch\nBut we ain't trying to see that\nBelieve that next\nHomie yo game is weak\nMine's a sweep\nI'm riding on a 7 game winning streak\nGet Live\nBustin them up\nTossing them up\nCrossing them up\nCrushing them up, what?\nYou can't stop my reign\nEA Sports and Snoop Dogg it's in the game\n\n[Hook]\nGet Live\nYou brought them the game\nIt's all in the game\nWho in the hall of fame\nWho read in the game\nNBA live homie is a glide of rain\nIt's big snoop dogg to the hoop dog\n\nGet Live\nYou brought them the game\nIt's all in the game\nWho in the hall of fame\nWho read in the game\nNobody alive has been good enough to beat me yet\nIt's in the game\n\n[Verse 2]\nComin down like a rhino\nMe and my boys will be waitin in the finals\n1 on 1 or 5 on 5\nI'm the coldest when comes down to it ah\nGet live\nShoot from the in or the outside\nI'm on a mission, you on the exhibition\nStay off the big, payoff im in the playoffs\nWho you playin with\nWho you rollin with\nGet live\nIts the season im in another season\nAnd to win a tournament that be the reason\nFact is I don't need practice\nBut you do cuz yo team seem to lack this skill that I got\nGet live\nI get hop, my shot my spitter pop\nMan I got it locked haha\nYou can't stop my reign\nIt's EA Sports Snoop dog its in the game\n\n[Hook]\nYou brought them the game\nIt's all in the game\nWho in the hall of fame\nWho read in the game\nNBA live homie is a glide of rain\nTo the hoop ya'll, to the hoop ya'll\nIt's in the game\nYou brought them the game\nIt's all in the game\nWho in the hall of fame\nWho read in the game\nNobody alive has been good enough to beat me yet\nTo the hoop ya'll\nIt's in the game", "image": "https://images.genius.com/5a30323161d7ede5e29bb45c1fc19576.675x675x1.jpg"}], "artist": "Snoop Dogg"}