{"songs": [{"title": "Cali-california", "album": null, "year": null, "lyrics": "So G, it's me, LBC\nThe turf by the surf and you can sail with me\nPalm trees, policies, a lotta weed\nWe got just what you want, oh batabing\nSo if you out here by my way\nIn sunny Cali-Forn-I-A\nOh yeah, this is DPG\nNow you can catch a little heat from my girl Sweet P\n\nHear them say that\nI be single\nI'll be single\nBy the summer time\nI done fell in love\nYou're the only one\nYou're the only one my mind\nThe way you do it like that\nMake me wanna come right back\nThe way I do it like that\nDJ betta run this back\n\nOh baby\nSomethin' bout your love it drives me crazy\nLike a summer in California\nOh baby\nSomethin' bout your love it drives me crazy\nLike a summer in California\n\nYou got what I need\nYour love take me to ecstasy\nRollin' with me\nWe can do anything on your mind\nThe way you do it like that make\nMake me wanna come right back\nThe way I do it like that\nDJ betta run this back\n\nOh baby\nSomethin' bout your love it drives me crazy\nLike a summer in California\nOh baby\nSomethin' bout your love it drives me crazy\nLike a summer in California\n\nI'm West Coast, rich city, up top chillin'\nPut a plate together\nStraight plottin' on a million\nDrivin' these women crazy like summer in LA\nThen bounce up to the Bay\nWhere they love HB to the K\nI was like three watchin' Snoop up on the screen\nLike\nI'mma do this, uck workin' for the team\nNow I'm long hair, don't care\nEverywhere, on the grind\nAll the time poppin' like Cali in the summer\n\nOh baby\nSomethin' bout your love it drives me crazy\nLike a summer in California\nOh baby\nSomethin' bout your love it drives me crazy\nLike a summer in California", "image": "https://images.genius.com/8c99dd335733f9c3cf16f57c9f589cfb.361x361x1.jpg"}], "artist": "Snoop Dogg"}