{"songs": [{"title": "Chin Check", "album": null, "year": null, "lyrics": "[911 dispatch] 911, forty reporting\n[woman] hello 911, help me, help me\n[911 dispatch] what is your emergency\n[woman] there's someone in my house, there's someone in my house\n[911 dispatch] can you please run by your address for me\n[woman] 151 shenedoah, shenendoah\n[911 dispatch] ma'am where inside the house are you\n[woman] (oh my God)\n[911 dispatch] ma'am where inside the house are you\n[woman] in my room, their in my room\n[911 dispatch] ma'am calm down, deputies are on the way\nIs the door locked\n[woman] (shriek)\n[911 dispatch] ma'am?\n\n[2x] n n, dup dup, dup double u, a a, a a\n\n[ice cube]\n(n n, dup dup, dup double u, a a, a a) what the f**k's up dre\n[dr dre]\nYou tell me, you talk to ren\n[mc ren]\nIm right here nigga\n(n n, dup dup, dup double u, a a, a a) release the hound\n[snoop dogg]\nBow wow wow\nWha wha wha what what what, what\n\n[ice cube]\nI'm a nigga wit an attitude thanks to y'all\nAnd I don't give a f**k I keep it gangsta y'all\nI'ma ride for my side in the c.p.t\nGod bless the memory of eazy-e\nIf it wadn't for me where the f**k you'd be?\nRappin like the treacherous three, f**kin cowards\nI'd have seen dre rockin parties for hours\nAnd I'd have seen ren f**kin bitches from howard\nAnd I'd have seen snoop give away eddie bauer's\nSo f**k jerry heller and the white superpowers\n\n[mc ren]\nThis the shit niggas kill for\nThey hear the villain niggas spittin' with them nigga flows\nF**k you hoes, f**k you bitch ass niggas too\nGot something for you broke\nThese niggas wearin' skirts like the pope\nWho them niggas that you love to get (us)\nWho them niggas that you f**kin' wit' (us)\nLove the girl that weed and shit (what)\nThe saga continues, with the worlds most dangerous group\nFour deep in the coup\n(I'm a spill it)\n\n[Chorus]\nI'ma smoke where I wanna smoke (f**k that)\nI'ma choke who I wanna choke (f**k that)\nI'ma ride where I wanna ride (f**k that)\nCause i'ma nigga 4 life, so i'ma nigga til I diz-ie\n(n n, dup dup, dup double u, a a, a a)\nI'ma smoke where I wanna smoke (f**k that)\nI'ma choke who I wanna choke (f**k that)\n(n n, dup dup, dup double u, a a, a a)\nI'ma ride where I wanna ride (f**k that)\nCause i'ma nigga 4 life, so i'ma motherf**kin nigga til I diz-ie\n\n[dr dre]\nA pencil, a pen, or a Glock\nIm the original, subliminal, subterranium\nTitianium, criminal minded, swift\nD-r-e with that f**k a bitch shit (f**k a biatch)\nA couple o' notes and get you hog-tied in rope\nDope like tons of coke, cutthroat\nYou don't want the pistols to whistle\nCandy paint impala\nI make hoes pop collars\n\n[snoop dogg]\nGod damn hoes, here we go again\nF**kin with ren, playin' to win\n(he got the) coke in hand, (I got the) juice and gin\nSame shit you was f**kin wit way back then\nWe keep it crackin' from the actin to the jackin\nG'ed up c'ed up motherf**ker blaze the weed up\nWe all on deck fool so put your heat up\nI stay on deck so me don't get wet\n\n[ice cube]\nLook my nigga, we can scatter like buckshots\nLet's get together, make a record, why the f**k not?\n[mc ren] why the f**k not?\n[dr dre] why the f**k not?\n[snoop dogg] why the f**k not?\n[ice cube] cause I'm tight as the night\nI had to wipe activator off the mic, in 1985\n\n[snoop dogg]\n(n n, dup dup, dup double u, a a, a a)\nReal niggas, biatch, you know, ha hah\n\n[ice cube]\nWe cause tragedy, erratically\nSystematically, in your house without a key\nHow f**ked up that'd be\nGat'll be near your anatomy, my form of flattery\n\n[dr dre]\nAssault and battery, cus we coming with that street mentality\nStraight west coast rider academy\nConcrete nigga, that's my reality\n[snoop dogg] we tend to bus' on niggas that get mad at me\n[dr dre] was it a bitch in the mix\n[snoop dogg] well it had to be\n\n[dr dre]\nLying tricks told them dicks I had a key\nHoes make the world harder than it have to be\n(yea thats right)\n\n[Chorus]\nI'ma smoke where I wanna smoke (f**k that)\nI'ma choke who I wanna choke (f**k that)\nI'ma ride where I wanna ride (f**k that)\nCause i'ma nigga 4 life, so i'ma nigga til I diz-ie\n\nI'ma smoke where I wanna smoke (f**k that)\nI'ma choke who I wanna choke (f**k that)\nI'ma ride where I wanna ride (f**k that)\nCause i'ma nigga 4 life, so i'ma motherf**kin nigga til I diz-ie\n\n[6x] n n, dup dup, dup double u, a a, a a", "image": "https://images.genius.com/8c99dd335733f9c3cf16f57c9f589cfb.361x361x1.jpg"}], "artist": "Snoop Dogg"}