{"songs": [{"title": "Peaches N Cream", "album": "Bush", "year": "2015-03-10", "lyrics": "[Produced by Pharrell Williams]\n\n[Hook: Snoop Dogg & Pharrell]\nShe 'bout to go in\nShe likes that low end\nDamn her ass is so big\nJust keep it bumpin'\nPeaches N Cream\nUh oh there she go\nThat's that look all on her face\nShorty dancing like she knows\nShe's the baddest in the place (Hey, hey)\nI wanna get with you (Freak, don't fail me now, hey)\nSo what you wanna do?\nGot her Freak-Um dress on\nThem New Bs on her feet\nAnd them bottles with the sparkles\nSo the other girls can see that she's Paid\nI wanna get with you (Freak, don't fail me now, hey!)\nSo what you wanna do?\n\n[Verse 1]\nShe too fly for words\nAnd where I'm at now I'm too high for birds\nShorty, what you think about my return\nCuz what he think about it ain't my concern\nI ain't come for you, I came for your Missus\nI don't do it for the haters, I do it for the players\nWell okay, I do it for the riches\nBut in the meantime and in-between time\nShorty right there gon' get it if she with it\nIf she ain't, then I know her partner down\nCuz her partner throwing shots every time I turn around\nAnd her partner bringing partners every time I come to town\nI'm a G6er, a Maybacher\nYou can tell the chauffeur he can park it right there\nAnd I'ma walk up to the club upstairs\nAnd when I come down he can bring it back, word\n\n[Hook: Snoop Dogg & Pharrell]\nShe 'bout to go in\nShe likes that low end\nDamn her ass is so big\nJust keep it bumpin'\nPeaches N Cream\nUh oh there she go\nThat's that look all on her face\nShorty dancing like she knows\nShe's the baddest in the place (Hey, hey)\nI wanna get with you (Freak, don't fail me now, hey)\nSo what you wanna do?\nGot her Freak-Um dress on\nThem New Bs on her feet\nAnd them bottles with the sparkles\nSo the other girls can see that she's Paid\nI wanna get with you (Freak, don't fail me now, hey!)\nSo what you wanna do?\n\n[Verse 2: Snoop Dogg]\nI came to cut right now\nBigg Snoop Dogg and I came to get down\nYes, I'm internationally known\nLibra lovin' make you moan and groan\nBurn my gas like race cars\nTwo bad broads with the bass on\nI never met a girl that I'd wait for\nI seal my deal like Jay does\nAll that and then some\nPimp real for real when I win some\nI remember what you're thinking\nBlack shades on, drinking while you're blinking\nSomething fly, white limousine\nMake a clean getaway\nI loved your clothes, what you about\nThe way you let it out\n\n[Hook: Snoop Dogg & Pharrell]\nShe 'bout to go in\nShe likes that low end\nDamn her ass is so big\nJust keep it bumpin'\nPeaches N Cream\nUh oh there she go\nThat's that look all on her face\nShorty dancing like she knows\nShe's the baddest in the place (Hey, hey)\nI wanna get with you (Freak, don't fail me now, hey)\nSo what you wanna do?\nGot her Freak-Um dress on\nThem New Bs on her feet\nAnd them bottles with the sparkles\nSo the other girls can see that she's Paid\nI wanna get with you (Freak, don't fail me now, hey!)\nSo what you wanna do?\n\n[Interlude: Snoop Dogg & Charlie Wilson]\nEverybody in the world (Here we go)\nFill your body with the smoke (And that's the way to go)\n\n[Hook: Snoop Dogg & Pharrell]\nShe 'bout to go in\nShe likes that low end\nDamn her ass is so big\nJust keep it bumpin'\nPeaches N Cream\nUh oh there she go\nThat's that look all on her face\nShorty dancing like she knows\nShe's the baddest in the place (Hey, hey)\nI wanna get with you (Freak, don't fail me now, hey)\nSo what you wanna do?\nGot her Freak-Um dress on\nThem New Bs on her feet\nAnd them bottles with the sparkles\nSo the other girls can see that she's Paid\nI wanna get with you (Freak, don't fail me now, hey!)\nSo what you wanna do?", "image": "https://images.genius.com/21065ae32d6230cdcd079a3d10873d5c.1000x1000x1.jpg"}], "artist": "Snoop Dogg"}