{"songs": [{"title": "Real Talk (R.I.P. Tookie)", "album": "Tha Blue Carpet Treatment Mixtape", "year": null, "lyrics": "Yo felly wat up\n\nTwo in da morning while u yawnin I jump out my bed\nLimewire we fire at yo motha fuckin head\nYou betta duck, left u stuck, full it struck\nHomie, wat, nigga, wat, wat, wat, wat, wat, wat, wat\nDope fiends need dope like y'all need air to breathe\nAnd every hussla on the corner needs cheese\nIf y\u2019all want dat get your throwback\nPull your braids out and roll yo fro back\nJust like dat\nI bend it slow, let me tell u wat I'm in it fo\nSorta like a mineral, but I'm more than a general\nNo longer a criminal, me an Tookie Williams for real\nWe were identical, he took me to the pinnacle\nAnd they wanna know how I feel about the governor\nArnold Schwarzenegger, you a motherfucker\nYeah whatever\n\nHmmm\nSo I\u2019ma spread tha word now that my OG is free as a bird\nU heard wat I said; u thought that he was betta off dead\nBut his teachings and doctrines is wat I'ma spread\nI love leading those, who love to be led\nAnd I love feeding those, who wanna be fed\nSo stand in line and get your tickets\nAin't no wine and no bread\nIt's just lines and new rhymes about the crimes that I did\nIf u doin it big, u gotta handle yo biz, and in the memory of\nWe go educate the kids\nSangfroid that's the word and the lesson\nFor those unaware that means I'm calm under pressure\n\nTeacher, teacher, could u please kick some old skool rhymes?\nCan u show them you've not forgotten where you've come from\u0085?\nOkay\n\nLa-di-da-di, listen everybody\nWe do cause trouble, and we shoot up da party\nWe got just some niggas from the LBC\nFuck a nigga up quick\nOn some dangerous shit\nNow for real, for real, we go the Beverly Hills\nAnd do a couple of licks, till I stack me some bricks\nAnd we will not quit, until we see fit\nSchwarzeneggers a straight up bitch\nBut let me stay on course, I don\u2019t mean to drift\nCuz the scene is shift, we stay mean wit dis\nCrispy clean wit dis, I\u2019ma da OG as u seen wit dis\nKeep a bad as bitch on some gangsta shit\n\nUuhuuh, Uuhuuh, Snoop Dogg, could u please kick somethin 4 da ladies cuz u always forget about us\n\u0085\u0085okay check dis out baby\n\nI had a stripper used to tip her her name was chanelle\nShe used to bring me money when I was locked up in jail\nAnd when I got out, I was goin wit her everywhere\nShe understood me girl yeah she was wat a player\nI didn't have to press it; never eva had to stress it\nAnd every time I think about it, damn it\u2019s a blessin'\nAnd I'm confessin', and I\u2019m addressin'\nAll the ladies who love to love a real man\nDo ya damn thang, don't be embarrassed\nThat's the truest form of love when it's at its purest\nDon't have to second guess it, cuz tha S N double O\nIs lookin 4 a real woman, not no ditty hoe\n\nHa-ha-ha, silly rabbit, tricks are for kids\nYou're just a BEYATCH!!!!!!!!", "image": "https://images.genius.com/b50520c49ea0b4c1554b6bce9fd66912.600x600x1.jpg"}], "artist": "Snoop Dogg"}