{"songs": [{"title": "Gang Bang Rookie - feat. Pilot", "album": null, "year": null, "lyrics": "I'm not down with the republic party or the democratic aprty\nI represent the gangsta party\nThe gangsta party?\nYes Sir\nI ain't no gangbang rookie on the gangbang fool me\nI'm a boss out here on the west\n..is my home which rollin with my blue bandana on my neck\nGirl, come f*ck with Snoop , sign up on my team there's a little room left\nGirl, you heard on my songs, steady .., steady wrong, don't get your ass left\nChurch on the move nigga, now got and hit the turf with the news nigga\nI got some advice for you mew niggers, you wanna be in the league well tell'em who sent ya?\nTwistin up the old G, about the whole P, untill I .. D\nThey all come, they all wanna see, hoes lovin me, you all niggers wanna be (Snoop, Snoop)\nEven blood f*ck occurs, I hate the club, they're all showing me love\nThey like Snoop Dog\n\nChorus:\nCan i get you a autograph, so put that DPG doggystle and aftermath\nI just laugh while I'm twistin' ... bad *tches kissin' till they takin' bubblebath..\nI ain't no gangbang rookie police tryna put me ima' modern day trickky on a set\nI got the whole party poppin see you hater niggas jokin all these ice cold diamonds on my chest\nThey see my whole team bugging, not in me mugging\nBut that no meant ...\nCuz if there's problem I put the problem solver\nI call the ... put the end to all this drama, ...get the euros\nGet the dollars, .. get in common\nIt's time to get this change just like Obama\nBut I'm gonna stay the same on my mother f*cker mama\nSnoop, Snoop\nSnoop, Snoop, ....\nTwistin up the old G, about the whole P, untill I .. D\nThey all come, they all wanna see, all lovin me, you all niggers wanna be (Snoop, Snoop)\nEven blood f*ck occurs, I hit the club, they're all showing me love\nThey like Snoop Dog\nSo what I ....give me ...\nYeah you all know what it is\nI ain't no gangbang rookie ...\nI'll be shopping on the ....for some rainbow\n...f*ck with\nAll G with the young men, ....who I f*ck with\nWhen I was young my mum said I looked like..Snoop\nAnd we ride in the club, ...\nI'ma take you to ...\nYou like to ...\nI'm in the club with ..Snoop\nSnoop, Snoop", "image": "https://images.genius.com/8c99dd335733f9c3cf16f57c9f589cfb.361x361x1.jpg"}], "artist": "Snoop Dogg"}