{"songs": [{"title": "You", "album": "Bible of Love", "year": "2018-02-01", "lyrics": "[Intro]\nOkay, are y'all ready?\nTurn it up, Snoop\nYeah, let's go to church like yah!\nCome on, everybody clap your hands\n1,2\n\n[Verse 1]\nListen up, let me testify how God's been good to me\nHe came through for me time after time\nEven when I didn't believe\nWhen my life took a real bad turn\nHe turned it for my good (He never left me)\nHe never left me, nor forgot me\nJust like He said He would (Here we go, You are)\n\n[Chorus]\nYou are the antidote\nYou're the healing for my soul\nYou are the remedy\nYou have been so good to me\nYou are my heart's desire\nYou're the reason for this burning fire\nYou are the friend in me\nEverything God that I ever need is in You (You)\n\n[Hook]\nYou (You)\nEverything I'll ever need is in You (You)\nYou (You)\nYou (You)\nEverything I'll ever need is in You (You)\nYou (You)\nEverything I'll ever need is in You (You)\nYou (You)\nHere we go, Verse 2\n\n[Verse 2]\nEverybody's got a story to tell how good You are\nOh God, how You're the great Redeemer\nAnd You brought us out of the dark\nNo words can even describe just how good You've been\nSo glad that I know You and that You're deep within\n\n[Chorus]\nYou are the antidote\nYou're the healing for my soul\nYou are the remedy\nYou have been so good to me\nYou are my heart's desire\nYou're the reason for this burning fire\nYou are the friend in me\nEverything God that I'll ever need is in You (You)\n\n[Hook]\nYou (You)\nMy life, my health and strength is in You (You)\nYou (You)\nEvery blessing, every good thing, it's in You (You)\nYou (You)\nHallelujah, it's in You (You)\nYou (You)\nEverybody just clap your hands like\n\n[Interlude]\n\n[Hook]\nYou (You)\nYou (You)\nFather, You're everything to me\nAll I need is You (You)\nYou (You)\nYou're my joy, You're my peace, all I need is You (You)\nYou (You)\nI gotta lift my hands and praise You (You)\nYou (You)\nNow everybody raise your voice with me and sing oh\n\n[Outro]\nOh-oh, oh-o-oh\nOh-oh, oh-o-oh (Everybody sing oh)\nOh-oh, oh-o-oh (Everybody sing oh)\nOh-oh, oh-o-oh (Yeah, everybody sing oh)\nOh-oh, oh-o-oh\nOh-oh, oh-o-oh", "image": "https://images.genius.com/c9dee508f81bde784b713142dc6009e9.600x600x1.jpg"}], "artist": "Snoop Dogg"}