{"songs": [{"title": "L.A.", "album": null, "year": null, "lyrics": "[Marty James]\nLA, Sunset boulevard, Pacific Highway\nOut to the walk of stars now you in Cali\nDon\u2019t go \u2018less you go hard\nGo \u2018less you go hard\n\nHollywood, Downtown and back\nLife is always good\nIt\u2019s not an act we so fresh, so hood\nYou knew that it never would\nKnew that it never would\n\n[Snoop Dogg]\nLakers, Dodgers, Ducks, Kings, Angels, Clippers\nReal set trippers\nClarify ride, we bonafide dippers\nESPN, you know Sportscenter\nSpooned and groomed, dipped and wet\nHome of the NBA championship\nPurple and Gold, homie let the story be told\nIt\u2019s the city where you shoot your favourite television episode\nAnd you can hit the strip, Sunset Boulevard\nBut you gotta have a Low-rider car\nWith the skirts dragging, with the plaque in the back flaggin\u2019\nOr put it in the back of the Chevy Wagon\nThat\u2019s how we represent it though\nBirthplace of Chevrolet \u201964\nYeah I love showing it out\nFirst things first my nig\u2019, you better know where you at\nYou in\u2026\n\n[Hook]\nLA, Sunset boulevard, Pacific Highway\nOut to the walk of stars now you in Cali\nDon\u2019t go \u2018less you go hard\nGo \u2018less you go hard\n\nHollywood, Downtown and back\nLife is always good\nIt\u2019s not an act we so fresh, so hood\nYou knew that it never would\nKnew that it never would\n\nRiding on the 405\nOn my way to pick up baby\n85 in the winter time\nMan, this place is crazy\nI love it, love it, love it, love it\nSouthern surfer Cali\n\n[Snoop Doog - Verse 2]\nRollin\u2019 down Fairfax\nJust left the Nico, bust a left turn on Pico\nGotta see the Bishop, he got me some gator shoes\nI\u2019m rollin\u2019 to Hollywood, I\u2019m doing the house of blues\nAbout 9 o clock stop by the record shop\nAnd get that new Snoop Dogg, now we bouncing ball\nLife is a mystery, my life is like history\nStop by my dispensary\nGive me some kush and pusha\nPut it in the trunk, smelling like some skunk\nBut it\u2019s all legal in LA\nEverybody taking a hit from the politicians\nAthletes and even the teachers\nMy dentist even hit it, Dr Beecher\nHe say \u201cSnoop Dogg I really wanna meet ya\u201d\nYeah, I love showing you now\nFirst things first, my nig\u2019 you better know where you at\nYou in\u2026\n\n[Hook]\nLA, Sunset boulevard, Pacific Highway\nOut to the walk of stars now you in Cali\nDon\u2019t go \u2018less you go hard\nGo \u2018less you go hard\n\nHollywood, Downtown and back\nLife is always good\nIt\u2019s not an act we so fresh, so hood\nYou knew that it never would\nKnew that it never would", "image": "https://images.genius.com/8c99dd335733f9c3cf16f57c9f589cfb.361x361x1.jpg"}], "artist": "Snoop Dogg"}