{"songs": [{"title": "Usual Suspects", "album": "Death Row's Snoop Doggy Dogg: Greatest Hits", "year": "2001-10-23", "lyrics": "[Intro: Snoop Dogg]\nHa, what ya got? (x4)\n\n[Verse 1: Threat:]\nIt get hectic livin' life as a suspect\nFerocious out there, wild as a grizzly bear\nYo girl on a mission tryna jack ol boy for the cash\nTwo ski masks, strapped, where the yay at?\nAin't nothin' nice about the criminal life\nKnives and guns and the chains and the teens in gangs\nThat done dropped outta school, he too cool\nTo read a book, see nook, crooks wind up on the news\nThe earth rattle, the over contaminated cattle\nThe enemies sail across seas to do battle\nI know, I used to do those, now I'm retired\nI desire not to have my soul burn fire\nEverybody got a nickname and they clique bang\nRumble you can hear it through the concrete jungle\nI spit it so well cause I see it all day\nHomemade, pushin' sledge, spittin' gettin' that\nLadies say hey come close, I don't bite\nI go to class durin' the day and I work at night\nI go where I want and I do what I like\nI'm pursuin' doin' plumbin', layin' down pipes (that's right)\n\n[Hook (x2): Snoop Dogg]\nA million things run through my mind\nAnd you ain't gotta be in jail to be doin' time\n\n[Verse 2: Snoop Dogg]\nTime brings change and change brings time\nJust sit back and listen let me hit you wit a line\nThat I wrote and I quote that it's dope from the top\nPlease don't you quit, oh Snoop can't stop\nI rock non stop when I have that mic\nI give you motherfuckers just what ya like\nYou can bounce, you can pop, but just don't stop\nCause when I take the mic I plan to make your body rock\nAnd don't you quit and don't you spit nothing to me\nCause you can't do me, why you talkin' madness you handed\nYour microphone to your mouth now\nYou couldn't spit nothin' couldn't even turn it out, dumb ass\nYou got jealous and the fellas got mad at you\nYou couldn't do what the L.B.C. Crew do\nYou couldn't do what the D.P.G. niggas do\nAnd you damn sure can't do what the L.A. zoo do\nTry to stay true and try to get wit this\nNiggas since Dogg was on the mic I'm too sick wit this\nAnd when I come with some, boy I'm so ridiculous\nNow shut the fuck up and listen while I'm kickin' this\n\n[Hook (x2): Snoop Dogg]\nA million things run through my mind\nAnd you ain't gotta be in jail to be doin' time\n\n[Verse 3: Threat]\nKillin' up crews give 'em the real street blues\nHave 'em slidin' in they eel skins, groovin' in they tennis shoes\nOf course I don't stop, being a west side rider\nWit no tattoos, that's how they got you\nI make conversations on rappers CD's\nAnd B.G.s and originals listen for the mission\nBehind the wall, raise the shot call\nAimin' at the liberty blastin' artillery\nMy mental mind state is to build and create\nAnd to weed out suckers, cremate motherfuckers\nMail through, put it down on your whole military\nPen ink scary like death at 13ths\n\n[Snoop Dogg:]\nSo all you alley cats get your eyes off the trash\nAnd beware the bow wow cause I'm bitin' at your ass\nAnd got you barkin' at the wrong tree, nigga\nCan't you see we got the whole game locked like the penitentiary, nigga\n\n[Hook x3]\n\n[Outro: Snoop Dogg]\nWhat you watchin' the clock for?\nTime keeps on slippin', slippin', slippin', slippin', slippin'...\nMe and my niggas just keep on dippin'...\nBut I ain't set trippin'\nYeah... Throwin' down y'all\nThey fucked around and let some dogs in the zoo\nI've never seen a dog at a zoo\nTrue...\nOh yeah, west coast\n(We are party people, Dogg Pound Gangstas are party people)", "image": "https://images.genius.com/dceebda859a32eb0b992545242936a6f.480x480x1.jpg"}], "artist": "Snoop Dogg"}