{"songs": [{"title": "Tha Last Meal (Intro)", "album": "Tha Last Meal", "year": "2000-12-19", "lyrics": "[Skit: Snoop Dogg & Girls]\nYah\nSnoop, Snoop, Snoop, Snoop\nHell yeah, muthafuckin' yeah\nWhat up niggas and niggets?\nBack acha with some of that real shit\nSnoop, Snoop, Snoop, Snoop\nAnd they say you can't keep a top dogg down\nWoof, bow wow\nAnd I'm sendin' this one out to the uhh gangsters\nSnoop, Snoop, Snoop, Snoop\nThe ridahs, the ladies, the playas and the macks, woo\nSnoop, Snoop, Snoop, Snoop\nNow this is what I want y'all to do for me\nKick back and blaze one up to this shit\nY'all know who the fuck I am\nSnoop, Snoop, Snoop, Snoop\nBut if ya don't\nI'm S, N Double O, P\nYes, I am\nS, N Double O, P, just change the game\nSnoop, Snoop, Snoop, Snoop\nI'm S, N Double O, P child\nYes, I am\nS, N Double O, P, that's right\nSnoop, Snoop, Snoop, Snoop\nI'm S, N Double O, P child\nS, N Double O, P,  stays on my mind all the time\nHell yeah, baby\nSnoopy Snoopy\nS, N Double O, P\nSing it girls\nOh yeah\nSay my name bitch\nS, N Double O, P", "image": "https://images.genius.com/1abc5e5fc609da0014a0675d49a1a15f.953x953x1.jpg"}], "artist": "Snoop Dogg"}