{"songs": [{"title": "3 Ho's for the Holidays", "album": null, "year": "2018-12-22", "lyrics": "[Intro]\n[?] get your ass over there and go take a picture with Santa Claus\nHo Ho Ho! Hey little fella\nHey Santa\nTell Santa what you want for Christmas\nI want a scientist set, rock collection, venom toys, and my mom and dad to get married\nAnd what else?\nAnd I want three ho's for the holidays\n\n[Snoop Dogg]\nHo Ho Ho! Yessir!\nSanta Claus coming to the ghetto\n\n[Chorus]\n3 ho's for the holidays\n3 ho's for the holidays\n3 ho's for the holidays\nThis is the season for you\n\n[Verse 1: Snoop Dogg]\nLong spliff for the [?]\nA lot of gifts for the seasons\nPulled up in a convertible\nBag full of toys for the kids and the neighborhood\nNaughty or nice, party tonight\nWhat do you like\nYou been living life\nStaying involved, loving it all\nWoah, woah, woah\nHo, ho, ho\n\n[Chorus]\n3 ho's for the holidays\n3 ho's for the holidays\n3 ho's for the holidays\nThis is the season for you\n3 ho's for the holidays\n3 ho's for the holidays\n3 ho's for the holidays\nThis is the season for you\n\n[Verse 2: Snoop Dogg]\nAll I want for Christmas is my baby\nBoss lady, that's by tay tay\nWe can lay around and sip a cup of eggnog\nBy the fireplace snuggled up on Doggy Dogg\nI write it in the sky very legible\nWith a mistletoe, this will end incredible\nI got my eyes on [?]\nNow homie hit me with the Christmas carol\n\n[Bridge]\nThis ain't the season for kiss and tell\nThis ain't the season for wedding bells\nThis is the season for you\n\n[Chorus]\n3 ho's for the holidays\n3 ho's for the holidays\n3 ho's for the holidays\nThis is the season for you\n3 ho's for the holidays\n3 ho's for the holidays\n3 ho's for the holidays\nThis is the season for you", "image": "https://images.genius.com/7217733cebd036240777cbb9f787e139.493x495x1.png"}], "artist": "Snoop Dogg"}