{"songs": [{"title": "Loosen' Control", "album": "Tha Last Meal", "year": "2000-12-19", "lyrics": "[Snoop Dogg]\nMan, you got me goin crazy baby\nFeel like I'm losin my mind\n\n[Hook: Soopafly]\nFeels like I'm losin control, and I don't even know\nGirl you hurt me oh\nSo\nBad cause I love you so, hey\nBut it don't matter now, I'm doin better now\nWhatever you do, bitch, will come back to you, bitch\nHeeeeeeey, hey; heeeeeeey, hey\nHeeeeeeeeeeeey, hey; heeeeeeey, hey\n\n(Soopafly * overlapping chorus)\nI was in love at times\nI was so hurt, she made me forget my rhymes\nI was in love at times\nI was so hurt, she made me forget my rhymes\nNow who would ever think that I wanted a home\nThree kids and a wife, never be alone\nA dog in the front yard and that picket fence\nHavin somethin on the side? It didn't make sense\n\n(Butch) I'm a family man sportin a weddin band\n\n(Soopafly)\nI heard them niggas on your pager didn't give a damn\nI gave you eighty percent of all my trust in you\nThe other twenty was cool, cause we gon' make it through\n\n(Butch) The homies said she got my mind blew in, blew in\n\n(Soopafly)\nI told that nigga like Chris Tucker\n\"Don't worry about what the FUCK I be doin'\"\nWe was makin chemistry, but who is he?\nAnd how dis nigga know the deal about you and me?\n\n(Butch) I fell to my knees and asked the girl \"Why?\"\n\n(Soopafly)\nShe looked at my eyes with no reply\nSo I cried, I was in love at times\nI was so hurt, she made me forget my rhymes\n\n[Hook]\n\n(Snoop Dogg * overlapping chorus)\nI was in love at times\nI was so hurt, she made me forget my rhymes\nI was in love at times\nI was so hurt, she made me forget my rhymes\nI was in love at times\nThey say \"Game Don't Wait\" huh Warren G?\nWell the game better wait for me\nI'm spendin my time while I'm writin these rhymes\nIn the Hills for real, sippin wines, girl you'se a dime\nGot me losin my mind\nWell if lovin you is a crime\nI'm down to do my time\nLock me up and throw away the key\nI once told that \"This was the way love was meant to be\"\nI see you with me forever\nWe can do things that you never, thought you coulda\nUp out the hood-uh, is where I took you, never overlooked you\nI can't believe that you shook to another spot\nAnd left me cold, now I'm hot\nI'm tryin to find you, what am I to do?\nI gave you everything that you needed\n\n[Hook]\n\n(Snoop * over chorus)\nTook it for granted, shit, I'm cool now\nWhat goes around, comes around\n\n[Snoop] I was in love at times\n[Soopa] I was in love at times\n[Snoop] I was in love at times\n[Soopa] I was in love at times\n\n(Snoop Dogg)\nYou know what girl I mean..\nI was in love with you and you did me like that\nBut you know what they say?\nWhat goes around comes around\n\n(Butch Cassidy)\nHow could, how could, you do me wrong?\nYou be messin up my songs (my songs)\nNow a nigga must move on (I gave you)\nGave love, and you just, straight played on me (on me)\nHad a nigga sick for weeks (for weeks)\nNow I must begin my streak (I was in love at times..)\n\n{*whistling*}", "image": "https://images.genius.com/1abc5e5fc609da0014a0675d49a1a15f.953x953x1.jpg"}], "artist": "Snoop Dogg"}