{"songs": [{"title": "20 Minutes", "album": "No Limit Top Dogg", "year": "1999-05-11", "lyrics": "[Snoop Dogg]\nHey yo Goldie Loc let me hear some dog (puff)\nWe gotta go some for the hood that's on the real\nYeah, this is a public service anouncement from the mathafuckin LBC\nYeah, check this out cuzz, uhm\n\n\n[Snoop Dogg]\nHey yo Goldie Loc\nLet's do this for the homies in the hood\nThe dub, waddup\nNo disrespect to them other hoods\nBut this is where I'm from\n3-2-1 I can't cum\nNo other way\nNo way, no how\nYou know the bow wow do it Long Beach style\nTo the fullest young niggero\nWith my steal I cap home feeling like a O\nNo he didn't, yes he did\nBank your chin in her crib\nThis ain't no fed\nBut now he live\nOn the other side where the cowboys at\nWhere the brown blast black\nAnd the black blast right back\nThat's a fact in the city where I'm from\nYou betta get ready\nCaus here they kitty come cum\nNigga we get dumb on your bitchass\nI ain't trippin caus I'm from the oldschool\nAnd I never hesitate to blast\nSee, when your in it\nYou gotta be in it to win it\nHolla back nigga in 20 minutes\n\n[Goldie Loc]\nGimme the mic and watch me brake these niggas\nHow they figga\nBustas get shot tryin to plot\nBlew the dice hit them twice hit a seven\nNow Snoop watch me trip when I back your eleven\nMix for licks to double my chips\nI'm bangin so much I got cheerleaders on the dick\nNow back up and watch me stack up my dirt\nI sting like bees and when you broke i bet it hurt\nWatch me strike matches no need for no practice\nFuck around and get straight stomped with the package\nDogg keep the beat bangin\nI'm wit the homies feel\nIf me and you left here for hangin\nI feel like givin it up\nCaus I'm a young nigga livin it up\nMe and Snoop ain't give a fuck\n20 minutes to get your C-walk on\nBefore I get my ride on I blew about a zone\nCheck this out dog, you don't know me shit\nYou know I respresent the eastside Long Beach 20 crip nigga\n\n[Snoop]\nTwo's, O's, fo's and hoes\nNigga only fuckin with the real 2-0's\n20 minutes, 20 minutes\nHolla at me, 20 minutes\n\nDeuce, fo's, hoes and clothes\nNigga only fuckin with the real 2-0's\n20 minutes, 20 minutes\nHolla at me, 20 minutes\n\n[Goldie Loc]\nWe ride\nSliding of to the eastside\nHoo-ride, to homicide\nRollin in the G-ride\nSo what yall bustas gon'do\nWhen the pimps, bangers and hustlaz smash on you\nOne for the money\nAnd two for the shizzo\nI'm lil Goldie Loc that gives a fuck about a hizzo\nThree to the fizzo\nAnd five to the sizzix\nMy nigga snoop dogg gives a fuck about a bi-zitch\nYeah you heard it from me, mmm\nAuthograve that ass\nNigga, L-A-L-G\nLittle Goldie Loc\nGoldie locks the same thang\nSmashing for the hood caus I wanted to gangbang\nWill I change\nHell nah nigga\nQuick to jack that ass to make my bank roll bigga\n\n[Snoop Dogg]\nTrip\nI shot em down\nI shot em , shot em down\nAnd if the too damn big\nThen I cut em , cut em down\nNigga where the pound\nHell yeah I'm from the pound\nNigga how that sound\nDogg pound bounce\nI got homies from the dub that bang everyday\nI got homies from the hood that do the same all day\nI keep my feet real close to the street\nAnd keep my hands real close to the heat\nI'm not descreet when it comes to the dogg\nI'm a real O like eight-ball\nWe C no explainin , gangbangin, Crackslangin, entertain us\nSippin silver satin out the container\nAskin which one of yall niggas wanna scrap\nWe can do it G-style\nMathafucker strap\nJust like I tought nigga\nYou got caught\nOl'bitchass nigga droppin all that soul\nYou see, first thangs first when your a grown man\nYou gotta get up, get out and get your own man\nSee, I don't owe you and you don't owe me\nIt's 1999 I'm the OG\nRespect your G'z is what my homies told me\nSo I show real love to the dubs\n\n\n(Outro)\n20 minutes, 20 minutes cuzz\nYeah, nigga 20 minutes cuzz\nAnd like I said\nDeuce, fo's, hoes and shows\nNigga only fuckin with the real 2-0's\nYeah 20 minutes\nHolla at me nigga like I said\nTwo's, fo's, hoes and shows\nNigga only fuckin with the real 2-0's\n20 minutes, 20 minutes\nHolla at me cuzz\n20 minutes\nRoll, roll, roll your dubs\nEastside R-T-C\nGoldie Loc & Doggy Dogg\nNigga this D-P-G", "image": "https://images.genius.com/96262525a2f5c48018386a9b9ec0e619.500x498x1.jpg"}], "artist": "Snoop Dogg"}