{"songs": [{"title": "Powder On My Clothes", "album": "LBC Movement presents Beach City", "year": null, "lyrics": "[Chorus: Stresmatic]\nPowder on my clothes\nAlways in the kitchen with pots on the stove\nBy next summer I will have a Range Rover\nMy money, it grows and it grows and it grows and it grows and it grows\nPowder on my clothes\nAlways in the kitchen with pots on the stove\nBy next summer I will have a Range Rover\nMy money, it grows and it grows and it grows and it grows and it grows\n\n[Verse 1: Snoop Dogg]\nBitch nigga\nLemme show y'all what I\u2019m great at\nEast Side Long Beach, nigga where they say that?\nSpray that, old school just like an ADAT\nDoggie where you weigh that, homie don\u2019t play that\nMore fresh powder\nScram, blood, blam on your clam chowder\nEasy easy deezy show you how to\nFlip a brick in half, stuff it in the chicken bag\nAnother hundred million smiling with my crippin' ass\nRock it up and go, I let it marinate\nI came back to the city, just to share the cake\nLil' homies ready, y'all lock and load\nBeast city in the crippin' kitchen\n\n[Chorus: Stresmatic]\nPowder on my clothes\nAlways in the kitchen with pots on the stove\nBy next summer I will have a Range Rover\nMy money, it grows and it grows and it grows and it grows and it grows\nPowder on my clothes\nAlways in the kitchen with pots on the stove\nBy next summer I will have a Range Rover\nMy money, it grows and it grows and it grows and it grows and it grows\n\n[Verse 2: Snoop Dogg]\n1989, when I was on the grind getting mine\n6-1 block, East Side was the line\nI had to have heart, nigga couldn\u2019t punk out\nYou was training boys in the hood, nigga you jumped out\nScary ass busta, I get money with the hustlas\nThe Rugers, the main streets, the 6-0\u2019s, the 8 Trey Gangstas\nPopped at Piru\u2019s and I cruise and I choose cause I paid my dues\nSqueezing on these foo\u2019s, but back to the money cause my homie need a new pair of shoes\nPoint made, close call\nThis is the life and time of the homie big Snoop Dogg\n\n[Chorus: Stresmatic]\nPowder on my clothes\nAlways in the kitchen with pots on the stove\nBy next summer I will have a Range Rover\nMy money, it grows and it grows and it grows and it grows and it grows\nPowder on my clothes\nAlways in the kitchen with pots on the stove\nBy next summer I will have a Range Rover\nMy money, it grows and it grows and it grows and it grows and it grows\n\n[Verse 3: Busta Rhymes]\nSo much weight up in the bag that when you carry it, it break a shoulder\nBitch I put the cocaina back in Coca cola\nLocal distribution best make sure you grab the cargo\u2019s\nIt\u2019s Godfather Busta Remo, it\u2019s General Nargos\nI stash this money and coka in congos\nI even ship the coke in instruments, stuff \u2018em in bongos\nWe getting money like out of this cosmos\nPushing white down the 405 like OJ in the Bronco\nWe getting money, purchase diamonds straight out of the Congo\nFrom cutting coke with my Colombian connect Alonzo\nPass the weed and let me roll a fronto\nBitch just brush this powder off my clothes and do it pronto\n\n[Chorus: Stresmatic]\nPowder on my clothes\nAlways in the kitchen with pots on the stove\nBy next summer I will have a Range Rover\nMy money, it grows and it grows and it grows and it grows and it grows\nPowder on my clothes\nAlways in the kitchen with pots on the stove\nBy next summer I will have a Range Rover\nMy money, it grows and it grows and it grows and it grows and it grows", "image": "https://images.rapgenius.com/0b856de1647924a5af4a13fb015437bf.300x300x1.jpg"}], "artist": "Snoop Dogg"}