{"songs": [{"title": "Tha gangsta clicc", "album": null, "year": null, "lyrics": "[Snoop Dogg]\nHehe, yeah that's that shit right there\nIs this that shit that make a nigga just\nIt remind me of, matter of fact I'ma tell y'all\nI wasn't gonna share this but I'll share it witch'all\nCheck this out\n\nI slid up in a party where some suckers was at\nOut of bounds slipping fucking with this hood rat\nMy homeboy told me that the bitch wasn't shit\nBut I didn't give a fuck cuz this twin a Crip\nThe first young nigga with a baseball cap\nTried to hit a nigga up until he seen how we strut\nI'm like 'Nigga, take two steps back\nNow lower your voice before you get pimp slapped'\nI know you seen me on your MTV raps\nWay back in the days when I was with Fab' Five Freddy\nI told you then, I told you now, boy I stay ready\nDon't sweat it, we'll get him and then met him\nTalk shit for a minute then deal with him\nHail Mary, call Makavelli to come and save your ass\nCuz I'ma put my Chucks up in it so quick and so fast\nYou use some act-right like LaBetty\nAnd let you know that I'm the king of this motherfucking city\nLike Frank White, Nino Brown, John Gotti, Tony Soprano\nJoey Banana and the great Tony Montana\nAll of 'em mixed in one fixed to done\nI like playing six-to-one\nThis is fun, shooting my guns, counting my funds\nAnd walking on you bitch niggas that run\nI'm from\n\n[Chorus - Snoop Dogg]\n213 the gangsta clicc\n21 motherfucking 3 nigga\nAll we do is the gangsta shit\nGangsta shit, biatch\n213 the gangsta clicc\nHaha and you know it, nigga\nAll we do is the gangsta shit\nY'all know what's happening\nHaha\n\n[Warren G]\nI shoot 'em up, I bang bang\nOr we can duke 'em up but you know you can't hang\nStill from the Beach, still a g thang\n213 in the house and you know how we came\nWe came to party homie, so back up\nPlus up in the club, y'all don't have a body\nI bust guns, you bust guns\nDifference is my bullets probably touch the sun\nWant some? Come and get it\nOn your marks, get set, blah!\nThat's coming with it\nThey won't stop, they'll get it, you don't get it\nIt don't stop, still dont love bitches\nMy G-niggas, holler if ya hear me (Gangstas!)\nSpeak it loud and clearly\nIf you feel me raise your cups (East Side, Long Beach)\nBlaze it up\nAnd we from\n\n[Chorus]\n[Nate Dogg]\nYou can call me Lil' Meeno\nCrazy motherfucker plus I'm Texas C-Notes\nHis finger on the trigger but it way too slow\nYou didn't see me coming so we missing his dome\n213 and we gone\nYou can call me Nate King Cole\nSmooth motherfucker when it come to these hoes\nAll damn dimes up in every area codes\nGangsta shit, yep and all the hoes know\nWhen they go rolling in the stretch Navigator\nWe gon' get it baby girl now or later\nShe said she wanted to play so I played her\nMade a promise to pay, but never paid her\nAin't that a hater\nIt's just she's a goddamn ho\nAnd all of my niggas know\nThey knowin' since '94\nWherever we go, she gon' go\n\n[Chorus]", "image": "https://images.genius.com/8c99dd335733f9c3cf16f57c9f589cfb.361x361x1.jpg"}], "artist": "Snoop Dogg"}