{"songs": [{"title": "Make it Clap", "album": null, "year": null, "lyrics": "[Snoop Dogg]\nFuck it\nHey, Buck, I told you, my nigga\nTurn the track up a little bit in my ear drums, man, need to hear that\nDetail\nIt's so gangsta\n\nChorus: Snoop Dogg\nI make it clap\nHell yeah\nI make it clap\nFa' sho, cuz'\nI make it clap\nYeah, yeah-yeah-yeah\nI make it clap\n\nHook: Snoop Dogg\nA little somethin' for the bitches, and somethin' for the G's\nA little somethin' for my peoples 'round the world, stackin' cheese\nWe gettin' money, y'all\nWe gettin' money, y'all\nNow if ya bankroll fat and you can bet right back\nAnd blow a hundred thousand, nigga, on a night like back\nWe gettin' money, y'all\nWe gettin' money, y'all\n\n[Verse 1: Snoop Dogg]\nI get my focus, then ride, I put some Hen in my life\nI get my pen and my pie\nMan, I drift when I drive\nI feel the breezes I breeze, I got the keys to my boat\nAin't that a bitch, motherfucker, say the Dogg on coke\nI sold coke my whole life, I never snort that shit\nSee I'm a ex-gangbanger, you can quote that shit\nI'm livin'\nEveryday like Thanksgivin'\nI watch my big homey Tookie get murdered in prison\nNow I can't sit back\nI gotta spit that rap\nI hit the streets with this heat, I got some cases to beat\nI ain't bitchin'\nNigga snitchin'\nThey think I'm crippin'\nAnd trippin' and flippin'\nBut trip this\nYou know I'm dippin'\nWith the bulletproof, tucked in a snub\nI got the streets on lock\nAnd now I'm up in the club\nThy kingdom come\nThy will be done\nThirteen years\nLater, motherfucker, and I'm still number one\n\nRepeat Chorus\n\n[Verse 2: Big Bamm]\nI make it clap (BRRAT!)\nAin't no questions about it\nBigg Snoop Dogg is who the ese is down with (Boss)\nAnd on one\nI was slangin' in Yale\nIt's 2007 and I got pussy to sell\nYoung Bamm, and I'm a beast on these streets\nNow let me rap or take some game on this Snoop Dogg beat\nBuck found me in the trap\nFrom a quarter ounce of crack\nTo a thousand square feet\nIn the creek, in the back\nI'm young, rich and strap, and I'm a make it Tron max\nSippin' cold cognac\nOn the old Cadillac\nI put it down for the Pound like\nEveryday\nSo when you see me, holla \"Church!\" cause I keep it that way\nYeah\nWe gon' bust in the air\nI make the .40 cal clap like the motherfuckin' snare\nFrom the L-1-3\nTo the DPG\nI just got my weed license, fuck the L.A.P.D\n\nRepeat Chorus\n\n[Verse 3: Snoop Dogg]\nThis old man, yeah, he sure can\nD-O-Double G with twenty mil in his hand\nI stand tall, against the wall, I'm gonna ball and I'll walk it off\nMy favorite shows to watch, on the phone, I don't really talk at all\nFrom the valley Lowes of Clarksdale\nI'm Gangsta, Gangsta like Avon Barksdale\nYou know the word is out\nHe's on the loose\nI'm back in the hood again, sippin' on that Gin & Juice\nSuperman got dressed in the phone booth\nWha-wha-what, what you gon' do, my niggas is on you\nSee I was all about peace to your way\nYou motherfuckin' mouth, tell the police, now it's on\nYeah\nMy gangsta boots is laced up\nI came here to shoot this motherfuckin' place up\nDon't play no games, don't say no names\nDon't do nothin', get popped in your motherfuckin' brain\n\nRepeat Chorus Twice", "image": "https://images.genius.com/8c99dd335733f9c3cf16f57c9f589cfb.361x361x1.jpg"}], "artist": "Snoop Dogg"}