{"songs": [{"title": "Superman", "album": "Doggumentary", "year": "2011-03-29", "lyrics": "[Intro: Willie Nelson]\nYou know Snoopy a little while back\nI had one of those, carpal tunnel operations\nAnd the doctor said \"I want you to go home and\nSHUT UP (mm) for four months,\" and that's kinda tough\nI said \"I'll try it,\" but while I was there\nI wrote this song\n[strums his guitar]\n\n[Willie Nelson]\nToo many pain pills, too much pot\nTryin to be somethin that I'm not - Superman! Superman\nTryin to do more than I can, I got a little outta hand\nI ain't Superman - know what I'm talkin 'bout?\n\n[Snoop Dogg]\nI blew my throat and I blew my tour\nI wound up sippin on soup du jour - I wasn't Superman\nOh no, I wasn't Superman\nI'm tryin to do more than I can, I got a little outta hand\nI wasn't Superman\n\n[Willie Nelson]\nI hear ya! Mickey play with us\n\n[Harmonica Solo]\n\n[Snoop Dogg]\nYeah, play that Mickey, go ahead!\nPlay it Willie!\n[more harmonica]\nYeah... go ahead Willie\n\n[Willie Nelson]\nWell the doctor said son it's a cryin shame\nBut you ain't Clark Kent and I ain't Lois Lane\nYou ain't Superman; you ain't Superman\nTryin to do more than you can, you got a little outta hand\nYou ain't Superman - whaddya think Snoop?\n\n[Snoop Dogg]\nWell when I die, put it on my stone\nGod said Snoop you take your bad ass home you wasn't Superman, Ha ha ha\nNo, I wasn't Superman\nI'm tryin to do more than I can, I got a little outta hand\nI wasn't Superman (I hear ya!)\n\n[Both]\nTryin to do more than I can, I got a little outta hand\nI ain't Superman, yeah", "image": "https://images.genius.com/bf66457764b32165c7cdb2908ea44580.1000x1000x1.jpg"}], "artist": "Snoop Dogg"}