{"songs": [{"title": "Christmas Outro", "album": "Christmas in tha Dogghouse", "year": "2008-12-16", "lyrics": "Yeah, yeah, yeah\nUh-haha\nYeah\nWhat's crack-a-lackin'\nI know y'all been enjoying this CD mane\nI had to do it mane\nChristmas with Snoop D-O-double-G\nI'm gonna shoot this shoutout to everybody that helped me put this CD together\nFrom the rappers, to the engineers, yeah\nTo the producers on the side, ya dig\nI couldn't have did it without none of y'all mane\nIt's crack-a-lackin' y'all\nDogghouse\nAnd in case ya don't know, ya won't know\nWe goin' online wit' this right here mane, digital\nSo uh, get it, get it, get it while it's good\nUh, Merry Christmas y'all\nGet it, get it, get it while it's good\nI guess I'm the black Santa Claus\nThere it is y'all\nSo we just gon' sip on some of this landy\nRoll up some of this \"Christmas tree\"\nTear open some of these gifts\nEnjoy some of this food\nAnd these festivities\nYeah, and just keep it crackin' y'all\nGod bless you\nMay he keep you\nThat's real talk\nWe made it\nIt's another year y'all\nGo hard or go home\nBe on the lookout for the Warzone\nHustle Boyz\nYeah, Snoop Dogg\nYou know how I do it\nTV show crack-a-lackin'\nFatherhood, yeah\nMy team won the Super Bowl, yeah\nPromotin' the Steelers y'all\nHaha, that was my gift\nHo-ho-ho\nI'm 'bout to get on up outta here\nI'm finna jump on my sleigh\nAnd slide away\nUntil we meet again\nPeace echo\nYeah, let the music bang\nYeah, just let the music bang right there\nYeah, go 'head", "image": "https://images.genius.com/e00df0a8dfdae29f5a3d1ad41324e546.700x700x1.jpg"}], "artist": "Snoop Dogg"}