{"songs": [{"title": "House Party", "album": "Doggystyle", "year": "1993-11-23", "lyrics": "[Dr. Dre]\nDomino motherfucker what's happenin'?\n\n[Daz Dillinger]\nAhh nigga eat a dick nigga, don't break my momma's nice ass table nigga\n\n[Dr. Dre]\nYeah fuck that, fuck what they talkin' bout nigga\nRack them motherfuckin' dominoes up nigga\n\n[Daz Dillinger]\nFuck that nigga, just look, look out for the table nigga\n\n[Dr. Dre]\nFuck that\n\n[Daz Dillinger]\nAiyyo where's Snoop Dogg?\n\n[Dr. Dre]\nI don't know them niggas went upstairs with that big booty bitch man\n\n[Daz Dillinger]\nAhh no he ain't bustin' no nuts on my momma's spread\n\n[Dr. Dre]\nThat nigga up there gettin' his socks blown the fuck off\n\n[Daz Dillinger]\nGettin' his ass chewed out\n\n[Dr. Dre]\nBetter ask somebody\n\n[Daz Dillinger]\nBalls licked up and down\n\n[Dr. Dre]\nHell yeah\n\n[Daz Dillinger]\nAiyyo what's up with them niggas that was on the TV dissin' you?\n\n[Dr. Dre]\nMan fuck them niggas, man I ain't thinkin' about that old shit, man\n\n[Daz Dillinger]\nBusta ass, HIV pussy-ass motherfuckers\n\n[Dr. Dre]\nYo yo yo Daz, easy come, easy-\n\nGunshot", "image": "https://images.genius.com/d31a03639b8f8f4259b9b9da07972d52.996x1000x1.jpg"}], "artist": "Snoop Dogg"}