{"songs": [{"title": "NBA 2K11 Theme Song", "album": "NBA 2K11 Soundtrack", "year": "2010-10-05", "lyrics": "[Intro]\nWhat's up, who got Next? Yeah! NBA 2k11, Yeah\n\n[Chorus]\nBig Blocks, Big Shots\nFrom the bottom, to the top\nLock him up, spot him up\nThen you gon' drive\nAll D, All we, gonna do is win\nFeels so good when the winning begins\n\n[Verse 1]\nCome and get your steam up, try to build your team up\nThat's the G-way when you play 2K, Aye!\nWhat's the Game Mode, what's the new features\nCan you make a jump shot, sittin' in the bleachers\nI'm a teach you what you wanna know, take a shot, let it go\n2k11, with the S-N-Double O\nPick and roll, dip' n dash, defense, talkin' trash\nTake a 3, and all you heard was spash\n\nMy game speed... is a 85\nI'm a Hall of famer, with Laker pride\nI pop outside, I'll take ya inside\nI'll cross you over with that old school dribble drive\nYou love this flow, that I bring\nBack to back, on track, Roll to the ring\nTeamwork, make a dream work for real though\nYou wanna play that dog?\nYou better tight'n up your skills yo\nYou wanna quick game\nOr set your attributes and game sliders\nNow execute\nNow get it right, now lock'n load\nPuttin' paint where it ain't, Soul in the hole\nInspiration, Domination\nTo be the best, that's my motivation\nAs I quest, none the less\nBeast from the east, best from the west\nStylin', Filin'\nN' when the All-star Game come, put my name in the ballot\nTop of my grade, NBA 2k11, Best Game Ever made\n\n[Chorus]\nBig Blocks, Big Shots\nFrom the bottom, to the top\nLock him up, spot him up\nThen you gon' drive\nAll D, All we, gonna do is win\nFeels so good, wanna win it again\n\nWanna win it again\n\nBig Blocks, Big Shots\nFrom the bottom, to the top\nLock him up, spot him up\nThen you gon' drive\nAll D, All we, gonna do is win\nFeels so good, wanna win it again\n\n[Outro]\nYeah,there ya have it,NBA 2k11, Big Snoop D-O-Double G...\nYeah, ya dig\nLets get it together\nWhat, you wanna go one on one\nFive on five\nWe can go online if you like\nYeah, banger ball\nBall till you fall\nBig Snoop Dogg\nYigy Yigy, Yes Yall, Yall\nYeah, yeah\nBig shots, Big blocks\nFrom the bottom to the top\nYa dig", "image": "https://images.genius.com/3635ce468c7c1f3f2d957579e247bff0.610x610x1.png"}], "artist": "Snoop Dogg"}