{"songs": [{"title": "Sensual Seduction (clean)", "album": null, "year": null, "lyrics": "Im gonna take my time mmime!\nShe gon' get hers before I...\nIm gonna take it slow..ow..oo..ow\nIm not gonna rush to stroll, so she can get a...\nSensual seduction-duction so she can get a..\nSensual seduction-duction ooh whoa!\nSo she can get a sensual seduction-duction duction\nSensual seduction-duction ooh whoa!\n\n(Snoop-dogg)\nShe might be with him, but shes thinking bout me, me, meee\nWe don't go to the mall, we don't go out to eat, eat, eeeeat\nAnd all that we ever do is play the sheets, sheets, sheeeeiieeets\nSmoke us a cigarette, and go back to sleep, sleep, sleep, so we can get a!\n\n(chorus)\nSensual seduction-duction\nSensual seduction-duction ooh whoa! ooh whoa!\nSensual seduction-duction duction\nSensual seduction-duction ooh whoa!\nIm gonna take my time mmime!\nShe gon' get hers before I...\nIm gonna take it slow..ow..oo..ow\nIm not gonna rush to stroll\n\n(snoop-dogg)\nIf ya dont know right know, doggy-dog is a freak,freak,freak!\nI keep a bandage with me seven days of the week, week, week!\nAnd all that we ever do is play the machine-chine-chiiine\nSmoke us a cigarette, and go back to sleep, sleep, sleep, so we can get a!\n\n(chorus)\nSensual seduction-duction\nSensual seduction-duction ooh whoa! ooh whoa!\nSensual seduction-duction duction\nSensual seduction-duction ooh whoa!\n\n(snoop-dogg rap)\nI was all in da clup sippin some jin smokin on a benadrome when I\nPeeped this little ho out, I was all in a bum and drifter, shorty then\nCame, then she hit da floor know, with a see through dress long hair\nLight broen eyes lookin like ms. O.P, and a nigga know if I take her\nHome with dem wide ass hips and you damn right im gon' be, so\nHot-uh!\nGoes da chick with da real pretty face, big ass booty and ity-bity\nWaist I whispered in her ear little mama what you drink? I know you a\nFreak, but you knoe I ain't gon' say shit, see my game is\nOutrageous, I got it tippin crippin exchange and fuck faces, but it\nAin't no use to rush da bus\nCause I wouldn't want to have her to rush!\n\n(chorus)\nSensual seduction-duction\nSensual seduction-duction ooh whoa! ooh whoa!\nSensual seduction-duction duction\nSensual seduction-duction ooh whoa", "image": "https://images.genius.com/8c99dd335733f9c3cf16f57c9f589cfb.361x361x1.jpg"}], "artist": "Snoop Dogg"}