{"songs": [{"title": "You Got What I Want", "album": "Paid Tha Cost To Be Da Bo$$", "year": "2002-11-26", "lyrics": "Yeah, this pimping stay open all night\nCheck this out Jelly roll...\n\n[Snoop Dogg]\nWe do break hoes\nWe don't fuck with fake hoes\nYeah, we make hoes\nStrip down to they panty hose\nPop your whip, now grab that bitch\nPimping Snoop ain't having it\nOh you like pussy, congratulations\nI'm trying to get your ass in my congregations\nI keep three hoes in my room at one time\nTwo nickels and the other's a dime\nYou wouldn't wanna, keep a hood on her\nWhen I'm dropping that motherfucking wood on her\nCause I perform, a G like Warren\nA nigga getting paid off shooting porn\nThey call me the black folks President\nSnoop Heffner mixed with a little bit of Doggy Flint\nBanging this parliament, come get a bar with this\nYou would wanna be a part of this, oh bitch ass nigga\nQuit playing with the ho, and let me borrow the bitch\n\n[Hook: Charlie Wilson]\nYou got what I want\nTell me if you want, just what I want\nCause I got, what you need\nBaby if you need some, get it from me\nCause I got, what you want\nI want you to want, just what I want\nJust want, what I want\nOoh you got just what I want\n\n[Goldie Loc]\nLook mama make you hot like a corn to pop\nAnd watch how fast you see a nigga boxers drop\nI'm trying to work it fast, but I know you like it slow\nYou know I got to bust a nut and hurry up and go\nYou got something that I want right now\nHurry up and let me put the black spot on the cow\nMake the pussy ball up like salt to a snail\nAnd when I kill it big daddy, I want you to tell\nCause I don't give a damn when it come to freaking hoes\nCall up forty hoes, and have a rolly peep show\nAnd when you give me something, you gone want something back\nThis dick to your mouth, little mama like that\nFish cost too much, so I feed her sardines\nMan I'm the motherfucking MVP of the team\nCold game how a nigga steady spitting this shit\nMake her mama jump back and say bitch is a pimp\n\n[Hook]\n\n[Charlie Wilson]\nOf course she love my nine\nBitch I got that antidote\nGot a bigger dick that'll crack your spine\nThen I'm gonna let it inside your throat\n\n[Ludacris]\nTricked out, kicked out get her on gone\nLudacris on the motherfucking microphone\nHeey, what's up I came to pimp\nFur hats and fur clothes, time to raise the temp\nBiiiiatch, I got it made\nJust pick one of my hoes, and I got it laid\nYou never heard as many bitches so fast and frequent\n\"Can I get the ends?\" Is this bitch delinquent?\nRun my bath water, cook my meals\nAnd SHUT THE FUCK UP, when I book the deals\nAnd iron my draws, give me cuffs and creases\nIt's your nephew come to fuck your nieces\n\n[Hook - 2x]\n\nGimme what I want\nI got what you need\nGimme what I want\nYeah, yeah", "image": "https://images.genius.com/020258c5b50e382d2763d8439947dad4.1000x1000x1.jpg"}], "artist": "Snoop Dogg"}