{"songs": [{"title": "Party With A D.P.G.", "album": "No Limit Top Dogg", "year": "1999-05-11", "lyrics": "[Verse 1]\nStacey Boots, perms and suits, I'm braided up, can fade it up\nI skated up, you waited up, so you know I got to go ahead and tear shit up\nTurn lose on these muthafuckers Jelly Roll\nNephew, boy this shit is out of control\nRockin, rollin, bangin b\nA little something, something nigga, thats banged up streets\nFreak, freak yall, into the beat ya'll\nAnd to all my big doggs grab your meat cha'll\nAnd yes, yes ya'll, oh we the best ya'll\nWe got the shit that make the bitches grab they breast ya'll\nIt don't stop till the wheels fall off\n954 headed swervin in the goodin clinic, tryin keep it hot right\nFuckers spot light, my nigga Jelly Roll make it knock light\n\n[Chorus]\nWe all shinin' stars\nYa'll know who you are\nAnd dip low lows with me\nYou party with a D.P.G\n\n[Verse 2]\nWe ridin, dippin, slippin, slidin, eastside up eastsiders\nRiders, ballers, rollers, ladies\nPlayers, gangstas, macks, pimps, and 'llacs\nHustlers, bitches, niggas and G's, we having big thangs blowing trees\nShinin, grinin, refuse to lose\nI gotta a G in my pocket for dippin out of shoes\nI head the corner in the Navigator\nCommitted to excellence like a Raider\nYou hate a nigga like me but you got to love me\nYour lady wanna shove me and your kids wanna hug me\nA nigga fuckin like Buggsy Seagal again, I'm in the ringle again\nI do it all legal again, I can't lose you won't win, respect the boss\nIf you run up, you gettin done up, I love to floss\n\n[Chorus]\nWe all shinin' stars\nYa'll know who you are\nAnd dip low lows with me\nYou party with a D.P.G\n\n[Verse 3]\nWhy you acting bad, probably cause I'm know as the bad actor\nIn the rap game I'm the big factor, macker, smack a bitch in a second\nThe big dogg nigga very well respected\nYou gotta put your mash down when you wanna get to the top\nThe game is stuffy like Puffy don't stop\nI thought I told ya, nigga I'm a soldier\nNo Limit Lieutenant, yeah I did it\nI'm committed like a motherfucker supposed to be\nWon't let no bitch niggas close to me\nFrom my head to my feet I'm protected from harm\nCause I'm a muthafucking shining star, you feel me\nAnd fuck who wanna kill me\nYou niggas thrill me, but guess what will be\nOn top tip top, non stop, dogg not\nAnd you gotta let me end, the nigga I'm a shine like a G\n\n[Chorus]\nWe all shinin' stars\nYa'll know who you are\nAnd dip low lows with me\nYou party with a D.P.G", "image": "https://images.genius.com/96262525a2f5c48018386a9b9ec0e619.500x498x1.jpg"}], "artist": "Snoop Dogg"}