{"songs": [{"title": "Candy (remix)", "album": null, "year": null, "lyrics": "You want 'em? I got 'em drippin' like water\nYou want 'em? I got 'em drippin' like water\nYou want 'em? I got 'em drippin' like water\nYou want 'em? I got 'em drippin' like water\n\nYou want 'em? I got 'em drippin' like water\nYou want 'em? I got 'em drippin' like water\nYou want 'em? I got 'em drippin' like water\nYou want 'em? I got 'em drippin' like water\n\nNarcotic this window meth merchant\nShippin' and handlin' your life supply\nTime to get up and wipe the eye boogers out my eye\nWhat y'all tryna buy pimpin', why'know it's kinda dry\nYeah, I only gotta couple of pies left\nThat'll last me through the year\n\nDoula, ice cream candy\nMan, that shit be comin' in handy\nIt's real walkie talkie\nI got that from the DB's, my cousin, work dirty\n\nIf you want 'em, I got 'em, you up to cop it\nYou better be about your grit\nDevour any cowards, sours slippery at the lip\nBeast up, suck up to none, don't be no sucker\nBe a block monster, be a reputable motherfucka\n\nReal mash with my Spanish\nIf ain't about no gouda, partner, you can vanish\nDon't get put up in your place\nGive me 40 feet and an ounce of space\n\nYou want 'em? I got 'em drippin' like water\nYou want 'em? I got 'em drippin' like water\nYou want 'em? I got 'em drippin' like water\nYou want 'em? I got 'em drippin' like water\n\nYou want 'em? I got 'em drippin' like water\nYou want 'em? I got 'em drippin' like water\nYou want 'em? I got 'em drippin' like water\nYou want 'em? I got 'em drippin' like water\n\nNow-A-Later's, Gum Drops, Jelly Beans\nLollipops and triple beams\nBlue Carpet, yeah, that's Tha Treatment\nCandy so sweet, got everybody eatin' it\n\nBigg Snoop Dogg, I'm the star of this\nSo go on and get yourself a bar of this\nNo change, man, gimme the bucks\nThe kinda candy I sell, they call it 'Deez Nutz'\n\nI'm almond with the caramel insides\nYou appear frontin' with the French fries\nHow it feel, man? What it look like?\nI'm in your neighborhood, pullin' on some Bud Light\n\nSweet and sticky, take it out the wrapper\nNow put it in your mouth\nTo the beat of the drum, it'll be fun\nAnd I bet you can't just eat one, candy\n\nYou want 'em? I got 'em drippin' like water\nYou want 'em? I got 'em drippin' like water\nYou want 'em? I got 'em drippin' like water\nYou want 'em? I got 'em drippin' like water\n\nYou want 'em? I got 'em drippin' like water\nYou want 'em? I got 'em drippin' like water\nYou want 'em? I got 'em drippin' like water\nYou want 'em? I got 'em drippin' like water\n\nI'm in the hood with the six-trey candy paint\nLil' somethin' to chunk, make the *** all faint\nIf you know when to beep, jump my baby rate\nWhen I grip round her butt, I hold her steady\n\nYeah, she my one and only\nQuick to keep back haters who don't know me\nI feel good about candy\nMy gangstas understand me\n\nShake it, baby, don't break it baby\nNow can you make it clap?\nTryna fit this work in your gap\nDrop it like it water pagoda, get my hustle on\nI get it from you, then I step on it to bubble on\n\nIt's gettin' sweeter than a sugar cane\nHere come that sugar daddy, black, rollin' on gold thangs\nFo'shigiddy, he turned it into somethin', boy\n'Cause I can't leave this filthy game without my Almond Joy\n\nYou want 'em? I got 'em drippin' like water\nYou want 'em? I got 'em drippin' like water\nYou want 'em? I got 'em drippin' like water\nYou want 'em? I got 'em drippin' like water\n\nYou want 'em? I got 'em drippin' like water\nYou want 'em? I got 'em drippin' like water\nYou want 'em? I got 'em drippin' like water\nYou want 'em? I got 'em drippin' like water\n\nIt's like candy, candy\n\nGet it how you want it\nWhip it, twist it, pop your whip up on the corner\nWhile I tadaa check out this bizarre\nThe D A T, the N I double G, the D A Z\n\nAgain, it's up in the wind, feel the breeze for s***\nGoddamn, you already know who I am\nChrome on chrome, blue on blue, frost colors switches\nHit the gas, hit the brake, y'all really burn rubber?\n\nDip, drop, drop, dip\nStop, dip, ghost ride the whip\nYeah, *** shot caller\nIt's America's number one baller\n\nMan, I don't give a *** like, \"*** it\"\nHigh riders, slide in the bucket\nLittle momma all up on a *** like a coat\nI got the perfect thang that'll coat her throat\n\nYou want 'em? I got 'em drippin' like water\nYou want 'em? I got 'em drippin' like water\nYou want 'em? I got 'em drippin' like water\nYou want 'em? I got 'em drippin' like water\nYou want 'em? I got 'em drippin' like water\n\nYou want 'em? I got 'em drippin' like water\nYou want 'em? I got 'em drippin' like water\nYou want 'em? I got 'em drippin' like water\nYou want 'em? I got 'em drippin' like water\nYou want 'em? I got 'em drippin' like water\n\nThree thousand **** pieces, you understand me?\nI wish a *** would come in this ***\nIf I see Suge right now, I'd tell him, \"Hey, how you doin', Suge?\"\nI didn't even know you were standin' there, *** my bad", "image": "https://images.genius.com/8c99dd335733f9c3cf16f57c9f589cfb.361x361x1.jpg"}], "artist": "Snoop Dogg"}