{"songs": [{"title": "Eat A Dick", "album": "Death Row: The Lost Sessions Vol. 1", "year": "2009-10-13", "lyrics": "[Verse 1: Snoop Dogg]\nIt's like everywhere I look and everywhere I go\nI'm hearing muthafuckas tryna steal my flow\nBut it ain't no thang, cause see my nigga Coolio\nPut me up on the game when I stepped in the door\nYou know some of you niggas is so deceptive\nUsing my styles like a contraceptive\nI hope you get burnt\nSeems you haven't learnt\nIt's the knick-knack, patty-whack\nI still got the biggest sack!\nSo put your gun away, run away, cause I'm back\nWhy? hit em up, get 'em up, spit 'em up\nNow, tell me, what's going on?\nIt make me wanna holler, cause my dollars come in O-zones\nKnown for break off so take off your clothes\nAnd quit trying to spit at my motherfuckin' hoes!\nSpeaking of hoes, I kick in the doors\nPut my nuts on ya chin and the story goes\n\n[Verse 2: Snoop Dogg]\nWhy do bitch-ass niggas always talk shit\nBut don't when it's time to get wrecked, checked, and ripped?\nI knew he was a hoe\nReady to turn a trick and I can tell from his lips that my dick would fit\nI've split, gums\nYou didn't know dumb-da-ditty-dumb\nAnd my shit do harm so run, ring the alarm\nI thought you knew I'm looney like Tony Montana\nIn the mix running shit, oops and um...\nThe smoothest, coolest, ruthless ya know\nOn a kamikaze mission (ooh, if I can be like Snoop)\nKeep wishing, listen\nWith my balls in ya jaws, make room to put my dick in", "image": "https://images.genius.com/b079a68059826d4a9b8c8f3750627413.220x220x1.jpg"}], "artist": "Snoop Dogg"}