{"songs": [{"title": "Back Up Ho", "album": null, "year": "2000-10-17", "lyrics": "[Intro: Snoop Dogg]\nGoldie Loc, remember this last year\nAll them bitches wanting their bills paid\nAnd was calling niggas scrubs and shit\nYeah, we let it slide all for the 9-9 but for the R2G\nYou know we got to come back on these hoes my nigga...\n(For real, for real) That's real\nDo it DPGC Dogghouse Style... Eastside up, check this out baby\n\n[Hook: Snoop Dogg]\nWhen I wake up in the morning\nYou give me breakfast in my bed\nAnd when I need a little loving\nYou know you're quick to give me head\n\n[Verse 1: Goldie Loc]\nI woke up, gave it a good scratch\nCall my nigga so I can see what's next\nBig movie cracking, Goldie Loc slack-a-lackin'\nBump head in the morning had a nigga crack-a-lackin\nSo I call my nigga Clean Right\nI know he gon' have some bomb hoes tonight\nBut I got to get this work done, don't trip, the Loc is on one\nWatch me get this cake and break bread with my little son\nHe tried a piece of the money that I was making\nTripping on my tricks now watch how they behaving\nSit down, jump, walk...\nNow shake the park when the shit get dark\n'Cause that's the one that be bomb as this and that\nDon't get mad when I call my little bitch a hoodrat\n(Snoop Dogg: You know what? Kiss me and I'll kiss you back)\n\n[Hook]\n\n[Verse 2: Snoop Dogg]\nIt's 6 AM, she won't pay him\nBut she will pay me, OG, ba-by\nThey be on bullshit most of the time\nHosted and fine, anxious like Ginuwine\nI ain't got time to be messing around\nLet's hit the hotel and straight put it down\nYou do me and I do you back\nThat's how a pimp player do it like that\nI met you at the club so it couldn't be love\nCome to find out you the motherfucking scrub, on the dub\nAnd now you wanna get in my tub and get a back scrub\nFrom Snoop D-O-dub? Ha ha\nHold on, put your clothes on\nBitch, you ain't bout to get your doughs on\nGo in the kitchen and hook me up something to eat\nAnd put the TV on BET\nCrack the blinds and toss me a LA Times\nAnd roll one of them dimes\nAnd make sure the radio work\nAnd get me some orange juice with the ice in the cup\nI know I'm demanding\nBut I'm a motherfucking pimp and I don't give a fuck\nAnd when I wake up in the morning, bitch you know what's up\n\n[Hook]\n\n[Outro: Snoop Dogg]\nYou're the sweetest hoe I know\nAnd I'll never let you go (I'll never let you go)\nWoo woo woo woo woo woo woo woo woo woo\nYou gon' be my back up hoe (Ha ha, ha ha)\nWoo woo woo woo woo woo woo woo woo woo\nYou gon' be my back up hoe\nBack me up, back me up", "image": "https://images.genius.com/6995ad07bcea9d443024b7776518d466.240x240x1.jpg"}], "artist": "Snoop Dogg"}