{"songs": [{"title": "Executive Branch", "album": "That's My Work, Vol. 1", "year": null, "lyrics": "[Snoop Dogg]\nIs this thing on?\nYeah\nNope\n\n[Verse 1: [Snoop Dogg]\nNow I just came out the club and now I\u2019m breaking the bud\nI\u2019m shaking taking a chance with the Executive Branch\nNow I\u2019m making them dance\nKeep a blunt in my hand and two packs in my pants\nYou know the greener the bud, and the strength of the leaf\nI\u2019m the Indian chief\nThey call me Bossaniva, Evel Knieva, Sativa Breatha\nImperial\nAnd brought to you live in stereo\nOne come test me now\nI\u2019m movin' while I\u2019m groovin', floatin' on a sound cloud\nGirls wanna kiss us, boo, we got our own\nWe ain\u2019t fuckin' with them Swishers\nSo pass it slow\nIt's the big boss Dogg on my ratchet flow\nCatch it tho', can\u2019t scratch it tho'\nIt's the original fantastico\nAcid flow\nWith the white great interior\nTastes so good\nThe gentlemen\u2019s choice for sure\nThe right great cigarillo\nPillow\nIn the middle\nNever grito\nI recite my hood rhymes\nSmoke one this' for the good times\nWe gon' blow, forever mo'\nSo let the girls on the flo'\nThey just left the Bellagio\nThey heard we' in the honeycomb\nNow they want the Mardi Gras\nYeah\nIt\u2019s a party y\u2019all, everybody in here\nDone that, did that, been here\nHell yeah, fired up\nAnd don\u2019t let it go until you're wired up\nWe ain\u2019t fucking with no powder puff\nNo Backwoods, Phillies or any other\nExecutive Branch motherfucker\nThe one and only, from the homie\nSN double O\nOne for the money\nTwo for the show\nThree to get ready\nNow let\u2019s blow\nExecutive Branch, branch, branch, branch, branch\nExecutive Branch, branch, branch, branch, branch\nLet\u2019s blow (blow blow)\n\nFor the good times\nBrought to you by\nBig Snoop DO double G\nAnd the makers of Executive Branch\nThe gentlemen\u2019s choice", "image": "https://images.genius.com/c130e782c1dcee0d745ccec5e8e07f40.500x500x1.jpg"}], "artist": "Snoop Dogg"}