{"songs": [{"title": "Every Dogg Has His Day", "album": null, "year": "1994-01-01", "lyrics": "[Intro: Snoop Dogg]\nYeah\n1-1-9-4\nEvery Dogg has his motherfucking day\nSo today, we gonna put everything on the Dogg Pound low\nI'm the motherfucking host Snoop Doggy Dogg and I got my Homie Kurupt in the house\n\n[Verse 1: Kurupt]\nMass like murder, coming through like that\nI see a nigga on the corner, Snoop pass the strap\nNow why in the fuck would this fool ever throw-up\nA hood that wanna blow up, another nigga from different set So I sweat not\nI could give a fuck because I know we got two Glocks\nEverywhere I 'am is different motherfucker done\nSo yo run, nigga run yo nigga run\n\n[Verse 2: Snoop Dogg]\nAy yo check it out\nSo run for your gun motherfucker and duck, Snoop Dogg on the mic I don't give a fuck\nAbout the shit you talk about, know get out of my face\nThey think I'm gonna punk out, because I'm fighting a case\nNow check it, I's gets crazy facy wazy\nSnoop easy sleezy jeezy wheezy\nMy DJ now play to my tune a DJ jam\nDoggy Dogg is on the mic and like Karim I slam\n\n[Verse 3: Kurupt]\nCheck me out like one to the two I thought you knew\nEverywhere I go, I see I gotta kill another crew\nDifferent haters knowing me, I'm the K-U-R-U-P and to the T\nMan Kurupt so what's up, know you fucking\nYour hoe was on my dick, because she knew about my clique\nSo I tell the bitch like this, you are nothing but shit\nCuz' everywhere I go, I gotta flow em' let em' know about the\nRow so here we go, so know you punk niggas know\n\n[Verse 4: Snoop Dogg]\nAy yo Whoop there it is, nah Snoop there it is\nKurupt and Snoop Dogg just like they be kids\nGetting crazy ripping and flipping and dipping cripping yo\nAnd that's how we flow, it's still Death Row\n9-4 is the flavor baby, we be kicking like\nAnd Snoop Doggy Dogg and I'm so [?]\nI don't bite, I'm so dope I write my own shit you sucker you ass nigga wrote bigger your style, come see mine\nHow you go crazy like that , I'm the dopest\nFrom coast to coast and I'm like locust\nI focus on the dopeness and don't be smoking [?]\nThis is Snoop Doggy Dogg, now would you focus\n\n[Verse 5: Kurupt]\nCheck me out\nI'm so rough and rad I go get [?] everywhere I go I see I gotta\nDo to you what I do to other motherfuckers from other cliques\nTry to step to me so nigga load a clip\nI see these motherfuckers from this other set\nIt's time to kill cuz' a nigga like me, like Shaquile I gotta slam their ass\nI equip my strap and bust a gat lay em' flat like that, they shouldn't act like they wanna run up, now they done up\nBecause of this nigga that flow and I get em' go and show any other motherfucker from any other place that try to get close\nThey get smoked nigga this the west coast\n\n[Hook: Snoop Dogg]\nCheck it out, G's up hoes down, if that bitch can't swim than she's bound to drown\nThis is Dogg Pound so check your house, Snoop Dogg is on the mic with the G-funk sound\n\n[Verse 6: Snoop Dogg]\nI break niggas, shake niggas take niggas to their whole\nIt's like 9-4 when I'm on parole\nJust mobbing  and [?] and throw up a pound, hitting motherfuckers up and you know I'm foul\nI don't really give a fuck about the shit they talk\nCuz' I'm a G for life and I go and C-walk till i can't see no mo\nSo just check my flow as I blow like the wind\nKurupt come here again\n\n[Verse 7: Kurupt]\nHey, another day for me to get raw\nMe? I kick back with Snoopy Doggy Dogg\nEvery hoe I see, recognize how they going\nBut yet Snoopy's niggas acting like they don't know my name\nOh, oh\nI'm that nigga that they call Kurupt, these niggas talking shit When they in and oh they fucked\nI don't give a fuck because I'm just a nigga\nI figure bigger niggas gotta reason to a trigger\n\n[Verse 8: Snoop Dogg]\nNow I was strolling through the park one day\nBy [N-O-K?] puffing on a fat J'\nMe and my DJ sat pussy\nOn five or six bitches they rolling in a -64 hitting switches\nThey say Snoop Doggy Dogg is that you?\nI say hell fucking yeah, you know I'm sporting through in grey\nI spit my game at this hoe her name is 'Faye Dunaway'\nShe staying around a corner, hey\nSo I'm just chilling like a business spitting game at this trick ass bitch\nCuz' I really give a shit\nI say, yo we got a party we gonna light this up\nIt's in my living room and we got the Ozone\nOn some fat ass chronic and some fat ass dicks\nSo all we wanna see is assholes and tits\nJiggling and shaking, breaking taking off your clothes cuz'\nWe don't love them hoes", "image": "https://images.genius.com/41c3574d19179acb45aad5d4e9f6a5b6.500x509x1.png"}], "artist": "Snoop Dogg"}