{"songs": [{"title": "Let's Go Study", "album": null, "year": null, "lyrics": "Yea wassup baby girl\nI'm just looking over this homework\nI really need some help\nYou wanna study with me?\nThat'd be nice, yea\n\n[Chorus]\nI wanna go study, baby would you be my buddy?\nAnd help me with my project, cause you are who I roll with\nHonestly I know it, take me boo, you the one I wanna go with\nFive days out the week, my stay's out the street\nIt pays to be discreet, your fragrance is sweet\n\nHoneydew, money do\nBut this ain't about no money, this about me and you making ooh\nTake it from me, first day of school I'm looking cool, I got my clothes pressed\nI'm a senior but I'm seeming like an old vet\nTime will pass me by if I don't graduate this time so I expand my mind\nFind ways, to elevate it, motivate it, calculate it, reinstate it\nLook at you girl, you got me dedicated\n\n[Chorus]\nUh, put me on the game\nThough I keep my head in these books, I'm not a lame\nUsually kinda square, I'm trying to use it for a change\nTelling bitches things, like if wanna get with me you gon need a lot of brains\nAnd just cause I don't play, who say I can't ball?\nMy nigga Mac, dude me and him is in the same hall\nSo don't get mad if I relax and get my bake on\nJust promise that you'll try to catch me if my grades fall\n\n[Chorus]\nDevin there you are, look at my repertoire\nSpitting game, you know for reppin hard\nChange that perspective, that's my objective\nCool and oh so collective, connected\nCheck this, I need you more that you could know\nSee you the seed in my weed, baby help me grow\nLet it go, let me know where to meet at\nStudent of the week, baby I will be that, you know I need that\n\n[Chorus]\nCall you on your phone and never come see you, darling I will never do that\nI'm roaming through the halls and asking people who be with you just to try to know where you at\nCall you on your phone and never come see you, darling I will never do that\nI'm roaming through the halls and asking people who be with you just to try to know where you at\n\n[Chorus]", "image": "https://images.genius.com/8c99dd335733f9c3cf16f57c9f589cfb.361x361x1.jpg"}], "artist": "Snoop Dogg"}