{"songs": [{"title": "Stoner's Anthem", "album": "Stoner's EP", "year": "2011-10-31", "lyrics": "[Verse 1]\nA friend indeed\nFeeling like Cee Lo Green\nMiddle finger in the sky\nMeditate and let it ride\nRock-a-bye beddy-bye\nA friend indeed\nMore than jimming to\nMore than giving you\nNo prohibits to\nYou can have a listen too\nI couldn't find no one else that I could give it to\nAnd now that we on\nI could put my family in a brand new home\nMy kids is grown\nAnd I'm still rocking on the microphone\nPeople love me everywhere\nAnd I know why\nIt's not that I'm dope and my style is so fly\nJames Brown sat me down in a chair\nAnd said, \"Snoopy, don't you ever cut your hair\"\nI was dazed and amazed\nThat's why I keep my shit in ponytails or either braids\nWhen I was in school, I used to get cool grades\nWhen I graduated, used to smoke two jays\nWith a fifth of Seagrams\nMixed with some sacco\nThen I got a Caddy sack, just like them vatos\nPosted up six-one, yeah, that's the block though\nRide by slow and get your ass popped, though\nMe and Geeda, Faith and Terry, that's when rump was enough\nCan't forget Tim, Baby Dog and Half-Dead\nDre-Loc was a 20 Crip that showed me a lot of shit\nBut moving along, I went from a Camaro to a Fleetwood Brougham\nMy sack in the back\nMy strap in my lap\nRoom to the back\nRolling through the neighborhood, checking my traps\nAs you get old, life like just might unfold\nCan't settle, this might be untold\nTwilight Zone, live life long\nSmoke you a bone, and hit you a blunt\nBuy you a zo', and roll you a jay\nAnd put it in the E-I\nAnd let's stay way fucked up til we D-I\nAll in together now if you agree\nAnd lighters in the air, repeat after me\nI\u2019m too blowed, forever in a day\nI love for oh's so\nCause everybody green ain't dro\nEverybody can't smoke like we smoke\nGive a dog a bone\nI like trees that cypress hills grow\nRoll up this shit, pimpin', it's on\nStoners worldwide singing this song", "image": "https://images.genius.com/ba60ef32580085f132dc154656bbb9f0.1000x1000x1.jpg"}], "artist": "Snoop Dogg"}