{"songs": [{"title": "Batman & Robin", "album": "Paid Tha Cost To Be Da Bo$$", "year": "2002-11-26", "lyrics": "[Intro]\n{*scratching* \"To the Batmobile - let's go!\"}\n\"Atomic batteries to power, turbines to speed\"\n\"Roger, ready to move out\"\n\n[During Hook - theme song repeats the \"Batman!\" music + vocals]\n\n[Hook: Lady of Rage & RBX]\nNo one, can save the day like Batman\nRobin, will make you sway like that and\nBeat for beat, rhyme for rhyme\nDeep in Gotham, fightin crime\nNo one, can save the day like Batman\n\n[RBX]\nCommissioner X here!\nBatman & Robin, we have a bit of a problem\nThere's trouble brewing in Gotham City\nYou MUST act fast!\n\n[Lady of Rage] + (Snoop)\nHoly mackerel Batman! I think these clowns need to back down\nLet's be the Gap Band and drop the bomb on 'em and make 'em SCAT man\n(When you say scat man, like the Brother Cuh-rothers?) Uh-huh\n(When it's on, it's cold, so bring the coroner cover)\nWe can take it to the Bassment, live with Tigger\nGo get The Riddler, and watch me play that nigga like a fiddler\nOn a hot tin roof, I got them watchin who?\nShe who spits it like she was sippin rot-ten brew, ooh\n(We Marvel at you Comics, you ain't no Superhero)\nYou just a stupid zero, you ain't hard like DeNiro\n\n[Snoop Dogg] + (Rage)\nSurprise! The Dynamic Duo\nBatman & Robin, gats set for squabbin (nigga!)\nSplat! Hit 'em like forty-five shells (nigga!)\nPlaque! Means more than one million sales (huh)\nThat's nuff shot to lick, you get done up\nPlus we got the Bat gats, so why would you run up? (huh)\n\n\"Batman! Batman! Batman.\"\n{*scratched: \"And you're about to find out\"*}\n\n[Hook]\n\n{*scratched: \"And you're about to find out\"*}\n\n[Lady of Rage]\nYeah, when it's beef in Gotham City I, gots to flip and\nHit 'em with the POW! BAM! BIFF! Whoa\nPick up your lips, don't trip, tie your shoelace\nWhen I spit, I split it, turn Harvey Dent into Two-Face\nRobin, I'm more than a sidekick, I'm more like the livest\nThey wanna go head up and collide\nAnd like collision, hope your moms made provisions\nSee you ain't got no wins baby, not even a smidgen\nMad hostility dealt, now I'mma really be felt\nSwitch on my utility belt, make yo' facility melt\nI go Mad on yo' Hatter, watch yo' whole shit splatter\nGet, wicked on yo' case like Detective Van Adder\nSo the, sayin goes, if you snooze you lose\nTrust you do, me and Batman the Dynamic Two!\n\n[Hook]\n\n[Snoop Dogg]\nCold day in Gotham in the Bat Cave chillin\nCatnip for Catwoman so she caught the feeling\nHuh, talk about flavor for a Pringle\nA favor for a favor maybe later we can mingle\nDamn, just then, the Bat Phone ringin\nThey hoo-bangin' in Gotham, I got to do my thing\n\n[RBX]\nBatman! War is on the brink\nIt seems that the Penguin is causing a stink\nCall up Robin quick, you know what to do\nAdd dye to the water and splash the town blue\n\n[Snoop Dogg]\nShit I'm there in a flash, Batmobile on 3's\nTrust me buddy, got heat for Mr. Freeze\nAnd Clayface will catch the em-brace\nOf napalm when I drop my Bat Bomb\n.. and don't you forget it\nTakin out you suckers and you don't know how I did it\n\n[Outro]\nNo one, can save the day like Batman\nRobin, will make you sway like that and\nBeat for beat, rhyme for rhyme\nDeep in Gotham, fightin crime\nNo one, can save the day like Batman\nRobin, will make you sway like that and\nBeat for beat, rhyme for rhyme\nDeep in Gotham, fightin crime\n\n[Lady of Rage]\nDirty Dinkins Batman!\nDid you see those crispy khaki creases on that rugged wretched..\n\n[Snoop Dogg]\nAiy-yo-yo-yo kick back Robin\nGet Alfred and tell him to have barbecued buffalo wings\nAnd a pitcher of Kool-Aid on chill\nIt's about to get real in the field\n\n[Lady of Rage]\nLeapin Lo-lo's! Over there Batman! That's a no-no!\nLet's hop out this fo'-do'!\n\n[Snoop Dogg]\nYea yea yea, systems engaged\nStart the Bat Engine, hit the Bat Switches\nYou ready Robin? Let's dip\n\n[Lady of Rage]\nLet's, dip! Holy Hoodrat Sally smokin' crack in the alley\nLet's, dip! I mean, crazy kinfolk in Kingsville Batman!\nWe must, we MUST Batman, listen to me\nHoly Leapin Lizards and Gizzards and all that shit that come with it\nAnd potatoes on top with gravy in the middle\nGod damnit Batman! {*echoes*}\n\n\"Da-da-da-da-da-da-da-da-da-da--da-da-dah - BATMAN!!\"", "image": "https://images.genius.com/020258c5b50e382d2763d8439947dad4.1000x1000x1.jpg"}], "artist": "Snoop Dogg"}