{"songs": [{"title": "Just A Baby Boy", "album": null, "year": null, "lyrics": "Snoop Dogg\nMiscellaneous\nJust A Baby Boy\n[Tyrese]\nI know sometimes it might get crazy (crazy, crazy)\nI\u2019ll always be here for you lady (lady, lady)\nBaby I\u2019m just tryin\u2019a change the game\n(change the game)\nSo let me work the thang\nLet me do my thing\n[Snoop Dogg]\nYoung (young), dumb and full of shit\nLil crazy ass nigga\nHomie where u from\nI bang the bet\nBang the set\nTat on my neck\nTeck on deck\nYeh yeh watch yo step\nHe won't fuss\nHe\u2019ll just bust\nAsk those bitches\nI left em in dust\nTrust or bust\nCuss and get drunk and talk big shit\nMan yo bitch so quick and dip\nHop on the site like like we used to do\nFly handlebars, his All-stars is blue\nKeeping it true\n7 days a week\nAnd he livin with his momma\nAnd I heard she a freak\nFuckin\u2019 with a G\nHGC 107\nBald head nigga named Melvin\nHe telling cuz how to live and he a felon\nHe bailin\u2019\nFuck that bullshit he sailin\u2019\nYou know why\n[Tyrese]\nYou just a baby-boy\nYour not the real McCoy (ah-ah)\nI\u2019ve been runnin\u2019 these streets\n(you gotta runnin\u2019 these streets, runnin\u2019 these streets)\nYou goin\u2019 crazy (crazy)\nWhat about your baby\n(what about your baby)\nWhy you ridin\u2019 with heat\nBaby\u2026\n[Mr. Tan]\nI gotta baby up the street\nAnother baby mama around the corner\nOne I just screw\nAnd the other I make love to\nBut I\u2019m in and out fool\nI can\u2019t stay with one bitch\nI gotta keep it pimpin\nBut now some drama and I ain\u2019t with it\nThe nigga that used to knock my song momma up just got out\nAnd mom\u2019s threw a nigga out for bangin\u2019 on his spouse\nAnd that nigga\nNow he up in baby\u2019s house\nWhat I\u2019m gon\u2019 do\nShould I set it off\nAnd play myself like a fool\nI\u2019m a keep it cool\nAnd see how long this shit gon\u2019 last\nI scooped up my son he tried to play my wit a ghetto pass\nI ain\u2019t havin\u2019 that\nGrab my strap\nI got to do something\nFresh out but a nigga got to do something\nAnd I\u2019m a baby boy with nothing to lose\nBig snoop check It\nI\u2019m a lay him down\nMr. Tan, y\u2019all please believe it\nA baby boy, (baby boy) baby boy, yeah\nI\u2019m a baby boy (baby boy) gangsta\n[Tyrese]\nI know sometimes it get crazy (crazy, crazy)\nI\u2019ll always be here for you lady\nBaby I\u2019m just trying to change the game\n(I\u2019m just trying to change the game)\nSo let me work the thang\nLet me do my thing\nEverytime I come and see u\nYou\u2019re telling me what I can and can\u2019t to\nGirl ur losin ur mind\nBaby, you tell ur frends I don\u2019t treat you right\nYou say I\u2019m livin another life\nI Wanna make u my wife!\nYes I do babe\nGirl you\u2019re about to drive me crazy\nYou cut me down and call me lazy\nI guess I\u2019m just another baby boy\nOh noo, no ohhh ohh\n[Tyrese]\nYou just a baby-boy\nYour not the real McCoy\nI\u2019ve been runnin\u2019 these streets\nYou goin\u2019 crazy (crazy)\nWhat about your baby\nWhy you ridin\u2019 with heat\nBaby\u2026\n[Snoop Dogg]\nDo the damn thing..\nDo the damn thing..\n(You\u2019re just a baby boy)\nBig snoop dogg do the damn thing\nBig snoop dogg mr tan tyrese baby boy\nAll u young G\u2019s got a baby boy\n(You're just a baby boy)", "image": "https://images.genius.com/8c99dd335733f9c3cf16f57c9f589cfb.361x361x1.jpg"}], "artist": "Snoop Dogg"}