{"songs": [{"title": "From Tha Chuuuch To Da Place", "album": null, "year": null, "lyrics": "Fa shizzle dizzle, its the big Neptizzle\nWith the Snoopy D-O-Double Jizzle!\n(Snoop dogg! Snoop Dogg!)\nC-walk to this (Snoop dogg! Snoop Dogg!)\nYeah, C-walk to this (Snoop dogg! Snoop Dogg!)\nC-walk to this (Snoop dogg! Snoop Dogg!)\n\nBam, boom, what you gone do cous'?\nGuess I'm rolling in with them baby blue chucks\nAnd I still got my khakis creased\nI'm still rocking on these beats, and got a bad rep on the streets\nIts the S-N-double-O-P, and, biggest dogg of 'em all\nAnd you's a flea, and\nAnd since I got time to drop it for you, I guess I must\nAnd give it to you mother fuckers like bust-a-bust\nI keep the heat on deck, but in God we trust\nAnd can't none of y'all, fuck wit us\nBut you can run up on the G but that's not thinking wisely\nThese pullas are contagious, just like Ron Isley\n(What the hell is going on? Someone's sleeping in my home)\nSnoop to the D-O-Double G\nGet in, where you fit in, follow me\n\n[Chorus]\nWho's the man with that dance? (Snoop dogg! Snoop Dogg!)\nWho kick the khakis from his pants? (Snoop dogg! Snoop Dogg!)\nGet the dro' low anything will stand (Snoop dogg! Snoop Dogg!)\nStill rock the gin n juice in hand (Snoop dogg! Snoop Dogg!)\n\nI do it for the G's, and I do it for the hustlaz\nHere to annihilate you mark-ass busters\nFuck the police cause all they wanna do is cuff us\nThe one nigga is chilly, as if his name was Usher\nBut I'm still riding in macks, making 'em G stacks\nAnd got them corn rows to the back\nI ain't really trying to be picky\nBut if you give me somethin, its got to be the sticky\nDoing by the ounces, Lo' lo's bouncing\nNinety doing faking with kissing on the couching\nBoo to the ouchin', more a fountain\nBut that's how we get another doggy dogg housing\nThis year we ain't fuck with thousands\nWe clean with millions and we fly as a falcon\nPull up to the Doggy Dogg Pound, with a car fulla bitches\nFuckin grits like Alice\n\n[Chorus]\nThree 14 inch rims is running on the side (They riding on the side?)\nYeah they running on the side!\nThree 14 inch rims is running on the side (They riding on the side?)\nYeah they running on the side!\nThree 14 inch rims is running on the side (They riding on the side?)\nYeah they running on the side!\nThree 14 inch rims is running on the side (They riding on the side?)\nYeah they running on the side!\nTake two and pass it, it will not burn you\nFrom the Long Beach chronicles to the Wall Street Journal\nThey all know the G with the cut in his coupe\nAsk Bill Gates (yeah I know the homie Snoop)\nYeah I'm still loaded, hanging with my folk and\nFollow Rakim cause \"I Ain't No Joke\"\nCause I done seen so much, enough to have your felons touched\nWhen the gunshots ratta, all ya boys scatta'\nCheck up on ya homies but they gave ya bad data\nNigga fucking stop breathing\nThat is so relievin', and now ya bitches are leavin'\nWhat I say cause what I say is so real\nHomie you don' wanna see da, steel\nYou don't wanna catch a body, You can't hear the party!\nNow that's what you should do, now wheres my baby-boo?\n\n[Chorus]", "image": "https://images.genius.com/8c99dd335733f9c3cf16f57c9f589cfb.361x361x1.jpg"}], "artist": "Snoop Dogg"}