{"songs": [{"title": "Interlude #1 (The West Coast Blueprint)", "album": "Snoop Dogg Presents: The West Coast Blueprint", "year": "2010-02-23", "lyrics": "[Snoop Dogg]\nAnd you do know that\nThat was bangin' right there mane\nThat was a great era right there, don't you agree?\nFrom 1985 to 1990, what a deal\nThat was Kid Frost, \"La Raza\", this is for \"La Raza\"\nSo what we gon' do right now, we gon' go to another era now\nLet's go from 1990 to 1995 and see what that do on this Bigg Snoop Dogg Presents: The West Coast Blueprint brought to you on behalf of Priority Records\nLet's check it out, let's start off with some um...yeah some N.W.A, \"Alwayz Into Somethin',\" check this out", "image": "https://images.genius.com/e2f858ce2e3e1526a1ceeb02be51f0c9.522x522x1.jpg"}], "artist": "Snoop Dogg"}