{"songs": [{"title": "Interlude #2 (The West Coast Blueprint)", "album": "Snoop Dogg Presents: The West Coast Blueprint", "year": "2010-02-23", "lyrics": "[Snoop Dogg]\nYeah, that was a hell of a era right there man\n1990 to '95, whooo, I think that was around the time I got in the game you know what I'm talkin' about?\nIt was crackin' like dat-dat-dat there, in a real way, especially for the West, we was really winnin' around that time\nBut let's, let's uh...speed the clock up and go from 1995 to the year 2000 on this Snoop Dogg Presents: The West Coast Blueprint\nAnd I think the first place we should start off, let's start with some uh... Mack 10, yeah Mack 10, \"Foe Life\"\nFoooeee Liiiife, Foooeee Liiiife, check this out", "image": "https://images.genius.com/e2f858ce2e3e1526a1ceeb02be51f0c9.522x522x1.jpg"}], "artist": "Snoop Dogg"}