{"songs": [{"title": "The Message", "album": null, "year": null, "lyrics": "[Intro: Snoop Dogg]\nTo ya homeboys, to ya friends\nYeah\n\n[Verse 1: Snoop Dogg]\nAnd ya don't stop it's Snoop Dogg on the microphone\nLet me peep things out\nTook a lookin' around\nAnd what should I talk about first on the list\nLet me just kiss the microphone and bless it like that\nBecause the people love to hear me\nAnd they love to hear me rap\nBecause once I'm on the microphone I start to flow\nI get in nigga's shit and the people say hooo\nDoggy Dogg's in the place\nWhile I rock the microphone laced and [?]\nPut your hands on the turntables and scratch\nWhile I find a funky to attach then match\nAs I play together, then I switch it\nThen I look in the crowd and I see seven bitches\nLookin' at me hollerin' out Snoopy\nBut from here on out I got no room for no groupies\nSo I tell 'em to steppin' then I find me a fly hoe\nTake her to my motel, then it's time to go\nSee my homie [?] chillin' and a villian as he usually does\nHe says blaze up a bud\nGive him ten dollars then he pass me a sack\nDoggy Dogg why don'tcha kick ya funky ass raps\nSo I took the microphone and kicked a couple of tunes\nGlaze about to scratch and then the bit boom\nThe boom went boom then it broke on the floor\nEveryone said Dogg give us some more\nSo I said hol' up for a second\nLet me find my right beat so Glaze grab a record\nThen he started to scratch and put his hands on the turntable\nShowin' he was able and stable from the cable\nFrom his neck got to swangin' and hangin'\nThen he said Doggy Dogg I heard ya slangin'\nI said slangin' rhymes, that's the only dope that I slang\nAnd where ya from?\nRollin' 20 Crip gang\nNever slip or trip or dip\nWhen I gets fucked up it's gin that I sip\nSmokin' on the bomb-ass indo ya know\nChillin' wit' my homie [?] at the show\nSittin' in the front row, never in the back\nGettin' big respect cause we both know how to rap\nAnd when he's not to rappin' he's doin' all the mackin'\nWhen he's got the nine you can say the nigga's packin'\nWhen ya say he's out there clockin', he's jackin'\nAnd it's up to me Doggy Dogg, I do the rappin'\nGettin' all the hoes from city to city\nAnd I'mma tell ya like this\nI get down to the nitty-gritty\nPimpin' mo' hoes than the law\nYa know, cause-\nKillin' the emcees, killin' 'em all watch this\nCatchin' 'em emcees, catchin' em all like this\nThey all be tryna bite it but they can't bite the rhyme cause the rhyme makes 'em bite\nAnd they bite all the time", "image": "https://images.genius.com/8c99dd335733f9c3cf16f57c9f589cfb.361x361x1.jpg"}], "artist": "Snoop Dogg"}