{"songs": [{"title": "Domino Intro", "album": null, "year": null, "lyrics": "Domino motherfucker what's happening?\nAh nigga eat a dick nigga, don't break my\nMomma's nice ass table nigga\nYeah fuck that, fuck what they talking bout nigga\nRack them motherfucking dominoes up nigga\nFuck that nigga, just look, look out for the table nigga\nFuck that\nAyo where's Snoop Dogg?\nI don't know them niggas went upstairs with that big booty bitch man\nAh no, he ain't busting no nuts on my momma's spread\nThat nigga up there getting his socks blown the fuck off\nGetting his ass chewed out\nBetter ask somebody\nBalls licked up and down\nHell yeah\nAyo what's up with them niggas that was on the TV dissing you?\nMan fuck them niggas man, I ain't thinking about that old shit man\nBusta ass, HIV pussy ass motherfuckers\nYo yo yo Daz, easy come, easy *Gun shot*", "image": "https://images.genius.com/8c99dd335733f9c3cf16f57c9f589cfb.361x361x1.jpg"}], "artist": "Snoop Dogg"}