{"songs": [{"title": "Slow", "album": null, "year": null, "lyrics": "[Chorus: Odell & Porsha]\nSlow down cause I can't take the heat, slow down\n(Slow down baby, slow down baby)\nIt's wicked in these streets\nSlow down, cause I can't take the heat, slow down\n(Ohhhhhhhhh, slow down)\nIt's wicked in these streets\n\n[Snoop Dogg]\nLife ain't nothing but a big old twist\nA lot of times when I'm smoking\nI'm doing that just to reminisce\nIt's funny, on how shit be\nA lot of money, make y'all wanna come get me\nBut look here, I work hard for all the things I got\nAnd to hang with a nigga's just an intricate plot\nYou smoke my weed, you try to bang my hoes\nAnd talk bad about a nigga, behind closed doors\nBut look here dog, a hoe once told me loc\nBite the hand that feeds you, and you'll wind up broke\nBitch niggas don't deserve to kick it with rich niggas\nNigga we seven figure niggas\nAnd we bigger than the biggest hip hop niggas in rap\nAnd when we get to spittin' make sure y'all step back\nYou with that? Cause if you ain't clown\nWe from the D-O double G, we groupie true, and slow down\n\n[Chorus]\n\n[Mia X]\nAyyo Snoop (I used to)\nI used to cook up dope, ride with niggas\nKnow about the hits, hang with killas\nTake the broads down for the jailhouse visits\nKeep my bed warm with a cutthroat nigga\nHave the card parties where the stakes was high\nGo shopping hit the club and then start come out\nNever had a day without no drama\nHalf the OG's age, but they call me Mama\nHad the ganja overstuffed in the hefty bag\nOrange peels to kill the smell slanging with my dad\nI never thought about my life I swear y'all, for real\nUntil my best friend Jill got killed and then I\nDropped to my knees and called to the Lord\nPlease change my ways cause I'm living too hard\nAnd too foul, how I'm gon' raise a child\nWhen I'm out here buck wild, damn, I had to slow down\n\n[Chorus]\n\n[Mia X]\nYeah, I slow my roll down to a pimp strut\nAnd started putting all this game on records for my come up\nFrom sun up to sun down, I'm trying to get my money\nHata's ain't gon' stop me cause hatas can't run me\nIt's funny when a bitch was livin' foul\nEvery body seemed glad, but now they meal\nCause I'm flossing, boss ballin' guilt free\nAnd Feds can't take shit from me, so slow down\n\n[Snoop Dogg]\nI got niggas shot niggas drop niggas for fun\nI scroop from these shoulders, I don't need no gun\nBut it's the nineties, and niggas don't bump by the end of the round\nThe clown bound to dump, young chump\nYou don't wanna get caught up in my mix\nCause I'm a soldier, blasting at the rollers, bitch\nWe don't neva eva, talk no shit\nUnless we mack that shit up, nigga you get lit\n\n[Odell (Porsha)]\nSlow your roll tuck your heat and watch the hatas\nSlow down (slow down), cause I can't take the heat, slow down\n(I can't take the heat)\nIt's wicked in these streets (It's wicked in the street)\nSlow down, (I can't take the heat no more) cause I can't take the heat\nSlow down (I can't take it) it's wicked in these streets\nSlow down (slow down) cause I can't take the heat\n(Slow down) Slow down\nSlow your roll tuck your heat and watch the hatas\nSlow down slow down\nSlow your roll tuck your heat and watch the hatas", "image": "https://images.genius.com/8c99dd335733f9c3cf16f57c9f589cfb.361x361x1.jpg"}], "artist": "Snoop Dogg"}