{"songs": [{"title": "Off the Hook", "album": "Gridlock'd (The Soundtrack)", "year": "1997-01-28", "lyrics": "[Snoop]\nUm, um, um (Ha, ha, ha)\nIt's goin' down (Ha, ha, ha)\n\n[All]\nOoooh, it's always\nIt's off the hook baby (Yeaaah) (It's off the hook), ow!\n(Yeah, it's goin' down, it's a party y'all)\n(OW!) It's off the hook (Yeah, it's goin' down, it's a party) WOOO!\nIt's off the hook (It's goin' down y'all, it's goin' down)\n\n[Hook]\nNah-nah, nah, nah, nah\nNah, nah, nah-nah, nah, nah, nah\nIt's off the hook, it's off the hook\nNah-nah, nah, nah, nah\nNah, nah, nah-nah, nah, nah, nah\nIt's off the hook, it's off the hook\n\n[Charlie Wilson]\nI stepped in the joint, it's Friday night\n2 or 3 niggas down shootin' dice\nIt's off the hook, it's off the hook, ooh\n4 or 5 cuties walkin' in the door\nCome shakin' ass all across the floor\nIt's off the hook, it's off the hook, nah, nah, nah-nah-nah-nah\nSing the song, it's off the hook\n\n[Hook]\nNah-nah, nah, nah, nah\nNah, nah, nah-nah, nah, nah, nah\nIt's off the hook baby, it's off the hook (Yeah)\nNah-nah, nah, nah, nah\nNah, nah, nah-nah, nah, nah, nah\nIt's off the hook baby, it's off the hook (Yeah it's goin' down\n\n[Charlie Wilson]\nLil' blue funkin' ridin' hood\nWith no man is up to no good\nIt's off the hook, she's off the hook oooooh\nIt's off the hook baby\nBumpin' bumpin' wall to wall\nWe gonna bump till we see that fall\n\n[Hook]\nIt's off the hook, the hook\nShe's off the hook, you\nNah-nah, nah, nah, nah\nNah, nah, nah-nah, nah, nah, nah\nIt's off the hook, it's off the hook\nNah-nah, nah, nah, nah\nNah, nah, nah-nah, nah, nah, nah\nIt's off the hook, it's off the hook\n\n[Snoop Doggy Dogg]\nWho' that peepin' in my window\nOh it's the lil' homie with the indo\nWhat chu' outdoor for come indoor\nEverybody groovin' everybody movin'\nAin't nothin' but a what up, ain't nobody cut up\nSo I'mma blaze this bud up before somebody nut up\nIt look good, good is what it look like\nWe got the phone and the party off the hook tonight\n\n[Charlie Wilson]\nLil' blue funkin' ridin' hood\nFrom the first verse ya know ya no good\nIt's off the hook, she's off the hook\nI got my hand all up in there\nI guess ya know that no girl took me there, your the first\nShe's off the hook, she's off the hook\n\n[Hook]\nNah-nah, nah, nah, nah\nNah, nah, nah-nah, nah, nah, nah\nIt's off the hook, it's off the hook (Yeah)\nNah-nah, nah, nah, nah\nNah, nah, nah-nah, nah, nah, nah\nIt's off the hook, it's off the hook\n\n[Snoop Doggy Dogg]\nJack and Jill ran up the hill to tell Snoop the big dog have a big ball\nAnd he invited the tightest MC's\nFrom the East and the West and the best dressed ladies\nGot in for free, oh it's all on me\nIt ain't where ya from it's about where ya be\nFeel good and good is what it feel like\nWe got the phone and the party off the hook tonight\n\n[Val Young]\n1- A little bit of this, a little bit of that\nYou ain't seen nothing yet\nCome on in, we're gonna have a good time\nA little bit of this, a little bit of that\nYou ain't seen nothing yet\nCome on in, we're gonna have a good time\n\n[1 repeated x2 with Hook in background]\n\n[James E. DeBarge}\nA little bit of this, a little bit of that\nYou ain't seen nothing yet\nCome on in, we're gonna have a good time\nA little bit of this, a little bit of that\nYou ain't seen nothing yet\nCome on in, we're gonna have a good time\n\n[Hook repeated with ad-libs from All]\nNah-nah, nah, nah, nah\nNah, nah, nah-nah, nah, nah, nah\nIt's off the hook, it's off the hook (Yeah)\nNah-nah, nah, nah, nah\nNah, nah, nah-nah, nah, nah, nah\nIt's off the hook, it's off the hook", "image": "https://s3.amazonaws.com/rapgenius/gridlock-d-original-motion-picture-soundtrack-2lp.jpg"}], "artist": "Snoop Dogg"}