{"songs": [{"title": "Wonder What It Do", "album": "Doggumentary", "year": "2011-03-29", "lyrics": "[Hook]\nI wonder wonder wonder what it do\nI wonder wonder wonder what it do\nI wonder wonder wonder what it do\nI wonder wonder wonder what it do\n\n[Verse 1: Uncle Chucc]\nThey say it\u2019s? \u201964 on Vogue\u2019s\nIn the game pain still the same they knocking at your door\nOoo you wanna only talk bad\nIt\u2019s a sad sad thing you dirty low down\n\n[Hook]\nOoo\nI wonder wonder wonder what it do\nOoo\nI wonder wonder wonder what it do\nWa la la la la la la la la la\nTell me now!\nWa la la la la la la la la la\nWa la la la la la la la la la\nWon\u2019t you tell me now!\nWa la la la la la la la la la\nSnoop Dogg\n\n[Verse 2]\nIndependent I\u2019m in it been getting my cash right\nWalking through the day time holding my flashlight\nSpliff-ted High as I can ever be\nI\u2019m lifted drifting on the memory\nMy style my tone my delivery\nMy Maze is Frankie Beverly\nHeavily influenced I do it like you can\u2019t\nI\u2019m the weed to the Zag with the bag and a drink\nGet live that\u2019s five on the black hand side\nNow try to stay fly with a piece of pie\nI heard fish don\u2019t burn in the kitchen\nThe baby gangstas they get in the hood and on a mission\nYou pump em up they fuck it up\nNow what you need to do is toughen up\nNow thug it up what it do dog\nI thought you wanted to be like big\n\n[Hook]\nSnoop Dogg\nOoo\nI wonder wonder wonder what it do\nOoo\nI wonder wonder wonder what it do\n\n[Verse 3]\nWhen I get lost\nI feel like a boss\nShe will be my salvation\nWhen I feel lost\nWith nowhere to go\nShe\u2019ll be my inspiration\nShe never spends\nTime with her friends\nTells me she\u2019s mute without me\nAnd when things go wrong\nHer faith is strong\nI know that she\u2019ll never doubt me\n\n[Hook]\nHey Snoop Dogg\nOoo\nI wonder wonder wonder what it do\nOoo\nI wonder wonder wonder what it do\nWa la la la la la la la la la\nTell me now!\nWa la la la la la la la la la\nWa la la la la la la la la la\nWon\u2019t you tell me now!\nWa la la la la la la la la la", "image": "https://images.genius.com/bf66457764b32165c7cdb2908ea44580.1000x1000x1.jpg"}], "artist": "Snoop Dogg"}