{"songs": [{"title": "Sexual Eruption (Official Remix)", "album": null, "year": null, "lyrics": "[Robyn:]\nSexual eruption\nSexual eruption\n\n[Snoop Dogg:]\nI'm gonna take my time, she gon' get hers before I\nI'm gonna take it slow\nI'm not gonna rush the stroke\nSo she can get a\n\n[Robyn:]\nSexual eruption, cut it up middle pop\nSexual eruption mama gonna sex you up\nSexual eruption keep it up don't interrupt\nSexual eruption baby\n\n[Rap Verse: Snoop Dogg]\nI was all in the club sippin' some Hen\nSmoking on a blunt of dro\nWhen I peep this lil' ho out\nI was all in the bar when a drifter\nShawty red came on then she hit the floor now\nWith a see through dress long hair light brown eyes\nLookin' like Ms. Bo Peep\nAnd a nigga know if I take her home with them wide ass hips\nYour damn right I'm gon' beat\nSo I approached the chick with the real pretty face\nBig ass booty with a little bitty waist\nI whispered in her ear, lil mama what you drink\nI know that you a freak but you know I ain't gon' say shit\nSee my game is outrageous I got her to the crib\nAnd exchanged some fuck faces\nBut it wasn't no use for me to rush to bust one\n'Cause I wanted her to have an eruption\n\n[Robyn:]\nSexual eruption, cut it up mental pop\nSexual eruption mama gonna sex you up\nSexual eruption keep it up don't interrupt\nSexual eruption yeah yeah\n\n[Snoop Dogg (Robyn):]\nI'm gonna take my time, (wanna love you wanna hug you wanna stroke my pup)\nShe gon' get hers before I (wanna cuddle wanna snuggle wanna sex you up)\nI'm gonna take it slow (such a gentleman you never rush to bust)\nI'm not gonna rush the stroke (Snoop Dogg, I'm gonna sex you up)\nIf you don't know by now, Doggy Dogg is a freak freak freak\nI keep a bad bitch with me, 7 days out the week week week\nAnd all that we ever do is play in the sheet sheet sheets\nThen smoke us a cigarette and go back to sleep sleep sleep\n\n[Robyn:]\nWe done got a\nSexual eruption, cut it up middle pop (?)\nSexual eruption mama's gonna sex you up\nSexual eruption keep it up don't interrupt\nSexual eruption baby\n\n[Robyn:]\nWanna love you wanna hug you wanna stroke my pup\nWanna cuddle wanna snuggle wanna sex you up\nSuch a gentleman you never rush to bust\nSnoop Dogg I'm gonna sex you up\n\n[Snoop Dogg:]\nShe might be with him but shes thinking 'bout me me me\nWe don't go to the mall, we don't go out to eat eat eat\nAll that we ever do is play in the sheets sheets sheets\nSmoke us a cigarette and go back to sleep sleep sleep\nCause we done got a\n\n[Robyn:]\nSexual eruption\nYeah yeah\nSexual eruption\nWe done got a\nSexual eruption (x7)\nCut it up middle pop\nSexual eruption\nMama's gonna sex you up\nSexual eruption\nKeep it up don't interrupt\nSexual eruption\nTill the sexual eruption", "image": "https://images.genius.com/8c99dd335733f9c3cf16f57c9f589cfb.361x361x1.jpg"}], "artist": "Snoop Dogg"}