{"songs": [{"title": "Run Away", "album": "Bush", "year": "2015-05-12", "lyrics": "[Verse 1: Snoop Dogg & Gwen Stefani]\nLet's forget where we are and what's goin' on\nLet's forget who we are and who we know\nWhy does it gotta be complicated, does it have to be?\nCome on baby we can escape, run away with me\n\n[Pre-Chorus: Snoop Dogg (Gwen Stefani)]\nYou like the way that I dress (you love the way that I see)\nYou love the things that I do (yes but I love that you are free)\nYou love the way I think (for people everywhere)\nWe're approaching the brink but who cares\nThe world is getting ablaze, yeah\nThe world is getting ablaze, yeah\n\n[Chorus: Both]\nRun away, run away with me\nCome and play, come and play with me\nRun away, yes do the day with me\nLet's escape, yes do the day with me\n\nSwitch it up\n\n[Verse 2: Snoop Dogg & Gwen Stefani]\nLet's forget who we were and wanted to be\nLet's forget who was there, trust me please\nWhy does it gotta be complicated, does it have to be?\nThey won't put their guns away, run away with me\n\n[Pre-Chorus: Snoop Dogg (Gwen Stefani)]\nYou like the way that I dress (you love the way that I see)\nYou love the things that I do (yes but I love that you are free)\nYou love the way I think (for people everywhere)\nWe're approaching the brink but who cares\nThe world is getting ablaze, yeah\nThe world is getting ablaze, yeah\n\n[Chorus: Both]\nRun away, run away with me\nCome and play, come and play with me\nRun away, yes do the day with me\nLet's escape, yes do the day with me\n\n[Verse 3: Snoop Dogg & Gwen Stefani]\nI don't understand why do they live so violently\nLet's get closer to the sun, where we're meant to be\nWhy does it gotta be complicated, does it have to be?\nCome on baby no time to waste, run away with me\n\n[Pre-Chorus: Snoop Dogg (Gwen Stefani)]\nYou like the way that I dress (you love the way that I see)\nYou love the things that I do (yes but I love that you are free)\nYou love the way I think (for people everywhere)\nWe're approaching the brink but who cares\nThe world is getting ablaze, yeah\nThe world is getting ablaze, yeah", "image": "https://images.genius.com/b70a8dcc62d2fed742fc6406b5d60520.1000x1000x1.jpg"}], "artist": "Snoop Dogg"}