{"songs": [{"title": "Peer Pressure ft. Traci Nelson", "album": null, "year": null, "lyrics": "[Verse 1: Snoop Dogg]\nIf I do if I don't if I will id I won't\nI mix the C with the P and live the G with the funk\nGot you rapping at school my nigga acting a fool\nHe got suspended now he all alone in his room\nPlaying my CD la da dee da dee\nEast Side shit Goldilocc and big Trey D\nOn the [?] the young homie wanna be me\nSo I'm a let him I hope the homeboys don't get him\nCause they gonna sweat him\nGotta stay on deck for that\nIf you a buster you gonna get checked for that\nIt's so real homie don't pop that pill\nDip that now tell me how does that feel\nCan't stop gotta go hard in the paint\nCan't fake nigga put paint where it ain't\nMonkey see monkey do what I say I do\nIf I take one you take two\n\n[Hook: Traci Nelson]\nI just wanna let you ride\nPeer pressure\nGet you high\nPeer pressure\nSmoke trees til I die\nPeer pressure\nI just wanna let you ride\nPeer pressure\nGet you high\nPeer pressure\nSmoke trees til I die\nPeer pressure\nS N double O P\n\n[Verse 2: Snoop Dogg:]\nBaby girl wanna be grown\nShe got a Facebook page and a cell phone\nHer daddy getting money her momma on the go\nShe moving too fast but she really don't know\nLife is a trip lil mama don't drink that\nThey telling you it's cool baby don't take that\nCause if you do ain't no telling\nYou's a good girl why you fighting and rebelling\nIf you keep that up you gonna end up spread\nMisled better yet sick in the head\nSo stop trying to be like them and be yourself\nStop look and see yourself\nIt's so real gotta stay hard in the paint\nYou can't fake baby put paint where it ain't\nMonkey see monkey do what I say I do\nIf I take one you take two\n\n[Hook: Traci Nelson]\nI just wanna let you ride\nPeer pressure\nGet you high\nPeer pressure\nSmoke trees til I die\nPeer pressure\nI just wanna let you ride\nPeer pressure\nGet you high\nPeer pressure\nSmoke trees til I die\nPeer pressure\nS N double O P\n\n[Bridge: Traci Nelson]\nI love the street life\nThere is no place I can go\nStreet life\nIt's the only life I know\nStreet life\nIt's the only life I know\nStreet life\nCause there's no place I can go\n\n[Verse 3: Snoop Dogg]\nI'm up all night like I'm on twilight\nTurn left turn right your life my life\nDo wrong do right low life high life\nI go green so why you keep offering me white\nCan't stop gotta go hard in the paint\nCan't fake nigga put paint where it ain't\nMonkey see monkey do what I say I do\nIf I take one you take two\n\n[Hook: Traci Nelson]\nI just wanna let you ride\nPeer pressure\nGet you high\nPeer pressure\nSmoke trees til I die\nPeer pressure\nI just wanna let you ride\nPeer pressure\nGet you high\nPeer pressure\nSmoke trees til I die\nPeer pressure\nS N double O P", "image": "https://images.genius.com/8c99dd335733f9c3cf16f57c9f589cfb.361x361x1.jpg"}], "artist": "Snoop Dogg"}