{"songs": [{"title": "Call Him", "album": "Bible of Love", "year": "2018-03-01", "lyrics": "[Intro]\nExcuse me\nExcuse me real quick, thank you\nHello, hello\nYes, yes\nHey um, how ya doin' mam?\nI, I'm sorry I, I don't have it now\nBut I was prayin' that maybe...\n\n[Fred Hammond]\nWait a minute yeah\nI got caught up in some mess\nThought I knew what I was doin'\nGot my friends and family stressin'\nDon't know how to keep this train movin'\nRent man want his money, light bill is due\nAnd I don't know nobody I can run to\nSo now I'm callin' on Jesus\nAnd I know he'll bring me through\nWoah yeah, now I'm right down on my knees\nTryna figure out how, you brought me through many [?]\nThat I'm callin' on ya now\nJesus, Jesus\nCause I know where my health comes from\nSo I gotta call ya with the songs in my life\n[?] go by in the middle of the night\nSomebody call him\nJesus, Jesus\nSomebody sing it\nJust like you mean it\nCall him like you need him\nCall him like you know him\nSomebody sing it\n\n[Fred Hammond]\nCall him when my times get hard, call him when my days get rough\nLookin' for my blessin' get him down in my heart\nGivin' me a brand new start, every time I call him\nI don't really know about you, but I know what I've been through\nEvery time I call him ain't no tellin' what God can do\nHe did it for me, he'll do it for you\nIt ain't a problem, call on Jesus right away\nHe will hear you when you pray\nAnd he'll brighten up your day\nWoah yeah, callin' him right now\nCause I love, I love, I love to call him\nI love to call him\nHow sweet the name, how sweet the name\nI call him when I need him, call him cause I love him\nI love the name, Jesus\nI dare somebody to call him\nSing it, Jesus\nIt's alright to call him, come out and call him\nSomebody call him, just like you need, just like you want him\nSomebody sing it\n\n[Snoop Dogg]\nJesus, when I'm down and out\nJesus, turn my life around\nJesus, make me scream and shout\nJesus, put my feet on solid ground\nJesus, I know you care for me\nJesus, you're always there for me\nJesus, gave me victory\nJesus, yes, he'll set you free\nJesus, Lord I testify\nJesus, you've been good to me\nJesus, always there for me\nJesus, yes, I know you care for me\nJesus, I was lost but now I'm found\nJesus, cause you turned my life around\nJesus, and I love you more today than I did yesterday\n\n[Fred Hammond]\nCall him when my days are rough\nCall him when my times are hard\nI'm lookin' through, glisten, I'm lookin' through my, glisten\nCall on him in the midnight\nWhen the stars are too tight\nWhen your paper is funny\nSomebody call him\nTo watch over yo' family, to bless yo' kids\nSomebody say Jesus, somebody say Jesus\nSay Jesus, say Jesus\nSing it, hit 'em wit' it\nCall him when my times get bad\nWhen I'm feelin' low and sad\nHe will come and lift me up\nHe will come and fill my cup\nThe name down is above, every name\nJust call on him, and he will answer\nI said, he will answer\nSomebody know, what I'm talkin' 'bout\nJust put yo' hands together one time\nJesus, somebody call him\nSomebody sing it", "image": "https://images.genius.com/c9dee508f81bde784b713142dc6009e9.600x600x1.jpg"}], "artist": "Snoop Dogg"}