{"songs": [{"title": "Snoops Upside Ya Head (Soopafly Remix)", "album": null, "year": null, "lyrics": "[Snoop Talking]\nAiyyo Soopafly, why don't you get work with one of them fly-ass remixes?\nDPG style...Hahahaha...\n\n[Nate Dogg]\nWho's the man with the mic in haaand?\nWho's the man with the masterlplaaan?\nHe goes by the name of Snoop D-O-G\nHe play the mic and these bustas fleee\n\n[Verse 1, Snoop]\nIt's a whole-nother day, I'm back up in ya\nSnoop D-O double G, I representah\nBeen away for a while but y'all know\nI'm still doggystylin on Death Row (you know!)\nGot things locked down, sold up\nSo If you plan on comin out, fool hold up\nThis a stick up, get up\nThey got yo shiz on the shelf, oh mine's too\nAnd guess who they gon pick up\nSome fools think they know they hit, but they don't\nSome M-A's escape, some won't\nBumpin' heads with bustas\nWhere you from? EastSide, LongBeach, represent 2-1\nThe homie just got paroled\nAnd he got more stories than the highway patrol\nTellin me about the money Suge Knight stole\nBut don't let that leak cuz, fool I get swole\nI see you're tryin to get in, to get out\nPut me up on game tellin me who gon' jack me\nBut ever since I was a puppy til I was paroled\nI never had no other dogg pullin on my phone\n\nChorus:\nSay Snoops Upside Ya head\nSay Snoops Upside Ya Head (say what?)\nSay Snoops Upside Ya Head\nSay Snoops Upside Ya Head\nHold on, what's my name?\nSnoop Dogg! Snoop Dogg! (Snoop...) x4\n\n[Verse 2, Snoop]\nI see these rappers in this game be doin way too much\nActin tough with this east-west coast stuff\nSee me, I'm all about my money man\nI stay fly and dry\nI don't get caught up in the rain\nCuz game (game) recognize game (game)\nNo matter where you from, we all can get dumb, insane\nAnd turn the party out without a doubt\nUnless you them fools who ain't got no clout\nLBC and Beware Of My Crew\nCuz uh, we out there stuck on the crazy glue\nUpside Ya Head like oops, Snoop's the lick\nThat you hear them bumpin in the hoops\nYou can't afford it homeboy, this is finished\nI represented from V-A to Venice\nSo when it's timid and cold outside\nRely on the D-O Dub to put the heat in yo life\n\nChorus\n\nNow bounce to this (Snoop Dogg!)\nC-walk to this (Snoop Dogg!) Yeah...\nNow bounce to this (Snoop Dogg!) Yeah...\nC-walk to this (Snoop Dogg!) Yeah...\nYeah...know what...\n\n[Verse 3, Snoop]\nIt takes a whole lot, to be number one\nI can't walk down the street without my gun\nI can't trust these fools, Fly, it ain't no fun\nI'm sittin' up in court cuz somebody got DUMB\nWhat really counts is how the crowd bounce\nGo home and say Snoop rocked the partay\nNobody got killed, it's what got annouced\nI guess they got a chance to see Dr. Bombay\nBut I keep my heat in case brothas get cold\nWarm you up with the sheet, zip you up and roll\nNow, Doggystyle records is now official\nI'm gettin paper out the plizate with my initials\nShippin weapons overseas, I'm makin G's\nWith who you might call enemies\nBut I, see nothin funny about makin money\nCuz uh, we all know it don't grow on trees\nSo I...\nGotta get what I gotta get when I ?shake?\nI'm up early in the morning with the homie Nate\nBurning rubber down to get a new car\nSo don't get jealous when you see me in the double R\n\nChorus\n\n[Outro, Snoop]\nNow just ride to this, uh, bounce to this, uh, C-Walk to this\nUh, Whoo-Ride to this, uh, EastSide to this, uh, WestSide to this\nUh, Whoo-Ride to this uh, get'cha bang up\nYeah, Snoop Dub, baby, yeah, Snoop Dub, baby\nYeah, uh, yeah, Snoop's up, baby, yeah, all up in it\n??? ??? ??? ???\nDPG playa\nRemix!\nSoopafly, you can call him ???\nNot the trackmaster, but the sackmaster\nYou know!\nSnoops Upside Ya Head, say Snoops Upside Ya Head\nSnoops Upside Ya Head, say Snoops Upside Ya Head (Snoop Dogg! Snoop Dogg!)\nSnoops Upside Ya Head, say Snoops Upside Ya Head (Snoop Dogg! Snoop Dogg!)\nSnoops Upside Ya Head, say Snoops Upside Ya Head (Snoop Dogg! Snoop Dogg!)\nSnoops Upside Ya Head, say Snoops Upside Ya Head (Snoop Dogg! Snoop Dogg!)\n(Snoop Dogg!)\n(Snoop Dogg!)\nCan ya have it?\n(Snoop Dogg!)\nAnd you all thought we fell off\n(Snoop Dogg!)\n??? ???? ??? ????\n(Snoop Dogg!)\nTakin it back to the hot spot\n(Snoop Dogg!)\nGangsta Rap, all day, every day!\n(Snoop Dogg!)\nG's up, you know the rest\n(Snoop Dogg!)\nHaha...", "image": "https://images.genius.com/8c99dd335733f9c3cf16f57c9f589cfb.361x361x1.jpg"}], "artist": "Snoop Dogg"}