{"songs": [{"title": "22 Offs", "album": "10 Day", "year": "2012-04-03", "lyrics": "[Produced by Flying Lotus]\n\n[Verse]\n22 Offs...\nI'm off the nog, I'm off the Loko\nI'm off that local, I'm on that global\nI often had dreams of being locked in my momma's Volvo\nWatching the garage burn down, I'm off the codo\nI'm off the top, I'm off some pot, I'm off Ciroc, I'm off a lot\nThey gave me 10 days off, that's an awful lot\nI was off campus but the officer\nTold the office that he saw me from the parking lot\nBut it's all good, I'm off that\nI'm just finna off his ass, off of the Ave while rocking all black\nDip off and hide the garbage bags in the dip spot\nJust to make sure that I don't get caught\nBuying hella bug spray, making sure I get off\nThey told me gon' rock it, I told them that it's lift off\nHow all my homies get caught? Picked off by a dick cop\nWhy you allowing hiccups? Why you just didn't slip off?\nAnd now I'm at the precinct, and I'm off of my square\nHaving a white cop beat me while he offers me squares\nYou gon' torture me yeah? Well that's awfully fair\nAll for nothing, tryna tweak me like you offering years\nBitch I ain't scared, I'm already here\nTell ya partners and ya friends the next coffin is theirs\nGuess what bitch? I'm from internal affairs\nLooking for crooked cops to tweak so I can offer 'em years\nHave me tweaking like I'm all full of fear (alright, I'm tweaking)", "image": "https://images.genius.com/04c687414ea567ebf44f05a92c3e86ff.1000x1000x1.jpg"}], "artist": "Chance the Rapper"}