{"songs": [{"title": "Favorite Song", "album": "Acid Rap", "year": "2013-04-30", "lyrics": "[Verse 1: Chance The Rapper]\nChance, acid rapper, soccer, hacky sacker\nCocky khaki jacket jacker\nSlap-happy faggot slapper, bah-bah!\nIraqi rocket launcher\nShake that Laffy Taffy, jolly raunchy rapper\nDang, dang, dang, skeet, skeet, skeet\nShe do that thing for three retweets\nThe album feel like '92\nNow take that ball 'fore he three-peat\nChance, ho, acid, cruising on that LSD\nAsked Joseph about my deal\nHe looked back said, \"Hell yeah, let's eat!\"\n\n[Chorus: Chance The Rapper]\nThis shit my favorite song, you just don't know the words\nBut I still fuck with you, you just ain't never heard\nIt go like: count that stack, pop that cap then down that Jack\nAll my niggas hit that xan, and all my ladies bob that back\nThis my jam, this my jam, this my jam, this my jam\nI'm 'bout that jam, I'm 'bout that jam, I'm 'bout that jam, I'm 'bout that jam\nThis my jam, this my jam, this my jam, this my jam\nI'm 'bout that jam, I'm 'bout that jam, I'm 'bout that jam, I'm bout that jam\n\n[Verse 2: Chance The Rapper]\nYoung Rascal Flatts, young ass kid ass could rap\nFuck all the faculty, tobacco-packing acrobat\nBack-to-back packin' bags back and forth with fifths of Jack and\nFourths of weed, I'm back to pack on hands\nWith young Cletus to pat my back\nReal nigga with a nose ring, that's right\nJust here to rap them songs\nRag on my hair, wrap weed in Vegas, rockin' Vagabonds\nSang a song, oh you don't know? What?\nWell, I still bang with you\nHang with you, sip drank with you\nAs long as I can sang with you like:\n\n[Chorus: Chance The Rapper]\nThis shit my favorite song, you just don't know the words\nBut I still fuck with you, you just ain't never heard\nIt go like: count that stack, pop that cap then down that Jack\nAll my niggas hit that xan, and all my ladies bob that back\nThis my jam, this my jam, this my jam, this my jam\nI'm 'bout that jam, I'm 'bout that jam, I'm 'bout that jam, I'm 'bout that jam\nThis my jam, this my jam, this my jam, this my jam\nI'm 'bout that jam, I'm 'bout that jam, I'm 'bout that jam, I'm bout that jam\n\n[Verse 3: Childish Gambino]\nNiggas, please be focused, that Bino, you know this\nHe rep the home of Sosas, you know I'm from that Zone 6\nYou know I rep that Stone shit, you know your hood is so clit\nAs God as my witness, this Will Smith spit real shit\nI'ma be that, CG busy gettin', where the weed at?\nBought your girl some new kneepads\nYou're fuckin' with the Fifi bag\nMy stars, egad, she said, \"This my favorite song\"\n\"Hold my purse\" - now she on the floor, droppin' like it's hot\nYou blast this shit in Abercrombie when your work is finished\nYour mom won't play it in the car 'cause it's got cursing in it\nYour boy like: \"I'm the one who showed you\"\nHe want his percentage\n'Cause you were like: \"this ain't the nigga you said spittin', is it?\"\nTwo-step, white dude's Harlem Shake\nWhy you laughing? 'Cause you Harlem Shake\nI was never fake, I was just too good to be true\nThat's acid rap, we killed the track\nYou had your chance, and 'Bino too, ooh\n\n[Chorus: Chance The Rapper & Childish Gambino]\nThis shit my favorite song, you just don't know the words\nBut I still fuck with you, you just ain't never heard\nIt go like: count that stack, pop that cap then down that Jack\nAll my niggas hit that xan, and all my ladies bob that back\nThis my jam, this my jam, this my jam, this my jam\nI'm 'bout that jam, I'm 'bout that jam, I'm 'bout that jam, I'm 'bout that jam\nThis my jam, this my jam, this my jam, this my jam\nI'm 'bout that jam, I'm 'bout that jam, I'm 'bout that jam, I'm bout that jam", "image": "https://images.genius.com/aa16cba40f43828a61bbb6212de712bd.750x750x1.jpg"}], "artist": "Chance the Rapper"}