{"songs": [{"title": "Social Experiment Tour Dates", "album": null, "year": null, "lyrics": "Oct. 25: \u00a0\u00a0\u00a0\u00a0Champaign, IL \u00a0\u00a0\u00a0\u00a0\u00a0\u00a0\u00a0\u00a0\u00a0Alpha Epsilon Pi Chapter House\nOct. 26: \u00a0\u00a0\u00a0\u00a0Pittsburgh, PA \u00a0\u00a0\u00a0\u00a0\u00a0\u00a0\u00a0\u00a0\u00a0\u00a0Altar Bar\nOct. 27: \u00a0\u00a0\u00a0\u00a0Washington, DC \u00a0\u00a0\u00a0\u00a0\u00a0\u00a0\u00a0The Fillmore\nOct. 29: \u00a0\u00a0\u00a0\u00a0New York, NY \u00a0\u00a0\u00a0\u00a0\u00a0\u00a0\u00a0\u00a0\u00a0\u00a0\u00a0SOB's\nOct. 30: \u00a0\u00a0\u00a0\u00a0New York, NY \u00a0\u00a0\u00a0\u00a0\u00a0\u00a0\u00a0\u00a0 \u00a0 SOB's\nOct. 30: \u00a0\u00a0\u00a0\u00a0New York, NY \u00a0\u00a0\u00a0\u00a0\u00a0\u00a0\u00a0\u00a0 \u00a0 SOB's (Late Show)\nNov. 1: \u00a0\u00a0\u00a0\u00a0\u00a0Philadelphia, PA \u00a0\u00a0\u00a0\u00a0\u00a0\u00a0\u00a0 TBA\nNov. 2: \u00a0\u00a0\u00a0\u00a0\u00a0Middlebury, VT \u00a0\u00a0\u00a0\u00a0\u00a0\u00a0\u00a0\u00a0 TBA\nNov. 3: \u00a0\u00a0\u00a0\u00a0\u00a0Montreal, QC \u00a0\u00a0\u00a0\u00a0\u00a0\u00a0\u00a0\u00a0\u00a0\u00a0\u00a0 Club Soda\nNov. 4: \u00a0\u00a0\u00a0\u00a0\u00a0Toronto, ON \u00a0\u00a0\u00a0\u00a0\u00a0\u00a0\u00a0\u00a0\u00a0\u00a0\u00a0\u00a0\u00a0 The Danforth Music Hall\nNov. 6: \u00a0\u00a0\u00a0\u00a0\u00a0Syracuse, NY \u00a0\u00a0\u00a0\u00a0\u00a0\u00a0\u00a0\u00a0\u00a0\u00a0 Syracuse University\nNov. 7: \u00a0\u00a0\u00a0\u00a0\u00a0Buffalo, NY \u00a0\u00a0\u00a0\u00a0\u00a0\u00a0\u00a0\u00a0\u00a0\u00a0\u00a0\u00a0\u00a0\u00a0 Town Ballroom\nNov. 8: \u00a0\u00a0\u00a0\u00a0\u00a0Oxford, OH \u00a0\u00a0\u00a0\u00a0\u00a0\u00a0\u00a0\u00a0\u00a0\u00a0\u00a0\u00a0\u00a0\u00a0 Brick Street Bar\nNov. 10: \u00a0\u00a0\u00a0\u00a0Lawrence, KS \u00a0\u00a0\u00a0\u00a0\u00a0\u00a0\u00a0\u00a0\u00a0\u00a0 Liberty Hall\nNov. 12: \u00a0\u00a0\u00a0\u00a0Boulder, CO \u00a0\u00a0\u00a0\u00a0\u00a0\u00a0\u00a0\u00a0\u00a0\u00a0\u00a0\u00a0 Fox Theatre & Cafe\nNov. 14: \u00a0\u00a0\u00a0\u00a0Tucson, AZ \u00a0\u00a0\u00a0\u00a0\u00a0\u00a0\u00a0\u00a0\u00a0\u00a0\u00a0\u00a0\u00a0 Rialto Theatre\nNov. 17: \u00a0\u00a0\u00a0\u00a0Los Angeles, CA \u00a0\u00a0\u00a0\u00a0\u00a0 The El Rey Theater\nNov. 19: \u00a0\u00a0\u00a0\u00a0Tempe, AZ \u00a0\u00a0\u00a0\u00a0\u00a0\u00a0\u00a0\u00a0\u00a0\u00a0\u00a0\u00a0\u00a0 Club Red\nNov. 20: \u00a0\u00a0\u00a0\u00a0Albuquerque, NM \u00a0\u00a0\u00a0 Sunshine Theater\nNov. 22: \u00a0\u00a0\u00a0\u00a0Dallas, TX \u00a0\u00a0\u00a0\u00a0\u00a0\u00a0\u00a0\u00a0\u00a0\u00a0\u00a0\u00a0\u00a0\u00a0 Trees\nNov. 23: \u00a0\u00a0\u00a0\u00a0Houston, TX \u00a0\u00a0\u00a0\u00a0\u00a0\u00a0\u00a0\u00a0\u00a0\u00a0\u00a0 Warehouse Live\nNov. 25: \u00a0\u00a0\u00a0\u00a0Atlanta, GA \u00a0\u00a0\u00a0\u00a0\u00a0\u00a0\u00a0\u00a0\u00a0\u00a0\u00a0\u00a0 The Loft at Center Stage\nNov. 26: \u00a0\u00a0\u00a0\u00a0Nashville, TN \u00a0\u00a0\u00a0\u00a0\u00a0\u00a0\u00a0\u00a0\u00a0 Cannery Ballroom\nNov. 27: \u00a0\u00a0\u00a0\u00a0Chicago, IL \u00a0\u00a0\u00a0\u00a0\u00a0\u00a0\u00a0\u00a0\u00a0\u00a0\u00a0 \u00a0 Riviera Theatre\nNov. 29: \u00a0\u00a0\u00a0\u00a0Chicago, IL \u00a0\u00a0\u00a0\u00a0\u00a0\u00a0\u00a0\u00a0\u00a0\u00a0\u00a0 \u00a0 Riviera Theatre\nDec. 3: \u00a0\u00a0\u00a0\u00a0\u00a0\u00a0Oberlin, OH \u00a0\u00a0\u00a0\u00a0\u00a0\u00a0\u00a0\u00a0\u00a0\u00a0 \u00a0 Dionysus Disco\nDec. 8: \u00a0\u00a0\u00a0\u00a0\u00a0\u00a0St.Louis, MO\nDec. 9: \u00a0\u00a0\u00a0\u00a0\u00a0\u00a0Minneapolis, MN\nDec. 10: \u00a0\u00a0\u00a0\u00a0Fargo, ND\nDec. 12: \u00a0\u00a0\u00a0\u00a0Missoula, MT\nDec. 14: \u00a0\u00a0\u00a0\u00a0Garden City, ID\nDec. 15: \u00a0\u00a0\u00a0\u00a0Seattle, WA\nDec. 16: \u00a0\u00a0\u00a0\u00a0Vancouver, BC\nDec. 18: \u00a0\u00a0\u00a0\u00a0San Francisco, CA\nDec. 19: \u00a0\u00a0\u00a0\u00a0Los Angeles, CA \u00a0\u00a0\u00a0\u00a0\u00a0\u00a0\u00a0\u00a0\u00a0\u00a0\u00a0 \u00a0 Club Nokia", "image": "https://images.genius.com/d5771671554a8976b034671291d2bca7.527x527x1.jpg"}], "artist": "Chance the Rapper"}