{"songs": [{"title": "Family", "album": "10 Day", "year": "2012-04-03", "lyrics": "[Produced by Blended Babies]\n\n[Verse 1: Vic Mensa]\nTurn the radio up and we can have a good time\nGot me feeling like J.J. on Good Times\nBack when Thelma had that ass, off the fam good\nMy sister said she likes my raps cause it sounds good\nTold me not to cut corners, use to cut quarters\nSitting in the room, on the phone, cooking up orders\nTill my pops popped me off, that was family matters\nUsed to watch him in the kitchen sipping Sammy Adams\nNow I'm rollin', iPhone Stolen\nMama whip with 5 of my guys, 4 holdin'\nTrying to live our lives like our lives are so golden\nGot big shoes to fill like try go bowling\nTil we strike out, we just hoping we don't strike out\n4th quarter, how you gon go and take Mike out?\nSummertime Chi, I had to pull the bike out\nRiding getting nice cause it's nice out\n\n[Chorus: Chance The Rapper]\nLet's land in the land where the Famo stay\nGrind all day 'til the fam okay\nIt still warm my heart to hear my grandma pray\nFor the fam of my friends when my mans go away\nLet's land in the land where the Famo stay\nGrind all day 'til the fam okay\nIt still warm my heart to hear my grandma pray\nFor the fam of my friends when my mans go away\n\n[Verse 2: Chance The Rapper]\nDon't wake up, don't wake up, don't wake up too fast\nDon't make up your mind, you should flake on that class\nSing all you want, just don't Drake on they ass\nShore you got drive, don't turn fake on they ass\nGood morning, good raps, good morrow, good luck\nTonight you could blow, tomorrow you suck\nBizarro, my carro, I borrowed from Chuck\nA new SLR and Ferrarro deluxe\nNo money for the meter when I'm parkin' em\nGassed than a bitch no car with him\nMarket him, tell him that he's buzzing like a game of operation with Parkinsons\nYoung kid rappers, kidnappers\nYoung whipper snapper that will whip past ya\nWill get at you, come get at you\nWanna break ya off, ome Kit-Kat you\n\n[Chorus: Chance The Rapper]\nLet's land in the land where the Famo stay\nGrind all day 'til the fam okay\nIt still warm my heart to hear my grandma pray\nFor the fam of my friends when my mans go away\nLet's land in the land where the Famo stay\nGrind all day 'til the fam okay\nIt still warm my heart to hear my grandma pray\nFor the fam of my friends when my mans go away\n\n[Verse 3: Sulaiman]\nNow the team work make the dream work\nGo ahead and send an application if you need work\nIf it need hurt, then I'mma bring hurt\nHow you finna see the clouds if you never seen dirt\nNow you finna play it loud, listen how it's goin down\nDidn't know the name before bet you niggas know it now\nChi-City niggy, made a 50 out a penny\nGot some titties at the cribby and the Savemoney with me and we going in\nGoing all out for them hoes again\nNow I'm fin to bring the fucking flow and bend it back\nAnd show it's more to this than rap\nLove my parents for supporting cause they know I'm finna crack\nKnow my niggas got my back, got some niggas selling packs\nBut I'm tryin' to get em cheese so I can get em out the trap\nNow my figures getting fat, a lot of hoes be tryin' to jack\nBut I got her on my lap, all she do is make it clap\n\n[Chorus: Chance The Rapper]\nLet's land in the land where the Famo stay\nGrind all day 'til the fam okay\nIt still warm my heart to hear my grandma pray\nFor the fam of my friends when my mans go away\nLet's land in the land where the Famo stay\nGrind all day 'til the fam okay\nIt still warm my heart to hear my grandma pray\nFor the fam of my friends when my mans go away\nLet's land in the land where the Famo stay\nGrind all day 'til the fam okay\nIt still warm my heart to hear my grandma pray\nFor the fam of my friends when my mans go away\nLet's land in the land where the Famo stay\nGrind all day 'til the fam okay\nIt still warm my heart to hear my grandma pray\nFor the fam of my friends when my mans go away", "image": "https://images.genius.com/ba59da58722c33bea3079843ccb4157d.300x300x1.jpg"}], "artist": "Chance the Rapper"}