{"songs": [{"title": "Brain Cells Live", "album": "5 Day", "year": "2011-08-27", "lyrics": "[Intro]\nYeah\nOh, yeah y'all gon' let [?]\nSwear y'all gon' [?]\nSing it, uh\n\n[Chorus]\nI burned too many brain cells down\nTo be worried 'bout my brain cells now, oh no\nI burned too many brain cells down\nTo be worried 'bout my brain cells now, oh no\nI burned too many brain cells down\nTo be worried 'bout my brain cells now\nI burned too many brain cells down\nDown, down, down-down, uh\n\n[Verse 1]\nUh, here\u2019s a tab of acid for your ear\nYou\u2019re the plastic, I\u2019m the passion and the magic in the air\nThe flabbergasted avalanche of ambulances near\nThe labyrinth of Pan\u2019s Lab is adamantly here\nNo assignments, book of rhyming and I\u2019m drawing doodles\nI should rhyme rhyme with Ramen Noodles\nRamadan, I\u2019m the don of the diamond jewels\nFond of finding a way to kindly tell these toddlers toodles\nI\u2019m a kamikaze and I\u2019m kinda cuckoo\nI could write a fucking book, non-Kamasutral\nYou niggas goofies, it's a conflict that is kinda crucial\nCaught you on the 9 in all blue yelling, \"I\u2019m a neutral\"\nBut I\u2019ma let the bull pass like matadors\nVersus a Minotaur, verse is a metaphor\nMetamorphoses and I\u2019m a fuckin animorph\nI used to go to school with Anna Fedele and Danny Whorf\nRemember I used to bang with the bad ones\n'Til my grandmama told on her grandson\nMama said that I was way too handsome\nTo be throwing the hand\u2019s son, breaking walls like Samson\nBut I\u2019ma throw a tantrum 'til I\u2019m on every Samsung\nSanyo and handheld and handgun\nPlease put ya lighter\u2019s up 'til life is up, then light it up\nAnd slice a cut, the night is young, it\u2019s nice enough\nThe nicest blunt, the nicest stuff\nMy niggas out here trapping a lot\nI know you think you on, hiding Reggie sacks in your socks\nI hang with niggas, whole jab in the jock\n.4\u2019s for 15, yeah my niggas, we be taxing a lot\nOnly the goofies, though, choking on a doobie, though\nMy eyes do be low, two be rolled, remember days of the Rufio\nRemember the Days of Chan-Man and the Skeeter Man\nBrrang dang to Lil' B and bang a-rang to Peter Pan\n\n[Chorus]\nI burned too many brain cells down\nTo be worried 'bout my brain cells now, oh no\nI burned too many brain cells down\nTo be worried 'bout my brain cells now, oh no\nI burned too many brain cells down\nTo be worried 'bout my brain cells now\nI burned too many brain cells down\nDown, down, down-down, uh\n\n[Verse 2]\nLight a joint, or spliff it if you classy\nSplit a swisha witcha nigga if you ask me\nAin't no questions, hit it vividly and pass me\nDon\u2019t answer about your problems\nOr your issues or your athletes\nIt\u2019s a quarter to imminent, ten minutes to infinite\nRims, Henny, and reminisce, nostalgia and M&M's\nCinnamon tone women and feminine\u2019s getting intimate\nAll broads is frivolous and homies could get they dividends\nDamn, is he illiterate, literal syndicate\nIllegitimate, idiot, gangbanger-affiliate\nSick twisted prick, dick sadistic\nSon of a biscuit, man fuck this shit, uh\n\n[Chorus]\nI burned too many brain cells down\nTo be worried 'bout my brain cells now\nI burned too many brain cells down\nTo be worried 'bout my brain cells now, oh no\nI burned too many brain cells down\nTo be worried 'bout my brain cells now\nI burned too many brain cells down\nDown, down, down-down\n\n[Outro]\nOh no, no, no\nOh no, no\nOh no, no, no, no\nAnd this is my 10 Day\nThis is my 10 Day, oh no\nWelcome 10 Day\nHahaha, word", "image": "https://images.genius.com/ac4a508cdc6a2183a4f8ec984043a2d2.477x477x1.jpg"}], "artist": "Chance the Rapper"}