{"songs": [{"title": "Thursday Night", "album": null, "year": "2016-05-28", "lyrics": "Hands out for the curl haired sons of Abraham\nHe brought his fathers out away from\nIf they ever get caught let's hope they shake that jam\nIf they ever get caught let's hope they shake that jam shake that jam x2\n\nChance the Rapper, song-singer, senior bong-steamer\nLight up hot wheels, locked up wrong steamer\nDreamer, long beamers, our neighbors there lawns greener\nWe wrestle with envy then act up John Cena\nChancellor bennett referred to as word chemist\nThe bourbon and slurred sentences turn and i burn bridges\nCigarettes stained smile, all covered in sin\nMy big homie died, youngest turned older then him\nGet night up with the bad bitches up\nGet knocked up off a nigga bad luck\nGettin scared now\nAll that tax money I didn't add up\nThat I didn't get yet\nThey think that I got it\nHe got the long shirt so they think that I got it\nHell yeah it's preach speaking with all ya niggas\nI seen all the tweets and that from your niggas\nY'all niggas got pack from the niggas\nOh yeah and uh, I bet it comes out in a month\nLike 3001, ah!\n\n(Chorus)\nI count my blessings all day, my best friends on one hand\nI count my blessings all day, my best friends on one  hand\nMy sheep when I'm done here x2", "image": "https://images.genius.com/d5771671554a8976b034671291d2bca7.527x527x1.jpg"}], "artist": "Chance the Rapper"}