{"songs": [{"title": "Brain Cells (Demo)", "album": "5 Day", "year": null, "lyrics": "[Intro]\nWatch cases are convenient hiding places\nThe value of drugs [?] is enormous\nRecently, a huge supply of heroin was taken\nIt was concealed in a powdery, harmless shipment of 35 barrels of olive oil\nThe deadly drug was burned in an incinerator of the Bureau of Engraving and Printing\nAnd more vicous, more deadly than these soul destroying drugs is the menace of marijuana\n\n[Chorus]\nI burned too many brain cells down\nTo be worried 'bout my brain cells now\nI burned too many brain cells down\nTo be worried 'bout my brain cells now\nI burned too many brain cells down\nTo be worried 'bout my brain cells now\nI burned too many brain cells down\n\n[Verse 1]\nUh, here\u2019s a tab of acid for your ear\nYou\u2019re the plastic, I\u2019m the passion and the magic in the air\nThe flabbergasted avalanche of ambulances near\nThe labyrinth of Pan\u2019s Lab is adamantly here\nNo assignments, book of rhyming and I\u2019m drawing doodles\nI should rhyme rhyme with Ramen Noodles\nRamadan, I\u2019m the don of the diamond jewels\nFond of finding a way to kindly tell these toddlers toodles\nI\u2019m a kamikaze and I\u2019m kinda cuckoo\nI could write a fucking book, non-Kamasutral\nYou niggas goofies, it's a conflict that is kinda crucial\nCaught you on the 9 in all blue yelling, \"I\u2019m a neutral\"\nBut I\u2019ma let the bull pass like matadors\nVersus a Minotaur, verse is a metaphor\nMetamorphoses and I\u2019m a fuckin anamorph\nI used to go to school with Anna Fedele and Danny Whorf\nRemember I used to bang with the bad ones\n'Til my grandmama told on her grandson\nMama said that I was way too handsome\nTo be throwing the hand\u2019s son, breaking walls like Samson\nBut I\u2019ma throw a tantrum 'til I\u2019m on every Samsung\nSanyo and handheld and handgun\nPlease put ya lighter\u2019s up 'til life is up, then light it up\nAnd slice a cut, the night is young, it\u2019s nice enough\nThe nicest blunt, the nicest stuff\nMy niggas out here rapping a lot\nI know you think you on, hiding Reggie sacks in your socks\nI hang with niggas, whole jab in the jock\n.4\u2019s for 15, yeah my niggas, we be taxing a lot\nOnly the goofies, though, choking on a doobie though\nMy eyes do be low, two be rolled, remember days of the Rufio\nRemember the Days of Chan-Man and the Skeeter Man\nBrrang dang to Lil' B and bang a-rang to Peter Pan\n\n[Chorus]\nI burned too many brain cells down\nTo be worried 'bout my brain cells now\nI burned too many brain cells down\nTo be worried 'bout my brain cells now\nI burned too many brain cells down\nTo be worried 'bout my brain cells now\nI burned too many brain cells down\nUh, uh, uh-uh\n\n[Verse 2]\nLight a joint, or spliff it if you classy\nSplit a swisha witcha nigga if you ask me\nThere's no skipping, hit it vividly and pass me\nDon\u2019t answer about your asthma\nOr your issues or your Ashleys\nIt\u2019s a quarter to imminent, ten minutes to infinite\nRims, Henny, and reminisce, nostalgia and M&M's\nFeminine\u2019s getting intimate, cinnamon tone women\nAnd homies could get they dividends, all broads is frivolous\nDamn, is he illiterate, literal syndicate\nIllegitimate, idiot, gangbanger-affiliate\nSick twisted prick, dick sadistic\nSon of a biscuit, man fuck this shit\nHold up, I need a roll up\nBetter yet, I need to roll up\nMama always glad Mary showed up\nAfter the show, let's put a zone up\nZone out, smoke up, blunts, bongs and [?]\nYep, haha\n\n[Bridge]\nI smoked too many Js right now\nI smoked too many Js right now, right now, right now\nI burned too many brain cells down\nI burned too many brain cells down\n\n[Chorus]\nI burned too many brain cells down\nTo be worried 'bout my brain cells now\nI'm burning up my brain cells now\nI'm burning up my brain cells now\nI burned too many brain cells down\nTo be worried 'bout my brain cells now\nI burned too many brain cells down\nDown, down, down-down", "image": "https://images.genius.com/ac4a508cdc6a2183a4f8ec984043a2d2.477x477x1.jpg"}], "artist": "Chance the Rapper"}