{"songs": [{"title": "Hiatus (Broadcast)", "album": null, "year": "2015-05-24", "lyrics": "[Produced by Hiatus Kaiyote]\n\n[Verse]\nI'm just a soul that borrowed the bod\nI have no quarrel with God\nKeep my eye on the sparrow until I'm sparrin' with Rod\nI will not spoil when I'm hot\nI'm just gon' boil this pot\nMoistenin' soil and plant sequoias that's tall enough\nThat they foil your plot\nI am not royalty or giant, just a boy with a rock\nEmployer of lawyers, boy oh boy, it ain't no boy in me, ma\nThe work is over, you should sit back and enjoy your seat, ma\nI'm buyin' groceries and toys and baby toilet seats, ma\nI'm s'posed to teach 'em and feed 'em and give 'em help when they're readin'\nAnd give 'em hugs after beatings and give 'em love after love\nI'm Hallmark and Walmart just for you\nAnd if it fall apart or it's all dark, I'm a wall charger or a call card\nOr a cab co, or a golf cart just for you\nWe a ballpark, just the two\nYou're a Gamestop, I'm a Paul Blart, just not two\nThinkin' back on my rap shit, my mini afro black shit\nThat na-na-na-na bo squad got my back shit\nNathan, Peter, Nico on my tracks shit", "image": "https://images.genius.com/d5771671554a8976b034671291d2bca7.527x527x1.jpg"}], "artist": "Chance the Rapper"}