{"songs": [{"title": "Hey Ma", "album": "10 Day", "year": "2012-04-03", "lyrics": "[Produced by Zak Fox Jablow and Tree]\n\n[Intro: Chance the Rapper]\nHey Ma, hey Ma, hey Ma\nHey Ma, hey Ma, hey Ma\n\n[Verse 1: Chance the Rapper]\nI said, \"Hey Ma,\" don't go stretching your wallet\nThese niggas gotta pay me for taking a year from college\nGo on get ya nails polished, stylist for your eyelids\nAnd a pilot for your mileage for them frequent flights to your island\nMs. Brown and Ms. Pollock, little boy done grown up\nLittle voice done blown up, middle-class that bonus\nHey ma', hey mama Jan; God just gave me another chance\nRod just gave me another line, probably gave me another fan\n7-7-3, Oh, since Kanye was a three-old\nDown the street from D. Rose, was practicing his free-throws\nShout out to that Gulf Shrimp, shout out to King Gyro\nShout out that Ms. Moody, auntie Toni them my heroes\n\n[Chorus: Chance the Rapper]\nWe gon' get this paper (Put that on my mama)\nYou gon' see us laid up (Put that on my mama)\nMonica and Ava, thanks for all the favors\nGot my money saved up (Put that on my mama)\nWe gon' get this paper (Put that on my mama)\nYou gon' see us laid up (Put that on my mama)\nMonica and Ava, thanks for all the favors\nGot my money saved up (Put that on my mama)\n\n[Verse 2: Chance the Rapper]\nHey Ma, hey Ma I know I never did behave a lot\nNever got good grades a lot\nAnd turned your hairs to grays a lot\nAnd go in stores and take a lot\nAnd never shopped but saved a lot\nSo you ain't gotta shop at Save A Lot\nAnd you ain't gotta worry about Chase a lot\nThey playing with your checks, your shit\nCause they gonna take your pay or not\nQue Sera gotta dance, fuck them niggas you smarter than\nWe just gonna beg your pardon them\nSave Money, my patna dem\nI'm part of them, It's part of me\nThis Save Mula, Bo squad III\nI'm riding around my side of town\nHotboxing, no cops around\nI had the tux I had the gown\nJust had a show, just had to bounce\nIt's Chance ho, #10Day\nChano no hable ingles\nThat language be that chanish but ooh!\nMuy caliente\nSo she just gonna throw her steps on\nAnd haters gonna throw that epsom\nAnd we just gonna throw a party\nAnd I'm gonna just throw my Teflon\nCause family be that blood though\nAnd I ain't even flexin'\nBut twin bro be that Victor\nAnd Big Cuz be that Chef Sean\n\n[Bridge: Gin Wigmore]\nUh, uh, uh-uh-uh-uh\n(Yo, I'm gonna sing)\nIn what you be, in what you do\nDon't stop (being you)\nI said don\u2019t stop, in what you be, in what you do\nDon\u2019t stop (being you)\nDon't stop, in what you be, in what you do\nDon't stop (being you)\n10 Day\n\n[Chorus: Chance the Rapper]\nWe gon' get this paper (Put that on my mama)\nYou gon' see us laid up (Put that on my mama)\nMonica and Ava, thanks for all the favors\nGot my money saved up (Put that on my mama)\nWe gon' get this paper (Put that on my mama)\nYou gon' see us laid up (Put that on my mama)\nMonica and Ava, thanks for all the favors\nGot my money saved up (Put that on my mama)\n\n[Outro: Chance the Rapper]\nAyo I wanna thank, MC Tree mama\nI wanna thank Fox mama, I wanna thank Robbie mama\nLili mama, Peter mama\nMY mama, my dad mama\nYour mama, I wanna thank moms\nI wanna thank, L-Boog mama, I wanna thank Tom Fool mama\nI wanna thank, Talent mama, Marcus mama\nI wanna thank, Thelonious mama, Vic mama, Reese mama\nI just wanna, I wanna thank anybody whose been a mother to a motherless child\nI love you mommy\n10Day\nI hope y'all had a good time\nIGH!", "image": "https://images.rapgenius.com/369050400ac60f7056ad82fbcfed00a4.800x800x1.jpg"}], "artist": "Chance the Rapper"}