{"songs": [{"title": "No Better Blues", "album": null, "year": "2014-10-15", "lyrics": "[Intro]\nIt just don't get better\nIt don't get better\nIt just don't get no better\n\n[Hook]\nIt don't get no better\nIt don't get no\nIt don't get no better\nIt just don't get no better\n\n[Verse 1]\nI hate my bed, I hate my home, I hate my job\nI hate the wife, I hate the kids, I hate the dog\nI hate the sun, I hate the rain, I hate the clouds\nI hate the TV, hate the dinner, hate the couch\nI hate the car, I hate the bus, I hate the road\nI hate the bar, I hate to drink, I hate to smoke\nI hate a stranger, hate his boss, I hate his friend\nI hate the womb, I needed room, I ate my twin\nI hate my hands, handshakes, pancakes, milkshakes\nChild-resistant locks on the pill case\nI hate inflation, hate the store, I hate to choose\nI hate the war, I hate the poor, I hate the news\nI hate the late, I can't be early, hate to wait\nI hate my lovers cause the way they suffocate\nI fuck to hurt, it hurt to date, I hate to date\nI fuck to hate, I hate to love, I hate to hate\n\n[Bridge]\nAnd it just don't\nAnd it just don't\nAnd it just don't\n\n[Hook]\nIt don't get no better\nIt don't get no\nIt don't get no better\nIt just don't get no better\n\n[Verse 2]\nI hate to lose, I hate to try, I hate to win\nI hate to cruise, I hate to fly, I hate to swim\nI hate the optimistic smirks on the face of children\nI hate the government and those who deface its buildings\nI hate artists, hate creatives, I hate bright people\nI hate darkness, I hate racists, I hate white people\nI hate small speakers, I hate loud speakers\nI hate great concerts, I don't like crowds neither\nI hate money, I hate change, I hate hope\nI hate funny, I hate strange, I hate dope\nI hate charities and parodies and tragedies\nI hate carrots, peas, asparagus\nVirtually all vegetables, circuses, all festivals\nTexts that are oversexual, motion because it's perpetual\nI hate schedules, calendars, reminders cause' they just remind us That tomorrow gon' be just as timeless\nI fuckin' hate you\n\n[Bridge]\nAnd it just don't\nAnd it just don't\nAnd it just don't\n\n[Hook]\nIt don't get no better\nIt don't get no\nIt don't get no better\nIt just don't get no better", "image": "https://images.rapgenius.com/3ce404f150edcf34e1dfa648721e2a12.500x500x1.jpg"}], "artist": "Chance the Rapper"}