{"songs": [{"title": "Lost", "album": "Acid Rap", "year": "2013-04-30", "lyrics": "[Produced by Nate Fox]\n\n[Chorus: Chance the Rapper]\nMy druggy, love me, when I'm ugly, hug me\nWhen I'm bummy, scummy, I'm your hubby\nLet's get lost\nLet's get lost\n\n[Verse 1: Chance the Rapper]\nDamn, I'm in so deep, girl, probably 'cause you're empty\nYou can't even speak (IGH!) Damn, your mouth so minty\nOoh your mama hate me, daddy wouldn't let you\nIf he ever met me, if he ever met you\nPut that shit behind us and put this in your sinus\nMine is all up in my gums, minus all that shit it's lined with\nI say oh-oh-oh-ohh, you been scratchin', you been fiendin'\nI'ma fix you, I'ma fuck you, I'ma get rid of them demons\nIt's my\n\n[Chorus: Chance the Rapper]\nMy druggy\nWhen I'm ugly\nHug me\nWhen I'm bummy, scummy\nI'm your hubby\nLet's get lost, let's get lost\n\n[Verse 2: Chance the Rapper]\nDamn, I need a minute - aight, lehgo\nShe fell in love, it fell apart - aight, let go\nShe met her match, I let her match\nShe lit her match, she let me smoke\nYeah me mad petty, yeah me bogus\nYeah yeah yeah yeah yeah me know\nYeah she knew too (IGH!), it made her love it\nHer pussy like me, her heart like \"fuck it\"\nSo dance for daddy like Gator\nAin't no partners on this trip\nAnd lose yourself in my room\nAnd find yourself in my grip\nI'm sayin'\n\n[Chorus: Chance the Rapper]\nMy druggy\nWhen I'm ugly\nHug me\nWhen I'm bummy, scummy\nI'm your hubby\nLet's get lost, let's get lost\n\n[Verse 3: Noname]\nI blessed myself inside your arms one day\nSwear to God there I was when the dress\nAnd the silver buttons fade away\nMiss Mary Mattress, geriatrics\nFuck me into open caskets, I wanna die with this\nI wanna stop seeing my psychiatrist\nShe said \"pill pop, baby girl 'cause I promise you, you tweaked\nThe empty bottled loneliness, this happiness you seek\"\nThe masochism that you preach\nPractice backflips, tragic actress\nOn a movie with no screen\nWhen the only time he loves me is naked in my dreams\n\n[Chorus: Chance the Rapper]\nMy druggy\nWhen I'm ugly\nHug me\nWhen I'm bummy, scummy\nI'm your hubby\nLet's get lost, let's get lost\nIGH!", "image": "https://images.genius.com/aa16cba40f43828a61bbb6212de712bd.750x750x1.jpg"}], "artist": "Chance the Rapper"}