{"songs": [{"title": "On BET Tour Freestyle", "album": null, "year": null, "lyrics": "4 or 5 hours on the road\nI was doin' doughs, I was gettin' golds\nI was in Africa, I was gettin' gold\nI was with Nate, Nate said wait\nPut it on a steak, put it on a plate\nCall up my homies in another state(Ooh!)\nGettin' hella great\nGettin' hella cheese, put it on a grate\nThat's shredded cheese\n(You too hot. Light fire on these bitches!)\nFWOOSH!!!", "image": "https://images.genius.com/d5771671554a8976b034671291d2bca7.527x527x1.jpg"}], "artist": "Chance the Rapper"}