{"songs": [{"title": "Chance The Rapper Vibin With Einer Bankz At Coachella", "album": null, "year": "2018-04-19", "lyrics": "[Intro]\nYeah, yeah, yeah, yeah, yeah\n(Mm) Yeah, yeah\nYah (yah)\n\n[Verse]\nLazy male\nComplainin' 'bout how high school he could\nBut his ACL\nAye, [?]\nYou're my daddy, how\nYou just a uncle from ATL\nYou better take out that trash\nBoy, get your big\nGrown ass on\nOld ass on\nBroke ass drinkin' up all the milk\nBut can't do no laundry\nEHarmony romance on\nWatch your tone, folk\nTalkin' to grown folk\nYeah, get that bass out your voice\nYou was soundin' like Tone Loc\nNow watch how I move\nDifferent chapters\nDecision's mission\nVisit pastors\nEverybody finally can say it out loud\nYour favorite rapper a Christian rapper\nAnd I got faith in my fate\nIn my soul, in my tape\nIn the cape, in the drape\nFrom out West to the lake\nThen cover his face like a Bape\nAnd I hate when I wait\nNever come late\nTobacco back Rolls\nTo bus seat back rows\nTo black boy black Rolls\nBlack Rolls\nMen grow just as surely as mountain's peak\nAnd plateaus plateau, you know what I mean?\nYou just a grown ass kid\nWho the fuck you think you is\nThe sun is only halfway up\nYou still ain't come out your crib\nYou just a grown ass boy\nGet up out o' here with all that noise\nYou still ain't come out your crib", "image": "https://images.genius.com/700f0ed8dac2c53562915511bb61c9c9.480x360x1.jpg"}], "artist": "Chance the Rapper"}