{"songs": [{"title": "Kanye's Prayer", "album": null, "year": "2016-11-23", "lyrics": "[\"All We Got\" Piano]\n\nI want to extend a very special prayer to my big brother Kanye West. I know there's a lot of weird foo...folks out there. But you already know I'm a hundred grand, and I wanted to extend this prayer, extend this love, extend this love, all the way from Britain. We might come back early to come and see this man. Happy Thanksgiving.\n\n[\"All We Got\" Hook]", "image": "https://images.genius.com/e5d7dc1f8b4857c62be2486b43ae0599.976x549x1.jpg"}], "artist": "Chance the Rapper"}