{"songs": [{"title": "Link Kontes Seo Website", "album": null, "year": null, "lyrics": "http://linkcunua.myblog.de/linkcunua/art/8859812/Artikel-Seo-CMDBET-2015\nhttp://reawet.myblog.de/reawet/art/8501620/Promo-Game-cmdbet-Online http://chanming.myblog.de/chanming/art/8856392/Agen-Bola-terpercaya-yang-ada-di-Indonesia http://beraniseo.bravesites.com/entries/general/penggemar-permain-roullete-dan-sicbo http://chanming.bravesites.com/entries/general/guavita-depo-100-ribu http://reaser.pbworks.com/w/page/95469359/reaser http://luingcau.blog.com/ http://chanming.blog.com/2015/04/22/berbagi-tentang-informasi-seo-kontes/ http://chanmin.blogdetik.com/2015/04/22/mendapatkan-uang-dengan-cara-bermain-artikel-kontes/ http://chanmin.blogdetik.com/ http://serlichan.over-blog.com/2015/04/berbagai-keuntungan-ada-untuk-keno-god.html http://huitan.over-blog.com/2015/04/keno-berikan-bonus-besar.html http://linkcunua.over-blog.com/2015/04/guavita-memberikan-info-dan-bonus-menarik.html http://chanliu.over-blog.com/2015/04/tutorial-permainan-guavita-promo-bonus.html http://chanming.over-blog.com/2015/04/special-guavita-dengan-bonus-besar.html https://www.kickstarter.com/profile/555719106 http://gngcingpa.mywapblog.com/perusahaan-betting-1stpokerking.xhtml http://manjau.mwb-id.com/cara-daftar-1stpokering.xhtml http://balaeai.mwb.im/lisensi-judi-penuh-untuk-olahraga-cmdbet.xhtml http://objavi.yu.tl/asiapoker77-sangat-puas-pelayanannya.xhtml http://ridwanseo.mwb.im/1stpokering-online-promo-bonus.xhtml http://chanminseo.faa.im/guavita-disajikan-secara-live.xhtml http://chanming.pun.bz/baccarat-roullete-sic-bo-dadu-casino-hol.xhtml http://chanming.heck.in/guavita-online.xhtml http://ridwanseo.weebly.com/blog/cara-bermain-kontes-seo\nhttp://cunyen.weebly.com/blog/cara-berbagi-kenogod-online\nhttp://sophiemisi.weebly.com/blog/kontes-seo-kenogod-online-2015\nhttp://chanming.weebly.com/\nhttp://punjapabian.weebly.com/blog/situs-asiapoker77-promo-kontes\nhttp://meongseo.pun.bz/cara-mendapatkan-uang-lewat-guavita.xhtml\nhttp://backsapace.faa.im/cara-bermain-games-368bet-dengan-promo-g.xhtml\nhttp://lockseo.mwb.im/berbagi-pengalaman-dengan-game-368bet.xhtml\nhttp://sceennlocck.mywapblog.com/368bet-berikan-promo-instan.xhtml http://siswaseo.opx.pl/2/live-guavita-link-kontes-seo/\nhttp://siswaseo.prv.pl/2/link-kontes-seo-games-368bet/\nhttp://kontespoto.pev.pl/2/how-to-register-games-368bet/\nhttp://mauseo.prv.pl/2-bez-kategorii/2-kontes-seo.html\nhttp://ridwan.over-blog.com/2015/04/daftar-agen-togel-klik4d.html\nhttp://viefin.over-blog.com/2015/04/klik4d-berbagi-bonus-untuk-anda.html\nhttp://inginberbagi.over-blog.com/2015/04/fakta-bermain-tangkasnet-bonus-besar.html\nhttp://figurseo.over-blog.com/2015/04/daftar-game-tangkasnet-dengan-bonus.html\nhttp://bukangue.over-blog.com/2015/04/games-promo-bonus-tangkasnet.html\nhttp://rudwna.bloggplatsen.se/2015/04/26/11081800-kelebihan-bermain-guavita-casino/\nhttp://ridwafoour.blogg.se/2015/april/play-more-game-guavita.html\nhttp://ridwanseo.wpweb.fr/2015/04/26/your-link-website-kontes/\nhttp://ridwanseo.yu.tl/permainan-mickey-mouse-kontes-seo.xhtml\nhttp://ridwanmalas.mwb.im/game-ketangkasan-dengan-promo-besar.xhtml\nhttp://suaraseo.mywapblog.com/riview-kontes-seo-game-ketangkasan.xhtml", "image": "https://images.genius.com/d5771671554a8976b034671291d2bca7.527x527x1.jpg"}], "artist": "Chance the Rapper"}