{"songs": [{"title": "Original Waves", "album": null, "year": null, "lyrics": "[Choir Enters while humming]\n\n[Verse: 1]\nSun don't shine in the shade\nBirds don't fly in a cage (Hey)\nEven when somebody pass away\nThey don't ever really go away\n\n[Pre-Hook]\nThat's just the waves\n\n[Hook]\nWaves don't die\nAy Ay Ay\nWaves don't die\nAy Ay Ay\n\n[Chorus: Choir and Chance the Rapper]\nOhh, yeah Ohh, yeah\nOhh, yeah Ohh, yeah\n(hey ay ay)\nOhh, yeah Ohh, yeah\n\n[Verse: 2]\nWanna see the bricks' right\nTired of getting swished like\nThey want me on the bench like\n\n[Song tails off...]", "image": "https://images.genius.com/d5771671554a8976b034671291d2bca7.527x527x1.jpg"}], "artist": "Chance the Rapper"}