{"songs": [{"title": "No Problem", "album": "Coloring Book", "year": "2016-05-12", "lyrics": "[Intro: Ha Ha Davis + Chance The Rapper]\nYou don't want zero problems, big fella!\nYep! Igh!\n\n[Refrain: Chance The Rapper]\nIf one more label try to stop me\nIt's gon' be some dreadhead niggas in ya lobby, huh huh\n\n[Chorus: Chance The Rapper]\nYou don't want no problem, want no problem with me, bih!\nYou don't want no problem, want no problem with me\nJust another day, had to pick up all the mail\nThere go Chano ridin' through the streets, they be like, \"There he go!\"\nYou don't want no problem, want no problem with me, bih!\nYou don't want no problem, want no problem with me\nJust another day, had to pick up all the mail\nThere go Chano ridin' through the streets, they be like, \"There he go!\"\n\n[Verse 1: Chance The Rapper]\nOoh, watch me come and put the hinges in their hands\nCountin' Benjis while we meetin', make 'em shake my other hand\nMilly rockin', scoopin' all the blessings out my lap\nBitch I know you tried to cheat, you shoulda never took a nap, hey\nFuck wrong with you? What you were thinkin'?\nFuck you thought it was?\nYou talk that talk that make a lame ass nigga fall in love\nNot me, though, bitch you can keep those\nBruh, I'm at your head like Craig did Deebo\nDon't tweak, bro, it's never sweet, ho\nMy shooters come for free, so\n\n[Refrain: Chance The Rapper & Lil Wayne]\nIf one more label try to stop me\nIt's gon' be some dreadhead niggas in ya lobby, huh huh\n\n[Chorus: Chance The Rapper & 2 Chainz]\nYou don't want no problem, want no problem with me\nYou don't want no problem, want no problem with me\nYep, yep!\nPull up in the new thing, I'm like\nYou don't want no problem, want no problem with me\nYou don't want no problem, want no problem with me\nYou don't want no problem, want no problem with me\nYou don't want no problem, want no problem with me\n(Yeah, 2 Chainz)\nThey be like, \"There he go!\"\n\n[Verse 2: 2 Chainz]\nYou old Petey Pablo, take your shirt off\nWave 'round your head like a helicopter\nI ain't put enough weed in the blunt\nAll you do is smoke tobacco\nWhere the hell you get them from?\nYeezy said he ain't make them\nMy niggas chasin' bounty hunters\nAnd gettin' chased by their baby mommas\nMy first tat was on my stomach\nGot a pocket full of money\nAnd a mind full of ideas\nSome of this shit may sound weird\nInside of the Maybach\nLook like it came out of Ikea\nRun shit like diarrhea\nBig yacht, no power steering\nAye, aye, captain\nI'm high, captain\nI'm so high\nMe and God dappin'\nThis is my blessin'\nThis is my passion\nSchool of hard knocks\nI took night classes\n\n[Chorus: Chance The Rapper]\nYou don't want no problem, want no problem with me, bih!\nYou don't want no problem, want no problem with me\nYep, yep!\nPull up in the new thing, I'm like\nThey be like, \"There he go!\"\n\n[Verse 3: Lil Wayne]\nI got problems bigger than these boys\nMy deposits, they be on steroids\nLord, free the Carter, niggas need the Carter\nSacrificin' everything, I feel like Jesus Carter\nHold up, I got this sewed up, my soda poured up\nMy woes up, I'm flippin' those bucks, they doing toe tucks\nI rolled up and let the smoke puff\nI lay down, toes up\nHold up, get too choked up when I think of old stuff\nMove on, put my goons on, they kidnap newborns\nIn the streets my face a coupon\nHer pussy too warm\nAll these bitches come to do harm\nJust bought a new charm\nFuck the watch, I buy a new arm, you lukewarm\nI'm Uncle Luke with the hoes\nPretty bitches, centerfolds\nTippy toes around my crib in they robes, just their robes\nHalf a milli' in the safe, another in the pillowcase\nCodeine got me movin' slower than a caterpillar race\nFuck wrong with you? What you were thinkin'?\nWhat you thought it was?\nI just popped five Percocets and only caught a buzz\nAnd if that label try to stop me\nThere gon' be some crazy Weezy fans waitin' in the lobby\nMula, baby\n\n[Chorus: Chance The Rapper]\nYou don't want no problem, want no problem with me, bih!\nYou don't want no problem, want no problem with me\nJust another day, had to pick up all the mail\nThere go Chano ridin' through the streets, they be like, \"There he go!\"\nYou don't want no problem, want no problem with me, bih!\nYou don't want no problem, want no problem with me\nJust another day, had to pick up all the mail\nThere go Chano ridin' through the streets, they be like, \"There he go!\"\n\n[Outro: Lil Wayne & Chance The Rapper]\nYou don't want no problem, want no problem with me\nYou don't want no problem, want no problem with me\nYou don't want no problem, want no problem with me\nYou don't want no problem, want no problem with me\nYou don't want no problem, want no problem with me\nYou don't want no problem, want no problem with me\nThey say so, ridin' with the payo'\nThey be like, \"There he go!\"\n\n[Produced by BrassTracks]", "image": "https://images.genius.com/b17a54d05a3de269cc6ea53c3f71f73e.1000x1000x1.jpg"}], "artist": "Chance the Rapper"}