{"songs": [{"title": "Summer Friends", "album": "Coloring Book", "year": "2016-05-13", "lyrics": "[Intro: Francis & The Lights]\nOoh, ooh, ooh, incredible\nMy lord... incredible\nI believe...\n\n[Verse 1: Chance The Rapper]\nSocks on concrete, Jolly Rancher kids\nI was talkin' back and now I gotta stay at grandma's crib\nBunch of tank-top, nappy headed bike-stealin' Chatham boys\nNone of my niggas ain't had no dad\nNone of my niggas ain't have no choice\nJJ, Mikey, Lil Derek and them\n79th street was America then\nIce cream truck and the beauty supply\nBlockbuster movies and Harold's again\nWe were still catchin' lightnin' bugs\nWhen the plague hit the backyard\nHad to come in at dark cause the big shortys act hard\nOkay now, day camp at Grand Crossing\nFirst day, nigga's shootin'\nSummer school get to losin' students\nBut the CPD getting new recruitment\nOur summer don't, our summer\nOur summer don't get no shine no more\nOur summer die, our summertime don't got no time no more\n\n[Chorus: Chance The Rapper + Francis & The Lights]\n'Cause you're my friend\nSummer friends don't stay\nYou're my friend\nSummer friends don't stay, stay around\nSummer friends, summer friends\nYou're my friend\nSummer friends don't stay\nSummer friends don't stay, hey\nStay around here\n\n[Verse 2: Chance The Rapper]\nOh I used to kill 'em with the long hair\nMama hair salon doin' perms out the armchair\nDad was workin' late, he treat the crib like it's a timeshare\nI would mow some lawns\nFold my ones like a lawn chair, hugh, hugh!\nNow I'm the same way, overtime all the time, every night, hey\nReady my blessin', now I'm ready how I wait\nNever let a friendship get in my way\nNever let a blog get in my way\nMake the whole song do whatever I say\n79th, 79th, 79th, hey\n79th, 79th, 79th, hey\nSome of my homegirls got lost in the paperwork\nThey was good friends but I faked the flirt\n'Cause if it ain't work, can't make it work\nIt's been a minute since I called on a friend\nFucked up and fucked all my friends\n\n[Pre-Chorus: Chance The Rapper & Francis & The Lights]\n'Cause you're my friend\nAll my friends\nYou're my friend\nAll my...\nStick around\n\n[Chorus: Chance The Rapper & Francis & The Lights]\nSummer friends, summer...\nYou're my friend...\nSummer friends don't stick around\nStick around, hey\nAnd some of us...\n79th, 79th, 79th, hey\n79th, 79th, 79th, hey\n79th, 79th, 79th, hey, hey, hey\nYou're my friend\n79th, 79th, 79th, hey, 79th\nSo put your head on my shoulder\nCitywide, citywide, citywide, hey\nCitywide, citywide, citywide, hey\nCitywide, citywide, citywide, hey\nCitywide, citywide, citywide, hey\nCitywide, citywide, citywide\nCitywide, citywide, citywide\nCitywide, citywide, citywide\nCitywide, citywide, citywide\nCitywide, citywide, citywide....\nI will wait around for you\nI will wait around for you\nSo lay your head on my table\nLay your, lay your head on my table\n\n[Interlude]\nMay the Lord give your journey mercy\nMay you be successful, grant you favor\nAnd bring you back safely, I love you\n\n[Outro: Jeremih]\nWhen I was so young before I could remember\nI would always treat my gang like family members\nEven when I changed, a nigga never changed up\nI always bring my friends, my friends, my friends, my friends up\nWhen I was so young before I could remember\nI would always treat my gang like family members\nEven when I changed, a nigga never changed up\nI always bring my friends, my friends, my friends, my friends up", "image": "https://images.genius.com/b17a54d05a3de269cc6ea53c3f71f73e.1000x1000x1.jpg"}], "artist": "Chance the Rapper"}