{"songs": [{"title": "Fuck You Tahm Bout", "album": "10 Day", "year": "2012-04-03", "lyrics": "[Produced by Lex Luger]\n\n[Intro]\n10 days?\nAre you for real? Are you serious?\nFuck it then!\n\n[Bridge]\nFuck you tahm bout? Nigga, fuck you tahm bout?\nFuck you tahm bout? Nigga, fuck you tahm bout?\nFuck you, fuck you tahm bout? Fuck you, fuck you tahm bout?\nNigga, fuck you, nigga, fuck you, nigga, fuck you tahm bout?\n\n[Chorus]\nNigga, fuck you tahm bout? Fuck you tahm bout?\nNigga, fuck you tahm bout? Fuck you tahm bout?\nFuck, fuck you tahm bout? Nigga, fuck you tahm bout?\nNigga, fuck you tahm bout? Fuck you, fuck you, nigga\nFuck you tahm, fuck you tahm bout? Nigga, fuck you tahm bout?\nFuck you tahm bout? Nigga, fuck you, nigga, fuck you tahm\nFuck you tahm bout? Nigga, fuck you tahm bout?\nNigga, fuck you, nigga, nigga, fuck, fuck, fuck, tahm, tahm, talm\n\n[Verse 1]\nNigga, fuck this whole school and everything you tahm 'bout\nDon't ask me for no I.D., bitch I fucking signed out\nBitch I've been suspended, bitch I've been on timeout\nWaking up in grind mode and sleeping in a grindhouse\nSo please don't hit my line 'bout the party trying to find out\nWhat time that shit going to start\nOr when it end, or who gone come out\nOr if I walked the stage\nI've been on stage since I could rhyme out\nShows and shows and tapes\nOf trying to get my fucking lines out\nSo please don't take my BIC out, my book out, my pick out\nMy hair, my fucking big mouth, you dick head you dipped out\nOf class and now you shit out of luck, who fucking slick now\nAnd with them rhymes you written down\nI hope you get a mixdown\nWith a diss track from Ms. Rownd\nAnd my dick sack in this bitch mouth\nGive a five-hive to my teacher face\nAnd my principal that fist pound\nAnd now you gotta switch gowns\nWe caught you, little rascal\nWe got you throwing tantrums\nWhen you could've thrown a tassel, ahh\n\n[Chorus]\nNigga, fuck you tahm bout? Fuck you tahm bout?\nNigga, fuck you tahm bout? Fuck you tahm bout?\nFuck, fuck you tahm bout? Nigga, fuck you tahm bout?\nNigga, fuck you tahm bout? Fuck you, fuck you, nigga\nFuck you tahm, fuck you tahm bout? Nigga, fuck you tahm bout?\nFuck you tahm bout? Nigga, fuck you, nigga, fuck you tahm\nFuck you tahm bout? Nigga, fuck you tahm bout?\nNigga, fuck you, nigga, fuck, fuck, fuck, fuck you tahm bout?\n\n[Verse 2]\nNigga, you're a weakling, why you talking dealing?\nLike, \"All my niggas flip birds!\" Nigga, you're a wing-zing\nYou ain't nothing but my seedling, I'll hang you from the ceiling\nAnd leave yo' little ass leaking, and leave yo' body stinking\nDude, yo' ass been drinking? Or you just wasn't thinking?\nI'll hit you with that 6-piece: bink, bink, bink, bink, bink, bink!\nI hear your pockets jingling\nIt's calling me like \"ring, ring!\"\nI'll choke you with your bling bling\nThen run faster than Tink Tink\nAnd all these goofies mad though\nLike, \"Why he such a asshole?\"\nAnd I ain't even mad yo, I'll stab you with a screwdriver\nThat shit ain't even rhyme nigga\nI'm fucked up out my mind nigga\nI stay right off the '9 nigga\nThat's where they try an' find a nigga\nFeeling froggy? Better timid up\nHarsh feelings gone, put 'em in a blunt\nCause niggas don't wanna get bended up\nStay talking but don\u2019t send it up\nUsed to send it up for my skinner lunch\nSave money niggas really won't spend a buck\nGimme that cash, that ben what up\nPockets keep that denim bruh like ahh\n\n[Chorus]\nNigga, fuck you tahm bout? Fuck you tahm bout?\nNigga, fuck you tahm bout? Fuck you tahm bout?\nFuck, fuck you tahm bout? Nigga, fuck you tahm bout?\nNigga, fuck you tahm bout? Fuck you, fuck you, nigga\nFuck you tahm, fuck you tahm bout? Nigga, fuck you tahm bout?\nFuck you tahm bout? Nigga, fuck you, nigga, fuck you, nigga\nFuck you tahm bout? Nigga, fuck you tahm bout?\nNigga, fuck you, nigga, fuck, fuck, fuck, fuck you tahm bout?\n\n[Outro]\nFuck you tahm bout?\nFuck you tahm bout?\nFuck you tahm bout?\nFuck you tahm bout?\nFuck you tahm bout?\nFuck you tahm bout?\nFuck you tahm bout?", "image": "https://images.genius.com/04c687414ea567ebf44f05a92c3e86ff.1000x1000x1.jpg"}], "artist": "Chance the Rapper"}