{"songs": [{"title": "Chance The Rapper's #SoGoneChallenge", "album": null, "year": "2016-08-10", "lyrics": "[Intro]\nThanks for filming this\nI wrote this for you today\nChano A.K.A. Mr. Windy City\nRemix!\n\n[Verse]\nI got the baddest chick on the planet\nShe ain't mixed but folks be askin' if she half Hispanic\nShe complain about the baby weight but I ain't panicked\nSince she got pregnant she been showin' crack like bad mechanics\nI rub her feet, I put in work like I was Robyn Fenty\nThe only chick that I hold as much is probably Kinsley\nI sit with her and watch Black Ink and Being Mary\nBut never Love & Hip Hop, that shit get kinda scary\nShe stand about six feet, she used to hoop at 'Lane\nI tried to stick her the other day and got my ankle sprained\nI fell deep, tried to leave, but you know the way that you learn best\nIs leavin' out the garage and get hit with that U-turn text\nSo if you got a girl and she sexy and she grown\nStay your ass at home 'fore you end up all alone\nLeave the toilet seat down, always keep your phone\nAsk my BM, she got her own ringtone, and she was singing...", "image": "https://images.genius.com/d5771671554a8976b034671291d2bca7.527x527x1.jpg"}], "artist": "Chance the Rapper"}