{"songs": [{"title": "We The People", "album": null, "year": "2016-08-10", "lyrics": "[Verse: Chance the Rapper]\n\nWe want some heroes in our story\nWe need highlights for a night light\nWe need glory for a while\nWe want results, we want results\nHit our families, hit our folks, bombs bursting in air\n\nOh, say, can you see America face?\nWe share a pair of parents, took good care of the place\nWe just want narrators to pick up the narrative's pace\nPut on a show for us, float for us\nMake it easy, make some mo' for us\nSave the day\n\nWe want a W, we tired of picking different sides\nI got your jersey, just a different size\nWe all want you to be a buzzer beater\nFind us a leader far from Silent Bob's and Cousin Skeeter's\nThrough the perilous fight, want you to be brave\nWe want us a hero, we need a teammate\n\n[Hook: Chance the Rapper] x 2\n\nPeople, people\nWe the people would like you to know\nThat wherever you go, we're right by your side\nPeople, people\nWe the people would like you to know\nThat wherever you go, we're right by your side\n\n[Hook: Chance the Rapper & James Fauntleroy]\n\nPeople, people\nWe the people would like you to know\nThat wherever you go, we're right by your side", "image": "https://images.genius.com/d5771671554a8976b034671291d2bca7.527x527x1.jpg"}], "artist": "Chance the Rapper"}