{"songs": [{"title": "You A Bitch", "album": null, "year": "2016-08-12", "lyrics": "[Intro: AZ + (Nas)]\nAiyo, what's up, what's up?\nLet's keep it real, son, count this money\nYou know what I'm sayin'? (Yeah yeah)\nAiyo, put the Grants over there in the safe\nYou know what I'm sayin'?\n\u2018Cause we spendin' these Jacksons\nThe Washingtons go to wifey, you know how that go\n(I'm sayin' that's what this is all about right\nClothes, bankrolls and hoes)\n\n[Hook: Chance The Rapper]\nYou a bitch\nAnd when I say bitch I don't mean a bitch\nBut speakin' of bitches I'm with your bitch\nAnd you ain't on shit cause you'se a bitch\nYou's a bitch\nYou a bitch\nAnd when I say bitch I don't mean a bitch\nBut speakin' of bitches I'm with your bitch\nAnd you ain't on shit cause you'se a bitch\nYou a bitch\n\n[Verse 1: Kami de Chukwu]\nLove or her not\nAs long as she run through your thots\nThen she the best that you got\nFocused on tying the knot\nOr the run down, come up, I keep it on lock\nBitch\nFuckin' deuce, bitch\n\n[Verse 2: Chance The Rapper]\nWho is you, is you the same?\nYou'se a lame\nI'm you shit you'se a nuisance\nLose your life when I told you that you should hang\nYou should beg\nYou should beg with chasers\nStop chasin' Chance\nI be takin' chances when I be tryna blaze a dance\nRaise a man\nThumbin' through like lasers when I laser beam\nYou'se a fuckin' loser and you chase it with some (?)\nI need me some magic beans and a fuckin' stalker\nSo I could climb that bitch to the top of mount of lava\nAnd the whole damn parkin' lot\nBut it be ridin', it be ridin' all my niggas just like Dennis\nThey be robbin', they be Rodman\nI'm comin' through it pimpin'\nI be pimpin', I be drippin' when I'm off the fuckin' acid\nAnd that\n\n[Verse 3: Towkio]\nMe I'm a pimp\nAll in your crib\nWith your bitch\nWatchin' Netflix\nBet that I hit\nShe ask where you at me\nI tell her don't trip\nI tell her don't trip\nLike hope you gettin' a hint\nHope you gettin' a hint\nOr feelin' the rain\nGod damn motherfucker no gin\nLet me hit\n\n[Outro]\nWe're not against rap, we're not against rappers\nBut we are against those thugs", "image": "https://images.genius.com/d5771671554a8976b034671291d2bca7.527x527x1.jpg"}], "artist": "Chance the Rapper"}