{"songs": [{"title": "Hometown", "album": null, "year": null, "lyrics": "[Hook]\nRound my hometown\nMemories are fresh\nRound my hometown\nOoh the people I've met\nAre the wonders of my world (x2)\nAre the wonders of this world\nAre the wonders of my world\n\n[Verse 1]\nShe say she want to stay with the Bloods and Crips\nFeel the front strips of inner-city cliques\nWhere free cunt strips and young blood drips\nAnd kids fall through the holes of hollow gun tips\nAnd you want to harm me, don't try to call me\nYou ain't gone calm me, you're slipping from my palm trees\nNow baby please re-l-a-x\nTogether we 'bout as fly as LAX\nAnd I don't want to have to call you my ex\nWell babe, I don't want to have to call you collect\nSee, she say she got dreams to follow\nHow I'ma ever be her man, nigga, she wants to be a model\nMy sunshine in life got stole away\nOnce the Golden State took my gold away, Cali\n\n[Hook]\n\n[Verse 2]\nYou scold as you walk past her\nNo more truth lang, we only talk sarcasm\nTruttin', outtin', need to be a model\nNow you can catch me giving hickeys to beer bottles\nGet it, cause I'm kissing the neck\nGiving a heck for whether or not you give him respect\nI know if you go, you just might glow\nBut if you leave, you could catch more than a cold\nBulimia, anorexia, you skip meals\nYou don't make the cut but that's how your wrist feel\nCause scripts rip slits in the hands of an actress\nIn the acting world, you'll find allies on the axis\nYou'll find actresses in alleys on their backs\nWith directors giving oral in return for a practice\n\n[Hook]\n\n[Verse 3]\nTrees, trees, please don't leave\nBut trees will be changed when it rains, will they shout to you\nWe was kissing under a tree when I fell for you\nI thought that you was real, I guess I couldn't tell the truth\nTrees go knee-deep in the dirt\nThey reach for the sky but they're still down to earth\nBut you, you just leave like leaves in the autumn\nDidn't think you would get on, get gone, and just out 'em\nDoubt them and reroute them, not count 'em\nI'd never leave you for the chance of an album\nYour roots stay deeper, I can't de-weed ya\nI can't walk away, away from this tree, uh\nAnd as bad as I want to see you running back\nI could never ever ever be your lumberjack, Cali", "image": "https://images.genius.com/d5771671554a8976b034671291d2bca7.527x527x1.jpg"}], "artist": "Chance the Rapper"}