{"songs": [{"title": "Blessings (The Save Money Prayer)", "album": null, "year": "2016-02-19", "lyrics": "[Refrain]\nHeads bowed for the curly haired sons of Abraham\nDear Father, guide all my brothers away from Sam\nIf they ever get caught let's hope they shake that jam\nIf they ever get caught let's hope they shake that jam\nShake that jam\nHeads bowed for the curly haired sons of Abraham\nDear Father, guide all my brothers away from Sam\nIf they ever get caught let's hope they shake that jam\nIf they ever get caught let's hope they shake that jam\nShake that jam\n\n[Verse 1]\nChance The Rapper, song singer, senior, bong steamer\nLight up hot wheels, locked up, wrong steamer\nDreamer, long Beemers, our neighbors their, lawns greener\nWe wrestle with envy then act up, John Cena\nChancellor Bennett, referred to as word chemist\nThe bourbon and slurred sentences is turning up burning bridges\nCigarette stained smile, all covered in sin\nMy big homie died young, just turned older than him\nGetting hyped up off them bad bitches on it\nGetting knocked up off a nigga, bad luck\nGetting scared now with them IRS audits\nAll the tax money that I didn\u2019t add up\nThat I didn\u2019t get yet, but they think that I got it\nKeep a long shirt so they think that I got it\nAnd if they all dummy and a nigga get bodied\nIt was really, really ill, I know a nigga held up\nHell yeah I\u2019ll always get a pic with y\u2019all niggas\nWord to my fans, all six of y'all niggas\nI seen all the tweets and the tips from y\u2019all niggas\nGot hands for them niggas that pick on y'all niggas\nLoving your love, an album to come\nI bet that you love it, comes out in a month\nChance, the astounding class clown\nThat turned out to amount into something, 3001\n\n[Hook]\nI count my blessings too often\nMy best friends on one hand\nMy sheep when I\u2019m done here\nGotta get up, get up\nI count my blessings too often\nMy best friends on one hand\nMy sheep when I\u2019m done here\nGotta get up, get up\n\n[Verse 2]\nKnock knock said the fist to the world\nShine sun through the mist and debris\nBang bang said the fist to the young\nSilence from the lips of the free\nSay something important, say something important\nMake money the end of the week\nBut that shit coming soon, I\u2019m getting hungry\nMight sell out in a couple of weeks\nBut my crib they buckin\u2019\nAnd they just called Buddy, that\u2019s lil bro\nEven though last time we spoke\nWe was arguing, but we still stay close\nAsk God to watch the squad\nOn God, battle niggas to the death, alright\nFuck your squad and the whole facade\nI ain\u2019t never scared of where a nigga reside\nExtra mild sauce on the side, extra mileage on the ride\nExpress, I'mma grab my chain\nCause it\u2019s extra violence all on the nine\nTen days, that\u2019s an awful lot\nEleven squares in like fifteen minutes\nSixteens when that album comes\nSpit twelve real quick for a listening picnic, igh!\n\n[Hook]\nI count my blessings too often\nMy best friends on one hand\nMy sheep when I\u2019m done here\nGotta get up, get up\nI count my blessings too often\nMy best friends on one hand\nMy sheep when I\u2019m done here\nGotta get up, get up\n\n[Refrain]\nHeads bowed for the curly haired sons of Abraham\nDear father, guide all my brothers away from Sam\nIf they ever get caught let's hope they shake that jam\nIf they ever get caught let's hope they shake that jam\nShake that jam\nHeads bowed for the curly haired sons of Abraham\nDear father, guide all my brothers away from Sam\nIf they ever get caught let's hope they shake that jam\nIf they ever get caught let's hope they shake that jam\nShake that jam", "image": "https://images.genius.com/d5771671554a8976b034671291d2bca7.527x527x1.jpg"}], "artist": "Chance the Rapper"}