{"songs": [{"title": "Wonderful Everyday: Arthur", "album": null, "year": "2014-07-30", "lyrics": "[Intro: Chance The Rapper & Guests]\nIt could be (It could be, it could be everyday)\nEveryday (It could be wonderful)\nEveryday, it could be (It could be)\nIt could be wonderful (It could be wonderful)\nWonderful (It could be)\nHey\nEveryday (Everyday)\nIt could be wonderful\nIt could be wonderful everyday (Everyday)\nEveryday, it could be, everyday (It could be wonderful, wonderful)\nHey, it could be everyday (It could be everyday)\nIt could be (Everyday it could be wonderful)\n(It could be wonderful everyday)\n(Everyday could be so wonderful, it could be)\n\n[Verse 1: Chance The Rapper & Guests]\nEvery day when you're walking down the street (Wonderful)\nEverybody that you meet\nHas an original point of view\n(Everyday, everyday it could be wonderful)\nAnd I say hey! (Everyday)\nHeyyy! (Everyday, everyday, it could be wonderful)\n(Everyday, everyday it could be wonderful, wonderful)\nIt could be so wonderful\nEveryday it could be, it could be\nIt could be wonderful, wonderful\nHeyyy! (Everyday, everyday, everyday)\n(It could be wonderful)\nIt could be (It could be wonderful)\nIt could be wonderful (Everyday, it could be wonderful)\nIt could be wonderful, everyday (It could be wonderful)\n(It could be so wonderful)\n(It could be, everyday)\n\n[Bridge: Chance The Rapper]\nIt's a simple message\nAnd it comes from the heart\nBelieve in yourself\nFor that's the place to start\n\n[Hook: Chance The Rapper & Guests]\nAnd I said Hey!\nWhat a wonderful kind of day\nWe can learn to work and play\nGet along with each other\nAnd I said Hey!\nWhat a wonderful kind of day\nWe can learn to work and play\nGet along with each other\n\n[Verse 2: Chance the Rapper]\nListen to your heart\nListen to the beat\nListen to the rhythm\nThe rhythm of the street\nOpen up your eyes\nOpen up your ears\nGet together and make things better\nBy working together\n\n[Bridge: Chance The Rapper]\nIts a simple message\nAnd it comes from your heart\nBelieve in yourself\nAs thats the way to start\n\n[Verse 3: Chance The Rapper]\nI'm gonna get by when the going get rough\nI'm gonna love life 'til I'm done growing up\nAnd when I go down\nI'ma go down swinging\nMy eyes still smiling\nAnd my heart still singing\nI'm gonna get by when the going get rough\nI'm gonna love life 'til I'm done growing up\nAnd when I go down\nI'ma go down swinging\nMy eyes still smiling\nAnd my heart still singing\nI'm gonna get by when the going get rough\nI'm gonna love life 'til I'm done growing up\nAnd when I go down\nI'ma go down swinging\nMy eyes still smiling\nAnd my heart still singing\nI'm gonna get by when the going get rough\nI'm gonna love life 'til I'm done growing up\nAnd when I go down\nI'ma go down swinging\nMy eyes still smiling\nAnd my heart still singing", "image": "https://images.genius.com/7a4992b2b1106a9324017eca5b0af565.400x400x1.jpg"}], "artist": "Chance the Rapper"}