{"songs": [{"title": "Juke Juke", "album": "10 Day", "year": "2012-04-03", "lyrics": "[Produced by Caleb James]\n\n[Intro]\nChance The Rapper, Caleb\n10 Day, ohh! Igh!\n\n[Chorus]\nShe working that thang, she know she got it\nLil mama so bad, you know she naughty\nHer do it so slow, now watch her take it\nShe giving a show, now watch her break it\n\n[Verse 1]\nBack it up like, \"juke juke\", 3, 4, \"juke juke\"\nHands on the tracks like \"choo-choo\"\nCan't nobody do it like you do\nTrue, true, mama sip a little bit of the screw juice\nOr a little bit of that Special K\nAnd throw it in the bowl like fruit loops\nHola, mami chula\nMami hol'up, mami slow up\n'Scuse my French, my lingo but I no hable cinco\nHer girlfriends say they bout it, you know that I'm bilingual\nAnd Chano gonna mingle, I'm off a couple pintos\nThe bad hoes out on Saturday, it's church on Domingo\nSo while they out her frontin' go on back it for your mans\nCause even when your friends actin' funny you gon' dance like\n\n[Breakdown]\n(Juke juke juke juke juke juke juke juke\nJuke juke juke juke, juke, juke\nJuke juke juke juke juke juke juke juke\nJuke, juke, juke, juke)\nBreak it down\nChi-Town break it down, Chi-Town break it down\nBreak it down, Chi-Town break it down\nChi-Town break it down, break it down\n\n[Chorus]\nShe working that thang, she know she got it\nLil mama so bad, you know she naughty\nHer do it so slow, now watch her take it\nShe giving a show, now watch her break it\n\n[Verse 2]\nBust it, bust it, wide open, open\nI been hopin', hopin' shorty goin' goin'\nShe from low-end oh and, went to Kenwood? Me too\nNah I'm lyin', she say she got somebody bitch, me too\nI hope that that shit do work out man\nCause this that new 'New Workout Plan'\nAnd I'm that dude, you heard 'bout\nAnd I hope that get your shirt off and if not\nKeep on dancin' babe, all I need is that preview\nPut you on the floor and show them niggas how to freak you\nSlow whine, slow grind\nOn time, you can take your own time\nBut if I can't hit your ass on time\nGotta hit me online, you can't hit my phone line\n\n[Breakdown]\n(Juke juke juke juke juke juke juke juke\nJuke juke juke juke, juke, juke\nJuke juke juke juke juke juke juke juke\nJuke, juke, juke, juke)\nBreak it down\nChi-Town break it down, Chi-Town break it down\nBreak it down, Chi-Town break it down\nChi-Town break it down, break it down\n\n[Chorus]\nShe working that thang, she know she got it\nLil mama so bad, you know she naughty\nHer do it so slow, now watch her take it\nShe giving a show, now watch her break it\n\n[Breakdown]\n(Juke juke juke juke juke juke juke juke\nJuke juke juke juke, juke, juke\nJuke juke juke juke juke juke juke juke\nJuke, juke, juke, juke)\nBreak it down\nChi-Town break it down, Chi-Town break it down\nBreak it down, Chi-Town break it down\nChi-Town break it down, break it down\n(Juke juke juke juke juke juke juke juke\nJuke juke juke juke, juke, juke\nJuke juke juke juke juke juke juke juke\nJuke, juke, juke, juke)\nBreak it down\nChi-Town break it down, Chi-Town break it down\nBreak it down, Chi-Town break it down\nChi-Town break it down, break it down", "image": "https://images.genius.com/04c687414ea567ebf44f05a92c3e86ff.1000x1000x1.jpg"}], "artist": "Chance the Rapper"}