{"songs": [{"title": "I Might Need Security", "album": "Owbum* (CTR4)", "year": "2018-07-19", "lyrics": "[Intro: Jamie Foxx & Chance The Rapper]\nFuck you\nFu-u-u-u-u-uck you, fu-fuck you\nFu-u-u-u-u-uck you, fu-fuck you\nFu-u-u-u-u-uck you, fu-fuck you\nFu-u-u-u-u-uck you, fu-fuck you (Yep)\nFu-u-u-u-u-uck you, fu-fuck you (Nah-nah)\nFu-u-u-u-u-uck you, fu-fuck you (Nah-nah)\nFu-u-u-u-u-uck you, fu-fuck you (No)\nFu-u-u-u-u-uck you\n\n[Verse 1]\nI ain't no activist, I'm the protagonist\nI don't co-captain it, I fly solo like one cup in the cabinet\nThe cab is the cabinet, they trust me at landing it\nThey call me the advocate, they'll slide like the abacus\nBoy meets world, everybody been savages\nI just want to really know how much that your shooter averages\nI'm not no nice guy, I'm just the good guy\nThe bad guys should really stay on my good side\nI smelled my roses younger than the good die\nThe Illuminati couldn't see me with they good eye\nThey think they Heath Ledger scary, they just Jack Nichols\nI'm a sign to my city like the Bat-Signal\nYoung chosen one, golden boy, De La Hoya\nIt ain't too many me's, rest in peace to Verne Troyer\nI was younger than I seemed as a kid\nI mean my G17 18 in the head\nI mean I'm only 25 but I'm Motown 25\nBet I get a statue in my hometown when I die\nAnd Rahm, you done, I'm expectin' resignation\nAn open investigation on all of these paid vacations for murderers\n\n[Interlude]\nFuck you, oh-oh\nFuck you, fuck you\nFu-u-u-u-u-uck you, fuck you-ou-ou-ou\nFu-fu-fu-fu-fu-fu, fu-fu-fu-fu-fu-fu\nFuck you, oh-oh\nFuck you, fuck you\nFu-u-u-u-u-uck you, fuck you-ou-ou-ou\nFu-fu-fu-fu-fu-fu, fu-fu-fu-fu-fu-fu\nFuck you, fu-u-u-u-u-uck you, fu-fuck you\nFu-u-u-u-u-uck you, fu-fuck you\nFu-u-u-u-u-uck you, fu-fuck you\nFu-u-u-u-u-uck you, oh\n\n[Verse 2]\nI don't get no paper, I gotta sign at the bottom\nStill in my bag like the fries at the bottom\nAnd I can't do nothing right, they gon' always be at me\nI missed a Crain's interview, they tried leaking my addy\nI donate to the schools next, they call me a deadbeat daddy\nThe Sun-Times gettin' that Rauner business\nI got a hit-list so long I don't know how to finish\nI bought the Chicagoist just to run you racist bitches out of business\nSpeaking of racist, fuck your microaggressions\nI'll make you fix your words like a typo suggestion\nPat me on the back too hard and Pat'll ask for your job\nAnd in unrelated news, someone'll beat your ass at your job\nI'm the real deal\nWho taught all these rappers that a big deal's not a big deal?\nInherited the earth, popping wheelies on a big wheel\nMy enemy lives in his mother's basement\nThat's why my videos don't got no Baphomet product placement\nI'm a real one\nThe honey is sweet, the apple's bitter\nThey'll try to convince you you stronger without your woman than when you with her\nAnd tell you they kidding while Twitter trashing your litter\nI know the devil's a liar\nI know that players is quitters, I heard you hire your hitters\nI know the higher the bidder, that mean the less on return\nSo I just hire a sitter\nI'm not no boss nigga, I'm a soldier\nKingdom builder, man somebody shoulda told ya\nFuck you\n\n[Outro: Jamie Foxx]\nFuck you, oh-oh\nFuck you, fuck you\nFu-u-u-u-u-uck you, fuck you-ou-ou-ou\nFu-fu-fu-fu-fu-fu, fu-fu-fu-fu-fu-fu\nFuck you, oh-oh\nFuck you, fuck you\nFu-u-u-u-u-uck you, fuck you-ou-ou-ou\nFu-fu-fu-fu-fu-fu, fu-fu-fu-fu-fu-fu\nFuck you, fu-u-u-u-u-uck you, fu-fuck you\nFu-u-u-u-u-uck you, fu-fuck you\nFu-u-u-u-u-uck you, fu-fuck you\nFu-u-u-u-u-uck you, fu-fuck you", "image": "https://images.genius.com/0ea1b30f066f2974043519d9c1ab3453.640x640x1.jpg"}], "artist": "Chance the Rapper"}