{"songs": [{"title": "I Ain't Word", "album": null, "year": "2012-10-11", "lyrics": "[Hook: Detail, Lil Wayne, and Chance the Rapper]\nYou can look me in my face\nI ain't got no worries (I ain\u2019t word) x3\nSee them shroomies keep me up\nSo I ain't got no worries (I ain\u2019t word) x3\nYou see money right there\nYeah that's (me) right there\nYeah that's (me) right there\nAnd we ain't got no worries\nYou see pussy right there\nRedbone mangos right there\nSee them shroomies right there\nWe ain't got no worries\n\n[Verse 1]\nD. Rose on that ass, that means back again\nI hit my Zan so hard\nMan, I've been practicing\nI'm going straight to the league, and not by accident\nDon't get your ass kicked in\nI'll hoop in Shaqs and Timbs\nChit chat with Chris Mintz-Plasse\nAnd laugh at Jags and rims\nT-T-Y-L-ing the labels and L-O-L-ing they friends\nHello Hell and Heaven, you haven't heard the half of it\nHave at it half-happy\n30-something year old, broke graduate\nOver the wave like du-rags,getting paper like dude rap\nNineteen, making that \"I could be damn near fucking Erykah Badu\" rap\nGirbaud flow is too strapped\nMy screws loose, I'm too slapped\nJust got this bitch too turnt\nJust got my nose 2Pac'd\nL.A Reid like, \"Who's that?\nJimmy Iovine like, \"Who's that?\nWhole world like, \"Who's that?\nWhole hood like \u2018dude ass\u2019\nI'm from little shorties with the shot up shirt\nWhere babies get kilt like a Scottish skirt\n95-ing down the Ryan\nAnd I'm flying, skirrt\nKeep on asking if I'm trying niggam I ain't word\n\n[Hook]\n\n[Verse 2]\nUnreluctant optimist, most poppingest\nGot popular,try topping this, Triceratops\nBJs from baby bopping bitches\nThroat lozenges\nMassaging it, no touching it\nOkay, touch on it\nBut don\u2019t rush on it\nRation it, passionate\nWhile imagining me smashing it\nDash out at like 4:30,hands smelling like potpourri\nThey ain\u2019t give my nigga no jury, so I don\u2019t give no nigga no mercy\nWhen my little fucking brother rap better than you\nMy shit get your girl way wetter than you\nYou rap veterans you, my nerdy brethren you\nStuff you in a fucking locker, 10 Day letterman you\nYou wanna jock me, jockers (AAH)\nMy style\u2019s fathering you\nI know it\u2019s bothering you\nProbably an anomaly\nBut it\u2019s probably niggas that\u2019s probably starving for new shit you could sound like\nThat\u2019s that shit that I don\u2019t like\nBut I ain\u2019t really worried\nI\u2019m a wordy motherfucker\nI could hurry\nBut I\u2019m buried in her pussy from the last tape\n\n[Hook]", "image": "https://images.genius.com/cc923943c02b15e9f50df3dc643aad74.500x500x1.jpg"}], "artist": "Chance the Rapper"}