{"songs": [{"title": "Good Ass Intro", "album": "Acid Rap", "year": "2013-04-30", "lyrics": "[Chorus: BJ The Chicago Kid, Peter Cottontale, Lili K., Kiara Lanier & (Chance the Rapper)]\nEven better than I was the last time baby\nOoh ooh ooh ooh\n(Yo, we back)\nI'm good, ooh, yeah, I'm good\nEven better than I was the last time baby\nOoh ooh ooh ooh, I'm good\n(We back and we back and we back)\nSo good...\n(And we back and we back and we back and we back)\nEven better than I was the last time\n\n[Verse 1: Chance The Rapper]\nRap just make me anxious, and acid made me crazy\nThem squares just made me looser and that wax just made me lazy\nAnd I still make this song, and I'ma make another\nIf you ever actually hit me, better watch out for my brother\nBetter bet I'd take that deal, gotta watch out for my mother\nGet a watch with all that glitters, come in clutters, different colors\nBen-a-Baller, Benford, butlers, chauffeurs, hit a stain-er, did I stutter?\nDid a ton of drugs and did better than all my Alma mater\nMotherfucker money dance, hundreds xan, gallon lean\nMake a joke 'bout Leno's hair then piggyback on Fallon's spleen\nBalancing on sporadicity and fucking pure joy\nNightly searches for a bed and I just came off tour with Troy\nBut I can't complain, I got some motherfucking bitches\nHow many lab partners have I fucked since I got suspended?\nMr. Bennett, you done did it, you did it, you did it\nYou did a good ass job, you did a good ass job\nAnd I'm good\n\n[Chorus: BJ The Chicago Kid, Peter Cottontale, Lili K., & Kiara Lanier]\nEven better than I was the last time baby\nOoh ooh ooh ooh, I'm good\nI'm good, so good...\nEven better than I was the last time baby\nOoh ooh ooh ooh\nI'm good (Even better than I was the last time)\nSo good...\n\n[Verse 2: Chance The Rapper]\nWork, work, work, work, bang nigga, bang\nTwerk, twerk, merge, swerve, dang, pick a lane\nFlip a bird; pigeon, plane, it's a word, it's a shame\nBut God I'm good, swear I couldn\u2019t be better\nKicking dirt on the shirts of the lames\nKeep a tab on my exes, keep some \"x\" on my tongue\nKeep my work out in Texas, that's just me flexing my lungs\nSee them showing they teeth, that's just them flapping they gums\nIf they bite and I'm snapping, clap clap collapsing they lungs\nCall me Chancelor The Rapper, please say, \"The Rapper\"\nMagical word (poof), please say 'Kadabra\nReplay the replays; Green Bay, the Packers\nCremate your teammates and freebase the ashes\nMatches to gas leaks, dusted dusk 'til dawn\nIt's just us, and trust ya bottom, bitch, my stuff the fucking bomb\nI'm the motherfucking fucker, fuck a niggas fucking dumb\nThis your favorite fucking album, I ain't even fucking done\nI'm good! IGH!\n\n[Chorus: BJ The Chicago Kid, Peter Cottontale, Lili K., & Kiara Lanier]\nOoh ooh ooh ooh, I'm good\nOoh, yeah, I'm good, so good (I'm good, I'm good)\nEven better than I was the last time baby\nOoh ooh ooh ooh\n(I'm better than the last time, yeah, yeah)\nI'm good (I'm gonna be)\nSo good...\n\n[Outro: Chance the Rapper (BJ The Chicago Kid, Peter Cottontale, Lili K., & Kiara Lanier)]\nEven better than I was, even better than I was\n(I'm gonna be so good...)\nEven better than I was\n(Ooh, I'm gonna be, I'm gonna be)\nEven better than I was, even better than I was\n(I'm gonna be so good...)\nEven better than I was (So good, so good, so good, yeah\nI'm gonna be, I'm gonna be\nI'm gonna be so good...)\nSo\nSo, so\nSo, so\nSo, so, so, so, so, so\nSo, so, so, so, so, IGH\n(I'm gonna be, I'm gonna be)\nSo, so\nSo, so\nSo, so\nSo, so, so\nDid a good ass job, did a good ass job\nAnd I'm good\nNa-na-na-na-na-na-na\nNa-na-na-na-na-na-na\nNa-na-na-na-na-na-na\nNa-na-na-na-na-na-na\nNa-na-na-na-na-na-na\nNa-na-na-na-na-na-na\nIGH, IGH, IGH, IGH, IGH\nIGH", "image": "https://images.genius.com/aa16cba40f43828a61bbb6212de712bd.750x750x1.jpg"}], "artist": "Chance the Rapper"}