{"songs": [{"title": "Save Yourself First", "album": null, "year": "2014-03-18", "lyrics": "[Produced by Social Experiment]\n\n[Intro: James Blake]\nLove is the life 'round here\nWe're never done\n\nPart time love\n\n[Verse: Chance the Rapper]\nLife ain't been 'round here in a minute\nHere ain't been 'round my whole life\nMike ain't spin 'round in a minute\nThe sand just dropped for the last time\nBut wear that fake smile like a cape\nSave yourself first\nLight ain't been 'round here in a minute\nDarkness been swallowed it up\nChaos been 'round for a minute\nMarketed, bottled it up\nBut wear that fake smile like a cape\nSave yourself first\nI ain't been 'round here in a minute\nBut here ain't been round a whole lot\nMy flesh looked through the peephole\nSeen his people, sealed the keyhole and kept the door locked\nLife can't be here, indefinite\nNot another minute 'round here\nWhy can't a minute be spent in a town that's nowhere round here?\nBut wear that fake smile like a cape\nBut wear that fake smile like a cape\nSave yourself first", "image": "https://images.genius.com/d5771671554a8976b034671291d2bca7.527x527x1.jpg"}], "artist": "Chance the Rapper"}