{"songs": [{"title": "Chance the Rapper Festivals 2014", "album": null, "year": "2014-01-01", "lyrics": "Tell us in the comment section at the bottom of the page which show and/or festival you will be attending and if you found any information helpful or something we might have missed!\n\nUF With J. Cole\nThe Buku Project\nMichigan\nUltra\nCoachellaRevisit\n\n\n\nChance the Rapper's Birthday Circuit\nCounter.PointRevisit\n\n\n\nJMBLYA\nBig Guava\nHangout\nSasquatch!\nThe Governor's Ball\nBonnaroo\nFirefly\nWireless\nLondon Forum", "image": "https://images.genius.com/d5771671554a8976b034671291d2bca7.527x527x1.jpg"}], "artist": "Chance the Rapper"}