{"songs": [{"title": "Same Drugs", "album": "Coloring Book", "year": "2016-05-13", "lyrics": "[Chorus 1]\nWe don't do the same drugs no more\nWe don't do the, we don't do the same drugs, do the same drugs no more\n'Cause she don't do the same drugs no more\nWe don't do the, we don't do the same drugs, do the same drugs no more\n\n[Verse 1]\nWhen did you change?\nWendy, you've aged\nI thought you'd never grow up\nI thought you'd never\nWindow closed, Wendy got old\nI was too late, I was too late\nA shadow of what I once was\n\n[Chorus 2]\n'Cause we don't do the same drugs no more\nWe don't do the, we don't do the same drugs, do the same drugs no more\nShe don't laugh the same way no more\nWe don't do the, we don't do the same drugs, do the same drugs no more\n\n[Verse 2]\nWhere did you go?\nWhy would you stay?\nYou must have lost your marbles\nYou always were so forgetful\nIn a hurry, don't wait up\nI was too late, I was too late\nA shadow of what I once was\n'Cause we don't, we don't do what we say we're gonna\nYou were always perfect, and I was only practice\nDon't you miss the days, stranger?\nDon't you miss the days?\nDon't you miss the danger?\n\n[Chorus 3: Chance The Rapper + (Eryn Allen Kane)]\nWe don't (we don't) do the same drugs no more (do the same drugs no more)\nWe don't do the, we don't do the same drugs, do the same drugs no more\nWe don't (we don't) do the same drugs no more (do the same drugs no more)\nWe don't do the, we don't do the same drugs, do the same drugs no more\nWe don't do the, we don't do the same drugs\n\n[Outro: Chance The Rapper + (Eryn Allen Kane)]\n(Turn it around\nI remember when\nThis age of pathetics)\nDon't forget the happy thoughts\nAll you need is happy thoughts\nThe past tense, past bed time\nWay back then when everything we read was real\nAnd everything we said rhymed\nWide eyed kids being kids\nWhy did you stop?\nWhat did you do to your hair?\nWhere did you go to end up right back here?\nWhen did you start to forget how to fly?\n(It's so natural\nJust like Juicy Fruit\nWorks like a magic trick\nPlease give me half of that\nWe don't, we don't, we don't)\nDon't you color out\nDon't you bleed on out, oh\nStay in the line, stay in the line\nDandelion\n(Do the same drugs no more\nWe don't do the, we don't do the same drugs, do the same drugs no more\nWe don't, we don't, we don't....)\nDon't you color out\nDon't you bleed on out, oh\nStay in the line, stay in the line\nDandelion", "image": "https://images.genius.com/2e0b7d55f91e7f8402dc255e31ebebe6.750x750x1.jpg"}], "artist": "Chance the Rapper"}