{"songs": [{"title": "Pusha Man/Paranoia", "album": "Acid Rap", "year": "2013-04-30", "lyrics": "[Part I: Pusha Man (produced by CeeJ)]\n\n[Verse 1: Chance The Rapper]\nTen damn days\nAnd all I got to show for it is shoes and shows\nAnd chauffeurs with road rage\nStill the same damn ad-lib: IGH!, old ways\nStill got a letterman, no practice\nStill got a burner, man, no lacking\nStill outtin' Jams nigga, no Jackson\nNo Jordan and we toe-tagging\nI'll take you to the land where the lake made of sand\nAnd the milk don't pour and the honey don't dance\nAnd the money ain't yours\nNow it's just a red pill\nGot a blue and a handful of Advils\nI'm the new Nitty, fuck it, Nitty the old me\nSo I'mma tell the buyer what Nitty told me\n\n[Chorus: Nate Fox]\nI got that mmm, mmm, I got that God damn\nI'm your pusha man, I'm your, I'm your pusha man\nPimp slappin', toe taggin', I'm just tryna fight the man\nI'm your pusha man, I'm your, I'm your pusha man\nI got that mmm, mmm, I got that God damn\nI'm your pusha man, I'm your, I'm your pusha man\nPimp slappin', toe taggin', I'm just tryna fight the man\nI'm your pusha man, I'm your, I'm your pusha man\n\n[Verse 2: Chance The Rapper]\nYou a laaaaaaaame\nAnd your bitch break down my weed sometimes\nSee my face in the streets, in the tweets\nAnd a Reader or a RedEye if you read Sun-Times\nShe got blisters on her knees, she's a fiend for the D\nEven though I only beat one time\nOne time, it was one two times\nIt was two plus me equals threesome time\nShouts out to Nate, I jackball and I bop, I flex\nGot neck from all these thots I sex\nRastafari them shottas, yes\nHouse safari, mi casa, yes\nPoppy fields of that popeye\nShe came to party, she popped a Molly\nSaid, \"Come to Papa\", she said, \"Papa, yes\"\n\n[Chorus: Nate Fox]\nI got that mmm, mmm, I got that God damn\nI'm your pusha man, I'm your, I'm your pusha man\nPimp slappin', toe taggin', I'm just tryna fight the man\nI'm your pusha man, I'm your, I'm your pusha man\nI got that mmm, mmm, I got that God damn\nI'm your pusha man, I'm your, I'm your pusha man\nPimp slappin', toe taggin', I'm just tryna fight the man\nI'm your pusha man, I'm your, I'm your pusha man\n\n[Part II: Paranoia (produced by Nosaj Thing)]\n\n[Chorus: Chance The Rapper]\nI've been riding around with my blunt on my lips\nWith the sun in my eyes and my gun on my hip\nParanoia on my mind, got my mind on the fritz\nBut a lot of niggas dyin', so my 9 with the shits\nI've been riding around with my blunt on my lips\nWith the sun in my eyes and my gun on my hip\nParanoia on my mind, got my mind on the fritz\nBut a lot of niggas dyin', so my 9 with the shits\n\n[Verse 1: Chance The Rapper]\nMove to the neighborhood; I bet they don't stay for good, watch\nSomebody'll steal daddy's Rollie, call it the neighborhood watch\nPray for a safer hood when my paper good, watch\nCaptain Save-a-Hood, hood savior, baby boy\nStill getting ID'd for Swishers (Mama still wash my clothes)\nStill with the Save Money militia (I'mma still watch my bros)\nTrapped in the middle of the map\nWith a little-bitty rock and a little bit of rap\nThat, with a literary knack\nAnd a little shitty Mac, and like literally jack\n\n[Chorus: Chance The Rapper]\nI've been riding around with my blunt on my lips\nWith the sun in my eyes and my gun on my hip\nParanoia on my mind, got my mind on the fritz\nBut a lot of niggas dyin', so my 9 with the shits\nI've been riding around with my blunt on my lips\nWith the sun in my eyes and my gun on my hip\nParanoia on my mind, got my mind on the fritz\nBut a lot of niggas dyin', so my 9 with the shits\n\n[Verse 2: Chance The Rapper]\nThey murking kids, they murder kids here\nWhy you think they don't talk about it? They deserted us here\nWhere the fuck is Matt Lauer at?\nSomebody get Katie Couric in here\nProbably scared of all the refugees\nLook like we had a fuckin' hurricane here\nThey'll be shooting whether it's dark or not\nI mean, the days is pretty dark a lot\nDown here, it's easier to find a gun\nThan it is to find a fucking parking spot\nNo love for the opposition, specifically a cop position\n'Cause they've never been in our position\nGetting violations from the nation, correlating, you dry snitchin'\n\n[Chorus: Chance The Rapper]\nI've been riding around with my blunt on my lips\nWith the sun in my eyes and my gun on my hip\nParanoia on my mind, got my mind on the fritz\nBut a lot of niggas dyin', so my 9 with the shits\n\n[Breakdown: Chance The Rapper]\nI know you scared\nYou should ask us if we scared too\nI know you scared\nMe too\nI know you scared\nYou should ask us if we scared too\nIf you was there\nThen we'd just knew you cared too\n\n[Verse 3: Chance The Rapper]\nIt just got warm out, this the shit I've been warned 'bout\nI hope that it storm in the mornin', I hope that it's pourin' out\nI hate crowded beaches, I hate the sound of fireworks\nAnd I ponder what's worse\nBetween knowing it's over and dyin' first\n'Cause everybody dies in the summer\nWanna say your goodbyes, tell them while it's spring\nI heard everybody's dying in the summer\nSo pray to God for a little more spring\n\n[Breakdown: Chance The Rapper]\nI know you scared\nYou should ask us if we scared too\nIf you was there\nThen we'd just knew you cared too", "image": "https://images.genius.com/aa16cba40f43828a61bbb6212de712bd.750x750x1.jpg"}], "artist": "Chance the Rapper"}