{"songs": [{"title": "Semi Detached", "album": null, "year": null, "lyrics": "[Intro]\nYooooo Yooooo Yoooo\nWill we continue on\nString along\nWe need time\nYooooo Yooooo Yoooo\nWill we continue on\nString along\nWe need time\n\n[Verse 1: Cass Lowe]\nYou reach into the bowl of car keys\nMaking eye contact, as if to say 'hows that\"\nAre you fucking happy now\nGrab his wrist and wriggle past me\nAs Jenny licks her lips\nTime to teach a young dog tricks\nAnd how to bow\nRemember when you couldn't hurt me\nWe reached a breaking point\nAs you lit your joint and we crossed the severn bridge\nFor the addy and your cold out, splow me out\nAgain\n\n[Hook]\nAnd you kiss him\nAnd I kiss her\nAnd I love her\nWe all go home again\n\n[Verse 2: Chance the Rapper]\nShe know my favorite flavor skittles\nShe know everything we argue 'bout\nWhere everything in our crib at\nAnd every time you walk up out\nShe know whenever we fighting and whenever we cool\nBut my favorite thing she know is that she'll never be you\nShe know she'll never have her song, She know she'll never have my son\nShe know she'll never have your pain, she'll never have to have a hunch\nShe know everyone that I lie about, heard every freaking word\nShe know everything you wonder bout, and it hurt her even worse\nWho'd you rather be?\n[Hook]", "image": "https://images.genius.com/a84ddc09b4482519d38fb91cd622f16b.500x500x1.jpg"}], "artist": "Chance the Rapper"}