{"songs": [{"title": "NaNa", "album": "Acid Rap", "year": "2013-04-30", "lyrics": "[Produced by brandUn DeShay]\n\n[Intro: Chance the Rapper]\nNa na na, na na na\nNa na na, na na na\nNa na na, na na na\n(IGH!)\n\n[Verse 1: Chance The Rapper]\nIntroducin' Chance the Ruthless, trip 'shrooms and lucy\nDreams is lucid, loosely based on music, swallow my mucus\nHope your pussy get herpes and yo' ass get lupus\nDeuces Douches, deuce deuce I'll shoot ya (BANG!)\nShoes might boot cha and a suit might suit cha\nThey be on bullshit but they really don't do shit\nThey use of allusion could confuse Confucius\nNasty, ashy, cigarette ashing, 'til my voice get raspy\nLast week suspended, last night kissed Va$htie\nParleyed with Ashley, always in the hallway\nSo I never been classy (Ha ha ha)\nShut up!\n\n[Chorus: Chance the Rapper]\nNa na na, na na na\nNa na na, na na na\nNa na na, na na na\n(IGH, IGH, IGH, IGH!)\n\n[Verse 2: Chance the Rapper]\nAcid, Acid, get it? Acid, melts through plastic, I spit fired\nPad my palette, talkin' paper if this was work, I'd get higher\nPardon my mishaps, burp and get murdered\nFart and get bitch-slapped, like bourbon mixed with Jack\nLickety-split, look it! He slipped on a shell\nFrom peelin' banana splits back, give me my Kit-Kat\nDon't break me off shit, batch, fack is you mean bitch?\nZan with that lean bitch, xan with that lean bitch\nZen with that chakra I eat it like Idi Amin\nYa kna' wha' mean, hit me back when that mean shit\n\n[Chorus: Chance the Rapper]\nNa na na, na na na\nNa na na, na na na\nNa na na, na na na\n(IGH, IGH, IGH, IGH!)\n\n[Verse 3: Action Bronson]\nIntroducin', it\u2019s Bronsonlino\nWith my hair slicked back, I look like Rick Pitino\nThree Japanese dykes in my El Camino\nLettin' trees blow, oh, I rep the East Coast\nI got a team of hoes like Pat Summitt\nI look like Arnold Schwarzenegger in a black Hummer\n(Get to the chopper!)\nI splash summer like a fast brother, with a number on his back\nAin\u2019t no fumblin', in fact, I'm back, acid in my hat\nShoot, then pass the gat\nIt's at the bottom of the river in a plastic bag (baaaaag)\nMy new shorty got a gymnastic back\n'87 emerald green on a classic jag\nShe had the cleft palate, I ordered chef\u2019s salad\nShe had the club foot, with that little arm\nI couldn\u2019t help but laugh, she ordered Chicken Parm\nI had the full Bulls warm-up with the Pippens on\n\n[Outro: Action Bronson]\nSuck my motherfucking dick\nIt's the young Randy Velarde\nQueens, baby\nBlow me", "image": "https://images.genius.com/aa16cba40f43828a61bbb6212de712bd.750x750x1.jpg"}], "artist": "Chance the Rapper"}