{"songs": [{"title": "Blessings (Reprise)", "album": "Coloring Book", "year": "2016-05-13", "lyrics": "[Verse: Chance The Rapper]\nI speak of promised lands\nSoil as soft as momma's hands\nRunning water, standing still\nEndless fields of daffodils and chamomile\nRice under black beans\nWalked into Apple with cracked screens\nAnd told prophetic stories of freedom\nFound warmth in a Black queen for when I get cold\nLike Nat King, I'm doing the dad thing\nI speak of wondrous unfamiliar lessons from childhood\nMake you remember how to smile good\nI'm pre-currency, post-language, anti-label\nPro-famous, I'm Broadway Joe Namath\nKanye's best prodigy\nHe ain't signed me but he proud of me\nI got some ideas that you gotta see\nMake a vid with shawty and they ship it like the Odyssey\nThey never seen a rapper practice modesty\nI never practice, I only perform\nI don't even warn, I don't eat it warm, I won't be reborn\nI speak to God in public, I speak to God in public\nHe keep my rhymes in couplets\nHe think the new shit jam, I think we mutual fans\nI used to dance to Michael, I used to dance in high school\nI used to pass out music, I still pass out music\nThe people's champ must be everything the people can't be\nI'm getting artsy-fartsy, house full of some Hebru Brantleys\nYou must\u2019ve missed the come up, I must be all I can be\nCall me Mister Mufasa, I had to master stampedes\n\n[Chorus: Chance The Rapper]\nI made it through, made it through, made it through\nAnd everything I gave to you, I gave to you, I gave to you\nYou got it, you got it, you got it, it's coming (Coming, coming, coming)\nSo are you ready?\nAre you ready?\n\n[Outro: Ty Dolla $ign, BJ The Chicago Kid, Anderson .Paak, Raury, Nico Segal, Lolah Brown & Chance The Rapper (HaHa Davis)]\nAre you ready for your blessings?\nAre you ready for your miracle?\nAre you ready for your blessings?\nAre you ready for your miracle?\nAre you ready for your blessings?\nAre you ready for your miracle?\nAre you ready for your blessings?\nAre you ready for your miracle?\nAre you ready for your blessings?\nAre you ready for your miracle?\nAre you ready for your blessings?\nAre you ready for your miracle?\nAre you ready for your blessings?\nAre you ready for your miracle?\nAre you ready, are you ready?\nAre you ready for your blessings?\nAre you ready for your miracle?\nAre you ready for your blessings?\nAre you ready for your miracle?\nAre you ready for your blessings?\nAre you ready for your miracle?\nAre you ready for your blessings?\nAre you ready for your miracle?\nAre you ready for your blessings?\nAre you ready for your miracle?\n(You ready big fella?)", "image": "https://images.genius.com/b17a54d05a3de269cc6ea53c3f71f73e.1000x1000x1.jpg"}], "artist": "Chance the Rapper"}