{"songs": [{"title": "All We Got", "album": "Coloring Book", "year": "2016-05-13", "lyrics": "[Intro: Chance The Rapper]\nAnd we back\nAnd we back, and we back, and we back, and we back, and we, huh\nAnd we back, and we back, nah, nah, nah\n\n[Verse 1: Chance The Rapper]\nHey, this ain't no intro, this the entree\nHit that intro with Kanye and sound like Andr\u00e9\nTryna turn my baby mama to my fianc\u00e9e\nShe like music, she from Houston like Auntie Yonc\u00e9\nMan my daughter couldn't have a better mother\nIf she ever find another, he better love her\nMan I swear my life is perfect, I could merch it\nIf I die I'll prolly cry at my own service, igh-igh!\nIt was a dream, you could not mess with the Beam\nThis is like this many rings\nY'all know wha' mean?\nThis for the kids of the king of all kings\nThis is the holiest thing\nThis is the beat that played under the Word\nThis is the sheep that ain't like what it heard\nThis is officially first\nThis is the third\n\n[Chorus: Kanye West & Chance The Rapper]\nThis is the bom-bom-bom\nBom-bom-bom\nBom-bom-bom\nMusic is all we got\nOh, bom-bom-bom\nSo we might as well give it all we got\nThis is the bom-bom-bom (huh)\nBom-bom-bom\nBom-bom-bom\nMusic all we got, got, got\nMusic is all we got\nOh, bom-bom-bom\nSo we might as well give it all we got\n\n[Verse 2: Chance The Rapper, Chance The Rapper & Kanye West]\nAyy, ayy, I get my word from the sermon\nI do not talk to the serpent\nThat's the holistic discernment\nDaddy said I'm so determined\nTold me these goofies can't hurt me\nI just might make me some earl tea\nI was baptized like real early\nI might give satan a swirlie\nWish I could tell you it's ready\nTell you it's ready today\nThey don't give nothin' away\nYou gotta fight for your way\nAnd that don't take nothin' away\n'Cause at the end of the day\n\n[Chorus: Kanye West & Chance The Rapper]\nMusic is all we got\nMusic is all we got\nMusic is all we got\nOh, bom-bom-bom\nSo we might as well give it all we got\nMusic is all we got (huh, huh)\nMusic is all we got (huh, huh)\n\n[Outro: Kanye West & Chicago Children's Choir]\nWe know, we know we got it\nWe know, we know we got it\nWe know, we know we got it\nWe know, we know we got it\nMusic\nWe know, we know we got it\nWe know, we know we got it\nWe know, we know we got it\nWe know, we know we got it\nMusic\nMusic is all we got\n\n[Produced by Kanye West & The Social Experiment]", "image": "https://images.genius.com/b17a54d05a3de269cc6ea53c3f71f73e.1000x1000x1.jpg"}], "artist": "Chance the Rapper"}