{"songs": [{"title": "Home Studio (Back Up In This Bitch)", "album": null, "year": "2014-03-25", "lyrics": "[Produced by The Social Experiment]\n\n[Intro]\nUh uh uh uh uh uh\nIGH!\nNana naaaaa\nYup\nWooooh, ah!\nNanana\n\n[Verse 1]\nYoung black boy, how he got the labels scared?\nA&R's like, \"Chano, you ain't playin' fair!\nYou gon' set a bad example for the average bear\nYou a Yogi, you should idle while in child's position\"\nI be like, naw, these my sons, this prenatal care\nI'mma show em how to make it here and make it fair\nTake it there, they could kill me and I ain't gon' care\nYou is just an ankle weight, lighter than some angel cake\nSweeter than some maple syrup, easier than Ableton\nMake a plate and make a player\nMake em play it\nJust don't count your sheep before they hatch\nYou chickens 'fore your eggs\nEat your dinner 'fore you say your prayer\n\n[Hook]\nI'm back up in this bitch\nI'm back up in this bitch\nI'm back up in this bitch\nI'm back up in this bitch\nI'm back up in this bitch\nI'm back up in this bitch\nI'm back up in this bitch\nI'm back up in this...\n\n[Verse 2]\nYoung tactician, just got my taxes finished\nBeat the tortoise by a hair in an '04 Ford Taurus\nOn a spare with a wax finish\nThere's a lot of metaphors, you just lack vision\nYou just bad business\nUH!\nAll your shit been lower case\nLower class, lower key\nI'm the only minor minority in priority\nSippin' gin and tonic while I plot upon authority\nAuthor of my horoscope, feeling like the oracle\nAin't no rules, nigga\nIGH!\n\n[Hook]\nI'm back up in this bitch\nI'm back up in this bitch\nI'm back up in this bitch\nI'm back up in this bitch\nI'm back up in this bitch\nI'm back up in this bitch\nI'm back up in this bitch\nI'm back up in this...", "image": "https://images.genius.com/d5771671554a8976b034671291d2bca7.527x527x1.jpg"}], "artist": "Chance the Rapper"}