{"songs": [{"title": "Sunday Candy (Live at National Christmas Tree Lighting)", "album": null, "year": "2016-12-01", "lyrics": "[Intro]\nHappy holidays Mr President\n\n[Verse 1: Chance]\nShe can say in her voice, in her way that she love me\nWith her eyes, with her smile, with her belt, with her hands, with her money\nI am the thesis of her prayers\nHer nieces and her nephews are just pieces of the layers\nOnly ones she love as much as me is Jesus Christ and Taylor\nI got a feature so I'm singing for my grandma\nYou singing too, but your grandma ain't my grandma\nMine's is handmade, pan fried, sun-dried\nSouthside, and beat the devil by a landslide\nPraying with her hands tied, president of my fan club, saying to her\nSomething told me I should bring my butt to church\n\n[Hook: Jamila Woods]\nYou gotta move slowly\nTake and eat my body like it's holy\nI've been waiting for you for this whole week\nI've been praying for you, you're my Sunday candy\nYou gotta move it slowly\nTake and eat my body like it's holy\nI've been waiting for you for this whole week\nI've been praying for you, you're my Sunday candy\n\n[Bridge: Jamila Woods (Chance) [Choir]]\nCome on in this house, it's gonna rain\n(Mama you know!)\nRain down Zion\n(Rain down)\nIt's gonna rain\n(Mama you know!)\n[You gotta move slowly]\nRain down Zion, it's gonna rain\n(Mama you know!)\n(Mama you know!)\n\n[Verse 2: Chance the Rapper]\nI come to church for the candy, your peppermints is the truth\nI'm pessimistic on Monday if I had tweaked and missed you\nYou look so good with that hat on, had to match with the shoes\nCame and dressed in the satin, I came and sat in your pew\nI come to Christmas for dinner, fifty rolls on my plate\nHella holes in my stocking holding your pockets in place\nI like my love with a budget\nI like my hugs with a scent\nYou smell like lights, gas, water, electricity, rent\nYou sound like why the gospel choir got so tired\nSingin' his praises daily basis so I gotta try it\nYou're my dreamcatcher, dream team, team captain\nMatter fact, I haven't seen you in a minute let me take my butt to church\n\n[Bridge: Jamila Woods (Chance)]\nYou better come on in this house\n(Come on in this house)\nCause it's gonna rain\n(Mama you know it's gonna rain)\nRain down Zion\n(Rain down)\nIt's gonna rain\n(Mama you know it's gonna rain)\nCome on down in this house\nIt's gonna rain\n(Mama you know)\nRain down\n\n[Interlude: Chance (Jamilla + Choir)]\nMama you know it's gon' rain\nFather you know\n(Rain down)\nPromise you said it would rain\nFinally I'm home\n(Rain down)\nYou left on the light\nWhen I left on a flight\nBut I made it alright\n(Rain down)\nI've been waiting all week\nI've been waiting all night\n(On me, rain down)\nBaby, saving my life\nHad to say something on Saturday\nSee you at church on Sunday\nOpen mic coming on Monday\nI wonder what the Internet gon' say\nWhen SNL end with the ending to the 3rd\nChance fly down the chimney\nMe and Kiersten, Kensley, Lisa, Kenny, Taylor, Wendy all should win the Emmy\nMomma should too!\n\n[Bridge: Jamila Woods and Others]\nCome on in this house, cause it's gonna rain\nRain down Zion, it's gonna rain\nYou better come on in this house, cause it's gonna rain\nRain down Zion, it's gonna rain", "image": "https://images.genius.com/f5cc05584c259cb89379a257675829b1.946x532x1.jpg"}], "artist": "Chance the Rapper"}