{"songs": [{"title": "Sunday Candy", "album": null, "year": "2005-05-28", "lyrics": "[Verse 1: Chance the Rapper]\nShe could say in her voice\nIn her way that she love me\nWith her eyes, with her smile\nWith her belt, with her hands, with her money\nI am the thesis of her prayers\nHer nieces and her nephews are just pieces of the layers\nOnly ones she love as much as me is Jesus Christ and Taylor\nI got a future so I'm singing for my grandma\nYou singing too, but your grandma ain't my grandma\nMine's hand made, pan fried, sun dried\nSouthside, and beat the devil by a landslide\nPraying with her hands tied, president of my fan club, Santa\nSomething told me I should bring my butt to church\n\n[Chorus: Jamila Woods & Chance the Rapper]\nYou gotta move it slowly\nTake and eat my body like it's holy\nI've been waiting for you for the whole week\nI've been praying for you you're my Sunday candy\nYou gotta move it slowly\nTake and eat my body like it's holy\nI've been waiting for you for the whole week\nI've been praying for you you're my Sunday Candy\nCome on in this house, cause it's gonna rain\nRain down Zion, it's gonna rain\nYou better come on in this house, cause it's gonna rain\nRain down Zion, it's gonna rain\n\n[Verse 2: Chance the Rapper]\nI come to church for the candy, your peppermints is the truth\nI'm pessimistic on Monday if I had tweaked and missed you\nYou look so good with that hat on, had to match with the shoes\nCame and dressed in the satin, I came and sat in your pew\nI come to Christmas for dinner, fifty rolls on my plate\nHella holes in my stocking holding your pockets in place\nI like my love with a budget, I like my hugs with a scent\nYou smell like light, gas, water, electricity, rent\nYou sound like why the gospel got so tired\nSingin' his praises daily basis so I gotta try it\nYou're my dreamcatcher, dream team, team captain\nMatter fact, I ain't seen you in a minute let me take my butt to church\n\n[Chorus: Jamilla woods & (Chance the Rapper)]\nYou better come on in this house\n(Come on in this house)\nCause it's gonna rain\n(It's gonna rain)\nRain down Zion\n(Rain down)\nCause it's gonna rain\n(It's gonna rain)\nYou better come on in this house\n(Come on in this house)\nCause it's gonna rain\n(It's gonna rain)\nRain down Zion\n(Rain down, IGH!)\nIt's gonna rain\n\n[Chorus: Jamila Woods & (Chance the Rapper)]\nYou gotta move it slowly\nTake and eat my body like it's holy\nI've been waiting for you for the whole week\nI've been praying for you you're my Sunday Candy\nYou gotta move it slowly\nTake and eat my body like it's holy\nI've been waiting for you for the whole week\nI've been praying for you you're my Sunday Candy\nSlowly\nTake and eat my body like it's holy\nI've been waiting for you for the whole week\nI've been praying for you you're my Sunday Candy\nYou better come on in this house\n(Come on in this house)\nCause it's gonna rain\n(It's gonna rain)\nRain down Zion\n(Rain down)\nIt's gonna rain\n(Its gonna rain)\nYou better come on in this house\n(Come on in this house)\nCause it's gonna rain\n(Its gonna rain)\nRain down Zion\n(Rain down)\nIt's gonna rain", "image": "https://images.genius.com/d5771671554a8976b034671291d2bca7.527x527x1.jpg"}], "artist": "Chance the Rapper"}