{"songs": [{"title": "NaNa Live in the Studio", "album": null, "year": null, "lyrics": "[Verse 1: Chance The Rapper]\nIntroducin' Chance the Ruthless\nTrip 'shrooms and lucy\nDreams is lucid\nLoosely based on music\nSwallow my mucus\nHope your pussy get herpes and yo' ass get lupus\nDeuces Douches. deuce deuce I'll shoot ya\nShoes might boot cha and a suit might suit cha\nThey be on bullshit but they really don't do shit\nThey use of illusion could confuse Confucius\nNasty, ashy, cigarette ashing, 'til my voice get raspy\nLast week suspended\nLast night kissed Va$htie\nParleyed with Ashley\nAlways in the hallway, so I never been classy\nShut up\n\n[Hook]\nNa na na, na na na\nNa na na, na na na\nNa na na, na na na\nIgh\n\n[Verse 2: Chance the Rapper]\nAcid acid, get it? Acid\nMelts through plastic, I spit fired\nPad my palette, talkin' paper\nIf this was work, I'd get higher-ed\nPardon my mishaps, burp and get murdered\nFart and get bitch-slapped, like bourbon mixed with jack\nLickety-split, lickety-slipped on a shell\nFrom peelin' banana split backs\nGive me my Kit-Kat\nDon't break me off shit, batch, fack is you mean bitch?\nZan with that lean bitch, zan with that lean bitch\nZen with that chakra\nI eat it like Idi Amin, you know what I mean\nHit me back when that mean shit\nShut up\n\n[Extended Hook]\n\n[Verse 3: Chance the Rapper]\nVodka in my Redbull can, very formal\nShot a porno on a rebel cam\nDon't be jealous that's the shit that got the devil damned\nYeah you got one banger? Nigga I got several hands\nChance and Dash and Dash and Detro at your rescue, man\nDon't you love the way I treat you extra special and\nGot me feeling upper echelon\nAnd I ate cheerios for dinner\nI broke like 40 bowls I'm the cereal bowl killer\nManilla\nFearing an animal\nThey like Chano your an animal\nHere's a bunch of mushrooms go run in the woods and find your spirit animal\nI'm, hard to devour\nHearts turning sour\nI want to put my twins in a tower\nSo I could hoop in my basement and swim in my shower\nChoke holding my wine glass\nPropose a toast to the noggin\nI got holes in my socks and coal in my stocking\nSanta was on dirt with all the poor kids in Chatham\nSo I rode to the north pole with a pole and I shot him\nBatman, Gotham\nAutumn\nI ought to start selling them\nBut I ain't even on that\nNananananannanananananannaanananan", "image": "https://images.genius.com/d5771671554a8976b034671291d2bca7.527x527x1.jpg"}], "artist": "Chance the Rapper"}