{"songs": [{"title": "14,400 Minutes", "album": "10 Day", "year": "2012-04-03", "lyrics": "[Produced by DJ SuchNSuch]\n\n[Intro]\nYep, igh! igh! igh!\n\n[Verse]\nI got suspended, ooohh you got suspended\nFor chiefin' a hunnid blunts, 14,400 minutes\nFans all in the stands, they hands for Mr. Bennett\nThat racket over the net, ooohh give me my tennis\nShoes, give me a minute, ooohh I can't be tardy\nMy class is already started, they told my mom I'm retarded\nBut that 10Day done in one night, Honda from a Hyundai\nNo tassel in the spring, but after summer I'm alumni\nThey took my nigga one night, and I was standing right there\nAn inch away from Heaven, a million songs from right here\nA step away from South by, a swing away from Cali\nA hook away from verses, I'm a dad away from rapping\nSo at the school they arrested him\nBack seat, squad car, nestled in\nShouts to the bitch nigga Heselton\nWit' his Big Show body ass wrestlin'\nFinna see the 10Day Pestilence\nSo far, so good, so special and\nNo stars, good jobs, or excellents\nAnd I'm still so fucking nonchalant\nOoohh you got suspended, ooohh you not gon' finish\nOoohh you look familiar, ooohh you look like Kenneth\nDamn they gon' resent it, ooohh you representin'\nA class of bad kids, 14,400 minutes, ahhh!\n\n[Outro]\nIGH! IGH! IGH! IGH! IGH! IGH! IGH! IGH! (Ayy)", "image": "https://images.genius.com/04c687414ea567ebf44f05a92c3e86ff.1000x1000x1.jpg"}], "artist": "Chance the Rapper"}