{"songs": [{"title": "I Was A Rock (Muhammad Ali ESPYs Tribute)", "album": null, "year": "2016-07-13", "lyrics": "[Intro: Kid and Muhammad Ali]\nKid: \"I'd like to know what you're going to do when you retire from boxing?\"\nAli: \"I really don't know, I want to say something right here this might make you all think. When I get out of Boxing or when I'm through, I want to do all I can to help people. What's the best thing I can do? Get ready to meet God.\"\n\n[Verse 1: Chance the Rapper]\nBack in time\nI lost track of time\nRolling on the road\nChristmas Eves and Valentines\nSeemed like the days before\nI came I went I did well\nI did I really meant well\nBut I almost missed my beat\nSo thank you for saving me a seat\n\n[Bridge: Chance the Rapper]\nI swear ain't no where greater\nAin't no where brighter\nAin't no where better, better, better, better\nAin't no one prettier\nAin't no one wiser\nAin't no where better, better\n\n[Muhammad Ali]\nGod is watching me\nGod don\u2019t praise me because I beat Joe Frazier\nGod don\u2019t give nothing about Joe Frazier\nGod don\u2019t care nothing about England or America\nAs far as wealth\nIt\u2019s all his\nHe wants to know how do we treat each other\nHow do we help each other\n\n[Chorus: Chance the Rapper + Choir]\nI was a rock\nI was a rock and roller\nBack in my day (Back in my day)\nBut now I'm just a rock (I was a rock)\nI was a rock and roller\nBack in my day (Back in my day)\nBut now I'm just a rock\nI was a rock\n\n[Verse 2: Chance the Rapper]\nSteady hold\nI've grown weary and old\nWe're as close as we'll ever be\nI was gone I had places to be\nAnd of course you're in the last place I look\n\n[Bridge: Chance the Rapper]\nI swear ain't no where greater\nAin't no where brighter\nAin't no where better, better, better, better\nAin't no one prettier\nAin't no one wiser\nAin't no one better, better\n\n[Pre-Chorus: Chance the Rapper]\nAnd I'm still standing here\nStanding still\nI won't be moved\nHow used to do when\n\n[Chorus: Chance the Rapper + Choir]\nI was a rock\nI was a rock and roller\nBack in my day (Back in my day)\nBut now I'm just a rock (I was a rock)\nI was a rock\nI was a rock and roller\nBack in my day (Back in my day)\nBut now I'm just a rock\nI was a rock (I was a rock)\nI was a rock and roller\nBack in my day (Back in my day)\nBut now I'm just a rock (I was a rock)\nI was a rock and roller\nBack in my day (Back in my day)\nBut now I'm just a rock\nI was a rock", "image": "https://images.genius.com/56417b8f8411838cb71e7969c915ebf5.1000x562x1.jpg"}], "artist": "Chance the Rapper"}