{"songs": [{"title": "Missing You", "album": "10 Day", "year": "2012-04-03", "lyrics": "[Produced by Thomas Foolery]\n\n[Intro]\nIn the real world, we just people with ideas\nIn the real world, we just people with ideas\nIn the real world, we just people with ideas\nIn the real world, we just people with ideas\n\n[Verse]\nThat shit cray, that shit dead, that shit fake, plastic head\nCassius Clay at his head, atta boy, atta kid\nI'ma need a napkin, cook 'em up\nAnd he gon' need a Aspirin, hook him up\nNiggas was busy scrappin', put 'em up\nI was too busy rapping, good as fuck\nNiggas don't act like grown ups\nWhen niggas don't get to grow up\nNiggas don't wanna throw hands\nThat's what made me wanna throw up\nBut these young gunners ain't nothin' but young stunners\nAnd niggas see you as come ups so niggas just wanna run up\nNiggas asking what up, I said on my soul I'm a hundred\nMy niggas stay in the low end, the others stay in the hundreds\nMy daddy throw me the hands, my momma told me to love 'em\nMy neighbors told me they hunting, I hope I make it through summer\nThey stole one of my niggas, I should have seen that one coming\nMy priest told me it's angels, my niggas told me its nothing\nI'm thinking about my nigga he thinking before he die\nI\u2019m going to war with fate and I\u2019m going to war with God\nI'm burning up all the papers cuz all the reporters lied\nI call him my lil' homie he brought him a .45\nBrown boys are dying, and none of \u2018em were for business\nAnd all of em' love they mommas, and all of they mommas miss 'em\nAnd this shit is just stupid, this shit is fucking senseless\nThe news shouldn't support it, this shit is getting expensive\n\n[Outro]\nI don't know why I sleep with my eyes wide\nHoping that I find you\nI don't know why I sleep with my eyes wide\nHoping that I find you\n(And now for something completely different)\nAnd I don't know why I sleep with my eyes wide\nHoping that I find you\nAnd hoping that I find you\nI been hoping that I find you\nI'm missing you\nI'm missing you\nI'm missing you\nI'm missing you\nI'm missing you\n(In the real world, we just people with ideas)\n(In the real world, we just people with ideas)\nI'm missing you\n(In the real world, we just people with ideas)", "image": "https://images.genius.com/04c687414ea567ebf44f05a92c3e86ff.1000x1000x1.jpg"}], "artist": "Chance the Rapper"}