{"songs": [{"title": "Thotty", "album": null, "year": "2014-01-01", "lyrics": "[Hook]\nShawty, she got the body\nShe did the molly\nProbably gonna do the squaddy\nRight after papi\nSloppy, she extra choppy\nJust did the potty\nI love that bitch, the perfect thottie\nThe perfect thottie\nShawty, she got the body\nShe did the molly\nProbably gonna do the squaddy\nRight after papi\nSloppy, she extra choppy\nJust did the potty\nI love that bitch, the perfect thottie\nThe perfect thottie\n\n[Verse 1: Chance the Rapper]\nYou are the prototype\nI love you like you love your photo likes\nWhen you post your life\nSome of these hoes just wanna Instagram me\nYou out here trying to win you an Instagrammy\nInstant pancakes in the morning\nAunt Jemima try to Andre Benjamin me\nI'm sorry Ms. Jackson, but your daughter do dicks\nWouldn't be my old bitch if you taught her new tricks\nBut she do do the one thing, with her tongue ring\nWhen she bust like a gun range\nI had a couple pics, record her out her panties\nBut, that's just chump change\nShe the type of bitch that loves to say she's mixed\nBut when she say the roster she always say \"Black last\"\nYou know who you is and you know what it is\nI love you with your black ass\nYou helpless thing, wish you gave me more head\nAnd have way more self esteem\nBut I wish she gave me way more head\nWay more then I ever gave a fuck about your self esteem\n\n[Hook]\nShawty, she got the body\nShe did the molly\nProbably gonna do the squaddy\nRight after papi\nSloppy, she extra choppy\nJust did the potty\nI love that bitch, the perfect thottie\nThe perfect thottie\nShawty, she got the body\nShe did the molly\nProbably gonna do the squaddy\nRight after papi\nSloppy, she extra choppy\nJust did the potty\nI love that bitch, the perfect thottie\nThe perfect thottie\n\n[Verse 2: J. Cole]\nGot it locked, I got lots of keys\nFuck nigga don't start with me\nOh my god, oh my god I\u2019m a novelty\nAt least that\u2019s what she said when she swallowed menovelty\nYour bitches had the ball, my bitches pass the ball\nAnd this dick is a gift for that love degree, hey\nHeard you graduating, girl congratulations\nThis ain't prom but can I take you home as if your fam was waiting\nAt the front door with that 44 cocked\n\n[Hook]\nShawty, she got the body\nShe did the molly\nProbably gonna do the squaddy\nRight after papi\nSloppy, she extra choppy\nJust did the potty\nI love that bitch, the perfect thottie\nThe perfect thottie\nShawty, she got the body\nShe did the molly\nProbably gonna do the squaddy\nRight after papi\nSloppy, she extra choppy\nJust did the potty\nI love that bitch, the perfect thottie\nThe perfect thottie", "image": "https://images.genius.com/d5771671554a8976b034671291d2bca7.527x527x1.jpg"}], "artist": "Chance the Rapper"}