{"songs": [{"title": "Windows", "album": "10 Day", "year": "2012-04-03", "lyrics": "[Produced by Apollo Brown]\n\n[Verse 1: Chance The Rapper]\nThis is six blunt rotation music\nThis is just got off six-month probation music\nThis is steppin' on the beach\nWhen you're too drunk to feel a beat\nThis that laughing in a condo\nThrowin' shit down in the street\nThis that shouts to the Ave, shouts to the lab\nShouts to the clucks, shouts to the strags\nThis for every math class that I ever had\nSo fuck you if I failed, and fuck you if I passed!\nFor shitty summaries and bummers in the past\nCause some of our teachers act as if summer was for class\nSome of us is seeing summer, some of us have passed\nSome of us ain't seeing summer, some of us have passed\nSo I'm just glad to say I'm sippin' rum up out a glass\nCause some of us is only sippin' some up off the grav'\nAnd heaven's gates look a lot like prison from the Ave\nWe on the ground yelling, \"Give my nigga back!\"\n\n[Chorus: Akenya Seymour]\nAnd I just want to roll with my windows down\nAnd I just want to roll with my windows down\n\n[Verse 2: Alex Wiley]\nAnother weekend full of blunts and brews\nToo comfortable, yelling \"Fuck a school\"\nAin't seen the world before noon in like a month or two\nBlunts to the face, bottles to the dome\nNiggas never need no cup\nLivin' out dreams, never givin' hopes up\nRidin' with them Vill niggas, never givin' no fucks\nIn the game tryna get our feel, tryna get a deal\nTryna get a million\nJust ridin' around with my niggas and them\nReal white nigga man mean real appeal\nWe go all out 'til we fall out\nNiggas get called out then hauled out\nWith the windows down we like to smoke all out\nDrink 'til I fall out, fuck is you tahm bout boy\nThe Village is my brothers\nIt's me, Mikey, Kembe trappin'\nHella love for Chance The Rapper\nWe know 10 Day is a classic, on God\n\n[Chorus: Akenya Seymour & Chance The Rapper]\nAnd I just want to roll with my windows down\nAnd I just want to roll with my windows down\n\n[Verse 3: Chance The Rapper]\nThis is for sand in my shoes, shout out to Oak Street\nFor the free train rides, shout out to Polk Street\nTo the ice cream man you just on hella dirt\nHow you don't see us can't hear us, you Helen Keller\nBut I'mma save my dollars for Mary Jane and embellish her\nInhalin' her, smellin' her, maybe sellin' her\nYou niggas got cold feet, shouts to Luke Helliker\nBut that's my homie, my dude be droppin' hella verses\nSo, shouts to D.O.C. and Nu Tribe too\nMan we out this jam, see how new guys do\nBut its still save money like a coupon\nSo you can catch me off of the Ave gettin' my stoop on\n\n[Chorus: Akenya Seymour & Chance The Rapper]\nAnd I just want to roll with my windows down\nAnd I just want to roll with my windows down", "image": "https://images.rapgenius.com/99a56c0263624351265f01b7e7c3ec32.500x500x1.jpg"}], "artist": "Chance the Rapper"}