{"songs": [{"title": "Coming For Your Spot", "album": null, "year": "2012-03-06", "lyrics": "[Hook]\nI'm coming for your spot, bitch\nI'm coming for your spot\n\n[Verse 1]\nI ain't slept since I graduated\nI'm so tired of this school shit\nNiggas talking all that glad you made it\nI'm getting tired of the bullshit\nPosted like facebook walls\nAsk me if I care how her face look, naw\nSnap back to reality, back pack and a snapple\nWe so far from moving jeans and backpacks from the mall\nAnd Chance laughing em off, hand smackin em all xanax in a ball\nShoulda said lean but the lean put on the house if the track buy me a couch\nNo back pack in the fall, no plan back for me to fall\nNo man left for me to ball up\nIt's too risky, it's just a mistake\nSo crispy, is that a mixtape? Is that an album? Shutup\n\n[Hook]\n\n[Verse 2]\nFor your spot, for your top\nI'm off of mine\nI'm off the line, sometimes you thought I wrote it\nI did, no that's bogus I'm lying but I'm focused like a ford\nCan you afford? A verse from the man of the yord? Of the year?\nNext it's New York next it's back to Cali, shouts to Dally Auston\nI do this often, and shouts to Austin the video's awesome\nThey wanna know more, they wanna know why but he flossing\nNow you know I'm lying now you know I'm offing eat em up lunch em\nIf you fuck up better punch em' is that still a freestyle?\nIDK I eat cake, I still cake, with my bitch\nRipping off the top, throw up the fists for niggas that still rapping that bitch\nAttack shit all and stack shit, it's still so fun to play in my car\n\n[Outro]\nI'm coming for your spot, bitch\nI don't give a fuck about you or any of your shit that you...\nI'm coming for your spot", "image": "https://images.genius.com/d5771671554a8976b034671291d2bca7.527x527x1.jpg"}], "artist": "Chance the Rapper"}