{"songs": [{"title": "Internet Explorer", "album": "Wake Up/Beddy Bye", "year": null, "lyrics": "[Intro: Computer]\nWelcome Chance, you've got mail\n\n[Hook]\nDon't do me I'm an Internet Explorer, Internet Explorer, Internet Explorer\nDon't do me I'm an Internet Explorer\n\n[Verse 1: Chance The Rapper]\nDon't do me I'm an Internet Explorer\nShots like Jordan, I'm sorry\nI'm soarin, with these J's that I found\nWhile in the net, surfin'\nThose the same color of the last name of Gordon\nBut these likes that I'm scorin', are way more important\nDude I'm a Mac, what the fuck's your Dell?\nDon't be mad at how my wardrobe excels\nWord, lookin' for a deal how much I spend yo?\nTrust me being fresh, it opens new windows\nI'm always fresh and I'm always stuntin'\nYou're pissed cause I'm fresher than the F5 button\nI'm dressed fresh, at the click of a start\nAfter this song I'mma add a few Grammys to my cart\nWoah\n\n[Hook]\nDon't do me I'm an Internet Explorer, Internet Explorer, Internet Explorer\nDon't do me I'm an Internet Explorer\n\n[Verse 2: Vic Mensa]\nHey yo I'm straight off the Netscape\nHead to the internet\nLog on MySpace, ask the where the women at?\nI guess I'm just that type of dude\nWhen I'm at the rest you can catch me on the web like spider food\nA pair a nike shoes, nice and new\nI got it cuffin' and you other niggas feet bare, like blue\nPretty girls, I keep 'em in bed like the flu\nYou niggas following, instead we write the rules\nSayin' Mac's 90, and infrared like Sniper 2s\nInside the booth you're recyclin'\nIt's proof that you dudes can't handle, like unicycles\nWe fantasy ballin' I'm using Michael\nAnd I can't even call it, but if I had to choose a title\nI'd say don't do me I'm an internet explorer\n\n[Hook]\nDon't do me I'm an Internet Explorer, Internet Explorer, Internet Explorer\nDon't do me I'm an Internet Explorer", "image": "https://images.genius.com/d5771671554a8976b034671291d2bca7.527x527x1.jpg"}], "artist": "Chance the Rapper"}