{"songs": [{"title": "Paranoia (CHANCE THE RAPPER)", "album": null, "year": null, "lyrics": "I've been riding around with my blunt on my lips\nWith the sun in my eyes and my gun on my hip\nParanoia on my mind, got my mind on the fritz\nBut a lot of niggas dying, so my 9 with the shits\n\nMoved to the neighborhood, I bet they don't stay for good, watch\nSomebody will steal daddy's rollie\nAnd call it the neighborhood watch\nPray for a safer hood, when my paper good, watch\nCaptain save the hood, Hood Saviour\nBaby boy, still getting ID'ed for swishers\nMama still wash my clothes\nStill with the save money militia\nI'ma still watch my bros\nTrapped in the middle of the map\nWith a little bit of rock and little bit of rap\nThat with a literary knack and a little shitty Mac\nAnd like literally jack\n\n[Hook] x 2\nI've been riding around with my blunt on my lips\nWith the sun in my eyes and my gun on my hip\nParanoia on my mind, got my mind on the fritz\nBut a lot of niggas dying, so my 9 with the shits\n\nThey murking kids, they murder kids here\nWhy you think they don't talk about it?\nThey deserted us here\nWhere the fuck is Matt Lauer at?\nSomebody get Katie Couric in here\nProlly scared all the refugees\nAway like we had a fucking hurricane in here\nAnd we shooting whether it's dark or not\nI mean the day is pretty dark a lot\nDown here it's easier to find a gun\nThan it is to find a fucking parking spot\nNo love for the opposition\nSpecifically a cop position\nCause they never been in our position\nGetting violations for the nation, correlating, you dry snitching\n\n\n[Hook] x 2\nI'm riding around with my blunt on my lips\nWith the sun in my eyes and my gun on my hip\nParanoia on my mind, got my mind on the fritz\nBut a lot of niggas dying, so my 9 with the streets\n\nI know, you scared, you should ask us if we scared too\nI know, you scared, me too\nI know, you scared, you should ask us if we scared too\nI know, you scared, me too\n\n[Outro]\nIt just got warm out\nIt's the shit I've been worrying bout\nI hope that it's storm in the morning\nI hope that it's pouring out\nI hate crowded beaches\nI hate the sound of fireworks\nAnd I ponder what's worse\nBetween knowing it's over and dying first\nCause everybody dies in the summer\nWanna say goodbye tell them while it's spring\nI heard everybody dying in the summer\nSo pray to god for a little more spring\nI know, you scared, you should ask us if we scared too\nI know, you scared, me too", "image": "https://images.genius.com/d5771671554a8976b034671291d2bca7.527x527x1.jpg"}], "artist": "Chance the Rapper"}