{"songs": [{"title": "Cold Stares (Ish Illa)", "album": null, "year": null, "lyrics": "EDIT: The song has been officially released - check the lyrics out here\n\n\n\nHey Genius family\n\nVia Twitter, Chance expressed his desire to keep this song hidden from the public. Like he said, he has no labels, publishers or legal team to help him handle these situations. Let's honor his wish and not share the song until HE wants it to be shared", "image": "https://images.genius.com/d5771671554a8976b034671291d2bca7.527x527x1.jpg"}], "artist": "Chance the Rapper"}