{"songs": [{"title": "The Other Side", "album": null, "year": "2017-07-05", "lyrics": "I still have keys that are of no use to me,\nThey used to though.\nOn the other side was a mansion on a hill,\nComplete with LA pools and fireplaces,\nAnd a rim made specifically for people who lie about being six feet to dunk on,\nWhere a piano was for decoration and an old record player was actually for the hoes,\nI was never awakened by the twisting of a door knob,\nBenzo\u2019s kissed me goodnight,\nThe bars finally stopped working,\nThey used to though.\nOn the other side was a presidential suite,\nComplete with living rooms and empty beds and a rainfall showered fixture and the freedom to smoke big dope,\nAnd smoking fees also,\nAnd the possibility of making a beautiful girl I just met, map out in her mind just how many times her apartment could fit in this room,\nIf I could just get in.\nThe card stopped working,\nThey used to though.\nOn the other side was a family,\nComplete with carpet stains and big loves and \u201cits your turn\u2019s\" and toys all over the place\n(I almost fell and broke my fucking neck),\nAnd responsibility and refrigerator magnets,\nAnd days on the couch and nights on the couch,\nAnd lines drawn in the sand and comebacks that cross the line,\nAnd a horn line from my favourite make-up song plays,\nAnd just like that, we've rehabbed a home,\nDeBarge stopped working.\nI still have all the keys that are of no use to me\nThey used to work though.", "image": "https://images.genius.com/dd3d4c7111a85e67659e81006a1fee6f.750x1000x1.jpg"}], "artist": "Chance the Rapper"}