{"songs": [{"title": "Hey Ma (Remix)", "album": null, "year": null, "lyrics": "[Intro]\nI say I love you\nAnd I've said more\nMy one and only\nI can't lose no, no\n\n[Verse 1]\nHey Ma, Hey Ma I know I never did behave a lot\nNever got good grades a lot\nAnd turned your hairs to grays a lot\nAnd go in stores and take a lot\nAnd never shopped but saved a lot\nSo you ain't gotta shop at Save A Lot\nAnd you ain't gotta worry about Chase a lot\nThey playing with your checks, your shit\nCause they gonna take your pay or not\nQue Sera, gotta then, fuck them niggas you smarter than\nWe just gonna beg your pardon them\nSave Money, my partner and them\nI'm part of them, It's part of me\nThis Save Mula, Bo Squad at three\nI'm riding around my side of town\nHot boxing no cops around\nI had the tux I had the gown\nJust had a show, just had to bounce\nIt's Chance ho, #10Day\nChano no hable englais\nThat language be that chanish but ooh! Muy caliente\nSo she just gonna throw her steps on\nAnd haters gonna throw that epsom\nAnd we just gonna throw a party\nAnd I'm gonna just throw my teflon\nCause family be that plug though\nAnd I ain't even flexin\nBut twin bro be that Victor\nAnd Big Cuz be that Chef Sean", "image": "https://images.genius.com/d5771671554a8976b034671291d2bca7.527x527x1.jpg"}], "artist": "Chance the Rapper"}