{"songs": [{"title": "We The People (Nike: Unlimited Together)", "album": null, "year": "2016-08-10", "lyrics": "[Verse: Chance The Rapper]\nWe want some heroes in our story\nWe need highlights for a nightlight, we need glory for a while\nWe want results, we want results\nHit our families, hit our folks\nBombs bursting in air\nOh say\nCan you see America's face?\nWe share a pair of parents, took good care of the place\nWe just want narrators to pick up the narrative's pace\nPut on a show for us, float for us\nMake it easy, make some more for us\nSave the date\nWe want a W, we tired of picking different sides\nI got your jersey, just a different size\nWe all want you to be a buzzer beater\nFind us a leader far from Silent Bobs and Cousin Skeeters\nThrough the perilous fight, want you to be brave\nYou want to see a hero? You need a teammate\n\n[Chorus: Chance The Rapper]\nPeople, people, we the people would like you to know that wherever you go\nWe're right by your side\nPeople, people, we the people would like you to know that wherever you go\nWe're right by your side\n\n[Bridge: Jack Red]\nAnd now that we made it\nCame in with an angel around us\nPut it all in what we doing next\nOoo you know we can't go without it\nNever go alone it never lasts\nSo we get to make what we want\nHome has come at last\nYeaaa\n\n[Chorus: Chance The Rapper]\nPeople, people, we the people would like you to know that wherever you go\nWe're right by your side\nPeople, people, we the people would like you to know that wherever you go\nWe're right by your side\nPeople, people, we the people would like you to know that wherever you go\nWe're right by your side\nPeople, people, we the people would like you to know that wherever you go\nWe're right by your side", "image": "https://images.genius.com/d5771671554a8976b034671291d2bca7.527x527x1.jpg"}], "artist": "Chance the Rapper"}