{"songs": [{"title": "Big B's", "album": null, "year": "2017-07-14", "lyrics": "[Intro: Young Thug]\nBig business\nLike the opp say big business, you know what I'm saying, fucks\nYeah, now watch me\n\n[Verse 1: Young Thug]\nHandful of hundreds, real big Bentley\nHublot, nigga get some business\nWhole lotta hoes, nigga get your women, heh\nStuff 'er with the pole, come and get your women nigga\nBig business, talk shit Wendy Williams, ooh\nCatch 'em at the club sipping, fuck around they missing, hold on (swoop), hold on\nBig pimping, iced out my crew now my mission complete\nPimp C, I ain't doing that, I'ma fuck her on the sheets, yeah\nAnd all my niggas loyal like Bun B, hold on\nFuck you thought? YSL till we d-i-e, hold on, hold on, hol' on\nFuck around and set the bitch off like Queen Latifah\nHold on, hold on, yeah, going all out 'bout my dog like Scooby-ee\nAnd a nigga trap door swinging like busy bee, woah (Busy bee)\nOutdated temporary tag on a Bentley B (Bentley B)\nTwo tone wire bag, double R, park it on the streets, yeah, hold on\nTwo tone wire bag, big tires tear up the streets, rwar\nLooking at your kid, I might be the papi (sheesh)\n65 pointers in the Cuban sheesh (damn, woah, sheesh)\nDiamonds on the backside tearing up my skin, sheesh\nUh, your old man tryna do it like me, sheesh\n\n[Chorus: Chance The Rapper]\nPlease, please\nTreat me like you know who I am\nPlease, please\nBitch I know who I am, uh\n\n[Verse 2: Chance The Rapper]\nI got money on my card\nPut some money on they books, that's a yard\nI declare war on the beast for my God, sheesh\nGross 3 mil' off the new hat\nIf I could go back, I'd make a two cap\nLove me in my city like Cusack\nGet a little beat and I'll loop that\nGet a little money, I'll oop that\nSplit it with my niggas in the group chat\nLeft for a minute then I flew back\nHad to ask Bruce \"where the truth at?\"\nHad to ask Rahm \"where the truth at?\"\nNow I can't ride with the roof back\nTell 'em I don't play around with other people's kids\nGot an office in the steakhouse\nGotta bid for the ribs\nGot a meeting at the Ritz\nGave a crib to my rib\n'Cause she leaving where I live but I see her in a min\nGot a Michael prayer card for the good luck, ay\nBra push up when I pull up, ay\nGot a little money from the tour, yeah\nSpend it all on baby pull ups, ay\nBig old Bentley, bitch I mix the Henny with the Simply\nLemonade exterior, Lorenzos under Bentleys\nPut you in the friend zone if you start acting too friendly\nBought a baby Benzo and some Kenzo just for Kensli\nWake up real early but I eat late\nGo and hit the streets with that briefcase\nTime to shake down another cheap skate\nYou could tell he's lying, cheesecake\n\n[Verse 3: Young Thug]\nMake a nigga bitch tap out\nThen put 24\u2019s on a real big body\nBitch said nigga need to stop got 100 racks on me\nCan't fit in my pocket\nI'm a street nigga, I'ma eat me some soup, I'ma let my bitch eat pasta\nTold y'all niggas ain't stopping\nBlack card in my wallet, I'ma feed my partner\nI was at one of my shows feeling like Cam'ron with the pink Margielas\nWe was tryna beat a murder capital, riding around the town with the pink Beretta\nWhen I got in touch with the money, me and shawty fucked around and filled my schedule\nMomma just sent me a picture got Indian in my family through my God damn nana\nYoung nigga fucked 'round, dropped out school, learned it all through the ID channel\nYoung nigga fucked around and ran out of bullets in the .40, got to get a banana\nThese young niggas go brazy, done got that money, they still might pop\nSo many blue faces on me right now, young nigga still gamble\n35 racks for the factories, I steal mammals\nI ain't no rapper nigga, I geolog'\nI'm a big dog, no pedigree, I eat racks\nBoomerang your bitch sweet, she coming back\n\n[Chorus: Chance The Rapper]\nPlease, please\nTreat me like you know who I am\nPlease, please\nBitch I know who I am, uh", "image": "https://images.genius.com/cff83881b30c5161e7088537f7fa5f0d.983x1000x1.png"}], "artist": "Chance the Rapper"}