{"songs": [{"title": "First World Problems", "album": null, "year": "2017-09-26", "lyrics": "[Verse 1: Chance The Rapper]\nI get sad when I look at the stars\nThey so pretty, you can't tell 'em apart\nYou think they close but really we far\nAnd really, they ain't even that much closer to God\nIt's much harder to sin naked\nI walked past apple trees and didn't take it\nI thought about stone mattresses, thin blankets\nReally long winters spent in a windbreaker\nI'm a temptation door-knocker, down there on Lower Wacker\nI'm a rich excuse for a father, you just can't tour a toddler\nShe turnin' 2, she don't need diapers, she just need her papa\nI really need a break, could really use a nap\nMy daughter barely recognize me when I lose the hat\nYou go so far, you hit a point where you can't Uber back\nThe other day, I told a hummingbird he too relaxed\nI did my worst, I did the work, I had to skip the label\nI go to church, they want a flick, I want to flip the table\nI knew the worth before the birth when it was just a stable\nAnd now it's just a fable, and it's just as fatal\n\n[Pre-Chorus 1: Chance The Rapper]\nFirst world problems that niggas make up\nHave a dream and then never wake up\nWhen so much turns to too much\nHave a dream and then never wake up\n\n[Chorus: Chance The Rapper & Daniel Caesar]\nThe day is on its way, it couldn't wait no more\nHere it comes, here it comes, yeah\nReady or not, ready or not\nThe day is on its way, it couldn't wait no more\nHere it comes, here it comes\nReady or not, here it comes\n\n[Bridge: Chance The Rapper]\nHere it comes\nAlright\nSpirit's working now\n\n[Verse 2: Chance The Rapper]\nI think my little cousins want they cousin back\nThe automatic quarterback that doesn't rap\nThey know I used to drive to Hammond for the Roman candles\nLied about coming back, the last straw that broke the camel\nIt ain't really fun to hang out with me no more\nWe can't go to River East to hang at the beach no more\nIt's messed up, I made it this way, and my feet so sore\nBut it's all downhill from here, I could teach snowboards\nI miss my mom, I miss my time, I miss my prime\nIn high school, I missed my prom, I ditched my date, I missed my beat\nKissed my teeth, kicked my feet, hooped and hollered\nNow I just sip my tea, sit my ass on my ass\nSend my tweet, fold my arms, twist my weed\nIf I hadn't heard the news, I would've known what he say\nBut the recliner on my chair is like an emergency brake, you know\n\n[Pre-Chorus 1: Chance The Rapper]\nFirst world problems that niggas make up\nHave a dream and then never wake up\nWhen so much turns to too much\nHave a dream and then never wake up\n\n[Chorus: Chance The Rapper & Daniel Caesar]\nThe day is on its way, it couldn't wait no more\nHere it comes, here it comes\nReady or not, ready or not\nThe day is on its way, it couldn't wait no more\nHere it comes\nReady or not, here it comes\n\n[Verse 3: Chance The Rapper]\nThree verses, hell yes\nI still ain't get my Grammys in the mail yet\nI just want my mama happy like a toy sale\nAnd to stay connected to the world like a long-ass voicemail\nI hear the seams snappin', and I'm the team captain\nNo more knee slappin' or shoe shinin' or shoe signin'\n'Til the dream happens, I'm just gon' keep rappin'\nAnd y'all just keep clappin' and keep actin' like\nFlint got clean water and y'all don't got teen daughters\nAnd black friends and gay cousins, y'all just gon' say nothin'\nKnow that the day comin', knees bowed, tongues confessin'\nThe last ones gettin' first dibs on blessings\n\n[Pre-Chorus 2: Chance The Rapper]\nNow these the first world problems that niggas make up\nKeep on playin', we gon' shake this shit up\nKeep on tellin' us we makin' it up\nThe American Dream, may you never wake up\n\n[Outro: Chance The Rapper & Daniel Caesar]\nThe day is on its way, it couldn't wait no more\nHere it comes,  ready or not, ready or not\nReady or not,  ready or not, ready or not\nThe day is on its way, it will not wait another day\nNo more, no more (it's on its way, way, yeah)\nThe day is on its way, I cannot wait, here it's to stay\nNo more, no more (it won't wait, yeah)\nThe day is on its way, it couldn't wait no more\nHere it is", "image": "https://images.genius.com/e41782d462def25885148c8ed04be73f.641x640x1.jpg"}], "artist": "Chance the Rapper"}