{"songs": [{"title": "Wala Cam", "album": "Owbum* (CTR4)", "year": "2018-07-18", "lyrics": "[Intro: Forever Band]\nWala, Wala, Wala, Wala, Wala, Wala, Wala\nWala, Wala, Wala, Wala, Wala, Wala, Wala\n\n[Chorus: Chance the Rapper & Forever Band]\nWala Cam, Wala Cam, Wala Cam, Wala Cam\nWala Cam, Wala Cam, Wala Cam, Wala Cam\nYou know I gotta Wala Cam, Wala Cam, Wala Cam, Wala Cam\nWala Cam, Wala Cam, Wala Cam, Wala Cam\nWala Cam, Wala Cam, Wala Cam, Wala Cam\nWala Cam, Wala Cam, Wala Cam, Wala Cam\nYou know I gotta Wala Cam, Wala Cam, Wala Cam, Wala Cam\nWala Cam, Wala Cam, Wala Cam, Wala Cam\n\n[Verse 1: Chance the Rapper]\nBig ol' booty gotta jump, gotta juke me\nGotta plan, got a duty\nGotta dance, gotta boogie\nI'm a fan, gotta stan\nGotta cam, it's a movie\nMake my 'Gram look like Cannes, like in France\nMamma, mamma, mamma mia\nTell me what your momma feeds ya\nYou getting that cornbread and choreo\nLet me throw you on the story though\nTrying to beat it like story mode\nYou belong at the war zone on\nWala, Wala\n\n[Chorus: Zekur]\nWala, Wala, Wala, Wala, Wala, Wala, Wala, Wala\nWala, Wala, Wala, Wala, Wala, Wala, Wala, Wala\n\n[Verse 2: Chance the Rapper]\nNigga, you can't dance\nMy feet like my hands (eeh)\nYour feet like quicksand (yeah)\nSomething I can't stand (yeah)\nSomething I just hate (eeh)\nI'm not on no date (yeah)\nCar don't got no roof (yeah)\nWorks, don't got no brake (eeh)\nGirl don't got no waist (yeah)\nWatch don't got no face (eeh)\nJet don't got no plates\nGod don't got no cape (uh)\nShoes don't got no J's\nDon't got no style, don't got no taste (eeh, eeh)\nBank don't got no card, don't got quickpay, don't got no Chase (yeah)\n\n[Chorus: Chance the Rapper]\nWala Cam, Wala Cam, Wala Cam, Wala Cam\nWala Cam, Wala Cam, Wala Cam, Wala Cam\nYou know I gotta Wala Cam, Wala Cam, Wala Cam, Wala Cam\nWala Cam, Wala Cam, Wala Cam, Wala Cam\nWala Cam, Wala Cam, Wala Cam, Wala Cam\nLotta, you know I gotta Wala Cam, Wala Cam, Wala Cam, Wala Cam\nWala Cam, Wala Cam, Wala Cam, Wala Cam\nWala Cam, Wala Cam, Wala Cam, Wala Cam\n\n[Verse 3: Supa Bwe]\nWatching DBZ\nShorty stuck to me\nLike she lowkey USB\nI just want some head, want some lowkey guillotine\nPolice watching me like I'm lowkey new TV\nLike I'm serving twenty p's\nLike I lowkey used to be\nOver the seas with my girl cause she over achieve\nAnd don't put nobody over her king\nLove my life\nShorty ride my face like bike\nI'ma beat it like Mike, not Ike\nMight split bro shit\nOn life, I might spent all you made\nAll year, all night\nI might fuck some bands up\nOr fuck your mans up\nI might fuck some bands up\nOr switch the plan up\nLeave the country like right now\nShit, I might cop flight\nI might take off tonight\nI might, on life, I might\nTonight I might\n\n[Chorus: Zekur]\nWala, Wala, Wala, Wala, Wala, Wala, Wala, Wala\nWala, Wala, Wala, Wala, Wala, Wala, Wala, Wala\n\n[Verse 4: Chance the Rapper]\nYou need a name tag\nShe got the same ass\nSame drawers, same car\nSame bag, damn fraud\nShake it up, shake it up, shake it up, shake it up\nPop-pop-pop that cork\nPop it like July 4th\nShorty's don't move like yours\nShe got it from a store\nYou got it from the Stork\nThey don't do this up North\nThey always been indoors\n\n[Chorus]\nWala Cam, Wala Cam, Wala Cam, Wala Cam\nWala Cam, Wala Cam, Wala Cam, Wala Cam\nWala Cam, Wala Cam, Wala Cam, Wala Cam\nWala Cam, Wala Cam, Wala Cam, Wala Cam\nWala Cam, Wala Cam, Wala Cam, Wala Cam\nWala Cam, Wala Cam, Wala Cam, Wala Cam\nWala Cam, Wala Cam, Wala Cam, Wala Cam\nWala Cam, Wala Cam, Wala Cam, Wala Cam\nWala Cam, Wala Cam, Wala Cam, Wala Cam\nWala Cam, Wala Cam, Wala Cam, Wala Cam\nWala Cam, Wala Cam, Wala Cam, Wala Cam\nWala Cam, Wala Cam, Wala Cam, Wala Cam\nWala Cam, Wala Cam, Wala Cam, Wala Cam\nWala Cam, Wala Cam, Wala Cam, Wala Cam\nWala Cam, Wala Cam, Wala Cam, Wala Cam\nWala Cam, Wala Cam, Wala Cam, Wala Cam\nWala", "image": "https://images.genius.com/b528e1b63269f34fb74415c17efb7a05.640x640x1.jpg"}], "artist": "Chance the Rapper"}