{"songs": [{"title": "Ssssss", "album": null, "year": "2016-05-05", "lyrics": "[Intro]\nIgh\nShouts to SC\nGood doctors\nPat, this hot ass apartment\nAnd that weak ass beer\n\n[Verse 1]\nYo, Yo, Gots to show\nThat this young nigga gots to blow\nWhat, what's good\nHeard you got back home and\nYou looking for a little thing to get on but\n\n[Hook: Chance The Rapper]\nWhat's good\nWhat's good with you\nIgh\nWhat's good\nWhat's good with you\nIgh\nWhat's good\nWhat's good with you\nWhat's good with you\nWhat's good with you\nIgh\n\n[Verse 2]\nI'm coming back with true force\nNewports\nCame back from New York\nWatching the two doors\nHop outta the two door\nIgh\nShe told me that grandma got some tumors\nAnd she just got two more\nI'm asking ma\nWhat you knew [?]\nShe said Oo Lord Oo Lord\nWhere we going\nWhere we going back now\nI heard that you had to back down\nFrom a couple different deals\nAnd now you taking pills\nAnd now you in [?]\nAnd your bitches [?]\nThat shit dope\nGet a house in the hills\nI ask her if she need a couple meals\nI told Def I need a couple mil\nThey ain't give me the Kanye treatment\nGave them a video\nA hard ass treatment\nGave them something\nAnd I [?]\nYou know I'm out tweaking\nAnd every weekend\nI'm feeling so decent\nI'm calling the deacon\n\n[Outro]\nWhat's good\nWhat's church\nWhat's word, my nigga\nI just had to swerve, my nigga\nA little weed and some liquor, my nigga\nI'm going off the top of them words, my nigga\nWe lost at sea\nI'm... Did it really stop?\nI'm sorry", "image": "https://images.genius.com/0b2ac9cf6eb889ad12fbdebe80e8408d.500x500x1.jpg"}], "artist": "Chance the Rapper"}