{"songs": [{"title": "The Writer", "album": null, "year": "2014-01-01", "lyrics": "[Intro]\nNiggas try to come at me and shit like\nOn some like, I only write slow songs\nAnd I only write...church and\nHow many of y'all are fucking with me with a pen, period?\n\n[Verse]\nI'm a writer, probably as good as Elton John\nBut what's writing good for if it ain't helping moms?\nI'm tryna feed Japan while seeing sights of Lebanon\nAnd wiping away tears of girls that's getting felted on\nI'm tryna get my felt pen on, but the block is hot\nMy hands is questioning if I'm Bach or not\nIf I'm 2Pac or nonexistent to these juggernauts\nBut I'm a architect an astronaut an argonaut\nSo hey, you, get off my couch\nYou don't know me? Stay the fuck out my mouth\nBut I'm a writer you can quote it out loud\nA false poet get my dough and I'm out\nBut here's an eighth of shrooms for your earlobe\nA little rap wrapped in cigarillo\nA little bit of Wu-Tang, mixed with some Henry David Thoreau\nA little ponder theory you can ponder on your pillow\nBut this is for the day that your dad dies\nBut for some reason all you hearing is sad sighs\nYou searchin' for nostalgia but sad and you can't cry\nSo you check your iPod in search for some bad vibes\nFrom that rap guy, who raps over sad vibes\nI wrote it in an hour dawg, don't know what your dad's like\nHe probably was a great dad, he's probably in paradise\nYou want deeply in heartbreak and sadly I can't write nothing\nThis is for those who wrote suicide notes\nAnd all the hipster girls that was super fly dope\nYou looking at her nose what you do besides coke\nYou looking at her palms what you do besides dope\nNothing, life is but a supersized note\nI open up my mind like suicide door\nAnd grab a pimp cane and a superfly coat\nHave they bobbing they heads to something stupid I wrote\nI hope", "image": "https://images.genius.com/d5771671554a8976b034671291d2bca7.527x527x1.jpg"}], "artist": "Chance the Rapper"}