{"songs": [{"title": "Juke Jam", "album": "Coloring Book", "year": "2016-05-13", "lyrics": "[Verse 1: Chance The Rapper]\nWe used to roll at the Rink, we used to roll at the Rink\nI used to talk way too much, you used to know everything\nYou couldn't stand me, I couldn't stand you\nYou said I'm steady playin', but you steady playin' too\nYour big brother foot work, your play sister Juke\nThe Rink was the place, but in that space and time I was too young for you\nAs you were for me, too worried 'bout Frooties and Chews\n'Til I found out all the shawdy's with cooties was cute and realized what booties could do\n\n[Chorus: Towkio]\nWe gon' get it poppin', we gon' get it jukin'\nWe gon' throw a party, and we ain't gotta do shit\nYou came with your best friend, came up for the weekend\nRollin' with the parties, so tell me what you thinkin'\nSo we gon' have a juke jam, we gon' have a juke jam\nWe can have a party, just listening to music\nLike we used to do, I'll get close to you\nI remember you, you used to, I remember you, 'cause\n\n[Bridge: Justin Bieber]\nWe've got so much history\nBaby (juke), maybe (juke)\nMaybe you and I were meant to be\nMaybe (juke) I'm crazy (juke)\n\n[Verse 2: Chance The Rapper]\nWe never rolled at the Rink, we would just go to the Rink\nYou ain't buy tokens no more, you just hip roll at the Rink\nYou had a nigga, I couldn't stand him\nBut when they play \"Take You Down\", Chris Brown, I am his stand-in\nI mean it's just dancing, it's harmless as fuck\nThen I put my waist through your hips and your legs in my arms just to harness you up\nThen we hit the floor, all the kiddies stop skating\nTo see grown folks do, what grown folks do when they grown and they dating\n\n[Bridge: Justin Bieber]\nWe've got so much history\nBaby (that's right, that's right), maybe (that's right, that's right)\nMaybe you and I were meant to be\nMaybe I'm crazy, crazy about you\n\n[Chorus: Towkio]\nWe gon' get it poppin', we gon' get it jukin'\nWe gon' throw a party, and we ain't gotta do shit\nYou came with your best friend, came up for the weekend\nRollin' with the parties, so tell me what you thinkin'\nSo we gon' have a juke jam, we gon' have a juke jam\nWe can have a party, just listening to music\nLike we used to do, I'll get close to you\nI remember you, you used to, I remember you, 'cause\n\n[Outro: Justin Bieber]\nWe've got so much history\nBaby (juke), maybe (juke)\n\n[Produced By Rascal]", "image": "https://images.genius.com/b17a54d05a3de269cc6ea53c3f71f73e.1000x1000x1.jpg"}], "artist": "Chance the Rapper"}