{"songs": [{"title": "Hide", "album": "The Art Of Being", "year": "2015-05-15", "lyrics": "[Hook]\nHide yourself\nFrom those you\u2019re born to lead\nKill yourself\nEscape from being free\nLove, lose yourself\nThey say you\u2019ll only make it that way\n\n[Verse]\nI keep running from who i\u2019m supposed to be\nYearn to fit in with those who\u2019s words choke me\nLies threatening to swallow me whole\nI\u2019ll hide myself from me\n\n[Hook]\n\n\n[Verse]\n\n\n[Outro]\nI\u2019ll hide no longer\nI\u2019ll hide no longer\nI\u2019ll hide no longer, i am stronger", "image": "https://images.genius.com/267269cfa7baff2778410bf5a1b24c81.500x500x1.jpg"}], "artist": "Chance the Rapper"}