{"songs": [{"title": "YOLO (DJ Allstyle Shout)", "album": null, "year": null, "lyrics": "[Produced by Stefan Ponce]\n\n[Intro: Chance the Rapper]\nYolo nigga, yolo everything\nYolo car, yolo car radio\nLook me up in the yolo pages nigga, igh\n\n[Verse 1]\nHey, Ya! When the fuck you gonna grow up?\nWhen that money gonna show up?\nThought that 10 Day shit would blow up\nGot you stressed, ripping your 'fro up\nSmokin' squares, fuckin' your throat up\nAnd a nigga from your iPod in the party and they know ya\nAnd your teachers wanna claim ya, they critically acclaim ya\nUsed to criticize your mistakes, \"Mr. Bennett's Mr. Famous\"\nMrs. Rownd just heard your mixtape, \"the misogynistic mischief\"\nYou the reason for the mishaps, and should keep coming up missing\nYou're a top dog; you the top, dog\nThey can't even catch up; you so hot, dog\nAnd it feels good, and it feels dope\nYou still steal shit, cause you still broke\nAnd you really wanna drop, really really hot\nShit that they really wanna cop, but they wouldn't give a fuck\nIf you won a Grammy, if you end up in the Hall of Rock\nThen you end up in a hole from a hammy to the top\nGot 99 problems, got a 100 to the drugs\nI should finish up this verse, but you know I don't give a fuck\nYOLO!\n\n[Hook]\nYo-Oh-Oh-Oh-Oh-Oh-Oh, YOLO (x5)\n\n[Verse 2]\nShouts out my juice, bitch, my cup runneth over\nBout now them suits fit, my cuffs button golden\nSo bitch suck my dick, igh, bitch, suck my dack\nI been riding 'round in that steamer with that steamer in my lap\nI swear I used to give a fuck, but now I give a fuck less\nWhat do I think of success? What do you think of fuck fest?\nYou ever had a foursome? You ever been a suspect?\nYou ever passed the fuck out? You ever failed a drug test?\nI learned from getting bumped that bumping Ye could make it be okay\nAll that jumping, dunking shit can't make a 3 go way\nI been up inside the stu' for fucking three whole days\nYelling, \"Fuck the cops, it ain't nothing to box\"\nSo somebody pour me another shot like SHOTS, SHOTS, SHOTS, SHOTS\nSHOTS, SHOTS, SHOTS, SHOTS, SHOTS, SHOTS, Drop, drop, drop, drop\nGive a fuck, fuck that-that Is you going, dot, dot, dot?\nLike a lot, lot, lot, lot, do the fop, bop, bop, bop\nDon't stop, stop, stop, stop\n\n[Hook]", "image": "https://images.genius.com/d5771671554a8976b034671291d2bca7.527x527x1.jpg"}], "artist": "Chance the Rapper"}