{"songs": [{"title": "Not Sober (Freestyle)", "album": null, "year": null, "lyrics": "[Verse 1: Riff Raff]\nThey say keep going\nHe said he came from Hawaii\nThen everybody done tried me, I can't go by me\n(I've never heard anybody rhyme with Hawaii before)\nI bypass, look I buy paths\n(I bypass on a fat ass) (no, no, no look)\nI bypass, I've been wrecking mics\nI bypass, I've been, I've been wrecking mics since Dreamcast\n\n[Verse 2: Chance The Rapper]\nDreamcast, I dream fast\nThat's a disconap, I got a disco gap\nThis is a real small one\nI'm a tall one\nI don't follow 'em, but I might fall 'em\nIn the fall but\nYou don't wanna fall boy\nYou don't wanna tall boy\nYou sippin' on them little cans\n\n[Verse 3: Riff Raff]\nLegendary hemwork, check my hot tub pants\nThe way I stance, I got Jody Husky sing you into a trance\nTwo of us cost 750 plus a ticket\nOne point seven, I shoulda got a Prevost\nWe ball the most\nWho gone ball from coast to coast\nWho gone sip the playa potion\nWho would ride tour bus three motion\nI three wheeled a tour bus\nI came through just the ten of us, Bentley Bus\nWho done did that?\nI used to drive a Honda, now I got a Benz back", "image": "https://images.genius.com/d5771671554a8976b034671291d2bca7.527x527x1.jpg"}], "artist": "Chance the Rapper"}