{"songs": [{"title": "Yup (Bath Time Playlist)", "album": null, "year": "2016-12-12", "lyrics": "Tracklist (Click links for lyrics)\n1. Young Thug - Harambe\n2. Bon Iver - 00000 Million\n3. Solange - Cranes in the Sky\n4. 2 Chainz - Lil Baby ft. Ty Dolla $ign\n5. Lil Uzi Vert - Do What I Want\n6. Migos - Bad and Boujee\n7. MisterWives - Same Drugs\n8. Gucci Mane - Pussy Print ft. Kanye West\n9. Gucci Mane - Back On Road ft. Drake\n10. Gregory Porter - Be Good (Lion's Song)\n11. Wyclef Jean - Gone Till November\n12. Chance the Rapper - Summer Friends ft. Jeremih and Francis & The Lights\n13. Kirk Franklin - Melodies from Heaven\n14. Francis and the Lights - It's Alright to Cry\n15. Frank Ocean - Solo (Reprise) ft. Andr\u00e9 3000\n16. Frank Ocean - Self Control\n17. Kirk Franklin & The Family - Riverside\n18. Frank Ocean - Godspeed\n19. D.R.A.M. - Get It Myself\n20. Erykah Badu - Hello ft. Andr\u00e9 3000\n21. Frank Ocean - Solo\n22. Drake - Feel No Ways\n23. Donny Hathaway - This Christmas\n24. Smokie Norful - I Need You Now\n25. Hezekiah Walker & The Love Fellowship Choir - I Need You to Survive\n26. Fred Hammond & Radical for Christ - Let the Praise Begin", "image": "https://images.genius.com/275ce0d05d8687c23fff6f4dd308c49c.671x679x1.png"}], "artist": "Chance the Rapper"}