{"songs": [{"title": "Wild 'N Out Rap Battle", "album": null, "year": "2017-06-27", "lyrics": "[Nick Cannon]\nI got three babies, and everyone know it\nRac', Monroe and a little Golden\n\n[Chance The Rapper]\nAnd a little poet, I think that I win\nI hope that you and Mariah split up them twins\n\n[Nick Cannon]\nSplit up them twins, we gone all the time\nI see them everyday that I can rhyme\n\n[Chance The Rapper]\nEvery I rhyme, I do my lines\nI think you should stick down to drumline\n\n[Nick Cannon]\nStick to drumline, I got more movies tho\nMatter a fact I just did three in a row\n\n[Chance The Rapper]\nThree in a row and I think that that's perfect\nBut I think you should take off that damn turban\n\n[Nick Cannon]\nTake off this turban, man how can you say that\nI don't even know because you don't wanna play that\nI'll take you down, this is my crown\nRapping from New York, now how that sound\n\n[Chance The Rapper]\nIt's going down, I came to play\nI came to clown, I came to say\nI think it's cool that you play lockers\nThat you play.... is that soccer?\n\n[Nick Cannon]\nYes I play soccer\nAnd you know feel it\nBecause when I kick it I pick up and kill it\nMan you gone deal with it\nMan I'm just spill with it\nNick Cannon the realest and you know that I'm the illest so...\n\nPick up and kill it and kill it and kill it\n\n[Chance The Rapper]\nI am not one of them goofy ass niggas\nI think that you take off pants with them zippers\nI know that I am the coolest, the realest\nAnd I can go realer, I'm from Chi-Town\nWhen I do my shit, I never write down\nI'm off the top and I'm wearing my crown\nThis is New York, but I think it's my town", "image": "https://images.genius.com/6e1f39d1efb0e4ff8c6d2b1908f30deb.636x421x1.jpg"}], "artist": "Chance the Rapper"}