{"songs": [{"title": "Juke Or Treat", "album": null, "year": null, "lyrics": "[Intro: Chance The Rapper]\nHey, here in Chicago, it's Chance The Rapper and I'm hanging out with Social Experiment right now. We just want you to have a very safe yet spooky Halloween. You done scared the shit outta me\n\n[Hook: Chance The Rapper]\nBack up off me\nBack up off me\nBack up off me\nBack up off me\nBack up off me\nBack up off me\nBack up off me\nBack up off me\nBack, back, back, back, back\nBack, back, back, back, back\nBack, back, back, back, back\nBack, back, back, back, back\nBack, back, back, back, back\nBack, back, back, back, back\nBack, back, back, back, back\nBack, back\n\n[Verse 1: Chance The Rapper]\nIt's about to be a fright fest-est-est\nIt's about to be a fright fest-est-est\nFright fest, fright fest\nFright fest, fright fest\nFright fright, fest fest\nFright, fright\n\n[Hook: Chance The Rapper]\nBack up off me\nBack up off me\nBack up off me\nBack up off me\nBack up off me\nBack up off me\nBack up off me\nBack up off me\n\n[Reprise: Chance The Rapper]\nHey, hey\nHey, hey\nHey, hey\nHey, hey\nHey, hey\nHey, hey\nHappy Halloween\n\n[Verse 2: Chance The Rapper]\nHey man, let's go\nIt's Halloween, let's go\nHey man, let's go\nHey man hey man, let's go\nHey man hey man, let's go\nIt's Halloween, let's go\nHey man, let's go\nHey man hey man, let's go\nHey man hey man, let's go\nHey man, let's go\nTick or Treat\nHey man, let's go\nHey man hey man, let's go\nHey man hey man, let's go\nHey man, let's go\nIt's Halloween, let's go\nIt's Halloween, let's go\nIt's Halloween, let's go\nHey man, let's go\nHey man hey man, let's go\nHey man hey man, let's go\nHey man hey man, let's go\nHey man hey man, let's go\nHey man hey man, let's go\nHey man hey man, let's go\nIt's Halloween\nHey man hey man, let's go\nHey man hey man, let's go\nHey man hey man, let's go\nHey man hey man, let's go\n\n[Sample]\nLet's have a safe Halloween\n\n[Outro]\nIt's Halloween, let's go\nIt's Halloween, let's go\nIt's Halloween, let's go\nIt's Halloween, let's go\nIt's Halloween, let's go\nIt's Halloween, let's go\nIt's Halloween, let's go\nIt's Halloween, let's go\nIt's Halloween, let's go\nIt's Halloween, let's go\nIt's Halloween, let's go\nIt's Halloween, let's go\nIt's Halloween, let's go\nIt's Halloween, let's go\nIt's Halloween, let's go\nIt's Halloween, let's go", "image": "https://images.rapgenius.com/b842cffa809ef37da815fc80be96a22e.500x500x1.jpg"}], "artist": "Chance the Rapper"}