{"songs": [{"title": "The Tragedy", "album": "Merry Christmas Lil\u2019 Mama", "year": "2016-12-22", "lyrics": "[Intro]\nOooh, snow is fallin'\nOooh, winter is callin'\nWinter is callin' you, oooh\nOooh, snow is fallin'\nOooh, winter is callin'\nWinter is callin' you, oooh, oooh\n\n[Verse 1: Chance The Rapper]\nOld man, sittin' on the corner\nOld man, been there for years\nOld man, weepin' on the corner\nTryna find what's his\nOld man weepin' in the corner\nCold again, it snowed again\nOld man waitin' by the corner\nWaitin' on winter again\nHe needs help\nHe needs help\nHe needs Heaven\nHe needs Heaven\nOld man waitin' by the corner\nOld man drinkin' by the corner\nTryna find somewhere warmer\nSome place that he can get warmer tonight\nWinter's coming\nWinter's coming\nOld man sittin' on the corner\nTryna find what's his\n\n[Verse 2: Noname]\nWhen I was your craving and only this mattered\nThis jingle bell sanctified, sugared in batter\nOur heathenous appetite, ever and after\nLike Christmas will save us and bathe us in rapture\nMr. Happy, Mr. Matrimony\nMr. Half-A-Block-Away-From-Stony\nI love you\nThere's something hauntin', dauntin' 'bout your presence\nCasper essence, ghost of Christmas past\nPhantom of unraveling his laugh\nOpera, string quartet\nCurtain's up, but the whole room darkened up\nI know winter was callin' you\nMe baby, my baby\nHe Chris with the Kringle in rooms filled with ladies\nThey lovin' his presence, a blessin' a blessin'\nI'm guessin' you happy\nI'm knowin' you answered\nWhen winter was callin' you", "image": "https://images.genius.com/9d7a449ffdd43bb6afcbc998ad9f760a.501x501x1.jpg"}], "artist": "Chance the Rapper"}