{"songs": [{"title": "Interlude (That's Love)", "album": "Acid Rap", "year": "2013-04-30", "lyrics": "[Intro]\nYeah yeah yeah yeah\nYeah yeah yeah yeah, yeah yeah yeah, yeah, yeah\nYeah\nYeah yeah yeah yeah, yeah, yeah\nYeah yeah yeah yeah, yeah yeah yeah, yeah, yeah\n\n[Verse 1]\nWhat's better than tripping is falling in love\nWhat's better than Letterman, Leno, Fallon, and all the above\nWhat's better than popping bottles trying to ball in the club\nIs the first caveman pops with his son, ball and a club\nWhat's better than paper is ballin' it up\nWhat's better than followers is actually fallin' in love\nWhat's better than frolicking, follies, fallin' in mud\nRolling in green pastures, wanderin', followin' love\nWhat's better than eating is feeding your fam\nWhat's better than meetings is missing meetings to meet with your fam\nWhat's better than leaning and needing a Xan\nIs hitting your xan dreaming a dream could mean leaving the land\nWhat's better than yelling is hollerin' love\nWhat's better than rhymes, nickels, dimes and dollars and dubs\nIs dialing up your darling just for callin' her up\nIt ain't nothing better than fallin' in love\nIGH!\n\n[Chorus]\nI've seen it come back, back, back and forth\nYou hit the nail right on top of the head\nI know you've seen it all before\nBut when it looks you in the eyes\nIt ain't nothin' you could say but \"that's love\"\nThat's love\nThat's love\nThat's love\nSay that's love, ooh ooh\nThat's lo-o-ove\nThat's love\nThat's love, that's love, that's love\nI LOVE you! (Love you)\nI LOVE you! (Lo-o-ove!)\nI LOVE you! (Love you)\nI LOVE you! (Lo-o-ove!)\nI LOVE you! (Love you)\nI LOVE you! (Lo-o-ove!)\nI LOVE you! (Love you)\nI LOVE you! (Lo-o-ove!)\nI LOVE you!\nThat's love\nThat's loooo-o-o-ove, that's love\nSay that's love, ooh, ooh, that's love\nThat's love, that's love, that's love, that's love", "image": "https://images.genius.com/aa16cba40f43828a61bbb6212de712bd.750x750x1.jpg"}], "artist": "Chance the Rapper"}