{"songs": [{"title": "Smoke Again", "album": "Acid Rap", "year": "2013-04-30", "lyrics": "[Intro: Chance The Rapper]\nMmm, IGH!\nAcid Rap!\n\n[Chorus: Chance The Rapper]\nI don't even talk to them on the phone again\nLeave in the AM, on the road again\nSo bitch, let's fuck so I can smoke again\nI gotta smoke again, I got shit to do\nI don't even talk to them on the phone again\nLeave in the AM, on the road again\nSo bitch, let's fuck so I can smoke again\nI gotta smoke again, I got shit to do\n\n[Verse 1: Chance The Rapper]\nWho smokin' in my car? it's that nigga Chano\nAKA Mr. Bennett,   AK Tony Montano\nI've got some folks in low end, I got some folks in C-note\nAK hundred dinero, you ever seen Casino?\nI just got back with 'Bino, I got a bitch but she know\nHer friends done did the Dino, that's that Chicago lingo\nFlamin' hots with cheese, and a Kiwi Mistic\nMy dick won't even call her, cause she left all that lipstick\nNiggas be on dirt, that's why I stay on petty\nI know that bangers jam, that's why my hands stay ready\nFlip the candy yum, that's the fucking bombest\nLean all on the square, that's a fuckin' rhombus\n\n[Chorus: Chance The Rapper]\nI don't even talk to them on the phone again\nLeave in the AM, on the road again\nSo bitch, let's fuck so I can smoke again\nI gotta smoke again, I got shit to do\nI don't even talk to them on the phone again\nLeave in the AM, on the road again\nSo bitch, let's fuck so I can smoke again\nI gotta smoke again, I got shit to do\nI don't even talk to them on the phone again\nLeave in the AM, on the road again\nSo bitch, let's fuck so I can smoke again\nI gotta smoke again, I got shit to do\nI don't even talk to them on the phone again\nLeave in the AM, on the road again\nSo bitch, let's fuck so I can smoke again\nI gotta smoke again, I got shit to do\n\n[Verse 2: Chance the Rapper]\nWho's sneaking in the club? that's that young sir rapper\nUn-saran wrap the purple, wrap that blunt under after\nSmoke all out the window, cops could eat a dick\nIf you ain't the hitter, you just might be the lick\nFlame on, flame on, I'm your bitch's ringtone\nShe like when I rap raps, but better when I sing songs\nNo Drake, but I get my Trey on, killin' in the hood like Trayvon\nShoppin' like I got a coupon, savin' like I got a cape on\nCookin' crack in my apron, dressed like a nigga had 8 proms\nTell shorty I may change and I made it and I napalm\nTrippy shit to watch drugs while on the clock\nAcid on the face that's a work of art\n\n[Chorus: Chance The Rapper]\nI don't even talk to them on the phone again\nLeave in the AM, on the road again\nSo bitch, let's fuck so I can smoke again\nI gotta smoke again, I got shit to do\nI don't even talk to them on the phone again\nLeave in the AM, on the road again\nSo bitch, let's fuck so I can smoke again\nI gotta smoke again, I got shit to do\nI don't even talk to them on the phone again\nLeave in the AM, on the road again\nSo bitch, let's fuck so I can smoke again\nI gotta smoke again, I got shit to do\nI don't even talk to them on the phone again\nLeave in the AM, on the road again\nSo bitch, let's fuck so I can smoke again\nI gotta smoke again, I got shit to do\n\n[Verse 3: Ab-Soul]\nSoulo hoe hoe twerk somethin'\nThrow it back like you tryna hurt somethin'\nI'm so def, I ain't ever heard nothin'\nMy name Herb, take herb, smoke herb (say word?)\nHow 'bout you? No dap, but I'll take a pound or two\nNo doubt like Gwen Stefani's group\nLook, let me put my mouth where you potty, boo (IGH!)\nThem niggas pissed, need potty training\nThey movement shit, that's a potty train\nShe ain't left yet, but she probably came\nWe kicked it then I score, soccer game\nShe was a phony goalie, I got great aim though, don't insult me\nI'll give it to ya straight, this is what she told me\nMy name Soulo, 'cause I'm the one and only\nShe only got you as a nigga on the side\nThat's a nigga on the side of a side bitch, homie\nThen we got out a Dodge, like them Dukes of Hazzard\nMusic and tabs of Lucy, take your chance with this rapper\n\n[Chorus: Chance The Rapper]\nI don't even talk to them on the phone again\nLeave in the AM, on the road again\nSo bitch, let's fuck so I can smoke again\nI gotta smoke again, I got shit to do\nI don't even talk to them on the phone again\nLeave in the AM, on the road again\nSo bitch, let's fuck so I can smoke again\nI gotta smoke again, I got shit to do\nI don't even talk to them on the phone again\nLeave in the AM, on the road again\nSo bitch, let's fuck so I can smoke again\nI gotta smoke again, I got shit to do\nI don't even talk to them on the phone again\nLeave in the AM, on the road again\nSo bitch, let's fuck so I can smoke again\nI gotta smoke again, I got shit to do", "image": "https://images.genius.com/aa16cba40f43828a61bbb6212de712bd.750x750x1.jpg"}], "artist": "Chance the Rapper"}