{"songs": [{"title": "For Marah, Juke Jam", "album": null, "year": "2018-05-12", "lyrics": "[Verse 1: Chance The Rapper]\nWe used to roll at the Rink, we used to roll at the Rink\nI used to talk way too much, you used to know everything\nYou couldn't stand me, I couldn't stand you\nYou said I'm steady playin', but you steady playin' too\nYour big brother foot work\nYour play sister Juke\nThe Rink was the place\nBut in that space and time I was too young for you\nAs you were for me, too worried 'bout Frooties and Chews\n'Til I found out all the shawdy's with cooties was cute\nAnd realized what booties could do\n\n[Hook: Towkio]\nWe gon' get it poppin'\nWe gon' get it Jukin'\nWe gon' throw a party\nWe ain't gotta do shit\nYou came with your best friend\nCame up with for the weekend\nRolling with your parties\nSo tell me what you thinkin'\nSo we gon' have a juke jam\nSo we gon' have a juke jam\nWe can have a party, just listening to music\nLike we used to do\nI'll get close to you\nI remember you\nYou used to \"I remember you\"\n\n[Bridge: Justin Bieber]\nWe've got so much history baby, maybe\nMaybe you and I were meant to be\nMaybe I'm crazy\n\n[Verse 2: Chance The Rapper]\nWe never rolled at the Rink\nWe would just go to the Rink\nYou ain't buy tokens no more\nYou just hip roll at the Rink\nYou had a nigga, I couldn't stand him\nBut when they play \"Take You Down\", Chris Brown\nI am his stand-in\nI mean it's just dancing\nIt's harmless as fuck\nThen I put my waist through your hips\nAnd your legs and my arms just to harness you up\nThen we hit the floor\nAll the kiddies stop skating\nTo see grown folks do, what grown folks do\nWhen they grown and they dating\n\n[Bridge: Justin Bieber]\nWe've got so much history baby, maybe\nMaybe you and I were meant to be\nMaybe I'm crazy\nCrazy about you\n\n[Hook: Towkio]\nWe gon' get it poppin'\nWe gon' get it Jukin'\nWe gon' throw a party\nWe ain't gotta do shit\nYou came with your best friend\nWho came up for the weekend\nRollin with the parties\nSo tell me what you thinkin'\nSo we gon' have a juke jam\nSo we gon' have a juke jam\nWe can have a party, just listening to music\nLike we used to do\nI'll get close to you\nI remember you\nYou used to \"I remember you\"\n\n[Outro: Justin Bieber]\nWe've got so much history baby (juke)\nMaybe (juke)", "image": "https://images.genius.com/a9b5a808b321fed86d7bb1620a347670.300x219x1.jpg"}], "artist": "Chance the Rapper"}