{"songs": [{"title": "I Am Very Very Lonely", "album": null, "year": "2014-04-30", "lyrics": "[Verse 1]\nIt\u2019s just me and la cucaracha tonight\nCold pizza with the hot Sriracha tonight\nApple TV, Comcast, don\u2019t know what to watch-a tonight\nShoulda had ya when I had ya, now I wish I gotcha tonight\n\n[Hook]\nYou can hit my line\nIf you ain\u2019t on shit, if you tryna shmoke\nYou can hit my line\nIf you ain\u2019t on shit, if you tryna shmoke\nYou can hit my line\nIf you ain\u2019t on shit, if you tryna shmoke\nYou can hit my line, you can hit my line\n\n[Verse 2]\nI guess I'll file the cabinets, fix the disha washa\nTonight (lot of activities)\nFeed the fishes twist a swisha while I mix the pasta\nTonight (multitasking)\nTube socks white briefs gold wrista watcha\nTonight (fancy attire)\nOn the sofa posted perfect selfie picture posture\nTonight (Snapchat bitch)\n\n[Hook]\nYou can hit my line\nIf you ain\u2019t on shit, if you tryna shmoke\nYou can hit my line\nIf you ain\u2019t on shit, if you tryna shmoke\nYou can hit my line\nIf you ain\u2019t on shit, if you tryna shmoke\nYou can hit my line, you can hit my line\n\n[Verse 3]\nThis is not the castle this is just the casa tonight\nAin\u2019t no Nala so my Simba ain't gon\u2019 be Mufasa tonight\nOnly dust and shadows comin' from la cucaracha tonight\nBut if you eva in the hood like Mr. Rogers, hit my\n\n[Hook]\nYou can hit my line\nIf you ain\u2019t on shit, if you tryna shmoke\nYou can hit my line\nIf you ain\u2019t on shit, if you tryna shmoke\nYou can hit my line\nIf you ain\u2019t on shit, if you tryna shmoke\nYou can hit my line, you can hit my line", "image": "https://images.genius.com/d5771671554a8976b034671291d2bca7.527x527x1.jpg"}], "artist": "Chance the Rapper"}