{"songs": [{"title": "Feel No Ways", "album": null, "year": "2016-11-23", "lyrics": "[Verse 1]\nI should be downtown, trippin on the way to you\nYou got something that belongs to me\nYour body language says it all\nDespite the things you said to me\nWho is this that got you all gassed up?\nChangin' your opinions on me\nI was only gone for the last two months\nBut you don't have the time to wait on me\n\n[Hook]\nI tried with you\nThere's more to life than sleeping in and getting high with you\nI had to let go of us to show myself what I can do\nBut that just didn't sit right with you\nAnd now you're tryna make me feel a way, on purpose\nNow you're throwing it back in my face, on purpose\nNow you're throwing dirt on my name, on purpose\nAnd you don't feel no way, you think I deserve it\n\n[Post-Hook]\nFeel a way, feel a way, feel a way\nI've stopped listenin' to things you say\nCause you don't mean them anyway\nFeel a way, feel a way, feel a way\nMaybe we just should have did things my way\nInstead of the other way\n\n[Verse 2]\nWe need to breathe\nThere's more to life than hearing stuff and being mean to me\nWe had to let go of us to show ourselves what we can be\nBut that just didn't sit well with me\nTryna make me feel a way, on purpose\nThrowing dirt on my name, in public\nYou don't feel no way, on purpose\nI'm messing up all of Drake's words, on purpose.. careful\nCareful\nBe careful\nBe careful\nYou could never be too careful\n\n(I'm not a singer but BBC got me up very early in the morning)\n\n[Verse 3]\nKeep ya head away from windows\nKeep your arms inside the ride\nTrust me with ya body, trust me with ya life\nBanging on the windows, baby come inside\nCertainly in trouble, maybe you should hide\nI'mma tell you like\nDon't you look up to me, don't trust a word I say\nDon't you end up like me, if you learn one thing today\nDon't you look up to me, don't trust a word I say\nDon't you end up like me, if you learn one thing today\n\n[Outro]\nFeel a way, feel a way, young nigga feel a way\nMaybe we just should have did things this way\nInstead of the other way\nInstead of the other way\nFeel a way, feel a way, young parents feel this way\nMaybe we just should have did things this way\nInstead of the other way\nInstead of the other way\n\n...Social Experiment", "image": "https://images.genius.com/d5771671554a8976b034671291d2bca7.527x527x1.jpg"}], "artist": "Chance the Rapper"}