{"songs": [{"title": "Sunday Candy (Saturday Night Live Version)", "album": null, "year": "2015-12-12", "lyrics": "[Intro: Chance The Rapper]\nHappy Holidays\n\n[Verse 1: Chance the Rapper]\nShe could say in her voice, in her way that she love me\nWith her eyes, with her smile, with her belt, with her hands, with her money\nI am the thesis of her prayers\nHer nieces and her nephews are just pieces of the layers\nOnly ones she love as much as me is Jesus Christ and Taylor\nI got a future so I'm singing for my grandma\nYou singing too, but your grandma ain't my grandma\nMine's is hand made, pan fried, sun dried\nSouthside, and beat the devil by a landslide\nPraying with her hands tied, president of my fan club, saying to her\nSomething told me I should bring my butt to church\n\n[Hook: Jamila Woods]\nYou gotta move it slowly\nTake and eat my body like it's holy\nI've been waiting for you for the whole week\nI've been praying for you, you're my Sunday candy\n\n[Bridge: Jamila Woods]\nCome on in this house, cause it's gonna rain\n(*Mama you know it's gonna rain*)\nRain down Zion, it's gonna rain\n(*Mama you know it's gonna rain*)\n\n[Verse 2: Chance the Rapper]\nI come to church for the candy, your peppermints is the truth\nI'm pessimistic on Monday if I had tweaked and missed you\nYou look so good with that hat on, had to match with the shoes\nCame and dressed in the satin, I came and sat in your pew\nI come to Christmas for dinner, fifty rolls on my plate\nHella holes in my stocking holding your pockets in place\nI like my love with a budget, I like my hugs with a scent\nYou smell like light, gas, water, electricity, rent\nYou sound like why the gospel choir got so tired\nSingin his praises daily basis so I gotta try it\nYou're my dreamcatcher, dream team, team captain\nMatter fact, I ain't seen you in a minute let me take my butt to church\n\n[Bridge: Jamila Woods]\nCome on in this house, cause it's gonna rain\n(*Mama you know it's gonna rain*)\nRain down Zion, it's gonna rain\n(*Mama you know it's gonna rain*)\n\n[Verse 3: Chance the Rapper]\nMama you know, Mama you know its gonna rain\nFather you know\nPromised, you said it would rain, finally I'm home\nYou left on the light when I left on the flight, but I made it alright\nI've been waiting all week, I've been waiting all night\nJason Van Dyke\nHad to say something on Saturday\nSee you at Church on Sunday\nOpen Mike coming on Monday\nI wonder what the internet gonna say\nWhen SNL end with the Indie\nThen the third tape slide down the chimney\nVia Kirsten, Kinsley, Lisa, Kenny, Taylor, Wendy, Austin win the Emmy, Mama Jan too\n\n[Bridge: Jamila Woods]\nCome on in this house, cause it's gonna rain\n(*Momma you know it's gone rain*)\nRain down Zion, it's gonna rain", "image": "https://images.genius.com/752d6aaed3922b7bb14746b479a8c6e2.711x1000x1.jpg"}], "artist": "Chance the Rapper"}