{"songs": [{"title": "Long Time", "album": "10 Day", "year": "2012-04-03", "lyrics": "[Produced by Beirut]\n\n[Intro]\nWell it's been a long time, long time now\nSince I've seen you smile\n\n[Verse 1]\nI wonder if Gladys smiles when angels bring my name up\nOr change language and subject change up\nHer boy\u2019s a long way from red dogs and green rangers\nThings ain\u2019t been the same since Ms. Patterson called me famous\nI saw your reflection in a toilet full of vomit water\nYou don\u2019t think I felt ya hand on my head yelling \u201cCall his father\u201d\nBut people don\u2019t hear ghosts so how they gon' play me\nMoney saved me so I\u2019ma do the same thing\nYou droppin' pounds, gettin' small on some sick shit\nLike how you got the drive but don\u2019t know how to use a stick shift\nYou better not miss this, overdose, dope and mixes\nLet ya throat close with a boatload of dope quotes within it\nBlast off...\n\n[Verse 2]\nDropping tapes 'til I losted count, coughing out blood\nDropping weight like I lost an ounce\nThrowing words and tossing nouns\nNY traveling I\u2019m Boston bound, bossing 'round homies\nAnd talking down to shorties while I\u2019m jotting down\nNotes to spit to Harlem crowns\nSurfing through the Harlem crowds\nAt the crib, I\u2019m falling down\nYeah, I'm steady crawling 'round\nI\u2019m calling out to God\nYour little angels falling down\nSave me from my darkened cloud\nReach your hands and arms around\n\n[Bridge]\nOh non je t'en prie, nous ne sommes pas chez nous\nOh je t'assure que ce n'est pas grave\nNon laisse moi!\nMais qu'est-ce que tu as aujourd'hui?\nJ'ai que les hommes me d\u00e9go\u00fbtent. Vous ne pensez qu'\u00e0 \u00e7a\n\n[Chorus]\nWell it\u2019s been a long time, long time now\nSince I\u2019ve seen you smile\nAnd I\u2019ll gamble away my fright\nAnd I\u2019ll gamble away my time\nAnd in a year, a year or so\nThis will slip into the sea\nWell it\u2019s been a long time, long time now\n(Oh it\u2019s, oh it\u2019s been so long)\nSince I\u2019ve seen you smile\n(It\u2019s been so long)\n\n[Outro]\nSaid it\u2019s been a long time, long time now, now, now\nSaid it\u2019s been a long time, long time now\nAnd it\u2019s been a long time, long time now", "image": "https://images.genius.com/04c687414ea567ebf44f05a92c3e86ff.1000x1000x1.jpg"}], "artist": "Chance the Rapper"}