{"songs": [{"title": "Family Matters", "album": null, "year": "2015-10-13", "lyrics": "[Produced by the Social Experiment]\n\n[Intro: Chance the Rapper + The Dells]\nAll\nAll, all, all\nAll the things\nAll the things, things\nAll that glitters is not gold\nAll, all, all, and all gold is not reality\nReal is what you lays on me\nHow's everybody doing?\n\n[Pre-Verse]\nWe were all that matters, family's all that matters\nThis is just business, see you right after\nNothing comes before ya, nothing else matters\nAll of this is for ya, you are all that matters\n\n[Verse]\nI dance around the darkness down on Billie Jean Road\nIf I ain\u2019t toured then we still\u2019d be broke\nThought I got the formula, bon appetite\nI got a beat in case my baby baba ever leak\nWise beyond my years but way behind my peak\nYou gotta eat, this a step to my princess\nPoint of interest, fourth and inches\nHallelujah, the kid grew up, the crowd cheered the child\nBooya, mic drop, I walk home\n\n[Hook: Macie Stewart & Teddy Jackson (Chance the Rapper & Sample)]\nI don't care about, they don't mean a thing (All, all)\nAll these fancy things (All, all)\nI'll tell you that all, my weight in gold (All)\nAll I know, I know (And all gold is not reality)\nAll these things\nAll these things\nAll these things\nAll these things\n\n[Break: Chance the Rapper]\nIn this part of my life, I'm growing up and I- and I wanna, I wanna do this the right way, go, go out of it, grow out of it, in the best way possible, so thank you guys who's been there thus far, and it's only gonna get better...\n\n[Hook: Chance the Rapper, Macie Stewart, & Teddy Jackson (Chance the Rapper & Sample)]\nI don't care bout, they don't mean a thing\nAll these fancy things\nI'll tell you that all, my weight in gold (All that glitters, glitters)\nAll I know, I know (Is not gold, Igh!)\nAll these things (All that matters)\nAll these things (All, all that matters)\nAll these things (You are all that matters)", "image": "https://images.rapgenius.com/f04e96e539a1632621d228a8f0c467bd.715x463x1.jpg"}], "artist": "Chance the Rapper"}