{"songs": [{"title": "Chicago", "album": null, "year": "2018-02-02", "lyrics": "I got too much power\nYou watch too much Power\nYou smoke too much sour, take a shower (take a shower)\nI'm a boss like Bowser\nGet it from my bro like Al Ja'\nDid it in a row like [? :59]\nThat's nostalgia\nDid it without ya, did it without ya\nI thought you sofa' cause so far you's a couch or futon lounger\nSemi-villain, every episode you Kenny Krillin\nDyin', never doin' any killin'\nGood riddance, ain't no Henny spillin\nBeen Benny the Bull can't pity the fool\nAin't no room for improvement when Timmy a tool\nYou can send him to school read him Winnie the Pooh\nYou can lead a horse to water but can't get in the pool\nI will show these niggas good luck\nThey gone keep shootin' theyselves in the foot\nI made 35, JJ Watt\nI made 35, JJ, what?", "image": "https://images.genius.com/d5771671554a8976b034671291d2bca7.527x527x1.jpg"}], "artist": "Chance the Rapper"}