{"songs": [{"title": "Lady Friend", "album": null, "year": "2015-02-14", "lyrics": "[Intro]\nI've got a lady, a lady friend\nI've got a lady friend\nI've got a lady and that lady is my\nI've got a lady, I've got, I've got a lady\nAnd that lady is my friend\nI've got, I've got a lady for a friend\n\n[Verse]\nI'm your buddy, I'm your little bro\nI'm a stuffed animal\nI'm a cuddle, not a dildo\nI'm a love anecdote\nWas I always taller than ya?\nWill I always call ya back?\nI'mma always wrongly answer\nAlways almost caught ya trap\nImaginary beneficiary been\u2014\nAway for so long, Ben & Jerry friend\nFew compliments and a tear wipe\nI'm the best man you're not marrying\nAnd you know they ask about you\n\"What's up with your lady?\"\nI tell 'em, \"You're just, you're just\nYou're just gorgeous\"\nYou're just a lady friend, a lady friend\n\n[Outro]\nFor a friend, for a friend\nWhat would you do?\nFor for a friend\nWhat would you do for a friend?", "image": "https://images.genius.com/d5771671554a8976b034671291d2bca7.527x527x1.jpg"}], "artist": "Chance the Rapper"}