{"songs": [{"title": "My Own Thing", "album": "Owbum* (CTR4)", "year": "2018-11-30", "lyrics": "[Chorus: Chance the Rapper]\nI'ma do my own thing\nI'm finna buy a ringtone, then let the phone ring\nI decided that I gotta do my own thing\nYeah, yeah, I just gotta do my own thing\nDo my own thing\n\n[Verse 1: Chance the Rapper]\nPlease don't hit me in my DM\nPromise that my BM gonna slide when she see 'em\nI know she gonna see 'em 'cause I'm defa finna show her\nTake her to the culprit then I take her to the store (Yeah, yeah, yeah)\nShe just like my personal space, got a circular waist\nPull my shirt when she work, work, work, work, work\nIf you work in my space, better keep that shit 'fessional\nI don't like to be bothered when I work, work, work, work\nPlease leave me the fuck alone, new fianc\u00e9e, that's my cologne\nDoin' too much and sayin' too much, that's how y'all ass end up alone\nI'ma just pimp off, you a send-off, I don't really ever like to get involved\nGot a baby, got a house, got in-laws, go and kick rocks\n\n[Chorus: Chance the Rapper]\nI'ma do my own thing\nI'm finna buy a ringtone, then let the phone ring\nJust let it ring, ring, ring, let it ring, ring, ring, let it ring, ring, ring\nI decided that I gotta do my own thing\nYeah, yeah, I just gotta do my own thing\nDo my own thing, yeah\n\n[Verse 2: Joey Purp (Chance the Rapper)]\nOkay, don't mind if it don't pay me, it ain't my biz\nHow you gon' raise yo' voice?\nGon' raise yo' money, won't raise yo' kids? (What?)\nBad little bitty in the city that I'm in (Yeah)\nWhen I go and travel, I might have to take her with\nShe say she like how the car stop, but the rims don\u2019t\nAin't wanna leave but I had to go, like Trey Songz\nI was 18 with a '98 (Yup) sellin' 28s\nNow I'm 25, sellin' 16s (Yup), it's a hunnid ways\nMy new girl a freak, she my type, she unique\nMake her sang when we bang, skeet, skeet, skeet, skeet\nTell my ex it's a dub, that's a wop, that's unlikely\nPut a bustdown on my wifey, like Gucci Mane, so icy\n\n[Chorus: Chance the Rapper]\nI'ma do my own thing\nI'm finna buy a ringtone, then let the phone ring\nJust let it ring, ring, ring, let it ring, ring, ring, let it ring, ring, ring\nI decided that I gotta do my own thing\nYeah, yeah, I just gotta do my own thing\nDo my own thing, yeah", "image": "https://images.genius.com/131301bc4eef60719f679aa7cb76f3ac.1000x1000x1.jpg"}], "artist": "Chance the Rapper"}