{"songs": [{"title": "Take You Down", "album": "Born Successful", "year": null, "lyrics": "(Intro)\nDrake Talking/ad-libing:\nIts Young Money Baby\nI got something for these niggas to ride to\nFa'sho\nHere I go\n\nVerse 1:\nLet me do me, you just do you\nI'm double cupped right now\nSu-woo to the bangers\nSu-woo to the bangers, (yeah)\nAnd I say, I be on some G shit\nI be on some G shit\nCheck out what I done, and\nCheck out who I be with\nIm me bitch, I said I'm me bitch\n\nThen it goes young, young, young, young, YOUNG\n---Guitar Break---\n\nVerse 2:\nBust that pussy open, then I tell her bring it back\nMake sure you don't fall in love\nCuz I don't have the time for that\n\nOnly thing I chase is money, if you tell me where its at\nWhen you rich, there is a certain type of woman you attract\n\nI say I be on some G shit, I be on some G shit\nCheck some other niggas for that Louis shopping spree shit\nNot me bitch, I said not me bitch\n\nAnd it goes young, young, young, young, YOUNG\n\n---Guitar Break/Breakdown/Solo---\n\nOutro Verse\nI a'int have sex in a long time x3\nAre we havin is sex tonight?\nLadies say, I ain't have sex in a long time\nI a'int have sex in a long ass time\nBaby, I ain't have sex in a long time\nAre we havin is sex tonight, sex tonight\n\nLet me do me, you just do you\nIm double cupped right now\nSu-woop to the (whoa oh oh ohh)", "image": "https://images.genius.com/09c843b49a2466e1a43f2a46ad8bcf1c.500x500x1.jpg"}], "artist": "Drake"}