{"songs": [{"title": "Bad Meaning Good", "album": "Room for Improvement", "year": "2006-02-14", "lyrics": "[Verse 1: Slakah]\nLady, you say I stay in the house til four\nWe don't even go out no more\nIts always the same eh\nAlways complainin\nIts obvious baby\nI guess you don't watch the news\nYou see theres a lot to lose\nCuz we got a baby\nAnd people are shady\n\n[Bridge: Drake]\nMy generation is changin\nAside from the fact\nThe dealers have customers they provide with the crack\nFront of the buses taken\nAnd we deny it from the back\nYou can die where you from, or die where you at\n\n[Hook: Drake]\nDon't put it past them\nI don't think that they understood\nMy friends they ain't even sit in the class when they should\nHe can come pick you up\nIf your dads in the hood\nNot bad meaning bad, but bad meaning good good good\n\n[Verse 2: Slakah]\nLady, somebody shot up the place right by\nWhere I work and I think they might\nBe coming for me next\nLend me ya kleenex\nI'm tellin you baby\nI think I'm a bout to cry\nStill gotta go out tonight\nCuz I gotta feed you\nI hope that I see you again... again\nHope that I see you, see you\n\n[Hook]\n\n[Verse 3: Drake]\nLately I don't know about the friends that I hang with\nI'm nervous round my boys, it depends on their anguish\nDepends on if they saving all the tops on pepsi\nWith dreams of seeing girls topless on jet skis\nDepends on what they do to achieve that\nRobbing r&b singers, 'specially if they know where the keys at\n'specially if they know where they girl live\nGet the info, leave with ya money man, thats how the world is\n\nThats how niggas puttin they dirt down\nStreets are seedy, I call em sesame\nIt's Ernie and Bert's town\n'specially when these young'ns get turned down for work opportunities\nNext week same place'll get burnt down\nCoincidink? not likely not a chance\nHow can we be so aware of these problems and not advance?\nAt least start put a bid in, its hard just to fit in\nA lot of people only play they part when they spittin\nBut I don't think that they understood\nThey using this darkness for penetration in the hood\nI took the ivory way in and yes I'm glad that keenan could\nNot bad meaning bad, but bad meaning good good good\n\nNot bad meaning bad, but bad meaning good\nNot bad meaning bad, but bad meaning good good good", "image": "https://images.genius.com/c85f36c02060316fcec1ed423c60f0da.1000x1000x1.jpg"}], "artist": "Drake"}