{"songs": [{"title": "Cannonball", "album": "Heartbreak Drake", "year": null, "lyrics": "[Chorus: Colin Munroe]\nHow could I fly, but lose it all\nI'm a cannonball\nMaybe you'll walk away, maybe you'll walk away\nSet me up, and let me off\nI'm a cannonball\n\n[Verse: Drake]\nLike my big bro say, I'm goin in\nOlimpic loser money, I just glad I learned to swim\nCAnnonball, bitch, I hope dive untill it's 30\nAnd I hope when dinners cold, my fingers do not dessert me\nAnd these haters like, damb m\nGave a lot of women they first ride in the phantom\nAnd yeah, I got a deal now, and I'm secure with it\nAnd yet my life is so exciting, I get bored with it\nI'm the best one out of my peers, and everybody pray I'm running out of ideas\nPast my MOs, cause I shine so bright\nAnd I'm the result of when it all goes right\nSo many pictures, man, the floor is a collage\nCritics have hard time pointing out the flaws\nAll this slick talk, I just hope I don't fall\nRight out of the sky, through the roof of your garage\n\n[Chorus: Colin Munroe]\nHow could I fly, but lose it all\nI'm a cannonball\nMaybe you'll walk away, maybe you'll walk away\nSet me up, and let me off\nI'm a cannonball", "image": "https://images.genius.com/405c9bcb0dcbee7d15bcc86cd8e8366a.500x500x1.jpg"}], "artist": "Drake"}