{"songs": [{"title": "4422", "album": "More Life", "year": "2017-03-18", "lyrics": "[Refrain]\nI'm runnin', but can't run away\nYou say you changed\nBut you never change up\n\n[Chorus]\n44, 22\nYou build it up to break it halfway through\nJust make the call, 22\nBut you're just the same as I ever knew\n44, 22\nYou build it up to break it halfway through\nJust make the call, 22\nBut you're just the same as I ever knew\n44, 22\nYou build it up to break it halfway through\nJust make the call, 22\nBut you're just the same as I ever knew\n44, 22\nYou build it up to break it halfway through\nJust make the call, 22\nBut you're just the same as I ever knew\n44, 22\nYou build it up to break it halfway through\nJust make the call, 22\nBut you're just the same as I ever knew\n\n[Verse]\nI know I fear trust\nI know I fear fear too much\nOn my plate, lookin' up\nOuter space, Pearly Gates\n\n[Refrain]\nI'm runnin', but can't run away\nYou say you changed\nBut you never change up", "image": "https://images.genius.com/4672f8523e0fbf7f7848185256e946f4.1000x1000x1.jpg"}], "artist": "Drake"}