{"songs": [{"title": "Successful remix live (feat. trey songz)", "album": null, "year": null, "lyrics": "Money, money, cars, cars\nClothes, clothes, the hoes\nI suppose, yeah\nI want the money, money and the cars\nCars and the clothes, the hoes I suppose\nI just wanna be, I just wanna be successful\nI just wanna be, I just wanna be successful\nI just wanna be, I just wanna be successful\nDrizzy, ah yeah, Trey, I fuckin' feel you\nThey be starin' at the money like it's unfamiliar\nI get it, I live it, to me there's nothings realer\nJust enough to solve your problems, too much will kill ya\nAnd when I leave, I always come right back here\nThe young spitter that everybody in rap fear\nA lot of y'all are still soundin' like last year\nThe game needs change and I'm the motherfucking cashier\nNickels for my thoughts, dimes in my bed\nQuarters of the kush shape the lines in my head\nTake my verses too serious, ya hate me\n'Cause I'm the one to paint a vivid picture, no HD\nYeah, I want it all, that's why I strive for it\nDis' me, you'll never hear a reply for it\nAny awards show or party I get fly for it\nI know that it's comin' I just hope that I'm alive for it\nI want the money, money and the cars\nCars and the clothes, the hoes I suppose\nI just wanna be, I just wanna be successful\nI just wanna be, I just wanna be successful\nI just wanna be, I just wanna be successful\nYeah, I want things to go my way\nBut as of late, a lot of shit been goin' sideways\nAnd my mother tried to run away from home\nBut I left somethin' in the car and so I caught her in the driveway\nAnd she cried to me so I cried too\nAnd my stomach was soakin' wet, she only 5'2\nAnd forty-eight hours was all before I showed up\nAnd brought a thousand dollars worth of drinks and got pulled up\nDamn, my reality just set in\nAnd even when the Phantom's leased, them hoes wanna get in\nI do a lot of things hopin' I never had to fit in\nSo tryin' to keep up with my progress is like a dead end\nMy girl love me but fuck it, my heart beat slow\nAnd right now the tour bus is lookin' like a freak show\nAnd life change for us every single week\nSo it's good, but I know this ain't the peak though, 'cause I want\nI want the money, money and the cars\nCars and the clothes, the hoes I suppose\nI just wanna be, I just wanna be successful\nI just wanna be, I just wanna be successful\nI just wanna be, I just wanna be successful\nWise words from a decent man\nBack when I was tryin' to put a ring on Alicia hand\nThis lost boy got fly without Peter Pan\nAnd my delivery just got me buzzin' like the pizza man\nIn person, I am everything and more\nI'm everywhere these other niggas never been before\nBut inside, I'm treadin' waters, steady tryin' to swim to shore\nI'm on a shoppin' spree to get whatever is in store\nYeah, just call me \"Shoppin' Bag Drizzy\"\nAnd call me \"Mr. Damn, he ain't coppin' that is he?\"\nAnd fans of these freshman is about to get iffy\nWhile this youngin' that you doubted is about to get busy\nI'mma kill it, I promise this, I know you mad\nI've always treated my city like some shoulder pads\nThe big homie, use a flash if you must\nAnd I swear I ain't askin' for much, all I want is\nI want the money, money and the cars\nCars and the clothes, the hoes I suppose\nI just wanna be, I just wanna be successful\nI just wanna be, I just wanna be successful\nI just wanna be, I just wanna be successful\nYeah, it's like I know what I got to say\nI just don't know how to say it to you\nPardon the swag, but bitches, Cartate\nLong bread, I don't eat shortcake\nHow come I can't miss a woman like I can't miss court dates?\nJeez, but she's not in this portrait\nYeah, life's fine but I don't portray\nI'm on the other side but it is a sharp gate\nI don't want the glow, I want the glo'ray\nAnd I'mma fuck the world, but this is just foreplay\nTired of hearing bullshit, bring her on to cow shit\nHaven't met a smell that's stinkier than cow shit\nThat's word to Toronto\nSo high up I got birds in the condo\nAin't that a female dog?\nAsk her who I am to her and she yell, \"God\"\nWeezy baby, I go real hard\nNo further details, boy", "image": "https://images.genius.com/22999a3378819809ee4848f7c60a744c.1000x1000x1.jpg"}], "artist": "Drake"}