{"songs": [{"title": "Signs", "album": null, "year": "2017-06-22", "lyrics": "[Intro]\nYeah, yeah, yeah, yeah, yeah\nYeah\n\n[Pre-Chorus]\nChampagne with breakfast while I'm yawning\nYou can't drink all day if you don't start in the morning\nLord forgive me, I can't take things slowly (no)\nI'm goin' on them once I get going (goin' on them, get going)\n\n[Chorus]\nShe tryna take it all off for me\nTryna stay real close to me\nI gotta catch myself\nI can't play myself\nI need to take it easy\nEasy, easy, easy\nEasy, easy, easy, easy\n\n[Verse 1]\nRailiza\nYou need a... money and visa\nAnd you get what you want, always from me\nI can't say \"No\" when you say \"Please\"\nI can't say \"No\"\nHow you shine\nYou need a... baby with me, uh\nAnd I'm takin' my time, just wait, don't leave\nI can't say \"No\" when you say \"Please\"\nI can't say \"No\"\nYou wanna drink like Bajan and dance like Trini, yeah\nYou want a supermodel pose like mi real friend Winnie (like mi real friend)\nYeah, vacation's done but I'm not finished, no\n\n[Pre-Chorus]\nChampagne with breakfast while I'm yawning\nYou can't drink all day if you don't start in the morning\nLord forgive me, I can't take things slowly (no)\nI'm goin' on them once I get going (goin' on them, get going)\n\n[Chorus]\nShe tryna take it all off for me\nTryna stay real close to me\nI gotta catch myself\nI can't play myself\nI need to take it easy\nEasy, easy, easy\nEasy, easy, easy, easy\n\n[Verse 2]\nI stay to myself\nI'll explain myself\nI can't play myself\nOh, first night\nHoly night\nFive in the morning, yeah-yeah (Yeah)\nAnd it feels like you're mine\nSigns of the times\nOh, what a time\nPlayin' it right, playin' it perfect\nLaughin' it off but I know you're hurtin'\nSigns of the times\nI say all the time\nTaking my time just gets harder to find it\nBut you're playin' it right, you're playin' me perfect\n\n[Chorus]\nShe tryna take it all off for me\nTryna stay real close to me\nI gotta catch myself\nI can't play myself\nI need to take it easy\nEasy, easy, easy\nEasy, easy, easy, easy", "image": "https://images.genius.com/0e4128ce810a47865eee60b54b87835e.1000x1000x1.jpg"}], "artist": "Drake"}