{"songs": [{"title": "Pop Ros\u00e9", "album": "Heartbreak Drake", "year": null, "lyrics": "[Verse 1: Drake]\nI can buy it all out\nBut this the only shit that I sip though\nSo tell 'em bring the waitress\nAnd I won't even ask what it hit fo'\nJust send her to the bar like (like)\nSend her to the bar like (like)\nSend her to the bar like (like)\nLike them niggas over there wanna..\n\n[Chorus: Drake]\nPop Ros\u00e9 (Hey... ay ay)\nPop Ros\u00e9 (Hey... ay ay)\nPop Ros\u00e9 (Hey... ay ay)\nPop Ros\u00e9\n\n[Verse 2: Drake & Trey Songz]\nUh\nThey say you get paid when you think ahead\nValentines day girl, all you see is pink and red (yup)\nAnd everything is on me\nRos\u00e9 Spade to the '96 Don P\nHang around us, and I bet you\nWe'll get to stunt on whoever ya sittin' next to\nYou put 'em all on, and watch 'em run wit' it\nAnd then wait for whatever's next when I'm done with it\nAnd niggas show hate, period\nIt's like they all pregnant, they late, period\nYeah and shit's all good\nThe deal got signed and my split's all good\nAnd some people pretendin' that it's all good\nSay that shit in person man I wish y'all would\nYeah I told you I partied with Azuka\nI'll let them other niggas Grey Goose ya\nAnd we about to (yup)\n\n[Chorus 2: Trey Songz]\nPop Ros\u00e9\nPop Ros\u00e9 (Ooooh)\nPop Ros\u00e9 (Ooooh)\nPop Ros\u00e9\n\n[Verse 3: Trey Songz]\nIf your beat gets released then I'ma take it\nIf your girl is a freak, then I'm her favorite\nGot my partner with me, this is a replacement\nWho do it like I do? You tellin' a lie fool\nLeave the beat dead, all red like Piru\nBeen around the world, all girls like fly dudes\nYou a herb, get on her nerves like flies do\nYou need more girls, go call my manager\nTwo, three, four more, sure, we can handle ya\nGimme e'rythang I want, don't mess my order up\nAnd her ass on point so my homie brought her up\nMa passed me the blunt, then I told her pour it up\nIn a flash we was gone, and you know I tore it up\nBreast, ass, silicone, sex hot as Florida\nSouth Beach, mouthpiece could swallow a Porterhouse\nYup, it get nasty, then I get gully\nGrab the coochie, then the Gucci skully\nA whole pack of rubbers, then I burned rubber\nYou cuddle undercovers, tellin' her you love her\nWhen it come to verses, swear that I'm perfect\nMurder in the first it's chllin in the hearses\nWorthless, singing off key on purpose\nWe gon' pop, fuck urban (Ooooh)\n(Yup)\n\n[Chorus 3: Trey Songz]\nPop Ros\u00e9 (Ooooh)\nPop Ros\u00e9 (Fa Sho... Ooooh)\nPop Ros\u00e9 (Fa Sho... Ooooh)\n(Yup)\n\n[Outro: Drake & Trey Songz]\nAre you drunk? I'm faded too\nWhen you get money they just hate on you\nBut, fuck them, there's all these ladies in my view\nSo I ball baby (Yup)\nBall baby\nBall baby\nBall baby", "image": "https://images.genius.com/405c9bcb0dcbee7d15bcc86cd8e8366a.500x500x1.jpg"}], "artist": "Drake"}