{"songs": [{"title": "Fall For Your Type", "album": null, "year": null, "lyrics": "[Verse 1]\nCan I, can I save you from you\nCause you know there's something missing\nAnd that champagne you been sipping\nNot suppose to make you different all the time\nIt's starting to feel like the wrong thing to do (yeah)\nCause with all that recognition it gets hard for you to listen\nTo the things I'mma say to make you mine\nBut live girl, have some fun girl, we'll be fine\nTrying to convince myself I found one\nMaking a mistake I never learned from\n\n[Hook]\nI swear I always fall for your type (yeah)\nFor your type\nTell me why I always fall for your type (yeah oh uh oh)\nFor your type\nI just can't explain this shit at all (*4X*)\nI believe in people like you\n\n[Verse 2]\nCause who am I to judge you on the past girl\nI bet there's a reason for it all\nYou say that you're nothing like the last girl\nI just pray that you don't let me down right now\nBut it's too late, cause I'm already yours\nYou just gotta promise me, hearts won't break\nAnd end up like before\n\n[Hook]\n\n[Verse 3]\nUh look, dress hanging off your shoulder barely sober\nTelling me how you moving away and startin over\nGirl quit playing you just drunk you just sayin' shit\nAnd you dance, dance all high, like ballet and shit\nOh, wait, no I get it\nGirl I\u2019m wit' it\nI\u2019ve been down this road before and yeah I skidded but forget it\nDamn, damn\nI wonder why I never learn my lesson\nIt's feeling like a second chance and it\u2019s the first impression\nAnd I heard there\u2019s nothing new except for someone new\nBut how you supposed to find the one when anyone will come with you\nTalking to myself but I never listen\nCause man it\u2019s been a while and I swear that this one's different\nThat\u2019s why I'ma take you anywhere you wanna go\nLet you meet my friends so they can lecture me again\nAbout how reckless I have been\nAnd I\u2019m slowly running out of all the time that I invested\nMaking all the same mistakes\nAnd I\u2019m just trying to correct it, and I fall\n\n[Hook]", "image": "https://images.genius.com/22999a3378819809ee4848f7c60a744c.1000x1000x1.jpg"}], "artist": "Drake"}