{"songs": [{"title": "Free Spirit Remix", "album": null, "year": null, "lyrics": "[Verse 1: Rolla Costa]\nI'm about to do it, I'm a fucking do it\nSouthside banging it so I chop and screw it\nFuton flow watch this shit unfold, Rap so i'll like a common cold\nI don't give a fuck where you where told, I'm getting that money acupula gold\nI'm smoking that kush so sweets in the air, She looking back at me when I'm pulling her hair\nI'm a ball, Never fall, your girl is on the call, Begging me to scoup her up\nSo I can pin her on the wall\nWe ridding in the coop 2 seat bucket, Hit it when I'm smoking and driving fuck it\nThat's how I'm a do it with your ass on the steering wheel\nSmoke another blunt pop another happy feeling pill\nSnatching off braws, you can feel the crush\nWhen it flows, threw your nose, you can feel the rush\nI'm a always be winning like a royal flush, Yah lame ass dudes can't rhyme so hush\n\n[Hook: Drake]\nTat my name on you so I know it's real\nTat my fuckin name on you so I know it's real\nI know it hurts, but I ain't tryna hear it\nCause when I'm not around, I still be there in spirit\nYou'll still be mine, you'll still be mine\nTat my fuckin name on you when I go, you'll still be mine\nYou'll still be mine, I'll still be yours\nTat my fuckin name on you, let em know you love the boy, what's up\n\n[Verse 2: Rick Ross]\nI fondle the money, fornicate with a fortune\nI play with her mind, she masturbate in my Porsche\nSimple love, simple math\nHer chest nice, not a wrinkle in her ass\nPuffing purple hash, welcome to my power circle\nSucker free no snitching and we know when cowards working\nRolls Royce rolling, rose-gold Rollies\nMBA accountants, amounts, they get unholy\nMy mama still praying for her Rubberband Man\nWhen them wheels land, Travis Barker drums playing\nTap dance to my drum roll\nI love a bitch that know how to keep me one rolled\n\n[Hook]\n\n[Verse 3: Drake]\nI don't have to work in the morning so I always stay for one more\nFuck what they say, I'm telling you, there's no side-effects, I'm sure\nWent from driving up with some old shit to drivers opening doors\nThis my town if you need something, just ask for it, it's yours\nYeah, ask for it, it's yours, if you ask for it, it's done\nI could Western Union some money, get your passport and then come\nYou'll meet everybody I know, first it might seem like a lot\nBut they all playing they role, put that on everything that I got\nAnd all I care about is my city, man, I can't say it enough\nI done heard things about y'all, that they can't say about us\nI just hold it down for my side, I just hold it down for my set\nI just give everybody a piece of this and make due with what's left\nYeah I do this shit to the death, yeah I do this shit til I'm gone\nI told you it's our world, you foolish thinking I'm wrong\nStop asking how the fucking needle feel\nTat my fuckin' name on you, let these niggas know it's real, what's up\n\n[Hook]", "image": "https://images.genius.com/22999a3378819809ee4848f7c60a744c.1000x1000x1.jpg"}], "artist": "Drake"}