{"songs": [{"title": "That's How You Feel", "album": "Scorpion", "year": "2018-06-29", "lyrics": "[Intro: Drake]\nYeah, woo\n\n[Verse 1: Drake]\nI'm just in the cut sittin' sideways\nWay that you lookin' all the time\nTime gets to tickin' and it takes a toll\nTold you I couldn't really draw the line\nLine ringin', sayin' that you told him things\nThings that you could've kept inside\nSidetrackin' me when I was good to you\nYou were somebody I would stand behind\n\n[Chorus: Drake]\nI know you like to drink 'til the sun up\nGrind 'til you come up\nWork all winter, shine all summer\nRide for your brother\nYou die for your mother\nKeep that shit a hunna\nI know you wanna\nVacay to a place where you could\nTake pictures, post on Insta\nYour friends say they miss ya\nBut they don't really miss ya\n\n[Refrain: Nicki Minaj & (DJ Boof)]\nRule number one, to be a boss-ass bitch (uh-huh)\nNever let a clown nigga try to play you (okay)\nIf he play you, then rule number two (okay)\nIs fuck his best friends and make 'em yes men (okay)\nAnd\u2013 (Wow, that's how you feel?)\n\n[Verse 2: Drake]\nI'm just in the cut sittin' sideways\nWay that you lookin' all the time\nTime, it done left you with a broken heart\nHardly excuses how you play with mine\nMindin' my business and you show up\nUp to no good, I should've seen the signs\nSignin' me up to do your dirty work\nWorkin' to try and get you off my mind\n\n[Chorus: Drake]\nI know you like to drink 'til the sun up\nGrind 'til you come up\nWork all winter, shine all summer\nRide for your brother\nYou die for your mother\nKeep that shit a hunna\nI know you wanna\nVacay to a place where you could\nTake pictures, post on Insta\nYour friends say they miss ya\nBut they don't really miss ya\n\n[Outro: Nicki Minaj & (DJ Boof)]\nWhat the fuck, this ain't Chanel, nigga?! Custom down?!\nWhat the fuck, I ain't smokin' hot?! Bust me down?!\nYou the same clown nigga that was runnin' me down?!\nNow you all up in my\u2026'cause you wanna be down?! (okay)\n(Wow, that's how you feel?)", "image": "https://images.genius.com/2fee80dd9aec0717aef8e1eb7aaaae4c.809x809x1.jpg"}], "artist": "Drake"}