{"songs": [{"title": "Doing It Wrong", "album": "Take Care", "year": "2011-11-15", "lyrics": "[Verse 1]\nWhen a good thing goes bad it's not the end of the world\nIt's just the end of a world that you had with one girl\nAnd she's the reason it happened, but she's overreacting\nAnd it's all because she don't want things to change\n\n[Hook]\nSo cry if you need to, but I can't stay to watch you\nThat's the wrong thing to do\nTouch if you need to, but I can't stay to hold you\nThat's the wrong thing to do\nTalk if you need to, but I can't stay to hear you\nThat's the wrong thing to do\nCause you'll say you love me, and I'll end up lying\nAnd say I love you, too\n\n[Bridge]\nBut I need someone different\nYou know it, oh ho, you know it\nOh ho, you know it, we both know it\nI need someone different\nYou know it, oh ho, you know it\nOh ho, you know it, we both know it\nSomething's been missing\nYou know it, oh ho, she knows it\nOh ho, I know it, we all know it\nI need someone different\n(Oh ho, oh ho)\n\n[Verse 2]\nWe live in a generation of not being in love\nAnd not being together\nBut we sure make it feel like we're together\nBecause we're scared to see each other with somebody else\n\n[Hook]\nSo cry if you need to, but I can't stay to watch you\nThat's the wrong thing to do\nTouch if you need to, but I can't stay to hold you\nThat's the wrong thing to do\nTalk if you need to, but I can't stay to hear you\nThat's the wrong thing to do\nCause you'll say you love me, and I'll end up lying\nAnd say I love you, too\n\n[Bridge]\nBut I need someone different\nYou know it, oh ho, you know it\nOh ho, you know it, we both know it\nI need someone different\nYou know it, oh ho, you know it\nOh ho, you know it, we both know it\nSomething's been missing\nYou know it, oh ho, she knows it\nOh ho, I know it, we all know it\nI need someone different\n(Oh ho, oh ho)\n\n[Outro: Stevie Wonder Harmonica]", "image": "https://images.genius.com/a50b0608affc94c4dae3d502a65ea390.1000x1000x1.jpg"}], "artist": "Drake"}