{"songs": [{"title": "Used to (Remix)", "album": null, "year": "2015-01-20", "lyrics": "[Intro: Drake]\nYeah, sound sound sound\nYeah, real 6 side shit\nSickos, ah man\n\n[Verse 1: Drake]\nYeah, when you get to where I'm at\nYou gotta remind 'em where the fuck you at\nEvery time they talkin' it's behind your back\nGotta learn to line 'em up and then attack\nThey gon' say your name on them airwaves\nThey gon' hit you up right after like it's only rap\nJewels look like I found a motherfuckin' treasure map\nAnd ain't told no one where the fuck it's at\nShout out to the G's from the ends (from the ends)\nWe don't love no girls from the ends (from the ends)\nI'm gon hit 'em with the wham once again\nI'mma always end up as a man in the end, dog\nIt's just apparent every year\nOnly see the truth when I'm staring in the mirror\nLookin' at myself like, there it is there\nYeah, like there it is there man, whoo\nI ain't tryna chance it\nI be with the bands like a nigga went to Jackson State\nOr Grambling\nYoung Nick Cannon with the snare drum, dancin'\nWatch the way I handle it, uh\nBring it to the bedroom, you know that shit is candle lit\nShe know I'm the man with it, uh\nWith the bands like I must've went to Clark, went to Hampton\nI ain't playin' with it\n\n[Hook: Drake]\nI ain't felt the pressure in a little while\nIt's gonna take some getting used to (what you say)\nFloatin' all through the city with the windows down\nPuttin' on like I used to (what you say)\nThey never told me when you get the crown\nIt's gon' take some getting used to (what you say)\nNew friends all in their old feelings now\nThey don't love you like they used to, man\n\n[Verse 2: Drake]\nWay more gully gully than buddy buddy\nNever needed your acceptance, never needed nothin'\nYou don't understand, I'm the one they want to hear from\nYou don't understand that it's me or nothin'\nYea, I'm fuckin' glowin' up\nShaq postin' up on niggas that I used to have posters of\nReal quick, man, you couldn't have hated that\nLet's be real, nigga, you couldn't have made it that\nWoah, dance how I dance, watch me dance\nYou're fuckin' with the best, man, I'm too advanced\nAfter this drop I got new demands\nCan't meet the terms, keep it movin' then\nMake sure the plane got a phone now\nSo when we bout to land I can call to tell the woes I'm home now\nI'll tell 'em link up at the valet at the Hazy\nThink I got the shit that had the city going crazy\n\n[Hook: Drake]\nI ain't felt the pressure in a little while\nIt's gonna take some getting used to (what you say)\nFloatin' all through the city with the windows down\nPuttin' on like I used to (what you say)\nThey never told me when you get the crown\nIt's gon' take some getting used to (what you say)\nNew friends all in their old feelings now\nThey don't love you like they used to, man\n\n[Verse 3: Lil Wayne]\nWhen you get to where the fuck I'm at\nYou gotta remind 'em about where you been\nAbout all of the money that done came and went\nAbout the two cents I ain't never spent\nWhen they say you're too famous to pack a gat\nI gotta remind 'em about where I'm from\nNot about where I'm going, about where I've gone\nStepping on a Swisher roach like a stepping stone\nGoin' at a nigga throat like a herringbone\nBoy, do I smell beef? Mmmm, pheromones\nGot a fuckin' halo over my devil horns\nTrap pumpin' all night like Chevron\nSuck a nigga dick for a iPhone 6\nFuck my nigga Terry for a new Blackberry\nYou can get buried for a ounce of Katy Perry\nI was only five, but still remember the drought in '87\nLord tell 'em bitches I ain't got no times to play games with 'em\nI ain't got no time\nTell her that I love her and I hate her in the same sentence\nI'm fuckin' her mind\nI got, mind control over Deebo\nParmesan my panino\nPromethazine over Pinot\nAnd when my bloods start shootin' that's B-roll, bitch\n\n[Hook: Drake]\nI ain't felt the pressure in a little while\nIt's gonna take some getting used to (what you say)\nFloatin' all through the city with the windows down\nPuttin' on like I used to (what you say)\nThey never told me when you get the crown\nIt's gon' take some getting used to (what you say)\nNew friends all in their old feelings now\nThey don't love you like they used to, man\n\n[Outro: Drake]\nYeah, they don't love you like they use to (what you say)\nIn the city with the windows down like I use to (what you say)\nLike I, take some getting use to (what you say)\nMan, they don't love you like they use to man", "image": "https://images.genius.com/22999a3378819809ee4848f7c60a744c.1000x1000x1.jpg"}], "artist": "Drake"}