{"songs": [{"title": "Feel No Ways", "album": "Views", "year": "2016-04-29", "lyrics": "[Verse]\nI should be downtown, whipping on the way to you\nYou got something that belongs to me\nYour body language says it all\nDespite the things you said to me\nWho is it that's got you all gassed up?\nChangin' your opinion on me\nI was only gone for the last few months\nBut you don't have the time to wait on me\n\n[Hook]\nI tried with you\nThere's more to life than sleeping in and getting high with you\nI had to let go of us to show myself what I could do\nAnd that just didn't sit right with you\nAnd now you're tryna make me feel a way, on purpose\nNow you're throwing it back in my face, on purpose\nNow you're talking down on my name, on purpose, yeah\nAnd you don't feel no way, you think I deserve it\nWorld's, world's, world's famous\nWorld's, world's, world's famous\n\n[Post-Hook]\nFeel a way, feel a way, young nigga feel a way\nI've stopped listenin' to things you say\n'Cause you don't mean it anyway, yeah\nFeel a way, feel a way, young nigga feel a way\nMaybe we just should have did things my way\nInstead of the other way\n\n[Hook]\nI tried with you\nThere's more to life than sleeping in and getting high with you\nI had to let go of us to show myself what I could do\nAnd that just didn't sit right with you\nAnd now you're tryna make me feel a way, on purpose\nNow you're throwing it back in my face, on purpose\nNow you're talking down on my name, on purpose, yeah\nAnd you don't feel no way, you think I deserve it\nWorld's, world's, world's famous\nWorld's, world's, world's famous\n\n[Post-Hook]\nYeah, yeah, yeah\nYeah, yeah, yeah\nFeel a way, feel a way, young nigga feel a way\nI've stopped listening to things you say\nFeel a way, feel a way, young nigga feel a way\nI've stopped listening to things you say\n\n[Produced By Jordan Ullman]", "image": "https://images.genius.com/6f4b9c41ccb18485cccd6aa364ccc3b8.1000x1000x1.jpg"}], "artist": "Drake"}