{"songs": [{"title": "Comments on Macklemore's Post-Grammy Text", "album": null, "year": null, "lyrics": "That shit was wack as fuck\n\nI was like, 'You won. Why are you posting your text message? Just chill. Take your W, and if you feel you didn't deserve it, go get better \u2014 make better music. It felt cheap. It didn't feel genuine. Why do that? Why feel guilt? You think those guys would pay homage to you if they won?\n\nThis is how the world works: He made a brand of music that appealed to more people than me, Hov, Kanye and Kendrick. Whether people wanna say it's racial, or whether it's just the fact that he tapped into something we can't tap into. That's just how the cards fall. Own your shit\n\nTo name just Kendrick? That shit made me feel funny. No, in that case, you robbed everybody. We all need text messages!", "image": "https://images.genius.com/22999a3378819809ee4848f7c60a744c.1000x1000x1.jpg"}], "artist": "Drake"}