{"songs": [{"title": "No Long Talk", "album": "More Life", "year": "2017-03-18", "lyrics": "[Intro: Drake & Baka Not Nice]\n(Wheel it!)\nYeah (Six!)\nYeah\nMurda on tha beat so it's not nice\n\n[Verse 1: Drake]\nThat\u2019s Baka, he's a no-long-talker\nQuick to let the motherfuckin' TEC slam\nWe don\u2019t need to hear about a next man\nYouts talk down, then they get ran\nLeft them, get dipped from the whole ends\nIf Gilla call shots, no questions\nG-Way 'til I'm restin'\nBut we still got love for the West End\nIf it's a chit-chat ting, better talk nice\nMurda on the beat so it's not nice\nSkull gets hot, then I'm not nice\nYou tryna date her and she been let me wop twice\nNow you man are on a diss ting\nJust know man like Chubbs\nHe's a fixer if I ever gotta fix tings\nJust know man like Fif, he\u2019s a sickaz\nYou get tanned, he don\u2019t miss things\nJust know man like me, I'm a Sixer\nAnd I oversee the whole thing\nYeah, I pree the whole thing (SN1)\nYeah, I pree the whole thing\nPreme got the err tucked, can\u2019t see the whole thing\nNiggas wanna talk splits, now we need the whole thing\n\n[Verse 2: Giggs]\nMan gets duppied when we touch a button\nMan catch suckers, then we're touchin' somethin' (yeah)\nMan get stuck in, yeah we\u2019re stuck in somethin' (yeah)\nMan gets wrappin' when we're suckin' somethin' (straight)\nMan gets battered with the crutch or somethin' (battered)\nMan bat bat it, then we buck or somethin' (buck-bucker)\nIf man child play it, then we Chucky somethin' (straight)\nIf man start throwin', then we're chuckin' somethin' (uhh)\nI'm on the best side, got the TEC lined (mmm)\nIn the whip, on the left side, on a death ride\nMAC-10 and the spesh flies, and the TEC slide\nNutty shit like somethin' just climbed out the X-Files (ooh)\nTextbook, like it's old school, like in textiles\nLighty lookin' healthy and she gets smiles\nHome time, grab a quick drink and she gets wild\nSexy, and I rate that and her sex style (switch it)\nFuckin' somethin', yeah nigga, fuckin' somethin'\nBack bent, pussy, I'll fuck her somethin' (yeah)\nCognac, better grab a cup of somethin'\nGlue pussy like a nigga stuck or somethin' (nah)\nStuck or somethin', like a nigga stuck or somethin'\nSaw the monster, it's like a truck or somethin' (jheeze)\nSpread the pussy out, I'm 'bout to butter somethin' (yeah)\nMan gone Hollywood, it's like I'm Buck or somethin' (Buck)\n\n[Outro: Giggs]\nYeah, you dun know, it's Hollowman Giggs\nRight now, just here with the big man Drizzy, you get me?\nMore Life flex, you dun know\nOVO and SN1 to the world, brap", "image": "https://images.genius.com/4672f8523e0fbf7f7848185256e946f4.1000x1000x1.jpg"}], "artist": "Drake"}