{"songs": [{"title": "Take You Down (Freestyle)", "album": null, "year": null, "lyrics": "(Intro)\nDrake Talking/ad-libing:\nIts Young Money Baby\nI got something for these niggas to ride to\nFa'sho\nHere I go\n\n(Verse 1)\nLet me do me, you just do you\nI'm double cupped right now\nSu-woop to the bangers\nSu-woop to the bangers, (yeah)\nAnd i say, i be on some G shit\nI be on some G shit\nCheck out what i done, and\nCheck out who i be with\nIm me bitch, i said i'm me bitch\n\nThen it goes young, young, young, young, YOUNG\n\n---Guitar Break---\n\n(Verse 2)\nBust that pussy open, then i tell her bring it back\nMake sure you dont fall in love\nCuz i dont have the time for that\nOnly thing i chase is money, if you tell me where its at\n\nWhen you rich, there is a certain type of woman you attract\n\nI say i be on some G shit, i be on some G shit\nCheck some other niggas for that louis shopping spree shit\nNot me bitch, i said not me bitch\n\nAnd it goes young, young, young, young, YOUNG\n\n---Guitar Break/Breakdown/Solo---\n\n(Outro Verse)\nI a'int have sex in a long time x3\nAre we havin is sex tonight?\nLadies say, i ain't have sex in a long time\nI a'int have sex in a long ass time\nBaby, i ain't have sex in a long time\nAre we havin is sex tonight, sex tonight\n\nLet me do me, you just do you\nIm double cupped right now\nSu-woop to the (whoa oh oh ohh)\n\n---Fade---", "image": "https://images.genius.com/22999a3378819809ee4848f7c60a744c.1000x1000x1.jpg"}], "artist": "Drake"}