{"songs": [{"title": "Legend", "album": "If You're Reading This It's Too Late", "year": "2015-02-13", "lyrics": "[Produced by PARTYNEXTDOOR]\n\n[Intro]\nYeah\n\n[Pre-Chorus]\nWhen I pull up on a nigga tell that nigga back, back\nI'm too good with these words, watch a nigga backtrack\nIf I die, all I know is I'm a mothafuckin' legend\nIt's too late for my city, I'm the youngest nigga reppin'\n\n[Chorus]\nOh my God, oh my God, if I die, I'm a legend\nOh my God, oh my God, if I die, I'm a legend\n\n[Verse 1]\nI'm up first, I'm on tour, got a girl, she from the South\nUsed to work, used to dance in Texas, now she clean the house\nEveryday, I was strugglin' to learn what life's about\nOn my way, money taught me Spanish, make it andale\nWay up north, packed in Honda cars\nThey don't know who we are\nFuck 'em all, they only pussy niggas shootin' at the star\nRight or wrong, I'ma write my wrongs\nThey can't live this long\nYou don't know where you're gonna go\nI got this shit mapped out strong\n\n[Pre-Chorus]\nWhen I pull up on a nigga tell that nigga back, back\nI'm too good with these words, watch a nigga backtrack\nAll I know, if I die, I'm a mothafuckin' legend\nIt's too late for my city, I'm the youngest nigga reppin'\n\n[Chorus]\nOh my God, oh my God, if I die, I'm a legend\nOh my God, oh my God, if I die, I'm a legend\n\n[Verse 2]\nI'm the one, one\nWhy do I feel like the only one?\nWhy do I feel like you owe me one?\n6 G-O-D, I'm the holy one\nYeah, you know wassup, yeah\nThey been off for a minute now\nYou know they all sentimental now\nYou know they all actin' different now\nAnd I, I just can't pretend\nSeen too much, it's so hard for me to let new people in\nI can't change, this shit set in stone\nThey can't live this long\nYou don't know where you're gonna go\nI got this shit mapped out strong\n\n[Pre-Chorus]\nWhen I pull up on a nigga tell that nigga back, back\nI'm too good with these words, watch a nigga backtrack\nAll I know, if I die, I'm a mothafuckin' legend\nIt's too late for my city, I'm the youngest nigga reppin'\n\n[Chorus]\nOh my God, oh my God, if I die, I'm a legend\nOh my God, oh my God, if I die, I'm a legend\nI'm the one", "image": "https://images.genius.com/32c2f93dcc198154a992dd60a1c588c7.1000x1000x1.jpg"}], "artist": "Drake"}