{"songs": [{"title": "Made", "album": null, "year": null, "lyrics": "Drake\nYeah, alright uh uh\n\nUh, Low key peter parker flow\nTell her bring some ace of spades, no sparklers though\nPrivate flights, no hassle I just park and go\nIm the highlight, like when markers glow\nOoo look what you created, only got yourself the blame\nI remember when you hated, ooo\nNow you tell me take my time\nHow bout' I just take your city make that mother f*cker mine\nUh huh\nIma underground king hoe\nI sit tall, I swing(swang) low\nThe game ain't always fair, and thats the thing though\nYou can play your heart out, everyone don't get a ring though\nYou are in the presence of a champion\nBout to get a condo, that I can fit your mansion in\nYou always be calling her, she ain't never answerin\nYou ain't figured out I am the reason that she canceling\nI be at the parties, where you stuck outside and can't get in\nCall me ron burgundy, yall the other anchormen\nWhat's on the news trick, gossipin bout music?\nThere's rumors im the new shit, and guess what its true bitch\n(we made it)\n\nChorus\nI feel like we made it\nBut we ain't made enough\nIts so amazing\nYou wouldve thought we made it up\n\nHook (Big Sean) (2x)\nMan I was made to be greater\nMade for the grind\nMade for the lights\nMade for the shine\n\nBig Sean\n\nUh, Yeah, Aye Look\nI need less friends, more bread\nLess talk more head\nUsed to ride escorts, now I get escorted (do it)\nI'm just waitin on my cue dog, no pledge\nSays she like all girls I turn that bitch co-ed\nThrew her on my track team\nHanded my baton to her\nPassed her, blew her off\nI chronic veronica\nWho got up on my nurse, so I had to platonic her\nNah that ain't my girl but every leader needs a monica\nI'm the head of my state, ain't that ironica (iron-ik-ah)\nI want the baddest chick, to treat my stick like a thermometer\nOh, I'm who they goin ape shit over\nI'm who your girlfriend acting, like she ain't shit over\nSee broads over niggas, but business broads\nSee business equals money, and money's over all\nI'm tryna move momma, from the ghettos to the meadows\nWell she can't stay in that fuckin' hood forever (forever?)\nWe was made for that mick jagger shit, bag a chick, and a chick\nFast girls, faster whips, big chains, master shit\nBitch I'm livin every day, month, yearly\nYellin till you mother f*ckers hear me (hear me)\nI made it!\n\nChorus (2x)\nFeel like we made it\nBut we ain't made enough\nIts so amazing, You wouldve thought we made it up\n\nHook (2x)\nMan I was made to be greater\nMade for the grind\nMade for the lights\nMade for the shine", "image": "https://images.genius.com/22999a3378819809ee4848f7c60a744c.1000x1000x1.jpg"}], "artist": "Drake"}