{"songs": [{"title": "Invented Sex", "album": "Born Successful", "year": null, "lyrics": "This goes out to the beautiful girls\nWhich one of y'all, which, which one\nWhich, which one of y'all\nWhich one of y'all goin' home with Trigga?\n\nI see you at the club, ooh, shawty\nWalkin' past a nigga lookin' at me all naughty\nThen I said, \"Baby, wassup?\"\nReach for that hand shake, got a hug\n\nBottles of the Ace got me with a lil' buzz\nUp in VIP with all my thug niggas\nYou leaned over and said you want me\n\nGirl, when the valet pull the Benz up\nOff to the crib, shawty, where we gonna end up\nGirl, sit back, relax, hold up\nLet me turn the radio on\n\nGirl, when I get you to the crib\n(Get you to the crib)\nUpstairs to the bed\n(Upstairs to the bed)\nGirl, you gonna think, girl, you gonna think\nGirl, you gonna think, girl, you gonna think\n\nGirl, when I pull back them sheets\nAnd you climb on top of me\nGirl, you gonna think, girl, you gonna think\nGirl, you gonna think, girl, you gonna think\n\nYou gonna think I invented sex\nYou gonna think I invented sex\nYou gonna think I invented sex\n\nPut the code in the gate, pull up to the driveway\nSaid she like the way I touch her, listenin' to usher\n(Yup)\nI got a confession\n(What?)\nKnow we 'bout to sin, but your body is a blessing\n(Father, forgive me)\n\nGirl, can we take it up stairs\n(Up, up, up stairs)\nMy bed's waitin' there\n(Waitin' there, yeah)\n\nAll I want to do is\n(All I wanna do)\nIs give you all of me\nWon't you give me all of you?\n\nI want your body like right now\n(Right now)\nYou know I live a magnum lifestyle\n(Lifestyle)\nBaby, turn the lights down\nAnd I'mma turn you on\n\nGirl, when I get you to the crib\n(Get you to the crib)\nUpstairs to the bed\n(Upstairs to the bed)\nGirl you gonna think, girl you gonna think\nGirl you gonna think, girl you gonna think\n\nGirl, when I pull back them sheets\n(Take the covers off)\nAnd you climb on top of me\nGirl you gonna think, girl you gonna think\nGirl you gonna think, girl you gonna think\n\nYou gonna think I invented sex\nYou gonna think I invented sex\n'Cause I do it like I did\nYou gonna think I invented sex\n\nIt's a celebration clap, clap, bravo\nLobster and shrimp and a glass of Moscato\nFor the girl who's a student and the friend who's a model\nFinish the whole bottle and we gonna do it big like this\n\nYeah, and he was just practice\nHe ain't in your world, you can take him off your atlas\nGirl you on fire, can I be the one you match with?\nI'll give you the credit card and baby you can max this out\n\nShow me where your tats is\nShow me where you heads at, maybe I can grasp it\nIf you ever come up with a question, you should ask it\nCaught up on your ex still? I can get you past it\n\nYeah, and your friends all suggest\nWhat's the chance of this nigga being better than the rest?\nJust tell 'em you appreciate the help\nBut you just got to know for yourself\n\nGirl, when I get you to the crib\n(Get you to the crib)\nUpstairs to the bed\n(Upstairs to the bed)\nGirl you gonna think, girl you gonna think\nGirl you gonna think, girl you gonna think\n\nGirl, when I pull back them sheets\nAnd you climb on top of me\nGirl you gonna think, girl you gonna think\nGirl you gonna think, girl you gonna think\n\nYou gonna think I invented sex\nYou gonna think I invented sex\nYou gonna think I invented sex", "image": "https://images.genius.com/09c843b49a2466e1a43f2a46ad8bcf1c.500x500x1.jpg"}], "artist": "Drake"}