{"songs": [{"title": "March 14", "album": "Scorpion", "year": "2018-06-29", "lyrics": "[Intro]\nHere we go, yeah\n\n[Verse]\nYesterday morning was crazy\nI had to come to terms with the fact that it's not a maybe\nThat shit is in stone, sealed and signed\nShe not my lover like \"Billie Jean\", but the kid is mine\nSandi used to tell me all it takes is one time\nAnd all it took was one time\nShit, we only met two times, two times\nAnd both times were nothin' like the new times\nNow it's rough times, I'm out here on front lines\nJust tryin' to make sure that I see him sometimes\nIt's breakin' my spirit\nSingle father, I hate when I hear it\nI used to challenge my parents on every album\nNow I'm embarrassed to tell 'em I ended up as a co-parent\nAlways promised the family unit\nI wanted it to be different because I've been through it\nBut this is the harsh truth now\nAnd fairy tales are saved for the bedtime stories I tell you now\nI don't want you worry 'bout whose house you live at\nOr who loves you more or who's not there\nWho did what to who 'fore you got here\nNah, look, I'm too proud\nTo let that come between me and you now\nRealize I gotta think for two now\nI gotta make it, I better make it\nI promise if I'm not dead then I'm dedicated\nThis the first positive DNA we ever celebrated\nI can't forget the looks on they faces\nGot the news in Miami that now we all got ones that we raisin'\nTell Gelo bring some Mod Ros\u00e9 and the Baccarats out\nFor our cheers to the next generation\nBut this Champagne toast is short-lived\nI got an empty crib in my empty crib\nI only met you one time, introduced you to Saint Nick\nI think he must've brought you like twenty gifts\nYour mother say you growin' so fast that they don't even really fit\nBut man, you know\nI still had to get it for my boy though, you know\nYou haven't met your grandfather yet, that nigga a trip\nHe probably coulda did stand-up\nYeah, but at the same time he's a stand up\nAnd that's how you gon' be when it's time to man up\nOctober baby for irony's sake, of course\nI got this 11 tatted for somebody, now it's yours\nAnd believe me, I can't wait to get a hundred more\nSorry I'm ventin', tryna cover ground\nThey said that in two weeks, you're supposed to come in town\nHopefully by the time you hear this\nMe and your mother will have come around\nInstead of always cuttin' each other down\nGod willin', I got a good feelin'\nYou got a good spirit\nWe'll talk more when you hear this my G\n\n[Outro]\nI'm changing from boy to a man\nNo one to guide me, I'm all alone\nNo one to cry on\nI need shelter from the rain, to ease the pain\nOf changing from boy to a man\nNo one to guide me, I'm all alone\nNo one to cry on\nI need shelter from the rain, to ease the pain\nOf changing from boy to a man\nI'm all alone\nNo one to cry on\nI need shelter from the rain, to ease the pain\nOf changing from boy to a man", "image": "https://images.genius.com/2fee80dd9aec0717aef8e1eb7aaaae4c.809x809x1.jpg"}], "artist": "Drake"}