{"songs": [{"title": "Mob Ties", "album": "Scorpion", "year": "2018-06-29", "lyrics": "[Verse 1: Drake]\nAyy, sick of these niggas (sick)\nSick of these niggas (sick, sick)\nHire some help (help), get rid of these niggas (skrr)\nSick of this shit, move to the Ritz\nTurned out the bitch (ayy)\nIt is what it is, yeah\nGLE, 'cause that Lambo movin' fast (skrr)\nS Class, G Class, lotta class (sss, sss)\nIn a rocket and that bitch ain't got no tags (skrr, skrr)\nLouis bags in exchange for body bags, yeah\n\n[Pre-Chorus 1: Drake]\nSick of these niggas (sick)\nSick of these niggas (sick, sick)\nHire some help (help), get rid of these niggas (grr)\nFuck what it was, it is what it is (what)\nWhatever you did, it is what it is\n\n[Chorus: Drake]\nAnd I'm so tired (tired)\nI fuck with the mob and I got ties (lotta ties, lotta ties)\nKnock you off to pay their tithes (do doo)\nThey want me gone but don't know why\nIt's too late for all that lovey-dovey shit\nI'm your brother shit, all that other shit\nIt's too late for all that\nIt's too late for all that, ayy\nIt's too late for all that lovey-dovey shit\nI'm your brother shit, all that other shit\nIt's too late for all that, ayy\nIt's too late for all that\n\n[Post-Chorus: Drake]\nAyy, sick of these niggas\nI'm sick of these niggas\nHire some help, get rid of these niggas\nI'm not with the ra-ra\nI am a Dada\nMy bitch in Chanel now\nYour bitch in Escada (sick, sick, sick, sick)\n\n[Verse 2: Drake]\nYeah, and they shook\nPlease don't let them fool ya, I don't care how they look (nah)\nHeard all of the talkin', now it's quiet, now it's shush (shh)\nTwenty-nine is comin', they on edge when I cook (cook)\nLead the league in scorin', man, but look at my assists (shh)\nYes I be with Future but I like to reminisce (yeah)\nI do not forget a thing, I'm patient, it's a gift (yeah)\nTry to tell 'em they ain't got to do it, they insist (they insist)\nYeah, I can tell\nI just gave 'em two for forty million like Chappelle (two)\nStandin' over coffin with a hammer and a nail (two)\nHeard you hit up so and so, that name don't ring a bell, nah\n\n[Pre-Chorus 2: Drake]\nSick of these niggas (sick)\nHire some help, get rid of these niggas\nI'm sick of this shit (sick, sick)\nI'm runnin' a blitz (ayy)\nWhatever you did (ayy), it is what it is\n\n[Chorus: Drake]\nAnd I'm so tired (tired)\nI fuck with the mob and I got ties (lotta ties, lotta ties)\nKnock you off to pay their tithes (do doo)\nThey want me gone but don't know why\nIt's too late for all that lovey-dovey shit\nI'm your brother shit, all that other shit\nIt's too late for all that\nIt's too late for all that, ayy\nIt's too late for all that lovey-dovey shit\nI'm your brother shit, all that other shit\nIt's too late for all that, ayy\nIt's too late for all that", "image": "https://images.genius.com/2fee80dd9aec0717aef8e1eb7aaaae4c.809x809x1.jpg"}], "artist": "Drake"}