{"songs": [{"title": "Sweeterman (Remix)", "album": null, "year": "2015-07-11", "lyrics": "[Intro]\nGirl I know you wanna, you know I wanna\nYeah, she keep giving me looks\nHotter than the 6 in the summer, deadass, girl I wanna\n\n[Verse 1]\nGirl I know you wanna\nYou know I wanna\nYeah, she keep giving me looks\nYeah, girl I know you wanna\nShe's a spice, ride pipe like bike, like Yokohama\nShe heard the ting bend like banana\nSo she wanna give me the adunana-ne, ohh\n\n[Pre-Chorus]\nShe say I'm a sweeterman\nBut she say that she don't need a man\nI say why don't we make an agreement then\nWe can just fuck while we're being friends\n\n[Chorus]\nGirl, I know you wanna\nYou know I wanna\nGirl, I know you wanna\nYou know I wanna\n\n[Verse 2]\nShawty too fly though, that's all I know\nShe don't sing songs, but if I go strong she gon' hit this high note\nShe know she working with the nana\nAnd she wanna give me the adunana-ne, ohh\n\n[Pre-Chorus]\nShe say I'm a sweeterman\nBut she say that she don't need a man\nWhat if we make an agreement then\nWe can just fuck while we're being friends\n\n[Chorus]\nGirl, I know you wanna\nI know you wanna\nGirl, I know you wanna\nI know you want to girl\n\n[Verse 3]\nRide the pipe like a bike, oh\nDo the things you know I like, oh\nI'm the man in my ends, oh\nYou're the one, let's not pretend\n\n[Bridge]\n'Cause the pussy too good, drink too strong\nYiy too change, I'm too sprung, I, I, I\nThe pussy too good, drink too strong\nYiy too change, I'm so gone, I, I, I\n\n[Chorus]\nGirl, I know you wanna\nI know you wanna\nGirl, I know you wanna\nI know you want to girl\nGirl, I know you wanna\nI know you want to girl\nGirl, I know you wanna, I, I, I\n\n[Verse 4]\nShe keep giving me looks (oh-oh-oh)\nShe keep giving me looks (oh-oh-oh)\nShe keep giving me looks\nI need you right here beside me\nIf you oblige me, I'll hang it up, and I'll never come out of retirement\nYou should just sleep on it, you shouldn't doubt me\nIt would be different without me\nWhat is it without me\nDon't go do nothing without me\nThis is a blessing, mashallah, wallahi\nI swear my life stories better than stories they tellin' 'bout me\nThey got it twisted\nRide the pipe like a bike, make sure you're going the distance\nAnd if he wasn't with it, then why were you with him?\nMaybe you just had to realize\nThat  knowing the difference can make all the difference\nShe wanna run me that adanunana\nYeah she keep giving me looks", "image": "https://images.genius.com/d711f36958219223adbd2305273ed9ca.1000x1000x1.jpg"}], "artist": "Drake"}