{"songs": [{"title": "Too Good (Solo Demo)", "album": null, "year": null, "lyrics": "[Intro]\nOh, yeah, yeah, yeah\nOh, yeah, yeah, yeah\nYeah\nLook\n\n[Verse 1]\nI don't know how to talk to you\nI don't know how to ask you if you're okay\nMy friends always feel the need to tell me things\nSeems like they're just happier than us these days, yeah\nThese days, I don't know how to talk to you\nI don't know how to be there when you need me\nIt feels like the only time you see me\nIs when you turn your head to the side and look at me differently, yeah\n\n[Pre-Chorus]\nAnd last night, I think I lost my patience\nLast night, I got high as your expectations\nLast night, I came to a realization\nAnd I hope you can take it, I hope you can take it\n\n[Chorus]\nI'm too good to you\nI'm way too good to you\nYou take my love for granted\nI just don't understand it\nNo, I'm too good to you\nI'm way too good to you\nYou take my love for granted\nI just don't understand it\n\n[Verse 2]\nI don't know how to talk to you, yeah\nI just know I found myself getting lost with you, yeah\nLately you just make me work too hard for you\nGot me on flights overseas, and I still can't get across to you, yeah\n\n[Pre-Chorus]\nAnd last night, I think I lost my patience\nLast night, I got high as your expectations\nLast night, I came to a realization\nAnd I hope you can take it, I hope you can take it\n\n[Chorus]\nI'm too good to you\nI'm way too good to you\nYou take my love for granted\nI just don't understand it\nNo, I'm too good to you\nI'm way too good to you\nYou take my love for granted (yeah)\nI just don't understand it\n\n[Verse 3: Drake]\nTell the UK tings that I soon forward\nI might go Visions with Skeppy\nI might touch road, do section\nI might just, I might just\nBuy [?] since Richview\nDreamin' of the places I can get to\nDrizzle, all the mandem miss you\nMan like that need a visa to get you, baow\nBut, girl, listen\nI wanna do the things that I mentioned\nI wanna benefit from this friendship\nI wanna get the late-night message from you, from you\nI put my hands around you\nGotta get a handle on you\nGotta get a handle on the fact that I\n\n[Chorus]\nI'm too good to you\nI'm way too good to you\nYou take my love for granted\nI just don't understand it\nNo, I'm too good to you\nI'm way too good to you\nYou take my love for granted\nI just don't understand it", "image": "https://images.genius.com/22999a3378819809ee4848f7c60a744c.1000x1000x1.jpg"}], "artist": "Drake"}