{"songs": [{"title": "30 for 30 Freestyle", "album": "What a Time to Be Alive ", "year": "2015-09-20", "lyrics": "[Verse]\nNever thought I'd be talkin' from this perspective\nBut, I'm not really sure what else you expected\nWhen the higher-ups have all come together as a collective\nWith conspiracies to end my run and send me a message\n40, did you get the message?\n'Cause I just checked my phone and I didn't get it\nI mean, I say hats off for a solid effort\nBut we didn't flinch for a second, we got our shit together\nYeah, not here to fight wars\nBut niggas wanna talk high scores\nPARTY just dipped off in a white Porsche\nAnd I just came from dinner where I ate some well-done seared scallops that were to die for\nBut, I got bigger fish to fry\nI'm talkin' bigger shit than you and I\nKids are losin' lives, got me scared of losin' mine\nAnd if I hold my tongue about it, I get crucified\nWrote this shit on a bumpy flight on a summer night\nFlyin' over Chattanooga\nOut here tryna spread the movement\nI just got me the Mercedes Pullman\nYou niggas never heard of it, you gotta hit up Google\nBack in the city, shit is gettin' brutal\nThese kids'll hit your noodle then take a girl to the movies\nThey've been droppin' out on both sides\nWe ain't in it, we just ghost ride\nThe pen is workin' if you niggas need some ghost lines\nI thought you wanted yours like I want mine\nI guess you just makin' moves on your own time\nBut just know it'll be January in no time\nAnd your absence is very concernin'\nIt's like you went on vacation with no plan of returnin'\nShit is purely for sport, I need a 30 for 30\nBanners are ready in case we need to retire your jersey\nI got a club in the Raptors arena\nChampionships, celebrations durin' regular seasons\nPaternity testin' for women that I never slept with\nI'm legally obligated if they request it\nSo much legal action like I'm Michael Jackson\nLuckily, I'm great at avoidin' distraction\nUsed to give no reaction, now I'm overreacting\nAhh nigga, that shit gotta go platinum\nI just listened to Closer to My Dreams\nWide eyed and uneducated at 19\nI can't rap like that, all young and naive\nNot after all of the shit I've seen and the things I believe\nDrastically changin', thank you for all your patience\nI'm just in a different space and I choose to embrace it\n4,000 square feet just isn't as spacious\nYou loved me back in the basement\nGuess it is what we make it\nI'm tired of awkward exchanges and niggas' crooked ways\nTired of champagne toasts with people that look away\nPeyton and Eli when niggas called me they brother\nThe season start and I don't wanna\nSee you end up with nothin'\nY'all throw the word \"family\" around too much in discussion\nRookie season, I would've never thought this was comin'\nThey knees give out and they passing to you all of a sudden\nNow you the one gettin' buckets\nThey put their arm around you\nNow you becomin' the crutches\nKids got on your number cause you the one they look up to\nAnd women that you seen on TV look better in person\nAnd either they wanna fuck you or convince you\nThat they care to see where it goes from there\nBut these ain't the girls from Brampton\nThis ain't that local action\nThe haters just bringin' me and my people closer, actually\nWhat happened to the things\nYou niggas said was supposed to happen?\nAre we just supposed to\nIgnore the fact that it never happened?\nWe just supposed to get the pie and then split it in two?\nSupposed to forget your mistakes, but not forget about you?\nMy plan was always to make the product jump off the shelf\nAnd treat the money like secrets, keep that shit to ourselves\nPapi champ\u00fa, young pablito de seis dios\n6 G-O-D, I think I was destined for this shit\nWhen I was 'round Keyshia Cole and T.I\nAnd Young Dro was poppin' off with \"Ain't I\"\nWay before niggas had they hands out\nLike they doin' macarena\nBut, who am I to complain now, I'm still around, they know", "image": "https://images.genius.com/856d23cafd5a7afd935b2dba87c3140f.1000x1000x1.jpg"}], "artist": "Drake"}