{"songs": [{"title": "Dead Presidents [Freestyle]", "album": null, "year": null, "lyrics": "[Verse:Drake]\nAyye Yo DJ Wristpect let's get em'\nVeterans like \"How dare all of this arrogance\"\nWhat you expect when all they do is draw comparisons between us and Americans\nAnd tell me go hard well I'm going harder now\nBumpin Shawn Carter cause there ain't a Shawn Carter now, feel me\nGet with it, I'm trying to overthrow a nation using fade to black as a nigga's only motivation\nI'm picking and choosing an army and thinking of moving my talent is proven\nA show of hands who's in?\nAnd if you must know, this year I'm going for the gusto plus though seat feeling like a bus load\nSo take me as I am  have nada of me the red stripe on my jacket show you that Prada love me\nI'm a threat in a city of no legends imagine that a whole Sistine with no brethrens\nNo blood glide gunshots identity this you a rapper homie leave that for Trinity Chris word\nSee my role models roll with models and switch gold bottles holding more dough than the whole lotto\nSo while you clowns making toasts in a cheap bar the whole ATF make mimosas with the clicquot\nWhat up Nikko, Jordan, Lucky and TJ nicknamed the Night Fox clique we take it easy\nYou Prime Ministers claim you repping the T, I need a Motherfucking president to represent me nigga", "image": "https://images.genius.com/22999a3378819809ee4848f7c60a744c.1000x1000x1.jpg"}], "artist": "Drake"}