{"songs": [{"title": "God's Plan (Remix)", "album": null, "year": "2018-12-25", "lyrics": "[Intro: Drake]\nThey wishing, they wishing, they wishing on me\n(yeah)\n\n[Verse 1: Trippie Redd]\nOoh, I wish you\nThis is our downfall\nYeah, i swear they wishing on me\n(bust down, bust down)\nI'm gon' keep it G\nIm gon' keep it street\nImma beast baby\nYou see walk with the piece\nGod's paradise, God paradise\nGod is alright\nGod im alright\nReady for the downfall\nI swear that bitch wishing on me\n\n[Pre-Chorus: Drake & Trippie Redd]\nBad things\nThere's a lot of bad things\nThat they wishin'\nThey wishin\nThey wishin'\nThey wishin\nThey wishing on me\n(Wishin' on me)\nWishing on me\n(yeah)\n\n[Interlude: Drake]\nShe said, 'Do you love me?\"\nI tell her \"Only partly,\"\n\"I only love my bed and my momma i'm sorry\"\n\n[Verse 2: Drake]\n50 dubs, I even got tatted on me\n81 they'll bring the crashers to the party\nAnd you know me\nTurn the 02 to the 03 dog\nWithout 40, Oli, there would be no me\nImagine if i never left the broskies\n\n[Hook: Drake]\nGod's plan, God's plan\n\n[Outro: Trippie Redd]\n(yah-ah)\nYeah, they wishin' (2x)\nOh yeah!", "image": "https://images.genius.com/22999a3378819809ee4848f7c60a744c.1000x1000x1.jpg"}], "artist": "Drake"}