{"songs": [{"title": "Messages From You", "album": null, "year": null, "lyrics": "[Drake]\nI forgot about you last night\nFor the first time in a long time I did\nI was caught up in these drinks they keep on making\nAn amazing conversation\nWith this girl named Lorraine, who says she's from L.A\nAnd keeps makin me laugh and even asks if she can pay\nShe could be good for me yeahh\nThat's when you text me\nTell me that you miss me, I forget about Lorraine\nAnd the fact she's right here with me\nShe's starin' in my face, somethin had to change\nThought that all these feelings went away\nOhhh\n\n[Hook]\nI hate getting, messages from you, from you\nIt's like you know the perfect shit to say\nFucks up my whole day\nI thought that all these feelings went away\nI hate getting messages from you, from you\nEspecially when you say you should've stayed\nFucks up my whole day\nI thought that all these feelings went away\nOhhh\n\n[Bridge]\nOoh, I hate the shit you do\nI hate the shit you do, I hate the shit you do\nI hate the shit you do, I hate the shit you do\nBut I still text you back, say I miss you too", "image": "https://images.genius.com/22999a3378819809ee4848f7c60a744c.1000x1000x1.jpg"}], "artist": "Drake"}