{"songs": [{"title": "Karaoke", "album": "Thank Me Later", "year": "2010-06-15", "lyrics": "[Produced by Francis and the Lights]\n\n[Verse 1: Drake]\nThings have been so crazy and hectic\nI shoulda gotten back by now\nBut you know how much I wanted to make it\nIt's probably better anyhow\nSo if you gotta go\nIf there's anything I should know\nIf the spotlight makes you nervous\nIf you're looking for a purpose\n\n[Verse 2: Drake]\nYou put the tea in the kettle and light it\nPut your hand on the metal and feel it\nBut do you even feel it anymore?\nI remember when you thought I was joking\nNow I'm off singing karaoke\nFurther than I've ever been\nSo if you gotta go\nIf there's any way I can help\n\n[Verse 3: Drake]\nIsn't it ironic that the girl I want to marry is a wedding planner\nThat tells me my life is too much and then moves to Atlanta\nDamn, of all the places you could go\nI just thought you'd choose somewhere\nThat had somebody that you know\nI'm always up too late, I worry 'bout you there alone\nIn that place you call your home, warm nights and cold Patron\nI hope that you don't get known for nothing crazy\nCause no man ever wants to hear those stories bout his lady\nI know they say the first love is the sweetest\nBut that first cut is the deepest\nI tried to keep us together, you were busy keeping secrets\nSecrets you were telling everybody but me\nDon't be fooled by the money, I'm still just young and unlucky\nI'm surprised you couldn't tell\n\n[Outro]\nI was only trying to get ahead\nI was only trying to get ahead\nBut the spotlight makes you nervous\nAnd you're looking for a purpose", "image": "https://images.genius.com/17b0bf98cd1ef082f8580b122d009885.1000x1000x1.jpg"}], "artist": "Drake"}