{"songs": [{"title": "With You", "album": "Views", "year": "2016-04-29", "lyrics": "[Chorus: PARTYNEXTDOOR]\nIt's about us right now, girl, where you going?\nIt's about us right now, girl, where you going?\nI'm with you\n\n[Verse 1: PARTYNEXTDOOR]\nYeah, I can't get enough of you, babe\nBottles open up so you can try and open up for me, baby\nM.I.A. in the M.I.A\nYou do you, girl, the haters gon' hate\nCut them off like you a sensei, girl\nOh, I know you feel what I feel\nBreaking you off, it's so real\nI can't fake that, babe\nMy love's locked down and you cuffing it\nYou're the only one I trust with it\nYou're the only one that stuck with it\n\n[Chorus: PARTYNEXTDOOR & Drake]\nIt's about us right now, girl, where you going?\nIt's about us right now, girl, where you going?\nI'm with you\nIt's about us right now, girl, where you going?\nIt's about us right now, girl, where you going? Yeah\nI'm with you\n\n[Verse 2: Drake]\nYeah, linking me down on my line\nBusy as usual but we should make some time\nLooking for things you can find\nJust so you can have something to bring up when it's time\nMixing vodka and emotions, tapping into your emotions\nDry cry cause I'm hopeless\nChoosey lover for the moment\nDifferent story when I leave you\nStory up just to keep you\nI need you 'round, I need you, oh\n\n[Chorus: PARTYNEXTDOOR & Jeremih]\nIt's about us right now, girl, where you going?\nIt's about us right now, girl, where you going?\nI'm with you\nIt's all about us right now, girl, where you going?\nIt's all about us right now, girl, where you going?\nI'm with you, I'm with you", "image": "https://images.genius.com/6f4b9c41ccb18485cccd6aa364ccc3b8.1000x1000x1.jpg"}], "artist": "Drake"}