{"songs": [{"title": "The Motion", "album": "Nothing Was the Same", "year": "2013-09-24", "lyrics": "[Intro: Drake]\nIt's not me and you, it's not me it's you\nYou're reckless and you know it, they don't love you like I do\nSay you're moving on, well, I guess that's just the motion\nI guess that's just the motion\nI guess that's just the motion\nI guess that's just the motion\nI guess that's just the motion\n\n[Verse 1: Drake]\nI don't have a fuck to give, I've been moving state to state\nIn my leather and my Timbs like it's 1998\nAnd my dog Chubby Chub, that's my nigga from the way\nOn the Eastside of the city, that's where everybody stay\nSeem like everybody calling 'cause they want me on their song\nIt's like every time I touch it I could never do no wrong\nWhen they need a favor from your man, they don't leave you alone\nBut I guess that's just the motion, yeah\n\n[Hook: Drake]\nThen that phone doesn't ring\nWhen they got everything, that's the motion\nOh-oh, I guess that's just the motion\nOh-oh, I guess that's just the motion\n\n[Verse 2: Drake]\nYeah, looking back on it, at least my pride is intact\n'Cause we said \"No strings attached\" and I still got tied up in that\nEverything that I write is either for her or about her\nSo I'm with her even when I'm here without her and she know it\nThe girl that I wanna save is like a danger to my health\nTry being with somebody that wanna be somebody else\nI always thought she was perfect when she was being herself\nDon't even know how to help, but I guess that's just the motion, yeah\n\n[Hook: Drake]\nShe'll probably come around\nSoon as I settle down, that's the motion\nOh-oh, I guess that's just the motion\nOh-oh, I guess that's just the motion\nOh-oh, I guess that's just the motion\n\n[Outro: Sampha and Drake]\nNothing less and nothing more\nI hear your heart hit the floor (Oh-oh, I guess that's just the motion)\nTalking to you is not enough\nI guess that\u2019s just the motion\nOh-oh, I guess that's just the motion\nI guess that's just the motion\nOh-oh, I guess that's just the motion\nOh-oh, I guess that's just the motion\nOh-oh, I guess that's just the motion\nYeah", "image": "https://images.genius.com/4765381b1d053bbe84899ca7c3c44f05.1000x1000x1.png"}], "artist": "Drake"}