{"songs": [{"title": "Light Up (Remix)", "album": null, "year": null, "lyrics": "[Lil Wayne]\nHate is temporary, love is necessary\nI went from eating pussy to eating commissary\nDamn, I am the sickest, I need therapy\nYou can buy the answers but you can\u2019t afford to question me\nFirst off I don\u2019t need you second guessing me\nJail is like third base: I\u2019m coming home eventually\nStill got shooters like hot tubs\nMan I'm anemic: still got blood\nI\u2019m in my cell reading fan mail\nWish I was in Amsterdam sipping Amstel\nThinking bout all of that pussy I can\u2019t smell\nMan they did me wrong; I feel like Nelson Mandel\u2019\nI shine too hard my lamp fell\nMy name still ringing: Alexander Graham Bell\nI know you met damn, cause you know damn well\nThat I still got you open, open like a clam shell\nYeah, still fly on my hawk shit\nMy conversation stinks cause I talk shit\nStay in your lane you\u2019re on that double-park shit\nWe eating at the top, get a spoon and a forklift\nI got rap wrapped up like a gift\nI\u2019d be sober if gift was a fifth\nI\u2019m feeling like Elvis \u2013 jailhouse rock\nI\u2019m not 2Pac, I\u2019m the New Pac\nBehind bars but the bars don\u2019t stop recording over the phone\nI hope the call don\u2019t drop\nDrizzy got the ball and I know the ball won\u2019t drop\nAnd I pray none of my kids never wanna be cops\nYoung Money get \u2018em, Young Money got \u2018em\nThe boss got his feet up, vacation on an island\nYeah and tell your girls send the kite up\nAnd even if you don\u2019t smoke motherfucker you gon\u2019 have to light up", "image": "https://images.genius.com/22999a3378819809ee4848f7c60a744c.1000x1000x1.jpg"}], "artist": "Drake"}