{"songs": [{"title": "Share", "album": "Comeback Season", "year": "2007-09-01", "lyrics": "[Hook (x3)]\nTake what you want, take what you want\nTake what you want, take what you want\nBut, you gotta share it with the world\n\n[Verse: Drake]\nLately I've been murdering and avoiding conviction\nThis shit is like an addiction conflicting with what I do\nShout out to K Davis and my connect up at Avis\nCause every weekend I'm rollin' out stuntin' in somethin' new\nFortunately I am at an elevated level\nI'm celebrated at home and\nI am high above it all\nBut apologies to my fans that be super conscious\nJust wait 'til I get my money right and\nI am going to ball ball ball\n\n[Hook]\nTake what you want, take what you want\nTake what you want, take what you want\nBut, you gotta share it with the world", "image": "https://images.genius.com/866a4a7df935705e834f236499d617c6.1000x1000x1.jpg"}], "artist": "Drake"}