{"songs": [{"title": "OVO Sound Radio [Setlists]", "album": "OVO Sound Radio Tracklists", "year": "2015-07-12", "lyrics": "Episode 1\n- Oliver El-Khatib\n- Drake\n- Eric Dingus\n\nEpisode 2\n- Oliver\n- Drake\n- 40\n\nEpisode 3\n- Oliver\n- Esco Boomin (DJ Esco & Metro Boomin)\n\nEpisode 4\n- Oliver\n- Jordan Ullman\n\nEpisode 5\n- Oliver\n- Black Chiney\n\nEpisode 6\n- Drake\n- Drake & Future - What a Time to Be Alive\n\nEpisode 7\n- Oliver\n- Boi-1da\n- PARTYNEXTDOOR\n\nEpisode 8\n- Oliver\n- Nineteen85\n- Illangelo\n\nEpisode 9\n- Oliver\n- DJ Khaled\n- Eric Dingus\n\nEpisode 10\n- Oliver\n- Stwo\n- Future the Prince\n\nEpisode 11\n- iLoveMakonnen\n- OG Ron C\n\nEpisode 12\n- Oliver\n- Prince 85\n- Benji B\n\nEpisode 13\n- Oliver\n- Cozy Boys\n- DJ Mustard\n\nEpisode 14\n- October Firm (Drake & Oliver)\n- Majid Jordan\n\nEpisode 15\n- Oliver\n\nEpisode 16\n- Oliver\n- DJ Maximum\n\nEpisode 17\n- Oliver\n\nEpisode 18\n- Oliver\n- dvsn\n\nEpisode 19\n- October Firm\n- Flat White (Virgil Abloh)\n\nEpisode 20\n- Drake & Zane Lowe Interview\n\nEpisode 21\n- Oliver\n- Maneesh\n\nEpisode 22\n- Oliver\n\nEpisode 23\n- Drake\n- Roy Woods\n\nEpisode 24\n- Roy Woods\n- 40\n- Oliver\n\nEpisode 25\n- Oliver\n- Popcaan\n\nEpisode 26\n- Oliver\n- Jay Wray\n- Murda Beatz\n\nEpisode 27\n- Oliver\n- PARTYNEXTDOOR - PARTYNEXTDOOR 3 (P3)\n\nEpisode 28\n- Oliver\n\nEpisode 29\n- Oliver\n- Hoodrich Keem\n- Eric Dingus\n\nEpisode 30\n- Oliver\n- Jordan Ullman\n- Nineteen85\n\nEpisode 31\n- Vinylz\n- Boi-1da\n\nEpisode 32\n- Drake\n\nEpisode 33\n- Oliver\n- Frank Dukes\n- French Montana - MC4\n\nEpisode 34\n- Oliver\n- DJ Esco\n- Zaytoven\n\nEpisode 35\n- Oliver\n- DJ Premier\n- Murda Beatz - Keep God First\n- Bobby Konders\n\nEpisode 36\n- Oliver\n- Jordan Ullman\n- Roy Woods - Nocturnal\n\nEpisode 37\n- Oliver\n- DJ Maximum\n\nEpisode 38\n- Drake & DJ Semtex Interview\n- Oliver\n- PARIS, IL (Virgil Abloh & Guillaume Berg)\n\nEpisode 39\n- October Firm - More Life\n\nEpisode 40\n- Oliver\n- 40\n\nEpisode 41\n- Oliver\n- \u200bJacques Greene\n\nEpisode 42\n- Oliver\n- Eric Dingus\n- Brodinski\n\nEpisode 43\n- Oliver\n- Sango\n- Ryan Hemsworth\n\nEpisode 44\n- Oliver\n- Benji B\n- Woodkid\n\nEpisode 45\n- Oliver\n- Hoodrich Keem\n- Mastermind\n\nEpisode 46\n- Louis Vuitton Playlist\n- October Firm\n- Clams Casino\n- Cashmere Cat\n- Oliver\n\nEpisode 47\n- Oliver\n- Shlohmo\n\nEpisode 48\n- Oliver\n- Bad Boy Takeover\n- The Chopstars\n- NAV & Metro Boomin - Perfect Timing\n\nEpisode 49\n- Oliver\n- \u200bCHROMATICLIVE\n\nEpisode 50\n- Oliver\n- Jaegen\n- Toddla T\n\nEpisode 51\n- Oliver\n- \u200bTiffany Calver\n\nEpisode 52\n- Oliver\n- John McSwain\n\nEpisode 53\n- Oliver\n- Big Tho & DJ Eric of Houston\u2019s 97.9 The Box\n- PARTYNEXTDOOR - Seven Days\n\nEpisode 54\n- Oliver\n- Nineteen85\n- dvsn - Morning After\n\nEpisode 55\n- 40\n- Majid Jordan - The Space Between\n\nEpisode 56\n- Oliver\n- Morgan Keyz\n- G0HomeRoger & Kid Masterpiece\n\nEpisode 57\n- Oliver\n- Roy Woods - UTU Takeover\n- Roy Woods - Say Less\n- Charlie Sloth\n\nEpisode 58\n- Oliver\n- OTHERtone (Pharrell Williams & Scott Vener)\n\nEpisode 59\n- Oliver\n- New Gen\n\nEpisode 60\n- Oliver\n- G0HomeRoger & Kid Masterpiece\n- OVO Hush\n\nEpisode 61\n- Oliver\n- Venus X\n- OVO Hush\n- G0HomeRoger & Kid Masterpiece\n\nEpisode 62\n- Oliver\n- Mighty Crown\n- DJ Charlie B\n\nEpisode 63\n- Oliver\n- Tiffany Calver\n- G0HomeRoger & Kid Masterpiece\n\nEpisode 64\n- Oliver\n- Jordan Ullman\n- Venus X & Asmara\n\nEpisode 65\n- October Firm - Post-Scorpion Mix\n- Oliver\n\nEpisode 66\n- Oliver\n- Baka Not Nice\n- Baka Not Nice - 4Milli\n- OVO Hush", "image": "https://images.genius.com/6cb931d080c054f565db20bb44e731f6.640x640x1.png"}], "artist": "Drake"}