{"songs": [{"title": "Girls Love Beyonc\u00e9 (Remix)", "album": null, "year": null, "lyrics": "[Verse 1: Drake]\nLook... I know girls love Beyonc\u00e9, girls love to fuck with your conscience\nGirls hate when niggas go missing and shawty you ain\u2019t no different\nThese days it\u2019s hard to meet women, feel like my love life is finished\nI\u2019ve been avoiding commitment that's why I\u2019m in this position\nI\u2019m scared to let somebody in on this, +No New Friends+, no no no\nYou know how this shit go, you got your fair share of admirers that call your phone\nYou try to act like it\u2019s just me, but I am not alone\nBut if you\u2019re alone then, say my name, say my name\n\n[Hook: James Fauntleroy]\nSay my name, say my name\nWhen no one is around you, say, \u201cBaby, I love you\u201d\nIf you ain\u2019t running games, say my name, say my name\nYou actin\u2019 kinda shady, baby, why the sudden change?\nSay my name\nSay my name, say my name\nSay my name, say my name\nIf no one is around you\n\n[Verse 2: Wiley]\nLook, I know girls love Rihanna, girls love to play with your mindset\nGirls always find out the business, and baby you ain't no different\nI think I've met a few women, who know the meaning of winning\nSo I'mma take on\nAnd leave here, cause girl we don't have to be here\nI'm 'bout to let somebody\nIn on this, old friend, she is new friends\nShe knows me from way back when I\nKnow she knows my ways\nThe way I was from way back then, these people won't believe the years\nWe've spent before as friends, now we're together she can say\n\n[Hook]\n\n[Verse 3: Drake]\nYeah, uh... Say my name, say my name, cause those other men are practice\nAnd this ain\u2019t no time for actin\u2019, and this ain\u2019t no time for games\nAnd this ain\u2019t no time for uncertainty, and this ain\u2019t no time for locking your phone\nAnd not coming home and startin\u2019 some shit when I\u2019m in the zone\nThis is why I\u2019ve been saying, \"no new friends, no no no\"\nYou know how this shit goes, this is not four years ago\nTime escapes me, now forget how it felt when this shit move slow\nI come through in whips that make a young boy take the long way home\nAll my young boys \u2018round me saying, \u201cGet money and fuck these hoes\u201d\nWhere we learn these values? I do not know what to tell you\nI\u2019m just trying to find a reason not to go out every evening\nI need someone that\u2019ll help me think of someone besides myself\nI need someone I leave through the front door with cause we don\u2019t wanna hide no more\nPlus you\u2019re not shy no more; neither of us wanna play the side no more\nNo, I\u2019m not alone, even though +Nothing Was The Same+\nLet me get your ass alone, let me make you say my name, say my name\n\n[Hook]", "image": "https://images.genius.com/22999a3378819809ee4848f7c60a744c.1000x1000x1.jpg"}], "artist": "Drake"}