{"songs": [{"title": "Wildfire", "album": null, "year": null, "lyrics": "[Intro]\nYeah, oh no, I'm ready\nYeah, let's go\nYour girlfriend at my next show, OVOXO nigga\nHaha, yeah\n\n[Verse]\nUh, wassup?\nReal nigga doing real stuff\nGet alot of money you could never get enough\nAnd you know the new shit sound so tough\nSo and so just walked in... so what?\nI don't really vibe with alot of these niggas\nI ain't really into giving more than one chance girl\nI already tried with alot of these niggas, fuck that\nThat team don't know real, what's that? That can't be from here\nThat can't be what they believing is the best shit of the year\nThat's that fake shit, that's that fake shit\nThat's that top row of veneers\nJust when they getting impatient is when I make a world premiere\nUh, damn, word?\nAward shows coming? Make sure you spell that shit right\nMake sure to give me all the credit I deserve\nMake sure the good stuff still in that Sprite\nThey watch us make the shit into the song\nYou ain't livin' that boy, stop stealin' that life\nAnything can happen when I do see ya\nGuess it all depend how I feel on that night\nLive my life in hotels, bitch better have my room right\nIf they kill me, bury me a legend, bitch better have my tomb right\nAh, this is perfect for the women that I loved before\nI love em all, I just love me more", "image": "https://images.genius.com/22999a3378819809ee4848f7c60a744c.1000x1000x1.jpg"}], "artist": "Drake"}