{"songs": [{"title": "Rewind", "album": null, "year": null, "lyrics": "Ladies and gentalmen\nWe are now broadcastin live from london england\n\nBack then it was me plus you, we us two did ever single thing that we must do\nYou trust me me trust you, plus there's noone else that I see just you\nNow adays I'm riding on the banwagon driver of a porche caiyan wagon\nIce in the necklace light skinned and hectic and all these simple things got a man braggin\nAnd bostin a little never drank much in the past but now they got the kid toastin a little\nSo cheers to the fact you here in the track you shoulda been shotgun his career in the back\nAnd his two month lease expires right now knew I shoulda got me a truck with two front seats I assume it's\nDone I'm lookin at my passenger side I realize that there's room for one oh\n\n[Hook:]\nCan we rewind it back should we just let it go\nCus I use to be someone that fit into your scheduale\nNow there's no time I see so one plus you but minus me\nIt makes me cry in fact can we please rewind it back\nCan we rewind it back should we just let it go\nI use to be someone that fit into your scheduale\nNow there's no time I see so one plus you but minus me\nIt makes me cry in fact can we please rewind it back\n\nNow adays you be all cried out no more tears no more plains cus you all flyed out\nNeed the lord in your life on a sunday no more fashion nomore spendin your life on the runway\nDeal with it you hardly can all this hype around Drake whatever happened to Aubrey Graham\nWell it's her hes needin you gotta say leave in the word but I know leavin has crossed your mind\nYou jealous of some autographs I often sign I try to make it to dinner never often time\nBut I often find myself hearin your voice you said you never fealt a touch soft as mine\nI was sayin how the range and the loft is mine had to change in the planes and the porche is mine\nIt's a deal I was forced to sign but I never imagined that youd end up fourth in line no\n\n[Hook:]\nShes got a feelin lonely (feelin lonely)\nLike she don't even know me (don't even know me)\nI thought that she would be the one for me but now I see that\nIf I could turn back the hands of time she would be mine\nYour on my mind girl let's rewind it back\n\nLook this for that girl that you use to see for anybody that want it how it use\nTo be all the love afection and all the cash I wanna rewind but we movin forward fast\n\n[Hook:]\nCan we rewind it back should we just let it go\nCus I use to be someone that fit into your scheduale\nNow there's no time I see so one plus you but minus me\nIt makes me cry in fact can we please rewind it back\nCan we rewind it back should we just let it go\nI use to be someone that fit into your scheduale\nNow there's no time I see so one plus you but minus me\nIt makes me cry in fact can we please rewind it back\n\nAnd I adore all the pictures that everyone in the media is dyin for\nBack when there was one camera to smile for\nThere was only couple things I could buy you compared to now where I'm kinda like heres a thou\nDrop grands thru appear in style but I could still be chillin in sweat pants and a stainless ring\nWithout you I havnt gained a thing oh\n\n[Hook:]\nCan we rewind it back should we just let it go\nCus I use to be someone that fit into your scheduale\nNow there's no time I see so one plus you but minus me\nIt makes me cry in fact can we please rewind it back\nCan we rewind it back should we just let it go\nI use to be someone that fit into your scheduale\nNow there's no time I see so one plus you but minus me\nIt makes me cry in fact can we please rewind it back", "image": "https://images.genius.com/22999a3378819809ee4848f7c60a744c.1000x1000x1.jpg"}], "artist": "Drake"}