{"songs": [{"title": "Side Pieces", "album": null, "year": "2014-07-16", "lyrics": "[Verse 1: Drake]\nSide pieces\nI know that you're watching this from home\nI can't wait to see you on the road\nCheering from the shadows I hear you calling out\nWifey sees a text and asks what's this all about\nI tell her you're just a friend\nA lot of these guys are dying for this song to end\nI'm asking would you be mine\nWould you get on this flight to Cleveland, Ohio at 2:45\nI had a rough game I took two shots I was 0 for 2\nTough day I need that one thing only you can do\nSkylar this is the one thing that I'd be for you\nThis goes out to all my side pieces\nSide pieces, side pieces\nThis goes out to all my side pieces\nYou know that you'll never be the main one\nCity to city I see you we're in the same one\nSide pieces, side\nLos Angeles I want you to make some noise for the real king of side pieces Brian McKnight one time\n\n[Verse 2: Brian McKnight]\nThis is dedicated to all of the side pieces\nI know you'll never be more\nAnd you'll always be less\nBut there's comfort in knowing that you're okay being second best\nI already got a starter but I'm looking for the rest of my team\nSide pieces in training go on and wave your hands for Drake and me\n(Don't be embarrassed)\nSide pieces where you at?\n(Probably in the top balcony)\nI know you're not down here in front of us you got to be way back in the back\n(They can't even see us)\nSide pieces go on and be, side pieces yeah\nSide pieces", "image": "https://images.rapgenius.com/1e703b07922813c827287447d52cdff9.640x640x1.jpg"}], "artist": "Drake"}