{"songs": [{"title": "Closer To My Dreams", "album": "Heartbreak Drake", "year": "2009-05-09", "lyrics": "[Intro: Drake talking]\nYeah\nI remember me and, me and D used to talk about this kind of stuff all the time, like\nWhat it's gonna be like when you get closer to your dreams\nI didn't know much then, but\nI can probably tell you a lil somethin' now\n\n[Verse 1:]\nMr. Big Dreams no tolerance\nCut you at the house and haven't hollered since\nGet bored quickly\nHe stay grown\nSo the p-a-tron had to get poured quickly\nEx girl strippin', I can't stop her\nNew girl trippin' but I can't drop her\nCause I need somethin' to balance out the fact\nThat it's hard to find a woman when you talented and black\nWhen you hollerin' at labels and they silencin' you back\nCause you fail to thoroughly discuss some violence in ya track well\nGunshot for the young yacht owner\nSee there's everybody else then there's one top loner\nFirst place is often the worst place\nBut fuck it I love it here\nI call it my birthplace\nWhenever I walk in they makin' the worst face\nSurrounded by Filipinos I think of the worst case\nWatch chrome green diamonds I call it the earth face\nI'm gettin' ya cake I tell you how ya dessert taste\nI get a dessert plate\nY'all eat pedigree as ya meal\nI've been Urkel for some years\nIt's better bein' Jaleel\nThough I rock lean snap\nIt's better bein' this real\nIt's better drivin' a car with the letter B in the wheel\nSeat back\nLight sayin' tank on E\nI got the drank on me\nYou better bank on me\nTo be the one and only nigga that you ain't gon' see\nIn the club with a model spillin' dranks on me\nNah\nGimme 20 in the tank on 3\nI'm in the Range bumpin' Keyshia Cole\nSingin' off-key like (vocalizes)\nI'mma spare y'all\nWhy you wanna judge me\nI don't ever compare y'all\nThe city is mine\nI know it because I'm there y'all\nIt ain't even started I'm really tryna prepare y'all\nSpring 07\nSecond quarter I'm droppin'\nWith or without a label man I'm committed to poppin'\nAnd take over the summer\nTour to tour hoppin'\nI'mma meet a lot of women I'mma do a lot of shoppin'\nReally no other option\nSpend a lot of money just to make it back\nAnybody I dissed in a song I don't take it back\nSame rappers that's all in ya face sayin' Drake is whack\nAre checkin' my availability just to make a track\nI promise mama\nI'mma do it cause I know I put you through it (I know I put you through it baby)\nAnd I just want you to sit around with ya friends at the dinner table and say \"my baby's famous and I knew it\"\n\nAnd it wasn't nothin' to it\nI'm drawin' and drawin' till the pen was out of fluid\nThe ballpoint run out\nThen all joints come out classic\nRappers are fake we can all point one out\n\n[Drake: Talking]\nYeah\nI'd like to introduce you to the first lady of the ATF\n\n[Singing:]\nCloser to my dreams (Miss Andreena Mill)\nI'm gettin' higher\nYeah (Yeah man)\nI feel it in my sleep (Sing it to 'em baby)\nI said I'm gettin' higher\nYeah\nAnd closer to my dreams\nWhoa\nSometimes it feels like I'll never move on\nCloser to my dreams\n\n[Verse 2:]\nLook\nI took a plane to Hawaii with D\nAnd we was trippin' off of the speed at which life progress\nFrom meetin' Trey in Atlanta to doin' a cameo in his video has made everything right with ex (Songz)\nI got too many records and not enough shows\nToo many rappers and not enough-\nWell\nYou can fill the blank in\nThey tryna be the best\nJust tryna place in the rankin'\nThey can't\nPlay pen drop out\nThe gray ten drop out\nSummer 05 with the gray Benz drop out\nCharcoal charger\nRacin' through back streets\nOn my Craig David shit the awful dodger\nShowed her I'mma\nI told her I'mma\nBout to get my run-on so hold the commas\nTimes changed now I'm older mama\nAnd these niggas ain't solid they fold in drama\nAnd that's the realest shit I ever wrote\nA compilation of mental thoughts that I never note\nAnd hi, haters\nI'm back off of hiatus\nHow ya album doin'?\nI'm gettin' cake off of my latest\nAnticipated like the iPhone\nRespected in any city that I roam\nSummertime\nWintertime\nDinnertime\nAnytime\nBet I am the nigga in my town when I arrive\nHome\n\n[Chorus]\n\nCloser to my dreams\nI'm gettin' higher\nYeah\nI feel it in my sleep\nI said I'm gettin' higher\nYeah\nAnd closer to my dreams\nWhoa\nSometimes it feels like I'll never move on\nCloser to my dreams\n\n\n[Outro]\nYou know what it is man\nIt's ya boy, D-R-A-K-E\nI'm almost there, yeah", "image": "https://images.genius.com/405c9bcb0dcbee7d15bcc86cd8e8366a.500x500x1.jpg"}], "artist": "Drake"}