{"songs": [{"title": "Jungle", "album": "If You're Reading This It's Too Late", "year": "2015-02-13", "lyrics": "[Chorus: Gabriel Garz\u00f3n Montano]\nRock me real slowly\nPut a bib on me\nI'm just like a baby, droolin' over you\nThe things you do\n\n[Verse 1: Drake]\nThese days, I'm lettin' God handle all things above me\nThe things I can't change are the reason you love me\nListen, you can hear them callin' my name\nI'm all over the place, I can't sit in one place\nI'm not ashamed at all\nStill findin' myself, let alone a soulmate, I'm just sayin'\nFeel like we one and the same, our relationship changed\nThat or it never existed\nWhenever they say somethin' bout us you listen\nBut fuck what they talkin' about on your timeline\nThat's cuttin' all into my time with you\nFuck what they talkin' about on your timeline\nThat's cuttin' all into my time with you\nMy time with you, my\n\n[Chorus: Gabriel Garz\u00f3n Montano]\nRock me real slowly\nPut a bib on me\nI'm just like a baby, droolin' over you\nThe things you do\n\n[Verse 2: Drake]\nShe said you're my everything\nI love you through everything, I done did everything to her\nShe forgave me for everything, this a forever thing\nHate that I treat it like it's a whatever thing\nTrust me girl, this shit is everything to me\nShe from the jungle, she from the jungle\nI take somebody else's car, drive there undercover\nThis shit is everything to me, this shit is everything\nDon't know where we stand, I used to hit you 'bout everything\nAre we still good? Are we still good?\nAre we still good? Are we still good?\nIf I need to talk, are you around?\nAre you down for the cause?\nAre you down? Are you down? Are you down?\nAre you down for the cause?\nAre you down? Are you down? Are you down?\nAre you down for the cause?\nYou still down? You still down? You still down?\n\n[Chorus: Gabriel Garz\u00f3n Montano]\nRock me real slowly\nPut a bib on me\nI'm just like a baby, droolin' over you\nThe things you do\n\n[Verse 3: Drake]\nYeah, these days these new girls, they got me nervous\nThey go to school and do bottle service\nThey can't decide, they keep switchin' majors\nBeing indecisive makes me anxious\nCall your number and it's out of service\nWho can I call for your information?\nWhat am I supposed to do\nAfter we done everything that we've done?\nWho is your replacement?\nAre we still good? Are we still good?\nAre we still good? Are we still good?\n\n[Outro: Gabriel Garz\u00f3n Montano]\nRock me real slowly\nRock me real slowly\nI'm just like a baby, droolin' over you\nRock me real slowly\nRock, put a bib on me", "image": "https://images.genius.com/86c0604ab3c6bdf136408f04dea78810.1000x1000x1.jpg"}], "artist": "Drake"}