{"songs": [{"title": "Where Were You", "album": null, "year": null, "lyrics": "[Verse 1: Drake]\nI have to watch the road\nI swear that every car that passes has you in it\nI can\u2019t believe we\u2019re finished\nMy life is movin\u2019 fast\nThe time will often pass\nAnd something will remind me\nI can\u2019t put this behind me\nI thought you would\u2019ve called by now, by now\nYou could\u2019ve had my all by now, by now\nIt\u2019s been too many years for you to disappear\nAnd have me asking the question\n\n[Hook: Colin Munroe]\nI wonder whatever became of you\nAlthough, It's not that I'm surprised, It's not I didn't try\nIt's not that I was frightened, of you\nAlthough, I said all goodbyes\nAnd, you had all your cries\nI wonder whatever became of you\nI wonder whatever became of you\nI wonder whatever became of you\n\n[Verse 2: Dawn Richard]\nI swear I heard you call\nBut when I heard you'd gone\nI hate that I looked desperate\nYou gone is like me naked\nI'm steering not to crash\nTrying to make it last\nKeep looking close behind me\nMy eyesight on a memory\nI thought you would\u2019ve called by now, by now\nYou could have all my love right now, by now\nGave into my fears\nWhile you just disappeared\nThat's why I'm asking this question...\n\n[Hook]\nI wonder whatever became of you\nAlthough, It's not that I'm surprised, It's not I didn't try\nIt's not that I was frightened, of you\nAlthough, I said all goodbyes\nAnd, you had all your cries\nI wonder whatever became of you\nI wonder whatever became of you\nI wonder whatever became of you\n\n[Verse 3: Drake]\nI can't go to bed\nI'm thinking about my goals\nAnd how we used to say a goal is just a dream with a deadline\nWhere did the other half of my heart go?\nWhy am I in bed alone?\nHow come when I drive by, it looks like you are never home?\nDo you even live there?\nOr did you take a U-Haul?\nToo far, move off and not even tell me that you're gone?\nWe were on fire\nSomehow that fire cooled off, burnt out\nI kept straight, but I wonder how you turned out\n\n[Hook]\nI wonder whatever became of you\nAlthough, It's not that I'm surprised, It's not I didn't try\nIt's not that I was frightened, of you\nAlthough, I said all goodbyes\nAnd, you had all your cries\nI wonder whatever became of you\nI wonder whatever became of you\nI wonder whatever became of you", "image": "https://images.genius.com/22999a3378819809ee4848f7c60a744c.1000x1000x1.jpg"}], "artist": "Drake"}