{"songs": [{"title": "Do It Now", "album": "Born Successful", "year": "2009-06-20", "lyrics": "[Intro]\nUh, yeah, alright\nUh, well alright\nYeah, well alright\nUh huh, yeah\nFeel good\n\n[Verse 1]\nIt's a celebration, clap-clap, bravo\nLobster and shrimp and a glass of moscato\nFor the girl who's a student and her friend who's a model\nFinished the whole bottle and we gonna do it big like this\nYeah, and he was just practice\nHe ain't in your world, you can take him off your atlas\nGirl ya on fire can I be the one you match with\nI give you the credit card and baby you can max this out\nShow me where ya tats is\nShow me where ya hands at, maybe I can grasp it\nThey say if ya get her you can understand her better\nAnd she known to be a cheater but that's only if you let her\nYeah, and I got it together\nSo when they talk they try deter me it's like whatever\nTell em' I appreciate the help but I just gotta know for myself\n\n[Verse 2]\nThis lifestyle is foul this shit'll damage ya\nEspecially when you think noone is understanding ya\nThese girl groups with they overprotective managers\nGot paparazzi over my shoulders clickin they cam-er-a\nSnap snap snap until they runnin outta card space\nYou remind me of Tony's sister in scarface\nJust take it easy on love and slow ya heart rate\nGoodness gracious on top is such a hard place\nYea... but if you never even been there\nYou kinda make sense why you dying of pretendin\nSpillin all ya drinks takin pictures in ya swimwear\nHead up in the clouds you survivin on the thin air\nI know that shit is exhausting girl\nAnd your mistakes are costing girl\nAnd maybe you don't need the help but I just wanna see for myself", "image": "https://images.genius.com/09c843b49a2466e1a43f2a46ad8bcf1c.500x500x1.jpg"}], "artist": "Drake"}