{"songs": [{"title": "Best I Ever Had", "album": "So Far Gone", "year": "2009-02-13", "lyrics": "[Intro]\nYou know, a lot of girls be\nThinkin' my songs are about them\nThis is not to get confused\nThis one's for you\n\n[Chorus]\nBaby, you my everything, you all I ever wanted\nWe could do it real big, bigger than you ever done it\nYou be up on everything, other hoes ain't never on it\nI want this forever, I swear I can spend whatever on it\n'Cause she hold me down every time I hit her up\nWhen I get right, I promise that we gon' live it up\nShe made me beg for it 'til she give it up\nAnd I say the same thing every single time\nI say, you the fuckin' best (Ayy), you the fuckin' best (Ayy)\nYou the fuckin' best (Ayy), you the fuckin' best (Ayy)\nYou the best I ever had (Ayy), best I ever had (Ayy)\nBest I ever had (Ayy), best I ever had\nI say, you the fuckin'\n\n[Verse 1]\nKnow you got a roommate, call me when there's no one there\nPut the key under the mat and you know I be over there (Yup)\nI be over there, shawty, I be over there\nI be hittin' all the spots that you ain't even know was there\nAnd you don't even have to ask twice\nYou could have my heart or we could share it like the last slice\nAlways felt like you was so accustomed to the fast life\nHave a nigga thinkin' that he met you in a past life\nSweatpants, hair tied, chillin' with no make-up on\nThat's when you're the prettiest\nI hope that you don't take it wrong\nYou don't even trip when friends say\n\"You ain't bringin' Drake along?\"\nYou know that I'm workin', I'll be there soon as I make it home\nAnd she a patient in my waiting room\nNever pay attention to the rumors and what they assume\nAnd until them girls prove it\nI'm the one that never get confused with, 'cause\n\n[Chorus]\nBaby, you my everything, you all I ever wanted\nWe could do it real big, bigger than you ever done it\nYou be up on everything, other hoes ain't never on it\nI want this forever, I swear I can spend whatever on it\n'Cause she hold me down every time I hit her up\nWhen I get right, I promise that we gon' live it up\nShe made me beg for it 'til she give it up\nAnd I say the same thing every single time\nI say, you the fuckin' best (Ayy), you the fuckin' best (Ayy)\nYou the fuckin' best (Ayy), you the fuckin' best (Ayy)\nYou the best I ever had (Ayy), best I ever had (Ayy)\nBest I ever had (Ayy), best I ever had\nI say, you the fuckin'\n\n[Verse 2]\nSex, Love, Pain, baby, I be on that Tank shit\nBuzz so big I could probably sell a blank disc\nWhen my album drop, bitches'll buy it for the picture\nAnd niggas'll buy it too and claim they got it for they sister\nMagazine paper, girl, the money ain't the issue\nThey bring dinner to my room and ask me to initial\nShe call me the referee 'cause I be so official\nMy shirt ain't got no stripes, but I can make your pussy whistle\nLike the Andy Griffith theme song\nAnd who told you to put them jeans on?\nDouble cup love, you the one I lean on\nFeelin' for a fix, then you should really get your fiend on\nYeah, just know my condo is the crack spot\nEvery single show, she out there reppin' like a mascot\nGet it from the back and make your fuckin' bra strap pop\nAll up in your slot 'til the nigga hit the jackpot\n\n[Chorus]\nBaby, you my everything, you all I ever wanted\nWe could do it real big, bigger than you ever done it\nYou be up on everything, other hoes ain't never on it\nI want this forever, I swear I can spend whatever on it\n'Cause she hold me down every time I hit her up\nWhen I get right, I promise that we gon' live it up\nShe made me beg for it 'til she give it up\nAnd I say the same thing every single time\nI say, you the fuckin' best (Ayy), you the fuckin' best (Ayy)\nYou the fuckin' best (Ayy), you the fuckin' best (Ayy)\nYou the best I ever had (Ayy), best I ever had (Ayy)\nBest I ever had (Ayy), best I ever had\nI say, you the fuckin' best (Ayy), you the fuckin' best (Ayy)\nYou the fuckin' best (Ayy), you the fuckin' best (Ayy)\nYou the best I ever had (Ayy), best I ever had (Ayy)\nBest I ever had (Ayy), best I ever had\n\n[Outro]\nUhh, ah yeah\nSee, this the type of joint you gotta dedicate to somebody\nJust make sure they that special somebody\nYoung Money, yeah, yeah\nYou know who you are\nI got you", "image": "https://images.rapgenius.com/990859305960de2dc89c3835831fb513.680x676x1.jpg"}], "artist": "Drake"}