{"songs": [{"title": "Up All Night", "album": "Thank Me Later", "year": "2010-06-15", "lyrics": "[Verse 1: Drake]\nKush rolled, glass full: I prefer the better things\nNiggas with no money act like money isn't everything\nI'm havin' a good time, they just trying to ruin it\nShout out to the fact that I'm the youngest nigga doing it\nCap on, brim bent, Denzel, every time\nShe ain't tryna pop that shit for pimp; okay, well nevermind\nI-I-I tried to told you, Drizzy still ain't nothin' nice\nBracelet saying \"you should quit\", cars saying \"fuck your life\"\nOkay now we outta here, toodles to you bitches\nAnd if you dolled up, I got the voodoo for you bitches\nI'm busy gettin' rich, I don't want trouble\nI made enough for two niggas, boy: stunt double\nFame is like a drug that I've taken too much of\nBut I never ever trip, just peace, happiness and love\nI got money in these jeans, so they fit me kinda snug\nPlus the game is in my pocket, nigga this is what I does\n\n[Chorus: Drake]\nI'm about whatever man, fuck what they be talkin' about\nThey opinion doesn't count, we the only thing that matters\nAww, so we do it how we do it\nAll up in your face man, I hate to put you through it\nI be up all night, whole crew's in here\nCause I don't really know who I'ma lose this year\nAww, man I love my team\nMan I love my team, I would die for them niggas, aww\n\n[Verse 2: Nicki Minaj]\nDrizzy say get her, I'mma get her\nI got the kind of money, that make a broke bitch bitter\nI got that kinda\u2014wait, wait\u2014fixate\nWhich bitch, you know made a million off a mixtape?\nThat was just a keepsake, bought the president\nThe Louis presidential briefcase, never been a cheapskate\nWe got the Hawks, I ain't talkin' about the Peach State\nMan, for Pete's sake, scratch that\u2014sweepstakes\n(Ha ha ha ha ha) Fuck I look like, ho?\nI look like \"yes\" and you like \"no\"\nI'm a bad bitch, I ain't never been a mixed breed\nOn a diet, but I'm doin' donuts in a 6-speed\nM6 in front of M2\nI see a lot of rap bitches on the menu\nBut I collect 100 thou' at the venue\nAnd pop bottles with my team, Young Money 'til the death of me\n\n[Chorus: Drake]\nI'm about whatever man, fuck what they be talkin' about\nThey opinion doesn't count, we the only thing that matters\nAww, so we do it how we do it\nAll up in your face man, I hate to put you through it\nI be up all night, whole crew's in here\nCause I don't really know who I'ma lose this year\nAww, man I love my team\nMan I love my team, I would die for them niggas, aww\n\n[Interlude: Nicki Minaj & Drake]\nI mean, we can't even rock them shoes\nIf it don't got a comma on the price tag, you know?\nI mean, I mean but then again\nWho, who looks at the price tag, you know?\nAww yeah we in this bitch (uhh)\nAww, aww, aww\nAww yeah we in this bitch\nAww, aww, aww\n\n[Chorus: Drake]\nI'm about whatever man, fuck what they be talkin' about\nThey opinion doesn't count, we the only thing that matters\nAww, so we do it how we do it\nAll up in your face man, I hate to put you through it\nI be up all night, whole crew's in here\nCause I don't really know who I'ma lose this year\nAww, man I love my team\nMan I love my team, I would die for them niggas, aww", "image": "https://images.genius.com/bc0fbbc3ca5d3f2ca7157cfc1b852527.1000x1000x1.png"}], "artist": "Drake"}