{"songs": [{"title": "Summers Over Interlude", "album": "Views", "year": "2016-04-29", "lyrics": "[Intro: Majid Al Maskati]\nOoh, baby, yeah\n\n[Verse: Majid Al Maskati]\nDays in the sun\nAnd nights in the rain\nSummer is over, simple and plain\nFound me some fun that's good for the pain\nAlready told you, I don't feel the same\nI don't feel the same\n\n[Outro: Majid Al Maskati]\nAnywhere I go\nI can't help but show\nI don't feel the same\nAnywhere I go\nI can't help but know\nI don't feel the same\nAnywhere I go\nI can't help but know", "image": "https://images.genius.com/6f4b9c41ccb18485cccd6aa364ccc3b8.1000x1000x1.jpg"}], "artist": "Drake"}