{"songs": [{"title": "More Milli", "album": null, "year": null, "lyrics": "Drizzy*\n[Birdman:]\nMake it so fresh, YM\nSo fly so priceless, CMB Bitch\nJust another day on the\nTop floor of the balcony bitch\nLive it how we live it\nMula, Drizzy\nYou what it is, young appreciate that\nIt's big money poppin baby boy\nAin't none of that lil biddy\nMore, mo more milli\nMore, mo more milli\n\nYeah,. pearl white candy paint job fly\nBig timer on the loose\nGot a bitch riding five\nAnd everytime I pull up you know I'm iced up\nWhen I step up in the club I light the bitch up\nBack on my saddle throwing purple out the truck\nCandy paint rally stripe shining like us\nPearly white maybach, hatchback automatic straps stash spots under the rack\nBitch, ready to spray that\nForeign grinds hard times\nGetting mines, you know up town\nBig time doing time\nYou know, Harley Davis baby\nCash money is pay me so you pay me how it weigh\nBaby, black, gold\n100 mill off the floor\nNever told now you know how it go bitch\nOne hundred, one hundred\n\n[Drake:]\nYeah\nYour now fucking with the most requested\nThe young nigga that everybody is so obsessed with\nAnd balck on black 62 float majestic\nMe and stunna in it, boy I'm just so connected\nCaught up in a popularity contest\nIt's about to reach my dreams and I ain't even got my arms stretched\nThank me later first week I'm taking all bets\nBecause a million copies isn't really far fetched\nI keep credit cards in cash knots\nI keep my darkest shades on til the flash stops\nIt's for my LA girls getting them implants\nAnd all my DC girls getting them ass shots\nGot em for a reason shortie, go ahead buss it open\nI keep a secret baby, nothings heard when nothings spoken\nHaters talk it like my buzz isn't enough promotion\nAnd I just lost a Gucci sandal in the fucking ocean\nDamn, I guess the problems of a teen star\nAre confused all the conversations between y'all\nAnd dog that's funny, pay me what you know nigga\nAll cash money", "image": "https://images.genius.com/22999a3378819809ee4848f7c60a744c.1000x1000x1.jpg"}], "artist": "Drake"}