{"songs": [{"title": "A Night Off", "album": "So Far Gone", "year": "2009-02-13", "lyrics": "[Verse 1: Drake]\nSpending every moment in the studio\nI never said it'd be fair\nBut when you're all alone, I hope you truly know\nHow bad I want to be there\n\n[Chorus: Drake]\nCome right in, set your bag down\nTook a night off for you\nGo ahead and turn the lights off\nBut keep your heels on\nThey're fittin' for what I'm about to do, oh\nKnow you hate explaining how you want it done\nJust be quiet, I'll do fine without your help, girl\nCan you work without a second for some fun?\nNow you finally got a moment to yourself, girl\nAnd I know what to do with it\nI know what to do with it\nI know what to do with it\nI know what to do with it\n\n[Verse 2: Lloyd]\nI been waiting for so long to get you all alone\nNow I finally got you right here\nSo, baby, I'ma lock my door and disconnect my phone\n'Cause I wanna make one thing clear\nI want you on top, so let your hair down\nI took the night off for you\nGirl, I'm gonna turn the lights off, but keep your heels on\nThey're fittin' for what we're about to do\n\n[Chorus: Drake & Lloyd]\nCome right in, set your bag down\nI took a night off for you\nGo ahead and turn the lights off\nBut keep your heels on\nThey're fittin' for what I'm about to do, oh\nKnow you hate explaining how you want it done\nJust be quiet, I'll do fine without your help, girl\nCan you work without a second for some fun?\nNow you finally got a moment to yourself, girl\nAnd I know what to do with it\nI know what to do with it\nI know what to do with it\nI know what to do with it\n\n[Outro: Lloyd]\nOh, it's 6 o'clock in the morning at the studio", "image": "https://images.genius.com/83ad0a4cdf492e299e507a370ad173a4.1000x1000x1.jpg"}], "artist": "Drake"}