{"songs": [{"title": "Madonna (Unreleased Verse)", "album": null, "year": null, "lyrics": "Spending shit out on my own, the way it should go\nWrote it in code then wrote it in stone, so they'll never know\nBut I might tell you one day, you never know\nWe'll see how I feel\nWe'll see if you hold up your end of the deal\nFor now let me handle the wheel and don't worry 'bout doing your hair\nOr what you should wear, this not a video shoot, I don't care\nDon't over prepare\nGotta remind me again where you stay\nEven though I think I know the way, but just in case I miss the road\nPulling up on you, j-just be ready to go", "image": "https://images.genius.com/22999a3378819809ee4848f7c60a744c.1000x1000x1.jpg"}], "artist": "Drake"}