{"songs": [{"title": "London Tour Freestyle", "album": null, "year": null, "lyrics": "[Verse 1]\nMan, fuck it I was on though\nAnd I thought I found the girl of my dreams at the strip club\nUh, uh, fuck it I was wrong though\nShout out to all my niggas living tax free\nNowadays it\u2019s six figures when they tax me\nOh well, guess you lose some and win some\nLong as the outcome is income\nYou know I want it all and then some\nShout to all my Asian girls, Dim Sum\nShots came I don\u2019t know where they descend from\nProbably some bad hoes, I\u2019m 'bout to take your hemp from\nYeah, you know me well, nigga\nI mean you ain't the only the real nigga\nThey got me on these white women like Seal, nigga\nSlave to the pussy, but I\u2019m just playing the field, nigga\nAre these people really discussing my career again?\nAsking about me going platinum in a year again\nDon\u2019t I got that shit the world, wanna hear again?\nDon\u2019t Michael Jordan still got his hoop earring in?\nMan all of your flows just bore me, paint drying\nI\u2019m never tripping over anything that ain't mine\nI\u2019m hearing the shit that you say through the grape vine\nBut jealousy is just love and hate at the same time\nIt\u2019s been that way from the beginning\nI just been playing I didn't notice I was winning\nAnd this is the only sound you should fear\nAnd the kids wearing crowns over here and everything is alright", "image": "https://images.genius.com/22999a3378819809ee4848f7c60a744c.1000x1000x1.jpg"}], "artist": "Drake"}