{"songs": [{"title": "Come Winter", "album": "Room for Improvement", "year": "2006-02-14", "lyrics": "[Drake talking]\nYeah, this dedicated to Canada man\nThe whole up North\nA lot of people don't realize how cold it gets during the Winter\nBut listen\n\n[Verse 1: Drake]\nI met this new girl late June or early July\nI called her a bunch of times but she barely replied\nNow it's December, I'm driving, and she's like \"Where's my hi?\"\nIt's weird that I never called you cause I rarely get shy\nSee that was a segue, I believe the matter\nIs what happens after the season where the leaves just scatter\nWhere the Timb' laces get tighter and parka hoods flip up\nDrug dealers standing in their park or hood slip up\nWhere girls become exes from Summer's caught ho'in\nThe winter cars come out, the summer cars go in\nAnd some places is breezy, and some it start snow-ing\nAnd if you planning family vacations you better know when\nBut some mothers scared to send they daughters out the city\nInstead she get a sweater that she bought her out of pity\nCause mom stays up late, she seen them videos\nWhere Cancun college students pouring water on their titties!\n\n[Drake talking]\nYeah man, it's a funny thing going through the winter up here man\nA lot of girls y'know, wanna get close. you might think they the one\nBut just wait, nah mean, take it slow\n\n[Verse 2: Drake]\nForget to mention, this girl that never gets to the beach\nShe lives just West of my street, and so we destined to meet\nSince I'm driving, I ask her how to get to the suite\nShe doesn't answer, opens the door and just gets in the seat\nShe throws her bag in the back, and starts adjusting the heat\nShe's bold but I roll with it, I'm impressed cause she's sweet\nThen she says \"I heard your song and I'm obsessed with the beat\nI mean, the lyrics are good, but I'm obsessed with the beat\nI love it when Voyce sings and the chorus is good\nThere's a couple things in the song that I suggest you repeat\"\nOff this I'm kinda taken back for a second\nI get her number she tells me to call her after this session\nAnd so I do, and it's kind of awkward, the surface hard to scratch\nUntil we end up sexin' and now my heart attached\nI'm thinkin off I should've been more Southern\nAnd realizing all that she wanted was that indoor lovin' and ho!\n\n[Drake talking]\nYeah, uh, I told ya'll I had a story for you right\nUh, ya man, it's what it is\n\n[Verse 3: Drake]\nAnd now, I'm proud to have her like Montreal to the frizzench\nShe love to play hurt like Carter did on the bizzench\nBut, my boy say I'm actin different, because I lay downtown\nAnd I still I rush to pick her up from work and fizzench\nShe tellin everyone I'mma hold here down\nTell everyone I'm the prince up in this cold clear town\nAnd stupid me I just listen to her\nInstead of wondering if this is really gon' last me the whole year round\nBut then Spring shows up, and it's Dallas in this bitch\nThe weather starts to resemble the holidays she missed\nWhen we were together it seeming like way back when\nBall players hop on the plane and make it way back in\nSee she used to play piana, and now she never wait for santa\nInstead of saving for marriage, she saving for caribana\nAnd it's a shame, she had me convinced that she could've been a dime\nI guess, I lost another one to the wintertime\n\n[Bridge (Drake talking)]\nI miss you, most of all, my darling [Beat fades out]\n(give me a second to gather my thoughts)\n[Fades back in] Strolling in the park (Ho!)\nAnd watching winter turn to spring (Such a beautiful day man)\n(Yeah man, you know we had to switch it on 'em right?)\nStrolling in the park and watching winter turn to spriing\n(I'm still standing on two feet, even after this tragic loss)\n(Man, but I got something to else to tell ya baby)\n\n[Verse 4: Drake]\nI remember them encore PMs, breakfast and the wake up\nNow Drake's committed we waiting on the breakup\nSo we can get back to them cognac nights\nWith dress codes and light skinned girls that won't act right\nAnd I laugh cause my previous lifestyle was quite wild\nThe winter came and blew his cold air through\nBack then light sweaters and a couple drinks might get her\nBy the end of the week I would know that crew\nAnd we'd assembled a trio, a whole new scene\nWith three ladies in the shot we never broke routine\nAt the end of every cut when the cameras are rollin'\nWe had ladies hearts always gettin damaged and stolen\nBut this Summer is different it's a two man operation\nGranted the fact that we one man short\nGot love for him he can watch this new man stop a nation\nCause handlin' crack is a one man sport\nInstead of dress-up, I walk in sweat pants and charms clinkin'\nI find a girl we step dance and calm drinkin'\nThe face, the breast, the bras, the toes\nI'm still solo and a long night draws to a close\nCause it's a fact, if she come to the crib and I get some ass inside\nWe'll never talk again, scary and true\nThat song Special I recorded with Voyce well it's like a classified\nIt's what I'm lookin for to carry me through\nYet I can't seem to find it, every girl that possesses it\nOnly wants a friendship causing me to forget the shit\nAnd when they talk about they past and lovers\nAnd you get mad at the thought of it giving ass to others\nYet you find peace with yourself, now least there's some room to ride\nThere's also Room For Improvement as soon as June arrive\n\n[Voice]\nStrolling in the park, and watching winter turn to spring\nStrolling in the park, and watching winter turn to spring\nStrolling in the park, and watching winter turn to spring", "image": "https://images.genius.com/c85f36c02060316fcec1ed423c60f0da.1000x1000x1.jpg"}], "artist": "Drake"}