{"songs": [{"title": "10 Bands", "album": "If You're Reading This It's Too Late", "year": "2015-02-13", "lyrics": "[Chorus]\n10 Bands, 50 bands, 100 bands, fuck it, man\nLet's just not even discuss it, man\nOMG, niggas sleep, I ain't trippin', I'ma let 'em sleep\nI ain't trippin', let 'em rest in peace\n\n[Verse 1]\nI can tell ya how it happened\nI can tell ya 'bout them safe house nights out in Calabasas\nI can tell you not a rapper\nTryna sell this story, I don't even open up the package\nWho you with? What you claim?\nI was payin' mama's rent when was I turning 17\nSoda dirty like Diana never clean\nMy ex asked me, \"Where you movin'?\" I said, \"On to better things\"\n\n[Chorus]\n10 Bands, 50 bands, 100 bands, fuck it, man\nLet's just not even discuss it, man\nOMG, niggas sleep, I ain't trippin', I'ma let 'em sleep\nI ain't trippin', let 'em rest in peace\n\n[Verse 2]\nI been in the crib with the phones off\nI been at the house taking no calls\nI done hit the stride got my shit goin'\nIn the six cooking with the wrist motion\nDrapes closed, I don't know what time it is\nI'm still awake, I gotta shine this year\nI could never ever let the streets down\nHaven't left the condo for a week now\n\n[Chorus]\n10 Bands, 50 bands, 100 bands, fuck it, man\nLet's just not even discuss it, man\nOMG, niggas sleep, I ain't trippin', I'ma let 'em sleep\nI ain't trippin', let 'em rest in peace\n\n[Verse 3]\nI've been on a mission, haven't left the condo\nThis that OVO, that SZN, this that new Toronto\nI get boxes of free Jordan like I play for North Carolina\nHow much I make off the deal, how the fuck should I know?\nAll my watches always timeless, you can keep the diamonds\nTreatin' Diamonds of Atlanta like it's King of Diamonds\nTake a flick, I look like Meechy, look like Bleu DaVinci\nI treat V Live like it's 07 in Magic City\nMan, I told my city I'd be gone 'til November then November came\nThen I came, right back on my worst behav'\n6 God, put both hands together, that's amazin' grace\n6 God, selfish with the love, I need all the praise (woo)\nThey got me feelin' like the one again (woo)\nThey got me feelin' like the one again\nYeah, shout goes out to Nike, checks all over me\nI need a FuelBand just to see how long the run has been\n\n[Chorus]\n10 Bands, 50 bands, 100 bands, fuck it, man\nLet's just not even discuss it, man\nOMG, niggas sleep, I ain't trippin', I'ma let 'em sleep\nI ain't trippin', let 'em rest in peace\n\n[Outro]\nI been in the crib with the phones off\nI been at the house takin' no calls\nI done hit the stride, got my shit going\nIn the 6 cookin' with the wri-wri-wri-wri", "image": "https://images.genius.com/99734d82d6b4bb31b8dfbd99c947fa9e.500x500x1.jpg"}], "artist": "Drake"}