{"songs": [{"title": "Empire", "album": "J.U.S.T.I.C.E. For All", "year": "2016-01-25", "lyrics": "[Intro: Rick Ross]\nI'ma tell you like this, nigga\n\n[Verse 1: Rick Ross]\nI got a hundred Gs on my line\nI ain't eatin' Jacksons when I be in Overtown\nBitch I'm eatin' lavish, look up, ho, it's snowin' now\nI just throw the cabbage, J.U.S.T.I.C.E. League gon' hold it down\nGot a odor there in the attic, that's a couple pounds\nNew Rolex that I ordered, that's a hundred thou'\nTime to milk the game, bitch I went and bought a cow\nMy nigga GDK a goon, he'll gun you down\nSlid up on him with the stick, yeah and sat him down\nMy nigga Nut so slick, they ain't pat him down\nI got a hundred niggas on my line\nA hundred squares at a time, nigga, hold it down\n\n[Hook: Rick Ross]\nAddicted to money, addicted to chips\nMy hoe was gay, now she addicted to dick\nAddicted to this, addicted to that\nI'm gettin' them stacks, it's more addictive than crack\nI'm addicted to money, addicted to chips\nMy hoe was gay, now she addicted to dick\nAddicted to this, addicted to that\nI'm gettin' them stacks, it's more addictive than crack\n\n[Verse 2: Drake]\nAlright my patience runnin' thin\nOlympic pools of money, I'm just glad I learned to swim\nCannonball, bitch, I hope your diving board's sturdy\nAnd I hope when dinner's cold, my niggas do not desert me\nNah, but shit's all good\nThe deal got signed and my split's all good\nAnd these haters pretendin' that it's all good\nSay that shit in person, man I wish y'all would\nI say you lucky if your father was a figure\nCause my uncle was my father and my father was my nigga\nAnd my mother so proud cause his son is gettin' bigger\nI took time to load the bullets, now I'm 'bout to pull the trigger\nLike boom, boom, boom, I'm a genius, god dammit\nI ain't the type to murder you, I'm more the type to plan it\nSo please take a seat if you really can't stand it\nGot success in my pocket and these rappers in a panic\nBut Skinny told me to do me\nAnd don't listen to anybody that knew me\nCause to have known me would mean that there's a new me\nAnd if you think I changed in the slightest could've fooled me\nYeah, nd to my city I'm the two-three\nDrug dealers live vicariously through me\nNo bench time, nickname Starter-Drake\nFranchise player, I don't even get a water break\nAnd these other lames is hardly mentioned\nI bet that with this pen I could draw attention\nBut you can tell by my strut\nI'm just chillin' in the cut, nigga what, and I'm feelin' like\n\n[Hook: Rick Ross]\nAddicted to money, addicted to chips\nMy hoe was gay, now she addicted to dick\nAddicted to this, addicted to that\nI'm gettin' them stacks, it's more addictive than crack\nI'm addicted to money, addicted to chips\nMy hoe was gay, now she addicted to dick\nAddicted to this, addicted to that\nI'm gettin' them stacks, it's more addictive than crack", "image": "https://images.genius.com/0cf1436c2da6612425d48ab25cd438fd.1000x1000x1.jpg"}], "artist": "Drake"}