{"songs": [{"title": "Too Much", "album": "Nothing Was the Same", "year": "2013-09-24", "lyrics": "[Produced by Nineteen85 and Sampha]\n\n[Hook: Sampha]\nDon't think about it too much, too much, too much, too much\nThere's no need for us to rush it through\nDon't think about it too much, too much, too much, too much\nThis is more than just a new lust for you\n(Oohh, don't think about..)\n\n[Verse 1: Drake]\nDone sayin' I'm done playin'\nLast time was on the outro\nStuck in the house, need to get out more\nI've been stackin' up like I'm fundraising\nMost people in my position get complacent\nWanna come places with star girls, and they end  up on them front pages\nI'm quiet with it, I just ride with it\nMoment I stop having fun with it, I'll be done with it\nI'm the only one that's putting shots up\nAnd like a potluck, you need to come with it\nDon't run from it, like H-Town in the summertime, I keep it 100\nMet a lot of girls in my times there, word to Paul Wall, not one fronted\nI was birthed there in my first year, man I know that place like I come from it\nBackstage at Warehouse in '09 like \"Is Bun coming?\nFuck that, is anyone comin' 'fore I show up there and there's no one there?\"\nThese days, I could probably pack it for like twenty nights if I go in there\nBack rub from my main thing, I've been stressed out\nTalkin' to her like back then they didn't want me, I'm blessed now\nTalkin' to her like this drop, bet a million copies get pressed out\nShe tell me, \"Take a deep breath, you're too worried about being the best out\"\n\n[Hook: Sampha]\nDon't think about it too much, too much, too much, too much\nThere's no need for us to rush it through\nDon't think about it too much, too much, too much, too much\nThis is more than just a new lust for you\n(Oohh, don't think about..)\n\n[Verse 2: Drake]\nSomeone go tell Noel to get the Backwoods\nMoney got my whole family going backwards\nNo dinners, no holidays, no nothin'\nThere's issues at hand that we're not discussin'\nI did not sign up for this\nMy uncle used to have all these things on his bucket list\nAnd now he's actin' like, \"Oh, well, this is life, I guess,\" Nah, fuck that shit\nListen man, you can still do what you wanna do, you gotta trust that shit\nHeard once that in dire times when you need a sign, that's when they appear\nGuess since my text message didn't resonate, I'll just say it here\nHate the fact my mom cooped up in her apartment, telling herself\nThat she's too sick to get dressed up and go do shit, like that's true shit\nAnd all my family from the M-Town that I've been 'round, started treating me like I'm \"him\" now\nLike we don't know each other, we ain't grow together, we just friends now\nShit got me feeling pinned down, pick the pen up or put the pen down\nI'm writing to you from a distance like a pen pal, but we've been down\n\n[Hook: Sampha]\nDon't think about it too much, too much, too much, too much\nThere's no need for us to rush it through\nDon't think about it too much, too much, too much, too much\nThis is more than just a new lust for you\nOhhh, don't think about it too much, too much, too much, too much\nThere's no need for us to rush it through, ohhh\nDon't think about it too much, too much, too much, too much\nThis is more than just a new lust for you, ohhh,ohhh\n(Don't do that..)\n\n[Outro: Sampha]\nDon't give up, on your hopes\nAnd you tell me somethin's gone wrong\nWholehearted, wholehearted, you care, you care\nCause I'm such a dreamer, a believer in a sense\nWell if it's all a dream\nThen I'm on fire, feels like, I'm on fire\nTell me when I'm lyin', tell me when I'm tryin'", "image": "https://images.genius.com/9838d0b45ef0f886d371a0e2572f7c6c.1000x1000x1.jpg"}], "artist": "Drake"}