{"songs": [{"title": "Child's Play", "album": "Views", "year": "2016-04-29", "lyrics": "[Intro]\nBreaking news, my niggas\nIf your girlfriend has went to any\nSeason opener basketball game\nBest believe, she's fucking some niggas on that team\nShe's fucking somebody on the basketball team\nIf she's at the game\nRight, right, yeah\n\n[Chorus: Drake]\nI say bounce that shit like woah\nYeah, bounce that shit like woah\nThis is not a fairytale, I already know how you like it\nTake you to the mall and get you a new outfit\nGirl, that's just some child's play\nBounce that shit like woah, woah, woah\nWoah, woah, heard all of the stories about you\nI already know and I like it\nTake you to the mall and get you a new outfit\nGirl, that's just some child's play\nBounce that shit like woah, yeah\nBounce that shit like woah\n\n[Verse 1: Drake]\nWhy you gotta fight with me at Cheesecake?\nYou know I love to go there\nSay I'm actin' lightskin, I can't take you nowhere\nThis a place for families that drive Camrys and go to Disney\nThey don't need to know all of our business\nYou wildin', you super childish, you go to CVS for Kotex\nIn my Bugatti, I took the key and tried to hide it\nSo you can't drive it, and put on mileage\nThen you find it, awkward silence\nMomma is a saint, yes, she raised me real good\nAll because of her I don't do you like I should\nDon't make me give you back to the hood\nDon't make me give you back\n\n[Chorus: Drake]\nI say bounce that shit like woah\nYeah, bounce that shit like woah\nThis is not a fairytale, I already know how you like it\nTake you to the mall and get you a new outfit\nGirl that's just some child's play\nBounce that shit like woah, woah, woah\nWoah, woah, heard all of the stories about you\nI already know and I like it\nTake you to the mall and get you a new outfit\nGirl, that's just some child's play\nBounce that shit like woah, yeah\nBounce that shit like woah\n\n[Refrain 1: Drake & Ha-Sizzle]\nYeah, rode that dick like a soldier\nShe rode it like a soldier\nShe rode it like a jungle soldier\nShe rode it like a, yeah, yeah\nI got it, yeah\n\n[Verse 2: Drake]\nYou don't wanna fall in love, I know\nI'm not someone you should trust, I know\nI give Chanel out like a hug, I know\nI knew a couple of your friends way before\nHow many girls have slept in this bed?\nSay a different number than the one that's in my head\nLying to protect you, I be doing that a lot\nMy past checkered like the Louis you just got\nMarried in our twenties, now, where the fun in that?\nMy city love me like a college running back\nPack a bag, you gon' end up staying where I'm at\nTook you from the hood and I could never give you back\nI just wanna let you know that someone love you back\nAll the Cadillac like I'm Teddy Pendergrass\nWhippin' on this shit, I'm getting ready, where you at?\nRiding...\n\n[Refrain 2: Ha-Sizzle]\nShe rode that dick like a soldier\nShe rode it like a soldier\nShe rode it like a Melpomene soldier\nShe rode that dick like a soldier\nShe rode it like a soldier\nShe rode it like a jungle soldier\nRode that dick like a soldier\nShe rode it like a soldier\nShe rode it like a Melpomene soldier\nBurrrrat stick it, b-burrrrat stick it\nBurrrrat stick it, ba-ba-ba stick it\nBurrrrat stick it, ba-ba-ba stick it\nBurrrrat stick it, ba-ba-ba stick it\nBurrrrat stick it, ba-ba-ba stick it\nBurrrrat stick it, ba-ba-ba stick it\n\n[Outro]\nThank you, thanks, Drake, thanks baby\nMotherfuckers drunk and tired\nTired, I'm tired, boss\n\n[Produced By: Noah \u201c40\u201d Shebib]", "image": "https://images.genius.com/6f4b9c41ccb18485cccd6aa364ccc3b8.1000x1000x1.jpg"}], "artist": "Drake"}