{"songs": [{"title": "Come Real", "album": "Heartbreak Drake", "year": null, "lyrics": "Verse 1: Drake\n\nI always wonder why you bother putting makeup on\nYou don't need it\nAnd even though I always tell you that you're beautiful\nI'll repeat it\nCause I don't want no singer, I don't want no model\nAnd I don't want no fashion designer or nothing\nI just want your love\nI promise you that's more than enough for me\nChorus:\nAll you gotta do is come real\nShawty what the deal?\nDont think just cause you simple that you lose your appeal\nI wouldn't have it any other way (2x)\n\nVerse 2: Kyoko\n\nBaby just because I wanna look good\nDon't mean that I ain't real\nNot in the least bit\nAll the clothes and doing of my hair, face, nails\nMake me feel good\nAnd I'll keep it up\nIm not sayin what you been stayin to me\nAin't exactly\nWhat I need to feel and know\nYou're the one I'm wearing for\nAnd where I'll always go when I need a real love\n\nKyoko Chorus:\nSo stay real\nWhat you make me feel\nIs true beauty of the ultimate appeal\nAnd I don't want it any other way (2x)", "image": "https://images.genius.com/405c9bcb0dcbee7d15bcc86cd8e8366a.500x500x1.jpg"}], "artist": "Drake"}