{"songs": [{"title": "All Night Long (Miss Me Demo)", "album": null, "year": "2010-05-07", "lyrics": "[Verse 1: Drake]\nI said tell me what's really goin' on\nDrizzy back up in this thing I'm ready, what's happenin'?\nGone for surgery but now I'm back again\nI'm 'bout my paper like a mothafuckin' scratch-and-win\nWorld Series attitude, champagne bottle life\nNothin' ever changes so tonight is like tomorrow night\nI will have a model wife, your bitch is as hot as ice\nEvery time you see me I look like I hit the lotto twice\n(Drake you got 'em right?) Yeah I got 'em Bun\nI love myself cause I swear their life is just not as fun\nNeeks got the weed, Hush got a gun\nCJ's got my credit cards and a lotta ones\nYeah, I'm in the city of the purple Sprite\nSomeone tell Maliah I'm on fire, she should work tonight\nCall the King of Diamonds and tell China it'd be worth the flight\nI'll be at my table stackin' dollars to the perfect height\nWork somethin', twerk somethin' basis\nShe just tryna make it so she's right here gettin' naked\nI don't judge her, I don't judge her but I could never love her\nCause to her I'm just a rapper and soon she'll have met another\nThat's why me and Lil Jaz bout to spaz, can you keep up?\nI'm just feelin' sorry for whoever got to sweep up\nYeah bills everywhere, trill everythin'\nAnd Drake just stands for Do Right and Kill Everything\nI love Nicki Minaj, I told her I'd admit it\nI hope one day we get married just to say we fuckin' did it\nAnd girl I'm fuckin' serious I'm with it if you with it\nCause your verses turn me on and your pants are mighty fitted\nUgh, damn, I think you caught me in a moment\nLike I catch 'em stealin' flows cause I swear I never loaned it\nAnd life ain't a rehearsal, the camera's always rollin'\nSo come and get a portion of this money that we blowin' cause it's on\n\n[Hook: Drake]\nYou should come with me\nIf you got some time this is where you wanna be\nWe can go all night long\nThis can last all night\nBet it's goin' down, we gon make it right\nThis is what they mean when they talk about the life\nWe can go all night long\nThis can last all night\nI'm with if you with it\n\n[Verse 2: Bun B]\nTell them open up the doors, they gotta let us in\nIt's rap oldest rookie and it's youngest veteran\nGo get us Sprite its for the drink, back together bitch\nMr. Doin' It doin' it, what could be better bitch\nThe dynamic duo, a two man dream team\nMy pockets stay swollen, call me Mr. Cream Jean\nRocking white diamonds, that vanilla cream bling\nThey got the game locked down, call it sing sing\nYou cats straight down in Houston, me proper dos\nIn a corner booth chilling with some proper hoes\nI hit Toronto girls, hold me for ransom\nTil I let 'em buy me Polo or they throw me ransom\nDamn son, it's like the best of both worlds\nThat's your wifey and your side, ya getting the best of both girls\nSo I'mma go ahead and leave the clock running\nI ain't finna stop going, you ain't finna stop coming\nWhen the head boy banging, it's like the Funky Drummer drumming\nI go right to left and left to right, back to forth, it's nothing\nThis is something for the gangstas, something for the riders\nWith a pistol and the money and boppa right beside us\nWe highly flammable, you better not ignite us\nYou suffering from put one in the pussy nigga ride us\nGoddamn we killing it, ya kids gon' have to hide us\nSo if you ain't coming with us then you gon' have to write us\nCause it's on\n\n[Hook]\n\n[Verse 3: Lil Wayne]\nOoh shit, mothafucka, goddamn\nKickin' bitches out the condo like Pam\nGettin' money everyday: I'm a groundhog\nBout to scoop your girl up like a ground ball\nI walk light so I don't piss the ground off\nMan I swear my bitches do it 'til they suck the brown off\nUgh, that's nasty\nYes I am Weezy but I ain't asthmatic\nJames Bond cologne, honey I put on\nMake 'em run and tell their friends like a marathon\nVoice baritone, haters carry on\nBeat the pussy up, call me Larry Holmes\nYoung Money's Jerry Sloan, I turn every stone\nWhen she masturbates to me, that's how she learn every song\nTo women I condone better write me when I'm gone\nNo I'm not that thuggish not that ruggish but I do pack Bone\nUh, I'm a love machine\nAnd I won't work for nobody but you\nIt's only me and her cause the Bugatti a coupe\nIt's Blood gang, slime but I parlay with Snoop\nI ain't lyin' I shoot, you don't need signs for proof\nTurn you to a vegetable like you lyin' in soup\nAnd when I'm in the booth, bitch, the lion is loose\nMan I got so many styles I am a group\nDamn, I'll be gone 'til November\nBut fuck it I ain't trippin', I know Drizzy gonna kill 'em\nI'm stickin' to the script like lint on denim\nMama said if the rules ain't bent, don't bend 'em\nReal nigga talkin', shut the fuck up, ho\nGotta do it one time for Haiti, what up, Zoe?\nWeezy F Baby and the \"F\" is for Front door\nCause that's where I bring it, Soo Woo if you bangin', muthafucka\n\n[Hook]", "image": "https://images.genius.com/22999a3378819809ee4848f7c60a744c.1000x1000x1.jpg"}], "artist": "Drake"}