{"songs": [{"title": "My New Shit", "album": null, "year": null, "lyrics": "* bonus song off of Comeback Season\n\n[Verse One] [Drake]\nCheck (Nottz, Nottz, Nottz)\nThey ask me about this rapper chick I might know\nI say I never hit it but we sure to try it right though\nMy verses smother beats and they are in need of some lipo\nAs for rappers, she is not my type, she's like a typo\nFlow is universal, take a blood test, I'm type-O\nNottz do me a favor, turn the volume up, it's quite low\nAlright so\nI might blow, my chain emits a white glow\nSee life is a scrimmage I am runnin' the ice so\nWhat is about to unfold\nNo tellin' like a dice throw\nMeet a lot of chicks so your girl is someone I might know\nIt's only if she's nice though\nI ain't about the wife though\nAnd let no, Uncle Ben's rice throw\nThat is just how my life go\nAnd move faster than the leopard sprint\nAround the world\nGot a lot of spots like leopard print\nI used to think you play too much\nBut I'd rather go deaf than lose touch\nHolla at me baby\n\n[Hook]\nLook\nBeen a minute, I know my number outta service\nCause sometimes I don't really wanna be reached\nDamn how things change in a year\nTell me how everything goin'\nAnd I know someone told me you wanted to teach\nLet me give you my (new shit)\nLet me give you my (new shit) (x6)\nThen call me anytime, I'll bet you I'll be around\n\n[Verse Two] [Drake]\nSince you came into college, Hill is somethin you still TiVo\nThen you switched the vibe and listened to Il Divo\nOr maybe D.M.P., A Tribe Called Quest\nBut when you call too much then I call less\nYou would always complain about my small texts\nBut what you call conversation, I call stress\nAnd that put a barrier between both of our carriers\nAnd I would be like \ufffdI ain't getting service in your area\ufffd\nYou be like \ufffdNigga get your bars up\ufffd\nI just string you along like I was tuning guitars up\nI know that I was wrong\nI think that this is fate\nYou took out those extensions and lost you a little weight\nYour booty lookin bigger and I think that shit is great\nA fresh start is in order, let me take you on a date\nTake you on a date\nI used to think you used to play too much\nBut I'd rather go deaf than lose touch\nHolla at me baby! (look)\n\n[Hook]\nLook\nBeen a minute, I know my number outta service\nCause sometimes I don't really wanna be reached\nDamn how things change in a year\nTell me how everything goin'\nAnd I know someone told me you wanted to teach\nLet me give you my (new shit)\nLet me give you my (new shit) (x6)\nThen call me anytime, I'll bet you I'll be around", "image": "https://images.genius.com/22999a3378819809ee4848f7c60a744c.1000x1000x1.jpg"}], "artist": "Drake"}