{"songs": [{"title": "One Man Show", "album": null, "year": "2010-05-10", "lyrics": "[Verse 1]\nLook, I ain't never had a benzo\nNope, I pushed me an Ac wit the tintzo\nNosey niggas is peakin' in my window\nHave a hard time looking\nI tell you second hand that's a hard grind cooking\nCause my pop was in it so deep\nIf his son wanted in it these dealers would probably drop percentage\nInstead, I drop bars like I'm two months sober\nIts my time now so them you months over\n\nYeah if I want it I find me a way to get that\nI'm trying to get to the point where I can sit back\nTook a lot of patience and action\nI grind so I'm anticipating relaxing\nI'm thinking bout replacing the Jacksons on top of the charts\nI don't need brothers fillin' space in the back than\nSo from the kid with the sun tan flow\nThe hottest ticket in town to this one man show\n\n[Chorus]\nI think that you know as well as I know\nPeople checkin' for me every where that I go\nWhat you gotta understand that it's me I be\nUntil the motherfucking day that I D.I.E\nI think that you know as well as I know\nPeople checkin' for me every where that I go\nWhat you gotta understand that it's me I be\nUntil the motherfucking day that I D.I.E\n\n[Verse 2]\nI can easily make'em admit to bounce back\nWithout knowing exactly where my accounts at\nYeah you best believe that I often tend to surpass what the rest achieve\nSo they don't like me and throw parties and yet they never invite me\nI can't lie sometime it bother me slightly\n\nEither way the true fans yell\nI appear calm and its obvious so who can tell\nAnd no this ain't Blu Cantrell\nThis is like perfection though we both got the light complexion\nCouple things that I do that well\nAnd the way that I Jack-son you think that Drake new Sam-L [As in Samuel Jackson]\nI've been real though [?]\nThey stay kicking it with me like a field goal\nSee I'm humble but I live vain\nWith more deals on the table than a bridge game\n\n[Chorus]\nI think that you know as well as I know\nPeople checkin' for me every where that I go\nWhat you gotta understand that it's me I be\nUntil the motherfucking day that I D.I.E\nI think that you know as well as I know\nPeople checkin' for me every where that I go\nWhat you gotta understand that it's me I be\nUntil the motherfucking day that I D.I.E", "image": "https://images.genius.com/22999a3378819809ee4848f7c60a744c.1000x1000x1.jpg"}], "artist": "Drake"}