{"songs": [{"title": "Ratchet Happy Birthday", "album": "Scorpion", "year": "2018-06-29", "lyrics": "[Chorus: Drake & PARTYNEXTDOOR]\nIt's your fuckin' birthday (oh, birthday, I need more liquor)\nIt's a fuckin' celebration (oh oh)\nTonight we celebrate\nSeems like time's out of our control\nIt's a celebration, oh oh\n\n[Verse 1: Drake]\nIt's your birthday, baby, it's your birthday\nYeah, who's gonna love you on your worst day?\nYou talk so tough\nI know you're soft like buttercups\nReese's, Reese's, don't be ridiculous\nJust say your piece and peace up like Ibiza\nCool your headtop, you hotter than Anita\nBakin', baby, tell me where I need to\u2013\n\n[Pre-Chorus: Drake]\nTo be, to feel, and fill that emptiness inside you\nPetty bullshit shouldn't excite you\nOn your birthday\n\n[Chorus: Drake & PARTYNEXTDOOR]\nIt's your brrrrrrr\u2013\nIt's your fuckin' birthday (oh, birthday, I need more liquor)\nIt's a fuckin' celebration (oh oh)\nTonight we celebrate\nSeems like time's out of our control (oh oh)\nIt's a celebration, oh oh\n\n[Verse 2: Drake]\nThey tried it, they went for it\nAll year and you're still here, just ignore it\nIf it ain't the real thing, you don't want it\nGG, CC's all on ya\nIt's your month and you know it (and you know it)\nAnd you know it's real, don't gotta say it for you\nAnd you know somebody home prayin' for you\nYou say, \"Play this shit,\" they better play it (ayy, play it)\nFor you (for you), on time\nAnd I miss the days that you was all mine\nHaven't been official in a long time\nSo tell me where I need to\u2013\n\n[Pre-Chorus: Drake]\nTo be, to feel, and fill that emptiness inside you\nPetty bullshit shouldn't excite you\nOn your birthday\n\n[Chorus: Drake & PARTYNEXTDOOR]\nIt's your brrrrrrr\u2013\nIt's your fuckin' birthday (oh, birthday, i need more liquor)\nIt's a fuckin' celebration (oh oh)\nTonight we celebrate\nSeems like time's out of our control\nIt's a celebration, oh oh\n\n[Outro: PARTYNEXTDOOR]\nOh, it's your fuckin' birthday, oh, oh", "image": "https://images.genius.com/2fee80dd9aec0717aef8e1eb7aaaae4c.809x809x1.jpg"}], "artist": "Drake"}