{"songs": [{"title": "Runaway Girl", "album": null, "year": null, "lyrics": "Hey there material girl\nThe neighbors told me that you're moving out\nLeaving to witness the world\nBut are you sure that's what you're doing now\n\nAre you running away for a purpose\nDo you even know what your self worth is\nThe passport you carry in your purse is\nThe gift in the curse when you going head first is\nThe ATL, MIA, LAX, JFK\nLuggage all packed and to them I say\nFarewell to the pure, amen I pray\n\nYou wander the world\nYou seek what you've lost\nYou're waking up every day\nThe run away, run away girl\nI turn and your gone\nYou're leaving to chase your fame\nThe run away, the run away girl\n\nSo long\nFarewell\nGood bye\nGood day\nBe on\nYour way\nRun away girl\n(x2)\n\nWatching it all through the window\nAnd wishing you could make it shatter now\nNow that you're here on the other side\nAre you sure it even matters\n\nAre you living the dream\nAre you telling all your girls that it ain't what it seems\nDo you strip do you model do you live in between\nAnd look for the split second that you get on the screen like\n\nYou wander the world\nYou seek what you lost\nYou're waking up every day\nTo run away, run away girl\nI turn and you're gone\nYou're leaving to chase your fame\nYou run away, run away girl\n\nSo long\nFarewell\nGood bye\nGood day\nBe on your way\nRun away girl\n(x2)", "image": "https://images.genius.com/22999a3378819809ee4848f7c60a744c.1000x1000x1.jpg"}], "artist": "Drake"}