{"songs": [{"title": "Marvin's Room", "album": "Take Care", "year": "2011-06-28", "lyrics": "[Intro: Ericka Lee on the phone]\nHello? Yeah, I just walked in\nYeah, I'm good\u2026 You still working?\nTonight\u2026 Right now? Did I go out?\nYeah, I went out, I went\u2026\nI went to a couple of clubs\nI never went to bed, shit\u2026\nWine or water\nYou said something about a cold drink?\nI don't know, I'm delirious\u2026\n\n[Verse 1: Drake]\nCups of the ros\u00e9\nBitches in my old phone\nI should call one and go home\nI've been in this club too long\nThe woman that I would try\nIs happy with a good guy\nBut I've been drinkin' so much\nThat I'ma call her anyway, and say\u2026\n\n[Chorus: Drake]\nFuck that nigga that you love so bad\nI know you still think about the times we had\nI say fuck that nigga that you think you found\nAnd since you picked up, I know he's not around\n\n[Bridge: Drake & Ericka Lee]\n(Are you drunk right now?)\nI'm just sayin' you could do better\nTell me, have you heard that lately?\nI'm just sayin' you could do better\nAnd I'll start hatin' only if you make me\n\n[Verse 2: Drake]\nUh, cups of the XO\nAll my people been here\nI see all of her friends here\nGuess she don't have the time to kick it no more\nFlights in the morning\nWhat you doin' that's so important?\nI've been drinkin' so much\nThat I'ma call you anyway, and say\u2026\n\n[Chorus: Drake]\nFuck that nigga that you love so bad\nI know you still think about the times we had\nI say fuck that nigga that you think you found\nAnd since you picked up, I know he's not around\n\n[Bridge: Drake & Ericka Lee]\n(Are you drunk right now?)\nI'm just sayin' you could do better\nTell me, have you heard that lately?\nI'm just sayin' you could do better\nAnd I'll start hatin' only if you make me\n\n[Verse 3: Drake]\nI think I'm addicted to naked pictures\nAnd sitting talking 'bout bitches that we almost had\nI don't think I'm conscious of makin' monsters\nOutta the women I sponsor 'til it all goes bad\nBut, shit, it's all good\nWe threw a party, yeah, we threw a party\nBitches came over, yeah, we threw a party\nI was just calling, \u2018cause they were just leavin'\nTalk to me, please, don't have much to believe in\nI need you right now, are you down to listen to me?\nToo many drinks have been given to me\nI got some women that's livin' off me\nPaid for their flights and hotels, I'm ashamed\nBet that you know them, I won't say no names\nAfter a while, girl, they all seem the same\nI've had sex four times this week; I'll explain\nHavin' a hard time adjustin' to fame\nSprite in that mixture\nI've been talkin' crazy, girl, I'm lucky that you picked up\nLucky that you stayed on\nI need someone to put this weight on\n\"Well, I'm sorry.\"\n\n[Bridge: Drake & Ericka Lee]\n(Are you drunk right now?)\nI'm just sayin' you could do better\nTell me, have you heard that lately?\nI'm just sayin' you could do better\nAnd I'll start hatin' only if you make me\n\n[Interlude: Drake]\nYou're not gonna come?\nGuess I'm 'bout to just kick it here then\n\n[Outro: Drake]\nJust throw up while I hold your hair back\nHer white friend said \"You niggas crazy\"\nI hope no one heard that\nI hope no one heard that\n\u2018Cause if they did, we gonna be in some trouble\nWe gonna be in some trouble, trouble", "image": "https://images.genius.com/a0822204644f5abd6f1c96f200bc643c.600x600x1.png"}], "artist": "Drake"}