{"songs": [{"title": "Summer Sixteen (Live Remix)", "album": null, "year": null, "lyrics": "[Hook: Drake]\nAll summer sixteen\nAll summer sixteen\nPlaying dirty not clean\nOut in front of Four Seasons\nLooking like a damn football team\nAll in the same thing\nAll repping one thing\nLooking for revenge\n\n[Verse 1: Drake]\nTo do what you couldn't do\nTell Obama that my verses are just like the whips that he in\nThey bulletproof\nMinus twenty we in Pitfield\nThat Kai's kitchen in a Canada Goose\nFamous as fuck but I\u2019m still in the cut when they round up the troops\nI\u2019m just a sicko a real sicko when you get to know me nigga\nI let the diss record drop, you was staying right below me, nigga\nWe must have played it a hundred times, you was going to bed\nWhy would I put on a vest? I expect you to aim for the head\nI coulda killed you the first time\nYou don\u2019t have to try to say it louder nigga\nTrust, we heard you the first time\nIt\u2019s nothing personal I would have done it to anyone\nAnd I blame where I came from\nAnd I blame all my day ones\nYou know Chubbs like Draymond\nYou better off not saying nothing\nThem boys they a handful\nThen I hit \u2018em with the Hotline\nChris Breezy with the dance moves\nMo-G with the dance moves\nAve Boy with the dance moves\nJimi Hendrix with the solo\nThose the strings that you can\u2019t pull\nYeah, and I could really dish it out\nCome and get it from the source\nFuck with all the word of mouth\nGolden State running practice at my house\nNigga, what am I about?\nYou gon\u2019 really feel it now\nI\u2019m out here\u2026\n\n[Hook: Drake]\nLooking for revenge\nAll summer sixteen\nAll summer sixteen\nPlaying dirty not clean\nOut in front of Four Seasons\nLooking like a damn football team\nAll repping one thing\nLooking for revenge\n\n[Beat switch]\n\n[Verse 2: Drake]\nAll you boys doing fake \"Controlla\"'s wanna be me a little\nAll your exes know I like my O\u2019s with a V in the middle\nYou would love it if I went away or didn\u2019t say nothing else\nHow am I keeping it real by keeping this shit to myself?\nYou was never gang, gang, gang, gang, you was never one of us\nHad us fooled for a minute there, now we done all grown up\nBut I\u2019m better off anyway, y\u2019all never gon\u2019 finish Drake\nSay you seeing \u2018bout it when you see me man y\u2019all never home anyway\nThought of things that you shoulda said, said things that you shouldn\u2019t say\nWe even gave you the whole money play and y'all still broke to this day\n\u201cOh it\u2019s your time now\u201d yeah, that\u2019s what everybody say\nI used to wanna be on Roc-A-Fella then I turned into Jay\nNow I got a house in LA, Now I got a bigger pool than Ye\nAnd look man, Ye\u2019s pool is nice, mine's just bigger's what I\u2019m saying\nI\u2019m that nigga\u2019s what I\u2019m saying\nGetting things done around here\nHow you let me run it down here\nI\u2019m not even from around here\nSix, six, six, six, six soon as I\u2019m back in the city they throw a parade\nI might get a key to the city and give it to Wayne\nOr give it to one of the young boys to carry the wave\nYeah, so trust me, they\u2019ll be out here\u2026\n\n[Hook: Drake]\nLooking for revenge\nAll summer sixteen\nAll summer sixteen\nPlaying dirty not clean\nOut in front of Four Seasons\nLooking like a damn football team\nAll repping one thing\nLooking for revenge", "image": "https://images.genius.com/22999a3378819809ee4848f7c60a744c.1000x1000x1.jpg"}], "artist": "Drake"}