{"songs": [{"title": "Belly Shit", "album": null, "year": null, "lyrics": "[Verse 1]\nShit's all good\nThe deal got signed\nAnd my split's all good\nAnd these haters pretending\nThat it's all good\nSay that shit in person\nMan I wish ya'll would\nI'm a mothafucking genius goddammit\nI ain't the type to murder you\nI'm more the type to plan it\nSo please take a seat\nIf you really can't stand it\nGot success in my pocket\nAnd these rappers in a panic\nBut Belly told me to do me\nAnd don't listen to anybody that knew me\nCause to have known me\nWould mean that there's a new me\nAnd if you think I changed in the slightest could of fooled me\nAnd tell my city I'm the two-three\nDrug dealers live vicariously through me\nNo bench time, nickname started Drake\nFranchise player, I don't even get a water break\nAnd these other niggas is hardly mentioned\nI bet that with this pen I could draw attention\nBut you can tell by my strut\nI'm just chilling in the cut, nigga what\nAnd I'm feeling like\n\n[Refrain]\nI get it, I get it, I get it till I'm done\nTell them rappers I'm the man in the city that I run\nSo you holla at me pimping, if you planing on a visit\nAnd they say that you talk em when you live it\nI'm tryna tell you I do this\nYou don't wanna go there homie\nI'm tryna tell you I do this\nYou don't wanna go there homie\nI'm tryna tell you I do this\nYou don't wanna go there homie\nI'm tryna tell you I do this\nYou don't wanna go there homie\n\n[Belly]\nHere I go\nStreet report\nBalling over here\nWe need three courts\nViolence, you don't wanna resort\nThe house look something like a resort\nYou can't resist being rich when you record\nWhen this money run slower than Eyore\nIf your life is a movie you an extra\nI'm so fly, I glide Clyde Drexler\nMr. Pressure, bitch I'm fresher\nThey must heard that they'll never catch up\nSomebody throw a sign to the catcher\nI'm at the plate right now\nFuck next up\n\n[Refrain]\nI get it, I get it, I get it till I'm done\nTell them rappers I'm the man in the city that I run\nSo you holla at me pimping, if you planing on a visit\nAnd they say that you talk em when you live it\nI'm tryna tell you I do this\nYou don't wanna go there homie\nI'm tryna tell you I do this\nYou don't wanna go there homie\nI'm tryna tell you I do this\nYou don't wanna go there homie\nI'm tryna tell you I do this\nYou don't wanna go there homie", "image": "https://images.genius.com/22999a3378819809ee4848f7c60a744c.1000x1000x1.jpg"}], "artist": "Drake"}