{"songs": [{"title": "Summer Games", "album": "Scorpion", "year": "2018-06-29", "lyrics": "[Chorus]\nI think you're changin' your mind\nStartin' to see it in your eyes\nI used to love a good surprise\nAnd now I'd rather know ahead of time\nYou said \"I love you\" too fast\nSo much for that, girl, summer just started\nAnd we're already done\n\n[Verse 1]\nYeah, you say I led you on, but you followed me\nI follow one of your friends, you unfollow me\nThen you block them so they can't see you likin' someone just like me\nI expected more from you honestly\nSaid you want a simple life and that's not me\nHow you go from that to endin' up with someone just like\u2026?\n\n[Chorus]\nHow can you be angry on a night in July\nAnd be warm with me when it's freezin' outside\nYou're confusin' me, don't have me wastin' my time\nYeah, you said \"I love you\" too fast\nSo much for that, girl, summer just started\nAnd we're already done\n\n[Verse 2]\nI kept it decent, I kept you sane\nI kept it peaceful, don't lie\nI kept it decent, even the secrets\nKept it between you and I\n\n[Bridge]\nBreakin' my heart, tearin' me apart\nBreakin' me down when I'm already down\nBreakin' my heart\u2013 breakin' my heart\u2013 breakin' my heart\nBreakin' my heart\u2013 breakin' my heart\u2013\nBrea\u2013 brea\u2013 brea\u2013 brea\u2013 brea\u2013 brea\u2013 brea\u2013 brea\nBreakin' my heart, tearin' me apart\nBreakin' me down when I'm already down\nBreakin' my heart\u2013 breakin' my heart\u2013 breakin' my heart\nBreakin' my heart\u2013 breakin' my heart\u2013\nBrea\u2013 brea\u2013 brea\u2013 brea\u2013 brea\u2013 brea\u2013 brea\u2013 brea- brea\n\n[Chorus]\nYou said \"I love you\" too fast\nSo much for that, girl, summer just started\nAnd we're already done\nHow can you be angry on a night in July\nAnd be warm with me when it's freezin' outside\nYou're confusin' me, don't have me wastin' my time\nYeah, you said \"I love you\" too fast\nSo much for that, girl, summer just started\nAnd we're already done", "image": "https://images.genius.com/2fee80dd9aec0717aef8e1eb7aaaae4c.809x809x1.jpg"}], "artist": "Drake"}