{"songs": [{"title": "I Do (Remix Verse)", "album": null, "year": null, "lyrics": "(Uh)\nPlease put away the cameras\nCause we just in the club getting MC hammered\nAnd God forbid we ever trade our wisdom for the glamor\nAnd I know that I'm just a boy that a woman can make a man of\nSo make me one, I know that you can make me one\nI just want a woman that looks 30 when she's 81\nPlease don't give it all away\nI hope that you can save me some\nThe more they pass they heart around the more jaded that they become\nBut this one's special\nSo I make sure that my suit'll fit\nThe one my daddy wore in June of 85\nI'm too legit\nI'm just trying to get her in the mood\nAnd have her doing all the things she'd only do when she get married\nSo let's do this shit\nTell the reverend all we're missing is his blessing\nBecause before she pop the pussy she need me to pop the question\nSo we exchange vows\nThey clap, we take a bow\nAnd she'll be doing tricks for daddy\nWhen we take it to the house", "image": "https://images.genius.com/22999a3378819809ee4848f7c60a744c.1000x1000x1.jpg"}], "artist": "Drake"}