{"songs": [{"title": "Night Off", "album": null, "year": null, "lyrics": "Spending every moment in the studio\nI never said it'd be fair\nBut when you're all alone\nI hope you truly know\nHow bad I want to be there\n\nCome right in\nSet your bag down\nI took a night off for you\nGo ahead and turn the lights off\nBut keep your heels on\nThey're fitting for what I'm about to do\n\nNo you ain't explaining how you want it done\nJust be quiet I'll be fine without your help girl\nCan you work without a second for some fun\nNow you finally got a moment to yourself girl\nAnd I know what to do wit it\nI know what to do wit it\nI know what to do wit it\nI know what to do wit it\nOh oh oh oh oh\n\nOh oh oh oh oh\nOh oh oh oh oh\n\nYeah\nI've been waiting for so long to get you all alone\nNow I finally got you right here\nSo baby imma lock my door and disconnect my phone\nCuz I wanna make one thing clear\n\nI want you on top\nSo let your hair down\nI took the night off for you\nGirl I'm gonna\nTurn the lights off\nBut keep your heels on\nThey're fitting for what we're about to do\n\nCome right in\nSet your bag down\nI took a night off for you\nGo ahead and turn the lights off\nBut keep your heels on\nThey're fitting for what I'm about to do\n\nNo you ain't explaining how you want it done\nJust be quiet I'll be fine without your help girl\nCan you work without a second for some fun\nNow you finally got a moment to yourself girl\nAnd I know what to do wit it\nI know what to do wit it\nI know what to do wit it\nI know what to do wit it\n\nIts 6 o'clock in the morning at the studio...", "image": "https://images.genius.com/22999a3378819809ee4848f7c60a744c.1000x1000x1.jpg"}], "artist": "Drake"}