{"songs": [{"title": "Too Good", "album": "Views", "year": "2016-04-29", "lyrics": "[Intro: Drake]\nOh yeah, yeah, yeah\nOh yeah, yeah, yeah\nYeah\n\n[Verse 1: Drake]\nLook...I don't know how to talk to you\nI don't know how to ask you if you're okay\nMy friends always feel the need to tell me things\nSeems like they're just happier than us these days\nYeah, these days I don't know how to talk to you\nI don't know how to be there when you need me\nIt feels like the only time you see me\nIs when you turn your head to the side and look at me differently\n\n[Pre-Chorus: Drake]\nYeah, and last night I think I lost my patience\nLast night, I got high as your expectations\nLast night, I came to a realization\nAnd I hope you can take it\nI hope you can take it\n\n[Chorus: Drake]\nI'm too good to you\nI'm way too good to you\nYou take my love for granted\nI just don't understand it\nNo, I'm too good to you\nI'm way too good to you\nYou take my love for granted\nI just don't understand it\n\n[Verse 2: Rihanna]\nI don't know how to talk to you\nI just know I found myself getting lost with you\nLately you just make me work too hard for you\nGot me on flights overseas, and I still can't get across to you\n\n[Pre-Chorus: Rihanna]\nAnd last night I think I lost my patience\nLast night, I got high as your expectations\nLast night, I came to a realization\nAnd I hope you can take it\nI hope you can take it\n\n[Chorus: Drake & Rihanna]\nI'm too good to you\nI'm way too good to you\nYou take my love for granted\nI just don't understand it\nNo, I'm too good to you\nI'm way too good to you\nYou take my love for granted\nI just don't understand it\n\n[Verse 3: Drake]\nYears go by too fast\nI can't keep track\nHow long did we last?\nI feel bad for asking\nIt can't end like this\nWe gotta take time with this\nCock up yuh bumper, sit down pon it\nLet me see if this is something I can fix\nYou got somebody other than me\nDon't play the victim when you're with me\nFree time is costing me more than it seems\nSacrificing things\nAnd I wanna tell you my intentions\nI wanna do the things that I mention\nI wanna benefit from the friendship\nI wanna get the late night message from you, from you\nI put my hands around you\nGotta get a handle on you\nGotta get a handle on the fact that...\n\n[Chorus: Drake & Rihanna]\nI'm too good to you\nI'm way too good to you\nYou take my love for granted\nI just don't understand it\nNo, I'm too good to you\nI'm way too good to you\nYou take my love for granted\nI just don't understand it\n\n[Outro: Popcaan]\nGyal a you mi waan\nPay fi yuh visa meck yo fly out regular\nBaby, cock up yuh bumper, sit down pon it\nGyal yo pum pum good and yuh fit\nMi wi give you everything weh deh in my wallet\nAnd in my pocket\nCock up yuh bumper, sit down pon it\nGyal yo pum pum good and yuh fit\nMi wi give you everything weh deh in my wallet\nAnd in my pocket", "image": "https://images.genius.com/6f4b9c41ccb18485cccd6aa364ccc3b8.1000x1000x1.jpg"}], "artist": "Drake"}