{"songs": [{"title": "A Little Favour (GQ Freestyle)", "album": null, "year": null, "lyrics": "Diamonds hang around my neck, the crib is all finished\nNo love for these bitches I said this year it\u2019s all business\nIt is a shame that a couple of \u2018em are off limits\nNo offence to my nigga, it\u2019s just the industry is small\nWe all lust for the same women\nYou know the ones we saw before we came in it\nI know he ain't trippin\u2019\nI know I got a couple things that Lil\u2019 Wayne dipped in\nAin't ashamed to admit it, I be the same with it\nThis shit is all about hits and misses\nThe ones that you fuck and the ones that you wife up\nDon\u2019t let them fuck your life up\nHalf a mill to perform, I can\u2019t let them fuck that shit up\nPlus I love the way my middle name looks when it\u2019s lit up\nJim Moore got me dressing like a leading man\nA little favour for a friend when I need a hand\nYoung Frank, suits cut right always\nJust got a couple Warhol\u2019s for my hallways\nNew verses crush the hood like I\u2019m driving into something\nBitches on the kid like I\u2019m Iverson of something\nLike a Sixer, since I sold 680 in my first\nDrizzy Drake, the only one that got the gift without the curse\nSwag!", "image": "https://images.genius.com/22999a3378819809ee4848f7c60a744c.1000x1000x1.jpg"}], "artist": "Drake"}