{"songs": [{"title": "Catch No Feelings", "album": null, "year": null, "lyrics": "[Drake]\nI told you from the jump, me and you just friends\nNever did date cause I knew that shit would end\nMade you upset when I told you how it is\nNow we don't talk, but ever since then\nYou been worrying about a nigga, and you calling my phone\nLooking for info through my songs\nAccusing me of shit, girl you know that's wrong\nTrust me when I say, that we better off alone\nKnow you hate it cause you want someone else\nYou really shouldn't focus on me\nYou need to worry 'bout someone else\nAnd as you can see, I've been doing my own thing, (own thing)\nI'm trying to make this move\nYou're a diamond under pressure\nBut you always kept it cool\nAnd I told you play your role\nYou know you just decide\nYou say that you want to leave\nBut don't know how to decide\nBut I know you want to stay\nYou ain't going to find nobody realer\nYou caught feelings like a nigga was a picture\n\n[Hook]\nTold you from the jump, don't catch no feelings\nI told you, you would get hurt, in the ending\n(I said) don't catch no feelings\nDon't catch no feelings(6x)\n\n[Matt Reed]\nDammit, dammit darling I gave you warnings\nAnd I needed space like a fucking martian\n(More)moreover, super sober\nI needed room as if I was Marvin\nSlow but surely\nDarwin's theory\nHearts revealing an eerie feeling\nAs time gets even, never place queries on me\nYou yapped too much about the penny ante\nThis mechanic is so uncanny\nTrying to grind a Grammy up for ya mammy\nImplode a plan up then expand it\nThings grow, wonderful\nDreams become your growth\nForever under oath\nRollie gold 'til i overdose\nGirl, you know you was throwed the most (throwed the most)\nWell, Ex X'd Tisk Tisk\nFly to shit around a lit wrist\nNigga that, Bitch this\nOh well, you're dismissed!\nLike school-bells & Dipshits\nThe truth was never distorted\nNo strings attached, we were cordless\nIt's important to be smart and gorgeous\n\n[Hook]\nTold you from the jump, don't catch no feelings\nI told you, you would get hurt, in the ending\n(I said) don't catch no feelings\nDon't catch no feelings(7x)\nTold you from the jump, don't catch no feelings\nI told you, you would get hurt, in the ending\nYeah, I told her, I said, don't catch no feelings(3x)\nDon't catch no feelings with me girl", "image": "https://images.genius.com/22999a3378819809ee4848f7c60a744c.1000x1000x1.jpg"}], "artist": "Drake"}