{"songs": [{"title": "Madiba Riddim", "album": "More Life", "year": "2017-03-18", "lyrics": "[Chorus]\nI cannot tell who is my friend\nI need distance between me and them\nGonna have to teach me how to love you again\nGod knows I'm trying\nGod knows I'm trying for you\nGod knows I'm trying\n\n[Verse 1]\nGod knows it\nPure mind and pure soul I possess, he knows it\nAnointed and protected, I was chosen\nMy heart is way too frozen to get broken\n\n[Pre-Chorus]\nI seen man turn fool for the money\nOne too many times\nI seen some girls turn their back\nOn their best friend from time\nI heard you say things that you can't take back, girl, no time\nI need you to go easy now and fix up one time\n\n[Chorus]\nI cannot tell who is my friend\nI need distance between me and them\nGonna have to teach me how to love you again\nGod knows I'm trying\nGod knows I'm trying for you\nGod knows I'm trying\n\n[Verse 2]\nPeople change, I'm not surprised\nDevil's working overtime\nVoodoo spells put on my life\nIt won't work, they all have tried\n\n[Pre-Chorus]\nI seen man turn fool for the money\nOne too many times\nI seen some girls turn their back\nOn their best friend from time\nI heard you say things that you can't take back, girl, no time\nI need you to go easy now and fix up one time\n\n[Chorus]\nI cannot tell who is my friend\nI need distance between me and them\nGonna have to teach me how to love you again\nGod knows I'm trying\nGod knows I'm trying for you\nGod knows I'm trying\n\n[Outro]\nYou put food on the table for me, aye?\nAlright, fam, soft. I see you, aye?\nYou pay my bills, right?\nIt's light\nYou're a wasteman\n\nTop story\nWah?", "image": "https://images.genius.com/4672f8523e0fbf7f7848185256e946f4.1000x1000x1.jpg"}], "artist": "Drake"}