{"songs": [{"title": "The Calm", "album": "So Far Gone", "year": "2009-02-13", "lyrics": "[Verse 1]\nUh\nI'm just so far gone\nOctober's own\nPlease leave me alone\nDrunk off champagne\nScreamin' in the phone\nSee my house is not a home\nFuck is going on?\nWhere did we go wrong?\nWhere do we belong?\nCaught up in the game and it's one I can't postpone\nMeanin' if it rains, I'm the one it's rainin' on\nWhen my diamond chain is on, still nothin' set in stone\nWomen borrow sweaters that I spray with my cologne\nAnd tell me don't forget 'em and I promise that I won't\nFeelin' so distant from everyone I've known\nTo make everybody happy I think I would need a clone\nPlaces we get flown, parties that we've thrown\nI've done more for this city than these rappers that have blown\nIt's only been three years\nLook at how I've grown\nI'm just in my zone\nI call this shit the calm\nYeah, but I'm the furthest thing from calm\nDedicated to my mom and I swear my word is bond\nEverything will be okay and it won't even take that long\nYou can see it in my face or even read it on my palm\nLeader of the new school, it's proven and it's known\nI'm sittin' in a chair but in the future it's a throne\nI know you like to worry, it'll be better if you don't 'cause\n\n[Break]\nYou know everything gon' be all right, I promise\nI apologize to you know, put y'all in this position, vent to y'all but\n40 Mama always say don\u2019t ask permission\nJust ask forgiveness you know so uh, forgive me, yeah, yeah\nSay\n\n[Verse 2]\nUh\nAnd life is so insane\nLook what I became trying to make a name\nAll my first dates are interrupted by my fame\nBecause every picture taken is a fan that you can gain\nThey love it when you smile, unaware that it's a strain\nIt's a curse you gotta live with when you born to entertain\nWomen need attention, therefore, women will complain\nDevelop hatred for men and say that you're the one to blame\nTryin' to enjoy myself with Tez in Miami at the game\nI just wish he knew how much it really weighed like Dwayne\nIt's a weight that's on my chest whoever spotting me is playing\nSo I'm lifting all alone trying not to get a sprain\nHoping Western Union doing currency exchange\n'Cause my dad called and got me feeling guilty and ashamed\nLike, how I had a Rolls and I went and got a Range\nAnd he paying for his cigarettes with dollars and some change\nDamn, and I can only feel his pain\n'Cause in Memphis, Tennessee there's only so much to attain\nSo I'm filling out the form at the counter once again\nHe say he love me, I just hope he doesn't say that shit in vain\nI'm why your girl heart is in a sling\nCall me \"Heartbreak Drake\", I'm the hardest one to tame\nAs a man, I'm just honest, as an artist I'm a king\nWith my own set of problems that be sitting on my brain\nYeah, and see, this is the thang\nWhat they viewing as bragging is the way that I maintain\nThe shit I write while staring out the window of a plane\nIs the single-handed reason I remain me, yeah\n\n[Outro]\nUh\nI said I call this shit the calm\nBut I\u2019m the furthest thing from calm\nSwear I\u2019m putting on\nBut they always wanna ask what type of act you putting on, like\nMan", "image": "https://images.genius.com/83ad0a4cdf492e299e507a370ad173a4.1000x1000x1.jpg"}], "artist": "Drake"}