{"songs": [{"title": "My Love (Demo)", "album": null, "year": "2018-04-29", "lyrics": "[Verse 1]\nI had an idea in my head\nI pictured this going differently\nI meant every word that I said\nYou should have spent more time listening\nAll the things that I put a hold on\nAll for you to hit me with a, \"Hold on\"\nWhat makes you so ready right now?\nAfter I waited on you for so long\n\n[Chorus]\nWhy you wanna be my love, is it just for show?\nWhy you wanna be my love, my love, my love, love?\nWhy you wanna be my love, is it just for show?\nWhy you wanna be my love, my love, my love, love?\nWhy you wanna be my love, my love, my love?\nWhy you wanna be my love, my love, my love?\nWhy you wanna be my love, my love, my love?\nWhy you wanna be my love, my love, my love?\n\nWhy you want to, why you want to?\nWhy you want to, why you want to?\n\n[Verse 2]\nI had an idea in my head\nI pictured this going differently\nEven when you sleep in my bed\nI know you're not mine officially\nAnd all the things I put a hold on\nAll for you to hit me with a, \"Hold on\"\nWhat makes you so ready right now?\nAfter I waited on you for so long\n\n[Chorus]\nWhy you wanna be my love, is it just for show?\nWhy you wanna be my love, my love, my love, love?\nWhy you wanna be my love, is it just for show?\nWhy you wanna be my love, my love, my love, love?\nWhy you wanna be my love, my love, my love?\nWhy you wanna be my love, my love, my love?\nWhy you wanna be my love, my love, my love?\nWhy you wanna be my love, my love, my love?\n\n[Bridge]\nYou got your trophies\nI know how you like to show 'em off\nAnd shine 'em up, and line 'em up, oh\nI'm not your trophy, baby\nI won't let you show me off or shine me up, or line me up, no\nYou got your trophies\nI know how you like to show 'em off\nAnd shine 'em up, and line 'em up, oh\nI'm not your trophy, baby\nI won't let you show me off or shine me up, or line me up, no\n\n[Chorus]\nWhy you wanna be my love, is it just for show?\nWhy you wanna be my love, my love, my love, love?\nWhy you wanna be my love, is it just for show?\nWhy you wanna be my love, my love, my love, love?\nWhy you wanna be my love, my love, my love?\nWhy you wanna be my love, my love, my love?\nWhy you wanna be my love, my love, my love?\nWhy you wanna be my love, my love, my love?\n\n[Outro]\nWhy you want to, why you want to?\nWhy you want to, why you want to?\nWhy you want to?\nWhy you want to, why you want to?\nWhy you want to, why you want to?\nWhy you want to, why you want to?\nWhy you want to, why you want to?\nWhy you want to, why you want to?\nWhy you want to?\nWhy you want to, why you want to?\nWhy you want to, why you want to?\nWhy you want to, why you want to?\nWhy you want to, why you want to?", "image": "https://images.genius.com/22999a3378819809ee4848f7c60a744c.1000x1000x1.jpg"}], "artist": "Drake"}