{"songs": [{"title": "Pistols", "album": null, "year": "2017-12-25", "lyrics": "[Verse 1]\nYou say you want me, I don't ignore you\nYou said it first, but I meant it more girl\nOh, yeah, oh, yeah, oh, yeah\nYou got potential, I can't explain it\nYou're so persuasive, I made some changes\nOh, yeah, oh, yeah\n\n[Bridge]\nWhere were you this whole time?\nCome and see me now, not another time\nYou should come see me on the regular\nI don't know if we'll find a better time\nWhere were you this whole time?\nCome and see me now, not another time\nYou should come see me on the regular\nI don't know if we'll find a better time\n\n[Chorus]\n'Cause I've been sleepin' with a pistol in my bed\nI'd rather have you here instead, I gotta get outta my own head\nDon't let me down, come here right now (yeah)\nDon't let me down, come here right now\n\n[Verse 2]\nGrow up and face it, don't keep me waiting\nYou love me how you love me, then just say it\nOh, yeah, oh, yeah, oh, yeah\nGirl, what's the hold-up? Come take me over\nYou came the closest, we should be closer\nOh, yeah, oh, yeah\n\n[Chorus]\n'Cause I've been sleepin' with a pistol in my bed\nI'd rather have you here instead, I gotta get outta my own head\nDon't let me down, come here right now (yeah)\nDon't let me down, come here right now\n\n[Instrumental Outro]", "image": "https://images.genius.com/f607ee0e98c7c8cc61b4b848dd2faf4e.850x850x1.png"}], "artist": "Drake"}