{"songs": [{"title": "Right to Left", "album": "Born Successful", "year": "2009-04-27", "lyrics": "[Intro]\n[?]\n\n[Chorus: Drake]\nBlue green jewels with the supreme fuel\nAnd looking raw up in the cut\nWhile i lay back cool and moving\nRight to left, moving right to left\nMoving right to left, moving right to left (left left)\nWooden leather, base model never\nHolding birds of a feather\nAnd we all are seen together moving\nMoving right to left\nMoving right to left, moving right to left (left left)\n\n[Verse 1: Von Pea]\nYo, what i gotta do to get you pussy cat dogs\nTo not, act hard like I wouldn't jab y'all\nYou a trap-star, cool i'm a dream catcher\nYou from New York, stop biting off Atlanta\nPea is a rap terrorist, suicide bomber\nI'ma blow up me and everybody around me\nYou can't show up pea im everywhere you try to be\nHere's some advice get nice and don't lie to me\nIn my last 6 I trumped your whole shiznik\nSon I've heard better MC'ing in limp bizkit\nRappers is rugrats, I am DR. Lipschitz\nCome to ya shows theres enough space to park with\nWheres your fanbase, with so much damn grace\nI plan your demise over eggs and pancakes\nFirst thought of the day the second one goes\nI won't stop until I see TM blow\n\n[Verse 2: T.Dot]\n[?]\n\n[Verse 3: Drake]\nHow the fuck Jay and Dame gon' break up 'fore they meet Drake?\nI'm sure it can be resolved, I'm just hopin that they make up\nI'm perfecting my craft using more cess\nTryna make some cheese off a single is a process\nGet it? Kraft, single, cheese, process\nSit back and admire the talent that I possess\nTop notch, no less, oh yes, I'm known in the city\nBut need to bust out like a model that show chest\nCause you deal with agents from check collections\nI'm keepin' it cleaner than Little X direction\nAnd baby girl, if you don't like me, it's prolly due to the fact\nThat you are les like NextSelection\nThe city is mine, I control this, you know this\nCause you are nothing like it and I'm so this, the coldest\nI'm in Jamaica, docked at the bay, what up Otis?\nI'm back with the form like Obus\n\n[Chorus: Drake]\nBlue green jewels with the supreme fuel\nAnd looking raw up in the cut\nWhile i lay back cool and moving\nRight to left, moving right to left\nMoving right to left, moving right to left (left left)\nWooden leather, base model never\nHolding birds of a feather\nAnd we all are seen together\nMoving right to left\nMoving right to left, moving right to left (left left)\n\n[Verse 4: Drake]\nAnd I'mma teach it so you learn right\nYou can't come on this ride, you need to earn height\nWith no hydro bill, I let the lights burn out\nAnd after that I take 'em back like returned flights, yeah\nYou can't miss the boy\nMe and Rich united like van Nistelrooy\nBar Mitzvah kid, get your hits destroyed\nCause I keep it under wraps like Christmas toys\nNo witnesses, no mistresses\nThis the present and I'm a show you what gifted is, mayne\nKeep it real, no other youngin's as hot as me\nYou a Gucci groupie, my nigga, and I'm a prodigy\nWhat I'm direct for, cause I'm who they check for\nI waited for connects while you was playin' Connect Four\nYou was playin' Uno, I was doing you know\nWhatever us rappers do to develop a new flow, I promise", "image": "https://images.genius.com/09c843b49a2466e1a43f2a46ad8bcf1c.500x500x1.jpg"}], "artist": "Drake"}