{"songs": [{"title": "Jungle (Savon Remix)", "album": null, "year": "2015-07-11", "lyrics": "Put a bib on me\nI'm just like a baby, droolin' over you\nThe things you do\n\nPut a bib on me\nPut a bib on me\nPut a bib on me\nPut a bib on me\n\nThese days, I'm lettin' God handle all things above me\n(Put a bib on me)\nThe things I can't change are the reasons you love me\n(Put a bib on me)\nListen, you can hear them callin' my name\n(Put a bib on me)\nI'm all over the place, I can't sit in one place\nI'm not ashamed at all\n(Put a bib on me)\nStill findin' myself, let alone a soulmate, I'm just sayin'\n(Put a bib on me)\nFeel like we one and the same, our relationship changed\n(Put a bib on me)\nThat or it never existed\n(Put a bib on me)\nWhenever they say somethin' bout us you listen\n(Put a bib on me)\nBut fuck what they talkin' about on your timeline\n(Put a bib on me)\nThat's cuttin' all into my time with you\n(Put a bib on me)\nFuck what they talkin' about on your timeline\n(Put a bib on me)\nThat's cuttin' all into my time with you\n(Put a bib on me)\nMy time with you, my\n(Put a bib on me)\n\nPut a bib on me\nPut a bib on me\nPut a bib on me\nPut a bib on me\nPut a bib on me\nPut a bib on me\nPut a bib on me\n\nYeah, these days these new girls, they got me nervous\n(Put a bib on me)\nThey go to school and do bottle service\n(Put a bib on me)\nThey can't decide, they keep switchin' majors\nBeing indecisive makes me anxious\n(Put a bib on me)\nCall your number and it's out of service\n(Put a bib on me)\nWho can I call for your information?\n(Put a bib on me)\nWhat am I supposed to do after we done everything that we've done?\n(Put a bib on me)\nWho is your replacement?\n(Put a bib on me)\nAre we still good? Are we still good?\n(Put a bib on me)\nAre we still good? Are we still good?\n(Put a bib on me)\n\nPut a bib on me\nPut a bib on me\nPut a bib on me\nPut a bib on me\nPut a bib on me\nPut a bib on me\nPut a bib on me\nPut a bib on me\nPut a bib on me", "image": "https://images.genius.com/ef3653ca1edc2006bf6acb376d1f7d6e.500x500x1.jpg"}], "artist": "Drake"}