{"songs": [{"title": "Ice Melts", "album": "More Life", "year": "2017-03-18", "lyrics": "[Intro: Young Thug]\nYeah\nNigga, what you thought?\nSlatt, slatt, slatt (Jeffery, Mario)\nJeffery\n\n[Chorus: Young Thug]\nFeelin' rough, rough\nBaby, I'm needin' somethin', somethin'\nI wan' beat it up with somethin', somethin'\nYou're a diamond out the rough or somethin', somethin'\nYou need to give it up to someone\nYou need to give love to someone\nYou need to fuckin' stop watchin' me\nYou need to give it up to someone\nBefore you end up like\nWoah, woah, woah, woah, like\nWoah, woah, woah\nWoah, woah, woah\nWoah, woah, woah\nWoah, woah, woah, woah (Jeffery)\n\n[Verse 1: Drake]\nLook, I want you to myself\nBut I know you just left someone else\nI know you did, he did a number on you (I know, brrrt)\nThat must be why you move so, icy\nIcy like 1017\nIcy like there's nobody you\u2019d ever need\nBetter not give that up to anyone but me (yeah)\nPatient as can be, but\n\n[Pre-Chorus: Drake]\nI still need some satisfaction\nA little less talk and a little more action\nI need you out in Jamaica, relaxin'\nThought I had everything, somehow\n\n[Chorus: Young Thug]\nFeelin' rough, rough\nBaby, I'm needin' somethin', somethin'\nI wan' beat it up with somethin', somethin'\nYou're a diamond out the rough or somethin', somethin'\nYou need to give it up to someone\nYou need to give love to someone\nYou need to fuckin' stop watchin' me\nYou need to give it up to someone\nBefore you end up like\nWoah, woah, woah, woah, like\nWoah, woah, woah\nWoah, woah, woah\nWoah, woah, woah\nWoah, woah, woah, woah (Jeffery)\n\n[Verse 2: Drake]\nI wanna see you do more in this life if we takin' it there (takin' it)\nI want to see you do 911, fuck a Panamera (in a 911)\nSee you when I see the real thing (real)\nGettin' realer and realer, yeah, yeah, yeah\nBut you icy like 1017 (icy)\nIcy like there's nobody you'd ever need (icy, icy)\nBetter not give that up (better not give that up)\nI'm here patient as can be, man\n\n[Pre-Chorus: Drake]\nI still need some satisfaction\nA little less talk and a little more action\nI need you out in Jamaica, relaxin'\nThought I had everything somehow\n\n[Chorus: Young Thug]\nFeelin' rough, rough\nBaby, I'm needin' somethin', somethin'\nI wan' beat it up with somethin', somethin'\nYou're a diamond out the rough or somethin', somethin'\nYou need to give it up to someone\nYou need to give love to someone\nYou need to fuckin' stop watchin' me\nYou need to give it up to someone\nBefore you end up like\nWoah, woah, woah, woah, like\nWoah, woah, woah\nWoah, woah, woah\nWoah, woah, woah\nWoah, woah, woah, woah, Jeffery\n\n[Outro: Young Thug]\nYeah\nNigga, what you thought?\nSlatt, slatt, slatt\nJeffery (Mario)\nJeffery\nWoah, woah, woah, woah\nWoah, woah, woah, woah (Jeffery, Jeffery)\nWoah, woah, woah, woah", "image": "https://images.genius.com/4672f8523e0fbf7f7848185256e946f4.1000x1000x1.jpg"}], "artist": "Drake"}