{"songs": [{"title": "Blackface Response", "album": null, "year": "2018-05-31", "lyrics": "I know everyone is enjoying the circus but I want to clarify this image in question. This was not from a clothing brand shoot for my music career. This picture is from 2007, a time in my life where I was an actor and I was working on a project that was about young black actors struggling to get roles, being stereotyped and type cast. The photos represented how African Americans were once wrongfully portrayed in entertainment. Me and my best Friend at the time Mazin Elsadig who is also an Actor from Sudan were attempting to use our voice to bring awareness to the issues we dealt with all the time as black actors at auditions. This was to highlight and raise our frustrations with not always getting a fair chance in the industry, and to make a point that the struggle for black actors had not changed much", "image": "https://images.genius.com/22999a3378819809ee4848f7c60a744c.1000x1000x1.jpg"}], "artist": "Drake"}