{"songs": [{"title": "1Xtra Freestyle", "album": null, "year": "2010-06-11", "lyrics": "[Verse 1]\nWho else really trying to mess with Hollywood Cole\nI'm with Marley G though\nTreating Birmingham just like my Hollywood shows\nI'm trying to tell you something that you probably should know\nThis that Slum Dog Millionaire Bollywood flow and uh\nMy real friends never hearing from me\nFake friends write the wrong answers on the mirror for me\nThat's why I pick and choose, I don't get shit confused\nI got a small circle, I'm not with different crews\nWe walk the same path, but got on different shoes\nLive in the same building, but we got different views\nI got a couple cars, I never get to lose\nDon't like my women single, I like my chicks in twos\nAnd these days all the girls are down to roll\nWe hit the strip club, and all them girls find a pole\nI live fast die young, never take it slow\nTell your girl to tell a friend that it's time to go\nAnd tell me today's weather\nI know they say they good, but trust me I'm better\nI sound like the coldest Miami night ever\nI'm cold but still hot you can't decide on a sweater\nReally it's whatever\nI am murdering and this is so amusing\nIf they're a sight to see then I am an illusion\nI tell you I'm the man baby what is the confusion\nAnd if they still sleeping on me, someone hit the snooze then\nAnd keep sleeping while I sell a couple million\nI'm headed for the moon, I ain't bout to hit the ceiling\nI'm about to hit the club, women tell me I'm appealing\nBut fuck what they say let me tell you how I'm feeling\nI'm drinking\nThese London street lamps got a real glow\nDizzy playing driving fast but it feels slow\nAnd ask your man, he a hater, baby, he don't know\nI could kick a punt and turn that shit into a field goal\nThis here was meant to get buried\nI got a lot of things, I mention those barely\nI ain't lying to the kids like the dentist ain't scary\nI'm what Lebron was to Saint Vincent, Saint Marry\nBut I ain't playing high school games\nPullin McLarence through a McDonalds drive through lane\nI'm to fly, I keep it hip hop like Afu-Ra\nBaby girl on that Mclaren\nYou gotta lift the doors\nBlades chopping through the city streets, liquid swords\nI do it better than the best could\nYou know what it is, Drake and Tim Westwood", "image": "https://images.genius.com/22999a3378819809ee4848f7c60a744c.1000x1000x1.jpg"}], "artist": "Drake"}