{"songs": [{"title": "More Ready (Remix)", "album": null, "year": "2017-08-23", "lyrics": "[Intro: Drake & Trey Songz]\nYeah\nI can't have the tissue before you sneeze, you know (No)\nI can't bow down at your feet, you know (No)\nMmm\n(No, no)\nYeah, Drizzy\n\n[Verse 1: Drake]\nI got a triple king bed and I don't mind sharing\nI got a big G-Wagon I don't mind sharing\nWe can get wild like Olivia, we can get stoned like Sharon\nWrote \"Take Care\" but they push me to the point where I'm just not caring\n\n[Chorus: Drake]\nI'm just more ready than petty nowadays\nYoung and in control, even when they stoop low\nI see anything is anything and everything's a go\nBut I already know that\nI'm just more ready than petty nowadays, just know\nYoung and in control, even when they stoop low\nI see anything is anything, I'm watching y'all close\nI'm just more ready than\u2014\nYeah, yeah\nI'm just more ready than petty nowadays, just know\nYeah\n\n[Verse 2: Drake]\nYou don't wanna question it, you just want definite, yeah\nI jump out of relationships before I get left in it, yeah\nThe sex we have reminds me of the money and success a bit, yeah\n'Cause even when I got it, I just gotta keep getting it\nEven when I got it, I just gotta keep getting it\nBig hotel suite, I'm the only one in it\nAlways going back to some shit that I already been it\nPlenty fish up in the sea but I never go fishing\nWe got everybody sick, sending \"get well soons\" and a lot of well wishes\nYoung and in control, even when they stoop low\nI see anything is anything and everything is a go\n\n[Chorus: Drake]\nBut I already know that\nI'm just more ready than petty nowadays, just know\nYoung and in control, even when they stoop low\nI see anything is anything, I'm watching y'all close\nI'm just more ready than\u2014\nYeah, I'm just more ready than petty nowadays, just know\n\n[Verse 3: Trey Songz]\nYou don't wanna question it, you just want definite\nYou try to make it right, I destroy what's left of it, oh woah\nThe sex we have reminds me of the money and sucess a bit\n'Cause even since I got it, I don't wanna stop getting it\nEven since I got it, I don't wanna stop getting it, yeah\nBig hotel suite, I'm the only one in it (Only one in it), yeah\nAlways coming back when we're done, yeah, we're already finished, oh no (Yeah)\nPlenty fish up in the sea and I love to go fishing\nWe got everybody sick, lot of \"get well soons,\" lot of well wishes (Oh)\n\n[Chorus: Trey Songz]\nYoung and in control, even when they stoop low\nI see anything is anything and everything is a go\nBut I already know that\nI'm just more ready than petty nowadays, just know\nYoung and in control, even when they stoop low\nI see anything is anything and everything is a go\nBut I already know that\nI'm just more ready than\u2014\n\n[Drake]\nI'm just more ready than petty nowadays, just know\n\n[Trey Songz]\nI gotta keep you rigth here 'cause I don't like sharing\nYeah, She got a big [?] and I don't like carrying\nWe've been gettin' wild like Olivia, never had a souvenir carring\nTold 'em I was ready back when they are just not hearing\nI'm just more ready than petty nowadays, just know\nYoung and in control, even when they stoop low\nI see anything is anything and everything is a go\nBut I already know that\nI'm just more ready than...\nYeah, yeah", "image": "https://images.genius.com/22999a3378819809ee4848f7c60a744c.1000x1000x1.jpg"}], "artist": "Drake"}