{"songs": [{"title": "Grammys", "album": "Views", "year": "2016-04-29", "lyrics": "[Intro: Drake]\nYeah, yeah\nYeah, yeah\nJheeze, yeah\nRight, look, look\n\n[Verse 1: Drake]\nTell me how you really feel\nTell me how you really feel\nI would ask you what's the deal\nBut y'all don't even got a deal\nMost niggas with a deal\nCouldn't make a greatest hits\nY'all a whole lot of things\nBut you still ain't this\nI don't know no one\nThat could tell me what to do\nHeard you never claimed the hood\nHeard the hood claimed you\nThat can't sit well\nOh well, ship sailed\nStill mine, all mine\nCosign, cosign\nI pull up in yachts so big\nThat they try to hit me with boat fines\nHype Williams, Big Pimpin', yeah\nJust like the old times\nSame niggas from the old days\nLotta sides on the same side\nOVO, we a gold mine\nBut I'm goin' gold, no time\nDoing plat, plat only\nBoys better back off me\nHall of fame, hall of fame\nLike I'm shirt off, like I'm shirt off\nLike I'm shirt off shorty\nWhole city goin' crazy\nWhole city goin' crazy\nTop five, no debatin'\nTop five, top five, top five\nAnd the whole city rate me\nAnd I'm back inside The Matrix\nAnd I said that we would make it\nAim squad with some traitors\nKnew my niggas from the basement\nThis ain't no met-along-the-way shit\nWe done really put some days in\n\n[Interlude: Future]\nHey, why you so excited? You know what I'm sayin'?\nWhat happened?\nDid you win the Grammy? God damn\nYou actin' like you fuckin' won a trophy and shit\nThis nigga turnt the fuck up\n\n[Hook: Future]\nThey gon' think I won a Grammy\nThey gon' think I won a Grammy\nSwervin' out the Panoramic\nI'm hangin' out, they can't stand me\nThey gon' think I won a Grammy\nThey gon' think I won a Grammy\nThey gon' think I won a Grammy\nThey gon' think I won a Grammy\nI'm showin' out, they can't stand me\nI'm showin' out, they can't stand me\nI'm swervin' off, they can't stand me\nI'm rr off, can't stand me\nThey gon' think I won a Grammy\nThey gon' think I won a Grammy\nThey gon' think I won a Grammy\nThey gon' think I won a Grammy\n\n[Verse 2: Future]\nGonna peel off like a bandit\nI'm noddin' off on a Xanax\nGet pissed off, start airin' it\nGet a head start, ain't friendly\nI stand out, I don't blend in\nWhen I say that I meant that\nI don't want to talk to you has-beens\nI don't want features from nan them\nI don't want features or nothin'\nYou can't even get on my guest list\nThey want me to go to the Met Gala\nI want a Percocet and a gallon\nThat Actavis Hi-Tech it don't matter\nWe sittin' right on the courtside\nI know the players on both side\nI'm cashin' out, fuck a cosign\nI wear the chain like a bowtie\nI wear the ring like a fo'-five\nKeep a fo'-five for the po' guys\nBlack tints, low profile\nCelebratin' everyday\n'Cause I'm really really fresh out the coke house\nCountin' up every single day\n'Bout to bring a whole 'nother whip out\n\n[Hook: Future]\nThey gon' think I won a Grammy\nThey gon' think I won a Grammy\nSwervin' out the Panoramic\nI'm hangin' out, they can't stand me\nThey gon' think I won a Grammy\nThey gon' think I won a Grammy\nThey gon' think I won a Grammy\nThey gon' think I won a Grammy\nI'm showin' out, they can't stand me\nI'm showin' out, they can't stand me\nI'm swervin' off, they can't stand me\nI'm rr off, can't stand me\nThey gon' think I won a Grammy\nThey gon' think I won a Grammy\nThey gon' think I won a Grammy\nThey gon' think I won a Grammy", "image": "https://images.genius.com/6f4b9c41ccb18485cccd6aa364ccc3b8.1000x1000x1.jpg"}], "artist": "Drake"}