{"songs": [{"title": "Fake Love", "album": "More Life", "year": "2016-10-23", "lyrics": "[Chorus]\nI've been down so long, it look like up to me\nThey look up to me\nI got fake people showin' fake love to me\nStraight up to my face, straight up to my face\nI've been down so long, it look like up to me\nThey look up to me\nI got fake people showin' fake love to me\nStraight up to my face, straight up to my face\n\n[Verse 1]\nSomethin' ain't right when we talkin'\nSomethin' ain't right when we talkin'\nLook like you hidin' your problems\nReally you never was solid\nNo, you can't \"son\" me\nYou won't never get to run me\nJust when shit look out of reach\nI reach back like one, three\nLike one, three, yeah\n\n[Pre-Chorus]\nThat's when they smile in my face\nWhole time they wanna take my place\nWhole time they wanna take my place\nWhole time they wanna take my place\nYeah, I know they wanna take my place\nI can tell that love is fake\nI don't trust a word you say\nHow you wanna clique up after your mistakes?\nLook you in the face, and it's just not the same\n\n[Chorus]\nI've been down so long, it look like up to me\nThey look up to me\nI got fake people showin' fake love to me\nStraight up to my face, straight up to my face\nI've been down so long, it look like up to me\nThey look up to me\nI got fake people showin' fake love to me\nStraight up to my face, straight up to my face\n\n[Verse 2]\nYeah, straight up to my face, tryna play it safe\nVibe switch like night and day\nI can see it, like, right away\nI came up, you changed up\nI caught that whole play\nSince, things never been the same\n\n[Pre-Chorus]\nThat's when they smile in my face\nWhole time they wanna take my place\nWhole time they wanna take my place\nWhole time they wanna take my place\nYeah, I know they wanna take my place\nI can tell that love is fake (I can tell that love is fake)\nI don't trust a word you say (I don't trust a word)\nHow you wanna clique up after your mistakes?\n(That's just what I heard)\nLook you in the face, and it's just not the same\n\n[Chorus]\nI've been down so long, it look like up to me\nThey look up to me\nI got fake people showin' fake love to me\nStraight up to my face, straight up to my face\nI've been down so long, it look like up to me\nThey look up to me\nI got fake people showin' fake love to me\nStraight up to my face, straight up to my face\n\n[Outro]\nSkrrt\nAnd more chune for your headtop\nSo watch how you speak on my name, you know?", "image": "https://images.genius.com/4672f8523e0fbf7f7848185256e946f4.1000x1000x1.jpg"}], "artist": "Drake"}