{"songs": [{"title": "Cameras [Official Remix]", "album": null, "year": null, "lyrics": "[Intro]\nHow you mean, how you mean\nI Thought you knew about the team, (ay)\nHow you mean, how you mean\nI Thought you knew about the team, (ay)\n\n[Verse 1: Ke'Ondris]\nBefore they knew who i was tha preety girls had a problem\nWith me but tha ugly girls always wanted to holla\nBut i couldn't settle for less so i threw tha\nLight skinned girls a couple dollas\nNow she my bestfrind and my brand new girlfriend\nShe only wanna talk 2 me\nBut only on camera\nOnly on camera\nOnly on camera\nShe say they in love with me\nOnly on camera\nOnly on camera\nOnly on camera\nIm Stuck without ah move im\nIm lost in tha groove I\nGotta figure out something to remove ya\nFrom my life cus you fucking my shyt up\nAnd now you living tha single life\nAnd you need my help\n\n[Verse 2: Peter Ray Rivers]\nFrom tha botton of my heart I mean every word that i say\nSay you dont care\nSay you really want it\nI want it\nIm stuttering\n\"I\" \"I\" \"I\"\nIm on my grind like cc said\nCus this line hot\nThey ah ride around town\nLooking for some dumb muphuka's\n2 go f*ck up\nYou think you winning\nBut chu ain't winning\nYeah & that how ya story goes\n\n[Bridge]\nOoh finally got you right here\nTonight I'll ease your mind\nThat's why I'm calling on you\nAnd ooh soft your loves desire\nIt's hard to stay away\nYou keep me calling on you\n\n[Hook]\nHow you mean, how you mean\nThought you knew about the team, (ay)\nHow you mean, how you mean\nThought you knew about the team, (ay)\n\n[Verse 3: Drake]\nHow you mean, how you mean, what you know about the team\nYou just know what you get told girl I see behind the scene\nShe spilled whiskey on her shirt, she gonna have to get it cleaned\nShe been going way to hard, someone has to intervene\nBaby she look like a star, but only on camera\nOnly on camera, only on camera\nIt might look like I care, but only on camera\nOnly on camera, only on camera\nDon't listen to the lies, I swear they all lies\nYou know I could be your knight in shining armor all tires\nGirl, they love me like I'm Prince, like the new kid with the crown\nBunch of underground kings, thought you knew how we get down (ah)\n\n[Bridge]\n\n[Hook]", "image": "https://images.genius.com/22999a3378819809ee4848f7c60a744c.1000x1000x1.jpg"}], "artist": "Drake"}