{"songs": [{"title": "Free Spirit", "album": null, "year": "2011-09-10", "lyrics": "[Intro: Rick Ross]\nTat my name on you girls so I know it's real\nTat my fuckin' name on you so I know it's real\n\n[Verse 1: Drake]\nTell a bad bitch \"Girl, let's go hang\"\nYou know me, Rolex, gold chain\nFuck with my young niggas, XO Gang\nGet so drunk you forget your name\nIncense burning, smoking out to my own shit\nGot black wood in my white Range\nI'm taking off when that light change\nI'm Drizzy Drake to my old bitches\nVoodoo Child to my new hoes\nI miss this and I want it back so I'm all in with these new flows\nNew flows, got new flows, rap is stress but it pays great\nPimp flows and Screw flows, my shit is sounding like grey tapes\nNow, let me gon' hit that cup, one time 'fore a nigga hit that road\nThese days keep going by too fast, so give me anything to make shit go slow\nMoney in my safe but I'm living dangerous\nThey told me shit would change but I don't really see no change in us, oh, no\n\n[Hook: Drake]\nTat my name on you so I know it's real\nTat my fuckin name on you so I know it's real\nI know it hurts, but I ain't tryna hear it\n'Cause when I'm not around, I still be there in spirit\nYou'll still be mine, you'll still be mine\nTat my fuckin name on you when I go, you'll still be mine\nYou'll still be mine, I'll still be yours\nTat my fuckin name on you, let em know you love the boy\nWhat's up\n\n[Verse 2: Rick Ross]\nI fondle the money, fornicate with a fortune\nI play with her mind, she masturbate in my Porsche\nSimple love, simple math\nHer chest nice, not a wrinkle in her ass\nPuffing purple hash, welcome to my power circle\nSucker-free, no snitching and we know when cowards working\nRolls Royce rolling, rose-gold Rollies\nMBA accountants, amounts, they get unholy\nMy momma still praying for her Rubberband Man\nWhen them wheels land, Travis Barker, drums playing\nTap-dance to my drum roll (uh!)\nI love a bitch that know how to keep me one rolled\n\n[Hook: Drake]\nTat my name on you so I know it's real\nTat my fuckin name on you so I know it's real\nI know it hurts, but I ain't tryna hear it\n'Cause when I'm not around, I still be there in spirit\nYou'll still be mine, you'll still be mine\nTat my fuckin name on you when I go, you'll still be mine\nYou'll still be mine, I'll still be yours\nTat my fuckin name on you, let em know you love the boy\nWhat's up\n\n[Verse 3: Drake]\nI don't have to work in the morning so I always stay for one more\nFuck what they say, I'm telling you there's no side-effects, I'm sure\nWent from driving up in some old shit to drivers opening doors\nThis is my town, if you need something, just ask for it, it's yours\nYeah, ask for it, it's yours, if you ask for it, it's done\nI could Western Union some money, get your passport and then come\nYou'll meet everybody I know, at first it might seem like a lot\nBut they all playing they role, put that on everything that I got\nAnd all I care about is my city, man, I can't say it enough\nI done heard things about y'all that they can't say about us\nI just hold it down for my side, I just hold it down for my set\nI just give everybody a piece of this and make due with what's left\nYeah, I do this shit to the death, yeah, I do this shit til I'm gone\nI told you it's our world, you foolish thinking I'm wrong\nStop asking how the fucking needle feel\nTat my fuckin' name on you, let these niggas know it's real\nWhat's up?\n\n[Hook: Drake]\nTat my name on you so I know it's real\nTat my fuckin name on you so I know it's real\nI know it hurts, but I ain't tryna hear it\n'Cause when I'm not around, I still be there in spirit\nYou'll still be mine, you'll still be mine\nTat my fuckin name on you when I go, you'll still be mine\nYou'll still be mine, I'll still be yours\nTat my fuckin name on you, let em know you love the boy\nWhat's up", "image": "https://images.genius.com/b61712fd1ae500320454074cc3f2e906.500x500x1.jpg"}], "artist": "Drake"}