{"songs": [{"title": "Separate LivesVer", "album": null, "year": null, "lyrics": "Verse:\nYeah yeah uh\nI'm feelin' you, gauranteed that you into me\nI got the phantom, the aston, the bent-e-ley\nBut let me tell you where a nigga at mentally\nTwo things I don't give a bitch: pay checks and sympathy\nHa! but I guess it's just the pimp in me\nAll around paid, can't even get a sentence free\nSo judge a nigga sweetheart, sentence me\nI ain't worried it's gon happen if it's meant to be\nAnd if you ever feel the need to step inside\nBe a woman about it and know we living seperate lives\nTrying to tell you, less feelings mean less goodbyes\nThat's some game for your ass, better recognize\nBut some cats can't even relate\nI ain't a mind reader though, so if you tryna escape\nThen let me know that, show that\nMy place, roll back, lay down, so flat\nTell Me!", "image": "https://images.genius.com/22999a3378819809ee4848f7c60a744c.1000x1000x1.jpg"}], "artist": "Drake"}