{"songs": [{"title": "R.I.P", "album": null, "year": null, "lyrics": "R.I.P. to the girl you used to see\nHer days are over, baby she's over\nI decided to give you all of me\nBaby come closer, baby come closer\n\nSexy senorita, I feel your aura\nJump out that new motor\nGet in my flying saucer\nI'll make you call me daddy\nEven though you ain't my daughter\nBaby I ain't talking books\nWhen I say that I can take you across the borders\nI'm young and free, I'm London G\nI'm tongue in cheek\nSo baby give me some time to drink\nSlow and steady for me\nGo on like a jezzy for me\nAnd say the words soon as you're ready for me\n\nI'm ready for ya\nHit 'em all, switch it up\nPut 'em on, zip it up\nLet my perfume, soak into your sweater\nSay you'll be here soon, sooner the better\nNo option for, you saying no\nI run this game, just play a role\nFollow my lead, what you waiting for?\nThought it over and decided tonight is your night\n\nCa-a-an you fe-e-el my He-he-he-he-heart is beatin'\nCa-a-an you fe-e-el my He-he-he-he-heart is beatin'\n\nR.I.P. to the girl you used to see\nHer days are over, baby she's over\n(I-I-I'm ready for ya)\nI decided to give you all of me\nBaby come closer, baby come closer\n(I-I-I'm ready for ya)\n\nNothing on, I strut around\nI do it big, I shut it down\nI wonder if you'll be able to handle me\nMental pictures, no cameras please\n\nCa-a-an you fe-e-el my He-he-he-he-heart is beatin'\nCa-a-an you fe-e-el my He-he-he-he-heart is beatin'\n\nR.I.P. to the girl you used to see\nHer days are over, baby she's over\n(I-I-I'm ready for ya)\nI decided to give you all of me\nBaby come closer, baby come closer\n(I, I, I'm ready for ya)\n\nYeah I hear you talking\nDon't know who you trying to flatter\nGot my mind made up (I, I, I'm ready for ya)\nI'm in control, but with you being a man\nYou don't seem to understand (I, I, I'm ready for ya)\nI, I, I'm ready for ya\nI, I, I'm ready for ya\nSo keep thinking you the man\nCause it's all part of my plan\nI, I, I'm ready for ya\n\nCa-a-an you fe-e-el my He-he-he-he-heart is beatin'\nCa-a-an you fe-e-el my He-he-he-he-heart is beatin'\n\nR.I.P. to the girl you used to see\nHer days are over...", "image": "https://images.genius.com/22999a3378819809ee4848f7c60a744c.1000x1000x1.jpg"}], "artist": "Drake"}