{"songs": [{"title": "Forever (Travis Barker Remix)", "album": null, "year": "2009-11-11", "lyrics": "[Hook: Drake]\nIt may not mean nothing to y'all\nBut understand nothing was done for me\nSo I don't plan on stopping at all\nI want this shit forever man\nI'm shutting shit down in the mall\nAnd telling every girl she the one for me\nAnd I ain't even planning to call\nI want this shit forever man\n\n[Verse 1: Drake]\nLast name Ever, first name Greatest\nLike a sprained ankle, boy, I ain't nothing to play with\nStarted off local but thanks to all the haters\nI know G-IV pilots on a first name basis\nIn your city faded off the brown, Nino\nShe insist she got more class, we know\nSwimming in the money, come and find me: Nemo\nIf I was at the club you know I balled, chemo\nDropped the mixtape, that shit sounded like an album\nWho'd a thought a country wide tour be the outcome\nLabels want my name beside a X like Malcolm\nEverybody gotta deal, I did it without one\nYeah, nigga I'm about my business\nKilling all these rappers, you would swear I had a hit list\nEveryone who doubted me is asking for forgiveness\nIf you ain't been a part of it, at least you got to witness, bitches\n\n[Hook]\n\n[Verse 2: Kanye West]\nEver-ever, Mr. West is in the building\nAin't no question who about to kill 'em\nI used to have hood dreams, big fame, big chains\nI stuck my dick inside this life until that bitch came\nAnd went hard, all fall like the ball teams\nJust so I can make it rain all spring\nY'all seen my story, my glory\nI had raped the game young, you can call it statutory\nWhen a nigga blow up they gonna build statues for me\nOld money, Benjamin Button (what?) nothin' man\nNow super bad chicks givin' me McLovin'\nYou would think I ran the world like Michelle's husband\nYou would think these niggas know me when they really doesn't\nLike they was down with the old me, no you fuckin' wasn't\nUm, you're such a fuckin' loser\nHe ain't even go to class, Bueller\nTrade the Grammy plaques, just to have my granny back\nRemember she had that bad hip like a fanny pack\nChasing the stardom will turn you to a maniac\nAll the way in Hollywood and I can't even act\nThey pull the cameras out, and goddamn, he snap\nI used to want this thing forever, y'all can have it back\n\n[Hook]\n\n[Verse 3: Lil Wayne]\nOkay, hello it's the Martian, Space Jam Jordans\nI want this shit forever, wake up and smell the garden\nFresher than the harvest, step up to the target\nIf I had one guess then I guess I'm just New Orleans\nAnd I will never stop like I'm runnin' from the cops\nHop up in my car and told my chauffeur \"to the top\"\nLife is such a fucking roller coaster then it drops\nBut what should I scream for? This is my theme park\nMy mind shine even when my thoughts seem dark\nPistol on my side, you don't wanna hear that thing talk\nLet the king talk, check the price and pay attention\nLil Wayne, that's what they gotta say or mention\nI'm like Nevada in the middle of the summer\nI'm resting in the lead, I need a pillow and a cover\nShhh, my foot's sleeping on the gas\nNo brake pads, no such thing as last, uh\n\n[Hook]\n\n[Verse 4: Eminem]\nThere they go, packing stadiums as Shady spits his flow\nNuts they go, Macadamia, they go so ballistic, whoa\nHe can make them look like bozos, he's wondering if he should spit this slow\nFuck no! Go for broke, this cup just runneth over, oh no\nHe ain't had him a buzz like this since the last time that he overdosed\nThey been waiting patiently for Pinocchio to poke his nose\nBack into the game and they know, rap will never be same as before\nBashing in the brains of these hoes and establishing the name as he goes\nThe passion in the flame is ignited, you can't put it out once we light it\nThis shit is exactly what the fuck that I'm talking about when we riot\nYou dealing with a few true villains who stand inside of a booth, truth spilling\nAnd spit true feelings until our tooth fillings come flyin' up outta of our mouths\nNow rewind it\nPay back mothafucka for the way that you doubted me, how's it taste?\nWhen I slap the taste outta your mouth\nWith the bass so loud that it shakes the place\nI'm Hannibal Lecter, so just in case you're thinking of saving face\nYou ain't gonna have no face to save by the time I'm through with this place\nSo Drake\n\n[Hook]", "image": "https://images.genius.com/22999a3378819809ee4848f7c60a744c.1000x1000x1.jpg"}], "artist": "Drake"}