{"songs": [{"title": "Swagger Like Us", "album": null, "year": null, "lyrics": "[Intro]\nYeah\nRight\nAhhhhhh\nAiight\nI'm bout to do my thing\nYou ready?\nHere I go!\nOctober's very own\nDrizzy\nTaz You ain't even got nothin to worry about man\nCheck\nYeah\n\n[Verse 1]\nAre you listening?\nIs anybody listening?\nWalk into a room and you can smell the Clive Cristian scent\nA lot of niggas is threatened by my positioning\nThrillin bars you think I'm writing with John Ghrisam\nPen\nI need Rose, nevermind the pricing\nKnow we brought cake to the party, no icing\nNo ice on, big Phantom no license\nFuck if you're feelin me as long as your wife is\nNo one in my city gotta pocket like Drizzy\nI can rock fitted Jeans cause my credit card skinny\nIt's pitch black and covers all incidentials\nAnd Ms. Rhone sorry you ain't notice my potential\nFuck ya rappers and your self-proclaimed status\nI can only see green now happy St.Patty's\nI know you waitin on a last quote\nCheck the soundscan and you can see that I'm the last hope\n\n[Verse 2]\nBy the way I'm Jewish and turnin 22\nGet's depressing when you see your favorite rappers\nGoin through it\nTryna re-invent themselves, showin' no improvement\nGettin' crushed by this light skinned young'n on some\nNew shit\n40 just recorded and who dropped this here\nCos I'm tryna fuck Megan Fox this year\nAnd if you got a stylist to cop you gear\nAnd you are in my age bracket, you are not my peer\nFuck you really know about a Eames couch\nFrette sheets, perfect touch to a clean house\nWide awake, but a nigga's livin' ya dreams out\nLookin like a photoshoot everytime the team's out\nAnd is the realest nigga still I\nA woman could love me to death but I'd still die\nSo I'm about us now\nSmith and Wesson flow\nYou should tell them boys duck down", "image": "https://images.genius.com/22999a3378819809ee4848f7c60a744c.1000x1000x1.jpg"}], "artist": "Drake"}