{"songs": [{"title": "Special", "album": "Room for Improvement", "year": "2006-02-14", "lyrics": "[Intro]\nUh yeah man, VO\nBack again like we never left huh\nI'm sending this out to any of my girls thats different man\nAnybody thats special\nYou know I wanna be honest with you women so I'mma start off like this\n\n[Verse 1: Drake]\nUh look, I'm bold from the get go, go by the title of Drake\nAnd treating me like the rest is a vital mistake\nI'm hopin that ain't nobody else as special as you\nWhen I say I've been disappointed I'm addressing a few\nI finesse then I groove\nWhile most of the 8 to 9's in my past\nNow get a rating thats less than a 2\nIts true, I been talking to Aleshia, Keisha and Nadia\nAnd Shadia, had to throw peace signs to a lot of ya's\nPayback, to the same chicks from way back\nNever call, now they wanna be where I stays at\nNow they got the new boy, I'm trying to move forward\nAnd pass me, classy, something like Drew Lord\nA new me, cool, see I never get around\nIf I dont change now I dont think I'll ever settle down\nEven if I gotta travel a bit\nI'll go around the world and back\nCause I know that once I have it thats it and uh\n\n[Hook]\n(Yeah man; yeah)\nYou can't just love me like they do\n(Talk to 'em V; I need somebody special in you girl)\nI need someone special in you\n(I know they out there somewhere dude; Ho!)\nI know that out there theres a few\n(Put ya hands up ladies; Yeah man)\nSee I've been searching I don't what to do\nCan you help me?\n(Uh)\nShe gotta be special\n(Yea; You gotta hold me down baby)\nBy that I mean that you gon hold me down\n(Uh)\nYou gotta be special\n(Yeah; You never know right?)\nCause you never know how people stick around\n(Uh)\nGotta be special\nA girl I can love that sees nothing wrong with getting used to me\nYeah my name ain't change but I'm far from the man that I used to be\n\n[Verse 2: Drake]\nSince a young dude the flow was nasty acidic\nEver since the demo dog\nAnd groupies are gettin' brave\nNow they ask me for\nRappers, I write 'em a verse\nAnd ask me to spit it\nBut I pay no mind though\nCause they know I know\nHard as these niggas working man\nThey won't sign so\nDrake and VO back\nI take it you know that\nYou take it sitting down\nOr you can take it to gold black\nAnd since Drake done took it from curls to waves\nIts been kind of like a whirlwind phase\nI mean I had my share of women\nNow a nigga gettin' girls for days\nWith most of 'em its seemin' like they world is staged\nBut from Georgia to BK and all around the world\nGet your hands in the air if your avoiding the cliche\nIf you've been hurt and you alone be steady\nThese the same dudes from rewind, grown and ready, and uh\n\n(Yea; uh)\nYou can just love me like they do\n(Vo we back man; Its a beautiful thing dog)\nI need someone special in you\n(Uh; I'm looking for somebody special man I'm serious; Ho!)\nI know that out there, theres a few\n(I know that they out there man)\nSee I've been searching, I dont know what to do\n(Ho! You gotta help me man)\nCan you help me?\n(Uh)\nSpecial\n(Uh; yea; I need you to hold me down babe)\nBy that I mean that you gon hold me down\n(Uh)\nGotta be special\n(Yeah; You never really know right?)\nCause you never know how people stick around\nSpecial\nA girl I can love that sees nothing wrong with getting used to me\nYeah my name ain't change but I'm far from the man that I used to be\n\n[Verse 3: Drake]\nLook theres requirements to be an admirer\nStill the new version of fresh needa a Nia or Tyra\nSo we can be Jenny and Swayze\nI told you I'm careful with my heart girl, many have played me\nOr maybe it's karma\nThey say is a charmer\nHalfway to a knight so I stay in a armor\nI'm fire on the move\nA tire looking smooth\nI'm not perfect but I got a desire to improve\nI'm special\nLike kids in a graduating class\nHaving more trouble than others when adding basic math\nNeed you to be special like areba to cootmore\nDouble O, top secret agents with suits on\nSomething so deep it da drown me\nFriends are some cool dudes\nI vouch for the people around me\nOn your end its simple\nAll you have to do\nIs give me no reason for other lovers after you and uh\n\n(Yep; ho!; Were makin history right now man)\nYou can't just love me like they do\n(Yea; And you a legend for real, ima give you that man)\nI need someone special in you\n(Uh; Yea; I know they out there man)\nI know that out there theres a few\n(Ho!; Yeah uh)\nSee I've been searching I don't what to do\n(You gotta help me baby)\nCan you help me?\nSpecial\n(All around the world)\nBy that I mean that you gon hold me down\n(From LA to VA)\nSpecial\n(Memphis Tennessee whats goin' on)\nCause you never know how people stick around\nGotta be special\nA girl I can love that sees nothing wrong with getting used to me\nYea my name ain't change but I'm far from the man that I used to be\n\n[Outro]\nVo and D-R[Outro]\nVo and D-R-A-K-E\nWe them boys that you came to see (so get busy ya'll)\nYep we take it to the same degree\nSo let loose since you came with me (get busy ya'll)\nVo, D-R-A-K-E\nWe them boys came to see (get busy ya'll)\nYeah we take it to the same degree\nSo let loose cause you came (get busy ya'll)-A-K-E\nWe them boys that you came to see (so get busy ya'll)\nYep we take it to the same degree\nSo let loose since you came with me (get busy ya'll)\nVo, D-R-A-K-E\nWe them boys came to see (get busy ya'll)\nYeah we take it to the same degree\nSo let loose cause you came (get busy ya'll)", "image": "https://images.genius.com/c85f36c02060316fcec1ed423c60f0da.1000x1000x1.jpg"}], "artist": "Drake"}