{"songs": [{"title": "Views From The 6", "album": null, "year": "2014-08-22", "lyrics": "[Produced by THC and DJ Dahi]\n\n[Verse 1: Drake]\nYou must remember wakin' up in Paris with the blunt\nYou must remember fuckin' me like anytime you want\nWhat made us wanna act like we were married for two weeks?\nNow we back in California, we don't even speak\nThat's a no no\nEveryone said we look good on paper\nYou deserve that action\nPlus you get more paper than I do, that shit attractive\nThings that make me miss you, where Jen and Melissa\n(Say Hi, M)\nTell the squad I said what up girl\nLook at me, look at me, look at I\nBallin' out, swear I use to be shy\nYoung nigga\nBack when I, was tryna' make a, MI\nMy nigga, when can I\nHow is this shit goin' how it is\nI always seem to kill it and yet everybody lives\nI hope that they remember me, for everything I did\nIt's some views from the 6\nJust some views from the 6", "image": "https://images.rapgenius.com/e734ed0895c7e66b239e75176b0608df.600x600x1.png"}], "artist": "Drake"}