{"songs": [{"title": "Drake's Tattoos", "album": null, "year": null, "lyrics": "A body map of Drake's tattoos\n\nBack:\nH Star\nDennis Graham Mugshot\nOwl\nAaliyah\nSongbird\nGrandmother and Uncle\nMother\n\n\nRight Side:\n416\nBottle of Drakkar Noir\nUnruly flaming skull\nHibiscus & bee\nLil Wayne portrait\n\"All Kinds\"\n\n\nLeft Side:\nSade\nTree\n\u201cOktober Lejonhj\u00e4rta\u201d Lion\nEast Side Compass\nBbk\nSongbird & XO 20\n\nRight Arm:\nCN Tower\nAll Kinds\nPrayer Hands Emoji\n6\nDenzel Washington portrait\nRihanna eating ice cream\nCamoflague Shark\nJack-O-Lantern\nAdonis\n\nLeft Arm:\nEVERYTHING HAPPENS FOR A REASON SWEET THING\nForever Fif\nEye of Horus", "image": "https://images.genius.com/22999a3378819809ee4848f7c60a744c.1000x1000x1.jpg"}], "artist": "Drake"}