{"songs": [{"title": "Doing It Wrong  (Briana Datuin)", "album": null, "year": "2011-11-23", "lyrics": "[Verse 1]\nWhen a good thing goes bad it's not the end of the world\nIt's just the end of a world that you had with one girl\nAnd she's the reason it happened, but she's overreacting\nAnd it's all because she don't want things to change\n\n\n\n\n[Verse 2]\nWe live in a generation of not being in love, and not being together\nBut we sure make it feel like we're together\nBecause we're scared to see each other with somebody else\n\n[Hook]", "image": "https://images.genius.com/22999a3378819809ee4848f7c60a744c.1000x1000x1.jpg"}], "artist": "Drake"}