{"songs": [{"title": "Missin' You (Freestyle)", "album": "Comeback Season", "year": null, "lyrics": "[Intro]\nI can't stop missing you, wish I was still with you\nI can't stop missing you\nNo, no, no, no\nI can't stop missing you, wish I was still with you\nI can't stop missing you\nNo, no, no, no\n\n[Verse 1: Drake]\nNah\nI never needed advice about\nAll the things you liked to do when it was lights out\nI drove nice cars\nI got a nice house\nBut now I'm steady missing you like a strikeout\nI always wished I would of cared more\nThats my only feeling inside when ever I get a song done\nI'm scared that every girl I care for\nWill find a better man and end up happier in the long run\nYa, and when she not by my side\nAnd I hear that she gone\nNow its like a shock to my pride\nI dont care if she know\nCuz thats basically just a male ego\nSpeaking aloud to some real people\nBut you can bounce back\nGo ladies\nMore records, more sex, more babies\nYeah, wanna grant one of my wishes\nTired missing you, I'm tryna make you a missus\n\n[Verse 2: Trey Songz]\nI miss the way you kiss\nI miss the way wear them heels and make it switch\nMiss the way ya hair blows in the wind\nAnd I miss you staying here till the morning\nMiss the way you put on your makeup\nMiss the way you love me too much\nIt's everything about you baby\nWanna know where you been lately\nDo you go out, do you still live at your old house\nDo you got somebody new in your life\n'Cause I can't get you outta my mind\n\n[Bridge]\nAnd I wanna erase but I can't stop seeing your face\nIn every girl I try to replace\nYou with, why can't I get over it\nSimply 'cause I can't\n\n[Hook]\nI can't stop missing you, (Can't Stop) wish I was still with you (With you)\nI can't stop missing you NO NO NO NO\nI can't stop missing you, (Can't stop) wish I was still with you (with you)\nI can't stop missing you, NO, NO, NO, NO\nI can't stop\n\n[Verse 3: Trey Songz]\nMissin' everything you say\nMissin' all the crazy love we made\nWhy'd you throw it all away\nI want you to know its been hell tryna do this with out you here\nBaby 07' supposed to be our year\nYou confront my worst fears\nAnd I had my doubts every time you was going out\n'Cause I knew you were tellin' me lies\nAnd I can't get that outta my mind\n\n[Bridge]\nAnd I wanna erase but I can't stop seeing your face\nIn every girl I try to replace\nYou with, why can't I get over it\nSimply 'cause I can't\n\n[Hook]\nI can't stop missing you, (Can't Stop) wish I was still with you (With you)\nI can't stop missing you NO NO NO NO\nI can't stop missing you, (Can't stop) wish I was still with you (with you)\nI can't stop missing you, NO, NO, NO, NO\nI can't stop\nI can't stop missing you, (Can't Stop) wish I was still with you (With you)\nI can't stop missing you NO NO NO NO\nI can't stop missing you, (Can't stop) wish I was still with you (with you)\nI can't stop missing you, NO, NO, NO, NO\nI can't stop\n\n[Outro]\nI can't stop, missing you\nI can't stop, missing you\n(I don't wanna stop) I can't stop missing you\n(Baby) I can't stop missing you\nNo, No, No, No\nI can't stop, Missin you", "image": "https://images.genius.com/866a4a7df935705e834f236499d617c6.1000x1000x1.jpg"}], "artist": "Drake"}