{"songs": [{"title": "Wu-Tang Forever", "album": "Nothing Was the Same", "year": "2013-09-24", "lyrics": "[Produced by Noah \"40\" Shebib]\n\n[Hook]\nI just love when I'm with you, yeah, this shit is on ten\nWe used to be friends, girl, and even back then\nYou would look at me with no hesitation and you'd tell me baby, it's yours\nNobody else's, yeah, this shit belong to nobody, it's yours\nNobody else's, yeah, this shit belong to nobody and that\nWhat made me think about the game, girl\nAnd how I switched it up with a new thing\nYoung nigga came through on his Wu-Tang\nAnd nowadays when I ask about who got it, they say it's yours\nNobody else's, yeah, this shit belong to nobody, it's yours\nNobody else's, yeah, this shit belong to nobody, it's yours\nIt's yours, it's yours, it's yours that's for sure, that's for sure\nIt's yours, it's yours, it's yours that's for sure, that's for sure\n\n[Bridge]\nHow you feel about comin' home with a nigga for the night?\nIf you nervous, hit the lights, I know we only fuckin' out of spite\nCause your man don't do you right, do you right, I could fuck you so good\nThen I hit you with the 9 a.m. in Dallas who you like, baby, who you like?\n\n[Verse]\nMachine gun raps for all my niggas in the back\nStadium packed, just glad to see the city on the map\nI just gave the city life, it ain't about who did it first\nIt's 'bout who did it right, niggas looking like \"Preach\"\nOpen cases on me for a half a million each\nI find peace knowing that it's harder in the streets, I know\nLuckily I didn't have to grow there\nI would only go there cause niggas that I know there\nI don't know what's getting into me, I just like the rush\nWhen you see your enemy somewhere in the club and you realize\nHe just not in a position to reciprocate your energy\nYou ain't ever worried cause he's not who he pretends to be\nPeople like Mazin who was a best friend to me\nStart to become a distant memory, things change in that life\nAnd this life started lacking synergy\nAnd fuckin' with me mentally, I think it's meant to be\nParanoid, always rolling with my mothafuckin' boys\nBut you gotta understand when it's yours\nThey don't really leave your ass with a mothafuckin' choice, man\n\n[Hook]\nI just love when I'm with you, yeah, this shit is on ten\nWe used to be friends, girl, and even back then\nYou would look at me with no hesitation and you'd tell me baby, it's yours\nNobody else's, yeah, this shit belong to nobody, it's yours\nNobody else's, yeah, this shit belong to nobody and that\nWhat made me think about the game, girl\nAnd how I switched it up with a new thing\nYoung nigga came through on his Wu-Tang\nAnd nowadays when I ask about who got it, they say it's yours\nNobody else's, yeah, this shit belong to nobody, it's yours\nNobody else's, yeah, this shit belong to nobody, it's yours\nIt's yours, it's yours, it's yours that's for sure, that's for sure\nIt's yours, it's yours, it's yours that's for sure, that's for sure", "image": "https://images.genius.com/9838d0b45ef0f886d371a0e2572f7c6c.1000x1000x1.jpg"}], "artist": "Drake"}