{"songs": [{"title": "Apology for Autism Line", "album": null, "year": null, "lyrics": "J.Cole wrote a beautiful and moving apology to individuals and families affected by autism who were understandably hurt by a verse in \"Jodeci Freestyle\". I share responsibility and offer my sincerest apologies for the pain this has caused. Individuals with autism have brilliant and creative minds, and their gifts should not be disparaged or discounted. This was a learning lesson for both of us, and I\u2019m grateful for the opportunity to try to right this wrong. J. Cole and I believe that it is the right, responsible, and respectful decision to remove the lyric from the song.", "image": "https://images.genius.com/22999a3378819809ee4848f7c60a744c.1000x1000x1.jpg"}], "artist": "Drake"}