{"songs": [{"title": "I Could Never", "album": null, "year": null, "lyrics": "[Intro]\nYeah\nOh\nYeah\n\n[Verse 1]\nEverybody said that you let me down\nHesitation bring the \"you\" around\nMakes no difference what you used to do\n\n[Chorus]\nI could never be ashamed of you\nI could never\nI could never\n\n[Verse 2]\nMaybe you were reckless yesterday\nI'm convinced you know a better way, I know it\nSome would judge based on what you've been through but\n\n[Chorus]\nI could never be ashamed of you\nI could never\nI, I could never (yeah, yeah)\n\n[Verse 3]\nYou've told me things\nHarsh truth to my face\nI've been told to walk away (just know)\nI could never\nThings that I would choose to do with you if I had time though\nThousand times I fucked you in my mind, trust me I know\n\n[Verse 4: Jorja Smith]\nEverybody said that I let you down\nAnd let the truth but I can still be found, yeah\nLost my way and only you were there\n\n[Chorus: Jorja Smith]\nCould you ever be ashamed of me?\nCould you ever, yeah\nCould you ever\nCould you ever be ashamed of me?\n\n[Verse 5: Jorja Smith]\nSometimes I ask how you could ever want me\nHow could you choose that you would ever love me\nYours were the truest eyes I'd ever seen\nTo be in a stare right back at me\n\n[Chorus: Jorja Smith]\nCould you ever be ashamed of me, yeah\nCould you ever\nCould you ever\nCould you ever be ashamed of me, yeah\nCould you ever\n\n[Outro: Jorja Smith]\nWhy can't you ever", "image": "https://images.genius.com/22999a3378819809ee4848f7c60a744c.1000x1000x1.jpg"}], "artist": "Drake"}