{"songs": [{"title": "The Winner", "album": "Born Successful", "year": "2009-08-15", "lyrics": "[Verse 1]\nI\u2019m performing tonight you know that shit gone be packed\nPay me in advance and make sure that it\u2019s exact\nMy ex girl\u2019ll probably show up for the simple fact\nThat tomorrow she can tell all of her friends it was whack\nBut fuck that though, this about me\nThey say my whole fan base is missing ID\nBut the young trendsetting musician I be\nGot critics giving up the recognition I de-serve\nNever bring your Mrs by me\nI\u2019m it I\u2019m it call me Mr. IT\nIf I get one wish I'ma wish to die free\nThey say gon head, ball like Ms. Arie and I do\nThe realest in my age group, no shit\nSoHo, Cosmo, Balmain blow fish\nLet's make a toast, tell your friends come closer\nDrinks on me like a coaster\n\n[Chorus]\nWe doing it big\nLook at what I done\nLook at where I\u2019m is\nIt\u2019s only just begun\n'Cause I was staying home\nWhen they was having fun\nSo please don\u2019t be surprised when they announce that I won\nAnd this is how my speech goes\nI deserve this shit, I deserve this shit, I deserve this shit\nThat\u2019s all I got to say, at the top is where I stay\nAnd tell my haters never go away\nThe Winner\n\n[Verse 2]\nLong awaited, hated\nFans see me out and they holla happy belated\nIt\u2019s about time that you made it\nI was bumping your songs when nobody else played it\nWhen I was up in Hot Beats in Atlanta steady giving daps\nFetching niggas drinks but I never got to rap\nIf anybody asked though I prolly woulda snapped\nBut I can\u2019t sign nothing 'til my lawyer get the facts and\nNo one decides who the definition of talent is\nAnd Mrs. Murray look at what my talent did\nAnd what your business is\nIt's been a couple years\nGuess it\u2019s not about who you know\nIt\u2019s just how you balance it\nIt\u2019s always awkward to dummy a nigga artist\nAnd get on someone song when you know you coming the hardest\nIt's how you start actin' when nobody can reach you\nMy plan just hatched, happy easter\n\n[Chorus]\nWe doing it big\nLook at what I done\nLook at where I\u2019m is\nIt\u2019s only just begun\n'Cause I was staying home\nWhen they was having fun\nSo please don\u2019t be surprised when they announce that I won\nAnd this is how my speech goes\nI deserve this shit, I deserve this shit, I deserve this shit\nThat\u2019s all I got to say, at the top is where I stay\nAnd tell my haters never go away\nThe Winner\n\n[Verse 3]\nUhh, ok I do it for the love\nBunk bed flow, always one level above\nIf I\u2019m in your starting five you will never need a sub\nAnd I\u2019m neva looking down so I always know wassup\nA lot of people sayin' fuck me\nProblem is they be telling everybody but me\nBut I always got a Starbucks verse\nBeing brewed too hot please please double cup me\nThey never gave me support like Chuck Ts\nAnd I never trust a nigga saying trust me\nNick cannon and will never did it this ill\nSo you tell the house band don\u2019t you dare interrupt me\nThanks to my mother for never giving up\nYou deserve the world, now gon' live it up\nThanks to Uncle Steve, my hero who always saved us\nI could never give back everything you gave us\n\n[Bridge]\nAnd to my dad even though we was apart\nI couldn\u2019t leave you out, you forever in my heart\nYeah, and in the name of Evelyn Sher\nI\u2019ll forever forgive anybody that never was there\nFor me, no other woman could ever compare\nMy angel, I hope heaven\u2019s prepared for whenever you there\n\n[Verse 4]\nI got a revolutionary flow in every scenario coming through your stereo\nGot a new chick, booty round like the merry go\nBitches like where he at, they be like there he go\nAnd this verse deserve a burial\nDon\u2019t cry for me this ain\u2019t motherfucking Mario\nYeah and Polo isn\u2019t at my session\nIt\u2019s the anticipation keeping everybody guessing like\n\n[Chorus]\nWe doing it big\nLook at what I done\nLook at where I\u2019m is\nIt\u2019s only just begun\n'Cause I was staying home\nWhen they was having fun\nSo please don\u2019t be surprised when they announce that I won\nAnd this is how my speech goes\nI deserve this shit, I deserve this shit, I deserve this shit\nThat\u2019s all I got to say, at the top is where I stay\nAnd tell my haters never go away\nThe Winner", "image": "https://images.genius.com/09c843b49a2466e1a43f2a46ad8bcf1c.500x500x1.jpg"}], "artist": "Drake"}