{"songs": [{"title": "Same Mistakes (Fall For Your Type)", "album": null, "year": null, "lyrics": "[Verse 1]\nCan I, can I save you from you?\nCause you know there's something missing\nAnd that champagne you've been sippin's not supposed to make you different all the time\nIt's starting to feel like the wrong thing to do, yeah\nCause with all that recognition it gets hard for you to listen\nTo the things that I must say to make you mine\nBut live girl, have some fun girl, we'll be fine\nTrying to convince myself I've found one\nMaking a mistake I never learned from\n\n[Hook]\nI swear I always fall for your type, yeah, for your type\nTell me why I always fall for your type, for your type\nI just can't explain this shit at all\nI just can't explain this shit at all\nI just can't explain this shit at all\nI just can't explain this shit at all\nI believe in people like you\n\n[Verse 2]\nCause who am I to judge you on the past, girl\nI bet there's a reason for it all\nYou say that you're nothing like the last girl\nI just pray that you don't let me down right now\nBut it's too late, cause I'm already yours\nYou just gotta promise me, hearts won't break\nAnd end up like before\n\n[Hook]\nI swear I always fall for your type, yeah, for your type\nTell me why I always fall for your type, for your type\nI just can't explain this shit at all\nI just can't explain this shit at all\nI just can't explain this shit at all\nI just can't explain this shit at all\nI believe in people like you\n\n[Verse 3]\nLook, dress hanging off your shoulder, barely sober\nTelling me how you moving away and starting over\nGirl, quit playing you just drunk. You just saying shit\nOh you dance, dance like how, like ballet and shit\nOh, wait... No, I get it girl, I'm with it\nI've been down this road before and yeah I skidded but forget it\nDamn, I wonder why I never why I learned my lesson\nIt's feeling like the second chance and its the first impression\nAnd I heard it's nothing new except for someone new\nBut how you supposed to find the one when anyone will come with you\nTalking to myself but I never listen\nCause man it's been a while, and I swear that this ones different\nThat's why I'mma take you anywhere you wanna go\nLet you meet my friends so they can lecture me again about\nHow reckless I have been\nAnd I'm slowly running out of all the time that I invest in\nMaking all the same mistakes and I'm just trying to correct it\nAnd I fall...\n\n[Hook]\nI swear I always fall for your type, yeah, for your type\nTell me why I always fall for your type, for your type\nI just can't explain this shit at all\nI just can't explain this shit at all\nI just can't explain this shit at all\nI just can't explain this shit at all\nI believe in people like you", "image": "https://images.genius.com/22999a3378819809ee4848f7c60a744c.1000x1000x1.jpg"}], "artist": "Drake"}