{"songs": [{"title": "Honorable Mention", "album": null, "year": null, "lyrics": "[Verse 1]\nKD, I know you're here, I know you understand me\nReal talent doesn't always win championships\nLike real music doesn't always win Grammy's\nBut we're okay...\nHonorable mention works for me and you\nHonorable mention, hey, hey\nYou're lucky that LeBron finally had to lose\nHe gets an honorable mention, hey\nIt ain't so bad being number two\nYeah, season's over, just hold on you're going home\nCan't deal with life's hurdles like you're Lolo Jones\nSeries over, feel the sorrow, drink it down\nBartender I think I'll have a Triple Crown\nAnd I'm the only one, I think I'll be the only one\n\n[Verse 3]\nYou ready\nIggy Azalea and Swaggy P\nI love you both, you're like a poor man's Jay and Bey\nYou know what I'm saying?\nCollin Kaepernick you know I love to see you flexing\nIt's just a damn shame that Michael Crabtree can't catch it\nDanica you don't always come in first place we know\nBut somehow in Nascar you're the only face we know\n\n[Verse 4]\nHonorable mention\nHonorable mention\nDidn't win didn't lose\nJust got a honor mention\nAnd now the whole the whole U.S of A are soccer fans too\nThey get an honorable mention\nBut even in Brazil inspirational dreams don't always\nCome true", "image": "https://images.genius.com/22999a3378819809ee4848f7c60a744c.1000x1000x1.jpg"}], "artist": "Drake"}