{"songs": [{"title": "Exposed (Voyce Diss)", "album": null, "year": null, "lyrics": "[Intro]\nDamn V-O, sounds like you got a lot of niggas mad at you bruh. Guess that's what happens when uh, you a R&B Diva tryna live a rapper's life. You know what I'm saying. But um, if you really want it with me man I got you, I'mma show you what it is to get exposed, I hope I'm on key, hahaha\n\n[Bridge]\nThe V-O-Y I'm talking to you\nAnd both them record deals that ain't never go through\nOK Voyce, we know you was a snitch\nBut you don't get your boys back like that\nStill need a ride, you ain't gettin paid\nAnd Taj got you at them shoots wearing pink shades\nOK Voyce, always knew you a bitch\nBut I ain't know you got down like that\n\n[Verse 1]\nI hear you issuing threats, you need to kill the jive talk\nFurthest thing from street bruh, that's why I call you sidewalk\nWe here waiting, if you stupid then try it\nHow you gon' knock me out lookin' like Snoop on a diet?\nUh, listen slim fast, we all know that\nThe only time that you raisin' up the shooters is in the gym class\nThis ain't dooms day, this today and after\nThis a diss track from your sister's favorite rapper\n\n[Interlude]\nOh man... Yo V-O man let's reminisce for a second man, we been through a lot of shit man. Like um, you remember when, you remember when you used to kick it at Jazzy's studio yo? And you used to make fun of Rahmel and say that he looked so old that if you punched him in the face, his head might turn to dust yo. I remember that, and you used to make of Diggs too man and now you like, standing side by side with him cuttin' records, I think that shit funny man. Ayo Boi-1da you remember the time he told us about um, knockin' some dude out back in uh, what was it college, university man, but really, he got his ass laid out and had to call D10 to come fix him up [laughs]. Oh man. let's get back into the track\n\n[Verse 2]\nHo, I hope this ego trip you on won't last honey\nCause everyone you get around got you gas money\nAnd where the cash at? Nigga speakin' of gas money\nWe all had to give you lifts, isn't that funny?\nIt's real talk, you know better I don't play that\nHe tell you I'mma liar, I figured that he would say that\nBut this the same nigga that be talkin' about a Maybach\nAnd can't make a move from his momma house in Ajax\n\n[Interlude]\nDawg, I mean, you just shit on everybody, b. And that's ya problem man, I'm about loyalty man. I mean, I remember when you told me that D10 better pull his act together or else he gon' be babysittin' ya kids man, damn! You done shit on Sho, Me, Symphony, Andreena, Carmen, Lanny, Jazzy, Promise. Man, you done made fun of everybody over at Maxamus Melanie, Taj, Rahmel, Diggs. You said you was gonna knock ex out. You even made fun of Boi-1da when I wasn't around. I mean dog, you, you just a unloyal cat man (It's what it is) and this the commitment right here, Heartfelt music, ho! Ya man Toronto I got you for the next two summers don't even worry man. Yeah, shout out to everybody I know, everybody that's down with me that know that they down with me man. Precise waddup, Jason Johnson waddup, Niko waddup, Janyelle I see you baby and I know you seeing Niko, hahah\n\n[SPINZ VOICEMAIL MESSAGE]", "image": "https://images.genius.com/22999a3378819809ee4848f7c60a744c.1000x1000x1.jpg"}], "artist": "Drake"}