{"songs": [{"title": "These Days", "album": null, "year": "2016-03-29", "lyrics": "[Verse 1]\nI've been out walking\nI don't do too much talking these days\nThese days\nThese days I seem to think a lot\nAbout the things that I forgot to do\n\n[Hook]\nThese days\n\n[Verse 2]\nI've met some women\nI wish I had resisted these days\nThese days\nThese days I seem to think\nAbout how I have failed\nTo change all of my ways\n\n[Hook]\nThese days\n\n[Verse 3]\nYeah, I had a lover\nDon't think I'd risk another\nThese days\nThese days\nAnd if I seem to be afraid\nJust listen to the life I've made in songs\n\n[Hook]\nThese days\n\n[Verse 4]\nI've stopped the dreaming\nI don't do too much scheming\nThese days\nThese days\nI sit inside a chauffeur car\nWith windows down and count the stars\nThese days\nThese days", "image": "https://images.genius.com/22999a3378819809ee4848f7c60a744c.1000x1000x1.jpg"}], "artist": "Drake"}