{"songs": [{"title": "More Than A Meme", "album": null, "year": null, "lyrics": "[Intro]\nIt's uhm, it's great to be back on SNL\nWhere's Toronto at? Is Toronto in the house tonight? Yeah\nSo...as you can tell I'm from Canada\nAnd I know what you're thinking, but... no\nYou can not move in with me if Trump wins\nI'm sorry, that's no go\nI really am glad to be here but you'll ha...you'll have to excuse me if I seem a little upset\nBackstage, right before I came out\nMy friend showed me this...meme he found online\nAnd it just...it really shook me\nIt was a picture of me dancing in my Hotline Bling video\nAnd some joker...had put a caption on it that said\n\"When you farted and got away with it\"\nAnd if I'm being real, like...it hurts, you know...and it...\nIt just seems like this keeps happening to me\nAnd I don't know...It's almost like I can do is sing about it\nSo...I'm ready\n\n[Verse 1]\nDrinks with some old friends\nThat's when it happens again\nI start hearing from the whole fam\nThat I got clowned on Instagram\nTryna hide my reaction\nWhen I read the funny caption\nFeels like I'm in a bad dream\nCause I got turned into another meme, yeah\n\n[Hook 1]\nI just wanna scream\nThat I'm more than a meme, that's right\nI just wanna scream\nThat I'm more than a meme\n\n[Verse 2]\nCatch me looking with those bedroom eyes\nAsking if you're gonna finish those fries\nTryna say you really care about me\nBut then you put my picture on E.T (It's not nice)\nHow can I explain to my momma\nWhen you got my beard on Obama\nI do not complain, I am not a whiner\nBut why am I sitting on the Seinfeld diner?\n\n[Hook 2]\nI feel like I'm swimming upstream\nAgainst all of these memes\nWhy do they attack me?\nAnd then attack my favorite team?\n\n[Verse 3]\nLook, I'm not just a picture, I have feelings too\nLike, how would you feel if it happened to you?\nIf I came after you, did a meme of her\nYeah cause your sketch got cut after dress rehearsal (eighty)\nWhat if I found your moment of pain\nAnd used it for my own comedy gain?\n\n[Shortened Hook]\nNow you know what I mean\nThat I'm more than a meme\n\n[Verse 4]\nAnd look, I get that my face is expressive\nBut some of the memes are a little aggressive\nI would just say it's a little excessive\nWhen you go make me the face of Progressive\nI know it's not important\nBut when they catch my face contorted\nAnd the meaning gets distorted\nI can only help but feel like crying Jordan\nI'm more than a meme\n\n[Interlude: Drake + Drake as Rihanna]\nOh, ladies and gentleman, do I have a treat for you tonight\nRihanna is here tonight, make some noise\nOh I'm so excited to be here tonight\nOh my God, oh my God\n\n[Beat-Switch]\n\n[Bridge]\nYeah, see Drake ain't a meme, meme, meme, meme, meme\nBut it nah seem, seem, seem, seem, seem, seem\nAnother joker getting, getting, getting, getting, getting\nI swear we only friend, friend, friend, friend, friends...\nAlright, Rihanna's incredible ladies and gentleman\nMake some noise for her please\n\n[Beat-Switch]\n\n[Outro]\nI should take it as a sign of self-esteem\nIt feels like I'm the victim of an internet scheme\nIt's just hard when it seems\nYou don't love me for me\nYou just love me for memes", "image": "https://images.genius.com/22999a3378819809ee4848f7c60a744c.1000x1000x1.jpg"}], "artist": "Drake"}