{"songs": [{"title": "Teach You A Lesson", "album": null, "year": null, "lyrics": "[VERSE 1]\nMan, you so crucial baby\nAnd that champagne so fuchsia baby\nI do things that you ain't use to baby\nAnd take you back home to St. Lucia baby\nWhen raindrops hit the tan roof its crazy\nThat's a metaphor, did I lose ya baby?\nWhen you are wet and covered in sweat\nI'll wipe ya ass down like Boosie baby\nAnd love, I don't mind feedback\nTell me to give it to ya if you need that\nTouch right there, whatever the speeds at\nIf it's over fast then I promise you will relapse\nForget what you guess that I'm on and who is in your past\nI'm in the fresh and grown\nJust charge that cell that I message you on\nAnd if you lets us girl, I'mma bring the dressing along\nYou hear that professional tone?\nHalf of that's ice and the rest is Patron\nShow up on time for the class I'm teaching\nCause guaranteed I'mma bring a lesson along\nAnd you just gotta bring the breastes along\nInstead of holding out wondering what it coulda been\nI confess this address to you\nAnd I'm the post man looking for a slot I can put it in\nWith no New York number mom still upstairs\nI'm two floors under but my room's sound proof\nYou so tempted to satisfy your urge so you don't wonder\nYeah\nI know I told you before I'll grab that for ya like holding a door\nCause mines it Polo and yours is Vickie\nAnd they just spread all over the floor like\n\n[VERSE 2]\nYou feel so good\nYou smell so good\nYou feel so warm\nJust like I knew you would\n\n[Hook]\nCan't let you go\nCan't let you go\nI can't let you go\nYou were late to school\nI'm gonna have to see you after class\nYou been a bad girl\nSomeone's gonna have to teach you a lesson\nYou been a bad girl\nSomeone's gonna have to straighten you right out\nYou been a bad girl\n\n[BRIDGE]\nSomeone's gonna have to teach you\nTeach you, teach you, teach you, teach you\nTeach you, teach you, teach you, teach you\nSomeone's gonna have to\nTeach you, teach you, teach you, teach you\n\n[VERSE 3]\nYou can call me professor\nBut baby you broke the rules\nYou won't get the grade you want\nUnless you stay after school\nSo you can work it off\nBaby I can give you extra credit\nBut there's something else\nGirl can I frisk you?\nSearch you body for\nYou look so guilty to me\nIf I make you nervous\nIts cause your hiding ?\nAnd I'm going to sentence you\nBaby you can do your time on me\n\n[Hook]\nI can't let you go\nI can't let you go\nYou were late to school\nI'm gonna have to see you after class\nYou been a bad girl\nSomeone's gonna have to teach you a lesson\nYou been a bad girl\nSomeone's gonna have to straighten you right out\nYou been a bad girl\n\n[BRIDGE]\nSomeone's gonna have to teach you\nTeach you, teach you, teach you, teach you\nTeach you, teach you, teach you, teach you\nSomeone's gonna have to\nTeach you, teach you, teach you, teach you\n\n[OUTRO]\nJust for the moment\nFor tonight\nCan I make you mine?\nIs it me, is it us?\nCan I love you all of my life?", "image": "https://images.genius.com/22999a3378819809ee4848f7c60a744c.1000x1000x1.jpg"}], "artist": "Drake"}