{"songs": [{"title": "KMT", "album": "More Life", "year": "2017-03-18", "lyrics": "[Intro: Giggs & Drake]\n(Ness on the beat)\nYeah, yeah, yeah, yeah, yeah, yeah\nYeah, okay, okay, okay\n\n[Verse 1: Drake & Giggs]\nDemon just got out the can (Yeah)\nI gave my bro an advance (Yeah)\nLove is just not in my plans\nNot even takin' a chance\nStudio right in my yaad\nI'm doin' ten in a week\nHow long I been on this streak?\nDream about work in my sleep (Oof)\nOkay, I got a lock on the streets\nShoutout to T, he did three\nAnd he brought it in 'cause of me\nYou don't know nothin' 'bout me\nLife for my bruddas is deep\nLong as they all on they feet\nLong as they pockets is greaze (Greaze!)\nI'm in the penthouse but still, nothin' is sweet (yeah)\nDust a man down with the pen, it's a sweep (Mmm!)\nTaller in person, you'll see when we meet\nI heard your new shit and I'm kissin' my teeth\nJheeze!\n\n[Interlude: Giggs]\nYou know dem ones? Hahaha\nYeah, ahh!\n\n[Verse 2: Giggs]\nBringin' that dirty-dirty, bringin' that certy (Certy)\nMizzy with the quick extension, ringin' off thirty (Rah!)\nI've got bitches in the merky, swervin', lookin' all curvy\nAnd you already know I love them breasts, lookin' all perky\nLookin' all Christmas gift-wrapped, lookin' all turkey\nSpen jumped out the Ghost in a suit, lookin' all churchy (oof!)\nFingers all itchin', twitchin', lookin' all jerky (Jerky)\nWhippin' that white girl (Yeah?), cookin' that Cersei (Dah!)\nI was pushin' that dark shit, pushin' that charcoal (Yeah)\nNow this is that big bad, this is Gustavo (Mmm!)\nLook at them jokers, look at that arsehole\nMan are gettin' bread now, and this is that hard dough (Yeah)\nClap man, dominant murder\nI'm a black man, government earner\nCould've just slapped man, but he wanted it further (Why?)\nBatman, da-na-na-da-na\n\n[Outro]\nOctober Firm", "image": "https://images.genius.com/492890e920533797aa7eccf68e467b8a.1000x1000x1.jpg"}], "artist": "Drake"}