{"songs": [{"title": "Trust Issues (Gizzle Mashup)", "album": null, "year": "2011-07-22", "lyrics": "[Verse 1: Drake]\nAll I care about is money and the city that I\u2019m from\nI\u2019mma sip until I feel it, I\u2019mma smoke it 'til it\u2019s done\n\n[Verse 2: The Weeknd]\nAll she cares about is money\nAnd the city where she's from\nHer intention is the paper\nShe don't need no fucking love\n\n[Verse 3: Drake]\nAnd I don\u2019t really give a fuck and my excuse is that I\u2019m young\nAnd I\u2019m only getting older, somebody shoulda told you\n\n[Verse 4: The Weeknd]\nShe spilling all this liquor\nTrying to pass me all these cups\nWell baby girl, I'm zoning\nSomebody should've told her\n\n[Hook: Drake & The Weeknd]\nI popped one\nFuck it, I popped one\nOh girl, I'm on one\nFuck it, I popped one\n\n[Verse 5: Drake]\nTwo white cups and I got that drink\nIt could be purple, it could be pink\nDepending on how you mix that shit\nMoney to be got, and I'mma get that shit\nCause I\u2019m on one, fuck it I\u2019m on one\nFuck it, I popped one\nI popped one\n\n[Verse 6: The Weeknd]\nGirl, I'm lying, I'm on a few\nDon't you worry, this ain't new\nCan we take this to your spot?\nI'm on eviction number 2\nCause I popped one\n\n[Break: The Weeknd]\nFuck it I popped one\nTrust issues\n\n[Verse 7: Drake]\nYou know what I'm sipping, I'll teach you how to mix it\nBut you're the only one cause I don't trust these bitches\nI don't, I don't trust these bitches, they might catch me slipping\nSo, you're the only one cause I don't trust these bitches\nThey might, they might catch me slipping and put in something different\nSo you're the only one cause I don't trust these bitches\nI don't, I don't trust these bitches, they might catch me slipping\nOh\n\n[Verse 8: The Weeknd]\nDo you know what's going on over here\n[I do, I do, I do]\nHave you even bothered to look?\n[I did, Oh I did]\nWell if you know, then let me know\nWe don't gotta be running in these circles\nIn these circles, no more\nTrust Issues\n\n[Verse 9: Drake]\nDrizzy Drake, check me out\nComing live from the mothafucking North Side\nKick game, run game, run it real good\nBut never ever have my bitches sitting court side\nSame nigga that you knew way back when\nYou acting like it's somebody you don't know\nTell me, how the fuck we supposed to stay friends\nWhen you got a bunch of feelings that you don't show?\nI could tell, I could tell, I could tell\nCertain people don't like me no more\nNew shit don't excite me no more\nGuess that they don't really make them like me no more\nYou can look me in my eyes and see I ain't myself\nCause if y'all what I created then I hate myself\nBut still, let them girls in and tell 'em all\nLeave their cell phones on the table where we see them\nI'm all day with it man, A.M to the P.M\nNiggas hating, I just wish that they would say it when they see him\nThat's that shit that drives me crazy\nAnd that's all I've been getting lately\nAnd it's probably why I'm scared to put the time in\nWomen want to fuck like they're me and I'm them\nLooking for some things and I think that I can find them in you, in you\nWoah, trust issues\n\nTrust Issues", "image": "https://images.genius.com/22999a3378819809ee4848f7c60a744c.1000x1000x1.jpg"}], "artist": "Drake"}