{"songs": [{"title": "Know Your Worth", "album": null, "year": null, "lyrics": "(Verse 1)\nHeading nowhere fast baby tell me what\u2019s the rush\nYou know it takes a toll falling in and out of love\nHit you with the truth \u2018cause its things to discuss\nHe ain't got the truth so I see it as a plus\nHere it go, got the proof for ya (proof for ya)\nThe other nigga used to you, giving nothing but abuse to you\nTell me that shit usual (usual)\nIt\u2019s so unusual, that is nothing new to you\nI been analyzing ever since we gave it time (time)\nIn too deep it\u2019s weighing heavy on my mind (mind)\nYou been drinking heavy, I just see it as a sign (sign)\nYou\u2019ve been in denial \u2018cause you tell me that you fine\nAw yea, in the least bit (least bit)\nAll I see is you picking up the pieces\nWe all die, in our lives there are secrets\nSoft prize, in my ride I\u2019m the one you should be with\nGoing thru the sequence\nYea\n\n(Chorus)\nYou don\u2019t nothing, better know your worth\nNo discounts, getting all you deserve\nBetter know your worth (worth)\nAw yea\nSee I\u2019m riding \u2018round the city and I\u2019m stuck on you\nGot that thang sitting pretty tryna fuck with you\nGirl, I\u2019m on my way\n\n(Refrain)\nI\u2019m doing 180 on the interstate\nGot you rushing home \u2018cause you feel a way\nPull up with that passion, look you in your face\nBring you from those shackles, put you in your place\nDo you know your worth? (worth)\nSee I\u2019m riding \u2018round the city and I\u2019m stuck on you\nThat thang sitting pretty tryna fuck with you\nGirl I\u2019m on my way\n\n(Verse 2)\nI was always there when you need sum\u2019n\nAnd your mama said that we can be sum\u2019n\nSee you running low better re-up\n[?] I can pick your energy up, (yea)\nLately I\u2019ve been going through those bottles of that Ace\nThe deeper that I get then the more I see your face\nGetting harder to resist and I know you need your space\nBut you sending mixed emotions \u2018cause you\u2019re going through your phase\nFeelings coming down, I feel we running out of time (time)\nRegrets with common burdens weighing heavy on my mind\n[?] get you wet and he just hang you on the line (line)\nHang you out to dry, he forgot you over time\nUsed to hit me up on the late night too\nLatex, safe sex, came right thru\nSay you weren\u2019t sure even when you got proof\nSee you living with a lie, you confused by the truth\nAwwwwwww man\n\n(Chorus)\nIf you don\u2019t nothing, better know your worth\nNo discounts, getting all you deserve\nBetter know your worth\nAw yea, yea, yea\nSee I\u2019m riding \u2018round the city and I\u2019m stuck on you\nGot that thang sitting pretty tryna fuck with you\nGirl, I\u2019m on my way\n\n(Refrain)\nI\u2019m doing 180 on the interstate\nGot you rushing home \u2018cause you feel a way\nPull up with that passion, look you in your face\nBring you from those shackles, put you in your place\nDo you know your worth? (worth)\nSee I\u2019m riding \u2018round the city and I\u2019m stuck on you\nAnd that thang sitting pretty tryna fuck with you\nDo you know your worth?\nWorth, worth, worth, worth, worth, worth, worth\nDo you know your worth?\nWorth, worth, worth, worth, worth, worth, worth\n\n(Bridge)\nI wouldn\u2019t lie to you\nGood love providing you\nFrom late nights to sliding through\nWhat you decide to do?\nRemains with you\n\nFeelings coming down, I feel we running out of time (time)\n[?] get you wet and he just hang you on the line\nHang you out to dry, he forgot you over time\nRegrets with common [?] weighing heavy on my mind\nUsed to hit me up on the late night too\nLatex, safe sex, came right thru\nSay you weren\u2019t sure even when you got proof\nSee you living with a lie, you confused by the truth\nAww man\n\n(Chorus)\nIf you don\u2019t nothing, better know your worth\nNo discounts, getting all you deserve\nBetter know your worth (worth)\nAw yea\nSee I\u2019m riding \u2018round the city and I\u2019m stuck on you\nGot that thang sitting pretty tryna fuck with you\nGirl, I\u2019m on my way\n\n(Refrain)\nI\u2019m doing 180 on the interstate\nGot you rushing home \u2018cause you feel a way\nPull up with that passion, look you in your face\nBring you from those shackles, put you in your place\nDo you know your worth? (worth)\n\n(Outro)\nSee I\u2019m riding \u2018round the city and I\u2019m stuck on you\nAnd that thang sitting pretty tryna fuck with you\nDo you know your worth?", "image": "https://images.genius.com/22999a3378819809ee4848f7c60a744c.1000x1000x1.jpg"}], "artist": "Drake"}