{"songs": [{"title": "Bria's Interlude", "album": "So Far Gone", "year": "2009-02-13", "lyrics": "[Verse 1: Omarion]\nEven though you're all alone\nAll alone when I am gone\nI just wanna keep you warm\nI'm coming back, I'm coming back\nYes, I'll be there, yeah, yes, I'll be there\n'Cause when I'm all alone, I think about your face\nAnd how I wanna touch, I'm so far away (I'm so)\nAll I wanna do is give all of me now\nAre you ready? Are you ready? Yeah\n\n[Chorus]\nDon't go missing, fly with me\nDon't go missing, fly with me, fly with me\nDon't go missing, fly with me\n(Check it out, check it out)\nDon't go missing, fly with me, fly with me\n\n[Verse 2: Drake]\nI'm aware that we just met\nI don't wanna leave you yet\nPromise that I won't forget\nI'm coming back, I'm coming back\nYes, I'll be there, oh, yes, I'll be there, oh\nAbout to board a flight, sitting at my gate\nI just wanna touch you but I'm so far away (I'm so)\nAll I wanna do is give you all of me now\nAre you ready? Are you ready? Oh\n\n[Chorus]\nDon't go missing, fly with me\nDon't go missing, fly with me, fly with me\nDon't go missing, fly with me\n(Check it out, check it out)\nDon't go missing, fly with me, fly with me, fly", "image": "https://images.genius.com/83ad0a4cdf492e299e507a370ad173a4.1000x1000x1.jpg"}], "artist": "Drake"}