{"songs": [{"title": "A Milli Freestyle", "album": null, "year": null, "lyrics": "Yeah, its drizzy baby\nAh Ha uhh I\u2019m ready, alright J fresh I got 'em\n\nLook, I\u2019m really the heir to the fortune of a millionaire\nTalking money with me is really unfair\nAt the border like, \"I swear, I have nothing to declare\nI am nothing like these other niggas coming out this year\"\nEven if you never met me you can tell I\u2019m on the same shit\nLoyal as a mother fucker nobody be saying shit\nDope boys know me cause I often speak they language\nSo well spoken man I should have went to Cambridge\nY-o-u-n-g ho, women they can be so\nMotivated by money that\u2019s why they be on me for\nAsk your favorite rapper homie guarantee that he know\nIf he is the one I\u2019m the zero, (pshh damn)\nPlease comprehend I am a Surf Club general\nI\u2019m Mr. consistent I have never come in intervals\nYou don\u2019t want be caught in the middle like a center fold\nI'm committing suicide if we're ever identical\nClick clack pow how you like a nigga now?\nIn control of my domain\nThey can do what I allow\nAnd I know Toronto miss me I'mma be home in a minute\nThat's my city and I run it you just run around in it\nThey see me out in person and say I ain't heard you sing yet\nThe world is my playground dont fuck with my swingset\nWe get the pitching then that's when it gets to piling\nI'm calling your bluff don\u2019t act like you can\u2019t see me dialing\nI'm in, low cut Louis with them hard denim jeans an a beige jacket\nHands down the best in my age bracket\nHolla at me", "image": "https://images.genius.com/22999a3378819809ee4848f7c60a744c.1000x1000x1.jpg"}], "artist": "Drake"}