{"songs": [{"title": "One Dance (Dub)", "album": null, "year": "2016-06-29", "lyrics": "[Intro: Kyla]\nBaby I like your style\n\n[Verse 1: Drake]\nGrips on your waist\nUnruly me say\nThis sound just done the place\nStreets not safe\nPapi never run away\nEven when he's away\nOti, oti, there's never much love when we go OT\nI pray to make it back in one piece\nI pray, I pray\n\n[Hook: Drake]\nThat's why I need a one dance\nPoppy got that Hennessy in his hand\nWhat sound can test? I don't know\nWatch the whole dance get turned over\nSaid I need a one dance\nPoppy got that Hennessy in his hand\nWhat sound can test? I don't know\nWatch the whole dance get turned over\n\n[Bridge: Kyla]\nMixpak sound\nBaby I like your style\nYa unruly mudas!\n\n[Verse 2: Drake]\nStrength and guidance\nNext soundbwoy is not my friend\nMetro not smoke, so his yiy change\nUnruly gang, worldwide ting\nDon't know why they still try me\nBun Vegas, he cyaan reply me\nI don't wanna spend time fighting\nUnruly time\n\n[Hook: Drake]\nThat's why I need a one dance\nDrizzle got the machine in his hand\nWhat sound can test? I don't know\nWatch the whole dance get turned over\nSaid I need a one dance\nPoppy got that Hennessy in his hand\nWhat sound can test? I don't know\nWatch the whole dance get turned over, say\n\n[Outro: Wizkid]\nGot a pretty girl and she love me long time\nWine it, wine it, very long time\nOh yeah, very long time\nMy brudda\nBack up, back up, back up and wine it\nWicked, wicked, wicked\nBack up, back up and wine it, girl\nBack up, back up, back up and wine it\nDrizzy Drake, Popcaan, mudas\nOh yeah, very long time\nBack, up, back up and wine it, girl", "image": "https://images.genius.com/1cfda5d79555a61901672bc141910930.762x762x1.png"}], "artist": "Drake"}