{"songs": [{"title": "Tim Westwood Freestyle", "album": null, "year": null, "lyrics": "And I roll up looking harder than a....bitch!\nDamn a nigga never switch\nYou should get your cherry bust\nBefore you fuck around with this!\nI buy some Rolexes and pass 'em out as gifts\nAnd when they tell me that's too much\nI'm like \"No, fuck it, I insist!\"\nAnd then we light it up and reminisce\nAbout the things that we would fix\nHow the fuck we got this rich?\nThis is just some inspiration\nFor young niggas on they shit!\nThis for my young niggas on they shit for real\nThis also for the hood stars that I created\nWhose booking rate went up right after we dated\nGirl you made it for real\nHosting parties with athletes or another rapper\nThen they trying to fuck you after\nRemember when you was my....bitch!?\nMy special friend with benefits\nYou remember how you got here?\nHope to God you ain't forget\nBut the look you're giving me tells me you did\nEmpty stares across the club\nLike y'all don't recognize the kid\nBut damn, you know what it is\nCameras flashing over here, I know that's something\nThat you miss, yeah\nIt been bad, and it gets good\nDrizzy Drake and the nigga Tim Westwood", "image": "https://images.genius.com/22999a3378819809ee4848f7c60a744c.1000x1000x1.jpg"}], "artist": "Drake"}