{"songs": [{"title": "Can't Hide from Love Freestyle", "album": "Born Successful", "year": null, "lyrics": "[Intro]\nUh, yeah man, uh\nI feel real good right about now\nI feel like im, im making a return\nI ain't even been gone yet I ain't even\nTaken a leave of absence but I feel like I'm back\nYeah man\n\n[Verse]\n\nCheck, I roll with the coalition, when no one listened\nI spoke out now niggas is throwing this in\nYou gassed up, my vehicle low emission\nI can enter your field trip with no permission\nSlip, i've done it before told ya I run it before\nNow the city is mine, and what you thought it would be\nAin't a rapper working harder than me I put my heart in T\nUh, ?, carry the city on my back like a Jansport\nOr even in a victor bag, so if you quick to brag then u get clipped to tag\nHomie, u make a lot of music niggas ain't feeling\nYou rappers shouldn't rap, you rappers should paint ceilings\nThat's why I ain't competitive y'all, cuz deep down I know im much better than y'all\nWatchu mean do I actually flow, wanna know if I actually flow just ask V-O\nIm tryna make the wrist on my cousin ashley glow till she waken up by someone and it actually snow\nStop snitching if your man seen a killer, you never ever seen it, it can't seem familiar\nWe keep it on and poppin like the dance scene in Thriller\nThis the new version fresh prince and andreana miller\nAnd d-10tion the boi-1da\nAnd people focused on keeping the boy under\nProbably cuz I don't act like y'all\nAnd I ain't gotta sell crack like y'all\nWell not really, I mean I do move crack in a disc form\nBut thats only because I don't rap like y'all\nAnd now its occurring to them\nIts starting to be my friend is reassuring to them\nEither that or every verse im referring to them\nSo catch me in a zone till they leave me alone\nUh, yea, and its down south for the summer ima leave them at home\n\n[Outro]\nUh, and thats just what it is\nUh, everybody that mess with me I see you\nYou feel me\nBenard I see ya homie\nPrecise I see ya\nRansom, brandon I see ya\nUh, niko I see ya uh\nYea richie sosa I see ya uh\nYea JD Era I see ya\nMayhem maury er I see ya\nYea that's the coalition\nD-10tion boi-1da the commitment\nHeartfelt music\nAndreana I see you baby\nSox yea, row\nYou know\nUh, we keep it goin, there's no stopping it\nIts my year its my summer my decade\nYea you got an entry flow, you gotta stick around for the whole century flow nigga\nThat's how I do it holla at me\nAnd thats it", "image": "https://images.genius.com/09c843b49a2466e1a43f2a46ad8bcf1c.500x500x1.jpg"}], "artist": "Drake"}