{"songs": [{"title": "Successful (Demo)", "album": null, "year": null, "lyrics": "[Intro: Drake]\nAlright well, um, alright. We... we'll fuckin' figure it out. You know what you\u2014you know what you're doin' with it, you know, makin' it to the top. All the way to the top. Yeah, you do it for the money, and not the honey, you know what I'm sayin'? You know what I'm sayin'?\n\n[Verse: Drake]\nPart of me wish that I could meet with all you haters in person\nThey got a lot of feelings for me they just ain't certain\nHow to express themself when I walk into the club\nAnd take stares like the fuckin elevators ain't workin\nYea\nCuz they know the promoter paid you\nYou wouldn\u2019t have come if someone hadn\u2019t of made you\nYou just lookin forward to seein woman that played you\nAnd shittin on the men they get engaged to\nI swear it\u2019s like\nUh\nMore confidence and less fear\nWe can discuss it further when yall manage to get here\nDiddy here, o here, skinny here, rex here\nAnd we just havin one of those conversations about next year\nIma kill it I promise this I know you mad\nIve always treated my city like some shoulder pads\nThe big homie, use a flash if you must\nAnd I swear I ain't asking for much all I want is the\n\n[Chorus: Trey Songz & Drake]\nYeah, I want the money (Money), money and the cars\nCars and the clothes (Clothes), the hoes\nI suppose\nI just wanna be (Yeah), I just wanna be successful (That's all I want, man)\nI just wanna be, I just wanna be successful (You gotta tell 'em, Trey)\nI just wanna be, I just wanna be successful\n\n[Outro: Drake]\nYeah\nAnd I don't know if I can do that with you, so...", "image": "https://images.genius.com/22999a3378819809ee4848f7c60a744c.1000x1000x1.jpg"}], "artist": "Drake"}