{"songs": [{"title": "How About Now", "album": "If You're Reading This It's Too Late", "year": "2014-10-19", "lyrics": "[Intro: Spoken Word]\nThat's the shit I'm talking 'bout though, like you changed up, you don't even fuckin' link nobody no more, you just dash me away like a cyattie. Yo, you cheesed me dog\n\n[Verse 1]\nAlways felt like my vision been bigger\nThan the bigger picture\nCrazy how you gotta wait until it's dark out\nTo see who really with you\nCrazy how even when it miss you\nShit'll come back around and get you\nCrazy like all my niggas, crazy like all my niggas\nRemember I deleted all my other girls' numbers\nOut the phone for you?\nRemember when you had to take the bar exam\nI drove in the snow for you?\nYou probably don't remember half the shit a nigga did for you\n\n[Chorus]\nYeah, you ain't really fuck with me way back then, girl\nBut how 'bout now?\n'Cause I'm up right now, and you stuck right now\nOh, you thought you had it all figured out back then\nBut how 'bout now?\n'Cause I'm up right now, and you stuck right now, yeah\nYou thought the little effort that you put in was enough, girl\nHow 'bout now? Yeah\nGirl, how 'bout now, how 'bout now, girl?\nWhat about now, girl, how 'bout now?\n\n[Interlude]\nMy heart belongs to you...\n\n[Verse 2]\nYeah, always been daddy's little angel\nI bought your dad a bunch of shit for Christmas\nHe ain't even say thank you\nI had no money left from actin', I was focused on the music\nI used to always try and burn you CDs of my new shit\nYou be like \"who's this?\" I be like \"me, girl\"\nYou be like \"oh, word, true shit?\"\nThen ask if we could listen to Ludacris\nThem car rides made me feel like I was losin' it\nYeah, made me feel I ain't have it like that\nOr I was average like that\nStarted drinkin' way more than I used to\nPeople form habits like that, girl\nYeah, man enough to tell you I was hurt that year\nI'm not even Christian, I still went to church that year\nGuess I just had to pretend that year\nI ain't even see my friends that year\nPlaces that I should've been\n\n[Chorus]\nYeah, you ain't really fuck with me way back then\nBut how 'bout now?\n'Cause I'm up right now, and you stuck right now\nOh, you thought you had it all figured out back then\nBut how 'bout now?\n'Cause I'm up right now, and you stuck right now, yeah\nYou thought the little effort that you put in was enough, girl\nHow 'bout now? Yeah\nGirl, how 'bout now, how 'bout now, girl?\nWhat about now, girl, how 'bout now?\n\n[Outro]\nMy heart belongs to you\nWhatever you need, there's nothin' I won't do\nWhatever you need, there's nothin' I won't do\nWhatever you need, there's nothin' I won't do\nWhatever you need, there's nothin' I won't do\n\n[Produced by Boi-1da & Jordan Evans]", "image": "https://images.rapgenius.com/c29bfdfd5a903c38a56b5b174115ec1b.1000x1000x1.png"}], "artist": "Drake"}