{"songs": [{"title": "Controlla (Leak)", "album": null, "year": "2016-03-29", "lyrics": "[Verse 1: Popcaan + Drake]\nGyal yuh body good and yuh special to meh\nWan mek you mi lady, officially\nFrom you tickets fi buy, den mi willin' to pay\nFly yuh in from distance away\nRight, my yiy just changed\nYou just buzzed the front gate\nI thank God you came\nHow many more days could I wait?\nI made plans with you\nAnd I won't let em fall through\nI, I, I, I, I\n\n[Hook: Drake]\nI think I'd lie for you\nI think I'd die for you\nJodeci \"Cry For You\"\nDo things when you want me to\nLike controlla, controlla\nYeah, like controlla, controlla\n\n[Verse 2: Drake]\nYeah, okay, you like it\nWhen I get, aggressive, tell you to\nGo slower, go faster\nLike controlla, controlla\nYeah, like controlla, controlla\n\n[Bridge: Drake]\nAnd I\u2019m never on a waste ting shorty\nI do it how you say you want it\nThem girls, they just wanna take my money\nThey don't want me to give you nothing\nThey don't want you to have nothing\nThey don't wanna see me find your lovin'\nThey don't wanna see me\nSmiling back when they pree\n\n[Hook: Drake]\nKnowing I'd lie for you\nThinking I'd die for you\nJodeci \"Cry For You\"\nDo things when you want me too\nLike controlla, controlla\nYeah, like controlla, controlla\n\n[Verse 3: Popcaan]\nBaby yuh mek mi happy, wine up yuh sexy body fi poppy\nYuh eyes-dem lookin at me\nAn\u2019 you turn mi on like a new Bugatti\nNaughty tings mi wan you do\nSo mi woulda love it if yuh coulda come tru\nMek we smoke a spliff, have a drink, me and you\nDen mi release yuh stress ah Yorkville Avenue\n\n[Pre-Hook: Popcaan]\nSexiness you a pro\nMek mi bend you over inna ya bra and ya shoes\nBaby, wah mek you so rude\nYou pretty inna clothes but mi love when yuh nude\nBaby, it no tek you nuttin, fi move meh\nYuh bad like an action movie\nShe say fi do it rough tonight, not smoothly\nLove how you unruly\n\n[Hook: Drake]\nI think I'd lie for you\nThinking I'd die for you\nJodeci \"Cry For You\"\nDo things when you want me too\nLike controlla, controlla\nYeah, like controlla, controlla\n\n[Verse 4: Popcaan]\nShe love it when we dweet all night\nAnd she mek it clap when she ride my bike\nShe cock it up pan di private flight\nFi mi lace \u2018ar up like mi bran\u2019 new nike\nMi say mi want \u2018ar all my life\nWhen she sing mi note pan di cordless mic\nMi want \u2018ar all my life\nAll my life\nMi see it say yuh\n\n[Pre-Hook: Popcaan]\nSexiness you a pro\nMek mi bend you over inna ya bra and ya shoes\nBaby, wah mek you so rude\nYou pretty inna clothes but mi love when yuh nude\nBaby, it no tek you nuttin, fi move meh\nYuh bad like an action movie\nShe say fi do it rough tonight, not smoothly\nLove how you unruly\n\n[Hook: Drake]\nI think I'd lie for you\nI think I'd die for you\nJodeci \"Cry For You\"\nDo things when you want me too\nLike controlla, controlla\nYeah, like controlla, controlla", "image": "https://images.genius.com/0f6451df2feb73047ce63b687c57164b.1000x1000x1.jpg"}], "artist": "Drake"}