{"songs": [{"title": "On My Way", "album": null, "year": "2013-06-17", "lyrics": "[Verse 1: Drake]\nThe clock that you\u2019ve been watching has been stopping\nHe makes you wait\nWhat kind of man does that to a girl he loves\nIf you just give tonight to me\nI promise my hands will say\nThey'll say\n\n[Chorus: Drake]\nLess than a minute, take your clothes off\nWe about to start no false alarm\nEven though the traffic downtown don\u2019t show no mercy\nOh, oh think about the last time I came through\nHad something more than a gift for you\nAnd I ain't only fuck you like that on your birthday\nOh, oh baby I just landed\n'Bout to get my bags in\nAll I need\u2019s an address and I\u2019m on my way\nDon\u2019t fall asleep\nYes I see you calling me\nPromise it\u2019s worth waiting for\nBecause I\u2019m on my way\n\n[Verse 2: James Fauntleroy]\nWon't hurt, it's just some turbulence we're dropping\nDont be afraid\nIf you fall right here in love with me in my bed\nI'll keep you safe, so safe\n\n[Chorus: Drake]\nLess than a minute, take your clothes off\nWe about to start no false alarm\nEven though the traffic downtown don\u2019t show no mercy\nOh, oh think about the last time I came through\nHad something more than a gift for you\nAnd I ain't only fuck you like that on your birthday\nOh, oh baby I just landed\n'Bout to get my bags in\nAll I need\u2019s an address and I\u2019m on my way\nDon\u2019t fall asleep\nYes I see you calling me\nPromise it\u2019s worth waiting for\nBecause I\u2019m on my way\n\n[Outro: James Fauntleroy]\nAhh ohhh, I'm on my way\nAhh ohhh, I'm on my way\nAhh ohhh, I'm on my way\nAhh ohhh, I'm on my way", "image": "https://images.rapgenius.com/84fe585887e85f5b2425fefb4ee3ee99.1000x1000x1.jpg"}], "artist": "Drake"}