{"songs": [{"title": "God's Plan", "album": "Scorpion", "year": "2018-01-19", "lyrics": "[Intro]\nAnd they wishin' and wishin' and wishin' and wishin'\nThey wishin' on me, yuh\n\n[Verse 1]\nI been movin' calm, don't start no trouble with me\nTryna keep it peaceful is a struggle for me\nDon't pull up at 6 AM to cuddle with me\nYou know how I like it when you lovin' on me\nI don't wanna die for them to miss me\nYes, I see the things that they wishin' on me\nHope I got some brothers that outlive me\nThey gon' tell the story, shit was different with me\n\n[Chorus]\nGod's plan, God's plan\nI hold back, sometimes I won't, yuh\nI feel good, sometimes I don't, ayy, don't\nI finessed down Weston Road, ayy, 'nessed\nMight go down a G.O.D., yeah, wait\nI go hard on Southside G, yuh, wait\nI make sure that north-side eat\n\n[Post-Chorus]\nAnd still, bad things\nIt's a lot of bad things\nThat they wishin' and wishin' and wishin' and wishin'\nThey wishin' on me\nBad things\nIt's a lot of bad things\nThat they wishin' and wishin' and wishin' and wishin'\nThey wishin' on me\nYuh, ayy, ayy\n\n[Verse 2]\nShe say, \"Do you love me?\" I tell her, \"Only partly\nI only love my bed and my mama, I'm sorry\"\nFifty Dub, I even got it tatted on me\n81, they'll bring the crashers to the party\nAnd you know me\nTurn the O2 into the O3, dog\nWithout 40, Oli, there'd be no me\n'Magine if I never met the broskies\n\n[Chorus]\nGod's plan, God's plan\nI can't do this on my own, ayy, no, ayy\nSomeone watchin' this shit close, yep, close\nI've been me since Scarlett Road, ayy, road, ayy\nMight go down as G.O.D., yeah, wait\nI go hard on Southside G, ayy, wait\nI make sure that north-side eat, yuh\n\n[Post-Chorus]\nAnd still, bad things\nIt's a lot of bad things\nThat they wishin' and wishin' and wishin' and wishin'\nThey wishin' on me, yeah, yeah\nBad things\nIt's a lot of bad things\nThat they wishin' and wishin' and wishin' and wishin'\nThey wishin' on me, yeah", "image": "https://images.genius.com/91dfa9a875349f2c1a4c8c6420642c04.600x600x1.jpg"}], "artist": "Drake"}