{"songs": [{"title": "Must Hate Money", "album": "Comeback Season", "year": "2007-09-01", "lyrics": "[Produced by Neenyo]\n\n[Intro]\nI've got it made thats what I'm talking about\nGoing down to the fashion store and get myself fitted out\nGoing down to the dealers buy myself a brand new car\nSo me and my lady can ride\n\n[Verse 1: Drake]\nCheck, I wish y'all coulda seen me back in high school, backpack\nGrey range black Ac'\nPut a half a stack out just to get a stack back\nDouble that school dance, Fresh J's, new pants\nBack when \"fuck bitches, get money\" was the new chant\nIt started out about a boy like Hugh Grant\nNow I'm a young man doin things you can't\nBut you can't call me Champagne Charlie\nI campaign hardly\nMy damn chain glitter ruby red\nThe type of shit that leave your hand stained scarlet\nI live it, thought you knew this\nI swear that we been through this\nYour boyfriends future plans got 'em on todays to-do list\nCause he rollin wit more squares then you would find up on a rubix\nBingo, money ain't a thing ho\nThat prometh with that sprite and jolly rancher so flamingo\nI ain't speaking in code real niggas they know the lingo\nCause when I'm in the spot it's popping like Christopher's single\n\n[Hook]\nIf ya'll dont like me then (you must hate money, money)\nGuaranteed if you had it to spare you could probably comprehend im just sayin man (you must hate money, money)\nThey be gettin jealous when you paid, savin everything they made, I keep thnkin that (you must hate money, money)\nTelling people my image is lame, and im whats wrong with the game, but im feelin like (you must hate money, money)\nConsidering everywhere I go got couple grand to blow man you know\n\n[Verse 2: Rich Boy]\nHey, I'm flyer then a motherfucker\nHaters wanna see me dead like John Tucker(so)\nI'm in that big boy 550 s-class\nI hit the gas and watch them hoes waving through the glass\nPimp glass im riding new in 2008 (say what)\nI hit them hoes and send em home, you take em on a date\nThat white gucci ticker let em know there's money here\nI grip the grain and sit on seats thats made of cashmere\n5 karats in my ear, you see them hoes jock?\nBitch theres a whole lota rocks up in this powder watch\nI'm writin letters to the pen for my brother irving\nSend him a picture of that drop with me in it swervin\nHotter than a bitch rock, Cooler than some ice cream\nGotta feed myself I'm up here living in a dream\nMy cadillac mean but my 88 a beast\nIf bein fly against the law bitch call the po-lice\n\n[Hook]\n\n[Verse 3: Drake]\nStacks on deck, lac's mounted on D's\nI dont trust you so make sure you count it all please\nAnd once its all there, then that put me at ease\nAnd these niggas just mad cause they account is on freeze\nBaby pay attention please, I'm more coordinated then a dance team\nIts my turn, my turn like advance green\nMy true religion is money, check out the pant seams\nI got cash in my palm I call it hand cream\nAnd I just want the paper\nMy momma trying to go to rome and I just wanna take her\nIm tryin to figure what the los angle is like a laker\nSo I can be on beaches with my niggas in jamaica\nI say 'baby get low', You just getting by\nThey hating cause my swagger at a all time high\nShit its a damn shame homie I dont even try\nGet money mofo is all you hear me reply\n\n[Hook]", "image": "https://images.genius.com/866a4a7df935705e834f236499d617c6.1000x1000x1.jpg"}], "artist": "Drake"}