{"songs": [{"title": "What I'm Thinkin' Right Now", "album": null, "year": null, "lyrics": "[Intro]\nYes\n\n[Verse 1: Drake]\nI'm on that old, switch lanes shit, Jay, Big, Dame's shit\nTalking 'bout them niggas that my daddy pitch cane wit\nBecause I never learned the biz, I learned the language\nWell-spoken, man I should've went to Cambridge\nAnd mama would always claim this\nI never expected the outcome, but one day I became this\nFamous, no longer nameless\nMore game, but I'm the same, I will remain this\nI'm still focused, I stay grounded\nYou see I ran with a style when they clowned it\nSo read 48 Laws if you never read it\nBecause that is one of the main reasons I'm level-headed\nDespite the accumulated success\nIf my attitude ever strayed, I made it regress\nI never wanted to win the lottery only because my uncle\nTold me \"He who made it by struggling made it the best\"\nSo with that on my chest, I'm down on my last 12 gs\nGoing through the closet thinking I should prolly sell these\nChanel Cs, and LVs, somebody stop before I really start to rebel please\nI spend it all, who needs anymore?\nWhose satisfied doin' good deeds anymore?\nWho grieves anymore, who believes anymore?\nWho graduated school and still reads anymore?\nNot me, that should have my whole race shook\nBecause we don't read novels but we do FaceBook\nThe new craze is havin' that new age look\nIf I said I liked it, I'd feel like a two-faced crook\nNah, I tell retro kids tie that bandana just a little bit tighter\n'Til it suffocates you, biter\nCause I don't wear no bright colors or rope chains\nI'm a G, my daddy was in the dope game", "image": "https://images.genius.com/22999a3378819809ee4848f7c60a744c.1000x1000x1.jpg"}], "artist": "Drake"}