{"songs": [{"title": "Behind Barz (Link Up TV Freestyle)", "album": null, "year": "2018-07-07", "lyrics": "[Intro]\nYeah, Link Up TV, Behind Barz\nBig up man like Rashid, Joey, Tadas, yeah\nShoutout Giggs for settin' the ting\nSN1, OVO\nMm-hmm, yeah, look\n\n[Chorus]\nYou know how the paigon chit-chat goes\nI like Rs and Vs and Os\nI don't really play no tic-tac-toe\nBeen with Chubbs through highs and lows\nWe seen man last night, they froze\nWasn't no cameras, wasn't no pose\nJust like that one time at 'Chella\nGood thing man weren't pullin' out phones\n\n[Verse 1]\nStaying in big six-six with woes\nMan start dissin' and doin' reposts\nThey do anything except road\nStill can't see them after it snows\nI don't have time for the wasteman jokes\nPersonal ting if I'm gettin' up close\nLoyal to O 'cause I've taken a oath\nVersace hotel and I'm takin' the robes\nSeen 'em in person, I'm seein' a ghost\nThey told me relax 'cause they're takin' control\nTake all that shit up with P and his bro\nI wish you the best, let me know how it goes\nWanna be free and I wanna let go\nWe came around and you showed us the most\nI know so much shit that I cannot expose\nI keep it inside and I laugh on my own\nGot all the tea and I'm hottin' it up\nI need a shade mansion, a room's not enough\nYou're droppin' some shit but that shit was a bust\nThey got no direction, they're followin' us\nI come from a city that they never touch\nYour man is a goofy and he could get rushed\nI can't name a rapper or girl that I trust\nI dream about turnin' these yutes into dust\n\n[Interlude]\nYeah, yeah\nBig Scorpion, out now\nYeah, look\n\n[Chorus]\nYou know how the paigon chit-chat goes\nI like Rs and Vs and Os\nI don't really play no tic-tac-toe\nBeen with Roxx through highs and lows\nWe seen man last night, they froze\nWasn't no cameras, wasn't no pose\nJust like that one time at Nobu\nGood thing man weren't pullin' out phones\n\n[Verse 2]\nThink you know me? That's not true\nWe got ties in West End too\nShe came over and she got slewed\nThrowin' up six like man had flu\nI got way too big off Views\nBack to the basics, I won't lose\nThey wanna link when they got no chunes\nThey too worried 'bout sellin' out shoes\nI don't give a fuck about jeans and crep\nOr goin' to Milan or goin' to the Met\nI just wanna make these songs for the set\nI just wanna load that and let that wet\nI got so much tings in the stash\nFold up anyone, dun that clash\nGot no sense like Jizzle and shh\nBig and bad like leader and shh\nCan't do love 'cause they get too attached\nPhone get broke and whip get scratched\nI'ma just take my knots in cash\nThey can never tie me down, that's facts\nAll that bark but we know he's a cat\nI don't really like goin' tit for tat\nI'ma just come like tat-tat-tat\nI'ma just end that there, that's that\n\n[Outro]\nYeah, Link Up TV\nDrizzy Drake\nMaddas, jheeze!", "image": "https://images.genius.com/8697a9decc43e7d4ebaa14982bffd317.500x500x1.jpg"}], "artist": "Drake"}