{"songs": [{"title": "Faithful", "album": "Views", "year": "2016-04-29", "lyrics": "[Intro: Pimp C, Drake and Amber Rose]\nCheck, 1-2, 1-2, bitch\nYou expensive, you know that?\nI'm high maintenance a little bit but not in a\nNot in a negative way\nI just like extremely expensive things\n\n[Verse 1: Pimp C]\nFoot off in their ass is what Ken told me\nNiggas like to play games\n'Cause they feel like they know me (they know me)\nYou don't know me, nigga, I done changed (I done changed)\nSo don't be trying to be putting on shit off in the game (game)\nThis ain't no motherfucking ninety-one\nWe out here rapping for money, you niggas rapping for fun\nI don't fuck with nobody in this shit but Bun\n(In this shit but Bun)\n\n[Pre-Hook: Drake]\nYou would think it's all mine the way I took it\nYou would think it broke down the way I push it\nYou hate it when I coat things all in sugar\nYou want to hear the real talk, well, girl, who wouldn't?\n\n[Hook: Drake]\nWorking, working, working, working, ain't ya?\nYou don't have no time to lay up\nYou just trying to be somebody\n'Fore you say you need somebody\nGet all your affairs in order\nI won't have affairs, I'm yours, girl\nFaithful, faithful, faithful, faithful\n\n[Verse 2: Drake]\nYou hit me like \"I know you\u2019re there with someone else\"\nThat pussy knows me better than I know myself\nOn my way from the studio, so get undressed\nLet's do the things that we say on text\nI want to get straight to the climax (straight straight to the)\nHave you coming all summer like a season pass\nI want to turn you out like pitch black\nWant to watch you do work while I sit back\n'Cause you talk like you got what I need\nYou talk like you got the juice and the squeeze\nTalk like you bet it all on me\nAnd you can't take no Ls off me\nI know you been\u2014\n\n[Hook: Drake]\nWorking, working, working, working, ain't ya?\nYou don't have no time to lay up\nYou just trying to be somebody\n'Fore you say you need somebody\nGet all your affairs in order\nI won't have affairs, I'm yours, girl\nFaithful, faithful, faithful, faithful\n\n[Verse 3: dvsn]\nHow far we go always seems to get better with time\nWon't you, outsmart me\nTold me that your brain works better than mine\nTell me I should know you\u2014I'll get to know you again\nYou want me to show you\u2014I'm gonna show you again\nNow we're in the zone\u2014gon' let me all in again\nAnd now you're coming over\nOver and over and over and over and over again\nOver and over again, over and over again\nNow you're coming over\nOver and over again, over and over again\nYou tell me I should know you\u2014but I'll get to know you again\nAnd you want me to show you\u2014I'm gonna show you again\nWhen were in the zone you\u2014gon' let me own it again\nAnd now you're coming over\nOver and over and over and over and over again\nNow you're coming over, you're coming over", "image": "https://images.genius.com/6f4b9c41ccb18485cccd6aa364ccc3b8.1000x1000x1.jpg"}], "artist": "Drake"}