{"songs": [{"title": "What If I Kissed You", "album": "Young Sweet Jones 2", "year": "2010-08-06", "lyrics": "What if I kissed you right now\nHow would we explain it\nTrying to imagine how it might sound\nIf I just yelled out\nWhat if I kissed you right now\nWould it bring us any closer\nTake the weight off our shoulders\nTake me I'm yours\nAnd I don't really care who knows it\nCan we afford to be that open with all these emotions\nIf we were a secret how long could you keep it\nKeep it to yourself don't tell nobody else\nSomething away\n...away\nSomething away\nWith you... you...\nAnd you just be mine (just be mine)\nAnd you just be mine.. all mine\nAnd you just be mine (just, just be mine)\nAnd you just be mine.. all mine\n\nWhat if I kissed you right now...\n\nWould it bring us any closer\nTake a weight off of our shoulders\nTell on me\nI dont mind cause if they ask me about it I won't lie...\n\n...admit that I'm yours\nI don't really care who knows it\nCan we afford to be that open with all these emotions\n\nIf we were a secret\nTell me could u keep it?\nKeep it your yourself don't tell nobody else\nSomething away\n...away\nSomething away\nWith you... you...\nAnd you just be mine (just be mine)\nAnd you just be mine.. all mine\nAnd you just be mine (just, just be mine)\nAnd you just be mine.. all mine\n\nWhat if I kissed you right now\nWhat if I kissed you right now\n\nJust be mine (just be mine)\nAnd u just be mine.. all mine\nAnd u just be mine (just, just be mine)\nAnd u just be mine.. all mine", "image": "https://images.genius.com/d0129f5c63f1ee10f591e6ce8849c5c5.500x500x1.jpg"}], "artist": "Drake"}