{"songs": [{"title": "November 14th [Chuck Inglish Remix]", "album": null, "year": null, "lyrics": "Tell us that you would like to have the lyrics of this song. Then we'll make it our highest priority to find these lyrics first!\nOr perhaps you can help us out. If you have the lyrics of this song, it would be great if you can submit these. That will definitely help us and the other visitors!", "image": "https://images.genius.com/22999a3378819809ee4848f7c60a744c.1000x1000x1.jpg"}], "artist": "Drake"}