{"songs": [{"title": "Fancy (Dick Clarke New Year's Eve 2011) (New Verse)", "album": null, "year": null, "lyrics": "[Verse 1: Drake]\nFinally back in Toronto, it's better here\nI just wanna be anywhere but everywhere\nI'm being lazy at the crib kushin' it up\nI get enough exercise just pushing my luck\nSitting back thinking damn where did they go\nThey used to be the ones to watch Ricki Lake show\nAnd now I see em picking up the pieces\nOne too many starting over speeches\nI guess it\u2019s back to me like it always was\nMe and the OVO set like it always was\nA little money on the counter I left for my girl\nWith a note I\u2019m trying to see the rest of the world\nIt all looked so amazing when we were growing up\nUsed to sit back and say I know I\u2019ll get a model one day\nBut all the money and the rap game slow as fuck\nAnd all the models from the hood, Project Runway\nYeah, it\u2019s whatever\nYou know\nFeeling good\nLiving better\nBut it\u2019s evident that nothing can prepare us for certain moments that you just gotta cherish\nLike this young girl had my lyrics tatted on her arm last night\nWe took a picture together, I hope she frames it\nAnd I was drinking at the Palms last night\nAnd ended up losing everything that I came with, yeah\nFeel like I been here before, huh?\nYeah, I still got ten years to go, huh?\nThis is the only sound you should fear\nMan these kids wear crowns over here and everything is alright", "image": "https://images.genius.com/22999a3378819809ee4848f7c60a744c.1000x1000x1.jpg"}], "artist": "Drake"}