{"songs": [{"title": "Get It Shawty (Remix 2)", "album": null, "year": null, "lyrics": "[Verse: Drake]\nDigital camera, freeze the moments\nUse money and talent as my lead component\nNormally Drake sip Don P but\nYou the type of girl that I need Patron with\nWe could do it, corporate sponsor\nYour man prolly riding in his boy's Elantra\nYou could drop him, he's forgotten, you got options\nAnd plus I show these young boys how to bring the money on in\nWhen they rhymes ain't hot, and they records don't sell\nStuntin' on the strip, came with no I.D\nAnd I only brought cash, if they checkin' oh well\nI'm good, Drake make one phone call and I'm inside\nWelcome to the life of an icon\nAnd I don't like jewels, but I am thinkin' of you\nIn the mirror while I'm puttin' all this ice on\nSo\n\n[Chorus: Lloyd (Drake)]\nAll I really want is\nFor you to back it up, go on and put ya weight on it\nCause it's alright, do what you wanna\nMake me believe ya\nOoh I wanna see ya\n(Get it shawty) get it shawty, get it shawty\n(Yeah man, ATF Street Love)\nGet-get-get-get-get\nGet it shawty, get it shawty\n\n[Outro: Drake]\nLloyd I see you Danny\nAtlanta I see you, and if its ten\nToronto, Do it for Y'all\nYeah man", "image": "https://images.genius.com/22999a3378819809ee4848f7c60a744c.1000x1000x1.jpg"}], "artist": "Drake"}