{"songs": [{"title": "Signs (Demo)", "album": null, "year": "2018-06-20", "lyrics": "[Intro: Drake]\nYeah, yeah, yeah, yeah, yeah\nYeah\n\n[Pre-Chorus: Drake]\nChampagne with breakfast while I'm yawning\nYou can't drink all day if you don't start in the morning\nLord forgive me, I can't take things slowly (no)\nI'm goin' on them once I get going (goin' on them, get going)\n\n[Chorus: Drake & Young Thug (both)]\nShe tryna take it all off for me (tryna take it all off)\nTryna stay real close to me (she tryna stay real close)\nI gotta catch myself (I gotta catch myself)\nI can't play myself\nI need to take it easy\nEasy, easy, easy\nEasy, easy, easy, easy\n\n[Verse 1: Drake]\nRailiza\nYou need a money and visa\nAnd you get what you want, always from me\nI can't say, \"No\", when you say, \"Please\"\nI can't say, \"No\"\nHow you shine?\nYou need a baby with me, uh\nAnd I'm takin' my time, just wait, don't leave\nI can't say, \"No\" when you say, \"Please\"\nI can't say, \"No\"\nYou wanna drink like Bajan and dance like Trini, yeah\nYou want a supermodel pose like mi real friend Winnie (like mi real friend)\nYeah, vacation's done, but I'm not finished, no\n\n[Pre-Chorus: Drake & Young Thug]\nChampagne with breakfast while I'm yawning (pardon)\nYou can't drink all day if you don't start in the morning\nLord forgive me, I can't take things slowly (no)\nI'm goin' on them once I get going (goin' on them, get going)\n\n[Chorus: Drake & Young Thug (both)]\nShe tryna take it all off for me (tryna take it all off)\nTryna stay real close to me (she tryna stay real close)\nI gotta catch myself (I gotta catch myself)\nI can't play myself\nI need to take it easy\nEasy, easy, easy\nEasy, easy, easy, easy\n\n[Verse 2: Young Thug]\nI bet I never disrespect you, darlin', uh\nI bet you pardon me, darlin'\nI see you roamin', ridin'\nWork outfit on, she ain't joggin'\nYeah, I see right through your body\nYou need a young nigga to give you guidance\nShe say I'm the youngest, but I treat her the nicest\nShe tryna take it all off of me\nShe tryna do it in call for me\nShe tryna start young dog\nI plan on fuckin' every girl in the world, but I'm takin' it easy\nEasy, easy, easy\nEasy, easy, easy, mhmm\nI raised change for you, I gave all my stain to you\nYou know I bang for you\nEven my main know I got a thing for you\nWalked on a aisle, anyday for you\nI'll go under maintainin' for you\nJump when you say, like a kangaroo\nCryin' over you, you ain't even knew\nYou let me wear your watch, then I fucked a girl in it\nWe danced drunk then we hurlin'\nShe presented a gift with a shit-face\nI plan on fuckin' every girl in the place, but I'm takin' it easy\nEasy, breezy, easy\nEasy, breezy, easy", "image": "https://images.genius.com/22999a3378819809ee4848f7c60a744c.1000x1000x1.jpg"}], "artist": "Drake"}