{"songs": [{"title": "Sandra's Rose", "album": "Scorpion", "year": "2018-06-29", "lyrics": "[Intro: Sample & Drake]\nYeah, no more, no more\nBaby, baby, baby, baby, baby, baby, baby\nYeah, no more, no more\nBaby, baby, baby, baby, baby, baby, baby, ooh\nYeah\n\n[Verse 1: Drake]\nNiggas see the crib and ask who did I steal from\nPrice tags on makin' the world feel some\nThey don't have enough to satisfy a real one\nMaverick Carter couldn't even get the deal done\nNiggas scared to come towards us, gotta run from us\nLouisville hush money for my young gunners\nRick Pitino, I take 'em to strip clubs and casinos\nStack of c-notes get all you niggas scratched like Preemo\nWorms, I just opened up a can of those\nMy mother had a flower shop, but I was Sandra's Rose\nTwo girls that I rope like Indiana Jones\nI make them hoes walk together like I'm Amber Rose\nYeah, fuck that, I got to up the ante\nCalifornia girls sweeter than pieces of candy\nHad me all in Nipsey hood to go link up with Sammy\nType of hood where bandanas make niggas a family\nHead on a swivel, I could shoot but I could never dribble\nLife too short, I gotta get it 'fore they blow the whistle\nMy uncle tryna change my energy with stones and crystals\nBut it's gon' take more than that for me to control my issues\nI wasn't made for no casket or no prison cell\nEvery title doin' numbers like I'm Miss Adele\nSandra knows I pulled us out of a living hell\nI'm the chosen one, flowers never pick themselves\n\n[Chorus: Sample]\nNo more, no more\nBaby, baby, baby, baby, baby, baby, baby, yeah\nNo more, no more\nBaby, baby, baby, baby, baby, baby, baby, ooh\n\n[Verse 2: Drake]\nNiggas want a classic, that's just ten of these\nCrime family like the Genovese\nYou don't want drama, capisc'?\nMy house is full of supermodels just like Mohamed Hadid\nI take this shit too serious, you niggas my comic relief\nI find it funny how I keep on talkin' and commas increase\nI'm standin' at the top of where you niggas are climbin' to reach\nI even got my very own initials inscribed on my sheets\nSubtle reminders are key, jeez!\nSpoiler alert: the second act is tragic\nAnd everyone that wants the worst for me's askin' what happened\nBackstabbed so many times I started walkin' backwards\nLike Charlamagne, I see the light and see the darkest patches\nBury me and I'll be born again\nI walk in godly form amongst the mortal men\nI got some real demons across the border fence\nAnd made a note of the mistakes we can't afford again\nLike I said, can of worms and I'm the early bird\nNiggas want to hang but I'm too busy doin' dirty work\nHit 'em back and say we'll link up on the 33rd\nWhen I say that they cursin' me it ain't dirty words\nChurch of Pentecost, Holy Spirit synagogue\nI don't know who's protectin' me but we hit it off\nSandra's rose, no wonder they tryna' pick me off\nI guess you gotta show these niggas who you really are\n\n[Chorus: Sample]\nNo more, no more\nBaby, baby, baby, baby, baby, baby, baby, yeah\nNo more, no more\nBaby, baby, baby, baby, baby, baby, baby, ooh", "image": "https://images.genius.com/2fee80dd9aec0717aef8e1eb7aaaae4c.809x809x1.jpg"}], "artist": "Drake"}