{"songs": [{"title": "Passionfruit", "album": "More Life", "year": "2017-03-18", "lyrics": "[Intro: Moodymann]\nHold on, hold on, fuck that. Fuck that shit. Hold on, I got to start this mothafuckin' record over again, wait a minute. Fuck that shit. Still on this mothafuckin\u2019 record. I'ma play this mothafucka for y'all. Ayy, y\u2019all get some more drinks goin' on, I'll sound a whole lot better.\n\n[Verse 1]\nListen\nSeein' you got ritualistic\nCleansin' my soul of addiction for now\n'Cause I'm fallin' apart, yeah\nTension\nBetween us just like picket fences\nYou got issues that I won\u2019t mention for now\n\u2019Cause we're fallin\u2019 apart\n\n[Chorus]\nPassionate from miles away\nPassive with the things you say\nPassin' up on my old ways\nI can't blame you, no, no\nPassionate from miles away\nPassive with the things you say\nPassin' up on my old ways\nI can\u2019t blame you, no, no\n\n[Verse 2]\nListen\nHarder buildin' trust from a distance\nI think we should rule out commitment for now\n'Cause we're fallin' apart\nLeavin'\nYou're just doing that to get even\nDon't pick up the pieces, just leave it for now\nThey keep fallin' apart\n\n[Chorus]\nPassionate from miles away\nPassive with the things you say\nPassin' up on my old ways\nI can't blame you, no, no\nPassionate from miles away\nPassive with the things you say\nPassin' up on my old ways\nI can't blame you, no, no\n\n[Outro: Zo\u00eb Kravitz]\nUm, trying to think of the right thing to say", "image": "https://images.genius.com/4672f8523e0fbf7f7848185256e946f4.1000x1000x1.jpg"}], "artist": "Drake"}