{"songs": [{"title": "Hype (Remix)", "album": null, "year": "2016-05-21", "lyrics": "[Intro: Baka]\nMan don't live of a di hype huh?\nReal ting ay\n\n[Verse 1: Drake]\nYeah, I pull up in Lexus' like it's '07\nI just hit a lick, I got to hit a next one\nLast year I know you learned your lesson\nI could GPS you if you need addressin'\nBoss up, I'm the bigger homie\nBut I'm one year older than my lil homie\n'09 they was biddin' on me\nBut I'm Young Money, got it written on me\nOk now we got some action\nEverything I said, it happened\nThat boy light as Michael Jackson\nBut off verses, he been blackin'\nChasin' women a distraction\nThey wan' be on TV right next to me\nYou cannot be here right next to me\nDon't you see Riri right next to me?\nI hate a rapper especially\nThey feel the same, but they hide it\nThey just discuss it in private\nDon't get along man, we tried it\nWhat's the point in even tryin'?\nI hate a goofy especially\nThey always dyin' to mention me\nThey gotta die out eventually\nI cannot give you the recipe\nYou know the game is sold separately\nSwear I just had an epiphany\nIt cost me 50 at Tiffany's\nShout out to Tiffany, Stephanie\nThey used to always come check for me\nMy enemies wanna be friends with my other enemies\nI don't let it get to me\n\n[Chorus: Drake]\nDone\nLook what I've done in my life\nI had to count it and count it again\nTo make sure the money was right\nThey love to talk\nMe, I'm just dunning the hype\nMe, I'm just dunning the hype\nMe I'm just done, done, done, done, done\n\n[Verse 1: Lil Wayne]\nI pull up on you in that purple thing\nBumpin' Purple Rain\nSingin' \"Purple Rain,\" sippin' purple rain\nPourin' champagne off commercial fame\nYou ain't worth a thing, you ain't gang gang\nYou ain't flame gang, you ain't same gang\nIt's my world, it's Wayne's world\nIt's a different world, it's D'wayne Wayne, oh Lord\nOkay now we got some action\nFucking models out of Maxim\nI'm too wavy, I'm what's happening\nOkay now we got some rapids\nOrange bottle full of tablets\nOkay now we got some habits\nSmokin' cookies, sippin' Acti\nOkay now we got some balance\nYou see my team is right next to me\nYou don't see Tina right next to me\nI thank her for takin' my breath from me\nBut the second me gon' be the better me\nJ.R. Smith with the shot\nCause I pull up, I stop and pop\nI call my AK Barney and I'ma let this baby pop\nPull up on you like Steph Curry\nWith my foot up on you like eff worries\nBeen outchea since Keith Murray\nCodeine got me with pink urine\nSo you know I don't have the energy\nI fucked a bitch named Epiphany\nMy exes wanna be friends with my other exes\nAnd I don't have the sympathy\n\n[Chorus: Drake]\nDone\nLook what I've done in my life\nI had to count it and count it again\nTo make sure the money was right\nThey love to talk\nMe, I'm just dunning the hype\nMe, I'm just dunning the hype\nMe I'm just done, done, done, done, done", "image": "https://images.genius.com/f7238fb39ee6b3a9ecaab17635a33376.600x400x1.jpg"}], "artist": "Drake"}