{"songs": [{"title": "Say What's Real", "album": "So Far Gone", "year": "2009-02-13", "lyrics": "[Verse: Drake]\nWhy do I feel so alone?\nLike everybody passing through the studio\nIs in character as if he acting out a movie role\nTalking bullshit as if it was for you to know\nAnd I don't have the heart\nTo give these bitch niggas the cue to go\nSo they stick around kicking out feedback\nAnd I entertain it as if I need that\nI had a talk with my uncle and he agreed that\nMy privacy about the only thing I need back, but\nIt's hard to think of them polite flows\nWhen Stefano Pilati suits are your night clothes\nAnd Jordan sweat suits are your flight clothes\nAnd you still make it even when they say your flight closed\nEyes hurting from the camera phone light shows\nLife was so full, now this shit just being lipo'd\nAlways said I'd say it all on the right track\nBut in this game you only lose when you fight back\nBlack diamond bracelets, showing you the basics\nI can't live and hold the camera, someone gotta tape this\nAnd make hits like a bitch that's married, I ain't miss\n24 hours from greatness, I'm that close\nDon't ever forget the moment you began to doubt\nTransitioning from fitting in to standing out\nLos Angeles Cabanas or Atlanta South\nWatchin' Hov's show, embarrassed to pull my camera out\nAnd my mother embarrassed to pull my Phantom out\nSo I park about five houses down\nShe say I shouldn't have it until I have the crown\nBut I don't wanna feel the need to wear disguises around\nSo she wonder where my mind is, accounts in the minus\nBut yet I'm rolling round the fuckin' city like your highness\nGot niggas reactin' without a sinus\n'Cause what I'm working with is timeless\nAnd promoters try to get me out to they club\nAnd say I have fun but I can't imagine how\n'Cause I just seen my ex-girl, standing with my next girl\nStanding with the girl that I'm fuckin' right now\nAnd shit could get weird unless they all down\nAnd so I stay clear, we from a small town\nAnd everybody talks and everybody listen\nAnd somehow the truth just always comes up missing\nI've always been something that these labels can't buy\nEspecially if they tryin' to take a piece of my soul\nAnd Sylvia be tellin' Tez, \"Damn, Drake fly\"\nAnd he just be like, \"Silly motherfucker, I know\nThat was your bad, how could you pass up on 'em?\nHe just take them records and he gas up on 'em\nWayne will prolly put a million cash up on 'em\nSurprised no one ever put your ass up on 'em\"\nOh, they did, Po, at least they tried to\nAnd that's what happen when you spitting what's inside you\nBut slip up and shoot the wrong fucking video\nAnd they think they can market you however they decide to\nNah, but 40 told me to do me\nAnd don't listen to anybody that knew me\n'Cause to have known me would mean that there's a new me\nAnd if you think I changed in the slightest, coulda fooled me\nBoy, and to my city I'm the 2-3\nDrug dealers live vicariously through me\nI quit school and it's not because I'm lazy\nI'm just not the social type and campus life is crazy\nUnderstand, I could get money with my eyes closed\nLost some of my hottest verses down in Cabo\nSo if you find a Blackberry with the side scroll\nSell that mothafucka to any rapper that I know\n'Cause they need it much more than I ever will\nI got new shit, I'm gettin' better still\nLittle niggas put my name in they verses\n'Cause they girlfriend put my ass on a pedestal\nFuture said, \"'Cause this 'Ye shit, you better kill\"\nAnd I think this got this Making-of-a-Legend feel\nProblem with these other niggas, they ain't never real\n\n[Outro]\nYeah, that's all I can say", "image": "https://images.genius.com/83ad0a4cdf492e299e507a370ad173a4.1000x1000x1.jpg"}], "artist": "Drake"}