{"songs": [{"title": "Baby Come with Me", "album": null, "year": null, "lyrics": "[Verse 1]\nShe be jumping up and down\nTrynna fit that ass in\nTook her half an hour\nJust to get that belt to fasten\nAll she wanna talk about is partying and fashion\nDon't know where she going\nBut I do not plan on asking at all\nCause her spirit is free\nAnd she, lets nobody else in except for me\nIf her basement is locked, then I swear she would agree\nI\u2019m the only one she loves\nThere\u2019s no copies of the key\nHomie, that\u2019s a guarantee\n\n[Verse 2]\nDon\u2019t forget that Fendi purse that you put all your cash in\nKinda hard to concentrate when cameras are flashin\u2019\nOther dudes would suffocate her, I don\u2019t want her gaspin\u2019\nDon\u2019t know where she\u2019s going\nAnd I do not plan on asking at all\nI\u2019ve never been the type, felt alike\nMy connection with niggas that wanna fight\nOver women, that's not right\nThere's too many in the world\nHomie, you can have your pick\nBut I swear that ones my girl\nI swear that one\u2019s my girl!", "image": "https://images.genius.com/22999a3378819809ee4848f7c60a744c.1000x1000x1.jpg"}], "artist": "Drake"}