{"songs": [{"title": "I'm Goin In", "album": "So Far Gone - EP", "year": "2009-10-27", "lyrics": "[Intro: Lil Wayne]\nYeah\nUh-huh\nUm, uh-huh\nOkay\n\n[Verse 1: Lil Wayne]\nHello mothafucka, hey, hi, how ya durrn'?\nIt's Weezy F Baby, come to take a shit and urine\nOn these toilet bowl bitches, pussy ass niggas\nStomping on this beat like a motherfucking Sigma\nBad to the bristle, hat to the rizzle\nI'm so official, all I need is a whistle\nBitch named Crystal, let her suck my pistol\nShe open up her mouth and then I blow her brains out\nYou ain't met a nigga like me, you probably never will\nRiders rollin' with me, like eleven wheels\nFind out where you livin', kill you in the kitchen\nThe feds tryin' to clip us, but we ain't even trippin'\n\n[Chorus: Lil Wayne]\nI'm goin' in, I'm goin' in\nI'm goin' in, I'm goin' in\nAnd I'ma go hard, and I'ma go hard\nAnd I'ma go hard, and I'ma go hard\nBitch I'm goin' in, I'm goin' in\nI'm goin' in, I'm goin' in\nAnd I'ma go hard, and I'ma go hard\nAnd I'ma go hard, and I'ma go hard\n\n[Verse 2: Drake]\nFirst off, you know what it is if you heard Drake\nMaking hoes wobble like a bridge in a earthquake\nNever see me out 'cause I live in my workplace\nI'll give you the business, so button up your shirt straight\nLook at where I landed, you would think I planned it\nI'm just doing me and you could never understand it\nChicks get hammered, big-dicked bandit\nMoney flowin' like a slit wrist, no bandage\nBlowin' purple clouds, nigga I'm so sky high\nI ain't cuttin' anybody slices out of my pie\nOut of this world though, I'm so sci-fi\nAnd I don't sit still, I keep it moving like a drive-by\nI just tell the truth and so I'm cool in every hood spot\n21 years and I ain't ever met a good cop\nMe and Wayne lean like Kareem doin' hook shots\nCover me, I'm goin' in, and buckin' when the hook drop\n\n[Chorus: Lil Wayne]\nI'm goin' in, I'm goin' in\nI'm goin' in, I'm goin' in\nAnd I'ma go hard, and I'ma go hard\nAnd I'ma go hard, and I'ma go hard\nBitch I'm goin' in, I'm goin' in\nI'm goin' in, I'm goin' in\nAnd I'ma go hard, and I'ma go hard\nAnd I'ma go hard, and I'ma go hard\n\n[Verse 3: Young Jeezy]\nIt goes, hold up, wait one motherfuckin' minute\nIt's the El Capitan, I got motherfuckin' lieutenants\nAnd if I said \"I'm goin' in\" then I motherfuckin' meant it\nAnd if I brought it in the club then I'ma motherfuckin' spend it\nCost a few hundred bands and I'm motherfuckin' in it\nNo need for a room, yeah you know I'm fuckin' in it\nShe actin' like she not, but she know she fuckin' winnin'\nShe said \"I seen it all\", I say \"No you fuckin' didn't\"\nYou ever bust ten nuts in a two-seater?\nShe said \"I can't feel my legs\", I'm like \"Bitch, me neither\"\nI'm goin' in, where should I begin?\nI don't even know, maybe where my blunt ends\nAnd I'ma be a legend even when my life end\nAnd I'ma be a legend even when this night ends\nYeah I do my thang, hop up out it like BEM!\nBitch, I said I'm him, so I'm nothin' like them\n\n[Chorus: Lil Wayne]\nI'm goin' in, I'm goin' in\nI'm goin' in, I'm goin' in\nAnd I'ma go hard, and I'ma go hard\nAnd I'ma go hard, and I'ma go hard\nBitch I'm goin' in, I'm goin' in\nI'm goin' in, I'm goin' in\nAnd I'ma go hard, and I'ma go hard\nAnd I'ma go hard, and I'ma go hard", "image": "https://images.genius.com/a44fb885215734bbceb314dc325b4a96.1000x1000x1.jpg"}], "artist": "Drake"}