{"songs": [{"title": "Controlla", "album": "Views", "year": "2016-04-29", "lyrics": "[Verse 1: Drake]\nRight, my yiy just changed\nYou just buzzed the front gate\nI thank God you came\nHow many more days could I wait?\nI made plans with you\nAnd I won't let 'em fall through\nI, I, I, I, I\n\n[Hook: Drake]\nI think I'd lie for you\nI think I'd die for you\nJodeci \"Cry for You\"\nDo things when you want me to\nLike controlla, controlla, yeah\nLike controlla, controlla, yeah\n\n[Verse 2: Drake]\nOkay, you like it, when I get\nAggressive, tell you to\nGo slower, go faster\nLike controlla, controlla, yeah\nLike controlla, controlla, yeah\n\n[Bridge: Drake]\nAnd I\u2019m never on a waste ting, shawty\nI do it how you say you want it\nThem girls, they just wanna take my money\nThey don't want me to give you nothing\nThey don't want you to have nothing\nThey don't wanna see me find your lovin'\nThey don't wanna see me\nSmiling back when they pree\n\n[Hook: Drake]\nKnowing I'd lie for you\nThinking I'd die for you\nJodeci \"Cry for You\"\nDo things when you want me to\nLike controlla, controlla, yeah\nLike controlla, controlla, yeah\n\n[Break: Beenie Man]\nGyal a tear off mi garments\nAnd a bawl fi come inna mi apartment (Woi!)\nDi gyal dem want di length and strength\nAction speak louder than argument well\n\n[Verse 3: Drake]\nBut you can't just diss and come tell man sorry\nYou can't listen to me talk and go tell my story, nah\nIt don't work like that when you love somebody\nMy old flex is my new flex now and we're workin' on it, yeah\nAnd that's why I need\nAll the energy that you bring to me\nMy last girl would tear me apart\nBut she'd never wanna split a ting with me\n\n[Hook: Drake]\nBut when it comes to you, you\nI think I'd lie for you\nI think I'd die for you\nDo things when you want me to\nLike controlla, controlla, yeah\nLike controlla, controlla, yeah\n\n[Bridge: Drake]\nAnd I\u2019m never on a waste ting shawty\nI do it how you say you want it\nThem girls, they just wanna take my money\nThey don't want me to give you nothing\nThey don't want you to have nothing\nThey don't wanna see me find your lovin'\nThey don't wanna see me\nSmiling back when they pree (Jheeze!)\n\n[Outro: Beenie Man]\nMusic a drop!\nGyal a whine up dem bumpa\nDis is di summa summa controlla\nDrake from Canada, Beenie Man from Jamaica\nDah one yah a murda\u2014Zagga!", "image": "https://images.genius.com/6f4b9c41ccb18485cccd6aa364ccc3b8.1000x1000x1.jpg"}], "artist": "Drake"}