{"songs": [{"title": "Good Night and Good Luck", "album": "Born Successful", "year": null, "lyrics": "I guess this is goodbye, Goodnight and Goodluck\nI'm sitting outside man I'm right in the truck\nBags packed, pack of black and milds lighting them up\nI'm looking down on these niggas while inviting them up\nI'd like to know the reasoning behind subliminals\nLike who told them to mention me?\nI am elevated homie, you are elementary\nTelling them you selling dope and never sold a Century Sam\nSaying you get denied off your entry exam\nYou get flow and you done fo', converse in one verse\nAbout you fraud niggas that shoot never and run first\nAnd ask Juicy if I Stay Fly\nOn the cellphone, and got a ten on the other end like an eight bi\nSix two and they tell me you ye' high\nThey can't but they try, still get offended if I don't say hi\nTo me it's kinda gay if I'm saying hi to like eight guys\nSo I just walk past and keep it cool till the hate dies\nI do nothing that would offend these cats\nBut I wish I had a spot where I could send these cats\nLike here, sit on this island man and pen these raps\nBust them shots, pretend you trap, do whatever man\nLong as you never find your way home I'm cool with it\nI left you a shovel there, you know what to do with it\nI never bust a gun, I'm Mister C-T-V\nAt least, I'm not Mister Dick Riding C-T-E\nRappers believe me, I'm cuttin' records with Jody Breezy\nAnd that nigga would even admit that you flowin' Jeezy\nSlow your roll this ain't a diss song\nThis song, will let you know I'm not the one to pick on\nWhite with the yellow, the over easy I'm a swiss on\nOnly got a couple girls that I'm willing to kiss on\nWith the rest I turn the charm that they cannot resist on\nIf they wanna smoke they get they purple goodie twist on\nBut I can't call it, maybe you mad cause you fellas looking celibate\nTwo things that you are though is jealous and irrelevant uh\nAnd I'm official, what's officially true\nIs callin' names would only be beneficial to you\nI just tiring you niggas, ya'll the michelin crew\nI know a response is something that you itching to do\nAnd YOU? you're smaller to me then a thumb tack\nMusic enjoy it, well I'm just tryna bring the fun back\nBut you making out all these dumb tracks, ya LL sixteens\nCause I listen to them and I don't call it come BACK\nIt's more like a shame or disgrace\nConsidering I'm the one that you aim to displace\nBut you the one I blame in this case\nWithout you to experience much of that desired fame at this rate\nYour awkward ass singles, the lamest mixtapes\nAnd this is what's making you say you came to get Drake\nAnd I'm thinking the hood's right for you\nThe sun shines on my career it's goodnight for you, uh\nI'm thinking the hood's right for you\nThe sun shines on my career it's goodnight for you, nigga", "image": "https://images.genius.com/09c843b49a2466e1a43f2a46ad8bcf1c.500x500x1.jpg"}], "artist": "Drake"}