{"songs": [{"title": "Swagga Like Us", "album": "Heartbreak Drake", "year": null, "lyrics": "[Verse]\nAre you listening, is anybody listening\nWalk into the room, and you can smell the cloud glissening\nA lot of niggas is threatened by my positioning\nThrilling balls, you think I'm riding with John Grissonning\nI need Rosay, never mind the pricing\nKnow we brought cake to the party, no icing\nNo ice on, big Phantom, no licence\nFuck if you feelin me, as long as your wife be\nNo one in my city got a pocket like Drizzy\nI got rock fitted jeans, cause my credit card skinny\nIt's pitch black, and covers all insedentals\nAnd Mr. Wrong, sorry, you ain't know thismy prosensal\nFuck you rappers and your self proclaimed statis\nI can only see green now, have the same paterns\nI know you waiting on the last quote, check the sound scan, you can see that I'm the last hope", "image": "https://images.genius.com/405c9bcb0dcbee7d15bcc86cd8e8366a.500x500x1.jpg"}], "artist": "Drake"}