{"songs": [{"title": "Nonstop", "album": "Scorpion", "year": "2018-06-29", "lyrics": "[Intro: Lil Juice]\nTay Keith, fuck these niggas up!\n\n[Verse 1: Drake]\nLook, I just flipped a switch (Flipped, flipped)\nI don't know nobody else that's doin' this\nBodies start to drop, ayy (Hit the floor)\nNow they wanna know me since I hit the top, ayy\nThis a Rollie, not a stopwatch, shit don't ever stop\nThis the flow that got the block hot, shit got super hot, ayy\nGive me my respect (Give me my respect)\nI just took it left like I'm ambidex'\nBitch, I move through London with the Eurostep (Two)\nGot a sneaker deal and I ain't break a sweat\nCatch me 'cause I'm goin' (Outta there, I\u2019m gone)\nHow I go from 6 to 23 like I'm LeBron?\nServin' up a pack (Servin' up a pack)\nNiggas pullin' gimmicks 'cause they scared to rap, ayy\nFunny how they shook, ayy, got these niggas shook\nPullin' back the curtain by myself, take a look, ayy\nI'm a bar spitta, I\u2019m a hard hitta\nYeah I\u2019m light-skinned, but I'm still a dark nigga\nI'm a wig splitta, I'm a tall figure\nI'm a unforgivin' wild-ass dog nigga\nSomethin' wrong with 'em, got 'em all bitter\nI'm a bill printer, I'm a gravedigger\nYeah, I am what I am\nI don't have no time for no misunderstandings again\n\n[Chorus: Mack Daddy Ju & Drake]\nMy head is spinnin', from smokin' the chicken, the bass is kickin'\nMy head is spinnin', from smokin' the chicken, the bass is kickin'\nMy head is spinnin', from smokin' the chicken, the bass is kickin'\nMy head is spinnin'\nThis a Rollie, not a stopwatch, shit don't ever stop\nFrom smokin' the chicken, the bass is kickin'\nMy head is spinnin', from smokin' the chicken, the bass is kickin'\nMy head is spinnin', from smokin' the chicken, the bass is kickin'\nMy head is spinnin', from smokin' the chicken, the bass is kickin'\nMy head is\u2013\n\n[Verse 2: Drake]\nFuture took the business and ran it for me\nI let Ollie take the owl, told him brand it for me\nI get 2 million a pop and that\u2019s standard for me\nLike I went blind, dog, you gotta hand it to me\n(Gotta gimme that shit, dog)\nPrayed, then I prayed again (Amen, Lord)\nHad a moment but it came and went\n(They don't love you no more)\nYou don\u2019t wanna play with him (Nah, nah, nah)\nThey\u2019ll be mournin' you like 8AM (R.I.P.)\nPinky ring 'til I get a wedding ring (Whoa, yeah)\nLove my brothers, cut 'em in on anything (Big slice)\nAnd you know it's King Slime Drizzy, damn (Woo yeah)\nShe just said I'm bae, I hit the thizzle dance (Mac Dre shit)\nEither hand is the upper hand (Oh yeah, shit)\nGot a bubba on my other hand (Whoa, yeah, shit, yeah)\nThis shit ain't no hundred bands (Nah, nah, nah, nah)\nPalace look like Buckingham\nBills so big, I call 'em Williams, for real\nReasons to go crazy, got a trillion, for real\nThey been tryin' me but I'm resilient, for real\nI can\u2019t go in public like civilian, for real\nAnd I hardly take offense\nMoney for revenge, man, that\u2019s hardly an expense\nAl Haymon checks off of all of my events\nI like all the profit, man, I hardly do percents (I don't do that shit)\nA big part of me resents\nNiggas that I knew from when I started in this shit\nThey see what I got and, man, it's hard to be content\nFuck what they got goin' on, I gotta represent (Ayy!)\n\n[Chorus: Mack Daddy Ju & Drake]\nMy head is spinnin', from smokin' the chicken, the bass is kickin'\nMy head is spinnin', from smokin' the chicken, the bass is kickin'\nMy head is spinnin', from smokin' the chicken, the bass is kickin'\nMy head is spinnin'\nThis a Rollie, not a stopwatch, shit don't ever stop\nFrom smokin' the chicken, the bass is kickin'\nMy head is spinnin', from smokin' the chicken, the bass is kickin'\nMy head is spinnin', from smokin' the chicken, the bass is kickin'\nMy head is spinnin'\nThis the flow that got the block hot, shit got super hot", "image": "https://images.genius.com/2fee80dd9aec0717aef8e1eb7aaaae4c.809x809x1.jpg"}], "artist": "Drake"}