{"songs": [{"title": "Talk Up", "album": "Scorpion", "year": "2018-06-29", "lyrics": "[Intro: Drake]\nAyy, ayy\nLot of 6's in here tonight\nYeah, yeah, ayy\n(Dopeman!)\n\n[Verse 1: Drake]\nTen of us, we movin' as one\nI'm so proud of who I've become\nYou might think I've taken some lumps\nOnly if we talkin' 'bout sums (yeah)\nIntentions are pure, they cannot tell me relax\nMy mentions are jokes, but they never give me the facts\nThis isn't that, can't be ignorin' the stats\nBased off of that, they gotta run me the max\nThey gotta run me the max, they gotta double the racks\nThey had it set up for real, but they didn't come with the slaps\nWhen I heard the shit I was skippin' through that\nIf I get it trippin', it's no comin' back\nI don't understand, these niggas gotta adapt\nYou know where I'm at, I put the 6 on the map\nYour shorty was bent, she wanted to vent\nI promise it fell in my lap\nMy money is young, my problems are old\nI promise I'm bridgin' the gap\n\n[Chorus: Drake]\nWoo! You know what I'm sayin'?\nWoo! Ayy, ayy\nYeah, you know what I'm sayin'?\n(Gyeah, gyeah, gyeah, gyeah!)\n\n[Bridge: Drake]\nNiggas provoke, this shit ain't a joke, man, nobody playin'\nHe's at the top and he's at the top, but nobody stayin'\nThese niggas around but they ain't around\nYou know what I'm sayin'?\nSay that they down, when they shit is down\nYou know what I'm sayin'?\n\n[Chorus: Drake]\nYeah, you know what I'm sayin'?\nAyy, ayy, yeah\nYou know what I'm sayin'?\n\n[Verse 2: JAY-Z]\nYo, get close enough to HOV, smell like a kilo still (still)\nFirst album 26, I ain't need no deal (real)\nAlready a hood legend, I ain't need no Shyne (woo!)\nFirst Rollie flooded out, I ain't see no time, woah\nStand-up niggas, we only duckin' indictments\nDope boys, Off-White, lookin' like soft white on 'em\nHeh, you know what I'm sayin'?\nWe in the buildin', we came for a billion, ain't nobody playin'\nLive every word that I'm rappin'\nSay I lost 90 bricks and it happened\nYou probably wouldn't believe\nEverything that you seein' right now if it wasn't live action\nI ain't on the 'Gram, they record who I am\nGod to these dope boys, how do you not be a HOV fan?\nI'm what Meech shoulda been\nI'm what Supreme didn't become\nIf Alpo didn't snitch, niggas'd be like Young\nI got your President tweetin', I won't even meet with him\nY'all killed X and let Zimmerman live, shhh, s-streets is done\n\n[Chorus: Drake]\nYou know what I'm sayin'?\nAyy, ayy, yeah\nYou know what I'm sayin'?\n\n[Bridge: Drake]\nNiggas provoke, this shit ain't a joke, man, nobody playin'\nHe's at the top and he's at the top, but nobody stayin'\nThese niggas around but they ain't around\nYou know what I'm sayin'?\nSay that they down, when they shit is down\nYou know what I'm sayin'?\n\n[Chorus: Drake]\nYeah, you know what I'm sayin'?\nAyy, ayy, yeah\nYou know what I'm sayin'?", "image": "https://images.genius.com/2fee80dd9aec0717aef8e1eb7aaaae4c.809x809x1.jpg"}], "artist": "Drake"}