{"songs": [{"title": "Too Good (Demo)", "album": null, "year": null, "lyrics": "[Refrain 1: Rihanna]\nI don't know how to talk to you\nI just know I found myself getting lost with you\nLately you just make me work too hard for you\nGot me on flights overseas, and I still can't get across to you\n\n[Refrain 2: Drake]\nLook...I don't know how to talk to you\nI don't know how to ask you if you're okay\nMy friends always feel the need to tell me things\nSeems like they're just happier than us these days\nYeah, these days I don't know how to talk to you\nI don't know how to be there when you need me\nIt feels like the only time you see me\nIs when you turn your head to the side and look at me differently\n\n[Refrain 1: Rihanna]\nI don't know how to talk to you\nI just know I found myself getting lost with you\nLately you just make me work too hard for you\nGot me on flights overseas, and I still can't get across to you\n\n[Pre-Chorus: Rihanna & Drake]\nAnd last night I think I lost my patience\nLast night I got high as your expectations\nLast night, I came to a realization\nAnd I hope you can take it\nI hope you can take it\nAnd last night I think I lost my patience\nLast night I got high as your expectations\nLast night, I came to a realization\nAnd I hope you can take it\nI hope you can take it\n\n[Chorus: Drake & Rihanna ]\nI'm too good to you\nI'm way too good to you\nYou take my love for granted\nI just don't understand it\nNo, I'm too good to you\nI'm way too good to you\nYou take my love for granted\nI just don't understand it\nI'm too good to you\nI'm way too good to you\nYou take my love for granted\nI just don't understand it\nNo, I'm too good to you\nI'm way too good to you\nYou take my love for granted\nI just don't understand it\n\n[Refrain 1: Rihanna]\nI don't know how to talk to you\nI just know I found myself getting lost with you\nLately you just make me work too hard for you\nGot me on flights overseas, and I still can't get across to you\n\n\n[Refrain 2: Drake]\nLook...I don't know how to talk to you\nI don't know how to ask you if you're okay\nMy friends always feel the need to tell me things\nSeems like they're just happier than us these days\nYeah, these days I don't know how to talk to you\nI don't know how to be there when you need me\nIt feels like the only time you see me\nIs when you turn your head to the side and look at me differently\n\n[Refrain: Rihanna]\nI don't know how to talk to you\nI just know I found myself getting lost with you\nLately you just make me work too hard for you\nGot me on flights overseas, and I still can't get across to you\n\n[Pre-Chorus: Rihanna]\nAnd last night I think I lost my patience\nLast night I got high as your expectations\nLast night, I came to a realization\nAnd I hope you can take it\n\n[Chorus: Drake & Rihanna ]\nI'm too good to you\nI'm way too good to you\nYou take my love for granted\nI just don't understand it\nNo, I'm too good to you\nI'm way too good to you\nYou take my love for granted\nI just don't understand it\nI'm too good to you\nI'm way too good to you\nYou take my love for granted\nI just don't understand it\nNo, I'm too good to you\nI'm way too good to you\nYou take my love for granted\nI just don't understand it", "image": "https://images.genius.com/22999a3378819809ee4848f7c60a744c.1000x1000x1.jpg"}], "artist": "Drake"}