{"songs": [{"title": "What Up", "album": "Young Sweet Jones 2", "year": null, "lyrics": "[Verse 1: Drake]\nHigh rollers what's up\nDreams Houston what's up\nOnyx what\u2019s up\nYou does it baby you does it baby\nHarlem Knights what\u2019s up\nTreasures what\u2019s up\nLegends what\u2019s up\nJust love me baby just love me baby\nYeeeeeah\nTo all my Houston Texas country muffins\nBaby let me hit that liquor and that blunt you puffin\nAnd after that I\u2019mma throw that fucking young money up\nAnd we can both watch and fall like it\u2019s bungee jumping\nMan I\u2019m so high, next time we won't smoke all of that ounce you buy\nOooh, I almost forgot to blow them candles out\nCause I don\u2019t really want to fall asleep and light this house on fire\nGoodnight, I\u2019m still up, I told my girl to lay down\nI see the bottle is full, I\u2019m bout to drink it way down\nWhat up Bun my nigga\nMan you know we stay down\nAnd I\u2019m an honoray resident in UGK town\nI\u2019m on my way\nYeah Im on my way\nI never give a fuck about what any nigga say\nThe music all slow and the bitches all pretty\nMe and Pimp about to do it for the city in this thing\n\n[Hook: Drake]\nWhat up, what up\nH Town in this bitch\nWhat up, what up\nMe and Pimp about to do it for the city\nWhat up, what up\nWhat up, what up\n\n[Verse 2: Pimp C]\nMoney by the Ton\nBricks from Crumbs\nMillionnaire from nothing\nMind on hustlin\nPussy\u2019s a commodity but dick sell better\nEm dickies and high shoes to a cashmere sweater\nPaint that got wetter than it was in 94\nThe drink that got thicker and the dirt weed rolled\n96 Impala with the stick on the floor\nNow its Bentely Four Doors with Patron on the Doors\nLight wood nigga Polo fuck Hilfiger\nJammin Slim Thug, Belly fully of drugs\nYoung hard nigga, underdog nigga\nYellow Lights on the Masa (maserati)\nYellow diamonds on my finger\nPlaying in the car\nMy dick wanna fuck but my pockets say stop\n(?)\nI need some more dough I\u2019ma PIMP for sure\n\n[Hook: Drake]\nWhat up, what up\nH Town in this bitch\nWhat up, what up\nMe and Pimp about to do it for the city\nWhat up, what up\nWhat up, what up\n\n[Verse 3: Bun B]\nWell its the Trill OG\nI got the neighbourhood soul\nKush is dead Im getting blowed\nRiding bangin getting throwed in the candy painted low\nChrome grill in front of it\nBelts on the back of it, my homie shoes running it\nAnd shorty on the side of me is straight up off the king cover\nDon\u2019t care what anybody say long as the King love her\nWish I could tell her that I dont but it would kill her\nI just keep on gripping grains dripping stains\nBeing trilla ain't another brother realer\nBlowing thousand dollar killer\nWith the Filipino flow that I just got it from Manila\nBout to snow up in my city\nSo let me put on my chincilla\nIn the \u2018rari doing donuts like my name was J Dilla\nAll about the skrilla so just point me to the dealer\nKeep the work up in the attic and the money in the cellar\nYour girl up in the second automatics for the fella\u2019s\nYou see us in the back than all you gotta do is tell us\n\n[Hook: Drake]\nWhat up, what up\nH Town in this bitch\nWhat up, what up\nMe and Pimp about to do it for the city\nWhat up, what up\nWhat up, what up", "image": "https://images.genius.com/d0129f5c63f1ee10f591e6ce8849c5c5.500x500x1.jpg"}], "artist": "Drake"}