{"songs": [{"title": "Buried Alive (Interlude)", "album": "Take Care", "year": "2011-11-15", "lyrics": "[Intro: Kendrick Lamar]\nIf you was in a pine box (Box)\nI would surely break the lock\nI'd jump right in an-and fall asleep (I fall asleep)\n'Cau-'cau-'cause you are the death of me ('Cause you are)\nIf you was in a pine box (Box)\nI would surely break the lock\nI'd jump right in and fall asleep (I fall asleep)\n'Cau-'cau-'cause you are the death of me\n'Cause you are, the-the death of me, you-you, the death of me\n\n[Verse: Kendrick Lamar]\nLookin' in the mirror, I'm embarrassed\nI'm feelin' like a suicidal terrorist\nReact like an infant whenever you are mentioned\nMind over matter never worked for my nemesis\nI'm in the matter of man arm wrestlin' hands I was dealt\nWhen I said the music business was all I needed\nWhen I got it I was greeted by an alien\nThat said last year that she slept with a Canadian\nThat gave him an addiction that'd keep him in Mercedes Benz\nBright lights and Rihanna as a lady friend\nMy vice is similar, women love when you're my type\nAnd you're winnin' from everything that your palm write\nPut her in the Palms Hotel, sin city\nDevil in a dress, Platinum Chanel, live the ambiance all\n'Cause the audience one day said I would do it\nSo instead of a verse bein' read\nI'ma go and get some head off the strength of my music\nI tell a bad bitch yo' ass too fat, Capitalize That\nAnd your weave look good with the Indian tracks\nTrackin' device on your used 5 series\nI don't call back, just blame it on your Canadian\nThe same day we say were in the area cruisin' in Toronto\nHit me on the cellular thought he was gonna sell me\nA false word like the rappers I know\nSat down with a few drinks, located where you can't see us\nA white waitress on standby when we need her\nA black Maybach, 40 pulled up Jeep\nNo doors, all that nigga was missin' was Aaliyah\nFelt like the initiation, a reality livin' in the matrix\nWe talk casually about the industry\nAnd how the women be the taste makers for the shit we makin'\nThen he said that he was the same age as\u2026 myself\nAnd it didn't help 'cause it made me even more rude and impatient\nSo blame it on Mr. OVOXO\nThe reason why I'm breathin' all the vanity I know\nThe reason why my best friend said she love me more than life\nBut I live a double life and need to let her go\nThe reason why the highlight was when he said:\nYou belong to the people when you're outside\nSo dig a shovel full of money, full of power, full of pussy\nFull of fame and bury yourself alive, then I died", "image": "https://images.genius.com/a50b0608affc94c4dae3d502a65ea390.1000x1000x1.jpg"}], "artist": "Drake"}