{"songs": [{"title": "Brand New", "album": "So Far Gone", "year": "2009-02-13", "lyrics": "[Verse 1]\nThis here is on some truthful shit\nIt seems like everything I do, you're used to it\nAnd I hate hearing stories 'bout who you've been with\nThat's when I gotta hide what I'm feeling inside\nSo you still think I'm confident, and damn\nIs this gonna last?\nYou're up on a pedestal, are we moving too fast?\nFeel like I'm in crazy competition with the past\nThat's why I gotta ask\n\n[Chorus]\nIs anything I'm doin' brand new?\nBrand new (Brand new), brand new (Brand new), brand new\nIs anything I'm doin' brand new?\n(Is anything I'm doin' brand new?)\nBrand new (Brand new), brand new, brand new, brand new\nOh, girl (Ayy, ayy, ayy)\n\n[Verse 2]\nThis here is something personal\nI highly doubt this feeling is reversible\nKnowledge is pain and that is why it hurts to know\nThat you attempt to hide and put mistakes aside\nSo I don't ever question you, and damn\nI can't even find the perfect brush\nSo I can paint what's going through my mind\nRacing against myself, but I'm a couple steps behind\nThat's why I gotta ask\n\n[Chorus]\nIs anything I'm doin' brand new?\nBrand new (Brand new), brand new (Brand new), brand new\nIs anything I'm doin' brand new?\n(Is anything I'm doin' brand new?)\nBrand new (Brand new), brand new, brand new, brand new\nOh, girl (Ayy, ayy, ayy)\nIs anything I'm doin' brand new?\nNew, new, new, new, new\nOr is everything I'm doing too late?\nLate, late, late, late\n\n[Bridge]\nDid he take your clothes off just like this?\nDid he give you loving just like this?\nDid you spend the night in his bed on the very first date?\nTell me baby, am I too late?\n\n[Chorus]\nIs anything I'm doin' brand new?\nBrand new (Brand new), brand new (Brand new), brand new\nShow me if this is brand new (Brand new)\n(Is anything I'm doin' brand new?)\nNew, new, new (Brand new), oh, yeah, yeah, yeah", "image": "https://images.genius.com/83ad0a4cdf492e299e507a370ad173a4.1000x1000x1.jpg"}], "artist": "Drake"}