{"songs": [{"title": "Madonna", "album": "If You're Reading This It's Too Late", "year": "2015-02-13", "lyrics": "[Produced by Noah \"40\" Shebib]\n\n[Hook]\nBreathe through, ride through\nDamn, girl, oh man, I don't know\nPilled up, filled up\nDamn, girl, I'll be gettin' back to you for sure\nLaced up, dripped up, sauced up\nDamn, girl, I wanna ride with you\nWaved up, goin' up, glowin' up, growin' up\nHad to get it poppin' with you\n\n[Verse 1]\nWhat if I pick you up from your house?\nWe should get out, we haven't talked in a while\nWe should roll to see where it goes\nI saw potential in you from the go, you know that I did\nI don't know if you know, but I know who you are\nYou could be big as Madonna\nJust get in the car and then let's touch the road\nDon't make other plans\nSay you get up early, you work for the man\nWell, he'll understand\nPull up, I'm pullin' up on you in ten\nAlready on ten\nBig as Madonna, I'll say it again (Six-six-six!)\nSoon as you get in\n\n[Hook]\nBreathe through, ride through\nDamn, girl, oh man, I don't know\nPilled up, filled up\nDamn, girl, I'll be gettin' back to you for sure\nLaced up, dripped up, sauced up\nDamn, girl, I wanna ride with you\nWaved up, goin' up, glowin' up, growin' up\nHad to get it poppin' with you\n\n[Verse 2]\nPlan this shit out on my own, the way it should go\nWrote it in code then wrote it in stone\nSo they'll never know\nBut I might tell you one day you never know\nWe'll see how I feel\nWe'll see if you hold up your end of the deal\nFor now let me handle the wheel\nAnd don't worry about doing your hair\nOr what you should wear\nThis not a video shoot I don't care\nDon't over-prepare\nGot to remind me again where you stay\nEven though I think I know the way\nBut, you know, just in case I miss the road\nPulling up on you in ten just be ready to go\n\n[Hook]\nBreathe through, ride through\nDamn, girl, oh man, I don't know\nPilled up, filled up\nDamn, girl, I'll be gettin' back to you for sure\nLaced up, dripped up, sauced up\nDamn, girl, I wanna ride with you\nWaved up, goin' up, glowin' up, growin' up\nHad to get it poppin' with you", "image": "https://images.genius.com/bcf01db777c6e5c46eddb1031a2008d1.1000x1000x1.jpg"}], "artist": "Drake"}