{"songs": [{"title": "Fancy (Remix)", "album": null, "year": "2010-12-03", "lyrics": "[Produced by Swizz Beatz and Noah \"40\" Shebib]\n\n[Hook: Swizz Beatz x2]\nOh you fancy huh\nOh you fancy huh\nOh you fancy huh\nOh you fancy huh\nNails done, hair done, every thing big\nNails done, hair done, everything big\n\n[Verse 1: Drake]\nYou gettin' ready so I know we gon be here awhile\nIn the bathroom flat irons and nail files\nSpendin' hours in salons on your hairstyle\nIn the mall steady racking up the air miles\nHit the gym, step on the scales, stare at the number\nYou say you droppin' 10 pounds preparin' for summer\nAnd you don\u2019t do it for the man, men never notice\nYou just do it for yourself, you\u2019re the fuckin' coldest\nIntelligent too, ooh you\u2019re my sweetheart\nI\u2019ve always liked my women book and street smart\nLong as they got a little class like half days\nAnd the confidence to overlook my past ways\nTime heals all and heels hurt to walk in\nBut they go with the clutch that you carry your lip gloss in\nAnd look, I really think that nobody does it better\nI love the way you put it together\n\n[Hook: Swizz Beatz x2]\n\n[Verse 2: Mary J. Blige]\nShe got it all together\nShe dont need to help none\nShe got her own paper\nShe dont need you to taker her\nOn a shopping spreee\nMy girl ?\nFor some gucci huh\nFor some Louis huh\nShe got the best of everything\nYou can never report a fancy girl like me\n\n[Hook: Swizz Beatz x2]\n\n[Interlude: Drake]\nAtlanta girls, let me see your hands\nWave 'em at them bitches hating on you with their friends\nGirl you got it, let 'em know that everything big\nNails done hair done, everything big\nAnd my NY girls, let me see your hands\nWave 'em at them bitches hating on you with their friends\nGirl you got it, let 'em know that everything big\nNails done hair done, everything big\nAnd my LA girls, let me see your hands\nWave 'em at them bitches hating on you with their friends\nGirl you got it, let 'em know everything big\nNails done hair done, everything big\nAnd my TO girls, let me see your hands\nWave 'em at them bitches hating on you with their friends\nGirl you got it, let 'em know everything big\nNails done hair done, nails done hair done\nSay go Cinderella, go Cinderella\nOrgasm blush, lipstick and concealer\nDevil in a tight dress, girl you a killer\nAnd ain't nobody realer, and ain't nobody realer, go\n\n[Verse 3: Drake]\nUh, 5 and a half in boys, ass is off the hook\nCinderella 'bout to lose the glass off her foot\nAnd when I find it is when I find you\nAnd we can do the things we never got the time to\nBetter late than never but never late is better\nThey tell me time is money, well we\u2019ll spend it together\nI\u2019m down for whatever, you just lead the way\nWe go to dinner you don\u2019t even look at me to pay\nMature women with more than me were the first to tempt me\nAnd Jason had this girl Tammy with a purple Bentley\nHow she got it I ain't never get to ask\nI just knew that she was fine like a ticket on the dash\nYeah, but shout out to the homeowners\nThe girls that got diplomas and enough money to loan us\nA little something extra, should we ever need it\nIf it sounds like you, then let me hear you repeat it\n\n[Hook: Swizz Beatz]", "image": "https://images.genius.com/22999a3378819809ee4848f7c60a744c.1000x1000x1.jpg"}], "artist": "Drake"}