{"songs": [{"title": "Duppy Freestyle", "album": null, "year": "2018-05-25", "lyrics": "[Intro]\nI'm in shock\nThe nerve, the audacity\nOkay\n\n[Verse]\nSo if you rebuke me for workin' with someone else on a couple of Vs\nWhat do you really think of the nigga that's makin' your beats?\nI've done things for him I thought that he never would need\nFather had to stretch his hands out and get it from me\nI pop style for 30 hours then let him repeat\nNow you poppin' up with the jokes, I'm dead, I'm asleep\nI just left from over by y'all puttin' pen to the sheets\nTired of sittin' quiet and helpin' my enemies eat\nKeep gettin' temperature checks\nThey know that my head overheats\nDon't know why the fuck you niggas listen to Denim or Steve\nMust've had your Infrared wrong, now your head in the beam\nY'all are the spittin' image of whatever jealousy breeds\nDon\u2019t push me when I'm in album mode\nYou're not even top 5 as far as your label talent goes\nYou send shots, well I got to challenge those\nBut I bring Calicos to the Alamo\nI could never have a Virgil in my circle\nAnd hold him back 'cause he makes me nervous\nI wanna see my brothers flourish to they higher purpose\nYou niggas leeches and serpents\nI think it's good that now the teachers are learnin', yeah\nYour brother said it was your cousin, then him, then you\nSo, you don't rap what you did, you just rap what you knew\nDon't be ashamed, it's plenty niggas that do what you do\nThere's no malice in your heart, you're an approachable dude\nMan, you might've sold to college kids for Nike and Mercedes\nBut you act like you sold drugs for Escobar in the '80s\nI had a microphone of yours, but then the signature faded\nI think that pretty much resembles what's been happenin' lately\nPlease believe your demise will be televised, yeah\nAnd as for Q, man, I changed his life a couple times\nNigga was at Kroger workin' double time\nY'all actin' like he made the boy when I was tryna help the guy\nYeah, who gassed you to play with me?\nMan, you made this shit as easy as ABCs\nWhoever supposedly makin' me hits\nBut then got no hits sound like they need me\nMy hooks did it, my lyrics did it\nMy spirit did it, I'm fearless with it, yeah\nI really shouldn't have given you none of my time\n'Cause you older than the nigga you runnin' behind\nLook, holla at me when you multi-million\nI told you keep playin' with my name\nAnd I'ma let it ring on you like Virginia Williams\nI'm too resilient, get out your feelings\nIt's gonna be a cruel summer for you\nI told Weezy and Baby, \"I'ma done him for you\"\nTell 'Ye we got a invoice comin' to you\nConsiderin' that we just sold another 20 for you\n\n[Outro]\nTo be honest\nDuppy", "image": "https://images.genius.com/4b530dfa7d90aedc0c8147bd69fe127d.500x500x1.jpg"}], "artist": "Drake"}