{"songs": [{"title": "Dreams Money Can Buy", "album": null, "year": "2011-05-20", "lyrics": "[Hook]\nDon\u2019t fuck with me, don't fuck with me\nDon\u2019t fuck with me, don't fuck with me\nDon\u2019t fuck with me, don't fuck with me\n\n[Verse 1]\nI got car money, fresh start money\nI want Saudi money, I want art money\nI want women to cry and pour out their heart for me\nAnd tell me how much they hate it when they apart from me\nYeah, and lately I do bitches the meanest\nTell 'em I love 'em and don\u2019t ever mean it, we go on dates\nI send the Maybach out in neighbourhoods, they never seen it\nThat shit is dangerous, but it's so convenient\nI ain't lying, yeah, and comfortable I sit\nThat manual Ferrari Italia, some fly shit\nIt\u2019s sitting at the house like I bought in '96\n\u2018Cause honestly I\u2019m too fucking busy to drive stick\nI swear, too fucking busy, too busy fuckin'\nThis nigga girl, but to me she wasn\u2019t\nBeen hot before they open doors for me; pre-heated oven\nI\u2019m in this so, but I ain't finished though\nIt\u2019s been a minute though\nMy newest girl from back home got issues with parents\nAnd some charges, how the fuck can I get her to Paris?\nLuckily, I\u2019m the greatest my country\u2019s ever seen\nSo chances are I get the border to issue me clearance\nDreams money can buy\nEverybody yelled \"Surprise!\", I wasn't surprised\nThat's only \u2018cause I been waiting on it, nigga\nSo fuck whoever hating on a nigga, of course\n\n[Hook]\nDon\u2019t fuck with me, don't fuck with me\nDon\u2019t fuck with me, don't fuck with me\nDon\u2019t fuck with me, don't fuck with me\nDon\u2019t fuck with me, don't fuck with me\n\n[Verse 2]\nFood from India, she in Charlotte Olympia\u2019s\nWe talked music for hours, she never mentioned ya\nCan\u2019t tell you how much I love when niggas think they got it\nAnd I love the fact that line made 'em think about it\nYMCMB, these niggas make it so hard\nTo be friendly when I know part of it\u2019s envy\nTryna fill the shoes, nigga, so far these are empty\nI take em off in the house because the throw carpets are Fendi\nOoh, I never seen the car you claim to drive\nWell, shit, I seen it, you just ain't inside\nAnd I feel like lately it went from top 5 to remaining 5\nMy favorite rappers either lost it or they ain't alive\nAnd they tryna bring us down: me, Weezy and Stunna\nWe stayed up, Christmas lights in the middle of summer\nAnd if the girl standing next to me got a fat ass\nThen I\u2019ll probably give her my number\nYeah, I throw my dollars up high\nAnd they land on the stage you dance on\nWe got company coming over\nWould it kill you to put some pants on?\nDreams money can buy\nThey told me it\u2019s like a high, and it wasn't a lie\nYeah, just have some good pussy waiting on a nigga\nAnd fuck whoever hating on a nigga\n\n[Hook]\nDon\u2019t fuck with me, don't fuck with me\nDon\u2019t fuck with me, don't fuck with me\nDon\u2019t fuck with me, don't fuck with me\nDon\u2019t fuck with me, don't fuck with me", "image": "https://images.genius.com/57a4009cecaa852ac89232d49aad8377.1000x1000x1.jpg"}], "artist": "Drake"}