{"songs": [{"title": "Yamaha Mamma", "album": null, "year": "2012-05-25", "lyrics": "[Verse 1: Drake]\nListen, girl\nYou so bad and you single, what's this I hear?\nWe ain't met yet, my name Drake\nAnd I'ma take the world over, this my year\nThis I swear\nHad my share of women that I been with\nI'm young, can ya blame me?\nI know you feel like a lot of things off-limits\nAt least let me describe what it can be\nBe faithful, I'll do that\nNah, really, baby girl, I'll do that\n'Cause everybody break up when they cake up\nWe can be the couple that'll never go through that\nYeah and if we ever fallin' off\nI swear I'll remind you that\nThat we're not who they are\nNow all I really gotta do is find you\nWhere you at?\n\n[Hook: Chris Brown & Drake]\nFrom the east to the west\nScream for me if you my number one lady\nTake a lead from the rest\nYou can go fast speed it up for me, baby\nI'm a G, what's next\nOne night with me would drive you crazy\nOne night with me would drive you crazy\nWhen it starts, are you ready?\nTake your marks and get steady\nYou know that it's about to get heavy\nBut she's a rider, a rider, my yamaha mama\nAy, ay, she my\nMy yamaha mama\nAy, ay, be my\nMy yamaha mama\nAy, ay, she my\nMy yamaha mama\nAy, ay, be my\n\n[Verse 2: Drake]\nTell me how to locate you\nI know satellites all break through\nBut they don't ever lead me straight to\nAnd I gotta arrive 'fore somebody take you\nKnow there's someone you don't mean a lot to\nAnd he would hate to know that I got you\nI even got a speech in my head\nThat I write and recite at the moment I spot you\n\"Hey there, your name is?\nI like that, it's suits ya\nI'm young, but different\nI'm not what you're used to at all\"\nIf we stop at the same red light\nI'ma celebrate the fact that I found you, girl\nAnd I'ma ride for you too, as soon as it turn green\nWanna hear from my ladies all around the world\nWhere you at?\n\n[Hook: Chris Brown & Drake]\nFrom the east to the west\nScream for me if you my number one lady\nTake a lead from the rest\nYou can go fast speed it up for me, baby\nI'm a G, what's next\nOne night with me would drive you crazy\nOne night with me would drive you crazy\nWhen it starts, are you ready?\nTake your marks and get steady\nYou know that it's about to get heavy\nBut she's a rider, a rider, my yamaha mama\nAy, ay, she my\nMy yamaha mama\nAy, ay, be my\nMy yamaha mama\nAy, ay, she my\nMy yamaha mama\nAy, ay, be my", "image": "https://images.genius.com/a4cb00739ad26299cbd0394bf4040099.500x358x1.jpg"}], "artist": "Drake"}