{"songs": [{"title": "Replacement Girl", "album": "Comeback Season", "year": "2007-04-30", "lyrics": "[Intro: Trey Songz]\nLadies make some noise if you wanna be my replacement\n\n[Verse 1: Drake & Trey Songz]\nLet me show you what it is\nI was birthed up top but was raised at the bottom of the map\nWhere the girls all thick and the hottest niggas rap\nIf you lookin' for the good then we got 'em in the trap like, ooh wee\nTook 'em from white sneaks to, ooh wee\nThis metaphor might sound a little confusin' but\nY'all don't really know me if you know me\nI done come all way from the Days Inn and all the hotels that I stayed in\nAnd I took my lifestyle from mediocre to good and now I say it's sittin' at amazin'\nGirls tryna SoHo lobby us, hear 'em all screamin' then it's probably us\nBut I can't blame females, females can't really ignore somethin' this obvious\nWhat you really expect when I strut through town?\nTwo or three days, I shut you down\nChilin' with the homie Trey Songz, you call him the prince, he rep two up, two down\nAnyone I know get used to me\nI'm far from the man that I used to be\nAnd I don't ever really kick game, I know you find it impressive whenever you introduced to me\n'Cause I'm a good dude who take pride in that\nNeed good lovin' I'm providin' that\nUnderstand that I'm worldwide, you get it how you want it wherever you be residin' at\n'Cause I do things from the M-town\nTo the UK and from Spain back out to Texas\nThis album's for my fans, but, yo, this hook is for my exes\n\n[Hook: Trey Songz]\nThis one is for you girl, you know who you are girl\nYou only show your face 'cause you know that I'm a star girl\nWhat you tryna to make it, don't ever mistake it\nGirl, my time is limited and I ain't tryna waste it all on you\nYou had a chance, now it's gone, gone for you\nOh, you had a man now you don't\nBack to the basics, I think I made it\nLadies make some noise if you wanna be my replacement girl\n\n[Verse 2: Trey Songz]\nAin't ya never seen a youngin' so fly? (Probably not)\nLookin' for someone your type\nI done left behind the love of my life (She gone)\nTryina find another one tonight\nAnd if it's you baby, let yourself be seen\nDon't matter skirts, dresses or jeans\nI got that work, know what I mean\nAnd I'm flexin' on my ex if you know what mean\n\n[Hook: Trey Songz]\nThis one is for you girl, you know who you are girl\nYou only show your face 'cause you know that I'm a star girl\nWhat you tryna to make it, don't ever mistake it\nGirl, my time is limited and I ain't tryna waste it all on you\nYou had a chance, now it's gone, gone for you\nOh, you had a man now you don't\nBack to the basics, I think I made it\nLadies make some noise if you wanna be my replacement girl\n\n[Verse 3: Drake]\nWith the other dudes she get picked for some take out\nUntil they slip up and break out\nBut it's another story over here at Drake's house\n'Cause I'm dripped up and I'm draped out\nAnd I'm leaned back, scopin'\nLookin' for a woman that I should wife\nWho got just the right amount of loyalty\nYeah but is still anticipatin' us livin' the good life\nWe go LA, VA, NY, TO\nSunshine and that heat stroke\nAnd them fur hoods in that deep snow\nWe have breakfast in the bedroom\nBreak bread downstairs in the basement\nSince Jay and Kellz ain't doin' they thing no more\nGuess me and the boy Songz the replacement\n\n[Hook: Trey Songz]\nThis one is for you girl, you know who you are girl\nYou only show your face 'cause you know that I'm a star girl\nWhat you tryna to make it, don't ever mistake it\nGirl, my time is limited and I ain't tryna waste it all on you\nYou had a chance, now it's gone, gone for you\nOh, you had a man now you don't\nBack to the basics, I think I made it\nLadies make some noise if you wanna be my replacement girl\n\n[Outro: Trey Songz]\nLet's go", "image": "https://images.genius.com/a655dea07ba2924e5a4f0ab7b1ac26c9.300x300x1.jpg"}], "artist": "Drake"}