{"songs": [{"title": "Hold On, We're Going Home", "album": "Nothing Was the Same", "year": "2013-08-07", "lyrics": "[Produced by Nineteen85, Majid Jordan & Noah \"40\" Shebib]\n\n[Refrain: Drake]\nI got my eyes on you\nYou're everything that I see\nI want your hot love and emotion endlessly\nI can't get over you\nYou left your mark on me\nI want your hot love and emotion endlessly\n\n[Pre-Hook: Drake]\n'Cause you're a good girl and you know it\nYou act so different around me\n'Cause you're a good girl and you know it\nI know exactly who you could be\n\n[Hook: Drake]\nJust hold on, we're going home\nJust hold on, we're going home\nIt's hard to do these things alone\nJust hold on, we're going home\n\n[Refrain: Drake]\nI got my eyes on you\nYou're everything that I see\nI want your hot love and emotion endlessly\nI can't get over you\nYou left your mark on me\nI want your hot love and emotion endlessly\n\n[Pre-Hook: Drake]\n'Cause you're a good girl and you know it\nYou act so different around me\n'Cause you're a good girl and you know it\nI know exactly who you could be\n\n[Hook: Drake & Majid Jordan]\nJust hold on, we're going home (going home)\nJust hold on, we're going home (going home)\nIt's hard to do these things alone (things alone)\nJust hold on, we're going home (going home)\n\n[Bridge: Majid Al Maskati]\nYou're the girl, you're the one\nGave you everything I loved\nI think there's something, baby\nI think there's something, baby\nYou're the girl, you're the one\nGave you everything I loved\nI think there's something, baby\nI think there's something, baby\n\n[Pre-Hook: Drake & Majid Al Maskati]\n'Cause you're a good girl and you know it\nYou act so different around me\n'Cause you're a good girl and you know it\nI know exactly who you could be\n\n[Hook: Drake & Majid Jordan]\nJust hold on, we're going home (going home)\nJust hold on, we're going home (going home)\nIt's hard to do these things alone (things alone)\nJust hold on, we're going home (going home)", "image": "https://images.rapgenius.com/f545371242592e32983526102bd7b01d.600x600x1.jpg"}], "artist": "Drake"}