{"songs": [{"title": "Uptown", "album": "So Far Gone", "year": "2009-02-13", "lyrics": "[Intro: Lil Wayne]\nYeah\nUh-huh\n\n[Verse 1: Drake]\nUh, hardly home but always reppin'\nYou hardly on and always second\nWhen I'm awake, you always restin'\nAnd when they call you the answer, you are hardly questioned\nI, I'm doin' classic shit in all my sessions\nOther niggas' situations, they are all depressin'\nThat's why I never follow y'all suggestions\nI just always did my own thing\nNow I run the game, you stupid motha-suckas\nI see all this money through my Ohio State Buckeyes\nShit been goin' good, but good can turn to better\n'Cause you the type to lose her, and I'm about to get her\n\n[Chorus: Drake]\nIt's okay, it's okay, it's okay, it's okay\nIt's okay, it's okay, you can run and tell your friends\nThat I'm on, I'm on, I'm on, I'm on\nI'm on, I'm on, best believe I understand\nIt's okay, it's okay, it's okay, it's okay\nIt's okay, it's okay, you can run and tell my city\nI'm on, I'm on, I'm on, I'm on\nI'm on, come on, you can run and tell my city it's on\n\n[Verse 2: Drake]\nYeah, wrong way down a one-way\nWomen don't get saved 'round me, even on a Sunday\nDamn, where I get it from? These niggas always wonder who\nThen they meet my pop and tell him, \"Drake is just a younger you\"\nAnd shawty wanna party, so don't let yo' girl up out the house\nOr there'll be shots on TMZ of me givin' her mouth-to-mouth\nNow she's famous and the paparazzi starts to shoot her\nI drive two black cars, I named 'em Malcolm X and Martin Luther\nI don't ever play, but I'm in the game lady\nThey just lose to love, those are tennis games, lady\nHave you countin' money, goin' duffle bag crazy\nSippin' on Pink Floyd and puffin' Wayne Brady\nDamn, whose line is it anyways?\nI'm in a daze, you been amazed\nY'all seem to be stuck on that beginner stage\nI'm on fire, yup, I've been ablaze\nI got dough to blow, but I wanna blow it right, you look nice\nAnd yo' frame makes me wanna bowl a strike, well alright\nGuess I might, know what? Fuck it, yes I will\nI am more than what you bargained for and nothin' less than real\nPut it to your life\n\n[Chorus: Drake]\nIt's okay, it's okay, it's okay, it's okay\nIt's okay, it's okay, you can run and tell your friends\nThat I'm on, I'm on, I'm on, I'm on\nI'm on, I'm on, best believe I understand\nIt's okay, it's okay, it's okay, it's okay\nIt's okay, it's okay, you can run and tell my city\nI'm on, I'm on, I'm on, I'm on\nI'm on, come on, you can run and tell my city it's on\n\n[Verse 3: Bun B]\nBun B, king of the trill, also one of the dopest\nWhether the streets or on the mic, I'm dope and yes I'm focused\nThe gangsta recognize me for my loc-ness, no joke, it's\nTime to shake these haters off like the skin of a locust\nOr maybe like a python, that's the type of shit I'm on\nI wrote this on my iPhone, so let me drop this iBomb\nI palm the game like it's a Spalding ball and take flight\nFrom the free-throw line and slam it down like I'm the great Mike\nBun and Wayne and Drake in here, mane, this gon be a great night\nLook at all these posers bite our swagger like a great white\nTry to cross me over I just fake left, then I break right\nStupid animal tricks like David Letterman's Late Night\nThis that major moment you've been waitin' on for too long\nThe best that ever did it and doin' it on a new song\nUGK and Young Money, too strong\nBound to be in the green like a crouton, so what the fuck is you on?\n\n[Chorus: Drake]\nIt's okay, it's okay, it's okay, it's okay\nIt's okay, it's okay, you can run and tell your friends\nThat I'm on, I'm on, I'm on, I'm on\nI'm on, I'm on, best believe I understand\nIt's okay, it's okay, it's okay, it's okay\nIt's okay, it's okay, you can run and tell my city\nI'm on, I'm on, I'm on, I'm on\nI'm on, come on, you can run and tell my city it's on\n\n[Verse 4: Lil Wayne]\nI am the leather jacket, black glasses, All-American bad boy\nI own the swagger supermarket and you, you just a bag boy\n'Cause I got that swag boy, the swag you never had boy\nHate and I will leave your chest the color of my flag, boy\nSoowoo bitch, I do this shit, I'll erase you like I drew you bitch\nAnd I keep that toaster, you can come and be my strudel, bitch\nI'm so uptown\nAnd motherfucker if you ain't, don't go uptown, yeah\nAnd now I'm on that rock shit\nBut why they let me in? I'm just gon' shoot 'em in the mosh pit\nHaha, fuck is you talkin' 'bout?\nWeezy in ya mouth, now, Weezy what you talkin' 'bout?\nYoung Mula, baby\n\n[Chorus: Drake]\nIt's okay, it's okay, it's okay, it's okay\nIt's okay, it's okay, you can run and tell your friends\nThat I'm on, I'm on, I'm on, I'm on\nI'm on, I'm on, best believe I understand\nIt's okay, it's okay, it's okay, it's okay\nIt's okay, it's okay, you can run and tell my city\nI'm on, I'm on, I'm on, I'm on\nI'm on, come on, you can run and tell my city it's on", "image": "https://images.genius.com/83ad0a4cdf492e299e507a370ad173a4.1000x1000x1.jpg"}], "artist": "Drake"}