{"songs": [{"title": "Can't Take a Joke", "album": "Scorpion", "year": "2018-06-29", "lyrics": "[Intro]\nAyo, blast that shit, Maxx\nBlast that shit back if you blastin'\nAyy\n\n[Verse 1]\nUberX to Hidden Hills\nGive me somethin' I can feel\nIf they come to Hidden Hills\nThen I know they know the deal\nWe just right there up the road\nYou could hit it with a stone\nI be out here on my own\nI'm just tryna set the tone\nI've been kicked when I was down\nNone of that shit matter now\nNiggas think they run the town\n'Til we run 'em out of town\nAnd they gotta relocate\nGotta dip from where they stay\nEverything will be okay\nMan, just stay up out my way\n\n[Chorus]\nSkid around ends with the bros and I'm kitted to the toes\nIf I touch studio then we got one\nI be tryna laugh with the bros 'bout the opps that we know\nBut they can't take a joke, 'cause it's not one\nThink it's 'cause we live by the code, reputation to uphold\nMakin' me the one they gotta take the spot from\nI be tryna laugh with the bros but they can't take a joke\n\n[Interlude]\nAyo, blast that shit, Maxx\nBlast that shit back if you blastin'\nYeah, yeah\n\n[Verse 2]\nBack and forth to Italy\nMy comment section killin' me\nI swear I get so passionate\nY'all do not know the half of it\nI grew up with the Reps Up boys, we crashin' it and splashin' in\nAnd when I say they crashin' it, I do not mean a accident\nI'm\u2013 I'm still in the studio at 6:45\nAnd my haters either on they way to work or they arrived\nAnd I gotta own the things I rap about just for my pride\nYou know when it comes to pride, I can't put that shit aside\nI've been kicked when I was down\nNone of that shit matter now\nThey be throwin' in the towel\nI do yellowtail at TAO\nThey be watchin' what they say\nEspecially when it's to my face\nEverything will be okay\nMan, just stay up out my way\n\n[Chorus]\nSkid around ends with the bros and I'm kitted to the toes\nIf I touch studio then we got one\nI be tryna laugh with the bros 'bout the opps that we know\nBut they can't take a joke, 'cause it's not one\nThink it's 'cause we live by the code, reputation to uphold\nMakin' me the one they gotta take the spot from\nI be tryna laugh with the bros but they can't take a joke", "image": "https://images.genius.com/2fee80dd9aec0717aef8e1eb7aaaae4c.809x809x1.jpg"}], "artist": "Drake"}