{"songs": [{"title": "The Motto (Drake vs Zin-Zeta)", "album": null, "year": null, "lyrics": "Lyrics\n\n[Verse 1 (Drake)]\n\nI'm the fucking man, y'all don't get it, do ya?\nType of money, everybody acting like they knew ya\nGo Uptown, New York City, biiiiiiiiiiiiiiiiiiiiiiiiiitch\nSome Spanish girls love me like I'm Aventura\nTell Uncle Luke I'm out in Miami too\nClubbing hard, fucking women... ain't much to do\nWrist bling, got a condo up in Biscayne\nStill getting brain from a thang, ain't shit changed\nHow you feel how you feel how you feel?\n25 sitting on 25 mil\nI'm in the building and I'm feeling myself\nRest in peace Mac Dre, I'mma do it for the Bay\nOkay, getting paid, we'll holler whenever that stop\nMy team good, we don't really need a mascot\nTell Tune, \"Light one, pass it like a relay\"\nYMCMB, you niggas more YMCA (LISTEN)\n\n[Verse 2 (Zin-Zeta)]\n\nIt's Jorge, back-to-back with Aubrey\nAnd white chicks, dying to back their asses on me\nBut, I ain't referring to \"white-girl booty,\" niggaaaaaaaaaaaaaaaaaaaaaaaaaaaaaaaaaaaaa\nHer ass looking like a bag o' laundry\nThe b*tch a milf; I'm f*cking her with her man's pops\n\"Charlie Horse\" dick's tenderizing her lamb chops\nStarted off soaked, shorty had the damp twat\nTill I hit it all night and left her with a sand box\nThat's why I'm rarely home. You know a brother busy\nPlus, I'm outta town, promoting \"... The Wunderwizzy\"\nBut in each and every one of my cities\nI've got a wonderful biddy with a couple of double-D titties\nYou feel me? Life is pretty. You tight cause yours is sh*tty?\nWell, don't get it twizzy; my background: gritty\nTeam Zeta 'bout the paper; the neighbors caught the vapors\nBefore you try and play us, though, go and get a shape-up, hater\n\n[Verse 3 (Drake/Zin-Zeta)]\n\nDrake: Me, Franny, and Mally Mall at the crib-o\nShout goes out to Niko, J and Chubbs, shouts to Gibbo\nWe got Santa Margherita by the liter\nShe know even if I'm fucking with her, I don't really need her, oooooohhhhhh...\n\nZin-Zeta: And I don't really need'em; I just lead'em up, eat'em out\nAnd beat'em up, then leave'em out cold, once the semen's out\nGive'em what they dream about, then let'em know the deal\nI tell'em it's a one-time thing and \"It's been real.\" You feel me?\n\nDrake: That's how you feel, man? That's really how you feel?\nCause the pimping ice cold; all the bitches wanna chill\nI mean, maybe she won't, but again, maybe she will\nI can almost guarantee she'll know the deal. Real nigga, what's up?\n\nHook:\n\nZin-Zeta: Dick is on her molar... sippin' Coca Cola\nWe only lick cunts, got my model lickin' bolas\nDrake: And we 'bout it err'day\nZin-Zeta: Err'day\nDrake: Err'day\nZin-Zeta: Like we only rent games\nDrake: Nigga, we don't really play... err'day\nZin-Zeta: err'day\nDrake: F*ck what anybody say\nZin-Zeta: I can't see you cause her...\nDrake: ... ass...\nZin-Zeta: ... in the way\nTyga: Real nigga, what's up?\n\nDrake: Now she want a photo... you already know, though\n\"You only live once\"... that's the motto, nigga - YOLO\nZin-Zeta: And we 'bout it err'day\nDrake: Err'day\nZin-Zeta: err'day\nDrake: Like we're sitting on the bench...\nZin-Zeta: ... nigga, we don't really play\nDrake: err'day\nZin-Zeta: err'day\nDrake: F*ck what anybody say\nZin-Zeta: Can't see you cause the money in the way\nDrake: Real nigga, what's up?", "image": "https://images.genius.com/22999a3378819809ee4848f7c60a744c.1000x1000x1.jpg"}], "artist": "Drake"}