{"songs": [{"title": "In The Morning", "album": null, "year": null, "lyrics": "[J. Cole]\nBaby you summertime fine, I let you get on top, I be the underline\nI'm trying to get beside you like the number 9, dime\nYou fine as hell, I guess I met you for a reason, only time can tell\nBut well, I'm wondering what type of shit you wantin'\nDo you like the finer things or you a simple woman\nWould you drink with a nigga, do you smoke weed\nDon't be ashamed, it ain't no thing, I used to blow trees\nGettin lifted, I quit but shit, I might get high with you\nIt's only fitting cause I'm looking super fly with you\nA flower, you are powerful, you do something to me\nCause girl I caught the vibe like you threw something to me\nSo I threw em back, now all my niggas hollerin, who was that\nOh boy, she bad nigga, what you bout do with that\nI'm finna take you home, just sip a little patron\nNow we zonin', baby you so fine\n\n[Chorus:]\nAnd can I hit it in the morning\nAnd can I hit it in the morning\nAnd can I hit it in the morning\nThe sun rising while you moanin'\n\nAnd can I hit it in the morning\nAnd can I hit it in the morning\nAnd can I hit it in the morning\nThe sun rising while you moanin'\n\n[Drake]\nUh, baby you winter time cold\nThe night is still young, drink that dinner wine slow\nI'm trying to make the goose bumps on your inner thigh show\nI'll let you beat me there as far as finish lines go\nYeah, and if you gotta leave for work, I'll be right here in the same bed\nThat you left me in\nI love thick women cause my aunt, she rode equestrian\nI used to go to the stables and get those kids to bet me\nAnd I would always ride the stallions whenever she let me\nI'm joking, I mean that thing is poking\nI mean you kinda like that girl that's in the us Open\nI mean I got this hidden agenda that you provoking\nI got bath water that you can soak in\nThings I could do with lotion\nDon't need a towel, we could dry off in the covers\nAnd when you think you like it, I promise you gon' love it\nYeah, when lights coming through the drapes and we both yawning\nI roll over and ask if I can hit it in the morning\n\n[Chorus - Drake]\nAnd can I hit it in the morning\nAnd can I hit it in the morning\nAnd can I hit it in the morning\nThe sun rising while you moanin'\n\nBaby can I hit it in the morning\nAnd can I hit it in the morning\nAnd can I hit it in the morning\nThe sun rising while you moanin'\n\n[J. Cole]\nHey,  God Bless the child that can hold his own\nGod Bless the woman that can hold patron\nGod Bless the homegirl that drove us home\nNo strings attached, like a cordless phone\nYou see my intentions with you is clear\nI'm learning not to judge a woman by the shit that she wears\nTherefore, you shouldn't judge a nigga off of the shit that you hear\nGet all defensive, apprehensive, all because my career\nTo be fair, I know we barely know each other and yeah\nSomehow I wound up in your bed so where we headin from here\nJust say you're scared if you're scared but if you through frontin' we can\nDo somethin\nAnd you know just what I'm talking about, tomorrow you'll be calling out\nCause tonight we getting right into the wee morn'\nCooking nigga breakfast after sex is like a reward\nThen I go my way and you think about me all day, that's just a warning\nAnd can I hit it in the morning\nAnd can I hit it in the morning\nAnd can I hit it in the morning\nThe sun rising while you moanin'\nCan I hit it in the morning\nAnd can I hit it in the morning\nAnd can I hit it in the morning\nThe sun rising while you moanin'", "image": "https://images.genius.com/22999a3378819809ee4848f7c60a744c.1000x1000x1.jpg"}], "artist": "Drake"}