{"songs": [{"title": "Trophies (Remix)", "album": null, "year": "2013-12-30", "lyrics": "[Verse 1: Drake & Quavo]\nYeah! Had hit records on my demo\nDid y'all boys not get the memo?\nI do not stay at the Intercontinental\nAnd anything I got is not a rental\nI own that mu'fucka\nFigured out this shit is simple\nMy stock been going up like a crescendo\nA bunch of handshakes from the fakes\nBut nigga, I do not wanna be friends though\nI told y'all mu'fuckas\nMan, this shit is not a love song\nThis a \"fuck-a-stripper-on-the-mink-rug\" song\nThis a \"fuck-them-boys, forever-hold-a-grudge\" song\n\"Pop-some-fucking-champagne-in-the-tub\" song\nNigga, \"just-because\" song (Migo!)\nDamn!\n\n[Chorus: Quavo]\nIn the hood, you earn your stripes (stripes!)\nLike Olympics got gold medal (gold!)\nBut none of that means nothin' to me (no!)\nI'm celebratin' with my family (woo!)\nYoung nigga won trappin' a grammy (grammy!)\nI\u2014I want a Grammy (uh!)\nYoung nigga won trappin' a grammy (grammy!)\nI\u2014I want a Grammy (go!) (woo!)\nIn the hood, you earn your stripes (stripes!)\nLike Olympics got gold medal (gold!)\nBut none of that means nothin' to me (no!)\nI'm celebratin' with my family (QC!)\nYoung nigga won trappin' a grammy (woo!)\nI\u2014I want a Grammy (Grammy!)\nYoung nigga won trappin' a grammy (woo!)\nI\u2014I want a Grammy (go!)\n\n[Verse 2: Quavo]\nQuavo! Brr!\nJs, they callin' my phone, they tyin' my line (Js!) (brr!)\nLabels, they callin' my phone, I don't wanna sign (no!)\nThey sayin' we made our own million dollars (M&Ms!)\nAt the top right now, I wanna order up a million bottles (woo!)\nWe came from juug in the Impala to smashin' them models (juug!) (smash!)\nWe independent, we don't need none of your major dollars (QC!) (go!)\n\n[Verse 3: Takeoff]\nFlippin' and whippin' and spinnin' the dope\nI'm hittin' the door\nI wrap it in package, I'm shippin' the dope\nRun off with the the dope, I'm killin' that ho!\nI'm takin' a trip to the Bahamas, going to pick up them commas\nAnd when I touchdown I'll hop in a Zonda\nSmokin' on good marijuana in Mexico, call that quintana\nTryna fuck me a Rihanna\nComin' up, just me and Benji\nGet rich or die try' like I'm 50\nNo cupid them bitches be kissin'\nThe feds they listen, them bricks in the kitchen!\n\n[Chorus: Quavo]\nIn the hood, you earn your stripes\nLike Olympics got gold medal\nBut none of that means nothin' to me\nI'm celebratin' with my family\nYoung nigga won trappin' a grammy\nI\u2014I want a Grammy\nYoung nigga won trappin' a grammy\nI\u2014I want a Grammy\nIn the hood, you earn your stripes\nLike Olympics got gold medal\nBut none of that means nothin' to me\nI'm celebratin' with my family\nYoung nigga won trappin' a grammy\nI\u2014I want a Grammy\nYoung nigga won trappin' a grammy\nI\u2014I want a Grammy\n\n[Verse 4: Offset]\nSellin' a Grammy like Tony (Montana!)\nNow I want Grammys and ceremonies\nThese niggas snakin', always actin' funny\nGot the MAC-11, call it macaroni\nAlways gettin' trophies and recreation\nQC the label, the solid foundation\nSittin' at home I was contemplating\nChanging and switch up my situation\nTryna see the bigger picture\nPull up to the award show in my new Fisker\nNo it ain't no money issue\nGrant all my momma's wishes\nWatchin' her son on the channel\nI won me a Grammy and mansion, I want me a Phantom\nMy nigga we next up, these niggas\nThey copy the swag, but no they not better than us\n\n[Chorus: Quavo]\nIn the hood, you earn your stripes\nLike Olympics got gold medal\nBut none of that means nothin' to me\nI'm celebratin' with my family\nYoung nigga won trappin' a grammy\nI\u2014I want a Grammy\nYoung nigga won trappin' a grammy\nI\u2014I want a Grammy\nIn the hood, you earn your stripes\nLike Olympics got gold medal\nBut none of that means nothin' to me\nI'm celebratin' with my family\nYoung nigga won trappin' a grammy\nI\u2014I want a Grammy\nYoung nigga won trappin' a grammy\nI\u2014I want a Grammy", "image": "https://images.genius.com/24b7fb0932632c7661fa813a59ef0783.1000x1000x1.jpg"}], "artist": "Drake"}