{"songs": [{"title": "Headlines freestyle", "album": null, "year": null, "lyrics": "Verse 1\n\nWhy do u even try this shit, why do I even give a fuck, I gotta lot of confidence and I don't try to suck, it's the rap game nigga, u laying like a boba fett, nigga I've set the dice, but I'll have to pay the price\nI'll just get out the cross\nYeah I believe in that\nI would never punch a chick\nJust to get to that\nI'm the one who never snitched\nYeah I'm a guy like that\nAll u do is snitch and bitch\nI don't believe in that\nI eat all the food off the plate, cuz Im eating like that\nBut u won't cuz I'm the best\nAll u do is cry like that\nOh,oh, don't do it, please don't do it\nI abuse my power, so please don't kill me,Blake got the money, so Blake gonna pay it, those all my niggas, so I don't even need  to say it cuz they know. I'm done\n\nJust the first verse", "image": "https://images.genius.com/22999a3378819809ee4848f7c60a744c.1000x1000x1.jpg"}], "artist": "Drake"}