{"songs": [{"title": "More Life [Note]", "album": "More Life", "year": "2017-03-18", "lyrics": "More Life.\n\u00a0\nMore time with family and friends. More Life.\n\u00a0\nI've still got vibrations to send. More Life.\n\u00a0\nThey say that we could live forever\n\u00a0\nAt night I pray it's true\n\u00a0\nI've done so much in my short time and still there's more to do\n\u00a0\nBut if someone should come collecting\n\nSooner than we're all expecting\n\u00a0\nAt least the life you lived was one for you\n\n\u2014 Drake", "image": "https://images.genius.com/492890e920533797aa7eccf68e467b8a.1000x1000x1.jpg"}], "artist": "Drake"}