{"songs": [{"title": "Get It Together", "album": "More Life", "year": "2017-03-18", "lyrics": "[Verse 1: Jorja Smith]\nHello\nI've been hurt so many times\nIt got to a point\nWhen I decided\nI can't do this anymore\nI need someone to hold me\nI need someone that needs me\nI need someone that loves me\n\n[Chorus: Drake & Jorja Smith]\nYou need me to get that shit together\nSo we can get together\nYou need me to get that shit together\nSo we can get together\nYou need me to\n(Yeah, yeah)\nYou need me to\n\n[Verse 2: Jorja Smith]\nYou know, we don't have to be dramatic\nJust romantic\nDo all the little things, little things, little things\nThat excites me\nAs your woman\nGive me a kiss goodnight\nOver the phone\nWhen you're working late\nWhen you're out of town\nTell me how much you need this\n'Cause we deserve it\nWe can be together, but\n\n[Chorus: Drake & Jorja Smith]\nYou need me to get that shit together\nSo we can get together\nYou need me to get that shit together\nSo we can get together\nYou need me to (Yeah, oh-oh, yeah)\nYou need me to (Yeah)\nYou need me to\n\n[Outro]\nDun know already, cuz", "image": "https://images.genius.com/4672f8523e0fbf7f7848185256e946f4.1000x1000x1.jpg"}], "artist": "Drake"}