{"songs": [{"title": "Barry Bonds (Freestyle)", "album": "Comeback Season", "year": "2007-09-01", "lyrics": "[Verse]\nIt's what you all been waiting for ain't it\nYour weekly entertainment\nFor me to get a hold of this beat and go 'head, claim it\nI'm about to paint a picture, you niggas go 'head, frame it\nSince we gettin Seinfeld on some Jerry and Elaine shit\nI flow far from mediocre\nAnd if we talking cards I will fold him with the poker\nYou and your whole crew are like a deck of 54\nSo it's obvious ya'll gone steady be rollin with some jokers\nAnd me I'm rolling with some brokers\nLike damn could you niggas get any broker?\nI got my new girl so content\nJust save yourself the embarrassment, don't even approach her\nDisguise your self, go buy a costume\nI am making stock works, while you working stock rooms\n(ughh) and I was praying I would drop June\nBut label reps applying pressure to make them pop tunes\nSo I keep it rocking for Pete's sakes\nYou fake gangsta rappers a clich\u00e9\nAnd if you ain't talking dough when you meet Drake\nI'll be all in your face like, \"No speak-a la ingles\"\nSoon as you hear it you quote it\nThey try to be the one that I done left out the show with\nBut trust me I'm aware, and my cars right there\nIs this interior enough for ya'll ulterior motives\n'Cause if you like it ya'll should stick with me\nMy money good, I ain't never had to flip a ki\nAlotta ice, alotta cream like Dickey Dee\nMight cut the phone and disapear like Mishy Me\nBut I'mma try and have you on the trip with me\nSlid in threw a Henri Bendel like it's slippery\nAnd your ex man is a hater officially\nProbably 'cause he know I'm exactly what you wish he be\nYeah that's the reason why he looking hard\n'Cause I've done snatched the Chips Ahoy out the cookie jar\nHe just mad 'cause his girl's at the house\nWith her tongue sticking out like a Michael Jordan rookie card\nLet me address this, pardon me while I fix\nA couple subliminal lines caught me in the mix\nI guess he thought he could of been Gotti in the flix\nBut at this point I'm just poking a body with a stick\nNowadays rapping is a children's hobby\nAnd girls keep telling me I'm still this snobby\nI tell them myself who I am feeling probably\nJust because I got a buzz like a building lobby\nIt ain't a song that your ass finna skipp\nI tried to sell weed, give me cash for this zip\nThe way your girlfriend pumped me up in the car\nSeem like she don't really need no gas for the trip\nMillionaire shades, fade with the waves\nI smirk at a nigga if he still rocking braids\nThat just let's me know that we ain't on the same page\nAnd that goes out to every nigga except Trey\nI'm outta here baby\nThey asked me about the past years and how does it phase me\nI wouldn't take it back, nah, not if they pay me\nMr. betcha that's expensive 'cause it's not a fugazi\nSpittin' a Crock Pot of bottomless gravy\nThe shit is so nasty, how is it tasty?\nAnd you can probably find him walking out of a Macy's\nForget it girl, they just thinking how to replace me\nExit with a joke, leave these niggas some hope\nYou took that Ye beat and put that shit in a choke\nWell I'm thinking I should leave out on this note\nNigga keep your two cents I ain't tryna leave you broke\n\n[Refrain]\nLife of a Don, lights keep glowing\nCome up in the club with that fresh shit on\nAnd something crazy on my arm, uh-ahem\nAnd here's another hit, Barry Bonds", "image": "https://images.genius.com/866a4a7df935705e834f236499d617c6.1000x1000x1.jpg"}], "artist": "Drake"}