{"songs": [{"title": "Jaded", "album": "Scorpion", "year": "2018-06-29", "lyrics": "[Intro: Drake]\nAyy, yeah\nDogs on this side, dogs over on this side\nYeah\n\n[Verse 1: Drake & Ty Dolla $ign]\nLeaving me (leavin' me)\nDippin' out on me (on me)\nAlready got what you needed, I guess\nQuickly (Quickly) learned yourself through me (Through me)\nAlready gave you what you needed, I guess (Ooh yeah)\nI guess (Yeah) yeah\nThat's why I'm not with nobody (Ooh yeah)\nCause I don't wanna hurt nobody (Ooh yeah)\nDid it over text, didn't call me (Ooh yeah)\nStill got love for you, mami\nI know you wanna be somebody\nEven if you gotta leave somebody (Body) yeah\n\n[Chorus: Drake & Ty Dolla $ign]\nYes I'm hurting, yes I'm jaded (Jaded)\nMost of these things I don't wanna say (Jaded)\nI wanna be around while you chasin' (While you chasin' it)\nYou wanna hit me up when you make it\nYou'll try and come back when you famous\nI always want the truth but it's dangerous (Dangerous, oh)\nYou got somethin' real, not basic (Ooh yeah)\nYou wanna get with me, stop\nYes I'm hurting, yes I'm jaded (Jaded)\nMost of these things, I don't wanna say (Say)\nI wanna be around while you chasin'\n(Wanna be around, wanna be around)\nYou wanna hit me up when you make it (Ooh, yeah)\nYou'll try and come back when you famous\n(Back around, back around)\nI always want the truth but it's dangerous (Dangerous)\nYou got somethin' real, not basic\nYou wanna get with me, stop (Flakin')\nYeah, dogs on this side, dogs over on this side\n(Ooh yeah, ooh yeah, ooh yeah)\n\n[Verse 2: Drake & Ty Dolla $ign]\nAyy, told me about all your insecurities, for what?\nDragged me like two hours to your family's house, for what?\nSaid you need some time but I should stick around, for what?\nAlways felt like stickin' 'round's the same as being stuck\nAnd like guns with the ink in, you're gettin' under my skin\nPretty little young thing (Young thing)\nHad a nigga cuffing, got me too excited\nYeah, you played me, you played me, you played me\nLowdown, dirty, shameful, crazy\nI need to know how the new nigga you got does the same thing\nI do for a living but is way less wavy\nHow you even managin' to keep straight faces\nIn all the pictures that I seen lately\nLord knows you still look amazin'\nThat's besides the point I'm makin'\nYou're way too opinionated to have to force it, to have to fake it\nYou had potential, I coulda shaped it\nYou went and caved in (Ooh yeah)\nWe coulda waited, I wasn't rushin', difference in ages\nYou're old enough, but you're still a baby\nYou've shared stories where you did amazin'\nThings to be loyal, things to be patient\nThat was before me, I musta changed it\nShifted your focus, lens lookin' jaded (Jaded)\n\n[Chorus: Drake & Ty Dolla $ign]\nMost of these things I don't wanna say\nI wanna be around while you chasin' (While you chasin' it)\nYou wanna hit me up when you make it\nYou'll try and come back when you famous\n(Back around, back around, dangerous, oh, ooh yeah)\nDogs on this side, dogs over on this side\nYou wanna get with me, stop (Flakin')", "image": "https://images.genius.com/2fee80dd9aec0717aef8e1eb7aaaae4c.809x809x1.jpg"}], "artist": "Drake"}