{"songs": [{"title": "I Am a God", "album": "Yeezus", "year": "2013-06-18", "lyrics": "[Produced by  Daft Punk, Hudson Mohawke, Kanye West & Mike Dean]\n\n[Intro: Sample]\n\"Blazin, mi don't want dem\nMi need dem\nBlazin\"\n\"Suh mi tek har outta bugah red and put her in a tall skirt\nAnd now she find out what life is really worth\nNo to X rated\"\n\"Yo mi tek har outta bugah red and put her in a tall skirt\nAnd now she find out what life is really worth\nNo to X rated\"\n\n[Intro]\nI am a god\nI am a god\nI am a god\n\n[Hook]\nI am a god\nHurry up with my damn massage\nHurry up with my damn m\u00e9nage\nGet the Porsche out the damn garage\nI am a god\nEven though I'm a man of God\nMy whole life in the hand of God\nSo y'all better quit playin' with God\n\n[Verse 1]\nSoon as they like you make 'em unlike you\nCause kissin' people ass is so unlike you\nThe only rapper compared to Michael\nSo here's a few hatin'-ass niggas to fight you\nAnd here's a few snake-ass niggas to bite you\nAnd I don't even wanna hear 'bout what niggas might do\nOld niggas mentally still in high school\nSince the tight jeans they ain't never liked you\nPink-ass polos with a fuckin' backpack\nBut everybody know you brought real rap back\nNobody had swag, man, we the Rat Pack\nVirgil, Pyrex, Don C snapback\nIbn diamond, Chi-town shinin'\nMonop' in this bitch again, changed the climate\nHop in this bitch to give Saint the garment\nUntil the day I get struck by lightning\n\n[Hook]\nI am a god\nSo hurry up with my damn massage\nIn a French-ass restaurant\nHurry up with my damn croissants\nI am a god\nI am a god\nI am a god\n\nAAAAAAAAAAAAAHHHHHHHHHHHH!!\nAAAAAAAAAAAAAHHHHHHHHHHHH!!\nAAAAAAAAAAAAAHHHHHHHHHHHH!!\n\n[Verse 2]\nI just talked to Jesus\nHe said, \"What up, Yeezus?\"\nI said, \"Shit\u2014I'm chillin'\nTryna stack these millions\"\nI know he the most high\nBut I am a close high\nMi casa, su casa\nThat's our cosa nostra\nI am a god\nI am a god\nI am a god\nAAAAAAAAAAAAAHHHHHHHHHHHH!!\nAAAAAAAAAAAAAHHHHHHHHHHHH!!\nAAAAAAAAAAAAAHHHHHHHHHHHH!!\nAAAAAAAAAAAAAHHHHHHHHHHHH!!\n\n[Outro: Justin Vernon]\nAin't no way I'm givin' up. I'm a god", "image": "https://images.genius.com/8bf8ad4e7bcd4e2d9f1d33b1bb53fe3a.1000x1000x1.jpg"}], "artist": "Kanye West"}