{"songs": [{"title": "Say You Will", "album": "808s & Heartbreak", "year": "2008-11-24", "lyrics": "[Verse 1]\nWhy would she make calls out the blue?\nNow I'm awake, sleep (Less in June) or (Missing you)\n\n[Chorus]\nHey, hey, hey, hey\nDon't say you will, unless you will\nHey, hey, hey, hey\nDon't say you will, then play you will, I pray you will\n\n[Verse 2]\nMrs. So Fly crash-lands in my room\nCan't waste no time, she might leave soon\n\n[Chorus]\nHey, hey, hey, hey\nDon't say you will, you do\nHey, hey, hey, hey\nDon't say you will, one day you will, I pray you will\n\n[Verse 3]\nWhen I grab your neck, I touch your soul\nTake off your cool then lose control\n\n[Chorus]\nHey, hey, hey, hey\nDon't say you will, you will you will\nHey, hey, hey, hey\nDon't say you will, if you will, I pray you will\n\n[Verse 4]\nI wish this song would really come true\nI admit I still fantasize about you, about you\n\n[Chorus]\nHey, hey, hey, hey\nDon't say you will, you will, you will\nHey, hey, hey, hey\nPlease say you will, for real, I pray you will\n\n[Instrumental Outro]", "image": "https://images.genius.com/680ca00f36d13c7d08fee5d3e882a5fb.1000x1000x1.jpg"}], "artist": "Kanye West"}