{"songs": [{"title": "My Eyes*", "album": "Yandhi", "year": null, "lyrics": "Lyrics from Snippet\n\n[Hook: Kanye West & Chance The Rapper]\nWhere I'm from, I know people just do\nWe don't try (Hol' up)\nWe don't even stop speak, no lies (Hey)\nWe coupe, on the troop, my eyes (My eye, my eyes)\nThe truth is not in the words, it's in my eyes\nThe truth is not in the words, it's in my eyes\nThe truth is not in the words\nThe truth...\n\n\n...", "image": "https://images.genius.com/c0c03aeb05a165a580f834802df141c3.1000x1000x1.jpg"}], "artist": "Kanye West"}