{"songs": [{"title": "Heard 'Em Say (Live at Abbey Road Studios)", "album": "Late Orchestration", "year": "2006-04-24", "lyrics": "[Verse 1: Kanye West]\nAnd I heard 'em say, nothing's ever promised tomorrow today\nFrom the Chi, like Tim it's a harder way\nSo this is in the name of love like Robert say\nBefore you ask me to go get a job today\nCan I at least get a raise on the minimum wage?\nAnd I know that the government administer AIDS\nSo I guess we just pray like the minister say\nAll\u0101hu Akbar and throw in some hot cars\nThe things they seen on the screen is not ours\nBut these niggas from the hood so these dreams not far\nWhere I'm from, the dope boys is the rock stars\nBut they can't cop cars without seeing cop cars\nI guess they want us all behind bars, I know it\n\n[Chorus: Adam Levine & Kanye West]\nAnd I heard 'em say, nothing's ever promised tomorrow today\nAnd I heard 'em say\nThat nothing's ever promised tomorrow today\nAnd nothing lasts forever but be honest, babe\nIt hurts but it may be the only way\n\n[Verse 2: Kanye West]\nThey say people in your life are seasons\nAnd anything that happen is for a reason\nAnd people gun clapping and keep to squeezing\nAnd Gran keep praying and keep believing\nIn Jesus, and one day that you see him\n'Til then walk in his footsteps and try to be him\nThe devil is alive, I feel him breathin'\nClaiming money is the key, so keep on dreamin'\nAnd put them lottery tickets just to tease us\nMy Aunt Pam can't put them cigarettes down\nSo now my little cousin smokin' on cigarettes now\nHis job try to claim that he too niggerish now\nIs it 'cause his skin blacker than licorice now\nI can't figure it out, bring the drums in now, uh\n\n[Chorus: Adam Levine & Kanye West]\nAnd I heard 'em say, nothing's ever promised tomorrow today\nAnd I heard 'em say\nThat nothing's ever promised tomorrow today\nAnd nothing lasts forever but be honest, babe\nIt hurts but it may be the only way\n\n[Post-Chorus: Adam Levine & Kanye West]\nUh, and I heard 'em say\nWith every worthless word, we get more far away\nAnd nothing's ever promised tomorrow today\nAnd nothing lasts forever but be honest, babe (What?)\nIt hurts but it may be the only way\n\n[Outro: John Legend & Kanye West]\nAnd I heard 'em say\nOh, oh, oh, oh-oh\nYeah, and I heard 'em say\nYeah, A-Trak\nJohn Legend, ladies and gentlemen\nOh, oh, oh, oh-oh (Yeah)\nI heard 'em say\nOh, oh, oh, oh-oh\nI heard them say\nOh, oh, oh, oh-oh\nNothing's ever promised, no, no\nYeah, Tracey, I know how much you like John\nI told y'all I'd bring you a surprise\nThank you!", "image": "https://images.genius.com/664fe2cf167d887dd94ca2859078fb37.640x640x1.jpg"}], "artist": "Kanye West"}