{"songs": [{"title": "See You in My Nightmares", "album": "808s & Heartbreak", "year": "2008-11-24", "lyrics": "[Intro: Kanye West & Lil Wayne]\nI'm cold! (Yeah)\nI'm cold! (Yeah)\nI'm cold! (Yeah, yeah)\n\n[Bridge: Lil Wayne]\nI got the right, to put up a fight\nBut not quite, 'cause you cut off my light\nBut my sight, is better tonight\nAnd I might, see you in my nightmare\nOoh, how did you get there?\n'Cause we were once a fairy tale\nBut this is farewell, yeah\n\n[Verse 1: Kanye West]\nI got my life, and it's my only one\nI got the night, I'm running from the sun\nSo good night, I'm headed out the door\nDoor, door, door, door\nAfter tonight, there will be no return\nAfter tonight, I'm taking off on the road\nI'm taking off on the road\nAnd that you know\n\n[Hook: Kanye West]\nThat you know\nTell everybody that you know\nThat I don't love you no more\nAnd that's one thing that you know, that you know\n\n[Verse 2: Kanye West]\nOkay, I'm back up on my grind\nYou do you and I'm just gon' do mine\nYou do you 'cause I'm just gon' be fine\nOkay, I got you out my mind\nAnd the night is young, the drinks is cold\nThe stars is out, I'm ready to go\nYou always thought I was always wrong\nWell, now you know\n\n[Hook: Kanye West]\nTell everybody, everybody that you know\nTell everybody that you know\nThat I don't love you no more\nAnd that's one thing that you know, that you know\n\n[Bridge: Lil Wayne]\nI got the right, to put up a fight\nBut not quite, 'cause you cut off my light\nBut my sight, is better tonight\nAnd I might, see you in my nightmare\nOoh, how did you'd get there?\n'Cause we were once a fairy tale\nBut this is farewell, yeah\n\n[Verse 3: Lil Wayne]\nBaby girl I'm finished, I thought we were committed\nI thought we were cemented, I really thought we meant it\nBut now we just repent it, and now we just resent it\nThe clouds is in my vision, look how high that I be getting\nAnd it's all because of you, girl we through\nYou think your shit don't stank but you are Mrs. Pee-Yew\nAnd I don't see you with me no more\nNow tell everybody that you know, that you know\n\n[Hook: Kanye West]\nThat you know\nTell everybody that you know\nThat I don't love you no more\nAnd that's one thing that you know, that you know\nThat you know\nTell everybody that you know\nThat I don't love you no more\nAnd that's one thing that you know, that you know", "image": "https://images.genius.com/d1de4a12b0a62c37987821b0ddad4989.325x325x1.jpg"}], "artist": "Kanye West"}