{"songs": [{"title": "47th Annual Grammy Speech", "album": null, "year": "2005-02-13", "lyrics": "[Kanye West]\n\nY'all might as well get the music ready because this finna' take a while\nUmm, When I had my accident I found out at that moment nothing in life is promised except death,\nIf you had the opportunity to play this game of life\nyou need to arpeeeciate every moment\na lot of people don't appreciate their moment until it's passed\n\n[Crowd applauds]\n\n[Kanye West]\nAnd then, you got to tell those Al Bundy stories \"You remember when I ?\"\nBut, Right now is my time and my moment thanks to the fans, thanks to the accident, thanks to god, thanks to Roc-A-Fella, Jay-Z, Dame Dash, G, my mother, Rhymefest everyone that's helped me\nAnd I plan to celebrate, I plan to celebrate and scream and pop champagne every chance I get becasue i'm at the grammys baby!\n\n[Crowd aplauds]\n\nI know everybody's asking the question, they wanted know \"I know he's going to wild out, I know he's going to do something crazy\"\nEverbody wanted to know what I would do if I didn't win.\n\n[Moment of silence]\n\n[Kanye West]\nI guess we'll never know.\n\n[Crowd cheers]", "image": "https://images.rapgenius.com/7676a9757018d1b79b4c619cf5b8bf50.500x630x1.jpg"}], "artist": "Kanye West"}