{"songs": [{"title": "Hell of a Life", "album": "My Beautiful Dark Twisted Fantasy", "year": "2010-11-22", "lyrics": "[Produced by Kanye West; Co-Produced by Mike Caren, Mike Dean & No I.D.]\n\n[Verse 1: Kanye West]\nI think I just fell in love with a porn star\nTurn the camera on, she a born star\nTurn the corners in a foreign car\nCall the coroners, do the CPR\nShe gave that old nigga a ulcer\nHer bittersweet taste made his gold teeth ache\nMake her knees shake, make a priest faint\nMake a nun cum, make her cremate\nMove downtown, cop a sweet space\nLivin\u2019 life like we won the sweepstakes, what\nWe headed to hell for heaven\u2019s sakes, huh\nWell I\u2019mma levitate, make the devil wait, yeah!\n\n[Hook]\nHave you lost your mind?\nTell me when you think we crossed the line\nNo more drugs for me, pussy and religion is all I need\nGrab my hand and baby we\u2019ll live a hell of a life\n\n[Verse 2: Kanye West]\nNever in your wildest dreams\nNever in your wildest dreams, in your wildest\nYou could hear the loudest screams\nComin\u2019 from inside the screen, you a wild bitch\nTell me what I gotta do to be that guy\nSaid her price go down, she ever fuck a black guy\nOr do anal, or do a gangbang\nIt\u2019s kinda crazy that\u2019s all considered the same thing\nWell I guess a lotta niggas do gang bang\nAnd if we run trains, we all in the same gang\nRunaway slaves all on a chain gang\nBang, bang, bang, bang, bang\n\n[Hook]\nHave you lost your mind?\nTell me when you think we crossed the line\nNo more drugs for me, pussy and religion is all I need\nGrab my hand and baby we\u2019ll live a hell of a life\n\n[Verse 3: Kanye West]\nOne day I\u2019m gon' marry a porn star\nWe\u2019ll have a big-ass crib and a long yard\nWe\u2019ll have a mansion and some fly maids\nNothin\u2019 to hide, we both screwed the bridesmaids\nShe wanna role play, 'til I roll over\nI\u2019mma need a whole day, at least rolled doja\nWhat party is we goin\u2019 to on Oscar day\n'specially if she can\u2019t get that dress from Oscar de\nLa Renta, they wouldn\u2019t rent her, they couldn\u2019t take the shame\nSnatched the dress off her back and told her, \u201cGet away\u201d\nHow could you say they live they life wrong?\nWhen you never fuck with the lights on\n\n[Hook]\nHave you lost your mind?\nTell me when you think we crossed the line\nNo more drugs for me, pussy and religion is all I need\nGrab my hand and baby we\u2019ll live a hell of a life\n\n[Outro]\nI think I fell in love with a porn star\nAnd got married in a bathroom\nHoneymoon on the dance floor\nAnd got divorced by the end of the night\nThat\u2019s one hell of a life\n\n(Mmm, mmm, mmm)", "image": "https://images.genius.com/5e511a0def0666b6a0786c359b1888ce.500x500x1.png"}], "artist": "Kanye West"}