{"songs": [{"title": "Black Skinhead (Remix)", "album": null, "year": "2016-01-21", "lyrics": "God! God! God! God! God!\n\n[Intro: Miley Cyrus]\nWelcome to your life\nDiamond through the light\nThis Miami vice\nIt's that life (okay, okay)\nDodging bullets in the air when (okay, okay)\nThere's cameras everywhere (okay, okay)\nYou don't know how to act right\nEverybody wants to rule the world\n\n[Verse 1: Kanye West & Travis Scott]\nFor my theme song (black)\nMy leather black jeans on (black)\nMy by-any-means on\nPardon, I'm gettin' my scream on\nEnter the kingdom (black)\nBut watch who you bring home\nThey see a black man with a white woman\nAt the top floor they gon' come to kill King Kong (skrrrrt, straight up)\nMiddle America packed in\nCame to see me in my black skin\nNumber one question they're askin'\nFuck every question you askin' (straight up)\nIf I don't get ran out by Catholics\nHere come some conservative Baptists\nClaiming I'm overreactin'\nLike them black kids in Chiraq, bitch\n\n[Bridge: Miley Cyrus & Travis Scott]\nActin' on your worst behavior\nTurn your back on all your haters\nEverybody wants to rule the\nEverybody wants to rule the world (straight up)\nThe world (straight up)\n\n[Refrain: Kanye West]\nBut there's nowhere to go (now)\nAnd there's no way to slow (down)\nIf I knew what I knew in the past\nI would've been blacked out on your ass\nEverybody\nEverybody\n\n[Chorus: Kanye West]\nFour in the mornin', and I'm zonin'\nEverybody wants to rule the world\nThey say I'm possessed, it's an omen\nI keep it 300, like the Romans\nThe world, the world, the world\n300 bitches, where the Trojans?\nBaby, we livin' in the moment\nThe world, the world, the world\nI've been a menace for the longest\nBut I ain't finished, I'm devoted\nAnd you know it, and you know it\n\n[Verse 2: Kanye West]\nStop all that coon shit\nEarly morning cartoon shit\nThis is that goon shit\nFuck up your whole afternoon shit\nI'm aware I'm a wolf\nSoon as the moon hit\nI'm aware I'm a king\nBack out the tomb ,bitch\nBlack out the room, bitch\nStop all that coon shit\nThese niggas ain't doin' shit\nThem niggas ain't doin' shit\nCome on homie what happened\nYou niggas ain't breathin', you gaspin'\nThese niggas ain't ready for action-action\nReady-ready for action\n\n[Chorus: Kanye West]\nFour in the mornin', and I'm zonin'\nI think I'm possessed, it's an omen\nI keep it 300, like the Romans\n300 bitches, where the Trojans?\nBaby, we livin' in the moment\nI've been a menace for the longest\nBut I ain't finished, I'm devoted\nAnd you know it, and you know it\n\n[Refrain: Kanye West]\nSo follow me up 'cause this shit 'bout to go (down)\nI'm doin' 500, I'm outta control (now)\nBut there's nowhere to go (now)\nAnd there's no way to slow (down)\nIf I knew what I knew in the past\nI would've been blacked out on your ass\n\n[Interlude: Kanye West & Travis Scott]\nGod\nGod (straight up)\nGod\nGod (do it, do it, do it)\nGod\nGod\nGod\nGod (do it, do it, do it)\nGod\nGod\nGod\n\n[Outro: Travis Scott]\nEverybody wanna rule it\nGet inside it, why they do it\nEverybody, ride a little bit\nEverybody, body do it\nDo it\nDo it", "image": "https://images.genius.com/3a5e35c68e9ed7bf9a2a63bfa51b261e.675x675x1.jpg"}], "artist": "Kanye West"}