{"songs": [{"title": "Ghost Town", "album": "ye", "year": "2018-06-01", "lyrics": "[Intro: Shirley Ann Lee]\nSome day, some day\nSome day I'll, I wanna wear a starry crown\n\n[Verse 1: PARTYNEXTDOOR]\nSome day, some day, some day\nI wanna lay down, like God did, on Sunday\nHold up, hold up\nSome day, some days, I remembered this on a Sunday\nBack way, yeah, way, way, burning, mhm-mhm\nUh, some days, not gonna please everybody\nSome days I wanna hit the red dot on everybody\nSome days, ohh (Heatstroke)\nNow that I'm livin' high, I'm smokin' marijuana\nNow that I'm livin' high, I do whatever I wanna, oh, yeah\n\n[Chorus: Kid Cudi]\nI've been tryin' to make you love me\nBut everything I try just takes you further from me\n\n[Verse 2: Kanye West]\nSome day we gon' set it off\nSome day we gon' get this off\nBaby, don't you bet it all\nOn a pack of Fentanyl\nYou might think they wrote you off\nThey gon' have to rope me off\nSomeday the drama'll be gone\nAnd they'll play this song on and on\nSometimes I take all the shine\nTalk like I drank all the wine\nYears ahead but way behind\nI'm on one, two, three, four, five\nNo half-truths, just naked minds\nCaught between space and time\nThis not what we had in mind\nBut maybe some day\n\n[Chorus: Kid Cudi]\nI've been tryin' to make you love me\nBut everything I try just takes you further from me\n\n[Outro: 070 Shake]\nWoah, once again I am a child\nI let it all go, of everything that I know, yeah\nOf everything that I know, yeah\nAnd nothing hurts anymore, I feel kinda free\nWe're still the kids we used to be, yeah, yeah\nI put my hand on a stove, to see if I still bleed, yeah\nAnd nothing hurts anymore, I feel kinda free\nWe're still the kids we used to be, yeah, yeah\nI put my hand on a stove, to see if I still bleed, yeah\nAnd nothing hurts anymore, I feel kinda free\nWe're still the kids we used to be, yeah, yeah\nI put my hand on a stove, to see if I still bleed, yeah\nAnd nothing hurts anymore, I feel kinda free\nWe're still the kids we used to be, yeah, yeah\nI put my hand on a stove, to see if I still bleed, yeah\nAnd nothing hurts anymore, I feel kinda free", "image": "https://images.genius.com/ce52bec054f3d772071d0c309970e616.1000x1000x1.jpg"}], "artist": "Kanye West"}