{"songs": [{"title": "So Appalled", "album": "My Beautiful Dark Twisted Fantasy", "year": "2010-09-24", "lyrics": "[Produced by Kanye West, Mike Dean & No I.D.]\n\n[Refrain: Swizz Beatz]\nOne hand in the air if you don't really care\nTwo hands in the air if you don't really care\nIt's like that sometimes, I mean ridiculous\nIt's like that sometimes, this shit ridiculous\nOne hand in the air if you don't really care\nMiddle finger in the air if you don't really care\nIt's like that sometimes, man, ridiculous\nLife can be sometimes ridiculous\n\n[Verse 1: Kanye West]\nI'm so appalled, Spalding ball\nBalding Donald Trump taking dollars from y'all\nBaby, you're fired, your girlfriend hired\nBut if you don't mind, I'ma keep you on call\nWe above the law, we don't give a fuck 'bout y'all\nI got dogs that'll chew a fucking hole through the wall\nBut since they all lovers, I need more rubbers\nAnd if I don't use rubbers, need more covers\nHousekeeping, I mean goddamn\nOne time let it be a bad bitch sweeping\nThat know we get O's like Cheerios\nThat know because they seen us in the videos\nThat know the day that you play me\nWould be the same day MTV play videos\nThat was a little joke, voila\nPraises due to the most high, Allah\nPraises due to the most fly, Prada\nBaby, I'm magic, tada\nAddress me as your highness, high as United\n30,000 feet up and you are not invited\nNiggas be writing bullshit like they gotta work\nNiggas is going through real shit, man, they out of work\nThat's why another goddamn dance track gotta hurt\nThat's why I'd rather spit something that got a purp'\n\n[Hook: Kanye West & CyHi]\nChampagne wishes, thirty white bitches\nI mean this shit is fucking ridiculous\nFucking ridiculous, I mean this shit is fucking ridiculous\nFive star dishes, different exotic fishes\nMan, this shit is fucking ridiculous\nFucking ridiculous\n\n[Verse 2: Jay-Z]\nHow should I begin this? I'm just so offended\nHow am I even mentioned by all these fucking beginners?\nI'm so appalled, I might buy the mall\nJust to show niggas how much more I have in store\nI'm fresher than you all, so I don't have to pause\nAll of y'all can suck my balls through my drawers\nDark Knight feeling, die and be a hero\nOr live long enough to see yourself become a villain\nI went from the favorite to the most hated\nBut would you rather be underpaid or overrated?\nMoral victories is for minor league coaches\nAnd 'Ye already told you we major, you cockroaches\nShow me where the boats is, Ferrari Testarossas\nAnd Hammer went broke so you know I'm more focused\nI lost thirty mil, so I spent another thirty\n'Cause unlike Hammer, thirty million can't hurt me\nFucking insane, the fuck am I saying?\nNot only am I fly, I'm fucking not playing\nAll these little bitches too big for they britches\nBurning they little bridges, fucking ridiculous\n\n[Hook: Kanye West & CyHi]\nChampagne wishes, thirty white bitches\nI mean this shit is fucking ridiculous\nFucking ridiculous, I mean this shit is fucking ridiculous\nFive star dishes, different exotic fishes\nMan, this shit is fucking ridiculous\nFucking ridiculous\n\n[Verse 3: Pusha T]\nSuccess is what you make it, take it how it come\nA half a mil in twenties like a billion where I'm from\nAn arrogant drug dealer, the legend I become\nCNN said I'd be dead by twenty-one\nBlackjack, I just pulled an ace\nAs you looking at the king in his face\nEverything I dream, motherfuckers, I'm watching it take shape\nWhile to you I'm just a young rich nigga that lacks faith\nRange Rove, leather roof, love war, fuck a truce\nStill move a bird like I'm in bed with Mother Goose\nThem hoes coming in a baker's dozen\nClaiming they was with me when they know they really wasn't\nI keep the city's best, never said she was the brightest\nSo if you had her too, it don't affect me in the slightest\nI never met a bitch that didn't need a little guidance\nSo I dismiss her past until she disappoints your highness\nI speak the gospel, hostile\nTony doing time for what he did to nostrils\nParanoid mind, I'm still under the watchful\nEye of the law, aspire for more\nThem kilos came, we gave you Bobby Brown jaw\nFlaws ain't flaws when it's you that makes the call\nFlow similar to the legends of the falls\nSpill it, I own you all, yuugh!\n\n[Refrain: Swizz Beatz]\nOne hand in the air if you don't really care\nTwo hands in the air if you don't really care\nIt's like that sometimes, I mean ridiculous\nIt's like that sometimes, this shit ridiculous\nOne hand in the air if you don't really care\nMiddle finger in the air if you don't really care\nIt's like that sometimes, man, ridiculous\nLife can be sometimes ridiculous\n\n[Verse 4: CyHi The Prynce]\nHah, I am so outrageous\nI wear my pride on my sleeve like a bracelet\nIf God had an iPod, I'd be on his playlist\nMy phrases amazes the faces in places\nThe favorite, hah, my cup overrunneth with hundreds\nDummy, damn, it's hard not for me to waste it\nThe new Commandment: \"Thou shalt not hate, kid\"\nMy movement is like the civil rights, I'm Ralph David\nAbernathy, so call my lady Rosa Parks\nI am nothing like them niggas, baby, those are marks\nI met this girl on Valentine's Day, fucked her in May\nShe found out about April, so she chose to march\nHah, damn another broken heart\nI keep bitches by the twos, nigga, Noah's Ark\nI got a seven on me, I call my 'dro Lamar\nPlus a Trojan in my pocket, Matt Leinart, hah\nG-A-T in the Pathfinder\n'Cause you haters got PhDs\nY'all just some major haters and some math minors\nTiger Woods, don't make me grab iron\n\n[Hook: RZA]\nAyo, champagne wishes and thirty white bitches\nYou know this shit is fucking ridiculous\nFucking ridiculous, you know this shit is fucking ridiculous\nCars for the missus and furs for the mistress\nYou know that shit is fucking ridiculous\nFucking ridiculous, you know this shit is fucking ridiculous\nFucking ridiculous\nFucking ridiculous\nFucking ridiculous\n\n[Refrain: Swizz Beatz]\nOne hand in the air if you don't really care\nTwo hands in the air if you don't really care\nIt's like that sometimes, I mean ridiculous\nIt's like that sometimes, this shit ridiculous\nOne hand in the air if you don't really care\nMiddle finger in the air if you don't really care\nIt's like that sometimes, man, ridiculous\nLife can be sometimes ridiculous, huh?", "image": "https://images.genius.com/2004e2e23c6fa8ee4189cd7a859a701b.500x500x1.jpg"}], "artist": "Kanye West"}