{"songs": [{"title": "Blue Note NYC Freestyle (2nd Verse)", "album": null, "year": null, "lyrics": "And all the crazy shit I did, that'll make the best memories\nSeems my old friends always make the best enemies\nCan't make ends, without making bills\nAnd you can't ask fake niggas to keep it real\nBaby, I can't, I can't, I can't, argue no more\nWhen the only thing deep about you is your throat\nWhy you always rock the boat?\nI swear you harder to read than a doctor's note\nI put my demons on the page\nAnd put my passion on the stage\nCrashing on the websites, spazzing on the websites\nDriving on the wrong side, crash into the waves\nSurfs up, tide's low, so you can see the stakes, drive slow\nYou in the presence of ghetto royalty\nDo what the fuck we want and pay the lawyer fees\nI'm in Paris driving in the same lane\nWhere Princess Diana was killed by the damn fame\nThe lonely king, who's only flaw is\nLooking for somebody that's flawless\nNo fairy tale, no ending to this story book\nThis could very well be the same road that glory took\nOr Maria Antoinette, the fall of the Rome\nThe ghost of the fallen king is calling me home", "image": "https://images.genius.com/3a5e35c68e9ed7bf9a2a63bfa51b261e.675x675x1.jpg"}], "artist": "Kanye West"}