{"songs": [{"title": "Awesome (Freestyle) Roseland Ballroom", "album": null, "year": null, "lyrics": "[Verse 1]\nYou don't need me to ever write\nI read your last message at least 1000 times\nAt least 1000, at least 1000 times\nAlright, alright, alright\nWhy did you ever listen to\nPeople trying to hate on you\nAt least you know that's nothing new\nStop everything you're doing now\n'Cause baby, you're awesome\nSo awesome\nYou look too good to be at work\nYou feel too good to ever hurt\nI hope you ready for tonight\nI'm gon cook, you'll be dessert\nYou can't be still\nYou gotta move, you gotta dance\nI gotta live, I gotta love\nI got a hope, I got a chance\nCause baby, you're awesome\nYou don't need to listen to your manager\nYou're way too hot for them to handle you\nBaby, not for nothing\nI know you're looking for something\nAnd I've got it\nWhy you fallin' on me\nCause I'd rather do nothing with you\nThan something with somebody new\nYeah, I'd rather do nothing with you\nThan something with somebody new\nStop everything you're doing now\nCause baby you're awesome\nDon't let nobody bring you down\nYou're so awesome\nYou're so out the park\nYou're so after dark\nYou're so sleepless nights, oh you feel so right\nOh, you nnannanaa\nI know you must be tired\nFrom running through my mind\nCan I come inside?\nCause baby you're awesome\nAlso, I'm also awesome, also\nI'm also awesome\nY'all know\nAnd I'd rather do nothing with you\nThan something with somebody new\nYeah, I'd rather do nothing with you\nThan something with somebody new\nStop everything you're doing now\nCause baby you're awesome\nDon't let nobody bring you down\nYou're so awesome\nYou're so out the park, you're so after time\nYou're so breaking ?, oh it feels so right", "image": "https://images.genius.com/3a5e35c68e9ed7bf9a2a63bfa51b261e.675x675x1.jpg"}], "artist": "Kanye West"}