{"songs": [{"title": "What It Is", "album": null, "year": null, "lyrics": "[Verse 1: Kanye West]\n\nUh, I don't need no little ass\nI need a ghetto ass girl\nWith a car that can make it 'cross town with just a little gas\nI know when we first met, you was a little gassed\nBut you want to keep your swag\nSo you was holding back\nYour little brother love me\nHe say, \"Yeezy got some fresh clothes\"\nYour grandmother love me\nCause I always dress in dress clothes\nI can switch your dress code\nChange your life like, \"presto\"\nI am like that Aston Martin engine, you just press \"go\"\nWhy you acting like you ain't impressed for\nOh, see why you listen to the press though?\nI ain't finna explain my life up on no Larry King\nCause when I show her that thing\nShe said, \"that explains everything\"\nEverything\nThat just changed everything\nYeezy on her name ring\nYeezy where her chain bling\nYeah, I throw Barack up, but\nBaby, you get my vote\nLove a ghetto girl with more ass than the models\n\n[Bridge: Kanye West]\n\nSee, see, see I did the screwed up shit myself\nI ain't put no affect, no\nYou know\n\n[Verse 2: Kanye West]\n\nAy, ay, ay gonna thump 'm thump\nWhen I thump I'm thumpin' on the old game\nI can thump, thump, do some, something 'till they sold me\nTurn that bitch to a Soul Train\nI'll get a thump with the old stain\nWant to just slap that cocaine\nLike a cold king, someone who just sound like, \"okay\"\nOkay, I get it, I pound it, I spit it, now I'm throwin' up\nI'm gonna, wanna something, 'till I got my moana\nAnd then I'm gonna....", "image": "https://images.genius.com/3a5e35c68e9ed7bf9a2a63bfa51b261e.675x675x1.jpg"}], "artist": "Kanye West"}