{"songs": [{"title": "Get Em High", "album": "The College Dropout", "year": "2004-02-10", "lyrics": "[Intro: Kanye West]\nI'm trying to catch the beat, uh\nI'm trying to catch the beat\nI'm trying to catch the beat, uh uh, uh\nI'm trying to catch the beat\n\n[Chorus: Kanye West]\nN-now, th-th-throw your motherfuckin' hands\nGet 'em high\nAll the girls pass the weed to your motherfuckin' man\nGet 'em high\nNow I ain't never tell you to put down your hands\nKeep 'em high\nAnd if you're losin' your high then smoke again\nKeep 'em high\n\n[Verse 1: Kanye West]\nN-n-n-now, my flow\nIs in the pocket like wallets, I got the bounce like hydraulics\nI can't call it, I got the swerve like alcohol-ics\nMy freshman year I was going through hella problems\n'Til I, built up the nerve to drop my ass up out of college\nMy teacher said I'se a loser, I told her why don't you kill me\nI give a fuck if you fail me, I'm gonna fol-low my heart\nAnd if you follow the charts, or the plaques or the stacks\nYou ain't gotta guess who's back, you see\nI'm so Chi that you thought I was bashful\nBut this bastard's flow will bash your skull\nAnd I will, cut your girl like Pastor Tro'\nAnd I don't, usually smoke, but pass the 'dro\nAnd I won't, give you that money that you asking for\nWhy you think me and Dame cool? We assholes\nThat's why we hear your music in fast forward\n'Cuz we don't wanna hear that weak shit no mo'\n\n[Chorus: Kanye West]\nN-now, th-th-throw your motherfuckin' hands\nGet 'em high\nAll the girls pass the weed to your motherfuckin' man\nGet 'em high\nNow I ain't never tell you to put down your hands\nKeep 'em high\nAnd if you're losin' your high then smoke again\nKeep 'em high\n\n[Verse 2: Kanye West + Sumeke Rainey]\n(\"You've got mail!\") N-n-n-n-n-now who the hell is this\nE-mailing me at 11:26?\nTelling me that she 36-26, plus double-d\nYou know how girls on Black Planet be when they get bubbly\nAt NYU but she hail from Kansas\nRight now she just lamping, chilling on campus\nSent me a picture with her feelin' on Candice\nWho said her favorite rapper was the late great Francis\nW-H-I-T-E, it's getting late mami\nYour screen saver say tweet, so you got to \"call me\"\nAnd bring a friend for my friend, his name Kweli\n(You mean Talib? Lyrics sticks to your rib)\nI mean (That's my favorite CD that I play at my crib)\nI mean (You don't really know him, why is you lyin')\nYo Kwe, she don't believe me, please pick up the line\nShe gon' think that I'm lyin', just spit a couple of lines\nThen maybe I'll be able to give her dick all the time\nAnd get her high! Owwww!\n\n[Verse 3: Talib Kweli]\nYo, I can't believe this nigga use my name for picking up dimes\nBut never mind, I need some tracks, you tryin' to pull tracks out\nAnd my rhymes is finna blow, you trying to blow backs out\nWell okay, you twisted my arm, I'll assist with the charm\nAyo, ain't you meet that chick at that conference with your moms?\nAnd sister's the bomb, boy she got the bougie behavior\nAlways got something to say like a okay playa hater\nAnyway, I don't usually fuck with the Internet\nOr chicks with birth control stuck to they arm like Nicorette\nYou really fuckin' that much or trying to get off cigarettes?\nIf she think it's fly, she ain't met a real nigga yet\nNow I apologize if I come off a little inconsiderate\nI got the bubba kush and a sister could get a hit of it\n\n[Verse 4: Common]\nYo, yo\nGet 'em high like noon or the moon\nOr a room filled with smoke, a hype-filled with dope\nY'all assumed I was doomed, out of tune\nBut I still filled the notes with real nigga quotes\nReal rappers is hard to find, like a remote\nControl rap is out of\nUsed to, but still got love\nThat's why I abuse you who are not thugs\nRock clubs, it's like Tiger Woods in the hood\nShould have my own reality show, called Soul Survivor\nI stole on live-er niggas than you\nYou's a bitch I got ones that are thicker than you\nHow could I ever let your words affect me\nThey say Hip-Hop is dead, I'm here to resurrect me\nMarsha's too sexy to even make songs like these\nThat's why the raw don't know your name, like Alicia Keys\nToo many featured emcees, and pro-ducers is popular\nTwelve thousand spins, nobody got to coppin' a\nAlbum, how come you the hot garbage of\nThe year, it's clear your image is looped up\nLabel got you souped up, tellin' you you sick\nWhen you a dick with a loose nut\nVideo hard to watch like Medusa\nEven your club record need a booster, chimped up\nWith a pimp cup, illiterate nigga, read the infra-\nRed across your head, I'm bred king like Simba\nBolder than Denver, I ain't a Madd Rapper\nJust an emcee with a temper\nYou dancing for money like Honey, I did this my way\nSo when the industry crash, I survive like Kanye\nSpittin' through wires and fires, emcees retirin'\nGot your hands up, get them motherfuckers higher then\n\n[Chorus: Kanye West]\nN-now, th-th-throw your motherfuckin' hands\nGet 'em high\nAll the girls pass the weed to your motherfuckin' man\nGet 'em high\nNow I ain't never tell you to put down your hands\nKeep 'em high\nAnd if you're losin' your high then smoke again\nKeep 'em high", "image": "https://images.genius.com/0bffd93463afe53e7f651f72bedfc78b.1000x1000x1.jpg"}], "artist": "Kanye West"}