{"songs": [{"title": "When I See It", "album": null, "year": "2015-10-19", "lyrics": "[Produced by Kanye West]\n\n[Intro]\nLet me get more volume\nNah, nah\nLouder than my voice\n\n[Verse]\nRoll some, think I\u2019ll roll some\nTo know some, if we both honest\nWho lasts? yeah, you lie\nSpent the whole summer\nTryna be at the wrong place at the right time\nBut I know what's mine when I see it\nI know, I know, I know when I see it\nRiding down the 405, baby\nPacing, thinking, to myself\nIf I should make it right\nWhen I pulled up to the light\nAnd then my phone started ringing\nDiamonds in the colors of those eyes\nDon\u2019t know why, but I know a sign when I see it", "image": "https://images.rapgenius.com/dabe4f2a22fba2fa73b763d55f04335f.500x500x1.jpg"}], "artist": "Kanye West"}