{"songs": [{"title": "Lift Yourself", "album": null, "year": "2018-04-27", "lyrics": "[Chorus: Amnesty]\nHard to see, ooh\nThe hang ups we have today\nSaid we need to strive for more liberty\nLift yourself up on your feet, let's get it on\nLift yourself up on your feet, let's get it on\nLift yourself up on your feet, let's get it on\nLift yourself up on your feet, let's get it on\nLift yourself up on your feet, let's get it on\nLift yourself up on your feet, let's get it on\nLift yourself up on your feet, let's get it on\nLift yourself up on your feet, let's get it on\nLift yourself up on your feet, let's get it on\nLift yourself up on your feet, let's get it on\nLift yourself up on your feet, let's get it on\nLift yourself up on your feet, let's get it on\nHard to see, ooh\nThe hang ups we have today\nSaid we need to strive for more liberty\nLift yourself up on your feet\nLift yourself up on your feet\nLift yourself up on your feet\nLift yourself up on your feet\nLift\n\n[Break: Dezz]\n\n[Chorus: Amnesty]\nLift your- lift your-, lift yourself\nLift-lift your-, lift your-, lift your-, lift your-, lift-lift\n\n[Interlude: Kanye West & Amnesty]\nHard to see, ooh\nThe hang ups we have today-ay-ay\nBut they don't really realize, though\nSaid we need to strive for more liberty\nThis next verse, this next verse though\nLift yourself up on your feet\nThese bars\nLift yourself up on your feet\nWatch this, go\n\n[Verse: Kanye West]\nPoopy-di scoop\nScoop-diddy-whoop\nWhoop-di-scoop-di-poop\nPoop-di-scoopty\nScoopty-whoop\nWhoopity-scoop, whoop-poop\nPoop-diddy, whoop-scoop\nPoop, poop\nScoop-diddy-whoop\nWhoop-diddy-scoop\nWhoop-diddy-scoop, poop", "image": "https://images.genius.com/82d9701e2e4ae9085390acf8a3c47f12.500x500x1.jpg"}], "artist": "Kanye West"}