{"songs": [{"title": "Young Folks", "album": "Can't Tell Me Nothing", "year": null, "lyrics": "[Intro]\nPlain Pat, what up?\n\n[Verse]\nI've always been the same since back in the day\nAlways felt like we should get paid\nTo be on magazines or we get played\nWhy did he say it? I don't know, ask Gabe\nNow I'm on the magazines where the roses are\nPoppin' champagne and that Ros\u00e9 Don\nWon a few awards then we went on tour\nAnd yup in my bag a whole bag of porn\nMagazines hate him, then they love him\nThen they hate him (we hate him), fuck it what to say then?(fuck it)\nCover of The Fader (yeah)\nNow I'm on my way up\nNow you want me say what? Huh, you want me say what?\nI be talking my shit so I guess I'm an asshole\nThey be kick and pushin' like Lu Fiasco\nAnd I guess every time I'm just gon' get in that mode\nSuck up to the press, I guess I miss that vote\nI did an interview with The Rolling Stones\nRead the interview, man the whole shit wrong\nFar as this shit go, you know the way I wanna glow\nI need Al Gore to recount that vote\nYou know you know you know, you know\nYou think that you know, but you have no idea\nYou think you really know, but you have no idea\nYou think you really know, but I'm right here\nYou think you really know, but you have no idea\nAnd I'm gon' be the same my whole career, yeah\nI'm gon' stay the same my whole career, you know?", "image": "https://images.genius.com/91281743bcf23da78b1b87477fbac94f.696x696x1.jpg"}], "artist": "Kanye West"}