{"songs": [{"title": "I Love Kanye", "album": "The Life of Pablo", "year": "2016-03-29", "lyrics": "[Verse]\nI miss the old Kanye, straight from the Go Kanye\nChop up the soul Kanye, set on his goals Kanye\nI hate the new Kanye, the bad mood Kanye\nThe always rude Kanye, spaz in the news Kanye\nI miss the sweet Kanye, chop up the beats Kanye\nI gotta say, at that time I'd like to meet Kanye\nSee, I invented Kanye, it wasn't any Kanyes\nAnd now I look and look around and there's so many Kanyes\nI used to love Kanye, I used to love Kanye\nI even had the pink polo, I thought I was Kanye\nWhat if Kanye made a song about Kanye\nCalled \"I Miss The Old Kanye\"? Man, that'd be so Kanye\nThat's all it was Kanye, we still love Kanye\nAnd I love you like Kanye loves Kanye", "image": "https://images.genius.com/389e5fd1eff885b2e7b62060869945cc.1000x1000x1.jpg"}], "artist": "Kanye West"}