{"songs": [{"title": "I Thought About Killing You", "album": "ye", "year": "2018-06-01", "lyrics": "[Intro: Francis and the Lights & Kanye West]\nI know, I know, I know, I know, know\nI know, I know, I know, I know, know\nI, I know it, I know it\n\n[Spoken Word: Kanye West]\nThe most beautiful thoughts are always besides the darkest\nToday, I seriously thought about killing you\nI contemplated, premeditated murder\nAnd I think about killing myself\nAnd I love myself way more than I love you, so\u2026\nToday, I thought about killing you, premeditated murder\nYou'd only care enough to kill somebody you love\nThe most beautiful thoughts are always inside the darkest\n(Mhm\u2014mhm\u2014mhm\u2014mhm\u2014mhmm)\nJust say it out loud to see how it feels\nPeople say \"don't say this, don't say that\"\nJust say it out loud, just to see how it feels\nWeigh all the options, nothing's off the table\nToday, I thought about killing you, premeditated murder\nI think about killing myself\nAnd I, I love myself way more than I love you\nThe most beautiful thoughts are always besides the darkest\n(Mhm\u2014mhm\u2014mhm\u2014mhm\u2014mhm\u2014mhm\u2014mhm\u2014mhm\u2014mhmm)\nI think this is the part where I'm supposed to say somethin' good to compensate it so it doesn't come off bad\nBut sometimes I think really bad things\nReally, really, really bad things\nAnd I love myself way more than I love you\nSee, if I was tryin' to relate it to more people\nI'd probably say I'm struggling with loving myself\nBecause that seems like a common theme\nBut that's not the case here\nI love myself way more than I love you\nAnd I think about killing myself\nSo, best believe, I thought about killing you today\nPremeditated murder\n\n[Verse: Kanye West]\nI called up my loved ones, I called up my cousins\nI called up the Muslims, said I'm 'bout to go dumb\nGet so bright, it's no sun, get so loud, I hear none\nScreamed so loud, got no lungs, hurt so bad, I go numb\nTime to bring in the drums, that prra-pa-pa-pum\nSet the NewTone on 'em, set the nuke off on 'em\nI need Coke with no rum, I taste coke on her tongue\nI don't joke with no one, they'll say he died so young\nI done had a bad case of too many bad days\nGot too many bad traits, used the floor for ashtrays\nI don't do shit halfway, I'ma clear the cache\nI'ma make my name last, put that on my last name\nIt's a different type of rules that we obey\nYe, Ye, Ye season, nigga, we Old Bay\nWe was all born to die, nigga, DOA\nNiggas say they hero, mm, I don't see no cape\nMm, I don't see no, mm, yeah, I don't see no, mm, mm\nIf I wasn't shinin' so hard, wouldn't be no shade\nBuckwheat-ass nigga, it's gon' be o-tay\nSorry, but I chose not to be no slave\nYoung nigga shit, nigga, we don't age\nI thought I was past my Deebo ways\nEven when I went broke, I ain't break\nHow you gon' hate? Nigga, we go way back\nTo when I had the braids and you had the wave cap\nDrop a pin for the fade and I'm on my way ASAP\nDon't get socked in the mouth, you know homie don't play that\nPay the fire marshal bill 'cause this shit done got way packed\nThey wanna see me go ape (ape, ape)\nAll you gotta do is speak on Ye\nAll you gotta do is speak on Ye\nDon't get your tooth chipped like Frito-Lay", "image": "https://images.genius.com/ce52bec054f3d772071d0c309970e616.1000x1000x1.jpg"}], "artist": "Kanye West"}