{"songs": [{"title": "Send It Up", "album": "Yeezus", "year": "2013-06-18", "lyrics": "[Produced by Kanye West, Daft Punk, Gesaffelstein, Brodinski, Arca and Mike Dean]\n\n[Intro: Beenie Man]\nRelivin' the past?\nYour loss!\n\n[Verse 1: King Louie]\nRockstar bitch call me Elvis\nM.O.B, she call me selfish\nSuccess got 'em jealous\nShorty's killin', while I'm drillin'\nTattoos, how they break the news\nIt was real if you made the news\nLast night my bitches came in twos\nAnd they both sucked like they came to lose\nDropped out the first day of school\nCause niggas got cocaine to move\nI be goin' hard, I got a name to prove\nKillin' 'em, honey how I make the pain improve\n\n[Chorus: King Louie]\nWe can send this bitch up, it can go down\nWe can send this bitch up, it can go down\nWe can send this bitch up, it can go down\nWe can send this bitch up, it can go down\nWe can send this bitch up, it can go down\nWe can send this bitch up, it can go down\nWe can send this bitch up, it can go down\nWe can send this bitch up, it can go down\n\n[Verse 2: Kanye West]\nThis the cray-ist shit in the club\nSince \"In Da Club\"\nIt's so packed I might ride around\nOn my bodyguard's back like Prince in the club\nShe say \"Can you get my friends in the club?\"\nI say \"Can you get my Benz in the club?\"\nIf not, treat your friends like my Benz\nPark they ass outside 'til the evenin' end\nWhen I go raw, I like to leave it in\nWhen I wake up, I like to go again\nWhen I go to work, she gotta call it in\nShe can't go to work, same clothes again\nAnd her heart colder than the souls of men\nLouboutin on the toes again\nTight dress dancin' close to him\nYeezus just rose again\n\n[Chorus: King Louie]\nWe can send this bitch up, it can go down\nWe can send this bitch up, it can go down\nWe can send this bitch up, it can go down\nWe can send this bitch up, it can go down\n\n[Outro: Beenie Man]\nMemories don't live like people do\nThey always 'member you\nWhether things are good or bad\nIt's just the memories that you have\nMemories don't live like people do\nThey always 'member you\nWhether things are good or bad\nIt's just the memories that you have", "image": "https://images.genius.com/8bf8ad4e7bcd4e2d9f1d33b1bb53fe3a.1000x1000x1.jpg"}], "artist": "Kanye West"}