{"songs": [{"title": "Know The Game", "album": null, "year": null, "lyrics": "[Intro]\nYo, this that shit\nJust to let niggas know\nYou can\u2019t fuck with us\n\n[Hook]\nBut I don\u2019t even wanna hit on you, don\u2019t wanna know his name\nSit down nigga, I know the game\nClothes shopper, I know the game\nTake it and put it back into the store\nCrazy cat, ah\nAnd I don\u2019t wanna hear all those excuses, they all the same\nWe should both be ashamed\n\n[Verse 1]\nGot me talkin bout love, you mean forever\nYou mean me falling in love, talking never\nShe\u2019s missing me after this one chick got together\nShe told me she had a man but they not together\nLet me tell you how I first met her\nIt\u2019s kinda ill though\nI\u2019m downtown tryna find Anita\nThat\u2019s where I find this diva stand in front the hospital\nI double park the car, scream, yo man\u2019s not with you\nAs for the cigarettes just brought the convo what went on\nI man up and eat, her belly holdin on\nAnd as far as she say\nOh that was over, he say she say\nSo you telling me your man stayed up in micro weeds\nMistaken identity like Cochise and I\u2019m finna be\nHolla at you now, know we\u2019ll talk later\nAnd I wanna get up but you got flavor\nNow I\u2019ma let you get the cell, let you get the pager\nAnd if you ain\u2019t around no haters you can call me later\n\n[Hook]\nBut I don\u2019t even wanna hit on you, don\u2019t wanna know his name\nI know the game, I know the game\nY\u2019all know the game\nAnd I don\u2019t wanna hear all those excuses, they all the same\nWe should both be ashamed\nCause we know the game\n\n[Verse 2]\nShe must\u2019ve known where the dollars at\nCause it ain\u2019t taken long at all but need to holla back\nGave me directions to the crib, told me follow that\nAnd I could park in back where the Impala at\nBut she ain\u2019t stayed on the southside, south southside\nDeeper than the know when\nNow I\u2019m questioning whether I should get in that\nPlus lasting a lot, walk into the door, haters asking a lot\nAnd where you from nigga? You ain\u2019t from round here\nAs I peeped out the window said baby I\u2019m right here\nHe mad cause I\u2019m with her and he ain\u2019t with her\nAnd he stayed down the hallway and he can\u2019t get er\nSo when I came out the nigga hatin on me was waitin on me\nAnd he had mo guys, no lie\nMan I knew we were both wrong, bitch but I know nothing\nFinna wear both chains but I know nothing\n\n[Hook]\nBut I don\u2019t even wanna hit on you, don\u2019t wanna know his name\nI know the game, I know the game\nAnd I don\u2019t wanna hear all those excuses, they all the same\nWe should both be ashamed\nCause we know the game", "image": "https://images.genius.com/3a5e35c68e9ed7bf9a2a63bfa51b261e.675x675x1.jpg"}], "artist": "Kanye West"}