{"songs": [{"title": "On the 2009 VMAs", "album": "Kanye West's Visionary Streams of Consciousness", "year": null, "lyrics": "I'd rather just let the music speak for itself. You know, it's like, I was happy to be in a situation where people couldn't say, oh, I was trying to promote my own song. For the times that I've, like, defended myself... [Tape break] I'm pushing the envelope! I wrote my fuckin' 'Run This Town' verse for a fuckin' month! When I heard Eminem's verse on the Drake shit, I went back and rewrote my shit for two days. I canceled appointments to rewrite! I fuckin' care! You know what I'm saying? And that's what I'm saying. Because I did that, Taylor Swift cannot win over Beyonc\u00e9! Because I wrote my verse in two days, Taylor Swift cannot beat Beyonc\u00e9. As long as I'm alive! And if I'm alive, kill me then! Kill me then! As long as I'm alive, you gon' have to deal with it. Cause there ain't gonna be no more motherfucking Elvises with no James Browns.\n\n[A female voice asks, \"Why are you so angry? What's the anger?\"] Because my mother got arrested for the fuckin' sit-ins. My mother died for this fame shit! I moved to fuckin' Hollywood chasing this shit. My mother died because of this shit. Fuck MTV.\n\nIt ain't no love. What the fuck was Pink performing? Don't nobody know that song. Pink performed twice! Two songs? How the fuck Pink perform twice, and I didn't even get asked to perform \"Heartless.\" \"Heartless\" is the biggest song of the year! It had the most spins of the first quarter! I don't know that Pink song! But I noticed that she's pink! They put me in a fuckin' room and [inaudible - maybe \"projected it\"].\n\n[A male voice asks, \"How the fuck did Eminem get the Best Hip-Hop song in 2008?\"] Eminem won Best Video! Rap Video! Yo, when he won that shit, I was so happy. I was so happy I [unclear - \"ran all this shit,\" maybe]. I said, \"Nigga, I'm gon' do this until y'all put a bullet in my head. I'm runnin' up to y'all, put a...\" [tape cuts].", "image": "https://images.genius.com/9fa6626ebb7cecda3ba692c1c80f52bf.1000x664x1.jpg"}], "artist": "Kanye West"}