{"songs": [{"title": "Waves (Original Demo)", "album": null, "year": null, "lyrics": "[Intro]\nI want to make some real love, ya dadada\nThat was kinda raw\nYo ma that melody that shine\n(turn it up)\n\n[Verse 1: Kanye West]\nStep up in this bitch like (turn it up!)\nI'm the one your bitch like\nMack you down like a quick dyke\nTell your friends they can hitchhike\nAnd your tan looking just right\nShe grabbing on my like\nShe want to see if it'll fit right\n\n[Chorus: Chris Brown]\nWaves don't die\nLet me crash here for the moment\nI don't need to own it\nNo lie\nWaves don't die, baby\nLet me crash here for a moment\nBaby I don't, I don't need to own you\nNo lie, no lie, no lie\nYou set this night on fire\nStill gon' be here in the morning no lie\n\n[Verse 2: Kanye West]\nStep up in this bitch like (turn it up!)\nI'm the one your bitch like\nMack you down like a quick dyke\nMake your man take a hitchhike\nHe don't understand how you hit right\nTry it on if it fit right\nNow its on [?]\n\n[Chorus: Chris Brown]\nWaves don't die\nLet me crash here for the moment\nI don't need to own it\nNo lie\nWaves don't die, baby\nLet me crash here for a moment\nBaby I don't, I don't need to own you\nNo lie\n\n[Outro]\nCheck me\nCheck me\nCheck me", "image": "https://images.genius.com/3a5e35c68e9ed7bf9a2a63bfa51b261e.675x675x1.jpg"}], "artist": "Kanye West"}