{"songs": [{"title": "TMZ Freestyle", "album": null, "year": "2018-04-26", "lyrics": "[Intro]\nUh, yeah\nUh, uh\n\n[Refrain]\nHopped off the Amistad and made \"I'm A God\"\nIt's always a lituation when I'm involved\nIt's always a lituation when I'm involved\nSee, I say what they say when the mic is off\n\n[Verse 1]\nParents are the strippers, strip kids of they confidence\nTeach white dominance, question your common sense\nSee, I've been washed in tradition and I'ma rinse\n\n[Refrain]\nHopped off the Amistad and made \"I'm A God\"\nIt's always a lituation when I'm involved\nSee, I say what they say when the mic is off", "image": "https://images.genius.com/ddead1305d60b9d282c42541aecc607c.640x523x1.jpg"}], "artist": "Kanye West"}