{"songs": [{"title": "Fade", "album": "The Life of Pablo", "year": "2015-09-16", "lyrics": "[Intro: Rare Earth]\nYour love is fadin'\nYour love is fadin'\nYour love is fadin'\nI feel it's fadin'\n\n[Chorus: Ty Dolla $ign & Rare Earth]\nWhen no one ain't around (I feel it's fadin')\nI think I think too much (I feel it's fadin')\nAin't nobody watchin' (I feel it's fadin')\nI just fade away\n\n[Bridge: Ty Dolla $ign & Rare Earth]\nI feel it\nFade away\nI feel it\nI feel it\nFade away-ay-ay-ay\nI think I think too much\nI feel it\nYour love is fadin'\nI feel it\n\n[Verse 1: Kanye West + Rare Earth  & Ty Dolla $ign]\nRoll up, roll up; hold up, hold up; po' up, po' up\nI feel it\nI love to... I wanna... I'm tryna...\nI feel it\nI'ma rock the boat, work the middle 'til it hurt a little\nI feel it\nYour love is fadin'\nI feel it\nFuckin' with a real ass nigga\nI feel it\nFuck how you feel ass nigga\nI feel it\nBitch better act like you know better\nI feel it\nWoah\n\n[Chorus: Ty Dolla $ign & Rare Earth]\nWhen no one ain't around (I feel it's fadin')\nI think I think too much (I feel it's fadin')\nAin't nobody watchin' (I feel it's fadin')\nI just fade away (I feel it's fadin')\n\n[Verse 2: Post Malone  & Rare Earth]\nYou don't even know, I've been so far gone (I feel it)\nI've been so led on, I've been runnin' 'round (I feel it)\nI've been on my shit, whole world on my dick (I feel it)\nI just need to know (I can feel it)\n\n[Bridge: Ms. Barbara Tucker & Rare Earth]\nOh, deep inside\nDeep, deep, down inside\nI feel it\nYes, deep inside\nDeep, deep, down inside\nI feel it\nOh, deep inside\nDeep, deep, down inside\nI feel it\nYes, deep inside\nI get lifted, yes\nDeep, deep, down inside\nI can feel it\nOh, deep inside\nOh, I get lifted, yes\nDeep, deep, down inside\nI feel it\nYes, deep inside\nOh, I get lifted, yes\nDeep, deep, down inside\nI feel it\nOh, deep inside\nOh, I get lifted, yes\nDeep, deep, down inside\nI feel it\nYes, deep inside\nOh, I get lifted, yes\nDeep, deep, down inside\nI get\nI feel it's fadin'\nOh, I get lifted, yes\n\n[Outro: Rare Earth]\nI feel it fadin'\nI feel it fadin'\nI feel it\nI feel it's fadin'\n\n[Produced by Kanye West, Anthony Kilhoffer, Mike Dean, Ryan Vojtesak and Charlie Handsome]", "image": "https://images.genius.com/bd9677410e5e5f07d5ff2f8520f70dc3.1000x1000x1.jpg"}], "artist": "Kanye West"}