{"songs": [{"title": "Sway Freestyle", "album": null, "year": null, "lyrics": "[Verse 1: Kanye West]\nI can make shit rhyme\nI can make shit rhyme if I'm... feel like\nAnd if I, don't... So I just might not, cause I, don't want\nAnd i'm just gonna, freestyle for the first time\nWith a freestyle, that don't even go together\nOugh\nNo rhymes that's my new shit!\nNothing rhyme!\nHow that sound!\nUh ohh!\nWap!\nYou ain't got the answers Sway!\nI could sing all, night!", "image": "https://images.rapgenius.com/802943c523bb1edf03dcb8400e3868b0.1000x557x1.jpg"}], "artist": "Kanye West"}