{"songs": [{"title": "Freestyle 4", "album": "The Life of Pablo", "year": "2016-02-14", "lyrics": "[Intro: Kanye West]\nThis that rap god shit nigga\nI rip every one of these mothafuckas down, aye\nRah, rah, rah\nRah, rah\n\n[Verse: Kanye West]\nClosed eyes, see things\nFire up, tweaking\nYou in my freak dreams\nYou in my freak dreams\nBad bitch, you dig that\nGet stacks, drive cars\nWhip out, bitch out\nTits out, oh shit\nMy dick out, can she suck it right now?\nFuck, can she fuck right now?\nI done asked twice now\nCan you bring your price down?\nLil Boosie with the wipe down\nA little woozy but I'm nice now\nWhat the fuck right now?\nWhat the fuck right now?\nWhat the, what the fuck right now?\nWhat if we fuck right now?\nWhat if we fucked right in the middle\nOf this mothafuckin' dinner table?\nWhat if we fucked at this Vogue party?\nWould we be the life of the whole party?\nShut down the whole party\nWould everybody start fuckin'?\nWould everybody start fuckin'?\nWould everybody start fuckin'?\nThey don't want nothin'\nYou mothafuckas livin' like half of your level, half of your life\nI smack her on her ass if she ghetto, I ain't gon' lie\nWe be in the bathroom fuckin' like \"baby, don't get too loud!\"\nI can, I can see it, yeah\n\n[Outro: Desiigner]\nHey, I want it right now\nBall on them niggas, get heated and shot down\nYou get hit with the pie now\nRolls with killa money nigga get by now\nRight now, right now\nI'm with niggas that have been to Versailles now\nSide now, slide down\n\n[Produced by Kanye West]", "image": "https://images.genius.com/389e5fd1eff885b2e7b62060869945cc.1000x1000x1.jpg"}], "artist": "Kanye West"}