{"songs": [{"title": "On Paparazzi, Celebrities, and Activists", "album": "Kanye West's Visionary Streams of Consciousness", "year": "2008-11-25", "lyrics": "[Kanye West]\nThe problem I have with the paparazzi is if they\u2019re right in front of you and you\u2019re like, \u201cCan you please not take a picture of me?\u201d And they\u2019re like, \u201cDude I\u2019m not really taking a picture,\u201d and they just keep on doing it like they\u2019re talking to me like I\u2019m stupid and stuff, and then, with arm sprints, I\u2019m going to grab the camera, that just happens, and you don\u2019t expect that to happen with a celebrity, cause you think they\u2019re like a museum animal and stuff, but it\u2019s like, don\u2019t shoot the animals, then, maybe, I don\u2019t know.\n\n[Conan O\u2019Brien]\nWhat\u2019s interesting, though, the problem is that once you do something like that, the word\u2019s out. And these guys know that a shot of you losing your temper is worth ten times more then a shot of you remaining calm. So it\u2019s kind of a no-win situation a little bit.\n\n[Kanye West]\nWell except for the fact that I\u2019m going to do something about it. You know, I\u2019m going to make a change. I think it\u2019s my responsibility. My mom, she got arrested for being in the sit-ins at age 6. My grandfather drove the first car at the marches leaving out of Oklahoma. My father was an activist, so I think they just like, messed with the wrong celebrity just now.\n\n[Conan O\u2019Brien]\nRight. Okay so you\u2019re letting them know, leave me alone.", "image": "https://images.genius.com/9fa6626ebb7cecda3ba692c1c80f52bf.1000x664x1.jpg"}], "artist": "Kanye West"}