{"songs": [{"title": "Hey Mama", "album": "Late Registration", "year": "2005-08-30", "lyrics": "[Chorus]\n(Hey Mama)\nI wanna scream so loud for you, 'cause I'm so proud of you\nLet me tell you what I'm about to do\n(Hey Mama)\nI know I act a fool but, I promise you I'm goin' back to school\nI appreciate what you allowed for me\nI just want you to be proud of me\n(Hey Mama)\n\n[Verse 1]\nI wanna tell the whole world about a friend of mine\nThis little light of mine and I'm finna let it shine\nI'm finna take y'all back to them better times\nI'm finna talk about my mama if y'all don't mind\nI was three years old when you and I moved to the Chi\nLate December, harsh winter gave me a cold\nYou fixed me up something that was good for my soul\nFamous homemade chicken soup, can I have another bowl?\nYou work late nights just to keep on the lights\nMommy got me training wheels so I could keep on my bike\nAnd you would give anything in this world\nMichael Jackson leather and a glove, but didn't give me a curl\nAnd you never put no man over me\nAnd I love you for that mommy can't you see?\nSeven years old, caught you with tears in your eyes\n'Cause a nigga cheatin', telling you lies, then I started to cry\nAs we knelt on the kitchen floor\nI said mommy I'ma love you 'til you don't hurt no more\nAnd when I'm older, you ain't gotta work no more\nAnd I'ma get you that mansion that we couldn't afford\nSee you're, unbreakable, unmistakable\nHighly capable, lady that's makin' loot\nA livin' legend too, just look at what heaven do\nSend us an angel, and I thank you (Hey Mama)\n\n[Chorus]\n(Hey Mama)\nI wanna scream so loud for you, 'cause I'm so proud of you\nLet me tell you what I'm about to do\n(Hey Mama)\nI know I act a fool but, I promise you I'm goin' back to school\nI appreciate what you allowed for me\nI just want you to be proud of me\n(Hey Mama)\n\n[Verse 2]\nForrest Gump mama said, \"Life is like a box of chocolates\"\nMy mama told me go to school, get your doctorate\nSomethin to fall back on, you could profit with\nBut still supported me when I did the opposite\nNow I feel like it's things I gotta get\nThings I gotta do, just to prove to you\nYou was getting through, can the choir, please\nGive me a verse of \"You Are So Beautiful To Me\"\nCan't you see, you're like a book of poetry\nMaya Angelou, Nikki Giovanni, turn one page and there's my mommy\nCome on mommy just dance wit' me, let the whole world see your dancing feet\nNow when I say Hey, y'all say, Mama, now everybody answer me (Hey Mama)\n\n[Chorus]\n(Hey Mama)\nI wanna scream so loud for you, 'cause I'm so proud of you\nLet me tell you what I'm about to do\n(Hey Mama)\nI know I act a fool but, I promise you I'm goin' back to school\nI appreciate what you allowed for me\nI just want you to be proud of me\n(Hey Mama)\n\n[Bridge]\nI guess it also depends though if my ends low\nSecond, they get up you gon get that Benzo\nTint the windows, ride around the city and let ya friends know (Hey Mama)\n\n[Verse 3]\nTell your job you gotta fake em out\nSince you brought me in this world, let me take you out\nTo a restaurant, upper echelon\nI'ma get you a Jag, whatever else you want\nJust tell me what kind of S-Type Donda West like?\nTell me the perfect color so I make it just right\nIt don't gotta be Mother's Day, or your birthday\nFor me to just call and say: (Hey Mama)\n\n[Chorus]\nI wanna scream so loud for you, 'cause I'm so proud of you\nLet me tell you what I'm about to do\n(Hey Mama)\nYou know I love you so\nI never let you go\nWrote this song just so you know\nNo matter where you go our love is true\nMama mama mama mama mama...\nMama mama mama mama mama...\n\n[Produced by Jon Brion & Kanye West]", "image": "https://images.genius.com/2eb75c8a4d53e8782d8e37681871a9bf.1000x1000x1.jpg"}], "artist": "Kanye West"}