{"songs": [{"title": "Bed Yeezy Season 5", "album": null, "year": "2017-02-28", "lyrics": "[Intro: The-Dream]\nAyy, ayy, ayy, ayyyyy\nAyy, ayy, ayy, ayyyyy\nAyy, ayy, ayy, ayyyyy\nAyy, ayy, ayy, ayyyyy\nAyy, ayy, ayy, ayyyyy\nAyy, ayy, ayy, ayyyyy\nAyy, ayy, ayy, ayyyyy\nAyy, ayy, ayy, ayyyyy\nAyy\nOh-oh, oh-ohhhh\n\n[Verse 1: The-Dream]\nGirl, change into that Victoria Secret thing that I like\nAlright, okay, tonight you're havin' me your way\nPerfume, spray it there, put our love in the air\nNow pull me right next to you, finna raise the temp' in the room\nFirst rub my back like you do, right there (uh)\nRight there (uh,) you touch me like you care\nNow stop, and let me repay you for the week you've been through\nWorkin' that nine to five and bein' cute, like you do\nOoh, ooh, ooh\n\n[Pre-Chorus: The-Dream]\nI love it, I love it\nYou love it, you love it\nEvery time, every time\nWe touchin', we touchin'\nI want it, I want it\nYou want it, you want it\nI'll see you, see you\nIn the mornin', in the mornin'\n\n[Chorus: The-Dream]\nWanna put my fingers through your hair\nWrap me up in your legs\nThen love you 'til your eyes roll back\nI'm tryna put you to bed, to bed, to bed\nI wanna put you to bed, to bed, to bed\nThen I'ma rock ya body, turn you over\nLove is war, I'm your soldier\nTouchin' you like it's our first time\nI'ma put you to bed, to bed, to bed\nGirl I'ma put you to bed, to bed, to bed\n\n[Verse 2: The-Dream]\nI'm staring at you while you sleep, irreplaceable beauty\nPut my face up in your neck and breathe (Oh, breathe)\nTake you into my senses, wake up, it's time to finish\nRound two, it's a round two\nMatter of fact, it's closer to three\nShe like, \"How long I been sleep?\"\nShawty kisses turn into the sweetest dreams\nGirl give it to me\nAnd I can feel her turn weak\n\"My angel, this is wonderful\"\nThanks for lettin' me bless ya\nCome down, fly right\nDrift back into heaven\nOh, oh, oh, woah\n\n[Pre-Chorus: The-Dream]\nI love it, I love it\nYou love it, you love it\nEvery time, every time\nWe touchin', we touchin'\nI want it, I want it\nYou want it, you want it\nI'll see you, see you\nIn the mornin', in the mornin'\n\n[Chorus: The-Dream]\nWanna put my fingers through your hair\nWrap me up in your legs\nThen love you 'til your eyes roll back\nI'm tryna put you to bed, to bed, to bed\nI wanna put you to bed, to bed, to bed\nThen I'ma rock ya body, turn you over\nLove is war, I'm your soldier\nTouchin' you like it's our first time\nI'ma put you to bed, to bed, to bed\nGirl I'ma put you to bed, to bed, to bed\n\n[Refrain: The-Dream]\nWatch the sunlight peak over the horizon\nOoh-ooh, ooh-ooh, ooh-ooh, ooh-ooh\nThe sun ain't the only thing that's shinin'\nOoh-ooh, ooh-ooh, ooh-ooh, ooh-ooh\nNow I'ma send you out into the world with my love\nTell everybody, ayy, ayy\nEverybody, ayyyyy\nAyy, ayy, ayy, ayyyyy\nTell everybody\nAyy, ayy, everybody, ayy, ayyyyy\nAyy, ayy, ayy, ayyyyy\nOoooh\n\n[Chorus: The-Dream]\nWanna put my fingers through your hair\nWrap me up in your legs\nThen love you 'til your eyes roll back\nI wanna put you to bed, to bed, to bed\nI'ma put you to bed, to bed, to bed\nThen I'ma rock ya body, turn you over\nLove is war, I'm your soldier\nTouchin' you like it's our first time\nI'ma put you to bed, to bed, to bed\nI'm gonna put you to bed, bed, bed, oh\n\n[Refrain: The-Dream]\nWatch the sunlight peak over the horizon\nOoh-ooh, ooh-ooh, ooh-ooh, ooh-ooh\nThe sun ain't the only thing that's shinin'\nOoh-ooh, ooh-ooh, ooh-ooh, ooh-ooh\nNow I'ma send you out into the world with my love\nTell everybody, ayy, ayy\nEverybody, ayyyyy\nAyy, ayy, ayy, ayyyyy\nTell everybody\nAyy, ayy, everybody, ayy, ayyyyy\nAyy, ayy, ayy, ayyyyy\nOoh-ooh, ooh-oooh\n\n[Instrumental Break]\n\n[Chorus: The-Dream]\nOoh-ooh\nWanna put my fingers through your hair\nWrap me up in your legs\nThen love you 'til your eyes roll back\nI'm tryna put you to bed, to bed, to bed\nI wanna put you to bed, to bed, to bed\nThen I'ma rock ya body, turn you over\nLove is war, I'm your soldier\nTouchin' you like it's our first time\nI'ma put you to bed, to bed, to bed\nGirl I'ma put you to bed, to bed, to bed\n\n[Instrumental Break]\n\n[Chorus: The-Dream]\nWanna put my fingers through your hair\nWrap me up in your legs\nThen love you 'til your eyes roll back\nI'm tryna put you to bed, to bed, to bed\nI wanna put you to bed, to bed, to bed\nThen I'ma rock ya body, turn you over\nLove is war, I'm your soldier\nTouchin' you like it's our first time\nI'ma put you to bed, to bed, to bed\nGirl I'ma put you to bed, to bed, to bed\n\n[Instrumental Break]\n\n[Refrain: The-Dream]\nNow watch the sunlight peak over the horizon\nOoh-ooh, ooh-ooh, ooh-ooh, ooh-ooh\nThe sun ain't the only thing that's shinin'\nOoh-ooh, ooh-ooh, ooh-ooh, ooh-ooh\nNow I'ma send you out into the world with my love\nTell everybody, ayy, ayy\nEverybody, ayyyyy\nAyy, ayy, ayy, ayyyyy\nAyy, ayy, ayy, ayyyyy\nAyy, ayy, ayy, ayyyyy\n\n[Instrumental Break]\n\n[Chorus: The-Dream]\nOh-oh, oh-oh\nWanna put my fingers through your hair\nWrap me up in your legs\nThen love you 'til your eyes roll back\nI'm tryna put you to bed, to bed, to bed\nI wanna put you to bed, to bed, to bed\nThen I'ma rock ya body, turn you over\nLove is war, I'm your soldier\nTouchin' you like it's our first time\nI'ma put you to bed, to bed, to bed\nGirl I'ma put you to bed, to bed, to bed\n\n[Instrumental Break]\n\n[Bridge: The-Dream]\nI'ma put you to bed, bed, bed\nI'ma put you to bed, bed, bed\nI'ma put you to bed, bed, bed\nGirl I'ma put you to bed\n\n[Instrumental Break]\n\n[Chorus: The-Dream]\nOh-oh, oh-oh\nWanna put my fingers through your hair\nWrap me up in your legs\nThen love you 'til your eyes roll back\nI'm tryna put you to bed, to bed, to bed\nI wanna put you to bed, to bed, to bed\nThen I'ma rock ya body, turn you over\nLove is war, I'm your soldier\nTouchin' you like it's our first time\nI'ma put you to bed, to bed, to bed\nGirl I'ma put you to bed, to bed, to bed\n\n[Refrain: The-Dream]\nNow watch the sunlight peak over the horizon\nOoh-ooh, ooh-ooh, ooh-ooh, ooh-ooh\nThe sun ain't the only thing that's shinin'\nOoh-ooh, ooh-ooh, ooh-ooh, ooh-ooh\nNow I'ma send you out into the world with my love\nTell everybody, ayy, ayy\nEverybody, ayyyyy\n\n[Outro: The-Dream]\nAyy, ayy, ayy, ayyyyy\nAyy, ayy, ayy, ayyyyy\nAyy, ayy, ayy, ayyyyy\nAyy, ayy, ayy, ayyyyy\nAyy, ayy, ayy, ayyyyy\nAyy, ayy, ayy, ayyyyy\nAyy, ayy, ayy, ayyyyy\nAyy, ayy, ayy, ayyyyy\nAyy, ayy, ayy, ayyyyy\nAyy, ayy, ayy, ayyyyy", "image": "https://images.genius.com/5985cfd9faebb4b59afbd6f80de9b759.500x500x1.jpg"}], "artist": "Kanye West"}