{"songs": [{"title": "Get Off Me", "album": null, "year": null, "lyrics": "[Chorus]\nNa, na, na, na, na (get off me)\nRunnin' up softly (get off me)\nGo win it or something? (get off-)\nNa, na, na, na, na (get off me)\nRunnin' up softly (get off me)\nGo win it or something? (get off-)\nNa, na, na, na, na (get off me)\nRunnin' up softly (get off me)\nGo win it or something? (get off-)\nNa, na, na, na, na (get off me)\nRunnin' up softly (get off me)\nGo win it or something? (get off-)\nNa, na, na, na, na (get off me)\nRunnin' up softly (get off me)\nGo win it or something? (get off-)\nNa, na, na, na, na (get off me)\nRunnin' up softly (get off me)\nGo win it or something? (get off-)\n\n[Instrumental Break]\n\n[Chorus]\nNa, na, na, na, na (get off me)\nRunnin' up softly (get off me)\nGo win it or something? (get off-)\nNa, na, na, na, na (get off me)\nRunnin' up softly (get off me)\nGo win it or something? (get off-)\nNa, na, na, na, na (get off me)\nRunnin' up softly (get off me)\nGo win it or something? (get off-)\nNa, na, na, na, na (get off me)\nRunnin' up softly (get off me)\nGo win it or something? (get off-)\nNa, na, na, na, na (get off me)\nRunnin' up softly (get off me)\nGo win it or something? (get off-)", "image": "https://images.genius.com/3a5e35c68e9ed7bf9a2a63bfa51b261e.675x675x1.jpg"}], "artist": "Kanye West"}