{"songs": [{"title": "Want It All", "album": null, "year": "2015-05-16", "lyrics": "[Verse 1]\nEverything I do that's not perfect\nOnly makes it that, that, that much more perfect\nOnly makes it that, that, that, that much more worth it\nOnly, only only, only every time when I short-circuit\nEverything I do that's not perfect\nOnly makes it that much, much, much more perfect\nMuch more perfect, I need it all\nI want it all, I need it all, go through it all, climb every wall\nTake every fall, break every law, I need it all, I need it all\nGo through every wall, take every fall, break every law\nYeah, I want it all, I want it all, I want it all\nAnd I will have it all, and I will have it all, and I will have it all\nThey ain't laughin' at me, no, no, I laugh at y'all\nNah, I laugh at y'all, no, no, I laugh at y'all\nThink you're laughin' at me, no, no, I laugh at y'all\nCause I want it, I want it, I want everything\nI want it, everything, I want it all, I want it all, yeah, I want it all\nI want it all, all the shit they talk, all the shit they write\nAll the shit they write, oh, I love it, all the shit they talk\nAll the shit they write, all that shit to say, you know I love it\nOh, I want it all, I need it all, I need it all\nGive it to me right now, I want it all\nI'll take it all, take every fall, break every law\nGo through every wall, I don't give a fuck, I need it all", "image": "https://images.genius.com/3a5e35c68e9ed7bf9a2a63bfa51b261e.675x675x1.jpg"}], "artist": "Kanye West"}