{"songs": [{"title": "Coldest Winter", "album": "808s & Heartbreak", "year": "2008-11-24", "lyrics": "[Produced by Kanye West, No I.D., and Jeff Bhasker]\n\n[Verse 1]\nOn lonely nights, I start to fade\nOn lonely nights, I start to fade\nHer love's a thousand miles away\nHer love's a thousand miles away\n\n[Hook]\nMemories made in the coldest winter\nGoodbye my friend, will I ever love again?\nMemories made in the coldest winter\n\n[Verse 2]\nIt's 4 a.m. and I can't sleep\nIt's 4 a.m. and I can't sleep\nHer love is all that I can see\nHer love is all that I can see\n\n[Hook]\nMemories made in the coldest winter\nGoodbye my friend, will I ever love again?\nMemories made in the coldest winter, winter, winter\nGoodbye my friend, will I ever love again?\nGoodbye my friend, will I ever love again?\nGoodbye my friend, will I ever love again?\n\n[Verse 3]\nIf spring can take the snow away\nIf spring can take the snow away\nCan it melt away all our mistakes\nCan it melt away all our mistakes\n\n[Hook 2]\nMemories made in the coldest winter\nGoodbye my friend, I won't ever love again\nNever again", "image": "https://images.genius.com/73b850d22c309372e303bb359b340cbe.1000x1000x1.jpg"}], "artist": "Kanye West"}