{"songs": [{"title": "On Deadmau5", "album": "Kanye West's Visionary Streams of Consciousness", "year": "2016-03-02", "lyrics": "# ok very serious question\u2026\n\n# whose job is it to carry the head on the plane # hash tag #  do you check the mickey mouse head or carry on #  does it get  hot?\n\n# ok another super serious question   ...  is there a portable fan situation?\n\n# hash tag you raised Tidal\u2019s subscriptions by a whopping \ud83d\udc2d\ud83d\udc2d\ud83d\udc2ddownloads\n\n# I\u2019m bored  ### when you get married will your wife have a giant minnie mouse head? # This brightened up my day\u2026 thank you dead-mow-five\n\nDo you do birthday parties?? My daughter loves Minnie mouse\u2026\n\nCan you please bring the minnie mouse head \u2026 not yours   she specifically likes minnie mouse \u2026\n\nI need you to perform at her party with specifically a minnie mouse dead-mow-five head\u2026 not a mickey mouse dead-mow-five head\n\nI\u2019m very detailed oriented and I will know the difference so don\u2019t try to just throw a bow on the original head\u2026\n\nI want to stream you performing in a Minnie Mouse head on @Tidal", "image": "https://images.rapgenius.com/64f690a1efbb9ca75a69645930e0fa79.498x498x1.jpg"}], "artist": "Kanye West"}