{"songs": [{"title": "On The College Dropout's 10-Year Anniversary", "album": "Kanye West's Visionary Streams of Consciousness", "year": "2014-02-10", "lyrics": "Ten years ago today we finally released what had been my life's work up to that point: The College Dropout\n\nI say \"finally\" because it was a long road, a constant struggle, and a true labor of love\n\nTo not only convince my peers and the public that I could be an artist, but to actually get that art out for the world to hear\n\nI am extremely grateful to each and every person along that road who helped, lent an ear, lent their voice\n\nGave of their heart to that project, and to all the projects that followed, and are to come\n\nI am honored and humbled by my fans, for the unwavering support and love over the past ten years\n\nI wake up every day trying to give something back to you that you can rock to and be proud of\n\nTen years later I am still the same kid from Chicago, still dreaming out loud, still banging on the door\n\nThe doors may be heavier, but I promise you WE WILL BREAK THEM", "image": "https://images.genius.com/9fa6626ebb7cecda3ba692c1c80f52bf.1000x664x1.jpg"}], "artist": "Kanye West"}