{"songs": [{"title": "Ghetto Child", "album": "Welcome to Kanye's Soul Mix Show", "year": "2006-09-05", "lyrics": "Shoutout to Reflex for bringing me this sample. Any and everybody who helped with the Be album, we brought back that real hip-hop shit. This is one of the greatest times of my life. You know we workin' on a new joint \"Finding Forever\" right now, be in stores this summer. Depending on what year you're listening to this mixtape, it might've been in stores last summer, depending on what year that is. I won't say the year because Extra P told me don't say the year. So from now, till forever baby \"Finding Forever\". Hi boys and girls, I always wanted to say that over this sample, I have nothing else to say though. Hooooo!", "image": "https://images.genius.com/db1a7f1cb36b55ab8af6a6a0e9719c01.800x800x1.jpg"}], "artist": "Kanye West"}