{"songs": [{"title": "Bittersweet Poetry", "album": "Graduation", "year": "2007-09-11", "lyrics": "[Hook: John Mayer]\nBittersweet\nYou're gonna be the death of me\nI don't want you, but I need you\nI love you and hate you at the very same time\nBittersweet\n\n[Verse 1: Kanye West]\nSee, what I want so much should never hurt this bad\nNever did this before, that's what the virgin says\nWe've been generally warned, that's what the surgeon says\nGod, talk to me now, this is an emergency\nAnd she claims she only with me for the currency\nYou cut me deep, bitch, cut me like surgery\nAnd I was too proud to admit that it was hurting me\nI'd never do that to you, at least purposely\nWe breaking up again, we making up again\nBut we don't love no more, I guess we fucking then\nHave you ever felt you ever want to kill her?\nAnd you mix them emotions with tequila\nAnd you mix that with a little bad advice\nOn one of them bad nights, y'all have a bad fight\nAnd you talk about her family, her aunts and shit\nAnd she say, \"Motherfucker, your momma's a bitch\"\nYou know, domestic drama and shit, all the attitude\nI'd never hit a girl, but I'll shake the shit out of you\nBut I'mma be the bigger man, big pimpin' like Jigga man\nOh, I guess I figure it's\n\n[Hook: John Mayer]\nBittersweet\nYou're gonna be the death of me\nI don't want you, but I need you\nI love you, hate you at the very same time\nBittersweet\n\n[Verse 2: Kanye West]\nSee, what I want so much should never hurt this bad\nNever did this before, that's what the virgin says\nWe've been generally warned, that's what the surgeon says\nGod, talk to me now, this is an emergency\nAnd my niggas said I shouldn't let it worry me\nI need to focus on the girls we getting currently\nBut I been thinking and it got me back to sinking\nAnd this relationship, it even got me back to drinking\nNow this Hennessy, uh, it's gonna be the death of me\nAnd I always thought that you having my child was our destiny\nBut I can't even vibe with you sexually\n'Cause every time that I'd try, you would question me\nSaying, \"You fucking them girls, disrespecting me\nYou don't see how your lies is affecting me?\nYou don't see how our life was supposed to be?\nAnd I never let a nigga get that close to me\nAnd you ain't cracked up to what you were supposed to be\nYou always gone, you always be where them hoes will be\"\nAnd this the first time she ever spilled her soul to me\n\n[Hook: John Mayer & Kanye West]\nBittersweet (I fucked up and I know it, G)\nYou're gonna be the death of me (I guess it's bittersweet poetry)\nI don't want you, but I need you\nI love you and hate you at the very same time\nBittersweet\nYou're gonna be the death of me\nI don't want you, but I need you\nI love you and hate you at the very same time\n\n[Verse 3: Kanye West]\nSee, what I want so much should never hurt this bad\nNever did this before, that's what the virgin says\nWe've been generally warned, that's what the surgeon says\nGod, talk to me now, this is an emergency\nSee, what I want so much should never hurt this bad\nNever did this before, that's what the virgin says\nWe've been generally warned, that's what the surgeon says\nGod, talk to me now, this is an emergency\n\n[Hook: John Mayer]\nBittersweet\nYou're gonna be the death of me\nI don't want you, but I need you\nI love you and hate you at the very same time\n(Bittersweet\nYou're gonna be the death of me\nI don't want you\n...very same time)", "image": "https://images.genius.com/db8cf20e3bf2357483e4e5b2d5921eb8.1000x1000x1.jpg"}], "artist": "Kanye West"}