{"songs": [{"title": "Amazing", "album": "808s & Heartbreak", "year": "2008-11-24", "lyrics": "[Verse 1: Kanye West]\nIt's amazing, I'm the reason\nEverybody fired up this evening\nI'm exhausted, barely breathing\nHolding on to what I believe in\n\n[Hook: Kanye West]\nNo matter what, you'll never take that from me\nMy reign is as far as your eyes can see, it's amazing\nSo amazing, so amazing, so amazing, it's amazing\nSo amazing, so amazing, so amazing, it's amazing\n\n[Verse 2: Kanye West]\nI'm a monster, I'm a killer\nI know I'm wrong, yeah\nI'm a problem\nThat'll never ever be solved\n\n[Hook: Kanye West]\nAnd no matter what, you'll never take that from me\nMy reign is as far as your eyes can see, it's amazing\nSo amazing, so amazing, so amazing, it's amazing\nSo amazing, so amazing, so amazing, it's amazing\n\n[Verse 3: Kanye West]\nI'm a monster, I'm a maven\nI know this world is changing\nNever gave in, never gave up\nI'm the only thing I'm afraid of\n\n[Hook: Kanye West]\nNo matter what, you'll never take that from me\nMy reign is as far as your eyes can see, it's amazing\nSo amazing, so amazing, so amazing, it's amazing\nSo amazing, so amazing, so amazing, it's amazing\nSo amazing, so amazing, so amazing, it's amazing\nSo amazing, so amazing, so amazing, it's amazing\n\n[Verse 4: Young Jeezy]\nI'm amazing (Amazing) yeah I'm all that (All that)\nIf I ain't on my grind, then what you call that? (What you call that?)\nVictorious, yeah we warriors\nWe make history, strive off victory (Yeah)\nStanding at my podium, I'm trying to watch my sodium\nDie high blood pressure, either let the Feds catch ya (Yeah)\nI'm amazing, born on a full moon\nI was bred to get it in, no spoon\nThat's why I'm so goon, summertime, no June\nBig family, small house, no room\nThey like \"Oh God, why he go so hard?\nLook what he's been through, he deserves an applause\"\n\n[Outro: Kanye West]\nSo amazing, so amazing, so amazing, it's amazing\nSo amazing, so amazing, so amazing, it's amazing\nSo amazing, so amazing, so amazing, it's amazing\nSo amazing, so amazing, so amazing, it's amazing", "image": "https://images.rapgenius.com/65922b0a2c80d7c10ba66f5b39eb8fe2.600x600x1.jpg"}], "artist": "Kanye West"}