{"songs": [{"title": "I Wonder", "album": "Graduation", "year": "2007-09-11", "lyrics": "[Produced by Kanye West]\n\n[Intro]\n-Find your dreams come true\n\n[Hook]\nAnd I wonder if you know\nWhat it means, what it means\nAnd I wonder if you know\nWhat it means, what it means\nAnd I wonder if you know\nWhat it means to find your dreams\n\n[Verse 1]\nI've been waiting on this my whole life\nThese dreams be waking me up at night\nYou say I think I'm never wrong\nYou know what, maybe you're right\nA'ight?\n\n[Hook]\nAnd I wonder if you know\nWhat it means, what it means\nAnd I wonder if you know\nWhat it means to find your dreams\n\n[Verse 2]\nYou say he get on your fucking nerves\nYou hope that he get what he deserves, word\nDo you even remember what the issue is?\nYou just trying to find where the tissue is\nYou can still be who you wish you is\nIt ain't happen yet\nAnd that's what intuition is\nWhen you hop back in the car\nDrive back to the crib\nRun back to their arms\nThe smokescreens\nThe chokes and the screams\nYou ever wonder what it all really means?\n\n[Hook]\nAnd I wonder if you know\nWhat it means, what it means\nAnd I wonder if you know\nWhat it means to find your dreams\n\n[Verse 3]\nAnd I'm back on my grind\nA psychic read my lifeline\nTold me in my lifetime\nMy name would help light up the Chicago skyline\nAnd that's why I'm\nSeven o'clock, that's primetime\nHeaven'll watch, God calling from the hotlines\nWhy he keep giving me hot lines?\nI'm a star, how could I not shine?\nHow many ladies in the house?\nHow many ladies in the house without a spouse?\nSomething in your blouse got me feeling so aroused\nWhat you about?\nOn that independent shit\nTrade it all for a husband and some kids\nYou ever wonder what it all really mean?\nYou wonder if you\u2019ll ever find your dreams?", "image": "https://images.genius.com/680d4985b1fccdf554ab887abb63a453.1000x1000x1.jpg"}], "artist": "Kanye West"}