{"songs": [{"title": "Friday Morning May 25th", "album": "Can't Tell Me Nothing", "year": null, "lyrics": "[Kanye West]\nHello Ladies and Gentlemen\nIt\u2019s Friday morning, May 25th, 2007\nYou know I never say the dates but since this is a mixtape\nI might as well mark the day our lives changed\nThis a whole new world out there\nI\u2019m speaking to you from the future right now\nI mean, at all times, I was always speaking to you from the future\nThey say music change a lot since saw you first drop\nI say music gon\u2019 change a lot after I drop\nAnd the polo is Versace by the way\nMaison Margiela, Dior, what have you, partake\nAnd the Jordans is the sixers\nY\u2019all don\u2019t see, I be, Gemini\nL, G, Hip Hop, rock, K\nYeah, Jay, uh, LA, J Brown, ta ta\nAy, ay, ay, ay\nAre y\u2019all all ready for this ride?\nAre you all ready for the ride?\nI\u2019ma stop playing with they emotions\nPlain Pat, let\u2019s go", "image": "https://images.genius.com/91281743bcf23da78b1b87477fbac94f.696x696x1.jpg"}], "artist": "Kanye West"}