{"songs": [{"title": "Overnight Celebrity", "album": null, "year": null, "lyrics": "Oh you didn't think we can it again\nTwista, Kanye West, from Po Pimping to Poppin Tags\nFrom Chunkiest to Slow Jamz, oh baby\nWe can even make you a overnight celebrity\nKnow what I'm saying, come on\nWhy don't we, play something these hoes'd like\nDrive whips, I know they like\nTwista, you told her right\n(I could make you a celebrity overnight)\nGive you ice, like Kobe right\nWe sorta like Goldie right\nThe way, we mode em right\n(I could make you a celebrity overnight)\nGirl I see you, in them apple bottom jeans\nChinchilla on your back, I wanna know your name\nGirl I'm Twista, I could blow your brains\nPut you in a chameleon, 0-4 Range\nStill sexy, when you smoke that flame\nJerk you like a chicken, when you throw that thang\nShe got me hotter than a oven, the way that she talk\nSwitching to freaky, so I'm loving the way that she walk\nYou looking good girl, you oughta be in pictures\nListen to me, I see your career going sky high\nTaking you home to the crib, in the Chi\nAnd everytime I see your thighs, I cry when I drive by\nWatching you should be a thrill, got the fellas\nHustling trying to get, steady screaming my-my-my-my\nWalk on the carpet, with the bells that flick in the dark\nKicking it on the couch, at 106 & Park\nI can see your beauty, on the big screen\nI can see me freaking you, with whip cream\nI can see you on stage, at the awards\nWith a dress better than Jennifer's, and doing big things\nKick it with me, I can mold your life\nYou looking good girl, show you right\nDre told me, you the prototype\nI can make you a celebrity overnight\nWhy don't we, play something these hoes'd like\nDrive whips, I know they like\nTwista, you told her right\n(I could make you a celebrity overnight)\nGive you ice, like Kobe right\nWe sorta like Goldie right\nThe way, we mode em right\n(I could make you a celebrity overnight)\nWhy don't we, play something these hoes'd like\nDrive whips, I know they like\nTwista, you told her right\n(I could make you a celebrity overnight)\nGive you ice, like Kobe right\nWe sorta like Goldie right\nThe way, we mode em right\n(I could make you a celebrity overnight)\nYou want fame, you can take that path\nCandlelights, when you take a bath\nYou got, such a sensational ass\nI'ma get you Jimmy Chew, and Ma Baker bags\nI can cop her, a 2000 and 3\nMake her smile, when she sees Spre's\nI can get you on cd's, and DVD's\nTake you to BB's, and PCBG\nI can get you in the places, to be into\nThe people to know or show you things, sticker than to\nI wanna be your lover, undercover Don\nAnd protect you from others, don't ever let a brother pimp you\nIf you want the style, you can rich your blood\nY'all take a look at her, she got such an astonishing body\nI can see you in some Gucci, or Erika Vali\nAnd I bet she gon put a hurt on em, hard in the party\nAnd you know you kill em in the club, we go\nYou was born to be a po', how you gon sticking fo' do's\nAnd I love you, cause you freaky with the dope clothes\nDrop it to the flo', let it go when you roll slow\nAnd I love it, when I hit it from the back\nAnd you get on top of me, and have a brother going oh-oh\nGirl I love, how you roll me right\nI can make you, a celebrity overnight\nWhy don't we, play something these hoes'd like\nDrive whips, I know they like\nTwista, you told her right\n(I could make you a celebrity overnight)\nGive you ice, like Kobe right\nWe sorta like Goldie right\nThe way, we mode em right\n(I could make you a celebrity overnight)\nYou see, see baby girl\nYou see how you make a brother break down\nI just gotta ask you, what you need\nWhat you need from me, oh you wanna be a star\nAre you messing with the right one\nI can take you there, I can make sure\nYou've got all the finest things\nLet me be your manager\nCome here girl, I could see you bored\nTook you to the queen, that I see you for\nTake you shopping on sprees, in stores\nI'ma get you, to the MTV awards\nWe about, to do a show tonight\nYou looking good girl, show you right\nTake you places, I know you like\nI could make you a celebrity overnight\nCome here girl, you could hang if you bored\nWe could do, plenty things plus more\nI'm about to have you, change in the stores\nI can even get you, to the Soul Train awards\nWe about, to do a show tonight\nYou looking good girl, show you right\nTake you places, I know you like\nI could make you a celebrity overnight", "image": "https://images.genius.com/3a5e35c68e9ed7bf9a2a63bfa51b261e.675x675x1.jpg"}], "artist": "Kanye West"}