{"songs": [{"title": "Wow (Alternate)", "album": null, "year": "2002-05-19", "lyrics": "[Hook]\nI go to Jacob with twenty-five thou\nYou go with twenty-five hundred, wow\nI got eleven plaques on my wall right now\nYou got your first gold single, damn, nigga, wow\n\n[Verse 1]\nH to the Izzo, did three thou spins in a week\nYou did a thou in a month, wow\nY'all niggas want credit, but y'all need to slow down\nKanye to The killin' y'all from Chi-Town\nHow your wife gon' say she never sold drugs a day in her life\nBut she still wanna pump the yay\nAnd y'all mad cause y'all not knowin'\nCause these canaries so yellow\nWhen y'all pull up, whether to stop or keep goin'\nI got Gs, rock, rock and roll tees with no sleeves\nTats showin', tucked in, strap showin'\nHow he get seven TVs in that 'Lac, 'Lac?\nThree in the front, two in the back, two in that back, back\nWhile you in that hatchback and tryin' to sell work\nAnd don\u2019t get shit from them packs back\nAnd try to rap, the studio gon' give you your daps back\nAnd try to get published\nAnd all you get is your ass capped and that\u2019s that\n\n[Hook]\n\n[Verse 2]\nI just bought my mom a new car and a house\nAnd that's a lot to say for a college dropout\nI drove to New York with ten dollars to my name\nAnd brought back a couple platinum plaques on the plane\nAnd brought back that soul shit that changed the game\nThey have no beat, they had to aim the stain, the steel\nGot lizards in my R. Kelly strain\nThey real, man, I swear to God I wish I had a dollar bill\nFor every time a nigga told me, \"Stick to the beats\"\nI could've ate at Cheesecake at least six times a week\nI got killed these niggas on that lyrical shit\nMayonnaise-colored Benz, I push miracle whips\nGonna save purple haze and some syrup to sip\nIt have you so right, you drive on the left lane\nGettin' head, crash\nYour head hit the window, now that's brain", "image": "https://images.rapgenius.com/9cb15ee549757d7cf2d912f385a66ff6.1000x1000x1.jpg"}], "artist": "Kanye West"}