{"songs": [{"title": "We Can't Tell", "album": "Freshmen Adjustment Vol. 2", "year": "2006-04-17", "lyrics": "[Intro: Kanye West]\nEverywhere I go I'm a star, I'm a star\nDamn, Kanye, is that your car?\nEvery-everywhere I go I'm a star, I'm a star\nDamn, Kanye, is that your car?\n\n[Hook 1: Kanye West]\nNiggas reppin' the 'Go, but we can't tell\nYou claim you got hoes, nigga, we can't tell\nYou claim you got dough but we can't tell\nYou bought one pair of 1s at a two-for-one sale\n\n[Verse 1: Kanye West]\nPolitics kept me at the end of the mixtapes\nSo I dropped my own get-well-soon-from-sick tape\nThe drug game bulimic, it's hard to get weight\nSo niggas' money is homo, it's hard to get straight\nI'm trying to do numbers like Pac did\nBut it ain't Shakur, it's the brand new Roc kid\nNiggas wanna get me like they got B.I.G\n'Cause I moved up out the city and got big\nThat's the poison, that runs through their veins and attack their soul and just start to tear 'em up\nNiggas talk so much shit about me in barbershops, they forget to get their hair cut\nOkay, fair enough, the streets is flarin' up\n'Cause they want gun talk, and I don't go there enough\nBut don't get it fucked up, you can still get your head bust\nI'm making way too much dough to be playing\nAnd this is a classic in the making, history repeats itself\nHe do the rhymes and the beats himself\nThe only-child syndrome, make hits on his own\nAnd I'mma look in the mirror if I need some help\n\n[Hook 2: Kanye West]\nYa'll bout to blow, man, we can't tell\nYou claim you got hoes, man, we can't tell\nYou niggas getting dough, dawg, we can't tell\nYou copped one pair of 1s on a two-for-one sale\n\n[Verse 2: Kanye West]\nCop oz by the case like Dirty\nI made it to the Power 30 a whole hour early\nI'mma pull out the shank and bang ya\nI'mma cut a nigga up like LL trainer\nThis is the future of the Chi\nThis is the legacy of Twista, The Flic' , and Do or Die\nSo first of all who am I? (The fuck are you?)\nMy-my my name is Kanye and not Kayne, bitch\nAt home like Cambridge, look at what I came with\nNo, none of that same shit, that new and improved\nNow I don't know if it's me or how yellow my Roc-A-Fella chain is\nBut I'm so la smooth, there's nothing to prove\n\n[Hook 3: Kanye West]\nYou niggas 'bout blow, man, we can't tell\nYou claim you got hoes, man, we can't tell\nYou niggas gettin' dough, dawg, we can't tell\nYou copped one pair of 1s at a two-for-one sale\n\n[Outro: Kanye West]\nEverywhere I go I'm a star, I'm a star\nDamn, Kanye, is that your car?\nEvery-everywhere I go I'm a star, I'm a star\nDamn, Kanye, is that your car?", "image": "https://images.genius.com/96319570be9d2165984a99be5ecf2edf.500x500x1.jpg"}], "artist": "Kanye West"}