{"songs": [{"title": "Tim Westwood Freestyle", "album": null, "year": null, "lyrics": "[Intro: Kanye West (Tim Westwood)]\nDoesn't get much better than that (Nah!)\nSo unfair, so.. unfair advantage\n(Yo, it doesn't feel much better than that)\n\n[Verse 1: Kanye West]\nIt's the dream, it's Kobe and Jordan on the same team\nIn the best prime of their game and the same Kanye\nYou know the name and it's not pronounced Kane\nAnd every time, you know I spit that flame\nAyo we gettin' out our dreams, gettin' out our dreams\nAnd we gonna buy some things, and we got him out of Queens\nTalkin' 'bout my man Consequence, once for the Tribe\nTalkin' 'bout my man GLC and now he's around\nTalkin' 'bout John Legend, take 'em all the way to Heaven\nSpeakin' of Heaven, Common speaks the heavenly words\nThe nouns and verbs and whatever you heard\nWhatever synonym, we killin' 'em, everybody feelin' him\nThe people's choice, the people's champ like Paul Wall\nAll haters, I gotta say fuck all y'all\nNo, I won't waste my energy no more\nI have to be more concerned about Sierra Leone\nI'm talkin' 'bout people that's dyin' for diamonds\nAnd the way that uh\nThey got uh, capa\nWhat I want to say, monopoly over the country\nAnd every time you say somethin' people act funky\nThe diamond industry want me, they say I'm bringin' out the bad\nWhat I want, people to stop buyin' diamonds?\nNo, I want everybody to stop lyin'\nThey say conflicts is only one percent, and look at all the money rappers spent\nWe throw the diamonds in the screen, nah mean?\nBut it affects the families cause people is dyin' for these things\nI mean in the diamond rivers they'll mine all day\nAnd might only get paid two cups of rice a day\nIs this the price to pay for the icy way?\nWe like to floss away, even your boy 'Ye\nWith my Jesus piece, I gave diamonds to my niece\nIf I had a brother, Kanye, Common made \"I Used to Love H.E.R.\"\nUsed to love her and I still do, lyrically I kill you\nDog I don't feel you, your style is like mildew\nReal old, I'm real cold, listen to this beat, real soul\nYour style is real old, dollar bill fold\nStackin' money ain't funny, and I'm out in UK\nAnd I ask 'em who's the best, and they say \"you K\"\nOoh way ooh way\nYeah I feel it and I gotta kick it off the top of the dome\nMicrophone controller, that's an M.C., it's in me\nI can lead a crowd, I went to your show, it's empty\nGo to my shit, it's sold out, every single seat\nEvery time I drop, because like Shaq, I bring the heat\nAnd anybody that freestyle on the level that I do\nShould be winnin' Grammys too\nSo if you do it like me, you can do it like this\nAnd uh, they say I'm a teacher like the one called Kris\nThat's KRS but nah it's Kanye West\nAnd every time I spit the rhymes, uh straight off the flesh\nI could bring it down to the bone straight from the heart\nAnd from the heart is where I did it 'fore I ever chart\nAnd then I spit it, we get it, we did it, we do it a lot\nKanye spit it, we do it, we makin' it hot\nI got patterns like Saturn, the rings, the rings\nUh, Gold Digger, that's the single, the single\nGotta hit the club just to mingle, to mingle\nWhy you all in my face? I'm tryna do my thing dude\nBack off, I'll have Barry smack the fuck out of you\nEverybody wanna know what they can get out you\nAww here's my demo, dawg, here's my group\nDawg, please back me up, you're heated up, you're soup\nY'all gassed, I passed, I flow, I rhyme\nI'm uh, that's the way, that yah boy gotta shine\nStraight from the Chi city, everybody ride with me\nAnd you see the same questions and I gotta teach the lesson\nThis some, this some sick freestylin', I hear you're readin' it\nI gotta keep goin' cause y'all fans, y'all needin' it\nUh, you say I'm too high like I smoke weed in it\nAnd they say \"he arrogant, he's always conceited, shit\"\nWell what you want from me? Y'all just can't stop me\nYou could look in my pants and tell that I'm cocky\n\n[Bridge 1: Kanye West (Tim Westwood)]\n(Laughing)\n(Oh my God, Oh my God)\n(Damn) Yeah\nWe back, we back like we ever left, huh\n(Crazy!)\nLike we ever left, huh, like we e', like we ever left, huh\nLike we ever left, uh, uh, uh, yeah, yeah\n\n[Verse 2: Kanye West]\nCan I get an encore, do you want more?\nKanye on the Westwood Tour\nChillin' with Westwood\nGo to Chicago, that's Kanye West's hood\nAnd the label called G.O.O.D\nShould I holla at these bitches? You should\nYou might need one, you might need one\nYou might fuck one\nIf you eat out like McDonald's\nI ain't no clown like Ronald\nUh, more like Donald\nTrump, with the way I get it crunk\nLike my man Lil Jon, but call him Lil Kan'\nHe all the same, flow like Lil Wayne on Tha Carter\nAnd I'm signed to the Carter faculty\n'Cause the Roc is in back of me\nActually, that look like stacks to me\nCh-ching, ch-ching\nYah nahmean, yah nahmean, I'm doin' my thing\nOut in U.K., London\nAnd they call me number one\nJapan, you're number one\nThat's Ichiban\nAnd I learned that from KRS-One\nWon once again like One\nLike Puff, my friend, and One\nOne, give me one of them\nTalkin' 'bout one drink, one hand\nOne cup of Henny, one cup of Hypno\nIf you ran out of it, yo, you got to get more\nAnd I might sip slow but I never sip Mo\nI sip Cris-o, Cris-y-Cris\nAnd I gotta break it down like Missy Miss\nShe had the \"hee hee, who got the keys?\"\nYou don't need that if you got the no start V\nWhere you push the button, that ain't nothin'\nAll y'all talkin' somethin', y'all stay frontin'\nKanye dropped the beats to get 'em jumpin'\nLucifer, top of the morning to yah\nCheerio, hit up the flow, bring it back, oh\nFrom Chicago, uh\nAnd I'm rockin' the Dolce Gabbana\nFashionable persona\nGQ, who knew he'd be the flyest?\nLike T.W.A.C.W.K\nK.A.N.Y W.E.S.T\nBe the B.E.S.T\n\n[Bridge 2: Kanye West (Tim Westwood)]\nYou know, I'mma stop it right there\n(Laughs) I just, I just feel like\nI 'on't know if I feel like rappin' right now\n(Oh my God!)\n\nI got raps for yah, uh huh\nI got raps for yah\nI got, uh, I got raps for yah\nWe goin' to mass today, we have to pray\nBesides what the pastor say\nUh, uh\nI 'on't know, I 'on't know what\nI got so many joints right know, runnin' through my head\nI 'on't even know what to yeah\nWhat should, what should I spit?\nI could just freestyle off of these messages\nPlease can you tell\nOkay this is a girl writin' this\nPlease can you tell my uh, boyfriend Danny\nThat I love him loads, with all my heart\nAnd I can't wait to see him tomorrow\n\n[Verse 3: Kanye West]\nShe can't wait to see you tomorrow Danny\nShe love you, mhmm\nYou know what that mean?\nYou gonna get some\nI wonder if she gon' be wearin' one of those tight outfits\nAnd you know that I like that shit\nI ain't sayin' I ever met her but come on\nYou must be pimpin' and you ain't sweat her, you know?\nShe writin' you on one of these hip-hop shows\nMade me wonder if she's a hip-hop ho\nNo disrespect, you know\nI don't know you so\nI will not disrespect, so don't please press eject\nOn the tape cassette, and don't knock it out of your decks\nSo with much respect, obliged, when I rhyme\nSometimes some things just pop out, sometimes\nI must be a, I forgot the medical name\nNot a narcoleptic that be sleepin'\nHow people was sleepin' when I made it deeper\nAnd I gotta be creepin' cause you know they didn't peep it\nUh, they call me Rockafella's best little secret\nUh, I got the beats for the Jeep\nWhen people used to rock Amigo's and Suzuki's\nAnd the Isuzu's, this the way you flow\nDo flow, aye yo you just like Menudo\nPlayed out about mad years ago\nAnd uh, I could rock off the top, I got years of flow\nI got so many albums to go, at least about seven\nJesus Walks had me all the way\nThought I was gon' rhyme that, no you didn't time that\nYo that's where the line's at\nLook at my shows, look how long that the line's at\nAll the way to the back, sold out, one night\nThat's the way it is when you done it right\nTake time to drop a album, don't just be buyin' beats from everybody\nCause everybody ain't got it, I got it\nI get it, I only give it to those who really live it\nLike Jay-Z, the Game, and my dogs that really did it\nLike Kweli, like Common, like dudes that really spit it\nI'm talkin' 'bout they go onto the radio and hit it\nAnd as far as makin' your songs, it's all wrong\nYou be doin' everything that everybody else is on\nMan, I'mma break it down, let me take it down\nHere goes the instructions on how to not say nothin'\nLook, you take the crack concept\nAnd you do that 'til it's all dead and gone, you do it all wrong\nNow uh, you take the car concept\nAnd I see it every video, every single place I go\nSame shit\n\n[Bridge 3: Kanye West (Tim Westwood)]\nMan you know the beat ran out on me\nI was gonna, I was gonna, I was gonna break down\n(That was mean, that was mean!) I was gonna break down to people\nExactly how to make the good song and the good album for a change\n(Let's go, let's go, let's go!)\n\n[Verse 4: Kanye West]\nFirst of all, what you need's a beat from me\nIf you can't get a beat from me, get a beat from your guy\nHe'll prolly do it for free\nAnd if he do it like [?] he'll prolly do it for E\nAnd if he do [?], he'll prolly do it for skeet\nYo, yo-yo, yo-yo-yo, you gotta bring with your flow\nYou gotta take it on-beat and off-beat\nAnd don't rap on no fuckin' soft beats\nYou know that real hard shit, regardless, I played my part in this\nLike, this Corner beat, this what you want when you want a beat\nAnd that's when you really is gonna be\nA hip-hop legend like Kan, like Kan\nLike, of course the Louis Vuitton, 'ton, don, don\nIf I do say so, myself\nAnd I do all the time, every rhyme\nCause I'm, I'm feelin' myself\nAnd if you was me, you'd be feelin' yourself, you see\nIf you out in London, you just hopped on a plane\nAnd you just came out of the bathroom, you just got you some brain\nUh, you doin' your thing\nAnd plus you flossin' that Rocafella chain\nAye yo, you know you let Kan spit on 'em\nI'm rockin' the Rocafella chain with no conflicts on 'em\nOh, oh\nNow let me bring it back to the flow, flow\nAnd how you make the album and you make some dough, dough\nGet you a good manager cause your manager'll fuck your game up\nFuck your name up\nAnd uh, if you've been runnin' to a [?]\nTrade your chain for some studio time\nSee a lot of people be flossin' before they get a chance to\nA lot of people want club records they wanna dance to\nA lot of people want basslines, they will enhance you\nBass in the club is good too, what you should do\nIs prolly get a single like Alicia Keys\nAnd if you don't know her, holla at Alicia please\nYou know one of 'em light skin bitches with the braids\nActin' like they got it made\n[?] you give a dawg with a fade\nYou get somebody that's weak, you get somebody that you know can't flow\nAnd you rap before him, and let him go\nAnd people gon' be like well least you was better than dude\nAnd [?] I don't mean to be rude\nAnd another thing you can do\nIf you could channel the spirits like I channel\nI'm not talkin' 'bout lightin' candles, I'm not talkin' sayonce\nI'm talkin' 'bout talkin' to God, I mean just like once\nWhat I do before I rhyme, every day is I pray\nI pray to God that he make these songs in a certain way\nI let him speak through me, through the beats, through the music\nI mean, sometimes I go into the booth and lose it\nI mean, I know he speakin' when I freak it in it a way\nThat I coulda never thought of somethin' better to say\nSo, our father, who art up above us\nI know any time we fuck, you still love us\nLike when I'm cursin' in my verses and I even do, what's worse is\nWhen I'm spendin' too much, spendin' on purses\nAnd shoes for my girl when I should be helpin' the world\nGive back to the charity, he still don't embarrass me\nHe still let me be, He still keep it real\nSee that's the thing about humans, we got free will\nSee the angels gotta do exactly what God want 'em to do\nGod is still with you, even when we don't do\nSo, follow the path, follow the laws\nFollow the reason, the reasons why it's wrong\nYou never heard a freestyle like this before-'fore\nAnd I know that hip-hop fans want more\n\n[Outro: Kanye West]\nWestwood, what's good\nHolla at your boy, Kanye the Louis Vuitton Don\nThe Roca stay, buildin'\nYeah, it's G.O.O.D. Music baby\nAfter you freestyle like that you just talk shit for about eight minutes", "image": "https://images.genius.com/3a5e35c68e9ed7bf9a2a63bfa51b261e.675x675x1.jpg"}], "artist": "Kanye West"}