{"songs": [{"title": "Charitable Work", "album": null, "year": null, "lyrics": "LIST OF CHARITIES KANYE SUPPORTS/HAS SUPPORTED\n\nCommon Ground Foundation\nDr. Donda West Foundation\nFood Bank for New York City\nGRAMMY Foundation\nHabitat for Humanity\nHuman Rights Watch\nLIFEbeat\nLive 8\nLive Earth\nMake It Right\nM\u00e9decins Sans Fronti\u00e8res\nMission Australia\nMusiCares\nOxfam\nRed Cross\nRobin Hood Foundation\nStand Up to Cancer\nThe Art of Elysium\nThe Lunchbox Fund", "image": "https://images.genius.com/3a5e35c68e9ed7bf9a2a63bfa51b261e.675x675x1.jpg"}], "artist": "Kanye West"}