{"songs": [{"title": "Power 106 Freestyle", "album": null, "year": "2013-10-28", "lyrics": "[Verse 1: Big Boy]\nOne thing that makes me mad is when people get foolish\nOn Halloween, people start to feel like they're kinda ghoulish\nComin' into my face, sayin' \"Hey can I get a picture?\nCan I get a picture of you and your son?\" and I say \"Hold on, I don't want one\"\nStep back, get away, give me my space\nWait, give me my space, because I may Chris Brown you and punch you dead in your motherfuckin' face\nBecause I don't like people comin' into my category, into my area\nBecause they cause mass hysteria\nIt gets scarier, or should I say it's scary\nBecause I can hit high notes, kick in your nuts like Mariah Carey\nAnd that's the way it is, so those things make me mad\nWhen my momma passed away, that was the thing that made Big Boy really sad\nWe're talkin' about mad, we're talkin' 'bout gettin' frustrated\nWe're talkin' about before me and my girl got married, before we dated\nWe're talkin' about when people say things about my momma or my family\nYou can't do that to me, because you can't trust me\nNow I'm Ida's son, Keith's brother, Sheila's brother, Kenny's brother\nSharell's brother, Nicole's brother, Sharnice's brother, a whole lot of brothers\nBut anyway, let me get back on topic\nThat's the way it is when I kick freestyles, let me stop it\nSo Kanye, you're here\nWhat makes you mad? Make it clear\nI'm fallin' off, let me put my shoes back on, let me tie 'em up\nKanye, here you go, brother, could you please fill up our cup?\n\n[Verse 2: Kanye West]\nUh, I guess I get mad when you get boxed in\nSo mad, you wanna start boxin'\nSo mad, you're gonna turn to Tyson\nSlicin' and dicin'\nPaparazzi, I'm like a nazi to 'em\nI'm not Bill Cosby to 'em\nAnd I ain't Bing Crosby\nMore like the next Sinatra to 'em\nUh, ayo I got to ruin\nThe image and the style that you're used to doin'\nWhen people usually do music\nI am a visionary, Christian soldier, don't confuse it\nAyo, before I lose it, and have to prove it\nThis the way that we gon' do it, time we gotta move it to the future\nKamasutra\nAny way that suit yah\nDon't shoot yah\nStop the violence and it's been stopped\nUh, we stopped the violence in the hip-hop\nUh, we stopped the hatin' and the degredation\nUh, we 'bout to build like one nation\nUh, got off the phone with Benjamin Carson\nUh, that's the next president, arson\nBurn it down, burn Hollywood, burn, like Ice Cube said\nUh, I'm the rudest\nLot of people say that, cause they say Ye don't play that\nThey be off that Grey Goose, I be off that Ye juice\nUh, that's the way I stay loose\nConfidence and esteem, American dream\nUh, my crib spacial\nUh, my relationship is interracial\n\n[Verse 3: Big Boy]\nYou can't categorize me, you can't put me in a box\nI'm the ox that rocks, bagels and locks\nLearn what you're eatin', learn the menu\nCause I continue to send freestyles through your denu\nOr should I say I dim you, down like a lightswitch\nThat's the way it is, Big Boy, you know I'm not a yitch\nI gotta go 'head and censor myself\nAnd if you look into my pocket, I'm a little bit of wealth\nBut anyway, Ida's son, the real McCoy\nIda's son, the homies, they call me Big Boy\nYesterday, today, [?]\nI had to drop 7-10 cause it's Kanye West day\nIn the neighborhood, Power 106, it's all good\nThat's the way it is, I think you should\nLet me get back on, because I'm fallin' off again\nLet me kick my volume way past 10\n'Because it's Ida's son, the B-I-G\nBig Boy's in the house, in the place to be\nI don't know why I'm saying these old simple last rhymes\nBut anyway, I'm Kickin back with some friends of mine\nThat's louis, E-man, and Kanye, Can't Forget Ricky\nThat's the man that's on the microphone\n[?]\nThats the man thats on the turntables, Willing and able\n\n[Verse 4: Kanye West]\nI don't where to start, I don't where to start\nMaybe the chart, maybe the heart\nMaybe the, Maybe the flow\nMaybe the \u2019Go, where i was grow\nWhere I grew up in, Where you could see\nWhen my momma divorced my daddy and we moved down [?]\nWhen we was three, in the cold\nStraight from Chicago, where I go\nAnd everybody know\nFrom my homie Don C, I be eh\nAy yo, like IBM\nOr Apple Steve Jobs, or this\nYeah, I'm on my job with this\nAy yo its very very simple\nYou heard me on Jimmy Kimmel\nI can do it in every tempo, I use my temple\nI wanna build a temple, I wanna build Churches\nThat could be as big as the Adams Family, where it lurches\nAy yo, this is not a circus\nThe zoo is closed motherfucker\nAy yo, it ain't no\nNo cursing in the versing, what you know is not perfect\nAnd you know its still worth it\nI might short circuit\nI might just blackout\nHit you with that blakka, you know I'm the rocker\nNumber one Chief rocker, Number one Chief rocker\nAin't nobody gon' stop em', ain't nobody gon' stop us because\nI got God on my side, thats the way I ride\nJesus  Christ\nYeezus Christ\nYeezus nice", "image": "https://images.genius.com/3a5e35c68e9ed7bf9a2a63bfa51b261e.675x675x1.jpg"}], "artist": "Kanye West"}