{"songs": [{"title": "No One (Remix)", "album": null, "year": null, "lyrics": "[Verse 1: Kanye West]\nPeople keep talking\nThey can say what they like\nI don't worry cause\nEverything's gonna be alright\nNo one but I'm nombre uno\nHey hombre I'm \"Ye\" so you too low\nMoney felt like sumo's so haters just gonna sue mo'\nWhat you think gonna happen when they see me in that two do'\nShe gonna be with you she gonna see me she read' to go\nCause you have re-freshened me I'm fresh head to toe\nSo let's go let's get let's get it hey\nI know you need something different trying to get away\nI use that as a segue\nLet's hit a spot where they only speak Reggae\nLike no one can do it this long\nShe said \"Aye Kan', who you tryin' to be, Akon?\"\nSorry the drink had me wildin' a little bit\nBut my link had me stylin' a little bit\nI think I'm gonna hit the island in a bit\nBut what I said had you smiling didn't it\nShe laughed at this\nBut after this\nYou know I gotta take that off\nYoung Halle told me \"make me feel good\"\nSo I gave her the Monster Balls\n\n[Verse 2: Alicia Keys]\nI just want you close\nWhere you can stay forever\nYou can be sure\nThat it will only get better\n\n[Bridge: Alicia Keys]\nYou and me together\nThrough the days and nights\nI don't worry cause\nEverything's gonna be alright\nPeople keep talking\nThey can say what they like\nBut all I know is everything's gonna be alright\n\n[Hook: Alicia Keys]\nNo one no one no one\nCan get in the way of what I'm feeling\nNo one no one no one\nCan get in the way of what I feel for you\nYou you\nCan get in the way of what I feel for you\n\n[Verse 3: Alicia Keys]\nWhen the rain is pouring down\nAnd my heart is hurting\nYou will always be around\nThis I know for certain\n\n[Bridge]\n\n[Hook]\n\n[Verse 4: Alicia Keys]\nI know some people search the world\nTo find something like what we have\nI know people will try\nTry to divide\nSomething so real\nSo till the end of time\nI'm telling you that\n\n[Hook]", "image": "https://images.genius.com/3a5e35c68e9ed7bf9a2a63bfa51b261e.675x675x1.jpg"}], "artist": "Kanye West"}