{"songs": [{"title": "Love Lockdown", "album": "808s & Heartbreak", "year": "2008-09-18", "lyrics": "[Produced by Kanye West and Jeff Bhasker]\n\n[Verse 1]\nI'm not loving you, way I wanted to\nWhat I had to do, had to run from you\nI'm in love with you, but the vibe is wrong\nAnd that haunted me, all the way home\nSo you never know, never never know\nNever know enough, 'til it's over love\n'Til we lose control, system overload\nScreaming, \"No, no, no, n-nooo!\"\nI'm not loving you, way I wanted to\nSee I wanna move, but can't escape from you\nSo I keep it low, keep a secret code\nSo everybody else don't have to know\n\n[Chorus]\nSo keep your love lockdown\u2014your love lockdown\nKeeping your love lockdown\u2014your love lockdown\nNow keep your love lockdown\u2014your love lockdown\nNow keep your love lockdown\u2014you lose\n\n[Verse 2]\nI'm not loving you, way I wanted to\nI can't keep my cool, so I keep it true\nI got something to lose, so I gotta move\nI can't keep myself, and still keep you too\nSo I keep in mind, when I'm on my own\nSomewhere far from home, in the danger zone\nHow many times did I tell you 'fore it finally got through?\nYou lose, you lose\nI'm not loving you, way I wanted to\nSee I had to go, see I had to move\nNo more wasting time, you can't wait for life\nWe're just racing time, where's the finish line?\n\n[Chorus]\nSo keep your love lockdown\u2014your love lockdown\nKeeping your love lockdown\u2014your love lockdown\nNow keep your love lockdown\u2014your love lockdown\nNow keep your love lockdown\u2014you lose\n\n[Verse 3]\nI'm not loving you, way I wanted to\nI bet no one knew, I got no one new\nKnow I said I'm through, but got love for you\nBut I'm not loving you, the way I wanted to\nGotta keep it going, keep the loving going\nKeep it on the roll, only God knows\nIf I be with you, baby I'm confused\nYou choose, you choose\nI'm not loving you, way I wanted to\nWhere I wanna go, I don't need you\nI've been down this road, too many times before\nI'm not loving you, way I wanted to\n\n[Chorus]\nSo keep your love lockdown\u2014your love lockdown\nKeeping your love lockdown\u2014your love lockdown\nNow keep your love lockdown\u2014your love lockdown\nNow keep your love lockdown\u2014you lose\nYou lose, you lose\nYou lose, you lose", "image": "https://images.genius.com/c69fbdb9b2b4edae068aa1c91789a9e5.640x640x1.jpg"}], "artist": "Kanye West"}