{"songs": [{"title": "On Meeting with Donald Trump", "album": "Kanye West's Visionary Streams of Consciousness", "year": "2016-12-13", "lyrics": "I wanted to meet with Trump today to discuss multicultural issues.\n\nThese issues included bullying, supporting teachers, modernizing curriculums, and violence in Chicago.\n\nI feel it is important to have a direct line of communication with our future President if we truly want change.\n\n#2024", "image": "https://images.genius.com/9fa6626ebb7cecda3ba692c1c80f52bf.1000x664x1.jpg"}], "artist": "Kanye West"}