{"songs": [{"title": "Big Boy's Neighborhood Freestyle", "album": null, "year": null, "lyrics": "[Verse 1: Kanye West]\nI guess I get mad when you get boxed in\nSo mad, you wanna start boxin'\nSo mad, you gonna turn to Tyson\nSlicin' and dicin'\nPaparazzi, I'm like a Nazi to 'em\nI'm not Bill Cosby to 'em\nAnd I ain't Bing Crosby\nMore like [?] to 'em\nAye yo, I've got to ruin\nThe image and the style that you're used to doin'\nWhen people usually do music\nI am a visionary, Christian soldier, don't confuse it\nBefore I lose it and have to prove it\nThis the way that we gon', time; we gotta move it to the future\nKarma Sutra, any way that suit ya\nDon't shoot ya, stop the violence and it's been stopped\nWe stopped the violence in the hip-hop\nWe stopped the hatin' and the degradation\nWe 'bout to build like One Nation\nGot off the phone with Benjamin Carson\nUh, that's the next president, arson\nBurn it down, burn Hollywood, burn like Ice Cube said\nI'm the rudest, a lot of people say that\nCause they say, \"Ye, don't play that\"\nThey be off that Grey Goose, I be off that Ye Juice\nThat's the way I stay loose\nConfidence and esteem, American dream\nMy crib's spatial and my relationship is interracial\n\n[Verse 2: Kanye West]\nI don't know where to start, I don't know where to start\nMaybe the chart, maybe the heart\nMaybe the flow, maybe the gold\nWhere I was grown, what I grew up in\nWell, you see, my mama divorced my daddy\nAnd moved my family when I was 3\nAnd in the cold, straight from Chicago where I go\nAnd everybody know, from my homie Don C, I be air\nAye, yo, like IBM or Apple, Steve Jobs of this\nYeah, I'm on my job with this\nAye, yo, it's very, very simple\nYou heard me on Jimmy Kimmel, I can do it every tempo\nI'll use my temple\nI wanna build a temple, I wanna build churches\nThat could be as big as The Adam's Family's, where Lurch is\nAye, yo, this is not a circus\nThe zoo is closed, motherfuckers\nIt ain't no cursin' in the verse which you know is not perfect\nAnd now you know it's still worth it\nI might short-circuit, I might just black out\nHit you with that \"BLOCKA!\"\nYou know I'm Ibaka\nNumber One Chief Rocker, Number One Chief Rocker\nAin't nobody gon' stop him, ain't nobody gon' stop us\nBecause God on my side, that's the way I ride\nJesus Christ, Yeezus nice!\n\n[Verse 3: Kanye West]\nOne time I had lost my faith\nBut I had to stay faithful and grateful for the God I was given\nThe way that I was livin' or the life that I've been livin'\nIt didn't make a difference\nSee, when I was 30, I had 6 parents\nGrandmother, grandfather, grandmother, grandfather\nMother, father, now I've only got one parent\nLife could change in a blink, and that is apparent\nBut still you've got to stay strong\nI don't know what everybody else is on\nSometimes I don't listen to music, I just need to zone out\nSometimes I don't listen to music, everybody clones now\nAnd I doubt they even listen, and I ain't tryna diss 'em\nBut sometimes I be in music and feel like it's a prison\nAnd everybody say bein' a rockstar is everything\nBut see, I wanna do everything\nAnd I know I could do everything\nAnd be anything that I wanna be\nSo simply, if you wanna be like Mike\nI wanna be like Christ, I wanna be that nice\nYou know what I'm saying?\nOkay, this beat just threw me off\nTook it extra old-school\nThis ain't no freestyle beat, yo, yo, dude!", "image": "https://images.genius.com/3a5e35c68e9ed7bf9a2a63bfa51b261e.675x675x1.jpg"}], "artist": "Kanye West"}