{"songs": [{"title": "New Angels", "album": null, "year": null, "lyrics": "[Hook]\nNew angels still learning how to fly\nStill learning how to fly\nAnd lay your love on the line\nNew angels\nWho will make the sacrifice?\nWho will make the sacrifice?\nAnd lay your love on the line\n\n[Verse 1]\nForget everything that you know\nYou're way too far from home\nHollow sign for kingdom\nAnd you're ready, you're ready, you're ready\nTo hold on to [?]\nPoppin' [?]\nHaving to run the game over\nReady she ready, she ready, she ready\n\n[Hook]\nThe new angel\nStill learning how to fly\nStill learning how to fly\nAnd lay your love on the line\nNew angel\nWho will make the sacrifice?\nWho will make the sacrifice?\nAnd lay your love on the line\n\n[Verse 2]\nHollow [?] I can't love\nHell if I, hell if I know\nHell if I, hell if I know\nLove and the [?]\n[?] met me before\nAct like you\u2019ve met me before\nSwear that she met him before\nHad a menage a trois\nI'm on the road all alone\nHoldin' and [?] it on\n[?] when I'm gone\nI can't [?]\nNow that she ready, she ready, she ready\nYeah she ready, ready, ready new ange-\nAnd you knew she was\nAnd you knew she was\nYou knew it\nBefore you, before you, slip that motherfucker in her drink\nYeah you knew she was\nYeah you knew she was\nYou knew it\nYou know\n\n[Outro]\nThey got a special place in Hell for guys like us\nThey got a special place in Hell for guys like us\nThey got a special place in Hell for guys like us\nGuys like us, guys like us, guys like us\nThey got a special place in Hell for guys like us", "image": "https://images.genius.com/3a5e35c68e9ed7bf9a2a63bfa51b261e.675x675x1.jpg"}], "artist": "Kanye West"}