{"songs": [{"title": "School Spirit", "album": "The College Dropout", "year": "2004-02-10", "lyrics": "[Intro]\nSchool spirit, motherfucker\n\n[Chorus]\nAlpha, step, Omega, step\nKappa, step, Sigma, step\nGangstas walk, pimps gon' talk\nOoh, hecky nah, that boy is raw\nAKA, step, Delta, step\nS.G. Rho, step, Zeta, step\nGangstas walk, pimps gon' talk\nOoh, hecky nah, that boy is raw\n\n[Verse 1]\nI'ma get on this TV, mama\nI'ma, I'ma put shit down\nI'mma make sure these light-skinned niggas\nNever, ever, never come back in style\nTold 'em I finished school and I started my own business\nThey say \"Oh you graduated?\" No, I decided I was finished\nChasing y'all dreams and what you've got planned\nNow I spit it so hot, you got tanned\nBack to school and I hate it there, I hate it there\nEverything I want, I gotta wait a year, I wait a year\nThis nigga graduated at the top of our class\nI went to Cheesecake, he was a motherfucking waiter there\n\n[Chorus]\nAlpha, step, Omega, step\nKappa, step, Sigma, step\nGangstas walk, pimps gon' talk\nOoh, hecky nah, that boy is raw\nAKA, step, Delta, step\nS.G. Rho, step, Zeta, step\nGangstas walk, pimps gon' talk\nOoh, hecky nah, that boy is raw\n\n[Verse 2]\nI got a Jones like Norah for your soror-\nBring more of them girls, I've seen in The Aurora\nTammy, Becky, and Laura, or a Shirley\nI'm trying to hit it early, like I'm in a hurry\nSee, that's how dude became the young Pootie Tang: \"tippy tow\"\nRocafella chain, yeah that's my rapper style\nRosary piece, yeah that's my Catholic style\nRed and white Ones, yeah that's my Kappa style\nAnd I ain't even pledge\nCrack my head on the steering wheel and I ain't even dead\nIf I could go through all that and still be breathing\nBitch, bend over, I'm here for a reason\n\n[Chorus]\nAlpha, step, Omega, step\nKappa, step, Sigma, step\nGangstas walk, pimps gon' talk\nOoh, hecky nah, that boy is raw\nAKA, step, Delta, step\nS.G. Rho, step, Zeta, step\nGangstas walk, pimps gon' talk\nOoh, hecky nah, that boy is raw\n\n[Outro]\nI feel a woo coming on, cuz\nI feel a woo coming on, cuz\n(WOO!)\nThere it was\nI feel some woos coming on, cuz\nA couple woos coming on, cuz\n(WOO! WOO!)\nThere they was\nI feel a woo coming on, cuz\nI feel a woo coming on, cuz\n(WOO!)\nThere it was\nA couple woos coming on, cuz\nA couple woos coming on, cuz\n(WOO! WOO!)\nThere they was", "image": "https://images.genius.com/0bffd93463afe53e7f651f72bedfc78b.1000x1000x1.jpg"}], "artist": "Kanye West"}