{"songs": [{"title": "Good Things Don't Last", "album": null, "year": null, "lyrics": "[Verse 1]\nHeart made of stone\nHands made of hearth\nHeartbroken so long\nGood things don't last\nGood things don't last\nGood things don't last\nGood things don't last\nGood things\nYou gotta\nBrace for that fall\nMade for this song\nMade for so long\n\n[Hook]\nIf you'd care for me my baby\n\n[Verse 2]\nOh oh, so long\nWaves so far up\nGood things don't last\nGood things don't last\nGood things don't last\nGood things, good\nRicher or poor\nBetter or worst\nLast or first\nHungry or thirst\nSad things\nSad news\nGood things to do\nNothing for you\nWhat it means to you\nCan't change or change you\nYou can't let it\nYou can't rearrange you\nYou can't let it\nHeart made of stone\nLove made of glass\nLove turning cold\nGood things don't last\nWe had a good thing\nIts good, Its good uh\nWe had a good thing, no no no", "image": "https://images.genius.com/3a5e35c68e9ed7bf9a2a63bfa51b261e.675x675x1.jpg"}], "artist": "Kanye West"}