{"songs": [{"title": "Kanye West's Grammy Honors", "album": null, "year": null, "lyrics": "Grammy AwardsWon\n2005 Best Rap Album: The College Dropout\n2005 Best Rap Song: Jesus Walks\n2005 Best R&B Song: You Don't Know My Name by Alicia Keys\n2006 Best Rap Song: Diamonds from Sierra Leone\n2006 Best Rap Solo Performance: Gold Digger\n2006 Best Rap Album: Late Registration\n2008 Best Rap Song: Good Life\n2008 Best Rap Album: Graduation\n2008 Best Rap Performance by a Duo or Group: Southside (with Common)\n2008 Best Rap Solo Performance: Stronger\n2009 Best Rap Performance by a Duo or Group: Swagga Like Us (with T.I., Jay Z, & Lil Wayne)\n2009 Best Rap/Sung Collaboration: American Boy by Estelle (feature)\n2010 Best Rap/Sung Collaboration: Knock You Down (with Keri Hilson & Ne-Yo)\n2010 Best Rap Song: Run This Town (with Jay Z and Rihanna)\n2012 Best Rap/Sung Collaboration: All Of The Lights (with Rihanna, Kid Cudi & Fergie)\n2012 Best Rap Song: All Of The Lights (with Rihanna, Kid Cudi & Fergie)\n2012 Best Rap Performance: Otis (with Jay Z)\n2012 Best Rap Album: My Beautiful Dark Twisted Fantasy\n2013 Best Rap Song: Niggas in Paris (with Jay Z)\n2013 Best Performance: Niggas in Paris (with Jay Z)\n2013 Best Rap/Sung Collaboration: No Church in the Wild (with Jay Z, Frank Ocean & The-Dream)", "image": "https://images.rapgenius.com/535f66ff6ca7127b4f213fa88b86b44b.436x271x1.jpg"}], "artist": "Kanye West"}