{"songs": [{"title": "Impossible", "album": null, "year": null, "lyrics": "[Chorus: Keyshia Cole & New Birth]\nI've been waiting my life and I stayed on my grind\nNow I made up my mind, it's been way too much time\nThat's why (It's just impossible)\nIt's impossible, and you know that\n\n[Post-Chorus: Kanye West & New Birth]\nI don't wanna hear that bullshit\nI wanna hear that official shit\nKanye and that Twista shit\nThat's so impossible to get it (It's just impossible)\nGet it, that's so impossible to get it\nGet it, that's so impossible to get it (It's impossible)\n\n[Verse 1: Twista & New Birth]\nAin't no way that you could pull up to the party\nIn a Bentley blowing B, gettin' club like this (Oh no)\nAin't no way that you could cook up in the studio\nWith Kanye and get it jukin' in the club like this\n(Oh no, impossible) Ain't no way that you gon' win\nDust some haters off while I'm sippin' on my Henn\nHolla at a chick while she sippin' on her gin\nAnd I got the mobsters hollerin' at her friends\n(It's impossible) For you to ever be the nicest\nYou won't get gangsta or get righteous\nYou ain't never stood on a tip like this\nYou ain't never stood for no shit like this\n(It's just impossible) For you to get it if you don't wanna win\nGet up off yo' ass and go for yours, I'm goin' for mine\nNow you ain't from the ride what I'm in, know what I'm sayin'?\n\n[Chorus: Keyshia Cole & New Birth]\nI've been waiting my life and I stayed on my grind\nNow I made up my mind, it's been way too much time\nThat's why (It's just impossible)\nIt's impossible, and you know that\n\n[Post-Chorus: Kanye West & New Birth]\nI don't wanna hear that bullshit\nI wanna hear that official shit\nKanye and that Twista shit\nThat's so impossible to get it (It's just impossible)\nGet it, that's so impossible to get it\nGet it, that's so impossible to get it (It's impossible)\n\n[Verse 2: Twista & New Birth]\nIt's impossible for you to ever get with me\nBecause of how I ride on the track\nGot the bitch in the back of the Bentley [?]\nUsed to have the bitch in the back of the Cadillac\n(It's just impossible) Niggas always hatin'\nEven before I came out with [?]\nYou be sittin' back and be talkin' your shit\nI can't help but I see you though, I don't get it\n(It's impossible) Lil' mama, for you to fit all that ass in them jeans\nMovin' kinda wilder, turnin' regular jeans into low riders\nTell me, can I be your man?\n(It's just impossible) For you to ever deny that I'm about Chi-Town\nRepresent the city with the deal for twelve years\nAnd sell a couple of mil' and still hold it down, that's impossible\n\n[Chorus: Keyshia Cole & New Birth]\nI've been waiting my life and I stayed on my grind\nNow I made up my mind, it's been way too much time\nThat's why (It's just impossible)\nIt's impossible, and you know that\n\n[Post-Chorus: Kanye West & New Birth]\nI don't wanna hear that bullshit\nI wanna hear that official shit\nKanye and that Twista shit\nThat's so impossible to get it (It's just impossible)\nGet it, that's so impossible to get it\nGet it, that's so impossible to get it (It's impossible)\n\n[Verse 3: Kanye West & New Birth]\nGet it, roll the weed up and lit it\nSmoke a little but don't admit it\nDo it like I did, too late, I did it (It's just impossible)\nThe controversy can't worse me, man\nI'm eating but I'm still thirsty and\nThirsty, what is you sayin'?\nI got a duel with a couple niggas, that's Thursday, man\nWhy the hell is I'm worryin'?\nHoppin' out the Benz with the perfect 10\n\"Man, your life must be perfect, man\nLook at how they came up with the perfect plan\"\n(It's just impossible) It's impossible\nGot strip clubs playin' gospitel, flow so sick in the hospital\nYou know I jammed out like 'Pac'll do\nYou know you throw your diamonds when I rock with you\nSince Michael Jackson made \"Rock With You\"\nI done did shit on Logical\nMaybe 'cause we did the impossible\nBaby, we done did the impossible\n\n[Chorus: Keyshia Cole & New Birth]\nI've been waiting my life and I stayed on my grind\nNow I made up my mind, it's been way too much time\nThat's why (It's just impossible)\nIt's impossible, and you know that\n\n[Post-Chorus: Kanye West & New Birth]\nI don't wanna hear that bullshit\nI wanna hear that official shit\nKanye and that Twista shit\nThat's so impossible to get it (It's just impossible)\nGet it, that's so impossible to get it\nGet it, that's so impossible to get it (It's impossible)\nI don't wanna hear that bullshit\nI wanna hear that official shit\nKanye and that Twista shit\nThat's so impossible to get it (It's just impossible)\nGet it, that's so impossible to get it\nGet it, that's so impossible to get it (It's impossible)\n\n[Outro: New Birth]\nIt's impossible\nIt's just impossible\nIt's impossible", "image": "https://images.rapgenius.com/9fb6d3b2ef6688f617e6278dfe5478dc.1000x1000x1.jpg"}], "artist": "Kanye West"}