{"songs": [{"title": "Livin' In A Movie (Demo)", "album": null, "year": "2011-01-17", "lyrics": "[Intro: Kanye West]\nUm, I'd like to introduce myself\nComing to a theater near you this summer or, really, like right now\nOh\nIt's Kanye, to the\nI used to live in the movies, you know\nSo uh, get your popcorn, get your condiments\nTurn your cellphones off, you don't wanna miss nothing\n\n[Verse 1: Kanye West]\nI had to stab big nigga, tryna sell me a lick\nHe said \"Analyze this, this as good as it gets\"\nNow don't be bedazzled by the purple haze\nIt ain't gon be the color of *Purple Rain*\nI told him\nJust break it off, light it up, set it off man\nHow hot? Better make Eddie cough, man\nAnd them shrooms'll have a man on the moon\nCookin up flow in the boiler room\nI want DMX style of run, exit wound\nI want the X-Men around me, Malcolm X could use\nLike no one man should have all that power\nGet all that powder in 48 hours\nAnd he stick the kingpin. or king of New York\nThey probably just queens of comedy\nIf you in my things, you *Suicide Kings*\nThere's only *Three Kings*, *Me, Myself and Irene*\n\n[Chorus: Kanye West]\nAnd I'm livin' the movies, not livin by rules\nIt's just a movie, don't lose your cool\nI'm livin the movies, not livin by rules\nIt's just a movie, don't lose your cool\nSit back and enjoy the show\n\n[Verse 2: Kanye West]\nThey call me *Edward Scissorhands* cause I'm trying to cut\nShe claim she got cramps, I'm gon' get you to suck\nAnd you not gon' use your teeth, you hear?\nYou gon' find out *What Lies Beneath* right here\n*The Preacher's Wife* don't give head, get a divorce, man\n*The Kids* been calling you the headless horseman\nLike *Sleepy Hollow*, see she swallow\nSuck like ol' girl, got booed at *Apollo 13*, *Ghosts*\nUse my *Hollow Man* for *Friday 13th*\nYou be *Ghost*, *Backdraft* from the toast\nNiggas who drop names is oh so shameless\nGet a chain that's stainless, now they *Almost Famous*\nMy bling got 'em calling me *Lord of the Rings*\n*The Shining* make it hard for her to *Do The Right Thing*\nBut *I Don't Say a Word*, I'll never tell\nUntil you get a Kanye beat, you'll never sell\n\n[Chorus: Kanye West]\nAnd I'm livin' the movies, not livin by rules\nIt's just a movie, don't lose your cool\nI'm livin the movies, not livin by rules\nIt's just a movie, don't lose your cool\nSit back and enjoy the show\n\n[Verse 3: Kanye West]\nI know *Something About Mary* (mm-hmm)\n*I Know What You Did Last Summer* before Sally met Harry\nBack when I was sprung on *Carrie*\nMust've been on some *Shallow Hal*\nCause she was definitely wasn't no Halle Barry\nI guess I did it for the *Glory*\nNow the players love that *Neverending Story*\nMy Christian story, shorty\nTalked about my outfit, but they quit\nCause I'll shoot your eye out, kid\nDon't forget\nMy school days back in *Cooley High*\nI wasn't trippin, just foolish, just crusin by\nYo Gerard, Dr. Nichols in the hospital\nYo, I was out to prove that it was possible\nAnd why your *Bodyguard* come home like Kevin Costner do\nI love men who can pimp her, like a prostitute\nI tell her this relationship is like the 1st rule of *Fight Club*-\nDon't talk about *Fight Club*\n\n[Chorus: Kanye West]\nAnd I'm livin' the movies, not livin by rules\nIt's just a movie, don't lose your cool\nI'm livin the movies, not livin by rules\nIt's just a movie, don't lose your cool\nSit back and enjoy the show", "image": "https://images.genius.com/3a5e35c68e9ed7bf9a2a63bfa51b261e.675x675x1.jpg"}], "artist": "Kanye West"}