{"songs": [{"title": "Southside Serenade", "album": null, "year": "2018-03-23", "lyrics": "[Verse]\nSitting on a runway, time on my hands, thinking of you again\nAs I replay our conversations, pray that everything fell in place\nLike a mirror lookin' back at me, sayin' you're the only one\nMakin' me feel I could survive, so glad to be alive\nNowhere to run, I got a song to sing\nMessed up inside and it's been raining all day\n\n[Chorus]\nSince you went away, Southside serenade\nSince you went away, Southside serenade\n\n[Bridge]\nSouth-south-southside, southside\nSouth-southside, southside\nSouth-southside\n\n[Chorus]\nSince you went away, Southside serenade\nSince you went away, Southside serenade\nSouth-south-southside", "image": "https://images.genius.com/3a5e35c68e9ed7bf9a2a63bfa51b261e.675x675x1.jpg"}], "artist": "Kanye West"}