{"songs": [{"title": "Where U Should Be", "album": null, "year": null, "lyrics": "[Intro]\nThat girl looking good over there man. What should I do?\n\n[Kanye]\nIt's your big brother Kanye To The. And I know how you feel about shawty. Man, I was going through the same thing when I was your age\n\n[Young Leek]\nI got you\n\n[Hook: Ne-Yo]\nI'm just saying\nThis is where you should be\nGirl let him know that he alright but\nYou wanna rock with me\nLet it go\nCome and let me\nGive you what you need\nCome and let me\nGive you what you need\nGirl don't play\nSend him on his way\nCome ride with me\n\n[Verse Two: Kanye West]\nAnd the party was just so tense is\nBut all this waiting around is just so senseless\nAnd I've been calling her phone so relentless\nMama said the phone bill was so expensive\nYour eyes slanted like Lucy Liu\nYou're frank couture to the juicy suit\nYour lips sweater than a Juicy Fruit\nFrom your Louie Vuitton bag to your Gucci boots\nWhether we on a train or a two seat Coupe\nI'mma fiend for you like Pookie do\nI was there with [?] Whoopty Woo\nShe was there with her man, some goofy dude\nAnd I ain't really trying to be rude to dude\nAll I need is a change to advance, take my hand\nUnderstand from a dance I could end up your man\nIf I'd been scared wouldn't have seen her again\nOh\n\n[Hook]", "image": "https://images.genius.com/3a5e35c68e9ed7bf9a2a63bfa51b261e.675x675x1.jpg"}], "artist": "Kanye West"}