{"songs": [{"title": "FML (Demo)", "album": null, "year": null, "lyrics": "[Intro: Kanye West]\nI've been waiting for a minute\nPour out, ayy\nFor my lady, and I\n\n[Hook: The Weeknd]\nThey wish I would go ahead and fuck my life up\nCan't let them get to me\nAnd even though I always fuck my life up\nOnly I can mention me\n\n[Verse: Kanye West]\nSee, before I let you go\nOne last thing I need to let you know\nYou ain't never seen nothing crazier than\nThis nigga when he off his Lexapro\nHad more than another episode\nLast time I was down in Mexico\nAsking me why the hell I text in code\nFour times that you say don't text me hoe\nTold you four times, don't test me, hoe\nNow we finna lose all self-control\nBut you ain't finna be raising your voice at me\nEspecially when we in a Giuseppe store\nBut I'mma have the last laugh in the end\nCause I'm from a tribe called check a hoe\nYeah, I'mma have to laugh in the end\nCause I'm from a tribe called check a hoe\nAnd I...\n\n[Pre-Hook: Travis Scott]\nWish I would let a hater fuck my life up\nCan't let 'em get to me\nSunday night, I just might have to pipe up\nYou gon' have to get used to me\n\n[Hook: The Weeknd]\nThey wish I would go ahead and fuck my life up\nCan't let them get to me\nAnd even though I always fuck my life up\nOnly I can mention me\n\n[Outro: Section 25 & Kanye West]\nSee through the veil\nAnd forget all of your cares\nThrow them\nThrow them away\nDon't stop your loving\nDon't stop for nothing\nNo, not for nothing\nThey don't wanna see me love you\nNah, don't stop it\nThey always love it\nThey always wanna\nThey don't wanna see me love you\nThey don't wanna see me love you\nThey don't wanna see me love you\nThey don't wanna see me love you\nSee through the veil\nAnd forget all your cares\nThrow them\nThrow them away\nOh, life's a feeling, yeah\nOh, the body's a feeling, yeah\nThe future is uncertain\nFor us all, just stop\nWhy make things worse?\nWhy make things worse?", "image": "https://images.genius.com/3a5e35c68e9ed7bf9a2a63bfa51b261e.675x675x1.jpg"}], "artist": "Kanye West"}