{"songs": [{"title": "I'm In It", "album": "Yeezus", "year": "2013-06-18", "lyrics": "[Produced by Kanye West, Evian Christ, Dom Solo, Noah Goldstein, Arca and Mike Dean]\n\n[Verse 1: Kanye West]\nDamn, your lips very soft\nAs I turn my Blackberry off\nAnd I turn your bathwater on\nAnd you turn off your iPhone\nCareless whispers, eye fuckin', bitin' ass\nNeck, ears, hair, legs, eating ass\nYour pussy's too good, I need to crash\nYour titties, let 'em out, free at last\nThank God almighty, they free at last\nWe was up at the party but we was leavin' fast\nHad to stop at 7-Eleven like I needed gas\nI'm lyin', I needed condoms, don't look through the glass\nChasin' love, all the bittersweet hours lost\nEatin' Asian pussy, all I need was sweet and sour sauce\nTell your boss you need an extra hour off\nGet you super wet after we turn the shower off\n\n[Bridge: Assassin]\nThat's all dem can do (Say wah? Say wah? Say wah? Say wah?)\nThat's all dem can do\nWe deal with action ting\nJust a badman ting a-dat man do\nAction ting, yo, a badman ting\n\n[Verse 2: Assassin]\nI'm a badman if you know say\nDisrespect we no tek, no way Jos\u00e9\nTry that 'pon February the 30th\nThat's right, couldn't try that no day\nWhen we roll 'round 'pon your block\nNuh badda feel seh we won't spray, like a aerosol can\nWhen we roll 'round 'pon your block\nNuh badda feel seh we won't spray, like an aerosol can\nWe a gon' smile 'pon court day\nBecuh we beat murder charge like O.J\n\n[Chorus: Kanye West and Justin Vernon]\nThat\u2019s right, I\u2019m in it\n(Should\u2019ve known I would fall)\nI\u2019m in it\n(Steppin' on cracks on the floor)\nThat\u2019s right\n(And your boys at your door)\nThat\u2019s right, I\u2019m in it\n(Well, you need to fight for your own)\nThat\u2019s right, I\u2019m in it\n(Then don\u2019t let me at your table)\nI\u2019m in it\n(If you just gonna lay there)\nDamn right\n(Fist jumps in the air, you love flame wars)\n(I'll be gone long, grab that ass, shed your clothes)\n\n[Verse 3: Kanye West]\nUh, picked up where we left off\nUh, I need you home when I get off\nUh, you know I need that wet mouth\nUh, I know you need that reptile\nUh, she cut from a different textile\nUh, she love different kinds of sex now\nUh, black girl sippin' white wine\nPut my fist in her like a civil rights sign\nAnd grabbed it with a slight grind\nAnd held it 'til the right time\nThen she came like AAAAAHHH!\n\n[Chorus 2: Assassin, Justin Vernon, and Kanye West]\nThat's why I'm in it and I can't get out\nThat's all dem can do (Say wah? Say wah? Say wah? Say wah?)\nThat's why I'm in it and I can't get out\n(That's all dem can do)\nThat's all dem can do\nWe deal with action ting\nJust a badman ting a-dat man do\nThat's right I'm in it\nI'll be gone long, grab that ass, shed your clothes\n\n[Bridge: Justin Vernon]\nSay you long for me, for you\nLay it off with all your rules\nStar fucker\nStar fucker\nStar fucker\nWho, where?\n\n[Outro: Kanye West]\nTime to take it too far now\nUh, Michael Douglas out the car now\nUh, got the kids-and-the-wife life\nUh, but can't wake up from the nightlife\nUh, I'm so scared of my demons\nUh, I go to sleep with a nightlight\nUh, my mind move like a Tron bike\nUh, pop a wheelie on the Zeitgeist\nUh, I'm finna start a new movement\nUh, being led by the drums\nUh, I'm a rap-lic priest\nUh, gettin' head by the nuns\nUh, they don't play what I'm playin'\nUh, they don't see what I'm sayin'\nUh, they be ballin' in the D-League\nUh, I be speakin' Swaghili", "image": "https://images.genius.com/8bf8ad4e7bcd4e2d9f1d33b1bb53fe3a.1000x1000x1.jpg"}], "artist": "Kanye West"}