{"songs": [{"title": "Girls, Girls, Girls (Remix)", "album": "I'm Good", "year": null, "lyrics": "It's Kanye West straight outta Chi-Town\nSuper producer brought you joints like\nH to the Izzo, Takeover and that new Scarface single\nAnd I'm chillin with the leader of the new school\nAbsolute heavy hitters y'all\n\n[Intro]\nYo...\nI'm Kanye To The, first of all coming straight from the Chi\nUh, I don't lie\nIt's like the singer say\nI've been known to do beats like that, know what I'm saying\nBrought you hits such as\nUh, Uh\nI love girls, girls, girls, girls\nGimme some brain before I hop up on this plane\nGotta head right back to the Chi\n\n[Verse 1]\nNow even though I went to college and dropped outta school quick\nI always had a Ph.D.: a Pretty Huge Dick\nLadies tired of getting ripped off by guys like this\nAnd giving head is like a whale that's using a toothpick\nWell, I'm in the club for a limited time only\nTwo way or phone me, if you tryna bone me\nYo man got money, you still feel lonely\nClaim he love you, it's no doubt, it's Gwen Stef-phony\nYou a light skinneded Nia, dark skinneded Tamia\nBlack Jennifer Lopez, a ghetto senorita\nYou remind me of my Jeep, but not no Kia\nWe can talk on my cell, but not Nokia\nIt be going in and out that's why I barely hear ya\nIt be going in and out like a robberia\nI'm tryna take this money like Rob and G-Dep\nAnd I'mma take you to my house like Trick and Trina\nChi-Town, Chi-Town, big city of dreams\nAnd my dick so big it can't fit in my jeans\nAnd a bitch so mad she can't get in my cream\nAnd it gets so bad she wanna tear up my things\nBut still\n\n[Hook]\nK-A-N-Y-E, Chi-Town playa out in NYC\nShe said she wanna go on a shopping spree\nBought her some cheap J.Lo jeans cuz the ass is free\n\n[Verse 2]\nI love girls, girls, I got a fetish for em\nBut not no lettuce for em\nDick and bad credit for em\nBills, bills, I know she tryna get paid\nShe know I'm tryna get laid\nShe figure that's an even trade off\nIf she a stewardess I show her to my cockpit\nIf she a lawyer then I give her Johnnie Cochran\nIf she wanna see me again\nShe better get 2 friends then maybe then\nWe'll have group sex, toothex\nAnd a young girl off that X\nAnd she just turned eight-teen\nLast week she was against the law\nSo for her birthday I put this dick against her jaw\nAnd like a picture in a frame put it against the wall\nSaid she had never been with a man before\nBut she not a virgin, huh, she a lady lover\nI didn't know y'all take each other out and date each other\nBut that's a lady lover\nI ain't even know that was ya baby mother\n\n[Hook]\n\n[Outro]\nExplain the outro man, don't nobody never get to the outro\nI just take a whole record and just\nI'm not gonna talk about the producer shit right now\nI just want niggas to realize my shit, you know what I'm saying\n2002, aight\nI sounded real mad on the last mixtape\nI'm not even gonna go there this time, ok", "image": "https://images.genius.com/9e8c59349a0337188ba7d78588103880.600x600x1.jpg"}], "artist": "Kanye West"}