{"songs": [{"title": "Look at your phone as tool [May 21, 2018]", "album": null, "year": "2018-05-21", "lyrics": "Look at your phone as tool not an obligation.    Would you walk around with a hammer in your pocket?    You would pick up a hammer when you needed it   you would never be addicted or obligated to it.  Use your phone like a hammer only pick it up when you need it.\n\nthere was a time when we completely operated without phones.  We're addicted to our phones.\n\nGoogle dopamine\n\nthe century of self   https://www.youtube.com/watch?v=eJ3RzGoQC4s \u2026        It\u2019s 4 hours long but you\u2019ll get the gist in the first 20 minutes      Basically Sigmund Frued\u2019s nephew Edward Bernays capitalized off of his uncle\u2019s philosophies and created modern day consumerism\n\nbefore Edward Bernays Americans purchased things based off needs       There was a a time in the 20s when women didn\u2019t smoke in public so Edward Bernays masterminded a campaign to make it culturally acceptable so that companies could sell more cigarettes..it\u2019s that kind of vibe..", "image": "https://images.genius.com/3a5e35c68e9ed7bf9a2a63bfa51b261e.675x675x1.jpg"}], "artist": "Kanye West"}