{"songs": [{"title": "Street Lights", "album": "808s & Heartbreak", "year": "2008-11-24", "lyrics": "[Intro]\nLet me know\nDo I still got time to grow?\nThings ain't always set in stone\nThat be known let me know\nLet me...\n\n[Verse]\nSeems like street lights, glowing, happen to be\nJust like moments, passing, in front of me\nSo I hopped in the cab and I paid my fare\nSee I know my destination, but I'm just not there\nAll the street lights, glowing, happen to be\nJust like moments, passing, in front of me\nSo I hopped in the cab and I paid my fare\nSee I know my destination, but I'm just not there\n\n[Chorus]\nIn the streets\nIn the streets\nI'm just not there in the streets\nI'm just not there\nLife's just not fair\n\n[Verse]\nSeems like street lights, glowing, happen to be\nJust like moments, passing, in front of me\nSo I hopped in the cab and I paid my fare\nSee I know my destination, but I'm just not there\nAll the street lights, glowing, happen to be\nJust like moments, passing, in front of me\nSo I hopped in the cab and I paid my fare\nSee I know my destination, but I'm just not there\nAll the street lights, glowing, happen to be\nJust like moments, passing, in front of me\nSo I hopped in the cab and I paid my fare\nSee I know my destination, but I'm just not there\n\n[Chorus]\nIn the streets\nIn the streets\nI'm just not there in the streets\nI'm just not there\nLife's just not fair\nLife's just not fair", "image": "https://images.genius.com/680ca00f36d13c7d08fee5d3e882a5fb.1000x1000x1.jpg"}], "artist": "Kanye West"}