{"songs": [{"title": "Intro (I'm Good)", "album": "I'm Good", "year": null, "lyrics": "[John Legend]\nOh oh oh oh, I'm good, so good\nEven better than I was the last time, baby\nOh oh oh oh, I'm good, so good, so good\nEven better than I was the last time, baby\nOh oh oh oh, I'm good, so good, so good\nEven better than I was the last time, baby\nOh oh oh oh, I'm good, so good, so good\n\n[Kanye West]\nIt's your boy, Kanye to the\nAnd we back\nFeeling better than ever, huh?\nYo John, can't complain, huh?\nShit nigga, you got a deal on Def Jam\nGot Cons' with me, we in the works\nGot my best friend GLC, the Knockout King\nThrough the doctor's exact calculations\nHe said, \"Nigga, you almost bust the Final Destination\nShit, you must have had a blessing from Pastor Mason\"\n'Cause that trip to L.A. could have been my last vacation, what?\nI mean, there's people at war right now\nWe can't be sitting up here, complaining about the bills\nComplaining about whatever beef we may have\nWe good, man, we blessed", "image": "https://images.genius.com/9e8c59349a0337188ba7d78588103880.600x600x1.jpg"}], "artist": "Kanye West"}