{"songs": [{"title": "You're My Type", "album": null, "year": null, "lyrics": "[Intro:]\nThis one for my baller niggas\nThat hate when the weakest ho in the club try to approach him\nSome songs the ladies love me\nThe girls gon' hate me for this one\nBut I gotta do it\nCome on\n\n[Hook 1:]\nBitch, do I look like your type?\nDon't get me wrong, you still gotta look cool to me\nBitch, do I look like your type?\n\n[Verse 1:]\nShe asked\nIs that pronounced N-Y-C?\nNo, that's a niche\nRock Clavin Klein\nSo she can see K\nI'm still doing 120 on the freeway\nShe still got a prom picture in her key-chain\nI told her look\nThis ain't high school no more\nI'm tryin'a fuck being cool no more\nSo niggas go ball\nJust to perform\nCause all these rats be talking up a storm\nI know what they worn\nI know what they be liking\nIf they hair short\nSaid \"They probably be dyking'\"\nProbably a drying\nProbably you like it\nI can't know what\nYou're probably a psychic\nI know a crazy bitch by the look in her eyes\nI know a cheating bitch gonna look at my guys\nI know a fat bitch gonna look at them fries\nTell me on the side like\n\"Can I supersize?\"\nGot my meat in my ride\nGo down while I drive\nSome hoes ain't for show\nYou just keep 'em inside\nCall 'em at 3 AM and get deep up inside\nBlow me and my homie, when you see me you don't know me\nYou heard?\n\n[Hook 2:]\nBitch, do I look like your type?\nDon't get me wrong, you still gotta look cool to me\nBitch, do I look like your type?\nThis ain't a song I made for ugly hoes to start approaching me\n\n[Hook 1]\n\n[Verse 2:]\nWoah\nShe\nRock the jeans above the knees\nOh them must be some kid capris\nSo I spend cheese\nUrp!\nBitch please\nYour girlfriend ain't tell you 'bout me\nKanye fuck 'em and leave 'em\nAct like he don't need 'em\nSee titties and squeeze 'em\nFor no fucking reason\n\"Ugh, he's so classless grabbing asses\nHow would you do a nerd bitch with glasses\"?\nPimp nigga never spent no dough on a booty\nI wish I would take this fat hoe to the movies\nThem niggas must not know the price of the Coogi\nI'ma little too rich to fuck this broke bitch\nThe survey says: \"By the streets according\nKanye more important than Michael Jordan\nGot this rap game locked, you could call the warden\nGive hoes cock then I'm gone by morning\n\n[Hook 1 + Hook 2]\n\n[Verse 3]\nDamn I was wrong..how could I stoop so low?\nPull up in a four door volvo\nDropped the top and swooped yo hoe\nWoah..oh no\nI don't want no wild body bitch in my wild body 6\nNo fucking weak hoes in my fucking Regal\nNo bitch that's whack in my Cadillac\nNo bitch with a fade in my Escalade\nNo sluts with a gut in my Beamer truck\nNo ? in my gold Jaguar\nDeep voice bitches like \"{vocalizes deep murmurings}\"\n\"I never thought Kanye would take it this far!\"\n\n[Outro]\nRemember back in high school?\nLike prom queen, right?\nShe was like 37-25-36\nNow she 37 with 25 kids\nYa' know what I'm sayin?\nNow she on the come up\nTryna get a baller nigga\nBitch heard my song on the radio\nShe heard me on the Jagged Edge shit\nMemorized my cell phone number out the blue\nCalled me on some..\n\"I wasn't sure if that was you or not\"\nBitch you ain't hear me say Kanye Titter at the beginning?\nGold digging bitch", "image": "https://images.genius.com/3a5e35c68e9ed7bf9a2a63bfa51b261e.675x675x1.jpg"}], "artist": "Kanye West"}