{"songs": [{"title": "Say You Will (Live From VH1 Storytellers)", "album": "VH1 Storytellers", "year": null, "lyrics": "[Verse 1]\nWhy would she make calls out the blue?\nNow I'm awake, sleepless in June\n\n[Chorus]\nHey hey hey hey\nDon't say you will\nHey hey hey hey\nDon't say you will, unless you will\n\n[Verse 2]\nMrs. So Fly crash-lands in my room\nCan't waste no time, she might leave soon\n\n[Chorus]\nHey hey hey hey\nDon't say you will, you will\nHey hey hey hey\nDon't say you will, you will, one day you will\n\n[Verse 3]\nWhen I grab your neck, I touch your soul\nTake off your cool then lose control\n\n[Chorus]\nHey hey hey hey\nDon't say you will, unless you will\nSay aye aye aye\nDon't say you will, I pray you will, I pray you will\n\n[Verse 4]\nI wish this song would really come true\nI admit I still fantasize about you, about you\n\n[Chorus]\nHey hey hey hey\nDon't say you will, you will, you will\nHey hey hey hey\nDon\u2019t say you will, unless you will, I pray you will\n\n[Instrumental Break]\n\n[Extended Chorus]\nHey hey hey hey\nDon't say you will, you will, you will\nHey hey hey hey\nDon\u2019t say you will\nHey hey hey hey\u2026\nDon't say you will\nHey hey hey hey\nHey hey hey hey\nHey hey hey hey\nHey hey hey hey\nDon\u2019t, don\u2019t, don\u2019t, don\u2019t say\n\n[Outro/Monologue]\nKeep the music on\n\nThis is a\nThis song was written for\nA special moment in my life\nSomeone so special, that I love forever\n\nAnd you know like, when you break up with somebody\nAnd you have those times where you wanna see \u2018em again\nAnd you\u2019re trying to make plans on a Friday night, in New York City\nAnd you clear your whole schedule for this person, even though you\u2019re not together no more\n\n\u2018Cause there\u2019s nothing better than, someone you know and love\nEven if you know you can\u2019t love them no more\nYou can\u2019t love them no more\n\nToday, take presidents over anybody you dating or going out with or just hooking up with\nAnd she knows who she is\nTo have someone so special in your life, that you\u2019re inspired by them\nI ask myself, as I date\nWhat am I looking for?\nThe requirement of this position is inspirement\nThe requirement is inspirement\nAnd I am higher in\nBut also firing\nAlso firing, firing\n\nI wanted to express that story better, it didn\u2019t come out as good as I wanted\nWasn\u2019t as poignant as I wanted to make it for my favorite story and for my ode to my loves", "image": "https://images.genius.com/3c0aee76b72a24d6c01e44a72adb029c.1000x871x1.jpg"}], "artist": "Kanye West"}