{"songs": [{"title": "Real Friends (Remix)", "album": null, "year": "2017-12-21", "lyrics": "[Intro]\nYeah, uh, man\nThanks for the love and support baby, thank you\nI hate you\n\n[Verse 1: DMX]\nHate who I love, blessed with the curse\nI was born to die, best of the worst\nWings but can't fly, but first things first\nI will until I'm stretched in a hearse\nNiggas don't get me, but I ain't complicated\nThing about the truth is most niggas hate it\nDidn't ask God for what I wanted, I waited\nUntil He felt like I earned it, then he gave it\nAnything worth havin' is worth earnin'\nThe true nature of man is definitely worth learnin'\n'Cause why you're concerning yourself with discernin'\nWhether its worth savin', its usually worth burnin'\nI knew from the start that this life wasn't mine\nThat's why from the start, I put my life on the line\nGangstas runnin' 'round cryin' about dyin'\nI got faith, I'ma go when its my time!", "image": "https://images.genius.com/0d4bd41b3e3c8cd92f93d34587191bde.750x750x1.jpg"}], "artist": "Kanye West"}