{"songs": [{"title": "Spaceship", "album": "The College Dropout", "year": "2004-02-10", "lyrics": "[Produced by Kanye West]\n\n[Chorus]\nI've been workin' this graveshift and I ain't made shit\nI wish I could buy me a spaceship and fly past the sky\nI've been workin' this graveshift and I ain't made shit\nI wish I could buy me a spaceship and fly past the sky\n\n[Verse 1: Kanye West]\nIf my manager insults me again\nI will be assaulting him\nAfter I fuck the manager up\nThen I'm gonna shorten the register up\nLet's go back, back to the Gap\nLook at my check, wasn't no scratch\nSo if I stole, wasn't my fault\nYeah I stole, never got caught\nThey take me to the back and pat me\nAskin' me about some khakis\nBut let some black people walk in\nI bet you they show off their token blackie\nOh now they love Kanye\nLet's put him all in the front of the store\nSo I'm on break, next to the \"No Smoking\" sign\nWith a blunt in the mall\nTakin' my hits, writing my hits\nWritin' my rhymes, playin' my mind\nThis fuckin' job can't help him\nSo I quit, y'all welcome\nY'all don't know my struggle\nY'all can't match my hustle, you can't catch my hustle\nYou can't fathom my love, dude, lock yourself in a room\nDoing 5 beats a day for 3 summers\nThat's A Different World like Cree Summer's\nI deserve to do these numbers\n\"The kid that made that deserves that Maybach!\"\nSo many records in my basement\nI'm just waiting on my spaceship\n\n[Chorus]\nI've been workin' this graveshift and I ain't made shit\nI wish I could buy me a spaceship and fly past the sky\nI've been workin' this graveshift and I ain't made shit\nI wish I could buy me a spaceship and fly past the sky\n\n[Verse 2: GLC]\nAnd I didn't even try to work a job\nRepresent the mob, at the same time\nThirsty on the grind, Chi state of mind\nLost my momma, lost my mind\nLife my love, that's not mine\n\"Why you ain't signed?\" Wasn't my time\nLeave me alone, work for y'all\nHalf of it's yours, half of it's mine\nOnly one to ball, never one to fall\nGot to get mine, got to take mine\nGot a Tec-9, reach my prime\nGot to make these haters respect mine\nIn the mall until 12 when my schedule had said 9\nPutting them pants on shelves, waiting patiently I ask myself\nWhere I want to go, where I want to be\nLife is much more than running in the streets\nHolla at 'Ye, hit me with the beat\nPut me on my feet, sound so sweet\nYes I'm the same ol' G, same goatee, staying low key, nope\nHoller at God, \"Man why'd you have to take my folks?\"\nHope to see Freddie G., Yusef G, love my G\nRolly G, police watch me smoke my weed, count my G's\nGot a lot of people counting on me\nAnd I'm just trying to find my peace\nShould've finished school like my niece\nThen I finally wouldn't use my piece, blaow!\n(Aww, man, this pressure)\n\n[Chorus]\nI've been workin' this graveshift and I ain't made shit\nI wish I could buy me a spaceship and fly past the sky\nI've been workin' this graveshift and I ain't made shit\nI wish I could buy me a spaceship and fly past the sky\n\n[Verse 3: Consequence]\nI remember having to take the dollar cab\nComing home real late at night\nStanding on my feet all damn day\nTrying to make this thing right\nAnd having one of my co-workers say \"Yo, you look just like\nThis kid I seen in an old Busta Rhymes video the other night\"\nWell easy come, easy go, how that saying goes\nNo more broad service, cars, and them TV shows\nI had all that snatched from me\nA&Rs and they faculties all turn their back on me\nAnd didn't want to hear a rap from me\nSo naturally actually had to face things factually\nHad to be a catastrophe with the fridges staring back at me\nCause nothing's there, nothing's fair\nI don't want to ever go back there\nSo I won't be taking no days off 'til my spaceship takes off\n\n[Chorus]\nI've been workin' this graveshift and I ain't made shit\nI wish I could buy me a spaceship and fly past the sky\nI've been workin' this graveshift and I ain't made shit\nI wish I could buy me a spaceship and fly past the sky\n\n[Outro: Tony Williams]\nI want to fly, I want to fly\nI said I want my chariot to pick me up\nAnd take me, brother, for a ride", "image": "https://images.genius.com/7ad2d1e26b5b321d8d5891f8d1fd60af.700x700x1.jpg"}], "artist": "Kanye West"}