{"songs": [{"title": "Violent Crimes", "album": "ye", "year": "2018-06-01", "lyrics": "[Intro: 070 Shake]\nFallin', dreamin', talkin' in your sleep\nI know you want to cry all night, all night\nPlottin', schemin', findin'\nReason to defend all of your violent nights\nPromise me you will see\n\n[Chorus: 070 Shake]\nDon't you grow up in a hurry, your mom'll be worried, aw\nIt was all part of the story, even the scary nights\nThank you for all of the glory, you will be remembered, aw\nThank you to all of the heroes of the night (night, night)\nThey gotta repaint the colors, the lie is wearin' off\nReality is upon us, colors drippin' off\nColors drippin' off\n\n[Verse: Kanye West]\nNiggas is savage, niggas is monsters\nNiggas is pimps, niggas is players\n'Til niggas have daughters, now they precautious\nFather, forgive me, I'm scared of the karma\n'Cause now I see women as somethin' to nurture\nNot somethin' to conquer\nI hope she like Nicki, I make her a monster\nNot havin' m\u00e9nages, I'm just bein' silly\nI answered the door like Will Smith and Martin\nNigga, do we have a problem?\nMatter fact, Marlon, this ain't Meet the Fockers\nI'll beat his ass, pray I beat the charges\nNo, Daddy don't play, not when it come to they daughters\nDon't do no yoga, don't do pilates\nJust play piano and stick to karate\nI pray your body's draped more like mine\nAnd not like your mommy's\nJust bein' salty, but niggas is nuts\nAnd I am a nigga, I know what they want\nI pray that you don't get it all at once\nCurves under your dress, I know it's pervs all on the net\nAll in the comments, you wanna vomit\nThat's your baby, you love her to death\nNow she cuttin' class and hangin' with friends\nYou break a glass and say it again\nShe can't comprehend the danger she in\nIf you whoop her ass, she move in with him\nThen he whoop her ass, you go through it again\nBut how you the devil rebukin' the sin?\nLet's pray we can put this behind us\nI swear that these times is the wildest\nShe got the scars, they serve as reminders\nBlood still on her pajamas\nBut yesterday is dead, yeah, moment of silence\nNext, she'll be off to college and then at the altar\n'Cause she know that niggas is savage, niggas is monsters\nNiggas is pimps, niggas is players, 'til niggas have daughters\nNiggas is pimps, niggas is players, 'til niggas have daughters\n\n[Chorus: 070 Shake & Ty Dolla $ign]\nDon't you grow up in a hurry, your mom'll be worried, aw\nIt was all part of the story, even the scary nights\nThank you for all of the glory, you will be remembered, aw\nThank you to all of the heroes of the night (night, night)\nThey gotta repaint the colors, the lie is wearin' off\nReality is upon us, colors drippin' off\nColors drippin' off\n\n[Outro: Nicki Minaj]\nI'm saying it like\u2026\n\"I want a daughter like Nicki, aw, man, I promise\nI'ma turn her to a monster, but no m\u00e9nages\"\nI don't know how you saying it but, let 'em hear this", "image": "https://images.genius.com/ce52bec054f3d772071d0c309970e616.1000x1000x1.jpg"}], "artist": "Kanye West"}