{"songs": [{"title": "Low Lights", "album": "The Life of Pablo", "year": "2016-02-14", "lyrics": "[Spoken Word: Kelly Price]\nYou want me to give you a testimony about my life\nAnd how good he's been to me\nI don't know what to tell you about him\nI love him so much with all my heart and my soul\nWith every bone in my body I love him so much\nBecause he's done so much for me. \nEvery morning\nEvery day of my life\nI won't always be crying tears\nIn the middle of the night, and I won't always have to wake up\nBy myself wondering how I'm gonna get through the day\nI won't always have to think about what I'm gonna do\nAnd how I'm gonna, how I'm gonna make it\nHow I'm gonna get there, because he...\nHe's gonna be there for me\nSome day the sky above will open up\nAnd he will reach out  his hand and guide me through\nOh yes he will\nI won't always be crying these tears\nI won't always be feeling so blue\nSome day, he will open up the door for me\nAnd call my name\nSome day he will\nI don't know if anybody understands what that feels like.\nNo matter what you've been through\nOr where you've been he's always there\nWith his arms open wide\nAccepting me\nFor who I am\nAnd I love him so much\nI couldn't do it without him I wouldn't want to\nI'm crying now\nIt feels so good to be free\nTo be accepted for who you are and loved no matter what\nOh lord thank you\nYou are the joy of my life.", "image": "https://images.genius.com/389e5fd1eff885b2e7b62060869945cc.1000x1000x1.jpg"}], "artist": "Kanye West"}