{"songs": [{"title": "Back to Basics", "album": "Late Registration", "year": "2005-08-30", "lyrics": "[Verse 1: Kanye West]\nUh, uh, let's take it back to basics\nWhen shit gets worse, we converse\nHow we need a new balance\nBefore the lines get crossed like Asics\nJust look at what we got, if we don't shoot the Reeboks\nThis is a beat that no flow can detox\nSo the respect is due like my Louie back\nI don't wanna have to check you\nI'm Chi as Buck-Fiftys and Pelle Pelle leathers\nSome say my beats made the Bulls play better\nI say, black on black is the hate that hate made\nSara Lee with the dough, I'm talkin' bout the cake maid\nMcDonald's with the flow, served over a billion\nYou've seen the video, words over the building\nUh, I wish I could give you this feeling\nI wish I could give you this feeling\nAnd when the Workout Plan ain't work out, man\nMe and Common is back on the corners again\nOn the corner\n\n[Verse 2: Common]\nUh, yeah, uh, yeah, uh-uh, uh-uh\nI open my eyes, the corner is like African tribes\nThe black is subsidized, the black enterprise, the passion arise\nThe youth fantasize, who got some cash in they eyes\nIf youth dies, mamas askin' rationalize\nTryna build a spot where ghetto bastards could rise\nThe ghetto has been bastardized by those that capitalize\nWonder if it's a plan that the master devised\nTo bring his people to a land where the blacks are despised?\nOn the corner", "image": "https://images.genius.com/2c5bef6942c25fb719a4e2534521cc70.1000x1000x1.jpg"}], "artist": "Kanye West"}