{"songs": [{"title": "Stronger (Live From VH1 Storytellers)", "album": "VH1 Storytellers", "year": null, "lyrics": "Work it, make it, do it, makes us\nHarder, better, faster, stronger\n\n\nN-now th-that that don't kill me\nCan only make me stronger\nI need you to hurry up now\n\u2018Cause I can't wait much longer\nI know I got to be right now\n\u2018Cause I can't get much wronger\nMan, I've been waiting all night now\nThat's how long I been on ya\nWork it harder, make it better\nDo it faster, makes us stronger\n(I need you right now!)\n(I need you right now!)\n\nLet's get lost tonight\nYou could be my black Kate Moss tonight\nPlay secretary, I'm the boss tonight\nAnd you don't give a fuck what they all say, right?\nAwesome, the Christian in Christian Dior\nDamn, they don't make 'em like this anymore\nI ask, \u2018cause I'm not sure\nDo anybody make real shit anymore?\nBow in the presence of greatness\n\u2018Cause right now thou hast forsaken us\nYou should be honored by my lateness\nThat I would even show up to this fake shit\nSo go ahead, go nuts, go apeshit\n'Specially in my Pastell\u00e9, on my Bape shit\nAct like you can't tell who made this\nNew Gospel, homie, take six\nAnd take this, haters!\n\nN-now th-that that don't kill me\nCan only make me stronger\nI need you to hurry up now\n\u2018Cause I can't wait much longer\nI know I got to be right now\n\u2018Cause I can't get much wronger\nMan, I've been waiting all night now\nThat's how long I been on ya\nWork it harder, make it better\nDo it faster, makes us stronger\n(I need you right now!)\n(I need you right now!) me likey\n\nI don't know if you got a man or not\nIf you made plans or not\nIf God put me in your plans or not\nI'm trippin', this drink got me saying a lot\nBut I know that God put you in front of me\nSo how the hell could you front on me?\nThere's a thousand you's, there's only one of me\nI'm trippin', I'm caught up in the moment, right?\n\u2018Cause it's Louis Vuitton Don night\nSo we gon' do everything that Kan like\nHeard they'd do anything for a Klondike\nWell, I'd do anything for a blonde dyke\nAnd she'll do anything for the limelight\nAnd we'll do anything when the time's right\nUh, baby, you're makin' it\n(Harder, better, faster, stronger)\n\nN-now th-that that don't kill me\nCan only make me stronger\nI need you to hurry up now\n\u2018Cause I can't wait much longer\nI know I got to be right now\n\u2018Cause I can't get much wronger\nMan, I've been waiting all night now\nThat's how long I been on ya\nWork it harder, make it better\nDo it faster, makes us stronger\n(I need you right now!)\n(I need you right now!)\n\n\nYou know how long I've been on ya\nSince Prince was on Apollonia\nSince O.J. had Isotoners\nDon't act like I never told ya\nDon't act like I never told ya\nDon't act like I never told ya\nDon't act like I never told ya\nDon't act like I never told ya\nBaby, you're makin' it\n(Harder, better, faster, stronger)\n\n\nN-now th-that that don't kill me\nCan only make me stronger\nI need you to hurry up now\n\u2018Cause I can't wait much longer\nI know I got to be right now\n\u2018Cause I can't get much wronger\nMan, I've been waiting all night now\nThat's how long I been on ya\nWork it harder, make it better\nDo it faster, makes us stronger\n(I need you right now!)\n(I need you right now!)\nRight now!\nWork it harder, make it better\nDo it faster, makes us stronger\n(I need you right now!)\n(I need you right now!)\n\n\nYou know how long I've been on ya\nSince Prince was on Apollonia\nSince O.J. had Isotoners\nDon't act like I never told ya\nYou know how long I've been on ya\nSince Prince was on Apollonia\nSince O.J. had Isotoners\nDon't act like I never told ya told ya told ya\nNever told ya\u2026told ya told ya told ya\nNever told ya\u2026told ya told ya told ya\nNever told ya\u2026told ya told ya told ya\nNever told ya\u2026told ya told ya told ya\nNever over\u2026Never over\u2026 Never over\u2026 Never over\u2026\nNever over\u2026Never over\u2026 Never over\u2026 Never over\u2026\n(Harder, better, faster, stronger)\nWork it, harder make it better do it, faster makes us\nStronger (Harder, better, faster, stronger)\nNever over\u2026\nWork it, harder make it better do it, faster makes us\nStronger (Harder, better, faster, stronger)\nNever over\u2026\nWork it, harder make it better do it, faster makes us\nStronger (Harder, better, faster, stronger)\nNever over\u2026\nWork it, harder make it better do it, faster makes us\nStronger (Harder, better, faster, stronger)\nNever over\u2026", "image": "https://images.genius.com/3c0aee76b72a24d6c01e44a72adb029c.1000x871x1.jpg"}], "artist": "Kanye West"}