{"songs": [{"title": "Stronger [Snippet]", "album": "Can't Tell Me Nothing", "year": "2007-05-27", "lyrics": "[Intro: Daft Punk]\nWork it, make it, do it, makes us\nHarder, better, faster, stronger\n\n[Hook: Kanye West]\nN-now th-that that don't kill me\nCan only make me stronger\nI need you to hurry up now\n\u2018Cause I can't wait much longer\nI know I got to be right now\n\u2018Cause I can't get much wronger\nMan, I've been waiting all night now\nThat's how long I been on ya\nWork it harder, make it better\nDo it faster, makes us stronger\n(I need you right now!)\n(I need you right now!)\n\n[Verse 1: Kanye West]\nLet's get lost tonight\nYou could be my black Kate Moss tonight\nPlay secretary, I'm the boss tonight\nAnd you don't give a fuck what they all say, right?\nAwesome, the Christian in Christian Dior\nDamn, they don't make 'em like this anymore\nI ask, \u2018cause I'm not sure\nDo anybody make real shit anymore?\nBow in the presence of greatness\n\u2018Cause right now thou hast forsaken us\nYou should be honored by my lateness\nThat I would even show up to this fake shit\n\n[Spoken: Kanye West]\nAww, nah, nah, we can\u2019t give \u2018em all that. We can\u2019t give \u2018em everything. Graduation is coming\u2014it\u2019s coming, quite soon. The album is getting pushed up as we speak. As I\u2019m speaking right now, the whole building\u2019s going crazy and pushing the album up. They like, \u201cKanye\u2019s doing drops, let\u2019s push the album up.\u201d You know? The more drops I do, the earlier the album\u2019s gonna come. So just, the more shit I talk, the sooner y\u2019all\u2019ll get the shit.", "image": "https://images.genius.com/91281743bcf23da78b1b87477fbac94f.696x696x1.jpg"}], "artist": "Kanye West"}