{"songs": [{"title": "American Psycho (Short Film)", "album": null, "year": null, "lyrics": "Disick: Hey, do you like Kanye West?\n\nCheban: Yeah, he's okay, I guess\n\nD: Well, the early work was a little too hip-hop for me in my taste, but when Dark Twisted Fantasy came out in 2010, I think he really came into his own, both musically and lyrically\n\nD: Kanye's been compared to Jesus, Hitler, Walt Disney, and even Steve Jobs\n\nC: Hey Disick\n\nD: Yes Jonathan?\n\nC: Why do you have copies of Billboard magazine all over the place? Do you have a little dog - a little chow or something? *laughs*\n\nD: No, Jonathan!\n\nC: Is that a raincoat?\n\nD: Yes, it is! Now, Kanye's decided to release this, Yeezus, his most exciting record so far. It should be obvious by now that \"New Slaves\" is the undisputed masterpiece of Yeezus. A song so catchy, most people won't even remember the lyrics! But they should. And then there's the song \"I Am a God\". The title practically speaks for itself, but of course the insecurities of the mainstream music press will never understand its true meaning because it's about me! Hey Jonathan!\n\nD: Try getting the Yeezus album now motherfucker!", "image": "https://images.genius.com/3a5e35c68e9ed7bf9a2a63bfa51b261e.675x675x1.jpg"}], "artist": "Kanye West"}