{"songs": [{"title": "Apologize", "album": "Freshmen Adjustment Vol. 1", "year": null, "lyrics": "[Intro]\nAh-ahem\nThis something I did\nSomething I can explain how to\nI can't speak for everybody, but, uh\nMan...\n\n[Verse 1]\nThere must be more good women than men, percentage-wise\nSo her chance of having a husband just minimized\nThat's why a lot of girls claim they ain't into guys\nAnd mess with other girls part time to improvise\nI knew she wasn\u2019t bi, no, I seen it in her eyes\nBut I'm like any other guy, trying to get in her thighs\nShe telling me about how black people should enterprise\nAnd I'm like, if you don't get your ass in this ride from Enterprise\nThat I rented yesterday and gotta have in by 5\nWith the gas fully filled up like I didn't drive\nTold her I had a girl, nah, fuck it, I didn't lie\nTold her this rap game is alright, I'm just getting by\nShe had a lil' weed and we get a lil' high\nAnd I'm looking in her eyes and I'm loving her vibe\nTold me back in 95' she fell in love with the Tribe\nBoo, back in 92', I was just like you\nPlease, don't be confused by the ice and jewels\nI'm like any other nigga, buy ice to stay cool\nLike any other nigga that claim they hate school\nAnd think, yeah, Free's banging but she's no Rachel\n\n[Chorus]\nWe ball 'til we fall, hit the mall\nAfter we hit, don't call\nWe fill your lives with nothing but lies\nAnd I would like to apologize\nBut you can't stand right here\nAnd tell me everything is going to be alright\n'Cause until the day a real man stands up\nI'm going to have to improvise\n\n[Verse 2]\nWas it something I did wrong? Yeah I know I'm wrong\nShe's at home alone and I'm always gone\nHate it when she mad but more when she passive\nNow she on the internet looking for classes\nOut of state though, man that hurt, yo\nBut I got work though, and I'm at work, yo\nAnd she don't call a lot\nAnd when she do she pouring out her heart\n\"You never listen to me,\" then the call drop... hmmm\nAnd I promised her everything\nTold her when I get a deal I'll get her a wedding ring\nBut when I got my deal I was back in the ring\nFighting my urges, strip club splurges\nNever had money so I felt like a virgin\nAnd I'm trying to break the bank's cherry\nTryin' to see can I afford Canaries\nWith a Ferrari and a dinner date with Halle Berry\nWent from fifty g's to fifteen hundred in a week\nNow I'm trying to call, one ring, two rings, seven rings\nEight rings, er mother picked up the phone\nLike, \"She in school and she don't stay here no more\"\nI guess there's more good women than men percentage wise\nSo her chance of having a husband just minimized\nI guess that's why she says she ain't into guys\nAnd focus on school full-time to improvise\n\n[Chorus]\nWe ball 'til we fall, hit the mall\nAfter we hit, don't call\nWe fill your lives with nothing but lies\nAnd I would like to apologize\nNo no, you can't stand right here\nAnd tell me everything is gonna be alright\n'Cause until that real man stands up\nI'm going to have to improvise", "image": "https://images.genius.com/11b5c3bdc828bc9942f2c195f9ffa76c.300x300x1.jpg"}], "artist": "Kanye West"}