{"songs": [{"title": "Say You Will (ft. Caroline Shaw)", "album": null, "year": "2015-10-05", "lyrics": "[Couplet 1: Kanye West]\nWhy would she make calls out the blue\nNow I'm awake, sleep (less in June) or (missing you)\n\n[Chorus: Kanye West]\nHey, hey, hey, hey\nDon't say you will, unless you will\nHey, hey, hey, hey\nDon't say you will, then play you will, I pray you will\n\n[Harmonizing]\n\n[Chorus: Kanye West]\nHey, hey, hey, hey\nDon't say you will, you do\nHey, hey, hey, hey\nDon't say you will, one day you will, I pray you will\n\n[Couplet 2: Kanye West]\nWhen I grab your neck, I touch your soul\nTake off your cool, then lose control\n\n[Chorus: Kanye West]\nHey, hey, hey, hey\nDon't say you will, you will, you will\nHey, hey, hey, hey\nDon't say you will, if you will, I pray you will\n\n[Verse 3: Kanye West & Caroline Shaw]\nI wish this song would really come true\nI wish this song would really come true\nI wish this song, this song could play and could come true\nI wish this song, \"Say You Will,\" would come true\nI wish this song\nI admit I still fantasize about you, about you\nI admit I, don't say, I admit I, don't say I admit I\n\n[Chorus: Kanye West & Caroline Shaw]\nHey, hey, hey, hey\nI admit I, I admit I\nDon't say you will, you will, you will\nSay you will, say you will\nDon't say I, don't say I\nHey, hey, hey, hey\nPlease say you will, for real, I pray you will\n\n[Instrumental Outro]", "image": "https://images.rapgenius.com/dabe4f2a22fba2fa73b763d55f04335f.500x500x1.jpg"}], "artist": "Kanye West"}