{"songs": [{"title": "RoboCop", "album": "808s & Heartbreak", "year": "2008-11-24", "lyrics": "[Produced by Kanye West]\n\n[Verse 1]\n'Bout the baddest girl I ever seen\nStraight up out a movie scene\nWho knew she was a drama queen\nThat'd turn my life to Stephen King's?\nUp late night like she on patrol\nChecking everything like I'm on parole\nI told her there's some things she don't need to know\nShe never let it go, oh\n\n[Pre-Hook]\nOkay, okay, okay, okay\nYou will never stop it now\nYou never stop it now\nOkay, okay, okay\nYou will never stop it now\nYou need to drop it now\nDrop it, drop it\n\n[Hook]\n'Cause I don't want no Robocop\nYou moving like a Robocop\nWhen did you become a Robocop?\nNow I don't need no Robocop\n\n[Verse 2]\nJust looking at your history\nYou're like the girl from Misery\nShe said she ain't take it to this degree\nWell let's agree to disagree\nShorty kind of crazy but it turn me on\nKeep it up enough to keep it going on\nI told her there's some things she don't need to know\nShe never let it go, oh\n\n[Pre-Hook]\nOkay, okay, okay, okay\nYou will never stop it now\nYou never stop it now\nOkay, okay, okay\nYou will never stop it now\nYou need to drop it now\nDrop it, drop it\n\n[Hook]\n'Cause I don't want no Robocop\nYou moving like a Robocop\nWhen did you become a Robocop?\nSomebody please make her stop\n\n[Verse 3]\nStop ... drop ... roll ... pop\nBitch I'm cold ... I\nAin't used to being told ... stop\nSo I could never be your robot\nFast or slow, you can stay or can go\nNow, now that you know, now, now that you know\nYeah I had her before but that happened before\nYou get mad when you know, so just don't ask me no more\nOk, ok, ok, uh, uh\nIt ain't ok, ok, ok\n\n[Outro]\nYou spoiled little LA girl\nYou're just an LA girl\nYou spoiled little LA girl\nYou're just an LA girl\nYou spoiled little LA girl\nYou're just an LA girl (You need to stop it now)\nYou spoiled little LA girl\nYou're just an LA girl (You need to stop it now)\nOh you're kidding me\nYou must be joking\nOr you are smoking\nOh oh you're kidding me\nOh you're kidding me\nHaha that was a good one\nYour first good one in a while\nYour first good one in a while\nYou need to stop it now\nYou need to stop it now\nOh you need to stop it now", "image": "https://images.genius.com/680ca00f36d13c7d08fee5d3e882a5fb.1000x1000x1.jpg"}], "artist": "Kanye West"}