{"songs": [{"title": "Two Words", "album": "Get Well Soon...", "year": "2004-02-10", "lyrics": "[Intro: Kanye West]\nWe in the streets, playa, get ya mail\nIt's only two places you end up, either dead or in jail\nStill nowhere to go, still nowhere to go\n\n[Chorus: Kanye West]\nNow throw ya hands up, hustlers, busters, boosters, hoes\nEverybody, fuck that\nStill nowhere to go\nStill nowhere to go\n\n[Verse 1: Mos Def]\nTwo words, United States, no love, no breaks\nLow brow, high stakes, crack smoke, black folks\nBig Macs, fat folks, ecstasy capsules\nPresidential scandals, everybody move\nTwo words, Mos Def, K. West, hot shit\nCalm down, get back, ghetto people, got this\nGame 'pon lock shit, gun 'pon cock shit\nWe won't stop shit, everybody move\nTwo words, BK, NY, Bed Stuy\nToo harsh, too hungry, too many, that's why\nThese streets know game, can't ball, don't play\nHeavy traffic, one lane, everybody move\nTwo words, Mos Def, Black Jack, hot shit\nCalm down, get back, ghetto people, got this\nGame 'pon lock, gun 'pon cock\nWe won't stop, everybody move\n\n[Chorus: Kanye West (w/ Harlem Boys Choir)]\nNow throw ya hands up, hustlers, busters, boosters, hoes\n(Throw your hands up high) Everybody, fuck that\nStill nowhere to go, still nowhere to go\nAnd keep ya hands up, hustlers\nBusters, boosters, hoes ('Til they reach the sky)\nEverybody, fuck that\nStill nowhere to go, still nowhere to go\n\n[Verse 2: Kanye West]\nTwo words, Chi-town, South Side, worldwide\n'Cause I, rep that, 'til I fuckin' die\nOne neck two chains, one waist two gats\nOne wall twenty plaques, dues paid, gimme that\nI am limelight, Blueprint five mics\nGo Getters rhyme like, should've been signed twice\nMost imitated, Grammy nominated\nHotel accommodated, cheerleader prom-dated\nBarbershop playa-hated, mom-and-pop bootlegged it\nFelt like it rained 'til the roof caved in\nTwo words, Chi-town raised me crazy\nSo I live by two words: \"fuck you, pay me\"\nScreamin', \"Jesus, save me\"\nYou know how the game be, I can't let 'em change me\nCause on judgment day, you gon' blame me\nLook, God, it's the same me\nAnd I basically know now, we get racially profiled\n'Cuffed up and hosed down, pimped up and ho'd down\nPlus I got a whole city to hold down\nFrom the bottom so the top's the only place to go now\n\n[Chorus: Kanye West (w/ Harlem Boys Choir)]\nNow throw ya hands up hustlers, busters, boosters, hoes\n(Throw your hands up high)\nOh, everybody, fuck that\nStill nowhere to go, still nowhere to go\n\n[Verse 3: Freeway]\nTwo words, free way, two letters, AR\nTurn y'all rap niggas to two words, fast runners\nLike Jackie Joyner, you better sleep with your burner\nThe heat skeet, blow a reef through ya car, my God\nTwo words, no guns, break arms\nBreak necks, break backs, Steven Seagal\nFree, young boss, freshman of the Roc\nWith the beef in the pot Jay sent for his dogs\nTo brawl, forget ya squad, better fend for yourself\nHave you screamin' out four words, \"send for the law\", uh\nTwo words, Freeway slightly retarded\nFuck around, throw a clip in ya artist, leave with his broad\n\n[Outro: Mos Def (w/ Harlem Boys Choir)]\nRed, white, blue, black (Throw your hands up)\nCalm down, move back\nMotherfuckers askin' \"who is that?\"\nYou know it's the almighty Black Jack\nMos Def, K. West\nGhetto people get this shit off ya chest\nNorth to the south, to the east, to the west\nBlack Jack Johnson, it's no contest\n(High) And show it to 'em like", "image": "https://images.genius.com/0bffd93463afe53e7f651f72bedfc78b.1000x1000x1.jpg"}], "artist": "Kanye West"}