{"songs": [{"title": "Father Stretch My Hands, Pt. 1", "album": "The Life of Pablo", "year": "2016-02-14", "lyrics": "[Intro: Pastor T.L. Barrett / Choir & Future]\nYou're the only power (power)\nYou're the only power that can\nYou're the only power (power)\nYou're the only power that can\nOhh, ohh, ohh, father...\nIf young Metro don't trust you I'm gon' shoot you\n\n[Pre-Chorus: Kid Cudi & Pastor T.L. Barrett / Choir]\nBeautiful mornin', you're the sun in my mornin', babe\nWho can I turn to?\nNothin' unwanted\nAfter all, who can I turn to?\nBeautiful mornin', you're the sun in my mornin', babe\nIf I don't turn to you\nNothin' unwanted\nNo other help I know, I stretch my hands\n\n[Chorus: Kanye West & Pastor T.L. Barrett / Choir]\nI just wanna feel liberated, I-I, na-na-na\nWho can I turn to?\nI just wanna feel liberated, I-I, na-na-na\nAfter all, who can I turn to?\nIf I ever instigated, I am sorry\nIf I don't turn to you\nTell me who in here could relate, I-I-I\nNo other help I know, I stretch my hands\n\n[Verse: Kanye West & Kelly Price]\nNow, if I fuck this model\nAnd she just bleached her asshole\nAnd I get bleach on my T-shirt\nI'ma feel like an asshole\nI was high when I met her\nWe was down in Tribeca\nShe'll get under your skin if you let her\nShe'll get under your skin if you-uh\nI don't even wanna talk about it\nI don't even wanna talk about it\nI don't even wanna say nothin'\nEverybody gon' say somethin'\nI'd be worried if they said nothin'\nRemind me where I know you from\nShe lookin' like she owe you some'n\nYou know just what we want\nI wanna wake up with you in my...\nI wanna wake up with you in my...\n\n[Pre-Chorus: Kid Cudi, Pastor T.L. Barrett / Choir & Kelly Price]\nBeautiful mornin', you're the sun in my mornin', babe\nWho can I turn to?\nBeautiful mornin'\nNothin' unwanted\nAfter all, who can I turn to?\nBeautiful mornin', you're the sun in my mornin', babe\nIf I don't turn to you\nNothin' unwanted\nNo other help I know, I stretch my hands\n\n[Chorus: Kanye West & Pastor T.L. Barrett / Choir]\nI just wanna feel liberated, I-I, na-na-na\nWho can I turn to?\nI just wanna feel liberated, I-I, na-na-na\nAfter all, who can I turn to?\nIf I ever instigated, I am sorry\nIf I don't turn to you\nTell me who in here could relate, I-I-I\nNo other help I know, I stretch my hands", "image": "https://images.genius.com/389e5fd1eff885b2e7b62060869945cc.1000x1000x1.jpg"}], "artist": "Kanye West"}