{"songs": [{"title": "Just Soprano Freestyle", "album": null, "year": "2008-08-06", "lyrics": "[Verse 1]\nI'm like Twista on the rap side\nI'm like weave on the track side\nI'm Don Juan on the mack side\nI'm Michael Jordan, Scottie Pippen and Pac's son\nI'm Phil Jackson, this is South Side\nThey call me Kan', the Louis Vuitton don\nBut I still might throw on a little (?) on\nSame place where the (?) from\nSame place I got my flows from\nPlace I got my hoes from\nTalkin', tell me if you know somethin'\nGo on 'head, roll somethin'\nBitches get they (?) on when you turn Luke on\nGangstas dance, but they still get they (?) on\nBad Boys II on and she want to go\nI'm a cop the bootleg from it for the show\nWatch the DVD in the car cause the way a nigga live\nWe have more TVs in the whip than in the crib\nMy nigga sells cellphones, we call him Lil' Flip\nWelcome to Chicago, my city is the shit", "image": "https://images.genius.com/3a5e35c68e9ed7bf9a2a63bfa51b261e.675x675x1.jpg"}], "artist": "Kanye West"}