{"songs": [{"title": "On Jimmy Kimmel", "album": "Kanye West's Visionary Streams of Consciousness", "year": "2013-09-26", "lyrics": "JIMMY KIMMEL IS OUT OF LINE TO TRY AND SPOOF IN ANY WAY THE FIRST PIECE OF HONEST MEDIA IN YEARS\n\nJIMMY KIMMEL, I DON'T TAKE IT AS A JOKE\u2026. YOU DON'T HAVE SCUM BAGS HOPPING OVER FENCES TRYING TO TAKE PICTURES OF YOUR DAUGHTER\n\nJIMMY KIMMEL PUT YOURSELF IN MY SHOES \u2026 OH NO THAT MEANS YOU WOULD HAVE GOTTEN TOO MUCH GOOD PUSSY IN YOUR LIFE\u2026\n\nYOU CAN'T PUT YOURSELF IN MY SHOES. YOUR FACE LOOKS CRAZY\u2026 IS THAT FUNNY?\u2026 OR IF I HAD A KID SAY IT WOULD IT BE FUNNY???\n\nSHOULD I DO A SPOOF ABOUT YOUR FACE OR YOU FUCKING BEN AFFLECK\u2026 #NO DISRESPECT TO BEN AFFLECK #ALL DISRESPECT TO JIMMY KIMMEL!!!!\n\nSHOULD I DO A SPOOF ABOUT YOUR FACE OR YOU FUCKING BEN AFFLECK\u2026#NODISRESPECTTOBENAFFLECK #ALLDISRESPECTTOJIMMYKIMMEL!!!!\n\nI LIKE YOU, YOU KNOW ME, I WENT TO YOUR FAMILY'S WEDDING\n\nWHO YOU MADE IT CLEAR TO ME WASN'T YOUR FAMILY WHEN I WAS ON THEN PHONE WITH YOU 5 MINUTES AGO, YOU MANIPULATIVE MEDIA MUTHERFUCKER\n\nSARAH SILVERMAN IS A THOUSAND TIMES FUNNIER THAN YOU AND THE WHOLE WORLD KNOWS IT!!!", "image": "https://images.genius.com/9fa6626ebb7cecda3ba692c1c80f52bf.1000x664x1.jpg"}], "artist": "Kanye West"}