{"songs": [{"title": "Freestyle from Before Infamous Accident", "album": null, "year": null, "lyrics": "Now what if Michael Jordan decided to stick to baseball and Jay-Z decided to stick to crack\nJust Blaze decided to stick to engineering and Kanye never decided to rap?\nWhat if a nigga from the Chi that was ill got a deal on the hottest rap label around?\nBut he wasn't talking about coke and birds, it was more like spoken word\n'Cept the nigga's really putting it down\nAnd he explained the story about how blacks came from glory\nAnd what we need to do in the game\nBut kept in mind as long as [?] folks and niggas is dead broke\nSome things they gone never change\nBut it ain't them [?] folks, it's the white folks that brought us over here with boats and tight ropes\nBut don't forget it was [?] niggas cause\nThe kings got rid of us, they selling a crackhead soap\nNow follow me, sometimes I feel like dream is subtitles\nSay things that mean things but hide them in club titles\nSo you'll hear something real but think that it's meaningless\nLike, \"Damn, I know I feel but I don't know what the meaning is!\"\nSee that there's what make it so ingenious\nAnd that's why Kweli never was lenient\nCause he know what I got, know I was making it hot\n'Fore I was making a lot, 'fore I made it to the Roc", "image": "https://images.genius.com/3a5e35c68e9ed7bf9a2a63bfa51b261e.675x675x1.jpg"}], "artist": "Kanye West"}