{"songs": [{"title": "Highlights", "album": "The Life of Pablo", "year": "2016-02-14", "lyrics": "[Intro: Kanye West & Young Thug]\nHigh lights\nTell my baby I'm back in town\nHigh lights\nTell everybody I'm back in town\nHigh lights\nTell my baby I'm back in town, town\nHigh lights\n\n[Chorus: Kanye West & Young Thug]\nWe only makin' the highlights\nTell my mama, tell my mama, that I only want my whole life to only be highlights\nWe only makin' the highlights\nTell my mama, tell my mama, that I only want my whole life to only be highlights\n\n[Verse 1: Kanye West & Young Thug]\nCan we play that back one time?\nAnd after that night I'm gon' wanna play this shit back, oh no\nSometimes I'm wishin' that my dick had GoPro\nSo I could play that shit back in slo-mo (slow motion)\nI just shot an amateur video; I think I should go pro\n\n[Chorus: Kanye West & Young Thug]\nWe only makin' the highlights\n(slow motion, slow motion, slow motion)\nWe only makin' the highlights\nTell my mama, tell my mama, that I only want my whole life to only be highlights\n\n[Bridge: El Debarge & Kanye West]\nOne life, one night\nUh\nHigh lights\nThat's all I need\nLivin' the life 'til I die\n\n[Verse 2: Kanye West]\nI bet me and Ray J would be friends\nIf we ain't love the same bitch\nYeah, he might have hit it first\nOnly problem is I'm rich\nUh, 21 Grammys, superstar family\nWe the new Jacksons, I'm all about that action\nI'm about that Farrakhan, life is a marathon\nI'ma shift the paradigm, I'ma turn up every time\nI'ma bust a coach's head open on some Diddy shit\nIf he ever talk to my son like an idiot\nOne time for a nigga really gettin' it\nTwo times cause we got the whole city lit\nAdvice to all my niggas: impregnate Bridget\nSo when she have a baby she gon' make another nigga\nGot the Fruit of Islam in the trenches hah?\nEven though they know Yeezus is a Christian hah?\nShe spent her whole check on some Christians\nAnd that girl ain't even religious\nWalkin', livin', breathin' god, you know my past well\nHard to believe in God, your nigga got killed\nBlac Chyna fuckin' Rob, help him with the weight\nI wish my trainer would, tell me what I overate\nSo when I'm on vacay, I need to kick back\nWhat you want?\nYou want a boss or an R&B nigga with a six pack?\nI need every bad bitch up in Equinox\nI need to know right now if you a freak or not\nI need every bad bitch up in Equinox\nI need to know right now if you a freak or not\n\n[Outro: The-Dream]\nI need every bad bitch up in Equinox\nI wanna know right now if you a freak or not\nI need every bad bitch up in Equinox\nI wanna know right now if you a freak or not\nOh lord, oh lord\nI need every bad bitch up in Equinox\nI wanna know right now if you a freak or not\nBad bitch up in Equinox\nI wanna know right now if you a freak or not\nOh lord, oh my lord", "image": "https://images.genius.com/389e5fd1eff885b2e7b62060869945cc.1000x1000x1.jpg"}], "artist": "Kanye West"}