{"songs": [{"title": "Wolves (SNL / Yeezy Season 1)", "album": null, "year": "2015-02-12", "lyrics": "[Produced by Cashmere Cat & Sinjin Hawke]\n\n[Hook: Kanye West]\nLost and, beat up\nDancin', down there\nI found you, somewhere out\n'Round 'round there, right right there\nLost and beat up\nDown there, dancin'\nI found you, somewhere out\nRight down there, right 'round there\n\n[Verse 1: Kanye West]\nLost and, found now\nTurned out, our new love\nDaddy, found out\nHow you turned out, how you turned out\nIf mama knew now\nHow you turned out, you too wild\nYou too wild, you too wild\nYou too wild, I need you now\nI do, love you\nFound you, found you\nRight now, right now\nRight now, right now\nIf your mama, knew how\nYou turned out, you too wild\nYou too wild, you too wild\nYou too wild, and I need you now\nLost and found now\n\n[Bridge: Vic Mensa]\nCry, I'm not sorry\nCry, who needs sorry when there's Hennessey\nDon't fool yourself\nYour eyes don't lie, you're much too good to be true\nDon't fire fight\nYeah I feel you burning, everything's burning\nDon't fly too high\nYour wings might melt, you're much too good to be true\nI'm just bad for you\nI'm just bad, bad, bad for you\nDon't fool yourself\nYour eyes don't lie, you're much too good to be true\nDon't fire fight\nYeah I feel you burning, everything's burning\nDon't fly too high\nYour wings might melt, you're much too good to be true\nI'm just bad for you\nI'm just bad, bad, bad for you\nI'm just bad, bad, bad for you\n\n[Hook: Kanye West]\nLost and, beat up\nDancin', down there\nI found you, somewhere out\n'Round 'round there, right right there\nLost and beat up\nDown there, dancin'\nI found you, somewhere out\nRight down there, right 'round there\n\n[Verse 2: Sia]\nI was lost and beat up\nTurned out, burned up\nYou found me, through a heartache\nKnowin', you were drawn in\nI was lost and beat up\nI was warm flesh, unseasoned\nYou found me, in your gaze\nI found you, oh Jesus\nI was too wild, I was too wild\nI was too wild, I was too wild\nI was too wild, I was too wild\nAmongst the yellow eyes\n\n[Bridge: Vic Mensa]\nCry, I'm not sorry\nCry, who needs sorry when there's Hennessey\nDon't fool yourself\nYour eyes don't lie, you're much too good to be true\nDon't fire fight\nYeah I feel you burning, everything's burning\nDon't fly too high\nYour wings might melt, you're much too good to be true\nI'm just bad for you\nI'm just bad, bad, bad for you\nDon't fool yourself\nYour eyes don't lie, you're much too good to be true\nDon't fire fight\nYeah I feel you burning, everything's burning\nDon't fly too high\nYour wings might melt, you're much too good to be true\nI'm just bad for you\nI'm just bad, bad, bad for you\nI'm just bad, bad, bad for you", "image": "https://images.genius.com/eb24fa79df055c6d3387d00bf7332f0c.1000x521x1.jpg"}], "artist": "Kanye West"}