{"songs": [{"title": "Heartless", "album": "808s & Heartbreak", "year": "2008-11-04", "lyrics": "[Chorus]\nIn the night, I hear 'em talk\nThe coldest story ever told\nSomewhere far along this road\nHe lost his soul to a woman so heartless\nHow could you be so heartless?\nOh, how could you be so heartless?\n\n[Verse 1]\nHow could you be so\nCold as the winter wind when it breeze, yo?\nJust remember that you talkin' to me though\nYou need to watch the way you talkin' to me, yo\nI mean, after all the things that we been through\nI mean, after all the things we got into\nAyo, I know of some things that you ain't told me\nAyo, I did some things but that's the old me\nAnd now you wanna get me back and you gon' show me\nSo you walk around like you don't know me\nYou got a new friend \u2013 well, I got homies\nBut in the end, it's still so lonely\n\n[Chorus]\nIn the night, I hear 'em talk\nThe coldest story ever told\nSomewhere far along this road\nHe lost his soul to a woman so heartless\nHow could you be so heartless?\nOh, how could you be so heartless?\n\n[Verse 2]\nHow could you be so Dr. Evil?\nYou're bringin' out a side of me that I don't know\nI decided we wasn't gon' speak so\nWhy we up 3 a.m. on the phone?\nWhy do she be so mad at me fo'?\nHomie, I don't know, she's hot and cold\nI won't stop, won't mess my groove up\n\u2018Cause I already know how this thing go\nYou run and tell your friends that you're leavin' me\nThey say that they don't see what you see in me\nYou wait a couple of months, then you gon' see\nYou'll never find nobody better than me\n\n[Chorus]\nIn the night, I hear 'em talk (Me)\nThe coldest story ever told\nSomewhere far along this road\nHe lost his soul to a woman so heartless\nHow could you be so heartless?\nOh, how could you be so heartless?\n\n[Bridge]\nTalk and talk and talk and talk\nBaby, let's just knock it off\nThey don't know what we been through\nThey don't know 'bout me and you\nSo I got somethin' new to see\nAnd you just gon' keep hatin' me\nAnd we just gon' be enemies\nI know you can't believe\nI could just leave it wrong\nAnd you can't make it right\nI'm gon' take off tonight into the night\n\n[Chorus]\nIn the night, I hear 'em talk\nThe coldest story ever told\nSomewhere far along this road\nHe lost his soul to a woman so heartless\nHow could you be so heartless? (How, how?)\nOh, how could you be so heartless?\n\n[Outro]\nOn and on and on and on\nAnd on and... and on and on and on", "image": "https://images.genius.com/e30fc05bf4f01b5c173dd8a3b0838888.220x220x1.png"}], "artist": "Kanye West"}