{"songs": [{"title": "The Mind Is Powerful", "album": null, "year": "2016-02-18", "lyrics": "[Intro: Fats Gonder]\nSo now ladies and gentlemen this is star time\nAre you ready for star time?\n\n[Verse 1: Kanye West]\nLife of the rich and gorgeous\nSomeone gonna be forging it\nI told my dad I would have been aborted\nIf I wasn't the one that put the cord in\nPulling up in something looking foreign\nRemember when a nigga couldn't afford shit\nNow I get the order\nThumbing thumbing through my wallet\nAutomatic toilet, now that's the shit\nPopping off with the orbit, I got ya bitch\nLet it go\n\n[Hook]\nGod dammit I need you now\nGod dammit I need you now\nGod damn\nAnd if you're out in the crowd\nGod dammit I need you now\nGod damn\nDon't you play no\n\n[Verse 2: Kanye West]\nLet me fix my neck, chain on\nLet me fix the check, games on\nLet me thump a thump game on\nAnd ain't nobody playing with him no\nSummertime rain with him no\nThey all layin' with him now\nSo I got the Marvin Williams with him now\nNo one wanna pray with him no\nWant it done bathe in it now\nWanna get a raise with him now\nSomething down in nah-ney with em now\nLike we always\nTalk to me like we always\nThe illuminati\nDirt Bike or a Kawasaki\nBottle up on a new party\n\n[Hook]\nGod dammit I need you now\nGod dammit I need you now\nGod damn\nAnd if you're out in the crowd\nGod dammit I need you now\nGod dammit\nDon't you play with you\n\n[Verse 3: Kanye West]\nOh you been\nSomething I can you bitch\nOnly one and they don't forget\n[?] we bout to get\nYeah I walk\nPop sampling\nHold on\nFall out all about\nWhat y'all about\n\n[Hook]\nGod dammit I need you now\nGod dammit I need you now\nGod damn\nAnd if you're out in the crowd\nGod dammit I need you now\nGod dammit\nDon't you play with you\n\n[Verse 4: Kanye West]\nWith your praying hands\nFor you lil' niggas I'm way advanced\nAnd I don't write rhymes, I write tattoos\nAnd when I die they build statues\nYou niggas ain't got the cashews\nFrom the city where cash rules\nTill they run up on a bad mood\nBitch that's a bad move\nBitch get out the way\nSomeone gonna get out today\nAnd I know I was gone for a minute\nBut need to get out today\nNow let us get this money\nSell it for [?] if I want to\n\n[Hook]\nGod dammit I need you now\nGod dammit I need you now\nGod damn\nAnd if you're out in the crowd\nGod dammit I need you now\nGod dammit\nDon't you play with you\n\n[Verse 5: Kanye West]\nDon't play boy\nSomeone [?] what you made boy\nHoppin in the mansion\nWaking around with a robe on\nI could have started play boy\nCause I married a playmate\n[?]\nWhen you stay eight\nAnd they rate\n[?]\nI kinda want the nudes\nSomething for when I'm in that mood\nWoo", "image": "https://images.genius.com/3a5e35c68e9ed7bf9a2a63bfa51b261e.675x675x1.jpg"}], "artist": "Kanye West"}