{"songs": [{"title": "Mercy (RL Grime & Salva Remix)", "album": null, "year": null, "lyrics": "[Intro: Fuzzy Jones]\nWell\nIt is a weeping, and a moaning, and a gnashing of teeth\nIt is a weeping, and a moaning, and a gnashing of teeth\nIt is a weeping, and a moaning, and a gnashing of teeth\nIt is a weeping, and a moaning, and a gnashing of teeth\nIt is a weeping, and a moaning, and a gnashing of teeth\nWhen it comes to my sound which is the champion sound\nOkay\n\n[Verse 1]\nWoo Woo Woo Woo Woo Woo Woo wu-woo\nWoo Woo Woo Woo Woo Woo (Cha-ching) Woo Wu-woo\nWoo Woo Woo Woo Woo Woo Woo wu-woo\nWoo Woo Woo Woo Woo Woo (Cha-ching) Woo Wu-woo\n(Well) Woo Woo Woo Woo Woo Woo (Wrarrr) Woo wu-woo\nWoo Woo Woo Woo Woo Woo (Cha-ching) Woo Wu-woo\nWoo Woo Woo Woo Woo Woo (Wrarrr) Woo wu-woo\nWoo Woo Woo Woo Woo Woo (Cha-ching) Woo Wu-woo\n\n[Verse 2]\nNah Nah-nah-nah nah-nah-nah nah-nah-nah nah-nah\nNah Nah-nah-nah nah-nah-nah nah-nah-nah nah-nah\nNah Nah-nah-nah nah-nah-nah nah-nah-nah nah-nah\nNah Nah-nah-nah nah-nah-nah nah-nah-nah nah-nah\nOkay\n\n[Verse 3]\nDuh Duh Duh Du-duh Duh Duh Duh Du-duh\nDuh Duh Duh Du-duh Duh Duh Duh Du-duh\nDuh Duh Duh Du-duh Duh Duh Duh Du-duh\nDuh Duh Duh Du-duh Duh Duh Duh Du-duh\nDuh Duh Duh Du-duh Duh Duh Duh Du-duh\nDuh Duh Duh Du-duh Duh Duh Duh Du-duh\nDuh Duh Duh Du-duh Duh Duh Duh Du-duh\nDuh Duh Duh Du-duh Duh Duh Duh\n\n[Hook]\nOkay Lamborghini Mercy\nYour chick, she so thirsty\nI'm in that two-seat Lambo with your girl\nShe tryna jerk me\nOkay Lamborghini Mercy\nYour chick, she so thirsty\nI'm in that two-seat Lambo with your girl\nShe tryna jerk me\nOkay Lamborghini Mercy\nYour chick, she so thirsty\nI'm in that two-seat Lambo with your girl\nShe tryna jerk me\nOkay Lamborghini Mercy\nYour chick, she so thirsty\nI'm in that two-seat Lambo with your girl\nShe tryna jerk me\n\n[Verse 5]\nWaaaaaaaaaaaaaaa Wu-waaaaaaaaaaaaaa\nWu-waaaaaaaaaaaa Wu-waaaaaaaaaaaaaa\nWu-waaaaaaaaaaaa Wu-waaaaaaaaaaaaaa\nWuuuuuuuuuuuuuuuuuuuuuuuuuuuuuuuuuu\nIt is a weeping, and a moaning, and a gnashing of teeth\nIt is a weeping, and a moaning, and a gnashing of teeth\nWhen it comes to my sound which is the champion sound\nOkay\n\n[Verse 6]\nWoo Woo Woo Woo Woo Woo (Wrarrr)Woo wu-woo\nWoo Woo Woo Woo Woo Woo (Cha-ching) Woo Wu-woo\nWoo Woo Woo Woo Woo Woo (Wrarrr)Woo wu-woo\nWoo Woo Woo Woo Woo Woo (Cha-ching) Woo Wu-woo\n(Well) Woo Woo Woo Woo Woo Woo (Wrarrr) Woo wu-woo\nWoo Woo Woo Woo Woo Woo (Cha-ching) Woo Wu-woo\nWoo Woo Woo Woo Woo Woo (Wrarrr) Woo wu-woo\nWoo Woo Woo Woo Woo Woo (Cha-ching) Woo Wu-woo\n\n[Verse 7]\nNah Nah-nah-nah nah-nah-nah nah-nah-nah nah-nah\nNah Nah-nah-nah nah-nah-nah nah-nah-nah nah-nah\nNah Nah-nah-nah nah-nah-nah nah-nah-nah nah-nah\nNah Nah-nah-nah nah-nah-nah nah-nah-nah nah-nah\nOkay\n\n[Verse 8]\nDuh Duh Duh Du-duh Duh Duh Duh Du-duh\nDuh Duh Duh Du-duh Duh Duh Duh Du-duh\nDuh Duh Duh Du-duh Duh Duh Duh Du-duh\nDuh Duh Duh Du-duh Duh Duh Duh Du-duh\nDuh Duh Duh Du-duh Duh Duh Duh Du-duh\nDuh Duh Duh Du-duh Duh Duh Duh Du-duh\nDuh Duh Duh Du-duh Duh Duh Duh Du-duh\nDuh Duh Duh Du-duh Duh Duh Duh\n\n[Outro]\nIt is a weeping, and a moaning, and a gnashing of teeth\nIt is a weeping, and a moaning, and a gnashing of teeth\nWhen it comes to my sound which is the champion sound", "image": "https://images.genius.com/3a5e35c68e9ed7bf9a2a63bfa51b261e.675x675x1.jpg"}], "artist": "Kanye West"}