{"songs": [{"title": "Lost in the World", "album": "My Beautiful Dark Twisted Fantasy", "year": "2010-11-22", "lyrics": "[Intro: Justin Vernon]\nI'm up in the woods, I'm down on my mind\nI'm building a still to slow down the time\nI'm up in the woods, I'm down on my mind\nI'm building a still to slow down the time\nI'm up in the woods, I'm down on my mind\nI'm building a still, down the time\n\n[Chorus: Kanye West & Justin Vernon]\nI'm lost in the world, been down my whole life\nI'm up in the woods, I'm down on my mind\nI'm new in the city, and I'm down for the night\nI'm building a still, to slow down the time\nDown for the night, said she\u2019s down for the night\nOoohh, ooohh, ooohh, ooohh\nOoohh, ooohh, ooohh, ooohh (slow down the time)\nI'm lost in the world, been down my whole life\nI'm up in the woods, I'm down on my mind\nI'm new in the city, and I'm down for the night\nI'm building a still, to slow down the time\nDown for the night, down for the night\n\n[Verse: Kanye West]\nYou're my devil, you're my angel\nYou're my heaven, you're my hell\nYou're my now, you're my forever\nYou're my freedom, you're my jail\nYou're my lies, you're my truth\nYou're my war, you're my truce\nYou're my questions, you're my proof\nYou're my stress and you're my masseuse\nMa-ma-se, ma-ma-se, ma-ma-ku-sa\nLost in this plastic life\nLet's break out of this fake-ass party\nTurn this into a classic night\nIf we die in each others arms\nStill get laid in the afterlife\nIf we die in each others arms\nStill get laid, yeah, yeah, yeah\n\n[Pre-Chorus: Justin Vernon, Kanye West & Elly Jackson]\nI'm up in the woods, I'm down on my mind\nRun from the lights, run from the night, run for your life\nI'm new in the city, but I'm down for the night\nDown for the night, down for the night, down for the night\n\n[Chorus: Kanye West]\nI'm lost in the world\nBeen down my whole life\nI'm new in the city\nAnd I'm down for the night, down for the night\nDown for the night\n\n[Bridge: Gil Scott Heron & Kanye West]\nWho will survive in America?\nWho will survive in America? (Down for the night)\nWho will survive in America?\nWho will survive in America?\n\n[Chorus: Kanye West]\nI'm lost in the world\nBeen down my whole life\nI'm new in the city\nAnd I'm down for the night, down for the night\nI'm lost in the world\nBeen down my whole life\nI'm new in the city\nBut I'm down for the night, down for the night\nOh, oh, get down\n\n[Outro]\nHey, woah-ohh, hey, woah-ohh\nHey woah-ohh, hey-hey-hey!\nHey, woah-ohh, hey, woah-ohh\nHey woah-ohh, hey-hey-hey!\nHey, woah-ohh, hey, woah-ohh\nHey woah-ohh, hey-hey-hey!\nHey, woah-ohh, hey, woah-ohh\nHey woah-ohh, hey-hey-hey!\n\n[Produced by Jeff Bhasker & Kanye West]\n\n[Directed by Kanye West and Ruth Hogben]", "image": "https://images.genius.com/5550e82b6628d7662c67be6a9f4b9ea4.1000x1000x1.jpg"}], "artist": "Kanye West"}