{"songs": [{"title": "Celebration", "album": "Late Registration", "year": "2005-08-30", "lyrics": "[Hook]\nYeah, you know what this is\nIt's a celebration, bitches!\nGrab a drink, grab a glass\nAfter that I grab yo ass\n\n[Verse 1]\nWhy you actin' all\nShy and all\nWhy is y'all\nLyin' for?\n\"I never did this before...\"\nStop that\nWhat, you want some Patron?\nI got that\nI mean I promise y'all\nYou fine and all\nAnd your girlfriend, she kinda raw\nBut she not like you\nNo, she not like you\nRight now I need you to mute all the monologue\nAll that talking is gon' give me a Tylenol\nYou put a nigga to sleep, I'm tired of y'all\nRight now the Louis Vuitton don is signing off\n\n[Bridge]\nBut, I just thought you should know\nWe hit the liquor store\nGot some Cris' and some Mo'\nAnd we about to let it floooooow\nHad some problems before but see we let em go\nGot an ounce of that 'dro\nAnd we about to let it bloooooow\n\n[Hook]\nYeah, you know what this is\nIt's a celebration, bitches!\nGrab a drink, grab a glass\nAfter that I grab yo ass\n\n[Verse 2]\nSee you know my style\nI'm very wild\nAnd I vow that my child will be well endowed\nLike his daddy\nAnd tell him that your mama had a fattie\nHe looked up at me said, \"daddy that's the reason why you had me?\"\nYep, we was practicing\n'Til one day your ass bust through the packaging\nYou know what though? You my favorite accident\nSo go head pop some Cristal\nFor my newborn child 'cause now y'all\n\n[Hook]\nKnow what this is\nIt's a celebration, bitches!\nGrab a drink, grab a glass\nAfter that I grab yo ass\n\n[Bridge]\nBut, I just thought you should know\nWe hit the liquor store\nGot some Cris' and some Mo'\nAnd we about to let it floooooow\nHad some problems before but see we let em go\nGot an ounce of that 'dro\nAnd we about to let it bloooooow\n\n[Outro]\nOh, oh!\nWe lookin' for some hoes, hoes!\nOw!", "image": "https://images.genius.com/20be4a5ccc57daf3577b7e0d12f092f8.1000x1000x1.jpg"}], "artist": "Kanye West"}