{"songs": [{"title": "Fall Out Of Heaven (Demo)", "album": null, "year": "2016-02-14", "lyrics": "[Intro: The-Dream + Kanye West]\nNo one wants to fall out of heaven\nUh uh uh uh uh uh uh\nUh uhh\nUh uh uh uh uh uh uh\n\n[Verse 1: Kanye West]\nFall back in the pussy like swoosh, swoosh, woosh\nBallin' money woos, woos, woos\nY'all niggas got jokes, hot jokes Bruce, Bruce, Bruce\nDog, I'm about to get loose, loose, loose\nAll night tryna dutty wine\nWoke up my dick crooked as the Nike sign\nPop's when you had me on\nI could [?] when you had me on\n\n[Hook 1: The-Dream]\nNo one wants to fall out of heaven\nAnd as those sweet tears fall from the sky\nThis girl gon' hate me forever\nAnd as those sweet tears fall from the sky\nNo one wants to fall out of heaven\n\n[Verse 2: Kanye West]\nShe used to get dick from Kanye West\nSo if you ever see her give her Kanye's best\nHer man in the store tryna try his best\nBut he just can't seem to get Kanye fresh\nAnd I just can't seem to get that nigga broke\nAnd I don't know how you get that nigga jokes but\n[mumbling]\nAnd if you ever don't than get at me, at me\n[mumbling]\nWe be ballin' like the athletes\nThe shoes you were wearing were so last week\n\n[Hook 1: The-Dream]\nNo one wants to fall out of heaven\nAnd as those sweet tears fall from the sky\nThis girl gon' hate me forever\nAnd as those sweet tears fall from the sky\nNo one wants to fall out of heaven\n\n[Bridge: Bon Iver]\nWhat are we chasing?\nIt feels like we're changing\n(There's no proof)\nThose on clouds\nLearn to debate YAH\nAin't no love in the playground\n(Now I'm speaking truly loud)\nGo away!\nChained to the bounce now\nAin't no love in the playground\n(Waiting by your phone)\nThat's a long way\n\n[Hook 2: The-Dream]\nAnd as those sweet tears fall from the sky\nThis girl gon' hate me forever\nNothing that I can do to unbreak your heart\nI'm just doing my part\nAnd I try my best not to bring it up\nJust look the other way\nUsed to live in wonder\nYou were struck and now your love feels like thunder\nThunder\nThunder\nThunder\n\n[Outro: Section 25 sample]\nYou can see through the veil\nAnd forget all your cares\nThrow them\nThrow them away", "image": "https://images.genius.com/3a5e35c68e9ed7bf9a2a63bfa51b261e.675x675x1.jpg"}], "artist": "Kanye West"}