{"songs": [{"title": "Wild n' Out (Freestyle)", "album": null, "year": null, "lyrics": "[Freestyle 1: Kanye West] (To Nick Cannon)\nAyo dog\nNicky my dog\nAnd this is for sure\nSo I'm not going to break you down\nAsk Christina Millian know what we did on tour\nStays on tour, and i'll tell you right now\nAnd I like Indian girls, but I won't hurry\nLast time we boned, you had the bedroom smelling like curry\n\n[Freestyle 2: Kanye West] (To Kat Williams)\nCome on boss\nYou were suppose to be the Pimp and Prince\nI've seen you in Friday after next\nAnd I haven't seen you since\n\n[Freestyle 3: Kanye West]\nLook it's hard for me to say shit\nCause I don't know about that gay shit\nBut I see you do, looking like Tiger Woods\nLike lost in the hood\nLooking like Bryant Gumbel\nAnd expect me to be humble\nEvery time I flip a fold your goin to crumble\nWith them phony ass pony's\nBitch read the news\nWhy you always try running in the back and grab all the free shoes\nSo Why don't you buy somethin' ?\nWhy don't you try somethin' ?\nStop lying, stop fronting\nY'all niggas don't know about nothing\n\n[Freestyle 4: Kanye West]\nI could rip all of yall\nIn a line\nWith every rhyme\nYall know Kanye, is like the greatest all time\n'Cause I do the Grammys, and comeback with my family\nRippin' you muthafuckers\nWith the mic that you hand me\nYou all don't understand me dawg\nYou still pushing camrys\nPlease, step back for a minute\nYou the Lieutenant, I'm the General\nAnd generality killing yall\nAnd Yeah, and I could keep it right there\nKanye ripping you niggas\nThis shit is unfair!", "image": "https://images.genius.com/3a5e35c68e9ed7bf9a2a63bfa51b261e.675x675x1.jpg"}], "artist": "Kanye West"}