{"songs": [{"title": "Famous (Chance Remix)", "album": null, "year": "2016-02-14", "lyrics": "[Intro: Rihanna + Kanye West]\nMan I can understand how it might be\nKinda hard to love a girl like me\nI don't blame you much for wanting to be free\nI just wanted you to know\nSwizz told me let the beat rock\n\n[Verse 1: Kanye West + (Swizz Beatz)]\nFor all my Southside niggas that know me best\nI feel like me and Taylor might still have sex\nWhy? I made that bitch famous (Goddamn)\nI made that bitch famous\nFor all the girls that got dick from Kanye West\nIf you see 'em in the streets give 'em Kanye's best\nWhy? They mad they ain't famous (Goddamn)\nThey mad they still nameless (Talk that talk, man)\nHer man in the store tryna try his best\nBut he just can't seem to get Kanye fresh\nBut we still hood famous (Goddamn)\nYeah we still hood famous\n\n[Hook: Rihanna + Swizz Beatz]\nI just wanted you to know\nI loved you better than your own kin did\nFrom the very start\nI don't blame you much for wanting to be free\nWake up, Mr. West! Oh, he's up!\nI just wanted you to know\n\n[Verse 2: Chance The Rapper]\nGood God\nMidwest coast back nigga\nAnd don't say nigga unless of course you black nigga\nFree country they say that shit in Tennessee\nCuz I got all they white daughters drinking Hennessy\nI'ma go to Sal's, put some niggas on a wall\nI might go to Oz take some niggas off the wall\nGot the key to the city, the streets on lock\nTryna take 'em to the top, they say Chano so involved\nI know\nKing Dolo, 3rd, even the group solo\nIt's been that way since my shirt had 2 polos\nWe the kids they keep in the back\nI'm in love with my city, bitch I sleep in my hat\nI'm a free agent, go and do the math\nUnderdog of underground, Tubman with the path\nThey askin' bout the help and all I do is laugh\nI say God my only boss, even Moses had a staff\n\n[Bridge: Sister Nancy + Swizz Beatz]\nBam bam, 'ey 'ey 'ey\nBam bam bam, bam bam dilla\nBam bam 'ey 'ey 'ey\nWhat a bam bam, bam bam dilla\nHow you feeling right now? Let me see your lighters in the air\nBam bam 'ey 'ey 'ey 'ey 'ey\nBam bam 'ey 'ey 'ey\nWhat a bam\nLet me see your middle finger in the air\nBam bam 'ey 'ey 'ey\nBam bam bam, bam bam dilla\nLet me see you act up in this motherfucker\nBam bam 'ey 'ey 'ey\nWhat a bam bam, bam bam dilla\nHow you feelin', how you feelin, how you feelin' in this mother fucker, god damn\nBam bam 'ey 'ey 'ey 'ey 'ey\nBam bam 'ey 'ey 'ey\nWhat a bam\nOne thing you can't do is stop us now\nBam bam,'ey 'ey 'ey\nBam bam bam, bam bam dilla\nYou can't stop the thing now\nBam bam bam 'ey 'ey 'ey\nWhat a bam bam, bam bam dilla\nMan it's way too late, it's way too late, it's way too late you can't fuck with us\nBam bam, 'ey 'ey 'ey 'ey 'ey\nBam bam, 'ey 'ey 'ey\nWhat a bam\nTo the left, to the right\nBam bam 'ey 'ey 'ey\nBam bam bam, bam bam dilla\nI wanna see everybody hands in the air like this\nBam bam 'ey 'ey 'ey\nWhat a bam bam, bam bam dilla\nBam bam 'ey 'ey 'ey 'ey 'ey\nBam bam 'ey 'ey 'ey\nWhat a bam, bam\n\n[Outro: Nina Simone]\nI just wanted you to know\nI loved you better than your own kin did\nFrom the very start\nI don't blame you much for wanting to be free\nI just wanted you to know", "image": "https://images.genius.com/3a5e35c68e9ed7bf9a2a63bfa51b261e.675x675x1.jpg"}], "artist": "Kanye West"}