{"songs": [{"title": "SAIC Commencement Lecture", "album": null, "year": "2015-05-08", "lyrics": "I am a pop artist. So my medium is public opinion and the world is my canvas\n\n'I\u2019m sorry' is something that you can use a lot. It gives you the opportunity to give your opinion, apologize for it, and give your opinion again. People say 'You shouldn't have to be sorry for your opinions ...' George Bush ... has some very cool self portraits. I didn't know he was an artist!\n\nI felt my nerves a bit, and I don\u2019t feel that feeling a lot. The nerves of humility and modesty when being honored, a humanization of a reality of being recognized. And all I thought as I sat there [in the audience Monday], kind of shaking a little bit, is I need to get rid of that feeling, I need to not be nervous\n\nThis honor is going to make your lives easier, for two reasons: You don\u2019t have to defend me as much! And I\u2019m going to make all of our lives easier. It is these Floyd Mayweather belts that are needed to prove what I have been saying my entire life \u2013 whether it was the sign of Paul McCartney grabbing me and saying, 'It's OK, he doesn't bite,' or the New York Times cover, or the Time (magazine) most-influential cover. And now a doctorate at the School of the Art institute of Chicago\n\nWhen I was giving a lecture at Oxford, I brought up this school, because when I went on a mission to create in other spaces \u2013 apparel, film, performance \u2013 it would have been easier to have just said I had a degree at the Art Institute of Chicago! Thank you\n\nQuestions from the crowd:\n\nCan I give you a hug? When are you going to open a school? What does Chicago mean to you? Can we hang out later? Do you wanna build a snowman?\n\nI say I wanna build a snowman because I want Bob Iger, the head of Disney, to invest in my ideas. Not one idea, not a good idea, or even a bad idea \u2014 a series of them. But just in my ideas...I feel Disney should have an art fund that completely supports all of the artists and...I feel there should be a responsibility", "image": "https://images.genius.com/3a5e35c68e9ed7bf9a2a63bfa51b261e.675x675x1.jpg"}], "artist": "Kanye West"}