{"songs": [{"title": "Highlights (The-Dream Demo)", "album": null, "year": null, "lyrics": "[Intro: Kanye West & Young Thug]\nHigh lights\nTell my baby I'm back in town\nHigh lights\nTell everybody I'm back in town\nHigh lights\nTell my baby I'm back in town\nHigh lights\n\n[Hook: Kanye West & Young Thug]\nWe only makin' the highlights\nTell my mama, tell my mama, that I only want my whole life to only be highlights\nWe only makin' the highlights\nTell my mama, tell my mama, that I only want my whole life to only be highlights\n\n[Verse 1: Kanye West, The-Dream & Young Thug]\nCan we play that back one time?\nAnd after that night I'm gon' wanna play this shit back (shit back)\nI don't know (I don't know)\nSometimes I'm wishin' that my dick had GoPro (GoPro)\nSo I could play that shit back in slo-mo (in slo-mo, slow motion)\nI just shot an amateur video; I think I should go pro (go pro)\n\n[Hook: Kanye West, The-Dream & Young Thug]\nWe only makin' the highlights (highlights, slow motion, slow motion)\nDiamonds in the sunlight\nWe only makin' the highlights (slow motion, slow motion)\nTell my mama, tell my mama, that I only want my whole life to be only be highlights (Yeah, just one night)\n\n[Bridge: El Debarge & Kanye West]\nOne life, one night\nUh\nHigh lights\nShine like me\nLivin' the life 'til I die\n\n[Verse 2: Kanye West & The-Dream]\nI bet me and Ray J would be friends\nIf we ain't love the same bitch\nYeah, he might have hit it first\nOnly problem is I'm rich\nHigh...\nLights...\n21 Grammys, superstar family\nWe the new Jacksons, I'm all about that action\nI'm about that Farrakhan (We only making the)\nLife is a marathon (high)\nI'ma shift the paradigm (lights)\nI'ma turn up every time\nI'ma bust a coach's head open on some Diddy shit (I live my life)\nIf he ever talk to my son like an idiot (on the high lights)\nSo conflicted\nPetty and specific\nGot a hundred stories in the building\nY'all niggas is midget\nAdvice to all my niggas\nImpregnate Bridgette (Oh no)\nSo when she have a baby she gon' make another nigga (gotta play this shit back)\nAnd eventually it's gon' be so many niggas\nGreat pool party and the weekend that's the business\nThis one white girl told me she hate white cock\nThat's when I knew hip-hop was the new rock\nMight tell a lesson and still is my mentor\nFamous people act so damn pretentious huh\nWhat you need just a hour or some interest huh\n[?] thick dick [?] huh\nGot the Fruit of Islam in the trenches huh? (da di da, da di da)\nEven though they know Yeezus is a Christian huh? (da di da)\nShe spent her whole check on some Christians huh? (da di da, da di da)\nAnd that bitch ain't even religious huh? (da di da)\nWalkin', livin', breathin', girl you know my past well\nHard to believe in God, your nigga got killed\nBad bitches fuckin' Rob, though he overweight\nI wish my trainer would, tell me what I overate\nSo when I'm on vacay, I need to kick back, hah!  (ooh na na na na na)\nWhat you want?\nYou want a boss or an R&B nigga with a six pack? (ooh na na na na na)\nI need every bad bitch up in Equinox (ooh na na na na na)\nI need to know right now if you a freak or not (ooh na na na na na)\nI need every bad bitch up in Equinox (ooh na na na na na)\nI need to know right now if you a freak or not\n\n[Outro: The-Dream]\nI need every bad bitch up in Equinox\nI wanna know right now if you a freak or not\nI need every bad bitch up in Equinox\nI wanna know right now if you a freak or not\nOh lord\nOoh na na na na na\nOh lord\nOoh na na na na na\nI need every bad bitch up in Equinox\nI wanna know right now if you a freak or not\nI need every bad bitch up in Equinox\nI wanna know right now if you a freak or not\nOh lord\nOoh na na na na na\nOh lord\nOoh na na na na na\nI need every bad bitch up in Equinox\nI wanna know right now if you a freak or not\nBad bitch up in Equinox\nI wanna know right now if you a freak or not\nOh lord\nOh my lord\nOoh na na na na\n\nDelete\n\nDelete", "image": "https://images.genius.com/3a5e35c68e9ed7bf9a2a63bfa51b261e.675x675x1.jpg"}], "artist": "Kanye West"}