{"songs": [{"title": "Poem Dedicated to Martin Luther King Jr.", "album": null, "year": null, "lyrics": "A man who fought for freedom\nA man who fought for equality\nThose who were against him\nWere too blind to see\nWhat this man was fighting for\nSo Blacks, Hispanics, Jews and Asians could put their foot in the door\nYes, we know that this man is great\nThat's why today we celebrate\nEveryone lifts their voice and sing\nFor a man who wanted freedom to ring\nMartin Luther King is who I'm speaking of\nA man whose name means love", "image": "https://images.genius.com/3a5e35c68e9ed7bf9a2a63bfa51b261e.675x675x1.jpg"}], "artist": "Kanye West"}