{"songs": [{"title": "Wolves", "album": "The Life of Pablo", "year": "2016-02-14", "lyrics": "[Produced by Cashmere Cat and Sinjin Hawke]\n\n[Chorus: Kanye West]\nLost out, beat up\nDancin', down there\nI found you, somewhere out\n'Round 'round there, right right there\nLost and beat up\nDown there, dancin'\nI found you, somewhere out\nRight down there, right 'round there\n\n[Verse 1: Kanye West]\nLost and, found out\nTurned out, how you thought\nDaddy, found out\nThat you turned out, how you turned out\nIf mama knew now\nHow you turned out, you too wild\nYou too wild, you too wild\nYou too wild, I need you now\nLove you, got to\nLove you, love you\nFound you, found you\nRight now, right now\nRight now, right now\nIf your mama knew how\nYou turned out, you too wild\nYou too wild, you too wild\nYou too wild, and I need you now\nLost in... my doubt\n\n[Bridge: Vic Mensa]\nCry, I'm not sorry\nCry, who needs sorry when there's Hennessy?\nDon't fool yourself\nYour eyes don't lie, you're much too good to be true\nDon't fire fight\nYeah I feel you burning, everything's burning\nDon't fly so high\nYour wings might melt, you're much too good to be true\nI'm just bad for you\nI'm just bad, bad, bad for you\n\n[Verse 2: Sia]\nI was lost and beat up\nTurned out, burned up\nYou found me, through a heartache\nDidn't know me, you were drawn in\nI was lost and beat up\nI was warm flesh, unseasoned\nYou found me, in your gaze\nWell, I found me, oh, Jesus\nI was too wild, I was too wild\nI was too wild, I was too wild\nI was too wild, I was too wild\n\n[Chorus: Kanye West]\nAnd I need you now\nLost and found out\n\n[Verse 3: Kanye West]\nYou gotta let me know if I could be your Joseph\nOnly tell you real shit, that's the tea, no sip\nDon't trip, don't trip, that pussy slippery, no whip\nWe ain't trippin' on shit, we just sippin' on this\nJust forget the whole shit, we could laugh about nothin'\nI impregnate your mind, let's have a baby without fuckin', yo\nI know it's corny bitches you wish you could unfollow\nI know it's corny niggas you wish you could unswallow\nI know it's corny bitches you wish you could unfollow\nI know it's corny niggas you wish you could unswallow\nI know it's corny bitches you wish you could unfollow\nI know it's corny niggas you wish you could unswallow\nYou tried to play nice, everybody just took advantage\nYou left your fridge open, somebody just took a sandwich\nI said baby what if you was clubbin'\nThuggin', hustlin' before you met your husband?\nThen I said, \"What if Mary was in the club\n'Fore she met Joseph around hella thugs?\nCover Nori in lambs' wool\nWe surrounded by the fuckin' wolves\"\n(What if Mary) \"What if Mary\n(Was in the club) was in the club\n'Fore she met Joseph with no love?\nCover Saint in lambs' wool\n(And she was) We surrounded by\n(Surrounded by) the fuckin' wolves\"", "image": "https://images.genius.com/389e5fd1eff885b2e7b62060869945cc.1000x1000x1.jpg"}], "artist": "Kanye West"}