{"songs": [{"title": "Black Skinhead (Live on SNL)", "album": null, "year": null, "lyrics": "[Verse 1]\nFor my theme song (black)\nMy leather black jeans on (black)\nMy by-any-means on\nPardon, I'm getting my scream on (black)\nEnter the kingdom (black)\nBut watch who you bring home\nThey see a black man with a white woman\nAt the top floor they gone come to kill King Kong\nMiddle America packed in (black)\nCame to see him and his black kin (black)\nMy money was number one draft pick\nThey still burned his jersey in Akron\nIf I don't get ran out by Catholics\nHere come some conservative Baptists\nSaying he overreactin'\nLike them black kids in Chiraq bitch\n\n[Hook]\n[?]\nThink I'm possessed, it's an omen\nI keep it 300, like the Romans\n300 bitches, where the Trojans?\nBaby we livin' in the moment\nBaby we livin' in the moment\nBaby we livin' in the moment\nBaby we livin' in the moment\n\n[Bridge]\nSo follow me up cause this shit 'bout to go down\nI'm doing 500, I'm outta control now\nAnd nowhere to go now\nBut there's no way to slow down\nRunnin' outta time\nJust put your ass and enjoy the crash\n\n[Hook]\nFour in the mornin', and I'm zonin'\nI think I'm possessed, it's an omen\nI keep it 300, like the Romans\n300 bitches, where the Trojans?\nBaby, we livin' in the moment\nI've been a menace for the longest\nBut I ain't finished, I'm devoted\nAnd you know it, and you know it\n\n[Verse 2]\nStop all that coon shit\nEarly morning cartoon shit\nThis is that goon shit\nFuck up your whole afternoon shit\nI'm aware I'm a wolf\nSoon as the moon hit\nI'm aware I'm a king\nBack out the tomb bitch\nBlack out the room, bitch\nStop all that coon shit\nThese niggas ain't doin' it\nThem niggas ain't doin' it\nWhat do you say to a masked man\nThis Inglorious Bastard that\u2019s rapping\nWe might have to burn this whole suit down\nLike the theater that Hitler was trapped in\n\n[Hook]\nFour in the mornin', and I'm zonin'\nI think I'm possessed, it's an omen\n300 girls, and we know it\n300 girls, and I'm zonin'\nBaby, we livin' in the moment\nBaby, we livin' in the moment\nBaby, we know it, keep it goin'\nKeep it goin', keep it goin'\n\n[Bridge]\nSo follow me up cause this shit 'bout to go down\nI'm doing 500, I'm outta control now\nBut there's nowhere to go now\nAnd there's no way to slow down\nRunnin' outta time - movin' fast\nJust [?] and enjoy the crash", "image": "https://images.genius.com/3a5e35c68e9ed7bf9a2a63bfa51b261e.675x675x1.jpg"}], "artist": "Kanye West"}