{"songs": [{"title": "See You In My Nightmares (Live From VH1 Storytellers)", "album": "VH1 Storytellers", "year": "2010-01-05", "lyrics": "So many people get caught up in trying to remake their first album and it's impossible for me to make another College Dropout, but I could make the best Graduation and best 808's that I could make. And that's how you, I think, keep advancing as an artist. So few, you know, Hip Hop artists have ever advanced: their songs on their seventh, eight album sound exactly like the songs of their first album. More than a artist, I'm a real person and real people grow and I wanna just sing my growth\n\n[Hook]\nI got the right to put up a fight\nBut not quite cause you cut off my lights\nBut my sight is better tonight\nAnd I might see you in my nightmare\nBut how'd you'd get there\nCause we were once a fairy tale\nBut this is farewell\n\n[Verse 1]\nI got my life and it's my only one\nI got the night, I'm running from the sun\nSo good night, I'm headed out the door..\nAfter tonight, there will be no return\nAfter tonight, I'm taking off on the road\nI'm taking off on the road\nAnd that you know\nThat you know\n\n[Bridge]\nTell everybody that you know\nThat I don't love you no more\nAnd that's one thing that you know\nThat you know\n\n[Verse 2]\nOkay, I'm back up on my grind\nYou do you and I'm just gon' do mine\nYou do you and I'm just gon' be fine\nOkay, I got you out my mind\nAnd the night is young, the drinks is cold\nThe stars is out, I'm ready to go\nYou always thought I was always wrong\nWell, now you know\n\n[Bridge 2x]\nTell everybody, everybody that you know\nTell everybody that you know\nThat I don't love you no more\nAnd that's one thing that you know\nThat you know\n\nThat you know, ohhh", "image": "https://images.genius.com/3c0aee76b72a24d6c01e44a72adb029c.1000x871x1.jpg"}], "artist": "Kanye West"}