{"songs": [{"title": "Message In A Bottle Freestyle", "album": null, "year": "2007-01-01", "lyrics": "Uh, uh, uh\nYeah, yeah, yeah\nPut your hands in the air\nI'm sending a message in a bottle\nIt says \"We need a new tomorrow\"\nAnd we need some new leaders to follow\nYeah we need some new leaders to follow\nI'm telling you everything that I know\n{?} got {?} cause he got my vote\nAnd I'mma tell you this because I should\nSting, you the only police good in the hood\nAir, air, now throw your hands in the air, air\nAnd we gonna elect John the mayor\nAir, wave 'em around like you just don't care, yeah\nWave 'em around like you just don't care, yeah\nYeah\nYeah, yeah, yeah, yeah, yeah\nWe can save the world!\nWe can save the world!\nWe can save the world!\nWe can save the world!\nWe can save the world!\nWe can save the world!\nYeah\nYeah\nYeah", "image": "https://images.genius.com/3a5e35c68e9ed7bf9a2a63bfa51b261e.675x675x1.jpg"}], "artist": "Kanye West"}