{"songs": [{"title": "On Bob Ezrin", "album": "Kanye West's Visionary Streams of Consciousness", "year": "2016-02-24", "lyrics": "Has anybody ever heard of Bob Ezrin???\n\nWhat the fuck does he know about rap\u2026\n\nI\u2019m tired of old people that have no connection with anything trying to comment on music!\n\nDo something relevant\u2026 Please don\u2019t speak on me bro ever again!!!\n\nYour kids are ashamed of their dad\u2026  Sorry for speaking about kids\u2026  but could you imagine if you were Bob Ezrin\u2019s kids\u2026\n\nI\u2019m so sorry for them\u2026   I will send them free Yeezys to make up for the embarrassment that you have caused your family!\n\nBro you said Macklemore was more important musically than me\u2026 no offense to Macklemore, he\u2019s a nice human being!\n\nBob please never speak in public again\u2026 you are everything that is wrong with the old guard \u2026\n\nIt\u2019s guys like you that run companies and don\u2019t invest in Ye even if I\u2019m your kid\u2019s idol!!!\n\nRock and Roll was stolen\u2026 Rap was exploited\u2026\n\nI made Dark Fantasy and Watch the Throne in one year and wasn\u2019t nominated for either and you know who has 2 albums of the year\n\nWelcome to pop culture!!!\n\nEzrin I truly feel sorry for your friends and family that they have had to suffer an idiot like you for so many years\u2026\n\nGod bless the fools \u2026 all positive vibes!", "image": "https://images.genius.com/9fa6626ebb7cecda3ba692c1c80f52bf.1000x664x1.jpg"}], "artist": "Kanye West"}