{"songs": [{"title": "Last Night", "album": "Freshmen Adjustment Vol. 2", "year": null, "lyrics": "[Hook: John Legend]\nLast night I dreamt of an angel\nI almost passed away you're yesterday but I'm blessed today\nOn top of the world acts so painful\nIt ain't no mystery, it's meant for me to make history\n\n[Verse: Kanye West]\nNiggas thought I couldn't rhyme but I tricked 'em\nMy pulse quickened, I\nBrought myself outta last place, I Michael Vick'd 'em\nNiggas thought I let 'em down like Tyson\nI got the belt like Lewis\nI took these beats, I passed 'em to myself, I'm Kordell Stewart\nBack on the corner, back on the block\nThe Quincy Jones of hip hop, it's my time like Warner\nSince I shine like Shyne in '99 with his\nA lot of people talkin' real outta like with this\nThere's a war going on a few bitches wanna start with me\nShowing the New World, I'mma Order even more of me\nSo I can live forever like diamonds\nThrow your diamonds up, cause almost dying ain't stop me from rhyming\nI hate a deadbeat nigga that rely on his man\nSee he'll lie on his dick but won't lie on the stand\nAnd go to every single barbershop and lie to the fans\nSo it's time for Kanye to put the Chi on again\nI'm the 2003, Do Or D-I-E\nThey trying to say the best nigga is Twista, then me\nIt's all R.O.C., it's all family tree\nI got that new G5 he got that new Hum-Vee\nIncorporate Young Hov and that's The Blueprint 3\nAnd The Blueprint 2 is 3 mil right now\nSo cut all that, \"I don't like Bonnie & Clyde shit out\nListen\n\n[Bridge: John Legend + Sample]\nOooh hooo\nI got nowhere to\nOooh hooo\nI got nowhere to\nOooh hooo\nI got nowhere to\n\n[Bridge: Kanye West]\nDawg, there's nowhere to hide\nAll I got is my pride\nI almost died\nI keep that 2Pac feeling alive\nYou have no idea how I'm feeling inside\nIt's the Roc throw your diamonds up in the sky\n\n[Hook: John Legend]", "image": "https://images.genius.com/96319570be9d2165984a99be5ecf2edf.500x500x1.jpg"}], "artist": "Kanye West"}