{"songs": [{"title": "Black Bruce Wayne", "album": null, "year": "2014-05-30", "lyrics": "[Kanye West]\nI hear the girls scream soon as we arrivin'\nYou can ask Ibn, we be straight mackin'\nY'all work at IBM, hotels they be in\nOoh la la, tres bien magnifique\nAny street\n\nFather is the black Bruce Wayne\nOnly shorty in preschool rockin' two chains\n\nIf you talkin' 'bout marriage, you mean multi-million heiress", "image": "https://images.genius.com/3a5e35c68e9ed7bf9a2a63bfa51b261e.675x675x1.jpg"}], "artist": "Kanye West"}