{"songs": [{"title": "Highlights (Madonna Demo)", "album": null, "year": null, "lyrics": "[Snippet begins]\n[Intro: Madonna]\n... back in town\n\n[Hook: Kanye West & Madonna]\nWe only making the highlights\nBaby I'm back in town\nI want my whole life to only be highlights\nWe only making the highlights\nI want my whole life to only be highlights\n(Highlights)\n\n[Verse 1: Kanye West]\nCan we play that back one time?\nAnd after that night I'ma wanna play this shit back, I don't know\nSometimes I'm wishin' that my dick had GoPro\nSo I could play that shit back in slo-mo\nI just shot an amateur video; I think I should go pro\n\n[Hook: Kanye West & Madonna]\nWe only making the highlights\nTell my baby I'm back in town\nI want my whole life to only be highlights\nWe only making the highlights\nBaby I'm back in town\nI want my whole life to only be highlights\n\n[Interlude: Kanye West]\nUhh (highlights)\nShine like me\n(I live my life on the highlights)\n(Highlights)\n(Oh no!)\n(Gotta play this shit back!)\n\n[Verse 2: Kanye West]\nAin\u2019t gon lie that pussy might give her a pay stub\nShe tryna make the highlights how she made love\nWhoever did her hair and makeup\nDefinitely need a pay cut\nShe went from Ds to an A cup\nTryna get a me to theJacob\n[?]\n[?]\n[?]\nThat was 'posed to be your money, wasn't it?\nThat was 'posed to be honey, wasn\u2019t it (We only making the highlights)\n[?]\n[?]\n[?]\n[?]\n[?]\nThump thump, *mumbles*\n[?]\nUp now (Oh no!)\n(Gotta play this shit back!)\nOh no! *mumbles*\nGood looks, good love\n*mumbles*\n[Snippet ends]", "image": "https://images.genius.com/3a5e35c68e9ed7bf9a2a63bfa51b261e.675x675x1.jpg"}], "artist": "Kanye West"}