{"songs": [{"title": "On Kid Cudi", "album": "Kanye West's Visionary Streams of Consciousness", "year": "2016-09-14", "lyrics": "Kid Cudi, don't ever mention Ye name! I birthed you. We out here dealing with that emo shit all the time. Me, Pat, Don C, don't never mention Ye name! Don't try to say who I can do songs with. You mad 'cos I'm doing songs with Drake. Ain't nobody telling Ye who to do songs with. Respect the god! Run it back Mike.\n\n[continued]\n\nMe and your parents is cool. You know how many people wish they could be signed to G.O.O.D. Music, get their life changed? Had that opportunity? Never... forget that. I'm so hurt. I feel so disrespected.\n\nKid Cudi, we two black men in a racist world. I wore skinny jeans first. I got called names before you bruh. Why y'all gotta be coming at me? This ain't the end of the \"Malcolm X\" movie!\n\nI'm out here fighting for y'all! Creatives. Artists. Independent thinkers.\n\nDon't never mention my name! In a bad manner!\n\nNone of y'all!", "image": "https://images.genius.com/9fa6626ebb7cecda3ba692c1c80f52bf.1000x664x1.jpg"}], "artist": "Kanye West"}