{"songs": [{"title": "\"We'll Find a Way\" (Unreleased/Sunday Service)", "album": null, "year": null, "lyrics": "[Verse 1]\nThere's been a lot of change in my life\nSome might've guessed and some dared to find\nMust keep the faith in, faith in each other\nYou are my brother, family\n\n[Chorus]\nBodies on the wall around us (yeah-yeah)\nWatching people all around us (yeah)\nGotta wake up to the call above us (Ooh-ooh-oh)\nThen I know it's gonna be alright (Yeah-yeah)\nIt's gonna come around, we're enlightened\nPraying that we all stay guided\nSome way, somehow (Ooh-ohh)\nWe'll find a way\n\n[Verse 2]\nWe will weld this world, world back together\nLet's make a way, We'll lead the way (Must)\nMust keep the faith, faith in each other\nYou are my brother, family\n\n[Chorus]\nBodies on the wall around us (Trap)\nWatching people all around us\nGotta wake up to the call above us\nThen I know it's gonna be alright\nIt's gonna come back around, we're enlightened\nPraying that we all stay guided\nSome way, somehow (Ooh-ohh)\nWe'll find a way\nHey (Ooh-ooh-ooh)\nWe'll find a way\nSome way, somehow (Ooh-ohh)\nWe'll find a way, we'll find a way\n\n[Verse 3]\nThere's been a lot of change in our lives (Change)\nSome would've guessed and some dared to find (Ooh-ohh)\nMust keep the faith in, faith in each other (Ooh)\nYou are my brother, family\n\n[Chorus]\nBodies on the wall around us (Yeah)\nWatching people all around us (Yeah)\nGotta wake up to the call above us (Yeah)\nThen I know it's gonna be alright (Yeah)\nIt's coming back around, we're enlightened (Yeah)\nPraying that we all stay guided (Yeah)\nSome way, somehow (Ooh-ooh)\nWe'll find a way\nBodies on the wall around us\nWatching people all around us\nGotta wake up to the call above us\nThen I know it's gonna be alright\nIt's coming back around, we're enlightened\nPraying that we all stay guided\nSome way, somehow (Ooh-ooh)\nWe'll find a way\n\n[Break]\nOh-oh-oh-yeah-aye\nWe'll find a way\nOh-oh-yeah-yeah\nWe'll find, we'll find a way\nOh-oh-yeah-yeah\nWe'll find a way\nOh-ohh! Oh-ohh!\n\n[Chorus]\nBodies on the wall around us\nWatching people all around us\nGotta wake up to the call above us\nThen I know it's gon' be alright\nIt's coming back around, we're enlightened\nPraying that we all stay guided\nSome way, somehow (Ooh-ooh)\nWe'll find the way", "image": "https://images.genius.com/3a5e35c68e9ed7bf9a2a63bfa51b261e.675x675x1.jpg"}], "artist": "Kanye West"}