{"songs": [{"title": "Rich Nigga Drunk", "album": null, "year": null, "lyrics": "[Chorus: Kanye West]\nShe under the influence\nKeep doin' what you been doin'\nKeep doin' what you been doin'\nKeep doin' what you been doin'\nShe under the influence\nShe rich nigga drunk\nA broke nigga text her\nShe roll her eyes like, \"What this nigga want?\"\nShe under the influence\nKeep doin' what you been doin'\nKeep doin' what you been doin'\nKeep doin' what you been doin'\n\n[Verse 1: Tyga]\nShe under my influence, she rich nigga drunk\nAll you got is chump change 'cause you been with a chump\nYou should be on Punk 'cause you been with a punk\nI been ballin' all year, yeah, he been in a slump\nLet's spend a weekend in the TRUMP, we can get rich nigga drunk\nDrink up everything in the minibar, to make you call to fill it up\nYeah, that's that rich nigga drunk, she say she sick of gettin' up\n8am, tryna wake up kids, barely got time to fix her lunch\nWe'll come get rich nigga drunk, kiss my dick, kiss it once\nOkay, just one kiss, this time with a little tongue\nWoo, she rich nigga drunk, gon' let a rich nigga fuck\nSaid she never been a quitter, but she finna give it up, agh\n\n[Chorus: Kanye West]\nShe under the influence\nKeep doin' what you been doin'\nKeep doin' what you been doin'\nKeep doin' what you been doin'\nShe under the influence, she rich nigga drunk\nA broke nigga text her, she roll her eyes like, \"What this nigga want?\"\nShe under the influence\nKeep doin' what you been doin'\nKeep doin' what you been doin'\nKeep doin' what you been doin'\n\n[Verse 2: Kanye West]\n'Cause I look too good to be workin' this hard\nI look too good to be workin' this job\nShe back up on me, she back it up on me\nShe, she back up on me, she back it up on me\nBack it up on me, she back up on me\nShe back up on me, she back up on me\nShe back up on me, she back up on me\nYeah, she back up on me, she back up on me\nShe got [?], and [?] wanna see\n[?], she back up on me\nShe back up on me, she back up on me\nShe back up on me, she back up on me\nShe want girls to see, wantin' her girls to see\nWanna get down for me", "image": "https://images.genius.com/3a5e35c68e9ed7bf9a2a63bfa51b261e.675x675x1.jpg"}], "artist": "Kanye West"}