{"songs": [{"title": "Bound 1", "album": null, "year": "2014-02-16", "lyrics": "[Hook: John Legend]\nI know you're tired of loving, of loving\nWith nobody to love, nobody, nobody\n[Hook: Charlie Wilson]\nSo just grab somebody, no leaving this party\nWith nobody to love, nobody, body\n\n[Verse 1: Kanye West]\nWhat you doing in the club on a Thursday?\nShe say she only here for her girl birthday\nOkay, the hundreds here, [?] Thursday\nThey ordered champagne, why they look thirsty?\nI know I got a bad reputation\nWalking 'round, always mad reputation\nLeave a pretty girl sad reputation\nStart a Fight Club, Brad reputation\nSuccess, and it's time for [?]\nIt's like the first time back in the basement\n[?]\n[?]\nUh, this that prom shit\nThis that what we do, don't tell your mom shit\nThis that red cup, all on the lawn shit\nGot a fresh cut, straight out the salon, bitch\n\n[Hook: John Legend]\nI know you're tired of loving, of loving\nWith nobody to love, nobody, nobody\n[Hook: Charlie Wilson]\nSo just grab somebody, no leaving this party\nWith nobody to love, nobody, body\n\n[Outro: Charlie Wilson]\nYeah\nI know you're tired of loving, of loving\nWith nobody to love, nobody, nobody\nJust grab somebody, no leaving this party\nWith nobody to love, nobody, nobody", "image": "https://images.genius.com/3a5e35c68e9ed7bf9a2a63bfa51b261e.675x675x1.jpg"}], "artist": "Kanye West"}