{"songs": [{"title": "Liberated (Father Stretch My Hands Demo)", "album": null, "year": "2018-03-23", "lyrics": "[Pre-Chorus: Kanye West]\nWho can I make that them better right now?\nWho, oh I know that'll make it better right now?\nWho do I know that'll make 'em better right now?\nWho do you know?\n\n[Chorus: Kanye West]\nI just wanna feel liberated I, I, I\nI just wanna feel liberated I, I, I\nIf I ever instigated I, I\nTell me who will never related, I\n\n[Verse: Kendrick Lamar]\nAnnie, are you okay? Ooh, yeah (ooh, la-la)\nAnnie, are you okay? Ooh, yeah\nDo you like foreplay? Ooh, yeah\nDo you go both ways? I really need confirmation\nYour love is abomination, fucking you is like a bomb of nations\nArea 51 in that pussy, ah\nThe president 'bout to cum in that pussy, ah\nI got mind control, I got dick control\nI reel 'em in for the fishing pole\nI love legs like Robyn Fenty\nStretch them shits like limo Bentleys\nCatch them tits with an open mouth\nThe interview up outta that Oprah house\nYou know I love it when it's pokin' out\nYou know I'm thuggin' even in the drought, you know him\nI fuck around and crash a brand new Bugatti\nIn the mothafuckin' lobby so you know I'm in it better\nWon't you kiss it, baby? Take a picture\nI, I, I, I, I'm killin' em\nIlluminati want my money and my body\nEven Donny rollin' by me, looking aggravated that I made it\nFuck you and your mama, nigga\nI, I, I, I, I see the bitch in them, I got the Benjamin\nI got the dividend, I'm on my toes like Serena at the Wimbledon\nPie \u00e0 la mode on a Monday for my woman-friend\nI'm in the mode of a mortal man\nI'm living in the orbit of deliverin'\nSex in a cathedral, empty, Grand Marnier that I reload, ten Gs\nIn the hallway, she a Leo, I'm a Gemini\nGive me mine, genocide, kill 'em all, thirty times\n\n[Pre-Chorus: Kanye West]\nWho can I make that them better right now?\nWho, oh I know that'll make it better right now?\nWho do I know that'll make 'em better right now?\nWho do you know?\n\n[Chorus: Kanye West]\nI just wanna feel liberated I, I, I\nI just wanna feel liberated I, I, I\nIf I ever instigated I, I\nTell me who will never related, I\n\n[Outro: Kanye West]\nWhy I fucked you this evening\nAt Southside, live for these things\nBy the way, how you feelin', forgot\nI don't give a fuck about your family and that, oh\nBack it up, back it up, oh oh\nBack it up, back it up, oh oh\nBack it up, back it up, oh oh\nBack it up, yeah", "image": "https://images.genius.com/9c21db8270bf165bfcf4cf7a82accb04.700x700x1.jpg"}], "artist": "Kanye West"}