{"songs": [{"title": "Monster", "album": "My Beautiful Dark Twisted Fantasy", "year": "2010-10-23", "lyrics": "[Intro: Bon Iver]\nI shoot the lights out\nHide 'til it's bright out\nOh, just another lonely night\nAre you willing to sacrifice your life?\n\n[Intro Verse: Rick Ross]\nBitch, I'm a monster, no-good blood-sucker\nFat motherfucker, now look who's in trouble\nAs you run through my jungles all you hear is rumbles\nKanye West samples, here's one for example\n\n[Chorus: Kanye West]\nGossip, gossip, nigga, just stop it\nEverybody know I'm a motherfucking monster\nI'ma need to see your fucking hands at the concert\nI'ma need to see your fucking hands at the concert\nProfit, profit, nigga, I got it\nEverybody know I'm a motherfucking monster\nI'ma need to see your fucking hands at the concert\nI'ma need to see your fucking hands\n\n[Verse 1: Kanye West]\nThe best living or dead hands down, huh\nLess talk, more head right now, huh\nAnd my eyes more red than the devil is\nAnd I'm 'bout to take it to another level, bitch\nNo matter who you go and get, ain't nobody cold as this\nDo the rap and the track, triple double, no assists\nAnd my only focus is staying on some bogus shit\nArguing with my older bitch, acting like I owe her shit\nI heard that people sing raps to give the track pain\nBought the chain that always give me back pain\nFucking up my money so, yeah, I had to act sane\nChi nigga but these hoes love my accent\nChick came up to me and said, \"This the number to dial\nIf you wanna make your number one your number two now\"\nMix that Goose and Malibu, I call it \"Malibooyah\"\nGoddamn, Yeezy, how he hit 'em with a new style?\nKnow that motherfucker well: \"What you gonna do now?\"\nWhatever I want to do, gosh! It's cool now\nKnow I'm gonna do, ah, it's the new now\nThink you motherfuckers really really need to cool out\n'Cause you'll never get on top of this\nSo mommy, best advice is just to get on top of this\nHave you ever had sex with a pharaoh?\nAhh, put the pussy in a sarcophagus\nNow she claiming that I bruised her esophagus\nHead of the class and she just won a swallowship\nI'm living in the future so the present is my past\nMy presence is a present, kiss my ass\n\n[Chorus: Kanye West, Jay Z & both]\nGossip, gossip, nigga, just stop it\nEverybody know I'm a motherfucking monster\nI'ma need to see your fucking hands at the concert\nI'ma need to see your fucking hands at the concert (Yeah)\nProfit, profit, nigga, I got it\nEverybody know I'm a motherfucking monster\n(I'm a motherfucking monster)\nI'ma need to see your fucking hands at the concert\nI'ma need to see your fucking hands\n\n[Verse 2: Jay Z]\nSasquatch, Godzilla, King Kong, Loch Ness\nGoblin, ghoul, a zombie with no conscience\nQuestion: What do these things all have in common?\nEverybody knows I'm a motherfucking monster\nConquer, stomp ya, stop your silly nonsense\nNonsense, none of you niggas know where the swamp is\nNone of you niggas have seen the carnage that I've seen\nI still hear fiends scream in my dreams\nMurder, murder in black convertibles, I\nKill the block, I murder the avenues, I\nRape and pillage your village, women and children\nEverybody want to know what my Achilles' heel is\nLove, I don't get enough of it\nAll I get is these vampires and blood-suckers\nAll I see is these niggas I made millionaires\nMilling about, spilling they feelings in the air\nAll I see is these fake fucks with no fangs\nTryna draw blood from my ice-cold veins\nI smell a massacre\nSeems to be the only way to back you bastards up\n\n[Chorus: Kanye West]\nGossip, gossip, nigga, just stop it\nEverybody know I'm a motherfucking monster\nI'ma need to see your fucking hands at the concert\nI'ma need to see your fucking hands at the concert\nProfit, profit, nigga, I got it\nEverybody know I'm a motherfucking monster\nI'ma need to see your fucking hands at the concert\nI'ma need to see your fucking hands\n\n[Verse 3: Nicki Minaj]\nPull up in the monster, automobile gangsta\nWith a bad bitch that came from Sri Lanka\nYeah I'm in that Tonka, color of Willy Wonka\nYou could be the king but watch the queen conquer\nOkay, first things first, I'll eat your brains\nThen I'ma start rocking gold teeth and fangs\n'Cause that's what a motherfucking monster do\nHair dresser from Milan, that's the monster 'do\nMonster Giuseppe heel, that's the monster shoe\nYoung Money is the roster and a monster crew\nAnd I'm all up, all up, all up in the bank with the funny face\nAnd if I'm fake, I ain't notice 'cause my money ain't\nSo let me get this straight, wait, I'm the rookie?\nBut my features and my shows ten times your pay?\n50K for a verse, no album out\nYeah, my money's so tall that my Barbies got to climb it\nHotter than a Middle Eastern climate, violent\nTony Matterhorn, \"Dutty Wine\" it, wylin'\nNicki on them titties when I sign it\nThat's how these niggas so one-track-minded\nBut really, really I don't give a F-U-C-K\n\"Forget Barbie, fuck Nicki 'cause she's fake\"\n\"She on a diet,\" but my pockets eating cheesecake\nAnd I'll say, bride of Chucky, it's Child's Play\nJust killed another career, it's a mild day\nBesides, 'Ye, they can't stand besides me\nI think me, you, and Am should m\u00e9nage Friday\nPink wig, thick ass, give 'em whiplash\nI think big, get cash, make 'em blink fast\nNow look at what you just saw, this is what you live for\nAaaah, I'm a motherfucking monster!\n\n[Outro: Bon Iver]\nI, I crossed the limelight\nAnd I'll, I'll let God decide\nAnd I, I wouldn't last these shows\nSo I, I am headed home\nI, I crossed the limelight\nAnd I'll, I'll let God decide\nAnd I, I wouldn't last these shows\nSo I, I am headed home\nI, I crossed the limelight\nAnd I'll, I'll let God decide\nAnd I, I wouldn't last these shows\nSo I, I am headed home\n\n[Produced by Kanye West, Mike Dean & Plain Pat]\n[Video directed by Jake Nava]", "image": "https://images.genius.com/e727c1e137b36025ef7fae9b083813c0.450x451x1.png"}], "artist": "Kanye West"}