{"songs": [{"title": "Through the Wire (Dead Presidents Blend)", "album": null, "year": null, "lyrics": "(In background)\nThrough the fire, to the limit, to the wall\nFor a chance to be with you I'd gladly risk it all\nThrough the fire, through whatever come my way\nFor a chance at loving you, I'd take it all the way...\nRight down to the wire, even through the fire\n\nYo G they can't stop me from rapping can they?\nCan that huh?\nI spit it through the wire man\nTo much stuff on my heart right now man\nI'll gladly risk it all right now\nIt's a life or death situation man\nY'all don't really understand how I feel right now man\nIt's your boy Kayne titter....\nChi-Town what's going on man\n\n(Verse 1)\nI drink a boost for breakfast, an Ensure for dizzert\nSomebody ordered pancakes I just sip the sizzurp\nThat right there could drive a sane man bizerk\nNot to worry the Mr. H-to-the-Izzo's back wizzork\nHow do you console my mom or give her light support\nWhen you telling her your son's on life support\nAnd just imagine how my girl feel\nOn the plane scared as hell that her guy look like Emmett Till\nShe was with me before the deal she been trying to be mine\nShe a Delta so she been throwing them dynasty signs\nI'm use to trying to reline\nI been trying to be sign\nTrying to be a millionaire\nHow I use two lifelines\nIn the same hospital where Biggie Smalls died\nThe doctor said I had blood clots\nBut I ain't Jamaican man\nStory on MTV and I ain't trying to make a band\nI swear this right here is history in the making man\n\n(In background)\nThrough the fire, to the limit, to the wall\nFor chance to be with you I'd gladly risk it all\nThrough the fire, through whatever come my way\nFor a chance at loving you, I'd take it all the way...\nRight down to the wire, even through the fire\n\nI really apologize how I sound right now man\nThis ain't fair at all man\nThey got my mouth wired shut for like I don't know the doctor said for like six weeks\nYou know we had reconstru....\nI had reconstructive surgery on my jaw\nLooked in the mirror half my jaw was missing and half my mouth\nI couldn't believe it\nBut I'm still here for y'all right now yo\nThis is what I gotta say yo\nYeah, turn me up yeah\n\n(Verse 2)\nWhat if somebody from the Chi-town was ill got a deal on the hottest rap label around\nBut he wasn't talking bout coke and birds it was more like spoken word\nExcept he really putting it down\nAnd he explained the story about how blacks came from glory\nAnd what we need to do in the game\nGood dude, Bad night, Right place, Wrong time\nIn the blink of an eye his whole life changed\nIf you could feel how my face felt you would know how Mase felt\nThank God I ain't to cool for the safe belt\nI swear to God driver two on the sue\nI got lawyer for the case to keep my safe book safe\nMy dawgs couldn't tell if I\nI look like Tom Cruise on Vanilla Sky\nIt was televised\nThere's been an accident like GEICO\nThey thought I was burnt up like Pepsi did Michael\nI must gotta angel\nCause look how death missed his ass\nUnbreakable, would you thought they called me Mr. Glass\nLook back on my life like the ghost of Christmas past\nToys R Us where I used to spend that Christmas cash\nAnd I still won't grow up, I'm a grown ass kid\nSwear I should be locked up for stupid shit that I did\nBut I'm a champion, so I turned tragedy to triumph\nMake music that's fire, spit my soul through the wire\n\n(In background)\nThrough the fire, to the limit, to the wall\nFor chance to be with you I'd gladly risk it all\nThrough the fire, through whatever come my way\nFor a chance at loving you, I'd take it all the way...\nRight down to the wire, even through the fire\n\nKnow what I'm saying\nWhen the doctor told me I had a um.. I was goin' to have a plate on my chin\nI said dawg didn't you realize I'll never make it on the plane now\nIt's bad I got all this jewelry on\nCan't be serious man", "image": "https://images.genius.com/3a5e35c68e9ed7bf9a2a63bfa51b261e.675x675x1.jpg"}], "artist": "Kanye West"}