{"songs": [{"title": "Gone", "album": "Late Registration", "year": "2005-08-30", "lyrics": "[Produced by Kanye West]\n\n[Intro]\nWished I had told ooh was (the) only one (uh oh!)\nBut it's too late, it's too late he's gone\n\n[Verse 1: Kanye West]\nYou sweat her and I ain't talkin 'bout a Coogi\nYou a Big L and I ain't talkin 'bout Cool J\nSee me at the airport, at least twenty Louis\nTreat me like the Prince and this my sweet brother Numpsay\n(Brother Numpsay!) groupies say I'm too choosy\nTake em to the show and talk all through the movies\nSays she want diamonds, I took her to Ruby Tuesdays\nIf we up in Fridays, I still have it my way\n\n[Hook]\nGone we striving home\nGone I ride on chrome, it's too late\n\n[Verse 2]\nY'all don't want no prob' from me\nWhat you rappers could get is a job from me\nMaybe you could be my intern and in turn\nI'll show you how I cook up summer in the winter\nAaron love the raw dog, when will he learn\nCaught something on the Usher tour, he had to let it burn\nPlus he already got three children\nArguin' over babysitters like bitch it's yo turn\n\"Damn Ye it'd be stupid to diss you\nEven your superficial raps is super-official\"\nR-R-R-Roc Pastelle with Gucci on\nWith TVs in the ride, throw a movie on\nSaid he couldn't rap now he at the top with Doobie Long\nCause I dookied on any song that they threw me on, gone\n\n[Hook]\nWe striving home\n[Cam]\nI ride on chrome\nWe striving home\n[Cam]\nKilla, I ride on chrome\n\n[Verse 3: Cam'ron]\nKnock knock, who's there? Killa Cam, Killa who?\nKilla Cam, hustler, grinder, guerilla true\nOh my chinchilla blue, blue you ever dealt with a dealer\nWell here's the deal, ma we going to the dealer woo\nNo concealing, no ceiling I don't need a roof\nAct up, get out, I don't need you poof\nPoof be gone, damn tough luck dag\nDag niggas still doing puff-puff-pass\nPull the truck up fast and I tell em\nHey back in a touched up Jag shit\nY'all niggas wanna get in Cam's cerebellum\nAn old man just gon' tell em too late\nThen I see how y'all gonna react when I'm gone\nMy last girl want me back then I'm on\nFine stay, you got the grind hey\nCame back, read what the sign say\nYes I know you wanna see my demise\nYeah you church boy, acting like a thief in disguise\nAin\u2019t even my size, see the greed in my eyes\nAsk Abby, I hustle, brought weed to the Chi, shit\nAnd that ain't even a lie, please believe me\nGave Weezie a piece of the pie and\nYou can ask George or Regina\nThe whole West Side I explore with the Bimmer now\n\n[Hook]\nWe striving home, I ride on chrome\nListen, homeboy, move on\nThat's your best bet, why's that, Cons'?\n\n[Verse 4: Consequence]\nI been pouring out some liquor for the fact that my pal's gone\nAnd trying to help his Momma with the fact that her child gone\nAnd since we used to bubble like a tub full of Calgon\nGuess it's only right that I should help her from now on\nBut since they got afoul on what could've gone wrong\nNow they asking Cons, how long has this gone on\nAnd maybe all this money might have gone to my head\nCause they got me thinking money might have gone to the Feds\nSo I had gone to the dread, but he had gone up to bed\nAnd when I came the next morning he was gone with my bread\nAnd with that being said I had gone on my instincts\nAnd gone to the spots where they go to get mixed drinks\nBut looking back now, I should've gone to the crib\nAnd rented Gone With the Wind, cause I'da gone in by ten\nBut I had gone with my friend, and we had gone to the bar\nAnd heard a nigga talking shit so I had gone to the car\nAnd now the judge is telling me that I had gone too far\nAnd now we gone for twenty years doing time behind bars\nAnd since I gone to a cell for some petty crimes\nI guess I gone to the well one too many times, cause I'm gone\n\n[Verse 5: Kanye West]\nUh-uh-uh, uh-uh-uh uh uh onnn, uh uh-uh onnn\nUh-uh onnn, uh uh-uh\nI'm ahead of my time, sometimes years out\nSo the powers that be won't let me get my ideas out\nAnd that make me wanna get my advance out\nAnd move to Oklahoma and just live at my aunt's house\nYeah, I romance the thought of leaving it all behind\nKanye step away from the lime\nLight like when I was on the grind\nIn the 1-9-9-9\nBefore model chicks was bending over\nOr dealerships asked me \"Benz or Rover?\"\nMan, if I could just get one beat on Hova\nWe could get up off this cheap-ass sofa\nWhat the summer of the Chi got to offer an eighteen-year-old?\nSell drugs or get a job, you gotta play your role\nMy dog worked at Taco Bell, hooked us up plural\nFired a week later, the manager count the churros\nSometimes I can't believe it when I look up in the mirro'\nHow we out in Europe, spending Euros\nThey claim you never know what you got 'til it's gone\nI know I got it, I don't know what y'all on\nI'ma open up a store for aspiring MCs\nWon't sell 'em no dream, but the inspiration is free\nBut if they ever flip sides like Anakin\nYou'll sell everything including the mannequin\nThey got a new bitch, now you Jennifer Aniston\nHold on I'll handle it, don't start panickin', stay calm\nShorties at the door cause they need more\nInspiration for they life, they souls, and they songs\nThey said, \"Sorry, Mr. West is gone\"", "image": "https://images.genius.com/20be4a5ccc57daf3577b7e0d12f092f8.1000x1000x1.jpg"}], "artist": "Kanye West"}