{"songs": [{"title": "On Michael Jordan", "album": "Kanye West's Visionary Streams of Consciousness", "year": "2013-12-18", "lyrics": "[Kanye West]\nWe should\u2019ve never ever let Michael Jordan play for the Wizards\nWe should\u2019ve never ever let Michael Jordan play for the Wizards\nWe should\u2019ve never ever let MJ play for the Wizards\nWhy did that happen?\nWhy did that happen?\nWe should\u2019ve never ever let MJ play for the Wizards\nWe couldn\u2019t stop\u200a\u2014\u200awe would stop\u200a\u2014\u200aMJ playing for the Wizards\nWhy did that happen?\nSix championships\nThe best years of our life\nPlaying through the flu\nEvery single night\nI believed I could fly\nAnd I wanted to be just like Mike\nI believed I could fly\nAnd I wanted to be just like Mike\nWe should\u2019ve never ever let MJ play for the Wizards\nWhy did that happen?\nDoes anybody here know why that happened?\nWhen a player\nWhen a player wants to become an owner\nWhen a player\nWhen a player that\u2019s done more for the league than the league could\u2019ve done for him\nWhen a player that made the NBA wants to become an owner of the team that he brought so much glory to, a team he brought so much story to\nA team that has his statue in the front of the motherfucking building\nBut do you know what the owners of that team told MJ?\nYou\u2019re just a player, homeboy\nYou can\u2019t get no pay\nYou can\u2019t own shit\nThey told Michael Jordan he couldn't own shit!\nWe should\u2019ve never ever let MJ play for the Wizards\nWe should\u2019ve never ever let MJ play for the Wizards\nNow y\u2019all know why MJ went to play for the Wizards\nBecause this very team wouldn\u2019t let him be an owner\nI\u2019m talking about one of the most important people in our civilization\nOne of the most influential people in our civilization\nThey tried to marginalize\nAnd in order to make his point he had to put on a motherfucking Wizards jersey\nTo let y\u2019all know \u201cOh yes I am gonna be an owner just like Magic Johnson\u201d\nWe should\u2019ve never let MJ ever play for the Wizards\nNever never never never let him go\nBecause til I die MJ represents the Bulls\nSo tonight I\u2019m about to put my 23 on\nSo tonight I gotta put my 23 on", "image": "https://images.genius.com/9fa6626ebb7cecda3ba692c1c80f52bf.1000x664x1.jpg"}], "artist": "Kanye West"}