{"songs": [{"title": "God Level", "album": null, "year": null, "lyrics": "[Produced by Kanye West, 88 Keys, Mike Dean, Noah Goldstein, and Hudson Mohawke]\n\nGod level\nProvide a new coffin\nYou don't see murder like this this often\nGod level\nGod level\nOur father\nMight as well make a new casket\nGod level\nGod level\nGod level\n\nYou see sharks in the water\nThen they try to do nothin' but put cocks in your daughter\nDon't say nothin' 'bout what Ye said\nDon't move, mothafucka, play dead\nYeah, we cool, mothafucka, yeah, yeah\nYeah, yeah\n\nGod level", "image": "https://images.genius.com/3a5e35c68e9ed7bf9a2a63bfa51b261e.675x675x1.jpg"}], "artist": "Kanye West"}