{"songs": [{"title": "Who Will Survive in America", "album": "My Beautiful Dark Twisted Fantasy", "year": "2010-11-22", "lyrics": "[Verse: Gil Scott-Heron]\nUs living as we do upside-down\nAnd the new word to have is revolution\nPeople don't even want to hear the preacher spill or spiel\nBecause God's whole card has been thoroughly piqued\nAnd America is now blood and tears instead of milk and honey\nThe youngsters who were programmed\nTo continue fucking up woke up one night\nDigging Paul Revere and Nat Turner as the good guys\nAmerica stripped for bed and we had not all yet closed our eyes\nThe signs of truth were tattooed across our often entered vagina\nWe learned to our amazement, the untold tale of scandal\nTwo long centuries buried in the musty vault\nHosed down daily with a gagging perfume\nAmerica was a bastard\nThe illegitimate daughter of the mother country\nWhose legs were then spread around the world\nAnd a rapist known as freedom, free-DOOM\nDemocracy, liberty, and justice were revolutionary code names\nThat preceded, the bubblin' bubblin' bubblin' bubblin' bubblin'\nIn the mother country's crotch\nWhat does Webster say about soul?\n\"All I want is a good home and a wife\nAnd a children, and some food to feed them every night\"\nAfter all is said and done, build a new route to China if they'll have you\nWHO WILL SURVIVE IN AMERICA?\nWHO WILL SURVIVE IN AMERICA?\nWHO WILL SURVIVE IN AMERICA?\nWHO WILL SURVIVE IN AMERICA?\n\n[Claps and applause]", "image": "https://images.genius.com/31f9198f646ae211d8fe2c855e6ea4d0.998x998x1.png"}], "artist": "Kanye West"}