{"songs": [{"title": "Bitter Sweet", "album": "Def Poetry Jam", "year": null, "lyrics": "Bittersweet, you're gonna be the death of me\nI don't want you, but I need you,\nI love you and I hate you at the very same time\n\nSee what I want so much, should never hurt this bad\nNever did this before, that's what the virgin says\nWe've been generally warned, that's what the surgeon says\nGod talk to me now this is an emergency\n\nAnd she claim she only with me for the currency\nYou cut me deep bitch, cut me like surgery\nAnd I was too proud to admit that it was hurtin' me\nI'd never do that to you at least purposely\n\nWe breakin' up again\nWe makin' up again\nBut we don't love no more\nI guess we fuckin' then\n\nHave you ever felt you want to kill her\nAnd you mixed them emotions with Tequila\nAnd you mix that with a little bad advice\nOn one of them bad nights you have a bad fight\nAnd you talkin' about her family, her aunts and shit\nAnd she say motherfucker your mama's a bitch\nYou know, domestic drama and shit\nAll the attitude\nI'll never hit a girl but I'll shake the shit out of you\n\nBut Ima be the bigger man\nBig pimpin' like Jigga man\nOh I guess I figure it's\n\nBittersweet,\nYou're gonna be the death of me\nI don't want you, but I need you\nI love you and I hate you at the very same time\n\nSee what I want so much, should never hurt this bad\nNever did this before, that's what the virgin says\nWe've been generally warned, that's what the surgeon says\nGod talk to me now this is an emergency\n\nAnd my niggas said I shouldn't let it worry me\nI need to focus on the girls we getting currently\nBut I been thinking and it got me back to sinkin' it\nthis relationship even got me back to drinkin' and this Hennessy\nIs gonna be the death of me\nAnd I always thought that you havin' my child was our destiny\nBut I can't even vibe with you sexually\nCoz every time that I try you will question me\nSayin', \"You fuckin' them girls, disrespectin' me?\nYou don't see how your lies is affecting me\nYou don't see how life was supposed to be\nAnd I never let a nigga get that close to me\nAnd you ain't cracked up to what you was supposed to be\nYou always gone, you always be where them hoes'll be.\"\nAnd this the first time she ever spit her soul to me\n\nI fucked up and I know it G\nI guess it's bittersweet poetry", "image": "https://images.genius.com/f394a9c4bb435d8c8c6b6721a3687838.450x331x1.jpg"}], "artist": "Kanye West"}