{"songs": [{"title": "Doing Fine", "album": "Freshmen Adjustment Vol. 1", "year": null, "lyrics": "[Refrain]\nSpit it to you, say little West the little beast\nTo make the Middle West blow like the Middle East, peace\n\n[Verse 1]\nPeace, couldn't afford the S-Class\nSo I had to cop the baby mama Benz, Jeep\nWith put fifty, I get this on the first tape\nBut that fifty that break the bank\nBack when my ATM was crazy slim, had a girl nicknamed Sprewell\n'Cause when I try to stop, she still made me spin\nBack when '80s was in, my dog Crazy Ken had eighty of them\nIt's time to hit the dancefloor, you crazy again\nAnd get that cash money like Baby and Slim\nPull up in something tinted, so tinted she squinted\nShe said, \"This car real old,\" I told her her it was vintage\nAnd I need to hit the health club and get a girl that's\nInto the fitness, tryna get into the business\nI'mma make her my apprentice\nMake her open wide like she made me her dentist\nAnd let me get inside\n\n[Chorus]\nNow I've been hustling my whole life\nTryna get this money up and I think I finally got it right\nAnd I've been partying with this one girl\nWho claim, \"I gotta go to work tomorrow, but tonight's the night\nSo pour another glass of that good stuff\nA couple more shots and I'll be doing fine\"\n\n[Refrain]\nSpit it to you, say little West the little beast\nTo make the Middle West blow like the Middle East, peace\n\n[Verse 2]\nPlease, what I gotta win five Grammys\nBefore you finally let me play Alicia's Keys?\nIf I can't bone, I'll get a clone\nGet her there, got her there, grab her hair\nShe bobbin', don't stop her there\nTold me that she love the Roc so much\nShe drove all the way to Far Rockaway for Rocawear\nMore popular, 'cause I abracadabra my Nissan\nTo a car throwing a peace sign, peace\nDamn, that's like the same line I used in the first verse\nWa-wa-wa-wa-wa-wait, it gets worse\nI told her S-U-C-K before we F-U-C-K\nI give a F-U-C-K if your nephew see K\nAnd if CL like U-C-K, that's how you know chickens C-L-U-C-K\nI'm tryna find a crazy female with a cutie face\nA big pimper on the DL, like UGK\nAnd then I told her\n\n[Chorus]\nI've been hustling my whole life\nTryna get this money up and I think I finally got it right\nAnd I've been partying with this one girl\nWho claim, \"I gotta go to work tomorrow, but tonight's the night\nSo pour another glass of that good stuff\nA couple more shots and I'll be doing fine\"", "image": "https://images.genius.com/11b5c3bdc828bc9942f2c195f9ffa76c.300x300x1.jpg"}], "artist": "Kanye West"}