{"songs": [{"title": "Slow Jamz (Still Tippin' Blend)", "album": null, "year": null, "lyrics": "Are you gonna be?\nSay that you're gonna bee\n\nOh, oh, oh, oh, oh\n\nShe said she wants some Marvin Gaye, some Luther Vandross\nA little Anita, will definitely set this party off right\n(Are you gonna be, gonna Be, gonna be, gonna be, gonna be\n(Well, well, well, well)\n\nShe said she wants some Ready For The World, some New Edition\nSome Minnie Ripperton, will definitely set this party off right\n(Are you gonna be, gonna Be, gonna be, gonna be, gonna be\n(Well, well, well, well)\n\nI told her to drive over in her new whip\nBring some friends you cool with\nI'mma bring the Cool Whip\nThen I want you to strip\n\nThen you is my new chick\nSo we get our grind on\nShe be grabbin'\nCallin' me Biggie like Shyne home\n\nMan I swear she fine, homes\nWhy she always lying though\nTellin' me them diamonds\nWhen she know they rhinestones\n\nShe got a light-skinned friend look like Michael Jackson\nGot a dark-skinned friend look like Michael Jackson\nI played Ready For the World, she was ready for some action\nMy dawg said, \"You ain't no freak, so you 'bout to prove my man wrong.\"\n\nI'mma play this Vandross\nYou gon' take your pants off\nI'mma play this Gladys Knight\nMe and you gon' get it right\n\nShe said she wants some Marvin Gaye, some Luther Vandross\nA little Anita, will definitely set this party off right\n(Are you gonna be, gonna Be, gonna be, gonna be, gonna be\n(Well, well, well, well)\n\nShe said she wants some Ready For the World, some New Edition\nSome Minnie Ripperton, will definitely set this party off right\n(Are you gonna be, gonna Be, gonna be, gonna be, gonna be\n(Well, well, well, well)\n\nGot you lookin' at the gliss, at my hands and wrists\nWhile I'm likely at smokin' on my canibus\nWhen it come to rockin' original like Marvin and Luther\nI can tell you ain' no messin' with Kan-man and Twist\n\nFrom the Chi and I be sippin' Hennessy\nTwistin A-marie\nTry'na Smoke a B\nLookin' properly\nFeelin' on a G\nAnd always (well, well, well, well)\n\nCome with me and sip on some regular champagne\nYou ain't know Twista can work it like The Whispers\nHit the stop light, get into some Isaac\nThe rims still moving, so I'm bumpin' a little Spinners\n\nWhile I'm smokin' On a B\nDippin' through the streets\nBumpin' R&B and I got to leave\nOn the 23's\nAnd I do it (well, well, well, well)\n\nWhen my earth and the wind smoke a fire\nLet my get your sheets wet listening to Keith Sweat\nPut you in a daze For Maze\nFulfilling our every sensation, slow jammin', having deep sex\n\nYou Ready For the World girl\nCome on over, make me touch you all over your body, baby don't say no to me\nAnd every moment you controllin' me, I'm lovin' the way you be\nHolding me when I been listening to Jodeci\n\nAnd when I come over and bend your ass\nYou be bumpin' Teddy Pendergrass\nI'da hit it from the back to the melody to roll it slow\nNow I gotta go up in it fast, but I'mma finish last\n\nNo matter how much of a thug you see\nI still spit it like it's R&B, o to the club with me\nAnd with some Luther Come On and Hope\nYou finna and stilla be in love with me\n\nShe said she wants some Marvin Gaye, some Luther Vandross\nA little Anita, will definitely set this party off right\n(Are you gonna be, gonna Be, gonna be, gonna be, gonna be\n(Well, well, well, well)\n\nShe said she wants some Ready For the World, some New Edition\nSome Minnie Ripperton, will definitely set this party off right\n(Are you gonna be, gonna Be, gonna be, gonna be, gonna be\n(Well, well, well, well)\n\nBaby drop another slow jam\nAnd all us lovers need to hold hands\nAnd if you ain't got no man, hop up on my Brougham\nI keep it pimpin' like an old man\nYou gots ta roll with the plan\n\n'Cause after that then I\nTake it to the dome\nThen I got to bone\nStay up in the zone\nGot to get you home\nGotta run up on\nAnd I do it (well, well, well, well)\n\nBaby drop another slow jam\nAnd all us lovers need to hold hands\nAnd if you ain't got no man, hop up on my Brougham\nI keep it pimpin' like an old man\nYou gots ta roll with the plan\n\n'Cause after that then I\nTake you to my home\nAnd we could get it on\nWhisper on the phone\nJust to get you goin'\nTry'na make you moan\nAnd I do it (well, well, well, well)", "image": "https://images.genius.com/3a5e35c68e9ed7bf9a2a63bfa51b261e.675x675x1.jpg"}], "artist": "Kanye West"}