{"songs": [{"title": "Through the Wire (Still Standing)", "album": "Get Well Soon...", "year": "2003-09-30", "lyrics": "[Intro]\nYo, Gee, they can't stop me from rapping, can they?\nCan they, Hop?\n\n[Hook]\nThrough the fire, to the limit, to the wall\n(I spit it through the wire, man)\nFor a chance to be with you\nI'd gladly risk it all\n(There's too much stuff on my heart right now, man)\nThrough the fire (I'd gladly risk it all right now)\nThrough whatever, come what may (It's a life-or-death situation, man)\nFor a chance at loving you (Y'all, y'all don't really understand how I feel right now, man)\nI'd take it all the way\n(It's your boy Kanye to the... Chi-town, what's goin' on?)\nRight down to the wire\nEven through the fire\n\n[Verse 1]\nI drink a Boost for breakfast, an Ensure for dessert\nSomebody ordered pancakes, I just sip the sizzurp\nThat right there could drive a sane man berserk\nNot to worry, Mr. H-to-the-Izzo's back to wi-zerk\nHow do you console my mom or give her light support\nTelling her her son's on life support?\nAnd just imagine how my girl feel\nOn the plane, scared as hell that her guy look like Emmett Till\nShe was with me before the deal, she'd been trying to be mine\nShe a Delta, so she'd been throwing that Dynasty sign\nNo use in me tryin' to be lyin', I been tryin' to be signed\nTryin' to be a millionaire, how I used two lifelines\nIn the same hospital where B.I.G. and 2pac died\nThe doctor said I had blood clots, but I ain't Jamaican, man\nStory on MTV and I ain't trying to make a band\nI swear this right here, history in the making, man\n\n[Hook]\nThrough the fire, to the limit, to the wall (I really apologize for everything right now if it's unclear at all, man)\nFor a chance to be with you (They got my mouth wired shut for like I dunno)\nI'd gladly risk it all (The doctor said like six weeks, y'know he had, I had reconstructive surgery on my jaw)\nThrough the fire\nThrough whatever, come what may\n(I looked in the mirror)\nFor a chance at loving you\n(And half my jaw was in the back of my mouth, man, I couldn't believe it)\nI'd take it all the way (But I'm still here for y'all right now, man)\nRight down to the wire (This what I got to say right here, dawg)\nEven through the fire (Yeah, turn me up, yeah)\n\n[Verse 2]\nWhat if somebody from the Chi' that was ill got a deal\nOn the hottest rap label around?\nBut he wasn't talking about coke and birds\nIt was more like spoken word\nExcept he's really putting it down?\nAnd he explained the story about how blacks came from glory\nAnd what we need to do in the game\nGood dude, bad night, right place, wrong time\nIn the blink of a eye, his whole life changed\nIf you could feel how my face felt\nYou would know how Mase felt\nThank God I ain't too cool for the safe belt\nI swear to God, Driver 2 wants to sue\nI got a lawyer for the case to keep what's in my safe safe\nMy dawgs couldn't tell if I...\nI looked like Tom Cruise in Vanilla Sky\nAll they heard was I was in an accident like GEICO\nThey thought I was burnt up like Pepsi did Michael\nI must got a angel, \u2018cause look how death missed his ass\nUnbreakable, what, you thought they'd call me Mr. Glass?\nLook back on my life like the Ghost of Christmas Past\nToys \"R\" Us where I used to spend that Christmas cash\nAnd I still won't grow up, I'm a grown-ass kid\nSwear I should be locked up for stupid shit that I did\nBut I'm a champion, so I turned tragedy to triumph\nMake music that's fire, spit my soul through the wire\n\n[Hook]\nThrough the fire, to the limit, to the wall (Y'know what I'm saying?)\nFor a chance to be with you (When the doctor told me I had, um, that I was gonna have to have a plate in my chin, I said)\nI'd gladly risk it all (\"Dawg, don't you realize I'll never make it on a plane now?\")\nThrough the fire (\"It's bad enough I got all this jewelry on!\")\nThrough whatever, come what may\nFor a chance at loving you (She can't be serious, man)\nI'd take it all the way\nRight down to the wire\nEven through the fire\n\n[Outro: Elton John]\nI'm still standing better than I ever did\nLooking like a true survivor, feeling like a little kid\nI'm still standing after all this time\nPicking up the pieces of my life without you on my mind\nI'm still standing, yeah, yeah, yeah\nI'm still standing, yeah, yeah, yeah", "image": "https://images.genius.com/9368e74d31ea216d410c02def5b8ec60.500x500x1.jpg"}], "artist": "Kanye West"}