{"songs": [{"title": "Hold On (Remix)", "album": "Freshmen Adjustment Vol. 3", "year": null, "lyrics": "[Kanye West]\nKanye to the...\nYeah, OK\n\nI'm getting spins all day in L.A\nWe can go the D where Dwele dwell\nD.C, P.G or ATL\nBack in the Chi, mean my life like a magazine\nHoney wanna know the details about my ebony\nWell that's XXL\nFar as the penthouse, yeah that's upscale\nMademoiselle got a hell of a Black tail\nI'm feeling her vibe, her Body and Soul\nI heard you stay in a metropolitan home\nWell lets kill all the parlayin and offer you a cosmopolitan\nLets jet out the club, get some oxygen\nYour friends claim I'm a player, you be lucky to keep me\nBut you know people gon' be talking 'bout us weekly\nMy car be in a Robb Re-p-o-r-t but what's more important to me\nIs that you..\n\n(Dwele)\nOpen your ears\nDon't allow these words to be ignored by years\nFearing lullibies, containing the same old lies (same old lies)\nDealing just to deal is just a crime\nBesides I know you wouldn't mind\nTrying something new so..\n\n(CHORUS)\nLet's (Let's)Try (Try)\nWe can work it out\nIf you let love(love) guide (guide)\nThe way that you feel for me\nOh(Oh) Why(Why)\nLet this opportunity pass (pass) by (by)\nYou should hold on\n\nPlease don't resist (don't resist)\nBless those harmonies to me, escape your lips (escape your lips)\nThere's no need to go home\nJust to dance along (dance aloo-o-one)\nI know you can't enjoy it on your own\nReally I don't see nothing wrong\nWith you and I spending some time--\n\nAlso let me mention, (Oooh)\nMy only intention, (Oooh)\nIs to feed you every single thing you hunger for---\nIn my heart I have to (Oooh)\nAnd-- want to have you (Oooh)\nSo fulfilled that you will never need to ask for more--\n\n[Consequence]\nNow someone told my girl that she's a trophy wife\nSorta like Grant Hill and Kobe's wife\nSo when we at a club, and she be so polite\nBut when we back at home she be poltergeist\nI mean provoking fights\nTrying to poke me with knifes\nAnd last time I tried to poke her she just told me goodnight\nSee her clothing be tight\nShe was pervert approved\nSo she gave up on life, now she don't wanna move\nHypnotized by the tube\nSo she stay with the clicker\nIn a cup full of liquor\nThinkin its makin her thicker\nBut its makin her slimmer\nSo our future is dimmer\nI can't remember last time I took my baby to dinner\nSee I'm sayin' a sister who was freaky and ruthless\nIn a yorkshire terrier in the pocket with pooches\nIn a pocket with Gucc's\nWas taking my lunch money\nJust like the gooches\nI'll tell you the truth miss", "image": "https://images.genius.com/e00085bf087c8e35e4d55ae683cbbcd7.500x500x1.jpg"}], "artist": "Kanye West"}