{"songs": [{"title": "Pt. 2", "album": "The Life of Pablo", "year": "2016-02-14", "lyrics": "[Intro]\nFaaaaaaaa\u2014\nPerfect\nFaaaaaaaa\u2014\nFaaaaaaaa\u2014\nFaaaaaaaa\u2014\n\n[Verse 1: Kanye West]\nI told, I told, ayy-ayy, I told you\nUp in the mornin', miss you bad\nSorry I ain't call you back, same problem my father had\nAll this time, all he had, all he had\nAnd what he dreamed, all his cash\nMarket crashed, hurt him bad\nPeople get divorced for that\nDropped some stacks, pops is good\nMama passed in Hollywood\nIf you ask, lost my soul\nDrivin' fast, lost control\nOff the road, jaw was broke\n'Member we all was broke\n'Member I'm comin' back\nI'll be takin' all the stacks, oh\n\n[Verse 2: Desiigner & Kanye West]\nI got broads in Atlanta\nTwistin' dope, lean, and the Fanta\nStacks, oh\nCredit cards and the scammers\nHittin' off licks in the bando\nTakin' all the stacks, oh\nBlack X6, Phantom\nWhite X6 looks like a panda\nStacks, oh\nGoing out like I'm Montana\nHundred killers, hundred hammers\nBlack X6, Phantom\nWhite X6, panda\nPockets swole, Danny\nSellin' bar, candy\nMan I'm the macho like Randy\nThe choppa go Oscar for Grammy\nBitch nigga, pull up ya panty\nHope you killas understand me\n\n[Chorus: Kanye West & Desiigner]\nI just wanna feel liberated, I, I, I (hey)\nI just wanna feel liberated, I, I, I (Panda)\nPanda, panda, panda, panda\nTakin' all the stacks, oh\nPanda, panda, panda\nStacks, oh\nTakin' all the stacks, oh\n\n[Verse 3: Desiigner & Kanye West]\nI got broads in Atlanta\nTwist the dope, lean and shit, sippin' Fanta\nStacks, oh\nCredit cards and the scammers\nWake up Versace, shit life Desiigner\nTakin' all the stacks, oh\nWhole bunch of lavish shit\nThey be askin' 'round town who be clappin' shit\nI be pullin' up stuff in the Phantom ship\nI got plenty of stuff of Bugatti, whip look how I try this shit\nBlack X6, Phantom\nWhite X6, killin' on camera\n\n[Bridge: Caroline Shaw]\nHow can I find you?\nWho do you turn to?\nHow do I bind you?\n\n[Outro: Pastor T. L. Barrett]\nIf I don't turn to you\nNo other help I know, I stretch my hands", "image": "https://images.genius.com/389e5fd1eff885b2e7b62060869945cc.1000x1000x1.jpg"}], "artist": "Kanye West"}