{"songs": [{"title": "SOB's Freestyle", "album": null, "year": null, "lyrics": "[Verse 1]\nThe problem is it ain't that I'm very good\nIt's that I'm scary good\nBeats very hood, doin' numbers Mariah Carey would\nOr in Hollywood doin' movies Jim Carrey would\nPardon, he's narcissist, we spittin' shit so arsonist\nWhen I know the globe already warm before I spit\nWoah, woah, woah, yeah, homie, that's the theme song\nFirst I get my money right, then I get my team on\nIf I always pray to have (?) on\nThree hundred dollar jeans on, do I mean I drink (?)\nAnd I was high as the Learjet, fly as the insect\nEven though we in debt\nAnd it don't matter what the night, I get her number\nCause when I get my number right, she gon' come runnin'\nAnd I be good like God with an extra O\nGod knows that my cheque needs some extra Os\nAnd you know that you need to need to bring some extra hoes\nNothin' (?) penis, either tell 'em bring some sexy clothes", "image": "https://images.genius.com/3a5e35c68e9ed7bf9a2a63bfa51b261e.675x675x1.jpg"}], "artist": "Kanye West"}