{"songs": [{"title": "Hot 97 Freestyle", "album": null, "year": "2010-11-05", "lyrics": "[Pusha T]\nMalice found religion, Tony found prison\nI\u2019m just tryna find my way out this fucking kitchen\nA birdseye view got me channelling my vision\nTurn one to two now the kilo\u2019s got a sibling\nFather knows best, wash my hands all is forgiven\nWe kicking up dust like the colosseum floors\nWalls full of safes like they mausoleum doors\nPussy getting wet as she walking through my morgue\nGrants, Jacksons no room for George\nYeh, the Fear of God\u2019s in you muthafuckers\nThis art imitate my life\nYou WorldStarHipHop fame based off imitation hype\nEliminate the fools gold and imitation ice\nMy music for your soul, inspiration for your life\nEvery dime made in his life more disastrous\nHelp my young bitch see her way through her Bachelor's\nSent my old bitch right back to get her Masters\nSame graduation I was clapping in the rafters\nThe truth hurts everytime it\u2019s revealed\nWhat goes around comes around, this is lifes ferris wheel\nGrab hold and reverse the steering wheel as I parrallel park\nKentucky derby on the grill\nThe fact that I\u2019m free lets me know God is great\nTen year marathon of me selling concentrate\nThese rappers talk crowns but I\u2019d rather talk fear\nVillian like candyman, say my name and I\u2019ll appear\nNo weapon formed against me shall prosper\nHakuna matata, feet up sipping java\nStrolling up the totem poll, what\u2019s my only problem\nScrolling through my Rolodex, who shall bear my toddler\nSo many hands raised as the band plays\nI\u2019m here now, watch how many nigga's plans change\n\n[Kanye West]\nPenitentiary chances, the devil dances\nAnd eventually answers to the call of Autumn\nAll of them fallin\u2019 for the love of ballin\u2019\nGot caught with 30 rocks, the cop look like Alec Baldwin\nInter century anthems based off inner city tantrums\nBased off the way we was branded\nFace it, Jerome get more time than Brandon\nAnd at the airport they check all through my bag and tell me that it\u2019s random\nBut we stay winning, this week has been a bad massage\nI need a happy ending and a new beginning\nAnd a new fitted and some job opportunities thats lucrative\nAnd sold your dreams, you don\u2019t know who did it\nI treat the cash, the way the government treats aids\nI won\u2019t be satisfied til all my niggas get it\nI need more drinks and more lights\nHot American Apparel girl in just tights\nShe told the director she tryna get in a school\nTold to take them glasses off and get in the pool\nIt\u2019s been a while since I watched the tube\nIts like a crip said: \u201cI got way too many blues for any more bad news\u201d\nI was looking at my resume feeling real fresh today\nThey rewrite history I don\u2019t believe in yesterday\nWhat\u2019s a black Beatle anyway, a fucking roach\nI guess that's why they got me sitting in fucking coach\nBut God said I need a different approach\nCause people is looking at me like I\u2019m sniffing coke\nIt ain't funny anymore try different jokes\nTell \u2018em hug and kiss my ass, x and o\nKiss the ring while they at it, do my thing while I\u2019m got it\nPlay strings for the dramatic\nAnd end all of that wack shit\nAct like I ain't had a belt in two classes\nI ain't got it I\u2019m going after whoever who has it\nI\u2019m coming after whoever. Who has it?\nYou blowing up, that\u2019s good, fantastic\nThat y\u2019all, its like that ya\u2019ll\nI don\u2019t really give a fuck about it at all\nCause the same people that tried to black ball me\nForgot about two things, my black balls\n\n[Pusha T]\nUh, I let you into my diary to admire me\nThe making of this man, I let you see the higher me\nThe self righteous drug dealer dichotomy\nI\u2019m drawing from both sides, I\u2019m Siamese\nThe tug of war opens the door, entrada\nRip me apart and see what\u2019s inside this pinata\nAnd rolling kilos in gymstrada is one saga\nOne chapter of black magic, I\u2019m Harold Potter\nFeels like I\u2019m doomed to dealing with women whom\nRelationships with their fathers won\u2019t allow us to bloom\nAnd blossom, I swear this Vegas nights was awesome\nBut adios I blow my own dice before I toss \u2018em, loss \u2018em\nSome other muthafuckers double crossed \u2018em\nTryna snatch my nigga back I blew a small fortune\nRussell with the work, we was like the four horsemen\nRick Flair with the flame, I\u2019m muthfucking Gorgeous, wooooooooo\nAs the gull wing doors lift, Karate Kid, crane kick, no Jaden Smtih\nWhiter than the coke brush that they paint me with\nSunk leather seats softer than an angels kiss\nBut the devil red, tires double tread\nI\u2019m posting parks up. that gets me double head\nTight rope walking tryna keep a level head\nThe bright lights blind look what the devil did\nYeah\n\n[Kanye West]\nIt\u2019s hip hop, this is euphemism for a new religion\nThe soul music for the slaves that the youth is missing\nThis is more than just my road to redemption\nMalcolm West had the whole nation standing to attention\nAs long as I\u2019m in Polo\u2019s they think they got me\nBut they would try to crack me if they ever saw a black me\nI thought I chose a field where they couldn\u2019t sack me\nIf a nigga ain't running shootin a jump shot running a track meet\nBut this pimp is, on the top of mount Olympus\nReady for the World\u2019s game, this is my Olympics\nWe make \u2018em say ho cause the game is so pimpish\nChoke a South Park writer with a fishstick\nAnd I assisted to get up offa this dick\nAnd these drugs, fans can't resist it\nRemember, remind of when they tried to have Ali enlisted\nIf I ever one of the greatest homie, I must have missed it!", "image": "https://images.genius.com/3a5e35c68e9ed7bf9a2a63bfa51b261e.675x675x1.jpg"}], "artist": "Kanye West"}