{"songs": [{"title": "Black Skinhead", "album": "Yeezus", "year": "2013-06-18", "lyrics": "[Produced By Daft Punk & Kanye West]\n\n[Verse 1]\nFor my theme song (black)\nMy leather black jeans on (black)\nMy by-any-means on\nPardon, I'm getting my scream on (black)\nEnter the kingdom (black)\nBut watch who you bring home\nThey see a black man with a white woman\nAt the top floor they gone come to kill King Kong\nMiddle America packed in (black)\nCame to see me in my black skin (black)\nNumber one question they're askin'\nFuck every question you askin' (black)\nIf I don't get ran out by Catholics (black)\nHere come some conservative Baptists\nClaiming I'm overreactin'\nLike them black kids in Chiraq bitch\n\n[Chorus]\nFour in the mornin', and I'm zonin'\nThey say I'm possessed, it's an omen\nI keep it 300, like the Romans\n300 bitches, where the Trojans?\nBaby, we livin' in the moment\nI've been a menace for the longest\nBut I ain't finished, I'm devoted\nAnd you know it, and you know it\n\n[Bridge]\nSo follow me up cause this shit 'bout to go (down)\nI'm doing 500, I'm outta control (now)\nBut there's nowhere to go (now)\nAnd there's no way to slow (down)\nIf I knew what I knew in the past\nI would've been blacked out on your ass\n\n[Chorus]\nFour in the mornin', and I'm zonin'\nThey say I'm possessed, it's an omen\nI keep it 300, like the Romans\n300 bitches, where the Trojans?\nBaby, we livin' in the moment\nI've been a menace for the longest\nBut I ain't finished, I'm devoted\nAnd you know it, and you know it\n\n[Verse 2]\nStop all that coon shit (black)\nEarly morning cartoon shit (black)\nThis is that goon shit\nFuck up your whole afternoon shit\nI'm aware I'm a wolf\nSoon as the moon hit\nI'm aware I'm a king\nBack out the tomb bitch (black)\nBlack out the room, bitch (black)\nStop all that coon shit (black)\nThese niggas ain't doin' shit (black)\nThem niggas ain't doin' shit\nCome on, homie, what happened?\nYou niggas ain't breathin', you gaspin'\nThese niggas ain't ready for action\nReady\u2014ready for action\u2014action\n\n[Chorus]\nFour in the mornin', and I'm zonin'\nI think I'm possessed, it's an omen\nI keep it 300 like the Romans\n300 bitches, where the Trojans?\nBaby, we livin' in the moment\nI've been a menace for the longest\nBut I ain't finished, I'm devoted\nAnd you know it, and you know it\n\n[Bridge]\nSo follow me up cause this shit 'bout to go (down)\nI'm doing 500, I'm outta control (now)\nBut there's nowhere to go (now)\nAnd there's no way to slow (down)\nIf I knew what I knew in the past\nI would've been blacked out on your ass\n\n[Outro]\nGod! God! God! God!\nGod! God! God! God!\nGod! God! God!", "image": "https://images.genius.com/8bf8ad4e7bcd4e2d9f1d33b1bb53fe3a.1000x1000x1.jpg"}], "artist": "Kanye West"}