{"songs": [{"title": "Intro (Get Well Soon)", "album": "Get Well Soon...", "year": null, "lyrics": "[Free]\nAlright, um, before we get started we wanted a get well shoutout to music producer Kanye West, he's doing fine, but he was in a car accident last week, so we just wanna send him our best from over here at 106 & Park and all of y'all, we hope he gets better soon, and keeps doing those hot beats that he does", "image": "https://images.genius.com/9368e74d31ea216d410c02def5b8ec60.500x500x1.jpg"}], "artist": "Kanye West"}