{"songs": [{"title": "Give without pride (I killed my ego) [June 14, 2018]", "album": null, "year": "2018-06-14", "lyrics": "give without pride\n\nbe great without pride\n\nyour pride can be and will be used against you\n\nI killed my ego\n\nWho or what is Kanye West with no ego? Just Ye\n\nthis is new for me but it\u2019s just how I feel now. I don\u2019t know why. I thought my ego protected me from doubters so that I wouldn\u2019t doubt myself but there has to be a better way to do this\n\nsometimes I have trouble saying no because I want to help everyone", "image": "https://images.genius.com/3a5e35c68e9ed7bf9a2a63bfa51b261e.675x675x1.jpg"}], "artist": "Kanye West"}