{"songs": [{"title": "1996 Fat Beats Freestyle", "album": null, "year": "1996-08-01", "lyrics": "Yo it's the Lake Shore Drive\nKeep it live, tight, raw\nYou better hurry up, they can't keep it in the store\nTo be the format, your whole style on one beat\nInsert the disk, watch a nigga press delete\nTryna flex your technique\nYou gettin' blasted with a TEC, that shit is mad ironic\nLike Alanis Morisette, you try but can't jet\nBunch of airline lyrics, rhymes for low fare\nFlyin' out of O'Hare\nWhile these no-name ass niggas wanna go there, nobodies\nLivin' three blocks from nowhere, down the street from nothin'\nLet me show these niggas somethin', visual aid, the page\nAnd the nigga who fronted, word to God, they don't want it\nBut they wanna play the role, actin' hardcore\nWatch the whole career, flow, my style is too cold\nAlways, forever like Luther, but it ain't original\nBecause I stole it from the future, now I'm wanted in three centuries\nThe verbal killin', ask me where I got the style\nTold 'em from my grandchildren, put it on files\nDocument it in the books\nYou niggas can't see me so cease the hard looks\nI'll rather it get took\nLive and die for rhymes, dedicated to hip-hop\nShit don't stop\nNiggas they wanna know what and who's next\nAnd you roll up in a Lex\nThat's the train stop, my brain drop mad lyrics\nI rhyme with the spirit off the top, I drop nonstop\nVerbally killin', my style is ready to willin'\nY'all niggas stay back chillin'\nLike EPMD y'all niggas ain't seein' me, what\nWe're enormous, nah, do or die\nI got the rhymes on the brain\nThey tried to bomb me on the plane so I rode the train\nBefore I got here, spawned here\nI'm 'bout to save this shit, yo it's my year, what!?\nBring it on, pass it to my man Tariq\nRock the mic all week", "image": "https://images.genius.com/3a5e35c68e9ed7bf9a2a63bfa51b261e.675x675x1.jpg"}], "artist": "Kanye West"}