{"songs": [{"title": "Waves", "album": "The Life of Pablo", "year": "2016-02-14", "lyrics": "[Intro]\nTurn me up!\n\n[Verse 1: Kanye West]\nStep up in this bitch like (Turn me up!)\nI'm the one your bitch like\nYeah I'm the one your bitch like (Turn me up!)\nAnd I be talkin' shit like\nI ain't scared to lose a fistfight (Turn me up!)\nAnd she grabbin' on my **** like\nShe wanna see if it'll fit right (Turn me up!)\nThat's just the wave\n\n[Chorus: Chris Brown & Chance The Rapper]\n(Yeah) Waves don't die\nLet me crash here for the moment, yeah\nI don't need to own it\nNo lie\nWaves don't die, baby\nLet me crash here for a moment\nBaby, I don't, I don't need to own you\n(Yeah, yeah, yeah, yeah) (Turn me up!)\n\n[Verse 2: Kanye West]\nSun don't shine in the shade, ugh (Turn me up!)\nBird can't fly in a cage, ugh (Turn me up!)\nEven when somebody go away (Turn me up!)\nThe feelings don't really go away\nThat's just the wave\n\n[Chorus: Chris Brown & Chance The Rapper]\n(Yeah) Waves don't die\nLet me crash here for the moment\nI don't need to own it\nNo lie\nWaves don't die, baby\nLet me crash here for a moment\nBaby, I don't, I don't need to own you\n(Yeah, yeah, yeah, yeah)\n\n[Bridge: Chris Brown]\nNo lie\nNo lie\nNo lie\nYou set the night on fire\nI'm still gon' be here in the morning\nNo lie\n\n[Interlude: Kid Cudi & Kanye West]\n(Humming)\n\n[Outro: Chris Brown]\nNo lie\nOoh baby, ooh baby, ooh yeah\nYou set the night on fire\nI'm still gon' be here in the morning\nNo lie", "image": "https://images.genius.com/389e5fd1eff885b2e7b62060869945cc.1000x1000x1.jpg"}], "artist": "Kanye West"}