{"songs": [{"title": "Nina Chop (Young Thug Version)", "album": null, "year": null, "lyrics": "[Intro: Nina Simone]\nMan I can understand how it might be\nKinda hard to love a girl like me\nI don't blame you much for wanting to be free\nI just wanted you to know\n\n[Verse 1: Kanye West & (Young Thug)]\nFor my southside niggas that know me best\nI feel like Taylor Swift still owe me sex\nWhy I made that bitch famous (Swea)\nI made that bitch famous (I made her famous)\nFor my Chitown niggas that know me best\nI feel like Amber Rose still owe me sex (Chiraq)\nWhy? I made that bitch famous\nNot really, but somewhat famous (err, kinda)\nAll I do is get tattoos and read French Vague\nEvery bitch in the spot wanna drink my Ragu\n\n[Verse 2: Young Thug]\nWho am I to remind you? (What?)\nBut tell me, who am I to remind you? (Who am I?)\nAnd did you know that the country, Switzerland\nIt was famous for lakes?\nAnd I think I got my ring from there 'cause it's icy like skates\nNigga, icy like hockey\nCold like a dead body, yeah\n\n[Chorus: Nina Simone + Young Thug]\nI just wanted you to know\nI've loved you better than your own kin did\nFrom the very start (Oh yeah)\nI don't blame you much for wanting to be free\nI just wanted you to know\n\n[Verse 3: Kanye West + Young Thug]\nNike slave, fit in your place\nDon't come out your face\nDon't come out your mouth\nDon't come out your house\nDon't come out the blah\nIt came out the North, it came out the South\nThe tally is down\nBumpin' the...\nThe hate is anony...\nThe Copacabana...\nIt made me...\nSomeone told me...\nThe world turnin' Black slowly\nWhere you can call niggas \"niggas\"\nBut you better not mention Hitler\nSo tell me who run the label, where the guns from? Us\nTell me now, where we get the guns from? Us\nTell me now, where we get the guns from? Us\nUS!\n\n[Chorus: Nina Simone + Young Thug]\nI just wanted you to know\nI've loved you better than your own kin did\nFrom the very start\nI don't blame you much for wanting to be free\nFree like a bird\nI just wanted you to know\nKnow what I'm sayin'?\n\n[Verse 4: Young Thug]\nOne more time for the Chi-Town\nOne more time for the A-Town\nI bet that money come around if you stay down\nI swear, I just came from Europe, my money colored like a clown\nNigga play with keys, Swizz Beatz\nNigga only fuck unique freaks\nStill Michael Jackson after all these leaks (what?)\nYeah, bitch, you're still Dirty Diana to me (woo!)\nPop a hundred bottles, I'm the shot caller (ballin'!)\nCame up out a hot boy, fuck a baller blocker\nBitches makin' lots of noise like Griselda Blanco\nYou hit it first and bought a purse and she moved off your blocka' (fool!)\nLick the molly off my hand\nSmokin' loud, ambulance\nAnd I was high as hell, I need to come down\nSomebody call Tar, I need a Xan\nEat that pussy like a jelly bean\nMy patna's bigger than a jelly bean\nGot a mink on like I'm Hakeem\nGot fish filet but we don't fry these\nGold card with a Trojan\nRub the bitch with the lotion\nBitch I'm ballin' like Kobe\nBitch I'm ballin' like LeBron\nNo, no, we don't broadcast\nPussy nigga gotta show\nMonkey nigga actin' like they don't know me\nBut a lot of monkey niggas owe me\n\n[Chorus: Nina Simone + Young Thug]\nI just wanted you to know\nI've loved you better than your own kin did\nFrom the very start\nI don't blame you much for wanting to be free\nI just wanted you to know", "image": "https://images.genius.com/3a5e35c68e9ed7bf9a2a63bfa51b261e.675x675x1.jpg"}], "artist": "Kanye West"}