{"songs": [{"title": "Siiiiiiiiilver Surffffeeeeer Intermission", "album": "The Life of Pablo", "year": "2016-02-14", "lyrics": "[Spoken Word: Max B & French Montana]\nYeezy, Yeezy, what's good?\nIt's your boy Max B, what's going on?\nJust checking in on you\nAppreciate the love and support\nThe wave is here\nYou a wavey dude anyway, so you already know\nAin't no problem, man, the game...\nYou already know how this game thing goes\nDo your wave nigga\nYou got the official wave man\nJust, just doing you...\nDoing you, doing your wave\nAnd keep it loopy, I know you're going to keep it loopy man\nShoutout, just shout you out\nHollering at you man, it's all love\nI appreciate the... the energy\nAnd we here, hit the town, we do something big\nWe gonna make a big tsunami up in the joint\nYou already know what it is, ahh\nSilver Surfer, Silver Surfer in the flesh\nSilver surfer in the flesh\nMax Bigavelli shout to Yeezy\nWhat's good, I see you\nIt's love, appreciate it\nIt's honor, appreciate it\nOww, wavey, baby, yeah", "image": "https://images.genius.com/389e5fd1eff885b2e7b62060869945cc.1000x1000x1.jpg"}], "artist": "Kanye West"}