{"songs": [{"title": "The Glory", "album": "Graduation", "year": "2007-09-11", "lyrics": "[Produced by Gee Roberson, Kanye West & Plain Pat]\n\n[Intro: Kanye West & Laura Nyro sample]\nIn my soul\nGonna take you to the glory\nGoal, in my mind I can't study war, yeah my\nI can't study war, yeah my\nI can't study war, yeah my\nI can't study war, yeah my\n\n[Chorus: Kanye West & Choir (with backing vocals from John Legend]\nNow where the South Side\nI can't study no, yeah my\nI can't study no, yeah my\nNow where the West Side\nI can't study no, yeah my\nI can't study no, yeah my\n\n[Verse 1: Kanye West]\nCan I talk my shit again?\nEven if I don't hit again?\nDog, are you fucking kidding?\nMy hat, my shoes, my coat\nLouis Vuitton stitch, with Donatella Versace\nThat's Louis Vuitton, bitch\nI think Hennessy, I drink, I'm gone\nOff that Bacardi Limon and Corona. I'm zonin'\nClass back in session so I upped it a grade\nIn two years Dwayne Wayne became Dwyane Wade\nAnd hey, please don't start me\nI'm like Gnarls Barkley meets Charles Barkley\nI'm pop the Barkers, I'm hood the Parkers\nWhile y'all was in limbo I raised the bar up\nI touched on everything\nMarried to the game, rock a chain 'steada wedding ring\nY'all bridesmaids catch the garter\nOn nights when 'Ye romance\nCameras flash so much\nThat I gotta do that Yayo dance\nI'm on a world tour with Common, my man\nAfter each and every show a couple dykes in the van\nIt's easy\nThe hood love to listen to Jeezy and Weezy\nAnd, oh yeah, Yeezy\nI did it for the glory\n\n[Chorus: Kanye West & Choir (with backing vocals from John Legend]\nYeah my\nI can't study no, yeah my\nI can't study no, yeah my\nThe glory\nI can't study no, yeah my\nI can't study no, yeah my\nI did it for the glory\nI can't study no, yeah my\nI can't study no, yeah my\nThe glory\nI can't study no, yeah my\nI can't study no, yeah my\n\n[Verse 2: Kanye West]\nWhat am I supposed to do now?\nMan the game all messed up\nHow I'm suppose to stand out when everybody get dressed up?\nSo yeah, at the Grammys I went ultra Travolta\nYeah that tuxedo might have been a little guido\nBut with my ego\nI can stand there in a Speedo\nAnd be looked at like a fucking hero\nThe glory, the story, the chain, the polo, the night\nThe grind, the empty bottles of No-Doz\nTank on empty, whipping my mamma's Volvo\nI spent that gas money on clothes with logos\nThe fur is Hermes, shit that you don't floss\nThe Goyard so hard man, I'm Hugo's boss\nWhy I gotta ask what that TUDOR cost?\nHouse on the hill\nTwo doors from Tracey Ross\nAnd I'm asking about her girlfriends\nYeah, the dark skin'ed ones\nShe asking about the speed boats yeah I admit we rented 'em\nWhen you meet me in person what do you feel like?\nI know, I know I look better in real life\nI hear people compare themselves to big a lot\nYou know B.I.G. and Pac, you know to get it hot\nI guess after I live I wanna be compared to B.I.G\nAny one: Big Pun, Big L or Notorious\n'Till then, get money and stunt and stay glorious\nAnd I'm gonna stop killing these niggas soon as the chorus hit\nYeah I'mma stop killing these niggas soon as the chorus hit\nThese haters be killing themselves they wanna come and get the glory\n\n[Chorus: Kanye West & Choir (with backing vocals from John Legend]\nYeah my\nI can't study no, yeah my\nI can't study no, yeah my\nThe glory\nI can't study no, yeah my\nI can't study no, yeah my\nNow where the South Side\nI can't study no, yeah my\nI can't study no, yeah my\nNow where the West Side\nI can't study no, yeah my\nI can't study no, yeah my\n\n[Outro: Laura Nyro sample]\nI can't study war, yeah my\nI can't study war, yeah my\nI can't study war, yeah my\nI can't study war, yeah my", "image": "https://images.genius.com/db8cf20e3bf2357483e4e5b2d5921eb8.1000x1000x1.jpg"}], "artist": "Kanye West"}