{"songs": [{"title": "XTCY", "album": null, "year": "2018-08-10", "lyrics": "[Intro]\nI need you, I want you to\nCome to me, ecstasy (uh)\nEcstasy, ecstasy, (uh) ecstasy (uh)\nEcstasy, ecstasy, (uh) ecstasy (uh)\nEcstasy, ecstasy, (uh) ecstasy (uh)\nEcstasy, ecstasy, (uh) ecstasy (uh)\nEcstasy\u2014\n\n[Verse 1]\nYou got sick thoughts? I got more of 'em\nYou got a sister-in-law you'd smash? I got four of 'em\nDamn, those is your sisters\nYou did somethin' unholy to them pictures\nDamn, you need to be locked up\nNah, we need a bigger hot tub\n\n[Chorus]\nNow let me see you back, back, back, back\nTime to get the bag, bag, bag, bag\nWe don't throw stones, we throw stacks\nThat's why they goin' mad, mad, mad, Max\nIf you don't say your name then I won't ask\nShe got a smartphone, but a dumb ass\nI thought of all this on Ecstasy\n\n[Verse 2]\nYou got sick thoughts? I got more of 'em\nYou remember bad bitches that you smashed? I recorded 'em\nShe said \"fuck weed\" 'cause she love X\nIf she suck seed, that's a success\nIf a girl cum, that's a fuck fest\nAnd we gon' score 100 on this drug test\n\n[Chorus]\nNow let me see you back, back, back, back\nIt's time to get the bag, bag, bag, bag\nWe don't throw stones, we throw stacks\nThat's why they goin' mad, mad, mad, Max\nIf you don't say your name then I won't ask\nYou got a smartphone, but a dumb ass\nI thought of all this on Ecstasy (perfect!)\n\n[Interlude]\nFuckin' 'round\u2014whoop, scoop!\nWhoopity-whoop\nWhoopity-whoop, scoop-poop-woop-toop\nScoopity-whoop loot, looty-whoop-whoop\nEcstasy, ecstasy, ecstasy (uh, uh)\n\n[Verse 3]\nYou got sick thoughts? I got more of 'em\nHaaan? Scoop!\nYou see them escorts? I escorted 'em, scoopity-woot!\nWhile y'all was trippin', I resorted 'em, whoop!\nThen I kicked 'em out, I got bored of them, whoop!\n\n[Chorus]\nNow let me see you back, back, back, back\nIt's time to get the bag, bag, bag, bag\nWe don't throw stones, we throw stacks\nThat's why they goin' mad, mad, mad, Max\nIf you don't say your name then I won't ask\nYou got a smartphone, but a dumb ass\nI thought of all this on Ecstasy\n\n[Outro]\nEcstasy", "image": "https://images.genius.com/3286d09cc697380d2c82e5986c9fd749.1000x1000x1.jpg"}], "artist": "Kanye West"}