{"songs": [{"title": "All Day (Kendrick Lamar Reference)", "album": null, "year": "2015-03-02", "lyrics": "[Intro: Theophilus London, sample, & (Kanye West) ]\nNothing bout you\nNothing bout you\nI wanna tell you\n(All day, nigga)\nDance, ayy, ayy ayy ayy\n(All day, nigga)\n\n[Hook 1: Kanye West]\nHow long you niggas ball? All day, nigga\nHow much time you spent at the mall? All day, nigga\nHow many...do you got on call? All day, nigga\nSwish, swish...they keep you in court? All day, nigga\nTake you to get this fly? All day, nigga\nTell your P.O. how-how long you been high? All day, nigga\nYou already know I\u2019m straight from the Chi, all day, nigga\nSouth, south side! All day, nigga\n\n[Verse 1: Kanye West & Kendrick Lamar]\nThis Ye, nigga\nShoppin' for the winter and it\u2019s just May, nigga\nBall so hard, man, this shit cray, nigga\nAnd you ain't gettin' money 'less you got eight figures\nTalkin' big face, nigga\nPut yo' ass back of pocket like a switch blade, nigga, uh\nI ain't tryna play, nigga\nGot a middle finger longer than Dikembe, my nigga, uh\nAll day, nigga\n'Ye in the building like a hallway, nigga\nStill got the hundred with the small face, nigga\nMight spend 50 racks on my off day, nigga\nMight...naturally all day, nigga\nIf...have Allstate with you, uh\nYou a Rico Suave nigga\nRide 'round listen to Sade, nigga\nRide 'round something and it's all day, nigga\nYou an actor, you should be on Broadway, nigga\nCause you do shit the broad way, nigga\nYour bitch got a ass, but my broad way thicker\n...then booked it like the Barclays Center, uh\n\n[Interlude: sample & (Kanye West)]\nNothing bout you\nNothing bout you\nI wanna tell you\n(All day, nigga)\n\n[Refrain: Allan Kingdom]\nI took a young sweet breath, and I reached into my Earth\nGave him what I had left\nAt that moment I dispersed\nAt that moment I dispersed\nI took a young sweet breath, and I reached into my Earth\nGave him what I had left\nAt that moment I dispersed\nAt that moment I dispersed\n\n[Verse 2: Kendrick Lamar]\nAll day hoe, my neck look sweeter than parfait hoe\nRap Derek Jeter in a red two-seater\nI can throw this dick from far away hoe (swish it, swish it)\nAsk me how long do it take to be the greatest\nI'm a bar away hoe (swish it, swish it)\nDamn Kanye never will it be safe\nBitch I already know (swish it, swish it)\n24/7 365 days everybody gettin' paid\nNigga lookin' at me like I'm worth both MJ's\nChitown, PJ all of BJ\nChitown, we play for the freebase\nThese days, don't believe what police say\nDJ's and the B-boys run shit\nOnly way I can sum it up, sumbitch\n\n[Interlude: Theophilus London & sample]\nNothing bout you\nNothing bout you\nI wanna tell you\nSo won't you dance, ayy, ayy ayy ayy\n\n[Outro: Paul McCartney]\nLittle darling, let me run (let me run)\nUntil I find myself\nIn the morning sun\nGive me freedom (give me freedom)\nGive me space\nI want to find myself\nIn that special place\nWhooooa, whooooa\nWhooooa, whooooa\nWhooooa, whooooa\nWhooooa, whooooa", "image": "https://images.rapgenius.com/5e64677831b6775d34bf583697962241.500x500x1.jpg"}], "artist": "Kanye West"}