{"songs": [{"title": "80 Degrees*", "album": "Yandhi", "year": null, "lyrics": "Lyrics from Snippet\n\n[Verse: Kanye West]\nSee this in 3D\n'Fore life start for me, 'fore life start for me\nThoughts and thoughts to me\n80 degrees, warmin' up to me\nI did it for you\nI did know, indeed\nAnd I run out to sea\nI can walk on the water\nHoney, I want you\nI can float on the finer\nFather, hold me close\nDon't let me down\nI know you won't", "image": "https://images.genius.com/96257331e42fd82012b16e4312d68257.1000x1000x1.jpg"}], "artist": "Kanye West"}