{"songs": [{"title": "Eyes Closed", "album": null, "year": null, "lyrics": "[Hook]\nAnd I can see it with my eyes closed, now\nFeeling like my life froze\nI\u2019m about to hit the ground\n\n[Verse 1]\nI sold my soul to the devil: that's a crappy deal\nLeast it came with a few toys like a Happy Meal\nThis game you could never win\nCause they love you then they hate you then they love you again\nGet away from me misery\nGet away from me loneliness\nGet away from me fake bitches, I can\u2019t take the phoniness\nGet away from me wack tracks\nI can only make only hits\nI\u2019m an only child lost in the World\nWhere do the lonely kids go when the bell ring?\nIt's feeling like Hell rings\nBringing me back down\nChecking my background\nIts ironic whats happening\nImagine if I didn\u2019t have the ends\nI wouldn't have so many imaginary friends\nI\u2019m spaced out Dogg, I be on that moon talk\nWonder if God ask Mike how to moonwalk\nI swear to momma wish me and my father talk more\nI stopped visiting around the time I was a sophomore\nI guess everything I hate about me I see in him\nAnd we ain\u2019t finna change, so we\u2019ll never agree again\nTill then I\u2019ll be pouring out my soul\nJust a few things I see with my eyes closed\n\n[Hook]\nAnd I can see it with my eyes closed, now\nFeeling like my life froze\nI\u2019m about to hit the ground\n\n[Verse 2]\nI sold my soul to the devil\nI know its a crappy deal\nAt least it came with a few toys\nLike a Happy Meal\nI\u2019m spaced out dog\nI be on that moontalk\nI wonder if God asked Mike how to Moonwalk?\nYou know the entertainment Angels\nAdriana for Giselle\nLet's exchange Angels\nPhotoshoot at my crib\nLets exchange angles\nRockin nothin but them Tom Binns bangles\nMy heart so anxious, gettin' anxiety\nBegging one of these fuckin fashion houses to hire me\nThey say I\u2019ve been an asshole\nI said if you acquire me\nI can be a quiet me, call it verbal dieting\nGive me your herbal chai tea\nI\u2019ll be calm as Tai Chi\nWith a bad white bitch like Ice-T\nI\u2019m not right dog, I\u2019m slightly off\nI\u2019m paranoid; like bonin\u2019 raw dog\nAnd wakin up with a slight cough\nYea, that\u2019ll make ya dick quite soft\nPlus my neck hurt too lemme take all this ice off\nNever meant to hurt you, I should\u2019ve had nights off\nBut it cost too much to live and I never took the price off\n\n[Hook]\nAnd I can see it with my eyes closed, now\nFeeling like my life froze\nI\u2019m about to hit the ground", "image": "https://images.genius.com/3a5e35c68e9ed7bf9a2a63bfa51b261e.675x675x1.jpg"}], "artist": "Kanye West"}