{"songs": [{"title": "Backstage SNL Rant", "album": null, "year": null, "lyrics": "Look at that shit. They took my fucking stage off of SNL. Without asking me. Now I'm bummed. That and Taylor Swift, fake ass. Now I ain't gonna do this, we breaking the motherfucking internet. I went through six years of this fucking shit. Let's get to it bro. Let's get to it bro.\n\nAre they fucking crazy? Bro, by fifty percent. Stanley Kubrick, Apostle Paul, Picasso, fucking Picasso, and Escobar. By fifty percent, more influential than any other human being. Don't fuck with me. Don't fuck with me. Don't fuck with me. By fifty percent, dead or alive. By fifty percent for the next thousand years. Stanley Kubrick, Ye.", "image": "https://images.genius.com/3a5e35c68e9ed7bf9a2a63bfa51b261e.675x675x1.jpg"}], "artist": "Kanye West"}