{"songs": [{"title": "Christian Dior Denim Flow", "album": "G.O.O.D. Fridays", "year": "2010-10-01", "lyrics": "[Chorus: Kid Cudi & John Legend]\nI got the world in my hands, the master plan\nBut I don\u2019t know why I keep callin', why I keep\nAll of these girls at my shows, they lovin' me\nBut I don\u2019t know why I keep callin', why I keep callin' you, hey\n\n[Bridge: Kanye West]\nAll the models to the floor right now\nAll the models to the floor right now, what, huh?\nAll the models to the floor right now\nAll the models to the floor right now, huh?\n\n[Verse 1: Kanye West]\nI\u2019m in my Christian Dior with a Veronica Webb\nNoemie Lenoir, Chanel, Sessilee Lopez\nArlenis Sosa, Selita Ebanks\nGrew up on Mobb Deep and speak that Jourdan Dunn language\nMake a phone call out to Joan Smalls\nI wonder how it feel in Lara Stone's walls?\nJessica Gomes, y'all, I would damage her\nAnd see if Jessica Stam got the stamina\nI\u2019m in the car with Leo and the Benz swerve\nI heard Bar was friends with Esti Ginzburg\nCoco Rocha, Kate Mimosa\nAlessandra Ambrosio, Anja Rubik and Olga\nKurylenko, tell her I\u2019m very single\nAbbey Lee too, I\u2019m a freak, boo\nI\u2019m wildin', I\u2019m on a thousand\nI wanna see Irina Shayk next to Doutzen\n\n[Chorus: Kid Cudi & John Legend]\nI got the world in my hands, the master plan\nBut I don\u2019t know why I keep callin', why I keep\nAll of these girls at my shows, they lovin' me\nBut I don\u2019t know why I keep callin', why I keep callin' you, hey\n\n[Interlude: Kanye West]\nChristian Dior denim flow\nI told her I\u2019m tryin' to eat out, so what we goin' to dinner fo'?\n\n[Verse 2: Pusha T]\nMiami nights, on the search for some T and A\nTryin' to hide what\u2019s obvious to see in me\nWe conversate a bit about your DNA\nAnd my salmon-colored suit from the VMAs\nOh, you was watchin'? Who the fuck wasn\u2019t?\nMe skip across that stage in five dozen, yuuugh\nSix grand for a minute's time\nItalian Vogue styled a nigga for a minute rhyme\nLet's be clear and let's be fair\nThe best thing in music\u2019s bein' offered here\nIt's a round table full of bosses here\nStill givin' you it all like the coffin's near\n\n[Chorus: Kid Cudi & John Legend]\nI got the world in my hands, the master plan\nBut I don\u2019t know why I keep callin', why I keep\nAll of these girls at my shows, they lovin' me\nBut I don\u2019t know why I keep callin', why I keep callin' you, hey\n\n[Bridge: Kanye West]\nAll the models to the floor right now\nAll the models to the floor right now, what, huh?\nAll the models to the floor right now\nAll the models to the floor right now, huh?\n\n[Chorus: Kid Cudi & John Legend]\nI got the world in my hands, the master plan\nBut I don\u2019t know why I keep callin', why I keep\nAll of these girls at my shows, they lovin' me\nBut I don\u2019t know why I keep callin', why I keep callin' you, hey\n\n[Verse 3: Ryan Leslie]\nIt\u2019s time for a lesson in model behavior\nDamn, look at all the bad bitches I gave ya\nMan, I can see the flaws to your flavor\nLook like Wonder Woman and still need a savior\nMaybe it's a billionaire, maybe it's that cocaine\nI done seen drugs and money run the whole game\nA good girl lost in the city life\nAgent Provocateur, hold them titties right\nI'm haute couture of hoes galore\nGive my girl a Newport 'cause she's smoking yours\nI'm the authority of model seniority\nThey call me Les but they all need more of me\n\n[Verse 4: Lloyd Banks]\nUhh, handcraft material, champagne for cereal\nShorty stole my heart, criminal, my lucky charm, uh\nFly clothes and Lear shows take the stuff we on\nStuff all my problems in that bong and I\u2019m puffin' strong\nI been locked in my way of thinkin' now my cuffs are gone\nMust\u2019ve been the liquor talking, I\u2019m beggin' the cups, c'mon\nMight come off as irregular, I come in custom form\nT-G-I-F, GT breeze, my hustler\u2019s poem (Ywah)\nMy sound\u2019s full-grown, reminds me of my favorite chronic (Kush)\nBall like a SuperSonic, make the haters vomit (Ugh)\nNigga, make some money \u2018fore you make a comment\nI meant to snap a while ago but who knows where the time went?\nProbably dime chicks, whips with a Diddy\nNow I\u2019m back like a nine milli, running New York City\nSee me clearly through the storm, the world\u2019s mine\nSits pretty in my palm, Chandon as we continue on\n\n[Chorus: Kid Cudi & John Legend]\nI got the world in my hands, the master plan\nBut I don\u2019t know why I keep callin', why I keep\nAll of these girls at my shows, they lovin' me\nBut I don\u2019t know why I keep callin', why I keep callin' you, hey\n\n[Verse 5: Kid Cudi]\nNiggas think they know, only got half of the story\nThey don't really know what's in my head fuckin' with me\nHow can I be better? I could start with just the basics\nDior, Dior galore, I love the cut\nI seem to have forgotten that I\u2019m off the looney\nTo the people who don't know Cud, know what?\nRose gold presidential on my boney wrist\nTook my ma to Chanel, held Elsie the stunner\nShe got haters, some in the fam made us\nBut they don\u2019t really matter, we escape 'em with our paper\nHey ya, I\u2019m on my Andr\u00e9 3000\nI\u2019m all good now, a nigga don\u2019t need no counseling\nWoke up in the room and my mojo was active\nLooks from the hoes that were more than likely passive\nBack when\u2013 let me not reflect on the old shit\nI\u2019m on to the new act, on to my new script\nBitches better have they thoughts before approachin'\nI done heard it all, baby, save it for them other niggas\nDoin' things off-beat for a living\nHaters copy, I'm the image, hey\nHaters copy, I'm the image", "image": "https://images.rapgenius.com/b9c81ec74ba523e1d81a3f65f8e23b19.600x600x1.jpg"}], "artist": "Kanye West"}