{"songs": [{"title": "On Wiz Khalifa", "album": "Kanye West's Visionary Streams of Consciousness", "year": "2016-01-27", "lyrics": "Oh niggas must think I'm not petty cause I'm the best that's ever made music\n\nLike, oh that's Ye and I can put his wife's initials on my twitter   @Wizkhalifa\n\nBro first of all you stole your whole shit from Cudi\n\nSecond, your first single was corny as fuck and most there after\n\nWork hard play hard\nYou have distracted from my creative process\n\nI went to look at your twitter and you were wearing cool pants\n\nI screen grabbed those pants and sent it to my style team #Wizwearscoolpants\n\n3rd no one I know has ever listened to one of your albums all the way through\n\n4th you let a stripper trap you\n\n5th    I know you mad every time you look at your child that this girl got you for 18 years\n\n6th  don't ever come out the side of your neck at me\n\n7th I am your OG    and I will be respected as such\n\n8th  I made it so we could wear tight jeans\n\n9th   me and Cudi created this shit\n\n10th   don't you ever in your fucking life speak sideways about a nigga that's fighting for us    I do this for all of us\n\n11th   I showed you respect as a man when I met you\n\n12th   You wouldn't have a child if it wasn't for me\n\n13th   You own waves????  I own your child!!!!\n\n14th   Nigga it's called creativity    #youshouldtryitsomeday\n\n15th   Nigga I tried to call you and you changed your number\n\n16th   don't even hint at mentioning me my family or my wife   I am your OG\n\n17th   I think you dress cool      I wish I was skinny and tall\n\nMaybe I couldn't be skinny and tall but I'll settle for being the greatest artist of all time as a consolation\n\nDon't ever ever ever come out the side of your mutherfucking neck bro or bruh or   however you say it Mr. Waves\n\nI'm YE     and I ain't gotta say it the right way      I'm Ye  I'm Ye  I'm Ye  I'm Ye I'm Ye I'm Ye I'm Ye\n\nThank you for the extra promotion   #WAVES available February 11th\n\nWhat\u2019s sad is I love Wiz and I love all all my brothers and all people\n\nI love the world bottom line and all I want is peace and positive energy\n\nWhat's sad is I love Wiz and I love all all my brothers and all people\n\nI love the world bottom line and all I want is peace and positive energy\n\nThis album is actually a Gospel album\n\nGood energy  positive energy\n\nIma take these down cause it's all about positive energy    blessings  blessings    positive energy blessings\n\nThe Devil can\u2019t stop us\n\nIn the lab with Ian Connor by the way\n\nMan it's a sad a day\u2026 Wiz lost 2 million followers since I tweeted      I didn't mean to either him like that\n\nI'm happy that I now know that KK means weed\u2026  please excuse the confusion \u2026  now back to #WAVES", "image": "https://pbs.twimg.com/profile_images/585565077207678977/N_eNSBXi.jpg"}], "artist": "Kanye West"}