{"songs": [{"title": "The New Workout Plan", "album": "The College Dropout", "year": "2004-08-31", "lyrics": "[Intro]\nYou just popped in the Kanye West\nGet Right for the Summer workout tape\nAnd ladies if you follow these instructions exactly\nYou might be able to pull you a rapper, a NBA player\nMan, at least a dude with a car\nSo, first of all, we gonna work on the stomach\nNobody wants a little tight ass\n\n[Verse 1]\n1, and 2, and 3, and 4, and get them sit ups right, and\nTuck your tummy tight and do your crunches like this\nGive head, stop, breathe, get up, check your weave\nDon't drop the blunt and disrespect the weed\nPick up your son and don't disrespect your seed\nIt's a party tonight and ooh she's so excited\nTell me who's invited: you, your friends and my dick\n(AH!) What's scary to me is\nHenny makes girls look like Halle Berry to me\nSo excuse me miss, I forgot your name\nThank you, God bless you, good night I came, I came, I came\n\n[Chorus]\nIt's been a week without me\nAnd she feel weak without me\nShe wanna talk it out but\nAin't nothing to talk about\nUnless she's talking about freaking out\nThen maybe we can work it out\nWork it out, work it out\nWork it out, work it out now\nMaybe we can work it out\n\n[Verse 2]\nOh, girl, your silhouette make me wanna light a cigarette\nMy name Kanye from the Jigga set, Twista said \"Get It Wet\"\nOoh girl your breath is harsh!\nCover your mouth up like you got SARS\nOff them tracks yea I bought them cars\nStill, kill a nigga on 16 bars\nWe ain't sweating to the oldies, we juking to a cold beat\nMaybe one day girl we can bone\nSo you can brag to all your homies now\nBut I still mess with a big girl, if you ain't fit girl, I'll still hit girl\n1 and, you brought 2 friends, ok, 3 more now hop in the Benz\n4-door: do you know the difference between a 5, 6, 7, 8?\nAll the mocha lattes, you gotta do Pilates\nYou gotta pop this tape in before you start back dating\nHustlers, gangstas, all us ballas\n\n[Chorus]\nIt's been a week without me\nAnd she feel weak without me\nShe wanna talk it out but\nAin't nothing to talk about\nUnless she's talking about freaking out\nThen maybe we can work it out\nWork it out, work it out\nWork it out, work it out now\nMaybe we can work it out\n\n[Interlude]\n\n[Jill]\nHi, my name is Jill, I just want to say thanks to Kanye's workout plan. I was able to pull a NBA player. And like now I shop every day on Rodeo Drive. I just want to say, thank you Kanye! Woooo! Woooo! Woooo!\n\n[Lasandra]\nMy name is Lasandra, and I just want to say that ever since listening to Kanye's workout tape, I was able to get my phone bill paid, I got sounds and 13's put up in my Cavalier and I was able to get a free trip to Cancun. And what's most importantly is that I ain't gotta fuck with Ray-Ray's broke ass no mo'\n\n[Kanye West]\nWork it (mo')\nJuke it (mo') Pump it (mo')\nChi-Town (mo') Let's go (mo')\n\n[Ella-May]\nMy name is Ella-May from Mobile, Alabama, and I just want to say since listening to Kanye's workout tape, I been able to date outside the family, I got a double wide, and I rode a plane, rode a plane, rode a plane\n\n[Girls]\nThanks to Kanye's workout plan\nI'm the envy of all my friends\nSee I pulled me a baller man\nAnd I ain't gotta work at the mall again\n\n[Interlude: Bosko & (Kanye)]\n(Lemme break ya wit' a piece of)\nMy favorite work out plan (oh! oh! oh!)\nI wanna see you work out\n(Yeah, yeah, yeah, yeah, yeah, yeah, yeah, yeah)\nI wanna see you work out\n(It's like that old Michael Jackson shit)\n\n[Bridge]\nThat's right, put in work, move your ass, go berserk\nEat your salad, no dessert, get that man you deserve\n\n[Interlude: Bosko & (Kanye)]\nIt's Kanye's workout plan\nI said it's Kanye's workout plan (Ladies and gentlemen)\nIt's Kanye's workout plan (Allow myself to introduce myself)\nHis workout plan (This time around, I want y'all to clap like this)\n\n[Bridge]\nThat's right, put in work\nMove your ass, go berserk\nEat your salad, no dessert\nGet that man you deserve (Stop!)\n\n[Interlude: Bosko & Kanye]\nIt's Kanye's workout plan (Okay, breathe)\nI said it's Kanye's workout plan (I know y'all ain't tired)\nIt's Kanye's workout plan (But I hope not 'cuz on this one I need ya)\nHis workout plan (To give me a soul clap, okay?)\n(Double time)\n\n[Bridge: GLC & (Kanye)]\nThat's right, put in work (Woo!)\nMove your ass, go berserk (Ow!)\nEat your salad, no dessert (Ugh!)\nGet that man you deserve\nThat's right, put in work (Put in work)\nMove your ass, go berserk (Go wizzerk)\nEat your salad, no dessert (No dessert)\nGet that man you deserve (You hear, ugh)\nThat's right, put in work (That's right put in work)\nMove your ass, go berserk (Go wizzerk)\nEat your salad, no dessert (Eat your salad, no dessert)\nGet that man you deserve (Woo!)\n\n[Outro: Bosko & (Kanye)]\n(Okay, okay, okay, that's, that'd be good)\n(I appreciate your time)\nI want to see you work out for me\nWhoa, yeah, whoa yeah\nDo-do-do-do-do-do-do-do-do-do, yo", "image": "https://images.genius.com/3f4612f1f0d80da0db81869952481afc.220x225x1.jpg"}], "artist": "Kanye West"}