{"songs": [{"title": "Electric Relaxation 2003", "album": "I'm Good", "year": "2003-01-01", "lyrics": "[HOOK: (Consequence)]\n(You got to...) Relax yourself, or we'll back you down\nRelax yourself, or we'll back you down\nRelax yourself, or we'll back you down\nRelax yourself, or we'll back you down\nRelax yourself, or we'll back you down\nAll day long man, we back in town\n\n[Consequence]\nHomie check it out I got her mesmerized\nSo when your hooker choose Cons, she telling you \"Bye\"\nStreet poetry is how your boy get paid\nIn that brand new Escalade, metallic, black or beige\nAnd when I walk up in the club, you know I do not pay\nAiiyo my man Kanyeezy, he got something to say\n\n[Kanye West]\nAiyyo my name is Kanyeezy from the Roc-A fam\nWhere the Glocks don't jam, so when we pop, them scrams\nSee I showed you on \"The Champions\" how we get down\nSo don't twist your lips up like Bobby Brown\nYou got B2K all on your bedroom wall\nBut if you be with Kan', I'm gonna work your walls\nStraight from the South Side of them Chi-Town streets\nThe top three in the game, with these here beats\n\n[Consequence]\nAnd if you talk about him, aiyyo I take you out\nEither with the nine, or the Tec's in his mouth\nAnd if that dime getting friendly then the orgy's at eight\nBut y'all niggas don't shine, so you couldn't relate\n\n[HOOK: (Consequence)]\nRelax yourself, or we'll back you down (You couldn't relate)\nRelax yourself, or we'll back you down (You couldn't relate)\nRelax yourself, or we'll back you down (Yo, 'Quence?)\nSo relax yourself, or we'll back you down\nRelax yourself, or we'll back you down\nRelax yourself, or we'll back you down\n\n[Consequence]\n'Quence was out the game, now he's back to ball\nDrive you insane, drop a tat at the mall\nYou staring at my rose-gold way too long\nBut I ain't scared to ride, that's why I wear Teflon\nI took her on the ave' and she expect me to trip\nBut I made her window shop while I bought me some kicks\nSo if you want the drama, holler at your boy\n\n[Kanye West]\nOriginal rude boy like Pastor Troy\nThe G-500 is my favorite toy\nThey say, \"He don't look like a thug or a hood\"\n\"But he keep them gorillas, so he still be good\"\nBy the way my name is K, don't forget the A\nAnd the N-Y-E, out in N.Y.C\nI'mma still rep the gold, no matter where I go\nEverybody say I'm hot, I'm saying I'm cold\nHate when niggas leave the city and switch up they raps\nOn the real homie, I don't get down like that\nI'mma milk the game, 'til we all can eat\n\n[Consequence]\nNow the Chocolate Factory is what I bump in my jeep\nSo roll me up a L, but don't lace it with leak\n'Cause that shit'll have me zoning for a couple of weeks\n\n[Kanye West]\nNow your momma told you let the cleavage show\n'Cause that's the best way to get a nigga with dough\nThey'll fake a pregnancy, and then call the attorney up\nBut she ain't know I'm cheaper than IKEA furniture\n\n[Consequence]\nKanye, White, Malik, Little and D\nMenace, Skates to Lou and the Puffs from L.B\nThey know that Consequence be wearing gold and ice\nCause I got out the projects, where it's flooded with mice\nEh shorty, let me tell you 'bout the rules of my nights\nIt seems I always keep it moving, I don't hit nothing twice\n\n[HOOK: {Consequence} (Kanye West)]\nRelax yourself, or we'll back you down {Don't hit nothing twice}\nRelax yourself, or we'll back you down {Don't hit nothing twice}\nRelax yourself, or we'll back you down\nSo relax yourself, or we'll back you down (Kon Man Produc'!)\nRelax yourself, or we'll back you down (yeah! yeah!)\nRelax yourself, or we'll back you down (It's the ROC!)\nRelax yourself, or we'll back you down\nRelax yourself, or we'll back you down\nRelax yourself, or we'll back you down\nRelax yourself, or we'll back you down\nAw, damn, Kon Man, we back in town (We back in town)\nRelax yourself, or we'll back you down (We back in town)\nRelax yourself, or we'll back you down (We back in town)\nRelax yourself, or we'll back you down (We back in town)\nRelax yourself, or we'll back you down (We back in town)\nRelax yourself, or we'll back you down", "image": "https://images.genius.com/9e8c59349a0337188ba7d78588103880.600x600x1.jpg"}], "artist": "Kanye West"}