{"songs": [{"title": "Yikes", "album": "ye", "year": "2018-06-01", "lyrics": "[Chorus]\nShit could get menacin', frightenin', find help\nSometimes I scare myself, myself\nShit could get menacin', frightenin', find help\nSometimes I scare, myself, myself\n\n[Verse 1]\nTweakin', tweakin' off that 2C-B, huh\nIs he gon' make it? TBD, huh\nThought I was gon' run DMC, huh\nI done died and lived again on DMT, huh\nSee, this a type of high that won't come down\nThis the type of high that get you gunned down\nYeezy, Yeezy trollin' OD, huh\nTurn TMZ to Smack DVD, huh\nRussell Simmons wanna pray for me too\nI'ma pray for him 'cause he got MeToo'd\nThinkin' what if that happened to me too\nThen I'm on E! News\n\n[Chorus]\nShit could get menacin', frightenin', find help\nSometimes I scare myself, myself\nShit could get menacin', frightenin', find help\nSometimes I scare myself, myself\n\n[Verse 2]\nAyy, hospital band a hundred bands, fuck a watch\nHundred grand'll make your best friends turn to opps\nI hear y'all bringin' my name up a lot\nGuess I just turned the clout game up a notch\nSee, y'all really shocked, but I'm really not\nYou know how many girls I took to the titty shop?\nIf she get the ass with it, that's a 50 pop\nI still bring the bad bitches in the city out\nUh, just a different type of leader\nWe could be in North Korea, I could smoke with Wiz Khalifa, uh\nTold my wife I've never seen her\nAfter I hit it, bye Felicia, that's the way that I'ma leave it up\n\n[Chorus]\nShit could get menacin', frightenin', find help\nSee, this is why all the bitches fuck with Ye!\nFuck what they talk about!\nSometimes I scare myself, myself\nThey take me on meds, off meds, ask yourself\nShit could get menacin', frightenin', find help\nAsk your homegirl right now, \"Look, you had a shot at Ye?\"\nSometimes I scare myself, myself\nYou'd drop everything!\n\n[Verse 3]\nTweakin', tweakin' off that 2C-B, huh\nThis is why your bitches fuck with me, huh\nSmash, she gon' end up on TV, huh\nLast thing that you ever wanna see, huh\nI can feel the spirits all around me\nI think Prince and Mike was tryna warn me\nThey know I got demons all on me\nDevil been tryna make an army\nThey been strategizin' to harm me\nThey don't know they dealin' with a zombie\nNiggas been tryna test my Gandhi\nJust because I'm dressed like Abercrombie\n\n[Outro]\nYou see? You see?\nThat's what I'm talkin' 'bout!\nThat's why I fuck with Ye!\nSee, that's my third person!\nThat's my bipolar shit, nigga, what?\nThat's my superpower, nigga, ain't no disability\nI'm a superhero! I'm a superhero!\nAgghhh!", "image": "https://images.genius.com/ce52bec054f3d772071d0c309970e616.1000x1000x1.jpg"}], "artist": "Kanye West"}