{"songs": [{"title": "Addiction", "album": "Late Registration", "year": "2005-08-30", "lyrics": "[Produced by Jon Brion & Kanye West]\n\n[Hook]\nWhy everything that's supposed to be bad make me feel so good?\nEverything they told me not to is exactly what I would\nMan, I tried to stop man, I tried the best I could\nBut (You make me smile)\n\n[Verse 1]\nWhat's your addiction? Is it money? Is it girls? Is it weed?\nI've been afflicted by not one, not two, but all three\nShe's got the same thing, about me, but more, about us\nShe's coming over, so I guess, that means, I'm her drugs\nJust let me peek now, I mean damn, I'm so curious\nShe's got a lover, so the lies, and the lust, is a rush\nTime's of the essence, I need, you to be spontaneous\nRoll up the doja, Henny and Co-Co-Coca-Cola\nThen I'm co-coming over cause it's ne-never over\n\n[Hook]\nWhy everything that's supposed to be bad make me feel so good?\nEverything they told me not to is exactly what I would\nMan, I tried to stop man, I tried the best I could\nBut (You make me smile)\n\n[Verse 2]\nI see the emotion in your eyes, that you, try not to show\nWe get the closest when you high, or you drunk, or you blown\nSo I pour the potion, so we could both get high, as we could go\nThen I'll get the lotion, and do somethin' to me, when your thighs is exposed\nThere's no turning back now, I mean I don't mean to impose\nNot now but right now, I need you to undress, and then pose\nI'm into that now, catch a vibe, when the doors, get closed\nRoll up the doja, Henny and Co-Co-Coca Cola\nAnd I keep co-coming over cause it's ne-never over\n\n[Hook: Strings]\nWhy everything that's supposed to be bad make me feel so good?\nEverything they told me not to is exactly what I would\nMan, I tried to stop man, I tried the best I could\nBut (You make me smile)\n\n[Hook]\nWhy everything that's supposed to be bad make me feel so good?\nEverything they told me not to is exactly what I would\nMan, I tried to stop man, I tried the best I could\nBut (You make me smile)\n\n[Outro]\nI just wanted to ask you\nJust wanted to um, let me, how would I put this uhh\nLet's say all your friends, remember the one\nYou said if you ever she would be the one\nOk, ok, ok (You make me smile with my heart)\nWell I was thinking, hypothetically\nI mean don't take this seriously\nDon't take me: I mean just, uhh, not credibly\nI'm feeling incredibly, I mean let it be\nI just let it be\nI mean you, her and me (You make me smile with my heart)\nI mean you, her and me\nMaybe, baby, baby\nYou know I was just kidding\nUnless you gon' do it (You make me smile)", "image": "https://images.genius.com/20be4a5ccc57daf3577b7e0d12f092f8.1000x1000x1.jpg"}], "artist": "Kanye West"}