{"songs": [{"title": "All of the Lights", "album": "My Beautiful Dark Twisted Fantasy", "year": "2010-11-22", "lyrics": "[Produced by Kanye West; Co-Produced by Jeff Bhasker]\n\n[Intro: Choir]\nAll of the lights, lights, all of the lights\n\n[Chorus: Rihanna]\nTurn up the lights in here, baby\nExtra bright, I want y'all to see this\nTurn up the lights in here, baby\nYou know what I need, want you to see everything\nWant you to see all of the lights\n\n[Post-Chorus: Elly Jackson & Rihanna]\nFast cars, shooting stars\nAll of the lights, all of the lights\nUntil it's Vegas everywhere we are (all of the lights)\nIf you want it, you can get it for the rest of your life\nIf you want it, you can get it for the rest of your life\n\n[Verse 1: Kanye West]\nSomething wrong, I hold my head\nMJ gone, our nigga dead\nI slapped my girl, she called the feds\nI did that time and spent that bread\nI\u2019m heading home, I\u2019m almost there\nI\u2019m on my way, heading up the stairs\nTo my surprise, a nigga replacing me\nI had to take him to that ghetto university\n\n[Pre-Chorus: Kanye West]\n(All of the lights) Cop lights, flashlights, spotlights\nStrobe lights, street lights (All of the lights, all of the lights)\nFast life, drug life, thug life\nRock life, every night (All of the lights)\n\n[Chorus: Rihanna]\nTurn up the lights in here, baby\nExtra bright, I want y'all to see this\nTurn up the lights in here, baby\nYou know what I need, want you to see everything\nWant you to see all of the lights\n\n[Verse 2: Kanye West]\nRestraining order, can\u2019t see my daughter\nHer mother, brother, grandmother hate me in that order\nPublic visitation, we met at Borders\nTold her she take me back, I\u2019ll be more supportive\nI made mistakes, I bumped my head\nCourts sucked me dry, I spent that bread\nShe need her daddy, baby please\nCan\u2019t let her grow up in that ghetto university\n\n[Pre-Chorus: Kanye West]\n(All of the lights) Cop lights, flashlights, spotlights\nStrobe lights, street lights (All of the lights, all of the lights)\nFast life, drug life, thug life\nRock life, every night (All of the lights)\n\n[Chorus: Rihanna]\nTurn up the lights in here, baby\nExtra bright, I want y'all to see this\nTurn up the lights in here, baby\nYou know what I need, want you to see everything\nWant you to see all of the lights\n\n[Bridge: Kid Cudi]\nGetting mine, baby\nGot to let these niggas know, yeah\nGetting right, babe\nYou should go and get your own\nGetting mine, baby\nGot to let these niggas know, yeah\nGetting right, babe\nYou should go and get your own\n\n[Verse 3: Fergie, (Rihanna), & Drake]\nUnemployment line, credit card declined\nDid I not mention I was about to lose my mind?\nAnd also was about to do that line\nK, okay, you know we going all the way this time\nWe going all the way this time\nWe going all the way this time\n(We going all the way this time)\nWe going all the way this time\n\n[Chorus: Choir]\nTurn up the lights in here, baby\nExtra bright, I want y'all to see this\nTurn up the lights in here, baby\nYou know what I need, want you to see everything\nWant you to see all of the lights\n\n[Outro: Alicia Keys & (Elton John)]\nWhoa, whoa\n(I tried to tell you but all I could say was ohh)\nWhoa, whoa\n(I tried to tell you but all I could say was ohh)\nWhoa, whoa\n(I tried to tell you but all I could say was ohh)\nWhoa, whoa\n(I tried to tell you but all I could say)", "image": "https://images.genius.com/93c0d1b54a6bdd54ca43b09daebf7e31.1000x1000x1.jpg"}], "artist": "Kanye West"}