{"songs": [{"title": "The Good, The Bad, The Ugly (Exclusive)", "album": null, "year": null, "lyrics": "Good morning America, good morning to Erica\nWho gave me good head while watching good morning America\nAnd good day New York, have a good day in court\nMy niggas drive around the hood looking for good ye' to snort\nI never liked the goodbyes, always caught a good vibe\nAlways had a good time, could always spot a good guy\nFrom a good guy, look alive, look alive, look or try\nYou know that old saying what they say about good guys\nI bet that's why I went bad, needed all my chips bad\nFiends needed it bad, started hittin' liq' bad\nHad to get that work off before that shit went bad\nIf not, it gets bad, and things will only get bad\nSo now I'm getting bad skin, and I got that badge and\nTellin me them bastards, don't catch a bad break\nCaught a bad rate on whip with bad brakes\nI'm caught up in these bad ways havin a bad day\nSo now the game's ugly, and my pain's ugly\nAnd my chain's ugly, things became ugly, 'cause I'm ugly ducklin'\nGot a stain and its musty, wakin' up looking crusty\nAnd miss thang who's ugly is sayin' to me \"don't touch me\"\nI went from pretty willie to pretty silly\nBut I'm still pretty gully so you thins will still get pretty ugly\nAnd this is for the hoods, the crabs, the junkies\nWe showin' you the good, the bad, the ugly\n\nWe showin' you the good, the bad, the ugly\nB.I.G. said get ya money ain't no telling they gon love me\nWe showin' you the good, the bad, the ugly\nWhen your money get funny and them days ain't sunny\nWe showin' you the good, the bad, the ugly\nNiggas give pounds and hug me, tho they really wanna slug me\nWe showin' you the good, the bad, the ugly\nAnd this for the hood, you got to love me\n\nGood morning to ummm, I don't remember your name\nBut I remember the brain, here go a fare for the train and\nGood morning to Chi-Town, where my niggas ride down\nAnd bust clowns, and look for some bustdowns to bust down\nAnd she ain't got a car she on the bus now\nBut her gear is bangin', she one of us now\nI wanted badly to bone 'cause she was bad to the bone\nShe from a batter home, she mad when she at home\nSo I gave her my number to beep off, she wanted to take a week off\nBustin scary movie nuts, I had to get the freak off\nThe new Tom Cruise, took the Moulan Rouge on a too long cruise\nShe said \"I ain't bonin you with them two long shoes\"\nAnd I get bougie in a grape poupon mood\nSo I'm gon act cheap in a coupon mood\nShe said \"Ye' you don't love me\"\nI told her that's the good, the bad, the ugly\n\nWe showin' you the good, the bad, the ugly\nB.I.G. said get ya money ain't no telling they gon love me\nWe showin' you the good, the bad, the ugly\nAnd this for the hood, you got to love me\n\nGood morning to Queens, the north side of my scene\nAnd when it comes down to it, I'm a ride for my team\nSee it's a beautiful life, but the bills will make it ugly\nAnd the beauty of life, is when you're forced to make it ugly\nHad a beautiful night, until a storm done made it ugly\nAnd a beautiful wife, now we divorcing and its ugly\nNow my mind state is ugly, my blind dates are ugly\nI'm ready to turn it up in the streets and make it ugly\nUsed to sit in Mr. Uglies with these chickens that were ugly\nAnd these bitches used to bug me to the point it made me ugly\nSay things that were ugly in regards to their tummies\nBut I took it all back, 'cause God don't like ugly\nNow I'm curbin' my bad words, they say that the bad burn\nI left it on bad terms, with a chic with a bad perm\nWhose case took a bad turn, and face caught a bad burn\nAnd took the news bad when they said she had bad germs\nThe bad thing about it, the bitch was bad and bout it\nBut the pussy smelled bad, so I had to get up out it\nSo now we got bad blood, her son is a bad blood\nBut it happens in the hood when you inherit that bad blood\nAnd once it get bad, it be bad for good\nThat's bad meaning bad not bad meaning good\nBut I greet it as good, when you leave with the good\nIts all good in the hood, got called good 'cause I'm good\nNow I'm havin' some good nights, livin' this good life\nGot me a good girl that I'm gon make me a good wife\nSo I'm, good to go, and I'm good where I go\nLook my man got good aim and that's a good thing to know\nAnd he came home for good, off of good behavior\nSpittin' that good game, so what's good with this paper\nAnd this is for the hoods, the crabs, the junkies\nWe showin' you the good the bad the ugly", "image": "https://images.genius.com/3a5e35c68e9ed7bf9a2a63bfa51b261e.675x675x1.jpg"}], "artist": "Kanye West"}