{"songs": [{"title": "Heavy Hitters (One Love Blend)", "album": null, "year": null, "lyrics": "Heavy Hitter for life\nHeavy hitters for life\n\nYou rappers think I give a f*ck about the way the day spent\nWant to be on my album but don't want me on they sh*t\nEverybody thought i was makin a compelation\nI was really makin myself they competation\nFresh off the plane form the all star game\nBone girls on t.v so it's all star trains\nJust picture man. No stichin man\nSomethin for the phiends fresh out the kitchen man\nLast 9/11 I was poor on a half till I floored up my math\nNow it's Porsche 9/11 and I'm floorin the gas\nProblems that i had no more\nWell damn look at how everybody den changed\nAll my niggas is bout to have it made\nTell j that i'm bout to change the game\nThis makes everything else sound played\nGoddamn Kanye! Kanye! Kanye!\nNow hold up. Ain't nobody makin with me dog now you say it\nAin't nobody messin with you at all\nI told dude you can't even rap on my interlude\nNow does that make me as rude as Jude?\nWhen the album comin out man the people is askin\nYall got motive adidas ya sick with the fashion\nYa already got do so ya spit for the passion\nThe way ya rhymes give me Tribe Called Quest flash backs\nAnd let's not even bring up the tracks man\nNope nope let's not do that man\nYa eatin up the game like Pac man\nAnd got the whole world shakin just like crack phiends\nHeavy hitters for life\nRoca fella is for life throw them diamonds up throw them diamonds up trow ya diamonds", "image": "https://images.genius.com/3a5e35c68e9ed7bf9a2a63bfa51b261e.675x675x1.jpg"}], "artist": "Kanye West"}