{"songs": [{"title": "On the Grammys (2)", "album": "Kanye West's Visionary Streams of Consciousness", "year": null, "lyrics": "I don't even know what he said, I just know that the Grammys, if they want real artists to keep coming back, they need to stop playing with us. We ain't finna play with them no more. \"***Flawless\", Beyonc\u00e9 video. And Beck needs to respect artistry, and he should've given his award to Beyonc\u00e9. And at this point, we're tired of it. Because what happens is, when you keep on diminishing art and not respecting the craft and smacking people in their face after they deliver monumental feats of music, you're disrespectful to inspiration. We as musicians have to inspire people who go to work every day, and they listen to that Beyonc\u00e9 album and they feel like it takes them to another place. Then they do this whole promotional event, they'll run the music over somebody\u2019s speech, the artist, because they want commercial advertising. Like, no, we not playing with them no more. By the way, I got my wife, I got my daughter and I got my clothing line, so I'm not going to do nothing to put my daughter at risk but I am here to fight for creativity. That's the reason why I didn\u2019t say anything tonight. But y'all know what it meant when 'Ye walks on the stage", "image": "https://images.genius.com/9fa6626ebb7cecda3ba692c1c80f52bf.1000x664x1.jpg"}], "artist": "Kanye West"}