{"songs": [{"title": "Olskoolicegre", "album": "I'm Good", "year": null, "lyrics": "[Hook: ?]\nLeft, right, right, left\nWe go left, right, right, left\nC'mon left, right, right, left\nWe gon tighten up our boots and march till it ends, c'mon\nLeft, right, right, left\nWe go left, right, right, left\nC'mon left, right, right, left\nWe gon tighten up our boots and march till it ends\n\n[Verse 1: Kanye West]\nThis a story about a bad girl that used to be good\nA miseducation of Lauryn that stayed in the hood\nSee she probably could have made it in Hollywood\nBut she was misguided, misled, and misunderstood\nShe wanted her baby dad with good hair like Blair Underwood\nAnd push a whip with 12 cylinders under the hood\n[?]\nNow she got 6 kids to feed under her roof\nShe didn't want her daughters to end up in the same position\nSo she named one hope named the other ambition\n[?]\nBut the problems with poverty left them with no choice\nThen one got locked\nThen one got popped\n[?]\nDon't worry Mom\n[?]\n\n[Hook: ?]\n\n[Verse 2: ?]\n[?]", "image": "https://images.genius.com/9e8c59349a0337188ba7d78588103880.600x600x1.jpg"}], "artist": "Kanye West"}