{"songs": [{"title": "Paranoid", "album": "808s & Heartbreak", "year": "2008-11-24", "lyrics": "[Intro: Kanye West]\nShe really thought that? (Yeah)\nYeah, she's so paranoid (Yeah, that's good, paranoid)\nGirls gonna love this song, ahaha\nWhy are you so paranoid? (Aha-ha-ha-ha-ha)\nDon't be so paranoid, don't be so\n\n[Refrain: Kanye West]\nBaby, don't worry 'bout it\nHey there, don't even think about it\nYou worry 'bout the wrong things, the wrong things\nYou worry 'bout the wrong things, the wrong things\nYou worry 'bout the wrong things, the wrong things\nYou worry 'bout the wrong things, the wrong things\n\n[Verse 1: Kanye West]\nTell me right now\nYou really wanna spend your whole life alone?\nA little time out might do you good\nMight do us good 'fore we be done for good\n'Cause I could make it good, I could make it hood\nI could make you come, I could make you go\nI could make you high, I can make you fly\nMake you touch the sky, hey, maybe so\nAll of the time\nYou be up in mine checkin' through my cell phone, baby, no\nYou wanna kill the vibe on another night\nHere's another fight, oh, here we go (Oh, here we go)\n\n[Chorus: Kanye West, Mr. Hudson & Kid Cudi]\nBaby, don't worry about it\nBaby, we'll go out to the floor\nAnyway, they don't know you (They don't know) like I do\nThey'll never know you (Never know)\nAnyway, they don't know you (Never know) like I do\nThey'll never know you\n\n[Verse 2: Kanye West]\nAll of the time\nYou wanna complain about the nights alone\nSo now you're here with me, show some gratitude\nLeave the attitude way back at home\nYeah, you see 'em look\nBaby, let 'em look, give ya cold looks 'cause we look cold\nYeah, you heard about all the word of mouth\nDon't worry about what we can't control\nAll the talk in the world lost in the world\n'Til you finally let that thing go\nYou wanna check into the heartbreak hotel\nBut sorry, we're closed\n\n[Chorus: Kanye West, Mr. Hudson & Kid Cudi]\nBaby, don't worry about it\nBaby, we'll go out to the floor\nAnyway (Hey) they don't know you (To the floor) like I do (Hey)\nThey'll never know you (Never know)\nAnyway, they don't know you (They don't know) like I do\nThey'll never know you\n\n[Refrain: Kanye West]\nBaby, don't worry about it\nLady, don't even think about it\nYou worry 'bout the wrong things, the wrong things\nYou worry 'bout the wrong things, the wrong things\nYou worry 'bout the wrong things, the wrong things\nYou worry 'bout the wrong things, the wrong things\n\n[Chorus: Mr. Hudson & Kid Cudi]\nAnyway, they don't know you like I do\nThey'll never know you\nAnyway, they don't know you like I do\nThey'll never know you\nAnyway, they don't know you like I do\nThey'll never know you\nAnyway, they don't know you like I do\nThey'll never know you", "image": "https://images.rapgenius.com/183b070ca21813cf6f5b2f3e5fd5fa8d.1000x1000x1.jpg"}], "artist": "Kanye West"}