{"songs": [{"title": "Wake Up Mr. West", "album": "Late Registration", "year": "2005-08-30", "lyrics": "[Produced by Kanye West]\n\n[Skit]\nOh, ho-ho-ho!\nI knew I was gon' see, I knew I was gon' see you again! Knew I was gon' see you again!\nWhere your goddamn book bag at?\nAlways carryin' that lil' book bag, nobody wants to see that!\nGoddamn 4th grader, sit your ass down!\nHe wanna play it again like he got somethin' else to do\nYou ain't got somethin' else to do!\nYou ain't doin' nothin' wit' your life, notin' wit' your life!\nYou think this is?\nYou better look at me when I'm talkin' to you!\nYou think this shit easy, don't you?\nYou think this is promised!\nWell ain't nothin' promised to you!\nLook at my face, do I got a promised face?\nDoes it look like I promised you anything?\nKanye, nigga-is you snorin' in my class?\nWake up Mr. West!", "image": "https://images.genius.com/20be4a5ccc57daf3577b7e0d12f092f8.1000x1000x1.jpg"}], "artist": "Kanye West"}