{"songs": [{"title": "Baby's Coming", "album": null, "year": "2016-10-10", "lyrics": "[Intro]\nI spit it\nI spit it so you could feel it\nYou know what I'm saying\nI'm saying I put my personality into it\n\n[Verse 1: Kanye West]\nThese hoes is all the same\nThey all want a nigga hollering out \"money ain't a thing\"\n'Bout pathetic as a player that lost his game\nHow a motherfuckin' hoe turn a pimp to a lame\nSee these sheets is like the street you gotta stay strapped up\nCause that's how these hoes'll get you wrapped up\nCalling you later saying what she crying about\nPut that bitch on now what she lying about\nTalking about how she late and how she eat a lot\nSee she eat a lot cause she smoke weed a lot\nWhy all the bogus hoes want to front on k\nWhy the fine hoes can't have one on the way\nI prolly tell her to keep it, it'll be our little secret\nBoniquan now my shorty looking fine: Puerto Rican\nAs long as she don't flip it tell her man that we creepin'\nWhat we doin' is all day\nWhen I hang up it ain't called hate its called wait\nWhen you get popped don't call me call Clay\nThat's your man ain't it\nThat's the plan ain't it\nWhen she told me it was mine I damn near fainted\n\n[Hook]\nLet em put you on peep it though\nI ain't even want to freak the hoe\nShit I just snapped the first time 'bout a week ago\nLet em put you on peep it though\nI ain't even want to freak the hoe\nI just snapped the first time 'bout a week ago\n\n[Verse 2]\nNow these hoes run gun I ain't finna say nothing\nShe tried to pop my pockets before I even got paid\nDon't trip, this bitch was a whip\nYou could learn something from her but you might get burned from her\nWe smoked a couple of dimes I hit it a couple of times\nNow she say she pregnant and its mine\nI'm thinking she was lying by the looks on her face\nBut she started paging me like every single day\nShe said her man going away the judge gave him three\nMust've thought she was gon' make a fool out of me\nTo bail this nigga out all she need was a G\nNow she must've came to me so I had to change the beat\nI said look hoe you must be crazy off that dope\nThat's when I snatched the rope then I kicked her on the floor\nAnd all that shit I bought you bitch I want it back\nYou lied to me return of the Mac\n\n[Hook]\nLet em put you on peep it though\nI ain't even want to freak the hoe\nI just snapped the first time 'bout a week ago\nLet em put you on peep it though\nI ain't even want to freak the hoe\nI just snapped the first time 'bout a week ago\n\n[Verse 3]\nAll y'all niggas is new with it\nI paid my dues with it\nGave hoes abortion loot they bought shoes with it\nSay they pregnant who's is it\nTell 'em you did it\nForcing these niggas out of abortion cheese\nPaid a couple of hundred now or later more than G's\n[?] have a kid by a lame ass broad\nI knocked up this girl I barely liked cause she bugged me\nShe ain't even cute, our baby prolly by ugly\nAnd I ain't happen to have that baby and your stomach doing [?]\nHow much it cost to get rid of it? I give you half of that\nBut I didn't know that she was on the pill\nNeeded the money for her hair and her nails\nAnd her cell phone bill\nHoes'll get you its like getting robbed without a pistol\n[?] come up on a nigga\n[?] like you not the one cause she ain't got no proof\nWhat happen nine months later when she was telling the truth\n\n[Hook]\nLet em put you on peep it though\nI ain't even want to freak the hoe\nI just snapped the first time 'bout a week ago\nLet em put you on peep it though\nI ain't even want to freak the hoe\nI just snapped the first time 'bout a week ago\n[Hook]\nLet em put you on peep it though\nI ain't even want to freak the hoe\nShit I just snapped the first time 'bout a week ago", "image": "https://images.genius.com/81e2db3f1322a30d83d4212d722c1308.700x700x1.jpg"}], "artist": "Kanye West"}