{"songs": [{"title": "Crack Music (Live at Abbey Road Studios)", "album": "Late Orchestration", "year": "2006-04-24", "lyrics": "[Intro: Kanye West & Choir]\nLa la la la la la lah, la la la la la lah\nThat's that crack music, crack music\nThat real black music\nLa la la la la la la lah, la la la la la lah\nUh, yeah\n\n[Verse 1: Kanye West]\nHow we stop the Black Panthers?\nRonald Reagan cooked up an answer\nYou hear that? What Gil Scott was hearin'\nWhen our heroes or heroines got hooked on heroin\nCrack raised the murder rate in D.C. and Maryland\nWe invested in that, it's like we got Merrill lynched\nAnd we been hangin' from the same tree ever since\nSometimes I feel the music is the only medicine\nSo we cook it, cut it, measure it, bag it\nSell it, the fiends cop it, nowadays they can't tell if\nThat's that good shit, we ain't sure, man\nPut the CD on your tongue, yeah, that's pure, man\n\n[Chorus: Kanye West & Choir]\nUh, that's that crack music, crack music\nYeah, that real black music\nLa la la la la la la lah, la la la la la lah\nYeah, uh, yeah, that's that crack music, crack music\nYeah, that real black music, black music\nLa la la la la la la lah, la la la la la lah\nYeah, yeah, uh, uh\n\n[Verse 2: Kanye West]\nFrom the place where the father's gone\nThe mothers is hardly home\nAnd the Madigan's lock us up in the Audy Home\nHow the Mexicans say, we just tryin' to party holmes\nThey wanna pack us all in a box like styrofoam\nWho gave Saddam anthrax?\nGeorge Bush got the answers\nBack in the hood it's a different type of chemical\nArm & Hammer baking soda raised they whole quota\nRight when our soldiers, ran for the stove 'cause\n'Cause, dreams of being Hova\nWent from bein' a broke man to bein' a dopeman\nTo bein' a President, look there's hope, man\nThis that inspiration for the Moes and the Folks, man\nShorty come and see his momma straight overdosin'\nYeah, and this is the soundtrack\nThis the type of music that you make when you 'round that\n\n[Chorus: Kanye West & Choir]\nUh, crack music, crack music\nYeah, that real black music, black music\nLa la la la la la la lah, la la la la la lah\nYeah, uh, uh, listen, that's that crack music, crack music\nYeah, that real black music\nLa la la la la la la lah, la la la la la lah\n\n[Post-Chorus: Kanye West]\nYou know, man, how good it feels to have strings for that chorus?\n\n[Outro: Kanye West]\nHow could you let this happen?\nHappen? Happen? Happen? Happen?", "image": "https://images.genius.com/664fe2cf167d887dd94ca2859078fb37.640x640x1.jpg"}], "artist": "Kanye West"}