{"songs": [{"title": "The One", "album": "Kanye West Presents Good Music Cruel Summer", "year": "2012-09-14", "lyrics": "[Produced by Kanye West, Hudson Mohawke, The Twilite Tone, Anthony Kilhoffer, Mannie Fresh & Lifted]\n\n[Hook: Marsha Ambrosius]\nThe storm is on the horizon\nI\u2019m standing here alone\nGot a pistol on my hip and it's gonna be some shit\nIf you want it then bring it on\nSee I'm a motherfuckin' soldier\nAnd I\u2019mma be here 'til it\u2019s done\nAnd when they asking who I'm is, shit\nYou just tell them that I\u2019m the one\n(One, one, one)\nTell them that I\u2019m the one\n(One, one, one)\nTell them that I\u2019m the one\n\n[Verse 1: Kanye West]\nI'm the one, baby, yeah, I'm the one, baby\nSince God gave his only begotten son, baby\nIt's hard preachin' the gospel to the slums lately\nSo I had to put the church on the drums, baby\nYou on a run, baby, you on a run, baby\nYou think you free but you a slave to the funds, baby\nYou think you me, but you ain't me, what you done lately?\nMhm that's cool but I been runnin on the sun, baby\nWe on a galaxy the haters cannot visit\nThat's my reality so get off my Scott Disick\nIf you ever held a title belt, you would know how Michael felt\nTyson, Jackson, Jordan - Michael Phelps\nYeah, had to take it to another realm\nCause everything around me got me underwhelmed\nBest way to describe my position is at the helm\nBest way to describe my new whip - yeaaaalm!\n\n[Hook: Marsha Ambrosius]\nThe storm is on the horizon\nI\u2019m standing here alone\nGot a pistol on my hip and it's gonna be some shit\nIf you want it then bring it on\nSee I'm a motherfuckin' soldier\nAnd I\u2019mma be here 'til it\u2019s done\nAnd when they asking who I'm is, shit\nYou just tell them that I\u2019m the one\n(One, one, one)\nTell them that I\u2019m the one\n(One, one, one)\nTell them that I\u2019m the one\n\n[Verse 2: Big Sean]\nI told Detroit I'mma fuckin' get it\nI told my brother we'll be fuckin' winnin'\nYe told me I'm the man for the job\nSo I told my mom, call her's up and tell 'em that she quittin'\nStarted off in that Chevrolet, but it's Ferraris I gotta drive\nI'm on HBO with my entourage, I'm 5'9'' fuckin' 9 to 5\nI need a hundred million no compromise, I'm a double X-L nigga\nMagazine and condom size, see what I seen and be traumatized\nI don't wait, I marinate, variate, everyday\nEvery state, sold out, fuck around and need a barricade\nMy weed loud, I need a hearing aid\nLivin' life behind a pair of shades\nI be a billionaire if I could get a dollar\nFor all the bullshit that I hear a day\nI did it\n\n[Hook: Marsha Ambrosius]\nThe storm is on the horizon\nI\u2019m standing here alone\nGot a pistol on my hip and it's gonna be some shit\nIf you want it then bring it on\nSee I'm a motherfuckin' soldier\nAnd I\u2019mma be here 'til it\u2019s done\nAnd when they asking who I'm is, shit\nYou just tell them that I\u2019m the one\n(One, one, one)\nTell them that I\u2019m the one\n(One, one, one)\nTell them that I\u2019m the one\n\n[Verse 3: 2 Chainz]\nTreat the back seat like a sofa bed\nBreak bread with my niggas, call it profit sharing\nThis some good shit, but it get better\nAnd yeah my bitch cold, nigga thin sweater\nLike my verse suede and the beat leather\nJust tryin' to stay above sea level\nWhen my nigga went to jail, I said, \"Free Gucci\"\nI done bought so much shit, I should get free Gucci\nBought my baby momma anaconda bags\nI shouldn't have bought it all, I should've went and cut the grass\nSnake ass niggas in my fuckin' face\nBring your girl here nigga so I could fuck her face\nYeah I run this place, this is cashmere swag\nNiggas treadmillin' goin' nowhere fast\nSittin' courtside at the Hawks game\nLouis on, I could trip a fuckin' ball player\n\n[Outro: James Fauntleroy]\nFuck yeah, awesome, yeah I lost some, of my mind\nAnd then I found peace, it was really kind\nOf awesome, it's possible, goddamn right\nYeah I've been honest the whole time\nFuck yeah, awesome, yeah I lost some, of my mind\nAnd then I found peace, it was really kind\nOf awesome, it's possible, goddamn right\nYeah I've been honest the whole time", "image": "https://images.genius.com/8a79002727bdfaa640f2440d14e3353f.1000x1000x1.jpg"}], "artist": "Kanye West"}