{"songs": [{"title": "We Can Make It Better", "album": "Late Registration", "year": "2005-08-30", "lyrics": "[Intro: Kanye West]\n(\"Breaking up\") We can make it better\n(\"Breaking up\") We can make it better\n(\"Breaking up\") We can make it better\n(\"Make It Up\") We can make it\n\n[Verse 1: Kanye West]\nSomebody told me Delta's brown-skinned, AKA's light-skinned\nAnd they supposed to be bougie, so they got white friends\nFirst day of school, I'ma take you sight seein'\nShow you what we do on weekends for excitement\nShe said, \"I know what you about to say, like your hype man\"\nLast year a nigga hit her, and now she only date white men\nAnd if a nigga even wave at her, it's frightenin', but\n\n[Chorus: Kanye West (Tony Williams)]\n(\"Breaking up\") We can make it better (better we can)\n(\"Breaking up\") We can make it better\n(Better we can make it on up, we can)\n(\"Breaking up\") We can make it better (better we can)\n(\"Breaking up\") We can make it\n\n[Verse 2: Talib Kweli]\nThe night fallin' over Brooklyn where they murder for change\nThe converter remains faithful to the drug dealer priestess\nHe in search of the word of fame, you heard of the name\nKweli the truth like I'm comin' out the mouths of babes\nOne foot in and one foot out the grave, niggas want they reparations, how you calculate the amount to be paid?\nYou try to imagine America without the slaves (The slaves)\n\n[Chorus: Kanye West (Tony Williams)]\n(\"Breaking up\") We can make it better (better we can)\n(\"Breaking up\") We can make it better\n(Better we can make it on up, we can)\n(\"Breaking up\") We can make it better (better we can)\n(\"Breaking up\") We can make it\n\n[Verse 3: Q-Tip]\nGood looks, Ye! Her tenement, yo, is rat infested\nHer heart is like a gold bullion because she went and protested\n'Cause her best friend's man got popped\nHe was sixteen years old, the cop thought his phone was a Glock\nIn the hood is an everyday happenin'\nIn front of the precinct, she chews out the captain\nShe yells out, \"Why y'all do this to black men?\" C'mon\n\n[Chorus: Kanye West (Tony Williams)]\n(\"Breaking up\") We can make it better (better we can)\n(\"Breaking up\") We can make it better\n(Better we can make it on up, we can)\n(\"Breaking up\") We can make it better (better we can)\n(\"Breaking up\") We can make it\n\n[Verse 4: Common]\nI think of eighty-seven ways to make better days\nWhether crime or rhyme, I heard the rebel pays\nOn the scene, tryin' to get green like everglades\nThe music, ridin' it good like Escalades\nIn the ghetto infested by shade and drama\nAnd niggas wit' thangs ain't afraid of karma\nI'm thinkin' big like Lil Wayne and Tha Carters's that-\n\n[Chorus: Kanye West (Tony Williams)]\n(\"Breaking up\") We can make it better (better we can)\n(\"Breaking up\") We can make it better\n(Better we can make it on up, we can)\n(\"Breaking up\") We can make it better (better we can)\n(\"Breaking up\") We can make it\n\n[Verse 5: Rhymefest]\nC'mon, look\nTell people the truth, but never give 'em your true thoughts\nTerrorism on blacks, they poison our Newports\nPatriot Act in effect, make it hard to breathe now\nJohnnie Cochran dead, who gonna get us \"Us free\" now?\nClinton ain't in office, who gon' give us shit free now?\nWho gon' make it better for the thugs in the penal?\nWho gon' make it good for old folks that's senile?\nOh, it's G.O.O.D. Music, yeah, dawg, I see now\n\n[Chorus: Kanye West (Tony Williams)]\nWe can make it better (better we can)\n(\"Breaking up\") We can make it better\n(Better we can make it on up, we can)\n(\"Breaking up\") We can make it better (better we can)\n(\"Breaking up\") We can make it", "image": "https://images.genius.com/2c5bef6942c25fb719a4e2534521cc70.1000x1000x1.jpg"}], "artist": "Kanye West"}