{"songs": [{"title": "Overreact", "album": "Freshmen Adjustment Vol. 2", "year": null, "lyrics": "Ayo\nPlanes, trains, automobiles\nThe G500s with the auto-roll wheels\nPinot Grigio, got 'em on chill\nSee now, see me ho? I got that deal\nIf you tryna build, I bet you'd like to know that\nMy father was a Black Panther with Geronimo Pratt\nAnd back in college, I ain't run with no frat\nI just ran with the track that put the Chi on the map\nNow the Roc in the buildin', UIC Pavilion\nTwo years ago I was just a civilian\nNow every chick in here swear I got millions\nIn area codes with unidentified children\n\nHold up, I'm fuckin' up the rap\n\nEvery chick in here swear I got millions\nIn area codes with unidentified children\nPut my hoodie on, blend in like a chameleon\nHear barbershop talk, niggas try to kill him\nTake my hoodie off, they like \"Ye waddup, you chillin'!\"\nSwear to god they just like children\nJust like high school, back at my school\nJust like Halloween minus the costumes\nThe niggas that's flickin' was the ones that's trickin'\nThe girls two seatin' was the ones that's treatin'\nDo a test on relationship, everybody cheatin'\nI used to want the Jordans that's most recent\nNow I throw Jordans on the whip just to look decent\nJust to get pulled over by the precinct, so frequent\nIt's like I'm back bein' a delinquent\nThey wanna know where I live, stay, and work\nWhy a young black nigga get all these perks\nHow I stack my paper, got Adidas in every flavor\nExcuse me officer, I don't know Rod Laver\nOr Stan Smith, what they don't understand is\nHow I got that color in canvas", "image": "https://images.genius.com/96319570be9d2165984a99be5ecf2edf.500x500x1.jpg"}], "artist": "Kanye West"}