{"songs": [{"title": "3/3/15 Show at Koko Setlist", "album": null, "year": null, "lyrics": "That's Not Me\nMercy\nGerman Whip\n96 Fuckries\nCold\nSo Appalled\nCyHi Freestyle\nBlessings\nAll Me (Drake cover)\nClique\nRBX\nShutdown\nNew Slaves\nWolves\nU Mad\nPower\nCan't Tell Me Nothing\nI Don\u2019t Fuck With You\nAll Of The Lights\nGood Life\nJesus Walks\nIt Ain\u2019t Safe\nDon\u2019t Like\nBlack Skinhead\nBlood On The Leaves\nC.R.E.A.M. (Wu-Tang Clan cover with Raekwon)\nAll Day\nAll Day", "image": "https://images.genius.com/3a5e35c68e9ed7bf9a2a63bfa51b261e.675x675x1.jpg"}], "artist": "Kanye West"}