{"songs": [{"title": "Ultralight Beam", "album": "The Life of Pablo", "year": "2016-02-14", "lyrics": "[Intro: Samoria Green & Natalie Green]\n(Yes, God)\nWe don't want no devils in the house, God (Yes, Lord)\nWe want the lord (Yes, Jesus)\nAnd that's it (Yes, God)\nHallej- hand over Satan (Yes, Jesus)\nJesus praise the Lord (Yes, God)\nHallelujah, God (Yes, God)\nWe don't want no devils in the house, God (Yes, Lord)\nWe want the lord (Yes, Jesus)\nAnd that's it (Yes, God)\nHallej- hand over Satan (Yes, Jesus)\nJesus praise the Lord (Yes, God)\n\n[Chorus: Kanye West & The-Dream]\nI'm tryna keep my faith\nWe on an ultralight beam\nWe on an ultralight beam\nThis is a God dream\nThis is a God dream\nThis is everything\nThis is everything\n\n[Verse 1: Kanye West & The-Dream]\nDeliver us serenity\nDeliver us peace\nDeliver us loving\nWe know we need it\nYou know we need it\nYou know we need it\nThat's why we need you now, oh\nPray for Paris\nPray for the parents\nThis is a God dream\nThis is a God dream\nThis is a God dream\n\n[Chorus: Kanye West & Choir]\nWe on an ultralight beam\nWe on an ultralight beam\nThis is a God dream\nThis is a God dream\nThis is everything\nEverything (Thing, thing, thing)\n\n[Refrain: The-Dream & Choir]\nI'm tryna keep my faith\nBut I'm looking for more\nSomewhere I can feel safe\nAnd end my holy war\nI'm tryna keep my faith\n\n[Verse 2: Kelly Price & Choir]\nSo why send oppression not blessings?\nWhy, oh, why'd you do me wrong? (More)\nYou persecute the weak\nBecause it makes you feel so strong\n(To save) Don't have much strength to fight\nSo I look to the light\n(War) To make these wrongs turn right\nHead up high, I look to the light\nHey, 'cause I know that you'll make everything alright\nAnd I know that you'll take good care of your child\nOh, no longer am afraid of the night\n'Cause I, I look to the light\n\n[Verse 3: Chance The Rapper]\nWhen they come for you, I will shield your name\nI will field their questions, I will feel your pain\nNo one can judge\nThey don't, they don't know\nThey don't know\nFoot on the Devil's neck 'til it drifted Pangaea\nI'm moving all my family  from Chatham to Zambia\nTreat the demons just like Pam\nI mean I fuck with your friends, but damn, Gina\nI been this way since Arthur was anteater\nNow they wanna hit me with the woo wap, the bam\nTryna snap  photos of familia\nMy daughter look just like Sia, you can't see her\nYou can feel the lyrics, the spirit coming in braille\nTubman of the underground, come and follow the trail\nI made Sunday Candy, I'm never going to hell\nI met Kanye West, I'm never going to fail\nHe said, \"Let's do a good ass job with 'Chance 3'\"\nI hear you gotta sell it to snatch the Grammy\nLet's make it so free and the bars so hard\nThat there ain't one gosh darn part you can't tweet\nThis is my part, nobody else speak\nThis is my part, nobody else speak\nThis little light of mine\nGlory be to God, yeah\nI'ma make sure that they go where they can't go\nIf they don't wanna ride I'ma still give 'em raincoats\nKnow what God said when he made the first rainbow\nJust throw this at the end if I'm too late for the intro\nUgh, I'm just having fun with it\nYou know that a nigga was lost\nI laugh in my head\n'Cause I bet that my ex looking back like a pillar of salt\nUgh, 'cause they'll flip the script on your ass like Wesley and Spike\nYou cannot mess with the light\nLook at lil' Chano from 79th\n\n[Chorus: Kanye West & Choir]\nWe on an ultralight beam\nWe on an ultralight beam\nThis is a God dream\nThis is a God dream\nThis is everything\nEverything\n\n[Refrain: The-Dream, Natalie Is Great & Choir]\n(Yes, God)\n(Hallelujah)\nI'm tryna keep my faith\n(Yes, Jesus)\nBut I'm looking for more\nSomewhere I can feel safe\nAnd end my holy war\n\n[Outro: Kirk Franklin & Choir]\nFather, this prayer is for everyone that feels they're not good enough\nThis prayer's for everybody that feels like they're too messed up\nFor everyone that feels they've said \"I'm sorry\" too many times\nYou can never go too far when you can't come back home again\nThat's why I need...\nFaith, more, safe, war", "image": "https://images.genius.com/389e5fd1eff885b2e7b62060869945cc.1000x1000x1.jpg"}], "artist": "Kanye West"}