{"songs": [{"title": "Blue Note NYC Freestyle", "album": null, "year": null, "lyrics": "[Kanye West]\nIt\u2019s like I wanna spit something written\nBut keep forgetting\nSo I guess it\u2019s from the heart from the start\nPlayed my part\nSeemed like I just wasn\u2019t reaching the charts\n5000 hours, rewritting Power\nOver and over\nSome nights sober, some nights gone off the Henny as usual\nSo unusual to be in this position\nEverything I say everybody tryna diss \u2018em\nEverybody playin him, truth be told\nThe last nigga ever let the truth be told\nAnd oh Mos Def ran to my home\nAnd said they gon have yo ass gone\nLight jokes, you keep playin with them white folks\nCan't even take the piss\nThey gon\u2019 test your urine\nCut all the sponsorship for the touring!\n\u201cWhere the Dark Fantasy tour at Ye?\u201d\nI dont know, ask, ask Hennesy (thats Coca-Cola)\nSay \u2018he ain't clean enough\u2019\nBut rappers ain't mean enough?\nEnough lashes like I ain't seen enough\nOn the real, this is like the neo-Emmitt Till\nWhistling, get yo fuckin' ass killed\nLets keep this shit real!\nNow who the realest\nEverybody feel this\nAnd everyday of my life, people try to tell me that I hate the whites\nCause I said what's right\nI go to sleep and deal wit it every night\nAnd wake up every morning\nAnd walk to the liquor store or coffee store shop on the Mersa whats worser?\nIts no verse that would reverse the-\nIn print or in cursive\nThey curse the name, or maybe call me Kane\nLet's have a \u2018toast for the douche bags\u2019\nBlack people wanna talk about me on blogs\nCause I like clothes like, 'look at this fag'\nThats what I have to deal wit real shit\nYall dont even understand, what it take to be a real man\nA black man interested in art, speaking from the heart and playin\u2019 my part\nAnd all this illuminati talk, like my first hit single wasn't \u2018Jesus Walks\u2019\nFor many years, these ain't rhymes these is muthaf-cking tears\nThey playin\u2019 wit niggas careers\nFelt like I\u2019m the only real nigga here\nFrom my last breath\nThey kicked me out the awards and my nigga Diddy left\nThen they even sent Beyonc\u00e9 up to give the award back\nDidn\u2019t even know I afford that\nAnd she rode the wave as I rode the slave\nAs I felt like a slave as they try to put my shit up in the grave\nNigga behave, nigga behave\nBe the first one\nI bet ya no one else would ever say nuttin\u2019 and stay frontin\u2019\nAnd get up and just perform, shit is enormous\nShout out to Steve Stout, you know what this shit \u2019bout\nMy whole family, now I\u2019m scared of Grammy\u2019s\nCause everybody know that Dark Fantasy was the highest rated album in history\nSo I just avoided it, not to be exploited, not to be recorded\n'Cause I cannot afford it, I cannot afford more shit to be impor-ted\nUh, it\u2019s too real for these niggas, you feel for these niggas\nHow I feel to be a black man, you say something wrong, nobody understand\nMoney, power, black, opinion, pick two, they would kill ya\n\n[Mos Def]\nNo matter what goes on\nThey may not agree, they may not understand\nBut God got a plan, to put the mic in my hand\nAnd his hand and that hand\nAnd ideas, and all of theres\nAnd the end, everybody up in here, in this atmosphere\nSo make it clear, live long and prosper\nMuch success, even if you wish me the opposite\nTo quote Nas, I stay on my job\nTry to pray to keep my heart from going harm\nAnd I ain't perfect, you know that from old me\nMy life is real even when I\u2019m in the movies\nI\u2019m on the ave, I\u2019m in the cave\nI buried my Grandmother on Thursday, two weeks ago\nMy life is real, as it ever been\nTo all my friends and even foes\nEach and every one of those, let em know\nI shine a globe, even in the dark, stay smart\nStay sharp, as a harp played by a musician in this position\nFeel blessed to make the whole World listen\nAnd just glisten without even trying\nEven when I die, I won't stay dead\nAnd its straight off the head, and its straight out the lungs\nLooking fly, fresh, old man, so young\nAnd I\u2019m straight from the slums\nAnd never been above so the ba-bum-ba-bum-bum-pum-pum\u2026\nThis thing ups, let us all give some\nNumber one yo, I\u2019m number none, no comparision\nAnd make the whole world aware of it\nBrooklyn in the building we take care of it\nPeace out to all the Sagittarius\nAnd happy birthday Pisces and Aries too\nAnd this go out to all area crew\nAnd if you come from the seven-eighteen then you just like me\nFrom the present, and the past and the future and beyond\nMe and Lupe and Kanye we play the song and get it on", "image": "https://images.genius.com/3a5e35c68e9ed7bf9a2a63bfa51b261e.675x675x1.jpg"}], "artist": "Kanye West"}