{"songs": [{"title": "See Me Now", "album": "My Beautiful Dark Twisted Fantasy", "year": "2010-08-11", "lyrics": "[Hook: Charlie Wilson & (Kanye West)]\nI know you see me now, right now\nI know you see me now, right now (you see, you see)\nI know you see me now, right now (haha, yeah)\nI know you see me now, right now\n\n[Bridge 1: Beyonc\u00e9 & Kanye West]\nI got my suit and tie, and I don\u2019t know if y\u2019all know\nWell maybe y\u2019all do, or maybe y\u2019all don\u2019t\nBut I don\u2019t really care, it\u2019s how we on it all the time\nSo I\u2019ma get my money, let\u2019s go\n\n[Verse 1: Kanye West]\nYeah, uh\nNow I\u2019ma need you to kill the hypocrisy, this is an aristocracy\nI\u2019m Socrates, but my skin more chocolatey\nWhat\u2019s up with who? That\u2019s old news\nI\u2019m in a speedboat in my boat shoes\nHah? I swear my whole collection\u2019s so cruise\nI might walk in Nobu wit' no shoes\n\"He just walked in Nobu like it was Whole Foods\nThat nigga crazy, I told you\"\nImmature adult, insecure asshole\nAnd if you fall on the concrete, that\u2019s your ass fault\nIf you pass on a Kan' beat, that\u2019s your last fault\nGet what you ask for, I swear that your ass low\nShe got a big booty, but she couldn\u2019t drop that ass low\n'Til you take your last ho and rope up all the cashflow\nWhen you gettin' money, they be all up on your ass, yo\nWhen you gettin' money, cops don\u2019t let a nigga pass Go\nStraight to jail yo, in a hellhole\nRight next to Lucifer, tell 'em I said \"Hello\"\nAsk if I\u2019ma be there soon and tell him I said \u201cHell no\u201d\nYo, what you say when your people get out of jail, huh?\n\n[Bridge 2: Beyonc\u00e9 & (Kanye West)]\nMy niggas is home\nI guess I got everything, everything I want\n(Let's go shopping, dog, let's celebrate)\nBut I don\u2019t, no matter how good it gets, it\u2019ll never be like before\n(Free Weezy though)\nNo women in the crowd, screamin' and it\u2019s loud\nDoin' things not allowed and I swear it\u2019s going down right now\n(You know what it is)\nI know one thing, my mama would be proud\nAnd you see me lookin' up\n'Cause I know she\u2019s lookin' down right now\n\n[Hook: Charlie Wilson]\nI know you see me now right now\nI know you see me now right now\nI know you see me now right now\nI know you see me now right now\n\n[Verse 2: Kanye West]\nPour the champagne, let your watch show\nShorty got a man watch, wrist look colossal\nI admit my first watch was a Fossil\nNow I\u2019m in the Louvre, lookin' for fossils\n'Tention to detail is so uncanny\nAnd the whips on the Sprewells, it\u2019s so un-Camry\nSomebody need to put us on camera\nThe world of Rollies and everyone families\nStay Jordan fresh, suits and Ferraris\nCute, your shorty watch Barney's, we head to Barneys\nEnd up at Marni, Giorgio, service from Sergio Tacchini\nLamborghini, the chain throw off the vertigo\nI know the flow just hit a hellified vertical\nThis the Christ year, last year was magic: 32\nLyrically, can\u2019t none of y\u2019all murder Ye\n'Cause y\u2019all raps ain\u2019t got no vertebrae\nI got style, ask June if she heard of me\nI killed the fur last Paris, raised the murder rate\nFirst of all, we all know the beats is\nLike a mix between Fergie and Jesus\nImagine the direction of this immaculate conception\nEvery one of His Majesty\u2019s swim parties is pageantries\nCannonball off the divin' board when I am bored\nAll my homies GDs, but I am Lord\nRap god, Greek mythology\nAnd this life too crazy to think logically\nHere\u2019s somethin' that you could use as an analogy\nMy life is like a child\u2019s illusions become reality\n\n[Bridge 3: Beyonc\u00e9 & Kanye West]\nNow go get my throne, 'cause I don\u2019t wanna stop\nI just go in my zone, and I\u2019ma make it hot 'til it\u2019s time to go\nWhen it\u2019s time to go, where you tryna go?\nYou better act like you can see me now\n\n[Interlude: Kanye West]\nExactly\nRosewood\nAha, aha\nI know you see me, I know you see me\nI know you see me, it's like I'm 3D\nI know you see me, I know you see me\nI know you see me, it's like I'm 3D\n\n[Verse 3: Big Sean]\nMan, today I am the freshest in the world, but that's the obvious\nDamn, I look so sexy, and you look like a pile of shit\nWhen I told my ex I love her, she went and married another\nAnd changed her whole name up, you a Yugoslavi' chick\n\"Be successful,\" that's what Dad told me\nSo everything I D-O, now I OD\nThey say G.O.O.D. Music like the new Miami Heat, shit\nComparin' them to us, man they gotta add Kobe\nWhoadie, holy moley went, from G-Shockin' to Rollie\nFrom the D, coppin' in Beverly Hills, I'm Axel Foley\nNah, nah, baby boy, you Jody, in the party, they all know me\nYeah, I saw your ass in line, boy, you was lookin' like the old me\nPresidential suit, my girls Michelle and Chanel\nShe gave me designer, uh, she keep it au natural\nI say it again, I'm chasin' cheese, dodgin' rat traps\nChasin' pussy you might end up with a Kat Stacks\nNasty trick, you's a nasty chick\nOoh, you know I like that nasty shit\nGot it made in every way, gettin' paid every day\nWhat Sean sound like, 'Ye prot\u00e9g\u00e9?\nHe sound like he a pro to me\n\"I know Kanye a jerk,\" how could you say that?\nHe rode me and my mama 'round in his Maybach\nWhat kind of jerk is that? What kind of jerks is y'all?\nFuck it if he a jerk, I bet you jerk him off\nBet you take it off or chase him through the mall\nWe workin' twice as hard, so everything come in twos\nDouble drinks, double girls\nWe be gettin' paid like W-2\nRep Westside, throwin' up Ws\n\"We love you Sean,\" I love you too\nOoh-ooh, you know I do\n\n[Outro: Kanye West]\nHey, feel like one of those old R. Kelly joints, right?\nI bet they put me back on the cover of Ebony now\nI know Jet magazine calling right now\nYou looking good today too, I like that\nYou got your new suit on and she got the extra cute on\nI know you thinking, \u201cThis that Yeezy we all love\u201d\nI\u2019m back, baby, we back, baby\nUncle Charlie, by the way\nAnd I\u2019ma let you finish, but I got Beyonc\u00e9 on the track\nThat\u2019s what it is\nBlack excellence, baby\nThis is the elite\nWe the greatest in the world baby, we the greatest in the world!!!\nHahahahaha\nYeah, Lex Luger, No ID, Yeezy\nUh", "image": "https://images.genius.com/f3df8f5e72bd83774636e4ae647f1142.1000x999x1.png"}], "artist": "Kanye West"}