{"songs": [{"title": "One I Love", "album": null, "year": null, "lyrics": "When I'm far away from you my baby\nI know it's hard for you my baby\nBecause it's hard for me my baby\nAnd the darkest hour is just before dawn\nEach night before you go to bed my baby\nWhisper a little prayer for me my baby\nAnd tell all the stars above\nAnd the darkest hour is just before dawn\nEach night before you go to bed my baby\nWhisper a little prayer for me my baby\nAnd tell all the stars above\nThis is dedicated to the one I love\nThis is dedicated to the one I love\nThis is dedicated to the one I love\nThis is dedicated to the one I love\nEach night before you go to bed my baby\nWhisper a little prayer for me my baby\nAnd tell all the stars above\nThis is dedicated to the one I love", "image": "https://images.genius.com/3a5e35c68e9ed7bf9a2a63bfa51b261e.675x675x1.jpg"}], "artist": "Kanye West"}