{"songs": [{"title": "Amazing (Live From VH1 Storytellers)", "album": "VH1 Storytellers", "year": "2010-01-05", "lyrics": "[Verse 1]\nIt's amazing, I'm the reason\nEverybody fired up this evening\nI'm exhausted, barely breathing\nHolding on to what I believe in\n\n[Hook]\nNo matter what, you'll never take that from me\nMy reign is as far as your eyes can see\nIt's amazing, so amazing, so amazing, so amazing (x2)\nIt's amazing\n\n[Verse 2]\nI'm a monster, I'm a killer\nI know I'm wrong\nI'm a problem\nThat'll never ever be solved\n\n[Hook]\n\n[Verse 3]\nI'm a monster, I'm a maven\nI know this world is changing\nNever gave up, never gave in\nI'm the only thing I'm afraid of\n\n[Hook]\n\nSo amazing, so amazing, so amazing\n\nNo matter what, you\u2019ll never take that from me\nMy reign is as far\u2026\nBring it back down though\n\nIt's amazing, I'm the reason\nEverybody fired up this evening\nI'm exhausted, barely breathing\nHolding on to what I believe in\nNo matter what, you'll never take that from me\nNever take that from me\n\nNo take it back down, take it back, keep going\n\nIt feels like you're on trial sometimes\nAnd in a relationship, you can also be on trial\nAnd be convicted with no jury\n\nAnd this song was sort of like that moment where someone tells you ain't, you ain\u2019t - you gotta say I am - an emancipation, if you will\nCause you can't take that from me\nMy self-esteem\n\nSo whether it something in your own home, or a situation like mine\nWhere you're under the microscope of the media\n\nNever let them take that from you\nI never let them, let them take that from me\n\nYou have to be amazing sometimes\nI and I know I do not always state popular opinion\n\nAmazing, Michael Jackson, amazing\nMichael Phelps, amazing\nOJ Simpson, amazing\nIs he not?!\nWhat he did when he did what he did, was he not amazing though?\n\nI think I saw in a movie - I get my quotes from movies cause I don't read\nOr from like, go figure, real life or something\nLike live real live, talk to real people, get information, ask people, questions\nAnd it was something about, you either die a superhero or you live to become the villain\nI'M CHILLIN'\n\n*Kanye chicken noise*\n\nI'm chillin'\n\nSo many times they try to make me out to be the villain\nI don't understand what I did\nI apologize for acting like a bitch at award-shows\nIt's an award-show, didn't kill anyone\nBut yet and still I apologize for my ungraciousness\n\nI was a spoiled little Chicago-boy, who got all these awards as he came in the door and people clapped and sang his praises\nAnd he soaked it all up and believed his own hype\nTo the point where he could not lose\nAnd if anyone didn't pick him, they could not choose\nAs he swooves with the who's-who's and broke all the rules\nAnd even lost his cool\nHey, nothing new\nNow they don't like you, hey they don't like you\nLook at what you've done boy, trying to be the number one boy\n\nAnd I'm thirty-one years now and I've leaned from my mistakes\n\nJust play pianos...\n\nSuper-hero music, pain\n\nThis hardcore, so hardcore\nThat's why I sing:\n\nI'm a monster, I'm maven\nI know this world is changing\nNever gave up, never gave in\nI'm the only thing I'm afraid of\nNo matter what, you'll never take that from me\nMy reign is as far as your eyes can see\nIt's amazing", "image": "https://images.genius.com/b8362cfa8184293fbf4b867eb800c0ce.325x283x1.jpg"}], "artist": "Kanye West"}