{"songs": [{"title": "Have It Your Way", "album": null, "year": null, "lyrics": "[Hook]\nDon\u2019t want nobody to die\nDon\u2019t want to have to ride but in this game\nI guess that\u2019s just the way, I guess that\u2019s just the way\nHave it your way\n\n[Verse 1]\nIt\u2019s gonna be slow singing, flower bringing\nGat clinging, bat swinging, bullets flyin\u2019, niggas dyin\u2019\nMom\u2019s cryin, faggots really don\u2019t want it\nLead coming, blood gushin from ya arms, legs, head and stomach\nI felt the hatred, cause when I turned around like the Matrix\nComin for me, an array of bullets headin dead for me\nFirst the one, and then came the two and three and four\nFive, six, seven, shots from a mac 11\nPlatinum producer killed by haters tonight on Channel 7\nHe do beats for 2Pac, now coming out the spring from Heaven\nYa know my piece is, hotter than grease is\nWith no wrong way to eat ya face like a Reese\u2019s\nSeem like the second I get some shine\nNiggas quit they fuckin\u2019 job so they can hate full time\nSo, gimme the gat, I hit em wit that\nCock back, blat blat\nLet me tell you niggas something familiar\nBroke niggas don\u2019t want war, man I\u2019ll kill ya\n\n[Hook]\nDon\u2019t want nobody to die\nDon\u2019t want to have to ride but in this game\nI guess that\u2019s just the way, I guess that\u2019s just the way\nHave it your way\n\n[Verse 2]\nOh oh, I get it, this year, niggas don\u2019t dance\nBut just rock bulletproof hats and steel pants\nNow everybody got a gun in they hand, yeah bitch nigga run to ya man\nStreet sweeper aerials fuck where they land\nNiggas close they eyes and don\u2019t aim like My bitch when she pop champagne\nBottles, I tell you bout them damn models\nThey can\u2019t cook for a lick, but they\u2019ll lick a dick and swallow\nLook I been living my life, Bullshittin\u2019 when I write songs\nEspecially talkin\u2019 bout havin\u2019 ice on and I could barely keep my lights on\nNiggas played me like Ty-Son, trying to take my light songs\nCuse they know I\u2019d knock niggas the fuck out the box\nFull Glocks, the fuck out the box, cocked\nWho the fuck tryin to box right now?\nI feel like, my whole city on my back\nI feel like, next year, my whole city on the map\n\n[Hook]\nDon\u2019t want nobody to die\nDon\u2019t want to have to ride but in this game\nI guess that\u2019s just the way, I guess that\u2019s just the way\nHave it your way\n\n[Verse 3]\nI\u2019m from, Chi town, where the raps the realest\nThe tracks gorilla, we got the millas and we\u2019ll be at ya scrilla\nClose your doors, lock your windows\nWe be at them execs for them back end checks\nNow, We on the court, and we got next up\nNow, This summer we got benz, we got Lex truck\nIt\u2019s kinda like trading places huh? I never plug\nBut I\u2019m guilty by association, so gangstas show me love\nFor that track I did, yeah I know, the rest the album wack as shit\nOoooh, its Kanye to the with that platinum shit, ya punk bitch\n\n[Hook]\nDon\u2019t want nobody to die\nDon\u2019t want to have to ride but in this game\nI guess that\u2019s just the way, I guess that\u2019s just the way\nHave it your way", "image": "https://images.genius.com/3a5e35c68e9ed7bf9a2a63bfa51b261e.675x675x1.jpg"}], "artist": "Kanye West"}