{"songs": [{"title": "Dreams Come True", "album": null, "year": null, "lyrics": "[Hook]\nYou might think you do\nBut you don't know\nIt's like a dream come true\nBut you don't know\n\n[Verse 1]\nMan I promise, I'm so self-conscious\nThat's why you always see me with at least one of my watches\nRollies and Pasha's done drove me crazy\nI can't even pronounce nothing, pass that ver-say-see\nMan I spent four hundred bucks on this\nJust to be like, nigga you ain't up on this\nThat's why I'm iced out, medallion heavy on the wrist\nMy niggas servin' the checks like the first and fifth-teenth\nSo insecurr, cut that coke 'til it's so unpure\nWe all need furs by December the third\nCause you heard, Chicago winters is extra burr\nBricks, nicks, nigga so herb\nHustlin' to the whole world, never sober\nSeats in the Rover, soft as sofurrs\nBallin so hurr 'till I need a chauffeur\n\n[Hook]\n\n[Verse 2]\nMan I promise, she's so self-conscious\nShe has no idea what she's doing in college\nThat major that she majored in don't make no money\nBut she won't drop out, her parents will look at her funny\nNow, tell me that ain't insecurr\nThe concept of school seems so secure\nSophomore, three yurrs, ain't picked a carurr\nShe like, fuck it, I'll just stay down here and do hair\nCause that's enough money to buy shorty a few pairs of new Airs\nCause her baby-daddy don't really care\nShe's so precious with the peer pressure\nCouldn't afford a car so she named her daughter Alexis\nShe had hair so long that it looked like weave\nThen she cut it all off, now she look like Eve\nAnd she be dealin' with some issues that you can't believe\nSingle black female addicted to retail, and well\n\n[Hook]\n\n[Verse 3]\nIt may seems we living the nigga's American dream\nBut the people highest up got the lowest self-esteem\nThe prettiest people do the ugliest things\nAs any means to get that green\nCause society done turned us all into fiends\nFor the road to riches and diamond rings\nAnd what about the teens moms hearts that broke?\nNiggas got killed over Starter coats\nBut I can feel why the shorties be mad as shit\nWithout the Jordans, he feelin' inadequate\nHe be feelin' so insecure\nDawg, why that nigga got it? Man life unfair\nHe be feelin' like fuck the world and furthermore\nFeelin' like it's worth\nKillin' a person for\nBut when that pain's gone, it just hurts some more\nIt seems the sun never shine, that we searchin' for\n\n[Hook x2]", "image": "https://images.genius.com/3a5e35c68e9ed7bf9a2a63bfa51b261e.675x675x1.jpg"}], "artist": "Kanye West"}