{"songs": [{"title": "White Dress", "album": "The Man With the Iron Fists (Original Motion Picture Soundtrack)", "year": null, "lyrics": "[Produced by RZA and Kanye West]\n\n[Hook]\nJust me and you, girl\nWooooaah ohhh\nJust me and you, girl\nWooooaah ohhh\n\n[Verse 1]\nTrying to sneak upstairs to your apartment\nAren't you a sight for red eyes?\nI just flew in and slipped in on your left side\nJust a satin gown, you asleep with no make-up\nI'm just tryna be inside you 'fore you wake up\n\n[Hook]\nJust me and you, girl\nWooooaah ohhh\nJust me and you, girl\nWooooaah ohhh\n\n[Verse 2]\nWe had problems but it's all in the past\nEverybody got problems, baby, algebra class\nRemember I used to do things that'd make you laugh\nLike orderin' a girl drink in a masculine glass?\nYou like pi\u00f1a coladas, getting caught in the rain\nOr rocking flannels all summer like Kurt Cobain\nOr that Dolce Gabbana with a few gold chains\nAnd you the type of girl that probably deserve a new last name\nBut, they never let us do our thing\nEverybody lying on who I bang\nWe was on fire but they blew our flame\nAin't no denying, baby, you have changed\n'Cause now your high heels clicking, your lip gloss glisten\nYour hips start switching, you're pissed off, tripping\n'Cause even when we're kissing, baby girl feel different\nFriends all diss him like, \"No he didn't?\nNo he didn't, is you talking about Kitten?\nIs that bitch still stripping?\nTrying to get a pair of Christians?\"\nI swear to God that they got you going crazy\nBut you play it off and say, \"How is work, baby?\"\nWell, some of the models is too coked up to walk straight\nBut seem to still love the man that they all hate\nBut babe, I call you back and say that you say that always\nAnd kept me on the phone and demanded they all wait\nSee, she knew about all my lies the whole time\nAnd my credit's so bad I can't get no one to cosign\nI would've thought she would've bust in the door cryin'\nBut she upped and left a nigga and she ain't give me no sign\nNow, she back in the club in a tight dress\nWith dreams of someday wearing a white dress\nSeen with some lame, it's a miracle that she'd\nTalk to a nigga with a ten-year ago swag\nPlus I don't like none of her girlfriends\nQuote unquote, \"'Cause her girlfriends got girlfriends\"\nOn the phone, hollin' that \"Niggas is whatever\"\nLet's fly to Euro and make this the best summer ever\nNow she heading to Rome, Rome is the home\nRome is where she act like she ain't got no fucking phone\nI accept that I was wrong, except a nigga grown\nSo I can't bitch and moan, in a session gettin' stoned\nSo a nigga had to hop on a plane\nA bus and a train, to try to come and talk and explain\nRented the whole bottom floor for a candlelight dinner\nTurned the lights out and put my candle right in her\nAnd told her, \"Even though I met you in a club in a tight dress\nAt first sight I could picture you in a white dress\"\nThirty foot train, diamond from Lorraine\nJust to make up for all the years and the pain\nFamily on both sides, I'm so glad you came\nAunty couldn't make it, oh no, that's a shame\nWedding in June, what could be better?\nLet's fly to Euro, make this the best summer ever\nTake the very last car of the Eurostar\nTell the conductor, \"Just drive so far\"\nTold some of your friends and they wasn't excited\nWell, we gon' tour the countryside and they won't be invited\nWe will not be disturbed by the fussin' and fighting\nTell Peaches light the herb 'cause we just reunited\nLet's make a move from these herbs, go somewhere in private\nI'm talking just me and you and the plane and the pilot, uh\n\n[Hook]\nJust me and you, girl\nWooooaah ohhh\nJust me and you, girl\nWooooaah ohhh", "image": "https://images.genius.com/1099602f270ab30b875aaefd31405473.608x608x1.jpg"}], "artist": "Kanye West"}