{"songs": [{"title": "Sway in the Morning with Kanye West (Excerpts)", "album": null, "year": "2013-11-26", "lyrics": "[Sway]: The most important artist of this generation. Over 21 Grammy's. 6 Consecutive number 1 albums. One of the most impactful voices to ever grab a microphone. One of the most talented producers to ever produce music, fashion, art. One of the most prolific people to ever speak on behalf of his thoughts; to trigger emotions and trigger thoughts of you. One of the most clever people to ever manipulate the internet. I watched him go from:\n\n[Kanye West]: Sway you gotta hear my rhymes man you gotta hear my rhymes I know I make beats but you gotta hear my rhymes\n\n[Sway] Being on the train, Amtrak train going to Philly, to now being mentioned alongside the President of the United States, more than once. We talk about President Obama, but you forgot some of the things that this man as said to really go against the grain and challenge thought fearlessly. For example:\n\n[Kanye West]: George Bush doesn't care about black people\n\n[Kanye West]: And another thing is, people are so gay-conscious now. That's like the whole thing like with the Internet \u2014 every day, somebody's- \"Ooh I can tell he gay now!\" you know, but back in the day, people used to have songs like \"Get In That Ass\" or something like that\n\n[Kanye West]: Remind me who's the original superfly, and I got love for Hov but I ain't fucking with that Suit and Tie\n\n[Sway]: Ladies and gentlemen, welcome for the first time to Sway in the Morning here at Shade 45: the one, the only, the incomparable, Kanye West!\n[Sway]: What's is going to happen with the Red Octobers?\n\n[Kanye West]: You know Nike told me when I asked them? \"We ain't sure.\" You know what they told the store though, of my- of my boy that run the store? They said \"if you want that Red October, you gotta take these 10 other shoes.\" So they told me, they ain't sure, but then they told them, if you want that Red October- but legally, we gotta both sign that contract, Mark Parker. I'mma put Mark Parker all on that Summer Jam screen. And by the way, Mark Parker, yes I will still accept an investment in Donda. I got some more ideas that don't involve shoes. But if you guys that're investing in the arts, y'all don't want to invest in the school in Brazil, y'all wanna go to Africa, I am standing up and I'm telling you, I am Warhol. I am the number one most impactful artist of our generation. I am Shakespeare in the flesh. Walt Disney. Nike. Google. Now who's gonna be the Medici family and stand up and let me create more; or do you wanna marginalize me 'til I'm out of my moment\n\n[Sway]: But why don't you empower yourself and don't need them and do it yourself?\n\n[Kanye West]: How, Sway!?\n\n[Sway]: Take a few steps back, and-\n\n[Kanye West (and Sway)]: You ain't got the answers man! You ain't got the answers! (Kanye) You ain't got the answers, Sway! (Kanye) I been doing this more than you! (Doing what more than me?) You ain't got- (C'mon, chill out, bro!) You ain't got the answers! (Kanye, relax!) You ain't got the answers! (Bro, rela- I'm asking you a question!) You ain't been doing the education. (Bro!) You ain't been doing the education! (Kanye, calm down!) You don't have the answers though. (Calm down!) Because you trying to give me advice about something- (No! No no no no, listen) You ain't- You ain't got the answers! You ain't spend 13 million dollars of your own money trying to empower yourself!\n\n[Sway]: I know, and you're absolutely right, but I've spent hundreds and thousands putting out clothing line at a smaller degree\n\n[Kanye West]: And that and that ain't Ralph though! It ain't Ralph level\n\n[Sway]: Okay well let me ask you this--\n\n[Kanye West]: What's the name of your clothing line? We don't know\n\nNo man you don't have the answers\n\n[Sway]: Why is it that you can't?\n\n[Kanye West]: I just told you I lost the money\n\n\n[Sway]:Okay so you dont have money\n\nYou dont have to turn up\nThis ain't no fucking show\n\nAin't no homie\n\nAin't no ain't no hold up\nAin't no hold\nI can make shit rhyme\nI can make shit rhyme if I'm\nFeel like, even if I, don't\nSo I just, might not, cause I\nDon't want, and I'm just gon'\nFreestyle, for the first time\nWith a, freestyle, that don't, even go together, oh\nNo rhymes, that's my new shit, nothing rhyme\nHow that sound, uh oh, woh\nYou ain't got the answers, Sway\nI can say it all, night", "image": "https://images.genius.com/3a5e35c68e9ed7bf9a2a63bfa51b261e.675x675x1.jpg"}], "artist": "Kanye West"}