{"songs": [{"title": "Famous", "album": "The Life of Pablo", "year": "2016-02-14", "lyrics": "[Intro: Rihanna & Kanye West]\nMan, I can understand how it might be\nKinda hard to love a girl like me\nI don't blame you much for wanting to be free\nI just wanted you to know\nSwizz told me let the beat rock\n\n[Verse 1: Kanye West & Swizz Beatz]\nFor all my Southside niggas that know me best\nI feel like me and Taylor might still have sex\nWhy? I made that bitch famous (Goddamn)\nI made that bitch famous\nFor all the girls that got dick from Kanye West\nIf you see 'em in the streets give 'em Kanye's best\nWhy? They mad they ain't famous (Goddamn)\nThey mad they still nameless (Talk that talk, man)\nHer man in the store tryna try his best\nBut he just can't seem to get Kanye fresh\nBut we still hood famous (Goddamn)\nYeah, we still hood famous\n\n[Chorus: Rihanna & Swizz Beatz]\nI just wanted you to know\nI've loved you better than your own kin did\nFrom the very start\nI don't blame you much for wanting to be free\nWake up, Mr. West! Oh, he's up!\nI just wanted you to know\n\n[Verse 2: Kanye West & Swizz Beatz]\nI be Puerto Rican day parade floatin'\nThat Benz Marina Del Rey coastin'\nShe in school to be a real estate agent\nLast month I helped her with the car payment\nYoung and we alive, whoo!\nWe never gonna die, whoo!\nI just copped a jet to fly over personal debt\nPut one up in the sky\nThe sun is in my eyes, whoo!\nWoke up and felt the vibe, whoo!\nNo matter how hard they try, whoo!\nWe never gonna die\n\n[Chorus: Rihanna & Swizz Beatz]\nI just wanted you to know\nGet 'em!\n\n[Bridge: Sister Nancy & Swizz Beatz]\nBam, 'ey 'ey 'ey\nBam bam, bam, bam bam dilla\nBam bam 'ey 'ey 'ey\nWhat a bam, bam, bam bam dilla\nHow you feeling right now? Let me see your lighters in the air\nBam bam 'ey 'ey 'ey 'ey 'ey\nBam bam 'ey 'ey 'ey\nWhat a bam\nLet me see your middle finger in the air\nBam 'ey 'ey 'ey\nBam bam, bam, bam bam dilla\nLet me see you act up in this motherfucker\nBam bam 'ey 'ey 'ey\nWhat a bam, bam, bam bam dilla\nHow you feelin', how you feelin, how you feelin' in this mother fucker, god damn\nBam bam 'ey 'ey 'ey 'ey 'ey\nBam bam 'ey 'ey 'ey\nWhat a bam\nOne thing you can't do is stop us now\nBam 'ey 'ey 'ey\nBam bam bam, bam bam dilla\nAyy, you can't stop the thing now\nBam bam 'ey 'ey 'ey\nWhat a bam, bam, bam bam dilla\nMan, it's way too late, it's way too late, it's way too late, you can't fuck with us\nBam bam, 'ey 'ey 'ey 'ey 'ey\nBam bam, 'ey 'ey 'ey\nWhat a bam\nTo the left, to the right\nBam 'ey 'ey 'ey\nBam bam bam, bam bam dilla\nI wanna see everybody hands in the air like this\nBam bam 'ey 'ey 'ey\nWhat a bam, bam, bam bam dilla\nBam bam 'ey 'ey 'ey 'ey 'ey\nBam bam 'ey 'ey 'ey\nWhat a bam, bam\n\n[Outro: Nina Simone]\nI just wanted you to know\nI loved you better than your own kin did\nFrom the very start\nI don't blame you much for wanting to be free\nI just wanted you to know\n\n[Produced by Kanye West, Charlie Heat, Havoc & Noah Goldstein]", "image": "https://images.rapgenius.com/3823f9649c536d7fd38ca93985d4467b.800x800x1.jpg"}], "artist": "Kanye West"}