{"songs": [{"title": "Drunk and Hot Girls", "album": "Graduation", "year": "2007-09-11", "lyrics": "[Intro: Mos Def]\nLa-da-da da-da da-da da-da da-da da\nBlap!\n\n[Hook: Kanye West]\nWe go through too much bullshit\nJust to mess with these drunk and hot girls\nWe go through too much bullshit\nJust to mess with these drunk and hot girls\nWe go\nThrough too\nMuch shit\nTo mess\nMess with\nThese drunk\nAll of these drunk and hot girls\n\n[Verse 1: Kanye West]\nDriving around town looking for the best spot\nFor the drunk and hot girls\nUp in the club look at here what we got\nSome drunk and hot girls\nStop dancing with your girlfriend and come dance with me\nStop talking 'bout your boyfriend since he is not me\nStop running up my tab 'cause these drinks is not free\nYou drunk and hot girl\n\n[Hook: Kanye West]\nWe go through too much bullshit\nJust to mess with these drunk and hot girls\nWe go through too much bullshit\nJust to mess with these drunk and hot girls\nWe go\nThrough too\nMuch shit\nTo mess\nMess with\nThese drunk\nAll of these drunk and hot girls\n\n[Verse 2: Kanye West]\nI don't want to drop your friends off, I just want you\nYou drunk and hot girl\nYou want to sit down but we hit the drive-thru\nYou drunk and hot girl\nPlease don't fall asleep, baby, we almost back\nPlease don't throw up in the car, we almost crashed\nOh, now you sober, how'd I know you'd say that\nYou drunk and hot girl\n\n[Hook: Kanye West]\nWe go through too much bullshit\nJust to mess with these drunk and hot girls\nWe go through too much bullshit\nJust to mess with these drunk and hot girls\nWe go\nThrough too\nMuch shit\nTo mess\nMess with\nThese drunk\nAll of these drunk and hot girls\n\n[Bridge: Mos Def]\nLove the dangerous necessity that people seek\nWithout regard to where they are\nThe human heart is curious\nAbove all things, love, the lights are low, your eyes are bright\nThe music plays, it's sweet delight\nIt's out of sight, I'm feeling right\nYour dress is tight\nOh howwwwww, I want you right now\n\n[Verse 3: Kanye West  with Mos Def]\nDon't tell me, you sing, you about to get a deal\nYou drunk and hot girl\n\"Ah da da da da,\" That's how the fuck you sound\nYou drunk and hot girl, yeah\nYou only live once, do whatever you like\nI thought I'd be with you for only one night\nNow I'm with this girl for the rest of my life\nThat drunk and hot girl\n\n[Hook: Kanye West with Mos Def]\nWe go through too much bullshit just to mess with these drunk and hot girls\n(A little sippy sippy)\nWe gonna through too much bullshit just to mess with these drunk and hot girls\n(Did she say she want a brewski?)\nWe go\nThrough too\nMuch shit\nTo mess\nMess with\nThese drunk\nAll of these drunk and hot girls", "image": "https://images.genius.com/680d4985b1fccdf554ab887abb63a453.1000x1000x1.jpg"}], "artist": "Kanye West"}