{"songs": [{"title": "2013 Yeezus Tour Dates", "album": null, "year": null, "lyrics": "October 19 2013 \u00a0\u00a0\u00a0\u00a0\u00a0\u00a0Seattle, WA \u00a0\u00a0\u00a0\u00a0\u00a0\u00a0\u00a0\u00a0\u00a0\u00a0\u00a0\u00a0\u00a0Key Arena*#\nOctober 20 2013 \u00a0\u00a0\u00a0\u00a0\u00a0\u00a0Vancouver, B.C. \u00a0\u00a0\u00a0\u00a0\u00a0\u00a0Pepsi Live at Rogers Arena*#\nOctober 22 2013 \u00a0\u00a0\u00a0\u00a0\u00a0\u00a0San Jose, CA \u00a0\u00a0\u00a0\u00a0\u00a0\u00a0\u00a0\u00a0\u00a0\u00a0SAP Center*#\nOctober 23 2013 \u00a0\u00a0\u00a0\u00a0\u00a0\u00a0Oakland, CA \u00a0\u00a0\u00a0\u00a0\u00a0\u00a0\u00a0\u00a0\u00a0\u00a0\u00a0Oracle Arena*#\nOctober 25 2013 \u00a0\u00a0\u00a0\u00a0\u00a0\u00a0Las Vegas, NV \u00a0\u00a0\u00a0\u00a0\u00a0\u00a0\u00a0\u00a0MGM Grand Garden Arena*^\nOctober 26 2013 \u00a0\u00a0\u00a0\u00a0\u00a0\u00a0Los Angeles, CA \u00a0\u00a0\u00a0\u00a0Staples Center*#\nOctober 28 2013\u00a0\u00a0\u00a0\u00a0\u00a0\u00a0      Los Angeles                  Staples Center\nNovember 01 2013 \u00a0\u00a0\u00a0Salt Lake City, UT \u00a0\u00a0Energy Solutions Arena*#\nNovember 03 2013 \u00a0\u00a0\u00a0Denver, CO \u00a0\u00a0\u00a0\u00a0\u00a0\u00a0\u00a0\u00a0\u00a0\u00a0\u00a0\u00a0Pepsi Center*#\nNovember 05 2013 \u00a0\u00a0\u00a0Minneapolis, MN\u00a0\u00a0\u00a0\u00a0 Target Center*#\nNovember 07 2013 \u00a0\u00a0\u00a0Chicago, IL \u00a0\u00a0\u00a0\u00a0\u00a0\u00a0\u00a0\u00a0\u00a0\u00a0\u00a0\u00a0United Center*#\nNovember 10 2013 \u00a0\u00a0\u00a0Detroit, MI \u00a0\u00a0\u00a0\u00a0\u00a0\u00a0\u00a0\u00a0\u00a0\u00a0\u00a0\u00a0\u00a0Palace of Auburn Hills*#\nNovember 12 2013 \u00a0\u00a0\u00a0Toronto, ONT. \u00a0\u00a0\u00a0\u00a0\u00a0\u00a0\u00a0Air Canada Centre*#\nNovember 14 2013 \u00a0\u00a0\u00a0Montreal, QUE. \u00a0\u00a0\u00a0\u00a0\u00a0\u00a0Bell Centre#\nNovember 16 2013 \u00a0\u00a0\u00a0Philadelphia, PA\u00a0\u00a0\u00a0\u00a0Wells Fargo Center*#\nNovember 17 2013 \u00a0\u00a0\u00a0Boston, MA \u00a0\u00a0\u00a0\u00a0\u00a0\u00a0\u00a0\u00a0\u00a0\u00a0\u00a0TD Garden*#\nNovember 19 2013 \u00a0\u00a0\u00a0Brooklyn, NY\u00a0\u00a0\u00a0\u00a0\u00a0\u00a0\u00a0\u00a0\u00a0 Barclays Center*^\nNovember 21 2013 \u00a0\u00a0\u00a0Washington, DC\u00a0\u00a0\u00a0\u00a0 Verizon Center#\nNovember 23 2013 \u00a0\u00a0\u00a0New York, NY \u00a0\u00a0\u00a0\u00a0\u00a0\u00a0\u00a0\u00a0Madison Square Garden*^\nNovember 29 2013 \u00a0\u00a0\u00a0Miami, FL \u00a0\u00a0\u00a0\u00a0\u00a0\u00a0\u00a0\u00a0\u00a0\u00a0\u00a0\u00a0\u00a0\u00a0American Airlines Arena*#\nNovember 30 2013 \u00a0\u00a0\u00a0Tampa, FL\u00a0\u00a0\u00a0\u00a0\u00a0\u00a0\u00a0\u00a0\u00a0\u00a0\u00a0\u00a0 Tampa Bay Times Forum^\nDecember 01 2013 \u00a0\u00a0\u00a0Atlanta, GA \u00a0\u00a0\u00a0\u00a0\u00a0\u00a0\u00a0\u00a0\u00a0\u00a0\u00a0Philips Arena#\nDecember 06 2013 \u00a0\u00a0\u00a0Dallas, TX \u00a0\u00a0\u00a0\u00a0\u00a0\u00a0\u00a0\u00a0\u00a0\u00a0\u00a0\u00a0American Airlines Center#\nDecember 07 2013 \u00a0\u00a0\u00a0Houston, TX \u00a0\u00a0\u00a0\u00a0\u00a0\u00a0\u00a0\u00a0\u00a0Toyota Center#\n\n# WITH KENDRICK LAMAR\n^ SPECIAL GUEST TO BE ANNOUNCED\nTICKETS WITH* ON SALE FRIDAY 9 13 13", "image": "https://images.genius.com/3a5e35c68e9ed7bf9a2a63bfa51b261e.675x675x1.jpg"}], "artist": "Kanye West"}