{"songs": [{"title": "18 Years", "album": "Def Poetry Jam", "year": null, "lyrics": "[Mos Def Introducing Kanye West]\nThe next guest.. is my man\nBringing him back, its a pleasure to have him here\nPlease give it for my brother Kanye.. West\n\n[Audience Chants]\n\n[Intro : Kanye]\nUh.. Let me stop-by..\nThanking you know.. for allowing me to come back because this is one of the important days of the year to... next to y'know Christmas, my mother's birthday and my birthday\nNow here goes the story...\nMy momma calls me and she says \"Baby, I'm down in Miami and they play your song all day long. You making a lot of money right now. So when you on the tour I know there's gonna be lot of girls out there tryna throw you their pussy\"\n(haha) I mean that's how my momma talks with me\nShe says \"Baby, imma want you to put three rubbers cause I don't want no girl out there fucking up our money\n\n[Kanye]\nEighteen years, eighteen years\nShe got one of your kids, got you for eighteen years\nI know a nigga payin' child support for one of his kids\nHis baby mama car and crib is bigger than his\nYou will see him on TV any given Sunday\nWin the Super Bowl and drive off in a Hyundai\nShe was supposed to buy your shorty Tyco with your money\nShe went to the doctor, got lipo with your money\nShe walkin' around lookin' like Michael with your money\nShould've got that insured, Geico for your money\nIf you ain't no punk\nHolla, \"We want prenup! We want prenup!\" (Yeah!)\nIt's somethin' that you need to have\n\u2018Cause when she leave yo' ass, she gon' leave with half\nEighteen years, eighteen years\nShe got one of your kids, got you for eighteen years\nAnd on the 18th birthday he found out it wasn't his!\nMaaan! he killed that bitch, they gave him 25 years, 25 years\nYeah, yeah, yeah, yeah, yeah, yeah, yeah, yeah..", "image": "https://images.genius.com/233f5cd918ed962d168eeb68666807ab.1000x563x1.jpg"}], "artist": "Kanye West"}