{"songs": [{"title": "FML (Original Demo)", "album": null, "year": null, "lyrics": "[Into: Kanye West]\nI been waiting\nFor a minute\nPour out, ayy\nPour out, everyday, you know\n\n[Chorus: Kanye West]\nI wish I would let a hater fuck my life up\nI don't care, but I'm closer now\nWhen I'm on, an' we gon' light the light up\nHelp me out when I'm goin' down\n\n[Verse: Kanye West]\nSee, before I let you go\nOne last thing I need to let you know\nYou ain't never seen nothing crazier than\nThis nigga when he off his Lexapro\nHad more than another episode\nLast down I'm down in Mexico\nAsking me why the hell I test the cove\nFour times I say don't test me, hoe\nTold you four times don't test me, hoe\nNow we finna lose all self-control\nBut you ain't finna be raising your voice at me\nEspecially when we in the Giuseppe store\nBut I'ma have the last laugh in the end\nCause I'm from a tribe called check a hoe\nYeah, I'ma have to laugh in the end\nCause I'm from a tribe called check a hoe\nAnd I\n\n[Chorus: Travis Scott]\nI wish I would let a hater fuck my life up\nCan't let them get to me\nSunday night, I just might have to pipe up\nYou gon' have to get used to me\nWish I would let a hater fuck my life up\nCan't let them get to me\nSunday night, I just might have to pipe up\nYou gon' have to get used to me\n\n[Interlude: Kanye West]\nAhh, ahh\nAhh, ahh\nAhh, ahh\nAhh, ahh\n\n[Chorus: Travis Scott]\nI wish I would let a hater fuck my life up\nCan't let them get to me\nSunday night, I just might have to pipe up\nYou gon' have to get used to me\nWish I would let a hater fuck my life up\nCan't let them get to me\nSunday night, I just might have to pipe up\nYou gon' have to get used to me\n\n[Bridge: Kanye West]\nDon't stop your loving\nDon't stop for nothing\nNo, not for nothing\nThey don't wanna see me love you\nNah, don't stop it\nThey always love it\nThey always wanna\nThey don't wanna see me love you\nThey don't wanna see me love you\nThey don't wanna see me love you\nThey don't wanna see me love you\nThey don't wanna see me love you\nThey don't wanna see me love you\nThey don't wanna see me love you\nThey don't wanna see me love you\n\n[Chorus: Travis Scott]\nI wish I would let a hater fuck my life up\nCan't let them get to me\nSunday night, I just might have to pipe up\nYou gon' have to get used to me\nWish I would let a hater fuck my life up\nCan't let them get to me\nSunday night, I just might have to pipe up\nYou gon' have to get used to me", "image": "https://images.genius.com/3a5e35c68e9ed7bf9a2a63bfa51b261e.675x675x1.jpg"}], "artist": "Kanye West"}