{"songs": [{"title": "Wack Niggaz", "album": "Freshmen Adjustment Vol. 1", "year": null, "lyrics": "[Verse 1: Kanye West]\nI wish all wack niggas'd get out the game\nYou can't con me, that\u2019s half my name\nAnd if you had any brains you wouldn't wanna lose half your brain\nBy hating on players in the game\nWack nigga, the beat go, \u201cDuh-duh-da\u201d\nAnd then your flow go way the fuck off\nI kill y'all niggas on that lyrical shit\nMayonnaise colored Benz, I push Miracle Whips\nBut I'm not trying to cause commotion\nAnd have my niggas bring all the toast in\nI just want your girl to rub my balls with lotion\n'Cause you got madder, ripped down all my posters\nBut you came at me like \"Yo, I got the Kia with the woodgrain\"\nYeah you would, lame\n\"On the real, in the streets I got the good name\n\"I got the TV\" Yeah, that\u2019s good, man\n\n[Verse 2: Talib Kweli]\nIt's time to change up, my lyrics rip your frame up\nAsking if I'm nice, like fucking with a chick that don't give head\nThat's a no-brainer\nNiggas pack bangers y'all don't even know the names of\nI\u2019m about to meet the quota, you about to meet the savior\nWack nigga, you about to get shot\nFuck with Talib Kweli, that's how you get got\nWord, not that I'm wilding or even promoting violence\nIt's just you fucking up my high, can't a nigga smoke in silence?\nYou wack niggas\n\n[Hook: Kanye West & Talib Kweli]\nWake up in the morning, dawg, you just a wack niggas\nI'd kill myself if I was that wack niggas\nEverything you wear and rock is just wack niggas\nEven if you flossing rocks, you just wack niggas\nYou can't do it, dawg, you's a wack niggas\nBiting ass, bitch ass, trick ass wack niggas\nEven your daughter says, \"My Daddy's a\u2013\" wack niggas\nYou wack nigga!\n\n[Bridge: Kanye West]\n(In the beginning) Niggas forcing me to keep the heat up\nBlack strap, white handle, I got jungle fever\nBlack Benz, white truck and one two-seater\nWack niggas hold hands and follow the procedure\n'Cause I got enough tools that one gon' leave you\nIf I drop enough dudes, man, one gon' reach you\nIf they build enough schools, man, one gon' teach you\nKanye the shit, but I ain't trying to be feces-tious\n\n[Instrumental break]\n\n[Bridge: Kanye West]\n(In the beginning) Niggas forcing me to keep the heat up\nBlack strap, white handle, I got jungle fever\nBlack Benz, white truck and one two-seater\nWack niggas hold hands and follow the procedure\n'Cause I got enough tools that one gon' leave you\nIf I drop enough dudes, man, one gon' reach you\nIf they build enough schools, man, one gon' teach you\nKanye the shit, but I ain't trying to be feces-tious\n\n[Outro: Kanye West & Talib Kweli]\nWake up in the morning and dawg, you just a wack niggas\nI\u2019d kill myself if I was that wack niggas\nEverything you wear and rock is just wack niggas\nEven if you flossing rocks, you just wack niggas\nGotta name drop to get a girl naked wack niggas\nPlus your ass can't sell one record wack niggas\nEven your daughter says, \"My Daddy's a\u2013\" wack niggas\n\"My Daddy's a wack nigga\"", "image": "https://images.genius.com/11b5c3bdc828bc9942f2c195f9ffa76c.300x300x1.jpg"}], "artist": "Kanye West"}