{"songs": [{"title": "All Falls Down (Original)", "album": "Freshmen Adjustment Vol. 1", "year": null, "lyrics": "[Intro]\nI hear you, I hear you, L-Boogie\nRemember they used to call you that?\nWhat you say, Lauryn?\nYou just keep singing, I'mma tell 'em\nOh when it all, it all falls down\nI'm telling you all when it all falls down\n(Oh when it all)\n\n[Verse 1: Kanye West]\nMan I promise, she's so self conscious\nShe has no idea what she doing in college\nThat major that she majored in don't make no money\nBut she won't drop out, her parents will look at her funny\nNow, tell me that ain't insecurr\nThe concept of school seems so securr\nSophmore three yurrs ain't picked a carurr\nShe like fuck it, I'll just stay down hurr and do hair\nCause that's enough money to buy her a few pairs of new Airs\nCause her baby daddy don't really care\nShe's so precious with the peer pressure\nCouldn't afford a car so she named her daughter Alexis\nShe had hair so long that it looked like weave\nThen she cut it all off now she look like Eve\nAnd she be dealing with some issues that you can't believe\nSingle black female addicted to retail and well\n\n[Chorus: Kanye West]\nOh when it all, it all falls down\nUh, and when it falls down who you gon' call now?\nOh when it all, it all falls down\nC'mon c'mon, and when it falls down\n\n[Verse 2: Kanye West]\nMan I promise, I'm so self-conscious\nThat's why you always see me with at least one of my watches\nRollies and Pashas done drove me crazy\nI can't even pronounce nothing, pass that versace!\nThen I spent 400 bucks on this\nJust to be like, \"Nigga, you ain't up on this!\"\nAnd I can't even go to the grocery store\nWithout some Ones that's clean and a shirt with a team\nIt seems we living the American Dream\nBut the people highest up got the lowest self-esteem\nThe prettiest people do the ugliest things\nFor the road to riches and diamond rings\nWe shine because they hate us, floss cause they degrade us\nWe trying to buy back our 40 acres\nAnd for that paper, look how low we a stoop\nEven if you in a Benz, you still a nigga in a coupe\n\n[Chorus: Kanye West]\nOh when it all, it all falls down\nUh, and when it falls down who you gon' call now?\nOh when it all, it all falls down\nC'mon c'mon, and when it falls down\n\n[Verse 3: Kanye West]\nI say fuck the police, that's how I treat 'em\nWe buy our way out of jail, but we can't buy freedom\nWe'll buy a lot of clothes but we don't really need 'em\nThings we buy to cover up what's inside\nCause they make us hate ourself and love they wealth\nThat's why shorties holler, \"Where the ballers at?\"\nDrug dealer buy Jordan, crackhead buy crack\nAnd the white man get paid off of all of that\nBut I ain't even gonna act holier than thou\nCause fuck it, I went to Jacob with 25 thou\nBefore I had a house and I'd do it again\nCause I wanna be on 106 & Park pushing a Benz\nI wanna act ballerific like it's all terrific\nI got a couple past-due bills, I won't get specific\nI got a problem with spending before I get it\nWe all self-conscious I'm just the first to admit it\n\n[Chorus: Kanye West]\nOh when it all, it all falls down\nUh, and when it falls down who you gon' call now?\nOh when it all, it all falls down\nC'mon c'mon, and when it falls down\n\nDon't stop that shit, keep that shit\nKeep that part where I ran out of breath\nWe ain't doing no punch-ins, man\nThat's that fake shit\nIf I was on stage, how I gotta spit it?\nIt's from the heart anyway\nMight cause shortness of breath, ya know?\nCouldn't have got nobody better for the job\nThank you very much this a beautiful\nBeautiful young lady that's inspired me definitely", "image": "https://images.genius.com/11b5c3bdc828bc9942f2c195f9ffa76c.300x300x1.jpg"}], "artist": "Kanye West"}