{"songs": [{"title": "Speech at Harvard Graduate School of Design", "album": null, "year": "2013-11-17", "lyrics": "So after walking through here I decided that I wanted to make sure for anyone that didn\u2019t have tickets tonight that you all could have tickets to the show. So anybody who wants to come tonight, you can have tickets for the entire office!\n\nBut I just wanted to tell you guys: I really do believe that the world can be saved through design, and everything needs to actually be \u201carchitected.\u201d And this is the reason why even some of the first DONDA employees were architects that started designing t-shirts instead of buildings. But just to see the work actually be actualized.\n\nIf I sit down and talk to Oprah for 2 hours, the conversation is about realization, self realization, and actually seeing your creativity happen in front of you. So the reason why I turn up so much in interviews is because I\u2019ve tasted what it means to create and be able to impact, and affect in a positive way.\n\nAnd I know that there\u2019s more creativity to happen. And I know that there\u2019s traditionalists that hold back the good thoughts and there\u2019s people in offices that stop the creative people, and (who) are intimidated by actual good ideas.\n\nI believe that utopia is actually possible\u2014but we\u2019re led by the least noble, the least dignified, the least tasteful, the dumbest, and the most political. So in no way am I a politician\u2014I\u2019m usually at my best politically incorrect and very direct. I really appreciate you guys\u2019 willingness to learn and hone your craft, and not be lazy about creation.\n\nI\u2019m very inspired to be in this space. Tonight, this show, if you come see it\u2014um, I\u2019m a bit self conscious because I\u2019m showing it to architects. So the stage does have flaws in it. It\u2019s an expression of emotion so give me a pass on that. And that\u2019s basically all I have to say so thank you very much.", "image": "https://images.genius.com/3a5e35c68e9ed7bf9a2a63bfa51b261e.675x675x1.jpg"}], "artist": "Kanye West"}