{"songs": [{"title": "FML (Metro Boomin Demo)", "album": null, "year": null, "lyrics": "[Intro: Kanye West]\nI been waiting\nFor a minute\nPour out, ayy\nPour out, everyday, you know\n\n[Chorus: The Weeknd]\nThey wish I would go ahead and fuck my life up\nCan't let them get to me\nAnd even though I always fuck my life up\nOnly I can mention me\n\n[Verse: Kanye West]\nSee, before I let you go\nOne last thing I need to let you know\nYou ain't never seen nothing crazier than\nThis nigga when he off his Lexapro\nHad more than another episode\nLast time I'm down in Mexico\nAsking me why the hell I test the code\nFour times I say don't test me, ho\nTold you four times don't test me, ho\nNow we finna lose all self-control\nBut you ain't finna be raising your voice at me\nEspecially when we in the Giuseppe store\nBut I'ma have the last laugh in the end\nCause I'm from a tribe called check a ho\nYeah, I'ma have to laugh in the end\nCause I'm from a tribe called check a ho\nAnd I-\n\n[Chorus: The Weeknd]\nThey wish I would go ahead and fuck my life up\nCan't let them get to me\nAnd even though I always fuck my life up\nOnly I can mention me\n\n[Bridge: Kanye West]\nSee through the night\nAnd forget all of your past\nThrow that\nThrow that away\nDon't stop your loving\nDon't stop for nothing\nNo, not for nothing\nThey don't wanna see me love you\nNah, don't stop it\nThey always love it\nThey always wanna\nThey don't wanna see me love you\nThey don't wanna see me love you\nThey don't wanna see me love you\n\n[Instrumental Break]\n\n[Outro]\nMetro Boomin want some more, nigga", "image": "https://images.genius.com/3a5e35c68e9ed7bf9a2a63bfa51b261e.675x675x1.jpg"}], "artist": "Kanye West"}