{"songs": [{"title": "I'm a New Man", "album": null, "year": null, "lyrics": "Well the song says no one man should have all that power right?\n\nThere\u2019s definitively been times I let\nLet power, get the best of me\u2026\nAnd let the world take the rest of me\nI look in the mirror and say\n\u201cGod, is this, is this my destiny?\nIs this what I\u2019ve done\nAfter all the years of you blessin\u2019 me?\u201d\nWell maybe this is just a moment\nA moment of you all testin\u2019 me\nTo see if I can still act professionally\nTo keep me at bay\nLike the Chesapeake\nGuess it\u2019s me\nJust a \u2018G\nFrom the C.I.,\nHonest\u2026 And why?\n\nWhy would you give me that Power?\nKnowing I was just an artist\nKnowing exactly where my heart is\nAnd I will only work the hardest\nAnd sometimes, put art, before being the smartest\nAnd sometimes act retarded\nJust look at what I started\nAnd they wanted me to be dearly departed\nDie, nigga die, and I had no reply\nAnd I still looked her in the eyes\nAnd said that I could touch the sky\nAnd after all the drama\nI wonder where I would be if I still\nHad my Momma, Common\nAnd everybody I was promising around me\nYou know how niggas from Chi town be, sometimes we wild\n\nAct like a child\nGet fouled\nStay in style\nAs of now \u2026?\n... flows through the veins of a modern day\nPharaoh. In American Apparel\nStanding down the barrel of the media\nFor the man that face never made it in the encyclopedia\nHis story, His glory\n\u2026and they re-write history right in front of us - in front of us\nBut what happens?\nWhen one of us is on the other side of that T.V. screen?\nYou know what I\u2019m sayin\u2019. Real niggas you know what I mean\n- you know what I mean\n- you know what I mean\n- you know what I mean\n\nOr at least that\u2019s what I thought\nBut when they sayin\u2019 \u201cHey that\u2019s what the real nigga do, right?\u201d\nNaw not right, that\u2019s just mean, that\u2019s just me that\u2019s not, right\nNow how long did it take me to realize?\nAnd open up my fucking eyes!\nThat this shit is just a disguise\nAll the fame!\nAnd the power!\nAnd the hour!\nIn the showers!\nOf the diamonds!\nAnd the jewels!\nAnd the gold!\nEverybody say you cold!\nEverybody screaming at motha ****ing shows\nAnd you know what?\n\nYou wake up in the morning\nAnd in awe you\u2019re a real person\nAnd worse you got the \u2026?...\nGot a little bit harder\nA little bit more insignificant\nYou was the terrific ****\nBuying expensive ****\nLast year worked for Louis or Ford\nToo much for me to even record\nThe only thing I had to do was get my heart out\nThe greatest blessing in the world is the fact you let me get my art out\nThe fact that you accepted me and didn\u2019t neglect me\nEven when I was a \u2026?...\nEven when I went to these meetings straight dolo\nI had to go solo. I used to have a group\nThat group used to wear Adidas and\n\u2026?... and then I got stupid and left them niggas\nAnd said I\u2019m better than ya\u2019ll when it was true\nNow when I finally got the power man what the **** did I do?\n\nAnd I\u2019m so sorry to how every one of ya\u2019ll had to fight for my name\nEvery one of ya\u2019ll a year ago, that all waited for this change\nEveryone who said \u201cKanye is that nigga quit talkin\u2019 names\u201d\nAnd I know! I am the one to blame\nAnd the people that I-I-I, let down\nI want to tell you right here - right here, right now\nThat I\u2019m a new man that understands why people abusing the power\n\n*Crowd erupts drowning out the lyrics*\n\nAnd make more music for the world to love!\nAnd there\u2019s so many people I could thank there\u2019s my Mom and God and above\nSo all ya\u2019ll, and everybody throw your hands in the sky!\nEveryone touch the sky before the day never dies! dies! dies!\n\nNo one man should have all that power!\nThey say no one man should have all that power!\nThey say no one man should have all that power!\nThey say no one man should have all that power!", "image": "https://images.genius.com/3a5e35c68e9ed7bf9a2a63bfa51b261e.675x675x1.jpg"}], "artist": "Kanye West"}