{"songs": [{"title": "Hold My Liquor", "album": "Yeezus", "year": "2013-06-18", "lyrics": "[Produced by Arca, Kanye West, Mike Dean, and Noah Goldstein]\n\n[Intro: Justin Vernon]\nI can hold my liquor\nBut this man can\u2019t handle his weed\nDark and lonely now\nOn Chicago, south of town\nI'm on to Indiana\nI heard it in the radio now\n\n[Chorus: Chief Keef]\nI can't handle no liquor\nBut these bitches can't handle me\nI can't control my niggas\nAnd my niggas they can't control me\nYou say you know me, my nigga\nBut you really just know the old me\n\n[Verse: Kanye West]\nBitch, I'm back out my coma\nWakin' up on your sofa\nWhen I park my Range Rover\nSlightly scratch your Corolla\nOkay, I smashed your Corolla\nI'm hangin' on a hangover\nFive years we been over\nAsk me why I came over\nOne more hit and I can own ya\nOne more fuck and I can own ya\nOne cold night in October\nPussy had me floatin'\nFeel like Deepak Chopra\nPussy had me dead\nMight call 2Pac over\nYeezy's all on your sofa\nThese the Red Octobers\nStill ain't learn me no manners\nYou love me when I ain't sober\nYou love me when I'm hungover\nEven when I blow doja\nThen her auntie came over\nSkinny bitch with no shoulders\nTellin' you that I'm bogus\nBitch, you don't even know us\n\"Baby girl, he's a loner\"\n\"Baby girl, he's a loner\"\nLate-night organ donor\nAfter that, he disown ya\nAfter that he's just hopeless\nSoul mates become soulless\n\"When it's over it's over\"\nAnd bitch, I'm back out my coma\n\n[Bridge: Justin Vernon]\nCallin' up your uncle's place\nShit's all over the place\nI don't hear your phone\nOhhh, I wanna phone home\n\n[Chorus: Chief Keef]\nI can't handle no liquor\nBut these bitches can't handle me\nI can't control my niggas\nAnd my niggas they can't control me\nYou say you know me, my nigga\nBut you really just know the old me\n\n[Outro: Justin Vernon and Kanye West]\nI heard you need a new fad (a new girl)\nI heard you need a new stack (a new girl)\nI heard you need a new phone (a new girl)\nI know your 'rents ain't be home (a new girl)\n\n[Bridge: Justin Vernon]\nCallin' up your uncle's place\nShit's all over the place\nI don't hear your phone\nOhhh, I wanna phone home", "image": "https://images.genius.com/8bf8ad4e7bcd4e2d9f1d33b1bb53fe3a.1000x1000x1.jpg"}], "artist": "Kanye West"}