{"songs": [{"title": "On Sight", "album": "Yeezus", "year": "2013-06-18", "lyrics": "[Produced by Benji B, Daft Punk, Kanye West & Mike Dean]\n\n[Verse 1]\nYeezy season approachin'\nFuck whatever y'all been hearin'\nFuck what, fuck whatever y'all been wearin'\nA monster about to come alive again\nSoon as I pull up and park the Benz\nWe get this bitch shaking like Parkinsons\nTake my number and lock it in\nIndian hair, no moccasins\nIt's too many hoes in this house of sin\nReal nigga back in the house again\nBlack Timbs all on your couch again\nBlack dick all in your spouse again\nAnd I know she like chocolate men\nShe got more niggas off than Cochran, hah!\n\n[Chorus]\nOn sight, on sight\n\n[Bridge]\nHow much do I not give a fuck?\nLet me show you right now 'fore you give it up\nHow much do I not give a fuck?\nLet me show you right now 'fore you give it up\n\n[Interlude]\nHe'll give us what we need\nIt may not be what we want\n\n[Verse 2]\nBaby girl tryna get a nut\nAnd her girl tryna give it up\nChopped 'em both down\nDon't judge 'em, Joe Brown\nOne last announcement\nNo sports bra, let's keep it bouncin'\nEverybody wanna live at the top of the mountain\nTook her to the 'Bleau, she tried to sip the fountain\nThat when David Grutman kicked her out\nBut I got her back in and put my dick in her mouth\n\n[Chorus]\nOn sight, on sight\n\n[Interlude]\nUh-huh\nUh-huh\nUh-huh\nUh-huh\n\n[Outro]\nRight now\nI need right now\nRight now\nI need, I need right now\nRight now\nI need, I need right now", "image": "https://images.genius.com/8bf8ad4e7bcd4e2d9f1d33b1bb53fe3a.1000x1000x1.jpg"}], "artist": "Kanye West"}