{"songs": [{"title": "POWER", "album": "My Beautiful Dark Twisted Fantasy", "year": "2010-05-28", "lyrics": "[Produced by Andrew Dawson, Jeff Bhasker, Kanye West, Mike Dean & S1]\n\n[Intro]\nI\u2019m living in that 21st Century, doing something mean to it\nDo it better than anybody you ever seen do it\nScreams from the haters, got a nice ring to it\nI guess every superhero need his theme music\n\n[Chorus]\nNo one man should have all that power\nThe clock\u2019s ticking, I just count the hours\nStop tripping, I\u2019m tripping off the power\n(21st-Century schizoid man)\n\n[Verse 1]\nThe system broken, the school is closed, the prison's open\nWe ain\u2019t got nothing to lose, motherfucker we rolling\nHuh? Motherfucker we rolling\nWith some light-skinned girls and some Kelly Rowlands\nIn this white man world, we the ones chosen\nSo goodnight, cruel world, I\u2019ll see you in the morning\nHuh? I\u2019ll see you in the morning\nThis is way too much, I need a moment\n\n[Chorus]\nNo one man should have all that power\nThe clock\u2019s ticking, I just count the hours\nStop tripping, I\u2019m tripping off the power\nTill then, fuck that, the world\u2019s ours\nAnd they say, and they say\nAnd they say, and they say\nAnd they say, and they say\n(21st-Century schizoid man)\n\n[Verse 2]\nFuck SNL and the whole cast\nTell them Yeezy said they can kiss my whole ass\nMore specifically they can kiss my asshole\nI\u2019m an asshole? You niggas got jokes\nYou short-minded niggas thoughts is Napoleon\nMy furs is Mongolian, my ice brought the goalies in\nAnd I embody every characteristic of the egotistic\nHe knows, he\u2019s so fucking gifted\nI just needed time alone with my own thoughts\nGot treasures in my mind but couldn\u2019t open up my own vault\nMy childlike creativity, purity and honesty\nIs honestly being crowded by these grown thoughts\nReality is catching up with me\nTaking my inner child, I\u2019m fighting for custody\nWith these responsibilities that they entrusted me\nAs I look down at my diamond encrusted piece\n\n[Chorus]\nThinking no one man should have all that power\nThe clock\u2019s ticking, I just count the hours\nStop tripping, I\u2019m tripping off the powder\nTill then, fuck that, the world\u2019s ours\nAnd they say, and they say\nAnd they say, and they say\nAnd they say, and they say\n(21st-Century schizoid man)\n\n[Verse 3]\nColin Powells, Austin Powers\nLost in translation with a whole fucking nation\nThey say I was the abomination of Obama\u2019s nation\nWell that\u2019s a pretty bad way to start the conversation\nAt the end of the day, god damn it I\u2019m killing this shit\nI know damn well y\u2019all feeling this shit\nI don\u2019t need your pussy, bitch, I\u2019m on my own dick\nI ain\u2019t gotta power trip, who you going home with?\nHow 'Ye doing? I\u2019m surviving\nI was drinking earlier, now I\u2019m driving\nWhere the bad bitches, huh? Where you hiding?\nI got the power to make your life so exciting\n(So excit-, so excit-, so excit-, so excit-)\n\n[Outro: Kanye West & Dwele]\nNow this will be a beautiful death\nI\u2019m jumping out the window, I\u2019m letting everything go\nI\u2019m letting everything go\nNow this will be a beautiful death\nI\u2019m jumping out the window, I\u2019m letting everything go\nI\u2019m letting everything go\nNow this will be a beautiful death\nI\u2019m jumping out the window, I\u2019m letting everything go\nLetting everything go\nYou got the power to let power go?\n(21st-Century schizoid man)", "image": "https://images.rapgenius.com/b301eaa4b30fad2ee032db074cadb03b.300x300x1.png"}], "artist": "Kanye West"}