{"songs": [{"title": "Kanye West V Fest Freestyle", "album": null, "year": null, "lyrics": "They used to chill down (?) Park\nUsed to chill down Springfiled\nThat's how you know it's real\nFrom right here in Maryland\n(?)\nYeah I've been doing my thing\nAll on the TV\nI remember years ago\nNobody would believe me\nI lost my mama\nI been through so much drama\nI've been through so much drama\nI'm voting for Obama\n(?)\nI know that everybody feel this\nI know that everybody feel this\nEven the media try to kill this\nThey don't nobody that's really real\nThat's gonna give them (?)\nTell them how you really feel\nThen say something back\nThat come straight from the heart\nAnd don't give a fuck if it ever really top\nI'm the real hip hop\nI'm the realest alive\nI'm the realest motherfucker that you see that you (?)\nCause y'all all stars everybody superstars\nThrow your hands in the air wave them like you don't care\nNow say \"Hell Yeah\"", "image": "https://images.genius.com/3a5e35c68e9ed7bf9a2a63bfa51b261e.675x675x1.jpg"}], "artist": "Kanye West"}