{"songs": [{"title": "2014 Yeezus Tour Dates", "album": null, "year": null, "lyrics": "February 13 2014 \u00a0\u00a0\u00a0\u00a0\u00a0\u00a0University Park, PA, Bryce Jordan Center\n\nFebruary 14 2014 \u00a0\u00a0\u00a0\u00a0\u00a0\u00a0Baltimore, MD, Baltimore Arena\n\nFebruary 15 2014 \u00a0\u00a0\u00a0\u00a0\u00a0\u00a0Newark, NJ, Prudential Center\n\nFebruary 17 2014 \u00a0\u00a0\u00a0\u00a0\u00a0\u00a0Montreal, Quebec, Bell Centre\n\nFebruary 18 2014 \u00a0\u00a0\u00a0\u00a0\u00a0\u00a0Hamilton, Ontario, Copps Coliseum\n\nFebruary 19 2014 \u00a0\u00a0\u00a0\u00a0\u00a0\u00a0Albany, NY, Times Union Center\n\nFebruary 21 2014 \u00a0\u00a0\u00a0\u00a0\u00a0\u00a0Uncasville, CT, Mohegan Sun Arena\n\nFebruary 22 2014 \u00a0\u00a0\u00a0\u00a0\u00a0\u00a0Atlantic City, NJ, Boardwalk Hall\n\nFebruary 23 2014 \u00a0\u00a0\u00a0\u00a0\u00a0\u00a0Uniondale, NY, Nassau Coliseum", "image": "https://images.genius.com/3a5e35c68e9ed7bf9a2a63bfa51b261e.675x675x1.jpg"}], "artist": "Kanye West"}