{"songs": [{"title": "All I Need (All I Have)", "album": "World Record Holders", "year": null, "lyrics": "[Intro]\nNiggas can't be serious, man\nYo, yo\n\n[Verse 1: Kanye West]\nYo I'm the reason metal detectors go off the meter\n'Cause I'll run through the airport with the heater\nGets the fag at his plane, and if I miss him\nPut two in his brain at the baggage claim\nGive him... heavy sluggage, tryna get his luggage\nSend him to the crossroads, we way too thuggish\nShit, we at odds 'til we even up\n'Til you leave on a stretcher or I leave in cuffs\nNiggas wanna live, they done breathed enough\nAnd I bet you next time they'll believe in us\nIt don't take much brains to know we bust things\nMy gat must bang, through your Mustang\nMa ma se, ma ma sa, ma ma ku sa\nNiggas seen Kanye, red dotted them\nHurry up, stash the guns, the cops gon' come\nAnd we gon' say we don't know who shot at 'em\nCome on\n\n[Hook]\nAll I have is my real niggas (What?)\nGet this cash with my real niggas (Come on)\nGive my last to my real niggas\nCock back, blast, for my real niggas\nAll I have is my real niggas\nGet this cash with my real niggas (Come on)\nGive my last to my real niggas (Come on)\nCock back, blast, for my real niggas\n\n[Verse 2: Cristina]\nY'all niggas ready for war? I'm ready\nEasy with the clip, girl, hold it steady\nMan I'm 'bout to squeeze back, cock and bust hot lyrics\nCock back, pop, and touch y'all spirits\nSend 'em to hell, make their residence more evil\nThis beat here make me wanna kill four people\nThree niggas and one hoe, turn bitches to Jane Doe\nSend 'em past rainbows, with the ankles\nHit 'em from all angles, bring the pain though\nBlow out the candles, the show's been cancelled\nMan, y'all niggas better believe somethin'\n'Fore I squeeze somethin' and leave somethin'\nIt ain't nothin' with my real niggas\n\n[Hook]\nAll I have is my real niggas\nGet this cash with my real niggas (That's right)\nGive my last to my real niggas (Come on)\nCock back, blast, for my real niggas\nAll I have is my real niggas\nGet this cash with my real niggas (Come on)\nGive my last to my real niggas (Come on)\nCock back, blast, for my real niggas\n\n[Verse 3]\nI feel like one lady, five babies and four fathers\nSix months searchin' for jobs and no offers\nNo heat 'cept for the stove\nSleep with two layers of clothes, still wakin' up cold\nI'm real, like AIDS\nLike the pain you feel when your nigga get strained\nThat's why I got issues like I got pistols\nI gotta make your mama cry but I got tissues\nI confess, I'm a gangsta\nBut I drop my flag, still cock back and drop a fag\nLeave him in a bag with a tag on his metatarsals\nAwfully ill, man, awfully real\nThugged out, but I'm God's property still\nAnd if I up the steel, I'ma probably kill\nIf not, you're paralyzed from the waist down\nAlright dog, you're the king? I'm the ace now\nFace down\n\n[Hook]\nAll I have is my real niggas (You know)\nGet this cash with my real niggas\nGive my last to my real niggas (That's right)\nCock back, blast, for my real niggas (For my real niggas)\nAll I have is my real niggas (That's all I have in this world)\nGet this cash with my real niggas\nGive my last to my real niggas (Konman Productions)\nCock back, blast, for my real niggas (Brian \"All Day\" Miller, come on)\n\n[Hook]\nAll I have is my real niggas (That's right)\nGet this cash with my real niggas\nGive my last to my real niggas\nCock back, blast, for my real niggas\nAll I have is my real niggas\nGet this cash with my real niggas\nGive my last to my real niggas\nCock back, blast, for my real niggas", "image": "https://images.genius.com/0719e260cd4b5f483bb8787deeef9094.500x590x1.jpg"}], "artist": "Kanye West"}