{"songs": [{"title": "Hot 107.9 Birthday Bash 2015 Freestyle", "album": null, "year": null, "lyrics": "[Hook]\nDon't let them make you believe\nThat I'm crazy, that I'm crazy\n\n[Verse 1]\nI think it's a couple more things they owe us\nI think it's a couple more things they owe us\nBillions and cars and weed\nAnd mothafuckin' minks is all that they show us\nBut we are the owners\nI think it's a couple more things they owe us\n\n[Hook]\nSo don't-don't-don't-don't\nDon't-don't-don't\nDon't let them make you believe\nThat I'm crazy, nigga I'm not crazy\nI'm tellin' you\nDon't-don't-don't\nDon't-don't-don't\nDon't let them make you believe\nThat I'm crazy, nigga I'm not crazy\n\n[Verse 2]\nSee that's the magic of racism, it works on itself\nWe hate each other, screw each other, kill each other\nWhen we can't kill nobody else\nSee that's the magic of lackin' resources, it works on itself\n500 niggas gettin' pop-pop-pop-pop-pop-pop-popped\nAnd North Carolina didn't help\nSee that's the magic of racism, it works on itself\nNiggas hate niggas, hate niggas, hate niggas, hate niggas\nHate niggas, hate niggas, ayy, niggas, ayy, nigga\nAnd I was born in the A, nigga\nAnd my name Ye, nigga, ayy nigga\n\n[Hook]\nDon't-don't-don't-don't\nDon't-don't-don't\nDon't make, make you believe that I'm crazy\nI'm not crazy\nDon't-don't-don't-don't\nDon't-don't-don't\nDon't let the media make you believe that I'm\nThat I'm...\n\n[Outro]\nSee that's the shit I don't like", "image": "https://images.genius.com/3a5e35c68e9ed7bf9a2a63bfa51b261e.675x675x1.jpg"}], "artist": "Kanye West"}