{"songs": [{"title": "I Wonder Freestyle", "album": null, "year": null, "lyrics": "[Verse 1]\nHave you ever wondered where'd it all really went?\nWondered if you'd ever, ever find your dreams?\nWondered if you'd ever, ever find your dreams?\nWondered if life had never been that it seems?\nWondered if life is all about the high beams?\nThe flashin' light, tryin' to get your money right\nAnd you be up all night, tryin' to stay fresh today\nFresh like Mr. West and I'm proudly the best\nI been sold on to that guest\nUh, the number one on the charts\nWhy is that? Because I rap from the heart\nWhat I always did from the start\nHow I always played my part\nUh, they thought I was so crazy, I got a deal with Jay Z\nNow they got to pay me and they looked up lately\nI sold a million the first week\n'Member when I just sold my first beat\nShit can change and it never stayed the same\nMa, I wonder, I wonder what it would be now\nWhat it would be now, you all standin' in the crowd\nTen thousand, now they hate everythin' now\nEverythin' now\nOr every single I dropped now, I dropped now\nTryin' do everythin' to keep shit hot now\nAnd the media, they diss me, diss me\nThey say I'm so fuckin' evil\nAyo, ayo, ayo, ayo, ayo, what the fuck do he know?\nCause I'm gonna say my, my shit\nAnd I'm gonna talk my, my shit\nAnd they can suck my, my, my, my\nI wonder why they talk so bad\nHave they ever had a artist that's so mad?\nAnd they will never realize what they have\nSomebody real in the industry\nIf nobody's real, then I guess it's me\nAnd they, \"Freedom,\" and it's not free\nCause every time I talk freely they attack me\nThey give me backlash, backlash, backlash\nBlack, but they can kiss my ass, my ass, my ass, my ass\nI say, \"Why ask? Why ask? Why?\"\nTry but try, can they's fly?\nNow touch the sky, touch the sky, touch the sky\nAnd I wonder, baby, to can know what it means\nWhat we know\nAnd I wonder, baby, if you know what it means", "image": "https://images.genius.com/3a5e35c68e9ed7bf9a2a63bfa51b261e.675x675x1.jpg"}], "artist": "Kanye West"}