{"songs": [{"title": "Bound 2 (Later...with Jools Holland)", "album": null, "year": "2013-09-17", "lyrics": "[Intro]\nI know you're tired of lovin', of lovin'\nWith nobody to love, nobody, nobody\nJust grab somebody, no leavin' this party\nWith nobody to love, nobody, no- (Uh-huh, honey)\n\n[Hook]\nBound to fall in love\nSHABADABADEWWTWEETTWEE YEAH\nBound to fall in love\nOOOOOOooooh\n(Uh-huh, honey)\n\n[Bridge: Kanye West & Charlie Wilson]\nAll them other dudes lame, and you know it now\nWhen a real brother hold you down, you supposed to drown\nBound...\nOOOOOOOooooh\nBound...\n\n[Hook]\nBound to fall in love\nBound to fall in love\n(Uh-huh, honey)\n\n[Verse 1: Kanye West]\nWhat you doin' in the club on a Thursday?\nShe say she only here for a girl birthday\nThey ordered champagne while they look thirsty\nRock Forever 21 but just turned thirty\nI know I got a bad reputation\nWalking-round-always-mad reputation\nLeave-a-pretty-girl-sad reputation\nStart a Fight Club, Brad reputation\nI turnt the nightclub out of the basement\nI'll turn the plane 'round, your ass keep complainin'\nHow you gon' be mad on vacation?\nDutty wining 'round all these Jamaicans\nUh, this that prom-ish\nThis that what-we-do-don't-tell-your-mom-ish\nThis that red-cup-all-on-the-lawn-ish\nGot a fresh cut, straight out the salon, Trish\n\n[Bridge: Charlie Wilson]\nI know you're tired of lovin', of lovin'\nWith nobody to love, nobody, no- (Uh-huh, honey)\n\n[Bridge: Kanye West]\nClose your eyes and let this words paint a thousand pictures\nOne good girl is worth a thousand pictures\n\n[Hook]\nBound to fall in love\nBound to fall in love\n(Uh-huh, honey)\n\n[Verse 2: Kanye West]\nI wanna hit it hard on the sink\nAfter that, get you somethin' to drink\nStep back, can't get spunk on the mink\nI mean damn, what would Jeromey Romey Romey Rome think?\nHey, you remember where we first met?\nOkay, I don't remember where we first met\nBut hey, admittin' is the first step\nAnd hey, ain't nobody perfect\nAnd I know, with the girls I got the worst rep\nBut hey, that backstroke I'm tryna perfect\nAnd hey, we made it: Thanksgivin'\nSo hey, maybe we can make it to Christmas\nShe asked me what I wished for on my wishlist\nHave you ever asked your chick for other chickens?\nMaybe we could still make it to the church steps\nBut first, you gon' remember how to furrget\nAfter all these long-ass verses\nI'm tired, you tired, Jesus wept\n\n[Bridge: Charlie Wilson]\nI know you're tired of lovin', of lovin'\nWith nobody to love, nobody, nobody\nSo just grab somebody, no leavin' this party\nWith nobody to love, nobody, nobody (Uh-huh, honey)\n\n[Bridge: Kanye West]\nUncle Charlie's in the house, watch your mouth\nUncle Charlie's' in the house, watch your mouth\nBound...\nBound...\n\n[Hook]\nBound to fall in love\nBound to fall in love\n(Uh-huh, honey)", "image": "https://images.genius.com/a82bd67b71695dc21308097646de3b4d.480x360x1.jpg"}], "artist": "Kanye West"}