{"songs": [{"title": "Awesome", "album": null, "year": "2015-03-11", "lyrics": "[Verse 1]\nI, you don't need, need to ever write\nI read your last message at least a thousand times\nAt least a thousand, least a thousand times\nAlright, alright, alright\nWhy would you ever listen to people tryna hate on you\nAt least you know there's nothing new\n\n[Chorus 1]\nStop everything you're doing now\nCause baby, you're awesome\nSo awesome\nYou look too good to be at work\nYou feel too good to ever hurt\nI hope you're ready for tonight\nI'm gon' cook, you'll be dessert\nYou can't be still\nI gotta move, I gotta dance\nI gotta live, I gotta love\nI gotta hope, I got a chance\nCause baby, you're awesome\n\n[Verse 2]\nYou don't need to listen to your manager\nYou're way too hot for them to handle you\nBaby, not for nothing, I know you're lookin' for somethin'\nAnd I got it, why you frontin' on me?\n\n[Refrain]\nCause I'd rather do nothing with you\nThan something with somebody new\nYeah, I'd rather do nothing with you\nThan something with somebody new\n\n[Chorus]\nStop everything you're doing now\nCause baby you're awesome\nDon't let nobody bring you down\nYou're so awesome\nYou're so out the park\nYou're so after dark\nYou're so sleepless nights, oh you feel so right\n\n[Bridge]\nYou're so freakin' tight\nI know you must be tired\nOf running through my mind\nCan I come inside?\nCause baby I'm awesome, also\nI'm also awesome, also\nI'm also awesome, y'all know\n\n[Refrain]\nCause I'd rather do nothing with you\nThan something with somebody new\nYeah, I'd rather do nothing with you\nThan something with somebody new\n\n[Chorus]\nStop everything you're doing now\nCause baby you're awesome\nDon't let nobody bring you down\nYou're so awesome\nYou're so out the park\nYou're so after dark\nYou're so sleepless nights, oh you feel so right", "image": "https://images.genius.com/28d7cfe031f31e919d766497c144ea3f.948x948x1.jpg"}], "artist": "Kanye West"}