{"songs": [{"title": "Wow", "album": "Freshmen Adjustment Vol. 1", "year": null, "lyrics": "[Hook]\nI go to Jacob with 25 thou, you go with 25 hundred, wow\nI got 11 plaques on my wall right now\nYou got your first gold single damn nigga, wow\n\n[Verse 1]\nH to the Izzo did 3 thou spins in a week\nYou get a thou in a month, wow\nY'all niggas want credit but y'all need to slow down\nKanye to the killin' y'all from Chi-town, how your wife gon say\nShe never sold drugs a day in her life, but she still wanna pump the Ye\nAnd y'all mad 'cause y'all not knowin, 'cause these canaries so yellow\nWhen y'all pull up whether to stop or keep goin\nI got G\u2019s, rock Rock n Roll tees wit no sleeves\nTats showin', tucked in strap showin'\nHow he get seven TVs in that \u2018lac \u2018lac\n3 in the front, 2 in the back, 2 in that back, back\nWhile you in that hatchback\nAnd tryin to sell work and don\u2019t get shit from them packs back\nAnd try to rap, the studios won't give you ya daps back\nAnd try to get publishin', all you get in your ass capped\nAnd that\u2019s that\n\n[Hook]\nI go to Jacob with 25 thou, you go with 25 hundred, wow\nI got 11 plaques on my wall right now\nYou got your first gold single damn nigga, wow\n\n[Verse 2]\nMagazines call me a rock star, bitches call me cock star\nBillboard pop star, neighborhood block star\nChi-town go-getting pimps, we mob-stars\nGingerbread man even says \u201cYou\u2019re a monster\u201d\nRemember that, uh-huh, that\u2019s that Shrek shit\nRemember back in \u201992 niggas used to catch wreck shit\nRemember that track I tracked for you bout 3 months ago?\nUh huh that\u2019s the one, now cut my check bitch\nAnd I ain't feeling that Lexus - more that CLK\nSee me like \"Damn! A CL-K!?\u201d\nYeah that\u2019s how we eating and, keep us looking peace and then\nI ain't know he rap as good as he do beats, and then\n\n[Hook]\nI go to Jacob with 25 thou, you go with 25 hundred, wow\nI got 11 plaques on my wall right now\nYou got your first gold single damn nigga, wow\n\n[Outro]\nH to the Izzo did 3 thou spins in a week\nYou get a thou in a month, wow\nY'all niggas want credit but y'all need to slow down\nKanye to the killin' y'all from Chi-town", "image": "https://images.genius.com/11b5c3bdc828bc9942f2c195f9ffa76c.300x300x1.jpg"}], "artist": "Kanye West"}