{"songs": [{"title": "Adrenalin (K\u0131r\u0131ld\u0131 Karyola)", "album": null, "year": "2015-03-03", "lyrics": "[Intro]\nSene 2015, ben Fear StyLa\nBuras\u0131 \u0130syanqar Duygular Records\nKimseden korkumuz yok am\u0131nakoyay\u0131m\n\n[Verse 1]\nBana diss atacak adam anas\u0131ndan do\u011fmad\u0131\nAnas\u0131n\u0131n am\u0131na geri sokar\u0131m adam\u0131\nBaban bile belli de\u011fil la yarra\u011f\u0131n \u00e7ocu\u011fu\nAnan beni metresim lan orospu \u00e7ocu\u011fu\nBirak rapi Sero, baban\u0131 ge\u00e7 dinle\nAnan bilir, gel alt\u0131mda inim inim inle\nKas\u0131rga Part 4'te lan cevab\u0131n\u0131 bekliyorum\nBu disste af yok lan anan\u0131n am\u0131na sapl\u0131yorum\nGe\u00e7enlerde doktora gittim yazd\u0131 re\u00e7ete\nAnan\u0131 sikerken laz\u0131m pe\u00e7ete\nArabamda kornalara anan girdi pornolara\nFear b\u00f6yle sikertmi\u015f neden diye de sorma bana\nPart 2'yi dinle sikimin havas\u0131\n\u0130syankar bir \u00e7ocuk orospu anas\u0131\nSikimin k\u0131rma kolu, yarra\u011f\u0131m\u0131n zirvesi\nG\u00f6t\u00fcn yiyorsa diss at\nAnan\u0131 sikme partisi\n\n[Chorus]\nOt, kubar, jamaika, bonzai\nAnan lezbiyen babansa gay\nOrtada bir \u00e7ocuk, ad\u0131 \u0130syankar\nBac\u0131n\u0131 sikerken patlad\u0131 zar\nYar\u0131m metre o\u011flum bak yarra\u011f\u0131m\u0131n anteni\nAnan orospu i\u015fte, platformun mankeni\nSeni siktim yarrak binsene kamyona\nAnan\u0131 sikerken k\u0131r\u0131ld\u0131 karyola\n\n[Verse 2]\nEski\u015fehir'de kas\u0131rga Konya'da ya\u011fmur\nAnan orospu i\u015fte, sen ise ma\u011fdur\nReklam i\u00e7in bana diss atan ergen\nKlibimi koymu\u015f bir de g\u00f6t kafal\u0131 d\u00f6rtgen\nAdrenalin patlamas\u0131, ritim \u00e7ok pis tutturuyom\nHayranlar\u0131n pi\u00e7 kurusu, sa\u011fda solda hayk\u0131r\u0131yor\nLaftan falan anlam\u0131yon, anan burada sallan\u0131yor\nBaban anan\u0131 sikerken takma yarrak kullan\u0131yor\nG\u00f6tveren Arjantin'i sike sike doymad\u0131m\n\u015eerefimiz var bizim gidip de vatan\u0131 satmad\u0131k\nSizin gibi g\u00f6tlere bu s\u00f6zlerim az bile\nSoka soka patlad\u0131, \u00e7ekinek mi selfie'ye\nBizi tan\u0131 lan pi\u00e7, yoksa seni ya\u015fatmam\nKerhane de\u011fil bura, siker siker \u00e7\u0131kartmam\nDokuz canl\u0131 olsan bile bitirece\u011fim lan seni\nDiss att\u0131\u011f\u0131n adamlar g\u00f6t\u00fcne soktu anteni\nDiyorlar ki lan bana \"K\u00fcf\u00fcr etme bilader\"\nKar\u0131\u015fma lan pi\u00e7 kurusu, g\u00f6te yarrak lak girer\nAnan\u0131, bac\u0131n\u0131, t\u00fcm s\u00fclaleni sike sike morartt\u0131m\nAnan\u0131 hata ba\u011flay\u0131p amdan sakat b\u0131rakt\u0131m\nKas\u0131rga Part 3 ulan, Alper \u00c7ak\u0131r s\u00f6yl\u00fcyor\nSaz\u0131n\u0131 maz\u0131n\u0131 siktim i\u015fte, k\u00f6pek gibi havl\u0131yor\nBa\u015fkan olmu\u015f gaylere, g\u00f6t\u00fcnde var kanamas\u0131\nYasta sana yaslad\u0131, oldun yarrak hastas\u0131\n\n[Chorus]\nOt, kubar, jamaika, bonzai\nAnan lezbiyen babansa gay\nOrtada bir \u00e7ocuk, ad\u0131 \u0130syankar\nBac\u0131n\u0131 sikerken patlad\u0131 zar\nYar\u0131m metre o\u011flum bak yarra\u011f\u0131m\u0131n anteni\nAnan orospu i\u015fte, platformun mankeni\nSeni siktim yarrak binsene kamyona\nAnan\u0131 sikerken k\u0131r\u0131ld\u0131 karyola\n\n[Outro]\nAl sana diss am\u0131nakoydu\u011fumun o\u011flu al sana diss\nG\u00f6t\u00fcn yiyorsa cevap at am\u0131nakoyay\u0131m\nSeni t\u00fcm Konya'ya siktirmezsem ben de en adiyim\nG\u00f6t\u00fcn yiyorsa diss at am\u0131nakoyay\u0131m\nG\u00f6t\u00fcn yiyorsa diss at\nKas\u0131rga Part 4'te lan cevab\u0131n\u0131 bekliyorum", "image": "https://images.genius.com/098dc01b32da31c31021098ea27f2fca.640x360x1.jpg"}], "artist": "Kanye West"}