{"songs": [{"title": "Cold", "album": "Kanye West Presents Good Music Cruel Summer", "year": "2012-04-17", "lyrics": "[Intro: Kanye West & DJ Khaled]\nUhh, can the headphones go louder?\nKanye West!\nYup, Swag King Cole, yup\nDJ Khaled!\n\n[Hook: Kanye West]\nCan't a young nigga get money any more?\nTell PETA my mink is dragging on the floor\nCan I have a bad bitch without no flaws\nCome to meet me without no drawers?\n\n[Verse 1: Kanye West]\nDinner with Anna Wintour, racing with Anja Rubik\nI told you motherfuckers it was more than the music\nIn the projects one day, to Project Runway\nWe done heard all that loud-ass talking, we're used to it\nI'm from where shorties fucked up, double-cupped up\nMight even kill somebody and YouTube it\nTo whoever think their words affect me is too stupid\nAnd if you can do it better than me, then you do it!\nWe flyer than a parakeet, floatin' with no parachute\nSix thousand dollar pair of shoes, we made it to the Paris news!\nDon't talk about style cause I embarrass you\nShut the fuck up when you talk to me 'fore I embarrass you\n\n[Hook: Kanye West]\nCan't a young nigga get money any more?\nTell PETA my mink is dragging on the floor\nCan I have a bad bitch without no flaws\nCome to meet me without no drawers?\n\n[Verse 2: Kanye West]\nAnd the whole industry want to fuck your old chick\nOnly nigga I got respect for is Wiz\nAnd I'll admit, I had fell in love with Kim\nAround the same time she had fell in love with him\nWell that's cool, baby girl, do ya thang\nLucky I ain't had Jay drop him from the team\nLa Familia, Roc Nation\nWe in the building, we still keep it basement\nFlyer than a parakeet, floatin' with no parachute\nSix thousand dollar pair of shoes, I made it to the Paris news\nDon't talk about style cause I'll embarrass you\nShut the fuck up when you talk to me 'fore I embarrass you\nG.O.O.D. Music, we fresh, we fresh\nAnything else, we detest, detest\nBitch-ass niggas got ass and breasts\nAll that said, let me ask this quest'\n\n[Hook: Kanye West]\nCan't a young nigga get money any more?\nTell PETA my mink is dragging on the floor\nCan I have a bad bitch without no flaws\nCome to meet me without\n\n[Bridge: Kanye West]\nDon't talk to me 'bout style, nigga, I'll mothafuckin' embarrass you\nTalking 'bout clothes, I'll mothafuckin' embarrass you\nHollering 'bout some hoes, I'll mothafuckin' embarrass you\nWay too cold, I promise you'll need some Theraflu\n(Uh, uh, uh, uh, uh) Get the Theraflu\n(Uh, uh-uh, uh-uh, uh) Get the Theraflu\n(Uh, uh-uh, uh-uh, uh, uh-uh, uh-uh)\n(Uh, uh-uh, uh-uh, uh) Get the Theraflu\n\n[Outro: DJ Pharris]\nThis Chicago, nigga\nSouth Side, we in this bitch\nEast Side crazy, blow that loud\nLow End, 39th, The Ickes\n47th Street, Garfield Park, 79th\nStony Island, K-Town, Wild 100's\nThis Chi-Town, Dro City, The Village\nHarvey World, O Block, 64th and Normal\n64th and King Drive, what up?\n83rd, Cottage Grove, the Gardens\nThis Chicago nigga!\nThe Dearborns, 55th, Cabrini-Green\nTerror Town, West Side, Pocket Town\nThis Chicago! Halsted to the Ida B. Wells\nNew York City, Atlanta, London Town\nChiraq Drillinoise\nThis DJ Pharris, fuck around and get embarrassed", "image": "https://images.rapgenius.com/59c3d2583b8acb7628cd7f9b29ac3cec.600x600x1.jpg"}], "artist": "Kanye West"}