{"songs": [{"title": "Bound 2", "album": "Yeezus", "year": "2013-06-18", "lyrics": "[Intro: Ponderosa Twins Plus One & Brenda Lee]\nB-b-b-b-bound to fall in love\nBound to fall in love\nUh-huh, honey\n\n[Refrain: Kanye West]\nAll them other niggas lame, and you know it now\nWhen a real nigga hold you down, you s'posed to drown\n\n[Chorus: Ponderosa Twins Plus One, Brenda Lee & Kanye West]\nBound to fall in love\nB-b-b-b-bound to fall in love (bound)\nUh-huh, honey\n\n[Verse 1: Kanye West]\nWhat you doin' in the club on a Thursday?\nShe say she only here for her girl birthday\nThey ordered champagne but still look thirsty\nRock Forever 21 but just turned thirty\nI know I got a bad reputation\nWalking-round-always-mad reputation\nLeave-a-pretty-girl-sad reputation\nStart a Fight Club, Brad reputation\nI turnt the nightclub out of the basement\nI'll turn the plane around, your ass keep complainin'\nHow you gon' be mad on vacation?\nDutty wining 'round all these Jamaicans\nUh, this that prom shit\nThis that what-we-do-don't-tell-your-mom shit\nThis that red-cup-all-on-the-lawn shit\nGot a fresh cut, straight out the salon, bitch\n\n[Bridge: Charlie Wilson & Brenda Lee]\nI know you're tired of lovin', of lovin'\nWith nobody to love, nobody, nobody (Uh-huh, honey)\n\n[Chorus: Kanye West, Ponderosa Twins Plus One & Brenda Lee]\nClose your eyes and let the word paint a thousand pictures\nOne good girl is worth a thousand bitches\nBound (Bound to fall in love)\nBound (Bound to fall in love)\nUh-huh, honey\n\n[Verse 2: Kanye West]\nI wanna fuck you hard on the sink\nAfter that, give you somethin' to drink\nStep back, can't get spunk on the mink\nI mean damn, what would Jeromey Romey Romey Rome think?\nHey, you remember where we first met?\nOkay, I don't remember where we first met\nBut hey, admittin' is the first step\nAnd hey, you know ain't nobody perfect\nAnd I know, with the hoes I got the worst rep\nBut hey, their backstroke I'm tryna perfect\nAnd hey, ayo, we made it: Thanksgivin'\nSo hey, maybe we can make it to Christmas\nShe asked me what I wished for on my wishlist\nHave you ever asked your bitch for other bitches?\nMaybe we could still make it to the church steps\nBut first, you gon' remember how to forget\nAfter all these long-ass verses\nI'm tired, you tired, Jesus wept\n\n[Bridge: Charlie Wilson & Brenda Lee]\nI know you're tired of lovin', of lovin'\nWith nobody to love, nobody, nobody\nSo just grab somebody, no leavin' this party\nWith nobody to love, nobody, nobody\nUh-huh, honey\n\n[Chorus: Kanye West, Ponderosa Twins Plus One, & Brenda Lee]\nJerome's in the house, watch your mouth\nJerome's in the house, watch your mouth\nBound to fall in love\nBound\nBound to fall in love\nBound\nUh-huh, honey\n\n[Produced by Kanye West and Che Pope with additional production from Eric Danchild, Noah Goldstein, No ID and Mike Dean]\n\n[Video directed by Nick Knight]", "image": "https://images.genius.com/63d5b896b4a6be3205d190fdfbf04d75.906x906x1.jpg"}], "artist": "Kanye West"}