{"songs": [{"title": "Nina Chop (Chance The Rapper Version)", "album": null, "year": "2016-10-06", "lyrics": "[Hook: Nina Simone]\nMan, I can understand how it might be\nKinda hard to love a girl like me\nI don't blame you much for wanting to be free\nI just wanted you to know\n\n[Verse: Chance The Rapper]\nGood God! Midwest coast back, nigga\nAnd don't say 'nigga' unless of course you black, nigga\nFree country, they say that shit in Tennessee\n'Cause I got all their white daughters drinkin' Hennessy\nI'mma go to Sal's with some niggas on the wall\nI might go to Oz, take some niggas off the wall\nGot the key to the city, the streets on lock\nTryna take 'em to the top, they say Chano's so involved\nI know, King Dolo, 3rd, even the group solo\nIt's been that way since my shirt had two Polos\nWe the kids they'll keep in the back\nI'm in love with my city, bitch I sleep in my hat\nI'm a free agent, go and do the math\nUnderdog of underground, Tubman with the path\nThey ask about the help and all I do is laugh\nI say God my only boss, even Moses had a staff\nYou know\n\n[Outro: Chance The Rapper]\nChildren of Jah\nChildren of Jah\nChildren of Jah, put your hands up", "image": "https://images.genius.com/3a5e35c68e9ed7bf9a2a63bfa51b261e.675x675x1.jpg"}], "artist": "Kanye West"}