{"songs": [{"title": "Clique", "album": "Kanye West Presents Good Music Cruel Summer", "year": "2012-09-06", "lyrics": "[Produced by Kanye West, Hit-Boy, Anthony Kilhoffer, and Noah Goldstein]\n\n[Intro: James Fauntleroy & Big Sean]\nWhat of the dollar you murdered for?\nIs that the one fighting for your soul?\nOr your brother's the one that you're running from?\nBut if you got money, fuck it, \u2018cause I want some\nB-I-G, who fuckin' with me?\nOh, God! Okay\n\n[Chorus: Big Sean]\nAin't nobody fuckin' with my clique\nClique, clique, clique, clique\nAin't nobody fresher than my muh'fuckin' clique\nClique, clique, clique, clique\nAs I look around, they don't do it like my clique\nClique, clique, clique, clique\nAnd all these bad bitches, man\nThey want the, they want the, they want the\n\n[Verse 1: Big Sean]\n(B-I-G, oh God! Go)\nI tell a bad bitch do whatever I say\nMy block behind me, like I'm coming out the driveway\nIt's grind day, from Friday to next Friday\nI been up straight for nine days, I need a spa day (spa day)\nYup, she tryin' to get me that poon-tang\nI might let my crew bang, my crew deeper than Wu-Tang\nI'm rollin' with... fuck I'm saying? Girl, you know my crew name\nYou know 2 Chainz? Scrrr!\nI'm pullin' up in that Bruce Wayne\nBut I'm the fuckin' villain\nMan, they kneelin' when I'm walking in the buildin'\nFreaky women I be feelin' from the bank accounts I'm fillin'\nWhat a feelin'! Ah man, they gotta be\nYoung player from the D\nThat's killing everything that he see for the dough\n\n[Chorus: Big Sean]\nAin't nobody fuckin' with my clique\nClique, clique, clique, clique\nAin't nobody fresher than my muh'fuckin' clique\nClique, clique, clique, clique\nAs I look around, they don't do it like my clique\nClique, clique, clique, clique\nAnd all these bad bitches, man\nThey want the, they want the, they want the\n\n[Verse 2: Jay Z]\n(Click clack, stick 'em up!)\nYeah, I'm talkin' Ye, yeah, I'm talkin' Rih\nYeah, I'm talkin' B, nigga, I'm talkin' me\nYeah, I'm talkin' bossy, I ain't talkin' Kelis\nYour money too short, you can't be talking to me\nYeah, I'm talkin' LeBron, we ball in our family tree\nG.O.O.D. Music drug-dealing cousin\nAin't nothin' fuckin' with we, me\nTurn that 62 to 125, 125 to a 250\n250 to a half a million, ain't nothin' nobody can do with me\nNow, who with me? \u00a1V\u00e1monos! Call me Hov or Jefe\nTranslation: I'm the shit, least that what my neck say\nLeast that what my check say, lost my homie for a decade\nNigga down for like 12 years\nAin't hug his son since the second grade\nUh, he never told\u2014who he gonna tell?\nWe top of the totem pole\nIt's the Dream Team meets the Supreme Team\nAnd all our eyes green, it only means one thing\nYou ain't fuckin' with the clique\n\n[Chorus: Big Sean]\nAin't nobody fuckin' with my clique\nClique, clique, clique, clique\nAin't nobody fresher than my muh'fuckin' clique\nClique, clique, clique, clique\nAs I look around, they don't do it like my clique\nClique, clique, clique, clique\nAnd all these bad bitches, man\nThey want the, they want the, they want the\n\n[Verse 3: Kanye West]\nBreak records at Louis, ate breakfast at Gucci\nMy girl a superstar all from a home movie\nBow on our arrival, the un-American idols\nWhat niggas did in Paris, got 'em hangin' off the Eiffel\nYeah, I'm talkin' business, we talkin' CIA\nI'm talkin' George Tenet, I seen him the other day\nHe asked me about my Maybach, think he had the same\nExcept mine tinted and his might have been rented\nYou know, white people get money, don't spend it\nOr maybe they get money, buy a business\nI rather buy 80 gold chains and go ign'ant\nI know Spike Lee gon' kill me, but let me finish\nBlame it on the pigment, we livin' no limits\nThem gold Master P ceilings was just a figment\nOf our imagination, MTV cribs\nNow I'm lookin' at a crib right next to where TC lives\nThat's Tom Cruise, whatever she accuse\nHe wasn't really drunk, he just had a frew brews\nPass the refreshments, a cool, cool beverage\nEverything I do need a news crew's presence\nSpeedboat swerve, homie, watch out for the waves\nI'm way too black to burn from sunrays\nSo I just meditate at the home in Pompeii\nAbout how I could build a new Rome in one day\nEvery time I'm in Vegas they screamin' like he's Elvis\nBut I just wanna design hotels and nail it\nShit is real, got me feelin' Israelian\nLike Bar Refaeli, or Gisele\u2014no, that's Brazilian\nWent through, deep depression when my mama passed\nSuicide, what kinda talk is that?\nBut I been talkin' to God for so long\nThat if you look at my life I guess he's talkin' back\nFuckin' with my clique\n\n[Outro: Big Sean]\nAin't nobody fresher than my muh'fuckin' clique\nAs I look around, they don't do it like my clique\nAnd all these bad bitches, man\nThey want the, they want the, they want the\nGo!", "image": "https://images.rapgenius.com/79ca9acdec183d7a16920c1612a0ebfa.630x630x1.jpg"}], "artist": "Kanye West"}