{"songs": [{"title": "Welcome To Heartbreak", "album": "808s & Heartbreak", "year": "2008-11-24", "lyrics": "[Verse 1: Kanye West]\nMy friend showed me pictures of his kids\nAnd all I could show him was pictures of my cribs\nHe said his daughter got a brand new report card, card\nAnd all I got was a brand new sports car, oh\n\n[Chorus: Kid Cudi & Kanye West]\nAnd my head keeps spinning\nCan't stop having these visions\nI gotta get with it (Ooh, ooh, oooh)\nAnd my head keeps spinning\nI can't stop having these visions\nI gotta get with it (Ooh, ooh, oooh)\n\n[Verse 2: Kanye West]\nDad cracked a joke, all the kids laughed\nBut I couldn't hear him all the way in first class\nChased the good life my whole life long\nLook back on my life and my life gone\nWhere did I go wrong?\n\n[Chorus: Kid Cudi & Kanye West]\nAnd my head keeps spinning\nCan't stop having these visions\nI gotta get with it (Ooh, ooh, oooh)\nAnd my head keeps spinning\nI can't stop having these visions\nI gotta get with it (Ooh, ooh, oooh)\n\n[Interlude: Kanye West]\nI've seen it, I've seen it before\nI've seen it, I've seen it before\nI've seen it, I've seen it before\nI've seen it, I've seen it before\n\n[Verse 3: Kanye West]\nMy god-sister getting married by the lake\nBut I couldn't figure out who I'd wanna take\nBad enough that I showed up late\nI had to leave before they even cut the cake\nWelcome to heartbreak\n\n[Chorus: Kid Cudi & Kanye West]\nAnd my head keeps spinning\nCan't stop having these visions\nI gotta get with it (Ooh, ooh, oooh)\nAnd my head keeps spinning\nI can't stop having these visions\nI gotta get with it (Ooh, ooh, oooh)\n\n[Outro: Kanye West]\nOoh-hoo\nOoh-hoo\nOoh-hoo\nAnd I, and I can't stop\nNo, no, I can't stop\nNo, no, no, no, I can't stop\nNo, no, no, no, I can't stop\nCan't stop, I can't stop, I can't stop\nNo, no, no, no\nNo, no, no, no\nNo, no, no, no\nNo, no, I can't stop\nNo, can't stop having these visions\nI gotta get with it\nOoh, ooh, oooh\nHoo-hoo, ho-ho-hoo\nOoh-hoo", "image": "https://images.rapgenius.com/680ca00f36d13c7d08fee5d3e882a5fb.1000x1000x1.jpg"}], "artist": "Kanye West"}