{"songs": [{"title": "Saint Pablo", "album": "The Life of Pablo", "year": "2016-06-15", "lyrics": "[Intro: Kanye West]\nYeah, 9:08 L.A. time\nBack in the lab and shit\n\n[Verse 1: Kanye West]\nMy wife said, I can't say no to nobody\nAnd at this rate we gon' both die broke\nGot friends that ask me for money knowin' I'm in debt\nAnd like my wife said, I still didn't say no\nPeople tryna say I'm goin' crazy on Twitter\nMy friends' best advice was to stay low\nI guess it's hard to decipher all of the bills\nEspecially when you got family members on payroll\nThe media said it was outlandish spendin'\nThe media said he's way out of control\nI just feel like I'm the only one not pretendin'\nI'm not out of control, I'm just not in they control\nI know I'm the most influential\nThat TIME cover was just confirmation\nThis generation's closest thing to Einstein\nSo don't worry about me, I'm fine\nI can see a thousand years from now in real life\nSkate on the paradigm and shift it when I feel like\nTroll conventional thought, don't need to question\nI know it's antiquated so sometimes I get aggressive\nThank God for Jay Electra, he down with the mission\nDid it with no permission, on our own conditions\nMost blacks with money have been beaten to submission\nYeezy with the big house, did it way different\nNever listen to Hollywood producers\nDon't stare at money too long, it's Medusa\nThe ultimate Gemini has survived\nI wasn't supposed to make it past 25\n\n[Chorus: Sampha]\nYeah, you're lookin' at the church in the night sky\nWonderin' whether God's gonna say hi\nOh, you're lookin' at the church in the night sky\nAnd you wonder where is God in your nightlife\nYeah, you're lookin' at the church in the night sky\n(Father, Father, Father in the night sky)\nWonderin' whether God's gonna say hi\nYeah, I feel like I'm home, yeah, yeah\n\n[Verse 2: Kanye West]\nI've been wakin' the spirits of millions more to come\nA million illegally downloaded my truth over the drums\nI believe in the children, listen to the kids, bro\nIf the phone ringin', go and get your kids, ho\nBrother Don Muhammad told the minister about the presentation\nHe sat back and smiled\nBlack on black lies is worse than black on black crime\nThe Jews share their truth on how to make a dime\nMost black men couldn't balance a checkbook\nBut buy a new car, talkin' 'bout \"how my neck look?\"\nWell, it all looks great\nFour hundred years later, we buyin' our own chains\nThe light is before us brothers, so the devil workin' hard\nReal family stick together and see through the mirage\nThe smokescreens, perceptions of false reality\nWho the real owner if your boss gets your salary?\nI am one with the people\nI am one with the people (Real!)\nI've been woken from enlightened man's dream\nCheckin' Instagram comments to crowdsource my self-esteem\nLet me not say too much or do too much\n'Cause if I'm up way too much, I'm out of touch\nI'm prayin' a out-of-body experience will happen\nSo the people can see my light, now it's not just rappin'\nGod, I have humbled myself before the court\nDrop my ego and confidence was my last resort\nI know, I know He got a plan, I know I'm on Your beams\nOne set of footsteps, You was carryin' me\nWhen I turned on the news and they was buryin' me\nOne set of footsteps, You was carryin' me\nWhen I was negotiatin' with Apple, it was Larry and me\nTold Tim Cook to call me, I was scary to see\nI would've took a hundred million and gave 20 to Hov\nI heard it's the way they did it when we only had a stove\nBut it's better that I stayed at home with my folks\n'Cause if Jay a billionaire then I'ma never go broke\nOnly thing I ask is next time I'm on stage we all go\nWe all go\nNot just by myself, lookin' for niggas like where's Waldo\nShe got the same shoes as my wife but she copped 'em at Aldo\nModern-day MJ, with a off-the-wall flow\n\n[Bridge: Sampha]\nNightlife, walk all over me\nWalk all over me\nI'm deliverin' everything I've ever sent that you'll bring\nFly, fly, fly overseas\nFly overseas\nOh, anywhere, everything but in between\nOh, yeah\n\n[Chorus: Sampha]\nYeah, you're lookin' at the church in the night sky\nWonderin' whether God's gonna say hi\nOh, you're lookin' at the church in the night sky\nAnd you wonder where is God in your nightlife\nYeah, you're lookin' at the church in the night sky\nWonderin' whether God's gonna say hi\n(Father, Father, Father in the night sky)\nOh, you're lookin' at the church in the night sky\nAnd you wonder where is God in your nightlife\n(Father, Father, Father in the night sky)\n\n[Verse 3: Sampha]\nPlease face me when I speak\nPlease say to me somethin' before you leave\nYou've been treatin' me like I'm invisible, now I'm visible to you\nOh, the invisible truths they sold\nI can't quite understand the games you play\nUnderstand, understand, understand I'm standin' under oath\nAnd I promised I, I wouldn't fall anymore\nBut I'm cryin' at the bar\nI'm wishin' that you saw my scars, man\nI'm wishin' that you came down here and stood by me\nAnd looked at me like you knew me\nBut I feel so alone\nLike I don't know anyone except the night sky above\n\n[Chorus: Sampha]\nYeah, you're lookin' at the church in the night sky\nWonderin' whether God's gonna say hi\nOh, you're lookin' at the church in the night sky\nAnd you wonder where is God in your nightlife\nYeah, you're lookin' at the church in the night sky\n(Father, Father, Father in the night sky)\nWonderin' whether God's gonna say hi\nOh, you're lookin' at the church in the night sky\nAnd you wonder where is God in your nightlife\n(Father, Father, Father in the night sky)", "image": "https://images.genius.com/389e5fd1eff885b2e7b62060869945cc.1000x1000x1.jpg"}], "artist": "Kanye West"}