{"songs": [{"title": "On \"Pop Style\"", "album": "Kanye West's Visionary Streams of Consciousness", "year": "2016-10-20", "lyrics": "Let me tell y\u2019all something. There will never be a Watch the Throne 2. You know why? Because that\u2019s the reason why I wasn\u2019t on the song [\"Pop Style\"]. I wasn\u2019t on the song because of Hov. Because of some Tidal/Apple bullshit. This shit get me tight every time I perform this motherfucker. Y\u2019all didn\u2019t get what y\u2019all was supposed to get with me and Drake on this song because of some Tidal/Apple bullshit. This shit got me tight. Every time I perform this song I think about the shit. I think about the politics and the bullshit. I think about how hard I go for music, for art, for y\u2019all, for the fans\u2014how hard we go\n\nI started freestyling to it. Jay thought of a couple lines. I said, 'Man, just go ahead and throw that on there. They\u2019ll be so surprised. He probably wouldn\u2019t expect you to be on there.' And [Drake] was like, 'Oh shit, The Throne is on this shit!' Then Jay thought about it and, out of respect for Meek Mill, he ain\u2019t want to be on the track. And I said, 'Look, I\u2019ll call Drake, I\u2019ll call Meek, I\u2019ll call y\u2019all\u2026we gotta let people have this song!' But then it went out of that territory and it went into some Tidal shit, some political shit, some shit about percentages on songs. I can\u2019t take this shit, bro! Our kids ain\u2019t never even played together. Run that shit", "image": "https://images.genius.com/9fa6626ebb7cecda3ba692c1c80f52bf.1000x664x1.jpg"}], "artist": "Kanye West"}