{"songs": [{"title": "Good Night", "album": "Graduation", "year": "2007-09-11", "lyrics": "[Intro: Mos Def]\nI'm not sure anymore, more\nWho is knocking at my door, door\nAll the faces that I know\nJa make them so sunny and true\n\n[Chorus: Mos Def]\nI don't wanna say goodbye, to you\nSo I'll just say good night, to you\nMy people, no goodbyes to you\nI'mma just say good night\n\n[Verse 1: Kanye West]\nRight now I can see it so vivid\nLike it was just yesterday, like I could relive it\nMe and my grandparents on a field trip\nAnd I'm the little kid tryna touch the exhibits\nBut it'll fade before I get to get a hold of that\nMan, I wish I could stop time like a photograph\nEvery joke that they told I'd know to laugh\nMan (man), I wouldn't let a moment pass\nWhat do it mean when you dream that you fallin'?\nWhat do it mean when you dream that you ballin'?\nWhat do it mean when you never dream at all then\nAnd you don't really know 'cause you can't recall them?\nIt's sorta fly you get a chance to say hi to\nPeople you never got a chance to say bye to\nMaybe you could pull em up outta your dreams\nInto real life (real life), if you try to\nSo close (so close), but so far (so far)\nAnd so far (so far), no cigar (no cigar)\nWe can't dwell on the past, all we got is today\nSo I'ma live like it's no tomorrow, no goodbyes\n\n[Chorus: Mos Def]\nI don't wanna say goodbye, to you\nSo I'll just say good night, to you\nMy people, no goodbyes to you\nI'mma just say good night\n\n[Verse 2: Al Be Back]\nUh, to you\nIf I part, my art will live through you\nDream beautiful and unusual\nWake up like every day new to you\nStay true to you, a hood musical\nMy art will live through you\nDream beautiful and unusual\nWake up like every day new to you\nStay true to you, a hood musical\n\n[Chorus: Mos Def]\nI don't wanna say goodbye, to you\nSo I'll just say good night, to you\nMy people, no goodbyes to you\nI'mma just say good night\n\n[Outro: Mos Def]\nI'm not sure anymore, more\nWho is knocking at my door, door\nAll the faces that I know\nJa make them so sunny and true\nI'm not sure anymore, more\nWho is knocking at my door, door\nAll the faces that I know\nJa make them so sunny and true\nI'm not sure anymore, more\nWho is knocking at my door, door\nAll the faces that I know\nJa make them so sunny and true\nI'm not sure anymore, more\nWho is knocking at my door, door\nAll the faces that I know\nJa make them so sunny and true", "image": "https://images.genius.com/db8cf20e3bf2357483e4e5b2d5921eb8.1000x1000x1.jpg"}], "artist": "Kanye West"}