{"songs": [{"title": "Self Conscious (spoken word version)", "album": null, "year": null, "lyrics": "Chorus (Syleena Johnson):\nA way that all, all falls down\nI tell you oh, it all falls down\nA way that all, all falls down\nI tell you oh, it all falls down\n\nKanye West:\nMan i promise shes so self conscious she has no idea what shes doing in college that major that she majored in dont make no money but she won't drop out her parents will look at her funny. Now tell me that ain't insecurrr. The concept of school seems so securrr. Sophmore three yurrs ain't picked a carurr. She like fuck it ill just stay down hurr and do hair cause thats enough money to buy her a few pairs of airs cause her baby daddy dont really care. Shes so precious with the peer pressure,couldn't afford a car so she named her daughter alexus. She had hair so long that it looked like weave then she cut it all off now she look like eve. And she be dealing with some issues that you can't believe single black female addicted to retail.and well\n\nChorus:\nKanye west:\nMan i promise im so self conscious thats why you always see me with at least one of my watches rollies and poshers done drove me crazy i can't even pronounce nothing pass that ver-say-see. Then i spent 400 bucks on this just to be like nigga you ain't up on this. And i can't even go to the grocery store without some ones thats clean and a shirt with a team it seems we living the american dream. But people highest up got the lowest self esteem. The prettiest people do the ugliest things for the road to riches and diamond rings. We shine because they hate us,floss cause they degrade us,we trying to buy back our 40 acres. And for that paper look how low we'll stoop even if you in a benz you still a nigga in a coupe\n\nChorus:\nKanye West:\nI say fuck the police thats how i treat em. We buy our way out of jail but we can't buy freedom. We'll buy alot of clothes when we dont really need em things we buy to cover up whats inside. Cause they make us hate ourself and love they wealth thats why shortys hollering \"where the ballas at\". Drug dealer buy jordans crackhead buy crack and a white man get paid off of all of that. But i ain't even gonna act holyer than thou just fuck it, i went to jacob with 25 thou before i had a house and i'd do it again cause i wanna be on 106th and park pushing a benz. I wanna act ballerific like its all terrific i got a couple past due bills won't get specific. Got a problem with spendin before i get it. We all self conscious im just the first to admit it\n\nChorus:\nTill fades out", "image": "https://images.genius.com/3a5e35c68e9ed7bf9a2a63bfa51b261e.675x675x1.jpg"}], "artist": "Kanye West"}