{"songs": [{"title": "Power - SNL (Saturday Night Live) Version", "album": null, "year": "2010-10-02", "lyrics": "[Kanye West - Alternative Second Verse]\nThe brown hero, live from Ground Zero\nMachine gun flow, made of ghetto Ross Perot\nAnd this is disestablishmen-tarianism\nWith my night goggles on, yeah, military vision\nAnd it\u2019s still a very Christian way to think about livin\u2019\nWhen you prayin\u2019 for freedom \u2019cause your mind been in prison\n\u2018Cause they tryin\u2019 to control every single big decision\nYou ain\u2019t effin\u2019 the system, then why the eff is you livin\u2019?\nLook, dawg, you can cop whatever suits you on\nThree-piece, cuff links and the accoutrements\nThey been feedin\u2019 us ish without the nutrients\nSo I\u2019m back with another hit to let the truth be known\nAnd your boy still fresh with the Gucci on\nThem Italians sure know how to make what the moulies want\nAnd they really can\u2019t take what dude be on\nBut I be on the same thing \u2019til you prove me wrong", "image": "https://images.genius.com/3a5e35c68e9ed7bf9a2a63bfa51b261e.675x675x1.jpg"}], "artist": "Kanye West"}