{"songs": [{"title": "On Fern Mallis", "album": "Kanye West's Visionary Streams of Consciousness", "year": "2015-02-20", "lyrics": "Since Fern Mallis, I just want you to understand that attempting to do clothing has been very difficult and I have encountered countless amounts of bigotry along the way. I have millions of ideas and I represent a new generation just trying to express themselves in a broken world. I don't call myself a designer as I was not allowed to go to Saint Martin's because I was too famous by the time I realized I wanted to design. Fame is often looked down upon in the design world so it's actually been something I had to overcome. All we have are our dreams and you can step on our dreams and ideas all you want but we won't stop fighting. We want to innovate and we will win someday. If you wanna have a drink with me, book a table at the spotted pig when I'm back in NY", "image": "https://images.genius.com/9fa6626ebb7cecda3ba692c1c80f52bf.1000x664x1.jpg"}], "artist": "Kanye West"}