{"songs": [{"title": "Looking for Trouble", "album": "G.O.O.D. Fridays", "year": "2010-11-05", "lyrics": "[Intro: Pusha T & Kanye West]\nRe-Up Gang Pusha\nMusic a bubble, not looking for trouble\nLooking for trouble, trouble, trouble\nBut you found it, motherfucker\nSome shekels fe I shenks (yes!)\nJust a burn up de lamb\u2019s bread\n\n[Verse 1: Pusha T]\nAll I see is black roses, drug dealer poses\nShoveling that devil\u2019s angel up they noses\nNever let jail turn my Shyne into Moses\nCouldn\u2019t cleanse my soul with them Civil Rights hoses\nPanoramic roof, under glass like a coaster\nBackseat driver, racial slurs at the chauffeur\nKillian loafers, Mikimoto chokes her\nPhoto-op is priceless, frame our wanted posters\nThe audacity, war brings casualty\nBitch, have my son before I face that tragedy\nUhh, I order hits, she orders mahi\nR.I.P. Vivian Blake, shout out the Shower Posse, gone!\n\n[Interlude: Kanye West]\nMusic a bubble, not looking for trouble\nLooking for trouble, trouble, trouble\nBut you found it, motherfucker\nSome shekels fe I shenks (yeah, yeah)\nJust a burn up de lamb\u2019s bread\n\n[Verse 2: Kanye West]\nI miss the misogyny, bad bitches massagin' me\nSometimes we lowered our standards at the colleges\nSo please don\u2019t judge me, uh, for the followin'\nFat bitches swallowin', skinny bitches modellin'\nTake off that Givenchy and let\u2019s get raunchy\nI have your face looking all Captain Crunch-y\nThe devil stay testing, cause when you chase the pussy\nIt\u2019s a sin, but if it falls in your lap, it\u2019s a blessin'\nSoon as I got salad, I spent it all on dressin'\nFrench, to be exact, that Balmain was impressive\nHedi Slimane leathers\n\n[Verse 3: Cyhi the Prynce]\nCyHi! Yeah! Boy, we lookin\u2019 for trouble\nMaybe if we wasn\u2019t black, then we wouldn\u2019t have struggled\nPlayer, all I got is trap niggas and crooks in my huddle\nThey cook and I smuggle, got 20 pounds of kush in the duffle\nSo I\u2019m runnin through them circles boy, I\u2019m lookin like Knuckles\nLook at my knuckles, got the hook in \u2019cause niggas was looking\nI\u2019ve tooken some whoopings so trust me, dawg, I\u2019m good for a scuffle\nDon\u2019t be mad I whooped your ass cause I\u2019ve tooken a couple\nFeds askin' niggas questions, but I wouldn\u2019t rebuttal\n'Cause I\u2019m Jake Gyllenhaal, I\u2019m in the hood with the bubble\nWith a tall model broad like I took her from Russell\nDidn\u2019t play the cards I was dealt, I made the dealer re-shuffle\nHuh, royal flush so kiss my royal nuts\nAin\u2019t nothin\u2019 silver spooned, I came from the soil, bruh\nBut now I\u2019m eatin\u2019 off of Raffaello Gold\nExquisite ravioli with some happy yellow hoes\nBut don\u2019t get it confused when I rap these mellow flows\n'Cause all my Titos got bricks like the yellow road\n\n[Interlude: Big Sean & Kanye West]\nG.O.O.D., I do it\nMusic a bubble, not looking for trouble\nB-I-G, Sean Don, nigga\nLooking for trouble, trouble, trouble\nBut you found it motherfucker\nSome shekels fe I shenks (bitch!)\nJust a burn up de lamb\u2019s bread\n\n[Verse 4: Big Sean]\nI\u2019m in, that no-smoke sec' rolling motherfucking ounces\nMarijuana mountains, drinks you\u2019re not pronouncing\nThree chains on, I don\u2019t need no bouncers\nNothing less than a G stashed in my trousers\nNew double Ds smashed in her blouses\nFuck a hotel, my nigga we rent houses (houses)\nMy nigga, we rent houses\nSo many wedding rings lost in them couches\nI\u2019m just a Westside lover\nI leave females in my sheets and all my feelings in a rubber\nThis is showtime, showtime, boy, I hope you set the DVR\nStacking money face to face, this shit look like CPR\n\u2018Ye invited me a seat to sit at the throne\nSo now I\u2019m snappin\u2019 like yo ass just finished the poem\nDoes he sound like 'Ye, Jay or Drizzy Drake? (Drizzy Drake)\nMeanwhile I\u2019m chillin\u2019 with all these niggas, counting all this money you ain\u2019t\nConsider yourself lucky to see a legend before the prime\nA killer before the crime, a B.I.G. before the dyin'\nGreet me with a middle finger when you see me\nIt\u2019s cool cause I can\u2019t see yo ass from this side of the TV, motherfucker!\n\n[Verse 5: J. Cole]\nHey, Cole World, make way for the chosen one\nWhat you now hear is puttin\u2019 fear in all the older ones\nDownplayed me to downgrade me like they don\u2019t notice him\nYour shoes too big to fill? I can barely squeeze my toes in \u2018em\nFucking hoes while teachin' niggas to hold your sons\nThis the rap Moses, scratch that, Mary and Joseph\u2019s son\nHigh as fuck with a cold flow and a loaded gun\nNever say I\u2019m better than Hov, but I\u2019m the closest one\nHeard you lookin\u2019 for trouble, what, I\u2019m 'sposed to run?\nYo bitch invited me inside her, ain\u2019t I 'sposed to come?\nGot niggas that\u2019ll blow your tee off, put a hole in one\nNow you outside of Heaven\u2019s gate, frontin\u2019 like you know someone\nTalking hard, but y\u2019all still ain\u2019t push me\nThey say you are what you eat, and I still ain\u2019t pussy\nHmm, fuck it, e\u2019rybody can get it\nWhen you\u2019re this hot, e'rybody\u2019s a critic\nBut when you\u2019re this high, e'rybody\u2019s a midget\nAll this mean mugging from niggas that mean nothin'\nCould it be my position is one that you dreamed of?\nWent from, quarter to broke to half past rich\nWith my badass bitch, and you don\u2019t want no problems\nOn some math class shit so check the young genius out\nFuck the world, bust a nut, and let my semen sprout\nI thought that real shit is what you been fiendin' \u2019bout\nWhat you been praying fo'? What you been screamin' \u2019bout?\nIronic you been sleeping on the one that you been dreamin' 'bout", "image": "https://images.genius.com/b17909397d807e426d5f7c15365a4b29.500x500x1.jpg"}], "artist": "Kanye West"}