{"songs": [{"title": "Intro", "album": "The College Dropout", "year": "2004-02-10", "lyrics": "[Intro: DeRay Davis]\nKanye, can I talk to you for a minute?\nMe and the other faculty members was wonderin'\nCould you do a lil' som...\nSomethin' beautiful, somethin' that the kids are gon' love when they hear it\nThat's gon' make them start jumpin' up and down, and sharin' candy and stuff\nThink you could probably do somethin', for the kids, for graduation to sing?", "image": "https://images.genius.com/0bffd93463afe53e7f651f72bedfc78b.1000x1000x1.jpg"}], "artist": "Kanye West"}