{"songs": [{"title": "Like Son, Like Mother Rap", "album": null, "year": null, "lyrics": "[Verse: Kanye West]\nI walk through the halls of the school and it\u2019s cool to be known by many for my rapping ability\nBut what about the brothers who ain\u2019t got it like me\nMaking money off the trade\nYou could say I had it made\nDrugs are on the rise\nAnd it\u2019s not a big surprise\nYou see no soul in a young brother\u2019s eyes\nTrying to be hard by the streets, but the streets kinda hard\nBut here's another factor we wanna disregard\nBlack-on-black is a stab in my back\nIt really hurts my soul when I hear about that", "image": "https://images.genius.com/3a5e35c68e9ed7bf9a2a63bfa51b261e.675x675x1.jpg"}], "artist": "Kanye West"}