{"songs": [{"title": "Not Enough Time", "album": null, "year": null, "lyrics": "[Hook]\nNot enough time in one lifetime\nTo love you like you deserve\nNot enough time in one lifetime\nTo love you like you deserve\n\n[Verse 1]\nNot a minute more\nNot a second more\nNot infinite though\nWatchu waitin for?\nNever nah, no, say\nTakin off time\nTakin off day\nWhatchu fightin for?\nWhen yo booty flow\nWho that known it though\nWhatchu waitin for?\nIf you runnin from love\nYou love her like that\nYou runnin' from nuns\nShe running right back\nBecause it's\n\n[Hook]\n\n[Verse 2]\nAnd I'm on a road\nAnd I'm backin? No\nTo love you no more\nTo look back and forth\nTill you got it from the\nYou got it what what\nBaba ba ba baa\nOne a 44\nTill I'm on the road\nTill you (?) know\nI know we would know\nTill a (?)\nI'm backin' on up\nI'm makin mine\nTill I cannot stop in the night\n\n[Bridge]\nOh oh yeah\nOh yeah\nThrow your hands up\nUh, (?) throw your hands up\nAnd keep em up now\nAnd keep em up high\nNo no no\nBaby no\nAnd we ain't goin' down baby\nOh no no\nNo, we ain't goin' down\nYou gotta keep em up high, high\nAnd we ain't going down baby\n\n[Verse 3]\nWalla boom mena\nI've been on that money\nDays of the (?)\nMoney done side\nPaper lined up all fallin'\nAnd they linin club poppin'\nAnd they down to throw\nI'm just zonin'\nEh... nah\nActin' like purple salt\nI've been on that rhyme till I get it now\nPuffin up\nMaking money\nGrindin paper\nMake it witch you", "image": "https://images.genius.com/3a5e35c68e9ed7bf9a2a63bfa51b261e.675x675x1.jpg"}], "artist": "Kanye West"}