{"songs": [{"title": "Out The Game", "album": null, "year": null, "lyrics": "[Kanye West]\nThere's only one girl on my agenda\n(You talking bout Brenda?)\nNaw I'm talking bout Linda, from last September\nNow Linda love lace like Linda love lace\nLaFace says she like +Mase+ but she love +Face+\nAnd I know that Linda was a hip-hop-head\nAnd I know that Linda gave Hip-Hop head\nBut I feel I could convert her\nCuz I ain't here to hurt her mayn\nAnd she was messin wit me when I was still at Burger King\nShe ain't hop in my bed cuz of the whips and cream\nCuz when I had her in bed I had whip cream\nShakespearian midsummer night dream\nI unzip things and pull out big things\nThey was flashin gr-green, she was like \"ch-ching\"\nGot em, but she know a rreeal nigga when she, spot him\nSo now she's pickin dresses from Veroraiyn\nScratchin out her maiden and here's my name\nNow I'm sittin at the bar wit all my guys\nThey sayin \"Cheers to you for your future years of pain\"\nLike \"Dog you ready to give all this shit up?\nThe summer's on its way and these hoes doin sit-ups\nAnd when they see the way the G-5 lights lit up\nYour gonna wanna have two like John Ritter\"\nBut naww, I bought her a brand new BM\nHe said \"Dog, slow down like Brand Nubian now\"\n\n[Consequence]\nI just feel the need to purge my soul from the work load\nCouldn't watch another nigga get burnt slow\nShe said her man was busy, always bored her with work load\nNever takes her out and falls asleep in his work clothes\nShe needs some excitement, which leads to this indictment\nBelieve what you like kid, according to her\nWhen we recorded with her, Linda changed her name to Nicky\nSang along to Darlin Nicky, co-star of my quickies\nThat foot is so pretty, but I'm sure you recognize\nThat bra holds titties, those are her titties\nSolar's so pretty, but not to rub it in\nBut that white Russian did make her lonely like the wind\nSo the over right that's in, on the over night depends\nIf you take heed the game, and please keep ya name, word\n\n[Kanye West]\nCuz she's just a playa playa\nThat's playin games wit me\n\n[John Legend]\nI can't see myself getting out the game, no time soon\nOoooh, as I continue as I, Ooooh, as I continue as I\nOooh, Oooh\nCan't see myself getting out the game, no time soon\nOoooh, as I continue as I, Ooooh, as I continue as I\nOooh, Oooh", "image": "https://images.genius.com/3a5e35c68e9ed7bf9a2a63bfa51b261e.675x675x1.jpg"}], "artist": "Kanye West"}