{"songs": [{"title": "Welcome to Heartbreak (unreleased version)", "album": null, "year": null, "lyrics": "Kanye (verse):\nMy friend showed me pictures of his kids\nAnd all i could show him was pictures of my cribs\nHe said his daughter got a brand new report card\nAnd all i got was a brand new sports car\n\nKid cudi (chorus):\nAnd my head keeps spinning\nCan't stop having these visions I gotta get with it\nOhhoo ohhoo\nOhhhhoooo\nAnd my head keeps spinning\nCan't stop having these visions I gotta get with it\nOhhoo ohhoo\nOhhhhoooo\n\nKanye(verse):\nDad cracked a joke all the kids laughed\nBut i couldn't hear 'em all the way in first class\nChased the good life my whole life long\nLook back on my life and my life gone... where did I go wrong?\n\nKid cudi (chorus):\nAnd my head keeps spinning\nCan't stop having these visions I gotta get with it\nOhhoo ohhoo\nOhhhhoooo\nAnd my head keeps spinning\nI can't stop having these visions I gotta get with it\nOhhoo ohhoo\nOhhhhoooo\n\nKanye (Bridge):\nI seen it\nI seen it before (+ 3x)\n\nKanye (verse):\nMy god-sister getting married by the lake\nBut I couldn't figure out who I wanna take\nBad enough that i showed up late\nI had to leave before they even cut the cake\nWelcome to heartbreak\n\nKid cudi (chorus):\nAnd my head keeps spinning\nI can't stop having these visions I gottaget with it\nOhhoo ohhoo\nOhhhhoooo\nAnd my head keeps spinning\nI can't keep having these visions I gotta get with it\nOhhoo ohhoo\nOhhhhoooo\nAnd my head keeps spinning\nI can't stop having these visions I gottaget with it\nOhhoo ohhoo\nOhhhhoooo\nOhhhhoooo\nOhhoooo\nOhhoooo\n\nKanye (outro):\nAnd I, and I can't stop\nNo, no I can't stop\nNo, no, no, no, I can't stop\nNo, no, no, no, I can't stop\nI can't stop\nI can't stop\nI can't stop\nNo, no, no, no\nNo, no, no, no\nNo, no, no, no\nNo, no, I can't stop\nCan't stop having these visions\nI gotta get with it\nOhhoo ohhoo\nOhhhhoooo", "image": "https://images.genius.com/3a5e35c68e9ed7bf9a2a63bfa51b261e.675x675x1.jpg"}], "artist": "Kanye West"}