{"songs": [{"title": "On Obama: \"I'm Past That\"", "album": null, "year": "2013-11-18", "lyrics": "\u201cI\u2019m not gonna mention him no more, I\u2019m past that,\u201d Yeezus said of the president on Philadelphia station Hot 107.9. \u201cThat\u2019s out my thoughts. That\u2019s lowering my priority of thinking at this point.\u201d\n\n\u201cOh, you talking about how he use to come and visit me and my mama and tell me he\u2019s about to run for president?\u201d Ye' replied when asked if he would ever \"break bread\" with the president and continued, \u201cI just think that we\u2019re pop icons, and the president likes to use that type of thing just to be down. People was fine with me being everyone\u2019s punching bag for about five years \u2014 \u2018This is the person we love to hate, so if you want to distract people from everything that\u2019s going on \u2026 just say you hate Kanye and there\u2019s going be 30 other people who say they hate Kanye.\u2019 That was kind of my position in culture and he kind of used that too \u2014 \u2018Oh, he\u2019s a jackass\u2019 \u2014 because that\u2019s how the world felt.\"\n\n\u201cI don\u2019t care if someone\u2019s the president or not,\u201d Kanye finished. \u201cI care about thoughts and how you helping people and what you bring to the world.\u201d", "image": "https://images.genius.com/3a5e35c68e9ed7bf9a2a63bfa51b261e.675x675x1.jpg"}], "artist": "Kanye West"}