{"songs": [{"title": "Bad News", "album": "808s & Heartbreak", "year": "2008-11-24", "lyrics": "[Verse 1]\nDidn't you know, I was waiting on you\nWaiting on a dream that'll never come true\nDidn't you know, I was waiting on you\nMy face turned to stone when I heard the news\nWhen you decide to break the rules\n\n[Refrain]\n'Cause I just heard some real bad news\n\n[Verse 2]\nPeople'll talk like it's old news\nI played it off and act like I already knew\nLet me ask you how long have you known dude\nYou played it off and act like he's brand new\nWhen you decide, to break the rules\n\n[Refrain]\n'Cause I just heard some real bad news\nReal bad news\nReal bad news\nReal bad news\n\n[Bridge]\nOh, you just gon' keep another no you won't\nOh, you just gon' keep it like you never knew\nOh, you just gon' keep another love for you\nOh, you just gon' keep it like you never knew\nWhile I'm waiting on a dream that'll never come true\nOh, you just gon' keep it like you never knew\nMy face turned to stone when I heard the news\n\n[Outro]\nWhat's on the news?\nChannel cruise", "image": "https://images.genius.com/680ca00f36d13c7d08fee5d3e882a5fb.1000x1000x1.jpg"}], "artist": "Kanye West"}