{"songs": [{"title": "Come and Go (Reference)", "album": null, "year": null, "lyrics": "[Hook]\nAnd you know one thing that's great about that problem\nThat it's not my problem\nThat's on you bitch\nThat's on you\nThat's on you bitch\nThat's on you\nYou know one thing that's great about that problem\nThe fact that that's not my problem\nThat's on you bitch\nThat's on you\nThat's on you bitch\nThat's on you\nYou know one thing that's great about that problem\nIs that the fact that it's not my problem\nThat's on you bitch\nThat's on you\nThat's on you bitch\nWho knew\n\n[Verse 1]\nI'm a owner and a consumer\nThumper larger than uma nigga\nFucks with all the rumors\nI got [?]\nI need 40 acres and it's 2 less\n[?] pool-less\nOh I need 40 acres and a girl that got a mule ass\nI fucked three white girls this evening\nToughen up when I'm overdone\nFucked three white girls this evening\nMartin Luther King be proud of it cause I overcome\n[KANYE YELL 1]\nGot that one out\nGot that one off\n[KANYE YELL 2]\nBumping off to tell a nigga something\n\n[Hook]\nWant to know one thing about that problem\nThe fact its not my problem\nThat's on you bitch\nThat's on you\nThat's on you bitch\nThat's on you\n\n[Verse 2]\nNow 4 dose I'm overdosing\n[?] when I [?]\nI own the remote in the old sofa\nNow I go [?]\nThump-a-dump-a-dee-dump\nBumping a nigga then I need to know\nGotta di-di-di-di-do eat it though\n[?] needs dough\nNiggas be all on when they need ya\nNumma numma all on when they need ya\nThen they forget to repay you\nI call that shit nigga-nesia\nThis right here this is a speed bump\nWe goin up when the knee jump\nI'mma go pump for a knee jerk\nMotherfuckers working like they need work\n\n[Hook]\nThe only good thing about that problem\nIt really ain't my problem\nThat's on you bitch\nThat's on you\nThat's on you bitch\nThat's on you\n\n[Outro]\nWhere y'all niggas at?\nWhere y'all niggas at?\nWhere y'all niggas at?\nWhat's up nigga\nWhere y'all niggas at?\nWhere y'all niggas at?", "image": "https://images.genius.com/3a5e35c68e9ed7bf9a2a63bfa51b261e.675x675x1.jpg"}], "artist": "Kanye West"}