{"songs": [{"title": "Ego", "album": null, "year": null, "lyrics": "Oh, baby, how you doing?\nYou know I'm-a cut right to the chase, huh\nSome women were made\nBut me, myself\nI like to think that I was created\nFor a special purpose\nYou know?\nWhat's more special than you?\nYou feel me?\n\nIt's on--baby, let's get lost\nYou don't need to call in to work 'cause you the boss\nFor real, want you to show me how you feel\nI consider myself lucky; that's a big deal\nWhy?\nWell, you got the key to my heart\nBut you ain't gon' need it\nI'd rather you open up my body\nAnd show me secrets you didn't know was inside\nNo need for me to lie\n\nIt's too big (big)\nIt's too wide (wide)\nIt's too strong (strong)\nIt won't fit (fit)\nIt's too much (much)\nIt's too tough (tough)\nHe talk like this 'cause he can back it up\n\nHe got a big ego\nSuch a huge ego\nI love his big ego\nIt's too much\nHe walk like this 'cause he can back it up\n\nUsually I'm humble\nRight now I don't choose\nYou can leave with me\nOr you could have the blues\nSome call it arrogant\nI call it confident\nYou decide when you find\nOut what I'm working with\n\nDamn, I know I'm killing you with them legs\nBetter yet, them thighs\nMatter of fact it's my smile or maybe my eyes\nBoy, you're a sight to see, kinda something like me\n\nIt's too big (big)\nIt's too wide (wide)\nIt's too strong (strong)\nIt won't fit (fit)\nIt's too much (much)\nIt's too tough (tough)\nI talk like this 'cause I can back it up\n\nI got a big ego\nSuch a huge ego\nBut he love my big ego\nIt's too much\nI walk like this 'cause I can back it up\nI, I walk like this 'cause I can back it up\nI, I talk like this 'cause I can back it up\nI, I, I can back it up\nI can back it up\nI walk like this 'cause I can back it up\n\nIt's too big (big)\nIt's too wide (wide)\nIt's too strong (strong)\nIt won't fit (fit)\nIt's too much (much)\nIt's too tough (tough)\nHe talk like this 'cause he can back it up\nHe got a big ego\nSuch a huge ego, such a huge ego\nBut I love his big ego\nIt's too much\nHe walk like this 'cause he can back it up\n\nEgo so big you must admit\nI got every reason to feel like I'm that bitch\nEgo so strong, if you ain't know\nI don't need no beat--I can sing it with piano", "image": "https://images.genius.com/3a5e35c68e9ed7bf9a2a63bfa51b261e.675x675x1.jpg"}], "artist": "Kanye West"}