{"songs": [{"title": "Lord Lord Lord", "album": "G.O.O.D. Fridays", "year": "2010-09-17", "lyrics": "[Produced by Kanye West]\n\n[Intro: Mos Def & Swizz Beatz]\nYeah, yeah, there it go, there it is\nThis, is something special (uh-huh, yeah)\nThis, is something new (it's an amazing time)\nThis, is something special (look around)\nThis, is something new (the power of observation)\n\n[Verse 1: Mos Def]\nMarvels and frights and strange delights\nAttributes, properties, disciplines and novelties\nEcstatic patterns in the calendar design\nWilderness tours, guided by and for the blind\nCool ruler standing still sweating through the shades\nHe knew those lights only grew bright to fade\nDead wrong pageantry, lottery and games\nSleight of hand provided by extravagant and fake\nThe carnival tilt bell the hustle for the age\nThey clutch what they covet, what must they give away?\nWho was uninvited who was asked to come and stay?\nSurprise, it's your life, it's your business anyway\nSo please, pardon these and such curious minds\nPeace, safe passage, precious time hither and gone\nThe day of days, Yawm al-Qiy\u0101mah\nThis tiny stone illuminated by a star\nThe only star so large, many more\nTo make our largest star show small, furthermore\nThe end is not the end no stop but a pause\nAnd what we can witness isn't all there is at all\nCustom mock of a scotch and pork chops\nThe passion, expansion, the order of the random\nSee the dreamers, see the sleepers\nWhy'd you wake them? Sweet Jesus\nEnlighten the Earth, seek heaven first\nLet's put in this work\n\n[Chorus: Charlie Wilson & Swizz Beatz]\nLord, Lord, Lord, Lord, Lord, Lord\nLord, Lord (this, is something special)\nLord, Lord, Lord, Lord, Lord, Lord (this, is something new)\nLord, Lord (this, is something special)\nLord\n\n[Verse 2: Kanye West]\nHer heels set the mood, where did you acquire those Ala\u00efas?\nWhen I met you I heard Jesus, bells, strings and the choir\nI got lines that's better than niggas' albums, plural\nThe king of the urban make your shit sound rural\nShe said I hit it so deep she need a epidural\nThem other niggas have you looking like a squirrel\nNow that's nuts\nI only hang with white boys that like black sluts\nTell them Plain Pat yo that track sucks, we ain't dissing you\nBut you in the position to play something for us to listen to\nI'm trying to worry about my scratch minus the crabs\nI ain't stopping for you niggas like yellow cabs\nI got scripts so why we need a movie?\nAnd if I'm a douche, then put me in your coochie\nI swear they shoulda never gave these niggas loose leaf\nAnd excuse me if I'm trapped by the boobies\nBooby trap, holla back\n\n[Chorus: Charlie Wilson & Swizz Beatz]\nLord, Lord (you know, AK on the lamp like what's that?)\nLord, Lord, Lord\nLord, Lord, Lord, Lord, Lord (huh? Click clack)\nLord, Lord, Lord, Lord, Lord (this, is something special)\nLord, Lord, Lord, Lord, Lord (this, is something new)\nLord\n\n[Verse 3: Swizz Beatz]\nAll white Bentley, I call that mama\nMy life crazy, like Obama's\nYou talk slick? Well I'm Osama\nBin Laden, I'm what's happening, I get it cracking\nAll black Carbon, on my wrist, yeah\nIt's gonna take you a couple years to get this here\nThank AP, well they thank me\nAnd I be mad too, if you ain't me\nCall me Mr. Dean, or Mr. Boss\nSee me riding clean, in a Rolls Royce\nNiggas talking funny, that's old money\nNiggas looking crazy, but they talking funny\nNowadays rappers, they like bloggers\nYou see me? I'm a bank hogger\nComing through your hood, in a Brinks truck\nWith 25s on it like what the fuck?\n100 feet and better, what the fuck you stick?\nPaparazzi on the water with the fuck-you stick\nMy face got the \"fuck you pricks\"\nMy beats go hard like fuck you dicks\nPouring champagne damn thing\nSee me rocking suede, nigga, in the damn rain\nAin't a damn thing, money ain't a damn thing\nAsk Yeezy and Mos, we do the goddamn thing\n\n[Chorus: Charlie Wilson & Swizz Beatz]\nLord, Lord, Lord, Lord, Lord, Lord\nGet down with the precious leathers\nLord, Lord (this, is something special)\nLord, Lord, Lord, Lord, Lord, Lord (this, is something new)\nLord, Lord (this, is something special)\nLord\n\n[Verse 4: Raekwon]\nAiyyo, open glass on my fingers, I sit back like I'm caged\nBut still caking, my niggas is hating\nIt's like being in the livest Lambo in the hood\nYou a piece of steak, I'd rather be that than some bacon\nEvery project is a throne only just bigger stones they throw\nThat's why I wear a big hat and roll weed\nGone if you don't know where you came or when you came\nAll you know is weed and cocaine, nonbelievers no game\nI'm zooted down, rolling a spliff, maxing\nFlaming like wheels got traction, I'm sun, he's attractive\nGuaranteed to service the real niggas out cruising in a Volvo\nA duffle for dolo, buffy polo\nA blow house is where I resided once\nLive amongst fiends, counting currency, hitting blunts\nOnly to hear the door rumble, grab the 4\nHope it ain't the law or maybe some nigga trying to score\n\n[Outro: Charlie Wilson]\nLord, Lord, Lord, Lord, Lord, Lord\nLord, Lord (Lord)\nL-Lord, Lord, Lord, Lord, Lord, Lord\nLord, Lord, Lord\nLord, Lord, Lord, Lord, Lord, Lord\nLord, Lord (Lord, Lord)\nLord, Lord, Lord, Lord, Lord, Lord\nLord, Lord (Lord, Lord, Lord) Lord\nLord, Lord, Lord, Lord, Lord, Lord, Lord\nLord, Lord, Lord, Lord, Lord, Lord, Lord\nLord, Lord, Lord, Lord, Lord, Lord, Lord\nLord, Lord, Lord, Lord, Lord\nLord, Lord, Lord, Lord, Lord, Lord\nLord, Lord! Uh, hey\nLord, Lord, Lord, Lord, Lord, Lord\nL-L-L-L-L-L-Lord, Lord\nLordy, Lordy, Lord, Lordy, Lordy, Lord\nLordy, Lordy, Lord, Lordy, Lordy, Lord\nLord, Lord, Lord, Lord, Lord, Lord, Lord, Lord\nLord\nLord, Lord, Lord, Lord, Lord, Lord\nLord, Lord\nLord, Lord, Lord, Lord, Lord, hahahah\nThat's kind of how this rap was pieced, hahahah\nMost definitely this rap was pieced", "image": "https://images.genius.com/6cb874a9412b648edb434ff93a41f27f.608x608x1.jpg"}], "artist": "Kanye West"}