{"songs": [{"title": "Gold Digger", "album": "Late Registration", "year": "2005-08-30", "lyrics": "[Produced by Kanye West and Jon Brion]\n\n[Intro: Jamie Foxx]\nShe take my money when I'm in need\nYeah, she's a triflin' friend indeed\nOh, she's a gold digger\nWay over town that digs on me\n\n[Hook: Kanye West + (Jamie Foxx)]\n(She give me money) Now, I ain't sayin' she a gold digger\n(When I'm in need) But she ain't messin' with no broke niggas\n(She give me money) Now, I ain't sayin' she a gold digger\n(When I'm in need) But she ain't messin' with no broke niggas\n(I gotta leave) Get down girl, go 'head, get down\n(I gotta leave) Get down girl, go 'head, get down\n(I gotta leave) Get down girl, go 'head, get down\n(I gotta leave) Get down girl, go 'head\n\n[Verse 1]\nCutie the bomb, met her at a beauty salon\nWith a baby Louis Vuitton under her underarm\nShe said: \"I can tell you rock, I can tell by your charm\nFar as girls, you got a flock\nI can tell by your charm and your arm.\"\nBut I'm lookin' for the one, have you seen her?\nMy psychic told me she'll have a ass like Serena\nTrina, Jennifer Lopez, four kids\nAnd I gotta take all they bad asses to ShowBiz?\nOkay, get your kids, but then they got their friends\nI pulled up in the Benz, they all got up in\nWe all went to din' and then I had to pay\nIf you fuckin' with this girl, then you better be paid\nYou know why? It take too much to touch her\nFrom what I heard she got a baby by Busta\nMy best friend said she used to fuck with Usher\nI don't care what none of y'all say, I still love her\n\n[Hook: Kanye West + (Jamie Foxx)]\n(She give me money) Now, I ain't sayin' she a gold digger\n(When I'm in need) But she ain't messin' with no broke niggas\n(She give me money) Now, I ain't sayin' she a gold digger\n(When I'm in need) But she ain't messin' with no broke niggas\n(I gotta leave) Get down girl, go 'head, get down\n(I gotta leave) Get down girl, go 'head, get down\n(I gotta leave) Get down girl, go 'head, get down\n(I gotta leave) Get down girl, go 'head\n\n[Verse 2]\nEighteen years, eighteen years\nShe got one of your kids, got you for eighteen years\nI know somebody payin' child support for one of his kids\nHis baby mama car and crib is bigger than his\nYou will see him on TV any given Sunday\nWin the Super Bowl and drive off in a Hyundai\nShe was supposed to buy your shorty Tyco with your money\nShe went to the doctor, got lipo with your money\nShe walkin' around lookin' like Michael with your money\nShoulda got that insured, Geico for your money\nIf you ain't no punk\nHolla, \"We want prenup! We want prenup!\" (Yeah!)\nIt's somethin' that you need to have\n\u2018Cause when she leave yo' ass, she gon' leave with half\nEighteen years, eighteen years\nAnd on the 18th birthday he found out it wasn't his?!\n\n[Hook: Kanye West + (Jamie Foxx)]\n(She give me money) Now, I ain't sayin' she a gold digger\n(When I'm in need) But she ain't messin' with no broke niggas\n(She give me money) Now, I ain't sayin' she a gold digger\n(When I'm in need) But she ain't messin' with no broke niggas\n(I gotta leave) Get down girl, go 'head, get down\n(I gotta leave) Get down girl, go 'head, get down\n(I gotta leave) Get down girl, go 'head, get down\n(I gotta leave) Get down girl, go 'head\n\n[Verse 3]\nNow, I ain't sayin' you a gold digger, you got needs\nYou don't want a dude to smoke but he can't buy weed\nYou go out to eat, he can't pay, y'all can't leave\nThere's dishes in the back, he gotta roll up his sleeves\nBut while y'all washin', watch him\nHe gon' make it to a Benz out of that Datsun\nHe got that ambition, baby, look at his eyes\nThis week he moppin' floors, next week it's the fries\nSo stick by his side\nI know there's dudes ballin', and yeah, that's nice\nAnd they gonna keep callin' and tryin', but you stay right, girl\nAnd when you get on, he'll leave yo' ass for a white girl\n\n[Hook: Kanye West + (Jamie Foxx)]\n(I gotta leave) Get down girl, go 'head, get down\n(I gotta leave) Get down girl, go 'head, get down\n(I gotta leave) Get down girl, go 'head, get down\n(I gotta leave) Get down girl, go 'head\n\n[Outro]\nLet me hear that back", "image": "https://images.genius.com/79c59d81b7c1591b6da43c3df7a1e7af.640x640x1.jpg"}], "artist": "Kanye West"}