{"songs": [{"title": "Gold Digger (AOL Sessions)", "album": "Late Orchestration", "year": "2006-04-24", "lyrics": "[Hook x2: (Ray Charles) and Kanye West]\n(She gives me money)\nNow I ain't sayin' she a gold digger\n(When I'm in need)\nBut she ain't messin' wit' no broke, broke\n\n[Bridge: (Ray Charles) and Kanye West]\n(I gotta leave) Get down girl, go 'head get down\n(I gotta leave) Get down girl, go 'head get down\n(I gotta leave) Get down girl, go 'head get down\n(I gotta leave) Get down girl, go 'head\n\n[Verse 1: Kanye West\nCutie the bomb, met her at a beauty salon\nWith a baby Louis Vuitton under her underarm\nShe said, I can tell you rock, I can tell by your charm\nFar as girls you got a flock, I can tell by your charm\nAnd your arm, but I'm lookin' for the one. Have you seen her?\nMy psychic told me she'll have an ass like Serena\nTrina, Jennifer Lopez, four kids\nAnd I gotta take all they bad a---- to ShowBiz\nOkay, get your kids, but then they got their friends\nI pulled up in the Benz, they all got up in\nWe all went to din and then I had to pay\nIf you f------ with this girl then you better be paid\nYou know why? It take too much to touch her\nFrom what I heard she got a baby by Busta\nMy best friend said she used to f--- with Usher\nI don't care what none of y'all say, I still love her\n\n[Hook: (Ray Charles) and Kanye West]\n(She gives me money)\nNow I ain't sayin' she a gold digger, uh\n(When I'm in need)\nBut she ain't messin' wit' no broke n-----, uh\n\n[Bridge: (Ray Charles) and Kanye West]\n(I gotta leave) Get down girl, go 'head get down\n(I gotta leave) Get down girl, go 'head get down\n(I gotta leave) Get down girl, go 'head get down\n(I gotta leave) Get down girl, go 'head\n\n[Verse 2: Kanye West]\nEighteen years, eighteen years\nShe got one of yo' kids, got you for eighteen years\nI know somebody payin' child support for one of his kids\nHis baby mama car and crib is bigger than his\nYou will see him on TV, any given Sunday\nWin the Super Bowl and drive off in a Hyundai\nShe was supposed to buy your shorty Tyco with your money\nShe went to the doctor got lipo with your money\nShe walkin' around lookin' like Michael with your money\nShould've got that insured, GEICO for your money\nIf you ain't no punk\nHolla we want prenup (We want prenup!)\nYeah, it's something that you need to have\nWhen she leave your a-- she gon' leave with half\nEighteen years, eighteen years\nAnd on her eighteenth birthday, he found out it wasn't his?\n\n[Hook x2: Kanye West and (Ray Charles)]\n(She gives me money)\nNow I ain't sayin' she a gold digger, uh\n(When I'm in need)\nBut she ain't messin' wit' no broke n-----. uh\n\n[Bridge]\n(I gotta leave) Get down girl, go 'head get down, uh\n(I gotta leave) Get down girl, go 'head get down\n(I gotta leave) Get down girl, go 'head get down, uh\n(I gotta leave) Get down girl, go 'head\n\n[Verse 3: Kanye West]\nNow I ain't sayin' you a gold digger, you got needs\nYou don't want a dude to smoke, he can't buy weed\nYou got out to eat and he can't pay, y'all can't leave\nThere's dishes in the back, you gotta roll up ya sleeves\nBut while y'all washin', watch him\nHe gon' make it into a Benz out of that Datsun\nHe got that ambition, baby, look at his eyes\nThis week he moppin' floors, next week it's the fries\nSo, stick by his side\nI know there's dude's ballin', but yeah that's nice\nAnd y'all gon' keep callin' and tryin', but you stay right, girl\nAnd when you get on, he leave yo' a-- for a white girl\n\n[Bridge: Kanye West and (Ray Charles)]\n(I gotta leave) Get down girl, go 'head get down\n(I gotta leave) Get down girl, go 'head get down\n(I gotta leave) Get down girl, go 'head get down\n(I gotta leave) Get down girl, go 'head\n\n[Outro: Kanye West]\nAnd that is the story of the Gold Diggers, boys and girls", "image": "https://images.genius.com/14574714736893cd3eac1d3744795b8f.300x300x1.jpg"}], "artist": "Kanye West"}