{"songs": [{"title": "Twitter Poetry", "album": "Kanye West's Visionary Streams of Consciousness", "year": "2016-03-08", "lyrics": "This is a stream of consciousness\u2026 twitter poetry\u2026\n\nLease see these next tweets as such because the ideas will jump around a bit\u2026 a bit like a mood board...\n\nUp late designing in Sweden\u2026\n\nSuper inspired by my visit to Ikea today , really amazing company\u2026 my mind is racing with the possibilities\u2026\n\nPlaying the new Kendrick\u2026  1 thousand images on the desktop\u2026  Hennessy & what\u2019s left of the ice and coke zero\u2026\n\nSitting with @Robinnowicki from @ustwo working on the YEEZY site\u2026\n\nReally happy to get the quality of the products better at half the prices of last year\u2026\n\nBear with me guys, Rome wasn\u2019t built in a day but I promise to keep my promises\u2026\n\nSo proud of my brother @VirgilAbloh with his new @OffWht collection!!!\n\nWas speaking with @souljaian earlier about a new idea\u2026\n\nMet with @Hermes_Paris family yesterday\u2026 been out here fighting for 13 years and it feels like we\u2019re finally seeing wins\u2026\n\nCan\u2019t wait to get home to North, Saint and my wife\u2026\n\nSometimes the quiet moments feel like I\u2019m home from battle\u2026\n\nWhat war?  a class war\u2026 a war against time\u2026\n\nFeeling like Robin Hood\u2026\n\n@Adidas is making a million Yeezys this year, opening up new factories\u2026\n\nIt\u2019s been a lot of confusion in the past 3 weeks so let me apologize for in any way being confusing\u2026\n\nI guess in a media world where you never hear the truth, the truth can come off as crazy\u2026\n\nThank you to @asvpxrocky for supporting me at the MSG show\u2026\n\nTogether we stand\u2026 we win\u2026\n\nThe future thinkers win\u2026\n\nThe artists win...\n\nThe thinkers win\u2026\n\nThe pure of heart win\u2026\n\nWe win\n\nGet Top on the phoooone!!!!!  @Kendricklamar", "image": "https://images.genius.com/9fa6626ebb7cecda3ba692c1c80f52bf.1000x664x1.jpg"}], "artist": "Kanye West"}