{"songs": [{"title": "No Mistakes", "album": "ye", "year": "2018-06-01", "lyrics": "[Intro: Slick Rick]\nBelieve it or not\nBelieve it or not\n\n[Chorus: Charlie Wilson & Kid Cudi]\nMake no mistake, girl, I still love you\nMake no mistake, girl, I still love you\nMake no mistake, girl, I still love you\nMake no mistake, girl, I still love you\n\n[Verse: Kanye West]\nTake the top off, let the sun come in\nWhoa, for all my dogs that stayed down, we up again (Again)\nOh, I got dirt on my name, I got white on my beard\nI had debt on my books, it's been a shaky-ass year\nLet me make this clear, so all y'all see\nI don't take advice from people less successful than me\nHah? Ain't no love lost, but the gloves off\nAnd we up in this bitch until they turn the club off\nHad to tell the dogs, \"Turn the snubs off!\"\nPlus they already mad that the Cubs lost\n(Believe it or not) These two wrongs'll right you\n(Believe it or not) I was too grown in high school\n(Believe it or not) The true soul of Ice Cube\nToo close to snipe you, truth told, I like you\nToo bold to type you, too rich to fight you\nCalm down, you light skin!\n\n[Chorus: Charlie Wilson & Kid Cudi (Slick Rick)]\nMake no mistake, girl, I still love you (Make no)\nMake no mistake, girl, I still love you (No way)\n(Believe it or not, the Lord still shines on you)\nMake no mistake, girl, I still love you\n(Believe it or not, the Lord still shines on you)\nMake no mistake, girl, I still love you\n(Believe it or not, the Lord still shines on you)\nMake no mistake, girl, I still love you (No way)\nMake no mistake, girl, I still love you", "image": "https://images.genius.com/ce52bec054f3d772071d0c309970e616.1000x1000x1.jpg"}], "artist": "Kanye West"}