{"songs": [{"title": "Flashing Lights (Remix)", "album": null, "year": "2008-01-18", "lyrics": "Lyrics:\n\n[Intro: R. Kelly]\nThe rulers! Rulers of the world!!!!\nEvery hood, stand up, every street, stand up\nAnd be accountable, yeah, come on....\n(Flashing... lights) OH OH OH OH OH!!!\n(Flashing... lights) And now we in the club like......\n(Flashing... lights) HEY! HEY! HEY! HEY!\n(Flashing... lights) HEY! HEY! HEY! HEY!\n\n[Verse 1: R. Kelly]\nSunglasses (Glasses) Black T man (T man)\nRed carpet all cameras on me man (Me man)\nBut the cameras can't see what I see man (See man)\nWhy I had to treat the haters like fleas man\nMu'fuckers wanna talk about me man\nI check the ice and I brush off my sleaves man\nI'm too hyped to have dirt off my shoulders\nLyrics from heaven CHUUCH!!! Thought I told ya\nTasha told Kim that Lisa said Mike said\nKells doin drugs now man he a crackhead\nY'all mean to tell me y'all believe that\nBut I do be askin where the weed at?!\n(Easy killa) Cause I'm a go getta come day or night\n(Easy killa) And I already got my money right right right!!!!!\n(Flashing... lights) And this for all my niggas in the hood that be dodgin those\n(Flashing... lights) To all the honeys in the club that be showin love when they see the\n(Flashing... lights) Your boy Kells, Kanye in the club remix like\n(Flashing... lights) Whoooooooooaaaaaaaaaaaaaaaaaaa!!!!!!!!!!\n\n[Verse 2: Kanye West]\nI know it's been a while sweetheart\nWe hardly talk I was doing my thang\nI know it was foul baby\nA bay, lately, you been all on my brain\nAnd if somebody woulda told me a month ago\nFrontin though, yo I wouldn't wanna know\nIf somebody woulda told me a year ago\nIt'll go get this difficult\nFeelin like Katrina with no F.E.M.A\nLike Martin with no Gina\nLike a flight with no visa\nFirst class with the seat back I still see ya\nIn my past, you on the other side of the glass\nOf my memory's museum\nI'm just sayin, hey Mona Lisa come home\nYou know you can't +Rome+ without +Caesar+\n\n[Chorus: Dwele]\nAs I recall I know you love to show off (Off)\nBut I never thought that you would take it this far (Far)\nWhat do I know? (Flashing... lights)\nWhat do I know? (Flashing... lights)\nKnoowwwwwwwwwwww!!!!!!!!!!!\nAs I recall I know you love to show off (Off)\nBut I never thought that you would take it this far (Far)\nWhat do I know? (Flashing... lights)\nWhat do I know? (Flashing... lights)\nKnoowwwwwwwwwwww!!!!!!!!!!!\n\n[Outro: R. Kelly]\nCome on! So flash your light on me (Flash your light on me)\nSo that the world can see (So the world can see)\n\n[Sample]:\nFlashing... lights\nFlashing... lights", "image": "https://images.genius.com/3a5e35c68e9ed7bf9a2a63bfa51b261e.675x675x1.jpg"}], "artist": "Kanye West"}