{"songs": [{"title": "I Don't Want to Be Liked (Freestyle)", "album": null, "year": "2016-04-10", "lyrics": "I ride for this shit, and I'll die for this shit\nAnd I'll ride for this shit, and I'll die...\n\nI don't want to be like what everyone else be like\nIf that means I gotta be like what everyone else be like then I don't want to be liked\nIf I gotta be like, what everybody else be like\nThen I don't want to be liked\nI don't want to be liked\nBecause I was so...\nDig down in your soul\nAnd look to the sky above\nBeing liked is nothing, when you could be loved\nGod is love\nGod is love\nGod is love\nGod is love\nSo I would rather follow God than to follow the media\nI would rather follow God than to follow perception\nBecause most artists aren't appreciated in their own time\nSo the more and more and more I'm disliked, the better I must be doing\nBecause most artists aren't appreciated in their own time\nSo the more and more I'm disliked, the much, the better I must be doing\nYou know why? Because I don't want to be liked\nIf that means, I gotta be like the way everyone else be like\nThe way everyone else sees like\nThe way everyone else does...\nI've got my own vision and make my own decisions\nAnd don't ask for permission, and I am on a mission\nI am on a mission\nI only want to do it on my conditions\nI only want to do it my way\nI'm only going to do it His way\nI'm only going to do it this way\nI'm only going to do it this way\nI'm only going to do it this way\nIf you love someone tonight\nHold on to it\nIf you love someone tonight\nHold on, hold on real tight\nHold on, hold on real tight\n\nYeah, yeah...\nYeah, always find, yeah, always find, yeah, always find something...\nSo you've been puttin' with this just way too long\nI'm so gifted at finding what I don't like the most\nSo I think it's time for us, to have a...\nLet's have a toast for the...\nAyy, let's have a toast for the...\nAyy, let's have a toast for the...\nHey, everyone in there that I...\nAyy, let's have a toast for the jerk-offs\nThat'll never take...\nBaby, I got a plan, run away fast as you can", "image": "https://images.genius.com/3a5e35c68e9ed7bf9a2a63bfa51b261e.675x675x1.jpg"}], "artist": "Kanye West"}