{"songs": [{"title": "Say You Will Freestyle", "album": null, "year": "2012-01-31", "lyrics": "[Verse 1]\nAnd I'm just tryin' to play it cool\nWonderin' what you gon' do now\nIt's 11:15 and, baby, I got to hit you up\nAre you playin' around? Oh, what now?\nTell me what's that's\n12:35 and you sayin' that you ain't been to text\nAnd that you're on your way, well, okay, okay\nWhat I'm sayin', don't say it, don't say it\nNow it's 1:15 and, baby, you got to be playin'\nBaby, you have got to be playin'\nWhere are you?\nAre you comin' back? Still callin' through\nAnd she say she at the club with her girl\nAnd it's her girl's birthday and she keepin' her there longer\nAnd, uh, you know how that goes\nAnd she want to see me so bad\nOh, so she's leavin' in about fifteen minutes\nAfter this, uh, one favorite Pitbull song plays, goes off\nOr some shit like that, now it's like, uh, 2:45\nAnd you know what type of textses niggas send at that time\nI texted her and I said, \"Are you alive?\"\nThat's when you send that text\nAnd you say, \"Hey, are you alive?\"\nCause the only reason why you not here\nBitch, you better have died\nBitch, you better have died\nBitch, you better have died\nNow it's like 3:30 and you tell me that you're on your way\nAnd a nigga so goddamn horny\nYou know what I said? \"Okay\"\nI'm just sayin', \"Okay\"\nWho you gon' listen to: Your ego or your dick?\nNow the dick wins\nNo, no, no, no, no, no, no, no, no\nAnd I can't understand, holdin' a white wine\nBlackBerry in my hand\nLookin' at the time, 7 a.m\nI can't believe this bitch sent me through this shit again\nOh, you got me, huh?\nAre you gon' give me every chance you get?\nYou gon' give me every chance you get?\nI don't know when you're gonna quit\nThis why I left your ass in the first place\nThis why I helped your ass in the first case\nAnd you don't have the nerve to text a nigga\nI left the door cracked open\nNew York City is dangerous, I could have been robbed\nNew York City is dangerous, I could have been robbed\nWhat you think?\nI would take that chance for some pussy moanin'\nThis the type of pussy you risk your life for\nThis the type of pussy you need your wife for\nThis the type of pussy you spend the night over\nThis the type of pussy you spend the night over\nThis the type of pussy you spend the night over\nAnd lookin' back, tryin' spend the night over\nAnd I'll admit it\nEven though I'm disrespected as a motherfucker\nI still, still want to hit it\nGot an ass like that cause I paid your ass again\nMy friends say, \"What the fuck is wrong with them?\"\nCause ain't no sex like a ex\nAin't no sex like your ex\nAin't no sex like your ex, ain't no sex like\nYou know, cause you'd be so mad at that motherfucker\nAnd you know they got a new motherfucker\nAnd you know you just want to fuck her\nAnd prove that the next nigga ain't as good as you\nAnd he can't do what you do\nSo, baby, if you give me one chance to dance\nPut the devil in a purple light\nIf you give me one chance to dance\nPut the devil in a purple light\nAlright, don't say, don't say\nWhere she'll stop, I'll never know, don't say\nWhere did all the lovers go?\nWhere she'll stop, I'll never know\nWhere did all the lovers go?\nWhere she'll stop, I'll never know\nWhere did all the lovers go?\nWhere she'll stop, I'll never know\nSo, hey, so, hey\nDon't say you, don't say you will\nHey, don't say you will, you will, you will\nHey, don't say, don't say, don't say you will, you will", "image": "https://images.genius.com/3a5e35c68e9ed7bf9a2a63bfa51b261e.675x675x1.jpg"}], "artist": "Kanye West"}