{"songs": [{"title": "The Roc in Here", "album": "Freshmen Adjustment Vol. 2", "year": null, "lyrics": "[Intro]\nYeah, yeah, yeah, yeah\nUh huh, the Roc in here (yeah)\nIt's ya boy Kanye To The\nListen up man\n\n[Verse]\nI got girls in my room like hostages\nGiving me neck like ostriches\nGive some play to the real Kanye\n'Cause we all know who the imposters is\nAll my gangsters, mob to this\nAnd all my strippers, do your job to this\nHell no, I can't give you my cell phone\nBut you know where the hotel lobby is\nFor ya'll the same girls wouldn't give me no ass\nNow I done highly surpassed my whole upper class\nBet if I meet her now I can fuck her fast, I pass\nI be on some new shit\nI wouldn't fuck none of the girls I went to school with\nFuck around, I ain't be on no cool shit\nLike you don't see the models that me and my crew get\nYou don't see the frivolous jewels I bought with The Blueprint\nShe said \"Whoa! Kanye don't get caught up in the hype\nAin't no telling they gon' love you after the night\"\nWell, if tonight's the night, pop bottles, fuck models\nSpend money till you're broke my, nigga, live your life\n'Cause I'm living international nigga American dream\nAnd all my dawgs living vicariously through me\nSo if I get head from Trin', that one for the team\nFuck 702, that one for the crew\nMy dawg Hip Hop really love Claudette\nSo if I ever get to smash, this fuck's for you\nI can barely drive the G5 down King Drive\nJust like the Brinks trucks, they know it's money inside\n\n[Outro]\nUh huh, (uh huh)\nThe Roc in here", "image": "https://images.genius.com/96319570be9d2165984a99be5ecf2edf.500x500x1.jpg"}], "artist": "Kanye West"}