{"songs": [{"title": "Ass Shots", "album": null, "year": "2016-12-05", "lyrics": "[Intro: Kanye West]\nI don't know why niggas tripping on a nigga\nFor clippers, I hate you niggas too\nBut I'm black and Mexican, we gon' change that, haha\nI hate you niggas too!\n\n[Hook: Kanye West]\nIf you ain't had good pussy, nigga, try some\nYour girl ain't got no ass, she need to buy one\nOut west, Southwest, where you fly from\nNew Jersey, Teterboro where I fly from\nYou ain't got no Ghost, you need to drive one\nThat bitch is so broke, try to find some\nAnd she ain't got no money, tryna find some\nI swear these bitches funny, hahaha\nHahaha, hahaha\nI swear these bitches funny, hahaha\nHahaha, hahaha\nYou still owe me money, nigga, yeah, yeah\n\n[Verse 1: French Montana]\nGot a bad bitch at build-a-body\nGet a bad bitch and build a body\nWhen your pop, the slim nigga shady\nWhen your pop was Slim, I was Baby\nI came for them chips like I'm K.D\nCame for them bricks like I'm Maisie\nWe hit up the trap which is booming\nHustle, French John Newman\nFuck making the move, we the movie\nFuck the whole group, I'm a groupie\nAll that money rolling through the lobby\nVVS is dripping off my body\nYou can do what you want when you got it\nGo get a bitch and then build her body\nThey wanted Versace Milan\nWe do what we want and then copy\nSmack a Roley on my arm\nSkrrr, middle fingers to the feds\nPut a hundred dollars on your head\nPrice of life hit you\nAnd all my dawgs gotta eat\nAnd all the money get divided\nSnipe game be the wildest\nGet a bad bitch, build her body\nGet a bad bitch, build her body, haan\n\n[Hook: Kanye West]\nIf you ain't had good pussy, nigga, try some\nYour girl ain't got no ass, she need to buy one\nOut west, Southwest, where you fly from\nNew Jersey, Teterboro where I fly from\nYou ain't got no Ghost, you need to drive one\nThat bitch is so broke, try to find some\nAnd she ain't got no money, tryna find some\nI swear these bitches funny, hahaha\nHahaha, hahaha\nI swear these bitches funny, hahaha\nHahaha, hahaha\nYou still owe me money, nigga, yeah, yeah\n\n[Verse 2: Cam'ron]\nHarlem to the death, I'mma forever front\nA problem with the kid is what you never want\nThat's what you want, I had my niggas waiting for you\nLike you sitting at a table in a restaurant\nSlice you like pizza, I keep six in the squeezer\nMy jewelry is nice, dressing is iced\nIt's how you can sit in the freezer\nKeep my dick in the diva, word, no problem licking it either\nBaby girl could be a believer, we could just kick it like FIFA\nAll the women heavy like pallbearer\nThat Henney got that cake like Carvel\nCarvel, me, I'mma die\nInside the pussy, man, I know just how Lamar felt\nMy bitch sit on me flat without no tummy tuck\nShe no stripper but all she do is pick money up\nFive-o called me over, word to my homie, I ain't tell 'em shit\nHe seemed aggy, so all I did was tell him this\n\n[Hook: Kanye West]\nIf you ain't had good pussy, nigga, try some\nYour girl ain't got no ass, she need to buy one\nOut west, Southwest, where you fly from\nNew Jersey, Teterboro where I fly from\nYou ain't got no Ghost, you need to drive one\nThat bitch is so broke, try to find some\nAnd she ain't got no money, tryna find some\nI swear these bitches funny, hahaha\nHahaha, hahaha\nI swear these bitches funny, hahaha\nHahaha, hahaha\nYou still owe me money, nigga, yeah, yeah", "image": "https://images.genius.com/3a5e35c68e9ed7bf9a2a63bfa51b261e.675x675x1.jpg"}], "artist": "Kanye West"}