{"songs": [{"title": "The Life of Pablo Studio Notepad", "album": "The Life of Pablo", "year": "2016-02-14", "lyrics": "2 Chainz\n[Zoe Kravitz]\nCudder (Kid Cudi)\n[Cons(equence)]\nDoug E. Fresh\n[Kelly Price]\n[Lil Uzi Vert]\n[Young Metro 3x (Metro Boomin)]\nCyhi The God (Cyhi The Prynce)\nBig Boy\nYoung Lord VLONE\nRicky A.\n[?]\nBu\nEEMA\nDion Watkins\nPuff Daddy\nA-Trak\nTeyana Taylor\nWorld Famous (Tony Williams)\nA$AP Flacko Jodye (A$AP Rocky)\nDavid Moses\nDa Vinci World Group\nEl DeBarge\nThe-Dream\nRichie Akiva\nTravi$ (Scott)\nChance (The Rapper)\nMinister Bentley (Fonzworth Bentley)\nTo God MC [?]\nVic Mensa\nElon... (Elon Rutberg)\nKoKo (Khlo\u00e9 Kardashian)\nSox\nTK\nKirk Franklin\nMr. Sandifer (Sakiya Sandifer)\nFederico Spadoni\nSwizz (Beatz)\nMalik Yusef\nEarl (Sweatshirt)\nBibi Bourelly\nDJ Dodger Stadium\nKourtney Kardashian\nKim (Kardashian)\nGee Roberson\nKyle J. Ross\nC. Heat\nAndre 3000\nKylie (Jenner)\nVanessa Beecroft\nT Mills\nAG\nVicious\nA. Dawson\nJoey G\nTyler (, the Creator)\nMike Dean\nPlain Pat\nNoah G (Noah Goldstein)\nKilhoffer (Anthony Kilhoffer)", "image": "https://images.genius.com/389e5fd1eff885b2e7b62060869945cc.1000x1000x1.jpg"}], "artist": "Kanye West"}