{"songs": [{"title": "Highlights (Young Thug Demo)", "album": null, "year": null, "lyrics": "[Intro: Kanye West & Young Thug]\nHigh lights\nTell my baby I'm back in town\nHigh lights\nTell everybody I'm back in town\nHigh lights\nTell my baby I'm back in town\nHigh lights\n\n[Hook: Kanye West & Young Thug]\nWe only makin' the highlights\nTell my mama, tell my mama, that I only want my whole life to only be highlights\nWe only makin' the highlights\nTell my mama, tell my mama, that I only want my whole life to only be highlights\n\n[Post-Hook: TWF Tony Williams]\nI wanna play with you all night long\nThen after tonight\n\n[Verse 1: Kanye West]\nCan we play that back one time?\nAnd after that night I'm gon' wanna play this shit back, I don't know\nSometimes I'm wishin' that my dick had GoPro\nSo I could play that shit back in slo-mo\nI just shot an amateur video; I think I should go pro\n\n[Hook: Kanye West & Young Thug]\nWe only makin' the highlights (slow motion, slow motion)\nWe only makin' the highlights (slow motion, slow motion)\nTell my mama, tell my mama, that I only want my whole life to be only be highlights\n\n[Post-Hook: TWF Tony Williams]\nI wanna play with you all night long\nThen after tonight (slow motion)\n\n[Verse 2: Kanye West]\nI bet me and Ray J would be friends\nIf we ain't love the same bitch\nYeah, he might have hit it first\nOnly problem is I'm rich\n\n[Interlude: Carole King & Kanye West]\nYou've got to get up every morning\nYou've got to get up every morning\nI live my life on the highlights\nYou've got to get up every morning\nWith a smile on your face\nAnd show the world that you've got love in your heart\nOh no, gotta play this shit back\n\n[Verse 3: Kanye West]\nAnd eventually there's gon' be so many niggas\n[?] pool party on the weekend, that's the business\nThere's one white girl told me she hate white cock\nThat's when I knew hip hop was the new rock\nWhen you know you gotta keep your business zip-loc'd\nCause the nigga still got her Gucci flip-flops\n[?] take her on a c-cold adventure\nOld bitches know I put the dick on they dentures\nMight tell 'em Lexington Steele is my mentor\nFamous people act so damn pretentious, huh?\nWhat she need is an hour of some inches, huh?\nGot a thick dick hopping on some trenches, huh?\nGot the Fruit of Islam in the trenches. huh?\nEven though they know Yeezus is a Christian, huh?\nShe spent a whole check on some Christians, huh?\nAnd that bitch ain't even religious, huh?\nI'm respected, I'm way too prestigious\nY'all motherfuckers throwing bows like Riddick\nCrack coke, crack sale, white niggas got mail\nMight drop a baby line and call that shit Pastel\nWalkin', livin', breathin', god, you know my past well\nHard to believe in God, your nigga got killed\nBad bitches fuckin' Rob, though he overweight\nI wish my trainer would, tell me what I overate\nSo when I'm on vacay, I need to kick back\nHah, huh, what you want?\nWant a boss or an R&B nigga with a six pack?\nI need every bad bitch up in Equinox\nI need to know right now if you a freak or not\nI need every bad bitch up in Equinox\nI need to know right now if you a freak or not\nI need every bad bitch up in Equinox\nI need to know right now if you a freak or not\nI need every bad bitch up in Equinox\nI need to know right now if you a freak or not\n\n[Sample: Jen Selter]\n(I love social media, I love fitness and I love photography)\n\n[Verse 4: Kanye West]\nI need at least seven days with Chloe Sevigny\nSince I saw Brown Bunny, it ain't never been the same\nI ain't gon' tell ya that I've never been a lame, but\nEver since with Hov, I got that Roc-A-Fella chain\nMan, shit just changed, shit just changed\nMy nigga Dame said let's get this change\nGet this thing, iPhone thing\n[?] then I hit\n\n[Hook: Kanye West & Young Thug]\nWe only makin' the highlights (slow motion, slow motion)\nWe only makin' the highlights (slow motion, slow motion)\nTell my mama, tell my mama, that I only want my whole life to be only be highlights\n\n[Post-Hook: TWF Tony Williams]\nI want to play with you all night long\nThen after the night\nI want to play with you all night long\nThen after the night\n\n[Hook: Kanye West & Young Thug]\nWe only makin' the highlights\nTell my mama, tell my mama, that I only want my whole life to be only be highlights", "image": "https://images.genius.com/3a5e35c68e9ed7bf9a2a63bfa51b261e.675x675x1.jpg"}], "artist": "Kanye West"}