{"songs": [{"title": "Late", "album": "Late Registration", "year": "2005-08-30", "lyrics": "[Produced by Kanye West]\n\n[Intro]\nLittle girl (A-ha-ha-ha-ha...)\nPlease stop your crying\n\n[Chorus]\nI'll be late for that, baby, I'll wait for that\nIf you had a taste of that, you'd probably pay for that\nI'm comin' in when I feel like\nSo turn this motherfucker up only if it feels right\nI'll be late for that, I can't wait for that\nI think I was made for that\nSo I'm comin' in when I feel like\nSo turn this motherfucker up only if it feels right\n\n[Verse 1]\nStop all your blood clot cryin', I was flyin'\nMade it to school with barely enough time to sign in\nYeah, I hear the alarm, yeah, I hear you, Mom\nYeah, yeah, I don't wan' be broke when I'm thirty-one\nThey said the best classes go to the fastest, sorry, Mr. West\nThere's no good classes, and that's what yo' ass get\nNot even electives? Not even prerequisites?\nYou mean I missed my major by a couple of seconds?\nNow I'm in the shop class or the basket weavin'\nWith all the rest of the motherfuckers underachievin'\nMan, this is an insult\nI went to junior high with all of them and they been slow\nIf I can catch the beat then slow down the tempo\nJust throw this at the end if I'm too late for the intro\nWill I make it from the student loans to a Benzo?\nLike old folks pissin', I guess it all depends, oh, oh\nStop your cryin', baby\n\n[Chorus]\nI'll be late for that, baby, I'll wait for that\nIf you had a taste of that, you'd probably pay for that\nI'm comin' in when I feel like\nSo turn this motherfucker up only if it feels right\nI'll be late for that, I can't wait for that\nI think I was made for that\nSo I'm comin' in when I feel like\nSo turn this motherfucker up only if it feels right\n\n[Verse 2]\nYou know when you be late you miss all the lights\nThat's right (that's right), that's right (that's right)\nAnd when you get back she gon' start up a fight\nThat night (that night), that night\nBaby, it's too late for that, lately I've been takin it slow\nTry and make it to the party 'fore the guest list close\nWith the freshest hoes, the professors know\nWe about to get real unprofessional\nLike them Eskimos, what would you do for a Klondike?\nOr two dykes that look Christina Milian-like?\nHmm, I'll be on time for that\nI ain't thought of no line that could rhyme with that\nYo, I'll be there in five minutes, five hours later?\n\"I'll be there in five minutes,\" go 'head, ride with it\nI'm so live with it, look how I did it\nBeen bullshittin' but I finally arrived with it\nI know it's late and I took all year but\nYou can stop complainin' 'cause I'm finally here, yeah", "image": "https://images.genius.com/20be4a5ccc57daf3577b7e0d12f092f8.1000x1000x1.jpg"}], "artist": "Kanye West"}