{"songs": [{"title": "Ultralight Prayer", "album": null, "year": "2016-03-27", "lyrics": "[Kirk Franklin]\nFather\nThis prayer is for everyone that feels they're not good enough\nThis prayer's for everybody that feels they're too messed up\nFor everyone that feels they've said \"I'm sorry\" too many times\nLet them know that's why you took the nail\nSo we could have eternal life\nIf all God's children would get down on their knees and pray\nAnd give up all of those things that pull our hearts away\nYou will forgive all of our wrong and make us brand new again\nBut I won't make it, God, if you let go of my hand\nThat's why we need more (Faith!)\nYes, I'm searching for you, I'm looking for (More!)\nYes I am, in Your arms is where I feel (Safe!)\nThey're killing our babies in the streets, I call out for (War!)\nI need just a little bit more of some (Faith!)\nJust a mustard seed, I'm looking for You for (More!)\nPrayer for our homes and our families\nWe just wanna be (Safe!)\nCan't you hear the trumpet sound, I think I hear (War!)", "image": "https://images.rapgenius.com/9baa3ad258a3d2f65b08f955f728feda.500x500x1.png"}], "artist": "Kanye West"}