{"songs": [{"title": "RoboCop (Live From VH1 Storytellers)", "album": "VH1 Storytellers", "year": "2010-01-05", "lyrics": "[Verse 1]\n'Bout the baddest girl I ever seen\nStraight up out a movie scene\nWho knew she was a drama queen\nThat'd turn my life to Stephen King's\nUp late night like she on parole\nChecking everything like I'm on parole\nI told her it's some things she don't need to know\nShe never let it go\nOk, Ok, Ok, Ok\nYou will never stop it now\nYou never stop it now\nOk, Ok, Ok\nYou will never stop it now\nYou need to stop it now\nDrop it, drop it\n\n[Verse 2]\nJust looking at your history\nYou're like the girl from Misery\nShe said she ain't take it to this degree\nWell let's agree to disagree\nShorty kind of crazy but it turn me on\nKeep it up enough to keep it going on\nI told her it\u2019s some things she don't need to know\nShe never let it go\nOk, ok, ok, ok\nYou will never stop it now\nYou never stop it now\nOk, ok, ok\nYou will never stop it now\nYou need to drop it now\nDrop it, drop it\n\n[Hook]\nCause I don't want no Robocop\nYou move is like a Robocop\nWhen did you become a Robocop\nSomebody please make her stop\nMake her stop, stop\u2026\nSomebody make her stop, stop\u2026\nAnd we won\u2019t stop\n\nI\u2019d like to welcome everybody to VH1 storytellers\nI go by the name of \u2013 Kanye, West\nYou could\u2019ve been anywhere in the world this evening, but you wouldn\u2019t be as happy as you are right now\nNo, you wouldn\u2019t be as happy as you are right now\n\nWe\u2019re gonna run through some of the new songs and some of the old songs\nAnd tell you where the whole thing went wrong, and tell you were the whole thing went wrong that forced me to write these songs\nFor my love, my love, my love\nMy love [3x]\nThat spoiled little LA girl, you just an LA girl\nThat spoiled little LA girl, you just an LA girl\n\nOh you're kidding me\nYou must be joking\nOr you are smoking\nOh oh you're kidding me\nOh you're kidding me\nHaha that was a good one\nYour first good one in a while\nYour first good one in a while\nYou need to stop it now\nGo ahead and stop it now\nYou need to stop it now\n\nYou know, I really like that part of the album\nWhen I said\nThat was a good one, your first good one in a while\n\u2018Cause I love Tenacious D and I listen to them all the time\nAnd I feel that was the closest I got to like a real Jack Black moment\nAnd there was a lot more that I said, I said\n\nWe got to the movies and we laugh at different jokes\nIt went on and on and on and on\u2026\nBut I just narrowed it down to:\n\nSpoiled little LA girl, you just an LA girl\nSpoiled little LA girl, you just an LA girl\nSpoiled little LA girl, man I love these LA girls\nThese LA girls, man I love these LA girls\n\nOk, Ok, Ok, Ok\nYou will never stop it now\nYou never stop it now\nOk, Ok, Ok\nYou will never stop it now\nYou never stop it now\n\nCause I don't want no Robocop\nYou move is like a Robocop\nWhen did you become a Robocop?\nSomebody please make her stop\nMake her stop, stop\u2026", "image": "https://images.genius.com/3c0aee76b72a24d6c01e44a72adb029c.1000x871x1.jpg"}], "artist": "Kanye West"}