{"songs": [{"title": "Euro (Switch Hands)", "album": null, "year": "2017-06-04", "lyrics": "[Chorus: Kanye West]\nI just penetrate and switch hands in that bitch\nKill they kids, tell that kid, hands in that bitch\nI just penetrate and switch hands in that bitch\nI just penetrate and quit playin' with that bitch\n\n[Verse 1: A$AP Rocky & (Kanye West)]\nToo fresh, man, to be a class clown\nGraduated when I sat down\nThey don't want you to show your ass\nHad the Yeezy spazzes in the background (bitch)\nLet's talk about the Raf now\nLet's talk about the stash now\nHella niggas send my ho's up\nAll you bitches get passed down (bitch)\nEvery now and then, on the Act, wow\nMaybe sing a little, bitch, I act wild\nBitches rubbing on me like a frat child\nOn London town, bitches packed down (bitch)\n\n[Chorus: Kanye West]\nI just penetrate and switch hands in that bitch\nKill they kids, tell that kid, hands in that bitch\nI just penetrate and switch hands in that bitch\nMan, you got to hate it, man you got to hate it\nI just penetrate and switch hands in that bitch\nKill they kids, tell that kid, hands in that bitch\nI just penetrate and switch hands in that bitch\nMan, you got to hate it, man, I'm motivated\n\n[Verse 2: Kanye West]\nMan, you got to hate it, man, I'm motivated\nMan, I'm underrated, over-overstated\nRappin' over thirty, talkin' out related\nThat's captivated, Grammy nominated\nYour shit outdated, my shit upgraded\nYour shit outdated, my shit upgraded\n\n[Chorus: Kanye West]\nI just penetrate and switch hands in that bitch\nKill they kids, tell that kid, hands in that bitch\nI just penetrate and switch hands in that bitch\nMan, you got to hate it, man I'm motivated\nI just penetrate and switch hands in that bitch\nKill they kids, tell that kid, hands in that bitch\nI just penetrate and switch hands in that bitch\nMan, you got to hate it, man, I'm motivated", "image": "https://images.genius.com/3a5e35c68e9ed7bf9a2a63bfa51b261e.675x675x1.jpg"}], "artist": "Kanye West"}