{"songs": [{"title": "On Taylor Swift and Artistry", "album": "Kanye West's Visionary Streams of Consciousness", "year": "2016-02-12", "lyrics": "I did not diss Taylor Swift and I've never dissed her...\n\nFirst thing is I'm an artist and as an artist I will express how I feel with no censorship\n\n2nd thing   I asked my wife  for her blessings and she was cool with it\n\n3rd thing    I called Taylor and had a hour long convo with her about the line and she thought it was funny and gave her blessings\n\n4th Bitch is an endearing term in hip hop  like the word Nigga\n\n5th  thing I\u2019m not even gone take credit for the idea\u2026 it\u2019s actually something Taylor came up with \u2026\n\nShe was having dinner with one of our friends who\u2019s name I will keep out of this and she told him\n\nI can\u2019t be mad at Kanye because he made me famous!  #FACTS\n\n6th  Stop trying to demonize real artist     Stop trying to compromise art\n\nThat\u2019s why music is so fucking watered down right now\nI miss that DMX feeling\n\n7th  I miss that feeling  so that\u2019s what I want to help restore\n\n8th   They want to control us with money and perception and mute the culture\n\nbut you can see at Madison Square Garden that you can stop us\n\n9th   It felt like a seen from The Warriors     ALL GODS   ALL GODS ALL GODS in the buildin\n\nnot just the famous people there    but the kids   the moms the dads  the families that came to share this moment with us", "image": "https://images.genius.com/9fa6626ebb7cecda3ba692c1c80f52bf.1000x664x1.jpg"}], "artist": "Kanye West"}