{"songs": [{"title": "Summer Jam Freestyle", "album": null, "year": "2008-06-01", "lyrics": "[Verse 1]\nNumber one, so together I'm eleven\nShe's a ten, I'm number one, together we eleven\nHer friend only a seven, sent her to 7-Eleven\nShe a ten, she a seven, that make 'em seventeen\nLet me see your ID, only seventeen?\nEesh, that could have fucked up everythin'\nNike, already don't like me, always on a white tee\nDressed like I'm hypebeast, signed through my white tee\nDont race against the American dream\nTogether we like the Kenyan marathon team\nThree black rap acts that spit that crack\nNever pushed that 'Lac, rather push somethin' German\nLookin' for a Swedish bitch that I could put my sperm in\nPreach, my brother, gon' start the sermon\nAll I see is green, call me Erick Sermon\nAll I spit is thermal, long-sleeved flannel\nWhen I touch the verse, don't touch the channel\nBought the rat a purse, she keep callin' it Chanel\nNever hit a bitch anal, but I run shit annual\nNow that's some dumb shit\nI never hit a bitch anal, but I run shit, dumb bitch\nAnd I mean that in a nicer sense to the word\nJust act like I'm some type of nice sensitive nerd\nI don't fiend female dogs\nCause I done dogged all females\nExcept for the ones that's only in it for the retail\nShe see what you got, she see what we sell\nGet married so much, I swear them girls on resell\nShe watchin' the draft, she got your jersey already\nShe 'bout to pick out her crib in Jersey already\nShe 'bout to be pregnant by Thursday already\nCongratulations, baby boy, on your new baby boy", "image": "https://images.genius.com/3a5e35c68e9ed7bf9a2a63bfa51b261e.675x675x1.jpg"}], "artist": "Kanye West"}