{"songs": [{"title": "Classic (Nike Air Force Remix)", "album": null, "year": "2007-02-20", "lyrics": "[Produced by DJ Premier]\n\n[Hook]\nAnd now for my next number I'd like to return to the\u2026\n[Nas] Classic\n[Kanye West] Uh, uh, \u2013 timeless\n[Kool G Rap] Live straight classic\n[Nas] Classic\n[Kool G Rap] Live, straight classic\n[Kanye West] Timeless\n[Sample] I'd like to return to the classic\n[Rakim] Kanye West\n[Rakim Sample] I'm Rakim, the fiend of a microphone\n\n[Verse 1: Rakim]\nUh yeah, is y'all ready for 20-07? It's now another drought\nEverybody's a killer, wow, we buggin' out\nSince '86 showing the crowd what I'm about\nAnd they still wanna know when the album coming out\nAsk the teenagers, OG's and nasty kids\nWhat their definition of \"classic\" is\nTimeless, so age don't count in the booth\nWhen your flow stay submerged in the fountain of youth\nAin't no doubting the truth, I'm off the meters\nEverybody cosigning, even non-believers\nSince I came in the door became one of y'alls leaders\nIn a fresh pair of Air Force One sneakers\nUptowns, we call 'em uppies when they're on divas\nProbably worn when KRS-One teaches\nNas made you look before the heaters\nI bet you Kan' had em on when he walked with Jesus\n\n[Hook]\n[Nas] Classic\n[Kanye West] Uh, uh, \u2013 timeless\n[Kool G Rap] Live straight classic\n[Nas] Classic\n[Kool G Rap] Live, straight classic\n[Kanye West] Timeless\n[Sample] I'd like to return to the classic\n[Rakim] Kanye West\n[Rakim Sample] I'm Rakim, the fiend of a microphone\n\n[Verse 2: Kanye West]\nYou can't buy this Superfly-ness, like a shine is\nYour Highness is performing; look how long the line is\nIt's what happens when you make shit that's timeless\nIt's what happens, these rappers is the pioneers\nWhat do it take to be a legend like Nas is?\nThat's so novice, I'm so polished\nI got a right to be a lil bit snobbish\nI did a lil bit of college\nSemesters, it took two, like Rob Base\nTo let me figure out this wasn't my place\nThe beat's slow, 'til you listen to my pace\n\u2018Cause I be killing shit, but that's evident\nAnd y'all feeling it, but I expected it\nIf it's classic, it's gon' last forever then\nI'm everywhere you never been, and better than I ever been\n\n[Hook]\nAnd now for my next number I'd like to return to the\u2026\n[Nas] Classic\n[Kanye West] Uh, uh, \u2013 timeless\n[Kool G Rap] Live straight classic\n[Nas] Classic\n[Kool G Rap] Live, straight classic\n[Kanye West] Timeless\n[Sample] I'd like to return to the classic\n[Rakim] Kanye West\n[Rakim Sample] I'm Rakim, the fiend of a microphone\n\n[Nas Samples - One Love & It Ain't Hard To Tell]\nHold the fort down, represent to the fullest\nNas'll rock well\n\n[Verse 3: Nas]\nPerseverance, see the fake hustler rapper\nTo them, it hurts to hear this\nOh, you went platinum? Yeah, that's nice\nNow let me see you do the same thing twice\nThree times, four times, then a couple of mo' times\nPlease, you're Amateur Night, it's Showtime\nIt's one life to live, so live it the best you can\nThe world could use one less man\nNot enough air, not enough car factories\nTo manufacture new vehicles, sedans and vans\nWhen they do make the whip you like, your chips ain't right\nBy the time you could afford it, the car ain't important\nIn the streets I'm in, it's just iron\nCops keep firin' in my environment\nLeaving you slumped, then they drive home\nFar from the hood, brothers they eager to jump on\nI like to be the wall that they toast up on\nI like to see them fall, guilty for doing wrong\nI'm classic like the Air One's, the hustler shoe\nThat's what I'm accustomed to, yeah\n\n[Hook: Samples]\nAnd now for my next number I'd like to return to the\u2026\n[Nas] Classic\n[Kanye West] Uh, uh, \u2013 timeless\n[Kool G Rap] Live straight classic\n[Nas] Classic\n[Kool G Rap] Live, straight classic\n[Kanye West] Timeless\n[Sample] I'd like to return to the classic\n[Rakim] Kanye West\n[Rakim Sample] I'm Rakim, the fiend of a microphone\n\n[KRS-One Sample]\n\"Of course - we have Blastmaster KRS-One\"\n\n[Verse 4: KRS-One]\nHow many of y'all got Criminal Minded?\nYou, you, you; y'all don't be blinded\nMe, I got no jewels on my neck\nWhy? I don't need 'em, I got your respect\nKRS-One, twenty years I rock\nI do it for JMJ and Scott La Rock\nThis hip-hop and we's a nation\nDon't you wanna hear more KRS-One on your radio station?\nInstead of broadcasting how we smoke them trees\nOn the radio we need to hear more local emcees\nWhere you at? C'mon, where you at?\nThis is the difference between emceeing and rap\nRappers spit rhymes that are mostly illegal\nEmcees spit rhymes to uplift their people\nPeace, Love, Unity, havin' fun\nThese are the lyrics of KRS-One\n\n[Hook]\nAnd now for my next number I'd like to return to the\u2026\n[Nas] Classic\n[Kanye West] Uh, uh, \u2013 timeless\n[Kool G Rap] Live straight classic\n[Nas] Classic\n[Kool G Rap] Live, straight classic\n[Kanye West] Timeless\n[Sample] I'd like to return to the classic\n[Rakim] Kanye West\n[Rakim Sample] I'm Rakim, the fiend of a microphone", "image": "https://images.genius.com/46ef886453bc1ace917941a3502ea8ab.600x600x1.jpg"}], "artist": "Kanye West"}