{"songs": [{"title": "Paranoid (LMFAO Remix)", "album": null, "year": "2009-07-01", "lyrics": "[Verse 1 - Kanye West]\nTell me right now\nDo you really want to spend your whole life alone?\nA little time out might do you good\nMight do us good, before we be done for good\nCause I can make it good, I can make it hood\nI can make you come, I can make you go\nI can make you high, I can make it fly\nMake it touch the sky, Hey maybe so\nAll of the time you be up in my checkin' through my cellphone, baby no\nYou wanna kill the vibe on another night, here's another fight\nOh, here we go (x6)\n\n[Chorus - Kanye West]\nWhy are you so paranoid?\nWhy are you so paranoid?\nWhy are, why are you so paranoid?\n\n[Verse 2 - Redfoo]\nThey said that drum machines ain't got no soul\nThey said rap was a fad, but its surpassed rock and roll\nYeah my jeans are tight, and my hoes is white\nAnd they play my songs, in the club, every night\nWe done lit the fuse, we done fuckin' blew\nBlame it on the goose but don't blame it on the auto tunes, oh\n\n[Chorus - Kanye West]\nWhy are you so paranoid?\nWhy are you so paranoid?\nWhy are, why are you so paranoid?\n\n[Verse 3 - SkyBlu]\nTight pants, Party Rock shirt\nShe on my jock (uh-huh), no need to flirt (nah)\nHaters mad, say I look funny (oh)\nBut how you look funny with a pocket fulla' money? (can't do it)\nStay grillin', imma stay chillin'\nShots all around when a nigga in the buildin'\nParty Rock, album in stores\nGet one for your mama and one for your hoe!\n\n[Bridge]\n\n[Chorus - Kanye West]\nWhy are you so paranoid?\nWhy are you so paranoid?\nWhy are, why are you so paranoid?", "image": "https://images.genius.com/a4d57bf1142f6be56913d05408224561.1000x713x1.jpg"}], "artist": "Kanye West"}