{"songs": [{"title": "Hey Mama (Grammy Version)", "album": null, "year": "2008-02-01", "lyrics": "[Intro]\nBom bom bom bom bom\n\n[Hook]\nLast night I saw you in my dreams\nNow I can't wait to go to sleep\nLast night I saw you in my dreams\nNow I can't wait to go to sleep\n\nMy mama, mama, mama\nI wanna scream so loud for you, cause I'm so proud of you\nAnd let me tell you what I'm about to do\nI know I act a fool but, I promise you I'm goin back to school\nAnd I appreciate what you allowed for me and I\n\n[Verse 1]\nI was three years old, when you and I moved to the Chi\nLate December, harsh winter gave me a cold\nYou fixed me up something that was good for my soul\nFamous homemade chicken soup, can I have another bowl?\nYou work late nights just to keep on the lights\nMommy got me training wheels so I could keep on my bike\nAnd you would give anything in this world\nMichael Jackson leather and a glove, but didn't give me no curl\nAnd you never put no man over me\nAnd I love you for that mommy can't you see?\nSeven years old, caught you with tears in your eyes\nCuz somebody cheatin, telling you lies, then I started to cry\nAs we knelt on the kitchen floor\nI said mommy I'mma love you till you don't hurt no more\nAnd when I'm older, you ain't gotta work no more\nAnd I'mma get you that mansion that we couldn't afford\nSee you're, unbreakable, unmistakable\nHighly capable, lady that's makin loot\nA living legend too, just look at what heaven do\nSend us an angel, and I thank you Mama\n\nI wanna scream so loud for you, cause I'm so proud of you\nAnd let me tell you what I'm about to do\nMama, you know I love you so, and I'll never let you go\nAnd I wrote this song just so you know that when you go\n\n[Hook]\nLast night I saw you in my dreams\nNow I can't wait to go to sleep\nLast night I saw you in my dreams\nNow I can't wait to go to sleep\n\nMy mama, mama, mama\nI wanna scream so loud for you, cause I'm so proud of you\nAnd let me tell you what I'm about to do\nI know I act a fool but, I promise you I'm goin back to school\nAnd I appreciate what you allowed for me and I\n\n[Outro]\nAnd this life is all a dream\nAnd my real life starts when I go to sleep\nMy mama, mama, mama", "image": "https://images.rapgenius.com/6bcdf84921d2b8cf89d2962b492ee22e.500x500x1.png"}], "artist": "Kanye West"}