{"songs": [{"title": "Two Words (Cinematic)", "album": "College Dropout: Video Anthology", "year": null, "lyrics": "[Instrumental]\n\n[Hook: Harlem Boys Choir]\nThrow your hands up high\n'Til they reach the sky\n\n[Instrumental]\n\n[Hook: Harlem Boys Choir]\nThrow your hands up high\n'Til they reach the sky\n\n[Instrumental]\n\n[Outro: Mos Def (w/ Harlem Boys Choir)]\nRed, white, blue, black (Throw your hands up)\nCalm down, move back\nMotherfuckers askin' \"who is that?\"\nYou know it's the almighty Black Jack\nMos Def, K. West\nGhetto people get this shit off ya chest\nNorth to the south, to the east, to the west\nBlack Jack Johnson, it's no contest\n(High) And show it to 'em like", "image": "https://images.genius.com/cd039262fbee95c9aa27b3639c26fe5f.711x1000x1.jpg"}], "artist": "Kanye West"}