{"songs": [{"title": "Good Morning", "album": "Graduation", "year": "2007-09-11", "lyrics": "[Produced by Kanye West]\n\n[Intro]\nUhh.. uhh\nUhh.. uhh\nGood morning!\nGood morning!\nGood morning!\nGood morning!\n\n[Verse 1]\nWake up Mr. West, Mr. West\nMr. Fresh, Mister, by himself he's so impressed\nI mean damn, did you even see the test?\nYou got D's, muthafucka D's, Rosie Perez\nAnd yer ass barely passed any and every class\nLooking at every ass, cheated on every test\nI guess, this is my dissertation\nHomie this shit is basic, welcome to Graduation\n\n[Hook]\nGood morning!\nGood morning!\nGood morning!\nGood morning!\n\n[Verse 2]\nGood morning, on this day we become legendary\nEverything we dreamed of\nI'm like the fly Malcolm X, buy any jeans necessary\nDetroit Red cleaned up\nFrom the streets to the league, from an eighth to a key\nBut you graduate when you make it up outta the streets\nFrom the moments of pain, look how far we done came\nHaters saying you changed, now you doing your thang\n\n[Hook]\nGood morning!\nGood morning!\nGood morning!\nGood morning!\n\n[Verse 3]\nGood morning, look at the valedictorian\nScared of the future while I hop in the DeLorean\nScared to face the world, complacent career student\nSome people graduate, but be still stupid\nThey tell you read this, eat this, don't look around\nJust peep this, preachers, teach us, Jesus\nOkay look up now, they done stole yo' streetness\nAfter all of that you received this\n\n[Outro: Kanye West & JAY-Z]\nGood morning!\nHustlers that's if you're still living, get on down\nEvery time that we hear them\nGood morning!\nHustlers that's if you're still living, get on down\nEvery time that we hear them\nGood morning!\nHustlers that's if you're still living, get on down\nEvery time that we hear them\nGood morning!\nHustlers that's if you're still living, get on down\nGet on down\nGet, get on down\nGet on down\nGet, get on down", "image": "https://images.genius.com/680d4985b1fccdf554ab887abb63a453.1000x1000x1.jpg"}], "artist": "Kanye West"}