{"songs": [{"title": "Diamonds from Sierra Leone (Live at Abbey Road Studios)", "album": "Late Orchestration", "year": "2006-04-24", "lyrics": "[Chorus: Shirley Bassey & Kanye West]\nDiamonds are forever (forever, forever)\nThrow your diamonds in the sky if you feel the vibe\nDiamonds are forever (forever, forever, forever)\nEverybody, everybody, the Roc is still alive every time I rhyme\nNow say this, forever ever? Forever ever? Ever, ever? Ever, ever?\nEver, ever? Ever, ever? Ever, ever?\n\n[Verse 1: Kanye West]\nClose your eyes and imagine, feel the magic\nVegas on acid, seen through Yves St. Laurent glasses\nI've realized that I've arrived\n'Cause it take more than a magazine to kill my Vibe\nDoes he write his own rhymes? Well, sort of, I think 'em\nThat mean I forgot better shit than you ever thought of\nDamn, is he really that caught up?\nI ask, if you talkin' 'bout classics, do my name get brought up?\nI remember I couldn't afford a Ford Escort\nOr even a four-track recorder\nSo it's only right that I let the top drop on a drop-top Porsche\nSpoil yourself, that's important\nIf your stripper name \"Porsche\" and you get tips from many men\nThen your fat friend, her nickname is \"Minivan\"\nExcuse me, that's just the Henny, man\nI smoke, I drink, I'm supposed to stop, I can't, because\u2014\n\n[Chorus: Shirley Bassey & Kanye West]\nDiamonds are forever (forever, forever)\nUh, throw your diamonds in the sky if you feel the vibe\nDiamonds are forever (forever, forever, forever)\nYeah, yeah, yeah, the Roc is still alive every time I rhyme\nNow say this, forever ever? Forever ever? Ever, ever? Ever, ever?\nEver, ever? Ever, ever? Ever, ever? Ever, ever?\n\n[Verse 2: Kanye West]\nUh, I was sick about awards, couldn't nobody cure me\nOnly playa that got robbed but kept all his jewelry\nAlicia Keys tried to talk some sense in him\nThirty minutes later, seein' there's no convincin' him\nWhat more could you ask for? The international asshole\nWho complain about what he is owed?\nThrow a tantrum like he is three years old\nYou gotta love it though, I still speak from my soul\nWouldn't change by the change or the game or the fame\nCame in the game, he made his own lane\nAll I need is y'all to pronounce my name\nIt's Kanye, but some of my plaques, they still say Kayne\nGot family in the D, Kin-folk from Motown\nBack in the Chi, them Folks ain't from Moe Town\nLife movin' too fast, you need to slow down\nGirl ain't give me no ass, you need to go down\nFather been said I need Jesus\nSo he took me to church and let the water wash over my caesar\nThe preacher said we need leaders\nRight then, my body got still like a paraplegic\nYou know who you call; you got a message, then leave it\nThe Roc stand tall and you would never believe it\nTake your diamonds, throw 'em up like you bulimic\nYeah, the beat cold, but the flow is anemic\nAfter debris settles and the dust get swept off\nBig K pick up where young Hov left off\nRight when magazines wrote Kanye West off\nI dropped my new shit, it sound like the best of\nA&R's lookin' like, \"Pssh, we messed up\"\nGrammy night, damn right, we got dressed up\nBottle after bottle 'til we got messed up\nStudio, with Really Doe, yeah, he next up\nPeople askin' me is I'm gon' give my chain back\nThat'll be the same day I give the game back\nYou know the next question, dog: \"Yo, where Dame at?\"\nThis track the Indian dance to bring our reign back\n\"What's up with you and Jay, man? Are y'all okay, man?\"\nThey pray for the death of our dynasty like \"Amen\"\nR-r-r-r-right here stands a man\nWith the power to make a diamond with his bare hands\n\n[Chorus: Shirley Bassey & Kanye West]\nDiamonds are forever (forever, forever)\nUh, throw your diamonds in the sky if you feel the vibe\nDiamonds are forever (forever, forever, forever)\nUh, the Roc is still alive every time I rhyme\nForever ever? Forever ever? Ever, ever? Ever, ever?\nEver, ever? Ever, ever? Ever, ever? Ever, ever? Ever, ever?\nEver, ever? Ever, ever? Ever, ever? Ever, ever?", "image": "https://images.genius.com/664fe2cf167d887dd94ca2859078fb37.640x640x1.jpg"}], "artist": "Kanye West"}