{"songs": [{"title": "FML", "album": "The Life of Pablo", "year": "2016-02-14", "lyrics": "[Verse 1: Kanye West]\nI been waiting for a minute\nFor my lady\nSo I can't jeopardize that for one of these hoes\nI been living without limits\nAs far as my business\nI'm the only one that's in control\nI been feeling all I've given\nFor my children\nI will die for those I love\nGod, I'm willing\nTo make this my mission\nGive up the women\nBefore I lose half of what I own\nI been thinking\nAbout my vision\nPour out my feelings\nRevealing the layers to my soul\nMy soul\nThe layers to my soul\nRevealing the layers to my soul\n\n[Chorus: The Weeknd]\nThey wish I would go ahead and fuck my life up\nCan't let them get to me\nAnd even though I always fuck my life up\nOnly I can mention me\n\n[Verse 2: Kanye West]\nSee, before I let you go\nOne last thing I need to let you know\nYou ain't never seen nothing crazier than\nThis nigga when he off his Lexapro\nRemember that last time in Mexico?\nRemember that last time, the episode?\nAsking me why the hell I text in code?\nFour times just to say, \"Don't text me, ho\"\nTold you four times, \"Don't test me, ho\"\nAnd we finna lose all self-control\nBut you ain't finna be raising your voice at me\nEspecially when we in the Giuseppe store\nBut I'ma have the last laugh in the end\n'Cause I'm from a tribe called check a ho\nYeah, I'ma have to laugh Indian\n'Cause I'm from a tribe called check a ho\nAnd I...\n\n[Chorus: The Weeknd]\nThey wish I would go ahead and fuck my life up\nCan't let them get to me\nAnd even though I always fuck my life up\nOnly I can mention me\nThey wish I would go ahead and fuck my life up\nCan't let them get to me\nAnd even though I always fuck my life up\nOnly I can mention me\n\n[Outro: Kanye West & Section 25]\nSee through the veil\nAnd forget all of your cares\nThrow them\nThrow them away\nDon't stop your loving\nDon't stop for nothing\nNo, not for nothing\nThey don't wanna see me love you\nDon't now, don't stop it\nThey always love it\nThey always wanna\nThey don't wanna see me love you\nSee through the veil\nThey don't wanna see me love you\nAnd forget all your cares\nThey don't wanna see me love you\nThrow them\nThrow them away\nOoh, life's a feeling and\nOoh, the body is a feeling, yeah", "image": "https://images.genius.com/389e5fd1eff885b2e7b62060869945cc.1000x1000x1.jpg"}], "artist": "Kanye West"}