{"songs": [{"title": "That Nigga Jigga Freestyle", "album": null, "year": null, "lyrics": "Intro [DJ Boom]\nDJ Boom, beats on streets and here with my man Kanye West\nProducer of H to the Izzo, Takeover and all that. Let them know man\n\n[Kanye West speaking]\nYo, it's Kanye to the man. Just play my shit man\nLet a nigga hear somethin' finally. (Holla)\nYo, DJ Boom, back for the first time. It's really my first time yo\nThis is...Kanye to the. Not on the beat though\nYou know what I'm sayin'? ON the beat motherfuckers\nWhat up G? What up Hop? Look, c'mon\n\n[Verse 1]\nAs a shorty had a Schwinn, look that's the best bikes\nShorty had three friends, that's my best dykes\nSaid her best friend wanna see what Kanye West like\nCause her man dress like a transvestite\nYou ain't know I get a deal because I rhyme tight\nSport Rocs before your deal to be an Unsigned Hype\nGive a fuck about your rippin' down some open mics\nI'm gonna go ahead and give you these beats for free, psych\nYou rappers too lame, you ain't James, y'all ain't worthy\nI fly out to Newark just to get some new jerseys\nI be back to Chi about every two Thursdays\nI can't buy water around niggas too thirsty\nI can't rock ice around niggas too hatin'\nCan't rock Motorola, niggas two wayin'\nI Alter like Beast in an altercation\nInfrared make you juke like Walter Payton\nSo, grand theft auto\nCome up out your auto\nMobile, before I pull more steel than Soprano\nStill trying to make more meals than McDonald's\nSo cut my slice like Giordano's\nAnd they did\nI made 500 Gs in this\nFirst beat on what The Truth and The Reason is\nShe told me if you read music you a genius\nI don't play but I'll introduce you to my pianist\nNow, tell me that's that regular producer rap\nYou can listen to the flow and tell I used to rap\nYou look in my eyes\nThink I won't use the gat?\nUntil\nParamedics gotta use the bag\nCause\nIn my eyes, you'se the fag\nYou're like a hermaphrodite dyke dressed in drag\nSo let's see how many slugs that vest can have\nAnd you ain't really the worst, you just next to last\nUh, Kanye to the...motherfuckin' West\n\nOutro [Kanye West speaking]\nYo, DJ Boom, good lookin' out man\nCause ah, niggas is really doubtin'\nNiggas lookin' at a lot of motherfuckers they see on TV\nAnd just figure-they be like, \"Oh, you rap?\"\nNaw, motherfucker, I just did beats nigga\nTo have some shit to rap on nigga\nHa ha, I'm tryin' to understand, why the fuck if a nigga got hot beats\nHe can't have hot rhymes? Why is that nigga?\nWhy niggas just can't do a lot of shit good?\nWhat a nigga can chew gum and tie his shoes at the same time?\nFuckin' A&Rs", "image": "https://images.genius.com/3a5e35c68e9ed7bf9a2a63bfa51b261e.675x675x1.jpg"}], "artist": "Kanye West"}