{"songs": [{"title": "Blood on the Leaves", "album": "Yeezus", "year": "2013-06-18", "lyrics": "[Produced by TNGHT, Kanye West, Mike Dean, Arca, Carlos \"6 July\" Broady, and 88 Keys]\n\n[Intro: Nina Simone]\nStrange fruit hangin' from the poplar trees\nBlood on the leaves\n\n[Verse 1]\nI just need to clear my mind now\nIt's been racin' since the summertime\nNow I'm holdin' down the summer now\nAnd all I want is what I can't buy now\nCause I ain't got the money on me right now\nAnd I told you to wait\nYeah, I told you to wait\nSo I'ma need a little more time now\nCause I ain't got the money on me right now\nAnd I thought you could wait\nYeah, I thought you could wait\nThese bitches surroundin' me\nAll want something out me\nThen they talk about me\nWould be lost without me\nWe could've been somebody\nThought you'd be different 'bout it\nNow I know you not it\nSo let's get on with it\n\n[Verse 2]\nWe could've been somebody\n'stead you had to tell somebody\nLet's take it back to the first party\nWhen you tried your first molly\nAnd came out of your body\nAnd came out of your body\nRunning naked down the lobby\nAnd you was screamin' that you love me\nBefore the limelight tore ya\nBefore the limelight stole ya\nRemember we were so young\nWhen I would hold you\nBefore the blood on the leaves\nI know there ain't wrong with me\nSomething strange is happenin'\n\n[Verse 3]\nYou could've been somebody\nWe could've ugh, we could've been somebody\nOr was it on the first party\nWhen we tried our first molly\nAnd came out of our body\nAnd came out of our body\nBefore they call lawyers\nBefore you tried to destroy us\nHow you gon' lie to the lawyer?\nIt's like I don't even know ya\nI gotta bring it back to the 'nolia\n\n[Bridge]\nFuck them other niggas 'cause I'm down with my niggas\nFuck them other niggas 'cause I'm down with my niggas\nFuck them other niggas 'cause I'm down with my niggas\nI ride with my niggas, I'd die for my...\n\n[Verse 4]\nTo all my second string bitches, try and get a baby\nTrying to get a baby, now you talkin' crazy\nI don't give a damn if you used to talk to JAY-Z\nHe ain't with you, he with Beyonc\u00e9, you need to stop actin' lazy\nShe Instagram herself like #BadBitchAlert\nHe Instagram his watch like #MadRichAlert\nHe only wanna see that ass in reverse\nTwo-thousand-dollar bag with no cash in your purse\nNow you sittin' courtside, wifey on the other side\nGotta keep 'em separated, I call that apartheid\nThen she said she impregnated, that's the night your heart died\nThen you gotta go and tell your girl and report that\nMain reason cause your pastor said you can't abort that\nNow your driver say that new Benz you can't afford that\nAll that cocaine on the table you can't snort that\nThat goin' to that owin' money that the court got\nAll in on that alimony, uh, yeah-yeah, she got you homie, yeah\n'til death but do your part, uh, unholy matrimony\n\n[Outro]\nThat summer night holdin' long and long, 'din long\nNow waiting for the summer rose and (breathe)\nAnd breathe and breathe\nAnd breathe and breathe\nAnd breathe and breathe\nAnd live and learn\nAnd live and learn\nAnd livin' and livin' like I\u2019m lonely\nLonely, lonely\nAnd livin' all I have\nAnd livin' all\nAnd live\nAnd live", "image": "https://images.genius.com/8bf8ad4e7bcd4e2d9f1d33b1bb53fe3a.1000x1000x1.jpg"}], "artist": "Kanye West"}