{"songs": [{"title": "Jesus Walks (Remix)", "album": "College Dropout: Video Anthology", "year": null, "lyrics": "[Mase]\nYeah! Uh\n\n[Kanye West]\n(Jesus, Jesus, talk to me)\n(Jesus, Jesus, walk with me)\n(Jesus, Jesus...)\n(Jesus, Jesus...)\n\n[Mase]\nThis song right here changed my life\u2026 come on, come on!\n\n[Hook: Kanye West]\n(Jesus walks)\nGod showed me the way, now the devil can\u2019t break me down\n(Jesus walks with me)\n\n[Verse 1: Kanye West]\nBetween the girls and the jewelry\nThe devil tryin\u2019 lure me, it fury me\n(Jesus walks with me)\nMy pastor's shakin\u2019 his head\nHe ain\u2019t sure of me, but surely\n(Jesus walks with me)\nThey asked, do you say your prayers at least two a week?\nI ain\u2019t talking to God, I know what I\u2019ve been doin\u2019 G\nDo you know how I be embarrassed?\nMy prayers sound like Ben Stiller\u2019s on Meet the Parents\nAnd I ain\u2019t good, what they give us this day\nThe slaves is trying to give us this free\nI\u2019m trying to give us this pay\nMan, you know how \u2018dem strippers was\nWe was all ghetto fabulous\nAll at the rooms in the Sybaris\nFrom this jacuzzi water, can you cleanse us?\nCan you please unfog my Cartier lenses?\nGod sends signs sometimes only in glimpses\nFor me I almost died, falling asleep in them Benzes\nIt\u2019s something about this beat that get me tranquilized\nAnd when I play it at my shows I feel sanctified\nAnd He gives me direction when I can\u2019t decide\nHe is alive\nHow can you tell me that He ain't when I said\n\n[Hook]\n(Jesus walks)\nGod showed me the way, now the devil can't break me down\n(Jesus walks with me)\nThe only thing that I pray is that my feet don't fail me now\n(I want Jesus)\nAnd now I think there is something that I can say now that'll right my wrongs\n(Jesus walks with me)\nI finally talked to God, I ain't afraid cause His love is so strong\n\n[Verse 2: Common]\nOpen your eyes, there's smoke in the skies\nThe Beast is holdin' a lies\nEverywhere we move, motion denied\nEmotion derived from posters of pride\nOf African, cultures and tribes\nWho live when we suppose they die\nLaugh when we suppose they cry\nThe pain we holding inside\nCause all we really know is survive\nUse that to remember we're kings\nThat's why we so addicted to diamonds and rings\nAnd cutless supremes\nSeen Diana Ross remember that my sisters is queens\nThe Lord is coming -- for now, he visit in dreams\nFor every mission it seems impossible\nSpeak to the gospel to remind me what God can do\nWhen it's not logical\nTo those in hospitals and prisons\nLow-income living\nFor them I say a prayer keep giving\nLearning to receive\nMy heart is burnin' to achieve\nEven when it's hard to breathe, I still believe that\n\n[Hook]\n\n[Verse 3: Mase]\nBefore you take my name, take my fame\nWhile you at it take my shame\nTake my flaws, take my blame?\nFeel my dirt, conceal my hurt\nSee my bruise, do this and you will walk in my shoes\nYou wasn't there when I was in deep thought\nWhen I had two choices: kill him, or either leave New York\nBut I'm a truth teller, that's why I say what I'm saying\nAnd the only thing the radio playing\nIs cause you be paying\nIt ain't about who really hot no more\nBeats wit knock no more\nSo who cares who flop no more?\nI realize that most labels pay you for lies\nAnd only law dudes can disguise\nThat your favorite artist (shhh)\nI know you hear that (huh?)\nYou wanna fear that? (what?)\nYour worst dream is that you was gonna hear that\nIcon to rap is like John the Baptist\nPrepared the way for what I came to say today\nThey deceived us, having thinking Jesus\nReally didn't need us, when He loved the old days\nHe loved them boys in the hallway up in Broadway\nEven those who re up for dope, every four days\nTo the strippers in broad day up in Norway\nTo the Detroit player gators in Marbres\nWith me, it's not just bars of music\nI walk with God, I got the scars to prove it\n\n[Hook]\n(Jesus walks)\nGod show me the way, now the devil can't break me down\n(Jesus walks with me)\nThe only thing that I pray is that my feet don't fail me now\n\n[Outro: Mase]\nEverybody out there\nJust lift your hands right now\nJust say this with me\nFather, I thank you\nFor forgiving me of everything I've ever done\nFor Jesus walking with me\nFor dying for me\nRaising for me\nAnd all my sins have been forgiven\nI'm a changed man\nI'm healed, I'm delivered, I'm rich\nAnd it's all because of Him\nNow walk with me\nWalk with me, walk, walk, walk with me\nWalk with me", "image": "https://images.genius.com/e00085bf087c8e35e4d55ae683cbbcd7.500x500x1.jpg"}], "artist": "Kanye West"}