{"songs": [{"title": "We Don't Care (Reprise)", "album": "College Dropout: Video Anthology", "year": "2005-03-22", "lyrics": "[Answering Machine]\n\"...394 is not available. At the tone, please re-\nPlease enter your password\nYou have no unheard messages. First skipped message.\"\n\n[Girl]\n\"Hi-\"\n\n[Answering Machine]\n\"Message skipped. Next message.\"\n\n[Guy]\n(Jesus Walks playing in background)\n\"Hey, what up, this is-\"\n\n[Answering Machine]\n\"Message skipped. Next message.\"\n\n[Woman]\n\"Um, I just wanna know why, um, my food stamps have not come as of yet, and um...\nIn addition to the food stamps, uh, the cheese and butter was, uh, supposedly or more specifically was to be delivered to me for the holidays, and um...\nIf you could check in the damned there items and get back with me, it would be most greatly, preciously, hospitably appreciated\nTalk to you later, bye.\"\n\n(Music/Violin Starts)\n\n[Answering Machine]\n\"End of message. To er-\"\n\"Message erased. Next message.\"\n\n[Hook]\nDrug dealin' just to get by\nStack ya' money 'til it get sky high\nWe wasn't s'posed to make it past 25\nJoke's on you, we still alive\nThrow your hands up in the sky and say:\n\"We don't care what people say\"\n\n[Kanye's cousin Kim]\n\"Hey Kanye, this is your cousin Kim\nI just wanted to call ya and congratulate you on this CD, it's hot!\nEspecially that song \u201cDrug Dealer\u201d\nYou know, I've been a social worker for 10 years\nI've been paying people's lights, rents, mortgage\nYou talkin' 'bout people paying shine on $6.55 an hour;\nPeople can't pay their rent for $6.55 an hour\nSo, it just... It's just really difficult to truly understand what these people are going through\nYou know, and people are human\nThey wanna look good, they wanna take pride at how they look, they wanna take pride at what they do\nThe other part that really hit home for me is that people borrow other people's kids and put it on their income tax\nA lot of times, what they're doing with that money is finding another place to live because the place that they live in\nThe toilet's overflowing or the roof is caving in and the landlord doesn't care- Landlord doesn't care enough to come in and fix those things and make sure that the people have a safe environment to live in\nSo, they borrow somebody else's kid, so that maybe they can get a car so they can get back and forth to work, 'cause you know, in the hood, the best paying job ain't always next to yo house, it's not within walking distance. ('til it get sky high)\nSo you have to take 20 buses to get back and forth;\nYou have to spend a lot more money than what you have just on transportation, then you get paid on the job\nSo, maybe they might buy a car,  maybe they might buy shoes for their kids.... You know, and the drug dealing is just supplementary of all of that, I mean like I said, I don't condone it, but I definitely got hugs for my thugs, you know\nTryna' get out there makin' and the only thing that I can ask is once they stack the money 'til it get sky high is that they try to do something positive with it...\nThat they try to bring their kids to school...\nThat they try to make a difference.\"\n\n[Answering Machine]\n\"Next message.\"", "image": "https://images.genius.com/cd039262fbee95c9aa27b3639c26fe5f.711x1000x1.jpg"}], "artist": "Kanye West"}