{"songs": [{"title": "Mercy", "album": "NBA 2K13 Soundtrack", "year": "2012-04-03", "lyrics": "[Intro: Fuzzy Jones]\nWell, it is a weepin' and a moanin' and a gnashin' of teeth\nIt is a weepin' and a mournin' and a gnashin' of teeth\nIt is a\u2014 when it comes to my sound which is the champion sound\nBelieve, believe\n\n[Chorus: YB, Big Sean & Fuzzy Jones]\nO-o-o-o-o-okay, Lamborghini Mercy\nYour chick, she so thirsty\nI-I-I-I-I'm in that two-seat Lambo\nWith your girl, she tryna jerk me (believe)\nO-o-o-o-o\u2013okay, Lamborghini Mercy\nYour chick, she so thirsty\nI\u2013I\u2013I\u2013I\u2013I'm in that two-seat Lambo\nWith your girl, she tryna jerk me\nO-o-o-o-o-okay, Lamborghini Mercy (swerve)\nYour chick, she so thirsty (swerve)\nI-I-I-I-I'm in that two-seat Lambo\nWith your girl, she tryna jerk me (woah) (believe)\nO-o-o-o-o-okay, Lamborghini Mercy\nYour chick, she so thirsty (boy)\nI-I-I-I-I'm in that two-seat Lambo (boy)\nWith your girl, she tryna jerk me\n\n[Verse 1: Big Sean & Kanye West]\nOkay, drop it to the floor, make that ass shake (shake, shake...)\nWoah, make the ground move: that's an ass quake\nBuilt a house up on that ass: that's an ass-tate\nRoll\u2013roll\u2013roll my weed on it: that's an ass tray\nSay, Ye, say, Ye, don't we do this every day\u2013day? (huh?)\nI work them long nights, long nights to get a payday (huh?)\nFinally got paid, now I need shade and a vacay\nAnd niggas still hatin'\nSo much hate, I need a AK (AK)\nNow we out in Paris, yeah, I'm Perrierin'\nWhite girls politickin': that's that Sarah Palin\nGet\u2013get\u2013get\u2013get\u2013get\u2013gettin' hot, Californicatin'\nI give her that D 'cause that's where I was born and raised in\n\n[Chorus: YB, Big Sean & Fuzzy Jones]\nO-o-o-o-o-okay, Lamborghini Mercy (swerve)\nYour chick, she so thirsty (swerve)\nI-I-I-I-I'm in that two-seat Lambo (swerve)\nWith your girl, she tryna jerk me (swerve) (believe)\nO-o-o-o-o-okay, Lamborghini Mercy (swerve)\nYour chick, she so thirsty (swerve)\nI-I-I-I-I'm in that two-seat Lambo (swerve)\nWith your girl, she tryna jerk me (swerve)\n\n[Refrain: Fuzzy Jones & Big Sean]\nWell, it is a weepin' and a moanin' (swerve)\nAnd a gnashin' of teeth (swerve)\nIt is a weepin' and a mournin' (swerve)\nAnd a gnashin' of teeth (swerve)\nIt is a\u2014 when it comes to my sound (swerve)\nWhich is the champion sound (swerve)\nBelieve, believe (swerve)\nBelieve, believe (swerve)\n\n[Verse 2: Pusha T]\nYuugh! It's prime time, my top back, this pimp game, ho\nI'm red leather, this cocaine, I'm Rick James, ho\nI'm bill-droppin', Ms. Pac-Man, this pill-poppin' ass ho\nI'm poppin' too, these blue dolphins need two coffins\nAll she want is some heel money\nAll she need is some bill money\nHe take his time, he counts it out\nI weighs it up, that's real money\nCheck the neck, check the wrist\nThem heads turnin': that's exorcist\nMy Audemars like Mardi Gras\nThat's Swiss time, and that's excellence\nTwo-door preference\nRoof gone, George Jefferson\nThat white frost on that pound cake\nSo your Duncan Hines is irrelevant, woo\nLambo Murci\u00e9lago\nShe go wherever I go\nWherever we go, we do it pronto, it's like\u2014\n\n[Chorus: YB, Big Sean & Fuzzy Jones]\nO-o-o-o-o-okay, Lamborghini Mercy (swerve)\nYour chick, she so thirsty (swerve)\nI-I-I-I-I'm in that two-seat Lambo (swerve)\nWith your girl, she tryna jerk me (swerve) (believe)\nO-o-o-o-o-okay, Lamborghini Mercy (swerve)\nYour chick, she so thirsty (swerve)\nI-I-I-I-I'm in that two-seat Lambo (swerve)\nWith your girl, she tryna jerk me (swerve)\n\n[Refrain: Fuzzy Jones & Big Sean]\nWell, it is a weepin' and a moanin' (swerve)\nAnd a gnashin' of teeth (swerve)\nIt is a weepin' and a mournin' (swerve)\nAnd a gnashin' of teeth (swerve)\nIt is a\u2014 when it comes to my sound (swerve)\nWhich is the champion sound (swerve)\nBelieve, believe (swerve)\nBelieve (swerve)\n\n[Bridge: Fuzzy Jones]\nWell, it is a weepin' and a moanin'\nAnd a gnashin' of teeth in the dancehall\nAnd who no have teeth gwan rub pon dem gums\nCuh when time it comes to my sound\nWhich is the champion sound\nThe bugle has blown fi many times\nAnd it still have one more time left\nCuh the amount of stripe weh deh pon our shoulder\n\n[Verse 3: Kanye West & 2 Chainz]\nLet the suicide doors up\nI threw suicides on the tour bus\nI threw suicides on the private jet\nYou know what that mean, I'm fly to death\nI step in Def Jam buildin' like I'm the shit\nTell 'em gimme fifty million or I'ma quit\nMost rappers' taste level ain't at my waist level\nTurn up the bass 'til it's up-in-yo-face level\nDon't do no press but I get the most press kit\nPlus, yo, my bitch make your bitch look like Precious\nSomethin' 'bout Mary, she gone off that molly\nNow the whole party is melting like Dal\u00ed\nNow everybody is movin' they body\nDon't sell me apartment, I'll move in the lobby (yah)\nNiggas is loiterin' just to feel important\nYou gon' see lawyers and niggas in Jordans (2 Chainz)\n\n[Verse 4: 2 Chainz & Big Sean]\nOkay, now catch up to my campaign\nCoupe the color of mayonnaise\nI'm drunk and high at the same time\nDrinkin' champagne on the airplane (tell 'em)\nSpit rounds like a gun range (baow)\nBeat it up like Rampage\nHundred bands, cut your girl\nNow your girl need a Band-Aid (damn)\nGrade A, A1\nChain the color of Akon\nBlack diamonds, backpack rhymin'\nCo-signed by Louis Vuitton (yep)\nHorsepower, horsepower\nAll this Polo on, I got horsepower\nPound of this cost four thousand\nNow I make it rain, she want more showers\nRain (rain) pourin' (pourin')\nAll my cars is foreign (foreign)\nAll my broads is foreign (foreign)\nMoney tall like Jordan\n\n[Chorus: YB, Big Sean & Fuzzy Jones]\nO-o-o-o-o-okay, Lamborghini Mercy (swerve)\nYour chick, she so thirsty (swerve)\nI-I-I-I-I'm in that two-seat Lambo (swerve)\nWith your girl, she tryna jerk me (swerve)\nO-o-o-o-o-okay, Lamborghini Mercy (swerve)\nYour chick, she so thirsty (swerve)\nI-I-I-I-I'm in that two-seat Lambo (swerve) (believe)\nWith your girl, she tryna jerk me (swerve) (believe)\n\n[Refrain: Fuzzy Jones & Big Sean]\nWell, it is a weepin' and a moanin' (swerve)\nAnd a gnashin' of teeth (swerve)\nIt is a weepin' and a mournin' (swerve)\nAnd a gnashin' of teeth (swerve)\nIt is a\u2014 when it comes to my sound (swerve)\nWhich is the champion sound (swerve)\nBelieve, believe (swerve)\nBelieve, believe (swerve)\nWell, it is a weepin' and a moanin' and a gnashin' of teeth\nIt is a weepin' and a mournin' and a gnashin' of teeth\nIt is a\u2014 when it comes to my sound which is the champion sound\nBelieve, believe, believe, believe", "image": "https://images.genius.com/bc2ea98822653bf0fbb4cda313c705d2.700x700x1.jpg"}], "artist": "Kanye West"}