{"songs": [{"title": "Because of You (Remix)", "album": "Can't Tell Me Nothing", "year": null, "lyrics": "[Verse 1: Kanye West]\nYeezy, Ne-Yo, the remix ayo\nI think it's time to hit 'em with the Mase flow\nMy uh, she was gettin the best of me\nBut oooh, child, you my destiny\nAnd I know it's especially\nHard with all these girls just testing me\nUh, and you gon' question me\nIf she even stand next to me\nBut you should laugh, 'cause you my better half\nAnd these girls just fighting over the rest of me (c'mon!)\nRight now it feels so crazy\nI know she just some lady\nAnd my outfit is just so 80's\nNot to mention McLaren Mercedes\nAnd the 26 in-inch rim whee-eels\nLook so good with your 6-inch heels\nFly shit that you be on\nGucci on, Lanvin, Louboutin\nAnd we high as the way we cruising on\nHigh like I, like Mercury\nWhy do I mention the solar system?\nCause, you in my soul and system\nAnd we gon' take her home with this one\nI got something that you gon' like\nYou got something that I can't fight\nWe got something that we both gon' ride\n\n[Bridge: Ne-Yo]\nAnd I know this much is true\nBaby, you have become my addiction, I'm so strung out on you\nI can barely move but I like it\n\n[Hook: Ne-Yo]\nAnd it's all because of you\nAnd it's all because of you\nAnd it's all because of you\nAnd it's all because...\nNever get enough\nShe's the sweetest drug\n\n[Verse 2: Ne-Yo]\nThink of it every second, I can't get nothing done\nOnly concern is the next time, I'm gonna get me some\nKnow I should stay away from, cause it's no good for me\nI try and try but my obsession won't let me leave\n\n[Bridge: Ne-Yo]\nI got a problem and I don't know what to do about it\nEven if I did, I don't know if I would quit but I doubt it\nI'm taken by the thought of it, and I know this much is true\nBaby, you have become my addiction, I'm so strung out on you\nI can barely move but I like it\n\n[Hook: Ne-Yo]\nAnd it's all because of you\nAnd it's all because of you\nAnd it's all because of you\nAnd it's all because...\nNever get enough\nShe's the sweetest drug\n\n[Outro: Ne-Yo]\nAin't no doubt, so strung out\nAin't no doubt, so strung out\nOver you, over you, over you\nBecause of you\nAnd it's all because of you\nNever get enough\nShe's the sweetest drug, she's the sweetest drug", "image": "https://images.genius.com/91281743bcf23da78b1b87477fbac94f.696x696x1.jpg"}], "artist": "Kanye West"}