{"songs": [{"title": "Touch It", "album": null, "year": null, "lyrics": "Yeah, yeah, yeah, yeah, yeah, yeah, yeah\nI'ma need you to touch it, touch it, touch it\nOr just kiss it, kiss it\nShe a [?], [?]\n\nCan you just touch it, touch it, touch it?\nOr just kiss it, kiss it\nShe a [?], [?]\n\nI need you to touch it, touch it, touch it\nOr just kiss it, kiss it, kiss it\nShe a [?], [?]\n\nCould you please touch it, touch it, touch it\nOr kiss it, kiss it, kiss it\nShe a [?], [?]\n\nTouch it, touch it, touch it\nOr just kiss it, kiss it, kiss it\nKiss it, [?]\nUh, uh, [?]\n\nJust touch it, touch it, touch it, touch it\nOr kiss it, kiss it, kiss it\nShe a [?], [?]\n\nWould you please touch it, touch it, touch it?\nCould you please kiss it, kiss it, kiss it\nBaby, [?]\nI need you to [?]", "image": "https://images.genius.com/3a5e35c68e9ed7bf9a2a63bfa51b261e.675x675x1.jpg"}], "artist": "Kanye West"}