{"songs": [{"title": "The Storm*", "album": "Yandhi", "year": "2019-03-18", "lyrics": "Lyrics from Snippet\n\n[Intro: Ty Dolla $ign & Kanye West]\nWe began after the storm inside\nIt began (Yeah-ahh), it's just the morning light\nOh my god, Ronny! (Ooh, ooh)\n\n[Verse 1: Kanye West]\nOoh-ooh, ooh-ooh, ooh-ooh\nSwitch your, switch your attitude\nGo 'head, level up yourself\nThis that different latitude (Latitude)\nOoh-ooh, ooh-ooh\nLife too short, control yourself\nFeel that feel, enjoy yourself\n\n[Bridge: Ty Dolla $ign]\nYeah, you owe it to yourself (Ooh-ooh, ooh-ooh)\nGirl, you owe it to yourself (Ooh-ooh, ooh-ooh)\nGirl, you owe it to yourself (Ooh-ooh, ooh-ooh)\nGirl, you owe it to yourself\nGirl, you owe it to yourself (Ooh-ooh, ooh-ooh)\n\n[Chorus: Ty Dolla $ign]\nWe began after the storm inside\nIt began, it's just the morning light\n\n[Verse 2: XXXTENTACION]\nOkay, I'm turnt\nAt the party, fuck 'round, pussy boy, and you get burnt\nActin' up, you actin' buff, you fuck 'round, you get narc'd\nHang with your bitch, uh, I did it\nSoft-ass, I'm with it, uh, I did it\nSurgical snippet, uh, I did it, yuh, I did it, yuh, I did it\nNiggas askin' where I got my drip at\nTold a nigga throw a backpack, nigga, back-back, mm\nAsking for the money, where your racks at?\nIf you ain't my brother, told a fuck nigga, \"That's that\"\nCartier, Cartier, throwing shade, uh\nAsian bitch cleaning like the Crochet, uh\nAnd my wrist nibble like the dark shade, uh\nCame to the crib off of Kool-Aid, ayy!\n\n[Chorus: Ty Dolla $ign]\nWe began after the storm inside\nIt began, it's just the morning light", "image": "https://images.genius.com/96257331e42fd82012b16e4312d68257.1000x1000x1.jpg"}], "artist": "Kanye West"}