{"songs": [{"title": "Bonnie & Clyde Freestyle", "album": "I'm Good", "year": "2002-10-10", "lyrics": "[Intro]\nYo Hip-Hop, Is niggas still talkin bout I can't rap, come on now\n\n[Verse 1]\nLook for me, Young K\nTook 2Pac beat and got paid\nMy favorite rapper is Makaveli, Nas and Jay-Z\nEminem, Mase, Biggie Smalls and me\nNow if you was my girlfriend you don't need no guyfriend\nHe could get his head bust nigga ain't my friend\nWhy the hell you lying who the hell you trying\nWho the hell you know that threw away his throwbacks\nWhen they suggested they was made by Majestic\nMy Answers cost 350, ya nah'mean?\nDoesn't even have got her number we ain't on the same team\nYou got the hat the jacket shoelaces to match\nI got the gat ratching new cases to catch\nI got my business manager erasing my debt\nI mean my credit was so pathetic I couldn't get a debit\nI fill out for a car but shit they always debt it\nMy girl come over try to help me shine\nHow you gonna help me get a car your credit worser than mine\nBut everytime I get a check you be first up in line\nTold you bout gold-diggin bitch it's worser than lying\nYou better grow up before I blow up\nHave weed rolled up when I show up\nMatter fact we broke as fuck\nAin't nothing left to do except get tore up from the floor up\nShit that's how I knew you was my girlfriend\nSo I promise to never pick up smutts\nIn my Cadillac pick-up truck\nThey need to get they sit-ups up\nThey always be colder than you\nA little richer a little thicker a litter older than you\nProbably a little smarter so they can drop me some jewels\nThat I could drop back to you to get your ass back in college\nSo you can be where they at two years from now\nBut for now bartender two beers for now\nThe second one is for my girlfriend\n\n[Jay-Z] All I need in this life of sin is me and my girlfriend me and my girlfriend\n[B.K.] Down to ride til the very end is me and my boyfriend me and my boyfriend\n\n[Verse 2]\nI'm talkin bout when we was in Nissan's no Benz or such\nWe wasn't from Switzerland but we'll still go Dutch\nGreater man could prob picture like there go us\nNo styles just good times like they're so nuts\nWe always thought if we had dough we could do so much\nLike you ain't got to save the roach we can finish the Dutch\nLike we ain't have to go coach told you i'll be paid soon\nWe ain't got to sit in this emergency aisle just to get leg room\nWe ain't got to go back to my room\nThere's only one bedroom that I call my lair\nWe was V.I.P\nVery Imaginary Playaz\nBut you was my girlfriend yea yea yea you was my girlfriend\n\n[Jay-Z] Holla, All I need in this world of sin is me and my girlfriend me and my girlfriend\n[B.K.] Down to ride til the very end is me and my boyfriend me and my boyfriend\n\nThat's Right (Kanye)\n\n[Jay-Z] All I need in this world of sin is me and my girlfriend me and my girlfriend\nLook for me\n[B.K.] Down to ride til the very end is me and my boyfriend me and my boyfriend\n[Jay-Z] Yep!", "image": "https://images.genius.com/9e8c59349a0337188ba7d78588103880.600x600x1.jpg"}], "artist": "Kanye West"}