{"songs": [{"title": "Crack Music", "album": "Late Registration", "year": "2005-08-30", "lyrics": "[Produced by Kanye West & Jon Brion]\n\n[Chorus: Kanye West & The Game]\nThat's that crack music nigga\nThat real black music nigga\n(La la la la la la la lah, la la la la la lah)\nThat's that crack music nigga\nThat real black music nigga\n(La la la la la la la lah, la la la la la lah)\n\n[Verse 1: Kanye West]\nHow we stop the Black Panthers?\nRonald Reagan cooked up an answer\nYou hear that? What Gil Scott was hearin'\nWhen our heroes or heroines got hooked on heroin\nCrack raised the murder rate in D.C. and Maryland\nWe invested in that, it's like we got Merrill lynched\nAnd we been hangin' from the same tree ever since\nSometimes I feel the music is the only medicine\nSo we, cook it, cut it, measure it, bag it\nSell it, the fiends cop it, nowadays they can't tell if\nThat's that good shit, we ain't sure man\nPut the CD on your tongue, yeah that's pure man\n\n[Chorus: Kanye West & The Game]\nThat's that crack music nigga\nThat real black music nigga\n(La la la la la la la lah, la la la la la lah)\nThat's that crack music nigga\nThat real black music nigga\n(La la la la la la la lah, la la la la la lah)\n\n[Verse 2: Kanye West]\nFrom the place where the father's gone\nThe mothers is hardly home\nAnd the Madigan's lock us up in the Audy Home\nHow the Mexicans say, we just tryin' to party holmes\nThey wanna pack us all in a box like styrofoam\nWho gave Saddam anthrax?\nGeorge Bush got the answers\nBack in the hood it's a different type of chemical\nArm & Hammer baking soda raised they own quota\nRight when our soldiers, ran for the stove 'cause\n'Cause, dreams of being Hova\nWent from bein' a broke man to bein' a dopeman\nTo bein' the President, look there's hope man\nThis that inspiration for the Moes and the Folks man\nShorty come and see his momma straight overdosin'\nAnd this is the soundtrack\nThis the type of music that you make when you 'round that\n\n[Chorus: Kanye West & The Game]\nThat's that crack music nigga\nThat real black music nigga\n(La la la la la la la lah, la la la la la lah)\nThat's that crack music nigga\nThat real black music nigga\n(La la la la la la la lah, la la la la la lah)\n\n[Kanye West]\nGod, how could you let this happen [echoes]\n\n[Chorus: Kanye West & The Game]\nThat's that crack music, crack music\nThat real black music, black music\n(La la la la la la la lah, la la la la la lah)\nThat's that crack music nigga\nThat real black music nigga\n(La la la la la la la lah, la la la la la lah)\n(La la la la la la la lah, la la la la la lah)\n(La la la la la la la lah, la la la la la lah)\nThat's that crack music, crack music\nThat real black music, black music\n(La la la la la la la lah, la la la la la lah)\n\n[Outro: Malik Yusef]\nOur Father, give us this day, our daily bread\nBefore the feds give us these days and take our daily bread\nSee I done did all this ol' bullshit\nAnd to atone, I throw a lil' somethin' somethin' on the pulpit\nWe took that shit, measured it and then cooked that shit\nAnd what we gave back was crack music\nAnd now we ooze it through they nooks and crannies\nSo our mommas ain't got to be they cooks and nannies\nAnd we gon' repo everything they ever took from granny\nNow the former slaves trade hooks for Grammys\nThis dark diction has become America's addiction\nThose who ain't even black use it\nWe gon' keep baggin' up this here crack music", "image": "https://images.genius.com/20be4a5ccc57daf3577b7e0d12f092f8.1000x1000x1.jpg"}], "artist": "Kanye West"}