{"songs": [{"title": "Statement on Beck Winning AOTY", "album": null, "year": null, "lyrics": "All I know is if the Grammys want real artists to keep coming back, they need to stop playing with us. We ain't gonna play with them no more. 'Flawless,' Beyonc\u00e9 video. Beck needs to respect artistry and he should have given his award to Beyonc\u00e9, and at this point, we tired of it. Because what happens is, when you keep on diminishing art and not respecting the craft and smacking people in the face after they deliver monumental feats of music, you're disrespectful to inspiration and we as musicians have to inspire people who go to work every day and they listen to that Beyonc\u00e9 album and they feel like it takes them to another place. \"Then they do this whole promotional event, they'll run the music over somebody's speech, the artist, because they want commercial advertising. Like, no, we not playing with them no more. By the way, I got my wife, my daughter and my clothing line, so I'm not going to do nothing to put my daughter at risk but I am here to fight for creativity. That's the reason why I didn't say anything tonight. But you all know what it meant when 'Ye walks on the stage.", "image": "https://images.rapgenius.com/5b7f96d3ff6b50d5577e607d23813fa4.670x377x1.jpg"}], "artist": "Kanye West"}