{"songs": [{"title": "Love Lockdown (Live From VH1 Storytellers)", "album": "VH1 Storytellers", "year": null, "lyrics": "[Verse 1]\nI'm not loving you, way I wanted to\nWhat I had to do, had to run from you\nI'm in love with you, but the vibe is wrong\nAnd that haunted me, all the way home\nSo you never know, never never know\nNever know enough, 'til it's over love\n'Til we lose control, system overload\nScreaming, \"No, no, no, n-nooo!\"\nI'm not loving you, way I wanted to\nSee I wanna move, but can't escape from you\nSo I keep it low, keep a secret code\nSo everybody else don't have to know\n\n[Hook]\nSo keep your love lockdown - your love lockdown\nKeeping your love lockdown - your love lockdown\nYou keep your love lockdown - your love lockdown\nYou keep your love lockdown - you lose\n\n[Verse 2]\nI'm not loving you, way I wanted to\nI can't keep my cool, so I keep it true\nI got something to lose, so I gotta move\nI can't keep my-self, and still keep you too\nSo I keep in mind, when I'm on my own\nSomewhere far from home, in the danger zone\nHow many times did I tell you 'fore it finally got through?\nYou lose, you lose\nI'm not loving you, way I wanted to\nSee I had to go, see I had to move\nNo more wasting time, we can't wait for life\nWe're just racing time, where's the finish line?\n\n[Hook]\n\n[Verse 3]\nI'm not loving you, way I wanted to\nI bet no one knew, I got no one new\nKnow I said I'm through, but got love for you\nBut I'm not loving you, way I wanted to\nGotta keep it going, keep the loving going\nKeep it on the roll, only God knows\nIf I be with you, baby I'm confused\nYou choose, you choose\nI'm not loving you, way I wanted to\nWhere I\u2019m bout to go, I don't need you\nI've been down this road, too many times before\nI'm not loving you, way I wanted to\n\n[Hook]\n\nSo keep your love locked down, so keep your love lockdown\nSo keep your love locked down, so keep your love lockdown\n\nIs anybody in the house right now in love right now?\nIn love right now, well keep your love lockdown\nIf anybody in the house right now is in love right now\nTry your best to keep your love lockdown\nKeep your love lockdown\nKeep it on\n\nIs it better to have loved and lost, than to never have loved at all?\n\nThis brings us to the end of my VH1 Storyteller\nThank you for\nBeing my shrink today and the stage as my couch\nThank you for allowing me to get some things off my chest and out of my mind\nThe ghosts out of my head so they will not haunt me at night\nAnd just for this moment as I hear clap and hear you scream, just for this moment\nI feel alright\n\nMy pain shall be your pleasure, my torment and tragedy\n\nI'm not loving you, way I wanted to\nSee I had to go, see I had to move\nNo more wasting time, you can't wait for life\nWe're just racing time, where's the finish line?\nWhere\u2019s the finish line?\nAre we at the finish line?\nRunning for the finish line\nRunning for the finish line\nAre we at the finish line?\nAre we at the finish line?\nAre we at the finish line?\nAre we at the finish line?\nYou run for the finish line\nYou run for the finish line\nI\u2019m not ready to fi-finish life\nBut I\u2019m on the finish line\nSo I run from the finish line\nI run from the finish line\n\u2018Cause I\u2019m not ready to finish life\nI gotta run from the finish life\n\nSo keep your love lockdown, so keep your love\nYou keep your love\nWe\u2019re low\u2026\n\nNot loving you, way I wanted to\nWhat I had to do, had to run from you\nI'm in love with you, but the vibe is wrong\nAnd that haunted me, all the way home\nSo you never know, never never know\nNever know enough, 'til it's over love\n'Til we lose control, system overload\nScreaming, \"No, no, no, no, no, noo\nI'm not loving you, way I wanted to\nWhat I had to do, had to run from you\nSo I keep it low, keep a secret cold\nSo everybody else don\u2019t have to know\n\nSo keep your love lockdown\nYou keep your love lockdown [3x]\n\nSo keep your love lockdown [3x]\nYou keep your love lockdown and you lose\n\nIs anybody in the house right now that\u2019s in love right now?\nYou gotta keep your love locked down, you gotta keep your love\nPromise me, promise me, promise me, promise me\nPlease, please, promise me\nPlease, promise me, please\nThat you will keep your love lockdown\nJust try to keep your love lockdown\n\nYou don\u2019t want to make the music\nI\u2019m forced to make right now\nI know it sounds good and all\nBut I would rather have my love lockdown\nThat number one hit don\u2019t mean shit\nIf it\u2019s nobody to celebrate with\nTo celebrate with, to levitate with\n\nYou gotta keep your love lockdown, your love lockdown\nYour love lockdown, your love lockdown\nNow keep your love lockdown, your love lockdown\nYou lose", "image": "https://images.genius.com/3c0aee76b72a24d6c01e44a72adb029c.1000x871x1.jpg"}], "artist": "Kanye West"}