{"songs": [{"title": "Ever Since", "album": null, "year": null, "lyrics": "Yo, I'mma rise to the top cause it ain't in me to fail\nOr die bustin' at the cops before they send me to jail\nThe same nigga ya serve with won't even send you the bail\nAnd sail with some niggas tryin' to send me to hell\nSo whether\nRap or crack\nBeats or streets\nThis summer I'm rockin' ice to beat the heat\nNow I'm gonna cop a Benz 6 and tell 'em \"Keep the Jeep\nKeep the receipt, keep the change, keep the game.\"\nAs long as I keep the fame and keep my name\nKanye to the\nMotherfuckin' West\nShe said, \"You from The Outfit?\"\nI told her, \"Motherfuckin' yes.\"\nSo every time I spit, it's got to be fresh\nSo whether freestyle or written\nWhat's the point of rhyme?\nI'd rather hear somethin' bitten, as long as it's hittin'\nWack niggas grab my tracks, just get to shittin'\nMy niggas grab they gats, just get to spittin'\nFaggot niggas be like, \"Uh huh, no he didn't.\"\nBut I did\nEver since I hooked with Syndicate\nAnd shit\nI've been blazin' niggas ever since\nYa heard me?\nBlazin' niggas ever since", "image": "https://images.genius.com/3a5e35c68e9ed7bf9a2a63bfa51b261e.675x675x1.jpg"}], "artist": "Kanye West"}