{"songs": [{"title": "Kanye vs. Paparazzi: \"Don't Talk\"", "album": "Kanye West's Visionary Streams of Consciousness", "year": "2013-06-12", "lyrics": "Don't talk\nI appreciate it\nI appreciate 'at\nBut don't talk\nYou\nI know\nI don't want\n\nThat's fine\nBut don't talk\nTo me\nI don't want to hear paparazzi talk to me\nOr anybody I know\nIt doesn't [matter]\nNo no\nBut don't talk\nTo me\nAt all\nAnd don't talk to anyone I know\nAt all\nAnd tell everybody never talk\nTo anyone\nThat anyone knows.\nDon't talk to themselves\nDon't talk ever again\n\nYo, I said don't\nI said don't talk!", "image": "https://images.genius.com/9fa6626ebb7cecda3ba692c1c80f52bf.1000x664x1.jpg"}], "artist": "Kanye West"}