{"songs": [{"title": "To the World", "album": "Kanye West Presents Good Music Cruel Summer", "year": "2012-09-14", "lyrics": "[Intro: R. Kelly]\nLet me see you put your middle fingers up\nTo the world, I made up in my mind (ohhhh)\nI'm doin' things my way, I'm burnin' shit down tonight\nI'm doin' things my way (ohhhh)\nIt's my way or the highway, let me say it one more time\nMiddle fingers up to the world, to the world\nTo the wor-or-or-or-or-or-or-or-or-or-or-orld\nTo the world, to the world\nTo the wor-or-or-or-or-or-or-or-or-or-or-orld\nLet me see you put your middle fingers up!\nMiddle fingers up!\n\n[Verse 1: R. Kelly]\n(Motherfucker) Deuces minus one\nMiddle finger to the sky tonight (Ay, ay, ay)\nThe whole world is a couch\nBitch I'm Rick James tonight (I don't give a fuck)\nThrow it up (ay) throw it up (ay) cause you can't take it with you\nFunny how they wait 'til you gone just to miss you\nTo the world (ay) to the world (ay) then I'm on my Sinatra\nI'm doing it my way, let's take it a notch up\nTake it u-u-u-up\n\n[Hook: R. Kelly]\nLet me see you put your middle fingers up!\nTo the world, I made up in my mind (ohhhh)\nDoing things my way, I'm burning shit down tonight\nI'm doing things my way (ohhhh)\nIt's my way or the highway, let me say it one more time\nMiddle fingers up to the world, to the world\nTo the wor-or-or-or-or-or-or-or-or-or-or-orld\n\n[Verse 2: Kanye West]\nMmm ain't this some shit? Pulled up in the A-V-entador\nAnd the doors, raise up, like praise the Lord\nDid the fashion show, and a tour, and a movie, and a score\nThis a ghetto opera, Francis Foreign Car Coppola\nI need a new crib to hold my plaques, Rick Ross had told me that\nSaid I'd be all up in Goldman Sachs\nLike, these niggas tryna hold me back\nThese niggas tryna hold me back, I'm just tryna protect my stacks\nMitt Romney don't pay no tax, Mitt Romney don't pay no tax\nChi-Town 'til I'm on my back, Chi-Town 'til I'm on my back\nOnly nigga in Beverly Hills, where the hell is Axel Foley at?\n\"Ease up there, baby boy\": Ving Rhames told Jody that\nR. Kelly and the God of rap, shitting on you, holy crap\n\n[Hook: R. Kelly]\nLet me see you put your middle fingers up!\nTo the world, to the world\nTo the wor-or-or-or-or-or-or-or-or-or-or-orld\nTo the world, to the world\nTo the wor-or-or-or-or-or-or-or-or-or-or-orld\nLet me see you put your middle fingers up!\n\n[Outro: Teyana Taylor]\nI could give it all up, but it's not enough\nAy ay, here you go, my middle finger\nTo the world, to the world, from the ground to the moon\nHills to the mountains, yeah, hands to the roof\nGive it up, give it up, won't let you deny me\nMakin' you love me, makin' you love me", "image": "https://images.genius.com/8a79002727bdfaa640f2440d14e3353f.1000x1000x1.jpg"}], "artist": "Kanye West"}