{"songs": [{"title": "Only One", "album": null, "year": "2014-12-31", "lyrics": "[Produced by Mike Dean & Paul McCartney]\n[Video by Spike Jonze]\n\n[Verse 1]\nAs I lay me down to sleep\nI hear her speak to me\nHello 'Mari, how ya doin'?\nI think the storm ran out of rain, the clouds are movin'\nI know you're happy, cause I can see it\nSo tell the voice inside ya head to believe it\nI talked to God about you, he said he sent you an angel\nAnd look at all that he gave you\nYou asked for one and you got two\nYou know I never left you\nCause every road that leads to heaven's right inside you\nSo I can say\n\n[Chorus]\nHello, my only one, just like the mornin' sun\nYou'll keep on risin' 'til the sky knows your name\nHello my only one, remember who you are\nNo you're not perfect but you're not your mistakes\n\n[Verse 2]\nHey, hey, hey, hey\nOh, the good outweighs the bad even on your worst day\nRemember how I'd say\nHey hey one day, you'll be the man you always knew you could be\nAnd if you knew how proud I was\nYou'd never shed a tear, have a fear, no you wouldn't do that\nAnd though I didn't pick the day to turn the page\nI know it's not the end every time I see her face, and I hear you say\n\n[Chorus]\nHello my only one, remember who you are\nYou got the world cause you got love in your hands\nAnd you're still my chosen one\nSo can you understand? One day you'll understand\n\n[Bridge]\nSo hear me out, hear me out\nI won't go, I won't go\nNo goodbyes, no goodbyes\nJust hello, just hello\nAnd when you cry, I will cry\nAnd when you smile, I will smile\nAnd next time when I look in your eyes\nWe'll have wings and we'll fly\n\n[Chorus]\nHello my only one,  just like the mornin' sun\nYou'll keep on risin' 'til the sky knows your name\nAnd you're still my chosen one, remember who you are\nNo you're not perfect but you're not your mistakes\n\n[Outro]\nHey, hey, hey, hey\nTell Nori about me, tell Nori ab-\nI just want you to do me a favor\nTell Nori about me, tell Nori about me\nTell Nori about me, tell Nori about me\nTell Nori about me, tell Nori about me\nTell Nori about me, tell Nori about me\nTell Nori about me...", "image": "https://images.genius.com/51a618d24345c0b108e0ad52073178a3.1000x1000x1.jpg"}], "artist": "Kanye West"}