{"songs": [{"title": "Guilt Trip", "album": "Yeezus", "year": "2013-06-18", "lyrics": "[Produced by Kanye West, Mike Dean, S1, Travis Scott, and Ackeejuice Rockers]\n\n[Intro: Kanye West]\nI need to call it off\nI need to, I need to make it known\n'nother one, something gone\nCapricorn\nDancing out on the lawn\nFancy like the things she likes\nShe lives her life\nI'm living mine\n\n[Hook: Popcaan]\nAll dem a gwaan dem a dem a dem a gwaan\nDem a gwaan gwaan gwaan, sof-sof-softer sof-softer\nAll dem a gwaan dem a dem a dem a gwaan\nDem a gwaan gwaan gwaan, softer than clay\n\n[Verse: Kanye West]\nMaybe it's 'cause she into Leos and I was into trios\nPlus all the trips to Rio couldn't have helped\nIt's gettin' cold, better bring your ski clothes\nPeekin' through the keyhole, the door locked by myself\nAnd I'm feelin' it right now\n'Cause it's the time when my heart got shot down\nBlocka, blocka, blocka-blocka, blocka\nPour a little champagne, cranberry vodka\nFeelin' lied to like parents never said you adopted\nYour feelings like Zulu, then nothing is a Shaka\nI hit her with Jamaican dick, I'm the new Shabba\nShe lookin' for her daddy, call me Big Poppa\nOn to the next saga\nFocus on the future and let the crew knock her\nStar Wars fur, yeah, I'm rockin' Chewbacca\nThe one Chief Rocka, number-one Chief Rocka\n\n[Hook: Popcaan]\nAll dem a gwaan dem a dem a dem a gwaan\nDem a gwaan gwaan gwaan, sof-sof-softer sof-softer\nAll dem a gwaan dem a dem a dem a gwaan\nDem a gwaan gwaan gwaan, softer than clay\n\n[Bridge: Popcaan]\nNone ah dem have the guts to rise it and spray\nNone ah dem have the guts to bust the SK\n\n[Interlude: Kid Cudi]\nOhh, ohh, ohh\nIf you love me so much then why'd you let me go?\nIf you love me so much then why'd you let me go?\nIf you love me so much then why'd you let me go?\nLet me go, let me go, let me go, let me go\nIf you love me so much then why'd you let me go?\nLet me go, let me go\n\n[Hook: Popcaan]\nAll dem a gwaan dem a dem a dem a gwaan\nDem a gwaan gwaan gwaan, sof-sof-softer sof-softer\nAll dem a gwaan dem a dem a dem a gwaan\nDem a gwaan gwaan gwaan, softer than clay\n\n[Bridge: Popcaan]\nNone ah dem have the guts to rise it and spray\nNone ah dem have the guts to bust the SK", "image": "https://images.genius.com/8bf8ad4e7bcd4e2d9f1d33b1bb53fe3a.1000x1000x1.jpg"}], "artist": "Kanye West"}