{"songs": [{"title": "New Slaves--Annotation Project", "album": null, "year": null, "lyrics": "My momma was raised in the era when\nClean water was only served to the fairer skin\nDoing clothes you would have thought I had help\nBut they wasn't satisfied unless I picked the cotton myself\nYou see it's broke nigga racism\nThat's that \"Don't touch anything in the store\"\nAnd this rich nigga racism\nThat's that \"Come in, please buy more\nWhat you want, a Bentley? Fur coat? A diamond chain?\nAll you blacks want all the same things\"\nUsed to only be niggas now everybody playing\nSpending everything on Alexander Wang\nNew Slaves\n\nYou see there's leaders and there's followers\nBut I'd rather be a dick than a swallower\n\nYou see there's leaders and there's followers\nBut I'd rather be a dick than a swallower\n\nI throw these Maybach keys\nI wear my heart on the sleeve\nI know that we the new slaves\nI see the blood on the leaves\nI see the blood on the leaves\nI see the blood on the leaves\nI know that we the new slaves\nI see the blood on the leaves\nThey throwing hate at me\nWant me to stay at ease\nFuck you and your corporation\nY'all niggas can't control me\nI know that we the new slaves\nI know that we the new slaves\nI'm 'bout to wild the fuck out\nI'm going Bobby Boucher\nI know that pussy ain't free\nYou niggas pussy, ain't me\nY'all throwing contracts at me\nYou know that niggas can't read\nThrow 'em some Maybach keys\nFuck it, c'est la vie\nI know that we the new slaves\nY'all niggas can't fuck with me\nY'all niggas can't fuck with Ye\nY'all niggas can't fuck with Ye\nI'll move my family out the country\nSo you can't see where I stay\nSo go and grab the reporters\nSo I can smash their recorders\nSee they'll confuse us with some bullshit\nLike the New World Order\nMeanwhile the DEA\nTeamed up with the CCA\nThey tryna lock niggas up\nThey tryna make new slaves\nSee that's that privately owned prisons\nGet your piece today\nThey prolly all in the Hamptons\nBraggin' 'bout what they made\nFuck you and your Hampton house\nI'll fuck your Hampton spouse\nCame on her Hampton blouse\nAnd in her Hampton mouth\nY'all 'bout to turn shit up\nI'm 'bout to tear shit down\nI'm 'bout to air shit out\nNow what the fuck they gon' say now?", "image": "https://images.genius.com/3a5e35c68e9ed7bf9a2a63bfa51b261e.675x675x1.jpg"}], "artist": "Kanye West"}