{"songs": [{"title": "Remove Worry [April 29, 2018]", "album": null, "year": "2018-04-29", "lyrics": "Remove worry\n\nWe can shape our future. I'm an optimist at my core. I know there will be harmony\n\nenergy is contagious\n\nArt is the threat to authority\n\nArt is the escape hatch from oppression\n\nwhat makes kids so important to learn from psychologically is that they are not afraid to fail\n\nWhat would you do today if you are not afraid of the consequences of failure?\n\nWe\u2019re all kids\n\nor at least we're dying to be kids\n\nOr we\u2019re dying because we've lost our inner child\n\nwe're dying to be ourselves\n\nwe\u2019re in this so-called information age but we're starving for wisdom\n\nwe're being starved and anyone who starts asking unpopular questions gets demonized. Only free thinkers can change the world\n\nThere's a silent majority of people that have been silenced for too long", "image": "https://images.genius.com/3a5e35c68e9ed7bf9a2a63bfa51b261e.675x675x1.jpg"}], "artist": "Kanye West"}